entity_id,team_id,name,short_name,row_id,team_abbreviation,seconds_played,games_played,minutes,plus_minus,off_poss,def_poss,penalty_off_poss,penalty_def_poss,second_chance_off_poss,total_poss,at_rim_fgm,at_rim_fga,second_chance_at_rim_fgm,second_chance_at_rim_fga,penalty_at_rim_fgm,penalty_at_rim_fga,short_mid_range_fgm,short_mid_range_fga,long_mid_range_fgm,long_mid_range_fga,corner3_fgm,corner3_fga,second_chance_corner3_fgm,second_chance_corner3_fga,penalty_corner3_fgm,penalty_corner3_fga,arc3_fgm,arc3_fga,second_chance_arc3_fgm,second_chance_arc3_fga,penalty_arc3_fgm,penalty_arc3_fga,fg2_m,fg2_a,fg3_m,fg3_a,ft_points,points,opponent_points,second_chance_fg2_m,second_chance_fg2_a,second_chance_fg3_m,second_chance_fg3_a,second_chance_ft_points,second_chance_points,penalty_fg2_m,penalty_fg2_a,penalty_fg3_m,penalty_fg3_a,penalty_ft_points,penalty_points,pts_assisted2s,pts_unassisted2s,pts_assisted3s,pts_unassisted3s,pts_putbacks,non_heave_arc3_fga,non_heave_arc3_fgm,fg2a_blocked,fg3a_blocked,two_pt_assists,three_pt_assists,assists,arc3_assists,corner3_assists,at_rim_assists,short_mid_range_assists,long_mid_range_assists,assist_points,off_three_pt_rebounds,off_two_pt_rebounds,ftoff_rebounds,def_three_pt_rebounds,def_two_pt_rebounds,ftdef_rebounds,def_rebounds,off_rebounds,rebounds,self_oreb,steals,bad_pass_steals,lost_ball_steals,live_ball_turnovers,bad_pass_out_of_bounds_turnovers,bad_pass_turnovers,dead_ball_turnovers,lost_ball_out_of_bounds_turnovers,lost_ball_turnovers,step_out_of_bounds_turnovers,travels,turnovers,second_chance_turnovers,penalty_turnovers,shooting_fouls,fouls,charge_fouls,loose_ball_fouls,offensive_fouls,fouls_drawn,charge_fouls_drawn,loose_ball_fouls_drawn,offensive_fouls_drawn,fta,2pt_and_1_free_throw_trips,technical_free_throw_trips,two_pt_shooting_fouls_drawn,three_pt_shooting_fouls_drawn,non_shooting_fouls_drawn,blocked2s,blocked3s,blocked_arc3,blocked_at_rim,blocked_corner3,blocked_short_mid_range,blocks,recovered_blocks,defensive_3_seconds_violations,first_chance_points,penalty_points_excluding_take_fouls,penalty_off_poss_excluding_take_fouls,non_shooting_penalty_non_take_fouls,non_shooting_penalty_non_take_fouls_drawn,period1_fouls2_minutes,period2_fouls2_minutes,period2_fouls3_minutes,period3_fouls3_minutes,period3_fouls4_minutes,period4_fouls4_minutes,period4_fouls5_minutes,period_otfouls4_minutes,on_off_rtg,on_def_rtg,assisted2s_pct,non_putbacks_assisted2s_pct,assisted3s_pct,fg3_pct,second_chance_fg3_pct,penalty_fg3_pct,non_heave_fg3_pct,fg2_pct,second_chance_fg2_pct,penalty_fg2_pct,efg_pct,second_chance_efg_pct,penalty_efg_pct,ts_pct,second_chance_ts_pct,penalty_ts_pct,fg3_apct,fg3_apct_blocked,fg2_apct_blocked,at_rim_pct_blocked,short_mid_range_pct_blocked,arc3_pct_blocked,usage,live_ball_turnover_pct,def_ftrebound_pct,off_ftrebound_pct,def_two_pt_rebound_pct,off_two_pt_rebound_pct,def_three_pt_rebound_pct,off_three_pt_rebound_pct,def_fgrebound_pct,off_fgrebound_pct,off_at_rim_rebound_pct,off_short_mid_range_rebound_pct,off_arc3_rebound_pct,off_corner3_rebound_pct,def_at_rim_rebound_pct,def_short_mid_range_rebound_pct,def_long_mid_range_rebound_pct,def_arc3_rebound_pct,def_corner3_rebound_pct,self_oreb_pct,blocks_recovered_pct,at_rim_frequency,at_rim_accuracy,unblocked_at_rim_accuracy,at_rim_pct_assisted,short_mid_range_frequency,short_mid_range_accuracy,unblocked_short_mid_range_accuracy,short_mid_range_pct_assisted,long_mid_range_frequency,long_mid_range_accuracy,unblocked_long_mid_range_accuracy,long_mid_range_pct_assisted,corner3_frequency,corner3_accuracy,unblocked_corner3_accuracy,corner3_pct_assisted,arc3_frequency,arc3_accuracy,unblocked_arc3_accuracy,arc3_pct_assisted,second_chance_at_rim_frequency,second_chance_at_rim_accuracy,second_chance_at_rim_pct_assisted,second_chance_corner3_frequency,second_chance_corner3_accuracy,second_chance_corner3_pct_assisted,second_chance_arc3_frequency,second_chance_arc3_accuracy,second_chance_arc3_pct_assisted,penalty_at_rim_frequency,penalty_at_rim_accuracy,penalty_corner3_frequency,penalty_corner3_accuracy,penalty_arc3_frequency,penalty_arc3_accuracy,at_rim_fg3_afrequency,non_heave_arc3_accuracy,shotquality_pbp_avg,shotquality_pbp_second_chance_avg,shotquality_pbp_penalty_avg,shooting_fouls_drawn_pct,two_pt_shooting_fouls_drawn_pct,three_pt_shooting_fouls_drawn_pct,second_chance_points_pct,penalty_points_pct,avg2pt_shot_distance,avg3pt_shot_distance,at_rim_off_rebounded_pct,short_mid_range_off_rebounded_pct,long_mid_range_off_rebounded_pct,three_pt_off_rebounded_pct,penalty_off_poss_pct,dataset,league,season,season_type,source_endpoint,source_params_json,run_id,fetched_at_utc,row_content_hash,3pt_and_1_free_throw_trips,long_mid_range_pct_blocked,off_long_mid_range_rebound_pct,blocked_long_mid_range,period_otfouls5_minutes,corner3_pct_blocked,clear_path_fouls,period3_fouls5_minutes,offensive_goaltends,period1_fouls3_minutes,period2_fouls4_minutes,source_response_keys,single_row_table_data_json,player_id_clean,player_name_clean,dataset_clean,_cleaned_at_utc,_clean_run_id,_row_content_hash
1631009,1611661330,Rhyne Howard,Rhyne Howard,1631009,ATL,83997.7,41,1400,220,2817,2834,655.0,624.0,430.0,5651,53.0,84.0,8.0,11.0,9.0,15.0,47.0,98.0,7.0,41.0,15.0,34.0,2.0,3.0,3.0,7.0,117.0,330.0,10.0,37.0,24.0,85.0,107.0,223.0,132.0,364.0,129.0,739.0,2953,14.0,29.0,12.0,40.0,13.0,77.0,22.0,41.0,27.0,92.0,52.0,177.0,64.0,150.0,336.0,60.0,6.0,330.0,117.0,7.0,3.0,104.0,49.0,153.0,37.0,12.0,81.0,21.0,2.0,355.0,14.0,12.0,3.0,64.0,60.0,2.0,126.0,29.0,155.0,7.0,96.0,68.0,28.0,33.0,7.0,19.0,23.0,2.0,14.0,2.0,4.0,56.0,6.0,11.0,60.0,117.0,1.0,7.0,6.0,106.0,1.0,4.0,13.0,148.0,18.0,22.0,59.0,2.0,7.0,33.0,4.0,3.0,21.0,1.0,12.0,37.0,20.0,1.0,662.0,177.0,647.0,8.0,6.0,8.0,47.0,25.0,79.0,13.0,56.0,24.0,4.0,112.637557685481,104.19901199717714,0.29906542056074764,0.3076923076923077,0.8484848484848485,0.3626373626373626,0.3,0.29347826086956524,0.3626373626373626,0.4798206278026906,0.4827586206896552,0.5365853658536586,0.5195911413969335,0.463768115942029,0.4699248120300752,0.5667189952904239,0.5133333333333333,0.5592105263157895,0.6201022146507666,0.008241758241758242,0.03139013452914798,0.047619047619047616,0.030612244897959183,0.00909090909090909,20.70616397366846,0.5892857142857143,0.02631578947368421,0.029411764705882353,0.08915304606240713,0.016216216216216217,0.12955465587044535,0.02147239263803681,0.1062553556126821,0.01867816091954023,0.02077922077922078,0.013559322033898305,0.024208566108007448,0.008695652173913044,0.1033210332103321,0.07665505226480836,0.08695652173913043,0.11979166666666667,0.16363636363636364,0.021341463414634148,0.5405405405405406,0.14310051107325383,0.6309523809523809,0.6625,0.2830188679245283,0.16695059625212946,0.47959183673469385,0.49473684210526314,0.2765957446808511,0.06984667802385008,0.17073170731707318,0.17073170731707318,0.5714285714285714,0.05792163543441227,0.4411764705882353,0.4411764705882353,0.8666666666666667,0.5621805792163543,0.35454545454545455,0.3577981651376147,0.8461538461538461,0.15942028985507245,0.7272727272727273,0.25,0.043478260869565216,0.6666666666666666,0.5,0.5362318840579711,0.2702702702702703,0.8,0.11278195488721804,0.6,0.05263157894736842,0.42857142857142855,0.6390977443609023,0.2823529411764706,0.7632027257240205,0.35454545454545455,0.49816660899653975,0.5034811320754717,0.4503124,0.09682539682539683,0.22348484848484848,0.00546448087431694,0.10419485791610285,0.2395128552097429,7.807174887892376,25.412637362637366,0.4838709677419355,0.35294117647058826,0.21875,0.30493273542600896,0.23251686190983314,player_totals,wnba,2026,Regular Season,/get-totals/wnba,"{""Season"": ""2026"", ""SeasonType"": ""Regular Season"", ""Type"": ""Player""}",20260921T185714Z,2026-09-21T18:57:18+00:00,114e4d1ddbd41c7243ece29df403441ae10218df3c8a0467e2b683ea6e322a94,,,,,,,,,,,,"[""single_row_table_data"", ""multi_row_table_data""]",{},1631009,Rhyne Howard,player_totals,2026-09-21T18:57:21+00:00,20260921T185714Z,699122094fb17f7ac666f1ab427fa70180ef24fc9c9d3500aab3f8bc34d96b54
1628909,1611661325,Kelsey Mitchell,Kelsey Mitchell,1628909,IND,82902.70000000001,42,1382,276,2825,2841,837.0,761.0,338.0,5666,143.0,231.0,13.0,22.0,42.0,68.0,53.0,93.0,45.0,112.0,14.0,38.0,2.0,5.0,3.0,12.0,117.0,249.0,11.0,34.0,32.0,71.0,241.0,436.0,131.0,287.0,181.0,1056.0,3105,21.0,40.0,13.0,39.0,13.0,94.0,69.0,123.0,35.0,83.0,72.0,315.0,274.0,208.0,252.0,141.0,4.0,249.0,117.0,31.0,1.0,67.0,49.0,116.0,36.0,13.0,41.0,22.0,4.0,281.0,10.0,11.0,,14.0,32.0,3.0,49.0,21.0,70.0,12.0,45.0,28.0,17.0,39.0,9.0,20.0,33.0,8.0,19.0,1.0,,72.0,3.0,22.0,41.0,101.0,2.0,4.0,9.0,184.0,,5.0,19.0,214.0,20.0,8.0,78.0,9.0,21.0,5.0,,,3.0,,2.0,5.0,5.0,1.0,962.0,313.0,828.0,10.0,20.0,,36.0,1.0,39.0,,23.0,6.0,5.0,119.68141592920354,109.29250263991553,0.5684647302904564,0.5732217573221757,0.6412213740458015,0.4564459930313589,0.3333333333333333,0.42168674698795183,0.4564459930313589,0.5527522935779816,0.525,0.5609756097560976,0.6051175656984785,0.5126582278481012,0.5898058252427184,0.6483312731767614,0.5465116279069767,0.6382113821138211,0.3969571230982019,0.003484320557491289,0.07110091743119266,0.09523809523809523,0.07526881720430108,0.004016064257028112,27.419856831621534,0.5416666666666666,0.033707865168539325,,0.04113110539845758,0.016591251885369532,0.028455284552845527,0.018796992481203006,0.03622047244094488,0.017573221757322177,0.014705882352941176,0.007722007722007722,0.018475750577367205,0.020202020202020204,0.049689440993788817,0.03582089552238806,0.03305785123966942,0.032432432432432434,0.01639344262295082,0.0380952380952381,1.0,0.31950207468879666,0.6190476190476191,0.6842105263157895,0.6293706293706294,0.12863070539419086,0.5698924731182796,0.6162790697674418,0.4716981132075472,0.15491009681881052,0.4017857142857143,0.4090909090909091,0.4888888888888889,0.05255878284923928,0.3684210526315789,0.3684210526315789,0.7142857142857143,0.34439834024896265,0.46987951807228917,0.4717741935483871,0.6324786324786325,0.27848101265822783,0.5909090909090909,0.7692307692307693,0.06329113924050633,0.4,0.5,0.43037974683544306,0.3235294117647059,0.7272727272727273,0.3300970873786408,0.6176470588235294,0.05825242718446602,0.25,0.3446601941747573,0.4507042253521127,0.7164591977869986,0.46987951807228917,0.5193240663900415,0.5277122807017544,0.5071398058252427,0.10814249363867684,0.15789473684210525,0.023972602739726026,0.08901515151515152,0.29829545454545453,7.399770642201835,25.078048780487805,0.2988505747126437,0.225,0.36923076923076925,0.2727272727272727,0.29628318584070795,player_totals,wnba,2026,Regular Season,/get-totals/wnba,"{""Season"": ""2026"", ""SeasonType"": ""Regular Season"", ""Type"": ""Player""}",20260921T185714Z,2026-09-21T18:57:18+00:00,82c010a11608cd00f10356daa74f17b37860dee6138bc58c12f344327741a78b,2.0,0.017857142857142856,0.03787878787878788,,,,,,,,,"[""single_row_table_data"", ""multi_row_table_data""]",{},1628909,Kelsey Mitchell,player_totals,2026-09-21T18:57:21+00:00,20260921T185714Z,ded51cff4d93a5be367c6bf4e636988a2b619c8eaeb2fa541e1d8c42fa9cb6e4
203825,1611661324,Kayla McBride,Kayla McBride,203825,MIN,82219.9,42,1370,268,2732,2766,497.0,582.0,342.0,5498,71.0,108.0,11.0,14.0,11.0,18.0,34.0,88.0,20.0,48.0,28.0,69.0,2.0,6.0,6.0,13.0,92.0,224.0,12.0,26.0,15.0,34.0,125.0,244.0,120.0,293.0,143.0,753.0,2914,18.0,31.0,14.0,32.0,13.0,91.0,20.0,45.0,21.0,47.0,35.0,138.0,184.0,66.0,348.0,12.0,12.0,224.0,92.0,7.0,3.0,66.0,27.0,93.0,17.0,10.0,37.0,26.0,3.0,213.0,6.0,18.0,1.0,58.0,40.0,7.0,105.0,25.0,130.0,12.0,71.0,51.0,20.0,35.0,8.0,25.0,19.0,1.0,10.0,2.0,,54.0,6.0,15.0,21.0,80.0,1.0,2.0,6.0,127.0,2.0,1.0,16.0,155.0,12.0,10.0,43.0,15.0,11.0,10.0,,,6.0,,3.0,10.0,6.0,,662.0,129.0,483.0,14.0,6.0,,21.0,,15.0,,7.0,,,116.4714494875549,105.35068691250903,0.736,0.773109243697479,0.9666666666666667,0.40955631399317405,0.4375,0.44680851063829785,0.40955631399317405,0.5122950819672131,0.5806451612903226,0.4444444444444444,0.5679702048417132,0.6190476190476191,0.5597826086956522,0.6264755480607083,0.664179104477612,0.6330275229357798,0.5456238361266295,0.010238907849829351,0.028688524590163935,0.046296296296296294,0.022727272727272728,0.013392857142857142,20.684143222506393,0.6481481481481481,0.11864406779661017,0.019230769230769232,0.05856515373352855,0.023778071334214,0.0943089430894309,0.012320328542094456,0.07550077041602465,0.01929260450160772,0.03296703296703297,0.026119402985074626,0.010638297872340425,0.018018018018018018,0.04044117647058824,0.05825242718446602,0.10784313725490197,0.08823529411764706,0.11510791366906475,0.04285714285714286,0.6,0.2011173184357542,0.6574074074074074,0.6893203883495146,0.7605633802816901,0.16387337057728119,0.38636363636363635,0.3953488372093023,0.6470588235294118,0.0893854748603352,0.4166666666666667,0.4166666666666667,0.8,0.12849162011173185,0.4057971014492754,0.4057971014492754,1.0,0.4171322160148976,0.4107142857142857,0.416289592760181,0.9565217391304348,0.2222222222222222,0.7857142857142857,0.45454545454545453,0.09523809523809523,0.3333333333333333,1.0,0.4126984126984127,0.46153846153846156,1.0,0.1956521739130435,0.6111111111111112,0.14130434782608695,0.46153846153846156,0.3695652173913043,0.4411764705882353,0.7467411545623837,0.4107142857142857,0.521363619402985,0.5424325581395348,0.5005472527472528,0.09655172413793103,0.15636363636363637,0.04262295081967213,0.12084993359893759,0.18326693227091634,7.4151639344262295,24.456996587030716,0.43243243243243246,0.46296296296296297,0.21428571428571427,0.3176470588235294,0.18191800878477307,player_totals,wnba,2026,Regular Season,/get-totals/wnba,"{""Season"": ""2026"", ""SeasonType"": ""Regular Season"", ""Type"": ""Player""}",20260921T185714Z,2026-09-21T18:57:18+00:00,7709eb4d393778f80050a78804e781a8dc9b19c8e82b52f430fab579a24412b3,1.0,,0.009259259259259259,1.0,,,,,,,,"[""single_row_table_data"", ""multi_row_table_data""]",{},203825,Kayla McBride,player_totals,2026-09-21T18:57:21+00:00,20260921T185714Z,4ae58baf0c6f7b658024f45f0ae9442528b38608ed6e2a27a511f1fc6a473d09
1628277,1611661330,Allisha Gray,Allisha Gray,1628277,ATL,82121.20000000001,42,1369,311,2760,2762,705.0,635.0,424.0,5522,133.0,197.0,15.0,20.0,31.0,45.0,51.0,138.0,6.0,16.0,8.0,36.0,,5.0,4.0,10.0,69.0,194.0,9.0,32.0,11.0,39.0,190.0,351.0,77.0,230.0,188.0,799.0,2851,22.0,32.0,9.0,37.0,26.0,97.0,40.0,73.0,15.0,49.0,72.0,197.0,262.0,118.0,222.0,9.0,4.0,194.0,69.0,25.0,,70.0,41.0,111.0,27.0,14.0,59.0,10.0,1.0,263.0,11.0,14.0,4.0,49.0,56.0,11.0,116.0,29.0,145.0,9.0,55.0,46.0,9.0,37.0,9.0,18.0,27.0,1.0,19.0,1.0,4.0,64.0,5.0,17.0,57.0,119.0,3.0,1.0,8.0,207.0,6.0,10.0,26.0,234.0,29.0,4.0,100.0,10.0,16.0,12.0,3.0,2.0,10.0,1.0,2.0,15.0,2.0,,702.0,193.0,697.0,8.0,12.0,2.0,84.0,,53.0,11.0,85.0,2.0,1.0,114.56521739130434,103.22230267921796,0.6894736842105263,0.6968085106382979,0.961038961038961,0.3347826086956522,0.24324324324324326,0.30612244897959184,0.3347826086956522,0.5413105413105413,0.6875,0.547945205479452,0.5258175559380379,0.5144927536231884,0.5122950819672131,0.5880177514792899,0.5914634146341463,0.6242038216560509,0.3958691910499139,,0.07122507122507123,0.07106598984771574,0.07971014492753623,,22.5678560536749,0.578125,0.12941176470588237,0.038834951456310676,0.08421052631578947,0.018995929443690638,0.09839357429718876,0.0180623973727422,0.09028374892519346,0.018573551263001486,0.010362694300518135,0.030508474576271188,0.012121212121212121,0.043859649122807015,0.07011070110701106,0.07017543859649122,0.1559633027522936,0.09948979591836735,0.09433962264150944,0.03146853146853147,0.13333333333333333,0.33907056798623064,0.6751269035532995,0.726775956284153,0.7142857142857143,0.23752151462994836,0.3695652173913043,0.4015748031496063,0.5882352941176471,0.027538726333907058,0.375,0.375,1.0,0.06196213425129088,0.2222222222222222,0.2222222222222222,1.0,0.33390705679862304,0.3556701030927835,0.3556701030927835,0.9565217391304348,0.2898550724637681,0.75,0.7333333333333333,0.07246376811594203,,,0.463768115942029,0.28125,1.0,0.36885245901639346,0.6888888888888889,0.08196721311475409,0.4,0.319672131147541,0.28205128205128205,0.7349397590361446,0.3556701030927835,0.5289399311531842,0.5398084905660377,0.5151393442622951,0.165402124430956,0.23696682464454977,0.0379746835443038,0.1214017521902378,0.246558197747184,5.134188034188034,24.89695652173913,0.453125,0.3023255813953488,0.3,0.2980132450331126,0.2554347826086957,player_totals,wnba,2026,Regular Season,/get-totals/wnba,"{""Season"": ""2026"", ""SeasonType"": ""Regular Season"", ""Type"": ""Player""}",20260921T185714Z,2026-09-21T18:57:18+00:00,a848f4ccf9ebee1533554a6079076383c3754e11e434e7dd183cb8b774f527d3,2.0,,0.017857142857142856,,4.0,,,,,,,"[""single_row_table_data"", ""multi_row_table_data""]",{},1628277,Allisha Gray,player_totals,2026-09-21T18:57:21+00:00,20260921T185714Z,3ce9ea984de3ffaf146a5a4b98413acc49b123a5a66446ac390084c52e09555e
1627668,1611661313,Breanna Stewart,Breanna Stewart,1627668,NYL,80814.0,41,1347,124,2677,2679,691.0,599.0,299.0,5356,123.0,190.0,13.0,29.0,30.0,47.0,122.0,280.0,13.0,23.0,8.0,29.0,1.0,4.0,1.0,2.0,23.0,92.0,2.0,12.0,4.0,24.0,258.0,493.0,31.0,121.0,239.0,848.0,2924,28.0,66.0,3.0,16.0,31.0,96.0,60.0,127.0,5.0,26.0,115.0,250.0,346.0,170.0,84.0,9.0,26.0,92.0,23.0,29.0,3.0,69.0,64.0,133.0,44.0,20.0,48.0,14.0,7.0,330.0,23.0,38.0,1.0,103.0,135.0,34.0,272.0,62.0,334.0,21.0,56.0,44.0,12.0,43.0,11.0,27.0,38.0,3.0,16.0,1.0,4.0,81.0,6.0,19.0,33.0,85.0,4.0,5.0,13.0,257.0,1.0,8.0,5.0,282.0,18.0,6.0,103.0,2.0,39.0,53.0,1.0,1.0,23.0,,30.0,54.0,26.0,,752.0,239.0,677.0,7.0,31.0,1.0,23.0,,55.0,2.0,20.0,3.0,3.0,113.85879716100112,109.1452034341172,0.6705426356589147,0.7061224489795919,0.9032258064516129,0.256198347107438,0.1875,0.19230769230769232,0.256198347107438,0.5233265720081136,0.42424242424242425,0.47244094488188976,0.495928338762215,0.39634146341463417,0.4411764705882353,0.5695945945945946,0.4947916666666667,0.5813953488372093,0.1970684039087948,0.024793388429752067,0.058823529411764705,0.05789473684210526,0.06428571428571428,0.03260869565217391,27.095709570957094,0.5308641975308642,0.4857142857142857,0.021739130434782608,0.18776077885952713,0.06473594548551959,0.18727272727272729,0.038917089678511,0.1875492513790386,0.05178268251273345,0.08247422680412371,0.0621301775147929,0.03125,0.06293706293706294,0.17777777777777778,0.17455621301775148,0.23076923076923078,0.19347319347319347,0.1652892561983471,0.07368421052631578,0.48148148148148145,0.30944625407166126,0.6473684210526316,0.6871508379888268,0.6666666666666666,0.4560260586319218,0.4357142857142857,0.46564885496183206,0.6475409836065574,0.03745928338762215,0.5652173913043478,0.5652173913043478,0.9230769230769231,0.04723127035830619,0.27586206896551724,0.27586206896551724,1.0,0.1498371335504886,0.25,0.25842696629213485,0.8695652173913043,0.35365853658536583,0.4482758620689655,0.23076923076923078,0.04878048780487805,0.25,1.0,0.14634146341463414,0.16666666666666666,1.0,0.30718954248366015,0.6382978723404256,0.013071895424836602,0.5,0.1568627450980392,0.16666666666666666,0.506514657980456,0.25,0.48745588235294113,0.4691517543859649,0.4603914473684211,0.14978601997146934,0.1782006920415225,0.016260162601626018,0.11320754716981132,0.294811320754717,6.033062880324544,24.980991735537188,0.3333333333333333,0.2564102564102564,,0.3372093023255814,0.2581247665296974,player_totals,wnba,2026,Regular Season,/get-totals/wnba,"{""Season"": ""2026"", ""SeasonType"": ""Regular Season"", ""Type"": ""Player""}",20260921T185714Z,2026-09-21T18:57:18+00:00,8e455b34c7df8a845477c425698b4a816b42186fc6d54deb084b33123f01e2fa,,,0.01818181818181818,,2.0,,,,,,,"[""single_row_table_data"", ""multi_row_table_data""]",{},1627668,Breanna Stewart,player_totals,2026-09-21T18:57:21+00:00,20260921T185714Z,24abcd616105f7801b9be8ae270814f10c5d9127caadf9d948127b6053ccaf81
203833,1611661319,Chelsea Gray,Chelsea Gray,203833,LVA,80275.70000000001,41,1338,227,2654,2675,639.0,495.0,292.0,5329,14.0,21.0,1.0,3.0,1.0,1.0,60.0,122.0,32.0,70.0,10.0,24.0,1.0,2.0,2.0,3.0,61.0,170.0,14.0,25.0,15.0,46.0,106.0,213.0,71.0,194.0,64.0,489.0,2848,7.0,17.0,15.0,27.0,3.0,62.0,27.0,52.0,17.0,49.0,29.0,134.0,54.0,158.0,186.0,27.0,2.0,170.0,61.0,9.0,1.0,201.0,73.0,274.0,54.0,19.0,96.0,83.0,22.0,621.0,4.0,6.0,,49.0,70.0,6.0,125.0,10.0,135.0,6.0,55.0,34.0,21.0,73.0,22.0,60.0,37.0,4.0,13.0,1.0,,110.0,5.0,26.0,39.0,84.0,1.0,1.0,7.0,69.0,1.0,3.0,16.0,69.0,4.0,11.0,15.0,4.0,9.0,14.0,,,4.0,,8.0,14.0,8.0,,427.0,134.0,638.0,8.0,8.0,,60.0,9.0,46.0,,20.0,5.0,2.0,115.86284853051997,106.46728971962617,0.25471698113207547,0.2571428571428571,0.8732394366197183,0.36597938144329895,0.5555555555555556,0.3469387755102041,0.36597938144329895,0.49765258215962443,0.4117647058823529,0.5192307692307693,0.5221130221130221,0.6704545454545454,0.5198019801980198,0.5545243619489559,0.6818181818181818,0.5739130434782609,0.47665847665847666,0.005154639175257732,0.04225352112676056,0.047619047619047616,0.05737704918032787,0.0058823529411764705,18.16045652903659,0.6636363636363637,0.0967741935483871,,0.09333333333333334,0.00906344410876133,0.0945945945945946,0.008456659619450317,0.09384858044164038,0.00881057268722467,,0.016216216216216217,0.01098901098901099,,0.07983193277310924,0.08651399491094147,0.14285714285714285,0.0963855421686747,0.08737864077669903,0.027649769585253458,0.5714285714285714,0.051597051597051594,0.6666666666666666,0.7,0.35714285714285715,0.29975429975429974,0.4918032786885246,0.5217391304347826,0.25,0.171990171990172,0.45714285714285713,0.463768115942029,0.21875,0.05896805896805897,0.4166666666666667,0.4166666666666667,1.0,0.4176904176904177,0.3588235294117647,0.3609467455621302,0.8524590163934426,0.06818181818181818,0.3333333333333333,,0.045454545454545456,0.5,1.0,0.5681818181818182,0.56,1.0,0.009900990099009901,1.0,0.0297029702970297,0.6666666666666666,0.45544554455445546,0.32608695652173914,0.5282555282555282,0.3588235294117647,0.46103864197530864,0.5169392857142857,0.4352868686868687,0.045023696682464455,0.06696428571428571,0.020202020202020204,0.12678936605316973,0.2740286298568507,11.070422535211268,25.625257731958765,0.14285714285714285,0.3870967741935484,0.18421052631578946,0.31092436974789917,0.24076865109269027,player_totals,wnba,2026,Regular Season,/get-totals/wnba,"{""Season"": ""2026"", ""SeasonType"": ""Regular Season"", ""Type"": ""Player""}",20260921T185714Z,2026-09-21T18:57:18+00:00,c5a5060a0b6482c461fccb3df634b62f8157940fec7f792fd7b5c977a4988d1c,,0.014285714285714285,,2.0,3.0,,,,,,,"[""single_row_table_data"", ""multi_row_table_data""]",{},203833,Chelsea Gray,player_totals,2026-09-21T18:57:21+00:00,20260921T185714Z,17659723dae01bae4713789269780091aed1e0eb46c5733037f5862bb088c4c4
203826,1611661317,Alyssa Thomas,Alyssa Thomas,203826,PHX,80063.3,40,1334,-49,2658,2681,786.0,658.0,264.0,5339,115.0,163.0,16.0,20.0,39.0,55.0,91.0,220.0,14.0,37.0,,,,,,,1.0,3.0,,,1.0,3.0,220.0,420.0,1.0,3.0,135.0,578.0,2929,26.0,44.0,,,27.0,79.0,62.0,115.0,1.0,3.0,69.0,196.0,244.0,196.0,,3.0,24.0,3.0,1.0,29.0,,189.0,148.0,337.0,106.0,42.0,100.0,59.0,30.0,822.0,21.0,44.0,1.0,93.0,125.0,26.0,244.0,66.0,310.0,7.0,55.0,33.0,22.0,69.0,37.0,48.0,72.0,4.0,21.0,,5.0,141.0,9.0,40.0,38.0,104.0,2.0,9.0,21.0,168.0,,11.0,9.0,196.0,21.0,,72.0,,37.0,17.0,2.0,2.0,7.0,,10.0,19.0,11.0,,499.0,194.0,778.0,4.0,34.0,11.0,44.0,1.0,34.0,,63.0,7.0,,108.35214446952597,109.2502797463633,0.5545454545454546,0.5865384615384616,,0.3333333333333333,,0.3333333333333333,0.3333333333333333,0.5238095238095238,0.5909090909090909,0.5391304347826087,0.5236406619385343,0.5909090909090909,0.538135593220339,0.5655577299412916,0.626984126984127,0.5833333333333334,0.0070921985815602835,,0.06904761904761905,0.06134969325153374,0.08636363636363636,,22.008113590263694,0.48936170212765956,0.3561643835616438,0.0125,0.2025931928687196,0.06842923794712286,0.1631578947368421,0.040152963671128104,0.18365627632687448,0.05574614065180103,0.05232558139534884,0.0771513353115727,0.04450261780104712,0.028368794326241134,0.2011173184357542,0.19207317073170732,0.23636363636363636,0.17558886509635974,0.10679611650485436,0.04142011834319527,0.5789473684210527,0.38534278959810875,0.7055214723926381,0.7516339869281046,0.5043478260869565,0.5200945626477541,0.41363636363636364,0.4527363184079602,0.5604395604395604,0.08747044917257683,0.3783783783783784,0.3783783783783784,0.9285714285714286,,,,,0.0070921985815602835,0.3333333333333333,0.3333333333333333,,0.45454545454545453,0.8,0.3125,,,,,,,0.4661016949152542,0.7090909090909091,,,0.025423728813559324,0.3333333333333333,0.39243498817966904,0.3333333333333333,0.4764674584323041,0.49031818181818176,0.49215258620689656,0.1518987341772152,0.15286624203821655,,0.13667820069204153,0.3391003460207612,6.382142857142857,42.4,0.2553191489361702,0.171875,0.18181818181818182,,0.29571106094808125,player_totals,wnba,2026,Regular Season,/get-totals/wnba,"{""Season"": ""2026"", ""SeasonType"": ""Regular Season"", ""Type"": ""Player""}",20260921T185714Z,2026-09-21T18:57:18+00:00,8bb791d65644ad2a97248c1b5733ba3f91dcd06f036eb65b21c7ce8e2d5f0708,,,0.06716417910447761,,,,,,,,,"[""single_row_table_data"", ""multi_row_table_data""]",{},203826,Alyssa Thomas,player_totals,2026-09-21T18:57:21+00:00,20260921T185714Z,e9b8175846e1e96ef2000b49d95937ddca550f23595e3daf6f59a1484f11e20b
1629498,1611661319,Jackie Young,Jackie Young,1629498,LVA,79324.6,41,1322,331,2635,2665,698.0,542.0,289.0,5300,64.0,87.0,9.0,12.0,12.0,19.0,96.0,176.0,27.0,63.0,10.0,21.0,,1.0,,7.0,88.0,230.0,7.0,17.0,24.0,60.0,187.0,326.0,98.0,251.0,127.0,795.0,2776,11.0,17.0,7.0,18.0,8.0,51.0,43.0,71.0,24.0,67.0,70.0,228.0,168.0,206.0,180.0,114.0,8.0,230.0,88.0,8.0,1.0,189.0,82.0,271.0,56.0,26.0,79.0,76.0,34.0,624.0,8.0,21.0,1.0,62.0,83.0,2.0,147.0,30.0,177.0,11.0,35.0,27.0,8.0,69.0,15.0,52.0,29.0,4.0,17.0,,2.0,98.0,4.0,25.0,38.0,87.0,1.0,7.0,6.0,116.0,1.0,,8.0,137.0,13.0,3.0,36.0,13.0,21.0,6.0,5.0,3.0,3.0,2.0,3.0,11.0,7.0,,744.0,226.0,697.0,12.0,19.0,3.0,52.0,,21.0,7.0,15.0,1.0,4.0,117.91271347248576,104.16510318949344,0.44919786096256686,0.45901639344262296,0.6122448979591837,0.3904382470119522,0.3888888888888889,0.3582089552238806,0.3904382470119522,0.5736196319018405,0.6470588235294118,0.6056338028169014,0.5788561525129983,0.6142857142857143,0.572463768115942,0.6283676703645008,0.6578947368421053,0.6666666666666666,0.43500866551126516,0.00398406374501992,0.024539877300613498,0.04597701149425287,0.022727272727272728,0.004347826086956522,24.578556979096426,0.7040816326530612,0.030303030303030304,0.015873015873015872,0.11261872455902307,0.031914893617021274,0.11764705882352941,0.016597510373443983,0.11471518987341772,0.02543859649122807,0.029411764705882353,0.035326086956521736,0.01837270341207349,0.009900990099009901,0.11440677966101695,0.09762532981530343,0.1557377049180328,0.11600928074245939,0.125,0.03985507246376811,0.6363636363636364,0.15077989601386482,0.735632183908046,0.7710843373493976,0.53125,0.3050259965337955,0.5454545454545454,0.5581395348837209,0.3958333333333333,0.10918544194107452,0.42857142857142855,0.42857142857142855,0.4444444444444444,0.036395147313691506,0.47619047619047616,0.47619047619047616,1.0,0.3986135181975737,0.3826086956521739,0.38427947598253276,0.5681818181818182,0.34285714285714286,0.75,0.4444444444444444,0.02857142857142857,,,0.4857142857142857,0.4117647058823529,0.7142857142857143,0.13768115942028986,0.631578947368421,0.050724637681159424,,0.43478260869565216,0.4,0.58578856152513,0.3826086956521739,0.48529520069808024,0.5428052631578947,0.46781333333333336,0.08032786885245902,0.10315186246418338,0.04980842911877394,0.06415094339622641,0.28679245283018867,8.399079754601226,25.11235059760956,0.22727272727272727,0.4177215189873418,0.2222222222222222,0.28378378378378377,0.2648956356736243,player_totals,wnba,2026,Regular Season,/get-totals/wnba,"{""Season"": ""2026"", ""SeasonType"": ""Regular Season"", ""Type"": ""Player""}",20260921T185714Z,2026-09-21T18:57:18+00:00,0fe035e8228aff054d9f0f3c2ca46206191967b805621157c79dae243eb61533,3.0,,0.025974025974025976,,1.0,,,,,,,"[""single_row_table_data"", ""multi_row_table_data""]",{},1629498,Jackie Young,player_totals,2026-09-21T18:57:21+00:00,20260921T185714Z,d99472d24e24b9e70806a4b856613388f3198eff0c3b6a502887a8c08ffdd803
1642784,1611661321,Paige Bueckers,Paige Bueckers,1642784,DAL,78761.5,40,1313,169,2594,2587,475.0,564.0,321.0,5181,53.0,69.0,12.0,13.0,10.0,15.0,123.0,218.0,63.0,142.0,3.0,15.0,1.0,2.0,,2.0,72.0,173.0,7.0,20.0,13.0,34.0,239.0,429.0,75.0,188.0,120.0,823.0,2811,29.0,45.0,8.0,22.0,9.0,91.0,43.0,81.0,13.0,36.0,54.0,179.0,210.0,268.0,168.0,57.0,6.0,173.0,72.0,12.0,1.0,143.0,90.0,233.0,68.0,22.0,70.0,46.0,27.0,556.0,20.0,5.0,1.0,63.0,69.0,6.0,138.0,26.0,164.0,2.0,37.0,28.0,9.0,61.0,14.0,35.0,27.0,4.0,26.0,,1.0,88.0,4.0,10.0,49.0,100.0,1.0,2.0,5.0,131.0,5.0,6.0,10.0,139.0,15.0,7.0,48.0,2.0,24.0,12.0,4.0,2.0,5.0,2.0,7.0,16.0,12.0,,732.0,174.0,463.0,4.0,19.0,12.0,66.0,,38.0,2.0,50.0,1.0,,114.8804934464148,108.65867800541167,0.4393305439330544,0.4449152542372881,0.7466666666666667,0.39893617021276595,0.36363636363636365,0.3611111111111111,0.39893617021276595,0.5571095571095571,0.6444444444444445,0.5308641975308642,0.5696920583468396,0.6119402985074627,0.5341880341880342,0.6053412462908012,0.6338028169014085,0.6061643835616438,0.3047001620745543,0.005319148936170213,0.027972027972027972,0.028985507246376812,0.03669724770642202,,25.69116655428186,0.6931818181818182,0.08823529411764706,0.015625,0.09596662030598054,0.007194244604316547,0.12857142857142856,0.039761431411530816,0.10918114143920596,0.020868113522537562,0.006097560975609756,0.008595988538681949,0.04081632653061224,0.036036036036036036,0.0954356846473029,0.08379888268156424,0.13333333333333333,0.12009803921568628,0.17073170731707318,0.0070921985815602835,0.75,0.11183144246353323,0.7681159420289855,0.7910447761194029,0.5094339622641509,0.353322528363047,0.5642201834862385,0.5857142857142857,0.3902439024390244,0.23014586709886548,0.44366197183098594,0.45,0.47619047619047616,0.024311183144246355,0.2,0.21428571428571427,0.6666666666666666,0.28038897893030795,0.4161849710982659,0.4161849710982659,0.75,0.19402985074626866,0.9230769230769231,0.4166666666666667,0.029850746268656716,0.5,,0.29850746268656714,0.35,0.7142857142857143,0.1282051282051282,0.6666666666666666,0.017094017094017096,,0.2905982905982906,0.38235294117647056,0.4165316045380875,0.4161849710982659,0.4412818403908795,0.4275541666666667,0.40563304347826085,0.07692307692307693,0.1038961038961039,0.010638297872340425,0.11057108140947752,0.2174969623329283,10.995571095571096,25.906382978723403,0.375,0.3010752688172043,0.21518987341772153,0.29906542056074764,0.1831148804934464,player_totals,wnba,2026,Regular Season,/get-totals/wnba,"{""Season"": ""2026"", ""SeasonType"": ""Regular Season"", ""Type"": ""Player""}",20260921T185714Z,2026-09-21T18:57:18+00:00,e8101286481ea1d2af0bbb5245fd97c415c2d7c168cf65aaa425eaff2ce1239e,2.0,0.014084507042253521,0.005494505494505495,,,0.06666666666666667,,,,,,"[""single_row_table_data"", ""multi_row_table_data""]",{},1642784,Paige Bueckers,player_totals,2026-09-21T18:57:21+00:00,20260921T185714Z,272e585e1fbdcce0ecddd023023e3620180a553691ea3f56fb88eaf6cea6d4bd
1642291,1611661330,Angel Reese,Angel Reese,1642291,ATL,77065.79999999999,41,1284,285,2599,2613,628.0,590.0,396.0,5212,205.0,382.0,56.0,108.0,33.0,68.0,23.0,89.0,2.0,9.0,4.0,24.0,,1.0,,4.0,7.0,29.0,,1.0,2.0,4.0,230.0,480.0,11.0,53.0,188.0,681.0,2657,60.0,121.0,,2.0,57.0,177.0,36.0,88.0,2.0,8.0,65.0,143.0,290.0,170.0,33.0,,74.0,29.0,7.0,94.0,,66.0,49.0,115.0,41.0,8.0,52.0,13.0,1.0,279.0,76.0,115.0,10.0,111.0,159.0,34.0,304.0,201.0,505.0,37.0,74.0,45.0,29.0,53.0,9.0,28.0,80.0,8.0,25.0,,20.0,133.0,29.0,31.0,53.0,153.0,6.0,27.0,30.0,213.0,,22.0,3.0,259.0,29.0,,127.0,,17.0,30.0,1.0,1.0,14.0,,16.0,31.0,18.0,1.0,504.0,141.0,621.0,17.0,12.0,12.0,105.0,9.0,96.0,13.0,92.0,22.0,4.0,113.19738360908042,101.68388825105244,0.6304347826086957,0.7512953367875648,1.0,0.20754716981132076,,0.25,0.20754716981132076,0.4791666666666667,0.49586776859504134,0.4090909090909091,0.4624765478424015,0.4878048780487805,0.40625,0.5254629629629629,0.5636942675159236,0.5,0.09943714821763602,,0.19583333333333333,0.15968586387434555,0.3707865168539326,,25.258732212160414,0.39849624060150374,0.4788732394366197,0.10416666666666667,0.24804992199687986,0.16381766381766383,0.2346723044397463,0.1314878892733564,0.24236983842010773,0.14921875,0.20765027322404372,0.11428571428571428,0.13247863247863248,0.12727272727272726,0.2076923076923077,0.2883895131086142,0.24561403508771928,0.239247311827957,0.21782178217821782,0.18781725888324874,0.5806451612903226,0.7166979362101313,0.5366492146596858,0.6386292834890965,0.6292682926829268,0.1669793621013133,0.25842696629213485,0.4107142857142857,0.6086956521739131,0.016885553470919325,0.2222222222222222,0.2222222222222222,1.0,0.0450281425891182,0.16666666666666666,0.16666666666666666,1.0,0.054409005628517824,0.2413793103448276,0.2413793103448276,1.0,0.8780487804878049,0.5185185185185185,0.19642857142857142,0.008130081300813009,,,0.008130081300813009,,,0.7083333333333334,0.4852941176470588,0.041666666666666664,,0.041666666666666664,0.5,0.8161350844277674,0.2413793103448276,0.580287148217636,0.5955285714285714,0.5629734375000001,0.20126782884310618,0.21972318339100347,,0.2599118942731278,0.20998531571218795,3.0010416666666666,23.99245283018868,0.5113636363636364,0.5303030303030303,,0.09523809523809523,0.241631396691035,player_totals,wnba,2026,Regular Season,/get-totals/wnba,"{""Season"": ""2026"", ""SeasonType"": ""Regular Season"", ""Type"": ""Player""}",20260921T185714Z,2026-09-21T18:57:18+00:00,abe1a0089f3864edec6772efff8151a53d257ea52a3c15b6d9bc55cdf75dc940,,,0.125,,1.0,,,,,,,"[""single_row_table_data"", ""multi_row_table_data""]",{},1642291,Angel Reese,player_totals,2026-09-21T18:57:21+00:00,20260921T185714Z,fafb982e44511e3991b82965da7d76365c8158ff59e7344650e43bda1058c294
1628886,1611661330,Jordin Canada,Jordin Canada,1628886,ATL,76651.70000000001,41,1278,274,2579,2591,612.0,548.0,390.0,5170,75.0,117.0,6.0,10.0,26.0,40.0,41.0,101.0,1.0,7.0,7.0,20.0,1.0,4.0,3.0,4.0,30.0,108.0,3.0,17.0,10.0,25.0,117.0,225.0,37.0,128.0,123.0,468.0,2687,11.0,22.0,4.0,21.0,5.0,39.0,35.0,67.0,13.0,29.0,49.0,158.0,42.0,192.0,108.0,3.0,2.0,108.0,30.0,12.0,1.0,175.0,124.0,299.0,108.0,16.0,144.0,24.0,7.0,722.0,14.0,14.0,1.0,55.0,58.0,4.0,117.0,29.0,146.0,6.0,78.0,47.0,31.0,66.0,24.0,50.0,37.0,5.0,16.0,1.0,,103.0,7.0,24.0,47.0,104.0,,5.0,3.0,156.0,4.0,3.0,29.0,160.0,13.0,,72.0,1.0,14.0,11.0,,,5.0,,6.0,11.0,4.0,,429.0,151.0,604.0,6.0,10.0,9.0,53.0,4.0,65.0,6.0,50.0,22.0,,114.81194261341605,103.70513315322269,0.1794871794871795,0.1810344827586207,0.972972972972973,0.2890625,0.19047619047619047,0.4482758620689655,0.2890625,0.52,0.5,0.5223880597014925,0.4886685552407932,0.3953488372093023,0.5677083333333334,0.5492957746478874,0.42391304347826086,0.632,0.3626062322946176,0.0078125,0.05333333333333334,0.07692307692307693,0.0297029702970297,,17.361339021988844,0.6407766990291263,0.05333333333333334,0.009615384615384616,0.09508196721311475,0.021116138763197588,0.1206140350877193,0.024475524475524476,0.10600375234521577,0.022672064777327937,0.011204481792717087,0.03557312252964427,0.023655913978494623,0.028037383177570093,0.0703125,0.11067193675889328,0.1188118811881188,0.12295081967213115,0.1111111111111111,0.03278688524590164,0.36363636363636365,0.3314447592067989,0.6410256410256411,0.6944444444444444,0.14666666666666667,0.28611898016997167,0.40594059405940597,0.41836734693877553,0.24390243902439024,0.019830028328611898,0.14285714285714285,0.14285714285714285,,0.056657223796033995,0.35,0.3684210526315789,1.0,0.3059490084985836,0.2777777777777778,0.2777777777777778,0.9666666666666667,0.23255813953488372,0.6,0.3333333333333333,0.09302325581395349,0.25,1.0,0.3953488372093023,0.17647058823529413,1.0,0.4166666666666667,0.65,0.041666666666666664,0.75,0.2604166666666667,0.4,0.6940509915014165,0.2777777777777778,0.5148702857142857,0.5310112903225807,0.5103306451612903,0.17718446601941748,0.2535211267605634,0.0078125,0.08333333333333333,0.33760683760683763,4.741333333333333,25.32265625,0.3333333333333333,0.3620689655172414,0.3333333333333333,0.3111111111111111,0.23730127956572314,player_totals,wnba,2026,Regular Season,/get-totals/wnba,"{""Season"": ""2026"", ""SeasonType"": ""Regular Season"", ""Type"": ""Player""}",20260921T185714Z,2026-09-21T18:57:18+00:00,41f61b00aca54f903d8942da8d25e8624fd1de9bc93d17e3a6cf19e2f15ea442,1.0,,0.018867924528301886,,,0.05,,,,,,"[""single_row_table_data"", ""multi_row_table_data""]",{},1628886,Jordin Canada,player_totals,2026-09-21T18:57:21+00:00,20260921T185714Z,cddb82b0dacbad47a37f908169271643309fbc499cca1b8240c75b8fd8d4b853
1629491,1611661321,Jessica Shepard,Jessica Shepard,1629491,DAL,75874.6,40,1265,147,2487,2484,463.0,525.0,310.0,4971,152.0,205.0,29.0,43.0,16.0,26.0,60.0,142.0,21.0,46.0,,1.0,,1.0,,,1.0,10.0,,1.0,,2.0,233.0,393.0,1.0,11.0,102.0,571.0,2678,37.0,67.0,,2.0,23.0,97.0,29.0,56.0,,2.0,30.0,88.0,312.0,154.0,3.0,,30.0,10.0,1.0,30.0,,136.0,69.0,205.0,57.0,12.0,64.0,44.0,28.0,479.0,38.0,72.0,2.0,108.0,192.0,25.0,325.0,112.0,437.0,10.0,29.0,18.0,11.0,43.0,11.0,28.0,34.0,5.0,15.0,1.0,2.0,77.0,10.0,22.0,30.0,82.0,1.0,11.0,7.0,144.0,,19.0,2.0,148.0,24.0,,76.0,,10.0,3.0,,,1.0,,2.0,3.0,,1.0,474.0,86.0,452.0,12.0,8.0,,8.0,,4.0,,18.0,3.0,5.0,113.59067149175713,107.80998389694042,0.6695278969957081,0.7155963302752294,1.0,0.09090909090909091,,,0.09090909090909091,0.5928753180661578,0.5522388059701493,0.5178571428571429,0.5804455445544554,0.5362318840579711,0.5,0.6126609442060086,0.5914634146341463,0.5866666666666667,0.027227722772277228,,0.07633587786259542,0.04878048780487805,0.1267605633802817,,19.099542736545903,0.5584415584415584,0.38461538461538464,0.030303030303030304,0.27586206896551724,0.10588235294117647,0.22784810126582278,0.0815450643776824,0.2564102564102564,0.09598603839441536,0.12962962962962962,0.11209439528023599,0.07988980716253444,0.08737864077669903,0.2645739910313901,0.2853185595567867,0.26785714285714285,0.2372448979591837,0.18292682926829268,0.07407407407407407,,0.5074257425742574,0.7414634146341463,0.7794871794871795,0.6776315789473685,0.35148514851485146,0.4225352112676056,0.4838709677419355,0.5833333333333334,0.11386138613861387,0.45652173913043476,0.4772727272727273,0.8571428571428571,0.0024752475247524753,,,,0.024752475247524754,0.1,0.1,1.0,0.6231884057971014,0.6744186046511628,0.3793103448275862,0.014492753623188406,,,0.014492753623188406,,,0.4482758620689655,0.6153846153846154,,,0.034482758620689655,,0.5346534653465347,0.1,0.5077632754342432,0.5434214285714285,0.47189473684210526,0.16666666666666666,0.1707865168539326,,0.16987740805604204,0.15411558669001751,5.9531806615776075,26.972727272727273,0.28,0.2625,0.16666666666666666,0.2,0.18616807398472054,player_totals,wnba,2026,Regular Season,/get-totals/wnba,"{""Season"": ""2026"", ""SeasonType"": ""Regular Season"", ""Type"": ""Player""}",20260921T185714Z,2026-09-21T18:57:18+00:00,8b953a5c17293bdd0dee2af78420a8feccc882bdff0ef4b1b35944e164a95633,,0.043478260869565216,0.07262569832402235,,,,,,,,,"[""single_row_table_data"", ""multi_row_table_data""]",{},1629491,Jessica Shepard,player_totals,2026-09-21T18:57:21+00:00,20260921T185714Z,f34b457cd239261d07acc74298ca692301efcb04ddd373fb77e9b3ebacbe2f94
203014,1611661320,Nneka Ogwumike,Nneka Ogwumike,203014,LAS,75823.2,41,1264,-119,2556,2578,556.0,510.0,272.0,5134,112.0,152.0,29.0,41.0,19.0,30.0,86.0,192.0,25.0,55.0,9.0,22.0,,,2.0,3.0,48.0,122.0,1.0,7.0,11.0,23.0,223.0,399.0,57.0,144.0,91.0,708.0,2881,46.0,72.0,1.0,7.0,18.0,113.0,40.0,75.0,13.0,26.0,27.0,146.0,316.0,130.0,162.0,9.0,50.0,122.0,48.0,25.0,1.0,80.0,46.0,126.0,35.0,11.0,57.0,17.0,6.0,298.0,30.0,42.0,2.0,122.0,149.0,20.0,291.0,74.0,365.0,11.0,48.0,38.0,10.0,48.0,13.0,37.0,27.0,2.0,11.0,,2.0,75.0,2.0,16.0,29.0,68.0,,5.0,8.0,118.0,,12.0,4.0,106.0,12.0,5.0,43.0,,12.0,13.0,,,4.0,,8.0,13.0,6.0,1.0,595.0,146.0,554.0,4.0,12.0,,27.0,2.0,21.0,,32.0,1.0,,108.05946791862286,111.7532971295578,0.7085201793721974,0.797979797979798,0.9473684210526315,0.3958333333333333,0.14285714285714285,0.5,0.3958333333333333,0.5588972431077694,0.6388888888888888,0.5333333333333333,0.5681399631675875,0.6012658227848101,0.5891089108910891,0.6006825938566553,0.6436781609195402,0.614406779661017,0.26519337016574585,0.006944444444444444,0.06265664160401002,0.07236842105263158,0.07291666666666667,0.00819672131147541,23.039386545834784,0.64,0.3225806451612903,0.038461538461538464,0.25383304940374785,0.06942148760330578,0.2314990512333966,0.05660377358490566,0.24326750448833034,0.06343612334801763,0.09313725490196079,0.055384615384615386,0.05324074074074074,0.07142857142857142,0.24489795918367346,0.24734982332155478,0.28703703703703703,0.2301980198019802,0.23577235772357724,0.046413502109704644,0.46153846153846156,0.27992633517495397,0.7368421052631579,0.7943262411347518,0.7321428571428571,0.35359116022099446,0.4479166666666667,0.48314606741573035,0.627906976744186,0.10128913443830571,0.45454545454545453,0.45454545454545453,0.88,0.040515653775322284,0.4090909090909091,0.4090909090909091,1.0,0.22467771639042358,0.39344262295081966,0.39669421487603307,0.9375,0.5189873417721519,0.7073170731707317,0.3103448275862069,,,,0.08860759493670886,0.14285714285714285,1.0,0.297029702970297,0.6333333333333333,0.0297029702970297,0.6666666666666666,0.22772277227722773,0.4782608695652174,0.5451197053406999,0.39344262295081966,0.49483563535911596,0.548193396226415,0.48544207920792076,0.07491289198606271,0.1,,0.1596045197740113,0.2062146892655367,7.245614035087719,24.65972222222222,0.275,0.20754716981132076,0.3,0.2988505747126437,0.21752738654147105,player_totals,wnba,2026,Regular Season,/get-totals/wnba,"{""Season"": ""2026"", ""SeasonType"": ""Regular Season"", ""Type"": ""Player""}",20260921T185714Z,2026-09-21T18:57:18+00:00,e54092e5aa25ebc30851e17b20688d90256f5c4359ca3f257a1683671d4f0bbb,,,0.06578947368421052,1.0,,,,,,,,"[""single_row_table_data"", ""multi_row_table_data""]",{},203014,Nneka Ogwumike,player_totals,2026-09-21T18:57:21+00:00,20260921T185714Z,8c1d4d24de0e6acc2eb3fb6c666b69af8c51a1c497be380d970206a260ed99f9
1642785,1611661322,Sonia Citron,Sonia Citron,1642785,WAS,75636.9,38,1261,89,2460,2472,655.0,599.0,329.0,4932,84.0,124.0,6.0,11.0,26.0,37.0,52.0,121.0,15.0,27.0,16.0,37.0,1.0,5.0,1.0,5.0,37.0,118.0,3.0,13.0,11.0,41.0,151.0,272.0,53.0,155.0,177.0,638.0,2575,12.0,23.0,4.0,18.0,13.0,49.0,40.0,74.0,12.0,46.0,110.0,226.0,176.0,126.0,132.0,27.0,12.0,118.0,37.0,18.0,3.0,117.0,51.0,168.0,35.0,16.0,80.0,26.0,11.0,387.0,12.0,21.0,1.0,52.0,52.0,3.0,107.0,34.0,141.0,13.0,45.0,30.0,15.0,59.0,9.0,39.0,36.0,9.0,20.0,5.0,2.0,95.0,8.0,23.0,38.0,79.0,1.0,3.0,5.0,215.0,,10.0,23.0,203.0,14.0,8.0,61.0,,41.0,22.0,2.0,2.0,11.0,,8.0,24.0,10.0,,589.0,223.0,646.0,7.0,37.0,,24.0,,16.0,,10.0,,,108.29268292682926,104.16666666666667,0.5827814569536424,0.6068965517241379,0.8301886792452831,0.3419354838709677,0.2222222222222222,0.2608695652173913,0.3419354838709677,0.5551470588235294,0.5217391304347826,0.5405405405405406,0.5398126463700235,0.43902439024390244,0.48333333333333334,0.612621359223301,0.532608695652174,0.6264044943820225,0.3629976580796253,0.01935483870967742,0.0661764705882353,0.04838709677419355,0.09917355371900827,0.00847457627118644,21.316065803290165,0.6210526315789474,0.05084745762711865,0.011235955056179775,0.0763582966226138,0.030927835051546393,0.104,0.030534351145038167,0.08806096528365792,0.030783582089552237,0.034482758620689655,0.025423728813559324,0.027874564459930314,0.03773584905660377,0.06951871657754011,0.07344632768361582,0.09285714285714286,0.11825192802056556,0.05405405405405406,0.06532663316582915,0.4166666666666667,0.2903981264637002,0.6774193548387096,0.711864406779661,0.5476190476190477,0.28337236533957844,0.4297520661157025,0.47706422018348627,0.6153846153846154,0.06323185011709602,0.5555555555555556,0.5555555555555556,0.6666666666666666,0.08665105386416862,0.43243243243243246,0.45714285714285713,1.0,0.27634660421545665,0.3135593220338983,0.3162393162393162,0.7567567567567568,0.2682926829268293,0.5454545454545454,0.5,0.12195121951219512,0.2,1.0,0.3170731707317073,0.23076923076923078,0.6666666666666666,0.30833333333333335,0.7027027027027027,0.041666666666666664,0.2,0.3416666666666667,0.2682926829268293,0.6533957845433255,0.3135593220338983,0.49382717647058827,0.5186140625,0.4885593220338983,0.12869198312236288,0.19122257053291536,,0.0768025078369906,0.3542319749216301,6.367279411764706,25.178709677419352,0.525,0.5147058823529411,0.5,0.3434343434343434,0.266260162601626,player_totals,wnba,2026,Regular Season,/get-totals/wnba,"{""Season"": ""2026"", ""SeasonType"": ""Regular Season"", ""Type"": ""Player""}",20260921T185714Z,2026-09-21T18:57:18+00:00,febc2b6f4463775cc29c25aa7ea319c13e4a8978cefd64cc1ab10a2ae4f167ab,,,0.046875,3.0,,0.05405405405405406,,,,,,"[""single_row_table_data"", ""multi_row_table_data""]",{},1642785,Sonia Citron,player_totals,2026-09-21T18:57:21+00:00,20260921T185714Z,98601296eb9092ffdf690295956bdc6c5b8ea6317f741c87257db9a71882a1a8
1629481,1611661321,Arike Ogunbowale,Arike Ogunbowale,1629481,DAL,75341.4,42,1256,87,2458,2459,424.0,508.0,312.0,4917,52.0,91.0,12.0,13.0,11.0,19.0,58.0,141.0,27.0,63.0,15.0,51.0,1.0,6.0,2.0,6.0,58.0,173.0,3.0,20.0,2.0,26.0,137.0,295.0,73.0,224.0,149.0,642.0,2646,23.0,34.0,4.0,26.0,13.0,71.0,26.0,53.0,4.0,32.0,49.0,113.0,124.0,150.0,180.0,39.0,14.0,173.0,58.0,20.0,1.0,103.0,34.0,137.0,28.0,6.0,53.0,32.0,18.0,308.0,16.0,18.0,,44.0,50.0,1.0,95.0,34.0,129.0,9.0,42.0,28.0,14.0,34.0,18.0,20.0,32.0,1.0,14.0,1.0,1.0,66.0,7.0,15.0,31.0,95.0,2.0,4.0,5.0,144.0,,9.0,9.0,168.0,24.0,8.0,78.0,,14.0,3.0,,,1.0,,2.0,3.0,1.0,,571.0,108.0,414.0,14.0,10.0,4.0,34.0,2.0,33.0,2.0,19.0,4.0,5.0,111.1879576891782,107.60471736478243,0.45255474452554745,0.47692307692307695,0.821917808219178,0.32589285714285715,0.15384615384615385,0.125,0.32589285714285715,0.46440677966101696,0.6764705882352942,0.49056603773584906,0.4749518304431599,0.48333333333333334,0.3764705882352941,0.540885860306644,0.5378787878787878,0.5091743119266054,0.43159922928709055,0.004464285714285714,0.06779661016949153,0.06593406593406594,0.09929078014184398,0.005780346820809248,23.10686482661005,0.5151515151515151,0.016666666666666666,,0.07530120481927711,0.026706231454005934,0.0874751491053678,0.03305785123966942,0.0805484147386461,0.02936096718480138,0.041176470588235294,0.026627218934911243,0.026737967914438502,0.05454545454545454,0.05454545454545454,0.07309941520467836,0.12745098039215685,0.0891566265060241,0.07954545454545454,0.031914893617021274,0.3333333333333333,0.17533718689788053,0.5714285714285714,0.611764705882353,0.4230769230769231,0.27167630057803466,0.41134751773049644,0.4566929133858268,0.5,0.12138728323699421,0.42857142857142855,0.42857142857142855,0.4074074074074074,0.09826589595375723,0.29411764705882354,0.29411764705882354,0.9333333333333333,0.3333333333333333,0.3352601156069364,0.3372093023255814,0.7931034482758621,0.21666666666666667,0.9230769230769231,0.25,0.1,0.16666666666666666,1.0,0.3333333333333333,0.15,0.3333333333333333,0.2235294117647059,0.5789473684210527,0.07058823529411765,0.3333333333333333,0.3058823529411765,0.07692307692307693,0.6069364161849711,0.3352601156069364,0.48208575581395346,0.47534078947368424,0.44726158536585364,0.13612565445026178,0.22349570200573066,,0.11059190031152648,0.17601246105919002,8.349830508474575,24.915178571428573,0.3333333333333333,0.2839506172839506,0.2,0.40816326530612246,0.1724979658258747,player_totals,wnba,2026,Regular Season,/get-totals/wnba,"{""Season"": ""2026"", ""SeasonType"": ""Regular Season"", ""Type"": ""Player""}",20260921T185714Z,2026-09-21T18:57:18+00:00,21e8f6b2414d804d48a1b1dd16e5cf532585c65c6175d17b67e737e84e52ab9c,,,0.012048192771084338,,,,,,,,,"[""single_row_table_data"", ""multi_row_table_data""]",{},1629481,Arike Ogunbowale,player_totals,2026-09-21T18:57:21+00:00,20260921T185714Z,baccdb8e834e5e47c7df15a2d9d1514daec15e60a1e11bb30d39566f7c8e3b76
1627674,1611661317,Kahleah Copper,Kahleah Copper,1627674,PHX,75092.0,38,1252,-116,2468,2492,673.0,557.0,246.0,4960,130.0,183.0,13.0,16.0,24.0,45.0,56.0,141.0,21.0,69.0,23.0,63.0,,6.0,4.0,16.0,42.0,155.0,3.0,11.0,9.0,41.0,207.0,393.0,65.0,218.0,201.0,810.0,2761,17.0,27.0,3.0,17.0,17.0,60.0,39.0,94.0,13.0,57.0,93.0,210.0,254.0,160.0,180.0,15.0,8.0,155.0,42.0,44.0,5.0,50.0,21.0,71.0,13.0,8.0,26.0,22.0,2.0,163.0,10.0,10.0,,67.0,46.0,3.0,116.0,20.0,136.0,5.0,29.0,20.0,9.0,50.0,12.0,31.0,41.0,8.0,19.0,,4.0,91.0,5.0,26.0,29.0,101.0,2.0,8.0,10.0,215.0,,9.0,13.0,255.0,27.0,9.0,96.0,5.0,30.0,3.0,,,,,3.0,3.0,1.0,,750.0,207.0,669.0,8.0,25.0,4.0,48.0,8.0,44.0,7.0,33.0,5.0,,107.17179902755268,110.79454253611556,0.6135265700483091,0.625615763546798,0.9230769230769231,0.2981651376146789,0.17647058823529413,0.22807017543859648,0.2981651376146789,0.5267175572519084,0.6296296296296297,0.4148936170212766,0.4983633387888707,0.48863636363636365,0.38741721854304634,0.5623249299719888,0.5555555555555556,0.5098039215686274,0.3567921440261866,0.022935779816513763,0.11195928753180662,0.07650273224043716,0.19148936170212766,0.01935483870967742,29.251453488372093,0.5494505494505495,0.046153846153846156,,0.07903780068728522,0.01631321370309951,0.12934362934362933,0.021321961620469083,0.10272727272727272,0.018484288354898338,0.023529411764705882,0.016339869281045753,0.022988505747126436,0.01652892561983471,0.07692307692307693,0.07006369426751592,0.10714285714285714,0.12735849056603774,0.13829787234042554,0.017482517482517484,0.3333333333333333,0.2995090016366612,0.7103825136612022,0.7692307692307693,0.6384615384615384,0.23076923076923078,0.3971631205673759,0.49122807017543857,0.6071428571428571,0.11292962356792144,0.30434782608695654,0.3181818181818182,0.47619047619047616,0.10310965630114566,0.36507936507936506,0.3770491803278688,1.0,0.25368248772504093,0.2709677419354839,0.27631578947368424,0.8809523809523809,0.36363636363636365,0.8125,0.5384615384615384,0.13636363636363635,,,0.25,0.2727272727272727,1.0,0.2980132450331126,0.5333333333333333,0.10596026490066225,0.25,0.271523178807947,0.21951219512195122,0.6563011456628478,0.2709677419354839,0.517869558101473,0.548923076923077,0.5019850993377484,0.1476608187134503,0.2077922077922078,0.02252252252252252,0.07407407407407407,0.25925925925925924,6.662849872773537,24.494954128440366,0.37735849056603776,0.36470588235294116,0.1276595744680851,0.24666666666666667,0.2726904376012966,player_totals,wnba,2026,Regular Season,/get-totals/wnba,"{""Season"": ""2026"", ""SeasonType"": ""Regular Season"", ""Type"": ""Player""}",20260921T185714Z,2026-09-21T18:57:18+00:00,768303100d234795bbad267b899c23fa933e4786a05acd90a7aaddb8d4b72fae,1.0,0.043478260869565216,0.0072992700729927005,,,0.031746031746031744,,,,,,"[""single_row_table_data"", ""multi_row_table_data""]",{},1627674,Kahleah Copper,player_totals,2026-09-21T18:57:21+00:00,20260921T185714Z,51c0e2c6f06dd676ae4891f63ff57103882e3a776e18165dbd4fb7e10914ecaa
1627675,1611661324,Courtney Williams,Courtney Williams,1627675,MIN,75064.6,41,1251,252,2503,2526,434.0,496.0,306.0,5029,24.0,42.0,3.0,3.0,6.0,11.0,48.0,96.0,125.0,276.0,10.0,26.0,2.0,3.0,,1.0,38.0,104.0,8.0,13.0,7.0,23.0,197.0,414.0,48.0,130.0,43.0,581.0,2650,21.0,38.0,10.0,16.0,4.0,76.0,29.0,73.0,7.0,24.0,18.0,97.0,180.0,214.0,123.0,21.0,12.0,104.0,38.0,10.0,2.0,117.0,57.0,174.0,42.0,15.0,76.0,29.0,12.0,405.0,18.0,17.0,,80.0,85.0,1.0,166.0,35.0,201.0,15.0,48.0,26.0,22.0,58.0,9.0,46.0,13.0,2.0,12.0,,,71.0,3.0,14.0,42.0,90.0,,3.0,1.0,42.0,,2.0,3.0,52.0,3.0,1.0,16.0,1.0,9.0,11.0,,,5.0,,5.0,11.0,6.0,2.0,505.0,90.0,420.0,10.0,4.0,3.0,27.0,3.0,27.0,7.0,30.0,2.0,,115.94087095485418,104.90894695170229,0.45685279187817257,0.4712041884816754,0.8541666666666666,0.36923076923076925,0.625,0.2916666666666667,0.36923076923076925,0.4758454106280193,0.5526315789473685,0.3972602739726027,0.4944852941176471,0.6666666666666666,0.4072164948453608,0.5114638447971781,0.6696428571428571,0.4444444444444444,0.23897058823529413,0.015384615384615385,0.024154589371980676,0.047619047619047616,0.0625,0.019230769230769232,22.370266479663396,0.8169014084507042,0.018867924528301886,,0.13428120063191154,0.023809523809523808,0.14571948998178508,0.04275534441805225,0.13959390862944163,0.030837004405286344,0.007722007722007722,0.03862660944206009,0.05263157894736842,0.01020408163265306,0.14112903225806453,0.11971830985915492,0.15841584158415842,0.13176470588235295,0.1935483870967742,0.053003533568904596,0.5454545454545454,0.07720588235294118,0.5714285714285714,0.6,0.5833333333333334,0.17647058823529413,0.5,0.5333333333333333,0.6458333333333334,0.5073529411764706,0.4528985507246377,0.4562043795620438,0.36,0.04779411764705882,0.38461538461538464,0.38461538461538464,1.0,0.19117647058823528,0.36538461538461536,0.37254901960784315,0.8157894736842105,0.05555555555555555,1.0,0.3333333333333333,0.05555555555555555,0.6666666666666666,1.0,0.24074074074074073,0.6153846153846154,0.875,0.1134020618556701,0.5454545454545454,0.010309278350515464,,0.23711340206185566,0.30434782608695654,0.3161764705882353,0.36538461538461536,0.44419686346863474,0.44129142857142856,0.4407457894736842,0.03046594982078853,0.03747072599531616,0.007633587786259542,0.13080895008605853,0.16695352839931152,14.327536231884059,24.523846153846154,0.47058823529411764,0.3958333333333333,0.21333333333333335,0.35,0.17339192968437875,player_totals,wnba,2026,Regular Season,/get-totals/wnba,"{""Season"": ""2026"", ""SeasonType"": ""Regular Season"", ""Type"": ""Player""}",20260921T185714Z,2026-09-21T18:57:18+00:00,1cf44823d9142c3408f5356efe3ef761c7908ec818173ccacdad0be0a536af1d,,0.007246376811594203,0.02702702702702703,1.0,,,,,,,,"[""single_row_table_data"", ""multi_row_table_data""]",{},1627675,Courtney Williams,player_totals,2026-09-21T18:57:21+00:00,20260921T185714Z,f7325b098be7e23bfe3501e3c63082fba8aea10d6001bb63826c145675eae542
1628932,1611661319,A'ja Wilson,A'ja Wilson,1628932,LVA,74656.8,39,1244,345,2492,2500,625.0,472.0,267.0,4992,113.0,154.0,22.0,29.0,28.0,41.0,141.0,294.0,65.0,136.0,4.0,8.0,,,,1.0,32.0,82.0,4.0,6.0,5.0,11.0,319.0,584.0,36.0,90.0,275.0,1021.0,2623,43.0,67.0,4.0,6.0,37.0,135.0,69.0,118.0,5.0,12.0,117.0,270.0,474.0,164.0,105.0,3.0,34.0,82.0,32.0,27.0,,75.0,51.0,126.0,39.0,12.0,31.0,34.0,10.0,303.0,33.0,33.0,3.0,126.0,149.0,20.0,295.0,69.0,364.0,17.0,57.0,50.0,7.0,58.0,9.0,38.0,35.0,5.0,20.0,,,93.0,4.0,17.0,41.0,73.0,2.0,2.0,15.0,293.0,2.0,9.0,,318.0,34.0,1.0,138.0,,36.0,73.0,4.0,3.0,37.0,1.0,36.0,77.0,42.0,,886.0,270.0,625.0,,35.0,,16.0,1.0,27.0,3.0,15.0,1.0,,119.10112359550561,104.92,0.7429467084639498,0.7847682119205298,0.9722222222222222,0.4,0.6666666666666666,0.4166666666666667,0.4,0.5462328767123288,0.6417910447761194,0.5847457627118644,0.5534124629080118,0.6712328767123288,0.5884615384615385,0.6265356265356266,0.7584269662921348,0.703125,0.13353115727002968,,0.046232876712328765,0.045454545454545456,0.061224489795918366,,32.42760100107258,0.6236559139784946,0.3508771929824561,0.05172413793103448,0.21688500727802038,0.05229793977812995,0.2535211267605634,0.07603686635944701,0.23226351351351351,0.061971830985915494,0.040983606557377046,0.059322033898305086,0.07374631268436578,0.08421052631578947,0.2054794520547945,0.2096317280453258,0.2608695652173913,0.2518518518518518,0.2608695652173913,0.05862068965517241,0.5454545454545454,0.228486646884273,0.7337662337662337,0.7687074829931972,0.7256637168141593,0.4362017804154303,0.47959183673469385,0.5108695652173914,0.723404255319149,0.20178041543026706,0.47794117647058826,0.48507462686567165,0.8153846153846154,0.011869436201780416,0.5,0.5,1.0,0.12166172106824925,0.3902439024390244,0.3902439024390244,0.96875,0.3972602739726027,0.7586206896551724,0.3181818181818182,,,,0.0821917808219178,0.6666666666666666,1.0,0.3153846153846154,0.6829268292682927,0.007692307692307693,,0.08461538461538462,0.45454545454545453,0.3620178041543027,0.3902439024390244,0.45451958456973296,0.4751813725490196,0.45955961538461537,0.17737789203084833,0.2005813953488372,,0.13222331047992164,0.2644466209598433,8.982705479452054,24.77111111111111,0.4146341463414634,0.34210526315789475,0.22535211267605634,0.20754716981132076,0.25080256821829855,player_totals,wnba,2026,Regular Season,/get-totals/wnba,"{""Season"": ""2026"", ""SeasonType"": ""Regular Season"", ""Type"": ""Player""}",20260921T185714Z,2026-09-21T18:57:18+00:00,17c6649da6aee1bd45c70fc057314994daffbbd9f420e45b45f3d5b01a1a981c,,0.014705882352941176,0.04516129032258064,,,,,,,,,"[""single_row_table_data"", ""multi_row_table_data""]",{},1628932,A'ja Wilson,player_totals,2026-09-21T18:57:21+00:00,20260921T185714Z,587d23a3f8b32e8fbfd06e6cc5d4848debfd928a45f5f13ed7d7d66a32c68974
1643426,1611661324,Olivia Miles,Olivia Miles,1643426,MIN,74352.5,40,1239,282,2473,2488,401.0,459.0,317.0,4961,155.0,248.0,21.0,27.0,19.0,39.0,41.0,101.0,19.0,53.0,3.0,9.0,2.0,5.0,,1.0,61.0,156.0,12.0,21.0,11.0,30.0,215.0,402.0,64.0,165.0,168.0,790.0,2609,25.0,34.0,14.0,26.0,16.0,108.0,32.0,64.0,11.0,31.0,55.0,152.0,80.0,350.0,66.0,126.0,4.0,156.0,61.0,30.0,2.0,146.0,92.0,238.0,64.0,28.0,100.0,27.0,19.0,568.0,10.0,13.0,,86.0,70.0,7.0,163.0,23.0,186.0,6.0,52.0,32.0,20.0,76.0,26.0,59.0,47.0,5.0,17.0,1.0,4.0,123.0,8.0,22.0,44.0,119.0,,3.0,10.0,167.0,1.0,3.0,6.0,193.0,26.0,,91.0,,18.0,24.0,1.0,1.0,10.0,,11.0,25.0,13.0,,682.0,148.0,390.0,7.0,14.0,6.0,88.0,,58.0,1.0,50.0,14.0,,116.90254751314193,104.86334405144694,0.18604651162790697,0.18779342723004694,0.34375,0.3878787878787879,0.5384615384615384,0.3548387096774194,0.3878787878787879,0.5348258706467661,0.7352941176470589,0.5,0.5485008818342152,0.7666666666666667,0.5105263157894737,0.6076923076923076,0.8059701492537313,0.6129032258064516,0.291005291005291,0.012121212121212121,0.07462686567164178,0.05241935483870968,0.1485148514851485,0.01282051282051282,27.20872932066174,0.6178861788617886,0.1320754716981132,,0.11363636363636363,0.019287833827893175,0.15008726003490402,0.022573363431151242,0.1312026913372582,0.020590868397493287,0.015384615384615385,0.02127659574468085,0.025936599423631124,0.010416666666666666,0.1306122448979592,0.09386281588447654,0.1276595744680851,0.14220183486238533,0.17518248175182483,0.024096385542168676,0.52,0.43738977072310403,0.625,0.6595744680851063,0.1935483870967742,0.1781305114638448,0.40594059405940597,0.47674418604651164,0.17073170731707318,0.09347442680776014,0.3584905660377358,0.37254901960784315,0.15789473684210525,0.015873015873015872,0.3333333333333333,0.3333333333333333,1.0,0.2751322751322751,0.391025641025641,0.3961038961038961,0.3114754098360656,0.45,0.7777777777777778,0.38095238095238093,0.08333333333333333,0.4,1.0,0.35,0.5714285714285714,0.5833333333333334,0.4105263157894737,0.48717948717948717,0.010526315789473684,,0.3157894736842105,0.36666666666666664,0.7283950617283951,0.391025641025641,0.5357983156028369,0.5754684210526315,0.5044787234042553,0.1439873417721519,0.1948608137044968,,0.13670886075949368,0.19240506329113924,5.343532338308457,24.97636363636364,0.3548387096774194,0.38333333333333336,0.3939393939393939,0.2765957446808511,0.16215123331985443,player_totals,wnba,2026,Regular Season,/get-totals/wnba,"{""Season"": ""2026"", ""SeasonType"": ""Regular Season"", ""Type"": ""Player""}",20260921T185714Z,2026-09-21T18:57:18+00:00,42758eef15ab7baf8b3784101a3781a3f9a445755e9737855d598b503b9e2b5c,,0.03773584905660377,0.0223463687150838,3.0,,,,,,,,"[""single_row_table_data"", ""multi_row_table_data""]",{},1643426,Olivia Miles,player_totals,2026-09-21T18:57:21+00:00,20260921T185714Z,b2c0214073b3118673c78951750f9606cf5cb0f44915edbbaf7186def8961b44
203827,1611661324,Natasha Howard,Natasha Howard,203827,MIN,73000.6,42,1217,323,2429,2448,375.0,440.0,318.0,4877,190.0,279.0,52.0,79.0,21.0,40.0,56.0,118.0,6.0,16.0,,5.0,,1.0,,,3.0,11.0,,,,1.0,252.0,413.0,3.0,16.0,111.0,624.0,2530,61.0,94.0,,1.0,33.0,155.0,32.0,55.0,,1.0,33.0,97.0,358.0,146.0,9.0,,84.0,11.0,3.0,26.0,,101.0,38.0,139.0,30.0,8.0,51.0,24.0,26.0,316.0,45.0,96.0,2.0,75.0,94.0,11.0,180.0,143.0,323.0,25.0,70.0,50.0,20.0,51.0,19.0,32.0,56.0,2.0,19.0,2.0,8.0,107.0,11.0,14.0,66.0,148.0,1.0,10.0,18.0,164.0,,19.0,9.0,155.0,21.0,,80.0,,8.0,40.0,1.0,,28.0,1.0,12.0,41.0,21.0,,469.0,97.0,361.0,13.0,8.0,1.0,48.0,,76.0,4.0,67.0,23.0,,117.45574310415809,103.34967320261438,0.7103174603174603,0.8523809523809524,1.0,0.1875,,,0.1875,0.6101694915254238,0.648936170212766,0.5818181818181818,0.5979020979020979,0.6421052631578947,0.5714285714285714,0.6290322580645161,0.6798245614035088,0.6381578947368421,0.037296037296037296,,0.06295399515738499,0.05734767025089606,0.0847457627118644,,21.566523605150213,0.4766355140186916,0.21568627450980393,0.03571428571428571,0.15614617940199335,0.13994169096209913,0.13537906137184116,0.11056511056511056,0.14619377162629757,0.12900274473924978,0.16417910447761194,0.17467248908296942,0.1064516129032258,0.12371134020618557,0.1906779661016949,0.13454545454545455,0.13186813186813187,0.13849765258215962,0.125,0.16891891891891891,0.5121951219512195,0.6503496503496503,0.6810035842293907,0.7224334600760456,0.7052631578947368,0.27505827505827507,0.4745762711864407,0.5185185185185185,0.6964285714285714,0.037296037296037296,0.375,0.375,1.0,0.011655011655011656,,,,0.02564102564102564,0.2727272727272727,0.2727272727272727,1.0,0.8315789473684211,0.6582278481012658,0.25,0.010526315789473684,,,,,,0.7142857142857143,0.525,,,0.017857142857142856,,0.6876456876456877,0.2727272727272727,0.5451432242990655,0.5789514705882353,0.5400875,0.16393442622950818,0.1694915254237288,,0.2483974358974359,0.15544871794871795,3.9355932203389834,25.2625,0.3258426966292135,0.3770491803278688,0.4,0.3076923076923077,0.1543845203787567,player_totals,wnba,2026,Regular Season,/get-totals/wnba,"{""Season"": ""2026"", ""SeasonType"": ""Regular Season"", ""Type"": ""Player""}",20260921T185714Z,2026-09-21T18:57:18+00:00,2bc11598c808f5ebfb17459203afb90e55515873d1c0d6766fde32ec51eb852c,,,0.06349206349206349,,,,,,,,,"[""single_row_table_data"", ""multi_row_table_data""]",{},203827,Natasha Howard,player_totals,2026-09-21T18:57:21+00:00,20260921T185714Z,1d2031e8a6101cafb91d509341c59db19a3d178d27975dd4267fa8d77ac13a6b
1631022,1611661322,Shakira Austin,Shakira Austin,1631022,WAS,72485.6,41,1208,74,2360,2367,582.0,549.0,319.0,4727,145.0,226.0,25.0,36.0,28.0,41.0,80.0,214.0,12.0,25.0,1.0,1.0,,,,,16.0,51.0,1.0,7.0,2.0,11.0,237.0,465.0,17.0,52.0,172.0,697.0,2458,38.0,71.0,1.0,7.0,31.0,110.0,42.0,87.0,2.0,11.0,58.0,148.0,308.0,166.0,45.0,6.0,34.0,51.0,16.0,47.0,1.0,64.0,41.0,105.0,23.0,18.0,46.0,17.0,1.0,251.0,24.0,46.0,6.0,128.0,157.0,22.0,307.0,76.0,383.0,9.0,30.0,24.0,6.0,79.0,17.0,45.0,39.0,2.0,34.0,1.0,5.0,118.0,9.0,22.0,31.0,77.0,,9.0,11.0,172.0,1.0,5.0,11.0,239.0,32.0,2.0,115.0,,20.0,51.0,2.0,1.0,24.0,1.0,27.0,53.0,27.0,,587.0,146.0,575.0,15.0,17.0,,23.0,,20.0,2.0,13.0,1.0,4.0,107.28813559322033,103.84452893958597,0.6497890295358649,0.7,0.8823529411764706,0.3269230769230769,0.14285714285714285,0.18181818181818182,0.3269230769230769,0.5096774193548387,0.5352112676056338,0.4827586206896552,0.5077369439071566,0.5064102564102564,0.45918367346938777,0.5612903225806452,0.5729166666666666,0.5568181818181818,0.10058027079303675,0.019230769230769232,0.1010752688172043,0.07079646017699115,0.14485981308411214,0.0196078431372549,26.73195502357635,0.6694915254237288,0.4,0.0625,0.23860182370820668,0.0705521472392638,0.2456813819577735,0.06201550387596899,0.24173027989821882,0.06737247353224254,0.06538461538461539,0.07878787878787878,0.06007067137809187,0.0673076923076923,0.145,0.27710843373493976,0.2857142857142857,0.2531328320802005,0.22131147540983606,0.04205607476635514,0.5094339622641509,0.437137330754352,0.6415929203539823,0.6904761904761905,0.696551724137931,0.41392649903288203,0.37383177570093457,0.4371584699453552,0.525,0.048355899419729204,0.48,0.48,0.9166666666666666,0.0019342359767891683,1.0,1.0,1.0,0.09864603481624758,0.3137254901960784,0.32,0.875,0.46153846153846156,0.6944444444444444,0.32,,,,0.08974358974358974,0.14285714285714285,,0.41836734693877553,0.6829268292682927,,,0.11224489795918367,0.18181818181818182,0.5377176015473888,0.3137254901960784,0.48829226305609286,0.5036227272727273,0.46110102040816325,0.19166666666666668,0.20985401459854014,,0.15781922525107603,0.21233859397417504,5.164086021505376,25.071153846153848,0.38271604938271603,0.2857142857142857,0.5384615384615384,0.34285714285714286,0.24661016949152542,player_totals,wnba,2026,Regular Season,/get-totals/wnba,"{""Season"": ""2026"", ""SeasonType"": ""Regular Season"", ""Type"": ""Player""}",20260921T185714Z,2026-09-21T18:57:18+00:00,1e40b9b9e33c280d4dd7eb3cda874d7db0e573be12a78bb3282faa4f93b58e2f,,,0.04838709677419355,,1.0,,,,,,,"[""single_row_table_data"", ""multi_row_table_data""]",{},1631022,Shakira Austin,player_totals,2026-09-21T18:57:21+00:00,20260921T185714Z,1155facfab7bdda48f09e5b9689bb0c8ec4c0abfd37daeca1625eee5ca9a068c
1629524,1611661327,Bridget Carleton,Bridget Carleton,1629524,PDX,71717.3,39,1195,-84,2361,2395,497.0,632.0,268.0,4756,24.0,40.0,3.0,3.0,4.0,6.0,40.0,99.0,16.0,33.0,25.0,60.0,2.0,9.0,5.0,8.0,81.0,228.0,8.0,17.0,12.0,51.0,80.0,172.0,106.0,288.0,79.0,557.0,2716,7.0,18.0,10.0,26.0,7.0,51.0,12.0,33.0,17.0,59.0,29.0,104.0,72.0,88.0,294.0,24.0,,228.0,81.0,13.0,9.0,44.0,40.0,84.0,26.0,14.0,26.0,17.0,1.0,208.0,18.0,6.0,4.0,60.0,75.0,12.0,147.0,28.0,175.0,1.0,61.0,44.0,17.0,22.0,9.0,14.0,25.0,5.0,8.0,,2.0,47.0,5.0,9.0,32.0,83.0,1.0,9.0,7.0,95.0,6.0,5.0,8.0,90.0,4.0,9.0,24.0,4.0,12.0,15.0,2.0,1.0,8.0,1.0,7.0,17.0,12.0,,506.0,96.0,492.0,12.0,8.0,1.0,41.0,9.0,8.0,10.0,14.0,2.0,1.0,111.47818720880983,113.40292275574113,0.45,0.45,0.9245283018867925,0.3680555555555556,0.38461538461538464,0.288135593220339,0.3680555555555556,0.46511627906976744,0.3888888888888889,0.36363636363636365,0.5195652173913043,0.5,0.4076086956521739,0.5544354838709677,0.53125,0.4719626168224299,0.6260869565217392,0.03125,0.0755813953488372,0.175,0.06060606060606061,0.03508771929824561,20.223463687150836,0.46808510638297873,0.14457831325301204,0.09090909090909091,0.12886597938144329,0.011009174311926606,0.12345679012345678,0.03225806451612903,0.12640449438202248,0.021758839528558477,,0.017123287671232876,0.037383177570093455,0.015384615384615385,0.12334801762114538,0.13962264150943396,0.1111111111111111,0.12096774193548387,0.13157894736842105,0.004032258064516129,0.7058823529411765,0.08695652173913043,0.6,0.7272727272727273,0.4583333333333333,0.21521739130434783,0.40404040404040403,0.43010752688172044,0.4,0.07173913043478261,0.48484848484848486,0.48484848484848486,0.5625,0.13043478260869565,0.4166666666666667,0.423728813559322,1.0,0.4956521739130435,0.35526315789473684,0.36818181818181817,0.9012345679012346,0.06818181818181818,1.0,0.3333333333333333,0.20454545454545456,0.2222222222222222,1.0,0.38636363636363635,0.47058823529411764,0.875,0.06521739130434782,0.6666666666666666,0.08695652173913043,0.625,0.5543478260869565,0.23529411764705882,0.7130434782608696,0.35526315789473684,0.48624163043478263,0.5051770833333333,0.45437934782608697,0.05785123966942149,0.125,0.0136986301369863,0.09156193895870736,0.1867145421903052,8.966279069767442,24.832291666666666,0.375,0.2711864406779661,0.35294117647058826,0.3089887640449438,0.21050402371876323,player_totals,wnba,2026,Regular Season,/get-totals/wnba,"{""Season"": ""2026"", ""SeasonType"": ""Regular Season"", ""Type"": ""Player""}",20260921T185714Z,2026-09-21T18:57:18+00:00,89917325a249954fe97fbf88bcc7183b5ab8c19645dff65dba8edd631a602d28,,,0.02,,4.0,0.016666666666666666,,,,,,"[""single_row_table_data"", ""multi_row_table_data""]",{},1629524,Bridget Carleton,player_totals,2026-09-21T18:57:21+00:00,20260921T185714Z,35f68c76a576376e58bed22bc700c81bdc6a5bd639482b851ec3e9285fb2c721
1642286,1611661325,Caitlin Clark,Caitlin Clark,1642286,IND,71611.0,38,1194,169,2459,2439,668.0,567.0,295.0,4898,85.0,130.0,6.0,9.0,15.0,27.0,45.0,99.0,31.0,72.0,7.0,12.0,1.0,2.0,2.0,2.0,104.0,290.0,4.0,12.0,26.0,59.0,161.0,301.0,111.0,302.0,207.0,862.0,2721,9.0,19.0,5.0,14.0,8.0,41.0,29.0,67.0,28.0,61.0,91.0,233.0,60.0,262.0,159.0,174.0,2.0,290.0,104.0,26.0,2.0,253.0,66.0,319.0,49.0,17.0,173.0,59.0,21.0,704.0,5.0,3.0,,68.0,66.0,5.0,139.0,8.0,147.0,5.0,37.0,29.0,8.0,116.0,31.0,88.0,61.0,12.0,28.0,1.0,4.0,177.0,7.0,44.0,62.0,121.0,,4.0,8.0,238.0,2.0,,10.0,244.0,13.0,7.0,70.0,10.0,40.0,19.0,,,14.0,,5.0,19.0,10.0,,821.0,223.0,659.0,12.0,34.0,3.0,57.0,3.0,49.0,1.0,58.0,16.0,10.0,117.52745018300122,111.56211562115621,0.18633540372670807,0.1875,0.4774774774774775,0.3675496688741722,0.35714285714285715,0.45901639344262296,0.3675496688741722,0.5348837209302325,0.47368421052631576,0.43283582089552236,0.543117744610282,0.5,0.5546875,0.6043723554301833,0.5394736842105263,0.6366120218579235,0.5008291873963516,0.006622516556291391,0.08637873754152824,0.12307692307692308,0.08080808080808081,0.0034482758620689655,31.790455687118765,0.655367231638418,0.06578947368421052,,0.1004566210045662,0.0053475935828877,0.15178571428571427,0.010660980810234541,0.12126696832579185,0.007766990291262136,,0.009389671361502348,0.010554089709762533,0.011111111111111112,0.09420289855072464,0.09285714285714286,0.13861386138613863,0.14697406340057637,0.16831683168316833,0.0165016501650165,0.5263157894736842,0.2155887230514096,0.6538461538461539,0.7456140350877193,0.21176470588235294,0.16417910447761194,0.45454545454545453,0.4945054945054945,0.2,0.11940298507462686,0.4305555555555556,0.44285714285714284,0.0967741935483871,0.01990049751243781,0.5833333333333334,0.6363636363636364,0.8571428571428571,0.48092868988391374,0.3586206896551724,0.35986159169550175,0.4519230769230769,0.2727272727272727,0.6666666666666666,0.6666666666666666,0.06060606060606061,0.5,1.0,0.36363636363636365,0.3333333333333333,0.75,0.2109375,0.5555555555555556,0.015625,1.0,0.4609375,0.4406779661016949,0.7164179104477612,0.3586206896551724,0.5028540833333334,0.48279130434782613,0.48690354330708663,0.11958146487294469,0.19553072625698323,0.03215434083601286,0.04756380510440835,0.2703016241299304,7.718604651162791,27.035761589403975,0.4444444444444444,0.2777777777777778,0.2682926829268293,0.29842931937172773,0.2716551443676291,player_totals,wnba,2026,Regular Season,/get-totals/wnba,"{""Season"": ""2026"", ""SeasonType"": ""Regular Season"", ""Type"": ""Player""}",20260921T185714Z,2026-09-21T18:57:18+00:00,7f7d60cba6ba3e2f197807974040bc497271c7d92f74f54b5399edfde82fa630,1.0,0.027777777777777776,0.009345794392523364,,,0.08333333333333333,,,,,,"[""single_row_table_data"", ""multi_row_table_data""]",{},1642286,Caitlin Clark,player_totals,2026-09-21T18:57:21+00:00,20260921T185714Z,55ce05e213e02b72256854ecb763ea657154a73718f3cc206daec87938ea5da7
1631007,1611661331,Veronica Burton,Veronica Burton,1631007,GSV,71590.20000000001,42,1193,315,2203,2219,450.0,507.0,321.0,4422,49.0,75.0,2.0,3.0,4.0,11.0,51.0,125.0,6.0,23.0,7.0,16.0,,2.0,,1.0,51.0,148.0,10.0,25.0,7.0,34.0,106.0,223.0,58.0,164.0,120.0,506.0,2165,5.0,16.0,10.0,27.0,11.0,51.0,19.0,38.0,7.0,35.0,51.0,110.0,76.0,136.0,141.0,33.0,2.0,148.0,51.0,22.0,4.0,111.0,128.0,239.0,94.0,34.0,39.0,56.0,16.0,606.0,28.0,19.0,1.0,41.0,56.0,5.0,102.0,48.0,150.0,4.0,67.0,53.0,14.0,37.0,8.0,26.0,23.0,3.0,11.0,1.0,,60.0,8.0,13.0,39.0,104.0,2.0,12.0,6.0,183.0,7.0,17.0,18.0,145.0,23.0,1.0,60.0,,22.0,17.0,1.0,,7.0,1.0,8.0,18.0,12.0,1.0,455.0,103.0,436.0,12.0,17.0,2.0,25.0,4.0,15.0,,20.0,10.0,,112.57376305038584,97.56647138350608,0.3584905660377358,0.3619047619047619,0.8103448275862069,0.35365853658536583,0.37037037037037035,0.2,0.35365853658536583,0.47533632286995514,0.3125,0.5,0.49870801033591733,0.46511627906976744,0.4041095890410959,0.5672645739910314,0.5204081632653061,0.5392156862745098,0.42377260981912146,0.024390243902439025,0.09865470852017937,0.12,0.096,0.013513513513513514,19.566898685228153,0.6166666666666667,0.08333333333333333,0.017857142857142856,0.09443507588532883,0.033216783216783216,0.08798283261802575,0.04597701149425287,0.09159584513692162,0.03979678238780694,0.03007518796992481,0.025,0.03655913978494624,0.0763888888888889,0.10067114093959731,0.10122699386503067,0.06779661016949153,0.08611111111111111,0.09433962264150944,0.02072538860103627,0.6666666666666666,0.1937984496124031,0.6533333333333333,0.7424242424242424,0.3469387755102041,0.32299741602067183,0.408,0.45132743362831856,0.39215686274509803,0.059431524547803614,0.2608695652173913,0.2727272727272727,0.16666666666666666,0.041343669250646,0.4375,0.5,1.0,0.38242894056847543,0.34459459459459457,0.3493150684931507,0.7843137254901961,0.06976744186046512,0.6666666666666666,0.5,0.046511627906976744,,,0.5813953488372093,0.4,0.8,0.1506849315068493,0.36363636363636365,0.0136986301369863,,0.4657534246575342,0.20588235294117646,0.6175710594315246,0.34459459459459457,0.4699218997361478,0.45272241379310346,0.42619393939393935,0.14150943396226415,0.23076923076923078,,0.1007905138339921,0.21739130434782608,6.888789237668162,27.48170731707317,0.3076923076923077,0.20270270270270271,0.375,0.38235294117647056,0.20426690876078074,player_totals,wnba,2026,Regular Season,/get-totals/wnba,"{""Season"": ""2026"", ""SeasonType"": ""Regular Season"", ""Type"": ""Player""}",20260921T185714Z,2026-09-21T18:57:18+00:00,3afe9e3a1a73a5348fed08c08637ea806fa4c36394e353e2ead214d0798eb9e7,,0.043478260869565216,0.058823529411764705,2.0,,0.125,,,,,,"[""single_row_table_data"", ""multi_row_table_data""]",{},1631007,Veronica Burton,player_totals,2026-09-21T18:57:21+00:00,20260921T185714Z,839d76869ca77c9350f464231f8be87b090f0bd5394a83ccba144b9bd94422bc
1631044,1611661330,Naz Hillmon,Naz Hillmon,1631044,ATL,71158.20000000001,41,1186,233,2375,2367,575.0,511.0,360.0,4742,79.0,122.0,13.0,24.0,17.0,24.0,10.0,17.0,1.0,4.0,15.0,43.0,1.0,1.0,4.0,13.0,33.0,114.0,2.0,10.0,6.0,21.0,90.0,143.0,48.0,157.0,43.0,367.0,2498,13.0,25.0,3.0,11.0,4.0,39.0,19.0,28.0,10.0,34.0,14.0,82.0,152.0,28.0,144.0,,18.0,114.0,33.0,18.0,2.0,39.0,26.0,65.0,23.0,3.0,24.0,12.0,3.0,156.0,20.0,35.0,7.0,41.0,79.0,7.0,127.0,62.0,189.0,9.0,25.0,21.0,4.0,35.0,4.0,25.0,21.0,1.0,10.0,2.0,2.0,56.0,9.0,12.0,38.0,86.0,2.0,10.0,7.0,59.0,,4.0,4.0,52.0,12.0,,28.0,,4.0,15.0,1.0,1.0,7.0,,8.0,16.0,10.0,,328.0,82.0,570.0,8.0,4.0,12.0,23.0,7.0,48.0,,25.0,3.0,,114.98947368421052,105.53443177017321,0.8444444444444444,0.9382716049382716,1.0,0.3057324840764331,0.2727272727272727,0.29411764705882354,0.3057324840764331,0.6293706293706294,0.52,0.6785714285714286,0.54,0.4861111111111111,0.5483870967741935,0.5734375,0.5416666666666666,0.5857142857142857,0.5233333333333333,0.012738853503184714,0.1258741258741259,0.13934426229508196,0.058823529411764705,,13.40941512125535,0.625,0.10294117647058823,0.08860759493670886,0.13908450704225353,0.057755775577557754,0.10073710073710074,0.03636363636363636,0.12307692307692308,0.04757785467128028,0.05405405405405406,0.07079646017699115,0.037444933920704845,0.03125,0.13574660633484162,0.1566265060240964,0.10204081632653061,0.09567901234567901,0.12048192771084337,0.06382978723404255,0.625,0.4066666666666667,0.6475409836065574,0.7523809523809524,0.8354430379746836,0.056666666666666664,0.5882352941176471,0.625,0.9,0.013333333333333334,0.25,0.25,1.0,0.14333333333333334,0.3488372093023256,0.36585365853658536,1.0,0.38,0.2894736842105263,0.2894736842105263,1.0,0.6666666666666666,0.5416666666666666,0.23076923076923078,0.027777777777777776,1.0,1.0,0.2777777777777778,0.2,1.0,0.3870967741935484,0.7083333333333334,0.20967741935483872,0.3076923076923077,0.3387096774193548,0.2857142857142857,0.93,0.2894736842105263,0.5473595,0.5682758620689655,0.5403266129032258,0.08860759493670886,0.1761006289308176,,0.10626702997275204,0.22343324250681199,2.893006993006993,24.427388535031845,0.40476190476190477,0.5714285714285714,,0.32407407407407407,0.24210526315789474,player_totals,wnba,2026,Regular Season,/get-totals/wnba,"{""Season"": ""2026"", ""SeasonType"": ""Regular Season"", ""Type"": ""Player""}",20260921T185714Z,2026-09-21T18:57:18+00:00,d9097f150bc7e059e33a282fe6659ffcd70bcb62fb66c3293ab2db7dfa561379,,,0.02127659574468085,,,0.046511627906976744,,,,,,"[""single_row_table_data"", ""multi_row_table_data""]",{},1631044,Naz Hillmon,player_totals,2026-09-21T18:57:21+00:00,20260921T185714Z,fd36a3786ffdae5d520165a79e8e798aecc1b54c66bbda99ad4b30c85269b287
1630996,1611661320,Rae Burrell,Rae Burrell,1630996,LAS,70665.5,41,1178,-152,2401,2421,610.0,522.0,247.0,4822,97.0,148.0,8.0,10.0,25.0,36.0,39.0,115.0,5.0,11.0,18.0,40.0,1.0,3.0,4.0,10.0,47.0,132.0,,5.0,13.0,40.0,141.0,274.0,65.0,172.0,123.0,600.0,2755,11.0,18.0,1.0,8.0,8.0,33.0,37.0,68.0,17.0,50.0,56.0,181.0,146.0,136.0,177.0,18.0,8.0,132.0,47.0,27.0,1.0,82.0,24.0,106.0,12.0,12.0,55.0,22.0,5.0,236.0,14.0,9.0,,38.0,23.0,12.0,73.0,23.0,96.0,3.0,34.0,31.0,3.0,71.0,12.0,47.0,28.0,8.0,24.0,,1.0,99.0,5.0,16.0,27.0,66.0,2.0,5.0,3.0,146.0,2.0,3.0,13.0,152.0,15.0,,66.0,1.0,17.0,13.0,12.0,4.0,5.0,8.0,8.0,25.0,10.0,,567.0,181.0,608.0,8.0,17.0,7.0,30.0,2.0,24.0,11.0,20.0,4.0,,108.41316118284048,113.7959520859149,0.5177304964539007,0.5328467153284672,0.9076923076923077,0.37790697674418605,0.125,0.34,0.37790697674418605,0.5145985401459854,0.6111111111111112,0.5441176470588235,0.5347533632286996,0.4807692307692308,0.5296610169491526,0.5836575875486382,0.532258064516129,0.5993377483443708,0.38565022421524664,0.005813953488372093,0.09854014598540146,0.0945945945945946,0.11304347826086956,0.007575757575757576,22.839046199701937,0.7171717171717171,0.1935483870967742,,0.04107142857142857,0.016853932584269662,0.07554671968190854,0.028513238289205704,0.05738476011288805,0.0224390243902439,0.01675977653631285,0.020761245674740483,0.027918781725888325,0.030927835051546393,0.02631578947368421,0.04460966542750929,0.0594059405940594,0.06493506493506493,0.11016949152542373,0.014150943396226415,0.4,0.33183856502242154,0.6554054054054054,0.7238805970149254,0.5154639175257731,0.257847533632287,0.3391304347826087,0.38235294117647056,0.5128205128205128,0.02466367713004484,0.45454545454545453,0.45454545454545453,0.6,0.08968609865470852,0.45,0.45,1.0,0.29596412556053814,0.3560606060606061,0.35877862595419846,0.8723404255319149,0.38461538461538464,0.8,0.375,0.11538461538461539,0.3333333333333333,1.0,0.19230769230769232,,,0.3050847457627119,0.6944444444444444,0.0847457627118644,0.4,0.3389830508474576,0.325,0.7174887892376681,0.3560606060606061,0.5232383408071749,0.46814999999999996,0.4974851694915254,0.13480885311871227,0.20307692307692307,0.005813953488372093,0.055,0.3016666666666667,4.764963503649635,24.55290697674419,0.2549019607843137,0.29333333333333333,0.16666666666666666,0.2616822429906542,0.2540608079966681,player_totals,wnba,2026,Regular Season,/get-totals/wnba,"{""Season"": ""2026"", ""SeasonType"": ""Regular Season"", ""Type"": ""Player""}",20260921T185714Z,2026-09-21T18:57:18+00:00,36428a0738a302e273fa057b5e169c696dc61dcd4314b1ca744cfc91dfed96de,1.0,,,,,,1.0,,,,,"[""single_row_table_data"", ""multi_row_table_data""]",{},1630996,Rae Burrell,player_totals,2026-09-21T18:57:21+00:00,20260921T185714Z,5f680403daad75c06ed121ee0b7d79bba1bed8027e8fb78e32f4563378f032f8
204324,1611661320,Dearica Hamby,Dearica Hamby,204324,LAS,70433.6,41,1174,-169,2394,2401,600.0,582.0,255.0,4795,180.0,264.0,31.0,43.0,45.0,66.0,39.0,109.0,,2.0,1.0,7.0,,,1.0,1.0,8.0,31.0,3.0,7.0,2.0,11.0,219.0,375.0,9.0,38.0,127.0,592.0,2698,34.0,58.0,3.0,7.0,28.0,105.0,58.0,101.0,3.0,12.0,49.0,174.0,326.0,112.0,27.0,,42.0,31.0,8.0,49.0,,69.0,30.0,99.0,20.0,10.0,35.0,26.0,8.0,228.0,31.0,43.0,4.0,85.0,114.0,9.0,208.0,78.0,286.0,12.0,61.0,45.0,16.0,46.0,4.0,23.0,31.0,4.0,23.0,,3.0,77.0,9.0,14.0,56.0,116.0,4.0,5.0,11.0,165.0,,16.0,10.0,186.0,22.0,2.0,86.0,,18.0,17.0,,,11.0,,6.0,17.0,7.0,2.0,487.0,174.0,598.0,11.0,17.0,8.0,43.0,,56.0,7.0,42.0,9.0,,105.6390977443609,112.36984589754269,0.7442922374429224,0.8232323232323232,1.0,0.23684210526315788,0.42857142857142855,0.25,0.23684210526315788,0.584,0.5862068965517241,0.5742574257425742,0.562953995157385,0.5923076923076923,0.5530973451327433,0.5969696969696969,0.6402439024390244,0.5838926174496645,0.09200968523002422,,0.13066666666666665,0.10606060606060606,0.1926605504587156,,21.260723610593065,0.5974025974025974,0.16071428571428573,0.05063291139240506,0.2007042253521127,0.07543859649122807,0.16699410609037327,0.06431535269709543,0.18477251624883936,0.07034220532319392,0.07853403141361257,0.07741935483870968,0.06565656565656566,0.05813953488372093,0.1827956989247312,0.21739130434782608,0.18867924528301888,0.16120906801007556,0.1875,0.08955223880597014,0.4117647058823529,0.639225181598063,0.6818181818181818,0.7627118644067796,0.7333333333333333,0.2639225181598063,0.3577981651376147,0.4431818181818182,0.7948717948717948,0.004842615012106538,,,,0.01694915254237288,0.14285714285714285,0.14285714285714285,1.0,0.07506053268765134,0.25806451612903225,0.25806451612903225,1.0,0.6615384615384615,0.7209302325581395,0.2903225806451613,,,,0.1076923076923077,0.42857142857142855,1.0,0.584070796460177,0.6818181818181818,0.008849557522123894,1.0,0.09734513274336283,0.18181818181818182,0.7312348668280871,0.25806451612903225,0.5482452784503632,0.5637044117647059,0.5250504424778761,0.18029350104821804,0.1958997722095672,,0.17736486486486486,0.2939189189189189,3.3295999999999997,24.876315789473683,0.2261904761904762,0.3188405797101449,0.5,0.42857142857142855,0.2506265664160401,player_totals,wnba,2026,Regular Season,/get-totals/wnba,"{""Season"": ""2026"", ""SeasonType"": ""Regular Season"", ""Type"": ""Player""}",20260921T185714Z,2026-09-21T18:57:18+00:00,c03e78b961df63bebb337c2ea055e5326f109a883d2a0f88ffd0927018018ada,,,0.057971014492753624,,,,,,,,,"[""single_row_table_data"", ""multi_row_table_data""]",{},204324,Dearica Hamby,player_totals,2026-09-21T18:57:21+00:00,20260921T185714Z,ce1204c0502ab5a8ba0e40e9b557e161c112a261d930d6c6b89a45dcbeacdcf9
1643428,1611661328,Flau'jae Johnson,Flau'jae Johnson,1643428,SEA,70157.1,41,1169,-114,2358,2382,451.0,494.0,289.0,4740,87.0,153.0,19.0,25.0,13.0,23.0,42.0,111.0,24.0,70.0,9.0,39.0,1.0,4.0,2.0,7.0,51.0,159.0,2.0,17.0,7.0,36.0,153.0,334.0,60.0,198.0,119.0,605.0,2570,27.0,50.0,3.0,21.0,16.0,79.0,24.0,56.0,9.0,43.0,23.0,98.0,166.0,140.0,132.0,48.0,20.0,159.0,51.0,38.0,3.0,84.0,35.0,119.0,25.0,10.0,54.0,20.0,10.0,273.0,20.0,25.0,1.0,67.0,72.0,11.0,150.0,46.0,196.0,14.0,57.0,39.0,18.0,74.0,14.0,47.0,31.0,3.0,27.0,1.0,3.0,105.0,9.0,16.0,48.0,113.0,2.0,4.0,4.0,119.0,,3.0,7.0,149.0,11.0,,72.0,3.0,3.0,17.0,12.0,9.0,9.0,3.0,6.0,29.0,18.0,,526.0,98.0,448.0,12.0,3.0,,89.0,,48.0,4.0,48.0,4.0,,104.15606446140798,107.89252728799327,0.5424836601307189,0.5804195804195804,0.7333333333333333,0.30303030303030304,0.14285714285714285,0.20930232558139536,0.30303030303030304,0.45808383233532934,0.54,0.42857142857142855,0.4567669172932331,0.44366197183098594,0.3787878787878788,0.505008347245409,0.5064102564102564,0.44144144144144143,0.37218045112781956,0.015151515151515152,0.11377245508982035,0.1437908496732026,0.13513513513513514,0.012578616352201259,26.209977661950855,0.7047619047619048,0.1864406779661017,0.020833333333333332,0.12020033388981637,0.04071661237785016,0.12761904761904763,0.04008016032064128,0.12366548042704627,0.04043126684636118,0.035175879396984924,0.03514376996805112,0.03194103194103194,0.07608695652173914,0.09574468085106383,0.10679611650485436,0.20588235294117646,0.12649164677804295,0.1320754716981132,0.051094890510948905,0.6206896551724138,0.287593984962406,0.5686274509803921,0.6641221374045801,0.4367816091954023,0.20864661654135339,0.3783783783783784,0.4375,0.6190476190476191,0.13157894736842105,0.34285714285714286,0.34782608695652173,0.7916666666666666,0.07330827067669173,0.23076923076923078,0.23684210526315788,0.8888888888888888,0.29887218045112784,0.32075471698113206,0.3248407643312102,0.7058823529411765,0.352112676056338,0.76,0.3157894736842105,0.056338028169014086,0.25,1.0,0.23943661971830985,0.11764705882352941,1.0,0.23232323232323232,0.5652173913043478,0.0707070707070707,0.2857142857142857,0.36363636363636365,0.19444444444444445,0.6597744360902256,0.32075471698113206,0.5060334274952919,0.48098815789473687,0.4625224489795918,0.12436974789915967,0.18227848101265823,0.01,0.1305785123966942,0.16198347107438016,7.409281437125748,24.945959595959597,0.3181818181818182,0.36764705882352944,0.3695652173913043,0.25925925925925924,0.1912637828668363,player_totals,wnba,2026,Regular Season,/get-totals/wnba,"{""Season"": ""2026"", ""SeasonType"": ""Regular Season"", ""Type"": ""Player""}",20260921T185714Z,2026-09-21T18:57:18+00:00,c146e2e8808181ec0cb9d3d5152b7cfd2acdaf66ef7c80a30b118682032cb8d8,,0.014285714285714285,0.06862745098039216,2.0,,0.02564102564102564,1.0,,,,,"[""single_row_table_data"", ""multi_row_table_data""]",{},1643428,Flau'jae Johnson,player_totals,2026-09-21T18:57:21+00:00,20260921T185714Z,7d76ccec68ef80b2a58838766f59753a1befcb210b80e76f809c0e3af84cb973
1629567,1611661328,Natisha Hiedeman,Natisha Hiedeman,1629567,SEA,69934.3,39,1166,-109,2342,2356,502.0,533.0,290.0,4698,54.0,75.0,2.0,2.0,15.0,19.0,64.0,141.0,17.0,41.0,9.0,21.0,3.0,6.0,2.0,5.0,61.0,194.0,9.0,24.0,14.0,51.0,135.0,257.0,70.0,215.0,96.0,576.0,2588,5.0,12.0,12.0,30.0,2.0,48.0,32.0,62.0,16.0,56.0,34.0,146.0,76.0,194.0,156.0,54.0,4.0,194.0,61.0,16.0,3.0,111.0,74.0,185.0,61.0,13.0,60.0,36.0,15.0,444.0,4.0,5.0,1.0,47.0,39.0,3.0,89.0,10.0,99.0,4.0,40.0,35.0,5.0,62.0,18.0,47.0,26.0,1.0,15.0,1.0,3.0,88.0,5.0,8.0,33.0,65.0,,2.0,1.0,91.0,,1.0,9.0,111.0,9.0,6.0,40.0,5.0,10.0,5.0,,,3.0,,2.0,5.0,3.0,,528.0,141.0,498.0,8.0,7.0,,10.0,,16.0,,5.0,1.0,,105.84970111016224,109.84719864176571,0.2814814814814815,0.2857142857142857,0.7428571428571429,0.32558139534883723,0.4,0.2857142857142857,0.32558139534883723,0.5252918287937743,0.4166666666666667,0.5161290322580645,0.5084745762711864,0.5476190476190477,0.4745762711864407,0.5512572533849129,0.5465116279069767,0.5291970802919708,0.4555084745762712,0.013953488372093023,0.0622568093385214,0.04,0.0851063829787234,0.015463917525773196,22.608370702541105,0.7045454545454546,0.05,0.02040816326530612,0.06565656565656566,0.008183306055646482,0.0905587668593449,0.00796812749003984,0.07726864330637916,0.008086253369272238,0.005128205128205128,0.012779552715654952,0.0072992700729927005,0.01098901098901099,0.06770833333333333,0.0627062706270627,0.0707070707070707,0.0845771144278607,0.1111111111111111,0.016597510373443983,0.6,0.15889830508474576,0.72,0.75,0.3333333333333333,0.298728813559322,0.45390070921985815,0.49612403100775193,0.1875,0.08686440677966102,0.4146341463414634,0.425,0.47058823529411764,0.04449152542372881,0.42857142857142855,0.42857142857142855,1.0,0.4110169491525424,0.31443298969072164,0.3193717277486911,0.7049180327868853,0.047619047619047616,1.0,0.5,0.14285714285714285,0.5,1.0,0.5714285714285714,0.375,1.0,0.16101694915254236,0.7894736842105263,0.0423728813559322,0.4,0.4322033898305085,0.27450980392156865,0.614406779661017,0.31443298969072164,0.47545031847133756,0.478409375,0.45024358974358974,0.08695652173913043,0.1388888888888889,0.01834862385321101,0.08333333333333333,0.2534722222222222,7.901945525291828,25.3953488372093,0.47619047619047616,0.37662337662337664,0.3333333333333333,0.2978723404255319,0.2143467122117848,player_totals,wnba,2026,Regular Season,/get-totals/wnba,"{""Season"": ""2026"", ""SeasonType"": ""Regular Season"", ""Type"": ""Player""}",20260921T185714Z,2026-09-21T18:57:18+00:00,de9929e42eb8d907c3a90a5cad16da103f5fc9792c06bc870ae17d5bcb53b33b,1.0,0.024390243902439025,,,,,,,,,,"[""single_row_table_data"", ""multi_row_table_data""]",{},1629567,Natisha Hiedeman,player_totals,2026-09-21T18:57:21+00:00,20260921T185714Z,1db1a396b1a601dd23d6ba44d23482867914df733f6b4e999d6e8beae3fbd402
1627673,1611661313,Jonquel Jones,Jonquel Jones,1627673,NYL,69533.79999999999,41,1159,79,2278,2291,512.0,458.0,271.0,4569,87.0,132.0,30.0,46.0,14.0,25.0,31.0,68.0,10.0,21.0,11.0,30.0,1.0,2.0,2.0,8.0,64.0,159.0,4.0,7.0,10.0,33.0,128.0,221.0,75.0,189.0,116.0,597.0,2482,37.0,58.0,5.0,9.0,27.0,116.0,20.0,35.0,12.0,41.0,43.0,119.0,160.0,96.0,210.0,15.0,50.0,159.0,64.0,23.0,1.0,66.0,39.0,105.0,26.0,13.0,47.0,18.0,1.0,249.0,31.0,48.0,4.0,100.0,165.0,16.0,281.0,83.0,364.0,11.0,25.0,19.0,6.0,41.0,12.0,24.0,47.0,1.0,17.0,1.0,3.0,88.0,11.0,15.0,44.0,119.0,3.0,13.0,25.0,144.0,,17.0,,141.0,15.0,,52.0,3.0,21.0,44.0,3.0,2.0,25.0,1.0,19.0,47.0,27.0,5.0,481.0,119.0,498.0,8.0,21.0,4.0,90.0,7.0,56.0,14.0,43.0,7.0,5.0,112.42317822651448,108.33697075512876,0.625,0.7766990291262136,0.9333333333333333,0.3968253968253968,0.5555555555555556,0.2926829268292683,0.3968253968253968,0.579185520361991,0.6379310344827587,0.5714285714285714,0.5865853658536585,0.664179104477612,0.5,0.6337579617834395,0.7160493827160493,0.5776699029126213,0.4609756097560976,0.005291005291005291,0.10407239819004525,0.10606060606060606,0.1323529411764706,0.006289308176100629,21.393034825870647,0.4659090909090909,0.26666666666666666,0.09090909090909091,0.2727272727272727,0.0975609756097561,0.20408163265306123,0.05950095969289827,0.2420091324200913,0.07798617966436328,0.12209302325581395,0.08664259927797834,0.041666666666666664,0.10948905109489052,0.26262626262626265,0.2743682310469314,0.2846153846153846,0.2041343669250646,0.20388349514563106,0.06043956043956044,0.574468085106383,0.32195121951219513,0.6590909090909091,0.7372881355932204,0.6436781609195402,0.16585365853658537,0.45588235294117646,0.5254237288135594,0.6129032258064516,0.05121951219512195,0.47619047619047616,0.47619047619047616,0.5,0.07317073170731707,0.36666666666666664,0.36666666666666664,1.0,0.3878048780487805,0.4025157232704403,0.4050632911392405,0.921875,0.6865671641791045,0.6521739130434783,0.23333333333333334,0.029850746268656716,0.5,1.0,0.1044776119402985,0.5714285714285714,1.0,0.32894736842105265,0.56,0.10526315789473684,0.25,0.4342105263157895,0.30303030303030304,0.7829268292682927,0.4025157232704403,0.519149512195122,0.5635820512820513,0.5225375,0.12222222222222222,0.20155038759689922,0.015625,0.19430485762144054,0.19932998324958123,5.20316742081448,24.91111111111111,0.35555555555555557,0.1891891891891892,0.09090909090909091,0.26548672566371684,0.2247585601404741,player_totals,wnba,2026,Regular Season,/get-totals/wnba,"{""Season"": ""2026"", ""SeasonType"": ""Regular Season"", ""Type"": ""Player""}",20260921T185714Z,2026-09-21T18:57:18+00:00,14e5e08c98a25ca5f40b4ac0bda70ca106c0b4cd028f625a50b7e61770e1a808,,,0.06976744186046512,,,,,,,,,"[""single_row_table_data"", ""multi_row_table_data""]",{},1627673,Jonquel Jones,player_totals,2026-09-21T18:57:21+00:00,20260921T185714Z,47a9a1dd41749dde952ee7e8bf0d9e54381ef7d2542457676328d1bbdd9f8856
204333,1611661329,Natasha Cloud,Natasha Cloud,204333,CHI,67592.1,40,1127,-111,2298,2319,538.0,733.0,256.0,4617,60.0,81.0,5.0,6.0,13.0,19.0,21.0,50.0,24.0,49.0,4.0,10.0,,1.0,1.0,3.0,41.0,116.0,2.0,8.0,10.0,30.0,105.0,180.0,45.0,126.0,100.0,445.0,2527,8.0,14.0,2.0,9.0,3.0,25.0,25.0,47.0,11.0,33.0,31.0,114.0,74.0,136.0,93.0,42.0,2.0,116.0,41.0,5.0,1.0,127.0,66.0,193.0,47.0,19.0,91.0,23.0,13.0,452.0,6.0,5.0,,70.0,45.0,9.0,124.0,11.0,135.0,3.0,42.0,33.0,9.0,52.0,23.0,41.0,34.0,4.0,11.0,,,86.0,4.0,23.0,58.0,117.0,,6.0,4.0,96.0,1.0,4.0,8.0,117.0,11.0,,57.0,,7.0,8.0,5.0,5.0,1.0,,6.0,13.0,3.0,,420.0,108.0,532.0,12.0,4.0,10.0,98.0,5.0,44.0,6.0,51.0,22.0,1.0,105.1348999129678,108.96938335489435,0.3523809523809524,0.3557692307692308,0.6888888888888889,0.35714285714285715,0.2222222222222222,0.3333333333333333,0.35714285714285715,0.5833333333333334,0.5714285714285714,0.5319148936170213,0.5637254901960784,0.4782608695652174,0.51875,0.6197771587743732,0.5208333333333334,0.5876288659793815,0.4117647058823529,0.007936507936507936,0.027777777777777776,0.024691358024691357,0.04,0.008620689655172414,17.16158889317393,0.6046511627906976,0.13432835820895522,,0.07269789983844911,0.008,0.15659955257270694,0.0136986301369863,0.10787992495309569,0.010348071495766699,0.006644518272425249,0.012875536480686695,0.015151515151515152,0.009259259259259259,0.05785123966942149,0.0931174089068826,0.06153846153846154,0.17052023121387283,0.10891089108910891,0.02040816326530612,0.23076923076923078,0.2647058823529412,0.7407407407407407,0.759493670886076,0.36666666666666664,0.16339869281045752,0.42,0.4375,0.19047619047619047,0.16013071895424835,0.4897959183673469,0.5,0.4583333333333333,0.032679738562091505,0.4,0.4,1.0,0.3790849673202614,0.35344827586206895,0.3565217391304348,0.6585365853658537,0.2608695652173913,0.8333333333333334,0.2,0.043478260869565216,,,0.34782608695652173,0.25,1.0,0.2375,0.6842105263157895,0.0375,0.3333333333333333,0.375,0.3333333333333333,0.6764705882352942,0.35344827586206895,0.5055988524590164,0.5142973684210526,0.47644240506329116,0.16193181818181818,0.252212389380531,,0.056179775280898875,0.25617977528089886,8.043888888888889,24.846825396825395,0.23809523809523808,0.2413793103448276,0.28,0.3076923076923077,0.23411662315056572,player_totals,wnba,2026,Regular Season,/get-totals/wnba,"{""Season"": ""2026"", ""SeasonType"": ""Regular Season"", ""Type"": ""Player""}",20260921T185714Z,2026-09-21T18:57:18+00:00,de4449ae026b4b48a785b1608518efc068c75d35dffdf1e152d5b08430e91c38,,0.02040816326530612,,1.0,4.0,,,,,,,"[""single_row_table_data"", ""multi_row_table_data""]",{},204333,Natasha Cloud,player_totals,2026-09-21T18:57:21+00:00,20260921T185714Z,0661a58b157b3925c28086d8f51b1a98319123f515e872711f368c024fae4af6
1642792,1611661322,Kiki Iriafen,Kiki Iriafen,1642792,WAS,66247.0,39,1104,65,2155,2153,538.0,486.0,312.0,4308,167.0,252.0,58.0,79.0,43.0,64.0,44.0,133.0,8.0,24.0,3.0,11.0,,2.0,,,12.0,32.0,,1.0,2.0,8.0,219.0,409.0,15.0,43.0,123.0,606.0,2261,69.0,100.0,,3.0,31.0,169.0,53.0,94.0,2.0,8.0,52.0,164.0,288.0,150.0,45.0,,90.0,32.0,12.0,42.0,,41.0,19.0,60.0,12.0,7.0,29.0,10.0,2.0,139.0,40.0,72.0,10.0,86.0,149.0,18.0,253.0,122.0,375.0,12.0,27.0,19.0,8.0,28.0,7.0,17.0,39.0,1.0,11.0,1.0,5.0,67.0,6.0,11.0,59.0,126.0,2.0,16.0,18.0,168.0,,19.0,1.0,189.0,17.0,,81.0,,22.0,16.0,,,7.0,,9.0,16.0,8.0,,437.0,162.0,530.0,9.0,20.0,4.0,88.0,2.0,66.0,5.0,57.0,18.0,3.0,107.93503480278422,105.01625638643752,0.6575342465753424,0.8275862068965517,1.0,0.3488372093023256,,0.25,0.3488372093023256,0.5354523227383863,0.69,0.5638297872340425,0.5342920353982301,0.6699029126213593,0.5490196078431373,0.5631970260223048,0.676,0.5774647887323944,0.09513274336283185,,0.10268948655256724,0.07539682539682539,0.17293233082706766,,23.941432528690147,0.417910447761194,0.32142857142857145,0.11627906976744186,0.2491638795986622,0.11764705882352941,0.18736383442265794,0.11627906976744186,0.22232734153263956,0.11715481171548117,0.13675213675213677,0.09935897435897435,0.102880658436214,0.1485148514851485,0.25862068965517243,0.2621359223300971,0.2,0.1956521739130435,0.15384615384615385,0.06818181818181818,0.5,0.5575221238938053,0.6626984126984127,0.7167381974248928,0.6227544910179641,0.2942477876106195,0.3308270676691729,0.4,0.75,0.05309734513274336,0.3333333333333333,0.3333333333333333,0.875,0.024336283185840708,0.2727272727272727,0.2727272727272727,1.0,0.07079646017699115,0.375,0.375,1.0,0.7669902912621359,0.7341772151898734,0.15517241379310345,0.019417475728155338,,,0.009708737864077669,,,0.6274509803921569,0.671875,,,0.0784313725490196,0.25,0.6526548672566371,0.375,0.5239760532150776,0.5634376712328767,0.5247341584158416,0.1569767441860465,0.17124735729386892,,0.27887788778877887,0.2706270627062706,4.60880195599022,24.85116279069767,0.38823529411764707,0.29213483146067415,0.1875,0.35714285714285715,0.24965197215777263,player_totals,wnba,2026,Regular Season,/get-totals/wnba,"{""Season"": ""2026"", ""SeasonType"": ""Regular Season"", ""Type"": ""Player""}",20260921T185714Z,2026-09-21T18:57:18+00:00,1926e9ef4f41d403f27752e768a22acf0c9b00ce5cd347f7d3d4d46b501cce4a,,,0.13636363636363635,,8.0,,,,,,,"[""single_row_table_data"", ""multi_row_table_data""]",{},1642792,Kiki Iriafen,player_totals,2026-09-21T18:57:21+00:00,20260921T185714Z,4a749833230b19e4599b2e50ed341b28b8e186bf4d753d804596470f9d248f19
1642289,1611661329,Kamilla Cardoso,Kamilla Cardoso,1642289,CHI,64929.0,41,1082,-121,2188,2213,356.0,480.0,240.0,4401,201.0,330.0,47.0,82.0,34.0,47.0,27.0,83.0,1.0,5.0,,,,,,,,,,,,,229.0,418.0,,,140.0,598.0,2446,50.0,91.0,,,32.0,132.0,38.0,55.0,,,33.0,109.0,358.0,100.0,,,76.0,,,58.0,,74.0,26.0,100.0,20.0,6.0,45.0,16.0,13.0,226.0,40.0,69.0,4.0,70.0,139.0,32.0,241.0,113.0,354.0,21.0,24.0,15.0,9.0,33.0,11.0,21.0,40.0,4.0,12.0,1.0,4.0,73.0,6.0,8.0,83.0,148.0,3.0,13.0,13.0,172.0,,16.0,2.0,187.0,27.0,,98.0,,9.0,60.0,1.0,,39.0,1.0,21.0,61.0,34.0,2.0,466.0,109.0,351.0,15.0,9.0,,77.0,2.0,55.0,12.0,85.0,17.0,5.0,106.26142595978062,110.52869408043381,0.7816593886462883,0.93717277486911,,,,,,0.5478468899521531,0.5494505494505495,0.6909090909090909,0.5478468899521531,0.5494505494505495,0.6909090909090909,0.6004016064257028,0.6055045871559633,0.7364864864864865,,,0.13875598086124402,0.14545454545454545,0.12048192771084337,,23.192526401299755,0.4520547945205479,0.5161290322580645,0.058823529411764705,0.2245557350565428,0.1140495867768595,0.16666666666666666,0.10101010101010101,0.20115495668912417,0.1088911088911089,0.13651877133105803,0.09913793103448276,0.09634551495016612,0.11578947368421053,0.2151394422310757,0.21176470588235294,0.2743362831858407,0.1305732484076433,0.27358490566037735,0.16153846153846155,0.5573770491803278,0.7894736842105263,0.6090909090909091,0.7127659574468085,0.7661691542288557,0.19856459330143542,0.3253012048192771,0.3698630136986301,0.8888888888888888,0.011961722488038277,0.2,0.2,1.0,,,,,,,,,0.9010989010989011,0.573170731707317,0.14893617021276595,,,,,,,0.8545454545454545,0.723404255319149,,,,,0.7894736842105263,,0.5835141148325359,0.6116216666666666,0.6065363636363635,0.20040899795501022,0.20040899795501022,,0.22073578595317725,0.18227424749163879,2.816028708133971,,0.3333333333333333,0.14814814814814814,,,0.16270566727605118,player_totals,wnba,2026,Regular Season,/get-totals/wnba,"{""Season"": ""2026"", ""SeasonType"": ""Regular Season"", ""Type"": ""Player""}",20260921T185714Z,2026-09-21T18:57:18+00:00,ab5520c85f2244f4a95b2dd1d8cb908db2aef1ad477db29455ebe2ee94419d32,,,0.075,,,,,,,,,"[""single_row_table_data"", ""multi_row_table_data""]",{},1642289,Kamilla Cardoso,player_totals,2026-09-21T18:57:21+00:00,20260921T185714Z,9cdac8d5c07237fbde1d3c4f8013975b32d567b92f31946919029ef2c197ca82
204365,1611661320,Erica Wheeler,Erica Wheeler,204365,LAS,64832.8,41,1081,-8,2187,2201,477.0,482.0,239.0,4388,35.0,63.0,2.0,4.0,9.0,17.0,28.0,66.0,13.0,26.0,6.0,17.0,,2.0,1.0,3.0,51.0,159.0,2.0,18.0,11.0,41.0,76.0,155.0,57.0,176.0,41.0,364.0,2425,3.0,9.0,2.0,20.0,,12.0,15.0,35.0,12.0,44.0,22.0,88.0,64.0,88.0,123.0,48.0,,159.0,51.0,12.0,3.0,138.0,69.0,207.0,58.0,11.0,84.0,40.0,14.0,483.0,5.0,4.0,,43.0,20.0,4.0,67.0,9.0,76.0,2.0,37.0,21.0,16.0,52.0,14.0,43.0,24.0,3.0,9.0,1.0,1.0,76.0,4.0,14.0,37.0,110.0,,5.0,2.0,76.0,1.0,3.0,15.0,47.0,5.0,3.0,14.0,,10.0,4.0,,,1.0,,3.0,4.0,3.0,,352.0,84.0,475.0,20.0,8.0,2.0,43.0,3.0,45.0,8.0,22.0,20.0,,110.5166895290352,110.17719218537027,0.42105263157894735,0.42105263157894735,0.7192982456140351,0.32386363636363635,0.1,0.2727272727272727,0.32386363636363635,0.49032258064516127,0.3333333333333333,0.42857142857142855,0.4879154078549849,0.20689655172413793,0.4177215189873418,0.5171428571428571,0.20689655172413793,0.4777777777777778,0.5317220543806647,0.017045454545454544,0.07741935483870968,0.09523809523809523,0.07575757575757576,0.018867924528301886,17.310036570499797,0.6842105263157895,0.06666666666666667,,0.03898635477582846,0.0076481835564053535,0.09307359307359307,0.011337868480725623,0.06461538461538462,0.00933609958506224,0.016853932584269662,0.0037174721189591076,0.011019283746556474,0.01282051282051282,0.022857142857142857,0.044534412955465584,0.054945054945054944,0.09776536312849161,0.07692307692307693,0.011235955056179775,0.75,0.1903323262839879,0.5555555555555556,0.6140350877192983,0.5142857142857142,0.19939577039274925,0.42424242424242425,0.45901639344262296,0.35714285714285715,0.07854984894259819,0.5,0.52,0.3076923076923077,0.0513595166163142,0.35294117647058826,0.35294117647058826,0.8333333333333334,0.48036253776435045,0.32075471698113206,0.3269230769230769,0.7058823529411765,0.13793103448275862,0.5,1.0,0.06896551724137931,,,0.6206896551724138,0.1111111111111111,1.0,0.21518987341772153,0.5294117647058824,0.0379746835443038,0.3333333333333333,0.5189873417721519,0.2682926829268293,0.7220543806646526,0.32075471698113206,0.4875456923076923,0.48967,0.45344533333333337,0.041176470588235294,0.08536585365853659,,0.03296703296703297,0.24175824175824176,7.334193548387097,25.910795454545454,0.4642857142857143,0.2631578947368421,0.15384615384615385,0.3274336283185841,0.21810699588477367,player_totals,wnba,2026,Regular Season,/get-totals/wnba,"{""Season"": ""2026"", ""SeasonType"": ""Regular Season"", ""Type"": ""Player""}",20260921T185714Z,2026-09-21T18:57:18+00:00,12c4ac5ce7f7c21cf95c6d21c4056b2a9bf99dbed11ed7a5636d5840b9dac91f,,0.038461538461538464,,,,,,,,,,"[""single_row_table_data"", ""multi_row_table_data""]",{},204365,Erica Wheeler,player_totals,2026-09-21T18:57:21+00:00,20260921T185714Z,60989227b4e9e0dba100447143947e9f53fd6c72473e0db2f150369788e9bf15
1628878,1611661320,Ariel Atkins,Ariel Atkins,1628878,LAS,64587.8,40,1076,-61,2184,2199,439.0,390.0,225.0,4383,29.0,39.0,4.0,6.0,5.0,6.0,29.0,68.0,16.0,45.0,14.0,40.0,,2.0,3.0,10.0,32.0,124.0,1.0,11.0,5.0,31.0,74.0,152.0,46.0,164.0,55.0,341.0,2387,13.0,19.0,1.0,13.0,1.0,30.0,12.0,23.0,8.0,41.0,28.0,76.0,100.0,48.0,138.0,,12.0,124.0,32.0,7.0,1.0,72.0,42.0,114.0,31.0,11.0,45.0,21.0,6.0,270.0,15.0,13.0,,41.0,47.0,1.0,89.0,28.0,117.0,6.0,66.0,43.0,23.0,36.0,8.0,31.0,23.0,3.0,5.0,1.0,,59.0,3.0,11.0,54.0,122.0,1.0,2.0,8.0,94.0,,9.0,29.0,59.0,4.0,2.0,22.0,1.0,7.0,14.0,1.0,1.0,5.0,,9.0,15.0,9.0,,311.0,76.0,439.0,8.0,7.0,2.0,61.0,,60.0,14.0,62.0,19.0,,106.5018315018315,108.5493406093679,0.6756756756756757,0.7352941176470589,1.0,0.2804878048780488,0.07692307692307693,0.1951219512195122,0.2804878048780488,0.4868421052631579,0.6842105263157895,0.5217391304347826,0.4525316455696203,0.453125,0.375,0.49707602339181284,0.45454545454545453,0.48717948717948717,0.5189873417721519,0.006097560975609756,0.046052631578947366,,0.08823529411764706,0.008064516129032258,16.47493837304848,0.6101694915254238,0.017857142857142856,,0.09437751004016064,0.024163568773234202,0.08742004264392324,0.03424657534246575,0.09100310237849017,0.028688524590163935,0.022727272727272728,0.017006802721088437,0.03932584269662921,0.012195121951219513,0.08695652173913043,0.11297071129707113,0.061224489795918366,0.09695290858725762,0.05555555555555555,0.03260869565217391,0.6,0.12341772151898735,0.7435897435897436,0.7435897435897436,0.6206896551724138,0.21518987341772153,0.4264705882352941,0.46774193548387094,0.6551724137931034,0.14240506329113925,0.35555555555555557,0.36363636363636365,0.8125,0.12658227848101267,0.35,0.35,1.0,0.3924050632911392,0.25806451612903225,0.2601626016260163,1.0,0.1875,0.6666666666666666,,0.0625,,,0.34375,0.09090909090909091,1.0,0.09375,0.8333333333333334,0.15625,0.3,0.484375,0.16129032258064516,0.6424050632911392,0.25806451612903225,0.48133682539682543,0.48172272727272725,0.4388746031746032,0.06865671641791045,0.12941176470588237,0.006060606060606061,0.08797653958944282,0.22287390029325513,9.590789473684211,24.975609756097562,0.2,0.3333333333333333,0.1724137931034483,0.19298245614035087,0.20100732600732601,player_totals,wnba,2026,Regular Season,/get-totals/wnba,"{""Season"": ""2026"", ""SeasonType"": ""Regular Season"", ""Type"": ""Player""}",20260921T185714Z,2026-09-21T18:57:18+00:00,bc57fe8fe619ce3574c840abacfde48040e8c7d04a29ed5cccc95d10b8220a23,,0.022222222222222223,0.058823529411764705,,,,,,,,,"[""single_row_table_data"", ""multi_row_table_data""]",{},1628878,Ariel Atkins,player_totals,2026-09-21T18:57:21+00:00,20260921T185714Z,dbfa450acba87c2282b7deb940d20546e838d00b1cc7eab89665f01bf69549b1
201886,1611661330,DeWanna Bonner,DeWanna Bonner,201886,ATL,64133.5,40,1069,-52,2117,2147,617.0,511.0,217.0,4264,64.0,90.0,8.0,15.0,10.0,17.0,18.0,54.0,8.0,24.0,14.0,55.0,1.0,4.0,3.0,14.0,33.0,122.0,2.0,9.0,7.0,30.0,90.0,168.0,47.0,177.0,89.0,410.0,2293,10.0,27.0,3.0,13.0,8.0,37.0,16.0,34.0,10.0,44.0,39.0,101.0,128.0,52.0,132.0,9.0,12.0,122.0,33.0,12.0,3.0,44.0,18.0,62.0,12.0,6.0,23.0,16.0,5.0,142.0,13.0,17.0,3.0,82.0,110.0,13.0,205.0,33.0,238.0,6.0,44.0,23.0,21.0,16.0,5.0,11.0,15.0,1.0,5.0,3.0,1.0,31.0,4.0,11.0,41.0,65.0,1.0,2.0,4.0,109.0,2.0,7.0,10.0,105.0,9.0,1.0,38.0,2.0,16.0,25.0,4.0,3.0,11.0,1.0,14.0,29.0,18.0,,373.0,97.0,610.0,3.0,11.0,,19.0,,5.0,1.0,12.0,1.0,,105.85734529995275,106.80018630647416,0.7111111111111111,0.7619047619047619,0.9361702127659575,0.2655367231638418,0.23076923076923078,0.22727272727272727,0.2655367231638418,0.5357142857142857,0.37037037037037035,0.47058823529411764,0.4652173913043478,0.3625,0.3974358974358974,0.5242966751918159,0.42045454545454547,0.51010101010101,0.5130434782608696,0.01694915254237288,0.07142857142857142,0.022222222222222223,0.18518518518518517,,17.778716216216218,0.5161290322580645,0.24074074074074073,0.039473684210526314,0.21153846153846154,0.03275529865125241,0.17903930131004367,0.030732860520094562,0.19631901840490798,0.03184713375796178,0.06040268456375839,0.022556390977443608,0.023178807947019868,0.049586776859504134,0.23952095808383234,0.20463320463320464,0.18085106382978725,0.17771883289124668,0.18518518518518517,0.031578947368421054,0.6206896551724138,0.2608695652173913,0.7111111111111111,0.7272727272727273,0.671875,0.1565217391304348,0.3333333333333333,0.4090909090909091,0.7777777777777778,0.06956521739130435,0.3333333333333333,0.3333333333333333,0.875,0.15942028985507245,0.2545454545454545,0.2692307692307692,1.0,0.3536231884057971,0.27049180327868855,0.27049180327868855,0.9090909090909091,0.375,0.5333333333333333,0.25,0.1,0.25,1.0,0.225,0.2222222222222222,1.0,0.21794871794871795,0.5882352941176471,0.1794871794871795,0.21428571428571427,0.38461538461538464,0.23333333333333334,0.7739130434782608,0.27049180327868855,0.5134292753623189,0.45193750000000005,0.4779961538461539,0.10666666666666667,0.19289340101522842,0.011235955056179775,0.09024390243902439,0.24634146341463414,6.107142857142857,25.427683615819213,0.4230769230769231,0.2,0.4,0.26356589147286824,0.29145016532829476,player_totals,wnba,2026,Regular Season,/get-totals/wnba,"{""Season"": ""2026"", ""SeasonType"": ""Regular Season"", ""Type"": ""Player""}",20260921T185714Z,2026-09-21T18:57:18+00:00,f01c26c60a18d9ef817e334279c655b35281a99fa02a4c0d93a1047c87b99392,1.0,,0.019230769230769232,,,0.05454545454545454,,,,,,"[""single_row_table_data"", ""multi_row_table_data""]",{},201886,DeWanna Bonner,player_totals,2026-09-21T18:57:21+00:00,20260921T185714Z,8df7717f8daf75425fd702dde37a5a43d5e1c7ad19862cf60df0ea1b6054cafc
1643420,1611661332,Laura Juskaite,Laura Juskaite,1643420,TOR,63475.100000000006,42,1058,-177,2103,2127,495.0,515.0,244.0,4230,92.0,143.0,13.0,23.0,17.0,28.0,28.0,62.0,2.0,5.0,14.0,36.0,1.0,1.0,5.0,6.0,27.0,95.0,4.0,20.0,4.0,17.0,122.0,210.0,41.0,131.0,93.0,460.0,2494,16.0,28.0,5.0,21.0,11.0,58.0,24.0,46.0,9.0,23.0,43.0,118.0,162.0,82.0,117.0,6.0,16.0,95.0,27.0,19.0,2.0,36.0,34.0,70.0,21.0,13.0,26.0,7.0,3.0,174.0,26.0,17.0,3.0,45.0,71.0,14.0,130.0,46.0,176.0,5.0,52.0,34.0,18.0,43.0,12.0,23.0,42.0,4.0,20.0,3.0,7.0,85.0,5.0,14.0,55.0,137.0,2.0,17.0,14.0,112.0,,11.0,6.0,115.0,13.0,,47.0,,17.0,9.0,1.0,,3.0,1.0,6.0,10.0,7.0,1.0,402.0,118.0,493.0,15.0,16.0,2.0,87.0,,59.0,7.0,57.0,20.0,2.0,110.17593913456966,117.25434884814293,0.6639344262295082,0.7105263157894737,0.9512195121951219,0.31297709923664124,0.23809523809523808,0.391304347826087,0.31297709923664124,0.580952380952381,0.5714285714285714,0.5217391304347826,0.5381231671554252,0.47959183673469385,0.5434782608695652,0.5867346938775511,0.5,0.6413043478260869,0.3841642228739003,0.015267175572519083,0.09047619047619047,0.09090909090909091,0.0967741935483871,0.021052631578947368,19.875,0.5058823529411764,0.2641509433962264,0.061224489795918366,0.1440162271805274,0.03288201160541586,0.10044642857142858,0.057649667405764965,0.12327311370882041,0.04442148760330578,0.021645021645021644,0.0380952380952381,0.05397727272727273,0.0707070707070707,0.1324200913242009,0.18518518518518517,0.08235294117647059,0.0990990990990991,0.10434782608695652,0.033112582781456956,0.7,0.41935483870967744,0.6433566433566433,0.7076923076923077,0.6739130434782609,0.18181818181818182,0.45161290322580644,0.5,0.6785714285714286,0.01466275659824047,0.4,0.4,,0.10557184750733138,0.3888888888888889,0.3888888888888889,1.0,0.2785923753665689,0.28421052631578947,0.2903225806451613,0.9259259259259259,0.46938775510204084,0.5652173913043478,0.3076923076923077,0.02040816326530612,1.0,1.0,0.40816326530612246,0.2,0.75,0.4057971014492754,0.6071428571428571,0.08695652173913043,0.8333333333333334,0.2463768115942029,0.23529411764705882,0.8035190615835777,0.28421052631578947,0.5372143067846608,0.5525166666666667,0.5055404411764706,0.12533333333333332,0.19262295081967212,,0.12608695652173912,0.2565217391304348,4.077142857142857,25.136641221374045,0.3333333333333333,0.18181818181818182,0.6666666666666666,0.2823529411764706,0.23537803138373753,player_totals,wnba,2026,Regular Season,/get-totals/wnba,"{""Season"": ""2026"", ""SeasonType"": ""Regular Season"", ""Type"": ""Player""}",20260921T185714Z,2026-09-21T18:57:18+00:00,0bb7d0ec49a249e4b846f332de9bf9abc6752a0399bbbeae3ba417ad3e23db3c,,,0.05263157894736842,,3.0,,,,,,,"[""single_row_table_data"", ""multi_row_table_data""]",{},1643420,Laura Juskaite,player_totals,2026-09-21T18:57:21+00:00,20260921T185714Z,898422c29ab84c0c6e968beb8de53e03a3debd7abab435ea5be740fc32fb730e
1631083,1611661327,Emily Engstler,Emily Engstler,1631083,PDX,63080.2,43,1051,-92,2102,2110,530.0,697.0,248.0,4212,66.0,101.0,9.0,17.0,15.0,22.0,40.0,94.0,4.0,9.0,16.0,38.0,3.0,4.0,3.0,11.0,39.0,109.0,2.0,8.0,3.0,15.0,110.0,204.0,55.0,147.0,50.0,435.0,2389,20.0,37.0,5.0,12.0,8.0,63.0,26.0,48.0,6.0,26.0,18.0,88.0,128.0,92.0,159.0,6.0,16.0,109.0,39.0,17.0,1.0,54.0,38.0,92.0,25.0,13.0,40.0,11.0,3.0,222.0,32.0,20.0,2.0,77.0,86.0,24.0,187.0,54.0,241.0,3.0,61.0,44.0,17.0,43.0,16.0,32.0,39.0,3.0,11.0,3.0,2.0,82.0,6.0,21.0,78.0,131.0,4.0,8.0,6.0,57.0,,8.0,4.0,72.0,6.0,,32.0,,7.0,51.0,10.0,8.0,24.0,2.0,26.0,61.0,26.0,2.0,372.0,88.0,525.0,13.0,6.0,10.0,55.0,5.0,44.0,8.0,45.0,24.0,12.0,109.27687916270219,113.22274881516587,0.5818181818181818,0.6274509803921569,0.9636363636363636,0.3741496598639456,0.4166666666666667,0.23076923076923078,0.3741496598639456,0.5392156862745098,0.5405405405405406,0.5416666666666666,0.5484330484330484,0.5612244897959183,0.47297297297297297,0.56640625,0.5833333333333334,0.5057471264367817,0.4188034188034188,0.006802721088435374,0.08333333333333333,0.0891089108910891,0.0851063829787234,,19.457202505219207,0.524390243902439,0.34782608695652173,0.047619047619047616,0.17373737373737375,0.042283298097251586,0.16885964912280702,0.06374501992031872,0.17139852786540483,0.05333333333333334,0.03592814371257485,0.04247104247104247,0.0712401055408971,0.04065040650406504,0.15789473684210525,0.15859030837004406,0.2564102564102564,0.17595307917888564,0.14782608695652175,0.018404907975460124,0.4262295081967213,0.28774928774928776,0.6534653465346535,0.717391304347826,0.48484848484848486,0.2678062678062678,0.425531914893617,0.46511627906976744,0.7,0.02564102564102564,0.4444444444444444,0.4444444444444444,1.0,0.10826210826210826,0.42105263157894735,0.43243243243243246,1.0,0.31054131054131057,0.3577981651376147,0.3577981651376147,0.9487179487179487,0.3469387755102041,0.5294117647058824,0.2222222222222222,0.08163265306122448,0.75,1.0,0.16326530612244897,0.25,1.0,0.2972972972972973,0.6818181818181818,0.14864864864864866,0.2727272727272727,0.20270270270270271,0.2,0.7065527065527065,0.3577981651376147,0.5131032857142858,0.522775,0.4688871621621622,0.08488063660477453,0.1391304347826087,,0.14482758620689656,0.20229885057471264,5.012254901960785,24.700680272108844,0.23529411764705882,0.2830188679245283,0.2,0.2413793103448276,0.2521408182683159,player_totals,wnba,2026,Regular Season,/get-totals/wnba,"{""Season"": ""2026"", ""SeasonType"": ""Regular Season"", ""Type"": ""Player""}",20260921T185714Z,2026-09-21T18:57:18+00:00,1230d7dfdbd6764ea8b629aa1ceb128f1dfe787b41102e20df09d808e1f590e7,,,0.06382978723404255,1.0,1.0,0.02631578947368421,,,,,,"[""single_row_table_data"", ""multi_row_table_data""]",{},1631083,Emily Engstler,player_totals,2026-09-21T18:57:21+00:00,20260921T185714Z,7714e1fdca07e7459da4d50f672148a038af109f6b3f12f4f7e448d3d7d391a6
204319,1611661319,Jewell Loyd,Jewell Loyd,204319,LVA,62605.6,40,1043,134,2080,2118,720.0,631.0,213.0,4198,11.0,21.0,2.0,5.0,4.0,8.0,16.0,36.0,7.0,23.0,27.0,74.0,2.0,6.0,9.0,20.0,38.0,128.0,1.0,14.0,10.0,47.0,34.0,80.0,65.0,202.0,41.0,304.0,2255,6.0,11.0,3.0,20.0,4.0,25.0,10.0,24.0,19.0,67.0,19.0,96.0,40.0,28.0,186.0,9.0,4.0,128.0,38.0,1.0,1.0,38.0,19.0,57.0,15.0,4.0,13.0,18.0,7.0,133.0,9.0,8.0,2.0,37.0,30.0,6.0,73.0,19.0,92.0,2.0,44.0,35.0,9.0,17.0,4.0,10.0,19.0,2.0,7.0,2.0,,36.0,4.0,11.0,42.0,89.0,1.0,3.0,10.0,67.0,,2.0,19.0,51.0,4.0,,16.0,3.0,7.0,5.0,,,2.0,,3.0,5.0,4.0,,279.0,96.0,719.0,5.0,7.0,2.0,32.0,,26.0,3.0,25.0,7.0,,114.85576923076923,106.46836638338056,0.5882352941176471,0.625,0.9538461538461539,0.3217821782178218,0.15,0.2835820895522388,0.3217821782178218,0.425,0.5454545454545454,0.4166666666666667,0.46631205673758863,0.3387096774193548,0.4230769230769231,0.5,0.3787878787878788,0.4752475247524752,0.7163120567375887,0.0049504950495049506,0.0125,,0.027777777777777776,,14.693171996542782,0.4722222222222222,0.1016949152542373,0.04,0.054249547920433995,0.016494845360824743,0.09090909090909091,0.022727272727272728,0.06979166666666667,0.019296254256526674,0.01,0.022641509433962263,0.024922118380062305,0.013333333333333334,0.05027932960893855,0.05734767025089606,0.05263157894736842,0.08,0.13414634146341464,0.011299435028248588,0.8,0.07446808510638298,0.5238095238095238,0.5238095238095238,0.6363636363636364,0.1276595744680851,0.4444444444444444,0.45714285714285713,0.5625,0.08156028368794327,0.30434782608695654,0.30434782608695654,0.5714285714285714,0.2624113475177305,0.36486486486486486,0.3698630136986301,1.0,0.45390070921985815,0.296875,0.296875,0.9210526315789473,0.16129032258064516,0.4,,0.1935483870967742,0.3333333333333333,1.0,0.45161290322580644,0.07142857142857142,1.0,0.08791208791208792,0.5,0.21978021978021978,0.45,0.5164835164835165,0.2127659574468085,0.7907801418439716,0.296875,0.5038910394265232,0.5067791666666667,0.4894932584269663,0.06397306397306397,0.17391304347826086,0.014634146341463415,0.08223684210526316,0.3157894736842105,9.65625,24.737623762376238,0.2222222222222222,0.05,0.25,0.23880597014925373,0.34615384615384615,player_totals,wnba,2026,Regular Season,/get-totals/wnba,"{""Season"": ""2026"", ""SeasonType"": ""Regular Season"", ""Type"": ""Player""}",20260921T185714Z,2026-09-21T18:57:18+00:00,0a0dd604625337ff94952edfb58fb676995e4660281b701052565e291a07bc49,,,0.008333333333333333,,,0.013513513513513514,,,,,,"[""single_row_table_data"", ""multi_row_table_data""]",{},204319,Jewell Loyd,player_totals,2026-09-21T18:57:21+00:00,20260921T185714Z,b819b5e65009b974c5c95ba933f9dbbfa76d70e7065a0a8399b0e9d96ef10fa7
1641648,1611661325,Aliyah Boston,Aliyah Boston,1641648,IND,62417.100000000006,38,1040,227,2103,2086,487.0,480.0,244.0,4189,112.0,164.0,20.0,26.0,15.0,29.0,81.0,175.0,3.0,13.0,7.0,15.0,2.0,3.0,,1.0,35.0,87.0,3.0,10.0,7.0,21.0,196.0,352.0,42.0,102.0,106.0,624.0,2255,27.0,45.0,5.0,13.0,15.0,84.0,33.0,67.0,7.0,22.0,60.0,147.0,238.0,154.0,126.0,,26.0,87.0,35.0,32.0,1.0,64.0,52.0,116.0,43.0,9.0,43.0,11.0,10.0,284.0,25.0,40.0,2.0,69.0,158.0,14.0,241.0,67.0,308.0,16.0,57.0,39.0,18.0,31.0,7.0,19.0,57.0,2.0,12.0,,6.0,88.0,9.0,23.0,35.0,123.0,5.0,10.0,30.0,146.0,,11.0,2.0,129.0,10.0,,45.0,1.0,23.0,46.0,2.0,2.0,27.0,,17.0,48.0,25.0,2.0,540.0,145.0,480.0,7.0,22.0,1.0,41.0,1.0,38.0,5.0,62.0,24.0,7.0,118.02187351402758,108.10162991371045,0.6071428571428571,0.6502732240437158,1.0,0.4117647058823529,0.38461538461538464,0.3181818181818182,0.4117647058823529,0.5568181818181818,0.6,0.4925373134328358,0.5704845814977973,0.5948275862068966,0.4887640449438202,0.6081871345029239,0.6363636363636364,0.5975609756097561,0.22466960352422907,0.00980392156862745,0.09090909090909091,0.0975609756097561,0.08571428571428572,0.011494252873563218,25.230898404701932,0.3522727272727273,0.22950819672131148,0.05555555555555555,0.2719449225473322,0.08281573498964803,0.1830238726790451,0.06142506142506143,0.23695198329853862,0.07303370786516854,0.08040201005025126,0.06435643564356436,0.06666666666666667,0.03896103896103896,0.2425531914893617,0.2931726907630522,0.28865979381443296,0.18983050847457628,0.15853658536585366,0.0898876404494382,0.5208333333333334,0.36123348017621143,0.6829268292682927,0.7567567567567568,0.6964285714285714,0.3854625550660793,0.46285714285714286,0.50625,0.4691358024691358,0.028634361233480177,0.23076923076923078,0.25,1.0,0.03303964757709251,0.4666666666666667,0.4666666666666667,1.0,0.19162995594713655,0.40229885057471265,0.4069767441860465,1.0,0.4482758620689655,0.7692307692307693,0.3,0.05172413793103448,0.6666666666666666,1.0,0.1724137931034483,0.3,1.0,0.3258426966292135,0.5172413793103449,0.011235955056179775,,0.23595505617977527,0.3333333333333333,0.5859030837004405,0.40229885057471265,0.49940253303964754,0.5157783783783784,0.48664943820224715,0.09387755102040816,0.11627906976744186,0.009708737864077669,0.1346153846153846,0.23557692307692307,5.0443181818181815,24.967647058823527,0.4423076923076923,0.31868131868131866,0.1,0.29310344827586204,0.2315739419876367,player_totals,wnba,2026,Regular Season,/get-totals/wnba,"{""Season"": ""2026"", ""SeasonType"": ""Regular Season"", ""Type"": ""Player""}",20260921T185714Z,2026-09-21T18:57:18+00:00,45a3b399a49a883c46aebe2f55134f7bd06d4a0ad5c1b007d17ce0b5532a7b26,,0.07692307692307693,0.13414634146341464,2.0,3.0,,,1.0,,,,"[""single_row_table_data"", ""multi_row_table_data""]",{},1641648,Aliyah Boston,player_totals,2026-09-21T18:57:21+00:00,20260921T185714Z,d7ef129d276e4c4a8b0027f32d897ca693b63102dae414bb8ddab689dbf3395a
203866,1611661331,Kayla Thornton,Kayla Thornton,203866,GSV,61108.8,42,1018,223,1892,1909,311.0,398.0,255.0,3801,25.0,41.0,4.0,12.0,4.0,5.0,10.0,49.0,6.0,18.0,29.0,76.0,2.0,8.0,5.0,10.0,35.0,107.0,3.0,18.0,2.0,12.0,41.0,108.0,64.0,183.0,52.0,326.0,1859,7.0,23.0,5.0,26.0,13.0,42.0,5.0,11.0,7.0,22.0,17.0,48.0,54.0,28.0,189.0,3.0,12.0,107.0,35.0,19.0,2.0,12.0,17.0,29.0,14.0,3.0,6.0,5.0,1.0,75.0,28.0,25.0,1.0,55.0,67.0,13.0,135.0,54.0,189.0,5.0,28.0,16.0,12.0,9.0,1.0,3.0,17.0,2.0,6.0,2.0,3.0,26.0,3.0,4.0,37.0,82.0,1.0,9.0,7.0,52.0,2.0,6.0,12.0,57.0,2.0,6.0,17.0,1.0,8.0,8.0,1.0,,3.0,1.0,5.0,9.0,6.0,,284.0,42.0,297.0,9.0,3.0,,17.0,3.0,26.0,,14.0,1.0,,110.04228329809725,97.38082765845992,0.6585365853658537,0.7714285714285715,0.984375,0.34972677595628415,0.19230769230769232,0.3181818181818182,0.34972677595628415,0.37962962962962965,0.30434782608695654,0.45454545454545453,0.47079037800687284,0.29591836734693877,0.4696969696969697,0.5127388535031847,0.37272727272727274,0.5853658536585366,0.6288659793814433,0.01092896174863388,0.17592592592592593,0.21951219512195122,0.20408163265306123,0.009345794392523364,15.419501133786847,0.34615384615384615,0.23636363636363636,0.024390243902439025,0.13163064833005894,0.048638132295719845,0.13819095477386933,0.05533596837944664,0.1345093715545755,0.05196078431372549,0.05217391304347826,0.03424657534246575,0.06266318537859007,0.032520325203252036,0.11278195488721804,0.1276595744680851,0.1702127659574468,0.1396103896103896,0.13333333333333333,0.031055900621118012,0.6666666666666666,0.140893470790378,0.6097560975609756,0.78125,0.6,0.16838487972508592,0.20408163265306123,0.2564102564102564,0.7,0.061855670103092786,0.3333333333333333,0.3333333333333333,0.8333333333333334,0.2611683848797251,0.3815789473684211,0.38666666666666666,1.0,0.36769759450171824,0.32710280373831774,0.330188679245283,0.9714285714285714,0.24489795918367346,0.3333333333333333,,0.16326530612244897,0.25,1.0,0.3673469387755102,0.16666666666666666,1.0,0.15151515151515152,0.8,0.30303030303030304,0.5,0.36363636363636365,0.16666666666666666,0.7697594501718213,0.32710280373831774,0.5185726804123711,0.5228306451612903,0.5221212121212121,0.058823529411764705,0.13821138211382114,0.00546448087431694,0.12883435582822086,0.147239263803681,7.388888888888889,24.31639344262295,0.4,0.38461538461538464,,0.3162393162393162,0.16437632135306554,player_totals,wnba,2026,Regular Season,/get-totals/wnba,"{""Season"": ""2026"", ""SeasonType"": ""Regular Season"", ""Type"": ""Player""}",20260921T185714Z,2026-09-21T18:57:18+00:00,cac2910ae64b4fd67db7258e354f1917009fbf3b1b6b6342255afbff98530f5c,1.0,,0.08411214953271028,,,0.013157894736842105,,,,,,"[""single_row_table_data"", ""multi_row_table_data""]",{},203866,Kayla Thornton,player_totals,2026-09-21T18:57:21+00:00,20260921T185714Z,f9a375837d3e40a399a425c7075282a5ced63553532651bf19d2872f084a5798
1631141,1611661328,Jade Melbourne,Jade Melbourne,1631141,SEA,60581.9,41,1010,-175,2040,2059,446.0,500.0,251.0,4099,70.0,107.0,7.0,9.0,14.0,21.0,21.0,67.0,2.0,7.0,4.0,16.0,1.0,2.0,,6.0,27.0,87.0,2.0,7.0,3.0,20.0,93.0,181.0,31.0,103.0,97.0,376.0,2200,8.0,17.0,3.0,9.0,1.0,26.0,19.0,42.0,3.0,26.0,29.0,76.0,66.0,120.0,75.0,18.0,,87.0,27.0,11.0,2.0,88.0,68.0,156.0,50.0,18.0,44.0,33.0,11.0,380.0,12.0,4.0,,41.0,30.0,2.0,73.0,16.0,89.0,1.0,37.0,22.0,15.0,47.0,15.0,37.0,26.0,1.0,10.0,1.0,7.0,73.0,3.0,15.0,56.0,119.0,,6.0,2.0,118.0,2.0,4.0,18.0,125.0,17.0,,56.0,,13.0,9.0,,,4.0,,5.0,9.0,5.0,,350.0,74.0,444.0,18.0,11.0,3.0,52.0,,28.0,,44.0,3.0,,99.26470588235294,106.84798445847498,0.3548387096774194,0.3548387096774194,0.8064516129032258,0.30097087378640774,0.3333333333333333,0.11538461538461539,0.30097087378640774,0.5138121546961326,0.47058823529411764,0.4523809523809524,0.49119718309859156,0.4807692307692308,0.34558823529411764,0.5595238095238095,0.5,0.4318181818181818,0.3626760563380282,0.019417475728155338,0.06077348066298342,0.028037383177570093,0.11940298507462686,0.022988505747126436,17.5235646958012,0.6438356164383562,0.03278688524590164,,0.05628517823639775,0.007312614259597806,0.08836206896551724,0.027149321266968326,0.0712136409227683,0.016177957532861477,0.011494252873563218,,0.028089887640449437,0.023255813953488372,0.034482758620689655,0.07446808510638298,0.03896103896103896,0.08378378378378379,0.10638297872340426,0.0072992700729927005,0.5555555555555556,0.3767605633802817,0.6542056074766355,0.6730769230769231,0.44285714285714284,0.23591549295774647,0.31343283582089554,0.3559322033898305,0.09523809523809523,0.02464788732394366,0.2857142857142857,0.2857142857142857,,0.056338028169014086,0.25,0.25,1.0,0.30633802816901406,0.3103448275862069,0.3176470588235294,0.7777777777777778,0.34615384615384615,0.7777777777777778,0.5714285714285714,0.07692307692307693,0.5,1.0,0.2692307692307692,0.2857142857142857,1.0,0.3088235294117647,0.6666666666666666,0.08823529411764706,,0.29411764705882354,0.15,0.7394366197183099,0.3103448275862069,0.5185005357142857,0.5105785714285714,0.47308359375,0.17337461300309598,0.2545454545454545,,0.06914893617021277,0.20212765957446807,4.429281767955802,26.474757281553398,0.24324324324324326,0.4,0.3333333333333333,0.23076923076923078,0.21862745098039216,player_totals,wnba,2026,Regular Season,/get-totals/wnba,"{""Season"": ""2026"", ""SeasonType"": ""Regular Season"", ""Type"": ""Player""}",20260921T185714Z,2026-09-21T18:57:18+00:00,586645011f9886e9f44279807d5024d014b71ea3eda30eaaf7903db5f346474b,,,0.024390243902439025,,,,,,,,,"[""single_row_table_data"", ""multi_row_table_data""]",{},1631141,Jade Melbourne,player_totals,2026-09-21T18:57:21+00:00,20260921T185714Z,40ad8b8784e5c42c584cf6dd642b80142aa06afe9531fc778e2a72a426f4d824
1643449,1611661323,Charlisse Leger-Walker,Charlisse Leger-Walker,1643449,CON,59844.2,42,997,-240,1969,1988,487.0,558.0,238.0,3957,30.0,56.0,2.0,3.0,6.0,14.0,25.0,77.0,10.0,28.0,11.0,21.0,,1.0,4.0,6.0,31.0,104.0,5.0,18.0,6.0,25.0,65.0,161.0,42.0,125.0,47.0,303.0,2236,6.0,12.0,5.0,19.0,7.0,34.0,16.0,48.0,10.0,31.0,14.0,76.0,54.0,76.0,108.0,18.0,2.0,104.0,31.0,16.0,1.0,118.0,39.0,157.0,33.0,6.0,63.0,37.0,18.0,353.0,2.0,11.0,,44.0,44.0,1.0,89.0,13.0,102.0,2.0,34.0,21.0,13.0,55.0,12.0,42.0,22.0,4.0,13.0,,2.0,77.0,6.0,18.0,39.0,95.0,,3.0,1.0,52.0,1.0,6.0,7.0,60.0,5.0,1.0,24.0,2.0,4.0,9.0,2.0,1.0,5.0,1.0,4.0,11.0,4.0,,269.0,76.0,486.0,12.0,3.0,,47.0,1.0,30.0,1.0,10.0,,,101.37125444388013,112.4748490945674,0.4153846153846154,0.421875,0.8571428571428571,0.336,0.2631578947368421,0.3225806451612903,0.336,0.40372670807453415,0.5,0.3333333333333333,0.44755244755244755,0.43548387096774194,0.3924050632911392,0.4855305466237942,0.5,0.4367816091954023,0.4370629370629371,0.008,0.09937888198757763,0.10714285714285714,0.11688311688311688,,17.190961453256534,0.7142857142857143,0.018867924528301886,,0.09302325581395349,0.018032786885245903,0.12394366197183099,0.00625,0.10628019323671498,0.013978494623655914,0.009950248756218905,0.025089605734767026,0.00390625,0.015625,0.08928571428571429,0.11206896551724138,0.0410958904109589,0.11196911196911197,0.15625,0.012578616352201259,0.36363636363636365,0.1958041958041958,0.5357142857142857,0.6,0.5333333333333333,0.2692307692307692,0.3246753246753247,0.36764705882352944,0.24,0.0979020979020979,0.35714285714285715,0.37037037037037035,0.5,0.07342657342657342,0.5238095238095238,0.55,1.0,0.36363636363636365,0.2980769230769231,0.2980769230769231,0.8064516129032258,0.0967741935483871,0.6666666666666666,0.5,0.03225806451612903,,,0.5806451612903226,0.2777777777777778,0.4,0.17721518987341772,0.42857142857142855,0.0759493670886076,0.6666666666666666,0.31645569620253167,0.24,0.6328671328671329,0.2980769230769231,0.4807371024734982,0.5117714285714285,0.4419298701298701,0.08169934640522876,0.13333333333333333,0.007936507936507936,0.11221122112211221,0.2508250825082508,7.503726708074534,25.3848,0.32,0.28846153846153844,0.17647058823529413,0.3333333333333333,0.2473336719146775,player_totals,wnba,2026,Regular Season,/get-totals/wnba,"{""Season"": ""2026"", ""SeasonType"": ""Regular Season"", ""Type"": ""Player""}",20260921T185714Z,2026-09-21T18:57:18+00:00,19114a737622e2eb20198e07a508ce96d7c9a15b8023212ad3f3be6b2c609933,,0.03571428571428571,0.015384615384615385,,,0.047619047619047616,,,,,,"[""single_row_table_data"", ""multi_row_table_data""]",{},1643449,Charlisse Leger-Walker,player_totals,2026-09-21T18:57:21+00:00,20260921T185714Z,fcbe6a7589b3e70d2684005382cae5c711852edafa55a1f4880ba8622eb12617
1643443,1611661328,Awa Fam,Awa Fam,1643443,SEA,59360.8,36,989,-136,1985,2015,382.0,478.0,269.0,4000,46.0,67.0,9.0,14.0,8.0,12.0,24.0,63.0,16.0,34.0,10.0,18.0,,,,2.0,42.0,134.0,2.0,10.0,5.0,23.0,86.0,164.0,52.0,152.0,30.0,358.0,2191,17.0,28.0,2.0,10.0,16.0,56.0,17.0,31.0,5.0,25.0,13.0,62.0,134.0,38.0,147.0,9.0,18.0,134.0,42.0,10.0,1.0,47.0,19.0,66.0,15.0,4.0,29.0,14.0,4.0,151.0,28.0,40.0,2.0,61.0,72.0,10.0,143.0,70.0,213.0,4.0,30.0,24.0,6.0,26.0,7.0,17.0,35.0,4.0,9.0,,6.0,61.0,6.0,7.0,46.0,97.0,1.0,6.0,13.0,45.0,,6.0,1.0,38.0,3.0,,14.0,,6.0,25.0,2.0,2.0,10.0,,14.0,27.0,13.0,1.0,302.0,62.0,381.0,11.0,6.0,,61.0,2.0,58.0,6.0,47.0,10.0,,103.5264483627204,108.73449131513648,0.7790697674418605,0.8701298701298701,0.9423076923076923,0.34210526315789475,0.2,0.2,0.34210526315789475,0.524390243902439,0.6071428571428571,0.5483870967741935,0.5189873417721519,0.5263157894736842,0.4375,0.5375375375375375,0.6086956521739131,0.49206349206349204,0.4810126582278481,0.006578947368421052,0.06097560975609756,0.08955223880597014,0.06349206349206349,,17.18273004797209,0.4262295081967213,0.1724137931034483,0.05,0.14035087719298245,0.07952286282306163,0.13895216400911162,0.061269146608315096,0.13970588235294118,0.07083333333333333,0.0759493670886076,0.09124087591240876,0.049868766404199474,0.11842105263157894,0.13664596273291926,0.14022140221402213,0.14814814814814814,0.13119533527696792,0.16666666666666666,0.024691358024691357,0.48148148148148145,0.2120253164556962,0.6865671641791045,0.7540983606557377,0.8478260869565217,0.19936708860759494,0.38095238095238093,0.4067796610169492,0.625,0.10759493670886076,0.47058823529411764,0.47058823529411764,0.8125,0.056962025316455694,0.5555555555555556,0.5882352941176471,1.0,0.4240506329113924,0.31343283582089554,0.31343283582089554,0.9285714285714286,0.3684210526315789,0.6428571428571429,0.3333333333333333,,,,0.2631578947368421,0.2,1.0,0.21428571428571427,0.6666666666666666,0.03571428571428571,,0.4107142857142857,0.21739130434782608,0.6930379746835443,0.31343283582089554,0.49684000000000006,0.517568,0.4809381818181818,0.04281345565749235,0.08,,0.1564245810055866,0.17318435754189945,7.571341463414634,24.988815789473687,0.38095238095238093,0.1794871794871795,0.16666666666666666,0.22105263157894736,0.1924433249370277,player_totals,wnba,2026,Regular Season,/get-totals/wnba,"{""Season"": ""2026"", ""SeasonType"": ""Regular Season"", ""Type"": ""Player""}",20260921T185714Z,2026-09-21T18:57:18+00:00,38f288f48b7612998255b506f301958e21c2b601b52f3b387373a822000373ac,,,0.04225352112676056,1.0,,0.05555555555555555,,,,,,"[""single_row_table_data"", ""multi_row_table_data""]",{},1643443,Awa Fam,player_totals,2026-09-21T18:57:21+00:00,20260921T185714Z,90e5cc9d38e66dbc2723fe95a30ea102837aebd6e3b58e126f744f7141183bfd
1642304,1611661327,Carla Leite,Carla Leite,1642304,PDX,59132.2,38,986,-77,1964,1986,415.0,534.0,216.0,3950,79.0,130.0,9.0,16.0,16.0,27.0,57.0,139.0,11.0,36.0,3.0,9.0,,1.0,1.0,3.0,33.0,81.0,3.0,9.0,6.0,12.0,147.0,305.0,36.0,90.0,206.0,608.0,2270,15.0,34.0,3.0,10.0,13.0,52.0,32.0,65.0,7.0,15.0,64.0,149.0,68.0,226.0,48.0,60.0,12.0,81.0,33.0,25.0,1.0,129.0,110.0,239.0,77.0,33.0,80.0,46.0,3.0,588.0,10.0,13.0,,35.0,22.0,1.0,58.0,23.0,81.0,6.0,25.0,20.0,5.0,84.0,16.0,70.0,43.0,5.0,14.0,1.0,6.0,127.0,3.0,25.0,44.0,98.0,1.0,4.0,10.0,214.0,3.0,9.0,20.0,240.0,24.0,4.0,96.0,6.0,25.0,2.0,,,1.0,,1.0,2.0,2.0,,556.0,147.0,411.0,12.0,21.0,,37.0,13.0,32.0,8.0,37.0,10.0,,111.65987780040733,114.30010070493455,0.23129251700680273,0.24113475177304963,0.4444444444444444,0.4,0.3,0.4666666666666667,0.4,0.4819672131147541,0.4411764705882353,0.49230769230769234,0.5088607594936709,0.4431818181818182,0.53125,0.607645875251509,0.52,0.6592920353982301,0.22784810126582278,0.011111111111111112,0.08196721311475409,0.06923076923076923,0.11510791366906475,0.012345679012345678,28.10810810810811,0.6614173228346457,0.015384615384615385,,0.044,0.02914798206278027,0.08728179551122195,0.02288329519450801,0.06326304106548279,0.026047565118912798,0.024242424242424242,0.0379746835443038,0.018018018018018018,0.038461538461538464,0.03076923076923077,0.04824561403508772,0.06493506493506493,0.08361204013377926,0.09803921568627451,0.03278688524590164,1.0,0.3291139240506329,0.6076923076923076,0.6528925619834711,0.27848101265822783,0.3518987341772152,0.41007194244604317,0.4634146341463415,0.19298245614035087,0.09113924050632911,0.3055555555555556,0.3055555555555556,0.09090909090909091,0.02278481012658228,0.3333333333333333,0.3333333333333333,1.0,0.20506329113924052,0.4074074074074074,0.4125,0.3939393939393939,0.36363636363636365,0.5625,0.1111111111111111,0.022727272727272728,,,0.20454545454545456,0.3333333333333333,0.6666666666666666,0.3375,0.5925925925925926,0.0375,0.3333333333333333,0.15,0.5,0.5569620253164557,0.4074074074074074,0.48004312977099234,0.45108846153846155,0.45884743589743593,0.21443736730360935,0.2546419098143236,0.05319148936170213,0.08552631578947369,0.2450657894736842,6.642622950819672,25.73111111111111,0.29411764705882354,0.2716049382716049,0.34782608695652173,0.2641509433962264,0.21130346232179226,player_totals,wnba,2026,Regular Season,/get-totals/wnba,"{""Season"": ""2026"", ""SeasonType"": ""Regular Season"", ""Type"": ""Player""}",20260921T185714Z,2026-09-21T18:57:18+00:00,5eee69f5be65f8d5feb0f341e1bb2302a6798065169352dcd258065715cd64f9,1.0,,,,20.0,,,,,,,"[""single_row_table_data"", ""multi_row_table_data""]",{},1642304,Carla Leite,player_totals,2026-09-21T18:57:21+00:00,20260921T185714Z,cc0c50103cefc228c2cc1b36fb2c2798a61e76427e7faef0d4297c6b86a606cf
1631136,1611661313,Pauline Astier,Pauline Astier,1631136,NYL,58916.0,42,982,124,1934,1944,486.0,423.0,211.0,3878,94.0,125.0,7.0,8.0,29.0,34.0,30.0,77.0,3.0,10.0,4.0,9.0,,,,1.0,14.0,43.0,1.0,3.0,2.0,11.0,127.0,212.0,18.0,52.0,82.0,390.0,2090,10.0,17.0,1.0,3.0,5.0,28.0,38.0,52.0,2.0,12.0,37.0,119.0,116.0,138.0,48.0,6.0,4.0,43.0,14.0,16.0,1.0,64.0,77.0,141.0,46.0,31.0,40.0,19.0,5.0,359.0,20.0,6.0,,44.0,41.0,1.0,86.0,26.0,112.0,,35.0,26.0,9.0,43.0,9.0,32.0,28.0,4.0,11.0,,9.0,71.0,6.0,21.0,35.0,125.0,,3.0,4.0,120.0,2.0,6.0,17.0,94.0,15.0,1.0,39.0,,15.0,3.0,3.0,2.0,2.0,1.0,,6.0,4.0,1.0,362.0,113.0,476.0,11.0,11.0,,60.0,2.0,51.0,8.0,40.0,26.0,5.0,114.47776628748707,107.51028806584361,0.4566929133858268,0.464,0.8888888888888888,0.34615384615384615,0.3333333333333333,0.16666666666666666,0.34615384615384615,0.5990566037735849,0.5882352941176471,0.7307692307692307,0.5833333333333334,0.575,0.640625,0.641914191419142,0.6363636363636364,0.7168674698795181,0.19696969696969696,0.019230769230769232,0.07547169811320754,0.072,0.09090909090909091,0.023255813953488372,17.077625570776256,0.6056338028169014,0.020833333333333332,,0.07854406130268199,0.01411764705882353,0.10784313725490197,0.04830917874396135,0.0913978494623656,0.03098927294398093,0.006666666666666667,0.01282051282051282,0.04318936877076412,0.061946902654867256,0.0847457627118644,0.07391304347826087,0.0782608695652174,0.09597523219814241,0.15294117647058825,,0.6666666666666666,0.4734848484848485,0.752,0.8103448275862069,0.46808510638297873,0.2916666666666667,0.38961038961038963,0.42857142857142855,0.36666666666666664,0.03787878787878788,0.3,0.3,1.0,0.03409090909090909,0.4444444444444444,0.4444444444444444,1.0,0.16287878787878787,0.32558139534883723,0.3333333333333333,0.8571428571428571,0.4,0.875,0.5714285714285714,,,,0.15,0.3333333333333333,1.0,0.53125,0.8529411764705882,0.015625,,0.171875,0.18181818181818182,0.6704545454545454,0.32558139534883723,0.5147576335877863,0.432245,0.524825,0.13541666666666666,0.1652542372881356,,0.07179487179487179,0.30512820512820515,4.590094339622642,25.81346153846154,0.3225806451612903,0.2765957446808511,0.2857142857142857,0.16129032258064516,0.2512926577042399,player_totals,wnba,2026,Regular Season,/get-totals/wnba,"{""Season"": ""2026"", ""SeasonType"": ""Regular Season"", ""Type"": ""Player""}",20260921T185714Z,2026-09-21T18:57:18+00:00,049f20ca8f96e31bce6311a5a26b07f56d6103704502044ba73e29f4ee16be70,,,0.04878048780487805,1.0,,,,,,,,"[""single_row_table_data"", ""multi_row_table_data""]",{},1631136,Pauline Astier,player_totals,2026-09-21T18:57:21+00:00,20260921T185714Z,f4995b913808141b49e851da2552028787608c42df82dff8ce07bfc6e9ba8020
1642781,1611661322,Georgia Amoore,Georgia Amoore,1642781,WAS,57917.9,42,965,36,1872,1844,357.0,332.0,249.0,3716,20.0,34.0,,2.0,6.0,9.0,9.0,26.0,2.0,12.0,13.0,31.0,,3.0,2.0,4.0,50.0,152.0,3.0,17.0,8.0,26.0,31.0,72.0,63.0,183.0,35.0,286.0,1970,4.0,9.0,3.0,20.0,,17.0,8.0,22.0,10.0,30.0,22.0,68.0,8.0,54.0,165.0,24.0,2.0,152.0,50.0,3.0,1.0,107.0,40.0,147.0,26.0,14.0,56.0,41.0,10.0,334.0,6.0,4.0,1.0,22.0,21.0,5.0,48.0,11.0,59.0,4.0,14.0,9.0,5.0,55.0,14.0,40.0,29.0,5.0,15.0,1.0,2.0,84.0,3.0,14.0,36.0,103.0,,5.0,3.0,42.0,2.0,3.0,7.0,41.0,2.0,3.0,8.0,1.0,10.0,4.0,1.0,1.0,1.0,,2.0,5.0,2.0,,269.0,65.0,351.0,5.0,8.0,3.0,43.0,,52.0,1.0,28.0,1.0,,107.15811965811966,106.83297180043384,0.12903225806451613,0.13333333333333333,0.873015873015873,0.3442622950819672,0.15,0.3333333333333333,0.3442622950819672,0.4305555555555556,0.4444444444444444,0.36363636363636365,0.492156862745098,0.29310344827586204,0.4423076923076923,0.5202205882352942,0.29310344827586204,0.53125,0.7176470588235294,0.00546448087431694,0.041666666666666664,,0.11538461538461539,0.006578947368421052,16.337769619091326,0.6547619047619048,0.11627906976744186,0.017543859649122806,0.04093567251461988,0.0076481835564053535,0.060109289617486336,0.018072289156626505,0.048919226393629126,0.011695906432748537,,0.011764705882352941,0.016597510373443983,0.02197802197802198,0.01948051948051948,0.04247104247104247,0.07,0.04642857142857143,0.10465116279069768,0.026490066225165563,0.4,0.13333333333333333,0.5882352941176471,0.5882352941176471,0.2,0.10196078431372549,0.34615384615384615,0.391304347826087,,0.047058823529411764,0.16666666666666666,0.16666666666666666,,0.12156862745098039,0.41935483870967744,0.41935483870967744,0.8461538461538461,0.596078431372549,0.32894736842105265,0.33112582781456956,0.88,0.06896551724137931,,,0.10344827586206896,,,0.5862068965517241,0.17647058823529413,1.0,0.17307692307692307,0.6666666666666666,0.07692307692307693,0.5,0.5,0.3076923076923077,0.8509803921568627,0.32894736842105265,0.5043990157480315,0.5011833333333333,0.4586980769230769,0.03435114503816794,0.10256410256410256,0.005434782608695652,0.05944055944055944,0.23776223776223776,6.775,24.85136612021858,0.14285714285714285,0.5,0.4,0.2782608695652174,0.1907051282051282,player_totals,wnba,2026,Regular Season,/get-totals/wnba,"{""Season"": ""2026"", ""SeasonType"": ""Regular Season"", ""Type"": ""Player""}",20260921T185714Z,2026-09-21T18:57:18+00:00,a648764856763511cba2bfe21bcd11dfe45416cf2745d0aa17c3d068836269b4,,,0.017857142857142856,1.0,,,,,,,,"[""single_row_table_data"", ""multi_row_table_data""]",{},1642781,Georgia Amoore,player_totals,2026-09-21T18:57:21+00:00,20260921T185714Z,95cf230fb811ab8d92123fd2f0f1aff43bed29873faec2b94b1a3860b33b0fae
1643493,1611661317,Noemie Brochant,Noemie Brochant,1643493,PHX,57680.5,41,961,-12,1907,1931,533.0,441.0,176.0,3838,32.0,45.0,4.0,5.0,3.0,7.0,17.0,38.0,11.0,32.0,19.0,45.0,1.0,3.0,4.0,14.0,24.0,68.0,,4.0,5.0,12.0,60.0,115.0,43.0,113.0,13.0,262.0,2091,6.0,10.0,1.0,7.0,2.0,17.0,9.0,19.0,9.0,26.0,5.0,50.0,90.0,30.0,126.0,3.0,4.0,68.0,24.0,5.0,1.0,57.0,19.0,76.0,13.0,6.0,27.0,24.0,6.0,171.0,9.0,6.0,,31.0,30.0,8.0,69.0,15.0,84.0,4.0,43.0,31.0,12.0,32.0,4.0,31.0,8.0,1.0,1.0,1.0,1.0,40.0,4.0,7.0,37.0,63.0,,1.0,1.0,30.0,1.0,4.0,6.0,18.0,4.0,,8.0,,3.0,8.0,1.0,,4.0,1.0,4.0,9.0,5.0,1.0,245.0,50.0,525.0,3.0,3.0,5.0,10.0,,11.0,1.0,10.0,6.0,,109.01940220241217,108.28586224754014,0.75,0.7758620689655172,0.9767441860465116,0.3805309734513274,0.14285714285714285,0.34615384615384615,0.3805309734513274,0.5217391304347826,0.6,0.47368421052631576,0.5460526315789473,0.4411764705882353,0.5,0.5574468085106383,0.4722222222222222,0.5208333333333334,0.4956140350877193,0.008849557522123894,0.043478260869565216,0.022222222222222223,0.10526315789473684,,13.070342205323195,0.8,0.15384615384615385,,0.06396588486140725,0.01327433628318584,0.08072916666666667,0.023746701846965697,0.07151230949589683,0.018050541516245487,0.023809523809523808,0.013392857142857142,0.03237410071942446,,0.07407407407407407,0.05416666666666667,0.07446808510638298,0.07301587301587302,0.11594202898550725,0.03418803418803419,0.5555555555555556,0.19736842105263158,0.7111111111111111,0.7272727272727273,0.71875,0.16666666666666666,0.4473684210526316,0.5,0.7058823529411765,0.14035087719298245,0.34375,0.34375,0.9090909090909091,0.19736842105263158,0.4222222222222222,0.4318181818181818,1.0,0.2982456140350877,0.35294117647058826,0.35294117647058826,0.9583333333333334,0.29411764705882354,0.8,0.5,0.17647058823529413,0.3333333333333333,1.0,0.23529411764705882,,,0.15555555555555556,0.42857142857142855,0.3111111111111111,0.2857142857142857,0.26666666666666666,0.4166666666666667,0.6929824561403509,0.35294117647058826,0.5127577092511013,0.5316277777777778,0.5174545454545455,0.034482758620689655,0.06722689075630252,,0.0648854961832061,0.19083969465648856,8.744347826086956,24.53362831858407,0.3333333333333333,0.38095238095238093,0.047619047619047616,0.18840579710144928,0.27949659150498163,player_totals,wnba,2026,Regular Season,/get-totals/wnba,"{""Season"": ""2026"", ""SeasonType"": ""Regular Season"", ""Type"": ""Player""}",20260921T185714Z,2026-09-21T18:57:18+00:00,745679043f175bf3399ea17d939864656aa62e50e941b47c540246d900646365,,,,,,0.022222222222222223,,,,,,"[""single_row_table_data"", ""multi_row_table_data""]",{},1643493,Noemie Brochant,player_totals,2026-09-21T18:57:21+00:00,20260921T185714Z,435e35718e5113b927f3bcb0d52312eb0067b12f96bde4960243a62c09c615a6
1629484,1611661327,Megan DiLeo,Megan DiLeo,1629484,PDX,57638.5,40,961,-103,1915,1925,421.0,533.0,219.0,3840,101.0,132.0,22.0,34.0,17.0,22.0,47.0,87.0,3.0,5.0,11.0,28.0,2.0,3.0,2.0,5.0,41.0,118.0,4.0,14.0,6.0,21.0,151.0,224.0,52.0,146.0,64.0,522.0,2207,27.0,49.0,6.0,17.0,14.0,86.0,25.0,42.0,8.0,26.0,17.0,91.0,250.0,52.0,153.0,3.0,32.0,118.0,41.0,21.0,,25.0,12.0,37.0,9.0,3.0,12.0,11.0,2.0,86.0,28.0,27.0,1.0,41.0,64.0,8.0,113.0,56.0,169.0,6.0,17.0,13.0,4.0,12.0,5.0,7.0,19.0,1.0,5.0,,1.0,31.0,2.0,11.0,49.0,102.0,,16.0,11.0,89.0,3.0,7.0,5.0,79.0,18.0,,41.0,,7.0,24.0,1.0,1.0,9.0,,15.0,25.0,10.0,1.0,436.0,91.0,419.0,10.0,6.0,6.0,48.0,,25.0,2.0,34.0,1.0,2.0,109.86945169712794,114.64935064935065,0.8278145695364238,0.9259259259259259,0.9807692307692307,0.3561643835616438,0.35294117647058826,0.3076923076923077,0.3561643835616438,0.6741071428571429,0.5510204081632653,0.5952380952380952,0.6189189189189189,0.5454545454545454,0.5441176470588235,0.6525,0.5972222222222222,0.5909090909090909,0.3945945945945946,,0.09375,0.09090909090909091,0.10344827586206896,,19.816091954022987,0.3870967741935484,0.11428571428571428,0.021739130434782608,0.13646055437100213,0.06279069767441861,0.09785202863961814,0.06378132118451026,0.11824324324324324,0.06329113924050633,0.08383233532934131,0.05333333333333334,0.06470588235294118,0.06060606060606061,0.1388888888888889,0.15137614678899083,0.08450704225352113,0.09968847352024922,0.09183673469387756,0.04195804195804196,0.4,0.3567567567567568,0.7651515151515151,0.8416666666666667,0.8217821782178217,0.23513513513513515,0.5402298850574713,0.6025641025641025,0.8297872340425532,0.013513513513513514,0.6,0.6,1.0,0.07567567567567568,0.39285714285714285,0.39285714285714285,1.0,0.31891891891891894,0.3474576271186441,0.3474576271186441,0.975609756097561,0.5151515151515151,0.6470588235294118,0.36363636363636365,0.045454545454545456,0.6666666666666666,1.0,0.21212121212121213,0.2857142857142857,1.0,0.3235294117647059,0.7727272727272727,0.07352941176470588,0.4,0.3088235294117647,0.2857142857142857,0.7513513513513513,0.3474576271186441,0.5115525675675676,0.5331307692307693,0.4649625,0.10432569974554708,0.1659919028340081,,0.16475095785440613,0.1743295019157088,4.336607142857143,24.828767123287673,0.43333333333333335,0.28205128205128205,0.5,0.1935483870967742,0.21984334203655354,player_totals,wnba,2026,Regular Season,/get-totals/wnba,"{""Season"": ""2026"", ""SeasonType"": ""Regular Season"", ""Type"": ""Player""}",20260921T185714Z,2026-09-21T18:57:18+00:00,8281763e264a4266425758779c85a4ae8e8034480cf8294c1f13f056183b06c5,,,0.02631578947368421,,2.0,,,,,,,"[""single_row_table_data"", ""multi_row_table_data""]",{},1629484,Megan DiLeo,player_totals,2026-09-21T18:57:21+00:00,20260921T185714Z,b0afd7b306ba5d6f2dc3d3ed72ba365882bdfba89319c98c7c86533a432358ed
1643425,1611661321,Azzi Fudd,Azzi Fudd,1643425,DAL,57005.6,30,950,140,1882,1874,345.0,411.0,221.0,3756,27.0,40.0,2.0,4.0,5.0,8.0,26.0,63.0,41.0,83.0,9.0,27.0,1.0,3.0,,3.0,53.0,129.0,8.0,17.0,8.0,18.0,94.0,186.0,62.0,156.0,19.0,393.0,2010,8.0,13.0,9.0,20.0,2.0,45.0,18.0,29.0,8.0,21.0,9.0,69.0,136.0,52.0,174.0,12.0,,129.0,53.0,5.0,4.0,41.0,14.0,55.0,12.0,2.0,24.0,11.0,6.0,124.0,7.0,9.0,,12.0,19.0,5.0,36.0,16.0,52.0,8.0,52.0,35.0,17.0,18.0,5.0,15.0,15.0,2.0,3.0,4.0,2.0,33.0,4.0,4.0,34.0,68.0,,3.0,,22.0,,,3.0,23.0,2.0,2.0,9.0,,2.0,24.0,1.0,1.0,7.0,,17.0,25.0,11.0,1.0,348.0,69.0,338.0,5.0,2.0,,9.0,,10.0,,5.0,6.0,,114.24017003188098,107.25720384204911,0.723404255319149,0.723404255319149,0.9354838709677419,0.3974358974358974,0.45,0.38095238095238093,0.3974358974358974,0.5053763440860215,0.6153846153846154,0.6206896551724138,0.5467836257309941,0.6515151515151515,0.6,0.5584045584045584,0.6617647058823529,0.6509433962264151,0.45614035087719296,0.02564102564102564,0.026881720430107527,,0.047619047619047616,0.023255813953488372,17.918805412972468,0.5454545454545454,0.1,,0.035781544256120526,0.017475728155339806,0.03625377643504532,0.019230769230769232,0.03596287703016241,0.01820250284414107,0.007936507936507936,0.02,0.017006802721088437,0.02857142857142857,0.011363636363636364,0.04924242424242424,0.04395604395604396,0.03663003663003663,0.034482758620689655,0.045714285714285714,0.44,0.11695906432748537,0.675,0.675,0.7037037037037037,0.18421052631578946,0.4126984126984127,0.43333333333333335,0.8461538461538461,0.24269005847953215,0.4939759036144578,0.5061728395061729,0.6585365853658537,0.07894736842105263,0.3333333333333333,0.34615384615384615,1.0,0.37719298245614036,0.4108527131782946,0.42063492063492064,0.9245283018867925,0.12121212121212122,0.5,0.5,0.09090909090909091,0.3333333333333333,1.0,0.5151515151515151,0.47058823529411764,1.0,0.16,0.625,0.06,,0.36,0.4444444444444444,0.5730994152046783,0.4108527131782946,0.48051994134897363,0.5119192307692308,0.4662326530612245,0.025787965616045846,0.046632124352331605,,0.11450381679389313,0.17557251908396945,11.16505376344086,24.893589743589743,0.15384615384615385,0.35135135135135137,0.3170731707317073,0.3118279569892473,0.18331562167906482,player_totals,wnba,2026,Regular Season,/get-totals/wnba,"{""Season"": ""2026"", ""SeasonType"": ""Regular Season"", ""Type"": ""Player""}",20260921T185714Z,2026-09-21T18:57:18+00:00,ce25f143ee7a839eec7295637cb78f84f9e1b3588f424079b8122a162d012970,,0.024096385542168676,0.02158273381294964,,,0.037037037037037035,,,,,,"[""single_row_table_data"", ""multi_row_table_data""]",{},1643425,Azzi Fudd,player_totals,2026-09-21T18:57:21+00:00,20260921T185714Z,7dfad08dc8a4414be888782944402bb7187d8952da9a3cf39d3f60209ac27b78
1630446,1611661322,Michaela Onyenwere,Michaela Onyenwere,1630446,WAS,56978.1,38,950,99,1854,1855,479.0,380.0,254.0,3709,39.0,68.0,11.0,18.0,11.0,19.0,19.0,44.0,,9.0,26.0,63.0,2.0,5.0,1.0,5.0,28.0,73.0,2.0,5.0,8.0,14.0,58.0,121.0,54.0,136.0,60.0,338.0,1939,14.0,26.0,4.0,10.0,10.0,50.0,16.0,33.0,9.0,19.0,23.0,82.0,66.0,50.0,162.0,,22.0,73.0,28.0,14.0,4.0,52.0,13.0,65.0,10.0,3.0,36.0,14.0,2.0,143.0,20.0,28.0,5.0,20.0,24.0,3.0,47.0,53.0,100.0,9.0,16.0,11.0,5.0,38.0,7.0,26.0,26.0,4.0,12.0,1.0,2.0,64.0,5.0,13.0,35.0,97.0,1.0,12.0,9.0,66.0,,5.0,9.0,72.0,4.0,,26.0,1.0,10.0,4.0,2.0,2.0,2.0,,2.0,6.0,4.0,,288.0,82.0,471.0,11.0,9.0,1.0,24.0,,30.0,7.0,39.0,6.0,,109.92448759439051,104.52830188679245,0.5689655172413793,0.7021276595744681,1.0,0.39705882352941174,0.4,0.47368421052631576,0.39705882352941174,0.4793388429752066,0.5384615384615384,0.48484848484848486,0.5408560311284046,0.5555555555555556,0.5673076923076923,0.5827586206896552,0.6097560975609756,0.6307692307692307,0.5291828793774319,0.029411764705882353,0.11570247933884298,0.1323529411764706,0.09090909090909091,0.0410958904109589,16.275862068965516,0.59375,0.057692307692307696,0.07142857142857142,0.04642166344294004,0.05555555555555555,0.05,0.06779661016949153,0.04798255179934569,0.060075093867334166,0.05291005291005291,0.053231939163498096,0.0514018691588785,0.1111111111111111,0.036231884057971016,0.037037037037037035,0.08256880733944955,0.05396825396825397,0.03529411764705882,0.072,0.6666666666666666,0.26459143968871596,0.5735294117647058,0.6610169491525424,0.6153846153846154,0.17120622568093385,0.4318181818181818,0.475,0.47368421052631576,0.03501945525291829,,,,0.245136186770428,0.4126984126984127,0.41935483870967744,1.0,0.2840466926070039,0.3835616438356164,0.4,1.0,0.5,0.6111111111111112,0.18181818181818182,0.1388888888888889,0.4,1.0,0.1388888888888889,0.4,1.0,0.36538461538461536,0.5789473684210527,0.09615384615384616,0.2,0.2692307692307692,0.5714285714285714,0.7937743190661478,0.3835616438356164,0.5218315175097277,0.5359613636363636,0.4955163461538462,0.09642857142857143,0.18181818181818182,0.0072992700729927005,0.14792899408284024,0.24260355029585798,4.879338842975207,24.103676470588233,0.4642857142857143,0.3333333333333333,0.7777777777777778,0.34146341463414637,0.25836030204962246,player_totals,wnba,2026,Regular Season,/get-totals/wnba,"{""Season"": ""2026"", ""SeasonType"": ""Regular Season"", ""Type"": ""Player""}",20260921T185714Z,2026-09-21T18:57:18+00:00,45713f4669028a360fc2b1d57c0bf2c3dda78945ca38789f5d0155188c23e6b4,,0.1111111111111111,0.07692307692307693,,,0.015873015873015872,,,,,,"[""single_row_table_data"", ""multi_row_table_data""]",{},1630446,Michaela Onyenwere,player_totals,2026-09-21T18:57:21+00:00,20260921T185714Z,3e258c81d060dabb72821a3921d4f9c50819d5a8cfb734e2dd0e23d70a76d8a9
1628269,1611661324,Nia Brodie,Nia Brodie,1628269,MIN,56881.0,42,948,150,1880,1904,347.0,399.0,235.0,3784,34.0,55.0,3.0,6.0,5.0,10.0,9.0,25.0,4.0,10.0,15.0,40.0,1.0,2.0,,3.0,36.0,94.0,4.0,11.0,6.0,14.0,47.0,90.0,51.0,134.0,14.0,261.0,1979,6.0,11.0,5.0,13.0,3.0,30.0,8.0,16.0,6.0,17.0,3.0,37.0,78.0,16.0,150.0,3.0,6.0,94.0,36.0,8.0,2.0,36.0,37.0,73.0,30.0,7.0,19.0,11.0,6.0,183.0,20.0,17.0,,51.0,83.0,10.0,144.0,37.0,181.0,6.0,41.0,28.0,13.0,14.0,4.0,10.0,15.0,1.0,4.0,,1.0,29.0,2.0,6.0,45.0,86.0,3.0,6.0,6.0,35.0,1.0,3.0,6.0,24.0,3.0,,11.0,1.0,1.0,31.0,13.0,4.0,19.0,9.0,12.0,44.0,26.0,2.0,231.0,37.0,337.0,7.0,,3.0,39.0,2.0,31.0,6.0,38.0,12.0,,113.24468085106382,103.9390756302521,0.8297872340425532,0.8863636363636364,0.9803921568627451,0.3805970149253731,0.38461538461538464,0.35294117647058826,0.3805970149253731,0.5222222222222223,0.5454545454545454,0.5,0.5513392857142857,0.5625,0.5151515151515151,0.5576923076923077,0.5769230769230769,0.5441176470588235,0.5982142857142857,0.014925373134328358,0.08888888888888889,0.05454545454545454,0.16,0.010638297872340425,12.226871222687121,0.4827586206896552,0.2777777777777778,,0.1704312114989733,0.03359683794466403,0.1186046511627907,0.055401662049861494,0.14612868047982552,0.04267589388696655,0.045454545454545456,0.027624309392265192,0.05017921146953405,0.07317073170731707,0.125,0.1895734597156398,0.23684210526315788,0.12012012012012012,0.1134020618556701,0.05263157894736842,0.5909090909090909,0.24553571428571427,0.6181818181818182,0.6538461538461539,0.8529411764705882,0.11160714285714286,0.36,0.42857142857142855,0.7777777777777778,0.044642857142857144,0.4,0.4444444444444444,0.75,0.17857142857142858,0.375,0.38461538461538464,1.0,0.41964285714285715,0.3829787234042553,0.3870967741935484,0.9722222222222222,0.25,0.5,0.3333333333333333,0.08333333333333333,0.5,1.0,0.4583333333333333,0.36363636363636365,1.0,0.30303030303030304,0.5,0.09090909090909091,,0.42424242424242425,0.42857142857142855,0.84375,0.3829787234042553,0.5347350446428571,0.5374964285714285,0.5146151515151515,0.05150214592274678,0.11224489795918367,0.007407407407407408,0.11494252873563218,0.1417624521072797,5.431111111111111,24.306716417910447,0.42857142857142855,0.4375,0.16666666666666666,0.32098765432098764,0.18457446808510639,player_totals,wnba,2026,Regular Season,/get-totals/wnba,"{""Season"": ""2026"", ""SeasonType"": ""Regular Season"", ""Type"": ""Player""}",20260921T185714Z,2026-09-21T18:57:18+00:00,8e47e4dceb0bd0250ef1d05e271f51937693e78e23759ac7d5645cb48acd4335,,0.1,0.026845637583892617,,,0.025,,,,,,"[""single_row_table_data"", ""multi_row_table_data""]",{},1628269,Nia Brodie,player_totals,2026-09-21T18:57:21+00:00,20260921T185714Z,acf88ec8b464db50f7b4831fbabc402014e9be806852a9bcfce69c53861e00e2
1629497,1611661332,Marina Mabrey,Marina Mabrey,1629497,TOR,56665.2,32,944,-180,1907,1912,412.0,430.0,211.0,3819,58.0,85.0,5.0,6.0,9.0,13.0,36.0,90.0,19.0,46.0,14.0,38.0,4.0,7.0,4.0,16.0,91.0,235.0,6.0,21.0,18.0,57.0,113.0,221.0,105.0,273.0,126.0,667.0,2246,11.0,18.0,10.0,28.0,5.0,57.0,16.0,33.0,22.0,73.0,42.0,140.0,94.0,132.0,204.0,111.0,8.0,235.0,91.0,13.0,4.0,87.0,31.0,118.0,18.0,13.0,71.0,14.0,2.0,267.0,8.0,6.0,3.0,48.0,39.0,1.0,88.0,17.0,105.0,10.0,29.0,21.0,8.0,53.0,9.0,37.0,46.0,8.0,16.0,1.0,2.0,99.0,6.0,17.0,34.0,84.0,3.0,5.0,16.0,152.0,,4.0,7.0,143.0,11.0,7.0,46.0,8.0,14.0,12.0,,,8.0,,3.0,12.0,5.0,,610.0,138.0,408.0,4.0,12.0,,65.0,,19.0,12.0,29.0,15.0,,108.33770319874148,117.46861924686192,0.415929203539823,0.43119266055045874,0.6476190476190476,0.38461538461538464,0.35714285714285715,0.3013698630136986,0.38461538461538464,0.5113122171945701,0.6111111111111112,0.48484848484848486,0.5475708502024291,0.5652173913043478,0.46226415094339623,0.6018181818181818,0.59375,0.552,0.5526315789473685,0.014652014652014652,0.058823529411764705,0.058823529411764705,0.07777777777777778,0.01276595744680851,30.157992565055764,0.5353535353535354,0.0196078431372549,0.07142857142857142,0.08552631578947369,0.013422818791946308,0.12,0.019464720194647202,0.10163551401869159,0.016317016317016316,0.005555555555555556,0.010416666666666666,0.022653721682847898,0.00980392156862745,0.046296296296296294,0.10526315789473684,0.15942028985507245,0.13029315960912052,0.08602150537634409,0.0390625,0.4166666666666667,0.1720647773279352,0.6823529411764706,0.725,0.4482758620689655,0.18218623481781376,0.4,0.43373493975903615,0.4166666666666667,0.0931174089068826,0.41304347826086957,0.4222222222222222,0.3157894736842105,0.07692307692307693,0.3684210526315789,0.3783783783783784,0.8571428571428571,0.4757085020242915,0.3872340425531915,0.3922413793103448,0.6153846153846154,0.13043478260869565,0.8333333333333334,,0.15217391304347827,0.5714285714285714,1.0,0.45652173913043476,0.2857142857142857,1.0,0.12264150943396226,0.6923076923076923,0.1509433962264151,0.25,0.5377358490566038,0.3157894736842105,0.7246963562753036,0.3872340425531915,0.49453683673469384,0.4922892857142857,0.4795647058823529,0.10074626865671642,0.1796875,0.02857142857142857,0.08545727136431784,0.2098950524737631,8.352488687782806,25.683882783882783,0.3333333333333333,0.25925925925925924,0.2962962962962963,0.3515151515151515,0.21604614577871,player_totals,wnba,2026,Regular Season,/get-totals/wnba,"{""Season"": ""2026"", ""SeasonType"": ""Regular Season"", ""Type"": ""Player""}",20260921T185714Z,2026-09-21T18:57:18+00:00,bedb1f8452e6de3e10fb494b6b7ef5c160f8797dfd569493f250a191e7ec97d4,1.0,0.021739130434782608,0.04,1.0,,0.02631578947368421,,,,,,"[""single_row_table_data"", ""multi_row_table_data""]",{},1629497,Marina Mabrey,player_totals,2026-09-21T18:57:21+00:00,20260921T185714Z,2a614103ef8ff22987a2b5f31ebb588e31e12e0cbfa5cd34dbafb7be05b4dfcf
1631019,1611661319,NaLyssa Smith,NaLyssa Smith,1631019,LVA,55487.4,38,925,97,1828,1833,327.0,239.0,224.0,3661,94.0,126.0,24.0,34.0,13.0,22.0,84.0,142.0,4.0,11.0,,,,,,,1.0,8.0,1.0,1.0,,2.0,182.0,279.0,1.0,8.0,77.0,444.0,1976,37.0,53.0,1.0,1.0,17.0,94.0,25.0,43.0,,2.0,23.0,73.0,262.0,102.0,3.0,,50.0,8.0,1.0,22.0,,26.0,8.0,34.0,8.0,,13.0,10.0,3.0,76.0,32.0,52.0,,52.0,102.0,6.0,160.0,84.0,244.0,4.0,24.0,18.0,6.0,13.0,1.0,4.0,20.0,1.0,9.0,,1.0,33.0,3.0,4.0,72.0,121.0,1.0,9.0,12.0,131.0,1.0,17.0,15.0,134.0,15.0,,57.0,,18.0,24.0,1.0,1.0,11.0,,13.0,25.0,15.0,,350.0,73.0,326.0,3.0,13.0,7.0,76.0,3.0,72.0,4.0,55.0,10.0,8.0,113.40262582056891,107.80141843971633,0.7197802197802198,0.8343949044585988,1.0,0.125,1.0,,0.125,0.6523297491039427,0.6981132075471698,0.5813953488372093,0.6393728222996515,0.7129629629629629,0.5555555555555556,0.6397694524495677,0.6619718309859155,0.5793650793650794,0.027874564459930314,,0.07885304659498207,0.07142857142857142,0.09154929577464789,,18.23869104908566,0.3939393939393939,0.15,,0.20318725099601595,0.10721649484536082,0.14444444444444443,0.09815950920245399,0.17865429234338748,0.10357583230579531,0.12087912087912088,0.1056338028169014,0.09652509652509653,0.1044776119402985,0.1518987341772152,0.24324324324324326,0.17647058823529413,0.1423611111111111,0.1527777777777778,0.04938271604938271,0.6,0.43902439024390244,0.746031746031746,0.8034188034188035,0.7127659574468085,0.49477351916376305,0.5915492957746479,0.6511627906976745,0.7142857142857143,0.03832752613240418,0.36363636363636365,0.36363636363636365,1.0,,,,,0.027874564459930314,0.125,0.125,1.0,0.6296296296296297,0.7058823529411765,0.125,,,,0.018518518518518517,1.0,1.0,0.4888888888888889,0.5909090909090909,,,0.044444444444444446,,0.46689895470383275,0.125,0.48735940766550523,0.5404052631578947,0.48511666666666664,0.17325227963525835,0.17757009345794392,,0.21171171171171171,0.16441441441441443,5.015053763440861,25.7,0.25,0.13793103448275862,0.2857142857142857,0.3333333333333333,0.17888402625820568,player_totals,wnba,2026,Regular Season,/get-totals/wnba,"{""Season"": ""2026"", ""SeasonType"": ""Regular Season"", ""Type"": ""Player""}",20260921T185714Z,2026-09-21T18:57:18+00:00,91284c98e8042d664dbdbe76dcca37e8f5f51b14c1586afc2d2bc2779a49de22,,,0.1,,,,,,,,,"[""single_row_table_data"", ""multi_row_table_data""]",{},1631019,NaLyssa Smith,player_totals,2026-09-21T18:57:21+00:00,20260921T185714Z,4bf6386e666709a421f3ffbe045aba7325d5ec2f7b9cfdd6c162c5eeb94492df
1641649,1611661323,Diamond Miller,Diamond Miller,1641649,CON,55470.5,41,925,-223,1819,1833,389.0,417.0,228.0,3652,49.0,97.0,4.0,7.0,9.0,17.0,23.0,82.0,9.0,27.0,12.0,43.0,1.0,3.0,2.0,6.0,37.0,108.0,2.0,10.0,7.0,23.0,81.0,206.0,49.0,151.0,89.0,398.0,2051,6.0,18.0,3.0,13.0,4.0,25.0,11.0,37.0,9.0,29.0,25.0,74.0,94.0,68.0,123.0,24.0,4.0,108.0,37.0,33.0,3.0,43.0,15.0,58.0,9.0,6.0,25.0,14.0,4.0,131.0,5.0,10.0,,39.0,50.0,4.0,93.0,15.0,108.0,4.0,28.0,14.0,14.0,32.0,6.0,19.0,28.0,2.0,13.0,5.0,3.0,60.0,3.0,13.0,47.0,132.0,,11.0,9.0,91.0,2.0,2.0,12.0,111.0,11.0,6.0,48.0,1.0,10.0,7.0,1.0,1.0,1.0,,4.0,8.0,5.0,,373.0,73.0,387.0,17.0,9.0,,48.0,6.0,66.0,5.0,38.0,2.0,,100.49477735019241,111.89307146753956,0.5802469135802469,0.5949367088607594,0.8367346938775511,0.32450331125827814,0.23076923076923078,0.3103448275862069,0.32450331125827814,0.3932038834951456,0.3333333333333333,0.2972972972972973,0.4327731092436975,0.3387096774193548,0.3712121212121212,0.4863861386138614,0.3787878787878788,0.45,0.42296918767507,0.019867549668874173,0.16019417475728157,0.15463917525773196,0.2073170731707317,0.018518518518518517,22.147971360381863,0.5333333333333333,0.10256410256410256,,0.11013215859030837,0.017271157167530225,0.12037037037037036,0.016286644951140065,0.11439588688946016,0.016930022573363433,0.015957446808510637,0.019083969465648856,0.02,,0.09142857142857143,0.12385321100917432,0.11475409836065574,0.09881422924901186,0.19718309859154928,0.021164021164021163,0.625,0.27170868347338933,0.5051546391752577,0.5975609756097561,0.6530612244897959,0.22969187675070027,0.2804878048780488,0.35384615384615387,0.5217391304347826,0.07563025210084033,0.3333333333333333,0.34615384615384615,0.3333333333333333,0.12044817927170869,0.27906976744186046,0.2857142857142857,1.0,0.3025210084033613,0.3425925925925926,0.3490566037735849,0.7837837837837838,0.22580645161290322,0.5714285714285714,0.5,0.0967741935483871,0.3333333333333333,1.0,0.3225806451612903,0.2,0.5,0.25757575757575757,0.5294117647058824,0.09090909090909091,0.3333333333333333,0.3484848484848485,0.30434782608695654,0.6946778711484594,0.3425925925925926,0.5204219887955182,0.506155,0.4890136363636364,0.12436548223350254,0.19753086419753085,0.006622516556291391,0.06281407035175879,0.18592964824120603,6.215533980582525,24.541721854304637,0.3958333333333333,0.4482758620689655,0.3888888888888889,0.3465346534653465,0.21385376580538756,player_totals,wnba,2026,Regular Season,/get-totals/wnba,"{""Season"": ""2026"", ""SeasonType"": ""Regular Season"", ""Type"": ""Player""}",20260921T185714Z,2026-09-21T18:57:18+00:00,96fd38b0b2fdd10617cf0d342e089070d9ef465d1c302a7fd1b561b210f96f00,1.0,0.037037037037037035,0.015503875968992248,2.0,,0.023255813953488372,,,,,,"[""single_row_table_data"", ""multi_row_table_data""]",{},1641649,Diamond Miller,player_totals,2026-09-21T18:57:21+00:00,20260921T185714Z,efa9ce53a7704f1b762a8b835d7451da5cec659a2752ef6a6677524436304570
1628931,1611661331,Gabby Williams,Gabby Williams,1628931,GSV,55006.1,37,917,107,1706,1732,303.0,341.0,224.0,3438,47.0,80.0,8.0,13.0,5.0,9.0,61.0,141.0,18.0,61.0,9.0,25.0,2.0,5.0,1.0,2.0,55.0,160.0,3.0,14.0,10.0,23.0,126.0,282.0,64.0,185.0,85.0,529.0,1742,14.0,29.0,5.0,19.0,8.0,51.0,18.0,40.0,11.0,25.0,26.0,95.0,126.0,126.0,165.0,27.0,2.0,160.0,55.0,18.0,1.0,39.0,42.0,81.0,27.0,15.0,27.0,9.0,3.0,204.0,11.0,12.0,1.0,51.0,41.0,6.0,98.0,24.0,122.0,8.0,61.0,47.0,14.0,31.0,9.0,19.0,27.0,3.0,12.0,5.0,1.0,58.0,8.0,8.0,23.0,48.0,2.0,1.0,5.0,78.0,,4.0,3.0,117.0,10.0,4.0,39.0,6.0,13.0,5.0,1.0,1.0,1.0,,3.0,6.0,2.0,,478.0,88.0,289.0,2.0,8.0,,18.0,,28.0,,14.0,,,108.38218053927316,100.57736720554273,0.5,0.504,0.859375,0.34594594594594597,0.2631578947368421,0.44,0.34594594594594597,0.44680851063829785,0.4827586206896552,0.45,0.4753747323340471,0.4479166666666667,0.5307692307692308,0.512621359223301,0.5,0.573170731707317,0.3961456102783726,0.005405405405405406,0.06382978723404255,0.075,0.0851063829787234,,29.086294416243657,0.5344827586206896,0.15,0.021739130434782608,0.08649789029535865,0.026607538802660754,0.14739884393063585,0.023965141612200435,0.11219512195121951,0.025274725274725275,0.019230769230769232,0.04132231404958678,0.028328611898016998,0.009433962264150943,0.058823529411764705,0.09398496240601503,0.10112359550561797,0.14869888475836432,0.14285714285714285,0.03162055335968379,0.3333333333333333,0.17130620985010706,0.5875,0.6351351351351351,0.5319148936170213,0.3019271948608137,0.4326241134751773,0.4728682170542636,0.4918032786885246,0.13062098501070663,0.29508196721311475,0.29508196721311475,0.4444444444444444,0.05353319057815846,0.36,0.375,1.0,0.3426124197002141,0.34375,0.34375,0.8363636363636363,0.2708333333333333,0.6153846153846154,0.625,0.10416666666666667,0.4,1.0,0.2916666666666667,0.21428571428571427,1.0,0.13846153846153847,0.5555555555555556,0.03076923076923077,0.5,0.35384615384615387,0.43478260869565216,0.5674518201284796,0.34375,0.47228372591006423,0.49225606060606064,0.44059076923076923,0.08782435129740519,0.12540192926045016,0.02631578947368421,0.09640831758034027,0.17958412098298676,8.462056737588654,25.011891891891892,0.28125,0.3125,0.3023255813953488,0.3247863247863248,0.1776084407971864,player_totals,wnba,2026,Regular Season,/get-totals/wnba,"{""Season"": ""2026"", ""SeasonType"": ""Regular Season"", ""Type"": ""Player""}",20260921T185714Z,2026-09-21T18:57:18+00:00,21952d69291c5a283f6981715f7e463238ea76b8302b11fc73a41f33f343bc06,,,,1.0,,0.04,,,,,,"[""single_row_table_data"", ""multi_row_table_data""]",{},1628931,Gabby Williams,player_totals,2026-09-21T18:57:21+00:00,20260921T185714Z,1abd794697a8453c4c3c7be1781d5ee13e0ed61186c980b42f795fa2f8ce2572
1629482,1611661325,Sophie Cunningham,Sophie Cunningham,1629482,IND,54658.2,41,911,79,1866,1891,690.0,661.0,205.0,3757,32.0,46.0,4.0,6.0,12.0,17.0,2.0,13.0,2.0,6.0,13.0,40.0,2.0,6.0,4.0,13.0,51.0,110.0,6.0,14.0,25.0,43.0,36.0,65.0,64.0,150.0,63.0,327.0,2061,5.0,11.0,8.0,20.0,8.0,42.0,12.0,22.0,29.0,56.0,50.0,161.0,56.0,16.0,180.0,12.0,2.0,110.0,51.0,6.0,3.0,30.0,20.0,50.0,15.0,5.0,22.0,7.0,1.0,120.0,8.0,2.0,,32.0,36.0,15.0,83.0,10.0,93.0,3.0,23.0,20.0,3.0,8.0,9.0,5.0,20.0,1.0,3.0,,,28.0,2.0,9.0,29.0,77.0,,3.0,9.0,85.0,2.0,13.0,13.0,72.0,5.0,,11.0,2.0,25.0,4.0,1.0,1.0,3.0,,1.0,5.0,1.0,1.0,285.0,161.0,685.0,16.0,25.0,4.0,25.0,,23.0,,13.0,3.0,,114.68381564844587,108.98995240613432,0.7777777777777778,0.8,0.9375,0.4266666666666667,0.4,0.5178571428571429,0.4266666666666667,0.5538461538461539,0.45454545454545453,0.5454545454545454,0.6139534883720931,0.5483870967741935,0.7115384615384616,0.6619433198380567,0.6176470588235294,0.7740384615384616,0.6976744186046512,0.02,0.09230769230769231,0.06521739130434782,0.15384615384615385,0.01818181818181818,13.113972341440153,0.2857142857142857,0.2112676056338028,,0.07228915662650602,0.0049261083743842365,0.09411764705882353,0.022598870056497175,0.081145584725537,0.013157894736842105,0.006060606060606061,0.006060606060606061,0.0176678445229682,0.04225352112676056,0.04245283018867924,0.09389671361502347,0.0958904109589041,0.09302325581395349,0.0975609756097561,0.029411764705882353,0.2,0.21395348837209302,0.6956521739130435,0.7441860465116279,0.8125,0.06046511627906977,0.15384615384615385,0.18181818181818182,0.5,0.027906976744186046,0.3333333333333333,0.4,0.5,0.18604651162790697,0.325,0.3333333333333333,1.0,0.5116279069767442,0.4636363636363636,0.4722222222222222,0.9215686274509803,0.1935483870967742,0.6666666666666666,0.5,0.1935483870967742,0.3333333333333333,1.0,0.45161290322580644,0.42857142857142855,1.0,0.21794871794871795,0.7058823529411765,0.16666666666666666,0.3076923076923077,0.5512820512820513,0.5813953488372093,0.9116279069767442,0.4636363636363636,0.5298351162790698,0.52915,0.5097814102564102,0.05855855855855856,0.15492957746478872,0.013245033112582781,0.12844036697247707,0.4923547400611621,4.656923076923077,25.122,0.3333333333333333,0.5454545454545454,0.5,0.3132530120481928,0.36977491961414793,player_totals,wnba,2026,Regular Season,/get-totals/wnba,"{""Season"": ""2026"", ""SeasonType"": ""Regular Season"", ""Type"": ""Player""}",20260921T185714Z,2026-09-21T18:57:18+00:00,ced7c0d5105eae501990617c8c09a75374af2ce82064a6f78dfdca19350df9de,1.0,0.16666666666666666,,,,0.025,,,,,,"[""single_row_table_data"", ""multi_row_table_data""]",{},1629482,Sophie Cunningham,player_totals,2026-09-21T18:57:21+00:00,20260921T185714Z,585fce9d787ccc0ee861ffc41e9a6511ea74c94688e6abd5389c709081d26c16
1629576,1611661332,Maria Conde,Maria Conde,1629576,TOR,54621.0,34,910,-184,1823,1859,490.0,540.0,220.0,3682,19.0,56.0,5.0,13.0,7.0,16.0,22.0,44.0,8.0,30.0,18.0,43.0,1.0,6.0,2.0,8.0,35.0,112.0,2.0,10.0,9.0,31.0,49.0,130.0,53.0,155.0,36.0,293.0,2181,5.0,21.0,3.0,16.0,5.0,24.0,15.0,36.0,11.0,39.0,20.0,83.0,70.0,28.0,153.0,6.0,6.0,112.0,35.0,9.0,1.0,56.0,33.0,89.0,24.0,9.0,37.0,16.0,3.0,211.0,18.0,13.0,1.0,55.0,56.0,12.0,123.0,32.0,155.0,5.0,17.0,11.0,6.0,38.0,9.0,29.0,18.0,4.0,9.0,,1.0,56.0,6.0,15.0,26.0,66.0,,1.0,2.0,51.0,,3.0,9.0,41.0,4.0,1.0,17.0,,5.0,5.0,1.0,,1.0,1.0,4.0,6.0,3.0,1.0,269.0,79.0,488.0,6.0,3.0,,16.0,,12.0,1.0,7.0,4.0,,109.54470652770159,117.32114039806348,0.7142857142857143,0.7608695652173914,0.9622641509433962,0.3419354838709677,0.1875,0.28205128205128205,0.3419354838709677,0.3769230769230769,0.23809523809523808,0.4166666666666667,0.45087719298245615,0.25675675675675674,0.42,0.48184818481848185,0.3,0.4880952380952381,0.543859649122807,0.0064516129032258064,0.06923076923076923,0.10714285714285714,0.06818181818181818,0.008928571428571428,17.35137747704205,0.6785714285714286,0.23076923076923078,0.023809523809523808,0.1339712918660287,0.029748283752860413,0.13959390862944163,0.045,0.13669950738916256,0.037037037037037035,0.03954802259887006,0.016853932584269662,0.03559870550161812,0.07692307692307693,0.09042553191489362,0.1497005988023952,0.2222222222222222,0.14736842105263157,0.11926605504587157,0.029411764705882353,0.5,0.19649122807017544,0.3392857142857143,0.38,0.6842105263157895,0.1543859649122807,0.5,0.5365853658536586,0.6818181818181818,0.10526315789473684,0.26666666666666666,0.26666666666666666,0.875,0.15087719298245614,0.4186046511627907,0.4186046511627907,1.0,0.3929824561403509,0.3125,0.3153153153153153,0.9428571428571428,0.35135135135135137,0.38461538461538464,0.4,0.16216216216216217,0.16666666666666666,1.0,0.2702702702702703,0.2,0.5,0.21333333333333335,0.4375,0.10666666666666667,0.25,0.41333333333333333,0.2903225806451613,0.7403508771929824,0.3125,0.5121320422535212,0.47074736842105264,0.4762614864864865,0.05704697986577181,0.11888111888111888,,0.08191126279863481,0.2832764505119454,7.486923076923077,24.560000000000002,0.32432432432432434,0.4090909090909091,0.22727272727272727,0.21212121212121213,0.26878771256171147,player_totals,wnba,2026,Regular Season,/get-totals/wnba,"{""Season"": ""2026"", ""SeasonType"": ""Regular Season"", ""Type"": ""Player""}",20260921T185714Z,2026-09-21T18:57:18+00:00,2481fd0522eff82f090e7f3586860ea55cbaefc9a7b4bbc3740f1f028c57d60f,,,0.036585365853658534,,,,,,,,,"[""single_row_table_data"", ""multi_row_table_data""]",{},1629576,Maria Conde,player_totals,2026-09-21T18:57:21+00:00,20260921T185714Z,51c3ced16e0951ddde14c02f0d73302b0b9717fe8897cdf7f624d0f444b0a3f1
204329,1611661331,Kiah Stokes,Kiah Stokes,204329,GSV,54535.6,41,909,99,1665,1677,273.0,332.0,219.0,3342,27.0,37.0,7.0,9.0,4.0,6.0,12.0,30.0,1.0,4.0,11.0,41.0,4.0,8.0,2.0,7.0,8.0,26.0,1.0,3.0,,1.0,40.0,71.0,19.0,67.0,8.0,145.0,1636,8.0,14.0,5.0,11.0,,31.0,7.0,11.0,2.0,8.0,2.0,22.0,68.0,12.0,57.0,,12.0,26.0,8.0,9.0,,29.0,22.0,51.0,20.0,2.0,9.0,13.0,7.0,124.0,22.0,27.0,,77.0,95.0,8.0,180.0,49.0,229.0,3.0,24.0,18.0,6.0,8.0,3.0,6.0,12.0,1.0,2.0,,,20.0,4.0,4.0,60.0,93.0,,5.0,7.0,33.0,1.0,4.0,1.0,17.0,1.0,,7.0,,2.0,69.0,3.0,3.0,38.0,,30.0,72.0,37.0,,114.0,22.0,266.0,4.0,2.0,2.0,15.0,1.0,19.0,3.0,25.0,3.0,,104.20420420420422,97.5551580202743,0.85,1.0,1.0,0.2835820895522388,0.45454545454545453,0.25,0.2835820895522388,0.5633802816901409,0.5714285714285714,0.6363636363636364,0.4963768115942029,0.62,0.5263157894736842,0.4965753424657534,0.62,0.5238095238095238,0.4855072463768116,,0.1267605633802817,0.08108108108108109,0.2,,8.650338718082335,0.4,0.22857142857142856,,0.20084566596194503,0.058823529411764705,0.19948186528497408,0.049773755656108594,0.20023282887077998,0.05438401775804662,0.02912621359223301,0.0796812749003984,0.051515151515151514,0.044642857142857144,0.1794871794871795,0.20384615384615384,0.21875,0.19,0.23255813953488372,0.043478260869565216,0.5138888888888888,0.26811594202898553,0.7297297297297297,0.7941176470588235,0.7777777777777778,0.21739130434782608,0.4,0.5,1.0,0.028985507246376812,0.25,0.25,1.0,0.2971014492753623,0.2682926829268293,0.2682926829268293,1.0,0.18840579710144928,0.3076923076923077,0.3076923076923077,1.0,0.36,0.7777777777777778,0.14285714285714285,0.32,0.5,1.0,0.12,0.3333333333333333,1.0,0.3157894736842105,0.6666666666666666,0.3684210526315789,0.2857142857142857,0.05263157894736842,,0.7536231884057971,0.3076923076923077,0.5167873188405797,0.571221875,0.4852,0.04861111111111111,0.09090909090909091,,0.21379310344827587,0.15172413793103448,4.529577464788733,23.940298507462686,0.4,0.3333333333333333,0.3333333333333333,0.2553191489361702,0.16396396396396395,player_totals,wnba,2026,Regular Season,/get-totals/wnba,"{""Season"": ""2026"", ""SeasonType"": ""Regular Season"", ""Type"": ""Player""}",20260921T185714Z,2026-09-21T18:57:18+00:00,ce7bcc1926acf2b776b96854f3dda9259d4311b21ee962214f7a8edf51070474,,,0.0380952380952381,1.0,,,,,,,,"[""single_row_table_data"", ""multi_row_table_data""]",{},204329,Kiah Stokes,player_totals,2026-09-21T18:57:21+00:00,20260921T185714Z,3cecdfad65360f5d2f7e8f2a80452326bf5c464074728657034fc06c630717a9
1642798,1611661328,Dominique Malonga,Dominique Malonga,1642798,SEA,53463.6,34,891,-133,1821,1851,339.0,381.0,238.0,3672,120.0,169.0,32.0,47.0,26.0,31.0,75.0,188.0,10.0,35.0,4.0,16.0,1.0,3.0,1.0,2.0,17.0,60.0,1.0,2.0,6.0,17.0,205.0,392.0,21.0,76.0,98.0,571.0,2029,51.0,78.0,2.0,5.0,27.0,135.0,42.0,72.0,7.0,19.0,23.0,128.0,282.0,128.0,57.0,6.0,66.0,60.0,17.0,22.0,,35.0,23.0,58.0,21.0,2.0,19.0,13.0,3.0,139.0,26.0,57.0,2.0,85.0,111.0,18.0,214.0,85.0,299.0,20.0,35.0,22.0,13.0,50.0,7.0,27.0,41.0,3.0,23.0,,7.0,91.0,8.0,16.0,43.0,95.0,2.0,5.0,17.0,106.0,,8.0,2.0,129.0,13.0,,63.0,,8.0,45.0,2.0,2.0,22.0,,23.0,47.0,32.0,,436.0,128.0,334.0,7.0,8.0,,31.0,,49.0,,49.0,9.0,,104.11861614497528,109.61642355483521,0.6878048780487804,0.8197674418604651,0.9047619047619048,0.27631578947368424,0.4,0.3684210526315789,0.27631578947368424,0.5229591836734694,0.6538461538461539,0.5833333333333334,0.5053418803418803,0.6506024096385542,0.5769230769230769,0.5427756653992395,0.6887755102040817,0.6153846153846154,0.1623931623931624,,0.05612244897959184,0.023668639053254437,0.09574468085106383,,29.40896091515729,0.5494505494505495,0.45,0.045454545454545456,0.2483221476510067,0.11154598825831702,0.1985981308411215,0.07282913165266107,0.224,0.0956221198156682,0.11764705882352941,0.12363636363636364,0.07407407407407407,0.06666666666666667,0.2483221476510067,0.25892857142857145,0.21621621621621623,0.2215568862275449,0.11702127659574468,0.091324200913242,0.6808510638297872,0.3611111111111111,0.7100591715976331,0.7272727272727273,0.6583333333333333,0.4017094017094017,0.39893617021276595,0.4411764705882353,0.7066666666666667,0.07478632478632478,0.2857142857142857,0.2857142857142857,0.9,0.03418803418803419,0.25,0.25,1.0,0.1282051282051282,0.2833333333333333,0.2833333333333333,0.8823529411764706,0.5662650602409639,0.6808510638297872,0.1875,0.03614457831325301,0.3333333333333333,1.0,0.024096385542168676,0.5,1.0,0.34065934065934067,0.8387096774193549,0.02197802197802198,0.5,0.18681318681318682,0.35294117647058826,0.5235042735042735,0.2833333333333333,0.4894813034188034,0.5365245762711864,0.4725934065934066,0.12162162162162163,0.1425339366515837,,0.23642732049036777,0.22416812609457093,6.302040816326531,24.693421052631578,0.3877551020408163,0.3125,0.24,0.21818181818181817,0.18616144975288304,player_totals,wnba,2026,Regular Season,/get-totals/wnba,"{""Season"": ""2026"", ""SeasonType"": ""Regular Season"", ""Type"": ""Player""}",20260921T185714Z,2026-09-21T18:57:18+00:00,8ca7acfcd7f598543aa128332acec837a002929f0207941109c138c49b2dfcf4,,,0.060240963855421686,,,,,,,,,"[""single_row_table_data"", ""multi_row_table_data""]",{},1642798,Dominique Malonga,player_totals,2026-09-21T18:57:21+00:00,20260921T185714Z,cbd7401216997f655d9662c38d2eb3483d0e5c7fb21a797d90a9713520bf78ea
1627700,1611661332,Julie Allemand,Julie Allemand,1627700,TOR,53128.8,31,885,-153,1758,1766,401.0,419.0,212.0,3524,24.0,31.0,1.0,2.0,6.0,8.0,7.0,7.0,5.0,9.0,2.0,9.0,,,,4.0,35.0,79.0,8.0,11.0,7.0,19.0,36.0,47.0,37.0,88.0,10.0,193.0,2038,3.0,4.0,8.0,11.0,1.0,31.0,8.0,12.0,7.0,23.0,6.0,43.0,18.0,54.0,84.0,27.0,,79.0,35.0,1.0,1.0,111.0,59.0,170.0,47.0,12.0,69.0,30.0,12.0,399.0,6.0,3.0,,49.0,39.0,2.0,90.0,9.0,99.0,2.0,42.0,23.0,19.0,34.0,12.0,28.0,19.0,2.0,6.0,,,53.0,2.0,8.0,36.0,60.0,,1.0,2.0,25.0,,,6.0,13.0,,1.0,5.0,,1.0,12.0,,,7.0,,5.0,12.0,3.0,1.0,162.0,43.0,399.0,1.0,1.0,,41.0,,40.0,,5.0,,2.0,107.2241183162685,115.40203850509626,0.25,0.25,0.7567567567567568,0.42045454545454547,0.7272727272727273,0.30434782608695654,0.42045454545454547,0.7659574468085106,0.75,0.6666666666666666,0.6777777777777778,1.0,0.5285714285714286,0.6808510638297872,0.96875,0.5526315789473685,0.6518518518518519,0.011363636363636364,0.02127659574468085,0.03225806451612903,,0.012658227848101266,9.68063872255489,0.6415094339622641,0.0425531914893617,,0.09133489461358314,0.0069767441860465115,0.12694300518134716,0.015345268542199489,0.10824108241082411,0.010962241169305725,0.005235602094240838,,0.014084507042253521,0.018691588785046728,0.0673076923076923,0.12258064516129032,0.09375,0.12014134275618374,0.14563106796116504,0.03333333333333333,0.25,0.22962962962962963,0.7741935483870968,0.8,0.25,0.05185185185185185,1.0,1.0,0.2857142857142857,0.06666666666666667,0.5555555555555556,0.5555555555555556,0.2,0.06666666666666667,0.2222222222222222,0.2222222222222222,1.0,0.5851851851851851,0.4430379746835443,0.44871794871794873,0.7428571428571429,0.13333333333333333,0.5,,,,,0.7333333333333333,0.7272727272727273,0.625,0.22857142857142856,0.75,0.11428571428571428,,0.5428571428571428,0.3684210526315789,0.8814814814814815,0.4430379746835443,0.5357144444444444,0.5062722222222222,0.5205642857142857,0.03571428571428571,0.09615384615384616,,0.16062176165803108,0.22279792746113988,5.559574468085106,25.25340909090909,0.14285714285714285,,0.25,0.29411764705882354,0.22810011376564276,player_totals,wnba,2026,Regular Season,/get-totals/wnba,"{""Season"": ""2026"", ""SeasonType"": ""Regular Season"", ""Type"": ""Player""}",20260921T185714Z,2026-09-21T18:57:18+00:00,60ead1ff895b8bd8c81146814900dcac95ee334d5836b9425b665f88454e0055,,,0.0273972602739726,,,,,,,,,"[""single_row_table_data"", ""multi_row_table_data""]",{},1627700,Julie Allemand,player_totals,2026-09-21T18:57:21+00:00,20260921T185714Z,acb0d1616fe8b6efda908e780cab96aeb5340c04765caa786c6272bc8bb25717
1629568,1611661323,Kennedy Burke,Kennedy Burke,1629568,CON,52863.600000000006,37,881,-107,1761,1767,524.0,580.0,240.0,3528,48.0,85.0,8.0,20.0,14.0,27.0,15.0,41.0,5.0,17.0,5.0,21.0,,1.0,1.0,7.0,39.0,115.0,7.0,16.0,13.0,35.0,68.0,143.0,44.0,136.0,57.0,325.0,1900,8.0,25.0,7.0,17.0,5.0,42.0,21.0,42.0,14.0,42.0,23.0,107.0,88.0,48.0,129.0,3.0,14.0,115.0,39.0,16.0,2.0,39.0,14.0,53.0,9.0,5.0,22.0,14.0,3.0,120.0,15.0,22.0,1.0,31.0,40.0,10.0,81.0,38.0,119.0,10.0,46.0,33.0,13.0,30.0,5.0,21.0,25.0,6.0,9.0,2.0,2.0,55.0,6.0,16.0,31.0,55.0,1.0,2.0,7.0,56.0,,1.0,3.0,80.0,7.0,4.0,37.0,1.0,3.0,30.0,,,18.0,,12.0,30.0,16.0,,283.0,106.0,520.0,6.0,2.0,2.0,32.0,,13.0,1.0,5.0,,,101.81714934696195,107.5268817204301,0.6470588235294118,0.7213114754098361,0.9772727272727273,0.3235294117647059,0.4117647058823529,0.3333333333333333,0.3235294117647059,0.4755244755244755,0.32,0.5,0.48028673835125446,0.44047619047619047,0.5,0.512779552715655,0.43617021276595747,0.5306122448979592,0.4874551971326165,0.014705882352941176,0.11188811188811189,0.12941176470588237,0.0975609756097561,0.008695652173913044,17.91626095423564,0.5454545454545454,0.18518518518518517,0.014705882352941176,0.08714596949891068,0.039568345323741004,0.09935897435897435,0.05172413793103448,0.09208819714656291,0.04373522458628842,0.05434782608695652,0.02734375,0.041666666666666664,0.1,0.11486486486486487,0.0847457627118644,0.04,0.09836065573770492,0.10294117647058823,0.0684931506849315,0.5333333333333333,0.3046594982078853,0.5647058823529412,0.6486486486486487,0.5625,0.14695340501792115,0.36585365853658536,0.40540540540540543,0.8666666666666667,0.06093189964157706,0.29411764705882354,0.3125,0.8,0.07526881720430108,0.23809523809523808,0.25,1.0,0.4121863799283154,0.3391304347826087,0.34210526315789475,0.9743589743589743,0.47619047619047616,0.4,,0.023809523809523808,,,0.38095238095238093,0.4375,1.0,0.32142857142857145,0.5185185185185185,0.08333333333333333,0.14285714285714285,0.4166666666666667,0.37142857142857144,0.7921146953405018,0.3391304347826087,0.516885071942446,0.51715,0.5060072289156627,0.12258064516129032,0.2138728323699422,0.0072992700729927005,0.12923076923076923,0.3292307692307692,5.151048951048951,25.19264705882353,0.4444444444444444,0.28,0.5,0.34065934065934067,0.2975582055650199,player_totals,wnba,2026,Regular Season,/get-totals/wnba,"{""Season"": ""2026"", ""SeasonType"": ""Regular Season"", ""Type"": ""Player""}",20260921T185714Z,2026-09-21T18:57:18+00:00,568527fa3e76dda14af71a997d2b34d5c0a94ef52a1fc1a5ef835d79053bf7ee,,0.058823529411764705,0.04310344827586207,,,0.047619047619047616,,,,,,"[""single_row_table_data"", ""multi_row_table_data""]",{},1629568,Kennedy Burke,player_totals,2026-09-21T18:57:21+00:00,20260921T185714Z,28aaa27746c61adc2c0529a64d2dfba73ef7d90371689485a3e0dc095f1f40de
1629477,1611661313,Sabrina Ionescu,Sabrina Ionescu,1629477,NYL,52329.5,29,872,20,1753,1748,435.0,406.0,211.0,3501,59.0,86.0,7.0,11.0,15.0,23.0,23.0,74.0,6.0,16.0,12.0,42.0,3.0,8.0,1.0,7.0,44.0,147.0,5.0,16.0,7.0,39.0,88.0,176.0,56.0,189.0,86.0,430.0,1971,8.0,16.0,8.0,24.0,6.0,46.0,22.0,50.0,8.0,46.0,29.0,97.0,62.0,114.0,114.0,54.0,6.0,147.0,44.0,19.0,2.0,98.0,45.0,143.0,34.0,11.0,65.0,28.0,5.0,331.0,14.0,7.0,,46.0,47.0,,93.0,21.0,114.0,5.0,23.0,13.0,10.0,40.0,20.0,30.0,41.0,1.0,10.0,2.0,7.0,81.0,6.0,24.0,21.0,50.0,1.0,3.0,7.0,81.0,2.0,2.0,5.0,97.0,15.0,7.0,38.0,3.0,10.0,6.0,3.0,2.0,3.0,1.0,1.0,9.0,5.0,,384.0,94.0,427.0,5.0,8.0,,11.0,,12.0,1.0,8.0,,,113.57672561323444,112.75743707093821,0.3522727272727273,0.36470588235294116,0.6785714285714286,0.2962962962962963,0.3333333333333333,0.17391304347826086,0.2962962962962963,0.5,0.5,0.44,0.4712328767123288,0.5,0.3541666666666667,0.53,0.5476190476190477,0.43243243243243246,0.5178082191780822,0.010582010582010581,0.10795454545454546,0.09302325581395349,0.14864864864864866,,23.930348258706466,0.49382716049382713,,,0.10329670329670329,0.018229166666666668,0.13569321533923304,0.0332541567695962,0.11712846347607053,0.02608695652173913,0.007352941176470588,0.014018691588785047,0.040498442367601244,0.01,0.1032258064516129,0.095,0.12,0.1357142857142857,0.13559322033898305,0.02564102564102564,0.5555555555555556,0.2356164383561644,0.686046511627907,0.7564102564102564,0.3898305084745763,0.20273972602739726,0.3108108108108108,0.36507936507936506,0.2608695652173913,0.043835616438356165,0.375,0.375,0.3333333333333333,0.11506849315068493,0.2857142857142857,0.3,1.0,0.40273972602739727,0.29931972789115646,0.29931972789115646,0.5909090909090909,0.275,0.6363636363636364,,0.2,0.375,1.0,0.4,0.3125,0.8,0.23958333333333334,0.6521739130434783,0.07291666666666667,0.14285714285714285,0.40625,0.1794871794871795,0.7534246575342466,0.29931972789115646,0.5029754120879121,0.516444,0.481208947368421,0.10512820512820513,0.19095477386934673,0.015706806282722512,0.10697674418604651,0.2255813953488372,5.901136363636363,25.175132275132277,0.37037037037037035,0.17647058823529413,0.2,0.3671875,0.24814603536794066,player_totals,wnba,2026,Regular Season,/get-totals/wnba,"{""Season"": ""2026"", ""SeasonType"": ""Regular Season"", ""Type"": ""Player""}",20260921T185714Z,2026-09-21T18:57:18+00:00,f197a1919c9a8d613da7f1be72eff03bf0676b901719ed326de06501c1a05728,1.0,,0.08823529411764706,2.0,,0.047619047619047616,,,,,,"[""single_row_table_data"", ""multi_row_table_data""]",{},1629477,Sabrina Ionescu,player_totals,2026-09-21T18:57:21+00:00,20260921T185714Z,e9b300b9672db88d8f385da010c64c57660664a2fa96fb7350478cb7cb2cb2ac
1642292,1611661329,Jacy Sheldon,Jacy Sheldon,1642292,CHI,52244.3,42,871,-26,1774,1785,433.0,526.0,184.0,3559,41.0,60.0,2.0,5.0,15.0,19.0,11.0,28.0,8.0,23.0,15.0,38.0,1.0,3.0,5.0,12.0,20.0,75.0,2.0,7.0,3.0,20.0,60.0,111.0,35.0,113.0,41.0,266.0,1877,2.0,7.0,3.0,10.0,1.0,14.0,21.0,33.0,8.0,32.0,26.0,92.0,82.0,38.0,99.0,6.0,4.0,75.0,20.0,11.0,2.0,53.0,18.0,71.0,14.0,4.0,28.0,19.0,6.0,160.0,8.0,7.0,1.0,20.0,20.0,1.0,41.0,16.0,57.0,5.0,35.0,27.0,8.0,23.0,8.0,16.0,17.0,2.0,7.0,,3.0,40.0,2.0,5.0,44.0,102.0,1.0,2.0,2.0,52.0,1.0,4.0,6.0,48.0,5.0,3.0,17.0,,8.0,11.0,,,6.0,,5.0,11.0,8.0,,252.0,92.0,433.0,15.0,8.0,4.0,42.0,1.0,35.0,,14.0,13.0,,104.34047350620068,105.15406162464986,0.6833333333333333,0.7068965517241379,0.9428571428571428,0.30973451327433627,0.3,0.25,0.30973451327433627,0.5405405405405406,0.2857142857142857,0.6363636363636364,0.5022321428571429,0.38235294117647056,0.5076923076923077,0.5409836065573771,0.3888888888888889,0.5759493670886076,0.5044642857142857,0.017699115044247787,0.0990990990990991,0.11666666666666667,0.10714285714285714,0.013333333333333334,14.24272818455366,0.575,0.018867924528301886,0.015625,0.04008016032064128,0.013916500994035786,0.05934718100890208,0.02666666666666667,0.04784688995215311,0.0186799501867995,0.009302325581395349,0.014925373134328358,0.03056768558951965,0.014084507042253521,0.030612244897959183,0.04830917874396135,0.041666666666666664,0.07003891050583658,0.025,0.04424778761061947,0.7272727272727273,0.26785714285714285,0.6833333333333333,0.7735849056603774,0.7073170731707317,0.125,0.39285714285714285,0.44,0.5454545454545454,0.10267857142857142,0.34782608695652173,0.36363636363636365,0.75,0.16964285714285715,0.39473684210526316,0.40540540540540543,1.0,0.33482142857142855,0.26666666666666666,0.2702702702702703,0.9,0.29411764705882354,0.4,,0.17647058823529413,0.3333333333333333,1.0,0.4117647058823529,0.2857142857142857,1.0,0.2923076923076923,0.7894736842105263,0.18461538461538463,0.4166666666666667,0.3076923076923077,0.15,0.7723214285714286,0.26666666666666666,0.5296678571428571,0.5374166666666667,0.52216,0.07203389830508475,0.13821138211382114,,0.05263157894736842,0.3458646616541353,7.106306306306306,24.06725663716814,0.5263157894736842,0.29411764705882354,0.26666666666666666,0.36,0.24408117249154454,player_totals,wnba,2026,Regular Season,/get-totals/wnba,"{""Season"": ""2026"", ""SeasonType"": ""Regular Season"", ""Type"": ""Player""}",20260921T185714Z,2026-09-21T18:57:18+00:00,a99539ca77c29caa486a59116305f683363ec3fd87ee483077287f07851ad0d6,,0.043478260869565216,0.022988505747126436,,,0.02631578947368421,,,,,,"[""single_row_table_data"", ""multi_row_table_data""]",{},1642292,Jacy Sheldon,player_totals,2026-09-21T18:57:21+00:00,20260921T185714Z,be62d2b840517c02a3efa867c84818c82a5fcaa6763207220ee526aee4e9c45a
1642809,1611661323,Saniya Rivers,Saniya Rivers,1642809,CON,51348.6,38,856,-282,1703,1711,448.0,549.0,233.0,3414,41.0,74.0,3.0,7.0,12.0,21.0,27.0,68.0,22.0,82.0,4.0,19.0,,1.0,1.0,5.0,9.0,57.0,2.0,7.0,4.0,22.0,90.0,224.0,13.0,76.0,45.0,264.0,1973,9.0,28.0,2.0,8.0,2.0,26.0,23.0,52.0,5.0,27.0,18.0,79.0,74.0,106.0,36.0,3.0,,57.0,9.0,8.0,1.0,82.0,34.0,116.0,29.0,5.0,49.0,25.0,8.0,266.0,6.0,10.0,1.0,44.0,34.0,1.0,79.0,17.0,96.0,5.0,41.0,27.0,14.0,36.0,9.0,29.0,15.0,3.0,7.0,1.0,,51.0,3.0,12.0,39.0,67.0,1.0,1.0,,63.0,,7.0,5.0,75.0,2.0,,28.0,1.0,9.0,22.0,3.0,3.0,14.0,,6.0,25.0,11.0,,238.0,79.0,446.0,6.0,9.0,5.0,27.0,,26.0,,3.0,,,99.29536112742218,115.31268264172999,0.4111111111111111,0.4111111111111111,0.9230769230769231,0.17105263157894737,0.25,0.18518518518518517,0.17105263157894737,0.4017857142857143,0.32142857142857145,0.4423076923076923,0.365,0.3333333333333333,0.3860759493670886,0.39285714285714285,0.3333333333333333,0.42021276595744683,0.25333333333333335,0.013157894736842105,0.03571428571428571,0.08108108108108109,0.029411764705882353,,19.466800804828974,0.7058823529411765,0.0196078431372549,0.014285714285714285,0.08056872037914692,0.017953321364452424,0.13836477987421383,0.02027027027027027,0.10540540540540541,0.01875732708089097,0.03684210526315789,,0.012396694214876033,0.05555555555555555,0.08917197452229299,0.06829268292682927,0.1,0.14728682170542637,0.1,0.02702702702702703,0.44,0.24666666666666667,0.5540540540540541,0.6029411764705882,0.3170731707317073,0.22666666666666666,0.39705882352941174,0.4090909090909091,0.4444444444444444,0.2733333333333333,0.2682926829268293,0.2682926829268293,0.5454545454545454,0.06333333333333334,0.21052631578947367,0.2222222222222222,1.0,0.19,0.15789473684210525,0.15789473684210525,0.8888888888888888,0.19444444444444445,0.42857142857142855,0.6666666666666666,0.027777777777777776,,,0.19444444444444445,0.2857142857142857,1.0,0.26582278481012656,0.5714285714285714,0.06329113924050633,0.2,0.27848101265822783,0.18181818181818182,0.5,0.15789473684210525,0.4754866894197952,0.43691964285714285,0.4669171232876712,0.08868501529051988,0.112,0.012987012987012988,0.09848484848484848,0.29924242424242425,9.649107142857144,26.598684210526315,0.375,0.25,0.3,0.3548387096774194,0.2630651790957134,player_totals,wnba,2026,Regular Season,/get-totals/wnba,"{""Season"": ""2026"", ""SeasonType"": ""Regular Season"", ""Type"": ""Player""}",20260921T185714Z,2026-09-21T18:57:18+00:00,87076310ef26a54c3fa116811ffac8215a11c6e3b76ef73dbadb7d09ebeefb96,,,0.022727272727272728,2.0,,0.05263157894736842,,,,,,"[""single_row_table_data"", ""multi_row_table_data""]",{},1642809,Saniya Rivers,player_totals,2026-09-21T18:57:21+00:00,20260921T185714Z,d08aa0b47c3c7d02b19acdd72c9aeed6f5bb1ab04b0fb8a4852e1b000454e18c
1642767,1611661331,Janelle Salaun,Janelle Salaun,1642767,GSV,50920.3,38,849,177,1603,1621,531.0,569.0,259.0,3224,33.0,48.0,8.0,13.0,12.0,17.0,14.0,43.0,20.0,51.0,21.0,52.0,5.0,7.0,6.0,15.0,71.0,180.0,7.0,18.0,20.0,56.0,67.0,142.0,92.0,232.0,82.0,492.0,1690,16.0,29.0,12.0,25.0,12.0,80.0,21.0,40.0,26.0,71.0,41.0,161.0,96.0,38.0,273.0,3.0,12.0,180.0,71.0,7.0,1.0,29.0,17.0,46.0,14.0,3.0,15.0,12.0,2.0,109.0,20.0,18.0,2.0,42.0,56.0,10.0,108.0,40.0,148.0,5.0,23.0,16.0,7.0,16.0,3.0,9.0,14.0,1.0,7.0,1.0,2.0,30.0,3.0,9.0,30.0,81.0,,19.0,4.0,104.0,,12.0,6.0,101.0,9.0,1.0,30.0,8.0,13.0,4.0,,,2.0,,1.0,4.0,3.0,1.0,412.0,159.0,527.0,7.0,12.0,3.0,14.0,,11.0,,13.0,3.0,,116.4691203992514,104.25663170882171,0.7164179104477612,0.7868852459016393,0.9891304347826086,0.39655172413793105,0.48,0.36619718309859156,0.39655172413793105,0.47183098591549294,0.5517241379310345,0.525,0.5481283422459893,0.6296296296296297,0.5405405405405406,0.591566265060241,0.6779661016949152,0.6052631578947368,0.6203208556149733,0.004310344827586207,0.04929577464788732,0.0625,0.09302325581395349,0.005555555555555556,23.520084566596193,0.5333333333333333,0.18867924528301888,0.03333333333333333,0.1346153846153846,0.04864864864864865,0.1346153846153846,0.04854368932038835,0.1346153846153846,0.04859335038363171,0.04424778761061947,0.060109289617486336,0.04153354632587859,0.0707070707070707,0.09448818897637795,0.13488372093023257,0.20270270270270271,0.11739130434782609,0.18292682926829268,0.024390243902439025,0.75,0.12834224598930483,0.6875,0.7333333333333333,0.6666666666666666,0.11497326203208556,0.32558139534883723,0.358974358974359,0.7142857142857143,0.13636363636363635,0.39215686274509803,0.39215686274509803,0.8,0.13903743315508021,0.40384615384615385,0.40384615384615385,1.0,0.48128342245989303,0.39444444444444443,0.39664804469273746,0.9859154929577465,0.24074074074074073,0.6153846153846154,0.25,0.12962962962962962,0.7142857142857143,1.0,0.3333333333333333,0.3888888888888889,1.0,0.15315315315315314,0.7058823529411765,0.13513513513513514,0.4,0.5045045045045045,0.35714285714285715,0.7486631016042781,0.39444444444444443,0.4923002673796791,0.47253833333333334,0.47265900900900903,0.0945273631840796,0.18404907975460122,0.03347280334728033,0.16260162601626016,0.32723577235772355,9.600704225352112,24.66896551724138,0.2,0.3448275862068966,0.3870967741935484,0.36231884057971014,0.3312538989394885,player_totals,wnba,2026,Regular Season,/get-totals/wnba,"{""Season"": ""2026"", ""SeasonType"": ""Regular Season"", ""Type"": ""Player""}",20260921T185714Z,2026-09-21T18:57:18+00:00,528b5b092eb66538e4ebf802ac989ebc5d0ef61c32566b78f5b1ef264ce021d5,1.0,,0.02702702702702703,1.0,,,,,,,,"[""single_row_table_data"", ""multi_row_table_data""]",{},1642767,Janelle Salaun,player_totals,2026-09-21T18:57:21+00:00,20260921T185714Z,cb74b4058b60b55ad88d506556041255a3b3040071fda0302de9886e6e280eeb
1630097,1611661331,Kaila Charles,Kaila Charles,1630097,GSV,50440.7,42,841,223,1547,1581,378.0,458.0,245.0,3128,39.0,64.0,14.0,22.0,9.0,16.0,33.0,72.0,2.0,15.0,8.0,36.0,,5.0,3.0,9.0,19.0,60.0,,10.0,2.0,12.0,74.0,151.0,27.0,96.0,40.0,269.0,1553,18.0,35.0,,15.0,5.0,41.0,15.0,35.0,5.0,21.0,22.0,67.0,84.0,64.0,78.0,3.0,20.0,60.0,19.0,14.0,4.0,39.0,21.0,60.0,13.0,8.0,21.0,18.0,,141.0,38.0,23.0,5.0,50.0,67.0,12.0,129.0,66.0,195.0,6.0,35.0,17.0,18.0,25.0,6.0,14.0,18.0,1.0,11.0,,7.0,43.0,5.0,10.0,43.0,99.0,1.0,6.0,2.0,56.0,,8.0,9.0,52.0,2.0,,15.0,,12.0,9.0,1.0,,3.0,1.0,5.0,10.0,6.0,,228.0,64.0,372.0,9.0,10.0,1.0,30.0,,31.0,1.0,21.0,2.0,,114.80284421460891,98.22896900695761,0.5675675675675675,0.65625,0.9629629629629629,0.28125,,0.23809523809523808,0.28125,0.4900662251655629,0.5142857142857142,0.42857142857142855,0.46356275303643724,0.36,0.4017857142857143,0.4944852941176471,0.37962962962962965,0.47183098591549294,0.38866396761133604,0.041666666666666664,0.09271523178807947,0.109375,0.09722222222222222,0.03333333333333333,17.17557251908397,0.5813953488372093,0.22641509433962265,0.12195121951219512,0.1550925925925926,0.05721393034825871,0.15479876160990713,0.09921671018276762,0.15496688741721854,0.07770700636942675,0.05714285714285714,0.04608294930875576,0.10034602076124567,0.09574468085106383,0.16806722689075632,0.13478260869565217,0.1927710843373494,0.184,0.0547945205479452,0.047244094488188976,0.6,0.2591093117408907,0.609375,0.6842105263157895,0.5384615384615384,0.291497975708502,0.4583333333333333,0.5076923076923077,0.6060606060606061,0.06072874493927125,0.13333333333333333,0.13333333333333333,0.5,0.145748987854251,0.2222222222222222,0.23529411764705882,1.0,0.242914979757085,0.31666666666666665,0.3275862068965517,0.9473684210526315,0.44,0.6363636363636364,0.21428571428571427,0.1,,,0.2,,,0.2857142857142857,0.5625,0.16071428571428573,0.3333333333333333,0.21428571428571427,0.16666666666666666,0.6477732793522267,0.31666666666666665,0.496239837398374,0.5425277777777778,0.49694000000000005,0.057692307692307696,0.09146341463414634,,0.1524163568773234,0.24907063197026022,5.9152317880794705,24.77916666666667,0.2916666666666667,0.2631578947368421,0.38461538461538464,0.34782608695652173,0.24434389140271492,player_totals,wnba,2026,Regular Season,/get-totals/wnba,"{""Season"": ""2026"", ""SeasonType"": ""Regular Season"", ""Type"": ""Player""}",20260921T185714Z,2026-09-21T18:57:18+00:00,8d3b7b5afcde588ae8cace43f7a7630b45ab4b9747c5e47aeadc00e21b4a7628,,,0.0875,1.0,,0.05555555555555555,,,,,,"[""single_row_table_data"", ""multi_row_table_data""]",{},1630097,Kaila Charles,player_totals,2026-09-21T18:57:21+00:00,20260921T185714Z,290fd4313668fe8c2d582e16242f6116cfc0b4f434ae199b6de15cbfdc4dd0b0
1629546,1611661313,Marine Johannes,Marine Johannes,1629546,NYL,47868.7,39,798,102,1586,1580,430.0,351.0,180.0,3166,18.0,21.0,2.0,2.0,5.0,5.0,8.0,24.0,3.0,9.0,15.0,43.0,2.0,6.0,,6.0,71.0,176.0,7.0,12.0,24.0,50.0,29.0,54.0,86.0,219.0,22.0,338.0,1656,4.0,5.0,9.0,18.0,1.0,36.0,6.0,11.0,24.0,56.0,10.0,94.0,32.0,26.0,174.0,84.0,2.0,176.0,71.0,2.0,4.0,61.0,32.0,93.0,20.0,12.0,35.0,22.0,4.0,218.0,13.0,1.0,1.0,33.0,29.0,3.0,65.0,15.0,80.0,1.0,31.0,24.0,7.0,32.0,22.0,27.0,32.0,4.0,5.0,1.0,3.0,64.0,3.0,13.0,24.0,57.0,,4.0,,27.0,,2.0,4.0,26.0,1.0,,5.0,3.0,4.0,5.0,,,2.0,,2.0,5.0,4.0,,302.0,94.0,428.0,6.0,4.0,3.0,33.0,2.0,24.0,1.0,6.0,,,110.84489281210593,104.81012658227847,0.5517241379310345,0.5714285714285714,0.6744186046511628,0.3926940639269406,0.5,0.42857142857142855,0.3926940639269406,0.5370370370370371,0.8,0.5454545454545454,0.5787545787545788,0.7608695652173914,0.6268656716417911,0.5950704225352113,0.782608695652174,0.6438356164383562,0.8021978021978022,0.0182648401826484,0.037037037037037035,,0.08333333333333333,0.011363636363636364,19.441340782122907,0.5,0.075,0.03333333333333333,0.0659090909090909,0.003289473684210526,0.09880239520958084,0.033766233766233764,0.08010335917312661,0.020319303338171262,0.00980392156862745,,0.03508771929824561,0.03,0.06474820143884892,0.059907834101382486,0.08333333333333333,0.11328125,0.05128205128205128,0.006756756756756757,0.8,0.07692307692307693,0.8571428571428571,0.8571428571428571,0.5,0.08791208791208792,0.3333333333333333,0.36363636363636365,0.625,0.03296703296703297,0.3333333333333333,0.3333333333333333,0.6666666666666666,0.1575091575091575,0.3488372093023256,0.36585365853658536,0.8666666666666667,0.6446886446886447,0.4034090909090909,0.40804597701149425,0.6338028169014085,0.08695652173913043,1.0,0.5,0.2608695652173913,0.3333333333333333,1.0,0.5217391304347826,0.5833333333333334,0.42857142857142855,0.07462686567164178,1.0,0.08955223880597014,,0.746268656716418,0.48,0.8791208791208791,0.4034090909090909,0.506461111111111,0.4817833333333333,0.4838538461538462,0.02857142857142857,0.08620689655172414,0.013513513513513514,0.10650887573964497,0.2781065088757396,8.09074074074074,25.381735159817353,0.6666666666666666,0.1875,0.6666666666666666,0.35658914728682173,0.27112232030264816,player_totals,wnba,2026,Regular Season,/get-totals/wnba,"{""Season"": ""2026"", ""SeasonType"": ""Regular Season"", ""Type"": ""Player""}",20260921T185714Z,2026-09-21T18:57:18+00:00,17afefbd0da96641d726e288f73c7d386e2d31f5f9f3622601c5917352b17732,,,,1.0,,0.046511627906976744,,,,,,"[""single_row_table_data"", ""multi_row_table_data""]",{},1629546,Marine Johannes,player_totals,2026-09-21T18:57:21+00:00,20260921T185714Z,4ed1105eabe259c7b203944ee1557ad82c649f90152af1db110b3c6315ad4e10
1642303,1611661323,Leila Lacan,Leila Lacan,1642303,CON,47666.600000000006,28,794,-139,1549,1562,363.0,379.0,189.0,3111,40.0,58.0,5.0,7.0,10.0,16.0,30.0,71.0,23.0,66.0,7.0,12.0,2.0,3.0,2.0,2.0,25.0,84.0,4.0,15.0,11.0,27.0,93.0,195.0,32.0,96.0,47.0,329.0,1685,7.0,15.0,6.0,18.0,2.0,34.0,19.0,43.0,13.0,29.0,23.0,100.0,66.0,120.0,84.0,12.0,4.0,84.0,25.0,9.0,,94.0,34.0,128.0,25.0,9.0,60.0,26.0,8.0,290.0,5.0,10.0,,15.0,18.0,4.0,37.0,15.0,52.0,9.0,47.0,31.0,16.0,43.0,14.0,38.0,19.0,1.0,5.0,,2.0,62.0,3.0,13.0,33.0,79.0,,,1.0,77.0,,4.0,12.0,65.0,7.0,1.0,25.0,,9.0,8.0,1.0,1.0,1.0,,7.0,9.0,3.0,,295.0,98.0,359.0,12.0,7.0,,23.0,1.0,35.0,,40.0,4.0,,99.8063266623628,107.87451984635084,0.3548387096774194,0.3626373626373626,0.875,0.3333333333333333,0.3333333333333333,0.4482758620689655,0.3333333333333333,0.47692307692307695,0.4666666666666667,0.4418604651162791,0.4845360824742268,0.48484848484848486,0.5347222222222222,0.5157232704402516,0.5,0.5813953488372093,0.32989690721649484,,0.046153846153846156,0.034482758620689655,0.08450704225352113,,21.32808103545301,0.6935483870967742,0.1111111111111111,,0.0425531914893617,0.020964360587002098,0.05263157894736842,0.018867924528301886,0.046610169491525424,0.02021563342318059,0.0064516129032258064,0.03431372549019608,0.023474178403755867,,0.02564102564102564,0.045,0.07462686567164178,0.05286343612334802,0.05172413793103448,0.05806451612903226,0.3333333333333333,0.19931271477663232,0.6896551724137931,0.7142857142857143,0.3,0.24398625429553264,0.4225352112676056,0.46153846153846156,0.4666666666666667,0.2268041237113402,0.3484848484848485,0.35384615384615387,0.30434782608695654,0.041237113402061855,0.5833333333333334,0.5833333333333334,1.0,0.28865979381443296,0.2976190476190476,0.2976190476190476,0.84,0.21212121212121213,0.7142857142857143,0.4,0.09090909090909091,0.6666666666666666,1.0,0.45454545454545453,0.26666666666666666,1.0,0.2222222222222222,0.625,0.027777777777777776,1.0,0.375,0.4074074074074074,0.5292096219931272,0.2976190476190476,0.47054570446735394,0.5162720000000001,0.46450555555555556,0.08090614886731391,0.11737089201877934,,0.1033434650455927,0.303951367781155,9.732820512820513,25.244791666666668,0.2777777777777778,0.3902439024390244,0.18604651162790697,0.20967741935483872,0.2343447385409942,player_totals,wnba,2026,Regular Season,/get-totals/wnba,"{""Season"": ""2026"", ""SeasonType"": ""Regular Season"", ""Type"": ""Player""}",20260921T185714Z,2026-09-21T18:57:18+00:00,d7659ce8a8af20fa8ab71a1ca7c4e80508aac4d3429729e10124f2bef929b6dc,,0.015151515151515152,0.01694915254237288,,,,,,,,,"[""single_row_table_data"", ""multi_row_table_data""]",{},1642303,Leila Lacan,player_totals,2026-09-21T18:57:21+00:00,20260921T185714Z,6906ee0eccfc3fcedc52af384df686b6e17389ecbca2cc6efd51c2780818e269
1631086,1611661325,Lexie Hull,Lexie Hull,1631086,IND,47534.7,42,792,164,1620,1639,404.0,347.0,200.0,3259,22.0,39.0,6.0,12.0,5.0,8.0,16.0,35.0,9.0,17.0,20.0,46.0,3.0,5.0,5.0,8.0,13.0,48.0,1.0,6.0,3.0,12.0,47.0,91.0,33.0,94.0,29.0,222.0,1778,11.0,24.0,4.0,11.0,6.0,40.0,9.0,17.0,8.0,20.0,15.0,57.0,62.0,32.0,99.0,,8.0,48.0,13.0,8.0,1.0,13.0,16.0,29.0,15.0,1.0,9.0,3.0,1.0,74.0,17.0,20.0,,40.0,35.0,16.0,91.0,37.0,128.0,3.0,23.0,20.0,3.0,12.0,3.0,5.0,18.0,2.0,7.0,5.0,1.0,30.0,6.0,7.0,50.0,109.0,,5.0,6.0,47.0,1.0,12.0,12.0,35.0,3.0,,11.0,,8.0,7.0,,,3.0,,4.0,7.0,6.0,2.0,182.0,57.0,398.0,9.0,8.0,1.0,36.0,3.0,28.0,,13.0,4.0,2.0,119.87654320987654,108.48078096400243,0.6595744680851063,0.7209302325581395,1.0,0.35106382978723405,0.36363636363636365,0.4,0.35106382978723405,0.5164835164835165,0.4583333333333333,0.5294117647058824,0.5216216216216216,0.4857142857142857,0.5675675675675675,0.5522388059701493,0.5263157894736842,0.6195652173913043,0.5081081081081081,0.010638297872340425,0.08791208791208792,0.07692307692307693,0.11428571428571428,,12.466270912034538,0.4,0.3137254901960784,,0.07990867579908675,0.05194805194805195,0.1384083044982699,0.05723905723905724,0.1031636863823934,0.054252199413489736,0.05325443786982249,0.027972027972027972,0.05128205128205128,0.07936507936507936,0.08333333333333333,0.07575757575757576,0.08333333333333333,0.12272727272727273,0.18840579710144928,0.031914893617021274,0.8571428571428571,0.21081081081081082,0.5641025641025641,0.6111111111111112,0.5454545454545454,0.1891891891891892,0.45714285714285713,0.5161290322580645,0.75,0.0918918918918919,0.5294117647058824,0.5625,0.7777777777777778,0.24864864864864866,0.43478260869565216,0.4444444444444444,1.0,0.2594594594594595,0.2708333333333333,0.2708333333333333,1.0,0.34285714285714286,0.5,0.3333333333333333,0.14285714285714285,0.6,1.0,0.17142857142857143,0.16666666666666666,1.0,0.21621621621621623,0.625,0.21621621621621623,0.625,0.32432432432432434,0.25,0.7189189189189189,0.2708333333333333,0.516574043715847,0.5118,0.5056027777777777,0.05699481865284974,0.1111111111111111,,0.18018018018018017,0.25675675675675674,7.094505494505495,24.906382978723403,0.23529411764705882,0.3333333333333333,0.25,0.3050847457627119,0.24938271604938272,player_totals,wnba,2026,Regular Season,/get-totals/wnba,"{""Season"": ""2026"", ""SeasonType"": ""Regular Season"", ""Type"": ""Player""}",20260921T185714Z,2026-09-21T18:57:18+00:00,c2e353bf3325c66880ab005c10c4048e0ac88a54ba3f60348f487e789b4e59eb,,0.058823529411764705,0.0958904109589041,,,0.021739130434782608,,,,,,"[""single_row_table_data"", ""multi_row_table_data""]",{},1631086,Lexie Hull,player_totals,2026-09-21T18:57:21+00:00,20260921T185714Z,76f1bc4285f82701c138904417e439c41e70ba9979499a6b8f330468ec38b949
1642815,1611661325,Makayla Timpson,Makayla Timpson,1642815,IND,47252.5,41,788,177,1610,1632,524.0,442.0,189.0,3242,81.0,114.0,19.0,25.0,27.0,35.0,15.0,34.0,1.0,2.0,,,,,,,,,,,,,97.0,150.0,,,39.0,233.0,1787,22.0,33.0,,,15.0,59.0,29.0,44.0,,,16.0,74.0,150.0,44.0,,,26.0,,,20.0,,14.0,8.0,22.0,5.0,3.0,6.0,7.0,1.0,52.0,20.0,43.0,1.0,48.0,76.0,13.0,137.0,64.0,201.0,6.0,25.0,19.0,6.0,18.0,1.0,10.0,13.0,2.0,8.0,,2.0,31.0,4.0,7.0,37.0,83.0,,8.0,7.0,49.0,,4.0,1.0,58.0,10.0,,29.0,,5.0,33.0,,,19.0,,14.0,33.0,18.0,2.0,174.0,74.0,522.0,5.0,5.0,4.0,38.0,,52.0,1.0,20.0,1.0,,121.98757763975154,109.49754901960785,0.7731958762886598,0.8928571428571429,,,,,,0.6466666666666666,0.6666666666666666,0.6590909090909091,0.6466666666666666,0.6666666666666666,0.6590909090909091,0.6695402298850575,0.7195121951219512,0.6981132075471698,,,0.13333333333333333,0.14912280701754385,0.08823529411764706,,11.313465783664459,0.5806451612903226,0.26,0.02564102564102564,0.16926503340757237,0.11911357340720222,0.16216216216216217,0.07092198581560284,0.16644295302013423,0.09797822706065319,0.17985611510791366,0.10135135135135136,0.07053941908713693,0.07317073170731707,0.13756613756613756,0.171875,0.25,0.17452830188679244,0.13095238095238096,0.1875,0.5454545454545454,0.76,0.7105263157894737,0.8350515463917526,0.7777777777777778,0.22666666666666666,0.4411764705882353,0.4838709677419355,0.7333333333333333,0.013333333333333334,0.5,0.5,1.0,,,,,,,,,0.7575757575757576,0.76,0.21052631578947367,,,,,,,0.7954545454545454,0.7714285714285715,,,,,0.76,,0.5730873333333333,0.5632666666666667,0.5684681818181818,0.17159763313609466,0.17159763313609466,,0.2532188841201717,0.31759656652360513,3.138,,0.36363636363636365,0.16666666666666666,,,0.32546583850931676,player_totals,wnba,2026,Regular Season,/get-totals/wnba,"{""Season"": ""2026"", ""SeasonType"": ""Regular Season"", ""Type"": ""Player""}",20260921T185714Z,2026-09-21T18:57:18+00:00,5f6fe6afe7aaebbd0379e3d6626e93e71a5bc16bf7c06fadd373cc85b98836ad,,,0.04054054054054054,,,,,,,,,"[""single_row_table_data"", ""multi_row_table_data""]",{},1642815,Makayla Timpson,player_totals,2026-09-21T18:57:21+00:00,20260921T185714Z,e43fc2662f817071e7a28657e1e881ef050ef788f558c2fe2bda8dda8fb763bb
1628922,1611661329,Azura Stevens,Azura Stevens,1628922,CHI,47044.0,32,784,-95,1595,1594,296.0,338.0,179.0,3189,75.0,127.0,11.0,19.0,14.0,24.0,19.0,53.0,7.0,13.0,10.0,35.0,2.0,9.0,,1.0,18.0,75.0,1.0,7.0,2.0,12.0,101.0,193.0,28.0,110.0,53.0,339.0,1790,12.0,26.0,3.0,16.0,12.0,45.0,17.0,30.0,2.0,13.0,9.0,49.0,148.0,54.0,78.0,6.0,16.0,75.0,18.0,28.0,,50.0,17.0,67.0,12.0,5.0,42.0,8.0,,151.0,13.0,26.0,3.0,44.0,110.0,9.0,163.0,42.0,205.0,16.0,27.0,19.0,8.0,25.0,9.0,20.0,27.0,2.0,5.0,,4.0,52.0,2.0,12.0,50.0,95.0,,7.0,8.0,62.0,,2.0,,68.0,19.0,,40.0,1.0,3.0,22.0,2.0,2.0,14.0,,8.0,24.0,13.0,1.0,294.0,49.0,292.0,5.0,3.0,,26.0,,38.0,3.0,47.0,10.0,,106.26959247648904,112.2961104140527,0.7326732673267327,0.7956989247311828,0.9285714285714286,0.2545454545454545,0.1875,0.15384615384615385,0.2545454545454545,0.5233160621761658,0.46153846153846156,0.5666666666666667,0.47194719471947194,0.39285714285714285,0.46511627906976744,0.518348623853211,0.4787234042553192,0.5212765957446809,0.36303630363036304,,0.14507772020725387,0.15748031496062992,0.1509433962264151,,21.020521353300055,0.4807692307692308,0.225,0.058823529411764705,0.2494331065759637,0.06103286384976526,0.14965986394557823,0.04075235109717868,0.20952380952380953,0.052348993288590606,0.07766990291262135,0.041666666666666664,0.037815126050420166,0.04938271604938271,0.26229508196721313,0.25139664804469275,0.21518987341772153,0.15246636771300448,0.14084507042253522,0.1095890410958904,0.5416666666666666,0.41914191419141916,0.5905511811023622,0.7009345794392523,0.7066666666666667,0.17491749174917492,0.3584905660377358,0.4222222222222222,0.7894736842105263,0.0429042904290429,0.5384615384615384,0.5384615384615384,0.8571428571428571,0.11551155115511551,0.2857142857142857,0.2857142857142857,0.9,0.24752475247524752,0.24,0.24,0.9444444444444444,0.4523809523809524,0.5789473684210527,0.2727272727272727,0.21428571428571427,0.2222222222222222,0.5,0.16666666666666666,0.14285714285714285,1.0,0.5581395348837209,0.5833333333333334,0.023255813953488372,,0.27906976744186046,0.16666666666666666,0.7821782178217822,0.24,0.548169536423841,0.5351129032258064,0.564825,0.12654320987654322,0.18691588785046728,0.00909090909090909,0.13274336283185842,0.14454277286135694,4.612953367875647,24.381818181818183,0.4423076923076923,0.23529411764705882,0.16666666666666666,0.18292682926829268,0.18557993730407524,player_totals,wnba,2026,Regular Season,/get-totals/wnba,"{""Season"": ""2026"", ""SeasonType"": ""Regular Season"", ""Type"": ""Player""}",20260921T185714Z,2026-09-21T18:57:18+00:00,7f69e74d2ed5bc4d1279861ee7f129d883eae13e975fa4c07b6c07c19345dc8d,1.0,,0.057692307692307696,,,,,,,,,"[""single_row_table_data"", ""multi_row_table_data""]",{},1628922,Azura Stevens,player_totals,2026-09-21T18:57:21+00:00,20260921T185714Z,586696091af4963c904887dead4714b5a54ad7e1479b99edfde48b711257d4fe
1643430,1611661322,Cotie McMahon,Cotie McMahon,1643430,WAS,46601.4,40,777,-28,1515,1532,555.0,459.0,214.0,3047,42.0,77.0,1.0,5.0,15.0,28.0,19.0,56.0,3.0,8.0,7.0,24.0,,2.0,4.0,11.0,15.0,53.0,1.0,5.0,4.0,17.0,64.0,141.0,22.0,77.0,60.0,254.0,1573,3.0,12.0,1.0,7.0,5.0,14.0,22.0,49.0,8.0,28.0,25.0,93.0,58.0,70.0,63.0,3.0,4.0,53.0,15.0,16.0,,59.0,17.0,76.0,13.0,4.0,43.0,15.0,1.0,169.0,7.0,13.0,,49.0,46.0,1.0,96.0,20.0,116.0,4.0,21.0,13.0,8.0,19.0,11.0,11.0,23.0,,8.0,,2.0,42.0,5.0,23.0,26.0,78.0,3.0,7.0,4.0,87.0,,4.0,11.0,98.0,14.0,,50.0,,6.0,5.0,1.0,,2.0,1.0,3.0,6.0,3.0,,240.0,93.0,554.0,4.0,6.0,,32.0,,20.0,4.0,10.0,,5.0,101.98019801980197,102.67624020887729,0.453125,0.46774193548387094,0.9545454545454546,0.2857142857142857,0.14285714285714285,0.2857142857142857,0.2857142857142857,0.45390070921985815,0.25,0.4489795918367347,0.44495412844036697,0.23684210526315788,0.44155844155844154,0.48846153846153845,0.30434782608695654,0.484375,0.3532110091743119,,0.11347517730496454,0.14285714285714285,0.08928571428571429,,17.10079275198188,0.4523809523809524,0.018518518518518517,,0.11330049261083744,0.02968036529680365,0.14626865671641792,0.031818181818181815,0.1282051282051282,0.030395136778115502,0.029239766081871343,0.023809523809523808,0.03529411764705882,0.02,0.11965811965811966,0.08415841584158416,0.1724137931034483,0.13793103448275862,0.17567567567567569,0.034482758620689655,0.5,0.3532110091743119,0.5454545454545454,0.6363636363636364,0.42857142857142855,0.25688073394495414,0.3392857142857143,0.37254901960784315,0.47368421052631576,0.03669724770642202,0.375,0.375,0.6666666666666666,0.11009174311926606,0.2916666666666667,0.2916666666666667,1.0,0.24311926605504589,0.2830188679245283,0.2830188679245283,0.9333333333333333,0.2631578947368421,0.2,1.0,0.10526315789473684,,,0.2631578947368421,0.2,1.0,0.36363636363636365,0.5357142857142857,0.14285714285714285,0.36363636363636365,0.22077922077922077,0.23529411764705882,0.7064220183486238,0.2830188679245283,0.5211583720930232,0.49643,0.512570945945946,0.1968503937007874,0.2824858757062147,,0.05511811023622047,0.3661417322834646,5.034751773049646,25.28051948051948,0.4,0.2702702702702703,0.4,0.4,0.36633663366336633,player_totals,wnba,2026,Regular Season,/get-totals/wnba,"{""Season"": ""2026"", ""SeasonType"": ""Regular Season"", ""Type"": ""Player""}",20260921T185714Z,2026-09-21T18:57:18+00:00,5bd9febf0a4820c1faaaad79cab013d7bdda0c58e3e5b1c30373b2a5c47828f1,,,0.05263157894736842,,,,,,,,,"[""single_row_table_data"", ""multi_row_table_data""]",{},1643430,Cotie McMahon,player_totals,2026-09-21T18:57:21+00:00,20260921T185714Z,e3c0ddb3276ba962a5162b675b4534fa1f1c751027a17ecfa54afc2a57443410
1642296,1611661327,Nyadiew Puoch,Nyadiew Puoch,1642296,PDX,46507.0,42,775,-141,1508,1533,269.0,375.0,180.0,3041,37.0,69.0,4.0,6.0,9.0,12.0,8.0,25.0,1.0,2.0,13.0,43.0,2.0,7.0,1.0,6.0,9.0,47.0,1.0,3.0,2.0,11.0,46.0,96.0,22.0,90.0,23.0,181.0,1734,4.0,8.0,3.0,10.0,1.0,18.0,10.0,14.0,3.0,17.0,5.0,34.0,64.0,28.0,66.0,,8.0,47.0,9.0,13.0,1.0,20.0,12.0,32.0,6.0,6.0,13.0,6.0,1.0,76.0,17.0,17.0,,23.0,29.0,5.0,57.0,34.0,91.0,7.0,30.0,21.0,9.0,18.0,3.0,11.0,9.0,3.0,7.0,,2.0,27.0,3.0,5.0,39.0,95.0,,12.0,1.0,41.0,1.0,7.0,6.0,36.0,7.0,,19.0,1.0,1.0,5.0,1.0,,4.0,1.0,1.0,6.0,1.0,1.0,163.0,34.0,267.0,17.0,1.0,8.0,34.0,4.0,19.0,9.0,12.0,8.0,,105.63660477453581,113.11154598825831,0.6956521739130435,0.7619047619047619,1.0,0.24444444444444444,0.3,0.17647058823529413,0.24444444444444444,0.4791666666666667,0.5,0.7142857142857143,0.42473118279569894,0.4722222222222222,0.46774193548387094,0.4525,0.45,0.4857142857142857,0.4838709677419355,0.011111111111111112,0.13541666666666666,0.13043478260869565,0.16,0.02127659574468085,13.190005810575247,0.6666666666666666,0.11904761904761904,,0.08333333333333333,0.04956268221574344,0.07165109034267912,0.04657534246575343,0.07772795216741404,0.0480225988700565,0.04316546762589928,0.05263157894736842,0.04044117647058824,0.06451612903225806,0.06040268456375839,0.1095890410958904,0.07547169811320754,0.05084745762711865,0.12941176470588237,0.06796116504854369,0.16666666666666666,0.3709677419354839,0.5362318840579711,0.6166666666666667,0.6756756756756757,0.13440860215053763,0.32,0.38095238095238093,0.75,0.010752688172043012,0.5,0.5,1.0,0.23118279569892472,0.3023255813953488,0.3023255813953488,1.0,0.25268817204301075,0.19148936170212766,0.1956521739130435,1.0,0.3333333333333333,0.6666666666666666,,0.3888888888888889,0.2857142857142857,1.0,0.16666666666666666,0.3333333333333333,1.0,0.3870967741935484,0.75,0.1935483870967742,0.16666666666666666,0.3548387096774194,0.18181818181818182,0.8548387096774194,0.19148936170212766,0.541464247311828,0.5544615384615385,0.56155,0.10050251256281408,0.17592592592592593,0.01098901098901099,0.09944751381215469,0.1878453038674033,3.84375,24.032222222222224,0.34375,0.5294117647058824,,0.3283582089552239,0.1783819628647215,player_totals,wnba,2026,Regular Season,/get-totals/wnba,"{""Season"": ""2026"", ""SeasonType"": ""Regular Season"", ""Type"": ""Player""}",20260921T185714Z,2026-09-21T18:57:18+00:00,9e9809d5b258ab2fb2ba28888be0e557132d5c3a671b082492a48a03f31cd1fa,,,0.06060606060606061,,,,,,,,,"[""single_row_table_data"", ""multi_row_table_data""]",{},1642296,Nyadiew Puoch,player_totals,2026-09-21T18:57:21+00:00,20260921T185714Z,90f11dc1c20c8c863c65aa239a6a58587f403e20b04e7a6f7a4bbd15ff29de89
1628881,1611661325,Monique Billings,Monique Billings,1628881,IND,46383.1,41,773,20,1560,1590,382.0,328.0,199.0,3150,54.0,92.0,15.0,21.0,11.0,21.0,27.0,56.0,6.0,11.0,5.0,15.0,,3.0,,1.0,,3.0,,1.0,,1.0,87.0,159.0,5.0,18.0,77.0,266.0,1771,20.0,30.0,,4.0,21.0,61.0,17.0,33.0,,2.0,31.0,65.0,122.0,52.0,12.0,3.0,28.0,3.0,,17.0,,21.0,19.0,40.0,13.0,6.0,14.0,4.0,3.0,99.0,26.0,39.0,2.0,39.0,74.0,9.0,122.0,67.0,189.0,6.0,35.0,24.0,11.0,15.0,2.0,9.0,17.0,3.0,6.0,,4.0,32.0,8.0,9.0,49.0,87.0,1.0,8.0,5.0,93.0,,17.0,3.0,103.0,6.0,,42.0,,13.0,19.0,,,9.0,,10.0,19.0,12.0,1.0,205.0,65.0,380.0,5.0,12.0,1.0,36.0,1.0,25.0,6.0,11.0,5.0,5.0,114.8076923076923,111.38364779874213,0.7011494252873564,0.8356164383561644,0.8,0.2777777777777778,,,0.2777777777777778,0.5471698113207547,0.6666666666666666,0.5151515151515151,0.5338983050847458,0.5882352941176471,0.4857142857142857,0.588495575221239,0.648936170212766,0.6132075471698113,0.1016949152542373,,0.1069182389937107,0.11956521739130435,0.10714285714285714,,14.333519241494702,0.46875,0.2,0.05714285714285714,0.17411764705882352,0.0975,0.14028776978417265,0.08637873754152824,0.16073968705547653,0.09272467902995721,0.09803921568627451,0.10126582278481013,0.08085106382978724,0.10606060606060606,0.1834319526627219,0.1783783783783784,0.14084507042253522,0.14285714285714285,0.13114754098360656,0.08823529411764706,0.631578947368421,0.519774011299435,0.5869565217391305,0.6666666666666666,0.6851851851851852,0.3163841807909605,0.48214285714285715,0.54,0.7407407407407407,0.062146892655367235,0.5454545454545454,0.5454545454545454,0.6666666666666666,0.0847457627118644,0.3333333333333333,0.3333333333333333,0.8,0.01694915254237288,,,,0.6176470588235294,0.7142857142857143,0.26666666666666666,0.08823529411764706,,,0.029411764705882353,,,0.6,0.5238095238095238,0.02857142857142857,,0.02857142857142857,,0.6214689265536724,,0.5479985875706215,0.5648041666666667,0.5513985714285715,0.19718309859154928,0.2153846153846154,,0.22932330827067668,0.24436090225563908,4.719496855345912,23.549999999999997,0.3157894736842105,0.2413793103448276,,0.23076923076923078,0.24487179487179486,player_totals,wnba,2026,Regular Season,/get-totals/wnba,"{""Season"": ""2026"", ""SeasonType"": ""Regular Season"", ""Type"": ""Player""}",20260921T185714Z,2026-09-21T18:57:18+00:00,7f3a406fc705ba62665d53f41b4b6d524e8dfbdc32ef99978e6c81416b9725d1,,,0.0898876404494382,,,,,1.0,,,,"[""single_row_table_data"", ""multi_row_table_data""]",{},1628881,Monique Billings,player_totals,2026-09-21T18:57:21+00:00,20260921T185714Z,30fe3d1ba6cd9d456cd3c61e106dd759f0abfac7b231f38fb4b7ca8c28076e85
1630442,1611661317,Natasha Mack,Natasha Mack,1630442,PHX,46009.1,34,767,-18,1486,1502,400.0,352.0,179.0,2988,56.0,72.0,23.0,32.0,13.0,21.0,59.0,102.0,8.0,24.0,2.0,7.0,,,,1.0,,2.0,,,,1.0,123.0,198.0,2.0,9.0,44.0,296.0,1595,32.0,51.0,,,8.0,72.0,23.0,49.0,,2.0,16.0,62.0,188.0,58.0,6.0,,44.0,2.0,,7.0,,25.0,15.0,40.0,14.0,1.0,13.0,8.0,4.0,95.0,29.0,46.0,2.0,64.0,82.0,7.0,153.0,77.0,230.0,5.0,29.0,22.0,7.0,15.0,5.0,10.0,16.0,2.0,5.0,,,31.0,2.0,9.0,49.0,83.0,1.0,5.0,7.0,50.0,,7.0,2.0,55.0,7.0,,26.0,,5.0,42.0,,,15.0,,27.0,42.0,24.0,1.0,224.0,60.0,398.0,5.0,3.0,1.0,45.0,,25.0,1.0,28.0,1.0,,106.12382234185733,106.19174434087883,0.7642276422764228,0.9306930693069307,1.0,0.2222222222222222,,,0.2222222222222222,0.6212121212121212,0.6274509803921569,0.46938775510204084,0.6086956521739131,0.6274509803921569,0.45098039215686275,0.6406926406926406,0.6428571428571429,0.5,0.043478260869565216,,0.03535353535353535,0.041666666666666664,0.0392156862745098,,15.429917550058892,0.4838709677419355,0.17073170731707318,0.044444444444444446,0.23631123919308358,0.11917098445595854,0.19937694704049844,0.1039426523297491,0.218562874251497,0.11278195488721804,0.15463917525773196,0.10476190476190476,0.10697674418604651,0.09375,0.2391304347826087,0.23497267759562843,0.2361111111111111,0.1891891891891892,0.24193548387096775,0.07042253521126761,0.5714285714285714,0.34782608695652173,0.7777777777777778,0.8115942028985508,0.625,0.4927536231884058,0.5784313725490197,0.6020408163265306,0.864406779661017,0.11594202898550725,0.3333333333333333,0.3333333333333333,1.0,0.033816425120772944,0.2857142857142857,0.2857142857142857,1.0,0.00966183574879227,,,,0.6274509803921569,0.71875,0.17391304347826086,,,,,,,0.4117647058823529,0.6190476190476191,0.0196078431372549,,0.0196078431372549,,0.391304347826087,,0.4650685990338164,0.52087,0.4721911764705882,0.11504424778761062,0.11981566820276497,,0.24324324324324326,0.20945945945945946,6.54090909090909,23.37777777777778,0.1875,0.27906976744186046,0.08333333333333333,0.2857142857142857,0.2691790040376851,player_totals,wnba,2026,Regular Season,/get-totals/wnba,"{""Season"": ""2026"", ""SeasonType"": ""Regular Season"", ""Type"": ""Player""}",20260921T185714Z,2026-09-21T18:57:18+00:00,d07bc0cd747d244b06599d6b493425fa0f28eafeef9e0e6bc3c5761b3cc70283,,,0.11392405063291139,,,,,,,,,"[""single_row_table_data"", ""multi_row_table_data""]",{},1630442,Natasha Mack,player_totals,2026-09-21T18:57:21+00:00,20260921T185714Z,691f3fa9eb9bafc110864cd6a10ede08c023061010271e2c05eb87939618302b
1643427,1611661322,Lauren Betts,Lauren Betts,1643427,WAS,43845.5,42,731,27,1415,1416,491.0,417.0,195.0,2831,73.0,96.0,20.0,28.0,24.0,30.0,22.0,63.0,9.0,31.0,,,,,,,,,,,,,104.0,190.0,,,60.0,268.0,1429,25.0,44.0,,,11.0,61.0,31.0,60.0,,,34.0,96.0,166.0,42.0,,,22.0,,,12.0,,33.0,13.0,46.0,11.0,2.0,19.0,8.0,6.0,105.0,12.0,32.0,3.0,41.0,88.0,12.0,141.0,47.0,188.0,3.0,24.0,18.0,6.0,15.0,2.0,7.0,23.0,1.0,8.0,,4.0,38.0,2.0,10.0,24.0,56.0,,9.0,9.0,75.0,,3.0,1.0,83.0,11.0,,35.0,,12.0,32.0,1.0,1.0,15.0,,14.0,33.0,22.0,1.0,207.0,96.0,489.0,4.0,12.0,,13.0,,4.0,2.0,3.0,,,102.89752650176678,100.91807909604519,0.7980769230769231,0.8924731182795699,,,,,,0.5473684210526316,0.5681818181818182,0.5166666666666667,0.5473684210526316,0.5681818181818182,0.5166666666666667,0.5929203539823009,0.5865384615384616,0.5925925925925926,,,0.06315789473684211,0.0625,0.07936507936507936,,16.038882138517618,0.39473684210526316,0.21818181818181817,0.05084745762711865,0.22916666666666666,0.07960199004975124,0.13945578231292516,0.05454545454545454,0.1902654867256637,0.0707395498392283,0.11888111888111888,0.04433497536945813,0.03592814371257485,0.11320754716981132,0.28865979381443296,0.26,0.09195402298850575,0.14746543778801843,0.11688311688311688,0.04054054054054054,0.6666666666666666,0.5052631578947369,0.7604166666666666,0.8111111111111111,0.7945205479452054,0.33157894736842103,0.3492063492063492,0.3793103448275862,0.8181818181818182,0.1631578947368421,0.2903225806451613,0.3,0.7777777777777778,,,,,,,,,0.6363636363636364,0.7142857142857143,0.45,,,,,,,0.5,0.8,,,,,0.5052631578947369,,0.4859957894736842,0.5213289473684211,0.48029,0.16355140186915887,0.16355140186915887,,0.22761194029850745,0.3582089552238806,6.4068421052631574,,0.43478260869565216,0.125,0.36363636363636365,,0.3469964664310954,player_totals,wnba,2026,Regular Season,/get-totals/wnba,"{""Season"": ""2026"", ""SeasonType"": ""Regular Season"", ""Type"": ""Player""}",20260921T185714Z,2026-09-21T18:57:18+00:00,73b4f5eef8f225a2942839f43fd86718a45568e949c6061a939eef1173a17ff2,,0.03225806451612903,0.10714285714285714,3.0,,,,,,,,"[""single_row_table_data"", ""multi_row_table_data""]",{},1643427,Lauren Betts,player_totals,2026-09-21T18:57:21+00:00,20260921T185714Z,f94b15774f0e7164813d60f0fd51a60b50d9c23a58ffc447ef6ee382cde093ba
1643447,1611661329,Gabriela Jaquez,Gabriela Jaquez,1643447,CHI,43084.399999999994,37,718,-141,1446,1496,354.0,460.0,176.0,2942,48.0,79.0,4.0,8.0,9.0,17.0,25.0,67.0,3.0,6.0,4.0,20.0,2.0,2.0,,3.0,12.0,45.0,3.0,6.0,2.0,10.0,76.0,152.0,16.0,65.0,52.0,252.0,1642,9.0,18.0,5.0,8.0,6.0,39.0,17.0,37.0,2.0,13.0,13.0,53.0,96.0,56.0,45.0,3.0,10.0,45.0,12.0,12.0,1.0,21.0,10.0,31.0,8.0,2.0,16.0,3.0,2.0,72.0,13.0,12.0,1.0,24.0,57.0,2.0,83.0,26.0,109.0,5.0,26.0,23.0,3.0,27.0,4.0,16.0,16.0,3.0,11.0,1.0,4.0,43.0,3.0,12.0,20.0,52.0,,6.0,4.0,63.0,,4.0,7.0,63.0,7.0,1.0,28.0,1.0,4.0,2.0,,,1.0,,1.0,2.0,2.0,1.0,213.0,53.0,353.0,11.0,4.0,,7.0,,11.0,,4.0,,,103.80359612724757,109.75935828877004,0.631578947368421,0.676056338028169,0.9375,0.24615384615384617,0.625,0.15384615384615385,0.24615384615384617,0.5,0.5,0.4594594594594595,0.4608294930875576,0.6346153846153846,0.4,0.5164609053497943,0.6964285714285714,0.4732142857142857,0.2995391705069124,0.015384615384615385,0.07894736842105263,0.05063291139240506,0.11940298507462686,,17.439024390243905,0.627906976744186,0.05,0.02040816326530612,0.14039408866995073,0.028846153846153848,0.09125475285171103,0.05,0.1210762331838565,0.03698224852071006,0.03314917127071823,0.02531645569620253,0.05,0.05,0.1638418079096045,0.10179640718562874,0.1774193548387097,0.10309278350515463,0.057971014492753624,0.04672897196261682,1.0,0.3640552995391705,0.6075949367088608,0.64,0.6875,0.3087557603686636,0.373134328358209,0.423728813559322,0.56,0.027649769585253458,0.5,0.5,0.3333333333333333,0.09216589861751152,0.2,0.21052631578947367,1.0,0.2073732718894009,0.26666666666666666,0.26666666666666666,0.9166666666666666,0.3076923076923077,0.5,0.25,0.07692307692307693,1.0,1.0,0.23076923076923078,0.5,1.0,0.34,0.5294117647058824,0.06,,0.2,0.2,0.663594470046083,0.26666666666666666,0.5259914351851852,0.5295763157894736,0.514609,0.12133891213389121,0.16184971098265896,0.015151515151515152,0.15476190476190477,0.21031746031746032,5.000657894736842,24.943076923076923,0.22580645161290322,0.2926829268292683,0.5,0.21739130434782608,0.24481327800829875,player_totals,wnba,2026,Regular Season,/get-totals/wnba,"{""Season"": ""2026"", ""SeasonType"": ""Regular Season"", ""Type"": ""Player""}",20260921T185714Z,2026-09-21T18:57:18+00:00,cfaf6715f0c691a056d1333a4308bf7f611bf1ed5670479f4f0fccafdcea8701,,,0.025974025974025976,,,0.05,,,,,,"[""single_row_table_data"", ""multi_row_table_data""]",{},1643447,Gabriela Jaquez,player_totals,2026-09-21T18:57:21+00:00,20260921T185714Z,01981308887261c082f8341fdf77a887476041b1486b66fd214c0a45d7632004
1642321,1611661329,Sydney Taylor,Sydney Taylor,1642321,CHI,42784.0,35,713,16,1485,1501,372.0,436.0,168.0,2986,69.0,97.0,5.0,8.0,15.0,23.0,21.0,53.0,8.0,32.0,12.0,39.0,2.0,8.0,2.0,10.0,56.0,169.0,7.0,17.0,17.0,53.0,98.0,182.0,68.0,208.0,70.0,470.0,1592,8.0,14.0,9.0,25.0,2.0,45.0,21.0,38.0,19.0,63.0,28.0,127.0,122.0,74.0,171.0,33.0,4.0,169.0,56.0,14.0,5.0,52.0,13.0,65.0,11.0,2.0,39.0,10.0,3.0,143.0,4.0,8.0,,20.0,22.0,1.0,43.0,12.0,55.0,5.0,24.0,19.0,5.0,34.0,9.0,30.0,20.0,2.0,4.0,1.0,3.0,54.0,5.0,12.0,28.0,89.0,,8.0,4.0,67.0,2.0,3.0,11.0,90.0,10.0,4.0,37.0,2.0,7.0,6.0,2.0,2.0,6.0,,,8.0,3.0,,425.0,127.0,368.0,10.0,6.0,,20.0,,23.0,2.0,36.0,14.0,,108.28282828282829,106.06262491672219,0.6224489795918368,0.6354166666666666,0.8382352941176471,0.3269230769230769,0.36,0.30158730158730157,0.3269230769230769,0.5384615384615384,0.5714285714285714,0.5526315789473685,0.5128205128205128,0.5512820512820513,0.4900990099009901,0.5481220657276995,0.5487804878048781,0.5521739130434783,0.5333333333333333,0.02403846153846154,0.07692307692307693,0.07216494845360824,0.1320754716981132,0.023668639053254437,28.673835125448033,0.6296296296296297,0.03125,,0.05472636815920398,0.021917808219178082,0.07326007326007326,0.012539184952978056,0.06222222222222222,0.017543859649122806,0.0213903743315508,0.024193548387096774,0.008064516129032258,0.028169014084507043,0.01818181818181818,0.07692307692307693,0.08641975308641975,0.08056872037914692,0.04838709677419355,0.024630541871921183,0.375,0.24871794871794872,0.711340206185567,0.7666666666666667,0.6376811594202898,0.1358974358974359,0.39622641509433965,0.45652173913043476,0.5714285714285714,0.08205128205128205,0.25,0.25,0.625,0.1,0.3076923076923077,0.3157894736842105,0.9166666666666666,0.43333333333333335,0.33136094674556216,0.3393939393939394,0.8214285714285714,0.20512820512820512,0.625,0.8,0.20512820512820512,0.25,1.0,0.4358974358974359,0.4117647058823529,1.0,0.22772277227722773,0.6521739130434783,0.09900990099009901,0.2,0.5247524752475248,0.32075471698113206,0.782051282051282,0.33136094674556216,0.527531056701031,0.5295583333333334,0.49167,0.08872901678657075,0.17703349282296652,,0.09574468085106383,0.2702127659574468,6.367582417582418,24.890384615384615,0.35714285714285715,0.25806451612903225,0.20833333333333334,0.17985611510791366,0.2505050505050505,player_totals,wnba,2026,Regular Season,/get-totals/wnba,"{""Season"": ""2026"", ""SeasonType"": ""Regular Season"", ""Type"": ""Player""}",20260921T185714Z,2026-09-21T18:57:18+00:00,950e5feb0d9721be78c972e8f166fe4c0c31185a3e8d7d84208c01011f46593f,,,0.018518518518518517,,,0.02564102564102564,,,,,,"[""single_row_table_data"", ""multi_row_table_data""]",{},1642321,Sydney Taylor,player_totals,2026-09-21T18:57:21+00:00,20260921T185714Z,3ebfad0ac7d97968e8fa0a792effd591d98afc15abd0e25854fe84330e7e4a05
203855,1611661319,Stephanie Talbot,Stephanie Talbot,203855,LVA,42453.3,42,708,65,1397,1409,262.0,230.0,145.0,2806,19.0,24.0,5.0,7.0,1.0,2.0,14.0,23.0,4.0,10.0,13.0,44.0,,,2.0,7.0,7.0,29.0,1.0,3.0,1.0,5.0,37.0,57.0,20.0,73.0,12.0,146.0,1466,8.0,11.0,1.0,3.0,1.0,20.0,4.0,7.0,3.0,12.0,7.0,24.0,50.0,24.0,60.0,,8.0,29.0,7.0,2.0,2.0,28.0,19.0,47.0,12.0,7.0,11.0,15.0,2.0,113.0,16.0,16.0,,34.0,40.0,2.0,76.0,32.0,108.0,,26.0,16.0,10.0,21.0,8.0,16.0,9.0,,5.0,,,30.0,1.0,2.0,36.0,67.0,,1.0,1.0,25.0,1.0,2.0,4.0,18.0,1.0,,5.0,1.0,3.0,8.0,4.0,4.0,2.0,,6.0,12.0,7.0,1.0,126.0,24.0,261.0,2.0,3.0,,19.0,,9.0,,13.0,1.0,,109.59198282032928,104.04542228530873,0.6756756756756757,0.7575757575757576,1.0,0.273972602739726,0.3333333333333333,0.25,0.273972602739726,0.6491228070175439,0.7272727272727273,0.5714285714285714,0.5153846153846153,0.6785714285714286,0.4473684210526316,0.5289855072463768,0.6666666666666666,0.5,0.5615384615384615,0.0273972602739726,0.03508771929824561,0.041666666666666664,0.043478260869565216,0.034482758620689655,10.748560460652591,0.7,0.07692307692307693,,0.0963855421686747,0.04597701149425287,0.11683848797250859,0.06060606060606061,0.1048158640226629,0.05228758169934641,,0.0594059405940594,0.06435643564356436,0.04838709677419355,0.09523809523809523,0.08968609865470852,0.12121212121212122,0.11158798283261803,0.13793103448275862,,0.5833333333333334,0.18461538461538463,0.7916666666666666,0.8260869565217391,0.631578947368421,0.17692307692307693,0.6086956521739131,0.6363636363636364,0.6428571428571429,0.07692307692307693,0.4,0.4,1.0,0.3384615384615385,0.29545454545454547,0.3023255813953488,1.0,0.2230769230769231,0.2413793103448276,0.25,1.0,0.5,0.7142857142857143,0.6,,,,0.21428571428571427,0.3333333333333333,1.0,0.10526315789473684,0.5,0.3684210526315789,0.2857142857142857,0.2631578947368421,0.2,0.7461538461538462,0.2413793103448276,0.5262415384615384,0.5163409090909091,0.5171842105263158,0.044444444444444446,0.08196721311475409,0.013513513513513514,0.136986301369863,0.1643835616438356,7.0964912280701755,23.884931506849313,0.4,0.3333333333333333,0.16666666666666666,0.22641509433962265,0.1875447387258411,player_totals,wnba,2026,Regular Season,/get-totals/wnba,"{""Season"": ""2026"", ""SeasonType"": ""Regular Season"", ""Type"": ""Player""}",20260921T185714Z,2026-09-21T18:57:18+00:00,05ca779242e58252ece43d525670a48ef5f573112eb39592f5479851e4e34a26,,,0.047619047619047616,,,0.022727272727272728,,,,,,"[""single_row_table_data"", ""multi_row_table_data""]",{},203855,Stephanie Talbot,player_totals,2026-09-21T18:57:21+00:00,20260921T185714Z,3b42782109110cfbe03d710014b733343287dacb48faae009620ec64aadebc44
204330,1611661332,Isabelle Harrison,Isabelle Harrison,204330,TOR,42427.0,30,707,-174,1432,1433,328.0,334.0,172.0,2865,71.0,122.0,15.0,24.0,15.0,25.0,34.0,89.0,7.0,27.0,4.0,13.0,1.0,2.0,,2.0,17.0,61.0,2.0,5.0,4.0,12.0,112.0,238.0,21.0,74.0,81.0,368.0,1678,21.0,40.0,3.0,7.0,10.0,61.0,23.0,46.0,4.0,14.0,22.0,80.0,180.0,44.0,60.0,3.0,24.0,61.0,17.0,26.0,1.0,24.0,23.0,47.0,21.0,2.0,13.0,6.0,5.0,117.0,22.0,31.0,1.0,62.0,77.0,6.0,145.0,54.0,199.0,4.0,25.0,15.0,10.0,25.0,6.0,19.0,25.0,2.0,6.0,,4.0,50.0,4.0,15.0,33.0,75.0,2.0,7.0,8.0,98.0,,11.0,2.0,113.0,12.0,,54.0,,8.0,21.0,,,14.0,,7.0,21.0,9.0,,307.0,80.0,326.0,12.0,7.0,,41.0,,28.0,5.0,26.0,8.0,,105.02793296089385,117.0969993021633,0.8035714285714286,0.9,0.9523809523809523,0.28378378378378377,0.42857142857142855,0.2857142857142857,0.28378378378378377,0.47058823529411764,0.525,0.5,0.4599358974358974,0.5425531914893617,0.48333333333333334,0.5082872928176796,0.5865384615384616,0.5333333333333333,0.23717948717948717,0.013513513513513514,0.1092436974789916,0.13114754098360656,0.11235955056179775,0.01639344262295082,25.21419828641371,0.5,0.1875,0.023809523809523808,0.21212121212121213,0.08587257617728532,0.19558359621451105,0.07119741100323625,0.20441176470588235,0.0791044776119403,0.11258278145695365,0.08,0.059574468085106386,0.10810810810810811,0.22282608695652173,0.20930232558139536,0.18,0.17886178861788618,0.2535211267605634,0.026845637583892617,0.42857142857142855,0.391025641025641,0.5819672131147541,0.6698113207547169,0.7887323943661971,0.28525641025641024,0.38202247191011235,0.43037974683544306,0.7941176470588235,0.08653846153846154,0.25925925925925924,0.25925925925925924,1.0,0.041666666666666664,0.3076923076923077,0.3076923076923077,0.75,0.1955128205128205,0.2786885245901639,0.2833333333333333,1.0,0.5106382978723404,0.625,0.2,0.0425531914893617,0.5,,0.10638297872340426,0.4,1.0,0.4166666666666667,0.6,0.03333333333333333,,0.2,0.3333333333333333,0.6282051282051282,0.2786885245901639,0.5117336012861736,0.5385548387096775,0.5094889830508474,0.15254237288135594,0.19285714285714287,,0.16576086956521738,0.21739130434782608,5.686134453781513,25.313513513513513,0.2549019607843137,0.18518518518518517,0.2,0.26,0.22905027932960895,player_totals,wnba,2026,Regular Season,/get-totals/wnba,"{""Season"": ""2026"", ""SeasonType"": ""Regular Season"", ""Type"": ""Player""}",20260921T185714Z,2026-09-21T18:57:18+00:00,43e88a18054aa3a2a90f7f433f85088136681e860d3b3db79175c654f6f5ea72,,,0.03333333333333333,,,,,,,,,"[""single_row_table_data"", ""multi_row_table_data""]",{},204330,Isabelle Harrison,player_totals,2026-09-21T18:57:21+00:00,20260921T185714Z,6e2c966077cfa3f7939e30df0986644da8b262ca55b55d10ab3f5d17fd692826
1630386,1611661321,Awak Kuier,Awak Kuier,1630386,DAL,42297.4,39,705,137,1376,1391,243.0,305.0,155.0,2767,41.0,65.0,4.0,10.0,8.0,13.0,19.0,33.0,2.0,5.0,6.0,16.0,1.0,1.0,,3.0,20.0,58.0,,2.0,5.0,10.0,62.0,103.0,26.0,74.0,35.0,237.0,1434,7.0,14.0,1.0,3.0,8.0,25.0,10.0,15.0,5.0,13.0,4.0,39.0,112.0,12.0,72.0,6.0,8.0,58.0,20.0,7.0,,31.0,9.0,40.0,8.0,1.0,12.0,15.0,4.0,89.0,16.0,13.0,,45.0,68.0,9.0,122.0,29.0,151.0,1.0,21.0,17.0,4.0,19.0,6.0,14.0,19.0,3.0,5.0,1.0,3.0,38.0,1.0,6.0,35.0,67.0,,7.0,5.0,48.0,,9.0,6.0,49.0,5.0,,21.0,2.0,4.0,62.0,2.0,1.0,20.0,1.0,41.0,64.0,35.0,1.0,212.0,39.0,238.0,2.0,2.0,,21.0,,17.0,2.0,5.0,3.0,,114.17151162790698,103.09130122214235,0.9032258064516129,0.9655172413793104,0.9230769230769231,0.35135135135135137,0.3333333333333333,0.38461538461538464,0.35135135135135137,0.6019417475728155,0.5,0.6666666666666666,0.5706214689265536,0.5,0.625,0.5954773869346733,0.5952380952380952,0.6290322580645161,0.4180790960451977,,0.06796116504854369,0.09230769230769231,0.030303030303030304,,15.122265122265123,0.5,0.2647058823529412,,0.1712846347607053,0.036619718309859155,0.14563106796116504,0.06324110671936758,0.16005665722379603,0.047697368421052634,0.031914893617021274,0.04597701149425287,0.050761421319796954,0.10714285714285714,0.140625,0.178743961352657,0.20967741935483872,0.1517509727626459,0.11538461538461539,0.012345679012345678,0.546875,0.3672316384180791,0.6307692307692307,0.6949152542372882,0.9024390243902439,0.1864406779661017,0.5757575757575758,0.59375,0.8947368421052632,0.02824858757062147,0.4,0.4,1.0,0.0903954802259887,0.375,0.375,0.8333333333333334,0.327683615819209,0.3448275862068966,0.3448275862068966,0.95,0.5882352941176471,0.4,0.25,0.058823529411764705,1.0,,0.11764705882352941,,,0.4642857142857143,0.6153846153846154,0.10714285714285714,,0.35714285714285715,0.5,0.7853107344632768,0.3448275862068966,0.5194858757062146,0.5627571428571428,0.5197125,0.11794871794871795,0.17647058823529413,0.02631578947368421,0.10548523206751055,0.16455696202531644,4.363106796116504,25.03648648648649,0.375,0.21428571428571427,0.5,0.2708333333333333,0.17659883720930233,player_totals,wnba,2026,Regular Season,/get-totals/wnba,"{""Season"": ""2026"", ""SeasonType"": ""Regular Season"", ""Type"": ""Player""}",20260921T185714Z,2026-09-21T18:57:18+00:00,77618fd9e0bdefb14c9ca169a0540e4e44dcf308d416c7516de355e760268f55,,,0.022988505747126436,1.0,,,,,,,,"[""single_row_table_data"", ""multi_row_table_data""]",{},1630386,Awak Kuier,player_totals,2026-09-21T18:57:21+00:00,20260921T185714Z,edfb3edda8f6dc50fdf3de3d0ab0ebc6e43a16449311504faa649a15011316cc
1631135,1611661323,Olivia Nelson-Ododa,Olivia Nelson-Ododa,1631135,CON,42027.0,33,700,-100,1379,1394,355.0,363.0,179.0,2773,80.0,113.0,16.0,22.0,20.0,26.0,37.0,82.0,8.0,20.0,,,,,,,,2.0,,,,1.0,125.0,215.0,,2.0,84.0,334.0,1520,19.0,33.0,,,12.0,50.0,22.0,37.0,,1.0,31.0,75.0,186.0,64.0,,,22.0,2.0,,19.0,,44.0,10.0,54.0,10.0,,27.0,14.0,3.0,118.0,12.0,40.0,1.0,48.0,82.0,11.0,141.0,53.0,194.0,9.0,25.0,19.0,6.0,19.0,4.0,11.0,34.0,5.0,8.0,,4.0,53.0,7.0,15.0,38.0,99.0,9.0,11.0,11.0,125.0,,5.0,3.0,123.0,19.0,,55.0,,16.0,22.0,4.0,3.0,13.0,1.0,9.0,26.0,16.0,1.0,284.0,73.0,353.0,13.0,15.0,6.0,34.0,,48.0,4.0,35.0,13.0,,102.97316896301669,109.038737446198,0.744,0.8157894736842105,,,,,,0.5813953488372093,0.5757575757575758,0.5945945945945946,0.576036866359447,0.5757575757575758,0.5789473684210527,0.620817843866171,0.6097560975609756,0.625,0.009216589861751152,,0.08837209302325581,0.061946902654867256,0.14634146341463414,,20.175438596491226,0.3584905660377358,0.275,0.017857142857142856,0.23631123919308358,0.09237875288683603,0.183206106870229,0.06060606060606061,0.2134646962233169,0.08240887480190175,0.1125,0.07303370786516854,0.05063291139240506,0.1,0.208,0.24848484848484848,0.2631578947368421,0.17733990147783252,0.2033898305084746,0.13043478260869565,0.6153846153846154,0.5207373271889401,0.7079646017699115,0.7547169811320755,0.7,0.3778801843317972,0.45121951219512196,0.5285714285714286,0.7837837837837838,0.09216589861751152,0.4,0.4,1.0,,,,,0.009216589861751152,,,,0.6666666666666666,0.7272727272727273,0.25,,,,,,,0.6842105263157895,0.7692307692307693,,,0.02631578947368421,,0.5299539170506913,,0.49426013824884796,0.5815689655172414,0.5414092105263159,0.21739130434782608,0.21912350597609562,,0.1497005988023952,0.2245508982035928,5.614418604651163,27.1,0.48484848484848486,0.30952380952380953,0.3333333333333333,,0.2574329224075417,player_totals,wnba,2026,Regular Season,/get-totals/wnba,"{""Season"": ""2026"", ""SeasonType"": ""Regular Season"", ""Type"": ""Player""}",20260921T185714Z,2026-09-21T18:57:18+00:00,7948ff5993c1e6a80ac403c2161b9e6ea8459344782c02a1d589c78b7d37bac4,,,0.09473684210526316,,,,,1.0,,,,"[""single_row_table_data"", ""multi_row_table_data""]",{},1631135,Olivia Nelson-Ododa,player_totals,2026-09-21T18:57:21+00:00,20260921T185714Z,0d3c4b08c2c2c2b227eda1700fc3874ab0a79fdb73cb3dacd4bf629ba7b58e85
204322,1611661329,Elizabeth Williams,Elizabeth Williams,204322,CHI,41951.7,42,699,-90,1448,1481,533.0,665.0,163.0,2929,57.0,108.0,8.0,17.0,20.0,41.0,27.0,69.0,2.0,9.0,,,,,,,,,,,,,86.0,186.0,,,41.0,213.0,1576,11.0,22.0,,,8.0,30.0,31.0,67.0,,,27.0,89.0,138.0,34.0,,,8.0,,,18.0,,29.0,26.0,55.0,22.0,4.0,18.0,6.0,5.0,136.0,15.0,35.0,2.0,27.0,56.0,10.0,93.0,52.0,145.0,8.0,25.0,19.0,6.0,22.0,2.0,10.0,11.0,2.0,12.0,,1.0,33.0,2.0,14.0,28.0,54.0,1.0,2.0,5.0,85.0,1.0,15.0,5.0,91.0,6.0,,33.0,,16.0,34.0,3.0,1.0,19.0,2.0,13.0,37.0,23.0,2.0,183.0,89.0,533.0,10.0,15.0,,10.0,,4.0,,,,,102.62430939226519,106.41458474004051,0.8023255813953488,0.8414634146341463,,,,,,0.46236559139784944,0.5,0.4626865671641791,0.46236559139784944,0.5,0.4626865671641791,0.4650655021834061,0.46875,0.49444444444444446,,,0.0967741935483871,0.12962962962962962,0.057971014492753624,,16.014669926650367,0.6666666666666666,0.22727272727272727,0.037037037037037035,0.14507772020725387,0.08557457212713937,0.09818181818181818,0.05660377358490566,0.12556732223903178,0.07418397626112759,0.09195402298850575,0.06832298136645963,0.057692307692307696,0.05263157894736842,0.15584415584415584,0.16339869281045752,0.08860759493670886,0.08450704225352113,0.14516129032258066,0.09876543209876543,0.6216216216216216,0.5806451612903226,0.5277777777777778,0.6063829787234043,0.8245614035087719,0.3709677419354839,0.391304347826087,0.4153846153846154,0.7407407407407407,0.04838709677419355,0.2222222222222222,0.2222222222222222,1.0,,,,,,,,,0.7727272727272727,0.47058823529411764,0.375,,,,,,,0.6119402985074627,0.4878048780487805,,,,,0.5806451612903226,,0.5254510752688172,0.559,0.5237238805970149,0.15492957746478872,0.15492957746478872,,0.14084507042253522,0.41784037558685444,4.5892473118279575,,0.3333333333333333,0.1951219512195122,0.2857142857142857,,0.3680939226519337,player_totals,wnba,2026,Regular Season,/get-totals/wnba,"{""Season"": ""2026"", ""SeasonType"": ""Regular Season"", ""Type"": ""Player""}",20260921T185714Z,2026-09-21T18:57:18+00:00,0c6349f47d6dc19fd0037cf1b5b4d724e9e57a8cc281042af48617a1e9d91301,,,0.10810810810810811,2.0,,,,,,,,"[""single_row_table_data"", ""multi_row_table_data""]",{},204322,Elizabeth Williams,player_totals,2026-09-21T18:57:21+00:00,20260921T185714Z,63501568c1bc7e39eddbf1953870829d17c63a4e90ccc0c494db8445fb20795c
1643445,1611661332,Kiki Rice,Kiki Rice,1643445,TOR,41849.5,26,697,-123,1383,1388,306.0,320.0,180.0,2771,65.0,92.0,9.0,15.0,16.0,22.0,14.0,55.0,13.0,27.0,5.0,9.0,1.0,3.0,,1.0,18.0,57.0,2.0,5.0,5.0,15.0,92.0,174.0,23.0,66.0,85.0,338.0,1617,11.0,24.0,3.0,8.0,12.0,43.0,21.0,39.0,5.0,16.0,35.0,92.0,74.0,110.0,42.0,27.0,12.0,57.0,18.0,16.0,2.0,50.0,38.0,88.0,30.0,8.0,33.0,11.0,6.0,214.0,13.0,15.0,1.0,36.0,23.0,4.0,63.0,29.0,92.0,12.0,19.0,8.0,11.0,32.0,6.0,17.0,14.0,2.0,15.0,3.0,,46.0,1.0,10.0,33.0,78.0,,6.0,2.0,77.0,,3.0,3.0,99.0,17.0,,47.0,1.0,9.0,5.0,,,4.0,,1.0,5.0,3.0,,295.0,92.0,304.0,10.0,9.0,,37.0,,34.0,2.0,29.0,11.0,,108.02603036876356,116.49855907780979,0.40217391304347827,0.43023255813953487,0.6086956521739131,0.3484848484848485,0.375,0.3125,0.3484848484848485,0.5287356321839081,0.4583333333333333,0.5384615384615384,0.5270833333333333,0.484375,0.5181818181818182,0.6035714285714285,0.5657894736842105,0.6388888888888888,0.275,0.030303030303030304,0.09195402298850575,0.07608695652173914,0.16363636363636364,0.03508771929824561,20.38774233896185,0.6956521739130435,0.125,0.02631578947368421,0.07718120805369127,0.042735042735042736,0.12244897959183673,0.041666666666666664,0.09966216216216216,0.042232277526395176,0.06015037593984962,0.0392156862745098,0.046153846153846156,0.019230769230769232,0.1092436974789916,0.030303030303030304,0.1276595744680851,0.13551401869158877,0.0875,0.11764705882352941,0.6,0.38333333333333336,0.7065217391304348,0.7647058823529411,0.4,0.22916666666666666,0.2545454545454545,0.30434782608695654,0.2857142857142857,0.1125,0.48148148148148145,0.48148148148148145,0.5384615384615384,0.0375,0.5555555555555556,0.5555555555555556,0.6,0.2375,0.3157894736842105,0.32727272727272727,0.6111111111111112,0.46875,0.6,,0.09375,0.3333333333333333,,0.15625,0.4,,0.4,0.7272727272727273,0.01818181818181818,,0.2727272727272727,0.3333333333333333,0.6583333333333333,0.3157894736842105,0.5202455882352941,0.52486,0.5251226415094339,0.17407407407407408,0.23039215686274508,,0.12721893491124261,0.27218934911242604,6.244252873563219,25.401515151515152,0.5769230769230769,0.4,0.2857142857142857,0.3076923076923077,0.22125813449023862,player_totals,wnba,2026,Regular Season,/get-totals/wnba,"{""Season"": ""2026"", ""SeasonType"": ""Regular Season"", ""Type"": ""Player""}",20260921T185714Z,2026-09-21T18:57:18+00:00,ac0a363c52a0b4d2fefaa383602b8fa1401f194ed1159bba903d12d545600fb8,,,0.015384615384615385,,,,,,,,,"[""single_row_table_data"", ""multi_row_table_data""]",{},1643445,Kiki Rice,player_totals,2026-09-21T18:57:21+00:00,20260921T185714Z,83524021fefd3665385c786ad1de28807f7fd975ff5d3f85862781d4ccadc522
203026,1611661331,Tiffany Hayes,Tiffany Hayes,203026,GSV,40446.2,40,674,170,1262,1264,383.0,371.0,196.0,2526,55.0,84.0,8.0,15.0,11.0,19.0,37.0,77.0,4.0,11.0,6.0,10.0,1.0,1.0,,2.0,19.0,76.0,7.0,17.0,6.0,24.0,96.0,172.0,25.0,86.0,96.0,363.0,1291,11.0,28.0,8.0,18.0,6.0,52.0,21.0,43.0,6.0,26.0,41.0,101.0,86.0,106.0,51.0,24.0,4.0,76.0,19.0,10.0,,48.0,56.0,104.0,42.0,14.0,25.0,14.0,9.0,264.0,12.0,9.0,1.0,32.0,25.0,5.0,62.0,22.0,84.0,7.0,32.0,24.0,8.0,28.0,7.0,15.0,20.0,3.0,13.0,,1.0,48.0,4.0,17.0,25.0,79.0,,6.0,5.0,118.0,4.0,7.0,7.0,122.0,14.0,2.0,50.0,,17.0,8.0,,,4.0,,4.0,8.0,4.0,,311.0,101.0,375.0,12.0,15.0,8.0,22.0,,28.0,5.0,22.0,2.0,,115.76862123613313,102.13607594936708,0.4479166666666667,0.4574468085106383,0.68,0.29069767441860467,0.4444444444444444,0.23076923076923078,0.29069767441860467,0.5581395348837209,0.39285714285714285,0.4883720930232558,0.5174418604651163,0.5,0.43478260869565216,0.5819935691318328,0.52,0.5434782608695652,0.3333333333333333,,0.05813953488372093,0.05952380952380952,0.06493506493506493,,24.14256893073302,0.5833333333333334,0.11904761904761904,0.024390243902439025,0.08064516129032258,0.028846153846153848,0.11552346570397112,0.03821656050955414,0.09710391822827939,0.03354632587859425,0.021739130434782608,0.03773584905660377,0.04149377593360996,0.0273972602739726,0.04,0.0718954248366013,0.17543859649122806,0.11004784688995216,0.1323529411764706,0.056,0.5,0.32558139534883723,0.6547619047619048,0.6962025316455697,0.45454545454545453,0.29844961240310075,0.4805194805194805,0.5138888888888888,0.40540540540540543,0.04263565891472868,0.36363636363636365,0.36363636363636365,0.75,0.03875968992248062,0.6,0.6,1.0,0.29457364341085274,0.25,0.25,0.5789473684210527,0.32608695652173914,0.5333333333333333,0.5,0.021739130434782608,1.0,1.0,0.3695652173913043,0.4117647058823529,0.8571428571428571,0.2753623188405797,0.5789473684210527,0.028985507246376812,,0.34782608695652173,0.25,0.6589147286821705,0.25,0.4869432170542636,0.49040689655172415,0.4620463768115942,0.17006802721088435,0.2403846153846154,,0.14325068870523416,0.27823691460055094,5.284302325581395,25.369767441860468,0.20689655172413793,0.425,0.14285714285714285,0.3050847457627119,0.303486529318542,player_totals,wnba,2026,Regular Season,/get-totals/wnba,"{""Season"": ""2026"", ""SeasonType"": ""Regular Season"", ""Type"": ""Player""}",20260921T185714Z,2026-09-21T18:57:18+00:00,877dbc88c9cfae4bcae054a1bfc76e00e63a6a9a1d854b35c7f0989ef04e2033,,,0.01639344262295082,,,,,,,,,"[""single_row_table_data"", ""multi_row_table_data""]",{},203026,Tiffany Hayes,player_totals,2026-09-21T18:57:21+00:00,20260921T185714Z,d43ef6884e99872821fec6d90530bbefa39b7cc09a3991a568415ccad4386d45
1628508,1611661331,Cecilia Zandalasini,Cecilia Zandalasini,1628508,GSV,40190.2,35,670,106,1229,1229,156.0,210.0,165.0,2458,7.0,16.0,,,1.0,1.0,41.0,81.0,19.0,46.0,6.0,22.0,1.0,5.0,1.0,4.0,41.0,122.0,6.0,16.0,11.0,23.0,67.0,143.0,47.0,144.0,34.0,309.0,1206,5.0,9.0,7.0,21.0,2.0,33.0,5.0,11.0,12.0,27.0,8.0,54.0,70.0,64.0,117.0,24.0,,122.0,41.0,7.0,2.0,28.0,34.0,62.0,23.0,11.0,18.0,9.0,1.0,158.0,6.0,5.0,,21.0,43.0,1.0,65.0,11.0,76.0,2.0,30.0,18.0,12.0,27.0,8.0,15.0,21.0,1.0,12.0,,6.0,48.0,1.0,2.0,33.0,68.0,1.0,4.0,3.0,47.0,1.0,3.0,5.0,41.0,7.0,3.0,20.0,,2.0,4.0,2.0,2.0,1.0,,2.0,6.0,1.0,,276.0,54.0,156.0,3.0,1.0,3.0,27.0,3.0,22.0,,19.0,9.0,,106.75345809601302,98.12855980471929,0.5223880597014925,0.5223880597014925,0.8297872340425532,0.3263888888888889,0.3333333333333333,0.4444444444444444,0.3263888888888889,0.46853146853146854,0.5555555555555556,0.45454545454545453,0.47909407665505227,0.5166666666666667,0.6052631578947368,0.5082781456953642,0.532258064516129,0.6309523809523809,0.5017421602787456,0.013888888888888888,0.04895104895104895,0.1875,0.04938271604938271,0.01639344262295082,24.50980392156863,0.5625,0.03571428571428571,,0.1246376811594203,0.016233766233766232,0.084,0.016666666666666666,0.10756302521008404,0.016467065868263474,0.014285714285714285,0.005952380952380952,0.01818181818181818,0.011764705882352941,0.1,0.135,0.12,0.08205128205128205,0.09090909090909091,0.012578616352201259,0.16666666666666666,0.05574912891986063,0.4375,0.5384615384615384,0.2857142857142857,0.28222996515679444,0.5061728395061729,0.5324675324675324,0.5609756097560976,0.1602787456445993,0.41304347826086957,0.41304347826086957,0.5263157894736842,0.07665505226480836,0.2727272727272727,0.2727272727272727,0.8333333333333334,0.4250871080139373,0.3360655737704918,0.3416666666666667,0.8292682926829268,,,,0.16666666666666666,0.2,,0.5333333333333333,0.375,1.0,0.02631578947368421,1.0,0.10526315789473684,0.25,0.6052631578947368,0.4782608695652174,0.5574912891986062,0.3360655737704918,0.45223006993006987,0.4882941176470588,0.4579671052631579,0.06666666666666667,0.1282051282051282,,0.10679611650485436,0.17475728155339806,11.178321678321678,25.04513888888889,0.2222222222222222,0.225,0.34615384615384615,0.3225806451612903,0.12693246541903988,player_totals,wnba,2026,Regular Season,/get-totals/wnba,"{""Season"": ""2026"", ""SeasonType"": ""Regular Season"", ""Type"": ""Player""}",20260921T185714Z,2026-09-21T18:57:18+00:00,cdfe5ba4c68165bdc953e406b7544051da182eaa0ecdfed7bcf224b66e1cfd43,,,0.04285714285714286,1.0,,,,,,,,"[""single_row_table_data"", ""multi_row_table_data""]",{},1628508,Cecilia Zandalasini,player_totals,2026-09-21T18:57:21+00:00,20260921T185714Z,64f4f774b902679c13e23ea82b67a665faa4062c9a804eab40e86c5c7428f781
203828,1611661328,Stefanie Dolson,Stefanie Dolson,203828,SEA,39242.2,43,654,-159,1300,1321,364.0,345.0,157.0,2621,13.0,19.0,3.0,3.0,2.0,2.0,8.0,21.0,2.0,6.0,3.0,7.0,,1.0,1.0,2.0,20.0,50.0,2.0,5.0,5.0,15.0,23.0,46.0,23.0,57.0,29.0,144.0,1452,4.0,9.0,2.0,6.0,5.0,19.0,6.0,9.0,6.0,17.0,20.0,50.0,38.0,8.0,69.0,,6.0,50.0,20.0,3.0,,37.0,14.0,51.0,11.0,3.0,18.0,15.0,4.0,116.0,16.0,10.0,,22.0,50.0,7.0,79.0,26.0,105.0,,12.0,9.0,3.0,14.0,3.0,14.0,24.0,,,,1.0,38.0,2.0,9.0,44.0,94.0,,11.0,18.0,50.0,1.0,6.0,3.0,34.0,,,8.0,,9.0,18.0,1.0,1.0,6.0,,12.0,19.0,10.0,,125.0,50.0,362.0,5.0,8.0,3.0,30.0,,18.0,2.0,19.0,7.0,,99.46153846153847,109.91672975018925,0.8260869565217391,0.95,1.0,0.40350877192982454,0.3333333333333333,0.35294117647058826,0.40350877192982454,0.5,0.4444444444444444,0.6666666666666666,0.558252427184466,0.4666666666666667,0.5769230769230769,0.6,0.5277777777777778,0.6756756756756757,0.5533980582524272,,0.06521739130434782,,0.14285714285714285,,10.668467251856853,0.3684210526315789,0.1891891891891892,,0.1519756838905775,0.029069767441860465,0.07508532423208192,0.05351170568561873,0.1157556270096463,0.04043545878693624,0.042105263157894736,0.03428571428571429,0.05371900826446281,0.05263157894736842,0.1958762886597938,0.14792899408284024,0.09523809523809523,0.06521739130434782,0.1111111111111111,,0.5263157894736842,0.18446601941747573,0.6842105263157895,0.6842105263157895,0.7692307692307693,0.20388349514563106,0.38095238095238093,0.4444444444444444,1.0,0.05825242718446602,0.3333333333333333,0.3333333333333333,0.5,0.06796116504854369,0.42857142857142855,0.42857142857142855,1.0,0.4854368932038835,0.4,0.4,1.0,0.2,1.0,,0.06666666666666667,,,0.3333333333333333,0.4,1.0,0.07692307692307693,1.0,0.07692307692307693,0.5,0.5769230769230769,0.3333333333333333,0.7378640776699029,0.4,0.5109402912621359,0.50465,0.5053807692307692,0.07207207207207207,0.14814814814814814,,0.13194444444444445,0.3472222222222222,6.2956521739130435,24.72280701754386,,0.4166666666666667,0.25,0.17647058823529413,0.28,player_totals,wnba,2026,Regular Season,/get-totals/wnba,"{""Season"": ""2026"", ""SeasonType"": ""Regular Season"", ""Type"": ""Player""}",20260921T185714Z,2026-09-21T18:57:18+00:00,f547904edef76f4b0cab50c6c53bcda1fb6f08ecb0e0e04ce2dfe7187cff60c5,,,,,,,,,,,,"[""single_row_table_data"", ""multi_row_table_data""]",{},203828,Stefanie Dolson,player_totals,2026-09-21T18:57:21+00:00,20260921T185714Z,5655f85909c607360fff6a6703dd14b801930a78c7a28b91d7cb12806cf6f710
1642822,1611661331,Kaitlyn Chen,Kaitlyn Chen,1642822,GSV,38600.3,42,643,111,1213,1246,374.0,406.0,165.0,2459,41.0,57.0,9.0,10.0,12.0,19.0,37.0,79.0,12.0,23.0,8.0,13.0,,1.0,3.0,6.0,21.0,55.0,4.0,7.0,6.0,15.0,90.0,159.0,29.0,68.0,30.0,297.0,1247,16.0,19.0,4.0,8.0,3.0,47.0,28.0,50.0,9.0,21.0,19.0,102.0,82.0,98.0,84.0,3.0,6.0,55.0,21.0,8.0,1.0,39.0,43.0,82.0,27.0,16.0,16.0,16.0,7.0,207.0,3.0,10.0,,10.0,22.0,2.0,34.0,13.0,47.0,4.0,12.0,8.0,4.0,33.0,8.0,27.0,16.0,4.0,6.0,1.0,2.0,49.0,2.0,14.0,25.0,52.0,,3.0,,43.0,2.0,,9.0,42.0,6.0,,20.0,,4.0,1.0,,,1.0,,,1.0,1.0,,250.0,102.0,371.0,4.0,4.0,,13.0,,12.0,1.0,7.0,5.0,,111.95383347073371,100.08025682182985,0.45555555555555555,0.47126436781609193,0.9655172413793104,0.4264705882352941,0.5,0.42857142857142855,0.4264705882352941,0.5660377358490566,0.8421052631578947,0.56,0.5881057268722467,0.8148148148148148,0.5845070422535211,0.6061224489795919,0.8103448275862069,0.6219512195121951,0.29955947136563876,0.014705882352941176,0.050314465408805034,0.05263157894736842,0.06329113924050633,0.01818181818181818,20.970042796005707,0.673469387755102,0.05405405405405406,,0.06832298136645963,0.033003300330033,0.03773584905660377,0.011538461538461539,0.054514480408858604,0.023090586145648313,0.011235955056179775,0.045454545454545456,0.010101010101010102,0.016129032258064516,0.10679611650485436,0.055900621118012424,0.034482758620689655,0.024752475247524754,0.07936507936507936,0.04395604395604396,1.0,0.2511013215859031,0.7192982456140351,0.7592592592592593,0.5121951219512195,0.34801762114537443,0.46835443037974683,0.5,0.43243243243243246,0.1013215859030837,0.5217391304347826,0.5217391304347826,0.3333333333333333,0.05726872246696035,0.6153846153846154,0.6153846153846154,1.0,0.2422907488986784,0.38181818181818183,0.3888888888888889,0.9523809523809523,0.37037037037037035,0.9,0.5555555555555556,0.037037037037037035,,,0.25925925925925924,0.5714285714285714,1.0,0.2676056338028169,0.631578947368421,0.08450704225352113,0.5,0.2112676056338028,0.4,0.5506607929515418,0.38181818181818183,0.4698091517857143,0.5451882352941176,0.46167536231884054,0.08298755186721991,0.11560693641618497,,0.15824915824915825,0.3434343434343434,7.0874213836478,25.908823529411762,0.25,0.3333333333333333,0.1,0.4117647058823529,0.3083264633140973,player_totals,wnba,2026,Regular Season,/get-totals/wnba,"{""Season"": ""2026"", ""SeasonType"": ""Regular Season"", ""Type"": ""Player""}",20260921T185714Z,2026-09-21T18:57:18+00:00,153d208975bf8dea29bca94d7c36db86f67fa3e148c7da6427152bd8bc3991e1,,,0.03333333333333333,,,,,,,,,"[""single_row_table_data"", ""multi_row_table_data""]",{},1642822,Kaitlyn Chen,player_totals,2026-09-21T18:57:21+00:00,20260921T185714Z,5f701834ca32837f2ae2a4b9a23dee5c7ae2cafad32382ca8fb30fb01468ae83
1642782,1611661327,Sarah Ashlee Barker,Sarah Ashlee Barker,1642782,PDX,38529.2,26,642,-51,1271,1270,317.0,382.0,145.0,2541,44.0,70.0,7.0,10.0,8.0,13.0,27.0,53.0,1.0,2.0,19.0,40.0,3.0,5.0,2.0,6.0,17.0,50.0,1.0,4.0,5.0,16.0,72.0,125.0,36.0,90.0,26.0,278.0,1400,11.0,17.0,4.0,9.0,3.0,37.0,15.0,28.0,7.0,22.0,7.0,58.0,82.0,62.0,96.0,12.0,2.0,50.0,17.0,12.0,2.0,39.0,23.0,62.0,15.0,8.0,21.0,16.0,2.0,147.0,9.0,12.0,,48.0,42.0,6.0,96.0,21.0,117.0,3.0,23.0,16.0,7.0,28.0,10.0,22.0,24.0,3.0,6.0,3.0,,52.0,11.0,8.0,22.0,64.0,,6.0,3.0,43.0,2.0,5.0,6.0,35.0,8.0,,18.0,1.0,2.0,8.0,1.0,,2.0,1.0,6.0,9.0,3.0,,241.0,58.0,314.0,13.0,2.0,6.0,28.0,,12.0,,22.0,1.0,,106.1369000786782,110.23622047244095,0.5694444444444444,0.5774647887323944,0.8888888888888888,0.4,0.4444444444444444,0.3181818181818182,0.4,0.576,0.6470588235294118,0.5357142857142857,0.586046511627907,0.6538461538461539,0.51,0.6096491228070176,0.6607142857142857,0.5370370370370371,0.4186046511627907,0.022222222222222223,0.096,0.1,0.09433962264150944,,19.43095072866065,0.5384615384615384,0.13636363636363635,,0.13680781758957655,0.04054054054054054,0.1797752808988764,0.03345724907063197,0.156794425087108,0.03716814159292035,0.05084745762711865,0.038461538461538464,0.03827751196172249,0.016666666666666666,0.09259259259259259,0.152317880794702,0.1875,0.1902439024390244,0.14516129032258066,0.033707865168539325,0.3333333333333333,0.32558139534883723,0.6285714285714286,0.6984126984126984,0.5909090909090909,0.24651162790697675,0.5094339622641509,0.5625,0.5185185185185185,0.009302325581395349,0.5,0.5,1.0,0.18604651162790697,0.475,0.5,0.8421052631578947,0.23255813953488372,0.34,0.34,0.9411764705882353,0.38461538461538464,0.7,0.7142857142857143,0.19230769230769232,0.6,0.6666666666666666,0.15384615384615385,0.25,1.0,0.26,0.6153846153846154,0.12,0.3333333333333333,0.32,0.3125,0.7441860465116279,0.34,0.5212922535211267,0.5558027777777778,0.483071875,0.084070796460177,0.13333333333333333,0.01098901098901099,0.13309352517985612,0.20863309352517986,4.3431999999999995,24.63888888888889,0.15384615384615385,0.20833333333333334,1.0,0.3269230769230769,0.24940991345397326,player_totals,wnba,2026,Regular Season,/get-totals/wnba,"{""Season"": ""2026"", ""SeasonType"": ""Regular Season"", ""Type"": ""Player""}",20260921T185714Z,2026-09-21T18:57:18+00:00,06a573ae497e52521bcb3bb56134efd1c2e19af452fd0e92a51a8e9476b7d7f9,,,,,20.0,0.05,,,,,,"[""single_row_table_data"", ""multi_row_table_data""]",{},1642782,Sarah Ashlee Barker,player_totals,2026-09-21T18:57:21+00:00,20260921T185714Z,9b7c3f1e733e94c8082f450a806d04ebba2979ccc3319be327f4f79a65ea9359
1641651,1611661328,Jordan Horston,Jordan Horston,1641651,SEA,37689.600000000006,36,628,-100,1252,1282,226.0,282.0,142.0,2534,24.0,46.0,6.0,13.0,2.0,4.0,23.0,59.0,4.0,9.0,3.0,22.0,,,,2.0,10.0,37.0,2.0,6.0,1.0,5.0,51.0,114.0,13.0,59.0,25.0,166.0,1355,12.0,29.0,2.0,6.0,7.0,37.0,5.0,13.0,1.0,7.0,6.0,19.0,60.0,42.0,36.0,3.0,18.0,37.0,10.0,9.0,,35.0,12.0,47.0,11.0,1.0,20.0,10.0,5.0,106.0,5.0,27.0,1.0,40.0,48.0,6.0,94.0,33.0,127.0,8.0,37.0,28.0,9.0,30.0,4.0,19.0,14.0,1.0,11.0,2.0,,44.0,2.0,8.0,41.0,63.0,1.0,3.0,4.0,28.0,,7.0,,37.0,1.0,,16.0,,3.0,18.0,,,6.0,,10.0,18.0,11.0,,129.0,19.0,225.0,7.0,3.0,4.0,21.0,,18.0,,14.0,,,100.23961661341853,105.69422776911077,0.5882352941176471,0.7142857142857143,0.9230769230769231,0.22033898305084745,0.3333333333333333,0.14285714285714285,0.22033898305084745,0.4473684210526316,0.41379310344827586,0.38461538461538464,0.407514450867052,0.42857142857142855,0.325,0.43455497382198954,0.4625,0.3958333333333333,0.34104046242774566,,0.07894736842105263,0.08695652173913043,0.0847457627118644,,16.607773851590107,0.6818181818181818,0.14285714285714285,0.038461538461538464,0.15737704918032788,0.07417582417582418,0.1444043321299639,0.02,0.15120274914089346,0.05211726384364821,0.10476190476190476,0.055,0.02564102564102564,,0.13978494623655913,0.1610738255033557,0.1746031746031746,0.16071428571428573,0.07547169811320754,0.08080808080808081,0.6111111111111112,0.2658959537572254,0.5217391304347826,0.5714285714285714,0.5416666666666666,0.34104046242774566,0.3898305084745763,0.42592592592592593,0.6086956521739131,0.05202312138728324,0.4444444444444444,0.4444444444444444,0.75,0.12716763005780346,0.13636363636363635,0.13636363636363635,1.0,0.2138728323699422,0.2702702702702703,0.2702702702702703,0.9,0.37142857142857144,0.46153846153846156,,,,,0.17142857142857143,0.3333333333333333,1.0,0.2,0.5,0.1,,0.25,0.2,0.6069364161849711,0.2702702702702703,0.4989913294797688,0.509239393939394,0.4618725,0.0851063829787234,0.12403100775193798,,0.22289156626506024,0.1144578313253012,6.510526315789474,24.13389830508475,0.36363636363636365,0.2777777777777778,,0.21739130434782608,0.1805111821086262,player_totals,wnba,2026,Regular Season,/get-totals/wnba,"{""Season"": ""2026"", ""SeasonType"": ""Regular Season"", ""Type"": ""Player""}",20260921T185714Z,2026-09-21T18:57:18+00:00,d122ad31552dc688068a287e19702a821093719c9ea98efab3247775ffca7a60,,,0.0847457627118644,2.0,,,,,1.0,,,"[""single_row_table_data"", ""multi_row_table_data""]",{},1641651,Jordan Horston,player_totals,2026-09-21T18:57:21+00:00,20260921T185714Z,6be86f0f4b6505763177486561d9ac28de2082577d0d7ec1561a7fc4734b497a
1641660,1611661328,Zia Cooke,Zia Cooke,1641660,SEA,36950.2,41,616,-95,1227,1253,330.0,343.0,162.0,2480,28.0,52.0,1.0,6.0,7.0,15.0,33.0,95.0,6.0,29.0,5.0,22.0,,2.0,2.0,8.0,27.0,87.0,2.0,9.0,5.0,23.0,67.0,176.0,32.0,109.0,79.0,309.0,1364,5.0,22.0,2.0,11.0,7.0,23.0,20.0,46.0,7.0,31.0,30.0,91.0,60.0,74.0,87.0,9.0,2.0,87.0,27.0,18.0,1.0,27.0,17.0,44.0,13.0,4.0,15.0,8.0,4.0,105.0,8.0,10.0,1.0,22.0,26.0,1.0,49.0,19.0,68.0,2.0,16.0,9.0,7.0,26.0,10.0,19.0,18.0,3.0,7.0,,1.0,44.0,2.0,13.0,24.0,56.0,,3.0,3.0,82.0,,3.0,6.0,98.0,9.0,2.0,46.0,1.0,6.0,1.0,,,,,1.0,1.0,,,286.0,91.0,328.0,11.0,5.0,1.0,12.0,1.0,7.0,,15.0,,,103.42298288508557,108.85873902633679,0.44776119402985076,0.45454545454545453,0.90625,0.29357798165137616,0.18181818181818182,0.22580645161290322,0.29357798165137616,0.3806818181818182,0.22727272727272727,0.43478260869565216,0.40350877192982454,0.24242424242424243,0.3961038961038961,0.4695121951219512,0.3055555555555556,0.48404255319148937,0.3824561403508772,0.009174311926605505,0.10227272727272728,0.057692307692307696,0.14736842105263157,0.011494252873563218,26.364280652019843,0.5909090909090909,0.02631578947368421,0.03125,0.08125,0.029154518950437316,0.08461538461538462,0.030418250950570342,0.08275862068965517,0.0297029702970297,0.038461538461538464,0.027777777777777776,0.032407407407407406,0.02127659574468085,0.09375,0.07738095238095238,0.07142857142857142,0.085,0.08333333333333333,0.012345679012345678,,0.1824561403508772,0.5384615384615384,0.5714285714285714,0.4642857142857143,0.3333333333333333,0.3473684210526316,0.4074074074074074,0.42424242424242425,0.10175438596491228,0.20689655172413793,0.21428571428571427,0.5,0.07719298245614035,0.22727272727272727,0.22727272727272727,1.0,0.30526315789473685,0.3103448275862069,0.313953488372093,0.8888888888888888,0.18181818181818182,0.16666666666666666,,0.06060606060606061,,,0.2727272727272727,0.2222222222222222,1.0,0.19480519480519481,0.4666666666666667,0.1038961038961039,0.25,0.2987012987012987,0.21739130434782608,0.5649122807017544,0.3103448275862069,0.47339732142857144,0.47231249999999997,0.47373767123287674,0.14596273291925466,0.215962441314554,0.009174311926605505,0.0744336569579288,0.29449838187702265,7.810795454545455,26.585321100917433,0.375,0.3064516129032258,0.22727272727272727,0.3835616438356164,0.26894865525672373,player_totals,wnba,2026,Regular Season,/get-totals/wnba,"{""Season"": ""2026"", ""SeasonType"": ""Regular Season"", ""Type"": ""Player""}",20260921T185714Z,2026-09-21T18:57:18+00:00,ec7e1bdc151286fa829ac93253711969e743c1683a1362bccbfb684d73c6620d,1.0,0.034482758620689655,0.01694915254237288,,,,,,,,,"[""single_row_table_data"", ""multi_row_table_data""]",{},1641660,Zia Cooke,player_totals,2026-09-21T18:57:21+00:00,20260921T185714Z,ee34752bc16687f3d66a541095f2de3190070add121532ab12df713e7843ced6
1631118,1611661317,Lexi Held,Lexi Held,1631118,PHX,36908.2,40,615,-30,1205,1229,361.0,394.0,139.0,2434,19.0,33.0,2.0,4.0,3.0,8.0,13.0,46.0,7.0,17.0,10.0,26.0,2.0,5.0,4.0,10.0,27.0,70.0,,7.0,9.0,25.0,39.0,96.0,37.0,96.0,31.0,220.0,1297,5.0,12.0,2.0,12.0,3.0,19.0,9.0,33.0,13.0,35.0,11.0,68.0,36.0,42.0,105.0,6.0,2.0,70.0,27.0,10.0,4.0,36.0,19.0,55.0,10.0,9.0,19.0,13.0,4.0,129.0,5.0,9.0,1.0,18.0,11.0,,29.0,15.0,44.0,5.0,20.0,12.0,8.0,28.0,1.0,21.0,8.0,2.0,7.0,3.0,,36.0,6.0,12.0,17.0,56.0,,3.0,2.0,59.0,1.0,2.0,17.0,35.0,2.0,,13.0,3.0,1.0,3.0,2.0,1.0,,1.0,3.0,5.0,4.0,,201.0,68.0,361.0,12.0,1.0,5.0,16.0,,12.0,3.0,10.0,1.0,3.0,105.14522821576763,105.53295362082996,0.46153846153846156,0.47368421052631576,0.9459459459459459,0.3854166666666667,0.16666666666666666,0.37142857142857144,0.3854166666666667,0.40625,0.4166666666666667,0.2727272727272727,0.4921875,0.3333333333333333,0.41911764705882354,0.5339805825242718,0.36538461538461536,0.4657534246575342,0.5,0.041666666666666664,0.10416666666666667,0.09090909090909091,0.15217391304347827,0.04285714285714286,17.677136596055515,0.7777777777777778,,0.029411764705882353,0.03942652329749104,0.029411764705882353,0.0661764705882353,0.0199203187250996,0.05263157894736842,0.025134649910233394,0.01282051282051282,0.029239766081871343,0.021164021164021163,0.016129032258064516,0.03614457831325301,0.03571428571428571,0.05357142857142857,0.05855855855855856,0.1,0.05154639175257732,0.8,0.171875,0.5757575757575758,0.6333333333333333,0.3157894736842105,0.23958333333333334,0.2826086956521739,0.3333333333333333,0.6153846153846154,0.08854166666666667,0.4117647058823529,0.4117647058823529,0.5714285714285714,0.13541666666666666,0.38461538461538464,0.4,1.0,0.3645833333333333,0.38571428571428573,0.40298507462686567,0.9259259259259259,0.16666666666666666,0.5,0.5,0.20833333333333334,0.4,1.0,0.2916666666666667,,,0.11764705882352941,0.375,0.14705882352941177,0.4,0.36764705882352944,0.36,0.671875,0.38571428571428573,0.4952364361702128,0.5110941176470588,0.46024384615384617,0.07804878048780488,0.12149532710280374,0.030612244897959183,0.08636363636363636,0.3090909090909091,8.134375,25.43020833333333,0.2857142857142857,0.36363636363636365,0.2,0.2222222222222222,0.2995850622406639,player_totals,wnba,2026,Regular Season,/get-totals/wnba,"{""Season"": ""2026"", ""SeasonType"": ""Regular Season"", ""Type"": ""Player""}",20260921T185714Z,2026-09-21T18:57:18+00:00,0ceb2d8553e8417d6cae5cd3f2f72f9f42a5e081d07e630b8e3edd9bb1ba7f37,1.0,,0.05263157894736842,,,0.038461538461538464,,,,,,"[""single_row_table_data"", ""multi_row_table_data""]",{},1631118,Lexi Held,player_totals,2026-09-21T18:57:21+00:00,20260921T185714Z,554587fa0c601a17f88f344671e656cd96dd5a70186c7043eca099e2f3575e67
1642777,1611661320,Monique Akoa Makani,Monique Akoa Makani,1642777,LAS,36711.9,28,612,-94,1204,1220,323.0,296.0,125.0,2424,23.0,32.0,1.0,1.0,6.0,9.0,3.0,27.0,17.0,40.0,6.0,12.0,1.0,2.0,1.0,3.0,22.0,60.0,2.0,5.0,4.0,13.0,43.0,99.0,28.0,72.0,47.0,217.0,1286,3.0,7.0,3.0,7.0,2.0,17.0,13.0,24.0,5.0,16.0,18.0,59.0,62.0,24.0,66.0,18.0,2.0,60.0,22.0,8.0,1.0,48.0,17.0,65.0,12.0,5.0,22.0,22.0,4.0,147.0,2.0,3.0,,22.0,22.0,1.0,45.0,5.0,50.0,3.0,27.0,12.0,15.0,35.0,8.0,27.0,21.0,,8.0,,1.0,56.0,3.0,14.0,25.0,81.0,,1.0,10.0,51.0,,1.0,8.0,56.0,2.0,,15.0,2.0,11.0,5.0,3.0,1.0,1.0,2.0,4.0,8.0,3.0,,200.0,59.0,323.0,14.0,11.0,2.0,24.0,1.0,26.0,6.0,16.0,7.0,,99.00332225913623,105.40983606557377,0.7209302325581395,0.7380952380952381,0.7857142857142857,0.3888888888888889,0.42857142857142855,0.3125,0.3888888888888889,0.43434343434343436,0.42857142857142855,0.5416666666666666,0.49707602339181284,0.5357142857142857,0.5125,0.550761421319797,0.5666666666666667,0.5673076923076923,0.42105263157894735,0.013888888888888888,0.08080808080808081,0.125,0.14814814814814814,0.016666666666666666,18.76854599406528,0.625,0.03571428571428571,,0.0728476821192053,0.009375,0.08333333333333333,0.008928571428571428,0.07773851590106007,0.009191176470588236,,0.018072289156626505,0.012578616352201259,,0.05405405405405406,0.08536585365853659,0.0625,0.08490566037735849,0.07692307692307693,0.034482758620689655,0.375,0.1871345029239766,0.71875,0.8214285714285714,0.7391304347826086,0.15789473684210525,0.1111111111111111,0.13043478260869565,1.0,0.23391812865497075,0.425,0.425,0.6470588235294118,0.07017543859649122,0.5,0.5,0.8333333333333334,0.3508771929824561,0.36666666666666664,0.3728813559322034,0.7727272727272727,0.07142857142857142,1.0,,0.14285714285714285,0.5,1.0,0.35714285714285715,0.4,0.5,0.225,0.6666666666666666,0.075,0.3333333333333333,0.325,0.3076923076923077,0.6081871345029239,0.36666666666666664,0.49480558823529414,0.45967857142857144,0.4765628205128205,0.0913978494623656,0.13392857142857142,0.02702702702702703,0.07834101382488479,0.271889400921659,10.1010101010101,24.92638888888889,,0.3333333333333333,0.21739130434782608,0.25,0.26827242524916944,player_totals,wnba,2026,Regular Season,/get-totals/wnba,"{""Season"": ""2026"", ""SeasonType"": ""Regular Season"", ""Type"": ""Player""}",20260921T185714Z,2026-09-21T18:57:18+00:00,197b2bfb88cf82e38e4c66dc88adbe2b99442154f235dc679792833dbca2fade,,,,,4.0,,,,,,,"[""single_row_table_data"", ""multi_row_table_data""]",{},1642777,Monique Akoa Makani,player_totals,2026-09-21T18:57:21+00:00,20260921T185714Z,772c06c3a6a12a9740da74b0f74263bbcd7c1f7fbbce23f2c7cb86aa1025f171
1642800,1611661332,Aneesah Morrow,Aneesah Morrow,1642800,TOR,35954.4,27,599,-149,1219,1220,358.0,462.0,182.0,2439,62.0,106.0,22.0,34.0,16.0,27.0,17.0,53.0,12.0,27.0,,8.0,,2.0,,3.0,23.0,76.0,3.0,6.0,4.0,15.0,91.0,186.0,23.0,84.0,45.0,296.0,1395,30.0,49.0,3.0,8.0,10.0,79.0,21.0,45.0,4.0,18.0,16.0,70.0,94.0,88.0,66.0,3.0,46.0,76.0,23.0,21.0,2.0,24.0,15.0,39.0,11.0,4.0,18.0,3.0,3.0,93.0,22.0,45.0,2.0,62.0,72.0,21.0,155.0,69.0,224.0,10.0,24.0,13.0,11.0,26.0,,15.0,16.0,5.0,11.0,,3.0,42.0,4.0,12.0,21.0,59.0,,7.0,5.0,65.0,,7.0,6.0,70.0,12.0,,33.0,1.0,7.0,12.0,1.0,,6.0,1.0,6.0,13.0,7.0,1.0,217.0,70.0,356.0,8.0,7.0,,17.0,,19.0,3.0,31.0,6.0,,102.21493027071371,114.34426229508198,0.5164835164835165,0.6911764705882353,0.9565217391304348,0.27380952380952384,0.375,0.2222222222222222,0.27380952380952384,0.489247311827957,0.6122448979591837,0.4666666666666667,0.4648148148148148,0.6052631578947368,0.42857142857142855,0.49498327759197325,0.626984126984127,0.4605263157894737,0.3111111111111111,0.023809523809523808,0.11290322580645161,0.10377358490566038,0.18867924528301888,0.02631578947368421,23.726448011165388,0.6190476190476191,0.4666666666666667,0.045454545454545456,0.26181818181818184,0.1226158038147139,0.2672413793103448,0.0944206008583691,0.26429980276134124,0.11166666666666666,0.176,0.07975460122699386,0.07446808510638298,0.17777777777777778,0.22058823529411764,0.2830188679245283,0.36363636363636365,0.30386740331491713,0.13725490196078433,0.07633587786259542,0.5384615384615384,0.3925925925925926,0.5849056603773585,0.6526315789473685,0.46774193548387094,0.1962962962962963,0.32075471698113206,0.3953488372093023,0.5294117647058824,0.1,0.4444444444444444,0.4444444444444444,0.75,0.02962962962962963,,,,0.2814814814814815,0.3026315789473684,0.3108108108108108,0.9565217391304348,0.5964912280701754,0.6470588235294118,0.13636363636363635,0.03508771929824561,,,0.10526315789473684,0.5,1.0,0.42857142857142855,0.5925925925925926,0.047619047619047616,,0.23809523809523808,0.26666666666666666,0.7037037037037037,0.3026315789473684,0.5263336431226766,0.5586488888888889,0.5222927419354839,0.11643835616438356,0.15942028985507245,0.011764705882352941,0.2668918918918919,0.23648648648648649,5.539247311827957,24.947619047619046,0.4186046511627907,0.2222222222222222,0.2,0.15254237288135594,0.2936833470057424,player_totals,wnba,2026,Regular Season,/get-totals/wnba,"{""Season"": ""2026"", ""SeasonType"": ""Regular Season"", ""Type"": ""Player""}",20260921T185714Z,2026-09-21T18:57:18+00:00,f88e8972c7965748e544c5d761fb43a37063748b08e692ecaded045e79ea6bfa,,,0.12658227848101267,,,,,,,,,"[""single_row_table_data"", ""multi_row_table_data""]",{},1642800,Aneesah Morrow,player_totals,2026-09-21T18:57:21+00:00,20260921T185714Z,5291e30aa474d92c34e237272ccb2bab63183c72cf52d7c523df838aa74af437
203822,1611661313,Rebekah Gardner,Rebekah Gardner,203822,NYL,35770.1,40,596,34,1189,1214,408.0,369.0,151.0,2403,54.0,78.0,7.0,13.0,12.0,24.0,13.0,33.0,,2.0,7.0,22.0,1.0,3.0,1.0,4.0,4.0,22.0,1.0,3.0,2.0,12.0,67.0,113.0,11.0,44.0,40.0,207.0,1266,10.0,19.0,2.0,6.0,9.0,35.0,18.0,34.0,3.0,16.0,24.0,69.0,90.0,44.0,30.0,3.0,12.0,22.0,4.0,11.0,,27.0,23.0,50.0,16.0,7.0,12.0,14.0,1.0,123.0,29.0,9.0,,20.0,37.0,3.0,60.0,38.0,98.0,4.0,21.0,17.0,4.0,14.0,2.0,9.0,11.0,2.0,5.0,,2.0,25.0,1.0,8.0,29.0,66.0,,6.0,2.0,41.0,,4.0,4.0,43.0,2.0,,11.0,,12.0,5.0,3.0,3.0,2.0,,3.0,8.0,5.0,,172.0,69.0,406.0,10.0,9.0,2.0,19.0,,15.0,2.0,9.0,3.0,,109.33557611438182,104.2833607907743,0.6716417910447762,0.7377049180327869,0.9090909090909091,0.25,0.3333333333333333,0.1875,0.25,0.5929203539823009,0.5263157894736842,0.5294117647058824,0.5318471337579618,0.52,0.45,0.5814606741573034,0.603448275862069,0.5476190476190477,0.2802547770700637,,0.09734513274336283,0.0641025641025641,0.18181818181818182,,14.703730797366497,0.56,0.06521739130434782,,0.10818713450292397,0.03260869565217391,0.08163265306122448,0.10661764705882353,0.09710391822827939,0.06934306569343066,0.021505376344086023,0.0392156862745098,0.11764705882352941,0.07352941176470588,0.11428571428571428,0.11875,0.07792207792207792,0.06914893617021277,0.12280701754385964,0.058823529411764705,0.625,0.4968152866242038,0.6923076923076923,0.7397260273972602,0.6666666666666666,0.21019108280254778,0.3939393939393939,0.48148148148148145,0.6923076923076923,0.012738853503184714,,,,0.14012738853503184,0.3181818181818182,0.3181818181818182,1.0,0.14012738853503184,0.18181818181818182,0.18181818181818182,0.75,0.52,0.5384615384615384,0.2857142857142857,0.12,0.3333333333333333,1.0,0.12,0.3333333333333333,1.0,0.48,0.5,0.08,0.25,0.24,0.16666666666666666,0.7770700636942676,0.18181818181818182,0.5601904458598727,0.5585863636363636,0.544538,0.06626506024096386,0.09016393442622951,,0.16908212560386474,0.3333333333333333,3.5707964601769913,24.363636363636363,0.2916666666666667,0.3,0.5,0.36363636363636365,0.34314550042052144,player_totals,wnba,2026,Regular Season,/get-totals/wnba,"{""Season"": ""2026"", ""SeasonType"": ""Regular Season"", ""Type"": ""Player""}",20260921T185714Z,2026-09-21T18:57:18+00:00,7cfa54757905942690dc75cb51a5b60b2956bfaca47ac7f02835b75f3870c139,,,0.03333333333333333,,,,,,,,,"[""single_row_table_data"", ""multi_row_table_data""]",{},203822,Rebekah Gardner,player_totals,2026-09-21T18:57:21+00:00,20260921T185714Z,bcf02797667e1b32563c0a2ca42caedb911e6824a5f50ae4741e7d911b83df08
1642287,1611661320,Cameron Brink,Cameron Brink,1642287,LAS,35697.8,31,595,-43,1220,1229,444.0,391.0,136.0,2449,44.0,70.0,12.0,15.0,18.0,28.0,28.0,55.0,2.0,6.0,11.0,31.0,1.0,3.0,1.0,7.0,17.0,58.0,,2.0,7.0,23.0,74.0,131.0,28.0,89.0,64.0,296.0,1339,17.0,22.0,1.0,5.0,15.0,52.0,23.0,40.0,8.0,30.0,34.0,104.0,108.0,40.0,84.0,,22.0,58.0,17.0,18.0,2.0,27.0,19.0,46.0,17.0,2.0,17.0,8.0,2.0,111.0,19.0,24.0,2.0,39.0,58.0,13.0,110.0,45.0,155.0,3.0,20.0,14.0,6.0,25.0,6.0,16.0,50.0,3.0,9.0,4.0,2.0,75.0,5.0,20.0,44.0,111.0,4.0,16.0,29.0,96.0,1.0,9.0,5.0,83.0,8.0,,30.0,1.0,15.0,52.0,3.0,3.0,16.0,,33.0,55.0,30.0,,244.0,104.0,444.0,13.0,15.0,10.0,51.0,,29.0,19.0,42.0,10.0,,106.22950819672131,108.95036615134256,0.7297297297297297,0.8571428571428571,1.0,0.3146067415730337,0.2,0.26666666666666666,0.3146067415730337,0.5648854961832062,0.7727272727272727,0.575,0.5272727272727272,0.6851851851851852,0.5,0.5758754863813229,0.7027027027027027,0.5652173913043478,0.40454545454545454,0.02247191011235955,0.13740458015267176,0.15714285714285714,0.10909090909090909,0.034482758620689655,24.127906976744185,0.3333333333333333,0.325,0.044444444444444446,0.19205298013245034,0.08955223880597014,0.14285714285714285,0.07569721115537849,0.16869565217391305,0.08285163776493257,0.061855670103092786,0.11888111888111888,0.08205128205128205,0.05357142857142857,0.20454545454545456,0.19205298013245034,0.1746031746031746,0.15121951219512195,0.11764705882352941,0.03125,0.5454545454545454,0.3181818181818182,0.6285714285714286,0.7457627118644068,0.6818181818181818,0.25,0.509090909090909,0.5714285714285714,0.7857142857142857,0.02727272727272727,0.3333333333333333,0.4,1.0,0.1409090909090909,0.3548387096774194,0.3548387096774194,1.0,0.2636363636363636,0.29310344827586204,0.30357142857142855,1.0,0.5555555555555556,0.8,0.25,0.1111111111111111,0.3333333333333333,1.0,0.07407407407407407,,,0.4,0.6428571428571429,0.1,0.14285714285714285,0.32857142857142857,0.30434782608695654,0.7227272727272728,0.29310344827586204,0.5178038812785388,0.5140717391304348,0.5261659420289855,0.128099173553719,0.19607843137254902,0.011235955056179775,0.17567567567567569,0.35135135135135137,5.0,24.78202247191011,0.3076923076923077,0.2222222222222222,,0.23728813559322035,0.3639344262295082,player_totals,wnba,2026,Regular Season,/get-totals/wnba,"{""Season"": ""2026"", ""SeasonType"": ""Regular Season"", ""Type"": ""Player""}",20260921T185714Z,2026-09-21T18:57:18+00:00,80e6ea6b030ff49fb8de6cd459c8022b1b0db1834c6c7cbb107aa823d6322405,1.0,0.16666666666666666,0.03571428571428571,3.0,,,,,,,,"[""single_row_table_data"", ""multi_row_table_data""]",{},1642287,Cameron Brink,player_totals,2026-09-21T18:57:21+00:00,20260921T185714Z,d9cf7227c989fc5e50e84c364c267af63f1467efa242fafad4152140ede09281
1643494,1611661327,Frieda Buhner,Frieda Buhner,1643494,PDX,35138.7,38,586,-113,1145,1158,243.0,288.0,144.0,2303,28.0,45.0,6.0,8.0,7.0,12.0,19.0,46.0,1.0,3.0,7.0,24.0,,2.0,1.0,5.0,27.0,71.0,4.0,5.0,6.0,17.0,48.0,94.0,34.0,95.0,42.0,240.0,1328,9.0,16.0,4.0,7.0,7.0,37.0,14.0,27.0,7.0,22.0,8.0,57.0,78.0,18.0,102.0,,10.0,71.0,27.0,23.0,4.0,14.0,15.0,29.0,11.0,4.0,9.0,4.0,1.0,73.0,13.0,13.0,1.0,15.0,33.0,5.0,53.0,27.0,80.0,2.0,13.0,9.0,4.0,21.0,3.0,12.0,13.0,3.0,9.0,2.0,1.0,34.0,3.0,9.0,32.0,63.0,,6.0,3.0,36.0,,4.0,1.0,48.0,5.0,,22.0,1.0,4.0,2.0,,,1.0,,1.0,2.0,1.0,,203.0,57.0,243.0,1.0,4.0,,16.0,2.0,13.0,2.0,6.0,7.0,,106.11353711790393,114.68048359240069,0.8125,0.9069767441860465,1.0,0.35789473684210527,0.5714285714285714,0.3181818181818182,0.35789473684210527,0.5106382978723404,0.5625,0.5185185185185185,0.5238095238095238,0.6521739130434783,0.5,0.5714285714285714,0.6607142857142857,0.5277777777777778,0.5026455026455027,0.042105263157894736,0.24468085106382978,0.17777777777777778,0.32608695652173914,0.028169014084507043,18.597560975609756,0.6176470588235294,0.14705882352941177,0.045454545454545456,0.11538461538461539,0.053497942386831275,0.06818181818181818,0.048327137546468404,0.09486166007905138,0.05078125,0.04807692307692308,0.049586776859504134,0.03902439024390244,0.078125,0.14285714285714285,0.09090909090909091,0.13333333333333333,0.0783132530120482,0.037037037037037035,0.025,0.5,0.23809523809523808,0.6222222222222222,0.7567567567567568,0.7857142857142857,0.24338624338624337,0.41304347826086957,0.6129032258064516,0.8421052631578947,0.015873015873015872,0.3333333333333333,0.3333333333333333,1.0,0.12698412698412698,0.2916666666666667,0.3181818181818182,1.0,0.37566137566137564,0.38028169014084506,0.391304347826087,1.0,0.34782608695652173,0.75,0.3333333333333333,0.08695652173913043,,,0.21739130434782608,0.8,1.0,0.24489795918367346,0.5833333333333334,0.10204081632653061,0.2,0.3469387755102041,0.35294117647058826,0.7407407407407407,0.38028169014084506,0.5182156084656084,0.5203590909090909,0.5044214285714286,0.11165048543689321,0.1981981981981982,0.010526315789473684,0.15416666666666667,0.2375,4.596808510638298,24.44421052631579,0.29411764705882354,0.2962962962962963,,0.2833333333333333,0.21222707423580786,player_totals,wnba,2026,Regular Season,/get-totals/wnba,"{""Season"": ""2026"", ""SeasonType"": ""Regular Season"", ""Type"": ""Player""}",20260921T185714Z,2026-09-21T18:57:18+00:00,85599da3880ddaf73168bd11438ebd253744cbc673e7484a7961eef0cba8ed16,1.0,,0.1111111111111111,,,0.08333333333333333,,,,,,"[""single_row_table_data"", ""multi_row_table_data""]",{},1643494,Frieda Buhner,player_totals,2026-09-21T18:57:21+00:00,20260921T185714Z,faf3b44756526815fb09c44b3ca2321a0abb087f4cf40cc9795f8d9a92c565ab
1630471,1611661324,Maya Caldwell,Maya Caldwell,1630471,MIN,35021.3,42,584,67,1145,1168,272.0,322.0,164.0,2313,14.0,33.0,4.0,6.0,6.0,10.0,8.0,25.0,7.0,20.0,8.0,21.0,,,2.0,5.0,21.0,57.0,5.0,9.0,4.0,12.0,29.0,78.0,29.0,78.0,22.0,167.0,1173,7.0,11.0,5.0,9.0,2.0,31.0,8.0,20.0,6.0,17.0,10.0,44.0,34.0,24.0,81.0,6.0,10.0,57.0,21.0,6.0,1.0,30.0,14.0,44.0,10.0,4.0,21.0,5.0,4.0,102.0,17.0,17.0,2.0,28.0,31.0,,59.0,36.0,95.0,4.0,28.0,16.0,12.0,15.0,6.0,12.0,15.0,1.0,3.0,,4.0,30.0,2.0,8.0,19.0,57.0,,5.0,2.0,31.0,,2.0,9.0,27.0,1.0,1.0,10.0,,3.0,7.0,,,2.0,,4.0,7.0,4.0,,136.0,44.0,272.0,5.0,3.0,,3.0,,12.0,,,,,108.29694323144105,100.42808219178083,0.5862068965517241,0.7083333333333334,0.9310344827586207,0.3717948717948718,0.5555555555555556,0.35294117647058826,0.3717948717948718,0.3717948717948718,0.6363636363636364,0.4,0.46474358974358976,0.725,0.4594594594594595,0.49404761904761907,0.7380952380952381,0.5119047619047619,0.5,0.01282051282051282,0.07692307692307693,0.12121212121212122,0.08,0.017543859649122806,14.831460674157304,0.5,,0.08333333333333333,0.10954063604240283,0.05448717948717949,0.10144927536231885,0.07834101382488479,0.10554561717352415,0.06427221172022685,0.01818181818181818,0.07692307692307693,0.06707317073170732,0.11320754716981132,0.12037037037037036,0.10483870967741936,0.09803921568627451,0.10476190476190476,0.09090909090909091,0.045454545454545456,0.5714285714285714,0.21153846153846154,0.42424242424242425,0.4827586206896552,0.42857142857142855,0.16025641025641027,0.32,0.34782608695652173,0.875,0.1282051282051282,0.35,0.35,0.5714285714285714,0.1346153846153846,0.38095238095238093,0.38095238095238093,1.0,0.36538461538461536,0.3684210526315789,0.375,0.9047619047619048,0.3,0.6666666666666666,,,,,0.45,0.5555555555555556,0.8,0.2702702702702703,0.6,0.13513513513513514,0.4,0.32432432432432434,0.3333333333333333,0.7115384615384616,0.3684210526315789,0.5063187096774193,0.535615625,0.4956472972972973,0.06060606060606061,0.11494252873563218,,0.18562874251497005,0.2634730538922156,8.10897435897436,24.77820512820513,0.3333333333333333,0.4117647058823529,0.3076923076923077,0.14893617021276595,0.23755458515283842,player_totals,wnba,2026,Regular Season,/get-totals/wnba,"{""Season"": ""2026"", ""SeasonType"": ""Regular Season"", ""Type"": ""Player""}",20260921T185714Z,2026-09-21T18:57:18+00:00,0ee7342593cf0af48437015399bde880bc0ba8f7fb4fee64bb86bd8681a34ec8,,,0.07058823529411765,1.0,,,,,,,,"[""single_row_table_data"", ""multi_row_table_data""]",{},1630471,Maya Caldwell,player_totals,2026-09-21T18:57:21+00:00,20260921T185714Z,9d11105a88df4caa25a3f9cd59f92e6a7bc67d9dd313edb52f2a17134deadd0d
1629566,1611661313,Han Xu,Han Xu,1629566,NYL,34832.7,42,581,95,1161,1170,448.0,389.0,151.0,2331,41.0,56.0,15.0,18.0,14.0,17.0,22.0,46.0,1.0,6.0,7.0,17.0,,,4.0,7.0,29.0,71.0,4.0,7.0,8.0,27.0,64.0,108.0,36.0,88.0,28.0,264.0,1207,17.0,23.0,4.0,7.0,9.0,55.0,21.0,31.0,12.0,34.0,15.0,93.0,88.0,40.0,108.0,,24.0,71.0,29.0,3.0,1.0,18.0,12.0,30.0,10.0,2.0,11.0,5.0,2.0,72.0,16.0,13.0,3.0,20.0,41.0,12.0,73.0,32.0,105.0,7.0,13.0,9.0,4.0,8.0,2.0,6.0,11.0,1.0,2.0,1.0,1.0,19.0,4.0,5.0,23.0,40.0,,2.0,5.0,26.0,,4.0,,33.0,5.0,,15.0,,4.0,26.0,1.0,1.0,15.0,,11.0,27.0,17.0,1.0,209.0,93.0,447.0,3.0,4.0,5.0,11.0,1.0,5.0,,9.0,1.0,2.0,112.14470284237727,103.16239316239317,0.6875,0.8461538461538461,1.0,0.4090909090909091,0.5714285714285714,0.35294117647058826,0.4090909090909091,0.5925925925925926,0.7391304347826086,0.6774193548387096,0.6020408163265306,0.7666666666666667,0.6,0.6285714285714286,0.7857142857142857,0.6283783783783784,0.4489795918367347,0.011363636363636364,0.027777777777777776,0.03571428571428571,0.021739130434782608,0.014084507042253521,17.26998491704374,0.42105263157894735,0.25,0.13043478260869565,0.12312312312312312,0.050387596899224806,0.08264462809917356,0.05904059040590406,0.10608695652173913,0.054820415879017016,0.043478260869565216,0.06206896551724138,0.04455445544554455,0.10144927536231885,0.1588785046728972,0.11258278145695365,0.09333333333333334,0.09278350515463918,0.041666666666666664,0.07777777777777778,0.6296296296296297,0.2857142857142857,0.7321428571428571,0.7592592592592593,0.6341463414634146,0.23469387755102042,0.4782608695652174,0.4888888888888889,0.7727272727272727,0.030612244897959183,0.16666666666666666,0.16666666666666666,1.0,0.08673469387755102,0.4117647058823529,0.4117647058823529,1.0,0.3622448979591837,0.4084507042253521,0.4142857142857143,1.0,0.6,0.8333333333333334,0.13333333333333333,,,,0.23333333333333334,0.5714285714285714,1.0,0.26153846153846155,0.8235294117647058,0.1076923076923077,0.5714285714285714,0.4153846153846154,0.2962962962962963,0.7346938775510204,0.4084507042253521,0.5056045918367347,0.5958230769230769,0.49523538461538463,0.07281553398058252,0.1271186440677966,,0.20833333333333334,0.3522727272727273,5.486111111111111,24.50795454545454,0.4,0.375,,0.30612244897959184,0.3858742463393626,player_totals,wnba,2026,Regular Season,/get-totals/wnba,"{""Season"": ""2026"", ""SeasonType"": ""Regular Season"", ""Type"": ""Player""}",20260921T185714Z,2026-09-21T18:57:18+00:00,d729f04a0aa60b9257ea6273f43aee7856f23e69342c6a080d03fdf8d107d166,,,,,2.0,,,,,,,"[""single_row_table_data"", ""multi_row_table_data""]",{},1629566,Han Xu,player_totals,2026-09-21T18:57:21+00:00,20260921T185714Z,71959fce8b7c0b00857af9fb725b6098a2efdc0eec7a7dc3eceb6fe81092a68f
1642290,1611661323,Aaliyah Edwards,Aaliyah Edwards,1642290,CON,34493.2,28,575,-200,1139,1155,323.0,296.0,130.0,2294,68.0,101.0,11.0,21.0,18.0,28.0,20.0,59.0,24.0,49.0,1.0,1.0,,,,,6.0,14.0,,1.0,2.0,4.0,112.0,209.0,7.0,15.0,63.0,308.0,1305,17.0,34.0,,1.0,6.0,40.0,26.0,54.0,2.0,4.0,36.0,94.0,158.0,66.0,21.0,,20.0,14.0,6.0,13.0,,17.0,10.0,27.0,10.0,,6.0,8.0,3.0,64.0,13.0,24.0,1.0,37.0,39.0,9.0,85.0,38.0,123.0,7.0,22.0,17.0,5.0,21.0,5.0,13.0,25.0,3.0,8.0,1.0,4.0,46.0,6.0,12.0,32.0,66.0,1.0,9.0,8.0,94.0,2.0,9.0,6.0,88.0,12.0,,34.0,,16.0,8.0,1.0,1.0,5.0,,3.0,9.0,4.0,,268.0,94.0,322.0,5.0,15.0,,34.0,,39.0,3.0,16.0,,5.0,97.01492537313432,112.98701298701297,0.7053571428571429,0.7745098039215687,1.0,0.4666666666666667,,0.5,0.4666666666666667,0.5358851674641149,0.5,0.48148148148148145,0.546875,0.4857142857142857,0.5,0.5877862595419847,0.5263157894736842,0.5949367088607594,0.06696428571428571,,0.06220095693779904,0.04950495049504951,0.13559322033898305,,23.692307692307693,0.45652173913043476,0.2571428571428571,0.021739130434782608,0.13780918727915195,0.06857142857142857,0.167420814479638,0.07142857142857142,0.15079365079365079,0.06954887218045112,0.09243697478991597,0.052980132450331126,0.06666666666666667,0.09375,0.17142857142857143,0.11888111888111888,0.11428571428571428,0.18452380952380953,0.11320754716981132,0.07608695652173914,0.4444444444444444,0.45089285714285715,0.6732673267326733,0.7083333333333334,0.6470588235294118,0.26339285714285715,0.3389830508474576,0.39215686274509803,0.6,0.21875,0.4897959183673469,0.4897959183673469,0.9583333333333334,0.004464285714285714,1.0,1.0,1.0,0.0625,0.42857142857142855,0.42857142857142855,1.0,0.6,0.5238095238095238,0.18181818181818182,,,,0.02857142857142857,,,0.4827586206896552,0.6428571428571429,,,0.06896551724137931,0.5,0.5178571428571429,0.42857142857142855,0.49486763392857147,0.5262125,0.4909905172413793,0.13821138211382114,0.1471861471861472,,0.12987012987012986,0.3051948051948052,7.298564593301436,24.626666666666665,0.36363636363636365,0.23076923076923078,0.12,0.25,0.2835820895522388,player_totals,wnba,2026,Regular Season,/get-totals/wnba,"{""Season"": ""2026"", ""SeasonType"": ""Regular Season"", ""Type"": ""Player""}",20260921T185714Z,2026-09-21T18:57:18+00:00,3ab748e95084646659437a3e6c1fa3803bc12eb386bf13dc540759f7fb891a5d,,,0.0625,,,,,,,,,"[""single_row_table_data"", ""multi_row_table_data""]",{},1642290,Aaliyah Edwards,player_totals,2026-09-21T18:57:21+00:00,20260921T185714Z,0f13fc1502ef52ccf4eb676b4c90e0209ec6aaadc6badbee1a5ef85975d7b151
1631055,1611661332,Nyara Sabally,Nyara Sabally,1631055,TOR,34388.600000000006,24,573,-82,1132,1151,273.0,290.0,130.0,2283,66.0,102.0,16.0,25.0,19.0,26.0,17.0,43.0,5.0,9.0,6.0,17.0,1.0,3.0,3.0,4.0,14.0,34.0,,5.0,2.0,5.0,88.0,154.0,20.0,51.0,59.0,295.0,1309,20.0,31.0,1.0,8.0,10.0,53.0,24.0,37.0,5.0,9.0,16.0,79.0,118.0,58.0,57.0,3.0,18.0,34.0,14.0,16.0,1.0,22.0,19.0,41.0,14.0,5.0,13.0,7.0,2.0,101.0,12.0,29.0,2.0,36.0,45.0,2.0,83.0,43.0,126.0,7.0,24.0,15.0,9.0,20.0,2.0,12.0,18.0,1.0,8.0,,5.0,38.0,1.0,11.0,42.0,65.0,1.0,,7.0,73.0,,7.0,3.0,82.0,8.0,,41.0,,4.0,21.0,,,14.0,,7.0,21.0,16.0,,242.0,79.0,271.0,3.0,4.0,3.0,27.0,,16.0,8.0,12.0,9.0,2.0,108.39222614840989,113.72719374456995,0.6704545454545454,0.7468354430379747,0.95,0.39215686274509803,0.125,0.5555555555555556,0.39215686274509803,0.5714285714285714,0.6451612903225806,0.6486486486486487,0.5756097560975609,0.5512820512820513,0.6847826086956522,0.609504132231405,0.5888888888888889,0.7053571428571429,0.24878048780487805,0.0196078431372549,0.1038961038961039,0.08823529411764706,0.16279069767441862,,21.722265321955003,0.5263157894736842,0.06060606060606061,0.08333333333333333,0.16853932584269662,0.10661764705882353,0.14007782101167315,0.04838709677419355,0.15458015267175573,0.07884615384615384,0.10909090909090909,0.1206896551724138,0.04639175257731959,0.05555555555555555,0.17592592592592593,0.16806722689075632,0.15,0.11578947368421053,0.208955223880597,0.0875,0.7619047619047619,0.4975609756097561,0.6470588235294118,0.7096774193548387,0.6515151515151515,0.2097560975609756,0.3953488372093023,0.4722222222222222,0.6470588235294118,0.04390243902439024,0.5555555555555556,0.5555555555555556,1.0,0.08292682926829269,0.35294117647058826,0.375,1.0,0.16585365853658537,0.4117647058823529,0.4117647058823529,0.9285714285714286,0.6410256410256411,0.64,0.5,0.07692307692307693,0.3333333333333333,1.0,0.1282051282051282,,,0.5652173913043478,0.7307692307692307,0.08695652173913043,0.75,0.10869565217391304,0.4,0.7463414634146341,0.4117647058823529,0.5454843902439024,0.5889640625,0.5491739130434783,0.1722689075630252,0.2192513368983957,,0.17966101694915254,0.2677966101694915,4.380519480519481,24.34313725490196,0.3055555555555556,0.34615384615384615,0.25,0.2903225806451613,0.2411660777385159,player_totals,wnba,2026,Regular Season,/get-totals/wnba,"{""Season"": ""2026"", ""SeasonType"": ""Regular Season"", ""Type"": ""Player""}",20260921T185714Z,2026-09-21T18:57:18+00:00,6500590368172dc48ef591e5b60ed737ce076e3d8e6e97f0243e30ee15695fc4,,,0.06521739130434782,,,0.058823529411764705,,,,,,"[""single_row_table_data"", ""multi_row_table_data""]",{},1631055,Nyara Sabally,player_totals,2026-09-21T18:57:21+00:00,20260921T185714Z,4f0b18b4946184433ad3e1615bd2edfd089712d2deade04e82dc42aaa8beddc7
1629501,1611661321,Alanna Smith,Alanna Smith,1629501,DAL,34338.8,32,572,-10,1116,1119,210.0,230.0,154.0,2235,43.0,62.0,3.0,7.0,6.0,7.0,10.0,23.0,4.0,10.0,2.0,12.0,1.0,3.0,1.0,2.0,16.0,57.0,2.0,5.0,3.0,9.0,57.0,95.0,18.0,69.0,25.0,193.0,1214,6.0,12.0,3.0,8.0,2.0,23.0,8.0,10.0,4.0,11.0,6.0,34.0,102.0,12.0,54.0,,4.0,57.0,16.0,7.0,1.0,17.0,16.0,33.0,11.0,5.0,9.0,5.0,3.0,82.0,17.0,19.0,,36.0,52.0,2.0,90.0,36.0,126.0,4.0,23.0,16.0,7.0,18.0,6.0,12.0,20.0,2.0,6.0,1.0,1.0,38.0,6.0,5.0,38.0,76.0,,5.0,10.0,55.0,3.0,11.0,4.0,37.0,6.0,,17.0,1.0,3.0,14.0,1.0,1.0,9.0,,4.0,15.0,11.0,,170.0,34.0,208.0,5.0,3.0,3.0,31.0,4.0,28.0,2.0,27.0,6.0,,107.8853046594982,108.48972296693476,0.8947368421052632,0.9272727272727272,1.0,0.2608695652173913,0.375,0.36363636363636365,0.2608695652173913,0.6,0.5,0.8,0.5121951219512195,0.525,0.6666666666666666,0.5391061452513967,0.5476190476190477,0.68,0.42073170731707316,0.014492753623188406,0.07368421052631578,0.06451612903225806,0.08695652173913043,0.017543859649122806,16.83475562451513,0.47368421052631576,0.07692307692307693,,0.17687074829931973,0.06168831168831169,0.1565217391304348,0.07589285714285714,0.16793893129770993,0.06766917293233082,0.07954545454545454,0.03821656050955414,0.08235294117647059,0.05555555555555555,0.15789473684210525,0.1793103448275862,0.2037037037037037,0.1711229946524064,0.09302325581395349,0.05,0.7333333333333333,0.3780487804878049,0.6935483870967742,0.7413793103448276,0.8604651162790697,0.1402439024390244,0.43478260869565216,0.47619047619047616,1.0,0.06097560975609756,0.4,0.4444444444444444,1.0,0.07317073170731707,0.16666666666666666,0.16666666666666666,1.0,0.3475609756097561,0.2807017543859649,0.2857142857142857,1.0,0.35,0.42857142857142855,0.3333333333333333,0.15,0.3333333333333333,1.0,0.25,0.4,1.0,0.3333333333333333,0.8571428571428571,0.09523809523809523,0.5,0.42857142857142855,0.3333333333333333,0.7987804878048781,0.2807017543859649,0.5381080246913581,0.5579038461538461,0.5146684210526317,0.10227272727272728,0.16037735849056603,0.014285714285714285,0.11917098445595854,0.17616580310880828,4.688421052631579,25.7,0.21052631578947367,0.46153846153846156,0.2,0.24,0.1881720430107527,player_totals,wnba,2026,Regular Season,/get-totals/wnba,"{""Season"": ""2026"", ""SeasonType"": ""Regular Season"", ""Type"": ""Player""}",20260921T185714Z,2026-09-21T18:57:18+00:00,e635f70a57b879c1d2151815ddef5455392741b532ab768169a971bf2d4b3bdb,,0.1,0.09523809523809523,1.0,,,,,,,,"[""single_row_table_data"", ""multi_row_table_data""]",{},1629501,Alanna Smith,player_totals,2026-09-21T18:57:21+00:00,20260921T185714Z,accf0ecc25ee6a53b89314f53e6406c5c08a80f22e75d22699074a2bef7e966e
1641652,1611661321,Maddy Siegrist,Maddy Siegrist,1641652,DAL,33690.1,39,562,92,1118,1128,236.0,318.0,158.0,2246,36.0,51.0,17.0,23.0,9.0,13.0,23.0,59.0,7.0,15.0,6.0,15.0,,,4.0,4.0,25.0,61.0,,3.0,3.0,7.0,66.0,125.0,31.0,76.0,23.0,248.0,1205,24.0,35.0,,3.0,12.0,60.0,15.0,26.0,7.0,11.0,10.0,61.0,94.0,38.0,93.0,,20.0,61.0,25.0,9.0,1.0,24.0,11.0,35.0,10.0,1.0,13.0,6.0,5.0,81.0,8.0,23.0,2.0,22.0,41.0,7.0,70.0,33.0,103.0,10.0,16.0,11.0,5.0,3.0,2.0,3.0,8.0,1.0,,,2.0,11.0,,3.0,29.0,67.0,,7.0,2.0,23.0,,2.0,2.0,27.0,3.0,,12.0,,3.0,15.0,,,9.0,,5.0,15.0,6.0,,188.0,61.0,235.0,8.0,3.0,1.0,18.0,2.0,8.0,,,,,116.01073345259393,106.82624113475178,0.7121212121212122,0.8392857142857143,1.0,0.40789473684210525,,0.6363636363636364,0.40789473684210525,0.528,0.6857142857142857,0.5769230769230769,0.5597014925373134,0.631578947368421,0.6891891891891891,0.5821596244131455,0.6818181818181818,0.7093023255813954,0.3781094527363184,0.013157894736842105,0.072,0.0784313725490196,0.06779661016949153,,17.164750957854405,0.2727272727272727,0.25,0.058823529411764705,0.14285714285714285,0.07348242811501597,0.09649122807017543,0.036036036036036036,0.12233009708737864,0.05794392523364486,0.07352941176470588,0.06936416184971098,0.03977272727272727,0.021739130434782608,0.15,0.1476510067114094,0.1206896551724138,0.09375,0.1111111111111111,0.10869565217391304,0.4,0.2537313432835821,0.7058823529411765,0.7659574468085106,0.6944444444444444,0.2935323383084577,0.3898305084745763,0.41818181818181815,0.7391304347826086,0.07462686567164178,0.4666666666666667,0.5,0.7142857142857143,0.07462686567164178,0.4,0.42857142857142855,1.0,0.3034825870646766,0.4098360655737705,0.4098360655737705,1.0,0.6052631578947368,0.7391304347826086,0.4117647058823529,,,,0.07894736842105263,,,0.35135135135135137,0.6923076923076923,0.10810810810810811,1.0,0.1891891891891892,0.42857142857142855,0.6318407960199005,0.4098360655737705,0.4937014925373134,0.5391517241379311,0.47516756756756756,0.05714285714285714,0.08955223880597014,,0.24193548387096775,0.24596774193548387,6.8904,24.919736842105266,0.6,0.45714285714285713,0.375,0.3181818181818182,0.2110912343470483,player_totals,wnba,2026,Regular Season,/get-totals/wnba,"{""Season"": ""2026"", ""SeasonType"": ""Regular Season"", ""Type"": ""Player""}",20260921T185714Z,2026-09-21T18:57:18+00:00,a95be17748d772a608874ee7706cb7d811b90e9e5e0e759e8c1c95241465469f,,0.06666666666666667,0.08333333333333333,1.0,,0.06666666666666667,,,,,,"[""single_row_table_data"", ""multi_row_table_data""]",{},1641652,Maddy Siegrist,player_totals,2026-09-21T18:57:21+00:00,20260921T185714Z,62ee430c89368a33d6179bd15e7dd1d6a9c3d6714587cf505d02a04a7f75bc78
1628915,1611661332,Kia Nurse,Kia Nurse,1628915,TOR,33551.0,41,559,-196,1124,1135,406.0,387.0,140.0,2259,10.0,19.0,,,5.0,6.0,3.0,18.0,7.0,14.0,13.0,34.0,,3.0,3.0,12.0,31.0,102.0,3.0,17.0,8.0,28.0,20.0,51.0,44.0,136.0,46.0,218.0,1334,,4.0,3.0,20.0,8.0,17.0,11.0,20.0,11.0,40.0,28.0,83.0,32.0,8.0,123.0,9.0,,102.0,31.0,7.0,1.0,27.0,14.0,41.0,11.0,3.0,10.0,14.0,3.0,96.0,6.0,3.0,,19.0,13.0,5.0,37.0,9.0,46.0,2.0,14.0,11.0,3.0,8.0,,5.0,12.0,1.0,3.0,,2.0,20.0,1.0,9.0,24.0,53.0,,3.0,9.0,51.0,3.0,3.0,6.0,52.0,2.0,3.0,17.0,,8.0,,,,,,,,,,201.0,83.0,406.0,6.0,8.0,,16.0,,1.0,,2.0,,,101.24555160142349,117.5330396475771,0.8,0.8,0.9318181818181818,0.3235294117647059,0.15,0.275,0.3235294117647059,0.39215686274509803,,0.55,0.45989304812834225,0.1875,0.4583333333333333,0.5119047619047619,0.27586206896551724,0.5540540540540541,0.7272727272727273,0.007352941176470588,0.13725490196078433,0.10526315789473684,0.2777777777777778,0.00980392156862745,17.80185758513932,0.4,0.15151515151515152,,0.04868913857677903,0.011363636363636364,0.07251908396946564,0.021352313167259787,0.06049149338374291,0.01651376146788991,0.01639344262295082,,0.021929824561403508,0.018867924528301886,0.04918032786885246,0.05555555555555555,0.02702702702702703,0.06030150753768844,0.1111111111111111,0.017543859649122806,,0.10160427807486631,0.5263157894736842,0.5882352941176471,0.9,0.0962566844919786,0.16666666666666666,0.23076923076923078,0.3333333333333333,0.0748663101604278,0.5,0.5,0.8571428571428571,0.18181818181818182,0.38235294117647056,0.38235294117647056,1.0,0.5454545454545454,0.30392156862745096,0.3069306930693069,0.9032258064516129,,,,0.125,,,0.7083333333333334,0.17647058823529413,1.0,0.1,0.8333333333333334,0.2,0.25,0.4666666666666667,0.2857142857142857,0.8288770053475936,0.30392156862745096,0.5154770053475936,0.5454714285714285,0.48656583333333336,0.08415841584158416,0.25757575757575757,,0.0779816513761468,0.38073394495412843,8.619607843137254,24.84779411764706,0.5555555555555556,0.4666666666666667,0.2857142857142857,0.27472527472527475,0.3612099644128114,player_totals,wnba,2026,Regular Season,/get-totals/wnba,"{""Season"": ""2026"", ""SeasonType"": ""Regular Season"", ""Type"": ""Player""}",20260921T185714Z,2026-09-21T18:57:18+00:00,6b94f241dedb18235cc440c7722a34f6166e8f89fcba6202e841324f2c40f9c6,,,0.02127659574468085,,,,,,,,,"[""single_row_table_data"", ""multi_row_table_data""]",{},1628915,Kia Nurse,player_totals,2026-09-21T18:57:21+00:00,20260921T185714Z,b2e0327bd025e6ef0e602d744b2dcd89b7f514dfd54dbc230e19becc70fab0f0
204468,1611661317,Valeriane Ayayi,Valeriane Ayayi,204468,PHX,33442.8,34,557,-71,1118,1137,425.0,357.0,122.0,2255,15.0,30.0,3.0,7.0,7.0,14.0,15.0,34.0,2.0,5.0,4.0,11.0,1.0,2.0,2.0,3.0,15.0,57.0,3.0,5.0,2.0,19.0,32.0,69.0,19.0,68.0,96.0,217.0,1245,4.0,11.0,4.0,7.0,16.0,36.0,14.0,27.0,4.0,22.0,63.0,103.0,28.0,36.0,57.0,,8.0,57.0,15.0,8.0,2.0,32.0,10.0,42.0,8.0,2.0,20.0,9.0,3.0,94.0,9.0,10.0,4.0,32.0,31.0,8.0,71.0,23.0,94.0,3.0,17.0,12.0,5.0,26.0,8.0,18.0,20.0,2.0,8.0,1.0,6.0,46.0,4.0,16.0,30.0,65.0,,4.0,1.0,112.0,,11.0,7.0,117.0,9.0,,27.0,5.0,30.0,8.0,,,5.0,,3.0,8.0,4.0,,181.0,103.0,421.0,9.0,30.0,8.0,26.0,3.0,29.0,,1.0,2.0,,105.00894454382826,109.49868073878629,0.4375,0.5,1.0,0.27941176470588236,0.5714285714285714,0.18181818181818182,0.27941176470588236,0.463768115942029,0.36363636363636365,0.5185185185185185,0.4416058394160584,0.5555555555555556,0.40816326530612246,0.5740740740740741,0.6923076923076923,0.6130952380952381,0.49635036496350365,0.029411764705882353,0.11594202898550725,0.16666666666666666,0.08823529411764706,0.03508771929824561,18.571428571428573,0.5652173913043478,0.25,0.07017543859649122,0.12449799196787148,0.03802281368821293,0.12648221343873517,0.04205607476635514,0.1254980079681275,0.039832285115303984,0.02564102564102564,0.04285714285714286,0.0379746835443038,0.05357142857142857,0.21212121212121213,0.08264462809917356,0.11290322580645161,0.12796208530805686,0.11904761904761904,0.04,0.5,0.21897810218978103,0.5,0.6,0.26666666666666666,0.24817518248175183,0.4411764705882353,0.4838709677419355,0.5333333333333333,0.0364963503649635,0.4,0.4,1.0,0.08029197080291971,0.36363636363636365,0.36363636363636365,1.0,0.41605839416058393,0.2631578947368421,0.2727272727272727,1.0,0.3888888888888889,0.42857142857142855,,0.1111111111111111,0.5,1.0,0.2777777777777778,0.6,1.0,0.2857142857142857,0.5,0.061224489795918366,0.6666666666666666,0.3877551020408163,0.10526315789473684,0.7153284671532847,0.2631578947368421,0.4994632352941177,0.5174884615384616,0.49983854166666664,0.20125786163522014,0.3103448275862069,0.06944444444444445,0.16589861751152074,0.47465437788018433,6.118840579710144,25.316176470588236,0.4666666666666667,0.2222222222222222,,0.2708333333333333,0.38014311270125223,player_totals,wnba,2026,Regular Season,/get-totals/wnba,"{""Season"": ""2026"", ""SeasonType"": ""Regular Season"", ""Type"": ""Player""}",20260921T185714Z,2026-09-21T18:57:18+00:00,a4193ddacb04c5fd3c9ce96fc41ef67f51bb2d9bd550d3b8f1fea4163093bf25,1.0,,0.044444444444444446,,,,,,,,,"[""single_row_table_data"", ""multi_row_table_data""]",{},204468,Valeriane Ayayi,player_totals,2026-09-21T18:57:21+00:00,20260921T185714Z,cf799c3efe92ef0cba782bafe157b7deea99474202fbb9810e00e916d0d00c71
1630142,1611661313,Leonie Fiebich,Leonie Fiebich,1630142,NYL,33287.8,19,555,103,1081,1092,284.0,246.0,112.0,2173,17.0,28.0,2.0,3.0,2.0,3.0,7.0,24.0,1.0,2.0,19.0,39.0,4.0,6.0,3.0,7.0,16.0,42.0,1.0,4.0,4.0,8.0,25.0,54.0,35.0,81.0,28.0,183.0,1121,3.0,6.0,5.0,10.0,5.0,26.0,2.0,8.0,7.0,15.0,12.0,37.0,34.0,16.0,105.0,,6.0,42.0,16.0,7.0,,20.0,18.0,38.0,15.0,3.0,10.0,10.0,,94.0,15.0,7.0,2.0,12.0,20.0,4.0,36.0,24.0,60.0,2.0,23.0,14.0,9.0,12.0,6.0,5.0,22.0,,7.0,1.0,2.0,34.0,5.0,6.0,12.0,47.0,,5.0,11.0,48.0,,9.0,3.0,32.0,4.0,,12.0,,6.0,2.0,,,1.0,,,2.0,2.0,2.0,157.0,37.0,275.0,3.0,6.0,,35.0,5.0,24.0,6.0,33.0,,,113.22849213691026,102.65567765567765,0.68,0.7727272727272727,1.0,0.43209876543209874,0.5,0.4666666666666667,0.43209876543209874,0.46296296296296297,0.5,0.25,0.5740740740740741,0.65625,0.5434782608695652,0.6140939597315436,0.7222222222222222,0.6166666666666667,0.6,,0.12962962962962962,0.10714285714285714,0.16666666666666666,,14.967105263157894,0.35294117647058826,0.10526315789473684,0.09090909090909091,0.06451612903225806,0.03225806451612903,0.05128205128205128,0.061224489795918366,0.058823529411764705,0.047619047619047616,0.04838709677419355,0.028368794326241134,0.06741573033707865,0.04477611940298507,0.06451612903225806,0.07006369426751592,0.05,0.053763440860215055,0.041666666666666664,0.030303030303030304,1.0,0.2074074074074074,0.6071428571428571,0.68,0.7647058823529411,0.17777777777777778,0.2916666666666667,0.35,0.42857142857142855,0.014814814814814815,0.5,0.5,1.0,0.28888888888888886,0.48717948717948717,0.48717948717948717,1.0,0.3111111111111111,0.38095238095238093,0.38095238095238093,1.0,0.1875,0.6666666666666666,,0.375,0.6666666666666666,1.0,0.25,0.25,1.0,0.13043478260869565,0.6666666666666666,0.30434782608695654,0.42857142857142855,0.34782608695652173,0.5,0.8074074074074075,0.38095238095238093,0.5206625925925926,0.434375,0.4940065217391304,0.08391608391608392,0.1935483870967742,,0.14207650273224043,0.20218579234972678,4.848148148148148,24.308641975308642,0.2727272727272727,0.3333333333333333,,0.2608695652173913,0.2627197039777983,player_totals,wnba,2026,Regular Season,/get-totals/wnba,"{""Season"": ""2026"", ""SeasonType"": ""Regular Season"", ""Type"": ""Player""}",20260921T185714Z,2026-09-21T18:57:18+00:00,6967bde8cf865ff95c2a9ce529381eb3a1a9de2fe3b68269ce094dfca8610093,,,,1.0,,,,,,,,"[""single_row_table_data"", ""multi_row_table_data""]",{},1630142,Leonie Fiebich,player_totals,2026-09-21T18:57:21+00:00,20260921T185714Z,1b24cd5027c0b01657c6085d44c86e9eddcd155fc4202433660139f4c1d87f96
203400,1611661329,Skylar Diggins,Skylar Diggins,203400,CHI,33175.4,19,553,-80,1115,1127,238.0,303.0,132.0,2242,24.0,58.0,4.0,9.0,10.0,18.0,26.0,66.0,11.0,30.0,5.0,13.0,,2.0,,2.0,21.0,55.0,,2.0,6.0,15.0,61.0,154.0,26.0,68.0,69.0,269.0,1266,8.0,19.0,,4.0,8.0,24.0,15.0,32.0,6.0,17.0,25.0,73.0,50.0,72.0,63.0,15.0,8.0,55.0,21.0,12.0,1.0,68.0,25.0,93.0,18.0,7.0,49.0,18.0,1.0,211.0,2.0,10.0,1.0,24.0,21.0,2.0,47.0,13.0,60.0,6.0,18.0,11.0,7.0,20.0,6.0,18.0,13.0,2.0,2.0,,1.0,33.0,1.0,4.0,11.0,41.0,,3.0,2.0,54.0,,,2.0,89.0,7.0,3.0,37.0,3.0,5.0,9.0,2.0,1.0,6.0,1.0,3.0,11.0,6.0,,245.0,71.0,237.0,5.0,2.0,,14.0,2.0,8.0,,4.0,,,106.3677130044843,112.33362910381544,0.4098360655737705,0.43859649122807015,0.8076923076923077,0.38235294117647056,,0.35294117647058826,0.38235294117647056,0.3961038961038961,0.42105263157894735,0.46875,0.45045045045045046,0.34782608695652173,0.4897959183673469,0.5134615384615384,0.4423076923076923,0.5703125,0.3063063063063063,0.014705882352941176,0.07792207792207792,0.06896551724137931,0.10606060606060606,0.01818181818181818,22.980392156862745,0.6060606060606061,0.06666666666666667,0.029411764705882353,0.06481481481481481,0.02976190476190476,0.11822660098522167,0.00975609756097561,0.08538899430740038,0.022181146025878003,0.024691358024691357,0.036231884057971016,0.012903225806451613,,0.03759398496240601,0.07751937984496124,0.0967741935483871,0.1393939393939394,0.02631578947368421,0.05,0.5454545454545454,0.26126126126126126,0.41379310344827586,0.4444444444444444,0.4166666666666667,0.2972972972972973,0.3939393939393939,0.4406779661016949,0.38461538461538464,0.13513513513513514,0.36666666666666664,0.3793103448275862,0.45454545454545453,0.05855855855855856,0.38461538461538464,0.38461538461538464,0.8,0.24774774774774774,0.38181818181818183,0.3888888888888889,0.8095238095238095,0.391304347826087,0.4444444444444444,0.25,0.08695652173913043,,,0.08695652173913043,,,0.3673469387755102,0.5555555555555556,0.04081632653061224,,0.30612244897959184,0.4,0.5675675675675675,0.38181818181818183,0.500772972972973,0.5278674999999999,0.5242346938775511,0.1568627450980392,0.20108695652173914,0.04225352112676056,0.08921933085501858,0.27137546468401486,7.64025974025974,24.280882352941177,0.24242424242424243,0.35,0.3157894736842105,0.24390243902439024,0.21345291479820627,player_totals,wnba,2026,Regular Season,/get-totals/wnba,"{""Season"": ""2026"", ""SeasonType"": ""Regular Season"", ""Type"": ""Player""}",20260921T185714Z,2026-09-21T18:57:18+00:00,d87fbfb463f0c6d749b080aa82cf702923ff236377653f1d396860ce0a661219,,0.03333333333333333,0.027777777777777776,,,,,,,,,"[""single_row_table_data"", ""multi_row_table_data""]",{},203400,Skylar Diggins,player_totals,2026-09-21T18:57:21+00:00,20260921T185714Z,e1cfe66089dc6e91fc613a28e2e8f153db8b6e3f868d552d3a7a245f8d57ad08
202664,1611661329,Courtney Vandersloot,Courtney Vandersloot,202664,CHI,33124.8,25,552,-90,1158,1156,248.0,310.0,127.0,2314,33.0,59.0,,,9.0,17.0,14.0,35.0,11.0,29.0,2.0,10.0,1.0,1.0,,1.0,20.0,48.0,1.0,1.0,3.0,12.0,58.0,123.0,22.0,58.0,50.0,232.0,1293,,4.0,2.0,2.0,2.0,8.0,13.0,27.0,3.0,13.0,19.0,54.0,50.0,66.0,51.0,15.0,,48.0,20.0,15.0,,105.0,26.0,131.0,20.0,6.0,78.0,16.0,11.0,288.0,4.0,5.0,1.0,27.0,36.0,,63.0,10.0,73.0,2.0,29.0,26.0,3.0,36.0,10.0,30.0,17.0,3.0,6.0,,1.0,53.0,5.0,11.0,22.0,41.0,,,1.0,45.0,,,3.0,64.0,5.0,1.0,26.0,,8.0,7.0,,,4.0,,2.0,7.0,4.0,,224.0,52.0,243.0,2.0,5.0,,3.0,,10.0,,7.0,2.0,,103.8860103626943,111.85121107266436,0.43103448275862066,0.43103448275862066,0.7727272727272727,0.3793103448275862,1.0,0.23076923076923078,0.3793103448275862,0.4715447154471545,,0.48148148148148145,0.5027624309392266,0.5,0.4375,0.55,0.5,0.5096153846153846,0.32044198895027626,,0.12195121951219512,0.11864406779661017,0.17142857142857143,,20.215219062259802,0.6792452830188679,,0.027777777777777776,0.12286689419795221,0.015527950310559006,0.12442396313364056,0.018957345971563982,0.12352941176470589,0.016885553470919325,0.01775147928994083,,0.00625,0.058823529411764705,0.09917355371900827,0.13008130081300814,0.16326530612244897,0.1111111111111111,0.16363636363636364,0.024096385542168676,0.5714285714285714,0.3259668508287293,0.559322033898305,0.6346153846153846,0.3939393939393939,0.19337016574585636,0.4,0.4827586206896552,0.35714285714285715,0.16022099447513813,0.3793103448275862,0.4074074074074074,0.6363636363636364,0.055248618784530384,0.2,0.2,1.0,0.26519337016574585,0.4166666666666667,0.4166666666666667,0.75,,,,0.16666666666666666,1.0,1.0,0.16666666666666666,1.0,1.0,0.425,0.5294117647058824,0.025,,0.3,0.25,0.6464088397790055,0.4166666666666667,0.5001107344632768,0.46395000000000003,0.4944666666666666,0.12871287128712872,0.18055555555555555,,0.034482758620689655,0.23275862068965517,7.464227642276423,26.124137931034483,0.38461538461538464,0.2857142857142857,0.2222222222222222,0.30303030303030304,0.2141623488773748,player_totals,wnba,2026,Regular Season,/get-totals/wnba,"{""Season"": ""2026"", ""SeasonType"": ""Regular Season"", ""Type"": ""Player""}",20260921T185714Z,2026-09-21T18:57:18+00:00,dc5f1a2d0ab56e59f746dd5e0b3fac7339f2e31e68a34628111571133dd8853e,,0.06896551724137931,0.05,1.0,,,1.0,,,,,"[""single_row_table_data"", ""multi_row_table_data""]",{},202664,Courtney Vandersloot,player_totals,2026-09-21T18:57:21+00:00,20260921T185714Z,733b0431c6d158c3a10cc5506ed91ba529b999901c5132b255d45d33ebc9e2b4
1642302,1611661330,Isobel Borlase,Isobel Borlase,1642302,ATL,33090.5,42,552,31,1106,1116,351.0,352.0,164.0,2222,36.0,62.0,1.0,6.0,12.0,19.0,16.0,43.0,1.0,4.0,4.0,12.0,,1.0,3.0,6.0,18.0,54.0,2.0,12.0,4.0,18.0,53.0,109.0,22.0,66.0,34.0,206.0,1235,5.0,15.0,2.0,13.0,2.0,18.0,20.0,33.0,7.0,24.0,20.0,81.0,58.0,48.0,66.0,,4.0,54.0,18.0,14.0,1.0,29.0,15.0,44.0,13.0,2.0,23.0,5.0,1.0,103.0,8.0,2.0,1.0,16.0,30.0,4.0,50.0,11.0,61.0,2.0,13.0,7.0,6.0,12.0,6.0,8.0,20.0,5.0,4.0,1.0,7.0,32.0,4.0,9.0,25.0,52.0,1.0,2.0,,33.0,,,3.0,38.0,4.0,,15.0,,6.0,3.0,1.0,1.0,,,3.0,4.0,4.0,1.0,188.0,81.0,350.0,8.0,6.0,4.0,15.0,,9.0,1.0,1.0,,,114.46654611211572,110.66308243727599,0.5471698113207547,0.5686274509803921,1.0,0.3333333333333333,0.15384615384615385,0.2916666666666667,0.3333333333333333,0.48623853211009177,0.3333333333333333,0.6060606060606061,0.49142857142857144,0.2857142857142857,0.5350877192982456,0.5364583333333334,0.3103448275862069,0.6044776119402985,0.37714285714285717,0.015151515151515152,0.12844036697247707,0.0967741935483871,0.18604651162790697,0.018518518518518517,17.164750957854405,0.375,0.0975609756097561,0.02631578947368421,0.1111111111111111,0.007017543859649123,0.08839779005524862,0.03333333333333333,0.10199556541019955,0.01904761904761905,0.013513513513513514,,0.04081632653061224,,0.10091743119266056,0.09734513274336283,0.16666666666666666,0.10071942446043165,0.047619047619047616,0.023809523809523808,1.0,0.35428571428571426,0.5806451612903226,0.6428571428571429,0.6111111111111112,0.24571428571428572,0.37209302325581395,0.45714285714285713,0.375,0.022857142857142857,0.25,0.25,1.0,0.06857142857142857,0.3333333333333333,0.3333333333333333,1.0,0.30857142857142855,0.3333333333333333,0.33962264150943394,1.0,0.21428571428571427,0.16666666666666666,1.0,0.03571428571428571,,,0.42857142857142855,0.16666666666666666,1.0,0.3333333333333333,0.631578947368421,0.10526315789473684,0.5,0.3157894736842105,0.2222222222222222,0.7314285714285714,0.3333333333333333,0.5315511428571429,0.4858368421052632,0.5149991228070175,0.08064516129032258,0.125,,0.08737864077669903,0.3932038834951456,4.786238532110092,24.575757575757574,0.64,0.3076923076923077,,0.3023255813953488,0.31735985533453887,player_totals,wnba,2026,Regular Season,/get-totals/wnba,"{""Season"": ""2026"", ""SeasonType"": ""Regular Season"", ""Type"": ""Player""}",20260921T185714Z,2026-09-21T18:57:18+00:00,57a605d530291527262bb98fab89317f64d18bf0a750d4355f05d0b081e39124,,,,,,,,,,,,"[""single_row_table_data"", ""multi_row_table_data""]",{},1642302,Isobel Borlase,player_totals,2026-09-21T18:57:21+00:00,20260921T185714Z,f0ce2ec7826600f930aed6d39081cbf0dd30ed024f918f9e1162b179464c27a0
1628276,1611661317,Kelsey Plum,Kelsey Plum,1628276,PHX,31157.699999999997,17,519,-31,1037,1036,293.0,278.0,109.0,2073,42.0,52.0,1.0,3.0,12.0,14.0,33.0,68.0,11.0,17.0,5.0,10.0,,1.0,1.0,4.0,35.0,96.0,3.0,10.0,8.0,29.0,86.0,137.0,40.0,106.0,74.0,366.0,1183,4.0,8.0,3.0,11.0,9.0,26.0,25.0,41.0,9.0,33.0,30.0,107.0,66.0,106.0,54.0,66.0,,96.0,35.0,9.0,1.0,58.0,33.0,91.0,22.0,11.0,40.0,18.0,,215.0,2.0,1.0,,15.0,17.0,,32.0,3.0,35.0,,17.0,11.0,6.0,30.0,9.0,19.0,18.0,2.0,11.0,,4.0,48.0,7.0,9.0,20.0,54.0,,6.0,1.0,81.0,,3.0,1.0,91.0,9.0,5.0,33.0,1.0,11.0,,,,,,,,,1.0,340.0,107.0,293.0,8.0,10.0,,22.0,4.0,18.0,12.0,20.0,9.0,,111.08968177434909,114.1891891891892,0.38372093023255816,0.38372093023255816,0.45,0.37735849056603776,0.2727272727272727,0.2727272727272727,0.37735849056603776,0.6277372262773723,0.5,0.6097560975609756,0.6008230452674898,0.4473684210526316,0.5202702702702703,0.6469534050179212,0.5416666666666666,0.5888888888888889,0.43621399176954734,0.009433962264150943,0.06569343065693431,0.019230769230769232,0.11764705882352941,0.010416666666666666,28.068669527896994,0.625,,,0.07172995780590717,0.004464285714285714,0.06726457399103139,0.008888888888888889,0.06956521739130435,0.0066815144766146995,0.012987012987012988,,0.005847953216374269,0.018518518518518517,0.04285714285714286,0.06722689075630252,0.125,0.08383233532934131,0.017857142857142856,,,0.2139917695473251,0.8076923076923077,0.8235294117647058,0.40476190476190477,0.27983539094650206,0.4852941176470588,0.55,0.3939393939393939,0.06995884773662552,0.6470588235294118,0.6470588235294118,0.2727272727272727,0.0411522633744856,0.5,0.5,0.4,0.3950617283950617,0.3645833333333333,0.3684210526315789,0.45714285714285713,0.15789473684210525,0.3333333333333333,,0.05263157894736842,,,0.5263157894736842,0.3,0.6666666666666666,0.1891891891891892,0.8571428571428571,0.05405405405405406,0.25,0.3918918918918919,0.27586206896551724,0.6502057613168725,0.3645833333333333,0.4857760330578512,0.49333125,0.46908287671232873,0.12686567164179105,0.20496894409937888,0.009345794392523364,0.07103825136612021,0.2923497267759563,6.645985401459854,25.117924528301888,0.7,0.2571428571428571,0.5,0.1875,0.28254580520732886,player_totals,wnba,2026,Regular Season,/get-totals/wnba,"{""Season"": ""2026"", ""SeasonType"": ""Regular Season"", ""Type"": ""Player""}",20260921T185714Z,2026-09-21T18:57:18+00:00,251268663e9476079dc5ed1847ebdbb756ec4e01e43370c1eb80764edb94f306,,,,,,,,,,,,"[""single_row_table_data"", ""multi_row_table_data""]",{},1628276,Kelsey Plum,player_totals,2026-09-21T18:57:21+00:00,20260921T185714Z,7ee8dc82f8d9e07f3cd888d74be6d4cd5681127b76cca695c9bcaeaf9389b786
1629488,1611661319,Brianna Turner,Brianna Turner,1629488,LVA,30960.4,39,516,-5,1013,1062,227.0,291.0,79.0,2075,24.0,38.0,2.0,4.0,3.0,6.0,6.0,12.0,,3.0,,,,,,,,,,,,,30.0,53.0,,,2.0,62.0,1084,2.0,6.0,,,,4.0,3.0,8.0,,,2.0,8.0,58.0,2.0,,,2.0,,,2.0,,4.0,4.0,8.0,3.0,1.0,2.0,1.0,1.0,20.0,8.0,13.0,,19.0,43.0,4.0,66.0,21.0,87.0,3.0,11.0,7.0,4.0,8.0,3.0,7.0,17.0,3.0,1.0,,1.0,25.0,,8.0,33.0,58.0,,1.0,10.0,12.0,,,7.0,2.0,,,,,1.0,22.0,,,10.0,,11.0,22.0,9.0,,58.0,8.0,227.0,4.0,1.0,2.0,10.0,,12.0,2.0,12.0,,,106.51530108588351,102.07156308851225,0.9666666666666667,1.0,,,,,,0.5660377358490566,0.3333333333333333,0.375,0.5660377358490566,0.3333333333333333,0.375,0.5740740740740741,0.3333333333333333,0.4444444444444444,,,0.03773584905660377,0.05263157894736842,,,7.155797101449276,0.32,0.17391304347826086,,0.14144736842105263,0.05531914893617021,0.09547738693467336,0.03980099502487562,0.12326043737574553,0.0481651376146789,0.0784313725490196,0.04424778761061947,0.03164556962025317,0.06976744186046512,0.14705882352941177,0.15822784810126583,0.06818181818181818,0.0975609756097561,0.08571428571428572,0.14285714285714285,0.4090909090909091,0.7169811320754716,0.631578947368421,0.6666666666666666,0.9583333333333334,0.22641509433962265,0.5,0.5,1.0,0.05660377358490566,,,,,,,,,,,,0.6666666666666666,0.5,0.5,,,,,,,0.75,0.5,,,,,0.7169811320754716,,0.5429,0.47856666666666664,0.5565875,,,,0.06451612903225806,0.12903225806451613,3.8735849056603775,,0.21428571428571427,0.16666666666666666,,,0.2240868706811451,player_totals,wnba,2026,Regular Season,/get-totals/wnba,"{""Season"": ""2026"", ""SeasonType"": ""Regular Season"", ""Type"": ""Player""}",20260921T185714Z,2026-09-21T18:57:18+00:00,83013b6c4618f7a85d90e355e010162b867b5b4acaf2861d19e9104dda0cfbe7,,,0.056338028169014086,1.0,,,,,,,,"[""single_row_table_data"", ""multi_row_table_data""]",{},1629488,Brianna Turner,player_totals,2026-09-21T18:57:21+00:00,20260921T185714Z,f8d2ffa2ea0503e654ce4adfe2d6d6d2cb4eae089094b275e41b7d42b476e246
1627671,1611661329,Rachel Banham,Rachel Banham,1627671,CHI,30851.6,38,514,-56,1053,1068,337.0,374.0,118.0,2121,5.0,10.0,1.0,4.0,3.0,5.0,6.0,15.0,11.0,23.0,8.0,29.0,1.0,3.0,1.0,5.0,34.0,100.0,6.0,15.0,11.0,36.0,22.0,48.0,42.0,129.0,15.0,185.0,1109,5.0,10.0,7.0,18.0,,31.0,10.0,15.0,12.0,41.0,5.0,61.0,30.0,14.0,108.0,18.0,,100.0,34.0,3.0,,34.0,14.0,48.0,11.0,3.0,23.0,9.0,2.0,110.0,,3.0,,24.0,19.0,,43.0,3.0,46.0,2.0,11.0,7.0,4.0,21.0,1.0,15.0,8.0,1.0,6.0,,,29.0,1.0,11.0,19.0,47.0,,,5.0,14.0,,,3.0,19.0,4.0,5.0,6.0,2.0,1.0,8.0,,,5.0,,3.0,8.0,4.0,,154.0,61.0,337.0,9.0,1.0,3.0,10.0,2.0,12.0,1.0,3.0,,,100.0,103.83895131086143,0.6818181818181818,0.6818181818181818,0.8571428571428571,0.32558139534883723,0.3888888888888889,0.2926829268292683,0.32558139534883723,0.4583333333333333,0.5,0.6666666666666666,0.480225988700565,0.5535714285714286,0.5,0.5,0.5535714285714286,0.5258620689655172,0.7288135593220338,,0.0625,0.1,0.06666666666666667,,17.632241813602015,0.7241379310344828,,,0.06440677966101695,0.010714285714285714,0.12244897959183673,,0.08757637474541752,0.005870841487279843,0.009259259259259259,0.008264462809917356,,,0.07377049180327869,0.05785123966942149,0.057692307692307696,0.12080536912751678,0.1276595744680851,0.018867924528301886,0.5,0.05649717514124294,0.5,0.5555555555555556,0.4,0.0847457627118644,0.4,0.42857142857142855,0.8333333333333334,0.12994350282485875,0.4782608695652174,0.5,0.7272727272727273,0.1638418079096045,0.27586206896551724,0.27586206896551724,1.0,0.5649717514124294,0.34,0.34,0.8235294117647058,0.14285714285714285,0.25,,0.10714285714285714,0.3333333333333333,1.0,0.5357142857142857,0.4,0.8333333333333334,0.08928571428571429,0.6,0.08928571428571429,0.2,0.6428571428571429,0.3055555555555556,0.7853107344632768,0.34,0.48578870056497175,0.4777625,0.45826339285714285,0.044444444444444446,0.12,0.015384615384615385,0.16756756756756758,0.32972972972972975,12.447916666666666,25.093798449612404,0.4,0.1111111111111111,0.36363636363636365,0.21428571428571427,0.3200379867046534,player_totals,wnba,2026,Regular Season,/get-totals/wnba,"{""Season"": ""2026"", ""SeasonType"": ""Regular Season"", ""Type"": ""Player""}",20260921T185714Z,2026-09-21T18:57:18+00:00,d9e0369cc19520f6de553da4728174a53b77af2b22a60c2b35473f640ac36e79,1.0,0.043478260869565216,0.0196078431372549,,,,,,,,,"[""single_row_table_data"", ""multi_row_table_data""]",{},1627671,Rachel Banham,player_totals,2026-09-21T18:57:21+00:00,20260921T185714Z,4da26e6f2b21758a34e9151d0f5a89d89a678efa5e7e4e70d007d6b0dd43eb01
1630112,1611661325,Tyasha Harris,Tyasha Harris,1630112,IND,30427.5,37,507,99,1012,1024,351.0,335.0,113.0,2036,10.0,17.0,,1.0,2.0,4.0,12.0,23.0,7.0,17.0,1.0,11.0,,2.0,1.0,6.0,23.0,56.0,3.0,5.0,7.0,19.0,29.0,57.0,24.0,67.0,24.0,154.0,1080,1.0,3.0,3.0,7.0,2.0,13.0,9.0,17.0,8.0,25.0,11.0,53.0,20.0,38.0,54.0,18.0,,56.0,23.0,3.0,2.0,34.0,39.0,73.0,32.0,7.0,18.0,13.0,3.0,185.0,3.0,3.0,,14.0,19.0,,33.0,6.0,39.0,1.0,10.0,6.0,4.0,12.0,4.0,10.0,7.0,,2.0,,1.0,19.0,2.0,3.0,19.0,40.0,,1.0,2.0,25.0,,1.0,3.0,27.0,3.0,,14.0,,1.0,5.0,,,1.0,,4.0,5.0,4.0,,141.0,53.0,350.0,6.0,1.0,,3.0,,10.0,,8.0,3.0,,116.50197628458498,105.46875,0.3448275862068966,0.3448275862068966,0.75,0.3582089552238806,0.42857142857142855,0.32,0.3582089552238806,0.5087719298245614,0.3333333333333333,0.5294117647058824,0.5241935483870968,0.55,0.5,0.5661764705882353,0.5909090909090909,0.5520833333333334,0.5403225806451613,0.029850746268656716,0.05263157894736842,0.058823529411764705,0.08695652173913043,0.017857142857142856,13.54895104895105,0.631578947368421,,,0.06785714285714285,0.01327433628318584,0.0748663101604278,0.015706806282722512,0.07066381156316917,0.014388489208633094,,0.030612244897959183,0.0189873417721519,,0.05454545454545454,0.05737704918032787,0.125,0.06944444444444445,0.09302325581395349,0.016129032258064516,0.8,0.13709677419354838,0.5882352941176471,0.625,0.6,0.18548387096774194,0.5217391304347826,0.5714285714285714,0.25,0.13709677419354838,0.4117647058823529,0.4117647058823529,0.14285714285714285,0.08870967741935484,0.09090909090909091,0.1,1.0,0.45161290322580644,0.4107142857142857,0.41818181818181815,0.7391304347826086,0.1,,,0.2,,,0.5,0.6,1.0,0.09523809523809523,0.5,0.14285714285714285,0.16666666666666666,0.4523809523809524,0.3684210526315789,0.6774193548387096,0.4107142857142857,0.4844360655737705,0.5367055555555555,0.44415487804878045,0.1037037037037037,0.20588235294117646,,0.08441558441558442,0.34415584415584416,9.059649122807016,26.21044776119403,0.5714285714285714,0.3,0.2222222222222222,0.3902439024390244,0.3468379446640316,player_totals,wnba,2026,Regular Season,/get-totals/wnba,"{""Season"": ""2026"", ""SeasonType"": ""Regular Season"", ""Type"": ""Player""}",20260921T185714Z,2026-09-21T18:57:18+00:00,0498d22bf73015e0c29c69d0cdac94640dcdad08e24c6c677e00a6812e26642a,,,,,,0.09090909090909091,,,,,,"[""single_row_table_data"", ""multi_row_table_data""]",{},1630112,Tyasha Harris,player_totals,2026-09-21T18:57:21+00:00,20260921T185714Z,7924f77366b6be9c8af409ab1198c3cd2f17de4bd2cd8e34195952395ea2d53e
1643436,1611661327,Serah Williams,Serah Williams,1643436,PDX,30260.3,38,504,-63,975,1000,246.0,314.0,111.0,1975,54.0,79.0,7.0,16.0,19.0,24.0,12.0,38.0,,3.0,1.0,1.0,,,1.0,1.0,,1.0,,,,,66.0,120.0,1.0,2.0,32.0,167.0,1098,8.0,20.0,,,8.0,24.0,22.0,35.0,1.0,1.0,13.0,60.0,112.0,20.0,3.0,,8.0,1.0,,21.0,,11.0,7.0,18.0,6.0,1.0,4.0,7.0,,43.0,14.0,18.0,3.0,22.0,41.0,7.0,70.0,35.0,105.0,3.0,19.0,12.0,7.0,9.0,2.0,3.0,21.0,2.0,6.0,,2.0,30.0,1.0,7.0,33.0,73.0,2.0,7.0,13.0,46.0,,6.0,2.0,52.0,4.0,,23.0,,5.0,16.0,,,5.0,,11.0,16.0,9.0,1.0,143.0,60.0,246.0,7.0,4.0,3.0,16.0,8.0,13.0,12.0,14.0,9.0,,106.15384615384616,109.8,0.8484848484848485,0.9032258064516129,1.0,0.5,,1.0,0.5,0.55,0.4,0.6285714285714286,0.5532786885245902,0.4,0.6527777777777778,0.571917808219178,0.46153846153846156,0.6666666666666666,0.01639344262295082,,0.175,0.11392405063291139,0.3157894736842105,,15.898825654923215,0.3,0.30434782608695654,0.1111111111111111,0.21025641025641026,0.09137055837563451,0.102803738317757,0.06363636363636363,0.15403422982885084,0.07673860911270983,0.0641025641025641,0.12745098039215685,0.075,0.03333333333333333,0.22033898305084745,0.24,0.1111111111111111,0.1069182389937107,0.09090909090909091,0.09090909090909091,0.5625,0.6475409836065574,0.6835443037974683,0.7714285714285715,0.8333333333333334,0.3114754098360656,0.3157894736842105,0.46153846153846156,0.9166666666666666,0.02459016393442623,,,,0.00819672131147541,1.0,1.0,1.0,0.00819672131147541,,,,0.8,0.4375,0.2857142857142857,,,,,,,0.6666666666666666,0.7916666666666666,0.027777777777777776,1.0,,,0.6639344262295082,,0.5421946721311476,0.5541466666666667,0.575001388888889,0.16312056737588654,0.16546762589928057,,0.1437125748502994,0.3592814371257485,3.6791666666666667,24.0,0.12,0.3333333333333333,,,0.2523076923076923,player_totals,wnba,2026,Regular Season,/get-totals/wnba,"{""Season"": ""2026"", ""SeasonType"": ""Regular Season"", ""Type"": ""Player""}",20260921T185714Z,2026-09-21T18:57:18+00:00,a041fdbb6c9a9ac8c55d4ebe7cf4d73936a87c948ed7a69b797591ab7369668f,,,,,,,,,,1.0,,"[""single_row_table_data"", ""multi_row_table_data""]",{},1643436,Serah Williams,player_totals,2026-09-21T18:57:21+00:00,20260921T185714Z,135129abe262e944009da61a39b4e6c3f0d9442f3b4ce6d7ea26702b7cf8c822
1628279,1611661332,Brittney Sykes,Brittney Sykes,1628279,TOR,29979.6,17,500,-28,1000,1008,251.0,296.0,113.0,2008,49.0,81.0,2.0,5.0,10.0,21.0,21.0,62.0,16.0,39.0,2.0,8.0,,,,2.0,14.0,54.0,1.0,2.0,3.0,14.0,86.0,182.0,16.0,62.0,96.0,316.0,1142,8.0,14.0,1.0,2.0,11.0,30.0,17.0,44.0,3.0,16.0,42.0,85.0,54.0,118.0,33.0,15.0,4.0,54.0,14.0,9.0,,27.0,30.0,57.0,18.0,12.0,17.0,5.0,5.0,144.0,6.0,9.0,1.0,20.0,18.0,5.0,43.0,16.0,59.0,5.0,20.0,15.0,5.0,12.0,12.0,11.0,24.0,1.0,1.0,,,36.0,1.0,9.0,14.0,41.0,1.0,4.0,7.0,80.0,2.0,1.0,9.0,107.0,11.0,6.0,39.0,2.0,13.0,7.0,1.0,,4.0,1.0,3.0,8.0,3.0,,286.0,84.0,249.0,7.0,12.0,,22.0,,8.0,3.0,12.0,,,111.4,113.2936507936508,0.313953488372093,0.32142857142857145,0.6875,0.25806451612903225,0.5,0.1875,0.25806451612903225,0.4725274725274725,0.5714285714285714,0.38636363636363635,0.45081967213114754,0.59375,0.35833333333333334,0.5400696864111498,0.7,0.5060975609756098,0.2540983606557377,,0.04945054945054945,0.06172839506172839,0.06451612903225806,,28.508384819064432,0.3333333333333333,0.16666666666666666,0.04,0.07407407407407407,0.03488372093023256,0.1,0.028037383177570093,0.08577878103837472,0.03177966101694915,0.0196078431372549,0.049019607843137254,0.018404907975460124,0.058823529411764705,0.06363636363636363,0.06862745098039216,0.12903225806451613,0.09859154929577464,0.10344827586206896,0.03787878787878788,0.375,0.3319672131147541,0.6049382716049383,0.6447368421052632,0.32653061224489793,0.2540983606557377,0.3387096774193548,0.3620689655172414,0.19047619047619047,0.1598360655737705,0.41025641025641024,0.41025641025641024,0.4375,0.03278688524590164,0.25,0.25,0.5,0.22131147540983606,0.25925925925925924,0.25925925925925924,0.7142857142857143,0.3125,0.4,,,,,0.125,0.5,1.0,0.35,0.47619047619047616,0.03333333333333333,,0.23333333333333334,0.21428571428571427,0.5860655737704918,0.25925925925925924,0.5014663934426229,0.49486538461538465,0.5034841666666667,0.14652014652014653,0.18571428571428572,0.015873015873015872,0.0949367088607595,0.2689873417721519,7.543956043956044,24.60483870967742,0.46875,0.2926829268292683,0.34782608695652173,0.24444444444444444,0.251,player_totals,wnba,2026,Regular Season,/get-totals/wnba,"{""Season"": ""2026"", ""SeasonType"": ""Regular Season"", ""Type"": ""Player""}",20260921T185714Z,2026-09-21T18:57:18+00:00,51ea6063f149cb60144664b4a2ae253fd354f493e2ca3b94671d77ba790f0d25,,,0.037037037037037035,,,,,,,,,"[""single_row_table_data"", ""multi_row_table_data""]",{},1628279,Brittney Sykes,player_totals,2026-09-21T18:57:21+00:00,20260921T185714Z,3764057df820dad7cd2a5a4a480adf4aa49748cf56bf7e861cfb3ebd0f06476e
1628899,1611661325,Myisha Hines-Allen,Myisha Hines-Allen,1628899,IND,29783.8,36,496,79,1007,1024,380.0,356.0,110.0,2031,38.0,63.0,6.0,12.0,14.0,24.0,7.0,20.0,1.0,5.0,3.0,7.0,,1.0,1.0,3.0,5.0,16.0,,2.0,1.0,8.0,46.0,88.0,8.0,23.0,19.0,135.0,1062,6.0,12.0,,3.0,3.0,15.0,19.0,34.0,2.0,11.0,15.0,59.0,54.0,38.0,24.0,,8.0,16.0,5.0,8.0,,24.0,28.0,52.0,22.0,6.0,18.0,4.0,2.0,132.0,8.0,12.0,2.0,34.0,53.0,10.0,97.0,22.0,119.0,5.0,17.0,13.0,4.0,21.0,6.0,16.0,18.0,,5.0,,1.0,39.0,3.0,15.0,36.0,74.0,2.0,7.0,8.0,30.0,3.0,6.0,1.0,31.0,3.0,,10.0,,7.0,13.0,1.0,1.0,9.0,,4.0,14.0,9.0,,120.0,58.0,376.0,7.0,6.0,2.0,23.0,2.0,16.0,1.0,3.0,,,113.30685203574974,103.7109375,0.5869565217391305,0.6428571428571429,1.0,0.34782608695652173,,0.18181818181818182,0.34782608695652173,0.5227272727272727,0.5,0.5588235294117647,0.5225225225225225,0.4,0.4888888888888889,0.54,0.4411764705882353,0.5267857142857143,0.2072072072072072,,0.09090909090909091,0.09523809523809523,0.1,,14.474845542806708,0.5384615384615384,0.24390243902439024,0.08695652173913043,0.18339100346020762,0.057692307692307696,0.18888888888888888,0.038834951456310676,0.18550106609808104,0.04830917874396135,0.08333333333333333,0.046875,0.03164556962025317,0.0625,0.1484375,0.24369747899159663,0.11904761904761904,0.18248175182481752,0.20930232558139536,0.10204081632653061,0.6428571428571429,0.5675675675675675,0.6031746031746031,0.6666666666666666,0.5526315789473685,0.18018018018018017,0.35,0.3888888888888889,0.7142857142857143,0.04504504504504504,0.2,0.2,1.0,0.06306306306306306,0.42857142857142855,0.42857142857142855,1.0,0.14414414414414414,0.3125,0.3125,1.0,0.8,0.5,0.16666666666666666,0.06666666666666667,,,0.13333333333333333,,,0.5333333333333333,0.5833333333333334,0.06666666666666667,0.3333333333333333,0.17777777777777778,0.125,0.7747747747747747,0.3125,0.5381189189189189,0.63592,0.5134777777777778,0.0847457627118644,0.10526315789473684,,0.1111111111111111,0.43703703703703706,4.0011363636363635,24.63913043478261,0.4,0.15384615384615385,,0.13333333333333333,0.37735849056603776,player_totals,wnba,2026,Regular Season,/get-totals/wnba,"{""Season"": ""2026"", ""SeasonType"": ""Regular Season"", ""Type"": ""Player""}",20260921T185714Z,2026-09-21T18:57:18+00:00,f7c38e92d09665b4b7c9c503c83438c419167393855bbeda9c31a2a7ed3d45f8,,,,,,,,,,,,"[""single_row_table_data"", ""multi_row_table_data""]",{},1628899,Myisha Hines-Allen,player_totals,2026-09-21T18:57:21+00:00,20260921T185714Z,b72dd59d3dac0894c283378dcd553c32cd4b7bece83c89adb3e428dd99909d47
1628317,1611661327,Karlie Samuelson,Karlie Samuelson,1628317,PDX,29630.2,31,494,-73,977,976,284.0,341.0,116.0,1953,5.0,7.0,1.0,1.0,2.0,2.0,6.0,9.0,2.0,3.0,7.0,31.0,,1.0,,7.0,24.0,70.0,2.0,6.0,5.0,23.0,13.0,19.0,31.0,101.0,33.0,152.0,1128,6.0,7.0,2.0,7.0,4.0,22.0,6.0,7.0,5.0,30.0,23.0,50.0,12.0,14.0,93.0,,4.0,70.0,24.0,,,10.0,15.0,25.0,12.0,3.0,6.0,4.0,,65.0,11.0,4.0,,14.0,16.0,2.0,32.0,15.0,47.0,3.0,17.0,12.0,5.0,7.0,2.0,6.0,4.0,,1.0,,,11.0,,1.0,17.0,55.0,,7.0,1.0,46.0,4.0,5.0,6.0,37.0,3.0,2.0,8.0,2.0,9.0,3.0,,,2.0,,1.0,3.0,2.0,,130.0,50.0,283.0,15.0,9.0,5.0,21.0,3.0,11.0,,7.0,4.0,,107.98362333674514,115.57377049180329,0.46153846153846156,0.5454545454545454,1.0,0.3069306930693069,0.2857142857142857,0.16666666666666666,0.3069306930693069,0.6842105263157895,0.8571428571428571,0.8571428571428571,0.49583333333333335,0.6428571428571429,0.36486486486486486,0.5592592592592592,0.7333333333333333,0.5102040816326531,0.8416666666666667,,,,,,13.165013525698829,0.6363636363636364,0.06896551724137931,,0.07048458149779736,0.021505376344086023,0.07407407407407407,0.045081967213114756,0.07211538461538461,0.03488372093023256,0.015384615384615385,0.019230769230769232,0.043010752688172046,0.05172413793103448,0.1111111111111111,0.042735042735042736,0.07894736842105263,0.07194244604316546,0.08,0.04,0.6666666666666666,0.058333333333333334,0.7142857142857143,0.7142857142857143,0.4,0.075,0.6666666666666666,0.6666666666666666,0.5,0.025,0.6666666666666666,0.6666666666666666,0.5,0.25833333333333336,0.22580645161290322,0.22580645161290322,1.0,0.5833333333333334,0.34285714285714286,0.34285714285714286,1.0,0.07142857142857142,1.0,,0.07142857142857142,,,0.42857142857142855,0.3333333333333333,1.0,0.05405405405405406,1.0,0.1891891891891892,,0.6216216216216216,0.21739130434782608,0.9,0.34285714285714286,0.50299375,0.44798499999999997,0.4849189189189189,0.07936507936507936,0.3333333333333333,0.0196078431372549,0.14473684210526316,0.32894736842105265,7.810526315789474,24.900990099009903,,0.6666666666666666,1.0,0.37681159420289856,0.2906857727737973,player_totals,wnba,2026,Regular Season,/get-totals/wnba,"{""Season"": ""2026"", ""SeasonType"": ""Regular Season"", ""Type"": ""Player""}",20260921T185714Z,2026-09-21T18:57:18+00:00,b867165e3aff0d8745f4776ada221dafca2078de7924c0778ca73be80421a97a,1.0,,0.058823529411764705,,,,,,,,,"[""single_row_table_data"", ""multi_row_table_data""]",{},1628317,Karlie Samuelson,player_totals,2026-09-21T18:57:21+00:00,20260921T185714Z,698660dde67a4c9dc09568a9ec6e037bc4797978792161a5886b39764cf10f08
204296,1611661313,Rebecca Allen,Rebecca Allen,204296,NYL,29585.199999999997,27,493,-14,985,1003,250.0,264.0,119.0,1988,14.0,22.0,3.0,3.0,1.0,1.0,4.0,14.0,1.0,5.0,20.0,41.0,1.0,3.0,6.0,9.0,16.0,47.0,3.0,5.0,4.0,13.0,19.0,41.0,36.0,88.0,13.0,159.0,1117,4.0,6.0,4.0,8.0,2.0,22.0,1.0,5.0,10.0,22.0,5.0,37.0,24.0,14.0,105.0,3.0,4.0,47.0,16.0,5.0,,12.0,6.0,18.0,5.0,1.0,10.0,1.0,1.0,42.0,9.0,6.0,,32.0,17.0,1.0,50.0,15.0,65.0,1.0,15.0,10.0,5.0,6.0,,5.0,10.0,1.0,1.0,3.0,2.0,16.0,,4.0,38.0,60.0,,1.0,2.0,16.0,,1.0,2.0,15.0,1.0,,5.0,,3.0,8.0,4.0,4.0,3.0,,5.0,12.0,9.0,,137.0,37.0,249.0,5.0,3.0,5.0,22.0,4.0,11.0,5.0,20.0,,,111.97969543147208,111.36590229312064,0.631578947368421,0.7058823529411765,0.9722222222222222,0.4090909090909091,0.5,0.45454545454545453,0.4090909090909091,0.4634146341463415,0.6666666666666666,0.2,0.5658914728682171,0.7142857142857143,0.5925925925925926,0.5845588235294118,0.7333333333333333,0.6166666666666667,0.6821705426356589,,0.12195121951219512,0.13636363636363635,0.14285714285714285,,13.49911190053286,0.375,0.034482758620689655,,0.06666666666666667,0.02702702702702703,0.16753926701570682,0.039647577092511016,0.10986547085201794,0.0334075723830735,0.05813953488372093,0.008695652173913044,0.04938271604938271,0.015384615384615385,0.06315789473684211,0.06796116504854369,0.07017543859649122,0.16233766233766234,0.1891891891891892,0.014925373134328358,0.75,0.17054263565891473,0.6363636363636364,0.7368421052631579,0.7142857142857143,0.10852713178294573,0.2857142857142857,0.3333333333333333,0.5,0.03875968992248062,0.2,0.2,,0.3178294573643411,0.4878048780487805,0.4878048780487805,1.0,0.3643410852713178,0.3404255319148936,0.3404255319148936,0.9375,0.21428571428571427,1.0,0.3333333333333333,0.21428571428571427,0.3333333333333333,1.0,0.35714285714285715,0.6,0.6666666666666666,0.037037037037037035,1.0,0.3333333333333333,0.6666666666666666,0.48148148148148145,0.3076923076923077,0.8527131782945736,0.3404255319148936,0.5252488372093023,0.5110833333333333,0.49794814814814814,0.03759398496240601,0.1111111111111111,,0.13836477987421383,0.23270440251572327,5.863414634146341,24.232954545454547,0.5,0.1,0.25,0.36,0.25380710659898476,player_totals,wnba,2026,Regular Season,/get-totals/wnba,"{""Season"": ""2026"", ""SeasonType"": ""Regular Season"", ""Type"": ""Player""}",20260921T185714Z,2026-09-21T18:57:18+00:00,5b3b03980cd85c514ce984a94386dabad9cd407e4bed7aff692f2fba80a9e07b,,,,,,,,,,1.0,,"[""single_row_table_data"", ""multi_row_table_data""]",{},204296,Rebecca Allen,player_totals,2026-09-21T18:57:21+00:00,20260921T185714Z,1ee3177ada515d16c1598e74e1bc361cc0275321f21f6e28c343054b5b4d77f8
1629478,1611661328,Katie Lou Samuelson,Katie Lou Samuelson,1629478,SEA,29478.9,32,491,-140,996,994,237.0,296.0,121.0,1990,14.0,19.0,3.0,4.0,1.0,1.0,4.0,8.0,3.0,8.0,10.0,26.0,,1.0,6.0,8.0,16.0,55.0,1.0,6.0,7.0,15.0,21.0,35.0,26.0,81.0,22.0,142.0,1097,4.0,7.0,1.0,7.0,1.0,12.0,4.0,8.0,13.0,23.0,7.0,54.0,34.0,8.0,75.0,3.0,4.0,55.0,16.0,2.0,4.0,16.0,10.0,26.0,7.0,3.0,13.0,2.0,1.0,62.0,8.0,3.0,1.0,26.0,26.0,3.0,55.0,12.0,67.0,,26.0,19.0,7.0,11.0,1.0,7.0,4.0,,4.0,,3.0,15.0,2.0,5.0,17.0,30.0,,2.0,,35.0,,5.0,3.0,28.0,4.0,,9.0,2.0,3.0,3.0,,,1.0,,2.0,3.0,3.0,,130.0,54.0,236.0,3.0,3.0,1.0,,,,,,,,96.08433734939759,110.36217303822939,0.8095238095238095,0.8947368421052632,0.9615384615384616,0.32098765432098764,0.14285714285714285,0.5652173913043478,0.32098765432098764,0.6,0.5714285714285714,0.5,0.5172413793103449,0.39285714285714285,0.7580645161290323,0.5634920634920635,0.42857142857142855,0.7941176470588235,0.6982758620689655,0.04938271604938271,0.05714285714285714,0.05263157894736842,0.125,0.01818181818181818,12.422907488986784,0.7333333333333333,0.13636363636363635,0.041666666666666664,0.11403508771929824,0.011320754716981131,0.11403508771929824,0.03404255319148936,0.11403508771929824,0.022,0.010869565217391304,,0.03608247422680412,0.024390243902439025,0.08536585365853659,0.11818181818181818,0.16666666666666666,0.10555555555555556,0.14583333333333334,,1.0,0.16379310344827586,0.7368421052631579,0.7777777777777778,0.7857142857142857,0.06896551724137931,0.5,0.5714285714285714,1.0,0.06896551724137931,0.375,0.375,0.6666666666666666,0.22413793103448276,0.38461538461538464,0.43478260869565216,1.0,0.47413793103448276,0.2909090909090909,0.2962962962962963,0.9375,0.2857142857142857,0.75,0.3333333333333333,0.07142857142857142,,,0.42857142857142855,0.16666666666666666,1.0,0.03225806451612903,1.0,0.25806451612903225,0.75,0.4838709677419355,0.4666666666666667,0.8620689655172413,0.2909090909090909,0.5195599137931034,0.5362863636363636,0.4643951612903226,0.08943089430894309,0.225,0.024096385542168676,0.08450704225352113,0.38028169014084506,7.148571428571429,24.41358024691358,,0.25,,0.24528301886792453,0.23795180722891565,player_totals,wnba,2026,Regular Season,/get-totals/wnba,"{""Season"": ""2026"", ""SeasonType"": ""Regular Season"", ""Type"": ""Player""}",20260921T185714Z,2026-09-21T18:57:18+00:00,28feed8b8a76a78180d1f79101cc0e39b2bac94c44e60eb9e8bfcadeffbfd15c,,,0.045454545454545456,,,0.11538461538461539,,,,,,"[""single_row_table_data"", ""multi_row_table_data""]",{},1629478,Katie Lou Samuelson,player_totals,2026-09-21T18:57:21+00:00,20260921T185714Z,270e334cc72b2d83f4fc0be8c2fac845ac39aba59434d54a8f3e279f98770d82
203824,1611661321,Odyssey Sims,Odyssey Sims,203824,DAL,28193.300000000003,33,470,-6,906,929,224.0,228.0,126.0,1835,24.0,41.0,1.0,2.0,3.0,8.0,9.0,42.0,6.0,10.0,3.0,9.0,2.0,4.0,,1.0,12.0,39.0,2.0,9.0,2.0,9.0,39.0,93.0,15.0,48.0,32.0,155.0,1010,4.0,7.0,4.0,13.0,5.0,25.0,7.0,23.0,2.0,10.0,13.0,33.0,32.0,46.0,42.0,3.0,,39.0,12.0,14.0,,40.0,25.0,65.0,21.0,4.0,20.0,12.0,8.0,155.0,2.0,2.0,,14.0,11.0,1.0,26.0,4.0,30.0,1.0,16.0,8.0,8.0,17.0,5.0,12.0,16.0,3.0,5.0,,2.0,33.0,5.0,7.0,12.0,38.0,2.0,1.0,4.0,45.0,1.0,1.0,11.0,38.0,4.0,,16.0,,5.0,2.0,,,1.0,,1.0,2.0,1.0,,130.0,32.0,221.0,2.0,4.0,,5.0,,8.0,,3.0,3.0,,110.8167770419426,108.71905274488698,0.41025641025641024,0.41025641025641024,0.9333333333333333,0.3125,0.3076923076923077,0.2,0.3125,0.41935483870967744,0.5714285714285714,0.30434782608695654,0.43617021276595747,0.5,0.30303030303030304,0.49050632911392406,0.5434782608695652,0.4125,0.3404255319148936,,0.15053763440860216,0.14634146341463414,0.19047619047619047,,18.104265402843602,0.5151515151515151,0.043478260869565216,,0.044,0.007633587786259542,0.07567567567567568,0.011834319526627219,0.05747126436781609,0.009280742459396751,,0.015748031496062992,0.007518796992481203,0.027777777777777776,0.05319148936170213,0.04201680672268908,0.02702702702702703,0.07453416149068323,0.08333333333333333,0.014492753623188406,0.5,0.2907801418439716,0.5853658536585366,0.6857142857142857,0.4166666666666667,0.2978723404255319,0.21428571428571427,0.2647058823529412,0.3333333333333333,0.07092198581560284,0.6,0.6,0.5,0.06382978723404255,0.3333333333333333,0.3333333333333333,1.0,0.2765957446808511,0.3076923076923077,0.3076923076923077,0.9166666666666666,0.1,0.5,1.0,0.2,0.5,1.0,0.45,0.2222222222222222,1.0,0.24242424242424243,0.375,0.030303030303030304,,0.2727272727272727,0.2222222222222222,0.6312056737588653,0.3076923076923077,0.49968285714285715,0.5084590909090909,0.4617640625,0.10457516339869281,0.1523809523809524,,0.16129032258064516,0.2129032258064516,6.458064516129032,25.45625,0.4375,0.41935483870967744,0.3333333333333333,0.3548387096774194,0.24724061810154527,player_totals,wnba,2026,Regular Season,/get-totals/wnba,"{""Season"": ""2026"", ""SeasonType"": ""Regular Season"", ""Type"": ""Player""}",20260921T185714Z,2026-09-21T18:57:18+00:00,86463faee0fbe877abf657b3d7b1ad84c651bb8b4aca6b9eaee339cbc5e5ac03,,,,,,,,,,,,"[""single_row_table_data"", ""multi_row_table_data""]",{},203824,Odyssey Sims,player_totals,2026-09-21T18:57:21+00:00,20260921T185714Z,a60d49b6ece3e7d4bcc5281ac4577d7ca49f439ac0f90e4fe8970d75dc563fb4
204335,1611661322,Betnijah Laney-Hamilton,Betnijah Laney-Hamilton,204335,WAS,27885.300000000003,28,465,84,921,935,269.0,250.0,113.0,1856,8.0,12.0,1.0,1.0,6.0,7.0,14.0,32.0,5.0,12.0,8.0,25.0,,1.0,3.0,6.0,7.0,31.0,1.0,4.0,1.0,7.0,27.0,56.0,15.0,56.0,30.0,129.0,954,2.0,3.0,1.0,5.0,2.0,9.0,12.0,20.0,4.0,13.0,22.0,58.0,20.0,34.0,45.0,,,31.0,7.0,2.0,,34.0,21.0,55.0,11.0,10.0,21.0,11.0,2.0,131.0,3.0,3.0,2.0,23.0,24.0,1.0,48.0,8.0,56.0,3.0,10.0,7.0,3.0,18.0,6.0,11.0,17.0,1.0,7.0,,2.0,35.0,2.0,10.0,12.0,39.0,,1.0,5.0,41.0,,3.0,9.0,37.0,3.0,,10.0,,10.0,4.0,,,1.0,,2.0,4.0,3.0,,120.0,56.0,267.0,7.0,9.0,,6.0,,,,,,,112.70358306188923,102.03208556149733,0.37037037037037035,0.37037037037037035,1.0,0.26785714285714285,0.2,0.3076923076923077,0.26785714285714285,0.48214285714285715,0.6666666666666666,0.6,0.4419642857142857,0.4375,0.5454545454545454,0.5,0.5,0.6444444444444445,0.5,,0.03571428571428571,,0.0625,,15.7088122605364,0.5142857142857142,0.038461538461538464,0.08,0.1038961038961039,0.015625,0.10952380952380952,0.01744186046511628,0.10657596371882086,0.016483516483516484,0.019230769230769232,0.008928571428571428,0.007936507936507936,0.043478260869565216,0.0847457627118644,0.09302325581395349,0.16279069767441862,0.12280701754385964,0.05128205128205128,0.04477611940298507,0.75,0.10714285714285714,0.6666666666666666,0.6666666666666666,0.375,0.2857142857142857,0.4375,0.4666666666666667,0.2857142857142857,0.10714285714285714,0.4166666666666667,0.4166666666666667,0.6,0.22321428571428573,0.32,0.32,1.0,0.2767857142857143,0.22580645161290322,0.22580645161290322,1.0,0.125,1.0,1.0,0.125,,,0.5,0.25,1.0,0.21212121212121213,0.8571428571428571,0.18181818181818182,0.5,0.21212121212121213,0.14285714285714285,0.6071428571428571,0.22580645161290322,0.482496875,0.4873083333333333,0.46159393939393945,0.08403361344537816,0.15873015873015872,,0.06976744186046512,0.4496124031007752,9.242857142857144,24.416071428571428,,0.4117647058823529,0.2857142857142857,0.35,0.2920738327904452,player_totals,wnba,2026,Regular Season,/get-totals/wnba,"{""Season"": ""2026"", ""SeasonType"": ""Regular Season"", ""Type"": ""Player""}",20260921T185714Z,2026-09-21T18:57:18+00:00,07f50d981a958ddfebdb51049afefd5fd711cffc6b34b2395d9d72dc51aebc1e,,,0.03571428571428571,1.0,,,,,,,,"[""single_row_table_data"", ""multi_row_table_data""]",{},204335,Betnijah Laney-Hamilton,player_totals,2026-09-21T18:57:21+00:00,20260921T185714Z,69f0b4f059bc7604318d846c0c8991ae9e621d8ae10cf6e16dcb98c7f8b17763
1643448,1611661323,Nell Angloma,Nell Angloma,1643448,CON,27720.199999999997,38,462,-92,911,922,326.0,396.0,132.0,1833,32.0,57.0,4.0,9.0,12.0,19.0,16.0,41.0,1.0,7.0,2.0,8.0,,2.0,,2.0,4.0,24.0,,2.0,1.0,9.0,49.0,105.0,6.0,32.0,43.0,159.0,991,7.0,18.0,,4.0,4.0,18.0,15.0,32.0,1.0,11.0,17.0,50.0,60.0,38.0,18.0,,6.0,24.0,4.0,16.0,,19.0,12.0,31.0,8.0,4.0,10.0,2.0,7.0,74.0,12.0,18.0,,19.0,17.0,5.0,41.0,30.0,71.0,3.0,21.0,11.0,10.0,14.0,5.0,9.0,15.0,1.0,5.0,2.0,7.0,29.0,8.0,9.0,33.0,67.0,,5.0,,47.0,1.0,2.0,2.0,66.0,4.0,,30.0,,5.0,9.0,1.0,1.0,6.0,,3.0,10.0,8.0,,141.0,50.0,326.0,15.0,4.0,,3.0,,5.0,,7.0,,,98.6827661909989,107.48373101952276,0.6122448979591837,0.6521739130434783,1.0,0.1875,,0.09090909090909091,0.1875,0.4666666666666667,0.3888888888888889,0.46875,0.4233576642335766,0.3181818181818182,0.38372093023255816,0.4732142857142857,0.34615384615384615,0.4716981132075472,0.23357664233576642,,0.1523809523809524,0.10526315789473684,0.21951219512195122,,18.411214953271028,0.4827586206896552,0.11904761904761904,,0.08585858585858586,0.06293706293706294,0.1165644171779141,0.07142857142857142,0.0997229916897507,0.06607929515418502,0.056179775280898875,0.05384615384615385,0.06293706293706294,0.12,0.041666666666666664,0.12903225806451613,0.06060606060606061,0.112,0.13157894736842105,0.046153846153846156,0.8,0.41605839416058393,0.5614035087719298,0.6274509803921569,0.65625,0.29927007299270075,0.3902439024390244,0.5,0.5,0.051094890510948905,0.14285714285714285,0.16666666666666666,1.0,0.058394160583941604,0.25,0.25,1.0,0.17518248175182483,0.16666666666666666,0.16666666666666666,1.0,0.4090909090909091,0.4444444444444444,,0.09090909090909091,,,0.09090909090909091,,,0.4418604651162791,0.631578947368421,0.046511627906976744,,0.20930232558139536,0.1111111111111111,0.6496350364963503,0.16666666666666666,0.5228992700729928,0.492090625,0.5288139534883721,0.18404907975460122,0.22900763358778625,,0.11320754716981132,0.31446540880503143,4.97047619047619,24.19375,0.32,0.20833333333333334,0.3333333333333333,0.3076923076923077,0.3578485181119649,player_totals,wnba,2026,Regular Season,/get-totals/wnba,"{""Season"": ""2026"", ""SeasonType"": ""Regular Season"", ""Type"": ""Player""}",20260921T185714Z,2026-09-21T18:57:18+00:00,aa4d83aca9d5679fcbc547ba84121d64acf8be2d7b8898fe5bd0215780e2fd85,,0.14285714285714285,0.08955223880597014,,,,,,,,,"[""single_row_table_data"", ""multi_row_table_data""]",{},1643448,Nell Angloma,player_totals,2026-09-21T18:57:21+00:00,20260921T185714Z,b36683c1747575f031faa72802df6605c58a08897ad622f17e3e93a0b81591bf
203398,1611661323,Brittney Griner,Brittney Griner,203398,CON,27325.5,18,455,-64,892,890,210.0,221.0,112.0,1782,49.0,74.0,9.0,19.0,9.0,15.0,43.0,92.0,4.0,14.0,1.0,1.0,,,,,,3.0,,,,,96.0,180.0,1.0,4.0,43.0,238.0,947,17.0,35.0,,,3.0,37.0,22.0,41.0,,,17.0,61.0,156.0,36.0,3.0,,14.0,3.0,,9.0,,30.0,15.0,45.0,9.0,6.0,13.0,8.0,9.0,105.0,12.0,21.0,2.0,17.0,48.0,5.0,70.0,35.0,105.0,5.0,8.0,6.0,2.0,11.0,2.0,5.0,21.0,2.0,6.0,,1.0,32.0,3.0,7.0,13.0,48.0,2.0,4.0,13.0,70.0,,3.0,,64.0,10.0,1.0,28.0,,8.0,28.0,4.0,3.0,18.0,1.0,10.0,32.0,14.0,,201.0,61.0,208.0,2.0,5.0,,30.0,,21.0,1.0,24.0,6.0,,98.99103139013452,106.40449438202246,0.8125,0.8764044943820225,1.0,0.25,,,0.25,0.5333333333333333,0.4857142857142857,0.5365853658536586,0.529891304347826,0.4857142857142857,0.5365853658536586,0.5642857142857143,0.5,0.5865384615384616,0.021739130434782608,,0.05,0.06756756756756757,0.043478260869565216,,23.655913978494624,0.34375,0.22727272727272727,0.0625,0.20600858369098712,0.07094594594594594,0.09550561797752809,0.08633093525179857,0.15815085158150852,0.07586206896551724,0.07608695652173914,0.08695652173913043,0.0782608695652174,0.125,0.11494252873563218,0.26785714285714285,0.23529411764705882,0.11363636363636363,0.043478260869565216,0.06493506493506493,0.4375,0.40217391304347827,0.6621621621621622,0.7101449275362319,0.7755102040816326,0.5,0.4673913043478261,0.48863636363636365,0.8604651162790697,0.07608695652173914,0.2857142857142857,0.2857142857142857,0.75,0.005434782608695652,1.0,1.0,1.0,0.016304347826086956,,,,0.5428571428571428,0.47368421052631576,0.2222222222222222,,,,,,,0.36585365853658536,0.6,,,,,0.42391304347826086,,0.4798684782608696,0.5727777777777777,0.4654463414634147,0.13861386138613863,0.1414141414141414,,0.15546218487394958,0.25630252100840334,6.350555555555555,24.625,0.28,0.2857142857142857,0.1111111111111111,,0.23542600896860988,player_totals,wnba,2026,Regular Season,/get-totals/wnba,"{""Season"": ""2026"", ""SeasonType"": ""Regular Season"", ""Type"": ""Player""}",20260921T185714Z,2026-09-21T18:57:18+00:00,da42cd5038970c58d7e49575024d0e3b7ea3a9d113dee70eea6bb827af9aacd3,,,0.030303030303030304,,,,,,,,,"[""single_row_table_data"", ""multi_row_table_data""]",{},203398,Brittney Griner,player_totals,2026-09-21T18:57:21+00:00,20260921T185714Z,7a004224871e4b48e52c4eb40718e209d18761b40574d56c68b70765fc1a8f5b
1641656,1611661331,Laeticia Amihere,Laeticia Amihere,1641656,GSV,26683.199999999997,37,445,102,828,854,235.0,277.0,128.0,1682,38.0,60.0,7.0,18.0,5.0,12.0,9.0,29.0,,4.0,5.0,7.0,,,1.0,1.0,2.0,10.0,,1.0,2.0,3.0,47.0,93.0,7.0,17.0,32.0,147.0,834,9.0,26.0,,1.0,12.0,30.0,8.0,21.0,3.0,4.0,13.0,38.0,66.0,28.0,21.0,,12.0,10.0,2.0,17.0,,21.0,17.0,38.0,12.0,5.0,13.0,5.0,3.0,93.0,23.0,22.0,1.0,29.0,33.0,8.0,70.0,46.0,116.0,4.0,18.0,14.0,4.0,14.0,3.0,5.0,15.0,1.0,9.0,1.0,1.0,29.0,6.0,6.0,28.0,59.0,2.0,5.0,6.0,60.0,4.0,6.0,3.0,55.0,9.0,,25.0,,7.0,30.0,,,11.0,,19.0,30.0,15.0,1.0,117.0,38.0,235.0,6.0,7.0,,9.0,,6.0,4.0,16.0,1.0,,113.04347826086958,97.65807962529274,0.7021276595744681,0.8048780487804879,1.0,0.4117647058823529,,0.75,0.4117647058823529,0.5053763440860215,0.34615384615384615,0.38095238095238093,0.5227272727272727,0.3333333333333333,0.5,0.5526315789473685,0.4166666666666667,0.5428571428571428,0.15454545454545454,,0.1827956989247312,0.2,0.13793103448275862,,16.513761467889907,0.4827586206896552,0.2857142857142857,0.029411764705882353,0.15137614678899083,0.10891089108910891,0.15934065934065933,0.11386138613861387,0.155,0.11138613861386139,0.18333333333333332,0.08490566037735849,0.125,0.07142857142857142,0.12121212121212122,0.1792452830188679,0.13043478260869565,0.14814814814814814,0.19148936170212766,0.10526315789473684,0.5,0.5454545454545454,0.6333333333333333,0.7916666666666666,0.6842105263157895,0.2636363636363636,0.3103448275862069,0.36,0.7777777777777778,0.03636363636363636,,,,0.06363636363636363,0.7142857142857143,0.7142857142857143,1.0,0.09090909090909091,0.2,0.2,1.0,0.6666666666666666,0.3888888888888889,0.14285714285714285,,,,0.037037037037037035,,,0.48,0.4166666666666667,0.04,1.0,0.12,0.6666666666666666,0.7,0.2,0.5243331818181819,0.5197815789473684,0.533738,0.1984126984126984,0.22935779816513763,,0.20408163265306123,0.2585034013605442,4.234408602150538,24.04705882352941,0.4090909090909091,0.4,,0.1,0.28381642512077293,player_totals,wnba,2026,Regular Season,/get-totals/wnba,"{""Season"": ""2026"", ""SeasonType"": ""Regular Season"", ""Type"": ""Player""}",20260921T185714Z,2026-09-21T18:57:18+00:00,b32f1c2a3b77daa6c9b71afd68e194561938a7781632f8121ff2fdbb0b32a60b,,0.25,0.05555555555555555,,,,,,,,,"[""single_row_table_data"", ""multi_row_table_data""]",{},1641656,Laeticia Amihere,player_totals,2026-09-21T18:57:21+00:00,20260921T185714Z,83b02a121c200b95d0c0eacbacf3176780ec74c7d2e3e95e576d613f3b5276c0
1627701,1611661332,Temi Fagbenle,Temi Fagbenle,1627701,TOR,26626.1,25,444,-162,892,890,222.0,265.0,108.0,1782,39.0,60.0,5.0,9.0,9.0,16.0,6.0,15.0,3.0,11.0,5.0,15.0,1.0,3.0,2.0,3.0,6.0,17.0,1.0,3.0,2.0,4.0,48.0,86.0,11.0,32.0,18.0,147.0,1054,5.0,11.0,2.0,6.0,3.0,19.0,12.0,21.0,4.0,7.0,5.0,41.0,82.0,14.0,33.0,,6.0,17.0,6.0,8.0,,14.0,10.0,24.0,8.0,2.0,10.0,2.0,2.0,58.0,16.0,15.0,1.0,19.0,27.0,7.0,53.0,32.0,85.0,4.0,13.0,8.0,5.0,13.0,5.0,8.0,19.0,1.0,5.0,,2.0,32.0,2.0,8.0,26.0,58.0,,5.0,10.0,28.0,,1.0,1.0,32.0,,,14.0,,2.0,8.0,,,7.0,,1.0,8.0,3.0,,128.0,41.0,220.0,6.0,2.0,,21.0,,25.0,4.0,4.0,3.0,,100.0,118.42696629213482,0.8541666666666666,0.9111111111111111,1.0,0.34375,0.3333333333333333,0.5714285714285714,0.34375,0.5581395348837209,0.45454545454545453,0.5714285714285714,0.5466101694915254,0.47058823529411764,0.6428571428571429,0.5485074626865671,0.475,0.6212121212121212,0.2711864406779661,,0.09302325581395349,0.06666666666666667,0.26666666666666666,,16.290480863591757,0.40625,0.2413793103448276,0.041666666666666664,0.13106796116504854,0.0625,0.09743589743589744,0.08743169398907104,0.11471321695760599,0.07328605200945626,0.07547169811320754,0.07058823529411765,0.09090909090909091,0.075,0.17475728155339806,0.11940298507462686,0.027777777777777776,0.09523809523809523,0.10416666666666667,0.08,0.375,0.5084745762711864,0.65,0.6964285714285714,0.8205128205128205,0.1271186440677966,0.4,0.5454545454545454,1.0,0.09322033898305085,0.2727272727272727,0.2727272727272727,1.0,0.1271186440677966,0.3333333333333333,0.3333333333333333,1.0,0.1440677966101695,0.35294117647058826,0.35294117647058826,1.0,0.5294117647058824,0.5555555555555556,0.2,0.17647058823529413,0.3333333333333333,1.0,0.17647058823529413,0.3333333333333333,1.0,0.5714285714285714,0.5625,0.10714285714285714,0.6666666666666666,0.14285714285714285,0.5,0.7796610169491526,0.35294117647058826,0.5490910256410256,0.546855,0.539737037037037,0.10606060606060606,0.14,,0.1292517006802721,0.2789115646258503,4.806976744186046,24.46875,0.23809523809523808,0.4444444444444444,0.125,0.25,0.24887892376681614,player_totals,wnba,2026,Regular Season,/get-totals/wnba,"{""Season"": ""2026"", ""SeasonType"": ""Regular Season"", ""Type"": ""Player""}",20260921T185714Z,2026-09-21T18:57:18+00:00,33f77776d8b1cbae5aec08ca738a194708de73b82cbd1eec4f3240cf85f03eea,,,0.02040816326530612,,,,,,,,,"[""single_row_table_data"", ""multi_row_table_data""]",{},1627701,Temi Fagbenle,player_totals,2026-09-21T18:57:21+00:00,20260921T185714Z,590efc96b73d0fe386442d17b9e1c67afb47f49f372c339f2c8c91ad58d3667b
1642793,1611661321,Aziaha James,Aziaha James,1642793,DAL,26418.5,37,440,74,890,910,229.0,317.0,120.0,1800,26.0,44.0,2.0,5.0,2.0,5.0,32.0,85.0,9.0,23.0,7.0,24.0,,2.0,3.0,7.0,8.0,36.0,,1.0,1.0,12.0,67.0,152.0,15.0,60.0,50.0,229.0,908,5.0,13.0,,3.0,8.0,18.0,19.0,38.0,4.0,19.0,17.0,67.0,70.0,64.0,36.0,9.0,6.0,36.0,8.0,18.0,2.0,36.0,9.0,45.0,6.0,3.0,23.0,11.0,2.0,99.0,4.0,14.0,4.0,42.0,20.0,4.0,66.0,22.0,88.0,3.0,35.0,20.0,15.0,15.0,5.0,13.0,13.0,3.0,2.0,,,28.0,4.0,4.0,24.0,56.0,,,5.0,63.0,3.0,3.0,11.0,67.0,15.0,1.0,36.0,1.0,4.0,9.0,,,5.0,,4.0,9.0,3.0,,211.0,66.0,227.0,5.0,4.0,,3.0,,9.0,,13.0,,1.0,110.33707865168539,99.78021978021978,0.5223880597014925,0.546875,0.8,0.25,,0.21052631578947367,0.25,0.4407894736842105,0.38461538461538464,0.5,0.4221698113207547,0.3125,0.43859649122807015,0.4810126582278481,0.42857142857142855,0.5075757575757576,0.2830188679245283,0.03333333333333333,0.11842105263157894,0.09090909090909091,0.15294117647058825,0.027777777777777776,25.77821011673152,0.5357142857142857,0.17391304347826086,0.09090909090909091,0.08583690987124463,0.058333333333333334,0.22950819672131148,0.021621621621621623,0.14903846153846154,0.042352941176470586,0.09375,0.030303030303030304,0.02127659574468085,0.022727272727272728,0.1388888888888889,0.02608695652173913,0.15217391304347827,0.25,0.1111111111111111,0.027522935779816515,0.3333333333333333,0.20754716981132076,0.5909090909090909,0.65,0.5,0.4009433962264151,0.3764705882352941,0.4444444444444444,0.4375,0.10849056603773585,0.391304347826087,0.4090909090909091,0.8888888888888888,0.11320754716981132,0.2916666666666667,0.30434782608695654,0.8571428571428571,0.16981132075471697,0.2222222222222222,0.22857142857142856,0.75,0.3125,0.4,0.5,0.125,,,0.0625,,,0.08771929824561403,0.4,0.12280701754385964,0.42857142857142855,0.21052631578947367,0.08333333333333333,0.49056603773584906,0.2222222222222222,0.46748867924528303,0.4917346153846154,0.42708596491228074,0.15879828326180256,0.20809248554913296,0.016666666666666666,0.07860262008733625,0.2925764192139738,7.61907894736842,24.751666666666665,0.3333333333333333,0.3018867924528302,0.07142857142857142,0.23255813953488372,0.2573033707865168,player_totals,wnba,2026,Regular Season,/get-totals/wnba,"{""Season"": ""2026"", ""SeasonType"": ""Regular Season"", ""Type"": ""Player""}",20260921T185714Z,2026-09-21T18:57:18+00:00,d1c199a9b50b5d53932b2104f85e290c540939eebd777fc9f9dde03f17ed47d5,1.0,0.043478260869565216,0.09090909090909091,,,0.041666666666666664,,,,,,"[""single_row_table_data"", ""multi_row_table_data""]",{},1642793,Aziaha James,player_totals,2026-09-21T18:57:21+00:00,20260921T185714Z,9b1ffc71ef314159dac633a266f22a0493bb025224081d0554f0f7b7312ad021
1643462,1611661320,Chance Gray,Chance Gray,1643462,LAS,26070.4,38,435,-167,906,915,389.0,365.0,103.0,1821,9.0,15.0,1.0,2.0,6.0,8.0,1.0,8.0,,,4.0,18.0,,1.0,3.0,11.0,23.0,56.0,2.0,7.0,11.0,27.0,10.0,23.0,27.0,74.0,19.0,120.0,1039,1.0,2.0,2.0,8.0,,8.0,7.0,10.0,14.0,38.0,9.0,65.0,12.0,8.0,75.0,6.0,,56.0,23.0,3.0,,22.0,15.0,37.0,8.0,7.0,14.0,6.0,2.0,89.0,7.0,3.0,,12.0,19.0,1.0,32.0,10.0,42.0,2.0,6.0,5.0,1.0,16.0,3.0,12.0,7.0,2.0,4.0,1.0,1.0,23.0,,13.0,16.0,29.0,,1.0,,22.0,,1.0,3.0,22.0,3.0,,8.0,1.0,3.0,1.0,,,1.0,,,1.0,1.0,,112.0,65.0,387.0,5.0,3.0,,3.0,,4.0,,,,,96.24724061810154,113.55191256830601,0.6,0.6,0.9259259259259259,0.36486486486486486,0.25,0.3684210526315789,0.36486486486486486,0.43478260869565216,0.5,0.7,0.520618556701031,0.4,0.5833333333333334,0.5660377358490566,0.4,0.6132075471698113,0.7628865979381443,,0.13043478260869565,0.2,,,12.609970674486803,0.6956521739130435,0.05555555555555555,,0.07916666666666666,0.014354066985645933,0.06349206349206349,0.034482758620689655,0.07226107226107226,0.024271844660194174,,0.01834862385321101,0.0379746835443038,0.022222222222222223,0.06976744186046512,0.0603448275862069,0.15789473684210525,0.07432432432432433,0.024390243902439025,0.03636363636363636,1.0,0.15463917525773196,0.6,0.75,0.5555555555555556,0.08247422680412371,0.125,0.125,1.0,,,,,0.18556701030927836,0.2222222222222222,0.2222222222222222,1.0,0.5773195876288659,0.4107142857142857,0.4107142857142857,0.9130434782608695,0.2,0.5,,0.1,,,0.7,0.2857142857142857,1.0,0.16666666666666666,0.75,0.22916666666666666,0.2727272727272727,0.5625,0.4074074074074074,0.9175257731958762,0.4107142857142857,0.5208094736842105,0.5562916666666667,0.5280085106382979,0.08737864077669903,0.2857142857142857,0.013333333333333334,0.06666666666666667,0.5416666666666666,3.365217391304348,25.64189189189189,0.16666666666666666,0.42857142857142855,,0.28888888888888886,0.42935982339955847,player_totals,wnba,2026,Regular Season,/get-totals/wnba,"{""Season"": ""2026"", ""SeasonType"": ""Regular Season"", ""Type"": ""Player""}",20260921T185714Z,2026-09-21T18:57:18+00:00,1ddb8180ab1a40721fc84fa44fb99355d99dd210e67c05a5fa03a304e3ecc357,,,0.04,,,,,,,,,"[""single_row_table_data"", ""multi_row_table_data""]",{},1643462,Chance Gray,player_totals,2026-09-21T18:57:21+00:00,20260921T185714Z,68792a5a4e9c70a27ecf6c843a081ebe44c3a5c64d6f3c79a99200bbb06f8d25
1629483,1611661324,Napheesa Collier,Napheesa Collier,1629483,MIN,25852.5,14,431,64,854,861,150.0,168.0,113.0,1715,37.0,60.0,6.0,9.0,8.0,13.0,31.0,64.0,6.0,15.0,6.0,12.0,1.0,2.0,,1.0,15.0,37.0,,1.0,1.0,5.0,74.0,139.0,21.0,49.0,42.0,253.0,925,8.0,15.0,1.0,3.0,1.0,20.0,17.0,28.0,1.0,6.0,10.0,47.0,118.0,30.0,60.0,3.0,10.0,37.0,15.0,11.0,,22.0,16.0,38.0,13.0,3.0,10.0,5.0,7.0,92.0,8.0,8.0,,39.0,36.0,10.0,85.0,16.0,101.0,1.0,19.0,11.0,8.0,19.0,4.0,13.0,14.0,2.0,6.0,,4.0,33.0,2.0,8.0,7.0,26.0,,3.0,3.0,46.0,1.0,2.0,,49.0,6.0,,23.0,1.0,3.0,12.0,2.0,2.0,6.0,,5.0,14.0,9.0,,233.0,45.0,144.0,1.0,2.0,1.0,14.0,,8.0,,6.0,2.0,,115.80796252927402,107.43321718931476,0.7972972972972973,0.855072463768116,0.9523809523809523,0.42857142857142855,0.3333333333333333,0.16666666666666666,0.42857142857142855,0.5323741007194245,0.5333333333333333,0.6071428571428571,0.5611702127659575,0.5277777777777778,0.5441176470588235,0.6052631578947368,0.5555555555555556,0.6025641025641025,0.26063829787234044,,0.07913669064748201,0.1,0.078125,,24.719101123595507,0.5757575757575758,0.5263157894736842,,0.1935483870967742,0.03404255319148936,0.1902439024390244,0.05128205128205128,0.1918158567774936,0.04092071611253197,0.053763440860215055,0.012048192771084338,0.04032258064516129,0.09375,0.21875,0.17857142857142858,0.18421052631578946,0.15723270440251572,0.30434782608695654,0.012345679012345678,0.6428571428571429,0.3191489361702128,0.6166666666666667,0.6851851851851852,0.8378378378378378,0.3404255319148936,0.484375,0.5254237288135594,0.7419354838709677,0.0797872340425532,0.4,0.4,0.8333333333333334,0.06382978723404255,0.5,0.5,1.0,0.19680851063829788,0.40540540540540543,0.40540540540540543,0.9333333333333333,0.5,0.6666666666666666,0.3333333333333333,0.1111111111111111,0.5,1.0,0.05555555555555555,,,0.38235294117647056,0.6153846153846154,0.029411764705882353,,0.14705882352941177,0.2,0.5797872340425532,0.40540540540540543,0.4934569518716577,0.5158375000000001,0.47401911764705884,0.11650485436893204,0.14743589743589744,0.02,0.07905138339920949,0.1857707509881423,6.669064748201439,24.581632653061224,0.30434782608695654,0.21212121212121213,0.2222222222222222,0.18518518518518517,0.1756440281030445,player_totals,wnba,2026,Regular Season,/get-totals/wnba,"{""Season"": ""2026"", ""SeasonType"": ""Regular Season"", ""Type"": ""Player""}",20260921T185714Z,2026-09-21T18:57:18+00:00,dadc9227249ea0d5422305293db8154170638fe15f2fae4e1e86031ef935bb3b,,,0.03389830508474576,1.0,,,,,,,,"[""single_row_table_data"", ""multi_row_table_data""]",{},1629483,Napheesa Collier,player_totals,2026-09-21T18:57:21+00:00,20260921T185714Z,8d4fdbb2f81bc2f61c711d0e97e9d64a3b3def9c0c8a1263e4284e9552254a4d
1643441,1611661323,Raegan Beers,Raegan Beers,1643441,CON,25535.1,36,426,-93,853,858,252.0,350.0,111.0,1711,38.0,55.0,8.0,12.0,13.0,17.0,9.0,32.0,3.0,13.0,,1.0,,,,1.0,2.0,5.0,,,1.0,2.0,50.0,100.0,2.0,6.0,39.0,145.0,917,8.0,18.0,,,12.0,28.0,13.0,26.0,1.0,3.0,17.0,46.0,74.0,26.0,6.0,,10.0,5.0,2.0,14.0,,16.0,14.0,30.0,9.0,5.0,10.0,3.0,3.0,74.0,15.0,26.0,2.0,18.0,44.0,5.0,67.0,43.0,110.0,5.0,16.0,10.0,6.0,7.0,1.0,6.0,27.0,2.0,1.0,,1.0,34.0,2.0,8.0,31.0,98.0,,12.0,21.0,60.0,,5.0,1.0,58.0,10.0,,28.0,,6.0,9.0,,,4.0,,5.0,9.0,8.0,,117.0,46.0,252.0,21.0,5.0,7.0,9.0,2.0,34.0,6.0,29.0,12.0,,96.60023446658852,106.87645687645687,0.74,0.8222222222222222,1.0,0.3333333333333333,,0.3333333333333333,0.3333333333333333,0.5,0.4444444444444444,0.5,0.5,0.4444444444444444,0.5,0.5576923076923077,0.56,0.5897435897435898,0.05660377358490566,,0.14,0.07272727272727272,0.3125,,16.649746192893403,0.20588235294117646,0.18518518518518517,0.07142857142857142,0.21359223300970873,0.1,0.1267605633802817,0.09202453987730061,0.1781609195402299,0.09692671394799054,0.11688311688311688,0.12612612612612611,0.1044776119402985,0.034482758620689655,0.18181818181818182,0.25252525252525254,0.16666666666666666,0.10476190476190476,0.1891891891891892,0.125,0.8888888888888888,0.5188679245283019,0.6909090909090909,0.7450980392156863,0.7368421052631579,0.3018867924528302,0.28125,0.4090909090909091,0.6666666666666666,0.12264150943396226,0.23076923076923078,0.23076923076923078,1.0,0.009433962264150943,,,,0.04716981132075472,0.4,0.4,1.0,0.6666666666666666,0.6666666666666666,0.125,,,,,,,0.5862068965517241,0.7647058823529411,0.034482758620689655,,0.06896551724137931,0.5,0.5754716981132075,0.4,0.521486320754717,0.52165,0.5435689655172414,0.22580645161290322,0.23728813559322035,,0.19310344827586207,0.31724137931034485,5.295,23.633333333333336,0.4117647058823529,0.21739130434782608,0.2,0.25,0.2954279015240328,player_totals,wnba,2026,Regular Season,/get-totals/wnba,"{""Season"": ""2026"", ""SeasonType"": ""Regular Season"", ""Type"": ""Player""}",20260921T185714Z,2026-09-21T18:57:18+00:00,2d5be289e73ada2a18130d618fae15048934c79e17e4cc27ffc2045ed890e468,,,0.041666666666666664,,,,,,,,,"[""single_row_table_data"", ""multi_row_table_data""]",{},1643441,Raegan Beers,player_totals,2026-09-21T18:57:21+00:00,20260921T185714Z,86846c05f6f9ec3c881cccefe7f0a224aebdb0c9ef66518480791d419a066432
1643489,1611661324,Antonia Delaere,Antonia Delaere,1643489,MIN,25370.1,37,423,89,840,856,211.0,276.0,127.0,1696,7.0,13.0,,,1.0,5.0,4.0,8.0,2.0,6.0,10.0,23.0,,2.0,3.0,6.0,15.0,35.0,3.0,5.0,2.0,5.0,13.0,27.0,25.0,58.0,6.0,107.0,854,1.0,4.0,3.0,7.0,,11.0,1.0,7.0,5.0,11.0,2.0,19.0,24.0,2.0,69.0,6.0,,35.0,15.0,2.0,1.0,26.0,14.0,40.0,9.0,5.0,11.0,13.0,2.0,94.0,4.0,3.0,,11.0,9.0,,20.0,7.0,27.0,,16.0,10.0,6.0,6.0,2.0,2.0,8.0,,4.0,,3.0,14.0,1.0,2.0,12.0,36.0,1.0,,2.0,4.0,,,1.0,6.0,1.0,1.0,2.0,,1.0,,,,,,,,,1.0,96.0,19.0,211.0,10.0,1.0,,9.0,,5.0,1.0,10.0,,,112.26190476190476,99.76635514018692,0.9230769230769231,0.9230769230769231,0.92,0.43103448275862066,0.42857142857142855,0.45454545454545453,0.43103448275862066,0.48148148148148145,0.25,0.14285714285714285,0.5941176470588235,0.5,0.4722222222222222,0.6091954022988506,0.5,0.5,0.6823529411764706,0.017241379310344827,0.07407407407407407,0.15384615384615385,,0.02857142857142857,10.253807106598986,0.42857142857142855,,,0.043689320388349516,0.012195121951219513,0.05472636815920398,0.027777777777777776,0.04914004914004914,0.017948717948717947,,0.0125,0.02702702702702703,0.030303030303030304,0.03614457831325301,0.04395604395604396,0.0625,0.05517241379310345,0.05357142857142857,,,0.15294117647058825,0.5384615384615384,0.6363636363636364,1.0,0.09411764705882353,0.5,0.5,1.0,0.07058823529411765,0.3333333333333333,0.3333333333333333,0.5,0.27058823529411763,0.43478260869565216,0.43478260869565216,1.0,0.4117647058823529,0.42857142857142855,0.4411764705882353,0.8666666666666667,,,,0.18181818181818182,,,0.45454545454545453,0.6,1.0,0.2777777777777778,0.2,0.3333333333333333,0.5,0.2777777777777778,0.4,0.8352941176470589,0.42857142857142855,0.5111078313253012,0.47729,0.5277147058823529,0.023255813953488372,0.07142857142857142,,0.102803738317757,0.17757009345794392,7.518518518518518,24.78103448275862,0.3333333333333333,0.5,0.25,0.3548387096774194,0.2511904761904762,player_totals,wnba,2026,Regular Season,/get-totals/wnba,"{""Season"": ""2026"", ""SeasonType"": ""Regular Season"", ""Type"": ""Player""}",20260921T185714Z,2026-09-21T18:57:18+00:00,dff7e3c60e072b932fa46f7112912663ebd8a74b105a47184ebd2990fbd8f381,,,0.028169014084507043,,,,,,,,,"[""single_row_table_data"", ""multi_row_table_data""]",{},1643489,Antonia Delaere,player_totals,2026-09-21T18:57:21+00:00,20260921T185714Z,cfeb4d26b6da9567877ca095325d7e9b97e6fa9cff17d8dd2e450cb326423ed7
1642786,1611661329,Aicha Coulibaly,Aicha Coulibaly,1642786,CHI,24409.6,30,407,-5,835,842,231.0,330.0,99.0,1677,33.0,59.0,1.0,6.0,5.0,10.0,12.0,24.0,2.0,5.0,1.0,9.0,,,,2.0,,13.0,,1.0,,1.0,47.0,88.0,1.0,22.0,58.0,155.0,906,2.0,7.0,,1.0,4.0,8.0,9.0,19.0,,3.0,24.0,42.0,84.0,10.0,,3.0,2.0,13.0,,8.0,1.0,11.0,7.0,18.0,4.0,3.0,6.0,4.0,1.0,43.0,8.0,7.0,1.0,32.0,23.0,8.0,63.0,16.0,79.0,1.0,20.0,13.0,7.0,12.0,2.0,7.0,10.0,1.0,5.0,,4.0,22.0,1.0,6.0,24.0,47.0,1.0,2.0,2.0,60.0,,9.0,7.0,65.0,5.0,,31.0,,4.0,6.0,1.0,,5.0,1.0,1.0,7.0,2.0,,147.0,42.0,231.0,7.0,5.0,,13.0,,15.0,,1.0,,,107.90419161676647,107.60095011876484,0.8936170212765957,0.9130434782608695,,0.045454545454545456,,,0.045454545454545456,0.5340909090909091,0.2857142857142857,0.47368421052631576,0.4409090909090909,0.25,0.4090909090909091,0.5535714285714286,0.4,0.6176470588235294,0.2,0.045454545454545456,0.09090909090909091,0.11864406779661017,0.041666666666666664,,17.034700315457414,0.5454545454545454,0.42105263157894735,0.038461538461538464,0.11004784688995216,0.030042918454935622,0.19161676646706588,0.05555555555555555,0.14627659574468085,0.03978779840848806,0.027777777777777776,0.047619047619047616,0.06086956521739131,0.034482758620689655,0.09411764705882353,0.09876543209876543,0.16279069767441862,0.18518518518518517,0.21875,0.018867924528301886,0.2857142857142857,0.5363636363636364,0.559322033898305,0.6346153846153846,0.8787878787878788,0.21818181818181817,0.5,0.5217391304347826,0.9166666666666666,0.045454545454545456,0.4,0.4,1.0,0.08181818181818182,0.1111111111111111,0.125,,0.11818181818181818,,,,0.75,0.16666666666666666,,,,,0.125,,,0.45454545454545453,0.5,0.09090909090909091,,0.045454545454545456,,0.7363636363636363,,0.5552186363636363,0.6022833333333334,0.5291113636363636,0.22794117647058823,0.2719298245614035,,0.05161290322580645,0.2709677419354839,4.264772727272727,23.91818181818182,0.2692307692307692,0.25,,0.09523809523809523,0.27664670658682633,player_totals,wnba,2026,Regular Season,/get-totals/wnba,"{""Season"": ""2026"", ""SeasonType"": ""Regular Season"", ""Type"": ""Player""}",20260921T185714Z,2026-09-21T18:57:18+00:00,82e3867073caef0d26ae68f212da50c3064382512eac147b315ad54105bd5649,,,,,,0.1111111111111111,,,,,,"[""single_row_table_data"", ""multi_row_table_data""]",{},1642786,Aicha Coulibaly,player_totals,2026-09-21T18:57:21+00:00,20260921T185714Z,4d60a63786172c5a9242a70e1204fc1954e215e58a4cfed7785c919575854c53
1643644,1611661322,Alicia Florez,Alicia Florez,1643644,WAS,24238.2,33,404,-48,781,787,274.0,254.0,123.0,1568,26.0,41.0,2.0,5.0,10.0,15.0,7.0,28.0,2.0,7.0,1.0,14.0,,2.0,,4.0,7.0,30.0,1.0,3.0,2.0,7.0,35.0,76.0,8.0,44.0,22.0,116.0,829,3.0,9.0,1.0,5.0,7.0,16.0,10.0,26.0,2.0,11.0,14.0,40.0,16.0,54.0,15.0,9.0,,30.0,7.0,13.0,,47.0,19.0,66.0,12.0,7.0,32.0,12.0,3.0,151.0,4.0,7.0,,21.0,14.0,,35.0,11.0,46.0,1.0,21.0,14.0,7.0,28.0,4.0,21.0,11.0,3.0,7.0,,3.0,39.0,3.0,10.0,14.0,50.0,,3.0,1.0,46.0,3.0,4.0,10.0,40.0,,,8.0,,12.0,5.0,,,1.0,,4.0,5.0,1.0,,100.0,40.0,273.0,5.0,12.0,,17.0,,6.0,,6.0,,,100.0,105.33672172808132,0.22857142857142856,0.22857142857142856,0.625,0.18181818181818182,0.2,0.18181818181818182,0.18181818181818182,0.4605263157894737,0.3333333333333333,0.38461538461538464,0.39166666666666666,0.32142857142857145,0.35135135135135137,0.4142857142857143,0.4444444444444444,0.39215686274509803,0.36666666666666664,,0.17105263157894737,0.1951219512195122,0.14285714285714285,,19.288793103448278,0.717948717948718,,,0.06930693069306931,0.03070175438596491,0.1206896551724138,0.031746031746031744,0.09308510638297872,0.031073446327683617,0.0379746835443038,0.024390243902439025,0.041666666666666664,,0.04918032786885246,0.05454545454545454,0.16129032258064516,0.09022556390977443,0.21951219512195122,0.017241379310344827,0.2,0.3416666666666667,0.6341463414634146,0.7878787878787878,0.23076923076923078,0.23333333333333334,0.25,0.2916666666666667,0.2857142857142857,0.058333333333333334,0.2857142857142857,0.3333333333333333,,0.11666666666666667,0.07142857142857142,0.07142857142857142,1.0,0.25,0.23333333333333334,0.23333333333333334,0.5714285714285714,0.35714285714285715,0.4,0.5,0.14285714285714285,,,0.21428571428571427,0.3333333333333333,,0.40540540540540543,0.6666666666666666,0.10810810810810811,,0.1891891891891892,0.2857142857142857,0.7083333333333334,0.23333333333333334,0.5164021008403361,0.4801681818181818,0.5060958333333333,0.0625,0.09523809523809523,,0.13793103448275862,0.3448275862068966,5.5815789473684205,24.693181818181817,0.35714285714285715,0.5,0.75,0.34375,0.3508322663252241,player_totals,wnba,2026,Regular Season,/get-totals/wnba,"{""Season"": ""2026"", ""SeasonType"": ""Regular Season"", ""Type"": ""Player""}",20260921T185714Z,2026-09-21T18:57:18+00:00,c2eb9627f90503a835654743bafc3d6f00a3d989cecb6ccb33f26ccf0a963432,,0.14285714285714285,0.038461538461538464,,,,,,,,,"[""single_row_table_data"", ""multi_row_table_data""]",{},1643644,Alicia Florez,player_totals,2026-09-21T18:57:21+00:00,20260921T185714Z,d28b3d8275515cfe3b2319194eb3fc2ef90f2d10d4e99012bc0e6bb99231ad36
1643433,1611661325,Raven Johnson,Raven Johnson,1643433,IND,23653.800000000003,37,394,-22,799,833,315.0,375.0,93.0,1632,19.0,28.0,2.0,2.0,11.0,14.0,14.0,34.0,3.0,7.0,5.0,20.0,,,3.0,11.0,6.0,27.0,1.0,3.0,3.0,11.0,36.0,69.0,11.0,47.0,9.0,114.0,897,5.0,8.0,1.0,3.0,3.0,16.0,15.0,30.0,6.0,22.0,5.0,53.0,36.0,36.0,33.0,,8.0,27.0,6.0,3.0,,20.0,22.0,42.0,18.0,4.0,17.0,2.0,1.0,106.0,12.0,6.0,,23.0,20.0,2.0,45.0,18.0,63.0,6.0,12.0,8.0,4.0,16.0,4.0,11.0,12.0,1.0,5.0,2.0,,28.0,2.0,8.0,12.0,46.0,1.0,6.0,,14.0,,3.0,,12.0,,,6.0,,,5.0,,,3.0,,2.0,5.0,4.0,,98.0,53.0,315.0,14.0,,,6.0,,5.0,1.0,13.0,,,109.5118898623279,107.68307322929172,0.5,0.5625,1.0,0.23404255319148937,0.3333333333333333,0.2727272727272727,0.23404255319148937,0.5217391304347826,0.625,0.5,0.4525862068965517,0.5909090909090909,0.46153846153846156,0.4672131147540984,0.6153846153846154,0.4818181818181818,0.4051724137931034,,0.043478260869565216,0.10714285714285714,,,16.574585635359114,0.5714285714285714,0.046511627906976744,,0.0970873786407767,0.03278688524590164,0.1678832116788321,0.07142857142857142,0.12536443148688048,0.05128205128205128,,0.07246376811594203,0.07936507936507936,0.047619047619047616,0.12222222222222222,0.06818181818181818,0.10714285714285714,0.1553398058252427,0.20588235294117646,0.09523809523809523,0.8,0.2413793103448276,0.6785714285714286,0.76,0.42105263157894735,0.29310344827586204,0.4117647058823529,0.4117647058823529,0.5,0.0603448275862069,0.42857142857142855,0.42857142857142855,1.0,0.1724137931034483,0.25,0.25,1.0,0.23275862068965517,0.2222222222222222,0.2222222222222222,1.0,0.18181818181818182,1.0,,,,,0.2727272727272727,0.3333333333333333,1.0,0.2692307692307692,0.7857142857142857,0.21153846153846154,0.2727272727272727,0.21153846153846154,0.2727272727272727,0.646551724137931,0.2222222222222222,0.48772304347826084,0.42574999999999996,0.49279803921568627,0.04918032786885246,0.08,,0.14035087719298245,0.4649122807017544,6.728985507246377,25.304255319148936,0.4444444444444444,0.42105263157894735,0.5,0.3235294117647059,0.39424280350438046,player_totals,wnba,2026,Regular Season,/get-totals/wnba,"{""Season"": ""2026"", ""SeasonType"": ""Regular Season"", ""Type"": ""Player""}",20260921T185714Z,2026-09-21T18:57:18+00:00,24aec7a8ef923b9e0106de6be679dd2a5bd0ffeb6ef63c825384c8c643a55048,,,0.02631578947368421,,,,,,,,,"[""single_row_table_data"", ""multi_row_table_data""]",{},1643433,Raven Johnson,player_totals,2026-09-21T18:57:21+00:00,20260921T185714Z,c218ca9c44ccfc3500fcac8c5eb1a8a8432084e44e51163d8f40750b55efefa3
1643457,1611661332,Teonni Key,Teonni Key,1643457,TOR,23474.300000000003,37,391,-116,778,802,299.0,320.0,107.0,1580,25.0,47.0,9.0,14.0,11.0,22.0,3.0,13.0,,3.0,3.0,14.0,,,2.0,3.0,,6.0,,,,3.0,28.0,63.0,3.0,20.0,11.0,76.0,913,9.0,14.0,,,3.0,21.0,13.0,27.0,2.0,6.0,8.0,40.0,36.0,20.0,9.0,,10.0,6.0,,12.0,,9.0,9.0,18.0,7.0,2.0,3.0,2.0,4.0,45.0,13.0,18.0,,15.0,23.0,3.0,41.0,31.0,72.0,1.0,16.0,10.0,6.0,12.0,1.0,3.0,7.0,,9.0,,,19.0,5.0,8.0,23.0,50.0,1.0,9.0,5.0,23.0,,5.0,1.0,22.0,2.0,,8.0,,4.0,18.0,,,10.0,,8.0,18.0,10.0,1.0,55.0,40.0,299.0,8.0,4.0,,20.0,,14.0,2.0,4.0,13.0,,102.44215938303341,113.84039900249377,0.6428571428571429,0.782608695652174,1.0,0.15,,0.3333333333333333,0.15,0.4444444444444444,0.6428571428571429,0.48148148148148145,0.39156626506024095,0.6428571428571429,0.48484848484848486,0.40860215053763443,0.5526315789473685,0.5128205128205128,0.24096385542168675,,0.19047619047619047,0.1702127659574468,0.3076923076923077,,12.444444444444445,0.631578947368421,0.125,,0.125,0.09090909090909091,0.10135135135135136,0.07303370786516854,0.1144578313253012,0.08244680851063829,0.1,0.07692307692307693,0.07746478873239436,0.05555555555555555,0.13414634146341464,0.13333333333333333,0.07407407407407407,0.11538461538461539,0.06818181818181818,0.025,0.5555555555555556,0.5662650602409639,0.5319148936170213,0.6410256410256411,0.6,0.1566265060240964,0.23076923076923078,0.3333333333333333,1.0,0.03614457831325301,,,,0.1686746987951807,0.21428571428571427,0.21428571428571427,1.0,0.07228915662650602,,,,1.0,0.6428571428571429,0.3333333333333333,,,,,,,0.6666666666666666,0.5,0.09090909090909091,0.6666666666666666,0.09090909090909091,,0.8072289156626506,,0.5342662650602409,0.6270636363636364,0.5319742424242424,0.0898876404494382,0.11594202898550725,,0.27631578947368424,0.5263157894736842,3.8126984126984125,23.56,0.3181818181818182,0.1,0.6666666666666666,0.29411764705882354,0.38431876606683807,player_totals,wnba,2026,Regular Season,/get-totals/wnba,"{""Season"": ""2026"", ""SeasonType"": ""Regular Season"", ""Type"": ""Player""}",20260921T185714Z,2026-09-21T18:57:18+00:00,c5428f1b9193b2ca19513bfdb2fc2d4b77c5efb8d9839e8b94a8377f6753566e,,,0.1,,,,,,,,,"[""single_row_table_data"", ""multi_row_table_data""]",{},1643457,Teonni Key,player_totals,2026-09-21T18:57:21+00:00,20260921T185714Z,fb03a9996681cc531cf66f5288aae50acd15b74ff5f1a37e2d2f629106b20815
1643506,1611661327,Teja Oblak,Teja Oblak,1643506,PDX,23299.699999999997,29,388,-66,742,750,185.0,225.0,109.0,1492,14.0,36.0,3.0,9.0,2.0,4.0,20.0,39.0,7.0,16.0,3.0,9.0,,,2.0,2.0,19.0,51.0,2.0,9.0,4.0,13.0,41.0,91.0,22.0,60.0,13.0,161.0,824,4.0,10.0,2.0,9.0,,14.0,7.0,14.0,6.0,15.0,6.0,38.0,12.0,70.0,48.0,18.0,2.0,51.0,19.0,10.0,1.0,57.0,35.0,92.0,29.0,6.0,40.0,12.0,5.0,219.0,10.0,5.0,,13.0,18.0,,31.0,15.0,46.0,5.0,19.0,13.0,6.0,49.0,11.0,35.0,23.0,3.0,14.0,,2.0,72.0,6.0,18.0,11.0,41.0,,5.0,5.0,30.0,,,2.0,18.0,,1.0,5.0,,3.0,1.0,,,,,1.0,1.0,,,147.0,38.0,185.0,4.0,2.0,5.0,6.0,,8.0,,2.0,5.0,,102.15633423180593,109.86666666666666,0.14634146341463414,0.15,0.7272727272727273,0.36666666666666664,0.2222222222222222,0.4,0.36666666666666664,0.45054945054945056,0.4,0.5,0.4900662251655629,0.3684210526315789,0.5517241379310345,0.5062893081761006,0.3684210526315789,0.5757575757575758,0.3973509933774834,0.016666666666666666,0.10989010989010989,0.1388888888888889,0.1282051282051282,0.0196078431372549,26.73611111111111,0.6805555555555556,,,0.09782608695652174,0.030120481927710843,0.07878787878787878,0.05291005291005291,0.08882521489971347,0.04225352112676056,0.015625,0.04597701149425287,0.04964539007092199,0.0625,0.1076923076923077,0.11235955056179775,0.03333333333333333,0.08461538461538462,0.05714285714285714,0.06944444444444445,,0.23841059602649006,0.3888888888888889,0.45161290322580644,0.07142857142857142,0.2582781456953642,0.5128205128205128,0.5882352941176471,0.2,0.10596026490066225,0.4375,0.4375,0.14285714285714285,0.059602649006622516,0.3333333333333333,0.3333333333333333,1.0,0.33774834437086093,0.37254901960784315,0.38,0.6842105263157895,0.47368421052631576,0.3333333333333333,,,,,0.47368421052631576,0.2222222222222222,0.5,0.13793103448275862,0.5,0.06896551724137931,1.0,0.4482758620689655,0.3076923076923077,0.6357615894039735,0.37254901960784315,0.48758999999999997,0.5439708333333334,0.4812982142857143,0.03205128205128205,0.052083333333333336,,0.08695652173913043,0.2360248447204969,7.503296703296702,25.221666666666668,0.4090909090909091,0.5263157894736842,0.2857142857142857,0.3142857142857143,0.24932614555256064,player_totals,wnba,2026,Regular Season,/get-totals/wnba,"{""Season"": ""2026"", ""SeasonType"": ""Regular Season"", ""Type"": ""Player""}",20260921T185714Z,2026-09-21T18:57:18+00:00,b9c52771a05dbd4d4d91314419a5b1b48f7ae778685e5365aa7bb371b31ced83,,,,,,,,,,,,"[""single_row_table_data"", ""multi_row_table_data""]",{},1643506,Teja Oblak,player_totals,2026-09-21T18:57:21+00:00,20260921T185714Z,7c218386499ab69b37283b36604e54688fac7b489946d1151ed6f36579f65934
1642804,1611661330,Te-Hina Paopao,Te-Hina Paopao,1642804,ATL,23076.2,33,385,-29,783,794,251.0,247.0,123.0,1577,7.0,14.0,3.0,4.0,4.0,8.0,7.0,28.0,1.0,1.0,4.0,8.0,1.0,2.0,3.0,5.0,25.0,70.0,5.0,9.0,13.0,23.0,15.0,43.0,29.0,78.0,9.0,126.0,855,5.0,8.0,6.0,11.0,,28.0,8.0,16.0,16.0,28.0,2.0,66.0,14.0,16.0,81.0,6.0,4.0,70.0,25.0,10.0,2.0,28.0,16.0,44.0,12.0,4.0,22.0,6.0,,104.0,3.0,2.0,,7.0,14.0,,21.0,5.0,26.0,,6.0,1.0,5.0,13.0,2.0,9.0,4.0,,4.0,,1.0,17.0,1.0,7.0,24.0,37.0,,,1.0,13.0,,,4.0,10.0,,,4.0,,1.0,3.0,,,2.0,,1.0,3.0,2.0,,98.0,66.0,249.0,2.0,1.0,,11.0,,4.0,1.0,10.0,3.0,,105.49169859514687,107.68261964735515,0.4666666666666667,0.5384615384615384,0.9310344827586207,0.3717948717948718,0.5454545454545454,0.5714285714285714,0.3717948717948718,0.3488372093023256,0.625,0.5,0.4834710743801653,0.7368421052631579,0.7272727272727273,0.5,0.7368421052631579,0.7333333333333333,0.6446280991735537,0.02564102564102564,0.23255813953488372,0.2857142857142857,0.21428571428571427,0.014285714285714285,15.442764578833694,0.7647058823529411,,,0.07291666666666667,0.010050251256281407,0.04929577464788732,0.015544041450777202,0.06287425149700598,0.012755102040816327,0.00980392156862745,0.012048192771084338,0.01775147928994083,,0.02857142857142857,0.056179775280898875,0.21212121212121213,0.061946902654867256,,,0.6666666666666666,0.11570247933884298,0.5,0.7,0.14285714285714285,0.23140495867768596,0.25,0.3181818181818182,0.7142857142857143,0.008264462809917356,1.0,1.0,1.0,0.06611570247933884,0.5,0.5714285714285714,1.0,0.5785123966942148,0.35714285714285715,0.36231884057971014,0.92,0.21052631578947367,0.75,,0.10526315789473684,0.5,1.0,0.47368421052631576,0.5555555555555556,1.0,0.18181818181818182,0.5,0.11363636363636363,0.6,0.5227272727272727,0.5652173913043478,0.7603305785123967,0.35714285714285715,0.5110338842975206,0.5255888888888889,0.5043977272727272,0.032,0.0851063829787234,,0.2222222222222222,0.5238095238095238,5.686046511627907,24.628205128205128,0.5714285714285714,0.5,,0.22448979591836735,0.3205619412515964,player_totals,wnba,2026,Regular Season,/get-totals/wnba,"{""Season"": ""2026"", ""SeasonType"": ""Regular Season"", ""Type"": ""Player""}",20260921T185714Z,2026-09-21T18:57:18+00:00,66fd30525e0f3dc2ea7286af0d9d346f1d69db769d4a1603874e1eb052a3b5b8,,,,,,0.125,,,,,,"[""single_row_table_data"", ""multi_row_table_data""]",{},1642804,Te-Hina Paopao,player_totals,2026-09-21T18:57:21+00:00,20260921T185714Z,f710b97b36e07d19af4c03bc2b7f3c0d3c55e8458365b3c0d73040085e5691c1
1643431,1611661330,Madina Okot,Madina Okot,1643431,ATL,22717.4,41,379,-12,749,775,277.0,251.0,121.0,1524,79.0,120.0,23.0,32.0,22.0,39.0,9.0,26.0,1.0,1.0,,1.0,,,,1.0,1.0,8.0,,,,2.0,89.0,147.0,1.0,9.0,43.0,224.0,800,24.0,36.0,,,7.0,55.0,23.0,44.0,,3.0,17.0,63.0,134.0,44.0,3.0,,22.0,8.0,1.0,24.0,,5.0,6.0,11.0,5.0,1.0,3.0,2.0,,28.0,12.0,33.0,3.0,29.0,47.0,14.0,90.0,48.0,138.0,8.0,14.0,9.0,5.0,13.0,3.0,4.0,37.0,1.0,9.0,2.0,12.0,50.0,11.0,16.0,28.0,66.0,4.0,3.0,9.0,50.0,,3.0,1.0,56.0,6.0,,23.0,,8.0,11.0,1.0,1.0,6.0,,4.0,12.0,6.0,1.0,169.0,63.0,277.0,5.0,8.0,2.0,14.0,6.0,10.0,4.0,14.0,1.0,,105.20694259012016,103.2258064516129,0.7528089887640449,0.8589743589743589,1.0,0.1111111111111111,,,0.1111111111111111,0.6054421768707483,0.6666666666666666,0.5227272727272727,0.5801282051282052,0.6666666666666666,0.48936170212765956,0.6187845303867403,0.6875,0.5431034482758621,0.057692307692307696,,0.16326530612244897,0.125,0.34615384615384615,,26.04284103720406,0.26,0.4375,0.08108108108108109,0.2865853658536585,0.171875,0.18125,0.07272727272727272,0.2345679012345679,0.12605042016806722,0.1414141414141414,0.2125,0.07432432432432433,0.058823529411764705,0.23880597014925373,0.3424657534246575,0.25,0.2,0.1,0.1951219512195122,0.5,0.7692307692307693,0.6583333333333333,0.7523809523809524,0.7721518987341772,0.16666666666666666,0.34615384615384615,0.5294117647058824,0.6666666666666666,0.00641025641025641,1.0,1.0,,0.00641025641025641,,,,0.05128205128205128,0.125,0.125,1.0,0.8888888888888888,0.71875,0.4782608695652174,,,,,,,0.8297872340425532,0.5641025641025641,0.02127659574468085,,0.0425531914893617,,0.8269230769230769,0.125,0.5702355769230769,0.569396551724138,0.5847893617021277,0.1329479768786127,0.1402439024390244,,0.24553571428571427,0.28125,2.879591836734694,24.677777777777777,0.4634146341463415,0.1875,,0.14285714285714285,0.369826435246996,player_totals,wnba,2026,Regular Season,/get-totals/wnba,"{""Season"": ""2026"", ""SeasonType"": ""Regular Season"", ""Type"": ""Player""}",20260921T185714Z,2026-09-21T18:57:18+00:00,ccd92e44f4f7b50b97207c8f8e72ec434e45904692338b709b6e0ab1ebd2f44b,,,0.15384615384615385,1.0,,,,,,,,"[""single_row_table_data"", ""multi_row_table_data""]",{},1643431,Madina Okot,player_totals,2026-09-21T18:57:21+00:00,20260921T185714Z,190c0ad92ff8206ec82c4b89812824340969902215d82abd417593aeeacbe512
1643467,1611661322,Cassandre Prosper,Cassandre Prosper,1643467,WAS,21767.699999999997,37,363,-54,707,723,258.0,274.0,102.0,1430,21.0,38.0,5.0,8.0,8.0,16.0,,14.0,2.0,7.0,4.0,18.0,1.0,4.0,1.0,6.0,4.0,24.0,,1.0,3.0,9.0,23.0,59.0,8.0,42.0,9.0,79.0,752,5.0,10.0,1.0,5.0,,13.0,8.0,22.0,4.0,15.0,,28.0,26.0,20.0,24.0,,6.0,24.0,4.0,11.0,,12.0,5.0,17.0,2.0,3.0,9.0,1.0,2.0,39.0,7.0,17.0,,3.0,9.0,2.0,14.0,24.0,38.0,6.0,9.0,8.0,1.0,16.0,2.0,11.0,6.0,,5.0,,1.0,22.0,2.0,9.0,23.0,63.0,,4.0,2.0,23.0,,1.0,7.0,18.0,2.0,,9.0,,1.0,3.0,,,,,3.0,3.0,1.0,,66.0,28.0,258.0,15.0,1.0,2.0,14.0,5.0,11.0,6.0,23.0,3.0,2.0,98.72701555869872,104.01106500691563,0.5652173913043478,0.65,1.0,0.19047619047619047,0.2,0.26666666666666666,0.19047619047619047,0.3898305084745763,0.5,0.36363636363636365,0.3465346534653465,0.43333333333333335,0.3783783783783784,0.3623853211009174,0.40625,0.3684210526315789,0.4158415841584158,,0.1864406779661017,0.18421052631578946,0.21428571428571427,,15.651135005973718,0.7272727272727273,0.06666666666666667,,0.05,0.08095238095238096,0.019736842105263157,0.05511811023622047,0.03614457831325301,0.0712166172106825,0.09782608695652174,0.043478260869565216,0.06593406593406594,0.027777777777777776,0.08955223880597014,0.01282051282051282,0.05714285714285714,0.009009009009009009,0.04878048780487805,0.1016949152542373,0.3333333333333333,0.37623762376237624,0.5526315789473685,0.6774193548387096,0.5238095238095238,0.13861386138613863,,,,0.06930693069306931,0.2857142857142857,0.3333333333333333,1.0,0.1782178217821782,0.2222222222222222,0.2222222222222222,1.0,0.2376237623762376,0.16666666666666666,0.16666666666666666,1.0,0.5333333333333333,0.625,,0.26666666666666666,0.25,1.0,0.06666666666666667,,,0.43243243243243246,0.5,0.16216216216216217,0.16666666666666666,0.24324324324324326,0.3333333333333333,0.7920792079207921,0.16666666666666666,0.5227039603960396,0.50613,0.5361486486486486,0.08333333333333333,0.13636363636363635,,0.16455696202531644,0.35443037974683544,4.869491525423729,24.045238095238094,0.4117647058823529,0.5,0.6,0.35294117647058826,0.3649222065063649,player_totals,wnba,2026,Regular Season,/get-totals/wnba,"{""Season"": ""2026"", ""SeasonType"": ""Regular Season"", ""Type"": ""Player""}",20260921T185714Z,2026-09-21T18:57:18+00:00,fecc0c550dbc24b0e55a680be903a5f5705f8040991f10f6702d7c2432584c87,,0.14285714285714285,0.15384615384615385,,7.0,,,,,,,"[""single_row_table_data"", ""multi_row_table_data""]",{},1643467,Cassandre Prosper,player_totals,2026-09-21T18:57:21+00:00,20260921T185714Z,e74dda810eb45a62b0adea6f648e25a5c537e043f696828d4e925ed2afbd3aa9
1630143,1611661327,Luisa Geiselsoder,Luisa Geiselsoder,1630143,PDX,20852.3,21,348,-26,671,671,170.0,240.0,86.0,1342,9.0,16.0,1.0,2.0,1.0,2.0,7.0,25.0,1.0,4.0,4.0,12.0,,2.0,1.0,2.0,12.0,43.0,,2.0,3.0,7.0,17.0,45.0,16.0,55.0,12.0,94.0,741,3.0,9.0,,4.0,,6.0,4.0,9.0,4.0,9.0,4.0,24.0,30.0,4.0,45.0,3.0,2.0,43.0,12.0,4.0,,14.0,13.0,27.0,11.0,2.0,8.0,5.0,1.0,67.0,6.0,4.0,,23.0,19.0,3.0,45.0,10.0,55.0,,7.0,5.0,2.0,4.0,3.0,1.0,15.0,,3.0,,1.0,19.0,2.0,6.0,21.0,53.0,,2.0,9.0,19.0,,1.0,5.0,15.0,1.0,,6.0,,2.0,8.0,,,5.0,,3.0,8.0,2.0,,88.0,24.0,167.0,7.0,2.0,,17.0,,13.0,,11.0,1.0,,106.55737704918033,110.43219076005961,0.8823529411764706,0.9375,0.9375,0.2909090909090909,,0.4444444444444444,0.2909090909090909,0.37777777777777777,0.3333333333333333,0.4444444444444444,0.41,0.23076923076923078,0.5555555555555556,0.4392523364485981,0.23076923076923078,0.6,0.55,,0.08888888888888889,0.0625,0.12,,16.38491547464239,0.21052631578947367,0.15,,0.11515151515151516,0.026143790849673203,0.18110236220472442,0.03571428571428571,0.14383561643835616,0.03115264797507788,0.017241379310344827,0.036585365853658534,0.02459016393442623,0.06521739130434782,0.18571428571428572,0.08450704225352113,,0.17894736842105263,0.1875,,0.25,0.16,0.5625,0.6,0.8888888888888888,0.25,0.28,0.3181818181818182,0.8571428571428571,0.04,0.25,0.25,1.0,0.12,0.3333333333333333,0.3333333333333333,1.0,0.43,0.27906976744186046,0.27906976744186046,0.9166666666666666,0.15384615384615385,0.5,1.0,0.15384615384615385,,,0.15384615384615385,,,0.1111111111111111,0.5,0.1111111111111111,0.5,0.3888888888888889,0.42857142857142855,0.71,0.27906976744186046,0.49853949999999997,0.52152,0.4821972222222223,0.05714285714285714,0.12,,0.06382978723404255,0.2553191489361702,6.286666666666666,24.745454545454546,0.14285714285714285,0.3888888888888889,0.3333333333333333,0.20512820512820512,0.2533532041728763,player_totals,wnba,2026,Regular Season,/get-totals/wnba,"{""Season"": ""2026"", ""SeasonType"": ""Regular Season"", ""Type"": ""Player""}",20260921T185714Z,2026-09-21T18:57:18+00:00,61aa5272e4638506312f5a1d314196c4e4b8ab83b90b22e51e11c43b4169c920,,,,,,,,,,,,"[""single_row_table_data"", ""multi_row_table_data""]",{},1630143,Luisa Geiselsoder,player_totals,2026-09-21T18:57:21+00:00,20260921T185714Z,6ff0a2f6c6787a7f0b3b2d567a2d86e116e485d713d35ba3396cdd46e641746c
202252,1611661321,Alysha Clark,Alysha Clark,202252,DAL,20308.8,29,338,3,662,691,201.0,255.0,83.0,1353,6.0,9.0,1.0,1.0,,,4.0,9.0,,1.0,5.0,19.0,1.0,1.0,2.0,7.0,8.0,20.0,,1.0,,4.0,10.0,19.0,13.0,39.0,16.0,75.0,713,1.0,2.0,1.0,2.0,2.0,7.0,,3.0,2.0,11.0,11.0,17.0,10.0,10.0,39.0,,2.0,20.0,8.0,2.0,,19.0,1.0,20.0,1.0,,6.0,11.0,2.0,41.0,7.0,4.0,,13.0,25.0,2.0,40.0,11.0,51.0,,6.0,4.0,2.0,5.0,4.0,5.0,10.0,1.0,,,,15.0,2.0,2.0,25.0,54.0,,4.0,5.0,24.0,,1.0,5.0,24.0,,1.0,6.0,,5.0,7.0,,,2.0,,5.0,7.0,5.0,,68.0,16.0,198.0,6.0,4.0,2.0,21.0,,3.0,,15.0,,,108.1570996978852,103.18379160636758,0.5,0.5555555555555556,1.0,0.3333333333333333,0.5,0.18181818181818182,0.3333333333333333,0.5263157894736842,0.5,,0.5086206896551724,0.625,0.21428571428571427,0.5362318840579711,0.7,0.40476190476190477,0.6724137931034483,,0.10526315789473684,,0.2222222222222222,,11.111111111111112,0.3333333333333333,0.11764705882352941,,0.14124293785310735,0.022857142857142857,0.08609271523178808,0.05263157894736842,0.11585365853658537,0.03571428571428571,,0.030927835051546393,0.05825242718446602,0.03333333333333333,0.18,0.125,0.1282051282051282,0.0967741935483871,0.037037037037037035,,0.7142857142857143,0.15517241379310345,0.6666666666666666,0.6666666666666666,0.5,0.15517241379310345,0.4444444444444444,0.5714285714285714,0.5,0.017241379310344827,,,,0.3275862068965517,0.2631578947368421,0.2631578947368421,1.0,0.3448275862068966,0.4,0.4,1.0,0.25,1.0,,0.25,1.0,1.0,0.25,,,,,0.5,0.2857142857142857,0.2857142857142857,,0.8275862068965517,0.4,0.5102698275862069,0.542325,0.459575,0.09375,0.24,,0.09333333333333334,0.22666666666666666,5.105263157894737,23.79230769230769,,,,0.3076923076923077,0.30362537764350456,player_totals,wnba,2026,Regular Season,/get-totals/wnba,"{""Season"": ""2026"", ""SeasonType"": ""Regular Season"", ""Type"": ""Player""}",20260921T185714Z,2026-09-21T18:57:18+00:00,ce6ef13363974024a8b45443b1d58e01498ac540647b710edff64f196b72e583,,,0.024390243902439025,,,,,,,,,"[""single_row_table_data"", ""multi_row_table_data""]",{},202252,Alysha Clark,player_totals,2026-09-21T18:57:21+00:00,20260921T185714Z,a527fd0a5a407931632de864e82126bef44c2d2157b6c2187baf9fc37351b242
1628244,1611661317,Sami Whitcomb,Sami Whitcomb,1628244,PHX,19900.4,19,332,-7,673,670,204.0,157.0,76.0,1343,3.0,3.0,,,,,3.0,14.0,1.0,5.0,2.0,15.0,,3.0,1.0,4.0,23.0,62.0,2.0,6.0,5.0,14.0,7.0,22.0,25.0,77.0,12.0,101.0,749,,2.0,2.0,9.0,1.0,7.0,3.0,7.0,6.0,18.0,3.0,27.0,10.0,4.0,69.0,6.0,,62.0,23.0,2.0,1.0,37.0,5.0,42.0,4.0,1.0,19.0,16.0,2.0,89.0,5.0,1.0,,11.0,15.0,,26.0,6.0,32.0,2.0,12.0,8.0,4.0,10.0,7.0,7.0,12.0,,3.0,1.0,,22.0,,5.0,14.0,36.0,1.0,,3.0,17.0,,1.0,1.0,12.0,,2.0,3.0,,1.0,1.0,1.0,1.0,,,1.0,2.0,,,94.0,27.0,200.0,3.0,1.0,2.0,9.0,1.0,10.0,,14.0,1.0,,110.25260029717681,111.7910447761194,0.7142857142857143,0.7142857142857143,0.92,0.3246753246753247,0.2222222222222222,0.3333333333333333,0.3246753246753247,0.3181818181818182,,0.42857142857142855,0.4494949494949495,0.2727272727272727,0.48,0.48058252427184467,0.2727272727272727,0.5,0.7777777777777778,0.012987012987012988,0.09090909090909091,,0.14285714285714285,,16.469038208168644,0.45454545454545453,,,0.1048951048951049,0.00641025641025641,0.07236842105263158,0.03424657534246575,0.08813559322033898,0.019867549668874173,,0.011363636363636364,0.02654867256637168,0.06060606060606061,0.0967741935483871,0.07954545454545454,0.20833333333333334,0.07258064516129033,0.07142857142857142,0.03225806451612903,,0.030303030303030304,1.0,1.0,0.6666666666666666,0.1414141414141414,0.21428571428571427,0.25,0.6666666666666666,0.050505050505050504,0.2,0.2,1.0,0.15151515151515152,0.13333333333333333,0.14285714285714285,1.0,0.6262626262626263,0.3709677419354839,0.3709677419354839,0.9130434782608695,,,,0.2727272727272727,,,0.5454545454545454,0.3333333333333333,1.0,,,0.16,0.25,0.56,0.35714285714285715,0.8080808080808081,0.3709677419354839,0.4998449494949495,0.5017333333333334,0.430628,0.029411764705882353,0.12,,0.06930693069306931,0.26732673267326734,8.427272727272728,25.081818181818182,,0.36363636363636365,0.5,0.18,0.3031203566121842,player_totals,wnba,2026,Regular Season,/get-totals/wnba,"{""Season"": ""2026"", ""SeasonType"": ""Regular Season"", ""Type"": ""Player""}",20260921T185714Z,2026-09-21T18:57:18+00:00,f14677583f0a26b5c5400da85ea8d2f95beefc2b9e5bfb3a1435c243c24d221c,,,,,,0.06666666666666667,,,,,,"[""single_row_table_data"", ""multi_row_table_data""]",{},1628244,Sami Whitcomb,player_totals,2026-09-21T18:57:21+00:00,20260921T185714Z,1d6f022442e47797f263c59df1984c17ae1cda30747c05c48e345e69b8567ec6
1643455,1611661322,Angela Dugalic,Angela Dugalic,1643455,WAS,19549.5,36,326,-89,628,642,241.0,238.0,78.0,1270,24.0,38.0,7.0,10.0,10.0,14.0,12.0,21.0,,1.0,1.0,7.0,,1.0,1.0,2.0,3.0,25.0,,,1.0,14.0,36.0,60.0,4.0,32.0,17.0,101.0,691,8.0,14.0,,1.0,6.0,22.0,11.0,17.0,2.0,16.0,7.0,35.0,60.0,12.0,12.0,,6.0,25.0,3.0,7.0,,16.0,6.0,22.0,6.0,,9.0,6.0,1.0,50.0,5.0,13.0,2.0,21.0,39.0,4.0,64.0,20.0,84.0,2.0,12.0,8.0,4.0,10.0,4.0,8.0,13.0,,2.0,,2.0,23.0,1.0,8.0,14.0,34.0,,2.0,4.0,22.0,,1.0,2.0,25.0,1.0,,8.0,,5.0,6.0,1.0,1.0,2.0,,4.0,7.0,3.0,1.0,79.0,35.0,240.0,7.0,5.0,1.0,8.0,4.0,8.0,,3.0,5.0,,95.85987261146497,107.63239875389408,0.8333333333333334,0.9090909090909091,1.0,0.125,,0.125,0.125,0.6,0.5714285714285714,0.6470588235294118,0.45652173913043476,0.5333333333333333,0.42424242424242425,0.4855769230769231,0.6111111111111112,0.44871794871794873,0.34782608695652173,,0.11666666666666667,0.15789473684210525,0.047619047619047616,,17.349726775956285,0.43478260869565216,0.2222222222222222,0.07407407407407407,0.2582781456953642,0.08024691358024691,0.18584070796460178,0.03937007874015748,0.22727272727272727,0.06228373702422145,0.05714285714285714,0.07142857142857142,0.009615384615384616,0.17391304347826086,0.28888888888888886,0.2987012987012987,0.10344827586206896,0.17204301075268819,0.25,0.046511627906976744,0.42857142857142855,0.41304347826086957,0.631578947368421,0.75,0.7916666666666666,0.22826086956521738,0.5714285714285714,0.6,0.9166666666666666,0.010869565217391304,,,,0.07608695652173914,0.14285714285714285,0.14285714285714285,1.0,0.2717391304347826,0.12,0.12,1.0,0.6666666666666666,0.7,0.5714285714285714,0.06666666666666667,,,,,,0.42424242424242425,0.7142857142857143,0.06060606060606061,0.5,0.42424242424242425,0.07142857142857142,0.7608695652173914,0.12,0.5072703296703297,0.5164090909090909,0.5075878787878788,0.08080808080808081,0.11940298507462686,,0.21782178217821782,0.3465346534653465,4.065,25.8375,0.2857142857142857,0.375,,0.2962962962962963,0.3837579617834395,player_totals,wnba,2026,Regular Season,/get-totals/wnba,"{""Season"": ""2026"", ""SeasonType"": ""Regular Season"", ""Type"": ""Player""}",20260921T185714Z,2026-09-21T18:57:18+00:00,573cf661629055ea86c2046f27dbb83f8144731b72711a8be97e3047cfa00218,,,0.18181818181818182,,,,,,,,,"[""single_row_table_data"", ""multi_row_table_data""]",{},1643455,Angela Dugalic,player_totals,2026-09-21T18:57:21+00:00,20260921T185714Z,d13a1c2b6e8175616da9c77fdf626a487c556b10af1715a862bc6a5450797af5
1641683,1611661327,Holly Winterburn,Holly Winterburn,1641683,PDX,19502.5,29,325,-101,641,653,189.0,274.0,79.0,1294,17.0,25.0,1.0,1.0,4.0,8.0,15.0,28.0,,1.0,1.0,5.0,,2.0,,1.0,9.0,48.0,,7.0,5.0,14.0,32.0,54.0,10.0,53.0,22.0,116.0,747,2.0,2.0,,9.0,2.0,6.0,7.0,12.0,5.0,15.0,14.0,43.0,48.0,16.0,18.0,12.0,,48.0,9.0,4.0,1.0,29.0,22.0,51.0,14.0,8.0,18.0,9.0,2.0,124.0,8.0,2.0,,17.0,12.0,1.0,30.0,10.0,40.0,2.0,16.0,9.0,7.0,15.0,9.0,13.0,16.0,3.0,2.0,,2.0,31.0,1.0,7.0,11.0,31.0,,1.0,1.0,26.0,1.0,1.0,2.0,24.0,2.0,,9.0,,4.0,1.0,,,1.0,,,1.0,1.0,1.0,110.0,43.0,189.0,6.0,4.0,,8.0,,4.0,2.0,5.0,1.0,,100.78003120124805,114.39509954058192,0.75,0.75,0.6,0.18867924528301888,,0.3333333333333333,0.18867924528301888,0.5925925925925926,1.0,0.5833333333333334,0.4392523364485981,0.18181818181818182,0.5370370370370371,0.4915254237288136,0.25,0.6142857142857143,0.4953271028037383,0.018867924528301886,0.07407407407407407,0.04,0.07142857142857142,0.020833333333333332,20.272108843537417,0.4838709677419355,0.047619047619047616,,0.0967741935483871,0.01694915254237288,0.11409395973154363,0.04519774011299435,0.10622710622710622,0.03389830508474576,0.022222222222222223,,0.045454545454545456,0.044444444444444446,0.0975609756097561,0.08695652173913043,0.14285714285714285,0.10810810810810811,0.13157894736842105,0.03333333333333333,1.0,0.2336448598130841,0.68,0.7083333333333334,0.7647058823529411,0.2616822429906542,0.5357142857142857,0.5769230769230769,0.7333333333333333,0.009345794392523364,,,,0.04672897196261682,0.2,0.2,1.0,0.4485981308411215,0.1875,0.19148936170212766,0.5555555555555556,0.09090909090909091,1.0,1.0,0.18181818181818182,,,0.6363636363636364,,,0.2962962962962963,0.5,0.037037037037037035,,0.5185185185185185,0.35714285714285715,0.7289719626168224,0.1875,0.4977764150943396,0.49467999999999995,0.5062711538461538,0.07894736842105263,0.14754098360655737,,0.05172413793103448,0.3706896551724138,5.357407407407408,26.354716981132075,0.5,0.15384615384615385,,0.3488372093023256,0.2948517940717629,player_totals,wnba,2026,Regular Season,/get-totals/wnba,"{""Season"": ""2026"", ""SeasonType"": ""Regular Season"", ""Type"": ""Player""}",20260921T185714Z,2026-09-21T18:57:18+00:00,9749152595baa8e1fa8f79b339726abf38ebc907a128100be9dea9a47534943e,,1.0,0.1,,,,,,,,,"[""single_row_table_data"", ""multi_row_table_data""]",{},1641683,Holly Winterburn,player_totals,2026-09-21T18:57:21+00:00,20260921T185714Z,226c8125809a8ae2c972fdcbb418836e8f8f6c06c4be9bf923a813fea83ac055
204323,1611661319,Cheyenne Parker-Tyus,Cheyenne Parker-Tyus,204323,LVA,19467.8,29,324,14,644,667,264.0,217.0,75.0,1311,35.0,54.0,7.0,14.0,13.0,21.0,10.0,31.0,,1.0,2.0,3.0,,,,,7.0,14.0,,1.0,1.0,3.0,45.0,86.0,9.0,17.0,44.0,161.0,713,10.0,21.0,,1.0,8.0,28.0,14.0,33.0,1.0,3.0,21.0,52.0,70.0,20.0,27.0,,14.0,14.0,7.0,11.0,,15.0,4.0,19.0,4.0,,7.0,7.0,1.0,42.0,12.0,18.0,,27.0,22.0,9.0,58.0,30.0,88.0,4.0,13.0,9.0,4.0,5.0,3.0,3.0,12.0,1.0,2.0,,1.0,17.0,2.0,7.0,28.0,53.0,,,7.0,51.0,,5.0,3.0,56.0,4.0,,23.0,,7.0,21.0,,,11.0,,9.0,21.0,12.0,,133.0,52.0,264.0,3.0,7.0,,5.0,2.0,8.0,1.0,5.0,1.0,,112.88819875776397,106.89655172413794,0.7777777777777778,0.9210526315789473,1.0,0.5294117647058824,,0.3333333333333333,0.5294117647058824,0.5232558139534884,0.47619047619047616,0.42424242424242425,0.5679611650485437,0.45454545454545453,0.4305555555555556,0.624031007751938,0.5185185185185185,0.5531914893617021,0.1650485436893204,,0.12790697674418605,0.09259259259259259,0.1935483870967742,,20.054945054945055,0.29411764705882354,0.4090909090909091,,0.12716763005780346,0.11392405063291139,0.20454545454545456,0.0851063829787234,0.16065573770491803,0.10033444816053512,0.11428571428571428,0.12087912087912088,0.08264462809917356,0.1,0.1702127659574468,0.12359550561797752,0.08108108108108109,0.16346153846153846,0.35714285714285715,0.10526315789473684,0.5714285714285714,0.5242718446601942,0.6481481481481481,0.7142857142857143,0.7428571428571429,0.30097087378640774,0.3225806451612903,0.4,0.9,0.009708737864077669,,,,0.02912621359223301,0.6666666666666666,0.6666666666666666,1.0,0.13592233009708737,0.5,0.5,1.0,0.6363636363636364,0.5,,,,,0.045454545454545456,,,0.5833333333333334,0.6190476190476191,,,0.08333333333333333,0.3333333333333333,0.6893203883495146,0.5,0.5159868932038835,0.5247136363636363,0.5185013888888889,0.1885245901639344,0.21904761904761905,,0.17391304347826086,0.32298136645962733,4.281395348837209,25.058823529411764,0.3157894736842105,0.38095238095238093,1.0,,0.40993788819875776,player_totals,wnba,2026,Regular Season,/get-totals/wnba,"{""Season"": ""2026"", ""SeasonType"": ""Regular Season"", ""Type"": ""Player""}",20260921T185714Z,2026-09-21T18:57:18+00:00,7ced418c07d96e502df01671111033d4874eda18ac3327112ee529e9c10522da,,,0.09375,1.0,,,,,,,,"[""single_row_table_data"", ""multi_row_table_data""]",{},204323,Cheyenne Parker-Tyus,player_totals,2026-09-21T18:57:21+00:00,20260921T185714Z,5614550452503ea070d55770fdbf140f898c4062d6b2f047bbdf0586bb7ac245
1643429,1611661323,Gianna Kneepkens,Gianna Kneepkens,1643429,CON,19364.3,34,323,-113,650,663,216.0,290.0,85.0,1313,10.0,15.0,1.0,1.0,2.0,4.0,16.0,30.0,,5.0,3.0,8.0,2.0,2.0,,1.0,9.0,47.0,,2.0,4.0,15.0,26.0,50.0,12.0,55.0,22.0,110.0,723,3.0,7.0,2.0,4.0,1.0,13.0,8.0,15.0,4.0,16.0,14.0,42.0,28.0,24.0,36.0,,4.0,47.0,9.0,4.0,1.0,7.0,8.0,15.0,7.0,1.0,6.0,1.0,,38.0,7.0,7.0,,10.0,14.0,5.0,29.0,14.0,43.0,,6.0,4.0,2.0,6.0,,5.0,2.0,1.0,1.0,,,8.0,,2.0,16.0,49.0,,5.0,1.0,17.0,2.0,,3.0,23.0,1.0,1.0,6.0,3.0,2.0,2.0,1.0,1.0,1.0,,1.0,3.0,3.0,,97.0,42.0,216.0,12.0,1.0,1.0,9.0,2.0,4.0,,1.0,,,93.84615384615384,109.0497737556561,0.5384615384615384,0.5833333333333334,1.0,0.21818181818181817,0.5,0.25,0.21818181818181817,0.52,0.42857142857142855,0.5333333333333333,0.41904761904761906,0.5454545454545454,0.45161290322580644,0.4780701754385965,0.5909090909090909,0.5675675675675675,0.5238095238095238,0.01818181818181818,0.08,0.2,0.03333333333333333,0.02127659574468085,16.266666666666666,0.75,0.23809523809523808,,0.09655172413793103,0.035897435897435895,0.09174311926605505,0.04964539007092199,0.09448818897637795,0.041666666666666664,0.0784313725490196,0.009900990099009901,0.03389830508474576,0.13043478260869565,0.06976744186046512,0.0759493670886076,0.21739130434782608,0.09302325581395349,0.08695652173913043,,1.0,0.14285714285714285,0.6666666666666666,0.8333333333333334,0.5,0.2857142857142857,0.5333333333333333,0.5517241379310345,0.5625,0.047619047619047616,,,,0.0761904761904762,0.375,0.375,1.0,0.44761904761904764,0.19148936170212766,0.1956521739130435,1.0,0.09090909090909091,1.0,,0.18181818181818182,1.0,1.0,0.18181818181818182,,,0.12903225806451613,0.5,0.03225806451612903,,0.4838709677419355,0.26666666666666666,0.6666666666666666,0.19148936170212766,0.48894038461538464,0.5452857142857143,0.45764166666666667,0.08035714285714286,0.10909090909090909,0.05263157894736842,0.11818181818181818,0.38181818181818183,7.867999999999999,25.319999999999997,0.6,0.21428571428571427,0.25,0.3023255813953488,0.3323076923076923,player_totals,wnba,2026,Regular Season,/get-totals/wnba,"{""Season"": ""2026"", ""SeasonType"": ""Regular Season"", ""Type"": ""Player""}",20260921T185714Z,2026-09-21T18:57:18+00:00,060cc46a47fecba366b0eefbccdea11b7f93b039a448bb6b2e4fa257ee954405,1.0,,0.046511627906976744,,,,,,,,,"[""single_row_table_data"", ""multi_row_table_data""]",{},1643429,Gianna Kneepkens,player_totals,2026-09-21T18:57:21+00:00,20260921T185714Z,b1f4979e0062dc1fad13b9417b8ec310bfb62a81f6acca3e7dbf229a4b5723e7
1643505,1611661317,Jovana Nogic,Jovana Nogic,1643505,PHX,19350.6,16,323,8,629,635,174.0,139.0,80.0,1264,7.0,19.0,,1.0,1.0,5.0,6.0,16.0,5.0,8.0,4.0,9.0,,1.0,1.0,4.0,28.0,67.0,1.0,5.0,8.0,19.0,18.0,43.0,32.0,76.0,34.0,166.0,679,3.0,5.0,1.0,6.0,2.0,11.0,2.0,10.0,9.0,23.0,12.0,43.0,6.0,30.0,72.0,24.0,2.0,67.0,28.0,4.0,2.0,22.0,4.0,26.0,2.0,2.0,13.0,6.0,3.0,56.0,2.0,4.0,1.0,3.0,7.0,,10.0,7.0,17.0,2.0,10.0,8.0,2.0,12.0,2.0,11.0,11.0,1.0,1.0,1.0,6.0,23.0,1.0,2.0,13.0,36.0,,1.0,1.0,30.0,2.0,,4.0,38.0,1.0,3.0,13.0,1.0,3.0,,,,,,,,,,155.0,42.0,172.0,2.0,2.0,,10.0,,13.0,,16.0,2.0,,109.22098569157393,106.92913385826772,0.16666666666666666,0.17647058823529413,0.75,0.42105263157894735,0.16666666666666666,0.391304347826087,0.42105263157894735,0.4186046511627907,0.6,0.2,0.5546218487394958,0.4090909090909091,0.4696969696969697,0.6037037037037037,0.4583333333333333,0.5384615384615384,0.6386554621848739,0.02631578947368421,0.09302325581395349,0.10526315789473684,0.125,0.029850746268656716,21.974965229485395,0.5217391304347826,,0.05555555555555555,0.04487179487179487,0.024691358024691357,0.024,0.015267175572519083,0.03558718861209965,0.020477815699658702,0.046511627906976744,0.02247191011235955,0.019417475728155338,,0.058823529411764705,0.05405405405405406,,0.02,0.04,0.03225806451612903,,0.15966386554621848,0.3684210526315789,0.4117647058823529,0.14285714285714285,0.13445378151260504,0.375,0.42857142857142855,,0.06722689075630252,0.625,0.625,0.4,0.07563025210084033,0.4444444444444444,0.4444444444444444,1.0,0.5630252100840336,0.417910447761194,0.4307692307692308,0.7142857142857143,0.09090909090909091,,,0.09090909090909091,,,0.45454545454545453,0.2,1.0,0.15151515151515152,0.2,0.12121212121212122,0.25,0.5757575757575758,0.42105263157894735,0.7983193277310925,0.417910447761194,0.5143050847457628,0.4810055555555555,0.508890625,0.10606060606060606,0.23636363636363636,0.012987012987012988,0.06626506024096386,0.25903614457831325,6.806976744186046,25.882894736842104,0.4166666666666667,0.4,,0.32558139534883723,0.2766295707472178,player_totals,wnba,2026,Regular Season,/get-totals/wnba,"{""Season"": ""2026"", ""SeasonType"": ""Regular Season"", ""Type"": ""Player""}",20260921T185714Z,2026-09-21T18:57:18+00:00,8cae1be925446bcb3c0fba69e31a00981770b747db8d920513461ba2c1d6c27d,,,,,,,,,,,,"[""single_row_table_data"", ""multi_row_table_data""]",{},1643505,Jovana Nogic,player_totals,2026-09-21T18:57:21+00:00,20260921T185714Z,74f6c52814488bd18f2d9b925683c4d2f8c175171da37c006def5ac685f5a970
1629574,1611661321,Li Yueru,Li Yueru,1629574,DAL,19347.2,31,322,37,642,658,192.0,204.0,87.0,1300,19.0,29.0,6.0,14.0,2.0,4.0,2.0,13.0,,,4.0,6.0,,,2.0,3.0,4.0,29.0,,,2.0,8.0,21.0,42.0,8.0,35.0,39.0,105.0,694,6.0,15.0,,,7.0,19.0,3.0,9.0,4.0,11.0,21.0,39.0,32.0,10.0,24.0,,8.0,29.0,4.0,10.0,,7.0,6.0,13.0,6.0,,4.0,2.0,1.0,32.0,11.0,14.0,3.0,18.0,37.0,5.0,60.0,28.0,88.0,3.0,4.0,4.0,,8.0,1.0,4.0,11.0,1.0,4.0,,3.0,19.0,1.0,7.0,19.0,43.0,,5.0,4.0,63.0,1.0,8.0,3.0,52.0,6.0,,22.0,,7.0,11.0,,,5.0,,6.0,11.0,6.0,,86.0,39.0,188.0,3.0,6.0,,2.0,,1.0,,6.0,,1.0,113.86292834890966,105.47112462006079,0.7619047619047619,0.9411764705882353,1.0,0.22857142857142856,,0.36363636363636365,0.22857142857142856,0.5,0.4,0.3333333333333333,0.42857142857142855,0.4,0.45,0.525,0.5277777777777778,0.5909090909090909,0.45454545454545453,,0.23809523809523808,0.1724137931034483,0.38461538461538464,,16.01615074024226,0.42105263157894735,0.23809523809523808,0.1111111111111111,0.21893491124260356,0.07909604519774012,0.1267605633802817,0.09243697478991597,0.17684887459807075,0.08445945945945946,0.08888888888888889,0.05747126436781609,0.09278350515463918,0.09090909090909091,0.16666666666666666,0.2857142857142857,0.12903225806451613,0.12605042016806722,0.13043478260869565,0.07894736842105263,0.5454545454545454,0.37662337662337664,0.6551724137931034,0.7916666666666666,0.7368421052631579,0.16883116883116883,0.15384615384615385,0.25,1.0,,,,,0.07792207792207792,0.6666666666666666,0.6666666666666666,1.0,0.37662337662337664,0.13793103448275862,0.13793103448275862,1.0,0.9333333333333333,0.42857142857142855,0.16666666666666666,,,,,,,0.2,0.5,0.15,0.6666666666666666,0.4,0.25,0.8311688311688312,0.13793103448275862,0.520961038961039,0.5888,0.48560749999999997,0.23655913978494625,0.3793103448275862,,0.18095238095238095,0.37142857142857144,4.05,25.08,0.7,0.09090909090909091,,0.2222222222222222,0.29906542056074764,player_totals,wnba,2026,Regular Season,/get-totals/wnba,"{""Season"": ""2026"", ""SeasonType"": ""Regular Season"", ""Type"": ""Player""}",20260921T185714Z,2026-09-21T18:57:18+00:00,1d2d89b55442be72ccae388a229d94190501f1478ed57c23a0f15496ef9a6d5a,,,0.1111111111111111,,4.0,,,,,,,"[""single_row_table_data"", ""multi_row_table_data""]",{},1629574,Li Yueru,player_totals,2026-09-21T18:57:21+00:00,20260921T185714Z,d40266716fcc200a4f056761cc07087f0ec44c8f58965bfba2945b062f623697
1642817,1611661323,Hailey Van Lith,Hailey Van Lith,1642817,CON,19238.5,21,321,-126,646,650,242.0,295.0,82.0,1296,11.0,17.0,1.0,1.0,6.0,8.0,13.0,35.0,6.0,17.0,6.0,14.0,1.0,2.0,3.0,6.0,6.0,21.0,1.0,5.0,1.0,7.0,30.0,69.0,12.0,35.0,12.0,108.0,719,2.0,4.0,2.0,7.0,,10.0,14.0,26.0,4.0,13.0,8.0,48.0,18.0,42.0,36.0,,,21.0,6.0,7.0,1.0,30.0,9.0,39.0,7.0,2.0,12.0,9.0,9.0,87.0,2.0,4.0,,11.0,8.0,2.0,21.0,6.0,27.0,,15.0,8.0,7.0,17.0,1.0,14.0,6.0,1.0,3.0,1.0,2.0,23.0,2.0,7.0,10.0,27.0,,2.0,,21.0,1.0,,1.0,14.0,3.0,2.0,6.0,,1.0,4.0,,,1.0,,2.0,4.0,2.0,,98.0,48.0,242.0,5.0,1.0,3.0,21.0,1.0,5.0,,12.0,,,91.79566563467492,110.61538461538461,0.3,0.3,1.0,0.34285714285714286,0.2857142857142857,0.3076923076923077,0.34285714285714286,0.43478260869565216,0.5,0.5384615384615384,0.46153846153846156,0.45454545454545453,0.5128205128205128,0.49537037037037035,0.45454545454545453,0.5714285714285714,0.33653846153846156,0.02857142857142857,0.10144927536231885,,0.17142857142857143,0.047619047619047616,17.774762550881952,0.7391304347826086,0.06896551724137931,,0.061068702290076333,0.021052631578947368,0.088,0.016,0.07421875,0.01904761904761905,0.0196078431372549,0.02247191011235955,0.02,,0.02,0.1016949152542373,0.045454545454545456,0.08247422680412371,0.10714285714285714,,0.5,0.16346153846153846,0.6470588235294118,0.6470588235294118,0.36363636363636365,0.33653846153846156,0.37142857142857144,0.4482758620689655,0.15384615384615385,0.16346153846153846,0.35294117647058826,0.375,0.5,0.1346153846153846,0.42857142857142855,0.42857142857142855,1.0,0.20192307692307693,0.2857142857142857,0.3,1.0,0.09090909090909091,1.0,,0.18181818181818182,0.5,1.0,0.45454545454545453,0.2,1.0,0.20512820512820512,0.75,0.15384615384615385,0.5,0.1794871794871795,0.14285714285714285,0.5,0.2857142857142857,0.4638825242718446,0.50906875,0.4602631578947368,0.056074766355140186,0.08333333333333333,,0.09259259259259259,0.4444444444444444,8.797101449275363,24.92285714285714,0.16666666666666666,0.19047619047619047,0.1,0.38095238095238093,0.3746130030959752,player_totals,wnba,2026,Regular Season,/get-totals/wnba,"{""Season"": ""2026"", ""SeasonType"": ""Regular Season"", ""Type"": ""Player""}",20260921T185714Z,2026-09-21T18:57:18+00:00,ad5b9883a73802b40d65e43e64596cd62d9fa827570fcf614bf111095f995faa,,0.058823529411764705,0.02,1.0,,,,,,,,"[""single_row_table_data"", ""multi_row_table_data""]",{},1642817,Hailey Van Lith,player_totals,2026-09-21T18:57:21+00:00,20260921T185714Z,1f1b90a5ee6c4be40b3213399901c3b9bb0f6bff574db25774f338b4ecf173f1
1630148,1611661320,Jihyun Park,Jihyun Park,1630148,LAS,18655.699999999997,34,311,-31,660,665,223.0,221.0,66.0,1325,10.0,12.0,,,3.0,3.0,8.0,18.0,,4.0,4.0,14.0,,,,3.0,5.0,19.0,,,1.0,4.0,18.0,34.0,9.0,33.0,12.0,75.0,734,2.0,3.0,,,1.0,5.0,6.0,11.0,1.0,7.0,6.0,21.0,24.0,12.0,24.0,3.0,2.0,19.0,5.0,2.0,,7.0,11.0,18.0,10.0,1.0,3.0,2.0,2.0,47.0,7.0,3.0,,13.0,9.0,2.0,24.0,10.0,34.0,3.0,14.0,13.0,1.0,8.0,1.0,6.0,2.0,,2.0,,1.0,10.0,,4.0,12.0,38.0,,4.0,,21.0,1.0,4.0,4.0,21.0,1.0,,6.0,,5.0,1.0,,,,,1.0,1.0,1.0,1.0,70.0,21.0,223.0,8.0,4.0,,12.0,,6.0,,,,,106.51515151515152,110.37593984962406,0.6666666666666666,0.7058823529411765,0.8888888888888888,0.2727272727272727,,0.14285714285714285,0.2727272727272727,0.5294117647058824,0.6666666666666666,0.5454545454545454,0.4701492537313433,0.6666666666666666,0.4166666666666667,0.487012987012987,0.625,0.4375,0.4925373134328358,,0.058823529411764705,,0.1111111111111111,,11.80461329715061,0.8,0.09090909090909091,,0.057692307692307696,0.019230769230769232,0.10077519379844961,0.05343511450381679,0.07719298245614035,0.03484320557491289,,0.02702702702702703,0.056074766355140186,0.041666666666666664,0.046153846153846156,0.07142857142857142,0.047619047619047616,0.09345794392523364,0.13636363636363635,0.08108108108108109,1.0,0.1791044776119403,0.8333333333333334,0.8333333333333334,0.6,0.26865671641791045,0.4444444444444444,0.5,0.75,0.05970149253731343,,,,0.208955223880597,0.2857142857142857,0.2857142857142857,1.0,0.2835820895522388,0.2631578947368421,0.2631578947368421,0.8,,,,,,,,,,0.16666666666666666,1.0,0.16666666666666666,,0.2222222222222222,0.25,0.6716417910447762,0.2631578947368421,0.49939328358208956,0.5143333333333333,0.4477861111111111,0.08333333333333333,0.15384615384615385,,0.06666666666666667,0.28,7.635294117647059,24.303030303030305,,0.3,,0.2916666666666667,0.3378787878787879,player_totals,wnba,2026,Regular Season,/get-totals/wnba,"{""Season"": ""2026"", ""SeasonType"": ""Regular Season"", ""Type"": ""Player""}",20260921T185714Z,2026-09-21T18:57:18+00:00,78fac72895511d76a31b3db6004cf6a7cb6885191ae4ac45b6af6087712ab537,,,0.03333333333333333,,,,,,,,,"[""single_row_table_data"", ""multi_row_table_data""]",{},1630148,Jihyun Park,player_totals,2026-09-21T18:57:21+00:00,20260921T185714Z,97df6b6675baf7322c35f8348083d835452b6973e1d6fc77096b4bf410b0e148
1630461,1611661332,Kiana Williams,Kiana Williams,1630461,TOR,18551.300000000003,24,309,-68,640,641,237.0,206.0,76.0,1281,7.0,12.0,2.0,2.0,3.0,6.0,8.0,18.0,1.0,3.0,6.0,11.0,,,3.0,3.0,13.0,56.0,3.0,5.0,6.0,24.0,16.0,33.0,19.0,67.0,9.0,98.0,714,3.0,4.0,3.0,5.0,,15.0,7.0,18.0,9.0,27.0,2.0,43.0,14.0,18.0,42.0,15.0,2.0,56.0,13.0,4.0,1.0,21.0,8.0,29.0,7.0,1.0,13.0,7.0,1.0,66.0,1.0,,,3.0,5.0,1.0,9.0,1.0,10.0,,9.0,7.0,2.0,13.0,3.0,13.0,7.0,,,1.0,1.0,20.0,,3.0,6.0,25.0,1.0,1.0,,8.0,,,,12.0,1.0,,5.0,1.0,,1.0,,,1.0,,,1.0,,,83.0,43.0,237.0,5.0,,,2.0,,,,,,,100.9375,111.38845553822152,0.4375,0.4666666666666667,0.7368421052631579,0.2835820895522388,0.6,0.3333333333333333,0.2835820895522388,0.48484848484848486,0.75,0.3888888888888889,0.445,0.8333333333333334,0.45555555555555555,0.4666666666666667,0.8333333333333334,0.4574468085106383,0.67,0.014925373134328358,0.12121212121212122,0.08333333333333333,0.1111111111111111,0.017857142857142856,17.337031900138697,0.65,0.05555555555555555,,0.03205128205128205,,0.0234375,0.00625,0.028169014084507043,0.003236245954692557,,,,0.029411764705882353,0.015151515151515152,0.05,0.03333333333333333,0.02,0.03571428571428571,,,0.12,0.5833333333333334,0.6363636363636364,0.2857142857142857,0.18,0.4444444444444444,0.5,0.5,0.03,0.3333333333333333,0.5,1.0,0.11,0.5454545454545454,0.5454545454545454,1.0,0.56,0.23214285714285715,0.23636363636363636,0.6153846153846154,0.2222222222222222,1.0,0.5,,,,0.5555555555555556,0.6,0.6666666666666666,0.13333333333333333,0.5,0.06666666666666667,1.0,0.5333333333333333,0.25,0.79,0.23214285714285715,0.5041964646464646,0.5272399999999999,0.47327272727272723,0.04807692307692308,0.13513513513513514,,0.15306122448979592,0.4387755102040816,6.606060606060606,25.668656716417907,,0.2,1.0,0.2553191489361702,0.3703125,player_totals,wnba,2026,Regular Season,/get-totals/wnba,"{""Season"": ""2026"", ""SeasonType"": ""Regular Season"", ""Type"": ""Player""}",20260921T185714Z,2026-09-21T18:57:18+00:00,108f1fc3b2d42b8da6f1f2599143ae14c9e7cb30c40a71627000623c03a5576e,,0.3333333333333333,,,,,,,,,,"[""single_row_table_data"", ""multi_row_table_data""]",{},1630461,Kiana Williams,player_totals,2026-09-21T18:57:21+00:00,20260921T185714Z,bf1e41c82c02b4ac8a8f840451f15247f64f282b8a7ee7494e491f106da27e62
1642797,1611661324,Anastasiia Olairi Kosu,Anastasiia Olairi Kosu,1642797,MIN,18422.4,30,307,106,604,620,155.0,187.0,86.0,1224,29.0,50.0,8.0,13.0,8.0,14.0,8.0,25.0,,4.0,1.0,1.0,,,,,1.0,2.0,,,,1.0,37.0,79.0,2.0,3.0,28.0,108.0,625,11.0,20.0,,,7.0,29.0,10.0,20.0,,1.0,9.0,29.0,48.0,26.0,6.0,,12.0,2.0,1.0,9.0,,13.0,7.0,20.0,6.0,1.0,7.0,3.0,3.0,47.0,8.0,26.0,1.0,10.0,12.0,2.0,24.0,35.0,59.0,7.0,17.0,10.0,7.0,9.0,1.0,5.0,10.0,,4.0,,3.0,19.0,4.0,4.0,23.0,37.0,1.0,2.0,3.0,22.0,,3.0,,33.0,1.0,,15.0,,2.0,12.0,,,3.0,,9.0,12.0,10.0,1.0,79.0,29.0,155.0,3.0,2.0,,7.0,1.0,7.0,,,,,121.02649006622516,100.80645161290322,0.6486486486486487,0.7741935483870968,1.0,0.6666666666666666,,,0.6666666666666666,0.46835443037974683,0.55,0.5,0.4878048780487805,0.55,0.47619047619047616,0.5510204081632653,0.6041666666666666,0.5576923076923077,0.036585365853658534,,0.11392405063291139,0.12,0.12,,16.666666666666668,0.47368421052631576,0.125,0.07692307692307693,0.07792207792207792,0.15294117647058825,0.06944444444444445,0.09876543209876543,0.0738255033557047,0.13545816733067728,0.13333333333333333,0.2222222222222222,0.1111111111111111,0.05555555555555555,0.07017543859649122,0.0821917808219178,0.08333333333333333,0.08181818181818182,0.029411764705882353,0.20588235294117646,0.8333333333333334,0.6097560975609756,0.58,0.6590909090909091,0.6896551724137931,0.3048780487804878,0.32,0.36363636363636365,0.5,0.04878048780487805,,,,0.012195121951219513,1.0,1.0,1.0,0.024390243902439025,0.5,0.5,1.0,0.65,0.6153846153846154,0.375,,,,,,,0.6666666666666666,0.5714285714285714,,,0.047619047619047616,,0.6463414634146342,0.5,0.5330134146341463,0.4941388888888889,0.5375,0.15625,0.16129032258064516,,0.26851851851851855,0.26851851851851855,3.946835443037975,23.366666666666664,0.2857142857142857,0.5294117647058824,0.25,1.0,0.25662251655629137,player_totals,wnba,2026,Regular Season,/get-totals/wnba,"{""Season"": ""2026"", ""SeasonType"": ""Regular Season"", ""Type"": ""Player""}",20260921T185714Z,2026-09-21T18:57:18+00:00,5f2d6e9db435e8a7da2b93316685d3b948e58ebbdbbb78985cd1b7e7161f5916,,,0.0851063829787234,,,,,,,,,"[""single_row_table_data"", ""multi_row_table_data""]",{},1642797,Anastasiia Olairi Kosu,player_totals,2026-09-21T18:57:21+00:00,20260921T185714Z,35696133a3a0b832df594533eeaaed7149841d86ded38a3f89d53b9035fdb8e8
1629496,1611661328,Ezi Magbegor,Ezi Magbegor,1629496,SEA,17140.0,14,286,-43,594,601,97.0,130.0,60.0,1195,17.0,33.0,4.0,6.0,5.0,7.0,11.0,29.0,1.0,5.0,1.0,4.0,,,,,7.0,22.0,1.0,3.0,1.0,3.0,29.0,67.0,8.0,26.0,14.0,96.0,634,4.0,6.0,1.0,3.0,4.0,15.0,6.0,11.0,1.0,3.0,4.0,19.0,48.0,10.0,24.0,,4.0,22.0,7.0,11.0,,10.0,15.0,25.0,14.0,1.0,5.0,3.0,2.0,65.0,,7.0,,16.0,31.0,2.0,49.0,7.0,56.0,4.0,11.0,7.0,4.0,8.0,5.0,6.0,7.0,,2.0,,2.0,15.0,1.0,3.0,27.0,35.0,,3.0,,21.0,,2.0,1.0,16.0,4.0,,9.0,,1.0,17.0,,,5.0,,12.0,17.0,13.0,,81.0,19.0,95.0,2.0,1.0,3.0,7.0,,15.0,,15.0,,,99.4949494949495,105.49084858569051,0.8275862068965517,0.8888888888888888,1.0,0.3076923076923077,0.3333333333333333,0.3333333333333333,0.3076923076923077,0.43283582089552236,0.6666666666666666,0.5454545454545454,0.44086021505376344,0.6111111111111112,0.5357142857142857,0.48484848484848486,0.6818181818181818,0.59375,0.27956989247311825,,0.16417910447761194,0.21212121212121213,0.13793103448275862,,17.168674698795183,0.5333333333333333,0.15384615384615385,,0.19375,0.03888888888888889,0.13114754098360656,,0.16666666666666666,0.02287581699346405,0.06896551724137931,0.010309278350515464,,,0.14545454545454545,0.21739130434782608,0.23076923076923078,0.11,0.22727272727272727,0.08888888888888889,0.7647058823529411,0.3548387096774194,0.5151515151515151,0.6538461538461539,0.8235294117647058,0.3118279569892473,0.3793103448275862,0.44,0.8181818181818182,0.053763440860215055,0.2,0.2,1.0,0.043010752688172046,0.25,0.25,1.0,0.23655913978494625,0.3181818181818182,0.3181818181818182,1.0,0.6666666666666666,0.6666666666666666,0.5,,,,0.3333333333333333,0.3333333333333333,1.0,0.5,0.7142857142857143,,,0.21428571428571427,0.3333333333333333,0.6344086021505376,0.3181818181818182,0.49778817204301073,0.58953125,0.5361535714285715,0.09183673469387756,0.125,,0.15625,0.19791666666666666,5.7432835820895525,24.26923076923077,0.3125,0.2777777777777778,,0.16666666666666666,0.1632996632996633,player_totals,wnba,2026,Regular Season,/get-totals/wnba,"{""Season"": ""2026"", ""SeasonType"": ""Regular Season"", ""Type"": ""Player""}",20260921T185714Z,2026-09-21T18:57:18+00:00,d81d19f5f17e54091fa97d44aa39ac9f9db24c7caec984f59b639e3290427aae,,,0.08,,,,,,,,,"[""single_row_table_data"", ""multi_row_table_data""]",{},1629496,Ezi Magbegor,player_totals,2026-09-21T18:57:21+00:00,20260921T185714Z,9a855b2c05b5f15a813805c16876f72b5078a708fd1b6688776f0183cc417378
1642307,1611661328,Mackenzie Holmes,Mackenzie Holmes,1642307,SEA,16955.4,28,283,-77,555,562,167.0,179.0,81.0,1117,17.0,26.0,4.0,7.0,6.0,7.0,7.0,15.0,1.0,2.0,4.0,7.0,1.0,1.0,,,2.0,6.0,,,1.0,3.0,25.0,43.0,6.0,13.0,12.0,80.0,581,6.0,11.0,1.0,1.0,3.0,18.0,8.0,13.0,1.0,3.0,7.0,26.0,40.0,10.0,18.0,,4.0,6.0,2.0,3.0,,6.0,9.0,15.0,6.0,3.0,3.0,3.0,,39.0,12.0,16.0,,15.0,34.0,6.0,55.0,28.0,83.0,1.0,18.0,14.0,4.0,7.0,2.0,5.0,6.0,,2.0,,1.0,13.0,,4.0,21.0,39.0,,3.0,3.0,23.0,1.0,3.0,3.0,17.0,1.0,,4.0,,5.0,6.0,,,1.0,,5.0,6.0,3.0,1.0,62.0,26.0,167.0,4.0,5.0,,13.0,2.0,7.0,,3.0,,,90.8108108108108,103.38078291814946,0.8,0.8695652173913043,1.0,0.46153846153846156,1.0,0.3333333333333333,0.46153846153846156,0.5813953488372093,0.5454545454545454,0.6153846153846154,0.6071428571428571,0.625,0.59375,0.625,0.6428571428571429,0.5909090909090909,0.23214285714285715,,0.06976744186046512,0.07692307692307693,0.06666666666666667,,11.882716049382715,0.5384615384615384,0.2857142857142857,,0.22818791946308725,0.09696969696969697,0.14285714285714285,0.09302325581395349,0.19291338582677164,0.09523809523809523,,0.11956521739130435,0.09375,0.09090909090909091,0.11627906976744186,0.3076923076923077,0.17857142857142858,0.15294117647058825,0.1,0.047619047619047616,0.5,0.4642857142857143,0.6538461538461539,0.7083333333333334,0.8235294117647058,0.26785714285714285,0.4666666666666667,0.5,0.7142857142857143,0.03571428571428571,0.5,0.5,1.0,0.125,0.5714285714285714,0.5714285714285714,1.0,0.10714285714285714,0.3333333333333333,0.3333333333333333,1.0,0.5833333333333334,0.5714285714285714,0.25,0.08333333333333333,1.0,1.0,,,,0.4375,0.8571428571428571,,,0.1875,0.3333333333333333,0.6964285714285714,0.3333333333333333,0.5113571428571428,0.5314277777777777,0.497834375,0.06779661016949153,0.08695652173913043,,0.225,0.325,4.9837209302325585,24.13076923076923,0.2222222222222222,0.5714285714285714,1.0,0.14285714285714285,0.3009009009009009,player_totals,wnba,2026,Regular Season,/get-totals/wnba,"{""Season"": ""2026"", ""SeasonType"": ""Regular Season"", ""Type"": ""Player""}",20260921T185714Z,2026-09-21T18:57:18+00:00,076f0be7e8573aac4b677cd115594f4f2235ca219c7d957254bc64ad54caac16,,,0.15625,,,,,,,,,"[""single_row_table_data"", ""multi_row_table_data""]",{},1642307,Mackenzie Holmes,player_totals,2026-09-21T18:57:21+00:00,20260921T185714Z,8344e5d340b382e7358b2e8dde702549d921f142f88fab01bc56942a0ab5903d
1641657,1611661324,Dorka Juhasz,Dorka Juhasz,1641657,MIN,16653.0,19,278,-51,552,559,133.0,131.0,69.0,1111,8.0,11.0,2.0,2.0,3.0,4.0,3.0,7.0,2.0,4.0,4.0,10.0,1.0,2.0,1.0,2.0,10.0,36.0,1.0,4.0,1.0,9.0,13.0,22.0,14.0,46.0,1.0,69.0,610,3.0,4.0,2.0,6.0,,12.0,4.0,6.0,2.0,11.0,,14.0,22.0,4.0,42.0,,2.0,36.0,10.0,4.0,1.0,17.0,6.0,23.0,5.0,1.0,10.0,6.0,1.0,52.0,2.0,4.0,1.0,12.0,31.0,2.0,45.0,7.0,52.0,1.0,5.0,5.0,,4.0,,4.0,6.0,1.0,,,3.0,10.0,1.0,3.0,9.0,17.0,,,2.0,8.0,,2.0,,4.0,,,1.0,,1.0,12.0,,,8.0,,4.0,12.0,5.0,,57.0,14.0,132.0,2.0,1.0,,,,,,,,,101.268115942029,109.12343470483006,0.8461538461538461,0.9166666666666666,1.0,0.30434782608695654,0.3333333333333333,0.18181818181818182,0.30434782608695654,0.5909090909090909,0.75,0.6666666666666666,0.5,0.6,0.4117647058823529,0.4928571428571429,0.6,0.3888888888888889,0.6764705882352942,0.021739130434782608,0.18181818181818182,0.18181818181818182,0.2857142857142857,,12.738853503184712,0.4,0.125,0.16666666666666666,0.2108843537414966,0.026845637583892617,0.10084033613445378,0.01680672268907563,0.16165413533834586,0.022388059701492536,0.02127659574468085,0.03125,0.010638297872340425,0.04,0.16129032258064516,0.26229508196721313,0.20833333333333334,0.10465116279069768,0.09090909090909091,0.027777777777777776,0.4166666666666667,0.16176470588235295,0.7272727272727273,0.8888888888888888,0.875,0.10294117647058823,0.42857142857142855,0.6,0.6666666666666666,0.058823529411764705,0.5,0.5,1.0,0.14705882352941177,0.4,0.4444444444444444,1.0,0.5294117647058824,0.2777777777777778,0.2777777777777778,1.0,0.2,1.0,0.5,0.2,0.5,1.0,0.4,0.25,1.0,0.23529411764705882,0.75,0.11764705882352941,0.5,0.5294117647058824,0.1111111111111111,0.8382352941176471,0.2777777777777778,0.5132360294117647,0.48279285714285713,0.5074882352941177,0.014492753623188406,0.043478260869565216,,0.17391304347826086,0.2028985507246377,7.113636363636363,24.493478260869566,,0.25,0.5,0.34375,0.24094202898550723,player_totals,wnba,2026,Regular Season,/get-totals/wnba,"{""Season"": ""2026"", ""SeasonType"": ""Regular Season"", ""Type"": ""Player""}",20260921T185714Z,2026-09-21T18:57:18+00:00,9b493104d4442d844aaa29d63de79d35e9a9a4e5d0f93584b48af58dbc4a7b2f,,,0.02631578947368421,,,0.1,,,,,,"[""single_row_table_data"", ""multi_row_table_data""]",{},1641657,Dorka Juhasz,player_totals,2026-09-21T18:57:21+00:00,20260921T185714Z,2408fe069f563218de7b1bf4b269266492677ef34adfa177d87fcdb9522db1a1
1631006,1611661319,Kierstan Bell,Kierstan Bell,1631006,LVA,16171.0,28,270,-33,529,556,133.0,161.0,51.0,1085,4.0,4.0,,,1.0,1.0,3.0,11.0,,4.0,5.0,17.0,,1.0,,1.0,7.0,33.0,,2.0,1.0,10.0,7.0,19.0,12.0,50.0,3.0,53.0,602,1.0,4.0,,3.0,2.0,4.0,3.0,6.0,1.0,11.0,,9.0,10.0,4.0,36.0,,2.0,33.0,7.0,1.0,1.0,8.0,8.0,16.0,6.0,2.0,3.0,3.0,2.0,40.0,6.0,4.0,,13.0,13.0,4.0,30.0,10.0,40.0,1.0,6.0,4.0,2.0,7.0,3.0,5.0,7.0,1.0,2.0,,,14.0,1.0,2.0,17.0,27.0,,,2.0,3.0,,,,4.0,,,2.0,,,10.0,,,8.0,,2.0,10.0,6.0,,49.0,9.0,133.0,2.0,,,2.0,,,,1.0,,,107.56143667296786,108.27338129496404,0.7142857142857143,0.8333333333333334,1.0,0.24,,0.09090909090909091,0.24,0.3684210526315789,0.25,0.5,0.36231884057971014,0.14285714285714285,0.2647058823529412,0.3732394366197183,0.25,0.2647058823529412,0.7246376811594203,0.02,0.05263157894736842,,0.09090909090909091,0.030303030303030304,14.382402707275803,0.5,0.25,,0.08666666666666667,0.03225806451612903,0.11206896551724138,0.05263157894736842,0.09774436090225563,0.04201680672268908,,0.02857142857142857,0.06741573033707865,,0.05263157894736842,0.09722222222222222,0.14285714285714285,0.12631578947368421,0.047619047619047616,0.020833333333333332,0.6,0.057971014492753624,1.0,1.0,0.75,0.15942028985507245,0.2727272727272727,0.3,0.6666666666666666,0.057971014492753624,,,,0.2463768115942029,0.29411764705882354,0.29411764705882354,1.0,0.4782608695652174,0.21212121212121213,0.21875,1.0,,,,0.14285714285714285,,,0.2857142857142857,,,0.058823529411764705,1.0,0.058823529411764705,,0.5882352941176471,0.1,0.782608695652174,0.21212121212121213,0.4788323529411765,0.42863333333333337,0.4969382352941177,0.028169014084507043,0.09523809523809523,,0.07547169811320754,0.16981132075471697,8.357894736842105,25.1,,0.25,0.25,0.23684210526315788,0.2514177693761815,player_totals,wnba,2026,Regular Season,/get-totals/wnba,"{""Season"": ""2026"", ""SeasonType"": ""Regular Season"", ""Type"": ""Player""}",20260921T185714Z,2026-09-21T18:57:18+00:00,e0ce55b670b0a9fb2908b947643ef117c2d8585a6503186577c0ca0733df4d91,,,0.058823529411764705,,,,,,,,,"[""single_row_table_data"", ""multi_row_table_data""]",{},1631006,Kierstan Bell,player_totals,2026-09-21T18:57:21+00:00,20260921T185714Z,97c037ff06a8c71c5e3307d423e2736a69e13fa7b0881d1d6c179237c57e58bc
1630134,1611661321,Sug Sutton,Sug Sutton,1630134,DAL,15441.9,25,257,-22,509,520,136.0,183.0,57.0,1029,9.0,14.0,,,2.0,2.0,15.0,28.0,3.0,6.0,1.0,5.0,,,,,6.0,21.0,,1.0,2.0,5.0,27.0,48.0,7.0,26.0,9.0,84.0,556,,1.0,,1.0,1.0,1.0,7.0,12.0,2.0,5.0,5.0,25.0,6.0,48.0,15.0,6.0,,21.0,6.0,3.0,,31.0,19.0,50.0,17.0,2.0,14.0,13.0,4.0,119.0,,1.0,1.0,7.0,12.0,,19.0,2.0,21.0,,9.0,2.0,7.0,15.0,3.0,10.0,6.0,,5.0,,1.0,21.0,1.0,4.0,11.0,21.0,,2.0,,14.0,,1.0,2.0,14.0,,,5.0,,2.0,2.0,,,1.0,,1.0,2.0,1.0,,83.0,25.0,136.0,1.0,2.0,,,,,,,,,104.91159135559921,106.92307692307692,0.1111111111111111,0.1111111111111111,0.7142857142857143,0.2692307692307692,,0.4,0.2692307692307692,0.5625,,0.5833333333333334,0.5067567567567568,,0.5882352941176471,0.5185185185185185,0.16666666666666666,0.625,0.35135135135135137,,0.0625,0.07142857142857142,0.03571428571428571,,17.677642980935875,0.7142857142857143,,0.0625,0.10526315789473684,0.007751937984496124,0.058333333333333334,,0.0811965811965812,0.004201680672268907,0.023809523809523808,,,,0.11428571428571428,0.08163265306122448,0.13333333333333333,0.0707070707070707,,,0.5,0.1891891891891892,0.6428571428571429,0.6923076923076923,0.1111111111111111,0.3783783783783784,0.5357142857142857,0.5555555555555556,0.13333333333333333,0.08108108108108109,0.5,0.6,,0.06756756756756757,0.2,0.2,1.0,0.28378378378378377,0.2857142857142857,0.2857142857142857,0.6666666666666666,,,,,,,0.5,,,0.11764705882352941,1.0,,,0.29411764705882354,0.4,0.5405405405405406,0.2857142857142857,0.47331301369863016,0.4179,0.4422882352941176,0.06329113924050633,0.09433962264150944,,0.011904761904761904,0.2976190476190476,7.1875,25.123076923076926,0.4,0.3076923076923077,0.3333333333333333,0.2222222222222222,0.26719056974459726,player_totals,wnba,2026,Regular Season,/get-totals/wnba,"{""Season"": ""2026"", ""SeasonType"": ""Regular Season"", ""Type"": ""Player""}",20260921T185714Z,2026-09-21T18:57:18+00:00,53550697bc42d20aaa8b1074a4b158c8ad460ac20fc2ea9738630ad8c9bb7bb3,,0.16666666666666666,,,,,,,,,,"[""single_row_table_data"", ""multi_row_table_data""]",{},1630134,Sug Sutton,player_totals,2026-09-21T18:57:21+00:00,20260921T185714Z,7fc3ae447bcb3abe9c26d0cf3b5db2a5726e003ba4e74923b1f47d51762706dd
1630469,1611661313,Marine Fauthoux,Marine Fauthoux,1630469,NYL,14587.7,20,243,20,488,492,156.0,135.0,74.0,980,11.0,14.0,,1.0,4.0,4.0,2.0,10.0,,1.0,2.0,8.0,,,1.0,2.0,10.0,29.0,2.0,5.0,1.0,9.0,13.0,25.0,12.0,37.0,16.0,78.0,515,,2.0,2.0,5.0,2.0,8.0,6.0,7.0,2.0,11.0,11.0,29.0,6.0,20.0,21.0,15.0,,29.0,10.0,4.0,2.0,17.0,19.0,36.0,16.0,3.0,11.0,6.0,,91.0,5.0,1.0,,11.0,22.0,,33.0,6.0,39.0,,3.0,1.0,2.0,18.0,2.0,14.0,4.0,1.0,4.0,1.0,,22.0,,4.0,7.0,16.0,,1.0,,34.0,,,4.0,25.0,1.0,,7.0,2.0,5.0,,,,,,,,,,70.0,27.0,153.0,2.0,4.0,,,,,,,,,109.6311475409836,104.67479674796748,0.23076923076923078,0.23076923076923078,0.5833333333333334,0.32432432432432434,0.4,0.18181818181818182,0.32432432432432434,0.52,,0.8571428571428571,0.5,0.42857142857142855,0.5,0.5342465753424658,0.5,0.5370370370370371,0.5967741935483871,0.05405405405405406,0.16,0.14285714285714285,0.2,0.06896551724137931,16.784452296819786,0.8181818181818182,,,0.15492957746478872,0.008771929824561403,0.13095238095238096,0.045871559633027525,0.14601769911504425,0.026905829596412557,,,0.06172839506172839,,0.11627906976744186,0.16666666666666666,0.18181818181818182,0.1323529411764706,0.125,,,0.22580645161290322,0.7857142857142857,0.9166666666666666,0.2727272727272727,0.16129032258064516,0.2,0.25,,0.016129032258064516,,,,0.12903225806451613,0.25,0.25,1.0,0.46774193548387094,0.3448275862068966,0.37037037037037035,0.5,0.14285714285714285,,,,,,0.7142857142857143,0.4,0.5,0.2222222222222222,1.0,0.1111111111111111,0.5,0.5,0.1111111111111111,0.8225806451612904,0.3448275862068966,0.5074308333333334,0.56257,0.49251875,0.1323529411764706,0.22580645161290322,0.05405405405405406,0.10256410256410256,0.3717948717948718,4.748,26.245945945945948,0.5,0.375,,0.36363636363636365,0.319672131147541,player_totals,wnba,2026,Regular Season,/get-totals/wnba,"{""Season"": ""2026"", ""SeasonType"": ""Regular Season"", ""Type"": ""Player""}",20260921T185714Z,2026-09-21T18:57:18+00:00,e3a3d741941f2d13912d67fd9e4c2eefec3994a77cfd756c493c7931ce4813a8,2.0,,0.14285714285714285,,,,,,,,,"[""single_row_table_data"", ""multi_row_table_data""]",{},1630469,Marine Fauthoux,player_totals,2026-09-21T18:57:21+00:00,20260921T185714Z,319e88106fe48ed648c7461f6ca729c6fbde3de8034a94b3107e4b186831f7aa
1630150,1611661319,Chennedy Carter,Chennedy Carter,1630150,LVA,13195.7,13,220,28,452,452,185.0,147.0,40.0,904,31.0,40.0,5.0,5.0,12.0,14.0,11.0,24.0,7.0,15.0,2.0,4.0,,1.0,,1.0,9.0,17.0,,1.0,4.0,7.0,49.0,79.0,11.0,21.0,28.0,159.0,497,7.0,10.0,,2.0,1.0,15.0,18.0,27.0,4.0,8.0,8.0,56.0,24.0,74.0,24.0,9.0,4.0,17.0,9.0,3.0,1.0,8.0,9.0,17.0,8.0,1.0,5.0,2.0,1.0,43.0,1.0,7.0,1.0,6.0,8.0,,14.0,9.0,23.0,,11.0,7.0,4.0,11.0,2.0,8.0,6.0,2.0,3.0,1.0,1.0,17.0,,8.0,19.0,31.0,,1.0,,25.0,1.0,,,37.0,3.0,,17.0,,3.0,4.0,,,1.0,,3.0,4.0,3.0,,144.0,56.0,185.0,3.0,2.0,4.0,14.0,,5.0,,1.0,3.0,,116.15044247787611,109.95575221238938,0.24489795918367346,0.2553191489361702,0.7272727272727273,0.5238095238095238,,0.5,0.5238095238095238,0.620253164556962,0.7,0.6666666666666666,0.655,0.5833333333333334,0.6857142857142857,0.6794871794871795,0.5769230769230769,0.7,0.21,0.047619047619047616,0.0379746835443038,0.025,0.08333333333333333,0.058823529411764705,27.12550607287449,0.6470588235294118,,0.05,0.05673758865248227,0.07,0.075,0.014084507042253521,0.06334841628959276,0.04678362573099415,0.16,0.025,0.01694915254237288,,0.018867924528301886,0.04081632653061224,0.1282051282051282,0.08955223880597014,,,0.75,0.4,0.775,0.7948717948717948,0.22580645161290322,0.24,0.4583333333333333,0.5,0.18181818181818182,0.15,0.4666666666666667,0.4666666666666667,0.42857142857142855,0.04,0.5,0.5,1.0,0.17,0.5294117647058824,0.5625,0.6666666666666666,0.4166666666666667,1.0,,0.08333333333333333,,,0.08333333333333333,,,0.4,0.8571428571428571,0.02857142857142857,,0.2,0.5714285714285714,0.61,0.5294117647058824,0.5171825,0.49535,0.5183957142857143,0.14912280701754385,0.1827956989247312,,0.09433962264150944,0.3522012578616352,6.982278481012658,24.43809523809524,0.2222222222222222,0.07692307692307693,0.375,,0.4092920353982301,player_totals,wnba,2026,Regular Season,/get-totals/wnba,"{""Season"": ""2026"", ""SeasonType"": ""Regular Season"", ""Type"": ""Player""}",20260921T185714Z,2026-09-21T18:57:18+00:00,76d61963cfea4c367335a26e3e1b5e2232d67e8f0bc0d1dd989692d3a3b87048,,,0.05714285714285714,,,,,,,,,"[""single_row_table_data"", ""multi_row_table_data""]",{},1630150,Chennedy Carter,player_totals,2026-09-21T18:57:21+00:00,20260921T185714Z,c893999f68d7c345ed95584bae6dabc57aae0489b084bb114e79aa039749e1ea
1643437,1611661323,Ashlon Jackson,Ashlon Jackson,1643437,CON,13172.8,17,220,-119,438,437,137.0,152.0,52.0,875,5.0,6.0,,,3.0,3.0,1.0,4.0,2.0,5.0,1.0,7.0,,1.0,,2.0,9.0,33.0,1.0,2.0,6.0,14.0,8.0,15.0,10.0,40.0,,46.0,482,,1.0,1.0,3.0,,3.0,3.0,6.0,6.0,16.0,,24.0,8.0,8.0,30.0,,,33.0,9.0,2.0,,9.0,3.0,12.0,2.0,1.0,5.0,2.0,2.0,27.0,2.0,,,10.0,9.0,,19.0,2.0,21.0,,8.0,5.0,3.0,6.0,,4.0,1.0,,2.0,,,7.0,,,8.0,15.0,,,,4.0,,1.0,1.0,2.0,,,1.0,,,1.0,,,,,1.0,1.0,,,43.0,24.0,137.0,1.0,,,3.0,,,,,,,82.87671232876713,110.2974828375286,0.5,0.5,1.0,0.25,0.3333333333333333,0.375,0.25,0.5333333333333333,,0.5,0.41818181818181815,0.375,0.5454545454545454,0.4107142857142857,0.375,0.5454545454545454,0.7272727272727273,,0.13333333333333333,0.16666666666666666,0.25,,12.778904665314402,0.8571428571428571,,,0.1,,0.11627906976744186,0.018518518518518517,0.10795454545454546,0.008928571428571428,,,0.02247191011235955,,0.18518518518518517,0.0625,0.06666666666666667,0.11594202898550725,0.11764705882352941,,,0.10909090909090909,0.8333333333333334,1.0,0.4,0.07272727272727272,0.25,0.3333333333333333,1.0,0.09090909090909091,0.4,0.4,0.5,0.12727272727272726,0.14285714285714285,0.14285714285714285,1.0,0.6,0.2727272727272727,0.2727272727272727,1.0,,,,0.25,,,0.5,0.5,1.0,0.13636363636363635,1.0,0.09090909090909091,,0.6363636363636364,0.42857142857142855,0.8363636363636363,0.2727272727272727,0.5145564814814815,0.448725,0.5205142857142857,0.017857142857142856,0.0625,,0.06521739130434782,0.5217391304347826,7.9,25.4375,,0.6666666666666666,,0.26666666666666666,0.3127853881278539,player_totals,wnba,2026,Regular Season,/get-totals/wnba,"{""Season"": ""2026"", ""SeasonType"": ""Regular Season"", ""Type"": ""Player""}",20260921T185714Z,2026-09-21T18:57:18+00:00,01c28f7a658dfae4577eec1822fd2f3badabdd2430a3891cb291015098e62863,,,,,,,,,,,,"[""single_row_table_data"", ""multi_row_table_data""]",{},1643437,Ashlon Jackson,player_totals,2026-09-21T18:57:21+00:00,20260921T185714Z,4dd8a074e07dc0132e5b5ae95cb89ca0ccac7fbd992f3de5bf8b2af9b6c00f7b
1630149,1611661313,Satou Sabally,Satou Sabally,1630149,NYL,13067.9,13,218,28,442,442,183.0,136.0,56.0,884,22.0,32.0,3.0,4.0,12.0,12.0,2.0,8.0,1.0,6.0,6.0,9.0,1.0,1.0,3.0,5.0,14.0,43.0,3.0,10.0,5.0,17.0,25.0,46.0,20.0,52.0,25.0,135.0,481,3.0,5.0,4.0,11.0,5.0,23.0,14.0,16.0,8.0,22.0,9.0,61.0,24.0,26.0,54.0,6.0,2.0,43.0,14.0,5.0,,14.0,11.0,25.0,8.0,3.0,7.0,6.0,1.0,61.0,3.0,1.0,1.0,10.0,17.0,4.0,31.0,5.0,36.0,,1.0,,1.0,15.0,1.0,7.0,7.0,1.0,8.0,,1.0,22.0,,5.0,15.0,33.0,,3.0,4.0,21.0,,2.0,,29.0,5.0,,15.0,,2.0,2.0,,,2.0,,,2.0,2.0,,112.0,61.0,179.0,6.0,2.0,,2.0,,2.0,,6.0,,,115.15837104072398,108.82352941176471,0.48,0.5,0.9,0.38461538461538464,0.36363636363636365,0.36363636363636365,0.38461538461538464,0.5434782608695652,0.6,0.875,0.5612244897959183,0.5625,0.6842105263157895,0.6136363636363636,0.6052631578947368,0.7261904761904762,0.5306122448979592,,0.10869565217391304,0.0625,0.375,,25.93320235756385,0.6818181818181818,0.23529411764705882,0.125,0.1328125,0.010101010101010102,0.10416666666666667,0.031578947368421054,0.12053571428571429,0.020618556701030927,,0.017857142857142856,0.025,0.06666666666666667,0.09090909090909091,0.15625,0.12903225806451613,0.12162162162162163,0.045454545454545456,,1.0,0.32653061224489793,0.6875,0.7333333333333333,0.5,0.08163265306122448,0.25,0.4,0.5,0.061224489795918366,0.16666666666666666,0.16666666666666666,,0.09183673469387756,0.6666666666666666,0.6666666666666666,1.0,0.4387755102040816,0.32558139534883723,0.32558139534883723,0.8571428571428571,0.25,0.75,0.3333333333333333,0.0625,1.0,1.0,0.625,0.3,1.0,0.3157894736842105,1.0,0.13157894736842105,0.6,0.4473684210526316,0.29411764705882354,0.8571428571428571,0.32558139534883723,0.5328664948453607,0.5028333333333334,0.5493921052631578,0.1388888888888889,0.26785714285714285,,0.17037037037037037,0.45185185185185184,4.863043478260869,25.236538461538462,0.4,0.3333333333333333,,0.3125,0.41402714932126694,player_totals,wnba,2026,Regular Season,/get-totals/wnba,"{""Season"": ""2026"", ""SeasonType"": ""Regular Season"", ""Type"": ""Player""}",20260921T185714Z,2026-09-21T18:57:18+00:00,02a2660dac429eb04ca5d048fc7d916cacad48b7cb2b5ca2fe9e5fab70ceb1f7,,,,,,,,,,,,"[""single_row_table_data"", ""multi_row_table_data""]",{},1630149,Satou Sabally,player_totals,2026-09-21T18:57:21+00:00,20260921T185714Z,fdf2a58441667f673c30c872a88eaac9cef31b0a8002864cd89fe06f3d26db5d
1643527,1611661327,Jordan Harrison,Jordan Harrison,1643527,PDX,12569.0,15,209,-34,417,414,88.0,144.0,54.0,831,12.0,23.0,1.0,2.0,2.0,2.0,7.0,14.0,,,1.0,4.0,,,,2.0,5.0,17.0,1.0,4.0,,4.0,19.0,37.0,6.0,21.0,19.0,75.0,476,2.0,5.0,1.0,4.0,2.0,9.0,2.0,3.0,,6.0,5.0,9.0,6.0,32.0,9.0,9.0,,17.0,5.0,8.0,,21.0,36.0,57.0,29.0,7.0,10.0,10.0,1.0,150.0,4.0,3.0,,11.0,7.0,1.0,19.0,7.0,26.0,2.0,11.0,3.0,8.0,23.0,1.0,16.0,8.0,3.0,7.0,,1.0,31.0,3.0,5.0,13.0,33.0,,1.0,1.0,30.0,1.0,2.0,1.0,26.0,1.0,,10.0,,3.0,1.0,,,1.0,,,1.0,1.0,,66.0,9.0,88.0,7.0,3.0,1.0,10.0,2.0,3.0,,5.0,,,105.99520383693046,114.97584541062803,0.15789473684210525,0.15789473684210525,0.5,0.2857142857142857,0.25,,0.2857142857142857,0.5135135135135135,0.4,0.6666666666666666,0.4827586206896552,0.3888888888888889,0.2222222222222222,0.5357142857142857,0.45,0.375,0.3620689655172414,,0.21621621621621623,0.17391304347826086,0.2857142857142857,,21.085594989561585,0.7419354838709677,0.08333333333333333,,0.09210526315789473,0.0379746835443038,0.14285714285714285,0.036036036036036036,0.11764705882352941,0.03684210526315789,0.05714285714285714,0.02631578947368421,0.03488372093023256,0.04,0.08,0.10810810810810811,0.07142857142857142,0.12280701754385964,0.2,0.08695652173913043,1.0,0.39655172413793105,0.5217391304347826,0.631578947368421,0.16666666666666666,0.2413793103448276,0.5,0.7,0.14285714285714285,,,,,0.06896551724137931,0.25,0.25,1.0,0.29310344827586204,0.29411764705882354,0.29411764705882354,0.4,0.2222222222222222,0.5,1.0,,,,0.4444444444444444,0.25,1.0,0.2222222222222222,1.0,0.2222222222222222,,0.4444444444444444,,0.7586206896551724,0.29411764705882354,0.5397534482758621,0.48353999999999997,0.5408777777777778,0.14925373134328357,0.21739130434782608,,0.12,0.12,4.191891891891892,25.123809523809523,0.36363636363636365,0.42857142857142855,,0.15384615384615385,0.21103117505995203,player_totals,wnba,2026,Regular Season,/get-totals/wnba,"{""Season"": ""2026"", ""SeasonType"": ""Regular Season"", ""Type"": ""Player""}",20260921T185714Z,2026-09-21T18:57:18+00:00,d36ec8a640689c7987e2761b15f073b42923e043481be4a3f6d566afb286ad8f,,,,,,,,,,,,"[""single_row_table_data"", ""multi_row_table_data""]",{},1643527,Jordan Harrison,player_totals,2026-09-21T18:57:21+00:00,20260921T185714Z,1ba80243f4b85cccffb84385d0f284818206bdb5985ba051f7efda01770ad329
1642768,1611661317,Kyara Linskens,Kyara Linskens,1642768,PHX,12132.7,19,202,-55,402,406,123.0,101.0,48.0,808,6.0,12.0,,2.0,1.0,3.0,5.0,12.0,1.0,8.0,2.0,9.0,1.0,2.0,1.0,4.0,5.0,17.0,,,,4.0,12.0,32.0,7.0,26.0,12.0,57.0,438,1.0,6.0,1.0,2.0,2.0,7.0,2.0,8.0,1.0,8.0,6.0,13.0,22.0,2.0,18.0,3.0,,17.0,5.0,,,6.0,6.0,12.0,5.0,1.0,4.0,2.0,,30.0,4.0,8.0,1.0,13.0,15.0,4.0,32.0,13.0,45.0,,10.0,4.0,6.0,6.0,3.0,6.0,5.0,,,,,11.0,2.0,1.0,17.0,30.0,,5.0,2.0,12.0,,2.0,1.0,17.0,1.0,,5.0,,4.0,14.0,,,5.0,,9.0,14.0,5.0,,50.0,13.0,123.0,1.0,3.0,,1.0,,5.0,,,,,95.27363184079603,107.88177339901479,0.9166666666666666,0.9166666666666666,0.8571428571428571,0.2692307692307692,0.5,0.125,0.2692307692307692,0.375,0.16666666666666666,0.25,0.3879310344827586,0.3125,0.21875,0.4318181818181818,0.35,0.325,0.4482758620689655,,,,,,16.960352422907487,0.5454545454545454,0.5714285714285714,0.09090909090909091,0.13761467889908258,0.06837606837606838,0.1566265060240964,0.04395604395604396,0.14583333333333334,0.057692307692307696,0.08823529411764706,0.07017543859649122,0.03225806451612903,0.06896551724137931,0.14814814814814814,0.15384615384615385,0.1,0.16666666666666666,0.09090909090909091,,0.35714285714285715,0.20689655172413793,0.5,0.5,1.0,0.20689655172413793,0.4166666666666667,0.4166666666666667,1.0,0.13793103448275862,0.125,0.125,,0.15517241379310345,0.2222222222222222,0.2222222222222222,1.0,0.29310344827586204,0.29411764705882354,0.29411764705882354,0.8,0.25,,,0.25,0.5,1.0,,,,0.1875,0.3333333333333333,0.25,0.25,0.25,,0.6551724137931034,0.29411764705882354,0.49581896551724136,0.50800625,0.5138375,0.08064516129032258,0.1388888888888889,,0.12280701754385964,0.22807017543859648,8.5,24.465384615384615,0.16666666666666666,0.3333333333333333,0.2857142857142857,0.15789473684210525,0.30597014925373134,player_totals,wnba,2026,Regular Season,/get-totals/wnba,"{""Season"": ""2026"", ""SeasonType"": ""Regular Season"", ""Type"": ""Player""}",20260921T185714Z,2026-09-21T18:57:18+00:00,c2140f0bf085346a89b1c498eb86483f58da8a7e743a77a119b7e483eb43584f,,,0.038461538461538464,,,,,,,,,"[""single_row_table_data"", ""multi_row_table_data""]",{},1642768,Kyara Linskens,player_totals,2026-09-21T18:57:21+00:00,20260921T185714Z,d9920cc73ce9b7704163a49db41133bc72d70168dfc1c14224dbe046b5968ad6
1630389,1611661319,Dana Evans,Dana Evans,1630389,LVA,11996.3,13,200,-67,398,401,82.0,93.0,33.0,799,,4.0,,,,,4.0,18.0,2.0,10.0,3.0,5.0,1.0,1.0,2.0,2.0,8.0,25.0,,1.0,1.0,5.0,6.0,32.0,11.0,30.0,3.0,48.0,481,,1.0,1.0,2.0,,3.0,4.0,6.0,3.0,7.0,,17.0,,12.0,24.0,9.0,,25.0,8.0,1.0,,16.0,10.0,26.0,5.0,5.0,9.0,5.0,2.0,62.0,,,,5.0,13.0,1.0,19.0,,19.0,,3.0,1.0,2.0,11.0,1.0,10.0,4.0,,1.0,1.0,1.0,15.0,,1.0,5.0,12.0,,,1.0,4.0,,,,6.0,,,3.0,,,2.0,,,1.0,,1.0,2.0,2.0,,45.0,17.0,82.0,,,,1.0,,,,,,,104.02010050251256,119.9501246882793,,,0.7272727272727273,0.36666666666666664,0.5,0.42857142857142855,0.36666666666666664,0.1875,,0.6666666666666666,0.3629032258064516,0.5,0.6538461538461539,0.36923076923076925,0.5,0.6538461538461539,0.4838709677419355,,0.03125,,,,18.433179723502306,0.7333333333333333,0.14285714285714285,,0.13,,0.06756756756756757,,0.10344827586206896,,,,,,0.15384615384615385,0.10416666666666667,0.15384615384615385,0.09259259259259259,,,1.0,0.06451612903225806,,,,0.2903225806451613,0.2222222222222222,0.2222222222222222,,0.16129032258064516,0.2,0.2222222222222222,,0.08064516129032258,0.6,0.6,1.0,0.4032258064516129,0.32,0.32,0.625,,,,0.3333333333333333,1.0,1.0,0.3333333333333333,,,,,0.15384615384615385,1.0,0.38461538461538464,0.2,0.5483870967741935,0.32,0.4575217741935484,0.4512,0.4291076923076923,0.046153846153846156,0.08571428571428572,,0.0625,0.3541666666666667,10.359375,25.243333333333332,0.25,0.21428571428571427,,0.2222222222222222,0.20603015075376885,player_totals,wnba,2026,Regular Season,/get-totals/wnba,"{""Season"": ""2026"", ""SeasonType"": ""Regular Season"", ""Type"": ""Player""}",20260921T185714Z,2026-09-21T18:57:18+00:00,26bfe66360769659304539323aa6c2cf2d6c1708856f70ac20b028731fb84d92,,0.1,,,,,,,,,,"[""single_row_table_data"", ""multi_row_table_data""]",{},1630389,Dana Evans,player_totals,2026-09-21T18:57:21+00:00,20260921T185714Z,9017d011acccb365211afabe500ab72e919599322fbfe49708d64605a348f67a
1642769,1611661319,Mai Yamamoto,Mai Yamamoto,1642769,LVA,11254.5,12,188,33,374,382,107.0,103.0,33.0,756,2.0,3.0,,,1.0,1.0,4.0,13.0,,1.0,4.0,7.0,,,1.0,1.0,11.0,31.0,1.0,5.0,2.0,7.0,6.0,17.0,15.0,38.0,9.0,66.0,381,,,1.0,5.0,2.0,5.0,1.0,4.0,3.0,8.0,4.0,15.0,2.0,10.0,36.0,9.0,,31.0,11.0,2.0,2.0,7.0,12.0,19.0,9.0,3.0,5.0,,2.0,50.0,2.0,1.0,,5.0,6.0,,11.0,3.0,14.0,,9.0,7.0,2.0,3.0,2.0,2.0,3.0,,1.0,1.0,,6.0,,2.0,3.0,14.0,,3.0,,9.0,,,2.0,9.0,,1.0,3.0,,1.0,,,,,,,,,,61.0,15.0,107.0,3.0,1.0,4.0,7.0,,,,,,,110.6951871657754,99.73821989528797,0.16666666666666666,0.16666666666666666,0.8,0.39473684210526316,0.2,0.375,0.39473684210526316,0.35294117647058826,,0.25,0.5181818181818182,0.3,0.4583333333333333,0.5508474576271186,0.4166666666666667,0.5357142857142857,0.6909090909090909,0.05263157894736842,0.11764705882352941,0.3333333333333333,0.07692307692307693,0.06451612903225806,15.738498789346247,0.5,,,0.06382978723404255,0.012195121951219513,0.06097560975609756,0.023255813953488372,0.0625,0.017857142857142856,,0.019230769230769232,0.0136986301369863,0.07692307692307693,0.1875,0.03278688524590164,0.058823529411764705,0.015873015873015872,0.21052631578947367,,,0.05454545454545454,0.6666666666666666,1.0,0.5,0.23636363636363636,0.3076923076923077,0.3333333333333333,,0.01818181818181818,,,,0.12727272727272726,0.5714285714285714,0.5714285714285714,1.0,0.5636363636363636,0.3548387096774194,0.3793103448275862,0.7272727272727273,,,,,,,1.0,0.2,1.0,0.08333333333333333,1.0,0.08333333333333333,1.0,0.5833333333333334,0.2857142857142857,0.7454545454545455,0.3548387096774194,0.4818181818181818,0.41385,0.45425,0.05172413793103448,0.15,,0.07575757575757576,0.22727272727272727,6.670588235294118,25.428947368421053,,0.3333333333333333,,0.391304347826087,0.28609625668449196,player_totals,wnba,2026,Regular Season,/get-totals/wnba,"{""Season"": ""2026"", ""SeasonType"": ""Regular Season"", ""Type"": ""Player""}",20260921T185714Z,2026-09-21T18:57:18+00:00,101986452db728e70f6d19ac2650402a96c9d2939b53137bad0bd2bc1b35f9b7,,,,,,,,,,,,"[""single_row_table_data"", ""multi_row_table_data""]",{},1642769,Mai Yamamoto,player_totals,2026-09-21T18:57:21+00:00,20260921T185714Z,d95deb673364be4c85077352159d8b2116446f1a00f84f6c8441aa229c0fc445
1630096,1611661329,DiJonai Carrington,DiJonai Carrington,1630096,CHI,10676.3,11,178,-27,371,382,101.0,153.0,41.0,753,12.0,25.0,3.0,3.0,3.0,4.0,9.0,34.0,3.0,10.0,1.0,4.0,,,,2.0,6.0,21.0,2.0,3.0,2.0,5.0,24.0,69.0,7.0,25.0,28.0,97.0,428,4.0,6.0,2.0,3.0,4.0,18.0,6.0,17.0,2.0,7.0,10.0,28.0,26.0,22.0,18.0,3.0,2.0,21.0,6.0,9.0,1.0,6.0,1.0,7.0,,1.0,2.0,3.0,1.0,15.0,1.0,4.0,,15.0,12.0,2.0,29.0,5.0,34.0,2.0,7.0,4.0,3.0,6.0,2.0,4.0,3.0,,2.0,,,9.0,,,8.0,22.0,,1.0,,28.0,,1.0,4.0,38.0,2.0,,16.0,,4.0,2.0,,,2.0,,,2.0,1.0,,79.0,28.0,98.0,2.0,4.0,,11.0,,1.0,,2.0,,,108.08625336927224,112.04188481675394,0.5416666666666666,0.5652173913043478,0.8571428571428571,0.28,0.6666666666666666,0.2857142857142857,0.28,0.34782608695652173,0.6666666666666666,0.35294117647058826,0.3670212765957447,0.7777777777777778,0.375,0.4330357142857143,0.75,0.45161290322580644,0.26595744680851063,0.04,0.13043478260869565,0.16,0.14705882352941177,0.047619047619047616,29.016786570743406,0.6666666666666666,0.2,,0.13793103448275862,0.03773584905660377,0.18292682926829268,0.016666666666666666,0.15976331360946747,0.030120481927710843,,0.05555555555555555,0.02127659574468085,,0.07142857142857142,0.1388888888888889,0.21739130434782608,0.203125,0.1111111111111111,0.038461538461538464,0.5,0.26595744680851063,0.48,0.5714285714285714,0.5,0.3617021276595745,0.2647058823529412,0.3103448275862069,0.6666666666666666,0.10638297872340426,0.3,0.3,0.3333333333333333,0.0425531914893617,0.25,0.25,1.0,0.22340425531914893,0.2857142857142857,0.3,0.8333333333333334,0.3333333333333333,1.0,0.6666666666666666,,,,0.3333333333333333,0.6666666666666666,1.0,0.16666666666666666,0.75,0.08333333333333333,,0.20833333333333334,0.4,0.5319148936170213,0.2857142857142857,0.48610106382978724,0.5033,0.4753479166666667,0.14814814814814814,0.1927710843373494,,0.18556701030927836,0.28865979381443296,7.77536231884058,24.548000000000002,0.15384615384615385,0.24,0.3333333333333333,0.2777777777777778,0.2722371967654987,player_totals,wnba,2026,Regular Season,/get-totals/wnba,"{""Season"": ""2026"", ""SeasonType"": ""Regular Season"", ""Type"": ""Player""}",20260921T185714Z,2026-09-21T18:57:18+00:00,138d728e3ae96b9ea474c3ea59733942020bb9bc051b6b844e3a6eec7222f06e,,,0.08333333333333333,,,,,,,,,"[""single_row_table_data"", ""multi_row_table_data""]",{},1630096,DiJonai Carrington,player_totals,2026-09-21T18:57:21+00:00,20260921T185714Z,ec5638dc710f3267267ebfa55eb14a8d9d8b33ebb460da1dd134b35e77c77964
1643647,1611661332,Tima Pouye,Tima Pouye,1643647,TOR,10676.0,19,178,-45,359,362,136.0,157.0,42.0,721,7.0,14.0,1.0,2.0,2.0,7.0,2.0,9.0,2.0,6.0,2.0,7.0,,,,2.0,6.0,19.0,,1.0,1.0,7.0,11.0,29.0,8.0,26.0,14.0,60.0,434,1.0,3.0,,1.0,2.0,4.0,4.0,14.0,1.0,9.0,7.0,18.0,14.0,8.0,24.0,,2.0,19.0,6.0,2.0,,11.0,11.0,22.0,7.0,4.0,6.0,3.0,2.0,55.0,5.0,1.0,,4.0,5.0,1.0,10.0,6.0,16.0,,4.0,3.0,1.0,6.0,2.0,4.0,8.0,,2.0,,3.0,14.0,2.0,7.0,11.0,32.0,1.0,7.0,2.0,12.0,,,1.0,18.0,2.0,,8.0,,2.0,,,,,,,,,,56.0,18.0,136.0,5.0,2.0,,3.0,,11.0,4.0,4.0,4.0,,108.3565459610028,119.88950276243094,0.6363636363636364,0.7,1.0,0.3076923076923077,,0.1111111111111111,0.3076923076923077,0.3793103448275862,0.3333333333333333,0.2857142857142857,0.41818181818181815,0.25,0.2391304347826087,0.47619047619047616,0.4,0.3333333333333333,0.4727272727272727,,0.06896551724137931,0.07142857142857142,0.1111111111111111,,18.78048780487805,0.42857142857142855,0.07692307692307693,,0.06493506493506493,0.011904761904761904,0.05333333333333334,0.06493506493506493,0.05921052631578947,0.037267080745341616,0.02857142857142857,,0.04838709677419355,0.13333333333333333,,0.14814814814814814,0.09090909090909091,0.06779661016949153,,,,0.2545454545454545,0.5,0.5384615384615384,0.7142857142857143,0.16363636363636364,0.2222222222222222,0.25,0.5,0.10909090909090909,0.3333333333333333,0.3333333333333333,0.5,0.12727272727272726,0.2857142857142857,0.2857142857142857,1.0,0.34545454545454546,0.3157894736842105,0.3157894736842105,1.0,0.5,0.5,,,,,0.25,,,0.30434782608695654,0.2857142857142857,0.08695652173913043,,0.30434782608695654,0.14285714285714285,0.7272727272727273,0.3157894736842105,0.49680090909090907,0.4827666666666666,0.47050000000000003,0.13114754098360656,0.22857142857142856,,0.06666666666666667,0.3,7.344827586206897,24.734615384615385,0.16666666666666666,0.42857142857142855,0.25,0.23529411764705882,0.3788300835654596,player_totals,wnba,2026,Regular Season,/get-totals/wnba,"{""Season"": ""2026"", ""SeasonType"": ""Regular Season"", ""Type"": ""Player""}",20260921T185714Z,2026-09-21T18:57:18+00:00,26a3c7f01ac85d79c1e20ebdd1b8073f7ca5cfc522123a1fd44fb8c6d26a6a44,,,,,,,,,,,,"[""single_row_table_data"", ""multi_row_table_data""]",{},1643647,Tima Pouye,player_totals,2026-09-21T18:57:21+00:00,20260921T185714Z,73db8ba0c6e0fd27667a947da46ec6aff96541d69a7e7c9c615ba40870d7ea23
1631021,1611661330,Sika Kone,Sika Kone,1631021,ATL,10389.2,34,173,-11,330,360,127.0,127.0,51.0,690,13.0,19.0,3.0,4.0,5.0,7.0,2.0,7.0,,6.0,3.0,13.0,,1.0,1.0,2.0,3.0,16.0,1.0,1.0,,6.0,15.0,32.0,6.0,29.0,15.0,63.0,370,3.0,5.0,1.0,2.0,6.0,15.0,6.0,12.0,1.0,8.0,9.0,24.0,26.0,4.0,18.0,,2.0,16.0,3.0,5.0,,4.0,3.0,7.0,2.0,1.0,4.0,,,17.0,3.0,10.0,1.0,9.0,12.0,1.0,22.0,14.0,36.0,1.0,2.0,1.0,1.0,1.0,1.0,,8.0,,1.0,,1.0,9.0,2.0,,14.0,34.0,1.0,3.0,4.0,18.0,1.0,5.0,2.0,21.0,1.0,,7.0,,4.0,,,,,,,,,,48.0,24.0,127.0,3.0,4.0,,6.0,,5.0,,4.0,3.0,,108.7878787878788,102.77777777777777,0.8666666666666667,0.9285714285714286,1.0,0.20689655172413793,0.5,0.125,0.20689655172413793,0.46875,0.6,0.5,0.39344262295081966,0.6428571428571429,0.375,0.44366197183098594,0.6818181818181818,0.48,0.47540983606557374,,0.15625,0.10526315789473684,0.2857142857142857,,20.408163265306122,0.1111111111111111,0.125,0.07142857142857142,0.16901408450704225,0.1111111111111111,0.13043478260869565,0.04054054054054054,0.15,0.07926829268292683,0.14285714285714285,0.10526315789473684,0.05,,0.25,0.14285714285714285,0.08333333333333333,0.14814814814814814,0.06666666666666667,0.02857142857142857,,0.3114754098360656,0.6842105263157895,0.7647058823529411,0.8461538461538461,0.11475409836065574,0.2857142857142857,0.4,1.0,0.09836065573770492,,,,0.21311475409836064,0.23076923076923078,0.23076923076923078,1.0,0.26229508196721313,0.1875,0.1875,1.0,0.5714285714285714,0.75,0.6666666666666666,0.14285714285714285,,,0.14285714285714285,1.0,1.0,0.35,0.7142857142857143,0.1,0.5,0.3,,0.7868852459016393,0.1875,0.526238524590164,0.5719857142857142,0.539715,0.1044776119402985,0.18421052631578946,,0.23809523809523808,0.38095238095238093,6.303125,24.29655172413793,0.3333333333333333,0.4,0.3333333333333333,0.43478260869565216,0.38484848484848483,player_totals,wnba,2026,Regular Season,/get-totals/wnba,"{""Season"": ""2026"", ""SeasonType"": ""Regular Season"", ""Type"": ""Player""}",20260921T185714Z,2026-09-21T18:57:18+00:00,edf09fcd983a43115579d3fcc80aac37ea3eb6fd191cf04cee2caae0c7dd13f4,,0.16666666666666666,,,,,,,,,,"[""single_row_table_data"", ""multi_row_table_data""]",{},1631021,Sika Kone,player_totals,2026-09-21T18:57:21+00:00,20260921T185714Z,64f7b65584eed986c6348cbcefdf2037a410594f44ec51e7fc9ba779060d1213
1643706,1611661332,Ornella Bankole,Ornella Bankole,1643706,TOR,10077.8,12,168,-73,339,345,124.0,140.0,42.0,684,8.0,10.0,2.0,3.0,2.0,2.0,1.0,5.0,,2.0,5.0,6.0,1.0,1.0,1.0,1.0,,5.0,,,,1.0,9.0,17.0,5.0,11.0,6.0,39.0,410,2.0,3.0,1.0,1.0,1.0,8.0,2.0,5.0,1.0,2.0,5.0,12.0,8.0,10.0,15.0,,4.0,5.0,,2.0,,7.0,6.0,13.0,5.0,1.0,4.0,1.0,2.0,32.0,6.0,4.0,,8.0,4.0,1.0,13.0,10.0,23.0,,2.0,,2.0,3.0,,,1.0,,3.0,,,4.0,,2.0,19.0,40.0,,3.0,,9.0,,3.0,1.0,7.0,1.0,,2.0,,2.0,,,,,,,,,,31.0,12.0,124.0,7.0,2.0,,11.0,,11.0,,24.0,10.0,,99.41002949852508,118.84057971014492,0.4444444444444444,0.5714285714285714,1.0,0.45454545454545453,1.0,0.5,0.45454545454545453,0.5294117647058824,0.6666666666666666,0.4,0.5892857142857143,0.875,0.5,0.6290322580645161,1.0,0.6,0.39285714285714285,,0.11764705882352941,,0.4,,9.09090909090909,0.75,0.09090909090909091,,0.056338028169014086,0.0425531914893617,0.10666666666666667,0.09090909090909091,0.0821917808219178,0.0625,0.05555555555555555,0.023809523809523808,0.10526315789473684,,0.03571428571428571,0.08823529411764706,,0.14035087719298245,,,,0.35714285714285715,0.8,0.8,0.375,0.17857142857142858,0.2,0.3333333333333333,1.0,0.07142857142857142,,,,0.21428571428571427,0.8333333333333334,0.8333333333333334,1.0,0.17857142857142858,,,,0.75,0.6666666666666666,,0.25,1.0,1.0,,,,0.2857142857142857,1.0,0.14285714285714285,1.0,0.14285714285714285,,0.75,,0.5401785714285714,0.589075,0.49501428571428574,0.06896551724137931,0.1111111111111111,,0.20512820512820512,0.3076923076923077,5.594117647058823,24.29090909090909,,0.6666666666666666,1.0,0.16666666666666666,0.36578171091445427,player_totals,wnba,2026,Regular Season,/get-totals/wnba,"{""Season"": ""2026"", ""SeasonType"": ""Regular Season"", ""Type"": ""Player""}",20260921T185714Z,2026-09-21T18:57:18+00:00,a023920fbd56659af2cda2d370f79f9f5e89dd1f2a49ac15997f3443dbf56770,,,0.0625,,,,,,,,,"[""single_row_table_data"", ""multi_row_table_data""]",{},1643706,Ornella Bankole,player_totals,2026-09-21T18:57:21+00:00,20260921T185714Z,4cac6bc2a4a81f5aa641e18255a78b823183273a43047510953c11b2f40fec2a
1643439,1611661320,Tonie Morgan,Tonie Morgan,1643439,LAS,9516.2,10,159,-53,339,338,120.0,106.0,35.0,677,14.0,18.0,2.0,3.0,5.0,7.0,3.0,11.0,,,,2.0,,,,,2.0,6.0,,,,3.0,17.0,29.0,2.0,8.0,10.0,50.0,373,2.0,3.0,,,,4.0,6.0,10.0,,3.0,1.0,13.0,10.0,24.0,6.0,,2.0,6.0,2.0,2.0,,14.0,12.0,26.0,10.0,2.0,6.0,7.0,1.0,64.0,2.0,,,4.0,6.0,,10.0,2.0,12.0,,10.0,6.0,4.0,10.0,4.0,6.0,7.0,,4.0,2.0,,17.0,,7.0,11.0,17.0,,,,13.0,1.0,,2.0,14.0,2.0,,8.0,,,1.0,,,1.0,,,1.0,,,46.0,13.0,120.0,1.0,,,,,1.0,,,,,94.3952802359882,110.35502958579882,0.29411764705882354,0.3125,1.0,0.25,,,0.25,0.5862068965517241,0.6666666666666666,0.6,0.5405405405405406,0.6666666666666666,0.46153846153846156,0.5813953488372093,0.6666666666666666,0.4642857142857143,0.21621621621621623,,0.06896551724137931,,0.18181818181818182,,15.831134564643799,0.5882352941176471,,,0.06593406593406594,,0.0625,0.03225806451612903,0.06451612903225806,0.013513513513513514,,,0.02040816326530612,0.07692307692307693,0.037037037037037035,0.06818181818181818,0.1,0.043478260869565216,0.1111111111111111,,,0.4864864864864865,0.7777777777777778,0.7777777777777778,0.2857142857142857,0.2972972972972973,0.2727272727272727,0.3333333333333333,0.3333333333333333,,,,,0.05405405405405406,,,,0.16216216216216217,0.3333333333333333,0.3333333333333333,1.0,1.0,0.6666666666666666,0.5,,,,,,,0.5384615384615384,0.7142857142857143,,,0.23076923076923078,,0.7027027027027027,0.3333333333333333,0.5273375,0.6287,0.5035375,0.18604651162790697,0.22857142857142856,,0.08,0.26,3.3275862068965516,27.875,,0.125,,0.5,0.35398230088495575,player_totals,wnba,2026,Regular Season,/get-totals/wnba,"{""Season"": ""2026"", ""SeasonType"": ""Regular Season"", ""Type"": ""Player""}",20260921T185714Z,2026-09-21T18:57:18+00:00,fb9c051f49e41d999af38a25f0e6dc497e7847229ee44d270414f62e0b7006e6,,,,,,,,,,,,"[""single_row_table_data"", ""multi_row_table_data""]",{},1643439,Tonie Morgan,player_totals,2026-09-21T18:57:21+00:00,20260921T185714Z,0f2a6295a81233645c03af7264e4b3aed9faad5600b9d2c3d29a78df1384534f
1642814,1611661328,Taylor Thierry,Taylor Thierry,1642814,SEA,9176.099999999999,16,153,-16,303,314,111.0,103.0,50.0,617,2.0,4.0,1.0,1.0,,,2.0,10.0,1.0,1.0,2.0,6.0,,,1.0,2.0,3.0,9.0,,1.0,,4.0,5.0,15.0,5.0,15.0,5.0,30.0,318,1.0,3.0,,1.0,1.0,3.0,1.0,3.0,1.0,6.0,3.0,8.0,8.0,2.0,15.0,,2.0,9.0,3.0,5.0,,3.0,3.0,6.0,3.0,,,3.0,,15.0,3.0,11.0,,6.0,7.0,1.0,14.0,14.0,28.0,,3.0,2.0,1.0,2.0,,1.0,1.0,,1.0,,,3.0,1.0,,6.0,14.0,,1.0,1.0,8.0,,1.0,2.0,6.0,,,2.0,,1.0,,,,,,,,,,27.0,8.0,109.0,1.0,1.0,1.0,9.0,1.0,1.0,1.0,,,,99.66996699669967,101.27388535031847,0.8,1.0,1.0,0.3333333333333333,,0.16666666666666666,0.3333333333333333,0.3333333333333333,0.3333333333333333,0.3333333333333333,0.4166666666666667,0.25,0.2777777777777778,0.45454545454545453,0.3,0.36363636363636365,0.5,,0.3333333333333333,0.5,0.3,,9.94475138121547,0.6666666666666666,0.09090909090909091,,0.08974358974358974,0.12643678160919541,0.09090909090909091,0.043478260869565216,0.09027777777777778,0.08974358974358974,0.07692307692307693,0.13559322033898305,0.05172413793103448,,0.17647058823529413,0.09302325581395349,,0.07547169811320754,0.15384615384615385,,,0.13333333333333333,0.5,1.0,0.5,0.3333333333333333,0.2,0.2857142857142857,1.0,0.03333333333333333,1.0,1.0,1.0,0.2,0.3333333333333333,0.3333333333333333,1.0,0.3,0.3333333333333333,0.3333333333333333,1.0,0.25,1.0,,,,,0.25,,,,,0.2222222222222222,0.5,0.4444444444444444,,0.6333333333333333,0.3333333333333333,0.4885933333333333,0.33515,0.47489444444444445,0.0625,0.11764705882352941,,0.1,0.26666666666666666,6.586666666666667,24.38,0.5,0.375,,0.2,0.36633663366336633,player_totals,wnba,2026,Regular Season,/get-totals/wnba,"{""Season"": ""2026"", ""SeasonType"": ""Regular Season"", ""Type"": ""Player""}",20260921T185714Z,2026-09-21T18:57:18+00:00,1d161f2f205a677cc1a136e0f26b93d24a9297cc24a48cec5f8599390a98f418,,,0.13333333333333333,,,,,5.0,,,,"[""single_row_table_data"", ""multi_row_table_data""]",{},1642814,Taylor Thierry,player_totals,2026-09-21T18:57:21+00:00,20260921T185714Z,1ded098c845be30e6ad1a70409118f2827fa4c9f7772969eab3ab87614933b83
1643438,1611661317,Marta Suarez,Marta Suarez,1643438,PHX,9158.7,17,153,-44,299,305,95.0,78.0,40.0,604,11.0,21.0,4.0,4.0,5.0,8.0,6.0,9.0,,,1.0,3.0,,1.0,,1.0,4.0,12.0,,,1.0,3.0,17.0,30.0,5.0,15.0,9.0,58.0,368,4.0,4.0,,1.0,3.0,11.0,7.0,12.0,1.0,4.0,4.0,21.0,18.0,16.0,15.0,,4.0,12.0,4.0,3.0,,3.0,4.0,7.0,2.0,2.0,1.0,1.0,1.0,18.0,4.0,4.0,,8.0,3.0,3.0,14.0,8.0,22.0,2.0,4.0,2.0,2.0,4.0,2.0,2.0,7.0,,2.0,,,11.0,1.0,3.0,15.0,34.0,,3.0,5.0,10.0,,,1.0,14.0,2.0,,7.0,,1.0,1.0,,,1.0,,,1.0,,1.0,47.0,21.0,95.0,3.0,1.0,1.0,12.0,,1.0,,2.0,,,108.36120401337791,120.65573770491804,0.5294117647058824,0.6,1.0,0.3333333333333333,,0.25,0.3333333333333333,0.5666666666666667,1.0,0.5833333333333334,0.5444444444444444,0.8,0.53125,0.5686274509803921,0.7857142857142857,0.5526315789473685,0.3333333333333333,,0.1,0.09523809523809523,0.1111111111111111,,18.128654970760234,0.36363636363636365,0.3,,0.05172413793103448,0.056338028169014086,0.12698412698412698,0.07017543859649122,0.09090909090909091,0.0625,0.034482758620689655,0.09375,0.0425531914893617,0.2,0.05,0.04,0.07692307692307693,0.11538461538461539,0.18181818181818182,0.1,,0.4666666666666667,0.5238095238095238,0.5789473684210527,0.45454545454545453,0.2,0.6666666666666666,0.75,0.6666666666666666,,,,,0.06666666666666667,0.3333333333333333,0.3333333333333333,1.0,0.26666666666666666,0.3333333333333333,0.3333333333333333,1.0,0.8,1.0,0.25,0.2,,,,,,0.5,0.625,0.0625,,0.1875,0.3333333333333333,0.8,0.3333333333333333,0.51734,0.67905,0.55398125,0.14,0.2,,0.1896551724137931,0.3620689655172414,3.2266666666666666,25.279999999999998,0.2,0.6666666666666666,,0.3,0.3177257525083612,player_totals,wnba,2026,Regular Season,/get-totals/wnba,"{""Season"": ""2026"", ""SeasonType"": ""Regular Season"", ""Type"": ""Player""}",20260921T185714Z,2026-09-21T18:57:18+00:00,00c6034645907920f43054a322a2e35e0bdf553393ae02abd19fec5a6bc22f14,,,,,,,,,,,2.0,"[""single_row_table_data"", ""multi_row_table_data""]",{},1643438,Marta Suarez,player_totals,2026-09-21T18:57:21+00:00,20260921T185714Z,ca71d26112363ad68822d934378967abf92d07b882bc176039d0106eac6014b1
1628280,1611661330,Brionna Jones,Brionna Jones,1628280,ATL,9139.8,9,152,16,316,313,71.0,79.0,49.0,629,24.0,37.0,6.0,12.0,8.0,9.0,2.0,8.0,,1.0,,,,,,,1.0,6.0,,,,,26.0,46.0,1.0,6.0,19.0,74.0,355,7.0,13.0,,,4.0,18.0,8.0,10.0,,,6.0,22.0,40.0,12.0,3.0,,10.0,6.0,1.0,3.0,,11.0,7.0,18.0,7.0,,10.0,1.0,,43.0,4.0,11.0,3.0,5.0,21.0,6.0,32.0,18.0,50.0,2.0,3.0,2.0,1.0,3.0,,,6.0,4.0,3.0,,,9.0,1.0,4.0,5.0,22.0,,4.0,2.0,17.0,,1.0,,21.0,1.0,,10.0,,1.0,6.0,,,4.0,,2.0,6.0,4.0,,56.0,22.0,70.0,3.0,1.0,,4.0,,8.0,,4.0,,,117.40506329113923,113.41853035143771,0.7692307692307693,0.9523809523809523,1.0,0.16666666666666666,,,0.16666666666666666,0.5652173913043478,0.5384615384615384,0.8,0.5288461538461539,0.5384615384615384,0.8,0.5967741935483871,0.6,0.8461538461538461,0.11538461538461539,,0.06521739130434782,0.05405405405405406,0.125,,18.733509234828496,0.3333333333333333,0.375,0.23076923076923078,0.2625,0.125,0.11363636363636363,0.06153846153846154,0.20967741935483872,0.09803921568627451,0.18181818181818182,0.09090909090909091,0.07547169811320754,,0.34210526315789475,0.14705882352941177,0.375,0.11764705882352941,0.1,0.09090909090909091,0.6666666666666666,0.7115384615384616,0.6486486486486487,0.6857142857142857,0.75,0.15384615384615385,0.25,0.2857142857142857,1.0,0.019230769230769232,,,,,,,,0.11538461538461539,0.16666666666666666,0.16666666666666666,1.0,0.9230769230769231,0.5,0.16666666666666666,,,,,,,0.9,0.8888888888888888,,,,,0.8269230769230769,0.16666666666666666,0.5822769230769231,0.66541,0.5845,0.16393442622950818,0.18181818181818182,,0.24324324324324326,0.2972972972972973,2.865217391304348,24.883333333333336,0.38461538461538464,,1.0,0.4,0.22468354430379747,player_totals,wnba,2026,Regular Season,/get-totals/wnba,"{""Season"": ""2026"", ""SeasonType"": ""Regular Season"", ""Type"": ""Player""}",20260921T185714Z,2026-09-21T18:57:18+00:00,c7a7d7faf1f19ffe4c54c21d6be1dc52b967dc41df0eff630727de15f6ed5119,,,,,,,,,,,,"[""single_row_table_data"", ""multi_row_table_data""]",{},1628280,Brionna Jones,player_totals,2026-09-21T18:57:21+00:00,20260921T185714Z,5430c2c1e60fe8a3e3828253c7fac258a19e4d381c5bd8943866e032b95a810b
1628882,1611661328,Lexie Brown,Lexie Brown,1628882,SEA,8873.8,10,148,-40,295,296,86.0,87.0,29.0,591,2.0,3.0,,,,,1.0,2.0,,1.0,1.0,3.0,,,1.0,1.0,8.0,17.0,,1.0,,2.0,3.0,6.0,9.0,20.0,5.0,38.0,337,,1.0,,1.0,,,,1.0,1.0,3.0,2.0,5.0,2.0,4.0,27.0,,,17.0,8.0,1.0,,6.0,5.0,11.0,4.0,1.0,3.0,2.0,1.0,27.0,,1.0,,6.0,6.0,,12.0,1.0,13.0,,5.0,5.0,,5.0,2.0,3.0,5.0,,2.0,,1.0,10.0,1.0,3.0,8.0,13.0,,,2.0,10.0,1.0,,3.0,6.0,1.0,,2.0,1.0,,1.0,,,1.0,,,1.0,,,38.0,5.0,86.0,1.0,,,1.0,,1.0,,,,,100.6779661016949,113.85135135135135,0.3333333333333333,0.3333333333333333,1.0,0.45,,0.3333333333333333,0.45,0.5,,,0.6346153846153846,,0.375,0.6785714285714286,,0.5,0.7692307692307693,,0.16666666666666666,0.3333333333333333,,,11.62079510703364,0.5,,,0.06976744186046512,0.015151515151515152,0.13043478260869565,,0.09090909090909091,0.007751937984496124,,,,,0.06666666666666667,,0.25,0.05405405405405406,0.4444444444444444,,,0.11538461538461539,0.6666666666666666,1.0,0.5,0.07692307692307693,0.5,0.5,,0.038461538461538464,,,,0.11538461538461539,0.3333333333333333,0.3333333333333333,1.0,0.6538461538461539,0.47058823529411764,0.47058823529411764,1.0,,,,,,,0.5,,,,,0.25,1.0,0.5,,0.8846153846153846,0.47058823529411764,0.523148076923077,0.492725,0.4640125,0.10714285714285714,0.2857142857142857,0.047619047619047616,,0.13157894736842105,6.183333333333334,24.830000000000002,,,1.0,0.09090909090909091,0.29152542372881357,player_totals,wnba,2026,Regular Season,/get-totals/wnba,"{""Season"": ""2026"", ""SeasonType"": ""Regular Season"", ""Type"": ""Player""}",20260921T185714Z,2026-09-21T18:57:18+00:00,ae5820c369918ff0da94ca6e350f5c89d73ff1f5af93789bb0123b12871a0c8f,,,0.0625,,,,,,,,,"[""single_row_table_data"", ""multi_row_table_data""]",{},1628882,Lexie Brown,player_totals,2026-09-21T18:57:21+00:00,20260921T185714Z,fecfb6ad40d45f6237ab3134c1082394ae5503fac405ca26b2fa81748b2b3519
1642802,1611661322,Lucy Olsen,Lucy Olsen,1642802,WAS,8602.7,21,143,10,277,290,121.0,138.0,24.0,567,3.0,7.0,1.0,1.0,1.0,4.0,7.0,12.0,1.0,4.0,3.0,4.0,,1.0,1.0,1.0,5.0,17.0,1.0,1.0,2.0,5.0,11.0,23.0,8.0,21.0,9.0,55.0,282,3.0,5.0,1.0,2.0,,9.0,4.0,10.0,3.0,6.0,3.0,20.0,10.0,12.0,21.0,3.0,,17.0,5.0,3.0,,14.0,4.0,18.0,4.0,,12.0,2.0,,40.0,,1.0,,5.0,5.0,,10.0,1.0,11.0,1.0,4.0,2.0,2.0,5.0,3.0,5.0,6.0,,,,1.0,11.0,1.0,5.0,5.0,18.0,,1.0,1.0,12.0,,,3.0,11.0,,,5.0,,,,1.0,1.0,,,,1.0,1.0,,46.0,20.0,120.0,7.0,,,5.0,,10.0,1.0,2.0,,,105.41516245487365,97.24137931034483,0.45454545454545453,0.45454545454545453,0.875,0.38095238095238093,0.5,0.5,0.38095238095238093,0.4782608695652174,0.6,0.4,0.5227272727272727,0.6428571428571429,0.53125,0.5612244897959183,0.6428571428571429,0.5882352941176471,0.4772727272727273,,0.13043478260869565,0.2857142857142857,,,19.16932907348243,0.45454545454545453,,,0.06944444444444445,0.0136986301369863,0.07142857142857142,,0.07042253521126761,0.008547008547008548,,0.030303030303030304,,,0.05263157894736842,0.08823529411764706,0.05263157894736842,0.06666666666666667,0.1,0.045454545454545456,1.0,0.1590909090909091,0.42857142857142855,0.6,0.3333333333333333,0.2727272727272727,0.5833333333333334,0.5833333333333334,0.42857142857142855,0.09090909090909091,0.25,0.3333333333333333,1.0,0.09090909090909091,0.75,0.75,1.0,0.38636363636363635,0.29411764705882354,0.29411764705882354,0.8,0.14285714285714285,1.0,1.0,0.14285714285714285,,,0.14285714285714285,1.0,1.0,0.25,0.25,0.0625,1.0,0.3125,0.4,0.6363636363636364,0.29411764705882354,0.5045318181818182,0.466925,0.530803125,0.10204081632653061,0.17857142857142858,,0.16363636363636364,0.36363636363636365,7.9739130434782615,24.785714285714285,0.5,0.4,0.3333333333333333,0.3076923076923077,0.4368231046931408,player_totals,wnba,2026,Regular Season,/get-totals/wnba,"{""Season"": ""2026"", ""SeasonType"": ""Regular Season"", ""Type"": ""Player""}",20260921T185714Z,2026-09-21T18:57:18+00:00,4f8589b9d51656929881282b97c658acebdf0d6ac0240c757f302c424086bc0f,,0.25,,,,,,,,,,"[""single_row_table_data"", ""multi_row_table_data""]",{},1642802,Lucy Olsen,player_totals,2026-09-21T18:57:21+00:00,20260921T185714Z,80bbde0583849c9baf77aec453796c31c926494f83ebbcf824f1d46d9cbd7ec0
1642794,1611661331,Juste Jocyte,Juste Jocyte,1642794,GSV,7751.0,16,129,8,247,261,96.0,102.0,37.0,508,2.0,5.0,1.0,1.0,,,3.0,9.0,1.0,6.0,3.0,4.0,,,,,8.0,22.0,1.0,2.0,3.0,7.0,6.0,20.0,11.0,26.0,5.0,50.0,248,2.0,4.0,1.0,2.0,,7.0,2.0,5.0,3.0,7.0,5.0,18.0,8.0,4.0,30.0,3.0,,22.0,8.0,2.0,,12.0,5.0,17.0,4.0,1.0,7.0,4.0,1.0,39.0,2.0,1.0,1.0,2.0,6.0,,8.0,4.0,12.0,1.0,3.0,3.0,,9.0,1.0,7.0,2.0,,2.0,,,11.0,1.0,7.0,6.0,12.0,1.0,,,6.0,1.0,,,6.0,,,,,3.0,1.0,,,,,,1.0,1.0,,43.0,18.0,96.0,3.0,3.0,,,,1.0,,5.0,2.0,,103.64372469635627,95.01915708812261,0.6666666666666666,0.6666666666666666,0.9090909090909091,0.4230769230769231,0.5,0.42857142857142855,0.4230769230769231,0.3,0.5,0.4,0.4891304347826087,0.5833333333333334,0.5416666666666666,0.5102040816326531,0.5833333333333334,0.6,0.5652173913043478,,0.1,,0.2222222222222222,,20.689655172413794,0.8181818181818182,,0.14285714285714285,0.09523809523809523,0.019230769230769232,0.02702702702702703,0.028985507246376812,0.058394160583941604,0.024793388429752067,0.07692307692307693,,0.03508771929824561,,,0.16216216216216217,,0.034482758620689655,,0.037037037037037035,1.0,0.10869565217391304,0.4,0.4,0.5,0.1956521739130435,0.3333333333333333,0.42857142857142855,0.6666666666666666,0.13043478260869565,0.16666666666666666,0.16666666666666666,1.0,0.08695652173913043,0.75,0.75,1.0,0.4782608695652174,0.36363636363636365,0.36363636363636365,0.875,0.16666666666666666,1.0,1.0,,,,0.3333333333333333,0.5,1.0,,,,,0.5833333333333334,0.42857142857142855,0.6739130434782609,0.36363636363636365,0.4730271739130435,0.492,0.4653583333333333,,,,0.14,0.36,9.57,24.984615384615385,0.6666666666666666,,0.4,0.2,0.38866396761133604,player_totals,wnba,2026,Regular Season,/get-totals/wnba,"{""Season"": ""2026"", ""SeasonType"": ""Regular Season"", ""Type"": ""Player""}",20260921T185714Z,2026-09-21T18:57:18+00:00,42c26fcc4b043e4bd770832a31f6c43471e0e0d68e2003d2d4f7240f7ceaacd5,,,,1.0,,,,,,,,"[""single_row_table_data"", ""multi_row_table_data""]",{},1642794,Juste Jocyte,player_totals,2026-09-21T18:57:21+00:00,20260921T185714Z,3384026b5cb61c6e0f1411d5084903a94e417ea61ce77ca4b6929c7fc4b68607
1630384,1611661313,Raquel Carrera,Raquel Carrera,1630384,NYL,7573.799999999999,23,126,42,253,265,87.0,84.0,43.0,518,8.0,10.0,2.0,2.0,2.0,3.0,1.0,2.0,,,1.0,4.0,,,1.0,3.0,1.0,4.0,,,1.0,2.0,9.0,12.0,2.0,8.0,7.0,31.0,261,2.0,2.0,,,1.0,5.0,2.0,3.0,2.0,5.0,7.0,17.0,14.0,4.0,6.0,,4.0,4.0,1.0,,,6.0,1.0,7.0,1.0,,5.0,1.0,,15.0,4.0,3.0,1.0,3.0,11.0,2.0,16.0,8.0,24.0,,3.0,1.0,2.0,3.0,,2.0,3.0,,1.0,,,6.0,2.0,1.0,10.0,18.0,1.0,,2.0,11.0,,2.0,1.0,12.0,,,3.0,,3.0,2.0,,,1.0,,1.0,2.0,1.0,1.0,26.0,17.0,87.0,1.0,3.0,,3.0,1.0,3.0,,,,,119.76284584980237,98.49056603773585,0.7777777777777778,1.0,1.0,0.25,,0.4,0.25,0.75,1.0,0.6666666666666666,0.6,1.0,0.625,0.5961538461538461,0.8333333333333334,0.6071428571428571,0.4,,,,,,10.81081081081081,0.5,0.2857142857142857,0.14285714285714285,0.171875,0.06976744186046512,0.05660377358490566,0.05714285714285714,0.11965811965811966,0.061946902654867256,0.13043478260869565,,0.03773584905660377,0.11764705882352941,0.22727272727272727,0.16129032258064516,0.09090909090909091,0.044444444444444446,0.125,,0.5,0.5,0.8,0.8,0.75,0.1,0.5,0.5,1.0,,,,,0.2,0.25,0.25,1.0,0.2,0.25,0.25,1.0,1.0,1.0,,,,,,,,0.375,0.6666666666666666,0.375,0.3333333333333333,0.25,0.5,0.9,0.25,0.5306625,,0.53333125,0.13043478260869565,0.2,,0.16129032258064516,0.5483870967741935,2.8833333333333333,24.1375,,,,0.4,0.3438735177865613,player_totals,wnba,2026,Regular Season,/get-totals/wnba,"{""Season"": ""2026"", ""SeasonType"": ""Regular Season"", ""Type"": ""Player""}",20260921T185714Z,2026-09-21T18:57:18+00:00,9f8e0c04cd4cad63399407e6a8e2fd6ef1ca3ee2ce4a377c344d36000c3d7554,,,,,,,,,,,,"[""single_row_table_data"", ""multi_row_table_data""]",{},1630384,Raquel Carrera,player_totals,2026-09-21T18:57:21+00:00,20260921T185714Z,c10664add3e989dc19e7edcce748ef70a4dcb049ca6ade3f145d3e493611ae0b
1628242,1611661320,Emma Cannon,Emma Cannon,1628242,LAS,7390.4,17,123,9,259,255,98.0,69.0,27.0,514,7.0,11.0,1.0,2.0,3.0,4.0,1.0,4.0,,1.0,2.0,2.0,,,1.0,1.0,10.0,22.0,,1.0,4.0,10.0,8.0,16.0,12.0,24.0,19.0,71.0,270,1.0,2.0,,1.0,7.0,9.0,4.0,6.0,5.0,11.0,8.0,31.0,14.0,2.0,36.0,,,22.0,10.0,3.0,,3.0,3.0,6.0,3.0,,1.0,1.0,1.0,15.0,6.0,3.0,,8.0,7.0,,15.0,9.0,24.0,,1.0,1.0,,4.0,1.0,3.0,10.0,1.0,1.0,,2.0,14.0,2.0,5.0,9.0,28.0,,5.0,6.0,18.0,1.0,4.0,,23.0,1.0,,7.0,,6.0,2.0,,,1.0,,1.0,2.0,1.0,1.0,62.0,31.0,98.0,3.0,5.0,,1.0,,,,,,,107.72200772200773,105.88235294117648,0.875,0.875,1.0,0.5,,0.45454545454545453,0.5,0.5,0.5,0.6666666666666666,0.65,0.3333333333333333,0.6764705882352942,0.6826923076923077,0.6428571428571429,0.6739130434782609,0.6,,0.1875,0.18181818181818182,0.25,,22.14532871972318,0.2857142857142857,,,0.1044776119402985,0.05454545454545454,0.12698412698412698,0.09523809523809523,0.11538461538461539,0.07627118644067797,0.15,,0.10204081632653061,0.07142857142857142,0.038461538461538464,0.18518518518518517,0.07142857142857142,0.08333333333333333,0.26666666666666666,,0.5,0.275,0.6363636363636364,0.7777777777777778,0.8571428571428571,0.1,0.25,0.3333333333333333,1.0,0.025,,,,0.05,1.0,1.0,1.0,0.55,0.45454545454545453,0.45454545454545453,1.0,0.6666666666666666,0.5,,,,,0.3333333333333333,,,0.23529411764705882,0.75,0.058823529411764705,1.0,0.5882352941176471,0.4,0.875,0.45454545454545453,0.53386625,0.6193,0.5246470588235295,0.15217391304347827,0.3181818181818182,,0.1267605633802817,0.43661971830985913,4.38125,24.816666666666666,0.5,,,0.25,0.3783783783783784,player_totals,wnba,2026,Regular Season,/get-totals/wnba,"{""Season"": ""2026"", ""SeasonType"": ""Regular Season"", ""Type"": ""Player""}",20260921T185714Z,2026-09-21T18:57:18+00:00,466a58e259a4bab72cce7b731eb3f244603cdbdf5e0d3fbf70d6fb74ec7f3776,,,,,,,,,,,,"[""single_row_table_data"", ""multi_row_table_data""]",{},1628242,Emma Cannon,player_totals,2026-09-21T18:57:21+00:00,20260921T185714Z,637d78fc9ddf40106daced240ccaba199b891e10bd2c9ca25d5f1c02bcfc98aa
1642324,1611661320,Kate Martin,Kate Martin,1642324,LAS,7194.6,17,120,-11,249,254,127.0,109.0,40.0,503,3.0,4.0,,,1.0,1.0,2.0,5.0,,,4.0,9.0,,,,1.0,4.0,17.0,1.0,1.0,3.0,11.0,5.0,9.0,8.0,26.0,5.0,39.0,294,,,1.0,1.0,1.0,4.0,1.0,3.0,3.0,12.0,4.0,15.0,8.0,2.0,24.0,,,17.0,4.0,,1.0,6.0,,6.0,,,2.0,3.0,1.0,12.0,4.0,1.0,,6.0,8.0,,14.0,5.0,19.0,,5.0,3.0,2.0,3.0,,3.0,,,,,,3.0,,1.0,8.0,15.0,,2.0,,6.0,1.0,1.0,1.0,8.0,2.0,1.0,2.0,1.0,1.0,3.0,,,2.0,,1.0,3.0,1.0,,35.0,15.0,127.0,1.0,1.0,,,,,,,,,113.65461847389557,115.74803149606299,0.8,0.8,1.0,0.3076923076923077,1.0,0.25,0.3076923076923077,0.5555555555555556,,0.3333333333333333,0.4857142857142857,1.5,0.36666666666666664,0.5135135135135135,1.0,0.4411764705882353,0.7428571428571429,0.038461538461538464,,,,0.058823529411764705,13.6518771331058,1.0,,,0.13559322033898305,0.019230769230769232,0.14285714285714285,0.07017543859649122,0.13861386138613863,0.045871559633027525,,0.03225806451612903,0.08695652173913043,,0.125,0.13793103448275862,0.14285714285714285,0.14705882352941177,0.125,,0.3333333333333333,0.11428571428571428,0.75,0.75,1.0,0.14285714285714285,0.4,0.4,0.5,,,,,0.2571428571428571,0.4444444444444444,0.4444444444444444,1.0,0.4857142857142857,0.23529411764705882,0.25,1.0,,,,,,,1.0,1.0,1.0,0.06666666666666667,1.0,0.06666666666666667,,0.7333333333333333,0.2727272727272727,0.8571428571428571,0.23529411764705882,0.5134735294117647,,0.4971285714285715,0.08333333333333333,0.2222222222222222,0.037037037037037035,0.10256410256410256,0.38461538461538464,4.2555555555555555,25.626923076923074,1.0,0.6666666666666666,,0.35294117647058826,0.5100401606425703,player_totals,wnba,2026,Regular Season,/get-totals/wnba,"{""Season"": ""2026"", ""SeasonType"": ""Regular Season"", ""Type"": ""Player""}",20260921T185714Z,2026-09-21T18:57:18+00:00,d294c6a74c33c2270b7dc6b644169a83a5b62e12ef0b19eeec974d0468efdd52,,,,,,,,,,,,"[""single_row_table_data"", ""multi_row_table_data""]",{},1642324,Kate Martin,player_totals,2026-09-21T18:57:21+00:00,20260921T185714Z,299b45bddfe14620cf1dc77cf1f9192a8ec7f29619ec345c6c4006b3425476ee
1642288,1611661329,Rickea Jackson,Rickea Jackson,1642288,CHI,7078.799999999999,4,118,-15,233,237,42.0,68.0,30.0,470,5.0,9.0,1.0,1.0,,,8.0,21.0,5.0,9.0,5.0,7.0,,,1.0,1.0,1.0,14.0,,1.0,,1.0,18.0,39.0,6.0,21.0,18.0,72.0,248,2.0,3.0,,1.0,4.0,8.0,1.0,5.0,1.0,2.0,9.0,14.0,20.0,16.0,15.0,3.0,,14.0,1.0,3.0,2.0,6.0,2.0,8.0,1.0,1.0,5.0,1.0,,18.0,,3.0,1.0,6.0,7.0,2.0,15.0,4.0,19.0,3.0,1.0,,1.0,5.0,1.0,5.0,3.0,1.0,,,,8.0,1.0,1.0,3.0,7.0,,1.0,1.0,14.0,,,,22.0,1.0,1.0,9.0,,2.0,6.0,1.0,1.0,4.0,,2.0,7.0,3.0,,64.0,14.0,42.0,2.0,2.0,,5.0,,10.0,,4.0,,,100.0,104.64135021097046,0.5555555555555556,0.5555555555555556,0.8333333333333334,0.2857142857142857,,0.5,0.2857142857142857,0.46153846153846156,0.6666666666666666,0.2,0.45,0.5,0.35714285714285715,0.5071428571428571,0.5714285714285714,0.5833333333333334,0.35,0.09523809523809523,0.07692307692307693,0.1111111111111111,0.09523809523809523,0.14285714285714285,29.104477611940297,0.625,0.5,0.1111111111111111,0.08860759493670886,0.038461538461538464,0.12244897959183673,,0.1015625,0.025210084033613446,0.037037037037037035,0.05263157894736842,,,0.09090909090909091,0.06521739130434782,0.18181818181818182,0.15789473684210525,,0.0967741935483871,0.42857142857142855,0.15,0.5555555555555556,0.625,0.6,0.35,0.38095238095238093,0.42105263157894735,0.5,0.15,0.5555555555555556,0.5555555555555556,0.6,0.11666666666666667,0.7142857142857143,0.7142857142857143,1.0,0.23333333333333334,0.07142857142857142,0.08333333333333333,,0.25,1.0,,,,,0.25,,,,,0.14285714285714285,1.0,0.14285714285714285,,0.5,0.07142857142857142,0.4732366666666667,0.54875,0.4016571428571428,0.1323529411764706,0.19148936170212766,,0.1111111111111111,0.19444444444444445,8.664102564102564,24.26666666666667,0.75,0.38461538461538464,,0.07142857142857142,0.18025751072961374,player_totals,wnba,2026,Regular Season,/get-totals/wnba,"{""Season"": ""2026"", ""SeasonType"": ""Regular Season"", ""Type"": ""Player""}",20260921T185714Z,2026-09-21T18:57:18+00:00,29c5c263951ce573ab71e88e43115f47cb66d19d2d9524587b2d0bbf973a7ef3,,,,,,,,,,,,"[""single_row_table_data"", ""multi_row_table_data""]",{},1642288,Rickea Jackson,player_totals,2026-09-21T18:57:21+00:00,20260921T185714Z,e3efdd7871bac4f6ff9615a6f5ef1c3f12c90a58ccd4122303d9de0ec3073c12
1643490,1611661324,Eliska Joklova,Eliska Joklova,1643490,MIN,6740.5,21,112,21,217,222,65.0,99.0,27.0,439,9.0,13.0,1.0,1.0,2.0,2.0,1.0,4.0,,,,1.0,,,,,,5.0,,3.0,,2.0,10.0,17.0,,6.0,16.0,36.0,229,1.0,1.0,,3.0,1.0,3.0,3.0,4.0,,2.0,7.0,13.0,10.0,10.0,,,,5.0,,3.0,,10.0,13.0,23.0,10.0,3.0,8.0,,2.0,59.0,4.0,3.0,,8.0,5.0,2.0,15.0,7.0,22.0,,3.0,3.0,,5.0,1.0,1.0,6.0,2.0,4.0,,,11.0,,3.0,7.0,17.0,,2.0,,17.0,,,,21.0,,,8.0,,2.0,3.0,,,1.0,,2.0,3.0,2.0,,33.0,13.0,65.0,2.0,2.0,1.0,4.0,,,,,,,115.20737327188941,103.15315315315314,0.5,0.5,,,,,,0.5882352941176471,1.0,0.75,0.43478260869565216,0.25,0.5,0.5454545454545454,0.3,0.65,0.2608695652173913,,0.17647058823529413,0.15384615384615385,0.25,,17.741935483870968,0.45454545454545453,0.25,,0.1,0.06818181818181818,0.13559322033898305,0.0975609756097561,0.11926605504587157,0.08235294117647059,0.11764705882352941,,0.034482758620689655,0.25,0.12,0.05555555555555555,0.14285714285714285,0.14,0.1111111111111111,,0.6666666666666666,0.5652173913043478,0.6923076923076923,0.8181818181818182,0.4444444444444444,0.17391304347826086,0.25,0.3333333333333333,1.0,,,,,0.043478260869565216,,,,0.21739130434782608,,,,0.25,1.0,1.0,,,,0.75,,,0.3333333333333333,1.0,,,0.3333333333333333,,0.8260869565217391,,0.5419318181818181,0.609,0.49894999999999995,0.25806451612903225,0.32,,0.08333333333333333,0.3611111111111111,3.2235294117647055,27.816666666666666,0.5,0.5,,0.5,0.2995391705069124,player_totals,wnba,2026,Regular Season,/get-totals/wnba,"{""Season"": ""2026"", ""SeasonType"": ""Regular Season"", ""Type"": ""Player""}",20260921T185714Z,2026-09-21T18:57:18+00:00,f1f8bd4fc8d3c7a01dd7a0a8fec6d7cc3016ca18b1af0e3da9c8236e0a0842eb,,,0.07692307692307693,,,,,,,,,"[""single_row_table_data"", ""multi_row_table_data""]",{},1643490,Eliska Joklova,player_totals,2026-09-21T18:57:21+00:00,20260921T185714Z,bcd4b4e0e1ce0caa4f8e7b7ed6cfd017c8a3d063a17b5fd0763a79f4471aff35
1643444,1611661319,Ta'Niya Latson,Ta'Niya Latson,1643444,LVA,6185.299999999999,18,103,-48,206,224,95.0,86.0,20.0,430,8.0,11.0,,1.0,3.0,3.0,3.0,12.0,,1.0,2.0,4.0,1.0,1.0,,1.0,2.0,6.0,,,1.0,3.0,11.0,24.0,4.0,10.0,22.0,56.0,252,1.0,3.0,1.0,1.0,2.0,7.0,5.0,10.0,1.0,4.0,10.0,23.0,12.0,10.0,12.0,,,6.0,2.0,3.0,,5.0,2.0,7.0,1.0,1.0,3.0,2.0,,16.0,2.0,2.0,,8.0,3.0,,11.0,4.0,15.0,2.0,1.0,1.0,,6.0,4.0,3.0,6.0,,3.0,,,12.0,1.0,7.0,,10.0,,2.0,2.0,18.0,,3.0,1.0,28.0,1.0,,10.0,1.0,3.0,,1.0,,,1.0,,1.0,,,49.0,23.0,95.0,2.0,3.0,,7.0,,,,,,,99.02912621359224,112.49999999999999,0.5454545454545454,0.5454545454545454,1.0,0.4,1.0,0.25,0.4,0.4583333333333333,0.3333333333333333,0.5,0.5,0.625,0.4642857142857143,0.5957446808510638,0.7,0.575,0.29411764705882354,,0.125,0.09090909090909091,0.16666666666666666,,25.65217391304348,0.5,,,0.06382978723404255,0.03571428571428571,0.16326530612244897,0.04878048780487805,0.11458333333333333,0.041237113402061855,0.05263157894736842,0.03225806451612903,0.027777777777777776,0.2,,0.08333333333333333,0.1111111111111111,0.1388888888888889,0.23076923076923078,0.125,,0.3235294117647059,0.7272727272727273,0.8,0.5,0.35294117647058826,0.25,0.3,0.6666666666666666,0.029411764705882353,,,,0.11764705882352941,0.5,0.5,1.0,0.17647058823529413,0.3333333333333333,0.3333333333333333,1.0,0.25,,,0.25,1.0,1.0,,,,0.21428571428571427,1.0,0.07142857142857142,,0.21428571428571427,0.3333333333333333,0.6176470588235294,0.3333333333333333,0.5185264705882353,0.49346666666666666,0.4840750000000001,0.23255813953488372,0.30303030303030304,,0.125,0.4107142857142857,4.9375,23.79,0.6666666666666666,0.1111111111111111,,0.3333333333333333,0.46116504854368934,player_totals,wnba,2026,Regular Season,/get-totals/wnba,"{""Season"": ""2026"", ""SeasonType"": ""Regular Season"", ""Type"": ""Player""}",20260921T185714Z,2026-09-21T18:57:18+00:00,eeb6c180622d80eb42fa3b222efbd864534f6bd2889208e7d1ff487d91374324,,,,,,,1.0,,,,,"[""single_row_table_data"", ""multi_row_table_data""]",{},1643444,Ta'Niya Latson,player_totals,2026-09-21T18:57:21+00:00,20260921T185714Z,c832cc3e0882927e175dfd8f6622ede2bbaeda09143f03f81f4673eaeca30b61
1642320,1611661328,Jaylyn Sherrod,Jaylyn Sherrod,1642320,SEA,5936.200000000001,13,99,-48,189,208,83.0,87.0,23.0,397,5.0,14.0,,,5.0,12.0,1.0,9.0,,2.0,2.0,3.0,,,1.0,1.0,,4.0,,,,,6.0,25.0,2.0,7.0,7.0,25.0,246,,1.0,,,,,6.0,18.0,1.0,1.0,7.0,22.0,6.0,6.0,6.0,,,4.0,,5.0,,6.0,8.0,14.0,8.0,,4.0,1.0,1.0,36.0,2.0,,,3.0,7.0,,10.0,2.0,12.0,,10.0,9.0,1.0,6.0,,3.0,1.0,,3.0,,1.0,7.0,1.0,3.0,3.0,14.0,,,,5.0,,,1.0,7.0,,,1.0,1.0,1.0,2.0,,,,,2.0,2.0,2.0,,25.0,22.0,83.0,4.0,1.0,,4.0,,,,,,,104.76190476190477,118.26923076923076,0.5,0.5,1.0,0.2857142857142857,,1.0,0.2857142857142857,0.24,,0.3333333333333333,0.28125,,0.39473684210526316,0.35714285714285715,,0.5,0.21875,,0.2,0.14285714285714285,0.3333333333333333,,19.35483870967742,0.8571428571428571,,,0.16666666666666666,,0.0967741935483871,0.0625,0.136986301369863,0.021505376344086023,,,0.07692307692307693,,0.15384615384615385,0.16666666666666666,0.2,0.08,0.16666666666666666,,1.0,0.4375,0.35714285714285715,0.4166666666666667,0.6,0.28125,0.1111111111111111,0.16666666666666666,,0.0625,,,,0.09375,0.6666666666666666,0.6666666666666666,1.0,0.125,,,,,,,,,,,,,0.631578947368421,0.4166666666666667,0.05263157894736842,1.0,,,0.65625,,0.4916015625,0.3458,0.5127,0.030303030303030304,0.038461538461538464,,,0.88,6.164,24.0,0.1111111111111111,0.125,,0.6,0.43915343915343913,player_totals,wnba,2026,Regular Season,/get-totals/wnba,"{""Season"": ""2026"", ""SeasonType"": ""Regular Season"", ""Type"": ""Player""}",20260921T185714Z,2026-09-21T18:57:18+00:00,adf90820e304f942bc5db3cf25a34a074e12c205a41e4e229410b7a5048a42a4,,,,,,,,,,,,"[""single_row_table_data"", ""multi_row_table_data""]",{},1642320,Jaylyn Sherrod,player_totals,2026-09-21T18:57:21+00:00,20260921T185714Z,e98211a9a1c4b182ee5c51d96ec652486b88c6df685f15e63fa6a9ad33c198e4
203024,1611661325,Damiris Dantas,Damiris Dantas,203024,IND,5897.2,12,98,-15,209,216,87.0,107.0,27.0,425,4.0,7.0,2.0,3.0,1.0,3.0,1.0,3.0,1.0,2.0,1.0,3.0,,,,2.0,6.0,17.0,,2.0,1.0,11.0,6.0,12.0,7.0,20.0,7.0,40.0,250,2.0,4.0,,2.0,1.0,5.0,1.0,3.0,1.0,13.0,6.0,11.0,10.0,2.0,21.0,,2.0,17.0,6.0,,,4.0,,4.0,,,3.0,1.0,,8.0,3.0,1.0,,5.0,7.0,2.0,14.0,4.0,18.0,,2.0,2.0,,5.0,1.0,4.0,4.0,,1.0,,1.0,9.0,,5.0,6.0,22.0,,1.0,2.0,8.0,,2.0,,9.0,1.0,,3.0,,2.0,2.0,,,,,2.0,2.0,1.0,,35.0,11.0,87.0,7.0,1.0,3.0,8.0,2.0,5.0,1.0,,3.0,,112.44019138755982,115.74074074074073,0.8333333333333334,1.0,1.0,0.35,,0.07692307692307693,0.35,0.5,0.5,0.3333333333333333,0.515625,0.3333333333333333,0.15625,0.5555555555555556,0.35714285714285715,0.2894736842105263,0.625,,,,,,18.59504132231405,0.5555555555555556,0.2222222222222222,,0.16279069767441862,0.023809523809523808,0.15151515151515152,0.06,0.15789473684210525,0.043478260869565216,,0.05555555555555555,0.05128205128205128,0.09090909090909091,0.14285714285714285,0.16,0.25,0.20833333333333334,,,0.5,0.21875,0.5714285714285714,0.5714285714285714,0.75,0.09375,0.3333333333333333,0.3333333333333333,1.0,0.0625,0.5,0.5,1.0,0.09375,0.3333333333333333,0.3333333333333333,1.0,0.53125,0.35294117647058826,0.35294117647058826,1.0,0.5,0.6666666666666666,0.5,,,,0.3333333333333333,,,0.1875,0.3333333333333333,0.125,,0.6875,0.09090909090909091,0.84375,0.35294117647058826,0.5126453125,0.58485,0.522153125,0.08823529411764706,0.21428571428571427,,0.125,0.275,6.291666666666667,25.1,1.0,0.5,,0.38461538461538464,0.41626794258373206,player_totals,wnba,2026,Regular Season,/get-totals/wnba,"{""Season"": ""2026"", ""SeasonType"": ""Regular Season"", ""Type"": ""Player""}",20260921T185714Z,2026-09-21T18:57:18+00:00,cc957247c7e177b05ad41b98128e904174ffecc806e8d59e18524cd8447c8fe5,,,,,,,,,,,,"[""single_row_table_data"", ""multi_row_table_data""]",{},203024,Damiris Dantas,player_totals,2026-09-21T18:57:21+00:00,20260921T185714Z,71d9d427e54ae6fc6f68cb01e881eea0cebe87c90e487f7a26d8d9c204d5a87e
1642818,1611661317,Maddy Westbeld,Maddy Westbeld,1642818,PHX,5655.2,8,94,-20,192,191,67.0,74.0,31.0,383,1.0,5.0,,1.0,,,1.0,5.0,,1.0,,1.0,,,,,3.0,10.0,,,1.0,5.0,2.0,11.0,3.0,11.0,4.0,17.0,205,,2.0,,,,,,3.0,1.0,5.0,,3.0,2.0,2.0,9.0,,,10.0,3.0,3.0,,3.0,2.0,5.0,2.0,,1.0,2.0,,12.0,2.0,2.0,,4.0,7.0,,11.0,4.0,15.0,,3.0,1.0,2.0,5.0,,3.0,2.0,,2.0,,,7.0,1.0,,4.0,17.0,,2.0,2.0,4.0,,,,4.0,,,2.0,,,2.0,,,1.0,,1.0,2.0,2.0,,17.0,3.0,67.0,2.0,,3.0,6.0,,7.0,3.0,8.0,,,96.35416666666667,107.32984293193718,0.5,0.5,1.0,0.2727272727272727,,0.2,0.2727272727272727,0.18181818181818182,,,0.29545454545454547,,0.1875,0.3541666666666667,,0.1875,0.5,,0.2727272727272727,0.4,0.2,,13.777777777777779,0.7142857142857143,,,0.14583333333333334,0.03636363636363636,0.13793103448275862,0.045454545454545456,0.14285714285714285,0.04040404040404041,0.0625,0.029411764705882353,0.05555555555555555,,0.17647058823529413,0.1,0.18181818181818182,0.125,0.2,,1.0,0.22727272727272727,0.2,0.3333333333333333,1.0,0.22727272727272727,0.2,0.25,,0.045454545454545456,,,,0.045454545454545456,,,,0.45454545454545453,0.3,0.3,1.0,0.5,,,,,,,,,,,,,0.625,0.2,0.7272727272727273,0.3,0.5117454545454545,,0.46926249999999997,0.08333333333333333,0.15384615384615385,,,0.17647058823529413,5.954545454545454,24.75454545454545,0.25,0.5,1.0,0.25,0.3489583333333333,player_totals,wnba,2026,Regular Season,/get-totals/wnba,"{""Season"": ""2026"", ""SeasonType"": ""Regular Season"", ""Type"": ""Player""}",20260921T185714Z,2026-09-21T18:57:18+00:00,760d253af6f220d6b54b37f288c3da82a8ae976351e89a9d4a5252a47b16e69a,,,,,,,,,,,,"[""single_row_table_data"", ""multi_row_table_data""]",{},1642818,Maddy Westbeld,player_totals,2026-09-21T18:57:21+00:00,20260921T185714Z,82d98d95686c6803060f91f0295cce561b446ee363e2df2e9e0691ea4da43742
1643470,1611661317,Shay Ciezki,Shay Ciezki,1643470,PHX,5449.9,6,91,8,185,191,64.0,64.0,22.0,376,3.0,6.0,,,,1.0,7.0,12.0,,1.0,1.0,2.0,,,1.0,1.0,5.0,12.0,,1.0,3.0,5.0,10.0,19.0,6.0,14.0,13.0,51.0,204,1.0,1.0,,1.0,,2.0,1.0,2.0,4.0,6.0,10.0,24.0,8.0,12.0,12.0,6.0,2.0,12.0,5.0,2.0,,4.0,7.0,11.0,5.0,2.0,4.0,,,29.0,2.0,,,4.0,5.0,1.0,10.0,2.0,12.0,,3.0,2.0,1.0,4.0,,1.0,2.0,,3.0,,2.0,6.0,1.0,4.0,5.0,17.0,,2.0,,11.0,,1.0,1.0,15.0,1.0,,3.0,,5.0,2.0,,,,,2.0,2.0,1.0,,49.0,24.0,64.0,5.0,4.0,3.0,5.0,2.0,1.0,8.0,7.0,3.0,,114.59459459459458,106.80628272251309,0.4,0.4444444444444444,0.6666666666666666,0.42857142857142855,,0.6666666666666666,0.42857142857142855,0.5263157894736842,1.0,0.5,0.5757575757575758,0.5,0.875,0.6375,0.5,0.9230769230769231,0.42424242424242425,,0.10526315789473684,0.3333333333333333,,,21.904761904761905,0.6666666666666666,0.1,,0.10416666666666667,,0.125,0.05263157894736842,0.1125,0.024691358024691357,,,0.06896551724137931,,0.14285714285714285,0.1111111111111111,,0.12,0.14285714285714285,,0.5,0.18181818181818182,0.5,0.75,0.3333333333333333,0.36363636363636365,0.5833333333333334,0.5833333333333334,0.42857142857142855,0.030303030303030304,,,,0.06060606060606061,0.5,0.5,1.0,0.36363636363636365,0.4166666666666667,0.4166666666666667,0.6,,,,,,,0.5,,,0.125,,0.125,1.0,0.625,0.6,0.6060606060606061,0.4166666666666667,0.47958181818181816,,0.50025625,0.08571428571428572,0.14285714285714285,,0.0392156862745098,0.47058823529411764,5.968421052631579,25.228571428571428,1.0,0.5,,0.125,0.34594594594594597,player_totals,wnba,2026,Regular Season,/get-totals/wnba,"{""Season"": ""2026"", ""SeasonType"": ""Regular Season"", ""Type"": ""Player""}",20260921T185714Z,2026-09-21T18:57:18+00:00,37eac9ba85af12b621d05357903178e2fa2b033e5e3f7203f6b08c33dc87c02a,,,,,,,,,,,,"[""single_row_table_data"", ""multi_row_table_data""]",{},1643470,Shay Ciezki,player_totals,2026-09-21T18:57:21+00:00,20260921T185714Z,3de7bf2a998c36a51c4240505b26faa37d419d857f9b19739c3999adba1a871a
1643495,1611661319,Justine Pissott,Justine Pissott,1643495,LVA,5204.9,10,87,-39,173,185,26.0,64.0,16.0,358,2.0,3.0,,,1.0,1.0,2.0,3.0,,4.0,1.0,3.0,,,1.0,2.0,9.0,24.0,,,1.0,2.0,4.0,10.0,10.0,27.0,2.0,40.0,223,,,,,,,1.0,1.0,2.0,4.0,,8.0,8.0,,30.0,,,24.0,9.0,,,2.0,1.0,3.0,,1.0,,2.0,,7.0,,,,6.0,3.0,1.0,10.0,,10.0,,2.0,2.0,,2.0,1.0,2.0,1.0,,,,,3.0,,,7.0,13.0,,1.0,,3.0,,1.0,,2.0,,,1.0,,,3.0,,,2.0,,1.0,3.0,,,40.0,8.0,26.0,1.0,,,,4.0,6.0,,4.0,2.0,,106.35838150289017,120.54054054054053,1.0,1.0,1.0,0.37037037037037035,,0.5,0.37037037037037035,0.4,,1.0,0.5135135135135135,,0.8,0.5263157894736842,,0.8,0.7297297297297297,,,,,,21.465968586387437,0.6666666666666666,0.3333333333333333,,0.075,,0.13636363636363635,,0.10714285714285714,,,,,,0.13333333333333333,0.047619047619047616,,0.0967741935483871,0.23076923076923078,,,0.08108108108108109,0.6666666666666666,0.6666666666666666,1.0,0.08108108108108109,0.6666666666666666,0.6666666666666666,1.0,0.10810810810810811,,,,0.08108108108108109,0.3333333333333333,0.3333333333333333,1.0,0.6486486486486487,0.375,0.375,1.0,,,,,,,,,,0.2,1.0,0.4,0.5,0.4,0.5,0.8108108108108109,0.375,0.43607027027027023,,0.51007,0.02631578947368421,0.09090909090909091,,,0.2,10.57,25.9,,,0.25,0.125,0.15028901734104047,player_totals,wnba,2026,Regular Season,/get-totals/wnba,"{""Season"": ""2026"", ""SeasonType"": ""Regular Season"", ""Type"": ""Player""}",20260921T185714Z,2026-09-21T18:57:18+00:00,0bf5a86992980e8260bb6c5ebc2bc99b5e3671ff6fd35a032f5feea3940e30fe,,,,,,,,,,,,"[""single_row_table_data"", ""multi_row_table_data""]",{},1643495,Justine Pissott,player_totals,2026-09-21T18:57:21+00:00,20260921T185714Z,a5259b0b94e9fd3581cb94392dc1ffe9a53f79e60f7fa5359e732969144dbb3e
1643453,1611661325,Grace VanSlooten,Grace VanSlooten,1643453,IND,4995.6,18,83,-43,168,183,67.0,75.0,12.0,351,5.0,7.0,,,2.0,3.0,2.0,2.0,,,,1.0,,,,,2.0,2.0,1.0,1.0,,,7.0,9.0,2.0,3.0,5.0,25.0,207,,,1.0,1.0,,3.0,3.0,4.0,,,1.0,7.0,8.0,6.0,6.0,,,2.0,2.0,1.0,,2.0,2.0,4.0,1.0,1.0,1.0,1.0,,10.0,,1.0,,1.0,8.0,,9.0,1.0,10.0,,4.0,3.0,1.0,2.0,1.0,1.0,2.0,,1.0,,,4.0,,2.0,4.0,8.0,,1.0,1.0,7.0,,,1.0,8.0,,,4.0,,,4.0,,,4.0,,,4.0,2.0,,22.0,7.0,67.0,1.0,,,1.0,,,,,,,97.61904761904762,113.11475409836065,0.5714285714285714,0.5714285714285714,1.0,0.6666666666666666,1.0,,0.6666666666666666,0.7777777777777778,,0.75,0.8333333333333334,1.5,0.75,0.78125,1.5,0.7,0.25,,0.1111111111111111,0.14285714285714285,,,10.989010989010989,0.5,,,0.18181818181818182,0.023255813953488372,0.03571428571428571,,0.125,0.014285714285714285,,0.0625,,,0.125,0.21052631578947367,0.2222222222222222,0.047619047619047616,,,0.5,0.5833333333333334,0.7142857142857143,0.8333333333333334,0.6,0.16666666666666666,1.0,1.0,0.5,,,,,0.08333333333333333,,,,0.16666666666666666,1.0,1.0,1.0,,,,,,,1.0,1.0,1.0,0.75,0.6666666666666666,,,,,0.8333333333333334,1.0,0.5895083333333333,0.36495,0.59645,0.25,0.3076923076923077,,0.12,0.28,2.5777777777777775,23.866666666666664,,,,,0.39880952380952384,player_totals,wnba,2026,Regular Season,/get-totals/wnba,"{""Season"": ""2026"", ""SeasonType"": ""Regular Season"", ""Type"": ""Player""}",20260921T185714Z,2026-09-21T18:57:18+00:00,01b150e93a8384e6a63a032b41f321ab96c0b5d890ef226649d0d99900549c01,,,,,,,,,,,,"[""single_row_table_data"", ""multi_row_table_data""]",{},1643453,Grace VanSlooten,player_totals,2026-09-21T18:57:21+00:00,20260921T185714Z,6a9cdec1c7819e3a2a9e71fe6bf49e77c52c5123168108c12645fe8a32a0df3f
1642210,1611661313,Julie Vanloo,Julie Vanloo,1642210,NYL,4868.4,5,81,32,174,174,80.0,64.0,18.0,348,2.0,2.0,1.0,1.0,,,,,,1.0,,,,,,,7.0,14.0,,,3.0,4.0,2.0,3.0,7.0,14.0,4.0,29.0,171,1.0,1.0,,,,2.0,,1.0,3.0,4.0,4.0,13.0,2.0,2.0,18.0,3.0,,14.0,7.0,,,18.0,9.0,27.0,8.0,1.0,13.0,5.0,,63.0,1.0,,,1.0,7.0,1.0,9.0,1.0,10.0,,2.0,2.0,,7.0,4.0,7.0,5.0,,,,,12.0,,5.0,4.0,11.0,1.0,,,4.0,,1.0,,4.0,,,,,2.0,,,,,,,,,1.0,27.0,13.0,80.0,2.0,2.0,2.0,4.0,,1.0,,,,,116.66666666666667,98.27586206896552,0.5,0.5,0.8571428571428571,0.5,,0.75,0.5,0.6666666666666666,1.0,,0.7352941176470589,1.0,0.9,0.7631578947368421,1.0,0.9285714285714286,0.8235294117647058,,,,,,16.145833333333336,0.5833333333333334,0.09090909090909091,,0.14,,0.024390243902439025,0.025,0.08791208791208792,0.015625,,,,0.08333333333333333,,0.15384615384615385,0.2727272727272727,0.03125,,,,0.11764705882352941,1.0,1.0,0.5,,,,,0.058823529411764705,,,,,,,,0.8235294117647058,0.5,0.5,0.8571428571428571,1.0,1.0,1.0,,,,,,,,,,,0.8,0.75,0.9411764705882353,0.5,0.5047941176470588,0.6086,0.44530000000000003,,,,0.06896551724137931,0.4482758620689655,7.933333333333334,24.835714285714285,,,,0.14285714285714285,0.45977011494252873,player_totals,wnba,2026,Regular Season,/get-totals/wnba,"{""Season"": ""2026"", ""SeasonType"": ""Regular Season"", ""Type"": ""Player""}",20260921T185714Z,2026-09-21T18:57:18+00:00,d250151a64cd30138d579d783637bdd454446afc9c877cc662abcf2f05957b41,,,,,,,,,,,,"[""single_row_table_data"", ""multi_row_table_data""]",{},1642210,Julie Vanloo,player_totals,2026-09-21T18:57:21+00:00,20260921T185714Z,e162c0622628713586cebb93ded248e392b92a37147f8ba7c7c91d2025974005
1643487,1611661317,Quionche Carter,Quionche Carter,1643487,PHX,4835.799999999999,13,81,-24,157,168,52.0,48.0,22.0,325,1.0,3.0,,,,1.0,2.0,5.0,,1.0,,4.0,,,,1.0,,5.0,,,,3.0,3.0,9.0,,9.0,9.0,15.0,185,,1.0,,,,,,2.0,,4.0,2.0,2.0,6.0,,,,,5.0,,2.0,,3.0,4.0,7.0,3.0,1.0,,2.0,1.0,18.0,1.0,1.0,1.0,2.0,4.0,,6.0,3.0,9.0,,5.0,3.0,2.0,1.0,1.0,,1.0,,1.0,,,2.0,,,4.0,11.0,,,,11.0,1.0,3.0,,16.0,1.0,1.0,5.0,,3.0,,,,,,,,,1.0,15.0,2.0,52.0,3.0,3.0,,,,,,,,,102.54777070063695,110.11904761904762,1.0,1.0,,,,,,0.3333333333333333,,,0.16666666666666666,,,0.28,,0.1111111111111111,0.5,,0.2222222222222222,,0.4,,14.835164835164834,0.5,,0.07692307692307693,0.10256410256410256,0.023255813953488372,0.0625,0.02857142857142857,0.08450704225352113,0.02564102564102564,,0.043478260869565216,0.03571428571428571,,,0.15789473684210525,0.08333333333333333,0.07142857142857142,,,,0.16666666666666666,0.3333333333333333,0.3333333333333333,1.0,0.2777777777777778,0.4,0.6666666666666666,1.0,0.05555555555555555,,,,0.2222222222222222,,,,0.2777777777777778,,,,,,,,,,,,,0.16666666666666666,,0.16666666666666666,,0.5,,0.6666666666666666,,0.46093888888888895,0.4178,0.45635000000000003,0.22727272727272727,0.38461538461538464,,,0.13333333333333333,5.877777777777777,24.08888888888889,0.5,0.3333333333333333,,0.2222222222222222,0.33121019108280253,player_totals,wnba,2026,Regular Season,/get-totals/wnba,"{""Season"": ""2026"", ""SeasonType"": ""Regular Season"", ""Type"": ""Player""}",20260921T185714Z,2026-09-21T18:57:18+00:00,605b1a6c30a6603ad0f101bb9f7ce630e9c538154d7b864599db9f1ab05d04d5,,,,,,,,,,,,"[""single_row_table_data"", ""multi_row_table_data""]",{},1643487,Quionche Carter,player_totals,2026-09-21T18:57:21+00:00,20260921T185714Z,87d6e7a486bfbf5b47f4abda65f5ddb1c40b269e6e20e60617f5932db0766cf5
1630993,1611661313,Anneli Maley,Anneli Maley,1630993,NYL,4632.3,10,77,19,150,159,58.0,62.0,25.0,309,,4.0,,,,2.0,,4.0,,1.0,,3.0,,1.0,,,1.0,3.0,,,1.0,2.0,,9.0,1.0,6.0,3.0,6.0,156,,1.0,,1.0,2.0,2.0,,3.0,1.0,2.0,2.0,5.0,,,3.0,,,3.0,1.0,3.0,,3.0,1.0,4.0,1.0,,3.0,,,9.0,,4.0,1.0,3.0,3.0,1.0,7.0,5.0,12.0,,5.0,4.0,1.0,1.0,,1.0,,,,,,1.0,,,3.0,14.0,,3.0,,5.0,1.0,,1.0,4.0,,,1.0,,1.0,1.0,,,,,1.0,1.0,,,4.0,5.0,58.0,4.0,1.0,,,,,,3.0,,,116.66666666666667,98.11320754716981,,,1.0,0.16666666666666666,,0.5,0.16666666666666666,,,,0.1,,0.3,0.17647058823529413,0.3333333333333333,0.4166666666666667,0.4,,0.3333333333333333,0.75,,,10.05586592178771,1.0,0.3333333333333333,0.16666666666666666,0.08108108108108109,0.1,0.09090909090909091,,0.08571428571428572,0.0547945205479452,0.14285714285714285,0.07142857142857142,,,0.06666666666666667,,0.2,0.10344827586206896,,,,0.26666666666666666,,,,0.26666666666666666,,,,0.06666666666666667,,,,0.2,,,,0.2,0.3333333333333333,0.3333333333333333,1.0,,,,0.5,,,,,,0.4,,,,0.4,0.5,0.6666666666666666,0.3333333333333333,0.50702,0.532625,0.55434,0.0625,0.1,,0.3333333333333333,0.8333333333333334,6.233333333333333,24.416666666666668,0.5,0.25,,0.2,0.38666666666666666,player_totals,wnba,2026,Regular Season,/get-totals/wnba,"{""Season"": ""2026"", ""SeasonType"": ""Regular Season"", ""Type"": ""Player""}",20260921T185714Z,2026-09-21T18:57:18+00:00,ab6e048e5fe4e8f58f77356e9bbfff9982c6a8742afa75221ab5daed21cf87f8,,,,,,,,,,,,"[""single_row_table_data"", ""multi_row_table_data""]",{},1630993,Anneli Maley,player_totals,2026-09-21T18:57:21+00:00,20260921T185714Z,ae92e965505fbc8190794817fb790435e94a6775a7e9c1a78ec982fd943e4bcf
1642820,1611661324,Liatu King,Liatu King,1642820,MIN,4535.4,10,76,-11,150,161,48.0,77.0,21.0,311,4.0,6.0,1.0,1.0,,1.0,4.0,4.0,1.0,2.0,,2.0,,1.0,,,2.0,4.0,1.0,1.0,,1.0,9.0,12.0,2.0,6.0,4.0,28.0,170,3.0,3.0,1.0,2.0,2.0,11.0,1.0,3.0,,1.0,1.0,3.0,8.0,10.0,6.0,,,4.0,2.0,1.0,,,,,,,,,,,2.0,6.0,,10.0,4.0,1.0,15.0,8.0,23.0,,3.0,,3.0,2.0,,2.0,3.0,1.0,,,1.0,5.0,1.0,1.0,8.0,13.0,,,1.0,5.0,,,,10.0,,,5.0,,,4.0,,,3.0,,1.0,4.0,2.0,,17.0,3.0,48.0,1.0,,1.0,2.0,,,,,,,106.0,105.59006211180123,0.4444444444444444,0.4444444444444444,1.0,0.3333333333333333,0.5,,0.3333333333333333,0.75,1.0,0.3333333333333333,0.6666666666666666,0.9,0.25,0.6086956521739131,0.7857142857142857,0.25,0.3333333333333333,,0.08333333333333333,0.16666666666666666,,,16.0,0.4,0.2,,0.11764705882352941,0.15,0.2631578947368421,0.09523809523809523,0.19444444444444445,0.13114754098360656,0.07692307692307693,0.15384615384615385,0.06666666666666667,0.16666666666666666,0.1875,0.07692307692307693,,0.25,0.3333333333333333,,0.5,0.3333333333333333,0.6666666666666666,0.8,0.75,0.2222222222222222,1.0,1.0,,0.1111111111111111,0.5,0.5,1.0,0.1111111111111111,,,,0.2222222222222222,0.5,0.5,1.0,0.2,1.0,,0.2,,,0.2,1.0,1.0,0.25,,,,0.25,,0.6666666666666666,0.5,0.5200472222222222,0.4585666666666666,0.4993125,0.21739130434782608,0.29411764705882354,,0.39285714285714285,0.10714285714285714,6.908333333333334,23.266666666666666,,,,,0.32,player_totals,wnba,2026,Regular Season,/get-totals/wnba,"{""Season"": ""2026"", ""SeasonType"": ""Regular Season"", ""Type"": ""Player""}",20260921T185714Z,2026-09-21T18:57:18+00:00,dc4ac6772059a2b2d10b299e827685468bf890d5669c7184e39941dceaaba275,,,0.21428571428571427,,,,,,,,,"[""single_row_table_data"", ""multi_row_table_data""]",{},1642820,Liatu King,player_totals,2026-09-21T18:57:21+00:00,20260921T185714Z,1343ca96f7761898bbc524adbcc02ce36a3ecfc5b9f6226ec5c73c6821a0f622
1643450,1611661322,Rori Harmon,Rori Harmon,1643450,WAS,4461.9,14,74,-24,143,155,71.0,91.0,21.0,298,1.0,1.0,,,1.0,1.0,2.0,5.0,,,,1.0,,,,1.0,1.0,4.0,,1.0,,1.0,3.0,6.0,1.0,5.0,3.0,12.0,154,,,,1.0,,,2.0,2.0,,2.0,1.0,5.0,,6.0,3.0,,,4.0,1.0,,,12.0,2.0,14.0,,2.0,8.0,3.0,1.0,30.0,,,,3.0,5.0,,8.0,,8.0,,5.0,3.0,2.0,7.0,2.0,7.0,5.0,1.0,,,1.0,12.0,,3.0,4.0,12.0,,,1.0,8.0,1.0,,3.0,4.0,,,1.0,,1.0,,,,,,,,,,12.0,4.0,70.0,3.0,,,,,,,5.0,,,90.9090909090909,99.35483870967742,,,1.0,0.2,,,0.2,0.5,,1.0,0.4090909090909091,,0.5,0.46153846153846156,,0.5,0.45454545454545453,,,,,,14.880952380952381,0.5833333333333334,,,0.125,,0.12,,0.12307692307692308,,,,,,,0.15,0.2222222222222222,0.05263157894736842,0.3333333333333333,,,0.09090909090909091,1.0,1.0,,0.45454545454545453,0.4,0.4,,,,,,0.09090909090909091,,,,0.36363636363636365,0.25,0.25,1.0,,,,,,,1.0,,,0.25,1.0,0.25,,0.25,,0.5454545454545454,0.25,0.4486227272727273,0.6405,0.437375,0.08333333333333333,0.14285714285714285,,,0.4166666666666667,6.016666666666667,25.2,,,,0.25,0.4965034965034965,player_totals,wnba,2026,Regular Season,/get-totals/wnba,"{""Season"": ""2026"", ""SeasonType"": ""Regular Season"", ""Type"": ""Player""}",20260921T185714Z,2026-09-21T18:57:18+00:00,2abe2ef09746f0d049173bdc9c1016f676da6ea766e7353474182f5d037d2de8,,,,,,,,,,,,"[""single_row_table_data"", ""multi_row_table_data""]",{},1643450,Rori Harmon,player_totals,2026-09-21T18:57:21+00:00,20260921T185714Z,e61fe034f4e3b06ca411568c6079bcb1c328aecf074881acecd8fecbaca27951
1641650,1611661321,Haley Jones,Haley Jones,1641650,DAL,4276.299999999999,9,71,-14,147,149,45.0,69.0,12.0,296,5.0,7.0,1.0,1.0,3.0,4.0,7.0,12.0,,,,1.0,,,,1.0,,2.0,,,,,12.0,19.0,,3.0,6.0,30.0,168,1.0,1.0,,,,2.0,6.0,9.0,,1.0,4.0,16.0,14.0,10.0,,,2.0,2.0,,,,7.0,2.0,9.0,1.0,1.0,3.0,3.0,1.0,20.0,2.0,2.0,,7.0,4.0,1.0,12.0,4.0,16.0,1.0,2.0,2.0,,3.0,2.0,2.0,4.0,,1.0,,1.0,7.0,3.0,,5.0,9.0,,,,8.0,,1.0,1.0,8.0,,,3.0,,1.0,,,,,,,,,1.0,28.0,16.0,45.0,1.0,1.0,,,,,,,,,104.76190476190476,112.75167785234899,0.5833333333333334,0.6363636363636364,,,,,,0.631578947368421,1.0,0.6666666666666666,0.5454545454545454,1.0,0.6,0.5769230769230769,1.0,0.6153846153846154,0.13636363636363635,,,,,,20.754716981132074,0.42857142857142855,0.2,,0.12121212121212122,0.05555555555555555,0.19444444444444445,0.08,0.15942028985507245,0.06557377049180328,,0.047619047619047616,0.05,0.2,0.125,,0.2857142857142857,0.20689655172413793,0.14285714285714285,0.1,,0.3181818181818182,0.7142857142857143,0.7142857142857143,0.6,0.5454545454545454,0.5833333333333334,0.5833333333333334,0.5714285714285714,,,,,0.045454545454545456,,,,0.09090909090909091,,,,1.0,1.0,,,,,,,,0.4,0.75,0.1,,,,0.45454545454545453,,0.47093636363636365,,0.47570999999999997,0.12,0.13636363636363635,,0.06666666666666667,0.5333333333333333,5.057894736842106,24.566666666666666,,0.2,,,0.30612244897959184,player_totals,wnba,2026,Regular Season,/get-totals/wnba,"{""Season"": ""2026"", ""SeasonType"": ""Regular Season"", ""Type"": ""Player""}",20260921T185714Z,2026-09-21T18:57:18+00:00,98c3201b93d9bfdf6b6c208af5dd71af3e8a168a88d7abc140f916660d547b18,,,0.25,,,,,,,,,"[""single_row_table_data"", ""multi_row_table_data""]",{},1641650,Haley Jones,player_totals,2026-09-21T18:57:21+00:00,20260921T185714Z,187be67e5f7f93b26b1bde94a85260af30e0ad8990074db9a393c2956bc1358f
1631064,1611661324,Chloe Bibby,Chloe Bibby,1631064,MIN,4217.4,7,70,6,145,150,40.0,57.0,11.0,295,5.0,6.0,1.0,1.0,,,1.0,3.0,,1.0,1.0,6.0,,,,,4.0,11.0,,,,,6.0,10.0,5.0,17.0,2.0,29.0,153,1.0,2.0,,,1.0,3.0,,1.0,,,,,10.0,2.0,15.0,,,11.0,4.0,,,6.0,,6.0,,,6.0,,,12.0,,,,,4.0,,4.0,,4.0,,2.0,2.0,,4.0,,4.0,2.0,,,,,6.0,,2.0,3.0,7.0,,1.0,2.0,3.0,,1.0,,2.0,2.0,,2.0,,,3.0,,,2.0,,1.0,3.0,3.0,,26.0,,39.0,1.0,,,,,1.0,,,,,109.65517241379311,102.0,0.8333333333333334,0.8333333333333334,1.0,0.29411764705882354,,,0.29411764705882354,0.6,0.5,,0.5,0.5,,0.5370370370370371,0.75,,0.6296296296296297,,,,,,20.886075949367086,0.6666666666666666,,,0.1111111111111111,,,,0.06451612903225806,,,,,,0.06666666666666667,0.3,,,,,1.0,0.2222222222222222,0.8333333333333334,0.8333333333333334,0.8,0.1111111111111111,0.3333333333333333,0.3333333333333333,1.0,0.037037037037037035,,,,0.2222222222222222,0.16666666666666666,0.16666666666666666,1.0,0.4074074074074074,0.36363636363636365,0.36363636363636365,1.0,0.5,1.0,1.0,,,,,,,,,,,,,0.8518518518518519,0.36363636363636365,0.5467000000000001,0.277,0.3725,0.07407407407407407,0.2,,0.10344827586206896,,6.06,24.38823529411765,,,,0.25,0.27586206896551724,player_totals,wnba,2026,Regular Season,/get-totals/wnba,"{""Season"": ""2026"", ""SeasonType"": ""Regular Season"", ""Type"": ""Player""}",20260921T185714Z,2026-09-21T18:57:18+00:00,4b64177a2a0d35bd8871213756e149faf085e272a947926914908e9a39d15565,,,,,,,,,,,,"[""single_row_table_data"", ""multi_row_table_data""]",{},1631064,Chloe Bibby,player_totals,2026-09-21T18:57:21+00:00,20260921T185714Z,415500100782dba89035f9838f1c6be6d96ebfa5ff4376f1e39cfa06043dda6f
1629479,1611661324,Teaira McCowan,Teaira McCowan,1629479,MIN,4100.5,10,68,42,133,131,30.0,45.0,22.0,264,5.0,7.0,1.0,2.0,,2.0,2.0,6.0,,2.0,,,,,,,,,,,,,7.0,15.0,,,,14.0,110,1.0,2.0,,,,2.0,,3.0,,,,,12.0,2.0,,,2.0,,,,,3.0,,3.0,,,2.0,1.0,,6.0,1.0,4.0,,9.0,9.0,1.0,19.0,5.0,24.0,,1.0,1.0,,,,,6.0,,,,,6.0,,2.0,5.0,19.0,,3.0,6.0,12.0,,3.0,3.0,3.0,1.0,,2.0,,,5.0,,,3.0,,2.0,5.0,2.0,,12.0,,30.0,2.0,,,,,1.0,,3.0,2.0,,114.28571428571428,83.96946564885496,0.8571428571428571,1.0,,,,,,0.4666666666666667,0.5,,0.4666666666666667,0.5,,0.4375,0.5,,,,,,,,13.924050632911392,,0.25,,0.2727272727272727,0.0975609756097561,0.23684210526315788,0.043478260869565216,0.2535211267605634,0.078125,0.14285714285714285,0.16666666666666666,0.058823529411764705,,0.2727272727272727,0.3333333333333333,,0.26666666666666666,0.125,,0.4,0.4666666666666667,0.7142857142857143,0.7142857142857143,0.8,0.4,0.3333333333333333,0.3333333333333333,1.0,0.13333333333333333,,,,,,,,,,,,1.0,0.5,,,,,,,,0.6666666666666666,,,,,,0.4666666666666667,,0.4542933333333333,0.5028,0.4972666666666667,0.125,0.125,,0.14285714285714285,,6.3533333333333335,,0.5,,1.0,,0.22556390977443608,player_totals,wnba,2026,Regular Season,/get-totals/wnba,"{""Season"": ""2026"", ""SeasonType"": ""Regular Season"", ""Type"": ""Player""}",20260921T185714Z,2026-09-21T18:57:18+00:00,1ca5b11d092f18e417fd64de50a9400ffc2876469206ba5e6d8379e9f3f31f8c,,,,,,,,,,,,"[""single_row_table_data"", ""multi_row_table_data""]",{},1629479,Teaira McCowan,player_totals,2026-09-21T18:57:21+00:00,20260921T185714Z,eb6a3ba324e65b67eee713e911cd2727cccf0dba9a99f6fd753b62110c64ae76
1628920,1611661325,Mercedes Russell,Mercedes Russell,1628920,IND,4072.8,7,68,15,135,142,65.0,63.0,17.0,277,1.0,3.0,,,,,1.0,5.0,,,,,,,,,,,,,,,2.0,8.0,,,7.0,11.0,161,,,,,,,1.0,4.0,,,3.0,5.0,4.0,,,,,,,1.0,,2.0,2.0,4.0,2.0,,1.0,1.0,,10.0,1.0,,,1.0,6.0,,7.0,1.0,8.0,,4.0,3.0,1.0,,,,1.0,,,,,1.0,,,2.0,11.0,,,1.0,7.0,,,,10.0,,,4.0,,1.0,,,,,,,,,,11.0,5.0,65.0,1.0,1.0,,,,5.0,,,,,130.37037037037035,113.38028169014085,1.0,1.0,,,,,,0.25,,0.25,0.25,,0.25,0.4230769230769231,,0.4166666666666667,,,0.125,0.3333333333333333,,,9.15032679738562,,,,0.25,,0.041666666666666664,0.03571428571428571,0.14583333333333334,0.017543859649122806,,,0.041666666666666664,,0.15384615384615385,0.3333333333333333,0.4,0.05263157894736842,,,,0.375,0.3333333333333333,0.5,1.0,0.625,0.2,0.2,1.0,,,,,,,,,,,,,,,,,,,,,,,,,,,,0.375,,0.4925875,,0.4286,0.3333333333333333,0.3333333333333333,,,0.45454545454545453,5.525,,,0.25,,,0.48148148148148145,player_totals,wnba,2026,Regular Season,/get-totals/wnba,"{""Season"": ""2026"", ""SeasonType"": ""Regular Season"", ""Type"": ""Player""}",20260921T185714Z,2026-09-21T18:57:18+00:00,cb2cfd7921202080a19834e1ea921d282b08cddfc28085a60368c2193b1300d6,,,,,,,,,,,,"[""single_row_table_data"", ""multi_row_table_data""]",{},1628920,Mercedes Russell,player_totals,2026-09-21T18:57:21+00:00,20260921T185714Z,71ffaff06eb0cde0f765c4b50fd29e0b5eac592a40f10ea5086bb16592c3ac71
1643469,1611661330,Indya Nivar,Indya Nivar,1643469,ATL,4026.0,22,67,18,127,145,76.0,75.0,29.0,272,4.0,12.0,,1.0,3.0,5.0,2.0,4.0,,,,,,,,,3.0,4.0,1.0,1.0,2.0,3.0,6.0,16.0,3.0,4.0,1.0,22.0,126,,2.0,1.0,1.0,,3.0,5.0,7.0,2.0,3.0,1.0,17.0,4.0,8.0,6.0,3.0,,4.0,3.0,,,7.0,1.0,8.0,1.0,,5.0,2.0,,17.0,1.0,2.0,1.0,8.0,6.0,,14.0,4.0,18.0,,5.0,2.0,3.0,3.0,,3.0,1.0,1.0,,,,4.0,1.0,4.0,6.0,16.0,,,,10.0,,,3.0,13.0,1.0,,4.0,,3.0,2.0,,,1.0,,1.0,2.0,1.0,,19.0,17.0,76.0,5.0,3.0,,,,,,1.0,,,113.38582677165354,86.89655172413794,0.3333333333333333,0.3333333333333333,0.6666666666666666,0.75,1.0,0.6666666666666666,0.75,0.375,,0.7142857142857143,0.525,0.5,0.8,0.4230769230769231,0.375,0.6538461538461539,0.2,,,,,,18.181818181818183,0.75,,0.07142857142857142,0.25,0.05,0.2222222222222222,0.03571428571428571,0.23333333333333334,0.04411764705882353,0.038461538461538464,,0.04,,0.08333333333333333,0.4,0.5,0.2413793103448276,0.14285714285714285,,0.5,0.6,0.3333333333333333,0.3333333333333333,,0.2,0.5,0.5,1.0,,,,,,,,,0.2,0.75,0.75,0.6666666666666666,0.3333333333333333,,,,,,0.3333333333333333,1.0,1.0,0.5,0.6,,,0.3,0.6666666666666666,0.8,0.75,0.5450775,0.9459,0.53075,0.17391304347826086,0.21052631578947367,,0.13636363636363635,0.7727272727272727,2.575,24.225,0.375,0.5,,,0.5984251968503937,player_totals,wnba,2026,Regular Season,/get-totals/wnba,"{""Season"": ""2026"", ""SeasonType"": ""Regular Season"", ""Type"": ""Player""}",20260921T185714Z,2026-09-21T18:57:18+00:00,c93356ff7753cd0884b67e9bfcae3155f8b0cbf560c62bfac1193b3de125e34b,,,0.2,,,,,,,,,"[""single_row_table_data"", ""multi_row_table_data""]",{},1643469,Indya Nivar,player_totals,2026-09-21T18:57:21+00:00,20260921T185714Z,8b63d6f4823f6faeaf1fa31ec4b518f39cf1e44b56c34e9c8a39e75478528a46
1631263,1611661332,Nikolina Milic,Nikolina Milic,1631263,TOR,3783.2,7,63,-14,125,122,32.0,29.0,15.0,247,7.0,8.0,2.0,2.0,3.0,3.0,2.0,9.0,,,,1.0,,,,1.0,,1.0,,,,1.0,9.0,17.0,,2.0,3.0,21.0,145,2.0,4.0,,,,4.0,3.0,6.0,,2.0,2.0,8.0,16.0,2.0,,,2.0,1.0,,2.0,,2.0,1.0,3.0,1.0,,1.0,,1.0,7.0,1.0,1.0,,3.0,3.0,1.0,7.0,2.0,9.0,,,,,1.0,1.0,,4.0,,1.0,,,5.0,,,3.0,7.0,,,3.0,3.0,,,,4.0,,,2.0,,,,,,,,,,,,17.0,8.0,32.0,1.0,,,2.0,,,,,,,104.8,118.85245901639344,0.8888888888888888,1.0,,,,,,0.5294117647058824,0.5,0.5,0.47368421052631576,0.5,0.375,0.5,0.5,0.4444444444444444,0.10526315789473684,,0.11764705882352941,,0.2222222222222222,,18.705035971223023,0.2,0.25,,0.0967741935483871,0.037037037037037035,0.1111111111111111,0.030303030303030304,0.10344827586206896,0.03333333333333333,0.125,,0.034482758620689655,,0.13333333333333333,0.07692307692307693,,0.0625,0.18181818181818182,,,0.42105263157894735,0.875,0.875,0.8571428571428571,0.47368421052631576,0.2222222222222222,0.2857142857142857,1.0,,,,,0.05263157894736842,,,,0.05263157894736842,,,,0.5,1.0,0.5,,,,,,,0.375,1.0,0.125,,0.125,,0.5263157894736842,,0.5180236842105262,0.5130333333333333,0.54865625,0.09523809523809523,0.10526315789473684,,0.19047619047619047,0.38095238095238093,5.135294117647058,24.3,,0.2857142857142857,,,0.256,player_totals,wnba,2026,Regular Season,/get-totals/wnba,"{""Season"": ""2026"", ""SeasonType"": ""Regular Season"", ""Type"": ""Player""}",20260921T185714Z,2026-09-21T18:57:18+00:00,7a6eea8bc6f34b7ee4f15f202864b83b4b7d4fd938b3167cf98077eba4719a49,,,,,,,,,,,,"[""single_row_table_data"", ""multi_row_table_data""]",{},1631263,Nikolina Milic,player_totals,2026-09-21T18:57:21+00:00,20260921T185714Z,33c28745e37d4a96ccf97102900423e7654183693be18d312662d77fdb01580d
1642775,1611661322,Alex Wilson,Alex Wilson,1642775,WAS,3475.1000000000004,4,58,-21,115,116,39.0,45.0,17.0,231,2.0,3.0,1.0,2.0,,1.0,,1.0,,,2.0,3.0,,,,,,8.0,,1.0,,5.0,2.0,4.0,2.0,11.0,2.0,12.0,123,1.0,2.0,,1.0,,2.0,,1.0,,5.0,2.0,2.0,2.0,2.0,6.0,,2.0,8.0,,,,2.0,1.0,3.0,,1.0,1.0,1.0,,7.0,3.0,2.0,,1.0,1.0,,2.0,5.0,7.0,1.0,,,,2.0,,2.0,,,,,,2.0,,1.0,3.0,7.0,,,,5.0,,,3.0,3.0,,,,1.0,,1.0,,,1.0,,,1.0,1.0,,10.0,2.0,39.0,2.0,,,6.0,,4.0,,,,,88.69565217391305,106.0344827586207,0.5,1.0,1.0,0.18181818181818182,,,0.18181818181818182,0.5,0.5,,0.3333333333333333,0.3333333333333333,,0.375,0.3333333333333333,0.14285714285714285,0.7333333333333333,,,,,,13.13868613138686,1.0,,,0.030303030303030304,0.0625,0.04,0.11538461538461539,0.034482758620689655,0.08620689655172414,0.06666666666666667,0.08333333333333333,0.13636363636363635,,0.1111111111111111,,,0.058823529411764705,,0.1,1.0,0.2,0.6666666666666666,0.6666666666666666,0.5,0.06666666666666667,,,,,,,,0.2,0.6666666666666666,0.6666666666666666,1.0,0.5333333333333333,,,,0.6666666666666666,0.5,,,,,0.3333333333333333,,,0.16666666666666666,,,,0.8333333333333334,,0.9333333333333333,,0.5229733333333333,0.7404,0.489425,0.0625,,0.08333333333333333,0.16666666666666666,0.16666666666666666,2.275,26.072727272727274,1.0,,,0.125,0.3391304347826087,player_totals,wnba,2026,Regular Season,/get-totals/wnba,"{""Season"": ""2026"", ""SeasonType"": ""Regular Season"", ""Type"": ""Player""}",20260921T185714Z,2026-09-21T18:57:18+00:00,890ae9d5896c573de6838f9be3decdcf2bea5822096a495818f61c3698ce3c59,,,,,,,,,,,,"[""single_row_table_data"", ""multi_row_table_data""]",{},1642775,Alex Wilson,player_totals,2026-09-21T18:57:21+00:00,20260921T185714Z,2b61d01f936934cc58040d00850aebd11bdd8c867e90ebb5fbad1c1cbed5d1c0
1642801,1611661320,Aaliyah Nye,Aaliyah Nye,1642801,LAS,3396.6,20,57,18,113,126,62.0,58.0,16.0,239,1.0,1.0,,,1.0,1.0,,2.0,,1.0,,2.0,,1.0,,1.0,5.0,11.0,2.0,2.0,2.0,3.0,1.0,4.0,5.0,13.0,3.0,20.0,129,,,2.0,3.0,,6.0,1.0,3.0,2.0,4.0,3.0,11.0,2.0,,15.0,,,11.0,5.0,,,3.0,1.0,4.0,1.0,,2.0,1.0,,9.0,,1.0,,3.0,2.0,,5.0,1.0,6.0,,1.0,,1.0,3.0,,1.0,,,2.0,,,3.0,,2.0,,,,,,1.0,,,,3.0,,,,1.0,,1.0,,,,,1.0,1.0,,1.0,14.0,11.0,62.0,,,,,,,,,,,130.08849557522126,102.38095238095238,1.0,1.0,1.0,0.38461538461538464,0.6666666666666666,0.5,0.38461538461538464,0.25,,0.3333333333333333,0.5,1.0,0.5714285714285714,0.5555555555555556,1.0,0.6875,0.7647058823529411,,,,,,15.441176470588234,1.0,,,0.09090909090909091,0.034482758620689655,0.09375,,0.09259259259259259,0.02,0.09090909090909091,,,,,0.14285714285714285,,,0.3,,,0.058823529411764705,1.0,1.0,1.0,0.11764705882352941,,,,0.058823529411764705,,,,0.11764705882352941,,,,0.6470588235294118,0.45454545454545453,0.45454545454545453,1.0,,,,0.3333333333333333,,,0.6666666666666666,1.0,1.0,0.14285714285714285,1.0,0.14285714285714285,,0.42857142857142855,0.6666666666666666,0.8235294117647058,0.45454545454545453,0.5059558823529412,0.44145,0.48167857142857146,0.05555555555555555,,0.07142857142857142,0.3,0.55,7.6,24.692307692307693,,0.5,,0.125,0.5486725663716814,player_totals,wnba,2026,Regular Season,/get-totals/wnba,"{""Season"": ""2026"", ""SeasonType"": ""Regular Season"", ""Type"": ""Player""}",20260921T185714Z,2026-09-21T18:57:18+00:00,a702f8717bbd936d688d454c8e2124b64babd12a9df890783456cd920d2d3ecf,,,,,,,,,,,,"[""single_row_table_data"", ""multi_row_table_data""]",{},1642801,Aaliyah Nye,player_totals,2026-09-21T18:57:21+00:00,20260921T185714Z,b24fc8fd6f108d86932315d7d4a3ee1be0a1318bc8f95a1a5ddee47b4deade4d
1643488,1611661324,Emma Cechova,Emma Cechova,1643488,MIN,3108.2,3,52,-10,107,109,19.0,35.0,9.0,216,9.0,13.0,1.0,1.0,3.0,4.0,,,1.0,2.0,,,,,,,,1.0,,,,,10.0,15.0,,1.0,5.0,25.0,119,1.0,1.0,,,3.0,5.0,3.0,4.0,,,1.0,7.0,12.0,8.0,,,2.0,1.0,,1.0,,,,,,,,,,,1.0,3.0,,3.0,4.0,,7.0,4.0,11.0,,1.0,1.0,,1.0,,,3.0,,1.0,,,4.0,,2.0,6.0,12.0,,,3.0,5.0,,,,8.0,,,4.0,,,1.0,1.0,,,1.0,1.0,2.0,,1.0,20.0,7.0,19.0,3.0,,,1.0,,4.0,2.0,1.0,3.0,,101.86915887850466,109.1743119266055,0.6,0.6666666666666666,,,,,,0.6666666666666666,1.0,0.75,0.625,1.0,0.75,0.625,0.8333333333333334,0.7,0.0625,,0.06666666666666667,0.07692307692307693,,,20.0,0.25,,,0.14814814814814814,0.0967741935483871,0.14285714285714285,0.0625,0.14583333333333334,0.0851063829787234,0.13333333333333333,0.16666666666666666,0.07142857142857142,,0.2,0.125,,0.06666666666666667,0.3333333333333333,,,0.8125,0.6923076923076923,0.75,0.5555555555555556,,,,,0.125,0.5,0.5,1.0,,,,,0.0625,,,,1.0,1.0,,,,,,,,1.0,0.75,,,,,0.875,,0.580834375,0.6162,0.612825,0.2,0.21052631578947367,,0.2,0.28,4.213333333333334,24.4,0.25,,,1.0,0.17757009345794392,player_totals,wnba,2026,Regular Season,/get-totals/wnba,"{""Season"": ""2026"", ""SeasonType"": ""Regular Season"", ""Type"": ""Player""}",20260921T185714Z,2026-09-21T18:57:18+00:00,139ecd9d77aadef628ad800395ca741f93e2b5c288c6de87612c0665f68749e5,,,,,,,,,,,,"[""single_row_table_data"", ""multi_row_table_data""]",{},1643488,Emma Cechova,player_totals,2026-09-21T18:57:21+00:00,20260921T185714Z,c9995e068d45a5583f14e0e9eee2139830e348ae26d0003ea8461895a567cd4c
1643473,1611661328,Taina Mair,Taina Mair,1643473,SEA,3069.1,10,51,-29,99,106,36.0,37.0,18.0,205,1.0,4.0,,1.0,,1.0,,4.0,,2.0,,1.0,,,,,3.0,8.0,,1.0,1.0,3.0,1.0,10.0,3.0,9.0,2.0,13.0,119,,1.0,,1.0,,,,5.0,1.0,3.0,,3.0,2.0,,6.0,3.0,,8.0,3.0,1.0,,2.0,3.0,5.0,2.0,1.0,,2.0,,13.0,,2.0,,,2.0,,2.0,2.0,4.0,,,,,3.0,,1.0,1.0,,2.0,,,4.0,,,3.0,7.0,,,,2.0,,1.0,,2.0,,,1.0,,,1.0,,,,,1.0,1.0,,,13.0,3.0,36.0,1.0,,,,,,,1.0,,,90.9090909090909,112.26415094339622,1.0,1.0,0.6666666666666666,0.3333333333333333,,0.3333333333333333,0.3333333333333333,0.1,,,0.2894736842105263,,0.1875,0.325,,0.1875,0.47368421052631576,,0.1,,0.25,,19.834710743801654,0.75,,,0.08,0.06060606060606061,,,0.047619047619047616,0.03333333333333333,,0.05555555555555555,,,0.25,,0.16666666666666666,,,,,0.21052631578947367,0.25,0.25,1.0,0.21052631578947367,,,,0.10526315789473684,,,,0.05263157894736842,,,,0.42105263157894735,0.375,0.375,0.6666666666666666,0.5,,,,,,0.5,,,0.125,,,,0.375,0.3333333333333333,0.6842105263157895,0.375,0.46814736842105265,0.5477,0.3886375,0.05,0.09090909090909091,,,0.23076923076923078,7.68,25.27777777777778,0.3333333333333333,,1.0,0.6,0.36363636363636365,player_totals,wnba,2026,Regular Season,/get-totals/wnba,"{""Season"": ""2026"", ""SeasonType"": ""Regular Season"", ""Type"": ""Player""}",20260921T185714Z,2026-09-21T18:57:18+00:00,bde5a78397a2193368cc11baad8fbeab94993cec434d3e10671067be36dcf8ee,,,0.125,,,,,,,,,"[""single_row_table_data"", ""multi_row_table_data""]",{},1643473,Taina Mair,player_totals,2026-09-21T18:57:21+00:00,20260921T185714Z,191493c34402bef8d6d94bc3fc042317b0e89e368030c59e48279b394452d2cd
1629539,1611661327,Amy Okonkwo,Amy Okonkwo,1629539,PDX,3028.3999999999996,5,50,-27,96,104,17.0,28.0,17.0,200,4.0,6.0,1.0,2.0,1.0,2.0,,1.0,,,3.0,7.0,,,,1.0,2.0,8.0,,,1.0,3.0,4.0,7.0,5.0,15.0,3.0,26.0,119,1.0,3.0,,,,2.0,1.0,3.0,1.0,4.0,3.0,8.0,4.0,4.0,15.0,,2.0,8.0,2.0,,1.0,1.0,,1.0,,,,1.0,,2.0,,2.0,,2.0,1.0,1.0,4.0,2.0,6.0,,5.0,3.0,2.0,2.0,,2.0,,,,,,2.0,1.0,,2.0,5.0,,,,4.0,,2.0,,4.0,,,1.0,,1.0,,,,,,,,,,24.0,8.0,17.0,1.0,1.0,,,,,,,,,95.83333333333334,114.42307692307692,0.5,0.6666666666666666,1.0,0.3333333333333333,,0.25,0.3333333333333333,0.5714285714285714,0.3333333333333333,0.3333333333333333,0.5227272727272727,0.3333333333333333,0.35714285714285715,0.5416666666666666,0.3333333333333333,0.4444444444444444,0.6818181818181818,0.06666666666666667,,,,,22.608695652173914,1.0,0.25,,0.0625,0.09523809523809523,0.1111111111111111,,0.08823529411764706,0.04,,0.13333333333333333,,,,0.125,,,0.5,,,0.2727272727272727,0.6666666666666666,0.6666666666666666,0.5,0.045454545454545456,,,,,,,,0.3181818181818182,0.42857142857142855,0.5,1.0,0.36363636363636365,0.25,0.25,1.0,0.6666666666666666,0.5,,,,,,,,0.2857142857142857,0.5,0.14285714285714285,,0.42857142857142855,0.3333333333333333,0.9545454545454546,0.25,0.5562840909090909,0.485,0.5380214285714285,0.043478260869565216,0.125,,0.07692307692307693,0.3076923076923077,3.3285714285714287,24.2,,,,0.5,0.17708333333333334,player_totals,wnba,2026,Regular Season,/get-totals/wnba,"{""Season"": ""2026"", ""SeasonType"": ""Regular Season"", ""Type"": ""Player""}",20260921T185714Z,2026-09-21T18:57:18+00:00,dc7977ce7635c07e7f7dae692e1ea09595cbd2278386257eaad7ae96a56c91e7,,,,,,0.14285714285714285,,,,,,"[""single_row_table_data"", ""multi_row_table_data""]",{},1629539,Amy Okonkwo,player_totals,2026-09-21T18:57:21+00:00,20260921T185714Z,33f70c2940b500621f5f7ade40d787c399924a21691032d1b97e3de9a5d5faab
1643458,1611661317,Saylor Poffenbarger,Saylor Poffenbarger,1643458,PHX,2882.3,7,48,-11,93,101,31.0,34.0,12.0,194,,,,,,,,,,,,3.0,,,,,1.0,6.0,,,,1.0,,,1.0,9.0,,3.0,99,,,,,,,,,,1.0,,,,,3.0,,,6.0,1.0,,,,1.0,1.0,,1.0,,,,3.0,1.0,,,6.0,2.0,1.0,9.0,1.0,10.0,,3.0,2.0,1.0,1.0,,,,,1.0,,,1.0,,,2.0,5.0,,,,,,,,,,,,,,,,,,,,,,,3.0,,31.0,1.0,,,,,,,,,,94.6236559139785,98.01980198019803,,,1.0,0.1111111111111111,,,0.1111111111111111,,,,0.16666666666666666,,,0.16666666666666666,,,1.0,,,,,,9.523809523809524,1.0,0.25,,0.125,,0.2857142857142857,0.041666666666666664,0.21621621621621623,0.022727272727272728,,,0.05,,,0.14285714285714285,0.3333333333333333,0.3333333333333333,0.16666666666666666,,,,,,,,,,,,,,,0.3333333333333333,,,,0.6666666666666666,0.16666666666666666,0.16666666666666666,1.0,,,,,,,,,,,,,,1.0,,1.0,0.16666666666666666,0.4313833333333334,,0.5313,,,,,,,24.88888888888889,,,,0.25,0.3333333333333333,player_totals,wnba,2026,Regular Season,/get-totals/wnba,"{""Season"": ""2026"", ""SeasonType"": ""Regular Season"", ""Type"": ""Player""}",20260921T185714Z,2026-09-21T18:57:18+00:00,d8c03541d8518cf45eeb320ee05b976c703c30aa9822ea7330c23560e32f9989,,,,,,,,,,,,"[""single_row_table_data"", ""multi_row_table_data""]",{},1643458,Saylor Poffenbarger,player_totals,2026-09-21T18:57:21+00:00,20260921T185714Z,f08937e4a3680628e6ce71e59874c2a1102f651bacc25eb72657329844eb742e
1628278,1611661330,Shatori Walker-Kimbrough,Shatori Walker-Kimbrough,1628278,ATL,2666.9000000000005,14,44,-15,87,102,42.0,52.0,8.0,189,4.0,5.0,,,1.0,1.0,,,1.0,4.0,,,,,,,1.0,1.0,1.0,1.0,,,5.0,9.0,1.0,1.0,4.0,17.0,108,,1.0,1.0,1.0,,3.0,1.0,2.0,,,2.0,4.0,4.0,6.0,3.0,,,1.0,1.0,,,5.0,3.0,8.0,3.0,,3.0,1.0,1.0,19.0,,,,3.0,1.0,1.0,5.0,,5.0,,2.0,2.0,,4.0,,4.0,,,,,,4.0,,,1.0,2.0,,,,4.0,,,2.0,4.0,,,1.0,,1.0,,,,,,,,,,14.0,4.0,42.0,,1.0,,,,,,,,,106.89655172413794,105.88235294117646,0.4,0.4,1.0,1.0,1.0,,1.0,0.5555555555555556,,0.5,0.65,0.75,0.5,0.7083333333333334,0.75,0.6666666666666666,0.1,,,,,,16.666666666666668,1.0,0.3333333333333333,,0.05,,0.15789473684210525,,0.10256410256410256,,,,,,0.14285714285714285,,,0.16666666666666666,,,,0.5,0.8,0.8,0.5,,,,,0.4,0.25,0.25,,,,,,0.1,1.0,1.0,1.0,,,,,,,0.5,1.0,1.0,0.5,1.0,,,,,0.6,1.0,0.505415,0.35507500000000003,0.50805,0.09090909090909091,0.1,,0.17647058823529413,0.23529411764705882,9.577777777777778,24.1,,,,,0.4827586206896552,player_totals,wnba,2026,Regular Season,/get-totals/wnba,"{""Season"": ""2026"", ""SeasonType"": ""Regular Season"", ""Type"": ""Player""}",20260921T185714Z,2026-09-21T18:57:18+00:00,9a04e6171f001dbb6b946ad87f523a38fd5566442c80150beda31bde73960c6d,,,,,,,,,,,,"[""single_row_table_data"", ""multi_row_table_data""]",{},1628278,Shatori Walker-Kimbrough,player_totals,2026-09-21T18:57:21+00:00,20260921T185714Z,2a34aa451ca086ced1917e3fc40ff943ca2e2347733e34d86735aa059635850e
1641695,1611661331,Ashten Prechtel,Ashten Prechtel,1641695,GSV,2606.0,6,43,-4,85,87,21.0,31.0,12.0,172,1.0,1.0,,,1.0,1.0,,1.0,,1.0,,3.0,,,,2.0,2.0,3.0,,,2.0,2.0,1.0,3.0,2.0,6.0,3.0,11.0,79,,,,,,,1.0,2.0,2.0,4.0,,8.0,2.0,,6.0,,,3.0,2.0,,1.0,2.0,1.0,3.0,,1.0,,2.0,,7.0,,2.0,,5.0,3.0,1.0,9.0,2.0,11.0,,1.0,1.0,,4.0,,1.0,3.0,,3.0,,,7.0,1.0,2.0,5.0,11.0,,2.0,3.0,2.0,,,,3.0,,,,1.0,,4.0,,,1.0,,2.0,4.0,2.0,,11.0,8.0,21.0,,,,,,,,4.0,2.0,,88.23529411764706,90.80459770114942,1.0,1.0,1.0,0.3333333333333333,,0.5,0.3333333333333333,0.3333333333333333,,0.5,0.4444444444444444,,0.6666666666666666,0.55,,0.6666666666666666,0.6666666666666666,0.16666666666666666,,,,,17.52577319587629,0.5714285714285714,1.0,,0.125,0.15384615384615385,0.20833333333333334,,0.16666666666666666,0.05555555555555555,,0.2,,,,0.125,0.5,0.0625,0.5,,0.5,0.1111111111111111,1.0,1.0,1.0,0.1111111111111111,,,,0.1111111111111111,,,,0.3333333333333333,,,,0.3333333333333333,0.6666666666666666,0.6666666666666666,1.0,,,,,,,,,,0.16666666666666666,1.0,0.3333333333333333,,0.3333333333333333,1.0,0.7777777777777778,0.6666666666666666,0.5020777777777777,,0.5163333333333333,0.1,,0.14285714285714285,,0.7272727272727273,10.700000000000001,23.416666666666668,,,1.0,0.5,0.24705882352941178,player_totals,wnba,2026,Regular Season,/get-totals/wnba,"{""Season"": ""2026"", ""SeasonType"": ""Regular Season"", ""Type"": ""Player""}",20260921T185714Z,2026-09-21T18:57:18+00:00,cc17c4981bdfa56c0500e4194acc12c47731c383f37357704c14ea2825cfc712,,,0.25,1.0,,0.3333333333333333,,,,,,"[""single_row_table_data"", ""multi_row_table_data""]",{},1641695,Ashten Prechtel,player_totals,2026-09-21T18:57:21+00:00,20260921T185714Z,ce9026de35746d928cf97c9aadfc8392cd653bbd63da123caa91c242b0867d19
1643454,1611661317,Kara Dunn,Kara Dunn,1643454,PHX,2550.3999999999996,3,43,-10,91,93,42.0,45.0,14.0,184,,2.0,,1.0,,,,3.0,,,,1.0,,,,1.0,5.0,9.0,,,,2.0,,5.0,5.0,10.0,,15.0,101,,1.0,,,,,,1.0,,3.0,,,,,15.0,,,9.0,5.0,3.0,,1.0,1.0,2.0,1.0,,,1.0,,5.0,2.0,1.0,,,1.0,,1.0,3.0,4.0,,,,,,1.0,,1.0,,,,,1.0,,1.0,4.0,5.0,,,,,,,,,,,,,,,,,,,,,,,15.0,,41.0,1.0,,,,,,,,,,100.0,108.6021505376344,,,1.0,0.5,,,0.5,,,,0.5,,,0.5,,,0.6666666666666666,,0.6,0.5,0.6666666666666666,,14.953271028037383,,,,0.03571428571428571,0.041666666666666664,,0.1111111111111111,0.023809523809523808,0.07142857142857142,,0.0625,0.06666666666666667,0.3333333333333333,,0.07692307692307693,,,,,,0.13333333333333333,,,,0.2,,,,,,,,0.06666666666666667,,,,0.6,0.5555555555555556,0.5555555555555556,1.0,1.0,,,,,,,,,,,0.25,,0.5,,0.8,0.5555555555555556,0.46526333333333336,,0.4945625,,,,,,6.44,25.490000000000002,,0.6666666666666666,,0.2,0.46153846153846156,player_totals,wnba,2026,Regular Season,/get-totals/wnba,"{""Season"": ""2026"", ""SeasonType"": ""Regular Season"", ""Type"": ""Player""}",20260921T185714Z,2026-09-21T18:57:18+00:00,7981609c92927a3943bea2307f3d4168e87c49f1f8124f0498bbda7ed47c48a0,,,,,,,,,,,,"[""single_row_table_data"", ""multi_row_table_data""]",{},1643454,Kara Dunn,player_totals,2026-09-21T18:57:21+00:00,20260921T185714Z,12034f2bc403f555850ed8f231d6b767cedc4d6cb38d0a1320ea62eaf5875340
203405,1611661332,Kayla Alexander,Kayla Alexander,203405,TOR,2420.6,4,40,-33,77,80,23.0,35.0,12.0,157,2.0,3.0,1.0,2.0,,1.0,1.0,3.0,,1.0,,,,,,,,,,,,,3.0,7.0,,,3.0,9.0,107,1.0,4.0,,,1.0,3.0,,2.0,,,3.0,3.0,4.0,2.0,,,2.0,,,,,,2.0,2.0,2.0,,,,,6.0,1.0,3.0,,4.0,3.0,,7.0,4.0,11.0,,1.0,,1.0,1.0,,,3.0,,1.0,,,4.0,,1.0,1.0,4.0,,,3.0,5.0,,1.0,1.0,4.0,,,1.0,,1.0,1.0,,,1.0,,,1.0,1.0,,6.0,3.0,23.0,,1.0,,,,,,,,,96.1038961038961,133.75,0.6666666666666666,1.0,,,,,,0.42857142857142855,0.25,,0.42857142857142855,0.25,,0.5,0.3,0.375,,,,,,,14.285714285714285,0.25,,,0.21428571428571427,0.1875,0.2222222222222222,0.047619047619047616,0.21875,0.10810810810810811,,0.3333333333333333,0.058823529411764705,,0.3333333333333333,,,0.17647058823529413,1.0,,1.0,0.42857142857142855,0.6666666666666666,0.6666666666666666,0.5,0.42857142857142855,0.3333333333333333,0.3333333333333333,1.0,0.14285714285714285,,,,,,,,,,,,0.5,0.5,,,,,,,,0.5,,,,,,0.42857142857142855,,0.4936857142857143,0.54135,0.55265,0.125,0.125,,0.3333333333333333,0.3333333333333333,6.885714285714286,,1.0,,,,0.2987012987012987,player_totals,wnba,2026,Regular Season,/get-totals/wnba,"{""Season"": ""2026"", ""SeasonType"": ""Regular Season"", ""Type"": ""Player""}",20260921T185714Z,2026-09-21T18:57:18+00:00,b15fe483277d65dce69e3e417550fa5fb811a3754623fe42e84d54e768fff9a3,,,,,,,,,,,,"[""single_row_table_data"", ""multi_row_table_data""]",{},203405,Kayla Alexander,player_totals,2026-09-21T18:57:21+00:00,20260921T185714Z,87c80aed3778b285187ae350494ec9b7584725c3ddc0fa163a9cdbc3e04b64bd
1642293,1611661320,Alissa Pili,Alissa Pili,1642293,LAS,2369.7,5,39,-7,84,86,30.0,23.0,14.0,170,1.0,3.0,,,1.0,1.0,1.0,4.0,,1.0,,,,,,,2.0,4.0,,1.0,,1.0,2.0,8.0,2.0,4.0,,10.0,84,,1.0,,1.0,,,2.0,3.0,,1.0,,4.0,2.0,2.0,6.0,,,4.0,2.0,,,3.0,1.0,4.0,1.0,,3.0,,,9.0,2.0,2.0,1.0,2.0,3.0,1.0,6.0,5.0,11.0,1.0,1.0,1.0,,2.0,,2.0,2.0,1.0,,,,4.0,2.0,,2.0,7.0,,1.0,1.0,1.0,,,,2.0,,,1.0,,,,,,,,,,,,10.0,4.0,30.0,2.0,,,,,,,,,,91.66666666666667,97.67441860465117,0.5,0.5,1.0,0.5,,,0.5,0.25,,0.6666666666666666,0.4166666666666667,,0.5,0.38461538461538464,,0.5,0.3333333333333333,,,,,,17.0,0.5,0.5,0.3333333333333333,0.16666666666666666,0.07142857142857142,0.14285714285714285,0.1111111111111111,0.15625,0.08695652173913043,0.125,,0.11764705882352941,,0.2,0.1111111111111111,0.25,0.15384615384615385,,0.125,,0.25,0.3333333333333333,0.3333333333333333,,0.3333333333333333,0.25,0.25,1.0,0.08333333333333333,,,,,,,,0.3333333333333333,0.5,0.5,1.0,,,,,,,0.5,,,0.25,1.0,,,0.25,,0.5833333333333334,0.5,0.47286249999999996,0.4196,0.4505375,0.07692307692307693,0.1111111111111111,,,0.4,6.85,25.5,0.5,,,1.0,0.35714285714285715,player_totals,wnba,2026,Regular Season,/get-totals/wnba,"{""Season"": ""2026"", ""SeasonType"": ""Regular Season"", ""Type"": ""Player""}",20260921T185714Z,2026-09-21T18:57:18+00:00,05b07909a49798fc69e43a3098f95c36acfbf98b7b8779c9909ff28aba756e49,,,0.25,,,,,,,,,"[""single_row_table_data"", ""multi_row_table_data""]",{},1642293,Alissa Pili,player_totals,2026-09-21T18:57:21+00:00,20260921T185714Z,cfe4f97c00c1675a335a4b7d561a234c7b69956135871262e1279459e5af88a4
1642791,1611661332,Zaay Green,Zaay Green,1642791,TOR,2156.0,5,36,-11,69,74,12.0,21.0,12.0,143,1.0,2.0,,,,,1.0,1.0,,,,1.0,,1.0,,,1.0,4.0,,,,1.0,2.0,3.0,1.0,5.0,,7.0,73,,,,1.0,,,,,,1.0,,,4.0,,3.0,,,4.0,1.0,,,1.0,,1.0,,,1.0,,,2.0,,,,2.0,,,2.0,,2.0,,1.0,1.0,,3.0,,2.0,1.0,,1.0,,,4.0,,1.0,2.0,5.0,,,1.0,,,,,,,,,,,,,,,,,,,,7.0,,12.0,,,,,,,,,,,89.85507246376812,98.64864864864865,1.0,1.0,1.0,0.2,,,0.2,0.6666666666666666,,,0.4375,,,0.4375,,,0.625,,,,,,14.457831325301205,0.75,,,,,0.07407407407407407,,0.045454545454545456,,,,,,,,,0.09523809523809523,,,,0.25,0.5,0.5,1.0,0.125,1.0,1.0,1.0,,,,,0.125,,,,0.5,0.25,0.25,1.0,,,,1.0,,,,,,,,,,1.0,,0.875,0.25,0.55429375,0.50175,0.558,,,,,,5.7,24.36,,,,,0.17391304347826086,player_totals,wnba,2026,Regular Season,/get-totals/wnba,"{""Season"": ""2026"", ""SeasonType"": ""Regular Season"", ""Type"": ""Player""}",20260921T185714Z,2026-09-21T18:57:18+00:00,7e74b878f5ab0fc0c96fe0f531d88a2d0562c1d14939fb7ac87d27ea5302ba2b,,,,,,,,,,,,"[""single_row_table_data"", ""multi_row_table_data""]",{},1642791,Zaay Green,player_totals,2026-09-21T18:57:21+00:00,20260921T185714Z,78b3fe60511967c1fd044624f357cb4cd23ebc67dac5e964f0276eb4d525e0d3
1643479,1611661320,Ndjakalenga Mwenentanda,Ndjakalenga Mwenentanda,1643479,LAS,1958.0,6,33,6,71,78,48.0,56.0,7.0,149,1.0,1.0,1.0,1.0,1.0,1.0,,1.0,,1.0,,2.0,,,,1.0,,1.0,,,,1.0,1.0,3.0,,3.0,4.0,6.0,80,1.0,1.0,,,,2.0,1.0,2.0,,2.0,1.0,3.0,,2.0,,,2.0,1.0,,1.0,,1.0,2.0,3.0,2.0,,1.0,,,8.0,2.0,,,,2.0,,2.0,2.0,4.0,,1.0,1.0,,2.0,,1.0,2.0,,1.0,1.0,1.0,4.0,,2.0,2.0,4.0,,,,3.0,,,,6.0,,,3.0,,,,,,,,,,,,4.0,3.0,48.0,,,1.0,4.0,,,,,,,121.12676056338029,102.56410256410255,,,,,,,,0.3333333333333333,1.0,0.5,0.16666666666666666,1.0,0.25,0.3333333333333333,1.0,0.3,0.5,,0.3333333333333333,,1.0,,16.455696202531644,0.5,,,0.16666666666666666,,,0.16666666666666666,0.07692307692307693,0.09090909090909091,,,0.25,,0.125,0.3333333333333333,,,,,,0.16666666666666666,1.0,1.0,,0.16666666666666666,,,,0.16666666666666666,,,,0.3333333333333333,,,,0.16666666666666666,,,,1.0,1.0,,,,,,,,0.25,1.0,0.25,,0.25,,0.6666666666666666,,0.5192,,0.5376875,0.3333333333333333,0.5,,0.3333333333333333,0.5,7.333333333333333,23.400000000000002,,,,,0.676056338028169,player_totals,wnba,2026,Regular Season,/get-totals/wnba,"{""Season"": ""2026"", ""SeasonType"": ""Regular Season"", ""Type"": ""Player""}",20260921T185714Z,2026-09-21T18:57:18+00:00,133ffe506eb244a7dadca2933f11d20a20a3d78a2d95f13ae7a9e1432e63f14e,,,,,,,,,,,,"[""single_row_table_data"", ""multi_row_table_data""]",{},1643479,Ndjakalenga Mwenentanda,player_totals,2026-09-21T18:57:21+00:00,20260921T185714Z,5cffc4b7448ed8881677321ed561d3c4ed86b4d3524cf40b90aaa07b56c97e3d
1643686,1611661331,Nadia Fingall,Nadia Fingall,1643686,GSV,1925.7,10,32,-24,60,71,27.0,34.0,8.0,131,2.0,2.0,1.0,1.0,,,1.0,1.0,,,1.0,1.0,,,1.0,1.0,,2.0,,,,,3.0,3.0,1.0,3.0,2.0,11.0,63,2.0,2.0,,,,4.0,1.0,1.0,1.0,1.0,,5.0,4.0,2.0,3.0,,2.0,2.0,,,,1.0,1.0,2.0,1.0,,1.0,,,5.0,3.0,,,2.0,,,2.0,3.0,5.0,1.0,,,,,1.0,,1.0,,,,,1.0,,1.0,,1.0,,,,1.0,,,,2.0,,,1.0,,,,,,,,,,,1.0,7.0,5.0,27.0,,,,,,,,,,,65.0,88.73239436619718,0.6666666666666666,1.0,1.0,0.3333333333333333,,1.0,0.3333333333333333,1.0,1.0,1.0,0.75,1.0,1.25,0.7857142857142857,1.0,1.25,0.5,,,,,,11.76470588235294,,,,,,0.07692307692307693,0.16666666666666666,0.047619047619047616,0.12,,,0.14285714285714285,0.25,,,,0.10526315789473684,,0.5,,0.3333333333333333,1.0,1.0,0.5,0.16666666666666666,1.0,1.0,1.0,,,,,0.16666666666666666,1.0,1.0,1.0,0.3333333333333333,,,,0.5,1.0,,,,,,,,,,0.5,1.0,,,0.8333333333333334,,0.5477083333333334,,0.443975,0.14285714285714285,0.25,,0.36363636363636365,0.45454545454545453,5.566666666666666,25.46666666666667,,,,0.5,0.45,player_totals,wnba,2026,Regular Season,/get-totals/wnba,"{""Season"": ""2026"", ""SeasonType"": ""Regular Season"", ""Type"": ""Player""}",20260921T185714Z,2026-09-21T18:57:18+00:00,7d447d3fe862aa2eaadb25c8dc9171f7d7ad3a2ce3645656ce91005cf6c5a5c9,,,,,,,,,,,,"[""single_row_table_data"", ""multi_row_table_data""]",{},1643686,Nadia Fingall,player_totals,2026-09-21T18:57:21+00:00,20260921T185714Z,c91bf0f2d7395bbcc2db4b1d16bb23e91ae83eae4b278204b1372d6ad6d90e77
1642294,1611661327,Charisma Osborne,Charisma Osborne,1642294,PDX,1879.5,2,31,-1,63,62,29.0,31.0,10.0,125,1.0,4.0,,,,2.0,2.0,3.0,,,,,,,,,2.0,4.0,,,1.0,2.0,3.0,7.0,2.0,4.0,6.0,18.0,69,,,,,,,1.0,4.0,1.0,2.0,5.0,10.0,,6.0,6.0,,,4.0,2.0,2.0,,3.0,,3.0,,,1.0,2.0,,6.0,1.0,,,1.0,,,1.0,1.0,2.0,,2.0,1.0,1.0,2.0,,2.0,,,,,,2.0,,,1.0,2.0,,,,5.0,,,1.0,7.0,1.0,,3.0,,1.0,,,,,,,,,,18.0,10.0,29.0,,1.0,,,,,,,,,107.93650793650794,111.29032258064517,,,1.0,0.5,,0.5,0.5,0.42857142857142855,,0.25,0.5454545454545454,,0.4166666666666667,0.6428571428571429,,0.625,0.36363636363636365,,0.2857142857142857,0.5,,,21.91780821917808,1.0,,,,,0.07142857142857142,0.058823529411764705,0.041666666666666664,0.037037037037037035,,,,0.14285714285714285,,,,,0.2,,,0.36363636363636365,0.25,0.5,,0.2727272727272727,0.6666666666666666,0.6666666666666666,,,,,,,,,,0.36363636363636365,0.5,0.5,1.0,,,,,,,,,,0.3333333333333333,,,,0.3333333333333333,0.5,0.7272727272727273,0.5,0.45205454545454543,,0.40149999999999997,0.23076923076923078,0.3333333333333333,,,0.5555555555555556,5.757142857142857,26.0,0.6666666666666666,1.0,,,0.4603174603174603,player_totals,wnba,2026,Regular Season,/get-totals/wnba,"{""Season"": ""2026"", ""SeasonType"": ""Regular Season"", ""Type"": ""Player""}",20260921T185714Z,2026-09-21T18:57:18+00:00,ec82ab859440d2f4985a7cbddfec4a3bf63a4b6581cb8ebf06a44f4222caa35c,,,,,,,,,,,,"[""single_row_table_data"", ""multi_row_table_data""]",{},1642294,Charisma Osborne,player_totals,2026-09-21T18:57:21+00:00,20260921T185714Z,c00bee383ffd788987e544cf69c0fce53a4b89e1cc36ffebd6ce1f23d9738937
1643525,1611661313,Alex Fowler,Alex Fowler,1643525,NYL,1877.5,2,31,-12,64,63,30.0,27.0,7.0,127,2.0,2.0,1.0,1.0,,,,1.0,,,,4.0,,,,2.0,2.0,3.0,,,1.0,2.0,2.0,3.0,2.0,7.0,2.0,12.0,76,1.0,1.0,,,2.0,4.0,,,1.0,4.0,2.0,5.0,4.0,,6.0,,,3.0,2.0,,,1.0,,1.0,,,1.0,,,2.0,,,,,,,,,,,1.0,1.0,,1.0,,1.0,2.0,,,,,3.0,,3.0,4.0,10.0,,1.0,2.0,2.0,,1.0,,2.0,,,,,1.0,,,,,,,,,,8.0,5.0,30.0,2.0,1.0,,3.0,,1.0,,4.0,,,100.0,120.63492063492063,1.0,1.0,1.0,0.2857142857142857,,0.25,0.2857142857142857,0.6666666666666666,1.0,,0.5,1.0,0.375,0.5454545454545454,1.0,0.5,0.7,,,,,,20.0,0.3333333333333333,,,,,,,,,,,,,,,,,,,,0.2,1.0,1.0,1.0,0.1,,,,,,,,0.4,,,,0.3,0.6666666666666666,0.6666666666666666,1.0,1.0,1.0,1.0,,,,,,,,,0.5,,0.5,0.5,0.9,0.6666666666666666,0.54591,,0.557475,,,,0.3333333333333333,0.4166666666666667,4.466666666666667,23.542857142857144,,,,0.2,0.46875,player_totals,wnba,2026,Regular Season,/get-totals/wnba,"{""Season"": ""2026"", ""SeasonType"": ""Regular Season"", ""Type"": ""Player""}",20260921T185714Z,2026-09-21T18:57:18+00:00,8b6155a7a60e24b7df5cb49b5c7236d29fab66d9d42f957d6ddbf598a92051f0,,,,,,,,,,,,"[""single_row_table_data"", ""multi_row_table_data""]",{},1643525,Alex Fowler,player_totals,2026-09-21T18:57:21+00:00,20260921T185714Z,1fea6b2a3a7ac0b8489661d383f67e9461c3cfff783a68e4eb4db9b051b30b00
1630154,1611661327,Kamiah Smalls,Kamiah Smalls,1630154,PDX,1810.6,2,30,-19,59,60,9.0,11.0,9.0,119,1.0,2.0,,,,,,1.0,,,,,,,,,4.0,7.0,,,,,1.0,3.0,4.0,7.0,1.0,15.0,77,,,,,,,,,,,,,,2.0,3.0,9.0,,7.0,4.0,,,2.0,4.0,6.0,2.0,2.0,2.0,,,16.0,,,,,,,,,,,,,,1.0,2.0,1.0,3.0,,,,1.0,4.0,,1.0,2.0,2.0,,,,,,,,1.0,,1.0,,,,,,,,,,,,,15.0,,9.0,,,,,,,,,,,98.30508474576271,128.33333333333334,,,0.25,0.5714285714285714,,,0.5714285714285714,0.3333333333333333,,,0.7,,,0.7,,,0.7,,,,,,20.588235294117645,0.25,,,,,,,,,,,,,,,,,,,,0.2,0.5,0.5,,0.1,,,,,,,,,,,,0.7,0.5714285714285714,0.5714285714285714,0.25,,,,,,,,,,,,,,,,0.9,0.5714285714285714,0.494385,,,,,,,,4.7,23.942857142857143,,1.0,,0.6666666666666666,0.15254237288135594,player_totals,wnba,2026,Regular Season,/get-totals/wnba,"{""Season"": ""2026"", ""SeasonType"": ""Regular Season"", ""Type"": ""Player""}",20260921T185714Z,2026-09-21T18:57:18+00:00,cfa47e856fd7af75f65009ada36722e084ccbafbbd6d59688c84911b934bdd87,,,,,,,,,,,,"[""single_row_table_data"", ""multi_row_table_data""]",{},1630154,Kamiah Smalls,player_totals,2026-09-21T18:57:21+00:00,20260921T185714Z,eb9913eab5e6d4b2ef67148716860831af586bcbb68240e5eb313aac548e9652
1643461,1611661320,Laura Ziegler,Laura Ziegler,1643461,LAS,1758.6999999999998,3,29,-5,68,64,19.0,34.0,8.0,132,3.0,3.0,,,1.0,1.0,,2.0,,,,1.0,,,,,,2.0,,1.0,,,3.0,5.0,,3.0,2.0,8.0,77,,,,1.0,,,1.0,1.0,,,2.0,4.0,6.0,,,,,2.0,,,,,3.0,3.0,3.0,,,,,9.0,1.0,,,1.0,2.0,,3.0,1.0,4.0,,1.0,1.0,,,,,,,,,,,,,4.0,5.0,,,,4.0,,1.0,1.0,3.0,1.0,,2.0,,,1.0,,,1.0,,,1.0,,,8.0,4.0,19.0,1.0,,,,,,,,,,105.88235294117646,120.3125,1.0,1.0,,,,,,0.6,,1.0,0.375,,1.0,0.4444444444444444,,1.0,0.375,,,,,,11.842105263157894,,,,0.11764705882352941,,0.0625,0.05,0.09090909090909091,0.02857142857142857,,,0.08333333333333333,,0.14285714285714285,,,0.07692307692307693,,,,0.375,1.0,1.0,1.0,0.25,,,,,,,,0.125,,,,0.25,,,,,,,,,,1.0,,,1.0,1.0,,,,,0.75,,0.56571875,,0.7932,0.2222222222222222,0.3333333333333333,,,0.5,5.2,23.7,,,,,0.27941176470588236,player_totals,wnba,2026,Regular Season,/get-totals/wnba,"{""Season"": ""2026"", ""SeasonType"": ""Regular Season"", ""Type"": ""Player""}",20260921T185714Z,2026-09-21T18:57:18+00:00,29f6d42d281eb57706549850fc00fcbb9cb8fd319c14c4740ea5afafa797ebb5,,,,,,,,,,,,"[""single_row_table_data"", ""multi_row_table_data""]",{},1643461,Laura Ziegler,player_totals,2026-09-21T18:57:21+00:00,20260921T185714Z,6c02f698777ff9bace44c091d2a71b349a58cbcbc7e3ecd2aab431ee99035f4f
1642835,1611661329,Morgan Maly,Morgan Maly,1642835,CHI,1746.0,3,29,-21,63,66,27.0,26.0,4.0,129,,1.0,,,,,,,,,,,,,,,2.0,5.0,,,,1.0,,1.0,2.0,5.0,4.0,10.0,77,,,,,,,,,,1.0,4.0,4.0,,,6.0,,,5.0,2.0,1.0,,,,,,,,,,,,,,,4.0,2.0,6.0,,6.0,,,,,,,,,,,,,,,,4.0,4.0,,,,4.0,,1.0,,4.0,,,,,2.0,,,,,,,,,,10.0,4.0,27.0,,2.0,,,,2.0,,8.0,,,88.88888888888889,116.66666666666666,,,1.0,0.4,,,0.4,,,,0.5,,,0.625,,0.6666666666666666,0.8333333333333334,,1.0,1.0,,,11.940298507462686,,0.6666666666666666,,0.2857142857142857,,,,0.18181818181818182,,,,,,0.16666666666666666,,0.75,,,,,0.16666666666666666,,,,,,,,,,,,,,,,0.8333333333333334,0.4,0.4,1.0,,,,,,,,,,,,,,1.0,,1.0,0.4,0.5038666666666667,,0.15015,,,,,0.4,3.6,25.7,,,,0.3333333333333333,0.42857142857142855,player_totals,wnba,2026,Regular Season,/get-totals/wnba,"{""Season"": ""2026"", ""SeasonType"": ""Regular Season"", ""Type"": ""Player""}",20260921T185714Z,2026-09-21T18:57:18+00:00,3198b4436cbe0e523d95149d6d0a581f257da6a8a2f099a6dd75ccc67ca8279e,,,,,,,,,,,,"[""single_row_table_data"", ""multi_row_table_data""]",{},1642835,Morgan Maly,player_totals,2026-09-21T18:57:21+00:00,20260921T185714Z,f974b42be547023d1db01c44547af7394f901d160f6cd7bd3f3ba9aa3aaf071e
1642796,1611661323,Rayah Marshall,Rayah Marshall,1642796,CON,1633.0,4,27,-9,50,52,17.0,29.0,16.0,102,,,,,,,2.0,7.0,,1.0,,,,,,,,,,,,,2.0,8.0,,,4.0,8.0,60,1.0,3.0,,,2.0,4.0,1.0,3.0,,,,2.0,2.0,2.0,,,2.0,,,1.0,,1.0,,1.0,,,1.0,,,2.0,2.0,2.0,,2.0,,,2.0,4.0,6.0,,,,,2.0,,,1.0,,2.0,,,3.0,,1.0,1.0,2.0,,,1.0,5.0,1.0,,1.0,6.0,,,3.0,,,1.0,,,,,1.0,1.0,,,4.0,2.0,17.0,,,,,,,,,,,102.0,115.38461538461539,0.5,1.0,,,,,,0.25,0.3333333333333333,0.3333333333333333,0.25,0.3333333333333333,0.3333333333333333,0.36363636363636365,0.5,0.3333333333333333,,,0.125,,,,20.28985507246377,0.6666666666666666,,,,0.10526315789473684,0.14285714285714285,0.1,0.08695652173913043,0.10256410256410256,,0.16666666666666666,0.1111111111111111,,,,,0.18181818181818182,,,,,,,,0.875,0.2857142857142857,0.2857142857142857,0.5,0.125,,,,,,,,,,,,,,,,,,,,,,,,,,,,,0.4221625,0.46185,0.42496666666666666,0.2727272727272727,0.2727272727272727,,0.5,0.25,8.45,,,0.4,,,0.34,player_totals,wnba,2026,Regular Season,/get-totals/wnba,"{""Season"": ""2026"", ""SeasonType"": ""Regular Season"", ""Type"": ""Player""}",20260921T185714Z,2026-09-21T18:57:18+00:00,26d0729dde5de5809ce1ad002e2b0cfd845e13223194b47522f9d0236f92195f,,1.0,,,,,,,,,,"[""single_row_table_data"", ""multi_row_table_data""]",{},1642796,Rayah Marshall,player_totals,2026-09-21T18:57:21+00:00,20260921T185714Z,8f82d94d4a3df6bde56c1f0cecd703fe7a4d7f2e43644fe94a33c35b8269fabd
1629490,1611661321,Kitija Laksa,Kitija Laksa,1629490,DAL,1459.0,2,24,2,51,53,7.0,13.0,11.0,104,,,,,,,1.0,1.0,2.0,5.0,1.0,5.0,1.0,1.0,,1.0,1.0,2.0,,,,,3.0,6.0,2.0,7.0,,12.0,50,3.0,3.0,1.0,1.0,,9.0,,,,1.0,,,4.0,2.0,6.0,,2.0,2.0,1.0,,1.0,,,,,,,,,,2.0,1.0,,,3.0,,3.0,3.0,6.0,2.0,,,,2.0,,1.0,,,1.0,,,2.0,,,3.0,5.0,,,,1.0,,1.0,,,,,,,,1.0,,,,,1.0,1.0,1.0,,3.0,,7.0,1.0,,,,,,,,,,101.96078431372548,94.33962264150944,0.6666666666666666,1.0,1.0,0.2857142857142857,1.0,,0.2857142857142857,0.5,1.0,,0.46153846153846156,1.125,,0.46153846153846156,1.125,,0.5384615384615384,0.14285714285714285,,,,,24.193548387096776,1.0,,,0.16666666666666666,0.058823529411764705,,0.16666666666666666,0.09375,0.10344827586206896,,,,0.25,,0.21428571428571427,,,,0.2857142857142857,1.0,,,,,0.07692307692307693,1.0,1.0,1.0,0.38461538461538464,0.4,0.4,0.5,0.38461538461538464,0.2,0.25,1.0,0.15384615384615385,0.5,0.5,1.0,,,,0.25,1.0,1.0,,,,,,1.0,,,,0.5384615384615384,0.5,0.46768846153846155,0.40785,0.50505,,,,0.75,,14.5,23.157142857142855,,,0.3333333333333333,0.6,0.13725490196078433,player_totals,wnba,2026,Regular Season,/get-totals/wnba,"{""Season"": ""2026"", ""SeasonType"": ""Regular Season"", ""Type"": ""Player""}",20260921T185714Z,2026-09-21T18:57:18+00:00,b5d36a7a6d4f712a68e623c68c6c8f71d1a25c03ef169d6856b8b902257a55b3,,,0.2,,,0.2,,,,,,"[""single_row_table_data"", ""multi_row_table_data""]",{},1629490,Kitija Laksa,player_totals,2026-09-21T18:57:21+00:00,20260921T185714Z,751c6d233eaf2e840552ea6a1aeaa1e938dc5ae3e085ca894de2acb56f460981
1631039,1611661331,Miela Sowah,Miela Sowah,1631039,GSV,1421.7,7,24,-31,46,53,16.0,31.0,6.0,99,1.0,1.0,,,,,,1.0,,,,3.0,,,,1.0,,5.0,,,,,1.0,2.0,,8.0,,2.0,51,,,,,,,,,,1.0,,,,2.0,,,,5.0,,,1.0,,,,,,,,,,,1.0,,4.0,,,4.0,1.0,5.0,,,,,1.0,1.0,,3.0,,1.0,,1.0,4.0,,,,3.0,,,1.0,2.0,,,,,,,,,,,,,,,,,,,2.0,,16.0,2.0,,,,,,,,,,43.47826086956522,96.22641509433961,,,,,,,,0.5,,,0.1,,,0.1,,,0.8,0.125,,,,0.2,26.923076923076923,0.25,,,,0.2,0.23529411764705882,,0.14814814814814814,0.045454545454545456,,,,,,,,0.18181818181818182,0.3333333333333333,,,0.1,1.0,1.0,,0.1,,,,,,,,0.3,,,,0.5,,,,,,,,,,,,,,,1.0,,,,0.9,,0.5145500000000001,,0.4251,,,,,,6.75,25.5375,,,,0.25,0.34782608695652173,player_totals,wnba,2026,Regular Season,/get-totals/wnba,"{""Season"": ""2026"", ""SeasonType"": ""Regular Season"", ""Type"": ""Player""}",20260921T185714Z,2026-09-21T18:57:18+00:00,b021e2d85aa29bb03a5ca7e31107a9dddf48707d92fb515ae0b892aa18836964,,,1.0,,,,,,,,,"[""single_row_table_data"", ""multi_row_table_data""]",{},1631039,Miela Sowah,player_totals,2026-09-21T18:57:21+00:00,20260921T185714Z,649a180c44a15d427d8fb741a86b3474e3be7b92705f201e3e43dc13ba6d50f3
1642811,1611661320,Shyanne Sellers,Shyanne Sellers,1642811,LAS,1259.0,2,21,9,46,46,10.0,5.0,6.0,92,,2.0,,,,,,2.0,,,1.0,1.0,,,,,,1.0,,1.0,,,,4.0,1.0,2.0,1.0,4.0,44,,,,1.0,1.0,1.0,,1.0,,,1.0,1.0,,,3.0,,,1.0,,2.0,,1.0,1.0,2.0,,1.0,,,1.0,5.0,,,,1.0,1.0,,2.0,,2.0,,2.0,1.0,1.0,,,,1.0,,,,,1.0,,1.0,,4.0,1.0,1.0,,1.0,,1.0,,2.0,,,,,1.0,,,,,,,,,,3.0,1.0,10.0,,1.0,,2.0,,,,,,,115.21739130434783,95.65217391304347,,,1.0,0.5,,,0.5,,,,0.25,,,0.2857142857142857,0.25,0.25,0.3333333333333333,,0.5,,1.0,,14.814814814814813,,,,0.08333333333333333,,0.14285714285714285,,0.10526315789473684,,,,,,,,0.25,0.2,,,,0.3333333333333333,,,,0.3333333333333333,,,,,,,,0.16666666666666666,1.0,1.0,1.0,0.16666666666666666,,,,,,,,,,1.0,,,,,,,,,0.6666666666666666,,0.4786916666666667,0.56925,0.3186,,,,0.25,0.25,7.0,23.95,0.5,,,1.0,0.21739130434782608,player_totals,wnba,2026,Regular Season,/get-totals/wnba,"{""Season"": ""2026"", ""SeasonType"": ""Regular Season"", ""Type"": ""Player""}",20260921T185714Z,2026-09-21T18:57:18+00:00,7e642beebb78ec00e2adcb97aa7b023427f0ab7a19170db42552a1071b467cd2,,,,,,,,,,,,"[""single_row_table_data"", ""multi_row_table_data""]",{},1642811,Shyanne Sellers,player_totals,2026-09-21T18:57:21+00:00,20260921T185714Z,b29af63cc07229854815d1ca5a00333cbf11b01d115cb540ec9a94d070eda625
1629581,1611661324,Emese Hof,Emese Hof,1629581,MIN,1237.1,3,21,-18,41,46,10.0,19.0,3.0,87,3.0,3.0,,,1.0,1.0,,3.0,,,,,,,,,,,,,,,3.0,6.0,,,1.0,7.0,53,,1.0,,,,,1.0,2.0,,,,2.0,6.0,,,,,,,2.0,,2.0,,2.0,,,,,2.0,4.0,,2.0,,1.0,1.0,1.0,3.0,2.0,5.0,,,,,1.0,,1.0,3.0,,,,1.0,4.0,1.0,,2.0,6.0,1.0,1.0,1.0,1.0,,,,2.0,,,1.0,,,,,,,,,,,,7.0,2.0,10.0,,,,5.0,,2.0,,,,,85.3658536585366,115.21739130434783,1.0,1.0,,,,,,0.5,,0.5,0.5,,0.5,0.5,,0.5,,,0.3333333333333333,,0.6666666666666666,,23.913043478260867,0.25,0.3333333333333333,,0.08333333333333333,0.14285714285714285,0.08333333333333333,,0.08333333333333333,0.1111111111111111,,0.5,,,,0.2,,0.1111111111111111,,,,0.5,1.0,1.0,1.0,0.5,,,,,,,,,,,,,,,,,,,,,,,,,0.5,1.0,,,,,0.5,,0.5111166666666667,0.3382,0.51385,0.14285714285714285,0.14285714285714285,,,0.2857142857142857,4.166666666666667,,,,,,0.24390243902439024,player_totals,wnba,2026,Regular Season,/get-totals/wnba,"{""Season"": ""2026"", ""SeasonType"": ""Regular Season"", ""Type"": ""Player""}",20260921T185714Z,2026-09-21T18:57:18+00:00,130f3b69ee383dc86dc5a4f2f1f8955c05670f87eb6180a46b28b936e4c7caf3,,,,,,,,,,,,"[""single_row_table_data"", ""multi_row_table_data""]",{},1629581,Emese Hof,player_totals,2026-09-21T18:57:21+00:00,20260921T185714Z,094e70845c50c9ca4132e8d4c2ec8af333256a3d3c6e84a6cd3fb3710c295ee1
1630108,1611661332,Mariella Fasoula,Mariella Fasoula,1630108,TOR,919.0,3,15,-2,30,30,22.0,18.0,6.0,60,1.0,3.0,1.0,1.0,,2.0,1.0,1.0,,1.0,,,,,,,,,,,,,2.0,5.0,,,,4.0,35,1.0,1.0,,,,2.0,1.0,4.0,,,,2.0,4.0,,,,,,,1.0,,,1.0,1.0,1.0,,,,,3.0,1.0,,,2.0,,,2.0,1.0,3.0,,1.0,1.0,,1.0,1.0,,1.0,,1.0,,,2.0,1.0,1.0,2.0,5.0,,,,1.0,,,,,,,,,,2.0,,,2.0,,,2.0,1.0,,2.0,2.0,22.0,,,,,,,,,,,110.0,116.66666666666667,1.0,1.0,,,,,,0.4,1.0,0.25,0.4,1.0,0.25,0.4,1.0,0.25,,,0.2,0.3333333333333333,,,18.91891891891892,0.5,,,,,0.4,0.125,0.16666666666666666,0.058823529411764705,,,,0.5,,,,0.4,,,0.5,0.6,0.3333333333333333,0.5,1.0,0.2,1.0,1.0,1.0,0.2,,,,,,,,,,,,1.0,1.0,1.0,,,,,,,0.5,,,,,,0.6,,0.5048600000000001,0.6279,0.4741,,,,0.5,0.5,5.9799999999999995,,0.5,,,,0.7333333333333333,player_totals,wnba,2026,Regular Season,/get-totals/wnba,"{""Season"": ""2026"", ""SeasonType"": ""Regular Season"", ""Type"": ""Player""}",20260921T185714Z,2026-09-21T18:57:18+00:00,afbf5c5d4014fb7c3a138e5548a0f1dcb91c10161f319996ebeb92c636914a11,,,,,,,,,,,,"[""single_row_table_data"", ""multi_row_table_data""]",{},1630108,Mariella Fasoula,player_totals,2026-09-21T18:57:21+00:00,20260921T185714Z,58b820fae14a2cf7f9cf300bf9ee2b3b0f36026d48340fb9ec2547f1c2e58093
1630115,1611661328,Joyner Holmes,Joyner Holmes,1630115,SEA,884.0,1,15,-2,28,29,11.0,13.0,5.0,57,,2.0,,,,1.0,1.0,1.0,,,,1.0,,1.0,,,,,,,,,1.0,3.0,,1.0,,2.0,22,,,,1.0,,,,1.0,,,,,2.0,,,,,,,1.0,,1.0,,1.0,,,1.0,,,2.0,1.0,,,,3.0,1.0,4.0,1.0,5.0,,,,,2.0,,2.0,,,,,,2.0,,,1.0,1.0,,,,,,,,,,,,,,3.0,,,1.0,,2.0,3.0,1.0,,2.0,,11.0,,,,,,,,,,,71.42857142857142,75.86206896551725,1.0,1.0,,,,,,0.3333333333333333,,,0.25,,,0.25,,,0.25,,0.3333333333333333,0.5,,,17.64705882352941,1.0,1.0,,0.25,,,0.125,0.16666666666666666,0.058823529411764705,,,,0.25,,0.25,1.0,,,,0.3333333333333333,0.5,,,,0.25,1.0,1.0,1.0,,,,,0.25,,,,,,,,,,,1.0,,,,,,1.0,,,,,,0.75,,0.474525,,0.4724,,,,,,4.033333333333333,24.0,0.5,,,,0.39285714285714285,player_totals,wnba,2026,Regular Season,/get-totals/wnba,"{""Season"": ""2026"", ""SeasonType"": ""Regular Season"", ""Type"": ""Player""}",20260921T185714Z,2026-09-21T18:57:18+00:00,08a5d217b03edbb20f40042c036bcfb74a1c1e1149c5b25d227e679ab60fa4eb,,,,,,,,,,,,"[""single_row_table_data"", ""multi_row_table_data""]",{},1630115,Joyner Holmes,player_totals,2026-09-21T18:57:21+00:00,20260921T185714Z,70577f5f21881a290cfa005fd3d9dc9d0c04facebbabf1870deec0434456123b
1642788,1611661325,Bree Hall,Bree Hall,1642788,IND,807.0,4,13,-9,29,32,15.0,21.0,1.0,61,1.0,1.0,,,,,,2.0,,1.0,2.0,2.0,,,2.0,2.0,,,,,,,1.0,4.0,2.0,2.0,,8.0,41,,,,,,,,2.0,2.0,2.0,,6.0,2.0,,6.0,,,,,,,,,,,,,,,,,,,,1.0,,1.0,,1.0,,,,,,,,,,,,,,,,,,,,,1.0,,,,2.0,,,,,1.0,,,,,,,,,,8.0,6.0,15.0,,1.0,,,,,,,,,110.3448275862069,128.125,1.0,1.0,1.0,1.0,,1.0,1.0,0.25,,,0.6666666666666666,,0.75,0.5714285714285714,,0.6,0.3333333333333333,,,,,,23.333333333333336,,,,0.2,,,,0.1111111111111111,,,,,,,,1.0,,,,,0.16666666666666666,1.0,1.0,1.0,0.3333333333333333,,,,0.16666666666666666,,,,0.3333333333333333,1.0,1.0,1.0,,,,,,,,,,,,,,,,0.5,1.0,,,0.5,,0.45885,,0.421925,,,,,0.75,9.625,23.0,,,,,0.5172413793103449,player_totals,wnba,2026,Regular Season,/get-totals/wnba,"{""Season"": ""2026"", ""SeasonType"": ""Regular Season"", ""Type"": ""Player""}",20260921T185714Z,2026-09-21T18:57:18+00:00,0332b63188843eed18be0a37e7049588216ea48530529eaefe6ad8562052b530,,,,,,,,,,,,"[""single_row_table_data"", ""multi_row_table_data""]",{},1642788,Bree Hall,player_totals,2026-09-21T18:57:21+00:00,20260921T185714Z,dcf885d1ae80e9d1f4641e4213716c7da59c61f8729113e7ee3ad81fe259b605
1629480,1611661319,Kalani Brown,Kalani Brown,1629480,LVA,761.0,2,13,8,25,25,,7.0,1.0,50,3.0,3.0,,,,,1.0,1.0,,,,,,,,,,,,,,,4.0,4.0,,,2.0,10.0,20,,,,,1.0,1.0,,,,,,,8.0,,,,,,,,,,1.0,1.0,1.0,,,,,3.0,,1.0,,,2.0,,2.0,1.0,3.0,,1.0,1.0,,2.0,,2.0,,,,,,2.0,,,,3.0,,2.0,,4.0,,,,3.0,1.0,,2.0,,,,,,,,,,,,9.0,,,,,,,,,,,,,112.0,80.0,1.0,1.0,,,,,,1.0,,,1.0,,,1.0,0.5,,,,,,,,26.923076923076923,1.0,,,0.3333333333333333,1.0,,,0.18181818181818182,0.25,,1.0,,,1.0,0.25,,,,,,0.75,1.0,1.0,1.0,0.25,1.0,1.0,1.0,,,,,,,,,,,,,,,,,,,,,,,,,,,,0.75,,0.435525,,,0.4,0.4,,0.1,,3.5,,,,,,,player_totals,wnba,2026,Regular Season,/get-totals/wnba,"{""Season"": ""2026"", ""SeasonType"": ""Regular Season"", ""Type"": ""Player""}",20260921T185714Z,2026-09-21T18:57:18+00:00,20a26397d33b48d0879798e7c6cd6c0f2d84763cd657a294a8c649d5710cb8fa,,,,,,,,,,,,"[""single_row_table_data"", ""multi_row_table_data""]",{},1629480,Kalani Brown,player_totals,2026-09-21T18:57:21+00:00,20260921T185714Z,b7f21c2f967a719eaa6b3e037a56ef28fa9dc871d32ac5391b43eacfc3256cc7
1642808,1611661321,JJ Quinerly,JJ Quinerly,1642808,DAL,746.0,2,12,-4,23,24,6.0,5.0,2.0,47,,,,,,,1.0,1.0,,1.0,,,,,,,,1.0,,,,1.0,1.0,2.0,,1.0,,2.0,26,,,,,,,1.0,1.0,,1.0,,2.0,,2.0,,,,1.0,,,,1.0,1.0,2.0,1.0,,,,1.0,5.0,,,,1.0,,,1.0,,1.0,,,,,,,,,,,,,,,,,,,,,1.0,,,,,,,,,,1.0,,,1.0,,,1.0,1.0,,2.0,2.0,6.0,,,,,,,,,,,95.65217391304347,108.33333333333334,,,,,,,,0.5,,1.0,0.3333333333333333,,0.5,0.3333333333333333,,0.5,0.3333333333333333,,,,,,12.0,,,,,,0.3333333333333333,,0.08333333333333333,,,,,,,,,,1.0,,1.0,,,,,0.3333333333333333,1.0,1.0,,0.3333333333333333,,,,,,,,0.3333333333333333,,,,,,,,,,,,,,,,,0.5,,0.3333333333333333,,0.4528833333333333,,0.504775,,,,,1.0,14.6,25.1,,,1.0,,0.2608695652173913,player_totals,wnba,2026,Regular Season,/get-totals/wnba,"{""Season"": ""2026"", ""SeasonType"": ""Regular Season"", ""Type"": ""Player""}",20260921T185714Z,2026-09-21T18:57:18+00:00,3c9f4fba3a1338fb074460e1afddc0267bda118fce69da4cbc55a686006dc96a,,,,,,,,,,,,"[""single_row_table_data"", ""multi_row_table_data""]",{},1642808,JJ Quinerly,player_totals,2026-09-21T18:57:21+00:00,20260921T185714Z,4939878fca15fca5225b084bf5a541bfec4f84fc4c2dcd319b4e235b447bcdec
1631090,1611661321,Christyn Williams,Christyn Williams,1631090,DAL,657.0,2,11,3,24,24,8.0,10.0,4.0,48,,,,,,,,,,3.0,,,,,,,,1.0,,,,1.0,,3.0,,1.0,1.0,1.0,23,,,,,,,,1.0,,1.0,1.0,1.0,,,,,,1.0,,,,1.0,,1.0,,,1.0,,,2.0,,,,,2.0,,2.0,,2.0,,,,,,,,,,,,,,,,,,,,,1.0,,,,2.0,,,,,1.0,1.0,,,,,1.0,1.0,1.0,,1.0,1.0,8.0,,1.0,,,,,,,,,108.33333333333334,95.83333333333334,,,,,,,,,,,,,,0.1,,0.16666666666666666,0.25,,,,,,18.51851851851852,,,,0.3333333333333333,,,,0.18181818181818182,,,,,,,0.3333333333333333,1.0,,,,1.0,,,,,,,,,0.75,,,,,,,,0.25,,,,,,,,,,,,,,,,,0.5,,0.25,,0.3983375,,0.436375,,,,,1.0,18.099999999999998,24.9,,,0.3333333333333333,,0.3333333333333333,player_totals,wnba,2026,Regular Season,/get-totals/wnba,"{""Season"": ""2026"", ""SeasonType"": ""Regular Season"", ""Type"": ""Player""}",20260921T185714Z,2026-09-21T18:57:18+00:00,aa80a2793c4e1eebdf813c6ad2401d4a8255407b59a2a2bbdb14021ceabae960,,,,,,,,,,,,"[""single_row_table_data"", ""multi_row_table_data""]",{},1631090,Christyn Williams,player_totals,2026-09-21T18:57:21+00:00,20260921T185714Z,5d6581a828a1b6b6f9fc1bbe7605a53a8d49767eaa1cda91162a58e787543607
1642790,1611661320,Sania Feagin,Sania Feagin,1642790,LAS,612.0,3,10,-7,23,27,14.0,13.0,4.0,50,,1.0,,1.0,,1.0,,,,,,,,,,,,,,,,,,1.0,,,,,34,,1.0,,,,,,1.0,,,,,,,,,,,,,,,2.0,2.0,2.0,,,,,6.0,,,,,1.0,,1.0,,1.0,,,,,,,,,,,,,,,,2.0,3.0,,,,1.0,,,1.0,,,,,,,,,,,,,,,,,,14.0,,,,,,,,,,,117.39130434782608,125.92592592592592,,,,,,,,,,,,,,,,,,,,,,,3.571428571428571,,,,0.2,,,,0.1111111111111111,,,,,,,,0.5,,,,,1.0,,,,,,,,,,,,,,,,,,,,1.0,,,,,,,,,1.0,,,,,,1.0,,0.5911,0.5911,0.5911,,,,,,2.6,,,,,,0.6086956521739131,player_totals,wnba,2026,Regular Season,/get-totals/wnba,"{""Season"": ""2026"", ""SeasonType"": ""Regular Season"", ""Type"": ""Player""}",20260921T185714Z,2026-09-21T18:57:18+00:00,352f0ec65def45eb5832d8bc26b7393c10525e4347c11e39f2eb382541ba1e56,,,,,,,,,,,,"[""single_row_table_data"", ""multi_row_table_data""]",{},1642790,Sania Feagin,player_totals,2026-09-21T18:57:21+00:00,20260921T185714Z,5df587c751b82ba4f2f227be4cea6970ccb4e6ffce48a593525d7612a3d036bb
1642826,1611661313,Aubrey Griffin,Aubrey Griffin,1642826,NYL,463.20000000000005,4,8,1,19,20,9.0,9.0,1.0,39,,,,,,,1.0,1.0,,,,,,,,,,,,,,,1.0,1.0,,,,2.0,21,,,,,,,,,,,,,,2.0,,,,,,,,,,,,,,,,,,,,,1.0,,1.0,,1.0,,,,,,1.0,,1.0,,,,,1.0,,,1.0,1.0,,,,1.0,,1.0,,,,,,,,,,,,,,,,,2.0,,9.0,,,,,,,,,,,115.78947368421052,105.0,,,,,,,,1.0,,,1.0,,,1.0,,,,,,,,,10.0,,,,0.09090909090909091,,,,0.07692307692307693,,,,,,,0.14285714285714285,,,,,,,,,,1.0,1.0,1.0,,,,,,,,,,,,,,,,,,,,,,,,,,,,,,,0.2358,,,,,,,,4.0,,,,,,0.47368421052631576,player_totals,wnba,2026,Regular Season,/get-totals/wnba,"{""Season"": ""2026"", ""SeasonType"": ""Regular Season"", ""Type"": ""Player""}",20260921T185714Z,2026-09-21T18:57:18+00:00,e9211740b5065a3ad1e5f6c6e70c54e7f0d9b55f7650a97c5191f04464d86cd7,,,,,,,,,,,,"[""single_row_table_data"", ""multi_row_table_data""]",{},1642826,Aubrey Griffin,player_totals,2026-09-21T18:57:21+00:00,20260921T185714Z,fea7d4c30a68b1f19e662a50976f2b9e5e72c53c8f81818454071c56125e9763
1643440,1611661322,Darianna Littlepage-Buggs,Darianna Littlepage-Buggs,1643440,WAS,430.9,4,7,-2,13,17,13.0,12.0,1.0,30,1.0,1.0,,,1.0,1.0,,,,1.0,1.0,1.0,,,1.0,1.0,,,,,,,1.0,2.0,1.0,1.0,,5.0,16,,,,,,,1.0,2.0,1.0,1.0,,5.0,2.0,,3.0,,,,,,,,,,,,,,,,,,,1.0,,,1.0,,1.0,,,,,,,,,,,,,,,,,,,,,,,,,,,,,,,,,,,,,,,,5.0,5.0,13.0,,,,,,,,,,,107.6923076923077,94.11764705882352,1.0,1.0,1.0,1.0,,1.0,1.0,0.5,,0.5,0.8333333333333334,,0.8333333333333334,0.8333333333333334,,0.8333333333333334,0.3333333333333333,,,,,,21.428571428571427,,,,,,1.0,,0.16666666666666666,,,,,,,,,1.0,,,,0.3333333333333333,1.0,1.0,1.0,,,,,0.3333333333333333,,,,0.3333333333333333,1.0,1.0,1.0,,,,,,,,,,,,,,0.3333333333333333,1.0,0.3333333333333333,1.0,,,0.6666666666666666,,0.5505833333333333,,0.5505833333333333,,,,,1.0,8.95,22.5,,,,,1.0,player_totals,wnba,2026,Regular Season,/get-totals/wnba,"{""Season"": ""2026"", ""SeasonType"": ""Regular Season"", ""Type"": ""Player""}",20260921T185714Z,2026-09-21T18:57:18+00:00,286dca67ff0d4f9d72d8c66bbcd8a7631292f07b20fecdff89454a1befec2406,,,,,,,,,,,,"[""single_row_table_data"", ""multi_row_table_data""]",{},1643440,Darianna Littlepage-Buggs,player_totals,2026-09-21T18:57:21+00:00,20260921T185714Z,cd6cc1fbb91532251b579d68442dc9eda815d33d238726ce7555b82d1c440b36
1643424,1611661321,Costanza Verona,Costanza Verona,1643424,DAL,347.0,1,6,-4,11,12,5.0,5.0,1.0,23,,,,,,,1.0,1.0,1.0,1.0,,,,,,,,,,,,,2.0,2.0,,,,4.0,12,,,,,,,1.0,1.0,,,,2.0,,4.0,,,,,,,,2.0,,2.0,,,2.0,,,4.0,,,,,,,,,,,,,,,,,,,,,,,,,,,,,,,,,,,,,,,,,,,,,,,,,4.0,2.0,5.0,,,,,,,,,,,72.72727272727273,100.0,,,,,,,,1.0,,1.0,1.0,,1.0,1.0,,1.0,,,,,,,16.666666666666668,,,,,,,,,,,,,,,,,,,,,,,,,0.5,1.0,1.0,,0.5,1.0,1.0,,,,,,,,,,,,,,,,,,,,,,,,,,,0.34265,,0.3491,,,,,0.5,13.65,,,,,,0.45454545454545453,player_totals,wnba,2026,Regular Season,/get-totals/wnba,"{""Season"": ""2026"", ""SeasonType"": ""Regular Season"", ""Type"": ""Player""}",20260921T185714Z,2026-09-21T18:57:18+00:00,d32fb96a79850f884c1b761ee650891d5d5a6ecca529c1f313df90463756acfa,,,,,,,,,,,,"[""single_row_table_data"", ""multi_row_table_data""]",{},1643424,Costanza Verona,player_totals,2026-09-21T18:57:21+00:00,20260921T185714Z,9108944dca105a156e64a1055d82a0a82b988a6fe86e162dc7e727e50e5068b4
1630138,1611661317,Peyton Williams,Peyton Williams,1630138,PHX,346.0,1,6,-1,12,12,,,1.0,24,,,,,,,,1.0,,,,,,,,,,,,,,,,1.0,,,,,13,,,,,,,,,,,,,,,,,,,,1.0,,,2.0,2.0,2.0,,,,,6.0,,,,,,,,,,,,,,,,,,,,,,,,,,,,,,,,,,,,,,,,1.0,,,,,1.0,1.0,1.0,,,,,,,,,,,,,,,100.0,108.33333333333334,,,,,,,,,,,,,,,,,,,1.0,,1.0,,7.692307692307692,,,,,,,,,,,,,,,,,,,,1.0,,,,,1.0,,,,,,,,,,,,,,,,,,,,,,,,,,,,,,,,,0.3879,,,,,,,,5.4,,,1.0,,,,player_totals,wnba,2026,Regular Season,/get-totals/wnba,"{""Season"": ""2026"", ""SeasonType"": ""Regular Season"", ""Type"": ""Player""}",20260921T185714Z,2026-09-21T18:57:18+00:00,e0012e093aba0a43519e21dd6544f34e1ab720972ca2119f9b561d6a8e545c9b,,,,,,,,,,,,"[""single_row_table_data"", ""multi_row_table_data""]",{},1630138,Peyton Williams,player_totals,2026-09-21T18:57:21+00:00,20260921T185714Z,07b28680f71f63b514fb9bb0a3ac7b041b9b86833444964e99ee8c68200aee13
1630462,1611661324,Aari McDonald,Aari McDonald,1630462,MIN,292.0,1,5,-2,9,11,3.0,8.0,2.0,20,1.0,2.0,1.0,1.0,,,,,,,,,,,,,,,,,,,1.0,2.0,,,2.0,4.0,10,1.0,1.0,,,,2.0,,,,,2.0,2.0,,2.0,,,,,,1.0,,,,,,,,,,,,,,,,,,,,,,,,2.0,,,,,2.0,,,2.0,1.0,,1.0,1.0,,,,1.0,,,,2.0,,,,,1.0,,,,,,,,,,2.0,2.0,3.0,,1.0,,,,,,,,,88.88888888888889,90.9090909090909,,,,,,,,0.5,1.0,,0.5,1.0,,0.6666666666666666,1.0,1.0,,,0.5,0.5,,,45.45454545454545,1.0,,,,,,,,,,,,,,,,,,,,1.0,0.5,1.0,,,,,,,,,,,,,,,,,,1.0,1.0,,,,,,,,,,,,,,1.0,,0.66545,0.6321,,,,,0.5,0.5,1.4,,1.0,,,,0.3333333333333333,player_totals,wnba,2026,Regular Season,/get-totals/wnba,"{""Season"": ""2026"", ""SeasonType"": ""Regular Season"", ""Type"": ""Player""}",20260921T185714Z,2026-09-21T18:57:18+00:00,36e09c20d5449627563554d263a240cd2977b86783a0c89855a71f43e3e03c36,,,,,,,,,,,,"[""single_row_table_data"", ""multi_row_table_data""]",{},1630462,Aari McDonald,player_totals,2026-09-21T18:57:21+00:00,20260921T185714Z,546d1c3c6b15932e8d90da30faaa14fca01552898a7f65d8f006165fbcf6eb78
1642810,1611661313,Madison Scott,Madison Scott,1642810,NYL,233.0,1,4,12,7,8,5.0,,1.0,15,1.0,1.0,,,,,1.0,1.0,,,,,,,,,,,,,,,2.0,2.0,,,,4.0,4,,,,,,,1.0,1.0,,,,2.0,2.0,2.0,,,,,,,,1.0,,1.0,,,1.0,,,2.0,,,,,,,,,,,,,,,,,,,,,,,,,,,,,,1.0,,,,1.0,1.0,,1.0,,,,,,,,,,,,4.0,2.0,5.0,,,,,,,,,,,228.57142857142856,50.0,0.5,0.5,,,,,,1.0,,1.0,1.0,,1.0,1.0,,1.0,,,,,,,25.0,,,,,,,,,,,,,,,,,,,,,0.5,1.0,1.0,1.0,0.5,1.0,1.0,,,,,,,,,,,,,,,,,,,,,,,,,,,,,0.5,,0.3671,,0.4034,0.5,0.5,,,0.5,7.9,,,,,,0.7142857142857143,player_totals,wnba,2026,Regular Season,/get-totals/wnba,"{""Season"": ""2026"", ""SeasonType"": ""Regular Season"", ""Type"": ""Player""}",20260921T185714Z,2026-09-21T18:57:18+00:00,732b15027277019d7e128bdc3c547ba8c98898efb58bccdd550db2c848607852,,,,,,,,,,,,"[""single_row_table_data"", ""multi_row_table_data""]",{},1642810,Madison Scott,player_totals,2026-09-21T18:57:21+00:00,20260921T185714Z,223333a00ae1f59f9d9317ec896303e2f756461c4f80976dac612adffc5dc7d9
1642803,1611661325,Michelle Onyiah,Michelle Onyiah,1642803,IND,66.0,1,1,1,2,2,2.0,2.0,,4,,,,,,,,,,,,,,,,,,,,,,,,,,,,,2,,,,,,,,,,,,,,,,,,,,,,,,,,,,,,,,,,,,,,,,,,,,,,,,,,,,,,,,,,,,,,,,,,,,,,,,,,,,,,,,,2.0,,,,,,,,,,,150.0,100.0,,,,,,,,,,,,,,,,,,,,,,,,,,,,,,,,,,,,,,,,,,,,,,,,,,,,,,,,,,,,,,,,,,,,,,,,,,,,,,,,,,,,,,,,,,,,,,,1.0,player_totals,wnba,2026,Regular Season,/get-totals/wnba,"{""Season"": ""2026"", ""SeasonType"": ""Regular Season"", ""Type"": ""Player""}",20260921T185714Z,2026-09-21T18:57:18+00:00,de05a0d7162b028a6b46eef2af05aab09940d42a38b181efa80c8004d49e23b6,,,,,,,,,,,,"[""single_row_table_data"", ""multi_row_table_data""]",{},1642803,Michelle Onyiah,player_totals,2026-09-21T18:57:21+00:00,20260921T185714Z,613e74b6179d7b0f5925927fa4dd3c1d53e743198d4e8125d9358e54df899b0a
