player_id,player_name,team_abbreviation,position_name,position_abbreviation,active,status_type,current_rank,eligibility_player_name,espn_athlete_id,espn_player_name,eligibility_team_abbreviation,eligibility_type,date_of_birth,age_on_cutoff,experience_years,eligible_flag,eligibility_snapshot_active,eligibility_snapshot_status_type,eligibility_review_status,eligibility_reviewed_by,eligibility_reviewed_at,source_system,eligibility_source_url,source_snapshot_path,source_snapshot_sha256,source_as_of,identity_match_method,assignment_player_name,assignment_team_abbreviation,role_code,secondary_role_code,assignment_confidence,assignment_review_status,assignment_reviewed_by,assignment_reviewed_at,assignment_notes,recent_minutes,recent_off_poss,recent_team_possessions,recent_points,recent_assists,recent_turnovers,recent_fga,recent_fgm,recent_fta,recent_ftm,recent_at_rim_fga,recent_at_rim_fgm,recent_def_poss,recent_total_poss,recent_fg3a,recent_fg3m,recent_rebounds,recent_off_rebounds,recent_games,recent_possession_share_sd,recent_minutes_per_game,recent_possession_share,recent_assists_per_75,recent_assist_turnover_ratio,recent_true_shooting_attempts,recent_true_shooting_pct,recent_rim_fga_share,recent_rim_fg_pct,recent_turnover_rate,recent_three_point_fga_share,recent_fta_rate,recent_rebounds_per_75_total_possessions,recent_offensive_rebounds_per_75_off_poss,baseline_minutes,baseline_off_poss,baseline_team_possessions,baseline_points,baseline_assists,baseline_turnovers,baseline_fga,baseline_fgm,baseline_fta,baseline_ftm,baseline_at_rim_fga,baseline_at_rim_fgm,baseline_def_poss,baseline_total_poss,baseline_fg3a,baseline_fg3m,baseline_rebounds,baseline_off_rebounds,baseline_games,baseline_possession_share_sd,baseline_minutes_per_game,baseline_possession_share,baseline_assists_per_75,baseline_assist_turnover_ratio,baseline_true_shooting_attempts,baseline_true_shooting_pct,baseline_rim_fga_share,baseline_rim_fg_pct,baseline_turnover_rate,baseline_three_point_fga_share,baseline_fta_rate,baseline_rebounds_per_75_total_possessions,baseline_offensive_rebounds_per_75_off_poss,season_minutes,season_off_poss,season_team_possessions,season_points,season_assists,season_turnovers,season_fga,season_fgm,season_fta,season_ftm,season_at_rim_fga,season_at_rim_fgm,season_def_poss,season_total_poss,season_fg3a,season_fg3m,season_rebounds,season_off_rebounds,season_games,season_possession_share_sd,season_minutes_per_game,season_possession_share,season_assists_per_75,season_assist_turnover_ratio,season_true_shooting_attempts,season_true_shooting_pct,season_rim_fga_share,season_rim_fg_pct,season_turnover_rate,season_three_point_fga_share,season_fta_rate,season_rebounds_per_75_total_possessions,season_offensive_rebounds_per_75_off_poss,recent_team_games,baseline_team_games,season_team_games,recent_games_met,recent_possessions_met,insufficient_recent_games,insufficient_recent_possessions,season_possessions_met,recent_sample_met,inactive_rostered,currently_rostered,score_eligible,sample_status,exclusion_reason,funnel_status
1642797,Anastasiia Olairi Kosu,MIN,Forward,F,True,active,1.0,Anastasiia Olairi Kosu,5278237.0,Anastasiia Olairi Kosu,MIN,experience_le_3,2005-04-21T07:00Z,21.0,2.0,True,True,active,reviewed,Krystal Beasley,2026-08-22,ESPN,https://www.espn.com/wnba/player/bio/_/id/5278237/anastasiia-olairi-kosu,analysis/role_fulfillment_matrix/data/live_inputs/player_core_2026.csv,e5b1f81f0caf215ee0996544f095f7cfbde50f22f6c81e8519af9eb2fae09c26,2026-08-22,normalized_full_name_exact,Anastasiia Olairi Kosu,MIN,interior_finisher_rim_runner,interior_hub_rebounder,0.9,reviewed,Krystal Beasley,2026-08-22,Reviewed six-role taxonomy assignment,,,,,,,,,,,,,,,,,,,,,,,,,,,,,,,,,,0.8833333333333333,1.0,81.0,0.0,0.0,0.0,0.0,0.0,0.0,0.0,0.0,0.0,3.0,4.0,0.0,0.0,0.0,0.0,1.0,0.0,0.8833333333333333,0.012345679012345678,0.0,,0.0,,,,0.0,,,0.0,0.0,306.9666666666667,604.0,2381.0,108.0,20.0,19.0,82.0,39.0,33.0,28.0,50.0,29.0,620.0,1224.0,3.0,2.0,59.0,35.0,30.0,0.14165964473988601,10.232222222222223,0.25367492650146994,2.4834437086092715,1.0526315789473684,96.52,0.5594695399917116,0.6097560975609756,0.58,0.03145695364238411,0.036585365853658534,0.4024390243902439,3.6151960784313726,4.346026490066225,3.0,1.0,43.0,False,False,True,True,True,False,False,True,False,season_volume_met_recent_sample_insufficient,,included
1643489,Antonia Delaere,MIN,Forward,F,True,active,1.0,Antonia Delaere,4873358.0,Antonia Delaere,MIN,experience_le_3,1994-08-01T07:00Z,32.0,0.0,True,True,active,reviewed,Krystal Beasley,2026-08-22,ESPN,https://www.espn.com/wnba/player/bio/_/id/4873358/antonia-delaere,analysis/role_fulfillment_matrix/data/live_inputs/player_core_2026.csv,e5b1f81f0caf215ee0996544f095f7cfbde50f22f6c81e8519af9eb2fae09c26,2026-08-22,normalized_full_name_exact,Antonia Delaere,MIN,perimeter_scorer_spacer,secondary_creator_connector,0.9,reviewed,Krystal Beasley,2026-08-22,Reviewed six-role taxonomy assignment,15.916666666666666,34.0,84.0,8.0,1.0,4.0,4.0,3.0,1.0,1.0,1.0,1.0,32.0,66.0,2.0,1.0,0.0,0.0,1.0,0.0,15.916666666666666,0.40476190476190477,2.2058823529411766,0.25,4.44,0.9009009009009008,0.25,1.0,0.11764705882352941,0.5,0.25,0.0,0.0,,,,,,,,,,,,,,,,,,,,,,,,,,,,,,,,,,438.7,874.0,3031.0,115.0,41.0,18.0,89.0,41.0,7.0,7.0,14.0,8.0,888.0,1762.0,60.0,26.0,27.0,7.0,38.0,0.15736266293475146,11.544736842105262,0.2883536786539096,3.5183066361556063,2.2777777777777777,92.08,0.6244569939183319,0.15730337078651685,0.5714285714285714,0.020594965675057208,0.6741573033707865,0.07865168539325842,1.1492622020431327,0.6006864988558352,3.0,1.0,43.0,False,False,True,True,True,False,False,True,False,season_volume_met_recent_sample_insufficient,,included
1641657,Dorka Juhasz,MIN,Forward,F,True,active,1.0,Dorka Juhasz,4398938.0,Dorka Juhasz,MIN,experience_le_3,1999-12-18T08:00Z,26.0,3.0,True,True,active,reviewed,Krystal Beasley,2026-08-22,ESPN,https://www.espn.com/wnba/player/bio/_/id/4398938/dorka-juhasz,analysis/role_fulfillment_matrix/data/live_inputs/player_core_2026.csv,e5b1f81f0caf215ee0996544f095f7cfbde50f22f6c81e8519af9eb2fae09c26,2026-08-22,normalized_full_name_exact,Dorka Juhasz,MIN,perimeter_scorer_spacer,interior_hub_rebounder,0.9,reviewed,Krystal Beasley,2026-08-22,Reviewed six-role taxonomy assignment,64.41666666666666,136.0,249.0,9.0,8.0,4.0,15.0,4.0,0.0,0.0,1.0,1.0,139.0,275.0,8.0,1.0,19.0,1.0,3.0,0.18733236966415626,21.472222222222218,0.5461847389558233,4.411764705882353,2.0,15.0,0.3,0.06666666666666667,1.0,0.029411764705882353,0.5333333333333333,0.0,5.181818181818182,0.5514705882352942,,,,,,,,,,,,,,,,,,,,,,,,,,,,,,,,,,309.73333333333335,620.0,1582.0,74.0,29.0,13.0,77.0,29.0,4.0,1.0,11.0,8.0,626.0,1246.0,51.0,15.0,64.0,8.0,20.0,0.16143443240134597,15.486666666666668,0.3919089759797724,3.5080645161290325,2.230769230769231,78.76,0.46978161503301163,0.14285714285714285,0.7272727272727273,0.020967741935483872,0.6623376623376623,0.05194805194805195,3.8523274478330656,0.967741935483871,3.0,1.0,43.0,True,True,False,False,True,True,False,True,True,recent_sample_met,,included
1629581,Emese Hof,MIN,Center,C,False,inactive,1.0,Emese Hof,3913680.0,Emese Hof,MIN,experience_le_3,1996-05-29T07:00Z,30.0,0.0,True,False,inactive,reviewed,Krystal Beasley,2026-08-22,ESPN,https://www.espn.com/wnba/player/bio/_/id/3913680/emese-hof,analysis/role_fulfillment_matrix/data/live_inputs/player_core_2026.csv,e5b1f81f0caf215ee0996544f095f7cfbde50f22f6c81e8519af9eb2fae09c26,2026-08-22,normalized_full_name_exact,Emese Hof,MIN,interior_hub_rebounder,interior_finisher_rim_runner,0.45,reviewed,Krystal Beasley,2026-08-22,Reviewed with inactive and insufficient-evidence safeguards,,,,,,,,,,,,,,,,,,,,,,,,,,,,,,,,,,,,,,,,,,,,,,,,,,,,,,,,,,,,,,,,,,,20.616666666666667,41.0,252.0,7.0,2.0,4.0,6.0,3.0,2.0,1.0,3.0,3.0,46.0,87.0,0.0,0.0,5.0,2.0,3.0,0.06130914472973045,6.872222222222223,0.1626984126984127,3.658536585365854,0.5,6.88,0.5087209302325582,0.5,1.0,0.0975609756097561,0.0,0.3333333333333333,4.310344827586206,3.658536585365854,3.0,1.0,43.0,False,False,True,True,False,False,True,True,False,insufficient_recent_sample,,included
1643488,Emma Cechova,MIN,Forward,F,False,inactive,1.0,Emma Cechova,5345322.0,Emma Cechova,MIN,experience_le_3,2004-07-12T07:00Z,22.0,0.0,True,False,inactive,reviewed,Krystal Beasley,2026-08-22,ESPN,https://www.espn.com/wnba/player/bio/_/id/5345322/emma-cechova,analysis/role_fulfillment_matrix/data/live_inputs/player_core_2026.csv,e5b1f81f0caf215ee0996544f095f7cfbde50f22f6c81e8519af9eb2fae09c26,2026-08-22,normalized_full_name_exact,Emma Cechova,MIN,interior_finisher_rim_runner,interior_hub_rebounder,0.6,reviewed,Krystal Beasley,2026-08-22,Reviewed with inactive and insufficient-evidence safeguards,,,,,,,,,,,,,,,,,,,,,,,,,,,,,,,,,,,,,,,,,,,,,,,,,,,,,,,,,,,,,,,,,,,51.8,107.0,239.0,25.0,0.0,4.0,16.0,10.0,8.0,5.0,13.0,9.0,109.0,216.0,1.0,0.0,11.0,4.0,3.0,0.10132628463934347,17.266666666666666,0.4476987447698745,0.0,0.0,19.52,0.6403688524590164,0.8125,0.6923076923076923,0.037383177570093455,0.0625,0.5,3.819444444444444,2.803738317757009,3.0,1.0,43.0,False,False,True,True,False,False,True,True,False,insufficient_recent_sample,,included
1643426,Olivia Miles,MIN,Guard,G,True,active,1.0,Olivia Miles,4433791.0,Olivia Miles,MIN,experience_le_3,2003-01-29T08:00Z,23.0,0.0,True,True,active,reviewed,Krystal Beasley,2026-08-22,ESPN,https://www.espn.com/wnba/player/bio/_/id/4433791/olivia-miles,analysis/role_fulfillment_matrix/data/live_inputs/player_core_2026.csv,e5b1f81f0caf215ee0996544f095f7cfbde50f22f6c81e8519af9eb2fae09c26,2026-08-22,normalized_full_name_exact,Olivia Miles,MIN,lead_creator,perimeter_scorer_spacer,0.95,reviewed,Krystal Beasley,2026-08-22,Reviewed six-role taxonomy assignment,64.43333333333334,135.0,165.0,41.0,11.0,6.0,28.0,12.0,18.0,16.0,18.0,11.0,133.0,268.0,6.0,1.0,11.0,1.0,2.0,0.054044117647058854,32.21666666666667,0.8181818181818182,6.111111111111112,1.8333333333333333,35.92,0.5707126948775055,0.6428571428571429,0.6111111111111112,0.044444444444444446,0.21428571428571427,0.6428571428571429,3.078358208955224,0.5555555555555556,29.816666666666666,60.0,81.0,21.0,0.0,2.0,14.0,7.0,7.0,6.0,10.0,5.0,61.0,121.0,3.0,1.0,5.0,0.0,1.0,0.0,29.816666666666666,0.7407407407407407,0.0,0.0,17.08,0.6147540983606558,0.7142857142857143,0.5,0.03333333333333333,0.21428571428571427,0.5,3.0991735537190084,0.0,1239.05,2473.0,3184.0,790.0,238.0,123.0,567.0,279.0,193.0,168.0,248.0,155.0,2488.0,4961.0,165.0,64.0,186.0,23.0,40.0,0.08580946321520513,30.97625,0.7766959798994975,7.217953902143146,1.934959349593496,651.92,0.605902564731869,0.43738977072310403,0.625,0.04973716134249899,0.291005291005291,0.3403880070546737,2.811933078008466,0.6975333602911443,3.0,1.0,43.0,False,True,True,False,True,False,False,True,False,season_volume_met_recent_sample_insufficient,,included
1642767,Janelle Salaun,GSV,Forward,F,True,active,2.0,Janelle Salaun,4790264.0,Janelle Salaun,GSV,experience_le_3,2001-09-05T07:00Z,24.0,2.0,True,True,active,reviewed,Krystal Beasley,2026-08-22,ESPN,https://www.espn.com/wnba/player/bio/_/id/4790264/janelle-salaun,analysis/role_fulfillment_matrix/data/live_inputs/player_core_2026.csv,e5b1f81f0caf215ee0996544f095f7cfbde50f22f6c81e8519af9eb2fae09c26,2026-08-22,normalized_full_name_exact,Janelle Salaun,GSV,perimeter_scorer_spacer,secondary_creator_connector,0.9,reviewed,Krystal Beasley,2026-08-22,Reviewed six-role taxonomy assignment,20.116666666666667,37.0,82.0,11.0,2.0,2.0,7.0,4.0,3.0,2.0,0.0,0.0,34.0,71.0,4.0,1.0,5.0,1.0,1.0,0.0,20.116666666666667,0.45121951219512196,4.054054054054054,1.0,8.32,0.6610576923076923,0.0,,0.05405405405405406,0.5714285714285714,0.42857142857142855,5.281690140845071,2.027027027027027,42.3,75.0,143.0,22.0,1.0,1.0,18.0,8.0,3.0,1.0,1.0,0.0,76.0,151.0,9.0,5.0,10.0,3.0,2.0,0.06737171954563258,21.15,0.5244755244755245,1.0,1.0,19.32,0.5693581780538303,0.05555555555555555,0.0,0.013333333333333334,0.5,0.16666666666666666,4.966887417218543,3.0,868.7,1640.0,2904.0,503.0,48.0,32.0,381.0,163.0,104.0,84.0,48.0,33.0,1655.0,3295.0,236.0,93.0,153.0,41.0,39.0,0.11279704433909518,22.274358974358975,0.5647382920110193,2.1951219512195124,1.5,426.76,0.5893242103289905,0.12598425196850394,0.6875,0.01951219512195122,0.6194225721784777,0.27296587926509186,3.4825493171471926,1.875,3.0,3.0,43.0,False,False,True,True,True,False,False,True,False,season_volume_met_recent_sample_insufficient,,included
1642822,Kaitlyn Chen,GSV,Guard,G,True,active,2.0,Kaitlyn Chen,4899328.0,Kaitlyn Chen,GSV,experience_le_3,2002-02-22T08:00Z,24.0,2.0,True,True,active,reviewed,Krystal Beasley,2026-08-22,ESPN,https://www.espn.com/wnba/player/bio/_/id/4899328/kaitlyn-chen,analysis/role_fulfillment_matrix/data/live_inputs/player_core_2026.csv,e5b1f81f0caf215ee0996544f095f7cfbde50f22f6c81e8519af9eb2fae09c26,2026-08-22,normalized_full_name_exact,Kaitlyn Chen,GSV,secondary_creator_connector,perimeter_scorer_spacer,0.9,reviewed,Krystal Beasley,2026-08-22,Reviewed six-role taxonomy assignment,62.06666666666667,114.0,232.0,27.0,6.0,2.0,24.0,10.0,0.0,0.0,0.0,0.0,115.0,229.0,14.0,7.0,3.0,0.0,3.0,0.23681168523426047,20.68888888888889,0.49137931034482757,3.9473684210526314,3.0,24.0,0.5625,0.0,,0.017543859649122806,0.5833333333333334,0.0,0.982532751091703,0.0,58.266666666666666,107.0,216.0,27.0,4.0,3.0,17.0,10.0,5.0,4.0,3.0,1.0,109.0,216.0,6.0,3.0,3.0,1.0,3.0,0.16139872703668587,19.42222222222222,0.49537037037037035,2.803738317757009,1.3333333333333333,19.2,0.703125,0.17647058823529413,0.3333333333333333,0.028037383177570093,0.35294117647058826,0.29411764705882354,1.0416666666666665,0.7009345794392523,651.8,1227.0,3205.0,297.0,83.0,49.0,229.0,119.0,42.0,30.0,57.0,41.0,1261.0,2488.0,69.0,29.0,47.0,13.0,43.0,0.17667123461025291,15.15813953488372,0.3828393135725429,5.073349633251834,1.6938775510204083,247.48,0.6000484887667691,0.24890829694323144,0.7192982456140351,0.03993480032599837,0.30131004366812225,0.18340611353711792,1.4168006430868165,0.7946210268948656,3.0,3.0,43.0,True,True,False,False,True,True,False,True,True,recent_sample_met,,included
1642291,Angel Reese,ATL,Forward,F,True,active,4.0,Angel Reese,4433402.0,Angel Reese,ATL,experience_le_3,2002-05-06T07:00Z,24.0,3.0,True,True,active,reviewed,Krystal Beasley,2026-08-22,ESPN,https://www.espn.com/wnba/player/bio/_/id/4433402/angel-reese,analysis/role_fulfillment_matrix/data/live_inputs/player_core_2026.csv,e5b1f81f0caf215ee0996544f095f7cfbde50f22f6c81e8519af9eb2fae09c26,2026-08-22,normalized_full_name_exact,Angel Reese,ATL,interior_hub_rebounder,interior_finisher_rim_runner,0.95,reviewed,Krystal Beasley,2026-08-22,Reviewed six-role taxonomy assignment,86.7,174.0,245.0,71.0,9.0,7.0,41.0,27.0,26.0,15.0,24.0,22.0,178.0,352.0,6.0,2.0,30.0,4.0,3.0,0.09215911634596256,28.900000000000002,0.710204081632653,3.8793103448275863,1.2857142857142858,52.44,0.6769641495041953,0.5853658536585366,0.9166666666666666,0.040229885057471264,0.14634146341463414,0.6341463414634146,6.392045454545454,1.7241379310344827,70.85,144.0,161.0,31.0,8.0,9.0,23.0,10.0,16.0,11.0,22.0,10.0,139.0,283.0,0.0,0.0,27.0,11.0,2.0,0.052672227371022506,35.425,0.8944099378881988,4.166666666666666,0.8888888888888888,30.04,0.5159786950732357,0.9565217391304348,0.45454545454545453,0.0625,0.0,0.6956521739130435,7.15547703180212,5.729166666666667,1317.9666666666667,2665.0,3385.0,699.0,117.0,133.0,547.0,248.0,267.0,192.0,389.0,212.0,2680.0,5345.0,56.0,11.0,515.0,202.0,42.0,0.09772212677890006,31.38015873015873,0.7872968980797637,3.292682926829268,0.8796992481203008,664.48,0.5259751986515772,0.7111517367458866,0.5449871465295629,0.049906191369606,0.10237659963436929,0.48811700182815354,7.226379794200187,5.684803001876173,3.0,2.0,43.0,True,True,False,False,True,True,False,True,True,recent_sample_met,,included
1642302,Isobel Borlase,ATL,Guard,G,True,active,4.0,Isobel Borlase,5208983.0,Isobel Borlase,ATL,experience_le_3,2004-09-12T07:00Z,21.0,0.0,True,True,active,reviewed,Krystal Beasley,2026-08-22,ESPN,https://www.espn.com/wnba/player/bio/_/id/5208983/isobel-borlase,analysis/role_fulfillment_matrix/data/live_inputs/player_core_2026.csv,e5b1f81f0caf215ee0996544f095f7cfbde50f22f6c81e8519af9eb2fae09c26,2026-08-22,normalized_full_name_exact,Isobel Borlase,ATL,downhill_pressure_wing,perimeter_scorer_spacer,0.8,reviewed,Krystal Beasley,2026-08-22,Reviewed six-role taxonomy assignment,44.25,89.0,245.0,21.0,5.0,2.0,12.0,7.0,6.0,4.0,3.0,2.0,89.0,178.0,5.0,3.0,3.0,0.0,3.0,0.13056275749249635,14.75,0.363265306122449,4.213483146067416,2.5,14.64,0.7172131147540983,0.25,0.6666666666666666,0.02247191011235955,0.4166666666666667,0.5,1.2640449438202246,0.0,11.7,22.0,161.0,8.0,0.0,3.0,4.0,3.0,0.0,0.0,1.0,1.0,25.0,47.0,3.0,2.0,3.0,1.0,2.0,0.05792400370713624,5.85,0.13664596273291926,0.0,0.0,4.0,1.0,0.25,1.0,0.13636363636363635,0.75,0.0,4.787234042553191,3.409090909090909,559.5,1120.0,3466.0,206.0,45.0,32.0,176.0,75.0,38.0,34.0,62.0,36.0,1131.0,2251.0,67.0,22.0,61.0,11.0,43.0,0.14309202376380886,13.011627906976743,0.3231390652048471,3.013392857142857,1.40625,192.72,0.5344541303445413,0.3522727272727273,0.5806451612903226,0.02857142857142857,0.3806818181818182,0.2159090909090909,2.0324300310972903,0.7366071428571428,3.0,2.0,43.0,True,False,False,True,True,False,False,True,False,season_volume_met_recent_sample_insufficient,,included
1643431,Madina Okot,ATL,Center,C,True,active,4.0,Madina Okot,5108587.0,Madina Okot,ATL,experience_le_3,2004-08-23T07:00Z,21.0,0.0,True,True,active,reviewed,Krystal Beasley,2026-08-22,ESPN,https://www.espn.com/wnba/player/bio/_/id/5108587/madina-okot,analysis/role_fulfillment_matrix/data/live_inputs/player_core_2026.csv,e5b1f81f0caf215ee0996544f095f7cfbde50f22f6c81e8519af9eb2fae09c26,2026-08-22,normalized_full_name_exact,Madina Okot,ATL,interior_finisher_rim_runner,interior_hub_rebounder,0.9,reviewed,Krystal Beasley,2026-08-22,Reviewed six-role taxonomy assignment,20.9,44.0,166.0,14.0,1.0,1.0,12.0,7.0,0.0,0.0,9.0,6.0,48.0,92.0,1.0,0.0,8.0,3.0,2.0,0.11276223776223779,10.45,0.26506024096385544,1.7045454545454546,1.0,12.0,0.5833333333333334,0.75,0.6666666666666666,0.022727272727272728,0.08333333333333333,0.0,6.521739130434782,5.113636363636363,7.266666666666667,13.0,161.0,2.0,0.0,1.0,2.0,1.0,0.0,0.0,2.0,1.0,17.0,30.0,0.0,0.0,1.0,1.0,2.0,0.07089898053753475,3.6333333333333333,0.08074534161490683,0.0,0.0,2.0,0.5,1.0,0.5,0.07692307692307693,0.0,0.0,2.5,5.769230769230769,378.5,749.0,3300.0,224.0,11.0,50.0,156.0,90.0,56.0,43.0,120.0,79.0,775.0,1524.0,9.0,1.0,138.0,48.0,41.0,0.1348395211997406,9.231707317073171,0.22696969696969696,1.1014686248331107,0.22,180.64,0.6200177147918512,0.7692307692307693,0.6583333333333333,0.06675567423230974,0.057692307692307696,0.358974358974359,6.791338582677166,4.8064085447263025,3.0,2.0,43.0,False,False,True,True,True,False,False,True,False,season_volume_met_recent_sample_insufficient,,included
1642804,Te-Hina Paopao,ATL,Guard,G,True,active,4.0,Te-Hina Paopao,4433431.0,Te-Hina Paopao,ATL,experience_le_3,2002-08-21T07:00Z,23.0,2.0,True,True,active,reviewed,Krystal Beasley,2026-08-22,ESPN,https://www.espn.com/wnba/player/bio/_/id/4433431/te-hina-paopao,analysis/role_fulfillment_matrix/data/live_inputs/player_core_2026.csv,e5b1f81f0caf215ee0996544f095f7cfbde50f22f6c81e8519af9eb2fae09c26,2026-08-22,normalized_full_name_exact,Te-Hina Paopao,ATL,secondary_creator_connector,perimeter_scorer_spacer,0.85,reviewed,Krystal Beasley,2026-08-22,Reviewed with season-volume fallback flag,44.63333333333333,93.0,245.0,18.0,2.0,0.0,11.0,7.0,0.0,0.0,2.0,2.0,99.0,192.0,7.0,4.0,3.0,1.0,3.0,0.15040314671291688,14.877777777777778,0.3795918367346939,1.6129032258064517,,11.0,0.8181818181818182,0.18181818181818182,1.0,0.0,0.6363636363636364,0.0,1.171875,0.8064516129032259,13.983333333333334,31.0,161.0,4.0,3.0,1.0,4.0,2.0,0.0,0.0,3.0,2.0,29.0,60.0,1.0,0.0,1.0,1.0,2.0,0.08680877355576151,6.991666666666667,0.19254658385093168,7.258064516129032,3.0,4.0,0.5,0.75,0.6666666666666666,0.03225806451612903,0.25,0.0,1.25,2.4193548387096775,391.6666666666667,797.0,2732.0,129.0,44.0,17.0,123.0,45.0,10.0,9.0,14.0,7.0,809.0,1606.0,80.0,30.0,27.0,5.0,34.0,0.16339588285168183,11.519607843137255,0.2917276720351391,4.1405269761606025,2.588235294117647,127.4,0.5062794348508634,0.11382113821138211,0.5,0.02132998745294856,0.6504065040650406,0.08130081300813008,1.2608966376089665,0.47051442910915936,3.0,2.0,43.0,True,False,False,True,True,False,False,True,False,season_volume_met_recent_sample_insufficient,,included
1642286,Caitlin Clark,IND,Guard,G,True,active,5.0,Caitlin Clark,4433403.0,Caitlin Clark,IND,experience_le_3,2002-01-22T08:00Z,24.0,3.0,True,True,active,reviewed,Krystal Beasley,2026-08-22,ESPN,https://www.espn.com/wnba/player/bio/_/id/4433403/caitlin-clark,analysis/role_fulfillment_matrix/data/live_inputs/player_core_2026.csv,e5b1f81f0caf215ee0996544f095f7cfbde50f22f6c81e8519af9eb2fae09c26,2026-08-22,normalized_full_name_exact,Caitlin Clark,IND,lead_creator,perimeter_scorer_spacer,0.95,reviewed,Krystal Beasley,2026-08-22,Reviewed six-role taxonomy assignment,100.16666666666667,200.0,237.0,80.0,28.0,16.0,53.0,22.0,28.0,28.0,16.0,9.0,199.0,399.0,25.0,8.0,15.0,1.0,3.0,0.036888306460097976,33.38888888888889,0.8438818565400844,10.500000000000002,1.75,65.32,0.612369871402327,0.3018867924528302,0.5625,0.08,0.4716981132075472,0.5283018867924528,2.819548872180451,0.375,33.833333333333336,73.0,87.0,34.0,12.0,5.0,19.0,12.0,6.0,4.0,3.0,3.0,74.0,147.0,12.0,6.0,5.0,0.0,1.0,0.0,33.833333333333336,0.8390804597701149,12.32876712328767,2.4,21.64,0.7855822550831792,0.15789473684210525,1.0,0.0684931506849315,0.631578947368421,0.3157894736842105,2.5510204081632657,0.0,1225.9166666666667,2525.0,3232.0,889.0,328.0,182.0,621.0,281.0,250.0,213.0,135.0,88.0,2506.0,5031.0,309.0,114.0,154.0,9.0,39.0,0.11403708704655853,31.433760683760685,0.78125,9.742574257425742,1.8021978021978022,731.0,0.6080711354309165,0.21739130434782608,0.6518518518518519,0.07207920792079207,0.4975845410628019,0.4025764895330113,2.2957662492546214,0.26732673267326734,3.0,1.0,43.0,True,True,False,False,True,True,False,True,True,recent_sample_met,,included
1642815,Makayla Timpson,IND,Forward,F,True,active,5.0,Makayla Timpson,4433546.0,Makayla Timpson,IND,experience_le_3,2002-09-20T07:00Z,23.0,2.0,True,True,active,reviewed,Krystal Beasley,2026-08-22,ESPN,https://www.espn.com/wnba/player/bio/_/id/4433546/makayla-timpson,analysis/role_fulfillment_matrix/data/live_inputs/player_core_2026.csv,e5b1f81f0caf215ee0996544f095f7cfbde50f22f6c81e8519af9eb2fae09c26,2026-08-22,normalized_full_name_exact,Makayla Timpson,IND,interior_finisher_rim_runner,interior_hub_rebounder,0.95,reviewed,Krystal Beasley,2026-08-22,Reviewed six-role taxonomy assignment,61.2,126.0,237.0,25.0,1.0,2.0,12.0,8.0,10.0,9.0,8.0,6.0,124.0,250.0,0.0,0.0,18.0,4.0,3.0,0.10832029315127319,20.400000000000002,0.5316455696202531,0.5952380952380952,0.5,16.4,0.7621951219512195,0.6666666666666666,0.75,0.015873015873015872,0.0,0.8333333333333334,5.3999999999999995,2.380952380952381,29.5,64.0,87.0,10.0,1.0,0.0,5.0,3.0,5.0,4.0,3.0,2.0,63.0,127.0,0.0,0.0,8.0,1.0,1.0,0.0,29.5,0.735632183908046,1.171875,,7.2,0.6944444444444444,0.6,0.6666666666666666,0.0,0.0,1.0,4.724409448818897,1.171875,811.25,1661.0,3464.0,241.0,22.0,32.0,155.0,99.0,62.0,43.0,116.0,82.0,1684.0,3345.0,0.0,0.0,208.0,64.0,42.0,0.21430980040042327,19.31547619047619,0.47950346420323325,0.9933774834437086,0.6875,182.28,0.6610708799648892,0.7483870967741936,0.7068965517241379,0.01926550270921132,0.0,0.4,4.663677130044843,2.8898254063816977,3.0,1.0,43.0,True,True,False,False,True,True,False,True,True,recent_sample_met,,included
1643433,Raven Johnson,IND,Guard,G,True,active,5.0,Raven Johnson,4433797.0,Raven Johnson,IND,experience_le_3,2003-03-04T08:00Z,23.0,0.0,True,True,active,reviewed,Krystal Beasley,2026-08-22,ESPN,https://www.espn.com/wnba/player/bio/_/id/4433797/raven-johnson,analysis/role_fulfillment_matrix/data/live_inputs/player_core_2026.csv,e5b1f81f0caf215ee0996544f095f7cfbde50f22f6c81e8519af9eb2fae09c26,2026-08-22,normalized_full_name_exact,Raven Johnson,IND,secondary_creator_connector,perimeter_scorer_spacer,0.9,reviewed,Krystal Beasley,2026-08-22,Reviewed with season-volume fallback flag,40.766666666666666,78.0,237.0,9.0,1.0,1.0,7.0,4.0,2.0,1.0,4.0,3.0,83.0,161.0,2.0,0.0,5.0,1.0,3.0,0.24169135891097282,13.588888888888889,0.3291139240506329,0.9615384615384615,1.0,7.88,0.5710659898477157,0.5714285714285714,0.75,0.01282051282051282,0.2857142857142857,0.2857142857142857,2.329192546583851,0.9615384615384615,1.65,2.0,87.0,2.0,0.0,0.0,1.0,1.0,0.0,0.0,0.0,0.0,4.0,6.0,0.0,0.0,0.0,0.0,1.0,0.0,1.65,0.022988505747126436,0.0,,1.0,1.0,0.0,,0.0,0.0,0.0,0.0,0.0,401.6166666666667,812.0,3132.0,116.0,43.0,28.0,117.0,48.0,12.0,9.0,29.0,20.0,848.0,1660.0,47.0,11.0,64.0,18.0,38.0,0.20320264802088103,10.568859649122807,0.25925925925925924,3.9716748768472905,1.5357142857142858,122.28,0.474321229964017,0.24786324786324787,0.6896551724137931,0.034482758620689655,0.4017094017094017,0.10256410256410256,2.8915662650602414,1.66256157635468,3.0,1.0,43.0,True,False,False,True,True,False,False,True,False,season_volume_met_recent_sample_insufficient,,included
1643644,Alicia Florez,WAS,Guard,G,True,active,6.0,Alicia Florez,5349415.0,Alicia Florez,WAS,experience_le_3,2004-04-19T07:00Z,22.0,0.0,True,True,active,reviewed,Krystal Beasley,2026-08-22,ESPN,https://www.espn.com/wnba/player/bio/_/id/5349415/alicia-florez,analysis/role_fulfillment_matrix/data/live_inputs/player_core_2026.csv,e5b1f81f0caf215ee0996544f095f7cfbde50f22f6c81e8519af9eb2fae09c26,2026-08-22,normalized_full_name_exact,Alicia Florez,WAS,secondary_creator_connector,perimeter_scorer_spacer,0.5,reviewed,Krystal Beasley,2026-09-29,Reviewed connector guard; balanced shot mix,32.7,65.0,239.0,14.0,6.0,3.0,7.0,6.0,2.0,2.0,6.0,6.0,68.0,133.0,0.0,0.0,2.0,0.0,3.0,0.10111700772075184,10.9,0.2719665271966527,6.923076923076923,2.0,7.88,0.8883248730964467,0.8571428571428571,1.0,0.046153846153846156,0.0,0.2857142857142857,1.1278195488721803,0.0,12.733333333333334,26.0,157.0,5.0,2.0,4.0,2.0,2.0,2.0,1.0,1.0,1.0,23.0,49.0,0.0,0.0,1.0,0.0,2.0,0.03078297595841456,6.366666666666667,0.16560509554140126,5.769230769230769,0.5,2.88,0.8680555555555556,0.5,1.0,0.15384615384615385,0.0,1.0,1.530612244897959,0.0,408.6333333333333,791.0,2684.0,116.0,67.0,39.0,120.0,43.0,40.0,22.0,41.0,26.0,797.0,1588.0,44.0,8.0,47.0,11.0,34.0,0.17660961684389026,12.018627450980391,0.294709388971684,6.352718078381796,1.7179487179487178,137.6,0.42151162790697677,0.3416666666666667,0.6341463414634146,0.0493046776232617,0.36666666666666664,0.3333333333333333,2.2197732997481108,1.042983565107459,3.0,2.0,43.0,True,False,False,True,True,False,False,True,False,season_volume_met_recent_sample_insufficient,,included
1643455,Angela Dugalic,WAS,Forward,F,True,active,6.0,Angela Dugalic,4433411.0,Angela Dugalic,WAS,experience_le_3,2001-12-29T08:00Z,24.0,0.0,True,True,active,reviewed,Krystal Beasley,2026-08-22,ESPN,https://www.espn.com/wnba/player/bio/_/id/4433411/angela-dugalic,analysis/role_fulfillment_matrix/data/live_inputs/player_core_2026.csv,e5b1f81f0caf215ee0996544f095f7cfbde50f22f6c81e8519af9eb2fae09c26,2026-08-22,normalized_full_name_exact,Angela Dugalic,WAS,perimeter_scorer_spacer,interior_hub_rebounder,0.6,reviewed,Krystal Beasley,2026-09-29,Reviewed stretch forward; high three volume plus rebounding,6.233333333333333,12.0,239.0,4.0,1.0,0.0,3.0,2.0,0.0,0.0,1.0,1.0,13.0,25.0,1.0,0.0,2.0,0.0,3.0,0.02410648083354549,2.077777777777778,0.0502092050209205,6.25,,3.0,0.6666666666666666,0.3333333333333333,1.0,0.0,0.3333333333333333,0.0,6.0,0.0,3.033333333333333,5.0,76.0,0.0,0.0,0.0,0.0,0.0,0.0,0.0,0.0,0.0,6.0,11.0,0.0,0.0,1.0,0.0,1.0,0.0,3.033333333333333,0.06578947368421052,0.0,,0.0,,,,0.0,,,6.818181818181818,0.0,326.95,630.0,2934.0,101.0,22.0,23.0,92.0,40.0,25.0,17.0,38.0,24.0,645.0,1275.0,32.0,4.0,84.0,20.0,37.0,0.16499452967122163,8.836486486486486,0.2147239263803681,2.619047619047619,0.9565217391304348,103.0,0.49029126213592233,0.41304347826086957,0.631578947368421,0.03650793650793651,0.34782608695652173,0.2717391304347826,4.9411764705882355,2.380952380952381,3.0,2.0,43.0,True,False,False,True,True,False,False,True,False,season_volume_met_recent_sample_insufficient,,included
1643467,Cassandre Prosper,WAS,Guard,G,True,active,6.0,Cassandre Prosper,5122345.0,Cassandre Prosper,WAS,experience_le_3,2005-06-25T07:00Z,21.0,0.0,True,True,active,reviewed,Krystal Beasley,2026-08-22,ESPN,https://www.espn.com/wnba/player/bio/_/id/5122345/cassandre-prosper,analysis/role_fulfillment_matrix/data/live_inputs/player_core_2026.csv,e5b1f81f0caf215ee0996544f095f7cfbde50f22f6c81e8519af9eb2fae09c26,2026-08-22,normalized_full_name_exact,Cassandre Prosper,WAS,perimeter_scorer_spacer,downhill_pressure_wing,0.55,reviewed,Krystal Beasley,2026-09-29,Reviewed spot-up wing; catch-and-shoot and mostly assisted,15.066666666666666,31.0,239.0,6.0,1.0,1.0,8.0,2.0,1.0,1.0,3.0,1.0,32.0,63.0,4.0,1.0,1.0,1.0,3.0,0.12899798528519618,5.022222222222222,0.1297071129707113,2.4193548387096775,1.0,8.44,0.35545023696682465,0.375,0.3333333333333333,0.03225806451612903,0.5,0.125,1.1904761904761905,2.4193548387096775,2.1166666666666667,5.0,76.0,0.0,0.0,1.0,1.0,0.0,0.0,0.0,0.0,0.0,4.0,9.0,0.0,0.0,0.0,0.0,1.0,0.0,2.1166666666666667,0.06578947368421052,0.0,0.0,1.0,0.0,0.0,,0.2,0.0,0.0,0.0,0.0,363.9,709.0,2967.0,79.0,17.0,22.0,103.0,31.0,18.0,9.0,38.0,21.0,726.0,1435.0,43.0,8.0,38.0,24.0,38.0,0.18010708688829397,9.576315789473684,0.23896191439164138,1.7983074753173485,0.7727272727272727,110.92,0.35611251352326,0.36893203883495146,0.5526315789473685,0.031029619181946404,0.4174757281553398,0.17475728155339806,1.986062717770035,2.538787023977433,3.0,2.0,43.0,True,False,False,True,True,False,False,True,False,season_volume_met_recent_sample_insufficient,,included
1643430,Cotie McMahon,WAS,Guard,G,True,active,6.0,Cotie McMahon,4583144.0,Cotie McMahon,WAS,experience_le_3,2004-05-04T07:00Z,22.0,0.0,True,True,active,reviewed,Krystal Beasley,2026-08-22,ESPN,https://www.espn.com/wnba/player/bio/_/id/4583144/cotie-mcmahon,analysis/role_fulfillment_matrix/data/live_inputs/player_core_2026.csv,e5b1f81f0caf215ee0996544f095f7cfbde50f22f6c81e8519af9eb2fae09c26,2026-08-22,normalized_full_name_exact,Cotie McMahon,WAS,downhill_pressure_wing,secondary_creator_connector,0.65,reviewed,Krystal Beasley,2026-09-29,Reviewed attacking wing; drives to the rim with secondary playmaking,55.516666666666666,109.0,239.0,27.0,7.0,2.0,18.0,11.0,4.0,3.0,10.0,9.0,110.0,219.0,4.0,2.0,7.0,1.0,3.0,0.18391264352074246,18.505555555555556,0.4560669456066946,4.81651376146789,3.5,19.76,0.6831983805668016,0.5555555555555556,0.9,0.01834862385321101,0.2222222222222222,0.2222222222222222,2.3972602739726026,0.6880733944954129,26.833333333333336,53.0,157.0,0.0,1.0,3.0,3.0,0.0,0.0,0.0,0.0,0.0,52.0,105.0,2.0,0.0,2.0,0.0,2.0,0.021117608836907067,13.416666666666668,0.3375796178343949,1.4150943396226414,0.3333333333333333,3.0,0.0,0.0,,0.05660377358490566,0.6666666666666666,0.0,1.4285714285714286,0.0,802.9666666666667,1565.0,3241.0,267.0,78.0,44.0,226.0,91.0,100.0,61.0,81.0,45.0,1583.0,3148.0,81.0,24.0,119.0,20.0,41.0,0.1590530737628651,19.584552845528457,0.48287565566183277,3.7380191693290734,1.7727272727272727,270.0,0.49444444444444446,0.3584070796460177,0.5555555555555556,0.028115015974440896,0.3584070796460177,0.4424778761061947,2.8351334180432017,0.9584664536741214,3.0,2.0,43.0,True,True,False,False,True,True,False,True,True,recent_sample_met,,included
1642781,Georgia Amoore,WAS,Guard,G,True,active,6.0,Georgia Amoore,4704180.0,Georgia Amoore,WAS,experience_le_3,2001-04-03T07:00Z,25.0,0.0,True,True,active,reviewed,Krystal Beasley,2026-08-22,ESPN,https://www.espn.com/wnba/player/bio/_/id/4704180/georgia-amoore,analysis/role_fulfillment_matrix/data/live_inputs/player_core_2026.csv,e5b1f81f0caf215ee0996544f095f7cfbde50f22f6c81e8519af9eb2fae09c26,2026-08-22,normalized_full_name_exact,Georgia Amoore,WAS,lead_creator,perimeter_scorer_spacer,0.75,reviewed,Krystal Beasley,2026-09-29,Reviewed lead ball-handler; team-high assist rate with high three-point volume,71.38333333333333,142.0,239.0,31.0,12.0,1.0,22.0,11.0,0.0,0.0,3.0,2.0,138.0,280.0,15.0,9.0,2.0,0.0,3.0,0.016472984926788274,23.79444444444444,0.5941422594142259,6.338028169014084,12.0,22.0,0.7045454545454546,0.13636363636363635,0.6666666666666666,0.007042253521126761,0.6818181818181818,0.0,0.5357142857142857,0.0,54.71666666666667,107.0,157.0,34.0,9.0,6.0,24.0,12.0,1.0,1.0,2.0,2.0,110.0,217.0,19.0,9.0,3.0,1.0,2.0,0.06115984405458086,27.358333333333334,0.6815286624203821,6.308411214953271,1.5,24.44,0.6955810147299508,0.08333333333333333,1.0,0.056074766355140186,0.7916666666666666,0.041666666666666664,1.0368663594470047,0.7009345794392523,990.6333333333333,1919.0,3406.0,294.0,150.0,85.0,263.0,97.0,41.0,35.0,36.0,21.0,1891.0,3810.0,187.0,65.0,59.0,11.0,43.0,0.12753597991196808,23.037984496124032,0.5634174985320024,5.862428348097967,1.7647058823529411,281.04,0.523057216054654,0.13688212927756654,0.5833333333333334,0.04429390307451798,0.7110266159695817,0.155893536121673,1.1614173228346456,0.42991141219385093,3.0,2.0,43.0,True,True,False,False,True,True,False,True,True,recent_sample_met,,included
1642792,Kiki Iriafen,WAS,Forward,F,True,active,6.0,Kiki Iriafen,4898384.0,Kiki Iriafen,WAS,experience_le_3,2003-08-26T07:00Z,22.0,2.0,True,True,active,reviewed,Krystal Beasley,2026-08-22,ESPN,https://www.espn.com/wnba/player/bio/_/id/4898384/kiki-iriafen,analysis/role_fulfillment_matrix/data/live_inputs/player_core_2026.csv,e5b1f81f0caf215ee0996544f095f7cfbde50f22f6c81e8519af9eb2fae09c26,2026-08-22,normalized_full_name_exact,Kiki Iriafen,WAS,interior_finisher_rim_runner,interior_hub_rebounder,0.8,reviewed,Krystal Beasley,2026-09-29,Reviewed starting interior scorer/rebounder; rim-focused with low three volume,70.65,144.0,239.0,43.0,2.0,4.0,32.0,19.0,6.0,3.0,19.0,13.0,139.0,283.0,3.0,2.0,30.0,11.0,3.0,0.10871714271574395,23.55,0.602510460251046,1.0416666666666665,0.5,34.64,0.6206697459584295,0.59375,0.6842105263157895,0.027777777777777776,0.09375,0.1875,7.95053003533569,5.729166666666667,60.61666666666667,120.0,157.0,32.0,2.0,3.0,26.0,14.0,5.0,3.0,8.0,6.0,123.0,243.0,2.0,1.0,22.0,6.0,2.0,0.001137102014294955,30.308333333333334,0.7643312101910829,1.25,0.6666666666666666,28.2,0.5673758865248227,0.3076923076923077,0.75,0.025,0.07692307692307693,0.19230769230769232,6.790123456790123,3.75,1121.9,2190.0,3169.0,610.0,61.0,68.0,459.0,236.0,189.0,123.0,254.0,168.0,2187.0,4377.0,43.0,15.0,380.0,123.0,40.0,0.11285787693672396,28.047500000000003,0.6910697380877249,2.089041095890411,0.8970588235294118,542.16,0.562564556588461,0.5533769063180828,0.6614173228346457,0.031050228310502283,0.09368191721132897,0.4117647058823529,6.511309115832763,4.212328767123288,3.0,2.0,43.0,True,True,False,False,True,True,False,True,True,recent_sample_met,,included
1643427,Lauren Betts,WAS,Center,C,True,active,6.0,Lauren Betts,5105737.0,Lauren Betts,WAS,experience_le_3,2003-10-15T07:00Z,22.0,0.0,True,True,active,reviewed,Krystal Beasley,2026-08-22,ESPN,https://www.espn.com/wnba/player/bio/_/id/5105737/lauren-betts,analysis/role_fulfillment_matrix/data/live_inputs/player_core_2026.csv,e5b1f81f0caf215ee0996544f095f7cfbde50f22f6c81e8519af9eb2fae09c26,2026-08-22,normalized_full_name_exact,Lauren Betts,WAS,interior_finisher_rim_runner,interior_hub_rebounder,0.65,reviewed,Krystal Beasley,2026-09-29,Reviewed rim-running center; shot-blocker and highly assisted finisher,72.3,147.0,239.0,21.0,6.0,3.0,22.0,7.0,11.0,7.0,14.0,4.0,146.0,293.0,0.0,0.0,18.0,7.0,3.0,0.03722041374819058,24.099999999999998,0.6150627615062761,3.061224489795918,2.0,26.84,0.39120715350223545,0.6363636363636364,0.2857142857142857,0.02040816326530612,0.0,0.5,4.607508532423208,3.571428571428571,36.86666666666667,74.0,157.0,12.0,3.0,2.0,8.0,4.0,5.0,4.0,3.0,3.0,72.0,146.0,0.0,0.0,10.0,1.0,2.0,0.02322936972059779,18.433333333333334,0.4713375796178344,3.040540540540541,1.5,10.2,0.5882352941176471,0.375,1.0,0.02702702702702703,0.0,0.625,5.136986301369863,1.0135135135135136,755.7666666666667,1464.0,3406.0,275.0,48.0,38.0,204.0,107.0,85.0,61.0,105.0,75.0,1464.0,2928.0,0.0,0.0,195.0,53.0,43.0,0.12484674534182981,17.57596899224806,0.42982971227246036,2.459016393442623,1.263157894736842,241.4,0.5695940347970174,0.5147058823529411,0.7142857142857143,0.025956284153005466,0.0,0.4166666666666667,4.994877049180328,2.7151639344262293,3.0,2.0,43.0,True,True,False,False,True,True,False,True,True,recent_sample_met,,included
1642785,Sonia Citron,WAS,Guard,G,True,active,6.0,Sonia Citron,4433524.0,Sonia Citron,WAS,experience_le_3,2003-10-22T07:00Z,22.0,2.0,True,True,active,reviewed,Krystal Beasley,2026-08-22,ESPN,https://www.espn.com/wnba/player/bio/_/id/4433524/sonia-citron,analysis/role_fulfillment_matrix/data/live_inputs/player_core_2026.csv,e5b1f81f0caf215ee0996544f095f7cfbde50f22f6c81e8519af9eb2fae09c26,2026-08-22,normalized_full_name_exact,Sonia Citron,WAS,perimeter_scorer_spacer,secondary_creator_connector,0.85,reviewed,Krystal Beasley,2026-09-29,Reviewed dual-role wing; top-5 gravity all season with consistent scoring and creation,63.483333333333334,124.0,154.0,28.0,12.0,4.0,21.0,10.0,6.0,6.0,7.0,3.0,122.0,246.0,6.0,2.0,9.0,1.0,2.0,0.025974025974025983,31.741666666666667,0.8051948051948052,7.258064516129032,3.0,23.64,0.5922165820642978,0.3333333333333333,0.42857142857142855,0.03225806451612903,0.2857142857142857,0.2857142857142857,2.74390243902439,0.6048387096774194,65.15,126.0,157.0,30.0,8.0,3.0,25.0,12.0,3.0,1.0,5.0,3.0,130.0,256.0,10.0,5.0,6.0,3.0,2.0,8.122157244963568e-05,32.575,0.802547770700637,4.761904761904762,2.6666666666666665,26.32,0.5699088145896657,0.2,0.6,0.023809523809523808,0.4,0.12,1.7578125,1.7857142857142856,1290.9666666666667,2520.0,3090.0,650.0,171.0,96.0,436.0,207.0,209.0,183.0,124.0,84.0,2530.0,5050.0,158.0,53.0,146.0,35.0,39.0,0.06960305400950915,33.1017094017094,0.8155339805825242,5.0892857142857135,1.78125,527.96,0.6155769376467913,0.28440366972477066,0.6774193548387096,0.0380952380952381,0.3623853211009174,0.4793577981651376,2.1683168316831685,1.0416666666666665,3.0,2.0,43.0,False,True,True,False,True,False,False,True,False,season_volume_met_recent_sample_insufficient,,included
1630462,Aari McDonald,MIN,Guard,G,True,active,1.0,Aari McDonald,4066553.0,Aari McDonald,MIN,experience_le_3,1998-08-20T07:00Z,28.0,4.0,False,True,active,reviewed,Krystal Beasley,2026-09-28,ESPN,https://www.espn.com/wnba/player/bio/_/id/4066553/aari-mcdonald,analysis/role_fulfillment_matrix/data/live_inputs/player_core_2026.csv,1d772aeb9c1b11313a0ca2706597c84451f546761f3b3dabbadebcd4874f6209,2026-09-28,normalized_full_name_exact,,,,,,,,,,26.35,55.0,164.0,14.0,5.0,4.0,11.0,3.0,8.0,7.0,4.0,2.0,55.0,110.0,3.0,1.0,2.0,1.0,2.0,0.21755952380952384,13.175,0.3353658536585366,6.818181818181818,1.25,14.52,0.48209366391184577,0.36363636363636365,0.5,0.07272727272727272,0.2727272727272727,0.7272727272727273,1.3636363636363635,1.3636363636363635,,,,,,,,,,,,,,,,,,,,,,,,,,,,,,,,,,26.35,55.0,164.0,14.0,5.0,4.0,11.0,3.0,8.0,7.0,4.0,2.0,55.0,110.0,3.0,1.0,2.0,1.0,2.0,0.21755952380952384,13.175,0.3353658536585366,6.818181818181818,1.25,14.52,0.48209366391184577,0.36363636363636365,0.5,0.07272727272727272,0.2727272727272727,0.7272727272727273,1.3636363636363635,1.3636363636363635,3.0,1.0,43.0,False,False,True,True,False,False,False,True,False,insufficient_recent_sample,not_age_experience_eligible,excluded
1631064,Chloe Bibby,MIN,Forward,F,True,active,1.0,Chloe Bibby,4280877.0,Chloe Bibby,CHI,experience_le_3,1998-06-15T07:00Z,28.0,2.0,True,True,active,reviewed,Krystal Beasley,2026-08-22,ESPN,https://www.espn.com/wnba/player/bio/_/id/4280877/chloe-bibby,analysis/role_fulfillment_matrix/data/live_inputs/player_core_2026.csv,e5b1f81f0caf215ee0996544f095f7cfbde50f22f6c81e8519af9eb2fae09c26,2026-08-22,normalized_full_name_exact,Chloe Bibby,MIN,perimeter_scorer_spacer,secondary_creator_connector,0.7,reviewed,Krystal Beasley,2026-08-23,Reviewed from pre-trade CHI evidence; current-team live score withheld until MIN sample meets safeguards,25.55,52.0,84.0,15.0,1.0,1.0,10.0,5.0,0.0,0.0,1.0,0.0,52.0,104.0,9.0,5.0,2.0,0.0,1.0,0.0,25.55,0.6190476190476191,1.4423076923076923,1.0,10.0,0.75,0.1,0.0,0.019230769230769232,0.9,0.0,1.4423076923076923,0.0,6.4,13.0,81.0,2.0,0.0,1.0,2.0,1.0,0.0,0.0,1.0,1.0,15.0,28.0,1.0,0.0,1.0,0.0,1.0,0.0,6.4,0.16049382716049382,0.0,0.0,2.0,0.5,0.5,1.0,0.07692307692307693,0.5,0.0,2.6785714285714284,0.0,44.68333333333334,88.0,312.0,22.0,1.0,5.0,17.0,8.0,0.0,0.0,2.0,1.0,91.0,179.0,14.0,6.0,4.0,0.0,4.0,0.2002865666971429,11.170833333333334,0.28205128205128205,0.8522727272727273,0.2,17.0,0.6470588235294118,0.11764705882352941,0.5,0.056818181818181816,0.8235294117647058,0.0,1.675977653631285,0.0,3.0,1.0,43.0,False,False,True,True,False,False,False,True,False,insufficient_recent_sample,insufficient_recent_sample,excluded
1627675,Courtney Williams,MIN,Guard,G,True,active,1.0,Courtney Williams,2987891.0,Courtney Williams,MIN,experience_le_3,1994-05-11T07:00Z,32.0,11.0,False,True,active,reviewed,Krystal Beasley,2026-08-22,ESPN,https://www.espn.com/wnba/player/bio/_/id/2987891/courtney-williams,analysis/role_fulfillment_matrix/data/live_inputs/player_core_2026.csv,e5b1f81f0caf215ee0996544f095f7cfbde50f22f6c81e8519af9eb2fae09c26,2026-08-22,normalized_full_name_exact,,,,,,,,,,68.0,139.0,249.0,25.0,8.0,5.0,27.0,10.0,2.0,2.0,2.0,2.0,142.0,281.0,8.0,3.0,6.0,2.0,3.0,0.23721230074817326,22.666666666666668,0.5582329317269076,4.316546762589928,1.6,27.88,0.4483500717360115,0.07407407407407407,1.0,0.03597122302158273,0.2962962962962963,0.07407407407407407,1.601423487544484,1.079136690647482,30.516666666666666,64.0,81.0,11.0,4.0,3.0,12.0,5.0,0.0,0.0,1.0,1.0,63.0,127.0,1.0,1.0,3.0,0.0,1.0,0.0,30.516666666666666,0.7901234567901234,4.6875,1.3333333333333333,12.0,0.4583333333333333,0.08333333333333333,1.0,0.046875,0.08333333333333333,0.0,1.7716535433070866,0.0,1259.9,2522.0,3353.0,583.0,177.0,73.0,548.0,246.0,52.0,43.0,43.0,25.0,2546.0,5068.0,131.0,48.0,201.0,35.0,42.0,0.12233606414715481,29.99761904761905,0.7521622427676707,5.263679619349722,2.4246575342465753,570.88,0.5106151905829597,0.07846715328467153,0.5813953488372093,0.02894528152260111,0.23905109489051096,0.0948905109489051,2.974546172059984,1.0408406026962727,3.0,1.0,43.0,True,True,False,False,True,True,False,True,True,recent_sample_met,not_age_experience_eligible,excluded
espn:5208984,Elena Buenavida,MIN,Guard,G,True,active,1.0,Elena Buenavida,5208984.0,Elena Buenavida,MIN,experience_le_3,2004-03-08T08:00Z,22.0,0.0,True,True,active,reviewed,Krystal Beasley,2026-08-25,ESPN,https://www.espn.com/wnba/player/bio/_/id/5208984/elena-buenavida,analysis/role_fulfillment_matrix/data/live_inputs/player_core_2026.csv,2a5d1ec99e818b4ea65c6370a6716fb5e605e78b4817bd0f6e1cc96ca2fb5224,2026-08-25,espn_roster_identity_no_pbpstats_record,Elena Buenavida,MIN,secondary_creator_connector,,0.7,reviewed,Krystal Beasley,2026-08-25,Reviewed from FIBA playmaking profile; current-team live score withheld until WNBA sample meets safeguards,,,,,,,,,,,,,,,,,,,,,,,,,,,,,,,,,,,,,,,,,,,,,,,,,,,,,,,,,,,,,,,,,,,,,,,,,,,,,,,,,,,,,,,,,,,,,,,,,,,,,,,False,False,True,True,False,False,False,True,False,insufficient_recent_sample,insufficient_recent_sample,excluded
1643490,Eliska Joklova,MIN,Guard,G,True,active,1.0,Eliska Joklova,5345478.0,Eliska Joklova,MIN,experience_le_3,2001-10-01T07:00Z,24.0,0.0,True,True,active,reviewed,Krystal Beasley,2026-08-22,ESPN,https://www.espn.com/wnba/player/bio/_/id/5345478/eliska-joklova,analysis/role_fulfillment_matrix/data/live_inputs/player_core_2026.csv,e5b1f81f0caf215ee0996544f095f7cfbde50f22f6c81e8519af9eb2fae09c26,2026-08-22,normalized_full_name_exact,Eliska Joklova,MIN,secondary_creator_connector,downhill_pressure_wing,0.75,reviewed,Krystal Beasley,2026-08-22,Reviewed with limited-opportunity safeguard,,,,,,,,,,,,,,,,,,,,,,,,,,,,,,,,,,0.8833333333333333,1.0,81.0,0.0,0.0,0.0,0.0,0.0,0.0,0.0,0.0,0.0,3.0,4.0,0.0,0.0,0.0,0.0,1.0,0.0,0.8833333333333333,0.012345679012345678,0.0,,0.0,,,,0.0,,,0.0,0.0,112.3,217.0,1674.0,36.0,23.0,11.0,23.0,10.0,21.0,16.0,13.0,9.0,222.0,439.0,6.0,0.0,22.0,7.0,21.0,0.09058064950344692,5.347619047619047,0.12962962962962962,7.949308755760368,2.090909090909091,32.24,0.5583126550868486,0.5652173913043478,0.6923076923076923,0.05069124423963134,0.2608695652173913,0.9130434782608695,3.7585421412300684,2.4193548387096775,3.0,1.0,43.0,False,False,True,True,False,False,False,True,False,insufficient_recent_sample,insufficient_recent_sample,excluded
203405,Kayla Alexander,MIN,Center,C,False,free-agent,1.0,Kayla Alexander,2491232.0,Kayla Alexander,TOR,experience_le_3,1991-01-05T08:00Z,35.0,7.0,False,False,free-agent,reviewed,Krystal Beasley,2026-08-22,ESPN,https://www.espn.com/wnba/player/bio/_/id/2491232/kayla-alexander,analysis/role_fulfillment_matrix/data/live_inputs/player_core_2026.csv,e5b1f81f0caf215ee0996544f095f7cfbde50f22f6c81e8519af9eb2fae09c26,2026-08-22,normalized_full_name_exact,,,,,,,,,,,,,,,,,,,,,,,,,,,,,,,,,,,,,,,,,,,,,,,,,,,,,,,,,,,,,,,,,,,,,,,,,,,,,,,,,,,,,,,,,,,,,,,,,,,,,,,,,,,,,,,,False,False,True,True,False,False,False,False,False,insufficient_recent_sample,not_age_experience_eligible,excluded
203825,Kayla McBride,MIN,Guard,G,True,active,1.0,Kayla McBride,2529205.0,Kayla McBride,MIN,experience_le_3,1992-06-25T07:00Z,34.0,13.0,False,True,active,reviewed,Krystal Beasley,2026-08-22,ESPN,https://www.espn.com/wnba/player/bio/_/id/2529205/kayla-mcbride,analysis/role_fulfillment_matrix/data/live_inputs/player_core_2026.csv,e5b1f81f0caf215ee0996544f095f7cfbde50f22f6c81e8519af9eb2fae09c26,2026-08-22,normalized_full_name_exact,,,,,,,,,,79.0,164.0,249.0,30.0,7.0,4.0,31.0,8.0,10.0,10.0,6.0,3.0,166.0,330.0,18.0,4.0,6.0,1.0,3.0,0.24837206421252642,26.333333333333332,0.6586345381526104,3.2012195121951224,1.75,35.4,0.42372881355932207,0.1935483870967742,0.5,0.024390243902439025,0.5806451612903226,0.3225806451612903,1.3636363636363635,0.4573170731707317,37.4,77.0,81.0,17.0,3.0,0.0,16.0,7.0,2.0,1.0,7.0,4.0,77.0,154.0,6.0,2.0,3.0,1.0,1.0,0.0,37.4,0.9506172839506173,2.922077922077922,,16.88,0.5035545023696683,0.4375,0.5714285714285714,0.0,0.375,0.125,1.461038961038961,0.9740259740259741,1382.2166666666667,2758.0,3425.0,753.0,93.0,55.0,541.0,245.0,155.0,143.0,108.0,71.0,2793.0,5551.0,296.0,120.0,130.0,25.0,43.0,0.12802473913695991,32.14457364341085,0.8052554744525547,2.5290065264684554,1.690909090909091,609.2,0.6180236375574524,0.19963031423290203,0.6574074074074074,0.01994198694706309,0.5471349353049908,0.28650646950092423,1.7564402810304451,0.6798404641044234,3.0,1.0,43.0,True,True,False,False,True,True,False,True,True,recent_sample_met,not_age_experience_eligible,excluded
1642820,Liatu King,MIN,Forward,F,True,active,1.0,Liatu King,4596309.0,Liatu King,MIN,experience_le_3,2002-02-10T08:00Z,24.0,2.0,True,True,active,reviewed,Krystal Beasley,2026-08-22,ESPN,https://www.espn.com/wnba/player/bio/_/id/4596309/liatu-king,analysis/role_fulfillment_matrix/data/live_inputs/player_core_2026.csv,e5b1f81f0caf215ee0996544f095f7cfbde50f22f6c81e8519af9eb2fae09c26,2026-08-22,normalized_full_name_exact,Liatu King,MIN,interior_hub_rebounder,interior_finisher_rim_runner,0.7,reviewed,Krystal Beasley,2026-08-22,Reviewed with limited-opportunity safeguard,21.4,44.0,164.0,14.0,2.0,0.0,9.0,5.0,5.0,4.0,3.0,2.0,46.0,90.0,2.0,0.0,4.0,2.0,2.0,0.2375,10.7,0.2682926829268293,3.409090909090909,,11.2,0.625,0.3333333333333333,0.6666666666666666,0.0,0.2222222222222222,0.5555555555555556,3.3333333333333335,3.409090909090909,0.8833333333333333,1.0,81.0,2.0,0.0,0.0,1.0,1.0,0.0,0.0,0.0,0.0,3.0,4.0,0.0,0.0,0.0,0.0,1.0,0.0,0.8833333333333333,0.012345679012345678,0.0,,1.0,1.0,0.0,,0.0,0.0,0.0,0.0,0.0,95.63333333333333,192.0,883.0,40.0,2.0,5.0,26.0,15.0,15.0,8.0,9.0,6.0,203.0,395.0,8.0,2.0,27.0,10.0,11.0,0.15241265842851087,8.693939393939393,0.217440543601359,0.78125,0.4,32.6,0.6134969325153374,0.34615384615384615,0.6666666666666666,0.026041666666666668,0.3076923076923077,0.5769230769230769,5.126582278481013,3.90625,3.0,1.0,43.0,False,False,True,True,False,False,False,True,False,insufficient_recent_sample,insufficient_recent_sample,excluded
1630471,Maya Caldwell,MIN,Guard,G,True,active,1.0,Maya Caldwell,4280850.0,Maya Caldwell,MIN,experience_le_3,1998-12-15T08:00Z,27.0,5.0,False,True,active,reviewed,Krystal Beasley,2026-08-22,ESPN,https://www.espn.com/wnba/player/bio/_/id/4280850/maya-caldwell,analysis/role_fulfillment_matrix/data/live_inputs/player_core_2026.csv,e5b1f81f0caf215ee0996544f095f7cfbde50f22f6c81e8519af9eb2fae09c26,2026-08-22,normalized_full_name_exact,,,,,,,,,,50.96666666666667,106.0,249.0,14.0,4.0,3.0,16.0,6.0,0.0,0.0,4.0,2.0,108.0,214.0,6.0,2.0,13.0,6.0,3.0,0.08153105415864119,16.98888888888889,0.42570281124497994,2.830188679245283,1.3333333333333333,16.0,0.4375,0.25,0.5,0.02830188679245283,0.375,0.0,4.55607476635514,4.245283018867925,9.666666666666666,16.0,81.0,2.0,0.0,0.0,4.0,1.0,0.0,0.0,0.0,0.0,20.0,36.0,2.0,0.0,2.0,0.0,1.0,0.0,9.666666666666666,0.19753086419753085,0.0,,4.0,0.25,0.0,,0.0,0.5,0.0,4.166666666666666,0.0,602.1833333333333,1183.0,3425.0,174.0,44.0,31.0,163.0,61.0,27.0,22.0,34.0,15.0,1207.0,2390.0,81.0,30.0,99.0,37.0,43.0,0.13629596831536686,14.004263565891472,0.3454014598540146,2.789518174133559,1.4193548387096775,174.88,0.497483989021043,0.2085889570552147,0.4411764705882353,0.026204564666103127,0.49693251533742333,0.1656441717791411,3.106694560669456,2.3457311918850383,3.0,1.0,43.0,True,True,False,False,True,True,False,True,True,recent_sample_met,not_age_experience_eligible,excluded
1629483,Napheesa Collier,MIN,Forward,F,True,active,1.0,Napheesa Collier,3917450.0,Napheesa Collier,MIN,experience_le_3,1996-09-23T07:00Z,29.0,8.0,False,True,active,reviewed,Krystal Beasley,2026-08-22,ESPN,https://www.espn.com/wnba/player/bio/_/id/3917450/napheesa-collier,analysis/role_fulfillment_matrix/data/live_inputs/player_core_2026.csv,e5b1f81f0caf215ee0996544f095f7cfbde50f22f6c81e8519af9eb2fae09c26,2026-08-22,normalized_full_name_exact,,,,,,,,,,79.3,164.0,249.0,46.0,5.0,8.0,33.0,20.0,6.0,5.0,16.0,11.0,165.0,329.0,5.0,1.0,15.0,2.0,3.0,0.23183876374666523,26.433333333333334,0.6586345381526104,2.2865853658536586,0.625,35.64,0.6453423120089786,0.48484848484848486,0.6875,0.04878048780487805,0.15151515151515152,0.18181818181818182,3.419452887537994,0.9146341463414634,35.03333333333333,73.0,81.0,17.0,2.0,1.0,15.0,5.0,6.0,5.0,6.0,1.0,72.0,145.0,5.0,2.0,7.0,2.0,1.0,0.0,35.03333333333333,0.9012345679012346,2.054794520547945,2.0,17.64,0.48185941043083896,0.4,0.16666666666666666,0.0136986301369863,0.3333333333333333,0.4,3.6206896551724137,2.054794520547945,443.8833333333333,882.0,1192.0,262.0,38.0,34.0,194.0,99.0,49.0,42.0,60.0,37.0,890.0,1772.0,50.0,22.0,103.0,17.0,15.0,0.15693334274627638,29.592222222222222,0.7399328859060402,3.231292517006803,1.1176470588235294,215.56,0.6077194284653925,0.30927835051546393,0.6166666666666667,0.03854875283446712,0.25773195876288657,0.25257731958762886,4.359480812641084,1.445578231292517,3.0,1.0,43.0,True,True,False,False,True,True,False,True,True,recent_sample_met,not_age_experience_eligible,excluded
203827,Natasha Howard,MIN,Forward,F,True,active,1.0,Natasha Howard,2529130.0,Natasha Howard,MIN,experience_le_3,1991-09-02T07:00Z,34.0,13.0,False,True,active,reviewed,Krystal Beasley,2026-08-22,ESPN,https://www.espn.com/wnba/player/bio/_/id/2529130/natasha-howard,analysis/role_fulfillment_matrix/data/live_inputs/player_core_2026.csv,e5b1f81f0caf215ee0996544f095f7cfbde50f22f6c81e8519af9eb2fae09c26,2026-08-22,normalized_full_name_exact,,,,,,,,,,55.166666666666664,115.0,249.0,35.0,8.0,6.0,21.0,14.0,9.0,7.0,18.0,13.0,112.0,227.0,0.0,0.0,19.0,10.0,3.0,0.10883391345053166,18.38888888888889,0.46184738955823296,5.217391304347826,1.3333333333333333,24.96,0.7011217948717948,0.8571428571428571,0.7222222222222222,0.05217391304347826,0.0,0.42857142857142855,6.277533039647577,6.521739130434782,30.583333333333332,63.0,81.0,9.0,7.0,4.0,6.0,3.0,4.0,3.0,5.0,3.0,65.0,128.0,1.0,0.0,7.0,3.0,1.0,0.0,30.583333333333332,0.7777777777777778,8.333333333333332,1.75,7.76,0.5798969072164949,0.8333333333333334,0.6,0.06349206349206349,0.16666666666666666,0.6666666666666666,4.1015625,3.571428571428571,1228.7666666666667,2455.0,3425.0,630.0,142.0,109.0,434.0,257.0,157.0,113.0,282.0,191.0,2475.0,4930.0,16.0,3.0,328.0,145.0,43.0,0.12805598179763902,28.57596899224806,0.7167883211678832,4.338085539714868,1.3027522935779816,503.08,0.6261429593702791,0.6497695852534562,0.6773049645390071,0.04439918533604888,0.03686635944700461,0.3617511520737327,4.9898580121703855,4.429735234215886,3.0,1.0,43.0,True,True,False,False,True,True,False,True,True,recent_sample_met,not_age_experience_eligible,excluded
1628269,Nia Coffey,MIN,Forward,F,True,active,1.0,Nia Coffey,3054590.0,Nia Coffey,MIN,experience_le_3,1995-06-11T07:00Z,31.0,10.0,False,True,active,reviewed,Krystal Beasley,2026-08-22,ESPN,https://www.espn.com/wnba/player/bio/_/id/3054590/nia-coffey,analysis/role_fulfillment_matrix/data/live_inputs/player_core_2026.csv,e5b1f81f0caf215ee0996544f095f7cfbde50f22f6c81e8519af9eb2fae09c26,2026-08-22,normalized_full_name_exact,,,,,,,,,,49.483333333333334,101.0,249.0,8.0,5.0,1.0,13.0,2.0,2.0,2.0,2.0,0.0,105.0,206.0,9.0,2.0,5.0,4.0,3.0,0.06491354478064973,16.494444444444444,0.40562248995983935,3.712871287128713,5.0,13.88,0.2881844380403458,0.15384615384615385,0.0,0.009900990099009901,0.6923076923076923,0.15384615384615385,1.8203883495145632,2.9702970297029703,17.866666666666667,36.0,81.0,0.0,1.0,0.0,0.0,0.0,0.0,0.0,0.0,0.0,38.0,74.0,0.0,0.0,4.0,0.0,1.0,0.0,17.866666666666667,0.4444444444444444,2.083333333333333,,0.0,,,,0.0,,,4.054054054054054,0.0,967.9166666666666,1921.0,3425.0,264.0,75.0,29.0,230.0,99.0,24.0,14.0,56.0,34.0,1945.0,3866.0,138.0,52.0,182.0,38.0,43.0,0.1849570131244985,22.509689922480618,0.5608759124087591,2.928162415408641,2.586206896551724,240.56,0.5487196541403392,0.24347826086956523,0.6071428571428571,0.015096304008328995,0.6,0.10434782608695652,3.5307811691670974,1.4836022904737116,3.0,1.0,43.0,True,True,False,False,True,True,False,True,True,recent_sample_met,not_age_experience_eligible,excluded
1629479,Teaira McCowan,MIN,Center,C,False,free-agent,1.0,Teaira McCowan,3913903.0,Teaira McCowan,MIN,experience_le_3,1996-09-28T07:00Z,29.0,6.0,False,False,free-agent,reviewed,Krystal Beasley,2026-08-22,ESPN,https://www.espn.com/wnba/player/bio/_/id/3913903/teaira-mccowan,analysis/role_fulfillment_matrix/data/live_inputs/player_core_2026.csv,e5b1f81f0caf215ee0996544f095f7cfbde50f22f6c81e8519af9eb2fae09c26,2026-08-22,normalized_full_name_exact,,,,,,,,,,,,,,,,,,,,,,,,,,,,,,,,,,,,,,,,,,,,,,,,,,,,,,,,,,,,,,,,,,,,,,,,,,,,68.33333333333333,133.0,806.0,14.0,3.0,6.0,15.0,7.0,3.0,0.0,7.0,5.0,131.0,264.0,0.0,0.0,24.0,5.0,10.0,0.09031688853972113,6.833333333333333,0.16501240694789082,1.6917293233082706,0.5,16.32,0.42892156862745096,0.4666666666666667,0.7142857142857143,0.045112781954887216,0.0,0.2,6.818181818181818,2.819548872180451,3.0,1.0,43.0,False,False,True,True,False,False,False,False,False,insufficient_recent_sample,not_age_experience_eligible,excluded
1643832,Aminata Gueye,GSV,Center,C,True,active,2.0,Aminata Gueye,5447776.0,Aminata Gueye,GSV,experience_le_3,2002-07-10T07:00Z,24.0,0.0,True,True,active,reviewed,Krystal Beasley,2026-09-28,ESPN,https://www.espn.com/wnba/player/bio/_/id/5447776/aminata-gueye,analysis/role_fulfillment_matrix/data/live_inputs/player_core_2026.csv,1d772aeb9c1b11313a0ca2706597c84451f546761f3b3dabbadebcd4874f6209,2026-09-28,normalized_full_name_exact,Aminata Gueye,GSV,interior_hub_rebounder,interior_finisher_rim_runner,0.2,reviewed,Krystal Beasley,2026-09-29,Reviewed with limited-sample safeguard; live score deferred until sample grows,,,,,,,,,,,,,,,,,,,,,,,,,,,,,,,,,,,,,,,,,,,,,,,,,,,,,,,,,,,,,,,,,,,,,,,,,,,,,,,,,,,,,,,,,,,,,,,,,,,,,,,False,False,True,True,False,False,False,True,False,insufficient_recent_sample,insufficient_recent_sample,excluded
1641695,Ashten Prechtel,GSV,Forward,F,True,active,2.0,Ashten Prechtel,4433634.0,Ashten Prechtel,GSV,experience_le_3,2001-05-11T07:00Z,25.0,0.0,True,True,active,reviewed,Krystal Beasley,2026-08-22,ESPN,https://www.espn.com/wnba/player/bio/_/id/4433634/ashten-prechtel,analysis/role_fulfillment_matrix/data/live_inputs/player_core_2026.csv,e5b1f81f0caf215ee0996544f095f7cfbde50f22f6c81e8519af9eb2fae09c26,2026-08-22,normalized_full_name_exact,Ashten Prechtel,GSV,perimeter_scorer_spacer,interior_hub_rebounder,0.55,reviewed,Krystal Beasley,2026-08-22,Reviewed with insufficient-evidence safeguard,3.6333333333333333,8.0,78.0,0.0,0.0,0.0,1.0,0.0,0.0,0.0,0.0,0.0,7.0,15.0,1.0,0.0,1.0,0.0,1.0,0.0,3.6333333333333333,0.10256410256410256,0.0,,1.0,0.0,0.0,,0.0,1.0,0.0,5.0,0.0,16.85,31.0,216.0,3.0,1.0,4.0,3.0,1.0,0.0,0.0,0.0,0.0,34.0,65.0,2.0,1.0,6.0,0.0,3.0,0.08160905417990237,5.616666666666667,0.14351851851851852,2.4193548387096775,0.25,3.0,0.5,0.0,,0.12903225806451613,0.6666666666666666,0.0,6.923076923076923,0.0,43.43333333333333,85.0,451.0,11.0,3.0,7.0,9.0,3.0,3.0,3.0,1.0,1.0,87.0,172.0,6.0,2.0,11.0,2.0,6.0,0.1317572107749933,7.238888888888888,0.188470066518847,2.6470588235294117,0.42857142857142855,10.32,0.5329457364341085,0.1111111111111111,1.0,0.08235294117647059,0.6666666666666666,0.3333333333333333,4.796511627906977,1.7647058823529411,3.0,3.0,43.0,False,False,True,True,False,False,False,True,False,insufficient_recent_sample,insufficient_recent_sample,excluded
1628508,Cecilia Zandalasini,GSV,Forward,F,True,active,2.0,Cecilia Zandalasini,4257500.0,Cecilia Zandalasini,GSV,experience_le_3,1996-03-16T08:00Z,30.0,5.0,False,True,active,reviewed,Krystal Beasley,2026-08-22,ESPN,https://www.espn.com/wnba/player/bio/_/id/4257500/cecilia-zandalasini,analysis/role_fulfillment_matrix/data/live_inputs/player_core_2026.csv,e5b1f81f0caf215ee0996544f095f7cfbde50f22f6c81e8519af9eb2fae09c26,2026-08-22,normalized_full_name_exact,,,,,,,,,,18.066666666666666,34.0,82.0,7.0,2.0,2.0,2.0,1.0,5.0,4.0,0.0,0.0,33.0,67.0,2.0,1.0,2.0,0.0,1.0,0.0,18.066666666666666,0.4146341463414634,4.411764705882353,1.0,4.2,0.8333333333333333,0.0,,0.058823529411764705,1.0,2.5,2.2388059701492535,0.0,42.05,71.0,143.0,27.0,4.0,2.0,23.0,10.0,3.0,3.0,1.0,1.0,72.0,143.0,12.0,4.0,7.0,1.0,2.0,0.23443008225616915,21.025,0.4965034965034965,4.225352112676056,2.0,24.32,0.5550986842105263,0.043478260869565216,1.0,0.028169014084507043,0.5217391304347826,0.13043478260869565,3.6713286713286712,1.056338028169014,687.8666666666667,1263.0,2677.0,316.0,64.0,50.0,289.0,115.0,46.0,38.0,16.0,7.0,1262.0,2525.0,146.0,48.0,78.0,11.0,36.0,0.1452457152218515,19.107407407407408,0.4717967874486365,3.8004750593824226,1.28,309.24,0.5109300219893933,0.05536332179930796,0.4375,0.0395882818685669,0.5051903114186851,0.15916955017301038,2.3168316831683167,0.653206650831354,3.0,3.0,43.0,False,False,True,True,True,False,False,True,False,season_volume_met_recent_sample_insufficient,not_age_experience_eligible,excluded
1628931,Gabby Williams,GSV,Forward,F,True,active,2.0,Gabby Williams,3142328.0,Gabby Williams,GSV,experience_le_3,1996-09-09T07:00Z,29.0,8.0,False,True,active,reviewed,Krystal Beasley,2026-08-22,ESPN,https://www.espn.com/wnba/player/bio/_/id/3142328/gabby-williams,analysis/role_fulfillment_matrix/data/live_inputs/player_core_2026.csv,e5b1f81f0caf215ee0996544f095f7cfbde50f22f6c81e8519af9eb2fae09c26,2026-08-22,normalized_full_name_exact,,,,,,,,,,40.666666666666664,76.0,82.0,17.0,4.0,0.0,19.0,6.0,4.0,4.0,1.0,1.0,75.0,151.0,8.0,1.0,4.0,1.0,1.0,0.0,40.666666666666664,0.926829268292683,3.9473684210526314,,20.76,0.40944123314065506,0.05263157894736842,1.0,0.0,0.42105263157894735,0.21052631578947367,1.9867549668874172,0.9868421052631579,39.05,70.0,143.0,25.0,6.0,1.0,22.0,9.0,2.0,1.0,3.0,2.0,68.0,138.0,11.0,6.0,6.0,0.0,2.0,0.10115550332941636,19.525,0.48951048951048953,6.428571428571429,6.0,22.88,0.5463286713286714,0.13636363636363635,0.6666666666666666,0.014285714285714285,0.5,0.09090909090909091,3.260869565217391,0.0,957.4,1782.0,2833.0,546.0,85.0,58.0,486.0,196.0,121.0,89.0,81.0,48.0,1807.0,3589.0,193.0,65.0,126.0,25.0,38.0,0.13735176908354904,25.19473684210526,0.6290151782562654,3.5774410774410774,1.4655172413793103,539.24,0.506268081002893,0.16666666666666666,0.5925925925925926,0.03254769921436588,0.39711934156378603,0.24897119341563786,2.633045416550571,1.0521885521885521,3.0,3.0,43.0,False,False,True,True,True,False,False,True,False,season_volume_met_recent_sample_insufficient,not_age_experience_eligible,excluded
espn:4790263,Iliana Rupert,GSV,Center,C,True,active,2.0,Iliana Rupert,4790263.0,Iliana Rupert,GSV,experience_le_3,2001-07-12T07:00Z,25.0,4.0,False,True,active,reviewed,Krystal Beasley,2026-08-23,ESPN,https://www.espn.com/wnba/player/bio/_/id/4790263/iliana-rupert,analysis/role_fulfillment_matrix/data/live_inputs/player_core_2026.csv,e5b1f81f0caf215ee0996544f095f7cfbde50f22f6c81e8519af9eb2fae09c26,2026-08-22,espn_roster_identity_no_pbpstats_record,,,,,,,,,,,,,,,,,,,,,,,,,,,,,,,,,,,,,,,,,,,,,,,,,,,,,,,,,,,,,,,,,,,,,,,,,,,,,,,,,,,,,,,,,,,,,,,,,,,,,,,,,,,,,,,,False,False,True,True,False,False,False,True,False,insufficient_recent_sample,not_age_experience_eligible,excluded
1642794,Juste Jocyte,GSV,Guard,G,True,active,2.0,Juste Jocyte,5277552.0,Juste Jocyte,GSV,experience_le_3,2005-11-19T08:00Z,20.0,0.0,True,True,active,reviewed,Krystal Beasley,2026-08-22,ESPN,https://www.espn.com/wnba/player/bio/_/id/5277552/juste-jocyte,analysis/role_fulfillment_matrix/data/live_inputs/player_core_2026.csv,e5b1f81f0caf215ee0996544f095f7cfbde50f22f6c81e8519af9eb2fae09c26,2026-08-22,normalized_full_name_exact,Juste Jocyte,GSV,perimeter_scorer_spacer,secondary_creator_connector,0.7,reviewed,Krystal Beasley,2026-08-22,Reviewed with recent-sample safeguard,30.75,56.0,150.0,20.0,5.0,2.0,13.0,7.0,0.0,0.0,1.0,0.0,56.0,112.0,9.0,6.0,5.0,3.0,2.0,0.03846153846153848,15.375,0.37333333333333335,6.696428571428571,2.5,13.0,0.7692307692307693,0.07692307692307693,0.0,0.03571428571428571,0.6923076923076923,0.0,3.3482142857142856,4.017857142857142,36.91666666666667,66.0,216.0,4.0,5.0,2.0,7.0,2.0,0.0,0.0,1.0,1.0,72.0,138.0,3.0,0.0,2.0,1.0,3.0,0.2010515139408389,12.305555555555557,0.3055555555555556,5.681818181818182,2.5,7.0,0.2857142857142857,0.14285714285714285,1.0,0.030303030303030304,0.42857142857142855,0.0,1.0869565217391304,1.1363636363636365,129.15,247.0,1184.0,50.0,17.0,11.0,46.0,17.0,6.0,5.0,5.0,2.0,261.0,508.0,26.0,11.0,12.0,4.0,16.0,0.15877417224300347,8.071875,0.20861486486486486,5.161943319838056,1.5454545454545454,48.64,0.5139802631578947,0.10869565217391304,0.4,0.044534412955465584,0.5652173913043478,0.13043478260869565,1.7716535433070866,1.214574898785425,3.0,3.0,43.0,False,False,True,True,False,False,False,True,False,insufficient_recent_sample,insufficient_recent_sample,excluded
1630097,Kaila Charles,GSV,Guard,G,True,active,2.0,Kaila Charles,4065780.0,Kaila Charles,GSV,experience_le_3,1998-03-23T08:00Z,28.0,6.0,False,True,active,reviewed,Krystal Beasley,2026-08-22,ESPN,https://www.espn.com/wnba/player/bio/_/id/4065780/kaila-charles,analysis/role_fulfillment_matrix/data/live_inputs/player_core_2026.csv,e5b1f81f0caf215ee0996544f095f7cfbde50f22f6c81e8519af9eb2fae09c26,2026-08-22,normalized_full_name_exact,,,,,,,,,,80.78333333333333,150.0,232.0,29.0,5.0,4.0,35.0,13.0,2.0,1.0,9.0,4.0,154.0,304.0,9.0,2.0,24.0,7.0,3.0,0.07159052542239978,26.927777777777777,0.646551724137931,2.5,1.25,35.88,0.40412486064659975,0.2571428571428571,0.4444444444444444,0.02666666666666667,0.2571428571428571,0.05714285714285714,5.921052631578947,3.5,66.7,120.0,216.0,31.0,7.0,4.0,20.0,11.0,10.0,8.0,3.0,2.0,121.0,241.0,6.0,1.0,21.0,2.0,3.0,0.14206587149196664,22.233333333333334,0.5555555555555556,4.375,1.75,24.4,0.6352459016393442,0.15,0.6666666666666666,0.03333333333333333,0.3,0.5,6.535269709543568,1.25,866.9,1595.0,3205.0,275.0,60.0,43.0,254.0,104.0,52.0,40.0,65.0,39.0,1631.0,3226.0,98.0,27.0,201.0,68.0,43.0,0.14368367582222488,20.16046511627907,0.49765990639625585,2.8213166144200628,1.3953488372093024,276.88,0.49660502744871426,0.2559055118110236,0.6,0.026959247648902823,0.3858267716535433,0.2047244094488189,4.67296962182269,3.1974921630094046,3.0,3.0,43.0,True,True,False,False,True,True,False,True,True,recent_sample_met,not_age_experience_eligible,excluded
203866,Kayla Thornton,GSV,Forward,F,True,active,2.0,Kayla Thornton,2529622.0,Kayla Thornton,GSV,experience_le_3,1992-10-20T07:00Z,33.0,11.0,False,True,active,reviewed,Krystal Beasley,2026-08-22,ESPN,https://www.espn.com/wnba/player/bio/_/id/2529622/kayla-thornton,analysis/role_fulfillment_matrix/data/live_inputs/player_core_2026.csv,e5b1f81f0caf215ee0996544f095f7cfbde50f22f6c81e8519af9eb2fae09c26,2026-08-22,normalized_full_name_exact,,,,,,,,,,81.31666666666666,152.0,232.0,24.0,2.0,3.0,24.0,8.0,5.0,3.0,2.0,2.0,156.0,308.0,16.0,5.0,17.0,4.0,3.0,0.07609625517492369,27.105555555555554,0.6551724137931034,0.9868421052631579,0.6666666666666666,26.2,0.4580152671755725,0.08333333333333333,1.0,0.019736842105263157,0.6666666666666666,0.20833333333333334,4.1396103896103895,1.9736842105263157,63.18333333333334,114.0,216.0,20.0,2.0,0.0,13.0,6.0,4.0,4.0,1.0,0.0,115.0,229.0,6.0,4.0,8.0,3.0,3.0,0.0688505061830994,21.061111111111114,0.5277777777777778,1.3157894736842104,,14.76,0.6775067750677507,0.07692307692307693,0.0,0.0,0.46153846153846156,0.3076923076923077,2.6200873362445414,1.9736842105263157,1044.7333333333333,1940.0,3205.0,337.0,30.0,28.0,299.0,109.0,59.0,53.0,42.0,26.0,1960.0,3900.0,187.0,66.0,196.0,56.0,43.0,0.15471051026449192,24.296124031007754,0.6053042121684867,1.1597938144329898,1.0714285714285714,324.96,0.5185253569670114,0.14046822742474915,0.6190476190476191,0.01443298969072165,0.6254180602006689,0.19732441471571907,3.769230769230769,2.1649484536082477,3.0,3.0,43.0,True,True,False,False,True,True,False,True,True,recent_sample_met,not_age_experience_eligible,excluded
204329,Kiah Stokes,GSV,Center,C,True,active,2.0,Kiah Stokes,2590093.0,Kiah Stokes,GSV,experience_le_3,1993-03-30T08:00Z,33.0,11.0,False,True,active,reviewed,Krystal Beasley,2026-08-22,ESPN,https://www.espn.com/wnba/player/bio/_/id/2590093/kiah-stokes,analysis/role_fulfillment_matrix/data/live_inputs/player_core_2026.csv,e5b1f81f0caf215ee0996544f095f7cfbde50f22f6c81e8519af9eb2fae09c26,2026-08-22,normalized_full_name_exact,,,,,,,,,,70.1,127.0,232.0,7.0,4.0,3.0,10.0,3.0,4.0,1.0,0.0,0.0,130.0,257.0,4.0,0.0,25.0,6.0,3.0,0.16743125138044096,23.366666666666664,0.5474137931034483,2.3622047244094486,1.3333333333333333,11.76,0.2976190476190476,0.0,,0.023622047244094488,0.4,0.4,7.2957198443579765,3.543307086614173,51.31666666666667,89.0,216.0,9.0,5.0,2.0,8.0,4.0,0.0,0.0,1.0,1.0,90.0,179.0,5.0,1.0,16.0,3.0,3.0,0.16768253066279953,17.105555555555558,0.41203703703703703,4.213483146067416,2.5,8.0,0.5625,0.125,1.0,0.02247191011235955,0.625,0.0,6.70391061452514,2.528089887640449,924.9166666666666,1693.0,3127.0,147.0,52.0,22.0,141.0,60.0,19.0,8.0,37.0,27.0,1707.0,3400.0,68.0,19.0,236.0,49.0,42.0,0.13153633189925798,22.021825396825395,0.5414134953629677,2.303603071470762,2.3636363636363638,149.36,0.49209962506695226,0.2624113475177305,0.7297297297297297,0.01299468399291199,0.48226950354609927,0.1347517730496454,5.205882352941177,2.1707028942705255,3.0,3.0,43.0,True,True,False,False,True,True,False,True,True,recent_sample_met,not_age_experience_eligible,excluded
1641656,Laeticia Amihere,GSV,Forward,F,True,active,2.0,Laeticia Amihere,4432834.0,Laeticia Amihere,GSV,experience_le_3,2001-07-10T07:00Z,25.0,4.0,False,True,active,reviewed,Krystal Beasley,2026-08-22,ESPN,https://www.espn.com/wnba/player/bio/_/id/4432834/laeticia-amihere,analysis/role_fulfillment_matrix/data/live_inputs/player_core_2026.csv,e5b1f81f0caf215ee0996544f095f7cfbde50f22f6c81e8519af9eb2fae09c26,2026-08-22,normalized_full_name_exact,,,,,,,,,,47.9,87.0,232.0,33.0,4.0,1.0,19.0,11.0,12.0,9.0,6.0,5.0,87.0,174.0,4.0,2.0,8.0,3.0,3.0,0.1946037328283049,15.966666666666667,0.375,3.4482758620689653,4.0,24.28,0.6795716639209225,0.3157894736842105,0.8333333333333334,0.011494252873563218,0.21052631578947367,0.631578947368421,3.4482758620689653,2.586206896551724,40.96666666666667,76.0,216.0,12.0,2.0,4.0,9.0,6.0,0.0,0.0,6.0,6.0,82.0,158.0,2.0,0.0,5.0,1.0,3.0,0.21778454814083242,13.655555555555557,0.35185185185185186,1.9736842105263157,0.5,9.0,0.6666666666666666,0.6666666666666666,1.0,0.05263157894736842,0.2222222222222222,0.0,2.3734177215189876,0.9868421052631579,450.6333333333333,837.0,2837.0,152.0,38.0,29.0,112.0,56.0,57.0,33.0,62.0,40.0,865.0,1702.0,17.0,7.0,116.0,46.0,38.0,0.1561626913051691,11.858771929824561,0.2950299612266479,3.405017921146954,1.3103448275862069,137.08,0.5544207761890866,0.5535714285714286,0.6451612903225806,0.03464755077658303,0.15178571428571427,0.5089285714285714,5.111633372502937,4.121863799283155,3.0,3.0,43.0,True,False,False,True,True,False,False,True,False,season_volume_met_recent_sample_insufficient,not_age_experience_eligible,excluded
1631039,Miela Sowah,GSV,Guard,G,True,active,2.0,Miela Sowah,4398577.0,Miela Sowah,GSV,experience_le_3,2000-06-04T07:00Z,26.0,0.0,True,True,active,reviewed,Krystal Beasley,2026-08-22,ESPN,https://www.espn.com/wnba/player/bio/_/id/4398577/miela-sowah,analysis/role_fulfillment_matrix/data/live_inputs/player_core_2026.csv,e5b1f81f0caf215ee0996544f095f7cfbde50f22f6c81e8519af9eb2fae09c26,2026-08-22,normalized_full_name_exact,Miela Sowah,GSV,perimeter_scorer_spacer,,0.3,reviewed,Krystal Beasley,2026-08-22,Reviewed low-confidence hypothesis with score suppressed,3.6333333333333333,8.0,78.0,0.0,0.0,2.0,1.0,0.0,0.0,0.0,0.0,0.0,7.0,15.0,1.0,0.0,0.0,0.0,1.0,0.0,3.6333333333333333,0.10256410256410256,0.0,0.0,1.0,0.0,0.0,,0.25,1.0,0.0,0.0,0.0,13.566666666666666,25.0,216.0,2.0,0.0,2.0,6.0,1.0,0.0,0.0,1.0,1.0,29.0,54.0,4.0,0.0,5.0,1.0,3.0,0.06625566811947649,4.522222222222222,0.11574074074074074,0.0,0.0,6.0,0.16666666666666666,0.16666666666666666,1.0,0.08,0.6666666666666666,0.0,6.944444444444444,3.0,23.683333333333334,46.0,514.0,2.0,0.0,4.0,10.0,1.0,0.0,0.0,1.0,1.0,53.0,99.0,8.0,0.0,5.0,1.0,7.0,0.054754744680864234,3.3833333333333333,0.08949416342412451,0.0,0.0,10.0,0.1,0.1,1.0,0.08695652173913043,0.8,0.0,3.7878787878787876,1.6304347826086956,3.0,3.0,43.0,False,False,True,True,False,False,False,True,False,insufficient_recent_sample,insufficient_recent_sample,excluded
1643686,Nadia Fingall,GSV,Center,C,True,active,2.0,Nadia Fingall,4066546.0,Nadia Fingall,GSV,experience_le_3,1998-08-12T07:00Z,28.0,0.0,True,True,active,reviewed,Krystal Beasley,2026-08-22,ESPN,https://www.espn.com/wnba/player/bio/_/id/4066546/nadia-fingall,analysis/role_fulfillment_matrix/data/live_inputs/player_core_2026.csv,e5b1f81f0caf215ee0996544f095f7cfbde50f22f6c81e8519af9eb2fae09c26,2026-08-22,normalized_full_name_exact,Nadia Fingall,GSV,interior_finisher_rim_runner,interior_hub_rebounder,0.3,reviewed,Krystal Beasley,2026-08-22,Reviewed low-confidence hypothesis with score suppressed,3.6333333333333333,8.0,78.0,0.0,0.0,0.0,0.0,0.0,0.0,0.0,0.0,0.0,7.0,15.0,0.0,0.0,0.0,0.0,1.0,0.0,3.6333333333333333,0.10256410256410256,0.0,,0.0,,,,0.0,,,0.0,0.0,15.35,28.0,216.0,6.0,1.0,1.0,4.0,2.0,2.0,2.0,2.0,2.0,31.0,59.0,2.0,0.0,4.0,2.0,3.0,0.08456814401676312,5.116666666666666,0.12962962962962962,2.6785714285714284,1.0,4.88,0.6147540983606558,0.5,1.0,0.03571428571428571,0.5,0.5,5.084745762711864,5.357142857142857,32.083333333333336,60.0,729.0,11.0,2.0,1.0,6.0,4.0,2.0,2.0,2.0,2.0,71.0,131.0,3.0,1.0,5.0,3.0,10.0,0.06027208180533301,3.2083333333333335,0.0823045267489712,2.5,2.0,6.88,0.7994186046511628,0.3333333333333333,1.0,0.016666666666666666,0.5,0.3333333333333333,2.8625954198473282,3.75,3.0,3.0,43.0,False,False,True,True,False,False,False,True,False,insufficient_recent_sample,insufficient_recent_sample,excluded
1643479,Ndjakalenga Mwenentanda,GSV,Guard,G,False,free-agent,2.0,Ndjakalenga Mwenentanda,5106170.0,Ndjakalenga Mwenentanda,GSV,experience_le_3,2003-11-24T08:00Z,22.0,0.0,True,False,free-agent,reviewed,Krystal Beasley,2026-08-22,ESPN,https://www.espn.com/wnba/player/bio/_/id/5106170/ndjakalenga-mwenentanda,analysis/role_fulfillment_matrix/data/live_inputs/player_core_2026.csv,e5b1f81f0caf215ee0996544f095f7cfbde50f22f6c81e8519af9eb2fae09c26,2026-08-22,normalized_full_name_exact,,,,,,,,,,,,,,,,,,,,,,,,,,,,,,,,,,,,,,,,,,,,,,,,,,,,,,,,,,,,,,,,,,,,,,,,,,,,12.9,29.0,380.0,0.0,2.0,1.0,1.0,0.0,0.0,0.0,0.0,0.0,36.0,65.0,1.0,0.0,2.0,1.0,5.0,0.05509710184875458,2.58,0.07631578947368421,5.172413793103448,2.0,1.0,0.0,0.0,,0.034482758620689655,1.0,0.0,2.307692307692308,2.586206896551724,3.0,3.0,43.0,False,False,True,True,False,False,False,False,False,insufficient_recent_sample,not_currently_rostered,excluded
203026,Tiffany Hayes,GSV,Guard,G,True,active,2.0,Tiffany Hayes,1054.0,Tiffany Hayes,GSV,experience_le_3,1989-09-20T07:00Z,36.0,14.0,False,True,active,reviewed,Krystal Beasley,2026-08-22,ESPN,https://www.espn.com/wnba/player/bio/_/id/1054/tiffany-hayes,analysis/role_fulfillment_matrix/data/live_inputs/player_core_2026.csv,e5b1f81f0caf215ee0996544f095f7cfbde50f22f6c81e8519af9eb2fae09c26,2026-08-22,normalized_full_name_exact,,,,,,,,,,69.9,129.0,232.0,33.0,16.0,6.0,29.0,13.0,10.0,5.0,4.0,4.0,130.0,259.0,11.0,2.0,5.0,1.0,3.0,0.06807144324547035,23.3,0.5560344827586207,9.30232558139535,2.6666666666666665,33.4,0.4940119760479042,0.13793103448275862,1.0,0.046511627906976744,0.3793103448275862,0.3448275862068966,1.4478764478764479,0.5813953488372093,37.31666666666666,70.0,216.0,35.0,3.0,3.0,20.0,12.0,8.0,7.0,3.0,2.0,69.0,139.0,8.0,4.0,8.0,1.0,3.0,0.17579943696522488,12.438888888888888,0.32407407407407407,3.2142857142857144,1.0,23.52,0.7440476190476191,0.15,0.6666666666666666,0.04285714285714286,0.4,0.4,4.316546762589928,1.0714285714285714,700.35,1310.0,3056.0,373.0,107.0,49.0,268.0,124.0,126.0,99.0,84.0,55.0,1312.0,2622.0,91.0,26.0,84.0,22.0,41.0,0.15599381157059272,17.08170731707317,0.4286649214659686,6.125954198473282,2.183673469387755,323.44,0.5766139005688845,0.31343283582089554,0.6547619047619048,0.03740458015267176,0.33955223880597013,0.4701492537313433,2.402745995423341,1.2595419847328244,3.0,3.0,43.0,True,True,False,False,True,True,False,True,True,recent_sample_met,not_age_experience_eligible,excluded
1631007,Veronica Burton,GSV,Guard,G,True,active,2.0,Veronica Burton,4398935.0,Veronica Burton,GSV,experience_le_3,2000-07-12T07:00Z,26.0,5.0,False,True,active,reviewed,Krystal Beasley,2026-08-22,ESPN,https://www.espn.com/wnba/player/bio/_/id/4398935/veronica-burton,analysis/role_fulfillment_matrix/data/live_inputs/player_core_2026.csv,e5b1f81f0caf215ee0996544f095f7cfbde50f22f6c81e8519af9eb2fae09c26,2026-08-22,normalized_full_name_exact,,,,,,,,,,92.36666666666667,174.0,232.0,26.0,15.0,7.0,20.0,5.0,14.0,13.0,1.0,0.0,174.0,348.0,11.0,3.0,15.0,2.0,3.0,0.06638875026224311,30.78888888888889,0.75,6.4655172413793105,2.142857142857143,26.16,0.4969418960244648,0.05,0.0,0.040229885057471264,0.55,0.7,3.2327586206896552,0.8620689655172413,76.15,138.0,216.0,31.0,26.0,1.0,25.0,11.0,7.0,6.0,7.0,5.0,137.0,275.0,11.0,3.0,11.0,3.0,3.0,0.09426066691698934,25.383333333333336,0.6388888888888888,14.130434782608695,26.0,28.08,0.551994301994302,0.28,0.7142857142857143,0.007246376811594203,0.44,0.28,3.0,1.6304347826086956,1229.5833333333333,2271.0,3205.0,519.0,247.0,63.0,393.0,166.0,153.0,127.0,76.0,49.0,2287.0,4558.0,168.0,60.0,157.0,49.0,43.0,0.12890852868853206,28.594961240310077,0.7085803432137285,8.157199471598414,3.9206349206349205,460.32,0.5637382690302398,0.19338422391857507,0.6447368421052632,0.02774108322324967,0.42748091603053434,0.3893129770992366,2.583369899078543,1.6182298546895642,3.0,3.0,43.0,True,True,False,False,True,True,False,True,True,recent_sample_met,not_age_experience_eligible,excluded
1628932,A'ja Wilson,LVA,Center,C,True,active,3.0,A'ja Wilson,3149391.0,A'ja Wilson,LVA,experience_le_3,1996-08-08T07:00Z,30.0,9.0,False,True,active,reviewed,Krystal Beasley,2026-08-22,ESPN,https://www.espn.com/wnba/player/bio/_/id/3149391/aja-wilson,analysis/role_fulfillment_matrix/data/live_inputs/player_core_2026.csv,e5b1f81f0caf215ee0996544f095f7cfbde50f22f6c81e8519af9eb2fae09c26,2026-08-22,normalized_full_name_exact,,,,,,,,,,91.1,187.0,246.0,77.0,11.0,5.0,41.0,23.0,32.0,29.0,16.0,11.0,188.0,375.0,3.0,2.0,25.0,5.0,3.0,0.032941639462449934,30.366666666666664,0.7601626016260162,4.411764705882353,2.2,55.08,0.6989832970225127,0.3902439024390244,0.6875,0.026737967914438502,0.07317073170731707,0.7804878048780488,5.0,2.0053475935828877,30.45,61.0,79.0,27.0,2.0,2.0,17.0,10.0,8.0,7.0,2.0,2.0,61.0,122.0,2.0,0.0,8.0,2.0,1.0,0.0,30.45,0.7721518987341772,2.459016393442623,1.0,20.52,0.6578947368421053,0.11764705882352941,1.0,0.03278688524590164,0.11764705882352941,0.47058823529411764,4.918032786885246,2.459016393442623,1276.2666666666667,2552.0,3195.0,1039.0,128.0,96.0,689.0,362.0,322.0,278.0,162.0,117.0,2562.0,5114.0,91.0,37.0,374.0,72.0,40.0,0.09189044765389055,31.906666666666666,0.7987480438184663,3.7617554858934166,1.3333333333333333,830.6800000000001,0.6253912457263928,0.2351233671988389,0.7222222222222222,0.03761755485893417,0.1320754716981132,0.46734397677793904,5.4849432929213915,2.115987460815047,3.0,1.0,43.0,True,True,False,False,True,True,False,True,True,recent_sample_met,not_age_experience_eligible,excluded
1629488,Brianna Turner,LVA,Forward,F,True,active,3.0,Brianna Turner,3142086.0,Brianna Turner,LVA,experience_le_3,1996-07-05T07:00Z,30.0,8.0,False,True,active,reviewed,Krystal Beasley,2026-08-22,ESPN,https://www.espn.com/wnba/player/bio/_/id/3142086/brianna-turner,analysis/role_fulfillment_matrix/data/live_inputs/player_core_2026.csv,e5b1f81f0caf215ee0996544f095f7cfbde50f22f6c81e8519af9eb2fae09c26,2026-08-22,normalized_full_name_exact,,,,,,,,,,51.516666666666666,108.0,246.0,2.0,1.0,2.0,4.0,1.0,0.0,0.0,3.0,1.0,107.0,215.0,0.0,0.0,6.0,0.0,3.0,0.056086670875141215,17.17222222222222,0.43902439024390244,0.6944444444444444,0.5,4.0,0.25,0.75,0.3333333333333333,0.018518518518518517,0.0,0.0,2.0930232558139537,0.0,18.566666666666666,38.0,79.0,4.0,0.0,0.0,6.0,2.0,0.0,0.0,6.0,2.0,38.0,76.0,0.0,0.0,5.0,1.0,1.0,0.0,18.566666666666666,0.4810126582278481,0.0,,6.0,0.3333333333333333,1.0,0.3333333333333333,0.0,0.0,0.0,4.934210526315789,1.9736842105263157,529.8333333333334,1042.0,3193.0,64.0,9.0,25.0,55.0,31.0,2.0,2.0,39.0,25.0,1089.0,2131.0,0.0,0.0,91.0,21.0,40.0,0.1775020367798327,13.245833333333334,0.32633886626996556,0.6477927063339731,0.36,55.88,0.5726556907659269,0.7090909090909091,0.6410256410256411,0.02399232245681382,0.0,0.03636363636363636,3.2027217268887846,1.5115163147792707,3.0,1.0,43.0,True,True,False,False,True,True,False,True,True,recent_sample_met,not_age_experience_eligible,excluded
203833,Chelsea Gray,LVA,Guard,G,True,active,3.0,Chelsea Gray,2529122.0,Chelsea Gray,LVA,experience_le_3,1992-10-08T07:00Z,33.0,12.0,False,True,active,reviewed,Krystal Beasley,2026-08-22,ESPN,https://www.espn.com/wnba/player/bio/_/id/2529122/chelsea-gray,analysis/role_fulfillment_matrix/data/live_inputs/player_core_2026.csv,e5b1f81f0caf215ee0996544f095f7cfbde50f22f6c81e8519af9eb2fae09c26,2026-08-22,normalized_full_name_exact,,,,,,,,,,87.71666666666667,173.0,246.0,37.0,12.0,5.0,28.0,13.0,7.0,6.0,3.0,3.0,175.0,348.0,15.0,5.0,16.0,1.0,3.0,0.06053148253088981,29.23888888888889,0.7032520325203252,5.202312138728323,2.4,31.08,0.5952380952380952,0.10714285714285714,1.0,0.028901734104046242,0.5357142857142857,0.25,3.4482758620689653,0.43352601156069365,28.366666666666667,55.0,79.0,11.0,4.0,1.0,9.0,4.0,3.0,3.0,2.0,1.0,55.0,110.0,3.0,0.0,3.0,0.0,1.0,0.0,28.366666666666667,0.6962025316455697,5.454545454545454,4.0,10.32,0.5329457364341085,0.2222222222222222,0.5,0.01818181818181818,0.3333333333333333,0.3333333333333333,2.0454545454545454,0.0,1370.4333333333334,2714.0,3357.0,506.0,276.0,112.0,419.0,184.0,70.0,65.0,23.0,16.0,2737.0,5451.0,199.0,73.0,138.0,11.0,42.0,0.09057825869829994,32.62936507936508,0.8084599344652964,7.627118644067797,2.4642857142857144,449.8,0.5624722098710538,0.05489260143198091,0.6956521739130435,0.04126750184229919,0.47494033412887826,0.16706443914081145,1.8987341772151898,0.30397936624907884,3.0,1.0,43.0,True,True,False,False,True,True,False,True,True,recent_sample_met,not_age_experience_eligible,excluded
1630150,Chennedy Carter,LVA,Guard,G,False,free-agent,3.0,Chennedy Carter,4280892.0,Chennedy Carter,LVA,experience_le_3,1998-11-14T08:00Z,27.0,4.0,False,False,free-agent,reviewed,Krystal Beasley,2026-08-22,ESPN,https://www.espn.com/wnba/player/bio/_/id/4280892/chennedy-carter,analysis/role_fulfillment_matrix/data/live_inputs/player_core_2026.csv,e5b1f81f0caf215ee0996544f095f7cfbde50f22f6c81e8519af9eb2fae09c26,2026-08-22,normalized_full_name_exact,,,,,,,,,,,,,,,,,,,,,,,,,,,,,,,,,,,,,,,,,,,,,,,,,,,,,,,,,,,,,,,,,,,,,,,,,,,,219.88333333333333,452.0,1058.0,159.0,17.0,17.0,100.0,60.0,37.0,28.0,40.0,31.0,452.0,904.0,21.0,11.0,23.0,9.0,13.0,0.1552222822831723,16.914102564102564,0.42722117202268434,2.8207964601769913,1.0,116.28,0.6836945304437565,0.4,0.775,0.03761061946902655,0.21,0.37,1.9081858407079646,1.4933628318584071,3.0,1.0,43.0,False,False,True,True,False,False,False,False,False,insufficient_recent_sample,not_age_experience_eligible,excluded
204323,Cheyenne Parker-Tyus,LVA,Forward,F,True,active,3.0,Cheyenne Parker-Tyus,2529458.0,Cheyenne Parker-Tyus,LVA,experience_le_3,1992-08-22T07:00Z,33.0,12.0,False,True,active,reviewed,Krystal Beasley,2026-08-22,ESPN,https://www.espn.com/wnba/player/bio/_/id/2529458/cheyenne-parker-tyus,analysis/role_fulfillment_matrix/data/live_inputs/player_core_2026.csv,e5b1f81f0caf215ee0996544f095f7cfbde50f22f6c81e8519af9eb2fae09c26,2026-08-22,normalized_full_name_exact,,,,,,,,,,48.91666666666667,103.0,246.0,23.0,6.0,2.0,16.0,8.0,8.0,5.0,8.0,4.0,103.0,206.0,2.0,2.0,14.0,4.0,3.0,0.04969081999356611,16.305555555555557,0.4186991869918699,4.368932038834951,3.0,19.52,0.5891393442622951,0.5,0.5,0.019417475728155338,0.125,0.5,5.097087378640777,2.9126213592233006,12.166666666666666,24.0,79.0,9.0,0.0,0.0,5.0,3.0,2.0,2.0,2.0,2.0,26.0,50.0,1.0,1.0,7.0,4.0,1.0,0.0,12.166666666666666,0.3037974683544304,0.0,,5.88,0.7653061224489796,0.4,1.0,0.0,0.2,0.4,10.500000000000002,12.5,337.76666666666665,671.0,2394.0,167.0,21.0,18.0,105.0,55.0,62.0,48.0,55.0,35.0,693.0,1364.0,17.0,9.0,89.0,31.0,30.0,0.12240327827521627,11.258888888888889,0.2802840434419382,2.347242921013413,1.1666666666666667,132.28,0.6312367704868461,0.5238095238095238,0.6363636363636364,0.026825633383010434,0.1619047619047619,0.5904761904761905,4.8936950146627565,3.464977645305514,3.0,1.0,43.0,True,True,False,False,True,True,False,True,True,recent_sample_met,not_age_experience_eligible,excluded
1630389,Dana Evans,LVA,Guard,G,True,active,3.0,Dana Evans,4281190.0,Dana Evans,LVA,experience_le_3,1998-08-01T07:00Z,28.0,6.0,False,True,active,reviewed,Krystal Beasley,2026-08-22,ESPN,https://www.espn.com/wnba/player/bio/_/id/4281190/dana-evans,analysis/role_fulfillment_matrix/data/live_inputs/player_core_2026.csv,e5b1f81f0caf215ee0996544f095f7cfbde50f22f6c81e8519af9eb2fae09c26,2026-08-22,normalized_full_name_exact,,,,,,,,,,32.56666666666667,63.0,246.0,13.0,6.0,3.0,6.0,4.0,2.0,1.0,0.0,0.0,65.0,128.0,5.0,4.0,1.0,0.0,3.0,0.10831249203833318,10.855555555555556,0.25609756097560976,7.142857142857142,2.0,6.88,0.9447674418604651,0.0,,0.047619047619047616,0.8333333333333334,0.3333333333333333,0.5859375,0.0,16.366666666666667,30.0,79.0,4.0,3.0,1.0,6.0,2.0,0.0,0.0,0.0,0.0,31.0,61.0,2.0,0.0,0.0,0.0,1.0,0.0,16.366666666666667,0.379746835443038,7.5,3.0,6.0,0.3333333333333333,0.0,,0.03333333333333333,0.3333333333333333,0.0,0.0,0.0,214.41666666666666,423.0,1137.0,51.0,29.0,15.0,63.0,18.0,6.0,3.0,4.0,0.0,428.0,851.0,31.0,12.0,19.0,0.0,14.0,0.09651940592702946,15.31547619047619,0.3720316622691293,5.141843971631205,1.9333333333333333,65.64,0.38848263254113347,0.06349206349206349,0.0,0.03546099290780142,0.49206349206349204,0.09523809523809523,1.674500587544066,0.0,3.0,1.0,43.0,True,False,False,True,False,False,False,True,False,insufficient_recent_possessions,not_age_experience_eligible,excluded
1629498,Jackie Young,LVA,Guard,G,True,active,3.0,Jackie Young,4065870.0,Jackie Young,LVA,experience_le_3,1997-09-16T07:00Z,28.0,8.0,False,True,active,reviewed,Krystal Beasley,2026-08-22,ESPN,https://www.espn.com/wnba/player/bio/_/id/4065870/jackie-young,analysis/role_fulfillment_matrix/data/live_inputs/player_core_2026.csv,e5b1f81f0caf215ee0996544f095f7cfbde50f22f6c81e8519af9eb2fae09c26,2026-08-22,normalized_full_name_exact,,,,,,,,,,94.08333333333333,196.0,246.0,72.0,24.0,8.0,49.0,28.0,9.0,8.0,9.0,6.0,197.0,393.0,24.0,8.0,9.0,1.0,3.0,0.054294108004743546,31.36111111111111,0.7967479674796748,9.183673469387754,3.0,52.96,0.6797583081570997,0.1836734693877551,0.6666666666666666,0.04081632653061224,0.4897959183673469,0.1836734693877551,1.717557251908397,0.3826530612244898,26.1,53.0,79.0,23.0,8.0,0.0,13.0,6.0,8.0,7.0,0.0,0.0,54.0,107.0,9.0,4.0,4.0,0.0,1.0,0.0,26.1,0.6708860759493671,11.320754716981131,,16.52,0.6961259079903148,0.0,,0.0,0.6923076923076923,0.6153846153846154,2.803738317757009,0.0,1355.85,2701.0,3357.0,809.0,282.0,101.0,593.0,291.0,138.0,128.0,90.0,66.0,2732.0,5433.0,259.0,99.0,182.0,30.0,42.0,0.10141383047698851,32.28214285714286,0.8045874292523086,7.830433172898926,2.792079207920792,653.72,0.6187664443492626,0.15177065767284992,0.7333333333333333,0.03739355794150315,0.43676222596964587,0.2327150084317032,2.512424075096632,0.8330248056275453,3.0,1.0,43.0,True,True,False,False,True,True,False,True,True,recent_sample_met,not_age_experience_eligible,excluded
espn:4565501,Janiah Barker,LVA,Forward,F,False,inactive,3.0,Janiah Barker,4565501.0,Janiah Barker,LVA,experience_le_3,2003-11-08T08:00Z,22.0,0.0,True,False,inactive,reviewed,Krystal Beasley,2026-08-23,ESPN,https://www.espn.com/wnba/player/bio/_/id/4565501/janiah-barker,analysis/role_fulfillment_matrix/data/live_inputs/player_core_2026.csv,e5b1f81f0caf215ee0996544f095f7cfbde50f22f6c81e8519af9eb2fae09c26,2026-08-22,espn_roster_identity_no_pbpstats_record,,,,,,,,,,,,,,,,,,,,,,,,,,,,,,,,,,,,,,,,,,,,,,,,,,,,,,,,,,,,,,,,,,,,,,,,,,,,,,,,,,,,,,,,,,,,,,,,,,,,,,,,,,,,,,,,False,False,True,True,False,False,True,True,False,insufficient_recent_sample,inactive_role_review_deferred,excluded
204319,Jewell Loyd,LVA,Guard,G,True,active,3.0,Jewell Loyd,2987869.0,Jewell Loyd,LVA,experience_le_3,1993-10-05T07:00Z,32.0,12.0,False,True,active,reviewed,Krystal Beasley,2026-08-22,ESPN,https://www.espn.com/wnba/player/bio/_/id/2987869/jewell-loyd,analysis/role_fulfillment_matrix/data/live_inputs/player_core_2026.csv,e5b1f81f0caf215ee0996544f095f7cfbde50f22f6c81e8519af9eb2fae09c26,2026-08-22,normalized_full_name_exact,,,,,,,,,,64.13333333333333,137.0,246.0,21.0,2.0,0.0,22.0,7.0,2.0,1.0,2.0,1.0,140.0,277.0,16.0,6.0,5.0,1.0,3.0,0.035983867483653585,21.377777777777776,0.556910569105691,1.094890510948905,,22.88,0.45891608391608396,0.09090909090909091,0.5,0.0,0.7272727272727273,0.09090909090909091,1.3537906137184115,0.5474452554744526,13.733333333333333,27.0,79.0,6.0,1.0,0.0,4.0,2.0,0.0,0.0,0.0,0.0,28.0,55.0,4.0,2.0,1.0,0.0,1.0,0.0,13.733333333333333,0.34177215189873417,2.7777777777777777,,4.0,0.75,0.0,,0.0,1.0,0.0,1.3636363636363635,0.0,1063.75,2123.0,3281.0,313.0,57.0,36.0,290.0,102.0,51.0,41.0,21.0,11.0,2162.0,4285.0,208.0,68.0,94.0,19.0,41.0,0.1033344126854761,25.945121951219512,0.6470588235294118,2.0136599152143195,1.5833333333333333,312.44,0.5008961720650364,0.07241379310344828,0.5238095238095238,0.016957136128120585,0.7172413793103448,0.17586206896551723,1.6452742123687283,0.6712199717381064,3.0,1.0,43.0,True,True,False,False,True,True,False,True,True,recent_sample_met,not_age_experience_eligible,excluded
1643495,Justine Pissott,LVA,Guard,G,True,active,3.0,Justine Pissott,4682855.0,Justine Pissott,LVA,experience_le_3,2004-02-04T08:00Z,22.0,0.0,True,True,active,reviewed,Krystal Beasley,2026-08-22,ESPN,https://www.espn.com/wnba/player/bio/_/id/4682855/justine-pissott,analysis/role_fulfillment_matrix/data/live_inputs/player_core_2026.csv,e5b1f81f0caf215ee0996544f095f7cfbde50f22f6c81e8519af9eb2fae09c26,2026-08-22,normalized_full_name_exact,Justine Pissott,LVA,perimeter_scorer_spacer,,0.8,reviewed,Krystal Beasley,2026-08-22,Reviewed with recent-sample safeguard,2.6833333333333336,6.0,84.0,0.0,0.0,0.0,0.0,0.0,0.0,0.0,0.0,0.0,7.0,13.0,0.0,0.0,0.0,0.0,1.0,0.0,2.6833333333333336,0.07142857142857142,0.0,,0.0,,,,0.0,,,0.0,0.0,3.533333333333333,7.0,79.0,0.0,0.0,0.0,1.0,0.0,0.0,0.0,0.0,0.0,9.0,16.0,1.0,0.0,1.0,0.0,1.0,0.0,3.533333333333333,0.08860759493670886,0.0,,1.0,0.0,0.0,,0.0,1.0,0.0,4.6875,0.0,86.73333333333333,173.0,796.0,40.0,3.0,3.0,37.0,14.0,2.0,2.0,3.0,2.0,185.0,358.0,27.0,10.0,10.0,0.0,10.0,0.17392033916803004,8.673333333333334,0.21733668341708542,1.3005780346820808,1.0,37.88,0.5279831045406547,0.08108108108108109,0.6666666666666666,0.017341040462427744,0.7297297297297297,0.05405405405405406,2.094972067039106,0.0,3.0,1.0,43.0,False,False,True,True,False,False,False,True,False,insufficient_recent_sample,insufficient_recent_sample,excluded
1629480,Kalani Brown,LVA,Center,C,True,active,3.0,Kalani Brown,3916514.0,Kalani Brown,LVA,experience_le_3,1997-03-21T08:00Z,29.0,5.0,False,True,active,reviewed,Krystal Beasley,2026-09-28,ESPN,https://www.espn.com/wnba/player/bio/_/id/3916514/kalani-brown,analysis/role_fulfillment_matrix/data/live_inputs/player_core_2026.csv,1d772aeb9c1b11313a0ca2706597c84451f546761f3b3dabbadebcd4874f6209,2026-09-28,normalized_full_name_exact,,,,,,,,,,12.683333333333334,25.0,169.0,10.0,1.0,2.0,4.0,4.0,3.0,2.0,3.0,3.0,25.0,50.0,0.0,0.0,3.0,1.0,2.0,0.06596638655462185,6.341666666666667,0.14792899408284024,3.0,0.5,5.32,0.9398496240601504,0.75,1.0,0.08,0.0,0.75,4.5,3.0,,,,,,,,,,,,,,,,,,,,,,,,,,,,,,,,,,12.683333333333334,25.0,169.0,10.0,1.0,2.0,4.0,4.0,3.0,2.0,3.0,3.0,25.0,50.0,0.0,0.0,3.0,1.0,2.0,0.06596638655462185,6.341666666666667,0.14792899408284024,3.0,0.5,5.32,0.9398496240601504,0.75,1.0,0.08,0.0,0.75,4.5,3.0,3.0,1.0,43.0,False,False,True,True,False,False,False,True,False,insufficient_recent_sample,not_age_experience_eligible,excluded
1631006,Kierstan Bell,LVA,Forward,F,True,active,3.0,Kierstan Bell,4433633.0,Kierstan Bell,LVA,experience_le_3,2000-03-16T08:00Z,26.0,5.0,False,True,active,reviewed,Krystal Beasley,2026-08-22,ESPN,https://www.espn.com/wnba/player/bio/_/id/4433633/kierstan-bell,analysis/role_fulfillment_matrix/data/live_inputs/player_core_2026.csv,e5b1f81f0caf215ee0996544f095f7cfbde50f22f6c81e8519af9eb2fae09c26,2026-08-22,normalized_full_name_exact,,,,,,,,,,4.7,10.0,169.0,0.0,0.0,2.0,1.0,0.0,0.0,0.0,0.0,0.0,13.0,23.0,1.0,0.0,1.0,0.0,2.0,0.01218487394957983,2.35,0.05917159763313609,0.0,0.0,1.0,0.0,0.0,,0.2,1.0,0.0,3.260869565217391,0.0,3.533333333333333,7.0,79.0,3.0,0.0,1.0,2.0,1.0,0.0,0.0,0.0,0.0,9.0,16.0,2.0,1.0,1.0,1.0,1.0,0.0,3.533333333333333,0.08860759493670886,0.0,0.0,2.0,0.75,0.0,,0.14285714285714285,1.0,0.0,4.6875,10.714285714285714,269.51666666666665,529.0,2241.0,53.0,16.0,14.0,69.0,19.0,4.0,3.0,4.0,4.0,556.0,1085.0,50.0,12.0,40.0,10.0,28.0,0.14684837153397345,9.625595238095238,0.23605533244087462,2.268431001890359,1.1428571428571428,70.76,0.3745053702656868,0.057971014492753624,1.0,0.026465028355387523,0.7246376811594203,0.057971014492753624,2.7649769585253456,1.4177693761814745,3.0,1.0,43.0,False,False,True,True,True,False,False,True,False,season_volume_met_recent_sample_insufficient,not_age_experience_eligible,excluded
1642769,Mai Yamamoto,LVA,Guard,G,True,active,3.0,Mai Yamamoto,5220104.0,Mai Yamamoto,LVA,experience_le_3,1999-10-23T07:00Z,26.0,0.0,True,True,active,reviewed,Krystal Beasley,2026-08-22,ESPN,https://www.espn.com/wnba/player/bio/_/id/5220104/mai-yamamoto,analysis/role_fulfillment_matrix/data/live_inputs/player_core_2026.csv,e5b1f81f0caf215ee0996544f095f7cfbde50f22f6c81e8519af9eb2fae09c26,2026-08-22,normalized_full_name_exact,Mai Yamamoto,LVA,secondary_creator_connector,perimeter_scorer_spacer,0.9,reviewed,Krystal Beasley,2026-08-22,Reviewed six-role taxonomy assignment,46.58333333333333,97.0,246.0,11.0,1.0,3.0,13.0,4.0,0.0,0.0,1.0,0.0,96.0,193.0,9.0,3.0,6.0,0.0,3.0,0.08602088791678898,15.527777777777777,0.3943089430894309,0.7731958762886598,0.3333333333333333,13.0,0.4230769230769231,0.07692307692307693,0.0,0.030927835051546393,0.6923076923076923,0.0,2.33160621761658,0.0,22.0,43.0,79.0,3.0,2.0,0.0,7.0,1.0,0.0,0.0,0.0,0.0,44.0,87.0,6.0,1.0,4.0,2.0,1.0,0.0,22.0,0.5443037974683544,3.488372093023256,,7.0,0.21428571428571427,0.0,,0.0,0.8571428571428571,0.0,3.4482758620689653,3.488372093023256,198.61666666666667,397.0,1033.0,69.0,19.0,7.0,60.0,22.0,9.0,9.0,4.0,2.0,403.0,800.0,42.0,16.0,15.0,3.0,13.0,0.16695352793293355,15.278205128205128,0.38431752178121975,3.5894206549118386,2.7142857142857144,63.96,0.5393996247654784,0.06666666666666667,0.5,0.017632241813602016,0.7,0.15,1.40625,0.5667506297229219,3.0,1.0,43.0,True,False,False,True,False,False,False,True,False,insufficient_recent_possessions,insufficient_recent_possessions,excluded
1631019,NaLyssa Smith,LVA,Forward,F,True,active,3.0,NaLyssa Smith,4398776.0,NaLyssa Smith,LVA,experience_le_3,2000-08-08T07:00Z,26.0,5.0,False,True,active,reviewed,Krystal Beasley,2026-08-22,ESPN,https://www.espn.com/wnba/player/bio/_/id/4398776/nalyssa-smith,analysis/role_fulfillment_matrix/data/live_inputs/player_core_2026.csv,e5b1f81f0caf215ee0996544f095f7cfbde50f22f6c81e8519af9eb2fae09c26,2026-08-22,normalized_full_name_exact,,,,,,,,,,,,,,,,,,,,,,,,,,,,,,,,,,,,,,,,,,,,,,,,,,,,,,,,,,,,,,,,,,,,,,,,,,,,924.7,1828.0,3034.0,444.0,34.0,33.0,287.0,183.0,134.0,77.0,126.0,94.0,1833.0,3661.0,8.0,1.0,244.0,84.0,38.0,0.12476699683319056,24.33421052631579,0.6025049439683586,1.3949671772428884,1.0303030303030303,345.96,0.6416926812348249,0.43902439024390244,0.746031746031746,0.018052516411378557,0.027874564459930314,0.46689895470383275,4.998634252936356,3.446389496717724,3.0,1.0,43.0,False,False,True,True,True,False,False,True,False,season_volume_met_recent_sample_insufficient,not_age_experience_eligible,excluded
203855,Stephanie Talbot,LVA,Forward,F,True,active,3.0,Stephanie Talbot,3099736.0,Stephanie Talbot,LVA,experience_le_3,1994-06-15T07:00Z,32.0,8.0,False,True,active,reviewed,Krystal Beasley,2026-08-22,ESPN,https://www.espn.com/wnba/player/bio/_/id/3099736/stephanie-talbot,analysis/role_fulfillment_matrix/data/live_inputs/player_core_2026.csv,e5b1f81f0caf215ee0996544f095f7cfbde50f22f6c81e8519af9eb2fae09c26,2026-08-22,normalized_full_name_exact,,,,,,,,,,56.883333333333326,112.0,246.0,24.0,6.0,3.0,14.0,10.0,0.0,0.0,3.0,3.0,113.0,225.0,6.0,4.0,9.0,1.0,3.0,0.088841481661238,18.96111111111111,0.45528455284552843,4.017857142857142,2.0,14.0,0.8571428571428571,0.21428571428571427,1.0,0.026785714285714284,0.42857142857142855,0.0,3.0,0.6696428571428571,25.15,50.0,79.0,3.0,0.0,2.0,5.0,1.0,0.0,0.0,1.0,0.0,50.0,100.0,3.0,1.0,4.0,0.0,1.0,0.0,25.15,0.6329113924050633,0.0,0.0,5.0,0.3,0.2,0.0,0.04,0.6,0.0,3.0,0.0,732.2666666666667,1442.0,3437.0,160.0,47.0,30.0,138.0,63.0,18.0,12.0,27.0,22.0,1455.0,2897.0,76.0,22.0,111.0,32.0,43.0,0.1416134500812486,17.029457364341084,0.4195519348268839,2.444521497919556,1.5666666666666667,145.92,0.5482456140350878,0.1956521739130435,0.8148148148148148,0.020804438280166437,0.5507246376811594,0.13043478260869565,2.873662409389023,1.664355062413315,3.0,1.0,43.0,True,True,False,False,True,True,False,True,True,recent_sample_met,not_age_experience_eligible,excluded
1643444,Ta'Niya Latson,LVA,Guard,G,True,active,3.0,Ta'Niya Latson,4609797.0,Ta'Niya Latson,LVA,experience_le_3,2003-12-26T08:00Z,22.0,0.0,True,True,active,reviewed,Krystal Beasley,2026-08-22,ESPN,https://www.espn.com/wnba/player/bio/_/id/4609797/taniya-latson,analysis/role_fulfillment_matrix/data/live_inputs/player_core_2026.csv,e5b1f81f0caf215ee0996544f095f7cfbde50f22f6c81e8519af9eb2fae09c26,2026-08-22,normalized_full_name_exact,Ta'Niya Latson,LVA,downhill_pressure_wing,secondary_creator_connector,0.8,reviewed,Krystal Beasley,2026-08-22,Reviewed with recent-possession safeguard,6.4,13.0,162.0,11.0,0.0,1.0,4.0,4.0,3.0,2.0,1.0,1.0,16.0,29.0,1.0,1.0,0.0,0.0,2.0,0.010160427807486633,3.2,0.08024691358024691,0.0,0.0,5.32,1.0338345864661653,0.25,1.0,0.07692307692307693,0.25,0.75,0.0,0.0,,,,,,,,,,,,,,,,,,,,,,,,,,,,,,,,,,56.43333333333334,113.0,711.0,41.0,4.0,5.0,24.0,13.0,15.0,12.0,8.0,7.0,123.0,236.0,6.0,3.0,5.0,1.0,9.0,0.17026356711747867,6.270370370370371,0.1589310829817159,2.6548672566371683,0.8,30.6,0.6699346405228758,0.3333333333333333,0.875,0.04424778761061947,0.25,0.625,1.5889830508474576,0.6637168141592921,3.0,1.0,43.0,False,False,True,True,False,False,False,True,False,insufficient_recent_sample,insufficient_recent_sample,excluded
1642801,Aaliyah Nye,ATL,Guard,G,True,active,4.0,Aaliyah Nye,4597509.0,Aaliyah Nye,ATL,experience_le_3,2002-08-14T07:00Z,24.0,2.0,True,True,active,reviewed,Krystal Beasley,2026-08-22,ESPN,https://www.espn.com/wnba/player/bio/_/id/4597509/aaliyah-nye,analysis/role_fulfillment_matrix/data/live_inputs/player_core_2026.csv,e5b1f81f0caf215ee0996544f095f7cfbde50f22f6c81e8519af9eb2fae09c26,2026-08-22,normalized_full_name_exact,Aaliyah Nye,ATL,perimeter_scorer_spacer,,0.65,reviewed,Krystal Beasley,2026-08-22,Reviewed with insufficient-evidence safeguard,,,,,,,,,,,,,,,,,,,,,,,,,,,,,,,,,,,,,,,,,,,,,,,,,,,,,,,,,,,,,,,,,,,42.71666666666667,82.0,1437.0,14.0,3.0,2.0,12.0,4.0,3.0,3.0,1.0,1.0,96.0,178.0,9.0,3.0,3.0,0.0,18.0,0.07344437174085987,2.3731481481481485,0.05706332637439109,2.74390243902439,1.5,13.32,0.5255255255255256,0.08333333333333333,1.0,0.024390243902439025,0.75,0.25,1.2640449438202246,0.0,3.0,2.0,43.0,False,False,True,True,False,False,False,True,False,insufficient_recent_sample,insufficient_recent_sample,excluded
1628277,Allisha Gray,ATL,Guard,G,True,active,4.0,Allisha Gray,3058901.0,Allisha Gray,ATL,experience_le_3,1995-01-12T08:00Z,31.0,10.0,False,True,active,reviewed,Krystal Beasley,2026-08-22,ESPN,https://www.espn.com/wnba/player/bio/_/id/3058901/allisha-gray,analysis/role_fulfillment_matrix/data/live_inputs/player_core_2026.csv,e5b1f81f0caf215ee0996544f095f7cfbde50f22f6c81e8519af9eb2fae09c26,2026-08-22,normalized_full_name_exact,,,,,,,,,,82.36666666666667,170.0,245.0,41.0,9.0,3.0,24.0,12.0,15.0,15.0,10.0,9.0,176.0,346.0,8.0,2.0,12.0,1.0,3.0,0.10696805809994846,27.45555555555556,0.6938775510204082,3.9705882352941178,3.0,30.6,0.6699346405228758,0.4166666666666667,0.9,0.01764705882352941,0.3333333333333333,0.625,2.6011560693641615,0.4411764705882353,69.73333333333333,141.0,161.0,34.0,5.0,4.0,29.0,11.0,5.0,4.0,6.0,3.0,137.0,278.0,19.0,8.0,11.0,1.0,2.0,0.016295953042940986,34.86666666666667,0.8757763975155279,2.659574468085107,1.25,31.2,0.5448717948717949,0.20689655172413793,0.5,0.028368794326241134,0.6551724137931034,0.1724137931034483,2.9676258992805753,0.5319148936170213,1400.5833333333333,2824.0,3466.0,813.0,112.0,65.0,589.0,272.0,238.0,192.0,202.0,138.0,2828.0,5652.0,233.0,77.0,148.0,29.0,43.0,0.095181771419917,32.57170542635659,0.8147720715522215,2.9745042492917846,1.7230769230769232,693.72,0.5859712852447673,0.34295415959252973,0.6831683168316832,0.02301699716713881,0.39558573853989815,0.40407470288624786,1.9639065817409767,0.7701841359773371,3.0,2.0,43.0,True,True,False,False,True,True,False,True,True,recent_sample_met,not_age_experience_eligible,excluded
1628280,Brionna Jones,ATL,Forward,F,True,active,4.0,Brionna Jones,3058895.0,Brionna Jones,ATL,experience_le_3,1995-12-18T08:00Z,30.0,10.0,False,True,active,reviewed,Krystal Beasley,2026-08-22,ESPN,https://www.espn.com/wnba/player/bio/_/id/3058895/brionna-jones,analysis/role_fulfillment_matrix/data/live_inputs/player_core_2026.csv,e5b1f81f0caf215ee0996544f095f7cfbde50f22f6c81e8519af9eb2fae09c26,2026-08-22,normalized_full_name_exact,,,,,,,,,,,,,,,,,,,,,,,,,,,,,,,,,,,,,,,,,,,,,,,,,,,,,,,,,,,,,,,,,,,,,,,,,,,,152.29999999999998,316.0,734.0,74.0,18.0,9.0,52.0,27.0,21.0,19.0,37.0,24.0,313.0,629.0,6.0,1.0,50.0,18.0,9.0,0.12505885266862776,16.92222222222222,0.4305177111716621,4.272151898734177,2.0,61.24,0.6041802743305029,0.7115384615384616,0.6486486486486487,0.028481012658227847,0.11538461538461539,0.40384615384615385,5.961844197138315,4.272151898734177,3.0,2.0,43.0,False,False,True,True,False,False,False,True,False,insufficient_recent_sample,not_age_experience_eligible,excluded
1643469,Indya Nivar,ATL,Guard,G,True,active,4.0,Indya Nivar,5105740.0,Indya Nivar,ATL,experience_le_3,2004-01-16T08:00Z,22.0,0.0,True,True,active,reviewed,Krystal Beasley,2026-08-22,ESPN,https://www.espn.com/wnba/player/bio/_/id/5105740/indya-nivar,analysis/role_fulfillment_matrix/data/live_inputs/player_core_2026.csv,e5b1f81f0caf215ee0996544f095f7cfbde50f22f6c81e8519af9eb2fae09c26,2026-08-22,normalized_full_name_exact,Indya Nivar,ATL,downhill_pressure_wing,secondary_creator_connector,0.8,reviewed,Krystal Beasley,2026-08-22,Reviewed with insufficient-recent-sample safeguard,5.783333333333333,10.0,166.0,5.0,1.0,0.0,2.0,2.0,0.0,0.0,1.0,1.0,12.0,22.0,1.0,1.0,1.0,0.0,2.0,0.03991841491841492,2.8916666666666666,0.060240963855421686,7.5,,2.0,1.25,0.5,1.0,0.0,0.5,0.0,3.409090909090909,0.0,,,,,,,,,,,,,,,,,,,,,,,,,,,,,,,,,,67.01666666666667,127.0,1734.0,22.0,8.0,4.0,20.0,9.0,13.0,1.0,12.0,4.0,145.0,272.0,4.0,3.0,18.0,4.0,22.0,0.07579686010361761,3.0462121212121214,0.07324106113033449,4.724409448818897,2.0,25.72,0.4276827371695179,0.6,0.3333333333333333,0.031496062992125984,0.2,0.65,4.963235294117647,2.3622047244094486,3.0,2.0,43.0,False,False,True,True,False,False,False,True,False,insufficient_recent_sample,insufficient_recent_sample,excluded
1642320,Jaylyn Sherrod,ATL,Guard,G,True,active,4.0,Jaylyn Sherrod,4433386.0,Jaylyn Sherrod,ATL,experience_le_3,2001-10-21T07:00Z,24.0,3.0,True,True,active,reviewed,Krystal Beasley,2026-08-22,ESPN,https://www.espn.com/wnba/player/bio/_/id/4433386/jaylyn-sherrod,analysis/role_fulfillment_matrix/data/live_inputs/player_core_2026.csv,e5b1f81f0caf215ee0996544f095f7cfbde50f22f6c81e8519af9eb2fae09c26,2026-08-22,normalized_full_name_exact,Jaylyn Sherrod,ATL,secondary_creator_connector,downhill_pressure_wing,0.8,reviewed,Krystal Beasley,2026-08-22,Reviewed with recent-possession safeguard,,,,,,,,,,,,,,,,,,,,,,,,,,,,,,,,,,,,,,,,,,,,,,,,,,,,,,,,,,,,,,,,,,,70.75,133.0,824.0,23.0,11.0,3.0,24.0,7.0,7.0,7.0,12.0,4.0,148.0,281.0,5.0,2.0,9.0,0.0,10.0,0.06542929512796476,7.075,0.16140776699029127,6.203007518796992,3.6666666666666665,27.08,0.42466765140324964,0.5,0.3333333333333333,0.022556390977443608,0.20833333333333334,0.2916666666666667,2.402135231316726,0.0,3.0,2.0,43.0,False,False,True,True,False,False,False,True,False,insufficient_recent_sample,insufficient_recent_sample,excluded
1628886,Jordin Canada,ATL,Guard,G,True,active,4.0,Jordin Canada,3142250.0,Jordin Canada,ATL,experience_le_3,1995-08-11T07:00Z,31.0,9.0,False,True,active,reviewed,Krystal Beasley,2026-08-22,ESPN,https://www.espn.com/wnba/player/bio/_/id/3142250/jordin-canada,analysis/role_fulfillment_matrix/data/live_inputs/player_core_2026.csv,e5b1f81f0caf215ee0996544f095f7cfbde50f22f6c81e8519af9eb2fae09c26,2026-08-22,normalized_full_name_exact,,,,,,,,,,81.9,168.0,245.0,35.0,20.0,3.0,25.0,10.0,14.0,13.0,9.0,6.0,168.0,336.0,11.0,2.0,5.0,1.0,3.0,0.14760039370760655,27.3,0.6857142857142857,8.928571428571429,6.666666666666667,31.16,0.561617458279846,0.36,0.6666666666666666,0.017857142857142856,0.44,0.56,1.1160714285714286,0.4464285714285714,67.6,136.0,161.0,27.0,16.0,7.0,17.0,9.0,9.0,6.0,6.0,3.0,133.0,269.0,8.0,3.0,5.0,0.0,2.0,0.04834723509422309,33.8,0.84472049689441,8.823529411764707,2.2857142857142856,20.96,0.6440839694656488,0.35294117647058826,0.5,0.051470588235294115,0.47058823529411764,0.5294117647058824,1.3940520446096656,0.0,1311.8333333333333,2648.0,3376.0,487.0,308.0,104.0,367.0,159.0,168.0,131.0,123.0,78.0,2661.0,5309.0,132.0,38.0,149.0,29.0,42.0,0.09036317285412936,31.23412698412698,0.7843601895734598,8.72356495468278,2.9615384615384617,440.92,0.5522543772112855,0.335149863760218,0.6341463414634146,0.03927492447129909,0.35967302452316074,0.45776566757493187,2.1049161800715765,0.8213746223564955,3.0,2.0,43.0,True,True,False,False,True,True,False,True,True,recent_sample_met,not_age_experience_eligible,excluded
1631044,Naz Hillmon,ATL,Forward,F,True,active,4.0,Naz Hillmon,4398915.0,Naz Hillmon,ATL,experience_le_3,2000-04-05T07:00Z,26.0,5.0,False,True,active,reviewed,Krystal Beasley,2026-08-22,ESPN,https://www.espn.com/wnba/player/bio/_/id/4398915/naz-hillmon,analysis/role_fulfillment_matrix/data/live_inputs/player_core_2026.csv,e5b1f81f0caf215ee0996544f095f7cfbde50f22f6c81e8519af9eb2fae09c26,2026-08-22,normalized_full_name_exact,,,,,,,,,,58.53333333333333,123.0,245.0,19.0,8.0,0.0,19.0,6.0,2.0,2.0,4.0,1.0,122.0,245.0,13.0,5.0,13.0,5.0,3.0,0.0555767511542501,19.51111111111111,0.5020408163265306,4.878048780487806,,19.88,0.4778672032193159,0.21052631578947367,0.25,0.0,0.6842105263157895,0.10526315789473684,3.9795918367346936,3.048780487804878,64.46666666666667,128.0,161.0,17.0,3.0,6.0,19.0,6.0,2.0,2.0,7.0,3.0,125.0,253.0,12.0,3.0,12.0,6.0,2.0,0.062017299969107126,32.233333333333334,0.7950310559006211,1.7578125,0.5,19.88,0.4275653923541248,0.3684210526315789,0.42857142857142855,0.046875,0.631578947368421,0.10526315789473684,3.5573122529644268,3.515625,1202.9833333333333,2410.0,3383.0,375.0,66.0,56.0,306.0,141.0,52.0,43.0,123.0,80.0,2402.0,4812.0,162.0,50.0,192.0,63.0,42.0,0.1400328055797673,28.64246031746032,0.7123854566952409,2.0539419087136928,1.1785714285714286,328.88,0.57011675991243,0.4019607843137255,0.6504065040650406,0.023236514522821577,0.5294117647058824,0.16993464052287582,2.9925187032418954,1.9605809128630707,3.0,2.0,43.0,True,True,False,False,True,True,False,True,True,recent_sample_met,not_age_experience_eligible,excluded
1631009,Rhyne Howard,ATL,Guard,G,True,active,4.0,Rhyne Howard,4398674.0,Rhyne Howard,ATL,experience_le_3,2000-04-29T07:00Z,26.0,5.0,False,True,active,reviewed,Krystal Beasley,2026-08-22,ESPN,https://www.espn.com/wnba/player/bio/_/id/4398674/rhyne-howard,analysis/role_fulfillment_matrix/data/live_inputs/player_core_2026.csv,e5b1f81f0caf215ee0996544f095f7cfbde50f22f6c81e8519af9eb2fae09c26,2026-08-22,normalized_full_name_exact,,,,,,,,,,89.66666666666667,183.0,245.0,40.0,13.0,3.0,39.0,14.0,10.0,6.0,3.0,3.0,183.0,366.0,23.0,6.0,13.0,2.0,3.0,0.14839349537661217,29.88888888888889,0.746938775510204,5.327868852459016,4.333333333333333,43.4,0.4608294930875576,0.07692307692307693,1.0,0.01639344262295082,0.5897435897435898,0.2564102564102564,2.663934426229508,0.819672131147541,73.4,145.0,161.0,42.0,4.0,3.0,37.0,14.0,6.0,6.0,8.0,4.0,144.0,289.0,22.0,8.0,7.0,1.0,2.0,0.046648130985480374,36.7,0.9006211180124224,2.0689655172413794,1.3333333333333333,39.64,0.5297679112008072,0.21621621621621623,0.5,0.020689655172413793,0.5945945945945946,0.16216216216216217,1.8166089965397925,0.5172413793103449,1437.5166666666667,2892.0,3382.0,755.0,154.0,58.0,603.0,245.0,152.0,131.0,85.0,54.0,2910.0,5802.0,372.0,134.0,161.0,30.0,42.0,0.09629590663884921,34.2265873015873,0.8551153163808397,3.9937759336099585,2.6551724137931036,669.88,0.5635337672418941,0.14096185737976782,0.6352941176470588,0.020055325034578148,0.6169154228855721,0.25207296849087896,2.0811789038262667,0.7780082987551867,3.0,2.0,43.0,True,True,False,False,True,True,False,True,True,recent_sample_met,not_age_experience_eligible,excluded
1628278,Shatori Walker-Kimbrough,ATL,Guard,G,True,active,4.0,Shatori Walker-Kimbrough,3058893.0,Shatori Walker-Kimbrough,ATL,experience_le_3,1995-05-18T07:00Z,31.0,10.0,False,True,active,reviewed,Krystal Beasley,2026-08-22,ESPN,https://www.espn.com/wnba/player/bio/_/id/3058893/shatori-walker-kimbrough,analysis/role_fulfillment_matrix/data/live_inputs/player_core_2026.csv,e5b1f81f0caf215ee0996544f095f7cfbde50f22f6c81e8519af9eb2fae09c26,2026-08-22,normalized_full_name_exact,,,,,,,,,,10.966666666666665,21.0,166.0,4.0,2.0,3.0,3.0,2.0,0.0,0.0,3.0,2.0,25.0,46.0,0.0,0.0,2.0,0.0,2.0,0.02578671328671329,5.4833333333333325,0.12650602409638553,7.142857142857142,0.6666666666666666,3.0,0.6666666666666666,1.0,0.6666666666666666,0.14285714285714285,0.0,0.0,3.260869565217391,0.0,2.1333333333333337,4.0,161.0,0.0,0.0,0.0,0.0,0.0,0.0,0.0,0.0,0.0,6.0,10.0,0.0,0.0,0.0,0.0,2.0,0.013206672845227063,1.0666666666666669,0.024844720496894408,0.0,,0.0,,,,0.0,,,0.0,0.0,37.88333333333333,72.0,980.0,17.0,8.0,3.0,9.0,6.0,4.0,4.0,5.0,4.0,87.0,159.0,1.0,1.0,5.0,0.0,12.0,0.061108832050645004,3.1569444444444446,0.07346938775510205,8.333333333333332,2.6666666666666665,10.76,0.7899628252788105,0.5555555555555556,0.8,0.041666666666666664,0.1111111111111111,0.4444444444444444,2.358490566037736,0.0,3.0,2.0,43.0,False,False,True,True,False,False,False,True,False,insufficient_recent_sample,not_age_experience_eligible,excluded
1631021,Sika Kone,ATL,Forward,F,True,active,4.0,Sika Kone,5017721.0,Sika Kone,ATL,experience_le_3,2002-07-13T07:00Z,24.0,4.0,False,True,active,reviewed,Krystal Beasley,2026-08-22,ESPN,https://www.espn.com/wnba/player/bio/_/id/5017721/sika-kone,analysis/role_fulfillment_matrix/data/live_inputs/player_core_2026.csv,e5b1f81f0caf215ee0996544f095f7cfbde50f22f6c81e8519af9eb2fae09c26,2026-08-22,normalized_full_name_exact,,,,,,,,,,13.1,25.0,166.0,9.0,1.0,1.0,7.0,4.0,0.0,0.0,4.0,3.0,28.0,53.0,1.0,1.0,4.0,0.0,2.0,0.003059440559440553,6.55,0.15060240963855423,3.0,1.0,7.0,0.6428571428571429,0.5714285714285714,0.75,0.04,0.14285714285714285,0.0,5.660377358490566,0.0,2.1333333333333337,4.0,161.0,0.0,0.0,0.0,2.0,0.0,0.0,0.0,0.0,0.0,6.0,10.0,1.0,0.0,0.0,0.0,2.0,0.013206672845227063,1.0666666666666669,0.024844720496894408,0.0,,2.0,0.0,0.0,,0.0,0.5,0.0,0.0,0.0,173.05,330.0,2728.0,63.0,7.0,9.0,61.0,21.0,21.0,15.0,19.0,13.0,360.0,690.0,29.0,6.0,36.0,14.0,34.0,0.10857360025064601,5.089705882352941,0.12096774193548387,1.590909090909091,0.7777777777777778,70.24,0.4484624145785877,0.3114754098360656,0.6842105263157895,0.02727272727272727,0.47540983606557374,0.3442622950819672,3.913043478260869,3.181818181818182,3.0,2.0,43.0,False,False,True,True,False,False,False,True,False,insufficient_recent_sample,not_age_experience_eligible,excluded
1641648,Aliyah Boston,IND,Center,C,True,active,5.0,Aliyah Boston,4432831.0,Aliyah Boston,IND,experience_le_3,2001-12-11T08:00Z,24.0,4.0,False,True,active,reviewed,Krystal Beasley,2026-08-22,ESPN,https://www.espn.com/wnba/player/bio/_/id/4432831/aliyah-boston,analysis/role_fulfillment_matrix/data/live_inputs/player_core_2026.csv,e5b1f81f0caf215ee0996544f095f7cfbde50f22f6c81e8519af9eb2fae09c26,2026-08-22,normalized_full_name_exact,,,,,,,,,,77.21666666666667,152.0,237.0,32.0,11.0,6.0,23.0,13.0,6.0,3.0,14.0,8.0,151.0,303.0,6.0,3.0,18.0,5.0,3.0,0.12142325715686282,25.73888888888889,0.6413502109704642,5.427631578947369,1.8333333333333333,25.64,0.62402496099844,0.6086956521739131,0.5714285714285714,0.039473684210526314,0.2608695652173913,0.2608695652173913,4.455445544554455,2.4671052631578947,24.983333333333334,55.0,87.0,14.0,2.0,2.0,9.0,6.0,2.0,2.0,2.0,2.0,54.0,109.0,2.0,0.0,2.0,0.0,1.0,0.0,24.983333333333334,0.632183908045977,2.727272727272727,1.0,9.88,0.7085020242914979,0.2222222222222222,1.0,0.03636363636363636,0.2222222222222222,0.2222222222222222,1.3761467889908259,0.0,1070.0333333333333,2163.0,3204.0,641.0,119.0,90.0,463.0,245.0,133.0,108.0,170.0,117.0,2147.0,4310.0,104.0,43.0,315.0,68.0,39.0,0.13178960038932422,27.436752136752137,0.6750936329588015,4.126213592233009,1.3222222222222222,521.52,0.6145497775732475,0.367170626349892,0.6882352941176471,0.04160887656033287,0.22462203023758098,0.28725701943844495,5.481438515081207,2.357836338418863,3.0,1.0,43.0,True,True,False,False,True,True,False,True,True,recent_sample_met,not_age_experience_eligible,excluded
1642788,Bree Hall,IND,Guard,G,True,active,5.0,Bree Hall,4898383.0,Bree Hall,IND,experience_le_3,2003-06-28T07:00Z,23.0,2.0,True,True,active,reviewed,Krystal Beasley,2026-08-22,ESPN,https://www.espn.com/wnba/player/bio/_/id/4898383/bree-hall,analysis/role_fulfillment_matrix/data/live_inputs/player_core_2026.csv,e5b1f81f0caf215ee0996544f095f7cfbde50f22f6c81e8519af9eb2fae09c26,2026-08-22,normalized_full_name_exact,Bree Hall,IND,perimeter_scorer_spacer,,0.3,reviewed,Krystal Beasley,2026-08-22,Reviewed low-confidence hypothesis with score suppressed,,,,,,,,,,,,,,,,,,,,,,,,,,,,,,,,,,1.65,2.0,87.0,0.0,0.0,0.0,0.0,0.0,2.0,0.0,0.0,0.0,4.0,6.0,0.0,0.0,0.0,0.0,1.0,0.0,1.65,0.022988505747126436,0.0,,0.88,0.0,,,0.0,,,0.0,0.0,13.45,29.0,346.0,8.0,0.0,0.0,6.0,3.0,2.0,0.0,1.0,1.0,32.0,61.0,2.0,2.0,1.0,0.0,4.0,0.1086379704464651,3.3625,0.0838150289017341,0.0,,6.88,0.5813953488372093,0.16666666666666666,1.0,0.0,0.3333333333333333,0.3333333333333333,1.2295081967213115,0.0,3.0,1.0,43.0,False,False,True,True,False,False,False,True,False,insufficient_recent_sample,insufficient_recent_sample,excluded
203024,Damiris Dantas,IND,Center,C,False,inactive,5.0,Damiris Dantas,2955898.0,Damiris Dantas,IND,experience_le_3,1992-11-17T08:00Z,33.0,11.0,False,True,active,reviewed,Krystal Beasley,2026-08-22,ESPN,https://www.espn.com/wnba/player/bio/_/id/2955898/damiris-dantas,analysis/role_fulfillment_matrix/data/live_inputs/player_core_2026.csv,e5b1f81f0caf215ee0996544f095f7cfbde50f22f6c81e8519af9eb2fae09c26,2026-08-22,normalized_full_name_exact,,,,,,,,,,,,,,,,,,,,,,,,,,,,,,,,,,,,,,,,,,,,,,,,,,,,,,,,,,,,,,,,,,,,,,,,,,,,98.26666666666667,209.0,1027.0,40.0,4.0,9.0,32.0,13.0,9.0,7.0,7.0,4.0,216.0,425.0,20.0,7.0,18.0,4.0,12.0,0.13570744320628472,8.188888888888888,0.2035053554040896,1.4354066985645932,0.4444444444444444,35.96,0.5561735261401557,0.21875,0.5714285714285714,0.0430622009569378,0.625,0.28125,3.176470588235294,1.4354066985645932,3.0,1.0,43.0,False,False,True,True,False,False,True,True,False,insufficient_recent_sample,not_age_experience_eligible,excluded
1643453,Grace VanSlooten,IND,Forward,F,True,active,5.0,Grace VanSlooten,5105731.0,Grace VanSlooten,IND,experience_le_3,2004-06-16T07:00Z,22.0,0.0,True,True,active,reviewed,Krystal Beasley,2026-08-22,ESPN,https://www.espn.com/wnba/player/bio/_/id/5105731/grace-vanslooten,analysis/role_fulfillment_matrix/data/live_inputs/player_core_2026.csv,e5b1f81f0caf215ee0996544f095f7cfbde50f22f6c81e8519af9eb2fae09c26,2026-08-22,normalized_full_name_exact,Grace VanSlooten,IND,downhill_pressure_wing,interior_finisher_rim_runner,0.75,reviewed,Krystal Beasley,2026-08-22,Reviewed with insufficient-evidence safeguard,,,,,,,,,,,,,,,,,,,,,,,,,,,,,,,,,,1.65,2.0,87.0,0.0,0.0,0.0,0.0,0.0,0.0,0.0,0.0,0.0,4.0,6.0,0.0,0.0,0.0,0.0,1.0,0.0,1.65,0.022988505747126436,0.0,,0.0,,,,0.0,,,0.0,0.0,35.63333333333333,69.0,1154.0,8.0,1.0,3.0,4.0,4.0,0.0,0.0,2.0,2.0,84.0,153.0,0.0,0.0,4.0,0.0,14.0,0.053247692460366175,2.545238095238095,0.05979202772963605,1.0869565217391304,0.3333333333333333,4.0,1.0,0.5,1.0,0.043478260869565216,0.0,0.0,1.9607843137254903,0.0,3.0,1.0,43.0,False,False,True,True,False,False,False,True,False,insufficient_recent_sample,insufficient_recent_sample,excluded
1628909,Kelsey Mitchell,IND,Guard,G,True,active,5.0,Kelsey Mitchell,3142191.0,Kelsey Mitchell,IND,experience_le_3,1995-11-12T08:00Z,30.0,9.0,False,True,active,reviewed,Krystal Beasley,2026-08-22,ESPN,https://www.espn.com/wnba/player/bio/_/id/3142191/kelsey-mitchell,analysis/role_fulfillment_matrix/data/live_inputs/player_core_2026.csv,e5b1f81f0caf215ee0996544f095f7cfbde50f22f6c81e8519af9eb2fae09c26,2026-08-22,normalized_full_name_exact,,,,,,,,,,95.23333333333333,190.0,237.0,75.0,8.0,2.0,50.0,26.0,11.0,11.0,9.0,8.0,191.0,381.0,28.0,12.0,5.0,1.0,3.0,0.07464581052112719,31.744444444444444,0.8016877637130801,3.1578947368421053,4.0,54.84,0.6838074398249453,0.18,0.8888888888888888,0.010526315789473684,0.56,0.22,0.984251968503937,0.39473684210526316,31.183333333333334,70.0,87.0,34.0,4.0,1.0,19.0,12.0,10.0,6.0,4.0,4.0,69.0,139.0,9.0,4.0,3.0,2.0,1.0,0.0,31.183333333333334,0.8045977011494253,4.285714285714286,4.0,23.4,0.7264957264957266,0.21052631578947367,1.0,0.014285714285714285,0.47368421052631576,0.5263157894736842,1.6187050359712232,2.142857142857143,1408.5666666666666,2883.0,3547.0,1076.0,120.0,72.0,736.0,378.0,220.0,187.0,233.0,145.0,2899.0,5782.0,294.0,133.0,73.0,22.0,43.0,0.07686162305051399,32.75736434108527,0.8127995489145757,3.121748178980229,1.6666666666666667,832.8,0.6460134486071086,0.31657608695652173,0.6223175965665236,0.02497398543184183,0.39945652173913043,0.29891304347826086,0.9469041854029747,0.5723204994797086,3.0,1.0,43.0,True,True,False,False,True,True,False,True,True,recent_sample_met,not_age_experience_eligible,excluded
1631086,Lexie Hull,IND,Guard,G,True,active,5.0,Lexie Hull,4398829.0,Lexie Hull,IND,experience_le_3,1999-09-13T07:00Z,26.0,5.0,False,True,active,reviewed,Krystal Beasley,2026-08-22,ESPN,https://www.espn.com/wnba/player/bio/_/id/4398829/lexie-hull,analysis/role_fulfillment_matrix/data/live_inputs/player_core_2026.csv,e5b1f81f0caf215ee0996544f095f7cfbde50f22f6c81e8519af9eb2fae09c26,2026-08-22,normalized_full_name_exact,,,,,,,,,,35.78333333333333,72.0,237.0,9.0,2.0,1.0,10.0,4.0,0.0,0.0,3.0,2.0,71.0,143.0,3.0,1.0,3.0,1.0,3.0,0.050276008290996585,11.927777777777777,0.3037974683544304,2.083333333333333,2.0,10.0,0.45,0.3,0.6666666666666666,0.013888888888888888,0.3,0.0,1.5734265734265735,1.0416666666666665,24.283333333333335,53.0,87.0,7.0,1.0,0.0,6.0,2.0,2.0,2.0,2.0,1.0,53.0,106.0,3.0,1.0,6.0,1.0,1.0,0.0,24.283333333333335,0.6091954022988506,1.4150943396226414,,6.88,0.5087209302325582,0.3333333333333333,0.5,0.0,0.5,0.3333333333333333,4.245283018867925,1.4150943396226414,801.8,1640.0,3547.0,224.0,30.0,31.0,187.0,81.0,35.0,29.0,40.0,23.0,1660.0,3300.0,95.0,33.0,128.0,37.0,43.0,0.12162387917747368,18.646511627906975,0.4623625599097829,1.371951219512195,0.967741935483871,202.4,0.5533596837944664,0.21390374331550802,0.575,0.018902439024390243,0.5080213903743316,0.18716577540106952,2.909090909090909,1.6920731707317072,3.0,1.0,43.0,True,False,False,True,True,False,False,True,False,season_volume_met_recent_sample_insufficient,not_age_experience_eligible,excluded
1628920,Mercedes Russell,IND,Center,C,True,active,5.0,Mercedes Russell,3056672.0,Mercedes Russell,IND,experience_le_3,1995-07-27T07:00Z,31.0,7.0,False,True,active,reviewed,Krystal Beasley,2026-08-22,ESPN,https://www.espn.com/wnba/player/bio/_/id/3056672/mercedes-russell,analysis/role_fulfillment_matrix/data/live_inputs/player_core_2026.csv,e5b1f81f0caf215ee0996544f095f7cfbde50f22f6c81e8519af9eb2fae09c26,2026-08-22,normalized_full_name_exact,,,,,,,,,,33.91666666666667,65.0,154.0,3.0,0.0,0.0,5.0,1.0,2.0,1.0,1.0,0.0,69.0,134.0,0.0,0.0,4.0,1.0,2.0,0.05844155844155845,16.958333333333336,0.42207792207792205,0.0,,5.88,0.25510204081632654,0.2,0.0,0.0,0.0,0.4,2.2388059701492535,1.153846153846154,12.733333333333333,27.0,87.0,3.0,1.0,0.0,1.0,1.0,2.0,1.0,1.0,1.0,28.0,55.0,0.0,0.0,3.0,0.0,1.0,0.0,12.733333333333333,0.3103448275862069,2.7777777777777777,,1.88,0.797872340425532,1.0,1.0,0.0,0.0,2.0,4.090909090909091,0.0,67.86666666666667,135.0,578.0,11.0,4.0,1.0,8.0,2.0,10.0,7.0,3.0,1.0,142.0,277.0,0.0,0.0,8.0,1.0,7.0,0.16356477152297652,9.695238095238096,0.23356401384083045,2.2222222222222223,4.0,12.4,0.4435483870967742,0.375,0.3333333333333333,0.007407407407407408,0.0,1.25,2.1660649819494586,0.5555555555555556,3.0,1.0,43.0,False,False,True,True,False,False,False,True,False,insufficient_recent_sample,not_age_experience_eligible,excluded
1642803,Michelle Onyiah,IND,Center,C,True,active,5.0,Michelle Onyiah,4433744.0,Ugonne Onyiah,IND,experience_le_3,2002-03-12,24.0,0.0,True,True,developmental,reviewed,Krystal Beasley,2026-08-24,WNBA,https://www.wnba.com/player/1642803,analysis/role_fulfillment_matrix/data/review/eligibility_coverage_source_snapshot_2026-08-24.json,c6c990885aa8f8edb94aa3f973cb7e85b2b2ff424018c4424813b2ce3d4a937f,2026-08-24,manual_alias_espn_to_pbpstats,Michelle Onyiah,IND,interior_finisher_rim_runner,interior_hub_rebounder,0.6,reviewed,Krystal Beasley,2026-08-25,Reviewed from strong pre-WNBA interior-finishing and rebounding evidence; live scoring withheld under insufficient-recent-sample safeguards,,,,,,,,,,,,,,,,,,,,,,,,,,,,,,,,,,,,,,,,,,,,,,,,,,,,,,,,,,,,,,,,,,,1.1,2.0,84.0,0.0,0.0,0.0,0.0,0.0,0.0,0.0,0.0,0.0,2.0,4.0,0.0,0.0,0.0,0.0,1.0,0.0,1.1,0.023809523809523808,0.0,,0.0,,,,0.0,,,0.0,0.0,3.0,1.0,43.0,False,False,True,True,False,False,False,True,False,insufficient_recent_sample,insufficient_recent_sample,excluded
1628881,Monique Billings,IND,Forward,F,True,active,5.0,Monique Billings,3142255.0,Monique Billings,IND,experience_le_3,1996-05-02T07:00Z,30.0,9.0,False,True,active,reviewed,Krystal Beasley,2026-08-22,ESPN,https://www.espn.com/wnba/player/bio/_/id/3142255/monique-billings,analysis/role_fulfillment_matrix/data/live_inputs/player_core_2026.csv,e5b1f81f0caf215ee0996544f095f7cfbde50f22f6c81e8519af9eb2fae09c26,2026-08-22,normalized_full_name_exact,,,,,,,,,,22.616666666666667,42.0,237.0,6.0,0.0,3.0,4.0,1.0,4.0,4.0,2.0,1.0,46.0,88.0,0.0,0.0,6.0,3.0,3.0,0.12502618423961898,7.538888888888889,0.17721518987341772,0.0,0.0,5.76,0.5208333333333334,0.5,0.5,0.07142857142857142,0.0,1.0,5.113636363636363,5.357142857142857,7.55,16.0,87.0,0.0,0.0,0.0,1.0,0.0,0.0,0.0,1.0,0.0,18.0,34.0,0.0,0.0,2.0,0.0,1.0,0.0,7.55,0.1839080459770115,0.0,,1.0,0.0,1.0,0.0,0.0,0.0,0.0,4.411764705882353,0.0,787.5166666666667,1589.0,3459.0,272.0,40.0,34.0,181.0,93.0,107.0,81.0,94.0,55.0,1619.0,3208.0,18.0,5.0,194.0,70.0,42.0,0.188430213064676,18.750396825396827,0.45938132408210464,1.8879798615481436,1.1764705882352942,228.07999999999998,0.5962820063135742,0.5193370165745856,0.5851063829787234,0.021397105097545627,0.09944751381215469,0.5911602209944752,4.535536159600998,3.3039647577092515,3.0,1.0,43.0,True,False,False,True,True,False,False,True,False,season_volume_met_recent_sample_insufficient,not_age_experience_eligible,excluded
1628899,Myisha Hines-Allen,IND,Forward,F,True,active,5.0,Myisha Hines-Allen,3142055.0,Myisha Hines-Allen,IND,experience_le_3,1995-05-30T07:00Z,31.0,9.0,False,True,active,reviewed,Krystal Beasley,2026-08-22,ESPN,https://www.espn.com/wnba/player/bio/_/id/3142055/myisha-hines-allen,analysis/role_fulfillment_matrix/data/live_inputs/player_core_2026.csv,e5b1f81f0caf215ee0996544f095f7cfbde50f22f6c81e8519af9eb2fae09c26,2026-08-22,normalized_full_name_exact,,,,,,,,,,44.9,88.0,237.0,14.0,4.0,3.0,10.0,6.0,4.0,1.0,5.0,4.0,93.0,181.0,3.0,1.0,15.0,2.0,3.0,0.04715546439057341,14.966666666666667,0.37130801687763715,3.409090909090909,1.3333333333333333,11.76,0.5952380952380952,0.5,0.8,0.03409090909090909,0.3,0.4,6.2154696132596685,1.7045454545454546,3.5833333333333335,10.0,87.0,0.0,0.0,1.0,0.0,0.0,0.0,0.0,0.0,0.0,11.0,21.0,0.0,0.0,2.0,2.0,1.0,0.0,3.5833333333333335,0.11494252873563218,0.0,0.0,0.0,,,,0.1,,,7.142857142857142,15.0,508.05,1033.0,3051.0,138.0,55.0,40.0,113.0,55.0,33.0,20.0,64.0,39.0,1052.0,2085.0,24.0,8.0,123.0,22.0,37.0,0.12967370005441953,13.731081081081081,0.338577515568666,3.993223620522749,1.375,127.52,0.5410915934755333,0.5663716814159292,0.609375,0.03872216844143272,0.21238938053097345,0.2920353982300885,4.424460431654676,1.5972894482090998,3.0,1.0,43.0,True,False,False,True,True,False,False,True,False,season_volume_met_recent_sample_insufficient,not_age_experience_eligible,excluded
1629482,Sophie Cunningham,IND,Guard,G,True,active,5.0,Sophie Cunningham,3907781.0,Sophie Cunningham,IND,experience_le_3,1996-08-16T07:00Z,30.0,8.0,False,True,active,reviewed,Krystal Beasley,2026-08-22,ESPN,https://www.espn.com/wnba/player/bio/_/id/3907781/sophie-cunningham,analysis/role_fulfillment_matrix/data/live_inputs/player_core_2026.csv,e5b1f81f0caf215ee0996544f095f7cfbde50f22f6c81e8519af9eb2fae09c26,2026-08-22,normalized_full_name_exact,,,,,,,,,,56.083333333333336,110.0,237.0,16.0,3.0,0.0,13.0,6.0,2.0,0.0,2.0,2.0,115.0,225.0,11.0,4.0,6.0,0.0,3.0,0.23123053943318134,18.694444444444446,0.4641350210970464,2.0454545454545454,,13.88,0.5763688760806917,0.15384615384615385,1.0,0.0,0.8461538461538461,0.15384615384615385,2.0,0.0,14.066666666666666,32.0,87.0,1.0,0.0,3.0,3.0,0.0,2.0,1.0,1.0,0.0,32.0,64.0,2.0,0.0,2.0,0.0,1.0,0.0,14.066666666666666,0.367816091954023,0.0,0.0,3.88,0.1288659793814433,0.3333333333333333,0.0,0.09375,0.6666666666666666,0.6666666666666666,2.34375,0.0,940.0,1927.0,3452.0,338.0,52.0,28.0,222.0,104.0,74.0,63.0,47.0,33.0,1953.0,3880.0,156.0,67.0,95.0,10.0,42.0,0.13821109093977568,22.38095238095238,0.5582271147161066,2.0238713025428128,1.8571428571428572,254.56,0.6638906348208674,0.21171171171171171,0.7021276595744681,0.014530358069538143,0.7027027027027027,0.3333333333333333,1.836340206185567,0.38920601971977165,3.0,1.0,43.0,True,True,False,False,True,True,False,True,True,recent_sample_met,not_age_experience_eligible,excluded
1630112,Tyasha Harris,IND,Guard,G,True,active,5.0,Tyasha Harris,4065760.0,Tyasha Harris,IND,experience_le_3,1998-05-01T07:00Z,28.0,7.0,False,True,active,reviewed,Krystal Beasley,2026-08-22,ESPN,https://www.espn.com/wnba/player/bio/_/id/4065760/tyasha-harris,analysis/role_fulfillment_matrix/data/live_inputs/player_core_2026.csv,e5b1f81f0caf215ee0996544f095f7cfbde50f22f6c81e8519af9eb2fae09c26,2026-08-22,normalized_full_name_exact,,,,,,,,,,32.08333333333333,62.0,237.0,7.0,8.0,2.0,8.0,3.0,0.0,0.0,1.0,1.0,68.0,130.0,5.0,1.0,4.0,1.0,3.0,0.11363979207085172,10.694444444444443,0.2616033755274262,9.67741935483871,4.0,8.0,0.4375,0.125,1.0,0.03225806451612903,0.625,0.0,2.307692307692308,1.2096774193548387,13.333333333333334,29.0,87.0,6.0,2.0,0.0,3.0,2.0,1.0,1.0,0.0,0.0,31.0,60.0,1.0,1.0,1.0,0.0,1.0,0.0,13.333333333333334,0.3333333333333333,5.172413793103448,,3.44,0.872093023255814,0.0,,0.0,0.3333333333333333,0.3333333333333333,1.25,0.0,521.0666666666666,1043.0,3138.0,154.0,77.0,20.0,126.0,53.0,27.0,24.0,17.0,10.0,1056.0,2099.0,69.0,24.0,42.0,6.0,38.0,0.17563243479630417,13.712280701754384,0.33237731038878265,5.5369127516778525,3.85,137.88,0.5584566289527125,0.1349206349206349,0.5882352941176471,0.019175455417066157,0.5476190476190477,0.21428571428571427,1.500714626012387,0.4314477468839885,3.0,1.0,43.0,True,False,False,True,True,False,False,True,False,season_volume_met_recent_sample_insufficient,not_age_experience_eligible,excluded
1642775,Alex Wilson,WAS,Guard,G,False,free-agent,6.0,Alex Wilson,5278157.0,Alex Wilson,WAS,experience_le_3,1994-03-21T08:00Z,32.0,0.0,True,False,free-agent,reviewed,Krystal Beasley,2026-08-22,ESPN,https://www.espn.com/wnba/player/bio/_/id/5278157/alex-wilson,analysis/role_fulfillment_matrix/data/live_inputs/player_core_2026.csv,e5b1f81f0caf215ee0996544f095f7cfbde50f22f6c81e8519af9eb2fae09c26,2026-08-22,normalized_full_name_exact,,,,,,,,,,,,,,,,,,,,,,,,,,,,,,,,,,,,,,,,,,,,,,,,,,,,,,,,,,,,,,,,,,,,,,,,,,,,57.88333333333333,115.0,332.0,12.0,3.0,2.0,15.0,4.0,3.0,2.0,3.0,2.0,116.0,231.0,11.0,2.0,7.0,5.0,4.0,0.16102336968512085,14.470833333333333,0.3463855421686747,1.9565217391304346,1.5,16.32,0.3676470588235294,0.2,0.6666666666666666,0.017391304347826087,0.7333333333333333,0.2,2.272727272727273,3.260869565217391,3.0,2.0,43.0,False,False,True,True,False,False,False,False,False,insufficient_recent_sample,not_currently_rostered,excluded
204335,Betnijah Laney-Hamilton,WAS,Guard,G,True,active,6.0,Betnijah Laney-Hamilton,2593770.0,Betnijah Laney-Hamilton,WAS,experience_le_3,1993-10-29T07:00Z,32.0,10.0,False,True,active,reviewed,Krystal Beasley,2026-08-22,ESPN,https://www.espn.com/wnba/player/bio/_/id/2593770/betnijah-laney-hamilton,analysis/role_fulfillment_matrix/data/live_inputs/player_core_2026.csv,e5b1f81f0caf215ee0996544f095f7cfbde50f22f6c81e8519af9eb2fae09c26,2026-08-22,normalized_full_name_exact,,,,,,,,,,46.75,97.0,239.0,10.0,4.0,1.0,9.0,3.0,2.0,2.0,1.0,0.0,93.0,190.0,5.0,2.0,6.0,2.0,3.0,0.047811943768517315,15.583333333333334,0.40585774058577406,3.0927835051546393,4.0,9.88,0.5060728744939271,0.1111111111111111,0.0,0.010309278350515464,0.5555555555555556,0.2222222222222222,2.368421052631579,1.5463917525773196,40.21666666666667,79.0,157.0,12.0,10.0,2.0,8.0,5.0,2.0,2.0,3.0,2.0,79.0,158.0,0.0,0.0,7.0,0.0,2.0,0.05409356725146201,20.108333333333334,0.5031847133757962,9.49367088607595,5.0,8.88,0.6756756756756757,0.375,0.6666666666666666,0.02531645569620253,0.0,0.25,3.3227848101265822,0.0,192.38333333333333,376.0,942.0,52.0,29.0,9.0,45.0,18.0,11.0,9.0,6.0,3.0,380.0,756.0,21.0,7.0,24.0,5.0,12.0,0.07621953443243977,16.031944444444445,0.3991507430997877,5.784574468085107,3.2222222222222223,49.84,0.521669341894061,0.13333333333333333,0.5,0.023936170212765957,0.4666666666666667,0.24444444444444444,2.380952380952381,0.9973404255319149,3.0,2.0,43.0,True,False,False,True,False,False,False,True,False,insufficient_recent_possessions,not_age_experience_eligible,excluded
1643440,Darianna Littlepage-Buggs,WAS,Guard,G,True,active,6.0,Darianna Littlepage-Buggs,5106145.0,Darianna Littlepage-Buggs,WAS,experience_le_3,2003-09-23T07:00Z,22.0,0.0,True,True,active,reviewed,Krystal Beasley,2026-08-22,ESPN,https://www.espn.com/wnba/player/bio/_/id/5106145/darianna-littlepage-buggs,analysis/role_fulfillment_matrix/data/live_inputs/player_core_2026.csv,e5b1f81f0caf215ee0996544f095f7cfbde50f22f6c81e8519af9eb2fae09c26,2026-08-22,normalized_full_name_exact,Darianna Littlepage-Buggs,WAS,downhill_pressure_wing,interior_hub_rebounder,0.25,reviewed,Krystal Beasley,2026-09-29,Reviewed with limited-sample safeguard; live score deferred until sample grows,4.316666666666666,8.0,85.0,5.0,0.0,0.0,2.0,2.0,0.0,0.0,1.0,1.0,9.0,17.0,1.0,1.0,1.0,0.0,1.0,0.0,4.316666666666666,0.09411764705882353,0.0,,2.0,1.25,0.5,1.0,0.0,0.5,0.0,4.411764705882353,0.0,,,,,,,,,,,,,,,,,,,,,,,,,,,,,,,,,,7.166666666666666,13.0,306.0,5.0,0.0,0.0,3.0,2.0,0.0,0.0,1.0,1.0,17.0,30.0,1.0,1.0,1.0,0.0,4.0,0.03434008268762039,1.7916666666666665,0.042483660130718956,0.0,,3.0,0.8333333333333334,0.3333333333333333,1.0,0.0,0.3333333333333333,0.0,2.5,0.0,3.0,2.0,43.0,False,False,True,True,False,False,False,True,False,insufficient_recent_sample,insufficient_recent_sample,excluded
1642802,Lucy Olsen,WAS,Guard,G,True,active,6.0,Lucy Olsen,4433815.0,Lucy Olsen,WAS,experience_le_3,2003-05-26T07:00Z,23.0,2.0,True,True,active,reviewed,Krystal Beasley,2026-08-22,ESPN,https://www.espn.com/wnba/player/bio/_/id/4433815/lucy-olsen,analysis/role_fulfillment_matrix/data/live_inputs/player_core_2026.csv,e5b1f81f0caf215ee0996544f095f7cfbde50f22f6c81e8519af9eb2fae09c26,2026-08-22,normalized_full_name_exact,Lucy Olsen,WAS,perimeter_scorer_spacer,secondary_creator_connector,0.5,reviewed,Krystal Beasley,2026-09-29,Reviewed combo scorer; high three volume in a bench role,6.266666666666667,11.0,239.0,3.0,0.0,1.0,2.0,1.0,1.0,1.0,0.0,0.0,14.0,25.0,1.0,0.0,0.0,0.0,3.0,0.03558151109427375,2.088888888888889,0.04602510460251046,0.0,0.0,2.44,0.6147540983606558,0.0,,0.09090909090909091,0.5,0.5,0.0,0.0,,,,,,,,,,,,,,,,,,,,,,,,,,,,,,,,,,144.53333333333333,279.0,1755.0,55.0,18.0,11.0,44.0,19.0,11.0,9.0,7.0,3.0,293.0,572.0,21.0,8.0,11.0,1.0,22.0,0.11895659067441383,6.569696969696969,0.15897435897435896,4.838709677419355,1.6363636363636365,48.84,0.563063063063063,0.1590909090909091,0.42857142857142855,0.03942652329749104,0.4772727272727273,0.25,1.4423076923076923,0.26881720430107525,3.0,2.0,43.0,True,False,False,True,False,False,False,True,False,insufficient_recent_possessions,insufficient_recent_possessions,excluded
1630446,Michaela Onyenwere,WAS,Forward,F,True,active,6.0,Michaela Onyenwere,4282173.0,Michaela Onyenwere,WAS,experience_le_3,1999-08-10T07:00Z,27.0,6.0,False,True,active,reviewed,Krystal Beasley,2026-08-22,ESPN,https://www.espn.com/wnba/player/bio/_/id/4282173/michaela-onyenwere,analysis/role_fulfillment_matrix/data/live_inputs/player_core_2026.csv,e5b1f81f0caf215ee0996544f095f7cfbde50f22f6c81e8519af9eb2fae09c26,2026-08-22,normalized_full_name_exact,,,,,,,,,,61.0,123.0,239.0,25.0,4.0,5.0,23.0,9.0,2.0,2.0,5.0,3.0,124.0,247.0,15.0,5.0,3.0,2.0,3.0,0.050833676157608934,20.333333333333332,0.5146443514644351,2.439024390243903,0.8,23.88,0.5234505862646567,0.21739130434782608,0.6,0.04065040650406504,0.6521739130434783,0.08695652173913043,0.9109311740890689,1.2195121951219514,38.2,75.0,157.0,7.0,1.0,4.0,5.0,0.0,8.0,7.0,1.0,0.0,76.0,151.0,4.0,0.0,0.0,0.0,2.0,0.07261208576998056,19.1,0.47770700636942676,1.0,0.25,8.52,0.41079812206572774,0.2,0.0,0.05333333333333334,0.8,1.6,0.0,0.0,966.9166666666666,1888.0,3074.0,345.0,65.0,64.0,264.0,115.0,72.0,60.0,70.0,41.0,1890.0,3778.0,140.0,55.0,100.0,53.0,39.0,0.10877238963511661,24.792735042735043,0.6141834743005855,2.5820974576271185,1.015625,295.68,0.583400974025974,0.26515151515151514,0.5857142857142857,0.03389830508474576,0.5303030303030303,0.2727272727272727,1.985177342509264,2.1054025423728815,3.0,2.0,43.0,True,True,False,False,True,True,False,True,True,recent_sample_met,not_age_experience_eligible,excluded
1643450,Rori Harmon,WAS,Guard,G,True,active,6.0,Rori Harmon,4433523.0,Rori Harmon,WAS,experience_le_3,2003-01-29T08:00Z,23.0,0.0,True,True,active,reviewed,Krystal Beasley,2026-08-22,ESPN,https://www.espn.com/wnba/player/bio/_/id/4433523/rori-harmon,analysis/role_fulfillment_matrix/data/live_inputs/player_core_2026.csv,e5b1f81f0caf215ee0996544f095f7cfbde50f22f6c81e8519af9eb2fae09c26,2026-08-22,normalized_full_name_exact,Rori Harmon,WAS,secondary_creator_connector,,0.35,reviewed,Krystal Beasley,2026-09-29,Reviewed defense-first point guard; live score withheld until offensive sample grows,5.45,10.0,239.0,0.0,3.0,0.0,0.0,0.0,0.0,0.0,0.0,0.0,12.0,22.0,0.0,0.0,0.0,0.0,3.0,0.030108833291013295,1.8166666666666667,0.04184100418410042,22.5,,0.0,,,,0.0,,,0.0,0.0,,,,,,,,,,,,,,,,,,,,,,,,,,,,,,,,,,75.51666666666667,145.0,1185.0,12.0,14.0,12.0,11.0,4.0,4.0,3.0,1.0,1.0,158.0,303.0,5.0,1.0,8.0,0.0,15.0,0.14630959650170322,5.0344444444444445,0.12236286919831224,7.241379310344827,1.1666666666666667,12.76,0.4702194357366771,0.09090909090909091,1.0,0.08275862068965517,0.45454545454545453,0.36363636363636365,1.9801980198019802,0.0,3.0,2.0,43.0,True,False,False,True,False,False,False,True,False,insufficient_recent_possessions,insufficient_recent_possessions,excluded
1631022,Shakira Austin,WAS,Center,C,True,active,6.0,Shakira Austin,4398911.0,Shakira Austin,WAS,experience_le_3,2000-07-25T07:00Z,26.0,5.0,False,True,active,reviewed,Krystal Beasley,2026-08-22,ESPN,https://www.espn.com/wnba/player/bio/_/id/4398911/shakira-austin,analysis/role_fulfillment_matrix/data/live_inputs/player_core_2026.csv,e5b1f81f0caf215ee0996544f095f7cfbde50f22f6c81e8519af9eb2fae09c26,2026-08-22,normalized_full_name_exact,,,,,,,,,,88.86666666666667,172.0,239.0,65.0,9.0,5.0,42.0,22.0,31.0,21.0,21.0,11.0,175.0,347.0,3.0,0.0,30.0,4.0,3.0,0.11135023265500699,29.622222222222224,0.7196652719665272,3.924418604651163,1.8,55.64,0.5841121495327103,0.5,0.5238095238095238,0.029069767441860465,0.07142857142857142,0.7380952380952381,6.4841498559077815,1.744186046511628,59.46666666666667,115.0,157.0,30.0,4.0,4.0,22.0,11.0,10.0,8.0,4.0,3.0,115.0,230.0,1.0,0.0,17.0,1.0,2.0,0.008528265107212413,29.733333333333334,0.732484076433121,2.608695652173913,1.0,26.4,0.5681818181818182,0.18181818181818182,0.75,0.034782608695652174,0.045454545454545456,0.45454545454545453,5.543478260869565,0.6521739130434783,1242.6666666666667,2426.0,3331.0,722.0,106.0,119.0,531.0,261.0,254.0,183.0,234.0,150.0,2433.0,4859.0,53.0,17.0,396.0,78.0,42.0,0.09384039155260265,29.58730158730159,0.7283098168718103,3.2769991755976915,0.8907563025210085,642.76,0.5616404256643226,0.4406779661016949,0.6410256410256411,0.04905193734542457,0.09981167608286252,0.4783427495291902,6.112368800164643,2.411376751854905,3.0,2.0,43.0,True,True,False,False,True,True,False,True,True,recent_sample_met,not_age_experience_eligible,excluded
1629501,Alanna Smith,DAL,Forward,F,True,active,7.0,Alanna Smith,3913881.0,Alanna Smith,DAL,experience_le_3,1996-09-10T07:00Z,29.0,8.0,False,True,active,reviewed,Krystal Beasley,2026-08-22,ESPN,https://www.espn.com/wnba/player/bio/_/id/3913881/alanna-smith,analysis/role_fulfillment_matrix/data/live_inputs/player_core_2026.csv,e5b1f81f0caf215ee0996544f095f7cfbde50f22f6c81e8519af9eb2fae09c26,2026-08-22,normalized_full_name_exact,,,,,,,,,,,,,,,,,,,,,,,,,,,,,,,,,,,,,,,,,,,16.816666666666666,31.0,78.0,7.0,0.0,0.0,4.0,2.0,4.0,3.0,1.0,0.0,31.0,62.0,1.0,0.0,2.0,1.0,1.0,0.0,16.816666666666666,0.3974358974358974,0.0,,5.76,0.607638888888889,0.25,0.0,0.0,0.25,1.0,2.4193548387096775,2.4193548387096775,572.2833333333333,1116.0,2503.0,193.0,33.0,38.0,164.0,75.0,37.0,25.0,62.0,43.0,1119.0,2235.0,69.0,18.0,126.0,36.0,32.0,0.2136287788589661,17.883854166666666,0.4458649620455453,2.217741935483871,0.868421052631579,180.28,0.5352784557355225,0.3780487804878049,0.6935483870967742,0.034050179211469536,0.42073170731707316,0.22560975609756098,4.228187919463087,2.4193548387096775,3.0,1.0,43.0,False,False,True,True,True,False,False,True,False,season_volume_met_recent_sample_insufficient,non_contender_team,excluded
202252,Alysha Clark,DAL,Forward,F,True,active,7.0,Alysha Clark,924.0,Alysha Clark,DAL,experience_le_3,1987-07-07T07:00Z,39.0,14.0,False,True,active,reviewed,Krystal Beasley,2026-08-22,ESPN,https://www.espn.com/wnba/player/bio/_/id/924/alysha-clark,analysis/role_fulfillment_matrix/data/live_inputs/player_core_2026.csv,e5b1f81f0caf215ee0996544f095f7cfbde50f22f6c81e8519af9eb2fae09c26,2026-08-22,normalized_full_name_exact,,,,,,,,,,32.85,68.0,248.0,13.0,2.0,0.0,9.0,4.0,5.0,3.0,1.0,1.0,70.0,138.0,7.0,2.0,6.0,1.0,3.0,0.17381196405343904,10.950000000000001,0.27419354838709675,2.2058823529411766,,11.2,0.5803571428571429,0.1111111111111111,1.0,0.0,0.7777777777777778,0.5555555555555556,3.260869565217391,1.1029411764705883,18.866666666666667,37.0,78.0,8.0,1.0,0.0,3.0,3.0,2.0,0.0,1.0,1.0,37.0,74.0,2.0,2.0,5.0,1.0,1.0,0.0,18.866666666666667,0.47435897435897434,2.027027027027027,,3.88,1.0309278350515465,0.3333333333333333,1.0,0.0,0.6666666666666666,0.6666666666666666,5.0675675675675675,2.027027027027027,341.85,669.0,2363.0,79.0,20.0,15.0,59.0,24.0,26.0,17.0,9.0,6.0,698.0,1367.0,40.0,14.0,51.0,11.0,30.0,0.1681986902724254,11.395000000000001,0.28311468472281,2.242152466367713,1.3333333333333333,70.44,0.5607609312890404,0.15254237288135594,0.6666666666666666,0.02242152466367713,0.6779661016949152,0.4406779661016949,2.7980980248719827,1.2331838565022422,3.0,1.0,43.0,True,False,False,True,True,False,False,True,False,season_volume_met_recent_sample_insufficient,non_contender_team,excluded
1629481,Arike Ogunbowale,DAL,Guard,G,True,active,7.0,Arike Ogunbowale,3904577.0,Arike Ogunbowale,DAL,experience_le_3,1997-03-02T08:00Z,29.0,8.0,False,True,active,reviewed,Krystal Beasley,2026-08-22,ESPN,https://www.espn.com/wnba/player/bio/_/id/3904577/arike-ogunbowale,analysis/role_fulfillment_matrix/data/live_inputs/player_core_2026.csv,e5b1f81f0caf215ee0996544f095f7cfbde50f22f6c81e8519af9eb2fae09c26,2026-08-22,normalized_full_name_exact,,,,,,,,,,94.71666666666667,193.0,248.0,40.0,12.0,4.0,33.0,14.0,10.0,9.0,1.0,1.0,194.0,387.0,18.0,3.0,6.0,2.0,3.0,0.09196751444373717,31.572222222222223,0.7782258064516129,4.66321243523316,3.0,37.4,0.5347593582887701,0.030303030303030304,1.0,0.02072538860103627,0.5454545454545454,0.30303030303030304,1.1627906976744187,0.7772020725388601,23.316666666666666,45.0,78.0,18.0,3.0,0.0,12.0,6.0,3.0,3.0,2.0,1.0,46.0,91.0,5.0,3.0,4.0,0.0,1.0,0.0,23.316666666666666,0.5769230769230769,5.0,,13.32,0.6756756756756757,0.16666666666666666,0.5,0.0,0.4166666666666667,0.25,3.296703296703297,0.0,1286.3666666666668,2519.0,3408.0,649.0,139.0,68.0,527.0,212.0,170.0,151.0,91.0,52.0,2518.0,5037.0,230.0,74.0,130.0,35.0,43.0,0.12836427181792567,29.915503875968994,0.7391431924882629,4.138547042477174,2.0441176470588234,601.8,0.5392156862745099,0.17267552182163187,0.5714285714285714,0.026994839221913456,0.4364326375711575,0.3225806451612903,1.9356759976176297,1.0420801905518062,3.0,1.0,43.0,True,True,False,False,True,True,False,True,True,recent_sample_met,non_contender_team,excluded
1630386,Awak Kuier,DAL,Forward,F,True,active,7.0,Awak Kuier,4790266.0,Awak Kuier,DAL,experience_le_3,2001-08-19T07:00Z,25.0,4.0,False,True,active,reviewed,Krystal Beasley,2026-08-22,ESPN,https://www.espn.com/wnba/player/bio/_/id/4790266/awak-kuier,analysis/role_fulfillment_matrix/data/live_inputs/player_core_2026.csv,e5b1f81f0caf215ee0996544f095f7cfbde50f22f6c81e8519af9eb2fae09c26,2026-08-22,normalized_full_name_exact,,,,,,,,,,78.01666666666667,161.0,248.0,26.0,4.0,4.0,11.0,9.0,6.0,4.0,1.0,1.0,161.0,322.0,4.0,4.0,15.0,0.0,3.0,0.04776534786554711,26.005555555555556,0.6491935483870968,1.8633540372670807,1.0,13.64,0.9530791788856304,0.09090909090909091,1.0,0.024844720496894408,0.36363636363636365,0.5454545454545454,3.493788819875776,0.0,20.216666666666665,40.0,78.0,4.0,1.0,0.0,2.0,1.0,2.0,2.0,2.0,1.0,39.0,79.0,0.0,0.0,8.0,0.0,1.0,0.0,20.216666666666665,0.5128205128205128,1.875,,2.88,0.6944444444444444,1.0,0.5,0.0,0.0,1.0,7.594936708860759,0.0,733.2166666666667,1432.0,3165.0,245.0,41.0,39.0,181.0,91.0,49.0,35.0,65.0,41.0,1445.0,2877.0,76.0,28.0,156.0,29.0,40.0,0.20587732082202848,18.330416666666668,0.4524486571879937,2.147346368715084,1.0512820512820513,202.56,0.604759083728278,0.35911602209944754,0.6307692307692307,0.02723463687150838,0.4198895027624309,0.27071823204419887,4.066736183524505,1.518854748603352,3.0,1.0,43.0,True,True,False,False,True,True,False,True,True,recent_sample_met,non_contender_team,excluded
1642793,Aziaha James,DAL,Guard,G,True,active,7.0,Aziaha James,4433807.0,Aziaha James,DAL,experience_le_3,2002-11-19T08:00Z,23.0,2.0,True,True,active,reviewed,Krystal Beasley,2026-08-22,ESPN,https://www.espn.com/wnba/player/bio/_/id/4433807/aziaha-james,analysis/role_fulfillment_matrix/data/live_inputs/player_core_2026.csv,e5b1f81f0caf215ee0996544f095f7cfbde50f22f6c81e8519af9eb2fae09c26,2026-08-22,normalized_full_name_exact,,,,,,,,,,42.15,89.0,248.0,18.0,4.0,4.0,17.0,6.0,4.0,4.0,1.0,0.0,89.0,178.0,6.0,2.0,6.0,1.0,3.0,0.11229791841180083,14.049999999999999,0.3588709677419355,3.3707865168539324,1.0,18.76,0.4797441364605543,0.058823529411764705,0.0,0.0449438202247191,0.35294117647058826,0.23529411764705882,2.528089887640449,0.8426966292134831,13.4,26.0,78.0,9.0,2.0,1.0,7.0,4.0,0.0,0.0,0.0,0.0,26.0,52.0,1.0,1.0,2.0,1.0,1.0,0.0,13.4,0.3333333333333333,5.769230769230769,2.0,7.0,0.6428571428571429,0.0,,0.038461538461538464,0.14285714285714285,0.0,2.8846153846153846,2.8846153846153846,447.9,906.0,3021.0,233.0,47.0,28.0,216.0,84.0,67.0,50.0,44.0,26.0,926.0,1832.0,61.0,15.0,90.0,22.0,38.0,0.16781409111991719,11.786842105263156,0.2999006951340616,3.890728476821192,1.6785714285714286,245.48,0.47458041388300476,0.2037037037037037,0.5909090909090909,0.03090507726269316,0.2824074074074074,0.3101851851851852,3.684497816593886,1.8211920529801324,3.0,1.0,43.0,True,False,False,True,True,False,False,True,False,season_volume_met_recent_sample_insufficient,non_contender_team,excluded
1643425,Azzi Fudd,DAL,Guard,G,True,active,7.0,Azzi Fudd,4433790.0,Azzi Fudd,DAL,experience_le_3,2002-11-11T08:00Z,23.0,0.0,True,True,active,reviewed,Krystal Beasley,2026-08-22,ESPN,https://www.espn.com/wnba/player/bio/_/id/4433790/azzi-fudd,analysis/role_fulfillment_matrix/data/live_inputs/player_core_2026.csv,e5b1f81f0caf215ee0996544f095f7cfbde50f22f6c81e8519af9eb2fae09c26,2026-08-22,normalized_full_name_exact,,,,,,,,,,,,,,,,,,,,,,,,,,,,,,,,,,,,,,,,,,,,,,,,,,,,,,,,,,,,,,,,,,,,,,,,,,,,950.0333333333333,1882.0,2383.0,393.0,55.0,33.0,342.0,156.0,23.0,19.0,40.0,27.0,1874.0,3756.0,156.0,62.0,52.0,16.0,30.0,0.13639835240794862,31.667777777777776,0.789760805707092,2.1918172157279487,1.6666666666666667,352.12,0.5580483925934341,0.11695906432748537,0.675,0.01753453772582359,0.45614035087719296,0.06725146198830409,1.038338658146965,0.6376195536663124,3.0,1.0,43.0,False,False,True,True,True,False,False,True,False,season_volume_met_recent_sample_insufficient,non_contender_team,excluded
1631090,Christyn Williams,DAL,Guard,G,True,active,7.0,Christyn Williams,4398965.0,Christyn Williams,DAL,experience_le_3,2000-05-20T08:00Z,26.0,1.0,True,True,active,reviewed,Krystal Beasley,2026-09-28,ESPN,https://www.espn.com/wnba/player/bio/_/id/4398965/christyn-williams,analysis/role_fulfillment_matrix/data/live_inputs/player_core_2026.csv,1d772aeb9c1b11313a0ca2706597c84451f546761f3b3dabbadebcd4874f6209,2026-09-28,normalized_full_name_exact,,,,,,,,,,5.866666666666667,14.0,87.0,0.0,1.0,0.0,2.0,0.0,0.0,0.0,0.0,0.0,14.0,28.0,0.0,0.0,1.0,0.0,1.0,0.0,5.866666666666667,0.16091954022988506,5.357142857142857,,2.0,0.0,0.0,,0.0,0.0,0.0,2.6785714285714284,0.0,5.083333333333333,10.0,78.0,1.0,0.0,0.0,2.0,0.0,2.0,1.0,0.0,0.0,10.0,20.0,1.0,0.0,1.0,0.0,1.0,0.0,5.083333333333333,0.1282051282051282,0.0,,2.88,0.1736111111111111,0.0,,0.0,0.5,1.0,3.75,0.0,10.95,24.0,165.0,1.0,1.0,0.0,4.0,0.0,2.0,1.0,0.0,0.0,24.0,48.0,1.0,0.0,2.0,0.0,2.0,0.016357206012378424,5.475,0.14545454545454545,3.125,,4.88,0.10245901639344263,0.0,,0.0,0.25,0.5,3.125,0.0,3.0,1.0,43.0,False,False,True,True,False,False,False,True,False,insufficient_recent_sample,non_contender_team,excluded
1643424,Costanza Verona,DAL,Guard,G,True,active,7.0,Costanza Verona,5345473.0,Costanza Verona,DAL,experience_le_3,1999-08-06T07:00Z,27.0,0.0,True,True,active,reviewed,Krystal Beasley,2026-08-22,ESPN,https://www.espn.com/wnba/player/bio/_/id/5345473/costanza-verona,analysis/role_fulfillment_matrix/data/live_inputs/player_core_2026.csv,e5b1f81f0caf215ee0996544f095f7cfbde50f22f6c81e8519af9eb2fae09c26,2026-08-22,normalized_full_name_exact,,,,,,,,,,,,,,,,,,,,,,,,,,,,,,,,,,,,,,,,,,,,,,,,,,,,,,,,,,,,,,,,,,,,,,,,,,,,5.783333333333333,11.0,82.0,4.0,2.0,0.0,2.0,2.0,0.0,0.0,0.0,0.0,12.0,23.0,0.0,0.0,0.0,0.0,1.0,0.0,5.783333333333333,0.13414634146341464,13.636363636363637,,2.0,1.0,0.0,,0.0,0.0,0.0,0.0,0.0,3.0,1.0,43.0,False,False,True,True,False,False,False,True,False,insufficient_recent_sample,non_contender_team,excluded
espn:4594527,Dulcy Fankam Mendjiadeu,DAL,Forward,F,False,free-agent,7.0,,,,,,,,,,,,,,,,,,,,,,,,,,,,,,,,,,,,,,,,,,,,,,,,,,,,,,,,,,,,,,,,,,,,,,,,,,,,,,,,,,,,,,,,,,,,,,,,,,,,,,,,,,,,,,,,,,,,,,,,,,,,,,,,,,,,False,False,True,True,False,False,False,False,False,insufficient_recent_sample,non_contender_team,excluded
1641650,Haley Jones,DAL,Guard,G,True,active,7.0,Haley Jones,4595910.0,Haley Jones,DAL,experience_le_3,2001-05-23T07:00Z,25.0,4.0,False,True,active,reviewed,Krystal Beasley,2026-08-22,ESPN,https://www.espn.com/wnba/player/bio/_/id/4595910/haley-jones,analysis/role_fulfillment_matrix/data/live_inputs/player_core_2026.csv,e5b1f81f0caf215ee0996544f095f7cfbde50f22f6c81e8519af9eb2fae09c26,2026-08-22,normalized_full_name_exact,,,,,,,,,,4.55,10.0,87.0,0.0,4.0,1.0,1.0,0.0,0.0,0.0,0.0,0.0,12.0,22.0,0.0,0.0,4.0,2.0,1.0,0.0,4.55,0.11494252873563218,30.0,4.0,1.0,0.0,0.0,,0.1,0.0,0.0,13.636363636363637,15.0,7.3,14.0,78.0,2.0,0.0,0.0,3.0,1.0,0.0,0.0,1.0,0.0,14.0,28.0,0.0,0.0,0.0,0.0,1.0,0.0,7.3,0.1794871794871795,0.0,,3.0,0.3333333333333333,0.3333333333333333,0.0,0.0,0.0,0.0,0.0,0.0,14.666666666666666,29.0,326.0,4.0,4.0,1.0,5.0,2.0,0.0,0.0,1.0,0.0,34.0,63.0,0.0,0.0,5.0,2.0,4.0,0.06380184016573603,3.6666666666666665,0.08895705521472393,10.344827586206897,4.0,5.0,0.4,0.2,0.0,0.034482758620689655,0.0,0.0,5.952380952380952,5.172413793103448,3.0,1.0,43.0,False,False,True,True,False,False,False,True,False,insufficient_recent_sample,non_contender_team,excluded
1642808,JJ Quinerly,DAL,Guard,G,False,free-agent,7.0,JJ Quinerly,4434015.0,JJ Quinerly,DAL,experience_le_3,2002-10-24T07:00Z,23.0,1.0,True,False,free-agent,reviewed,Krystal Beasley,2026-08-22,ESPN,https://www.espn.com/wnba/player/bio/_/id/4434015/jj-quinerly,analysis/role_fulfillment_matrix/data/live_inputs/player_core_2026.csv,e5b1f81f0caf215ee0996544f095f7cfbde50f22f6c81e8519af9eb2fae09c26,2026-08-22,normalized_full_name_exact,,,,,,,,,,,,,,,,,,,,,,,,,,,,,,,,,,,,,,,,,,,,,,,,,,,,,,,,,,,,,,,,,,,,,,,,,,,,12.433333333333334,23.0,164.0,2.0,2.0,0.0,3.0,1.0,0.0,0.0,0.0,0.0,24.0,47.0,1.0,0.0,1.0,0.0,2.0,0.07926829268292684,6.216666666666667,0.1402439024390244,6.521739130434782,,3.0,0.3333333333333333,0.0,,0.0,0.3333333333333333,0.0,1.5957446808510638,0.0,3.0,1.0,43.0,False,False,True,True,False,False,False,False,False,insufficient_recent_sample,non_contender_team,excluded
1629491,Jessica Shepard,DAL,Forward,F,True,active,7.0,Jessica Shepard,3906949.0,Jessica Shepard,DAL,experience_le_3,1996-09-11T07:00Z,29.0,6.0,False,True,active,reviewed,Krystal Beasley,2026-08-22,ESPN,https://www.espn.com/wnba/player/bio/_/id/3906949/jessica-shepard,analysis/role_fulfillment_matrix/data/live_inputs/player_core_2026.csv,e5b1f81f0caf215ee0996544f095f7cfbde50f22f6c81e8519af9eb2fae09c26,2026-08-22,normalized_full_name_exact,,,,,,,,,,90.91666666666666,190.0,248.0,40.0,23.0,6.0,36.0,14.0,20.0,12.0,9.0,6.0,186.0,376.0,0.0,0.0,36.0,9.0,3.0,0.09533527335834803,30.305555555555554,0.7661290322580645,9.078947368421053,3.8333333333333335,44.8,0.44642857142857145,0.25,0.6666666666666666,0.031578947368421054,0.0,0.5555555555555556,7.180851063829787,3.5526315789473686,25.366666666666667,49.0,78.0,17.0,4.0,5.0,6.0,4.0,11.0,9.0,5.0,4.0,48.0,97.0,0.0,0.0,10.0,2.0,1.0,0.0,25.366666666666667,0.6282051282051282,6.122448979591836,0.8,10.84,0.7841328413284133,0.8333333333333334,0.8,0.10204081632653061,0.0,1.8333333333333333,7.731958762886597,3.061224489795918,1300.6833333333334,2559.0,3249.0,588.0,211.0,79.0,419.0,239.0,160.0,109.0,209.0,154.0,2554.0,5113.0,11.0,1.0,456.0,117.0,41.0,0.15362918052817548,31.7239837398374,0.7876269621421976,6.184056271981243,2.670886075949367,489.4,0.6007355946056396,0.4988066825775656,0.7368421052631579,0.03087143415396639,0.026252983293556086,0.3818615751789976,6.6888323880305105,3.429073856975381,3.0,1.0,43.0,True,True,False,False,True,True,False,True,True,recent_sample_met,non_contender_team,excluded
1629490,Kitija Laksa,DAL,Guard,G,True,active,7.0,Kitija Laksa,3920741.0,Kitija Laksa,DAL,experience_le_3,1996-05-21T07:00Z,30.0,1.0,True,True,active,reviewed,Krystal Beasley,2026-09-28,ESPN,https://www.espn.com/wnba/player/bio/_/id/3920741/kitija-laksa,analysis/role_fulfillment_matrix/data/live_inputs/player_core_2026.csv,1d772aeb9c1b11313a0ca2706597c84451f546761f3b3dabbadebcd4874f6209,2026-09-28,normalized_full_name_exact,,,,,,,,,,33.35,69.0,248.0,12.0,0.0,3.0,17.0,5.0,0.0,0.0,0.0,0.0,71.0,140.0,9.0,2.0,7.0,3.0,3.0,0.0651861106414742,11.116666666666667,0.2782258064516129,0.0,0.0,17.0,0.35294117647058826,0.0,,0.043478260869565216,0.5294117647058824,0.0,3.75,3.260869565217391,,,,,,,,,,,,,,,,,,,,,,,,,,,,,,,,,,33.35,69.0,248.0,12.0,0.0,3.0,17.0,5.0,0.0,0.0,0.0,0.0,71.0,140.0,9.0,2.0,7.0,3.0,3.0,0.0651861106414742,11.116666666666667,0.2782258064516129,0.0,0.0,17.0,0.35294117647058826,0.0,,0.043478260869565216,0.5294117647058824,0.0,3.75,3.260869565217391,3.0,1.0,43.0,True,False,False,True,False,False,False,True,False,insufficient_recent_possessions,non_contender_team,excluded
1629574,Li Yueru,DAL,Center,C,True,active,7.0,Li Yueru,4336633.0,Li Yueru,DAL,experience_le_3,1999-03-28T08:00Z,27.0,4.0,False,True,active,reviewed,Krystal Beasley,2026-08-22,ESPN,https://www.espn.com/wnba/player/bio/_/id/4336633/li-yueru,analysis/role_fulfillment_matrix/data/live_inputs/player_core_2026.csv,e5b1f81f0caf215ee0996544f095f7cfbde50f22f6c81e8519af9eb2fae09c26,2026-08-22,normalized_full_name_exact,,,,,,,,,,35.36666666666667,71.0,248.0,13.0,1.0,0.0,10.0,4.0,5.0,5.0,6.0,4.0,73.0,144.0,2.0,0.0,15.0,4.0,3.0,0.010031323243228902,11.78888888888889,0.2862903225806452,1.056338028169014,,12.2,0.5327868852459017,0.6,0.6666666666666666,0.0,0.2,0.5,7.8125,4.225352112676056,13.483333333333333,27.0,78.0,3.0,1.0,3.0,1.0,0.0,4.0,3.0,0.0,0.0,27.0,54.0,0.0,0.0,2.0,0.0,1.0,0.0,13.483333333333333,0.34615384615384615,2.7777777777777777,0.3333333333333333,2.76,0.5434782608695653,0.0,,0.1111111111111111,0.0,4.0,2.7777777777777777,0.0,333.8333333333333,666.0,2551.0,110.0,14.0,19.0,80.0,31.0,53.0,40.0,31.0,21.0,681.0,1347.0,35.0,8.0,91.0,29.0,32.0,0.16260195439419856,10.432291666666666,0.26107408859270875,1.5765765765765767,0.7368421052631579,103.32,0.532326751838947,0.3875,0.6774193548387096,0.028528528528528527,0.4375,0.6625,5.066815144766148,3.2657657657657655,3.0,1.0,43.0,True,False,False,True,True,False,False,True,False,season_volume_met_recent_sample_insufficient,non_contender_team,excluded
1641652,Maddy Siegrist,DAL,Forward,F,True,active,7.0,Maddy Siegrist,4399415.0,Maddy Siegrist,DAL,experience_le_3,2000-05-22T07:00Z,26.0,4.0,False,True,active,reviewed,Krystal Beasley,2026-08-22,ESPN,https://www.espn.com/wnba/player/bio/_/id/4399415/maddy-siegrist,analysis/role_fulfillment_matrix/data/live_inputs/player_core_2026.csv,e5b1f81f0caf215ee0996544f095f7cfbde50f22f6c81e8519af9eb2fae09c26,2026-08-22,normalized_full_name_exact,,,,,,,,,,53.71666666666667,111.0,248.0,24.0,2.0,2.0,21.0,9.0,2.0,1.0,2.0,2.0,111.0,222.0,11.0,5.0,5.0,4.0,3.0,0.13377386155872392,17.905555555555555,0.4475806451612903,1.3513513513513513,1.0,21.88,0.5484460694698355,0.09523809523809523,1.0,0.018018018018018018,0.5238095238095238,0.09523809523809523,1.689189189189189,2.7027027027027026,16.133333333333333,33.0,78.0,11.0,1.0,0.0,7.0,5.0,0.0,0.0,1.0,1.0,34.0,67.0,2.0,1.0,2.0,0.0,1.0,0.0,16.133333333333333,0.4230769230769231,2.272727272727273,,7.0,0.7857142857142857,0.14285714285714285,1.0,0.0,0.2857142857142857,0.0,2.2388059701492535,0.0,580.5666666666667,1155.0,3168.0,257.0,35.0,12.0,210.0,100.0,29.0,24.0,51.0,36.0,1164.0,2319.0,81.0,33.0,106.0,36.0,40.0,0.1402278376010759,14.514166666666668,0.3645833333333333,2.272727272727273,2.9166666666666665,222.76,0.5768540132878435,0.24285714285714285,0.7058823529411765,0.01038961038961039,0.38571428571428573,0.1380952380952381,3.4282018111254855,2.3376623376623376,3.0,1.0,43.0,True,True,False,False,True,True,False,True,True,recent_sample_met,non_contender_team,excluded
203824,Odyssey Sims,DAL,Guard,G,True,active,7.0,Odyssey Sims,2529047.0,Odyssey Sims,DAL,experience_le_3,1992-07-13T07:00Z,34.0,13.0,False,True,active,reviewed,Krystal Beasley,2026-08-22,ESPN,https://www.espn.com/wnba/player/bio/_/id/2529047/odyssey-sims,analysis/role_fulfillment_matrix/data/live_inputs/player_core_2026.csv,e5b1f81f0caf215ee0996544f095f7cfbde50f22f6c81e8519af9eb2fae09c26,2026-08-22,normalized_full_name_exact,,,,,,,,,,38.150000000000006,77.0,248.0,9.0,8.0,3.0,9.0,4.0,2.0,1.0,2.0,2.0,78.0,155.0,2.0,0.0,4.0,2.0,3.0,0.15810171459222572,12.716666666666669,0.31048387096774194,7.792207792207793,2.6666666666666665,9.88,0.4554655870445344,0.2222222222222222,1.0,0.03896103896103896,0.2222222222222222,0.2222222222222222,1.935483870967742,1.9480519480519483,3.45,7.0,78.0,0.0,0.0,0.0,0.0,0.0,0.0,0.0,0.0,0.0,8.0,15.0,0.0,0.0,0.0,0.0,1.0,0.0,3.45,0.08974358974358974,0.0,,0.0,,,,0.0,,,0.0,0.0,490.76666666666665,949.0,2673.0,157.0,70.0,34.0,145.0,55.0,38.0,32.0,42.0,25.0,972.0,1921.0,49.0,15.0,33.0,5.0,34.0,0.20448701426282168,14.434313725490195,0.3550317994762439,5.53213909378293,2.0588235294117645,161.72,0.48540687608211724,0.2896551724137931,0.5952380952380952,0.03582718651211802,0.33793103448275863,0.2620689655172414,1.288391462779802,0.3951527924130664,3.0,1.0,43.0,True,False,False,True,True,False,False,True,False,season_volume_met_recent_sample_insufficient,non_contender_team,excluded
1642784,Paige Bueckers,DAL,Guard,G,True,active,7.0,Paige Bueckers,4433730.0,Paige Bueckers,DAL,experience_le_3,2001-10-20T07:00Z,24.0,2.0,True,True,active,reviewed,Krystal Beasley,2026-08-22,ESPN,https://www.espn.com/wnba/player/bio/_/id/4433730/paige-bueckers,analysis/role_fulfillment_matrix/data/live_inputs/player_core_2026.csv,e5b1f81f0caf215ee0996544f095f7cfbde50f22f6c81e8519af9eb2fae09c26,2026-08-22,normalized_full_name_exact,,,,,,,,,,90.33333333333334,187.0,248.0,75.0,15.0,8.0,54.0,30.0,7.0,5.0,1.0,0.0,186.0,373.0,19.0,10.0,15.0,0.0,3.0,0.08069133429535225,30.111111111111114,0.7540322580645161,6.016042780748664,1.875,57.08,0.6569726699369306,0.018518518518518517,0.0,0.0427807486631016,0.35185185185185186,0.12962962962962962,3.0160857908847185,0.0,25.383333333333333,49.0,78.0,15.0,6.0,1.0,13.0,6.0,2.0,2.0,1.0,1.0,48.0,97.0,3.0,1.0,2.0,1.0,1.0,0.0,25.383333333333333,0.6282051282051282,9.183673469387754,6.0,13.88,0.5403458213256483,0.07692307692307693,1.0,0.02040816326530612,0.23076923076923078,0.15384615384615385,1.5463917525773196,1.530612244897959,1345.8833333333334,2660.0,3249.0,853.0,240.0,89.0,639.0,326.0,141.0,122.0,69.0,53.0,2651.0,5311.0,193.0,79.0,169.0,26.0,41.0,0.10059891000838754,32.826422764227644,0.8187134502923976,6.7669172932330826,2.696629213483146,701.04,0.6083818327056945,0.107981220657277,0.7681159420289855,0.033458646616541354,0.30203442879499215,0.22065727699530516,2.386556204104689,0.7330827067669173,3.0,1.0,43.0,True,True,False,False,True,True,False,True,True,recent_sample_met,non_contender_team,excluded
1630134,Sug Sutton,DAL,Guard,G,True,active,7.0,Sug Sutton,4068159.0,Sug Sutton,DAL,experience_le_3,1998-12-17T08:00Z,27.0,5.0,False,True,active,reviewed,Krystal Beasley,2026-08-22,ESPN,https://www.espn.com/wnba/player/bio/_/id/4068159/sug-sutton,analysis/role_fulfillment_matrix/data/live_inputs/player_core_2026.csv,e5b1f81f0caf215ee0996544f095f7cfbde50f22f6c81e8519af9eb2fae09c26,2026-08-22,normalized_full_name_exact,,,,,,,,,,,,,,,,,,,,,,,,,,,,,,,,,,,,,,,,,,,11.166666666666666,22.0,78.0,2.0,1.0,0.0,3.0,1.0,0.0,0.0,0.0,0.0,22.0,44.0,1.0,0.0,3.0,0.0,1.0,0.0,11.166666666666666,0.28205128205128205,3.409090909090909,,3.0,0.3333333333333333,0.0,,0.0,0.3333333333333333,0.0,5.113636363636363,0.0,188.83333333333334,371.0,1742.0,50.0,33.0,15.0,43.0,21.0,4.0,3.0,8.0,5.0,388.0,759.0,18.0,5.0,16.0,1.0,22.0,0.1390309374501873,8.583333333333334,0.2129735935706085,6.671159029649595,2.2,44.76,0.5585344057193924,0.18604651162790697,0.625,0.04043126684636118,0.4186046511627907,0.09302325581395349,1.5810276679841897,0.20215633423180593,3.0,1.0,43.0,False,False,True,True,False,False,False,True,False,insufficient_recent_sample,non_contender_team,excluded
1643525,Alex Fowler,NYL,Forward,F,False,free-agent,8.0,Alex Fowler,4595823.0,Alex Fowler,NYL,experience_le_3,2001-07-21T07:00Z,25.0,0.0,True,False,free-agent,reviewed,Krystal Beasley,2026-08-22,ESPN,https://www.espn.com/wnba/player/bio/_/id/4595823/alex-fowler,analysis/role_fulfillment_matrix/data/live_inputs/player_core_2026.csv,e5b1f81f0caf215ee0996544f095f7cfbde50f22f6c81e8519af9eb2fae09c26,2026-08-22,normalized_full_name_exact,,,,,,,,,,,,,,,,,,,,,,,,,,,,,,,,,,,,,,,,,,,,,,,,,,,,,,,,,,,,,,,,,,,,,,,,,,,,31.283333333333335,64.0,160.0,12.0,1.0,3.0,10.0,4.0,2.0,2.0,2.0,2.0,63.0,127.0,7.0,2.0,0.0,0.0,2.0,0.012549019607843118,15.641666666666667,0.4,1.171875,0.3333333333333333,10.88,0.551470588235294,0.2,1.0,0.046875,0.7,0.2,0.0,0.0,3.0,2.0,43.0,False,False,True,True,False,False,False,False,False,insufficient_recent_sample,non_contender_team,excluded
1630993,Anneli Maley,NYL,Forward,F,True,active,8.0,Anneli Maley,4281930.0,Anneli Maley,NYL,experience_le_3,1998-09-01T07:00Z,27.0,2.0,True,True,active,reviewed,Krystal Beasley,2026-08-22,ESPN,https://www.espn.com/wnba/player/bio/_/id/4281930/anneli-maley,analysis/role_fulfillment_matrix/data/live_inputs/player_core_2026.csv,e5b1f81f0caf215ee0996544f095f7cfbde50f22f6c81e8519af9eb2fae09c26,2026-08-22,normalized_full_name_exact,Anneli Maley,NYL,interior_hub_rebounder,perimeter_scorer_spacer,0.7,reviewed,Krystal Beasley,2026-08-22,Reviewed with insufficient-recent-sample safeguard,7.5,14.0,78.0,0.0,2.0,0.0,0.0,0.0,0.0,0.0,0.0,0.0,15.0,29.0,0.0,0.0,1.0,0.0,1.0,0.0,7.5,0.1794871794871795,10.714285714285714,,0.0,,,,0.0,,,2.586206896551724,0.0,4.883333333333333,9.0,80.0,0.0,0.0,1.0,2.0,0.0,0.0,0.0,1.0,0.0,10.0,19.0,0.0,0.0,0.0,0.0,1.0,0.0,4.883333333333333,0.1125,0.0,0.0,2.0,0.0,0.5,0.0,0.1111111111111111,0.0,0.0,0.0,0.0,71.08333333333333,138.0,645.0,5.0,4.0,1.0,13.0,1.0,2.0,2.0,4.0,0.0,146.0,284.0,6.0,1.0,10.0,5.0,8.0,0.07399085919346442,8.885416666666666,0.21395348837209302,2.1739130434782608,4.0,13.88,0.18011527377521613,0.3076923076923077,0.0,0.007246376811594203,0.46153846153846156,0.15384615384615385,2.6408450704225355,2.717391304347826,3.0,2.0,43.0,False,False,True,True,False,False,False,True,False,insufficient_recent_sample,non_contender_team,excluded
1642826,Aubrey Griffin,NYL,Forward,F,False,inactive,8.0,Aubrey Griffin,4432844.0,Aubrey Griffin,NYL,experience_le_3,2001-11-06T08:00Z,24.0,0.0,True,False,inactive,reviewed,Krystal Beasley,2026-08-22,ESPN,https://www.espn.com/wnba/player/bio/_/id/4432844/aubrey-griffin,analysis/role_fulfillment_matrix/data/live_inputs/player_core_2026.csv,e5b1f81f0caf215ee0996544f095f7cfbde50f22f6c81e8519af9eb2fae09c26,2026-08-22,normalized_full_name_exact,Aubrey Griffin,NYL,downhill_pressure_wing,,0.25,reviewed,Krystal Beasley,2026-08-22,Reviewed low-confidence hypothesis with inactive score suppression,,,,,,,,,,,,,,,,,,,,,,,,,,,,,,,,,,,,,,,,,,,,,,,,,,,,,,,,,,,,,,,,,,,7.716666666666667,19.0,337.0,2.0,0.0,1.0,1.0,1.0,0.0,0.0,0.0,0.0,20.0,39.0,0.0,0.0,1.0,0.0,4.0,0.050102320923993277,1.9291666666666667,0.05637982195845697,0.0,0.0,1.0,1.0,0.0,,0.05263157894736842,0.0,0.0,1.923076923076923,0.0,3.0,2.0,43.0,False,False,True,True,False,False,True,True,False,insufficient_recent_sample,non_contender_team,excluded
1627668,Breanna Stewart,NYL,Forward,F,True,active,8.0,Breanna Stewart,2998928.0,Breanna Stewart,NYL,experience_le_3,1994-08-27T07:00Z,31.0,10.0,False,True,active,reviewed,Krystal Beasley,2026-08-22,ESPN,https://www.espn.com/wnba/player/bio/_/id/2998928/breanna-stewart,analysis/role_fulfillment_matrix/data/live_inputs/player_core_2026.csv,e5b1f81f0caf215ee0996544f095f7cfbde50f22f6c81e8519af9eb2fae09c26,2026-08-22,normalized_full_name_exact,,,,,,,,,,96.95,199.0,242.0,78.0,12.0,5.0,50.0,29.0,23.0,18.0,14.0,10.0,200.0,399.0,6.0,2.0,32.0,5.0,3.0,0.1796314729546167,32.31666666666667,0.8223140495867769,4.522613065326633,2.4,60.12,0.6487025948103793,0.28,0.7142857142857143,0.02512562814070352,0.12,0.46,6.015037593984962,1.8844221105527639,59.1,112.0,150.0,29.0,3.0,1.0,21.0,8.0,15.0,13.0,5.0,1.0,113.0,225.0,3.0,0.0,15.0,3.0,2.0,0.06339285714285714,29.55,0.7466666666666667,2.008928571428571,3.0,27.6,0.5253623188405797,0.23809523809523808,0.2,0.008928571428571428,0.14285714285714285,0.7142857142857143,5.0,2.008928571428571,1383.6833333333334,2752.0,3358.0,875.0,137.0,85.0,633.0,300.0,290.0,244.0,194.0,126.0,2754.0,5506.0,122.0,31.0,348.0,64.0,42.0,0.09470082118216211,32.94484126984127,0.8195354377605718,3.733648255813953,1.611764705882353,760.6,0.5752037864843544,0.30647709320695105,0.6494845360824743,0.030886627906976744,0.19273301737756715,0.45813586097946285,4.740283327279332,1.744186046511628,3.0,2.0,43.0,True,True,False,False,True,True,False,True,True,recent_sample_met,non_contender_team,excluded
espn:4398589,Elizabeth Balogun,NYL,Guard,G,True,active,8.0,Elizabeth Balogun,4398589.0,Elizabeth Balogun,NYL,experience_le_3,2000-09-09T08:00Z,25.0,0.0,True,True,active,reviewed,Krystal Beasley,2026-08-25,ESPN,https://www.espn.com/wnba/player/bio/_/id/4398589/elizabeth-balogun,analysis/role_fulfillment_matrix/data/live_inputs/player_core_2026.csv,2a5d1ec99e818b4ea65c6370a6716fb5e605e78b4817bd0f6e1cc96ca2fb5224,2026-08-25,espn_roster_identity_no_pbpstats_record,Elizabeth Balogun,NYL,perimeter_scorer_spacer,,0.7,reviewed,Krystal Beasley,2026-08-25,Reviewed from 2026 FIBA three-point volume; current-team live score withheld until WNBA sample meets safeguards,,,,,,,,,,,,,,,,,,,,,,,,,,,,,,,,,,,,,,,,,,,,,,,,,,,,,,,,,,,,,,,,,,,,,,,,,,,,,,,,,,,,,,,,,,,,,,,,,,,,,,,False,False,True,True,False,False,False,True,False,insufficient_recent_sample,non_contender_team,excluded
1629566,Han Xu,NYL,Center,C,True,active,8.0,Han Xu,4337216.0,Han Xu,NYL,experience_le_3,1999-10-31T07:00Z,26.0,4.0,False,True,active,reviewed,Krystal Beasley,2026-08-22,ESPN,https://www.espn.com/wnba/player/bio/_/id/4337216/han-xu,analysis/role_fulfillment_matrix/data/live_inputs/player_core_2026.csv,e5b1f81f0caf215ee0996544f095f7cfbde50f22f6c81e8519af9eb2fae09c26,2026-08-22,normalized_full_name_exact,,,,,,,,,,25.033333333333335,49.0,242.0,9.0,3.0,0.0,8.0,4.0,0.0,0.0,3.0,2.0,51.0,100.0,1.0,1.0,4.0,3.0,3.0,0.1342098932873643,8.344444444444445,0.2024793388429752,4.591836734693877,,8.0,0.5625,0.375,0.6666666666666666,0.0,0.125,0.0,3.0,4.591836734693877,26.716666666666665,48.0,150.0,19.0,2.0,0.0,12.0,6.0,5.0,5.0,4.0,3.0,48.0,96.0,4.0,2.0,6.0,3.0,2.0,0.11249999999999999,13.358333333333333,0.32,3.125,,14.2,0.6690140845070423,0.3333333333333333,0.75,0.0,0.3333333333333333,0.4166666666666667,4.6875,4.6875,582.9,1166.0,3440.0,266.0,31.0,19.0,199.0,101.0,33.0,28.0,57.0,42.0,1175.0,2341.0,88.0,36.0,107.0,34.0,43.0,0.13485746137184784,13.555813953488371,0.33895348837209305,1.9939965694682675,1.631578947368421,213.52,0.6228924690895467,0.2864321608040201,0.7368421052631579,0.016295025728987993,0.44221105527638194,0.1658291457286432,3.4280222127296027,2.18696397941681,3.0,2.0,43.0,True,False,False,True,True,False,False,True,False,season_volume_met_recent_sample_insufficient,non_contender_team,excluded
1627673,Jonquel Jones,NYL,Center,C,True,active,8.0,Jonquel Jones,2999101.0,Jonquel Jones,NYL,experience_le_3,1994-01-05T08:00Z,32.0,10.0,False,True,active,reviewed,Krystal Beasley,2026-08-22,ESPN,https://www.espn.com/wnba/player/bio/_/id/2999101/jonquel-jones,analysis/role_fulfillment_matrix/data/live_inputs/player_core_2026.csv,e5b1f81f0caf215ee0996544f095f7cfbde50f22f6c81e8519af9eb2fae09c26,2026-08-22,normalized_full_name_exact,,,,,,,,,,84.8,172.0,242.0,47.0,5.0,10.0,37.0,19.0,7.0,4.0,17.0,10.0,174.0,346.0,13.0,5.0,25.0,2.0,3.0,0.1457494436401936,28.266666666666666,0.7107438016528925,2.1802325581395348,0.5,40.08,0.5863273453093812,0.4594594594594595,0.5882352941176471,0.05813953488372093,0.35135135135135137,0.1891891891891892,5.419075144508671,0.872093023255814,44.96666666666667,85.0,150.0,29.0,1.0,3.0,20.0,9.0,5.0,4.0,4.0,2.0,85.0,170.0,13.0,7.0,11.0,3.0,2.0,0.07142857142857142,22.483333333333334,0.5666666666666667,0.8823529411764706,0.3333333333333333,22.2,0.6531531531531531,0.2,0.5,0.03529411764705882,0.65,0.25,4.852941176470589,2.6470588235294117,1193.6333333333332,2347.0,3359.0,615.0,109.0,91.0,423.0,210.0,145.0,118.0,137.0,91.0,2360.0,4707.0,195.0,77.0,376.0,83.0,42.0,0.12885944748474504,28.419841269841267,0.6987198571003275,3.4831700042607587,1.1978021978021978,486.8,0.6316762530813476,0.32387706855791965,0.6642335766423357,0.03877290157648061,0.46099290780141844,0.34278959810874704,5.991077119184193,2.6523221133361736,3.0,2.0,43.0,True,True,False,False,True,True,False,True,True,recent_sample_met,non_contender_team,excluded
1642210,Julie Vanloo,NYL,Guard,G,False,free-agent,8.0,Julie Vanloo,2566110.0,Julie Vanloo,NYL,experience_le_3,1993-02-10T08:00Z,33.0,2.0,True,False,free-agent,reviewed,Krystal Beasley,2026-08-22,ESPN,https://www.espn.com/wnba/player/bio/_/id/2566110/julie-vanloo,analysis/role_fulfillment_matrix/data/live_inputs/player_core_2026.csv,e5b1f81f0caf215ee0996544f095f7cfbde50f22f6c81e8519af9eb2fae09c26,2026-08-22,normalized_full_name_exact,,,,,,,,,,,,,,,,,,,,,,,,,,,,,,,,,,,,,,,,,,,,,,,,,,,,,,,,,,,,,,,,,,,,,,,,,,,,81.13333333333334,174.0,412.0,29.0,27.0,12.0,17.0,9.0,4.0,4.0,2.0,2.0,174.0,348.0,14.0,7.0,10.0,1.0,5.0,0.10601352724656708,16.226666666666667,0.4223300970873786,11.63793103448276,2.25,18.76,0.7729211087420041,0.11764705882352941,1.0,0.06896551724137931,0.8235294117647058,0.23529411764705882,2.155172413793103,0.43103448275862066,3.0,2.0,43.0,False,False,True,True,False,False,False,False,False,insufficient_recent_sample,non_contender_team,excluded
1630142,Leonie Fiebich,NYL,Forward,F,True,active,8.0,Leonie Fiebich,4683006.0,Leonie Fiebich,NYL,experience_le_3,2000-01-10T08:00Z,26.0,3.0,True,True,active,reviewed,Krystal Beasley,2026-08-22,ESPN,https://www.espn.com/wnba/player/bio/_/id/4683006/leonie-fiebich,analysis/role_fulfillment_matrix/data/live_inputs/player_core_2026.csv,e5b1f81f0caf215ee0996544f095f7cfbde50f22f6c81e8519af9eb2fae09c26,2026-08-22,normalized_full_name_exact,Leonie Fiebich,NYL,perimeter_scorer_spacer,secondary_creator_connector,0.95,reviewed,Krystal Beasley,2026-08-22,Reviewed with season-volume fallback flag,83.36666666666667,169.0,242.0,10.0,10.0,4.0,13.0,3.0,2.0,1.0,1.0,0.0,169.0,338.0,10.0,3.0,11.0,4.0,3.0,0.09624180764518808,27.78888888888889,0.6983471074380165,4.437869822485207,2.5,13.88,0.36023054755043227,0.07692307692307693,0.0,0.023668639053254437,0.7692307692307693,0.15384615384615385,2.440828402366864,1.7751479289940828,61.5,116.0,150.0,14.0,3.0,3.0,13.0,4.0,4.0,3.0,2.0,1.0,115.0,231.0,9.0,3.0,10.0,3.0,2.0,0.03839285714285712,30.75,0.7733333333333333,1.9396551724137931,1.0,14.76,0.4742547425474255,0.15384615384615385,0.5,0.02586206896551724,0.6923076923076923,0.3076923076923077,3.2467532467532467,1.9396551724137931,586.45,1146.0,1571.0,184.0,44.0,34.0,138.0,60.0,34.0,29.0,28.0,17.0,1156.0,2302.0,84.0,35.0,62.0,24.0,20.0,0.09296786959730635,29.3225,0.7294716740929345,2.8795811518324608,1.2941176470588236,152.96,0.6014644351464434,0.2028985507246377,0.6071428571428571,0.029668411867364748,0.6086956521739131,0.2463768115942029,2.0199826238053866,1.5706806282722514,3.0,2.0,43.0,True,True,False,False,True,True,False,True,True,recent_sample_met,non_contender_team,excluded
1642810,Madison Scott,NYL,Guard,G,True,active,8.0,Madison Scott,4433416.0,Madison Scott,NYL,experience_le_3,2001-12-27T08:00Z,24.0,1.0,True,True,active,reviewed,Krystal Beasley,2026-09-28,ESPN,https://www.espn.com/wnba/player/bio/_/id/4433416/madison-scott,analysis/role_fulfillment_matrix/data/live_inputs/player_core_2026.csv,1d772aeb9c1b11313a0ca2706597c84451f546761f3b3dabbadebcd4874f6209,2026-09-28,normalized_full_name_exact,,,,,,,,,,3.8833333333333333,7.0,78.0,4.0,1.0,0.0,2.0,2.0,1.0,0.0,1.0,1.0,8.0,15.0,0.0,0.0,0.0,0.0,1.0,0.0,3.8833333333333333,0.08974358974358974,10.714285714285714,,2.44,0.819672131147541,0.5,1.0,0.0,0.0,0.5,0.0,0.0,,,,,,,,,,,,,,,,,,,,,,,,,,,,,,,,,,3.8833333333333333,7.0,78.0,4.0,1.0,0.0,2.0,2.0,1.0,0.0,1.0,1.0,8.0,15.0,0.0,0.0,0.0,0.0,1.0,0.0,3.8833333333333333,0.08974358974358974,10.714285714285714,,2.44,0.819672131147541,0.5,1.0,0.0,0.0,0.5,0.0,0.0,3.0,2.0,43.0,False,False,True,True,False,False,False,True,False,insufficient_recent_sample,non_contender_team,excluded
1630469,Marine Fauthoux,NYL,Guard,G,True,active,8.0,Marine Fauthoux,4790260.0,Marine Fauthoux,NYL,experience_le_3,2001-01-23T08:00Z,25.0,0.0,True,True,active,reviewed,Krystal Beasley,2026-08-22,ESPN,https://www.espn.com/wnba/player/bio/_/id/4790260/marine-fauthoux,analysis/role_fulfillment_matrix/data/live_inputs/player_core_2026.csv,e5b1f81f0caf215ee0996544f095f7cfbde50f22f6c81e8519af9eb2fae09c26,2026-08-22,normalized_full_name_exact,Marine Fauthoux,NYL,secondary_creator_connector,downhill_pressure_wing,0.85,reviewed,Krystal Beasley,2026-08-22,Reviewed six-role taxonomy assignment,7.833333333333333,14.0,162.0,9.0,1.0,0.0,5.0,4.0,0.0,0.0,3.0,3.0,17.0,31.0,2.0,1.0,2.0,0.0,2.0,0.08974358974358974,3.9166666666666665,0.08641975308641975,5.357142857142857,,5.0,0.9,0.6,1.0,0.0,0.4,0.0,4.838709677419355,0.0,8.1,15.0,150.0,5.0,1.0,0.0,5.0,1.0,4.0,2.0,0.0,0.0,16.0,31.0,4.0,1.0,1.0,0.0,2.0,0.01339285714285714,4.05,0.1,5.0,,6.76,0.3698224852071006,0.0,,0.0,0.8,0.8,2.4193548387096775,0.0,243.05,488.0,1619.0,78.0,36.0,22.0,62.0,25.0,25.0,16.0,14.0,11.0,492.0,980.0,37.0,12.0,39.0,6.0,20.0,0.1729257246740028,12.1525,0.30142063001853,5.532786885245901,1.6363636363636365,73.0,0.5342465753424658,0.22580645161290322,0.7857142857142857,0.045081967213114756,0.5967741935483871,0.4032258064516129,2.9846938775510203,0.9221311475409836,3.0,2.0,43.0,False,False,True,True,False,False,False,True,False,insufficient_recent_sample,non_contender_team,excluded
1629546,Marine Johannes,NYL,Guard,G,True,active,8.0,Marine Johannes,4038379.0,Marine Johannes,NYL,experience_le_3,1995-01-21T08:00Z,31.0,5.0,False,True,active,reviewed,Krystal Beasley,2026-08-22,ESPN,https://www.espn.com/wnba/player/bio/_/id/4038379/marine-johannes,analysis/role_fulfillment_matrix/data/live_inputs/player_core_2026.csv,e5b1f81f0caf215ee0996544f095f7cfbde50f22f6c81e8519af9eb2fae09c26,2026-08-22,normalized_full_name_exact,,,,,,,,,,40.75,83.0,242.0,22.0,5.0,3.0,22.0,7.0,2.0,1.0,0.0,0.0,81.0,164.0,21.0,7.0,3.0,1.0,3.0,0.09155788401617916,13.583333333333334,0.34297520661157027,4.518072289156627,1.6666666666666667,22.88,0.4807692307692308,0.0,,0.03614457831325301,0.9545454545454546,0.09090909090909091,1.371951219512195,0.9036144578313253,16.066666666666666,31.0,150.0,0.0,2.0,2.0,3.0,0.0,0.0,0.0,0.0,0.0,29.0,60.0,2.0,0.0,2.0,0.0,2.0,0.12767857142857142,8.033333333333333,0.20666666666666667,4.838709677419355,1.0,3.0,0.0,0.0,,0.06451612903225806,0.6666666666666666,0.0,2.5,0.0,809.25,1608.0,3191.0,338.0,95.0,64.0,279.0,115.0,26.0,22.0,21.0,18.0,1601.0,3209.0,224.0,86.0,80.0,15.0,40.0,0.16362687811702742,20.23125,0.5039172673143215,4.4309701492537314,1.484375,290.44,0.5818757746866823,0.07526881720430108,0.8571428571428571,0.03980099502487562,0.8028673835125448,0.0931899641577061,1.869741352446245,0.6996268656716418,3.0,2.0,43.0,True,False,False,True,True,False,False,True,False,season_volume_met_recent_sample_insufficient,non_contender_team,excluded
1631136,Pauline Astier,NYL,Guard,G,True,active,8.0,Pauline Astier,5345320.0,Pauline Astier,NYL,experience_le_3,2002-02-15T08:00Z,24.0,0.0,True,True,active,reviewed,Krystal Beasley,2026-08-22,ESPN,https://www.espn.com/wnba/player/bio/_/id/5345320/pauline-astier,analysis/role_fulfillment_matrix/data/live_inputs/player_core_2026.csv,e5b1f81f0caf215ee0996544f095f7cfbde50f22f6c81e8519af9eb2fae09c26,2026-08-22,normalized_full_name_exact,Pauline Astier,NYL,secondary_creator_connector,downhill_pressure_wing,0.9,reviewed,Krystal Beasley,2026-08-22,Reviewed six-role taxonomy assignment,78.76666666666667,157.0,242.0,39.0,10.0,3.0,23.0,16.0,4.0,3.0,12.0,9.0,161.0,318.0,7.0,4.0,18.0,6.0,3.0,0.08237463551145267,26.255555555555556,0.6487603305785123,4.777070063694268,3.3333333333333335,24.76,0.7875605815831986,0.5217391304347826,0.75,0.01910828025477707,0.30434782608695654,0.17391304347826086,4.245283018867925,2.8662420382165603,49.166666666666664,93.0,150.0,12.0,6.0,5.0,13.0,5.0,2.0,2.0,4.0,3.0,92.0,185.0,1.0,0.0,6.0,1.0,2.0,0.005357142857142838,24.583333333333332,0.62,4.838709677419355,1.2,13.88,0.4322766570605187,0.3076923076923077,0.75,0.053763440860215055,0.07692307692307693,0.15384615384615385,2.4324324324324325,0.8064516129032259,1011.2833333333333,1993.0,3440.0,405.0,145.0,71.0,273.0,151.0,96.0,84.0,130.0,98.0,2003.0,3996.0,55.0,19.0,116.0,28.0,43.0,0.11388911399943716,23.518217054263566,0.579360465116279,5.456598093326643,2.0422535211267605,315.24,0.6423677198325085,0.47619047619047616,0.7538461538461538,0.03562468640240843,0.20146520146520147,0.3516483516483517,2.1771771771771773,1.053687907676869,3.0,2.0,43.0,True,True,False,False,True,True,False,True,True,recent_sample_met,non_contender_team,excluded
1630384,Raquel Carrera,NYL,Forward,F,True,active,8.0,Raquel Carrera,4790258.0,Raquel Carrera,NYL,experience_le_3,2001-10-31T08:00Z,24.0,0.0,True,True,active,reviewed,Krystal Beasley,2026-08-22,ESPN,https://www.espn.com/wnba/player/bio/_/id/4790258/raquel-carrera,analysis/role_fulfillment_matrix/data/live_inputs/player_core_2026.csv,e5b1f81f0caf215ee0996544f095f7cfbde50f22f6c81e8519af9eb2fae09c26,2026-08-22,normalized_full_name_exact,Raquel Carrera,NYL,interior_finisher_rim_runner,interior_hub_rebounder,0.85,reviewed,Krystal Beasley,2026-08-22,Reviewed with recent-possession safeguard,6.433333333333334,12.0,78.0,0.0,0.0,0.0,0.0,0.0,0.0,0.0,0.0,0.0,13.0,25.0,0.0,0.0,0.0,0.0,1.0,0.0,6.433333333333334,0.15384615384615385,0.0,,0.0,,,,0.0,,,0.0,0.0,6.533333333333333,12.0,150.0,0.0,0.0,0.0,1.0,0.0,0.0,0.0,0.0,0.0,14.0,26.0,1.0,0.0,2.0,0.0,2.0,0.0053571428571428555,3.2666666666666666,0.08,0.0,,1.0,0.0,0.0,,0.0,1.0,0.0,5.769230769230769,0.0,126.2,253.0,1834.0,31.0,7.0,6.0,20.0,11.0,12.0,7.0,10.0,8.0,265.0,518.0,8.0,2.0,24.0,8.0,23.0,0.11378405970654919,5.48695652173913,0.13794983642311887,2.075098814229249,1.1666666666666667,25.28,0.613132911392405,0.5,0.8,0.023715415019762844,0.4,0.6,3.4749034749034746,2.371541501976284,3.0,2.0,43.0,False,False,True,True,False,False,False,True,False,insufficient_recent_sample,non_contender_team,excluded
204296,Rebecca Allen,NYL,Guard,G,True,active,8.0,Rebecca Allen,3102133.0,Rebecca Allen,NYL,experience_le_3,1992-11-06T08:00Z,33.0,11.0,False,True,active,reviewed,Krystal Beasley,2026-08-22,ESPN,https://www.espn.com/wnba/player/bio/_/id/3102133/rebecca-allen,analysis/role_fulfillment_matrix/data/live_inputs/player_core_2026.csv,e5b1f81f0caf215ee0996544f095f7cfbde50f22f6c81e8519af9eb2fae09c26,2026-08-22,normalized_full_name_exact,,,,,,,,,,44.4,93.0,242.0,19.0,1.0,3.0,13.0,6.0,2.0,2.0,1.0,1.0,94.0,187.0,11.0,5.0,7.0,1.0,3.0,0.0769497090358909,14.799999999999999,0.384297520661157,0.8064516129032259,0.3333333333333333,13.88,0.6844380403458213,0.07692307692307693,1.0,0.03225806451612903,0.8461538461538461,0.15384615384615385,2.8074866310160425,0.8064516129032259,30.75,58.0,150.0,11.0,2.0,2.0,11.0,4.0,0.0,0.0,2.0,1.0,58.0,116.0,8.0,3.0,10.0,2.0,2.0,0.08125000000000003,15.375,0.38666666666666666,2.586206896551724,1.0,11.0,0.5,0.18181818181818182,0.5,0.034482758620689655,0.7272727272727273,0.0,6.4655172413793105,2.586206896551724,503.78333333333336,1007.0,2230.0,162.0,18.0,17.0,133.0,56.0,15.0,13.0,22.0,14.0,1024.0,2031.0,91.0,37.0,69.0,16.0,28.0,0.20305318454835058,17.992261904761907,0.4515695067264574,1.3406156901688184,1.0588235294117647,139.6,0.5802292263610316,0.16541353383458646,0.6363636363636364,0.016881827209533268,0.6842105263157895,0.11278195488721804,2.548005908419498,1.1916583912611718,3.0,2.0,43.0,True,False,False,True,True,False,False,True,False,season_volume_met_recent_sample_insufficient,non_contender_team,excluded
203822,Rebekah Gardner,NYL,Guard,G,True,active,8.0,Rebekah Gardner,2327695.0,Rebekah Gardner,NYL,experience_le_3,1990-07-09T07:00Z,36.0,4.0,False,True,active,reviewed,Krystal Beasley,2026-08-22,ESPN,https://www.espn.com/wnba/player/bio/_/id/2327695/rebekah-gardner,analysis/role_fulfillment_matrix/data/live_inputs/player_core_2026.csv,e5b1f81f0caf215ee0996544f095f7cfbde50f22f6c81e8519af9eb2fae09c26,2026-08-22,normalized_full_name_exact,,,,,,,,,,39.483333333333334,77.0,242.0,8.0,2.0,5.0,6.0,3.0,0.0,0.0,1.0,1.0,78.0,155.0,4.0,2.0,4.0,0.0,3.0,0.010592339535745341,13.161111111111111,0.3181818181818182,1.9480519480519483,0.4,6.0,0.6666666666666666,0.16666666666666666,1.0,0.06493506493506493,0.6666666666666666,0.0,1.935483870967742,0.0,40.21666666666667,71.0,150.0,17.0,3.0,0.0,10.0,7.0,2.0,2.0,8.0,5.0,74.0,145.0,1.0,1.0,6.0,2.0,2.0,0.10892857142857139,20.108333333333334,0.47333333333333333,3.169014084507042,,10.88,0.7812499999999999,0.8,0.625,0.0,0.1,0.2,3.103448275862069,2.112676056338028,609.5166666666667,1214.0,3281.0,210.0,50.0,26.0,159.0,79.0,43.0,40.0,78.0,54.0,1240.0,2454.0,45.0,12.0,100.0,38.0,41.0,0.13799454786715848,14.866260162601625,0.37000914355379455,3.088962108731466,1.9230769230769231,177.92000000000002,0.5901528776978416,0.49056603773584906,0.6923076923076923,0.0214168039538715,0.2830188679245283,0.27044025157232704,3.056234718826406,2.3476112026359144,3.0,2.0,43.0,True,False,False,True,True,False,False,True,False,season_volume_met_recent_sample_insufficient,non_contender_team,excluded
1629477,Sabrina Ionescu,NYL,Guard,G,True,active,8.0,Sabrina Ionescu,4066533.0,Sabrina Ionescu,NYL,experience_le_3,1997-12-06T08:00Z,28.0,7.0,False,True,active,reviewed,Krystal Beasley,2026-08-22,ESPN,https://www.espn.com/wnba/player/bio/_/id/4066533/sabrina-ionescu,analysis/role_fulfillment_matrix/data/live_inputs/player_core_2026.csv,e5b1f81f0caf215ee0996544f095f7cfbde50f22f6c81e8519af9eb2fae09c26,2026-08-22,normalized_full_name_exact,,,,,,,,,,80.68333333333334,164.0,242.0,38.0,17.0,9.0,35.0,10.0,14.0,12.0,4.0,0.0,169.0,333.0,20.0,6.0,6.0,1.0,3.0,0.07008641401516201,26.894444444444446,0.6776859504132231,7.774390243902439,1.8888888888888888,41.16,0.46161321671525757,0.11428571428571428,0.0,0.054878048780487805,0.5714285714285714,0.4,1.3513513513513513,0.4573170731707317,51.96666666666667,100.0,150.0,9.0,8.0,3.0,22.0,2.0,4.0,4.0,3.0,1.0,101.0,201.0,12.0,1.0,7.0,0.0,2.0,0.07142857142857148,25.983333333333334,0.6666666666666666,6.0,2.6666666666666665,23.76,0.1893939393939394,0.13636363636363635,0.3333333333333333,0.03,0.5454545454545454,0.18181818181818182,2.611940298507463,0.0,900.8166666666667,1811.0,2398.0,445.0,145.0,83.0,377.0,147.0,104.0,93.0,87.0,59.0,1808.0,3619.0,196.0,58.0,114.0,21.0,30.0,0.10806357852583812,30.027222222222225,0.7552126772310258,6.004969630038652,1.7469879518072289,422.76,0.5263033399564765,0.23076923076923078,0.6781609195402298,0.04583103257868581,0.519893899204244,0.27586206896551724,2.3625310859353417,0.8696852567642186,3.0,2.0,43.0,True,True,False,False,True,True,False,True,True,recent_sample_met,non_contender_team,excluded
1630149,Satou Sabally,NYL,Forward,F,True,active,8.0,Satou Sabally,4281929.0,Satou Sabally,NYL,experience_le_3,1998-04-25T07:00Z,28.0,7.0,False,True,active,reviewed,Krystal Beasley,2026-08-22,ESPN,https://www.espn.com/wnba/player/bio/_/id/4281929/satou-sabally,analysis/role_fulfillment_matrix/data/live_inputs/player_core_2026.csv,e5b1f81f0caf215ee0996544f095f7cfbde50f22f6c81e8519af9eb2fae09c26,2026-08-22,normalized_full_name_exact,,,,,,,,,,,,,,,,,,,,,,,,,,,,,,,,,,,,,,,,,,,,,,,,,,,,,,,,,,,,,,,,,,,,,,,,,,,,217.78333333333333,442.0,1021.0,135.0,25.0,22.0,98.0,45.0,29.0,25.0,32.0,22.0,442.0,884.0,52.0,20.0,36.0,5.0,13.0,0.15773940183081375,16.7525641025641,0.43290891283055827,4.242081447963801,1.1363636363636365,110.76,0.6094257854821234,0.32653061224489793,0.6875,0.049773755656108594,0.5306122448979592,0.29591836734693877,3.054298642533937,0.8484162895927602,3.0,2.0,43.0,False,False,True,True,False,False,False,True,False,insufficient_recent_sample,non_contender_team,excluded
1629539,Amy Okonkwo,PDX,Forward,F,True,active,9.0,Amy Okonkwo,3142242.0,Amy Okonkwo,ATL,experience_le_3,1996-08-26T07:00Z,29.0,1.0,True,True,active,reviewed,Krystal Beasley,2026-08-22,ESPN,https://www.espn.com/wnba/player/bio/_/id/3142242/amy-okonkwo,analysis/role_fulfillment_matrix/data/live_inputs/player_core_2026.csv,e5b1f81f0caf215ee0996544f095f7cfbde50f22f6c81e8519af9eb2fae09c26,2026-08-22,normalized_full_name_exact,Amy Okonkwo,ATL,perimeter_scorer_spacer,,0.2,reviewed,Krystal Beasley,2026-08-22,Reviewed low-confidence hypothesis with score suppressed,18.016666666666666,38.0,81.0,9.0,0.0,2.0,7.0,4.0,0.0,0.0,3.0,3.0,39.0,77.0,4.0,1.0,2.0,0.0,1.0,0.0,18.016666666666666,0.4691358024691358,0.0,0.0,7.0,0.6428571428571429,0.42857142857142855,1.0,0.05263157894736842,0.5714285714285714,0.0,1.9480519480519483,0.0,20.366666666666667,35.0,149.0,11.0,0.0,0.0,8.0,4.0,0.0,0.0,2.0,1.0,40.0,75.0,6.0,3.0,1.0,1.0,2.0,0.011445565969718803,10.183333333333334,0.2348993288590604,0.0,,8.0,0.6875,0.25,0.5,0.0,0.75,0.0,1.0,2.142857142857143,49.13333333333333,93.0,303.0,25.0,1.0,2.0,21.0,9.0,2.0,2.0,6.0,4.0,100.0,193.0,14.0,5.0,5.0,2.0,4.0,0.09736267670936641,12.283333333333333,0.3069306930693069,0.8064516129032259,0.5,21.88,0.5712979890310786,0.2857142857142857,0.6666666666666666,0.021505376344086023,0.6666666666666666,0.09523809523809523,1.94300518134715,1.6129032258064517,4.0,2.0,44.0,False,False,True,True,False,False,False,True,False,insufficient_recent_sample,non_contender_team,excluded
1629524,Bridget Carleton,PDX,Forward,F,True,active,9.0,Bridget Carleton,3906972.0,Bridget Carleton,PDX,experience_le_3,1997-05-22T07:00Z,29.0,8.0,False,True,active,reviewed,Krystal Beasley,2026-08-22,ESPN,https://www.espn.com/wnba/player/bio/_/id/3906972/bridget-carleton,analysis/role_fulfillment_matrix/data/live_inputs/player_core_2026.csv,e5b1f81f0caf215ee0996544f095f7cfbde50f22f6c81e8519af9eb2fae09c26,2026-08-22,normalized_full_name_exact,,,,,,,,,,40.05,72.0,82.0,26.0,1.0,0.0,21.0,9.0,3.0,3.0,2.0,2.0,74.0,146.0,14.0,5.0,3.0,1.0,1.0,0.0,40.05,0.8780487804878049,1.0416666666666665,,22.32,0.5824372759856631,0.09523809523809523,1.0,0.0,0.6666666666666666,0.14285714285714285,1.5410958904109588,1.0416666666666665,63.31666666666667,118.0,149.0,15.0,3.0,2.0,17.0,4.0,5.0,5.0,1.0,0.0,121.0,239.0,11.0,2.0,11.0,2.0,2.0,0.024333093006488865,31.658333333333335,0.7919463087248322,1.9067796610169492,1.5,19.2,0.390625,0.058823529411764705,0.0,0.01694915254237288,0.6470588235294118,0.29411764705882354,3.4518828451882846,1.271186440677966,1235.2,2433.0,3198.0,583.0,85.0,47.0,481.0,195.0,93.0,82.0,42.0,26.0,2469.0,4902.0,302.0,111.0,178.0,29.0,40.0,0.07180623215775049,30.880000000000003,0.7607879924953096,2.620221948212084,1.8085106382978724,521.92,0.5585147148988351,0.08731808731808732,0.6190476190476191,0.019317714755445952,0.6278586278586279,0.19334719334719336,2.7233782129742963,0.8939580764488286,4.0,2.0,44.0,False,False,True,True,True,False,False,True,False,season_volume_met_recent_sample_insufficient,non_contender_team,excluded
1642304,Carla Leite,PDX,Guard,G,True,active,9.0,Carla Leite,5208982.0,Carla Leite,PDX,experience_le_3,2004-04-16T07:00Z,22.0,2.0,True,True,active,reviewed,Krystal Beasley,2026-08-22,ESPN,https://www.espn.com/wnba/player/bio/_/id/5208982/carla-leite,analysis/role_fulfillment_matrix/data/live_inputs/player_core_2026.csv,e5b1f81f0caf215ee0996544f095f7cfbde50f22f6c81e8519af9eb2fae09c26,2026-08-22,normalized_full_name_exact,,,,,,,,,,81.76666666666667,157.0,241.0,53.0,17.0,9.0,30.0,14.0,29.0,22.0,7.0,5.0,160.0,317.0,7.0,3.0,8.0,2.0,3.0,0.007540680487788105,27.255555555555556,0.6514522821576764,8.121019108280255,1.8888888888888888,42.76,0.6197380729653882,0.23333333333333334,0.7142857142857143,0.05732484076433121,0.23333333333333334,0.9666666666666667,1.8927444794952681,0.9554140127388535,28.983333333333334,57.0,76.0,26.0,6.0,5.0,13.0,9.0,4.0,4.0,6.0,3.0,61.0,118.0,4.0,4.0,3.0,1.0,1.0,0.0,28.983333333333334,0.75,7.894736842105263,1.2,14.76,0.8807588075880759,0.46153846153846156,0.5,0.08771929824561403,0.3076923076923077,0.3076923076923077,1.9067796610169492,1.3157894736842104,1014.3333333333334,2017.0,3121.0,626.0,245.0,129.0,407.0,187.0,250.0,215.0,131.0,80.0,2041.0,4058.0,92.0,37.0,84.0,24.0,39.0,0.1323787353459172,26.00854700854701,0.6462672220442166,9.110064452156667,1.8992248062015504,517.0,0.6054158607350096,0.32186732186732187,0.6106870229007634,0.06395637084779375,0.22604422604422605,0.6142506142506142,1.5524889107934943,0.8924144769459593,4.0,2.0,44.0,True,True,False,False,True,True,False,True,True,recent_sample_met,non_contender_team,excluded
1642294,Charisma Osborne,PDX,Guard,G,True,active,9.0,Charisma Osborne,4433293.0,Charisma Osborne,PDX,experience_le_3,2001-07-03T07:00Z,25.0,1.0,True,True,active,reviewed,Krystal Beasley,2026-09-28,ESPN,https://www.espn.com/wnba/player/bio/_/id/4433293/charisma-osborne,analysis/role_fulfillment_matrix/data/live_inputs/player_core_2026.csv,1d772aeb9c1b11313a0ca2706597c84451f546761f3b3dabbadebcd4874f6209,2026-09-28,normalized_full_name_exact,,,,,,,,,,59.06666666666666,111.0,241.0,29.0,4.0,3.0,19.0,9.0,7.0,6.0,4.0,1.0,112.0,223.0,10.0,5.0,5.0,2.0,3.0,0.1413387052897323,19.688888888888886,0.4605809128630705,2.7027027027027026,1.3333333333333333,22.08,0.6567028985507247,0.21052631578947367,0.25,0.02702702702702703,0.5263157894736842,0.3684210526315789,1.6816143497757847,1.3513513513513513,,,,,,,,,,,,,,,,,,,,,,,,,,,,,,,,,,59.06666666666666,111.0,241.0,29.0,4.0,3.0,19.0,9.0,7.0,6.0,4.0,1.0,112.0,223.0,10.0,5.0,5.0,2.0,3.0,0.1413387052897323,19.688888888888886,0.4605809128630705,2.7027027027027026,1.3333333333333333,22.08,0.6567028985507247,0.21052631578947367,0.25,0.02702702702702703,0.5263157894736842,0.3684210526315789,1.6816143497757847,1.3513513513513513,4.0,2.0,44.0,True,True,False,False,False,True,False,True,True,recent_sample_met,non_contender_team,excluded
1631083,Emily Engstler,PDX,Forward,F,True,active,9.0,Emily Engstler,4398729.0,Emily Engstler,PDX,experience_le_3,2000-05-01T07:00Z,26.0,5.0,False,True,active,reviewed,Krystal Beasley,2026-08-22,ESPN,https://www.espn.com/wnba/player/bio/_/id/4398729/emily-engstler,analysis/role_fulfillment_matrix/data/live_inputs/player_core_2026.csv,e5b1f81f0caf215ee0996544f095f7cfbde50f22f6c81e8519af9eb2fae09c26,2026-08-22,normalized_full_name_exact,,,,,,,,,,104.86666666666667,205.0,322.0,45.0,8.0,7.0,38.0,13.0,14.0,11.0,8.0,4.0,205.0,410.0,16.0,8.0,30.0,7.0,4.0,0.11400409882132266,26.21666666666667,0.6366459627329193,2.926829268292683,1.1428571428571428,44.16,0.5095108695652174,0.21052631578947367,0.5,0.03414634146341464,0.42105263157894735,0.3684210526315789,5.48780487804878,2.5609756097560976,53.483333333333334,102.0,149.0,37.0,2.0,5.0,20.0,15.0,2.0,2.0,8.0,8.0,103.0,205.0,9.0,5.0,10.0,2.0,2.0,0.0936373467916366,26.741666666666667,0.6845637583892618,1.4705882352941175,0.4,20.88,0.8860153256704981,0.4,1.0,0.049019607843137254,0.45,0.1,3.658536585365854,1.4705882352941175,1084.9833333333333,2167.0,3514.0,446.0,92.0,83.0,359.0,167.0,78.0,56.0,103.0,67.0,2172.0,4339.0,151.0,56.0,252.0,55.0,44.0,0.1088709710624631,24.658712121212123,0.6166761525327262,3.1841255191509,1.108433734939759,393.32,0.5669683718092139,0.28690807799442897,0.6504854368932039,0.03830179972311952,0.4206128133704735,0.21727019498607242,4.355842359990781,1.9035532994923858,4.0,2.0,44.0,True,True,False,False,True,True,False,True,True,recent_sample_met,non_contender_team,excluded
1643494,Frieda Buhner,PDX,Forward,F,True,active,9.0,Frieda Buhner,5105406.0,Frieda Buhner,PDX,experience_le_3,2004-05-28T07:00Z,22.0,0.0,True,True,active,reviewed,Krystal Beasley,2026-08-22,ESPN,https://www.espn.com/wnba/player/bio/_/id/5105406/frieda-buhner,analysis/role_fulfillment_matrix/data/live_inputs/player_core_2026.csv,e5b1f81f0caf215ee0996544f095f7cfbde50f22f6c81e8519af9eb2fae09c26,2026-08-22,normalized_full_name_exact,,,,,,,,,,80.86666666666667,165.0,322.0,24.0,5.0,4.0,21.0,10.0,2.0,1.0,5.0,4.0,167.0,332.0,12.0,3.0,5.0,1.0,4.0,0.08454945473061799,20.21666666666667,0.5124223602484472,2.272727272727273,1.25,21.88,0.5484460694698355,0.23809523809523808,0.8,0.024242424242424242,0.5714285714285714,0.09523809523809523,1.1295180722891567,0.45454545454545453,,,,,,,,,,,,,,,,,,,,,,,,,,,,,,,,,,603.2333333333333,1176.0,3133.0,244.0,29.0,35.0,193.0,84.0,48.0,42.0,46.0,29.0,1192.0,2368.0,97.0,34.0,81.0,27.0,39.0,0.09678661425169877,15.467521367521368,0.3753590807532716,1.8494897959183674,0.8285714285714286,214.12,0.5697739585279282,0.23834196891191708,0.6304347826086957,0.02976190476190476,0.5025906735751295,0.24870466321243523,2.5654560810810807,1.7219387755102042,4.0,2.0,44.0,True,True,False,False,True,True,False,True,True,recent_sample_met,non_contender_team,excluded
1641683,Holly Winterburn,PDX,Guard,G,True,active,9.0,Holly Winterburn,4433690.0,Holly Winterburn,PDX,experience_le_3,2000-10-01T07:00Z,25.0,0.0,True,True,active,reviewed,Krystal Beasley,2026-08-22,ESPN,https://www.espn.com/wnba/player/bio/_/id/4433690/holly-winterburn,analysis/role_fulfillment_matrix/data/live_inputs/player_core_2026.csv,e5b1f81f0caf215ee0996544f095f7cfbde50f22f6c81e8519af9eb2fae09c26,2026-08-22,normalized_full_name_exact,,,,,,,,,,46.68333333333334,97.0,158.0,26.0,3.0,7.0,19.0,7.0,9.0,9.0,3.0,1.0,98.0,195.0,10.0,3.0,6.0,0.0,2.0,0.021885521885521925,23.34166666666667,0.6139240506329114,2.3195876288659796,0.42857142857142855,22.96,0.5662020905923345,0.15789473684210525,0.3333333333333333,0.07216494845360824,0.5263157894736842,0.47368421052631576,2.307692307692308,0.0,32.13333333333333,60.0,149.0,13.0,3.0,1.0,11.0,5.0,0.0,0.0,0.0,0.0,58.0,118.0,8.0,3.0,3.0,2.0,2.0,0.08868060562364816,16.066666666666666,0.40268456375838924,3.75,3.0,11.0,0.5909090909090909,0.0,,0.016666666666666666,0.7272727272727273,0.0,1.9067796610169492,2.5,324.9666666666667,641.0,2292.0,116.0,51.0,31.0,107.0,42.0,24.0,22.0,25.0,17.0,653.0,1294.0,53.0,10.0,40.0,10.0,29.0,0.17969946034829526,11.205747126436783,0.27966841186736474,5.967238689547582,1.6451612903225807,117.56,0.49336509016672336,0.2336448598130841,0.68,0.0483619344773791,0.4953271028037383,0.22429906542056074,2.3183925811437405,1.1700468018720749,4.0,2.0,44.0,False,False,True,True,True,False,False,True,False,season_volume_met_recent_sample_insufficient,non_contender_team,excluded
1643527,Jordan Harrison,PDX,Guard,G,True,active,9.0,Jordan Harrison,5108051.0,Jordan Harrison,PDX,experience_le_3,2004-04-26T07:00Z,22.0,0.0,True,True,active,reviewed,Krystal Beasley,2026-08-22,ESPN,https://www.espn.com/wnba/player/bio/_/id/5108051/jordan-harrison,analysis/role_fulfillment_matrix/data/live_inputs/player_core_2026.csv,e5b1f81f0caf215ee0996544f095f7cfbde50f22f6c81e8519af9eb2fae09c26,2026-08-22,normalized_full_name_exact,,,,,,,,,,72.65,142.0,322.0,18.0,25.0,11.0,17.0,6.0,7.0,5.0,4.0,3.0,142.0,284.0,8.0,1.0,7.0,2.0,4.0,0.19829473342585374,18.1625,0.4409937888198758,13.204225352112676,2.272727272727273,20.08,0.4482071713147411,0.23529411764705882,0.75,0.07746478873239436,0.47058823529411764,0.4117647058823529,1.8485915492957745,1.056338028169014,29.066666666666666,52.0,149.0,14.0,10.0,6.0,8.0,3.0,8.0,7.0,2.0,2.0,51.0,103.0,5.0,1.0,3.0,0.0,2.0,0.10102739726027395,14.533333333333333,0.348993288590604,14.423076923076923,1.6666666666666667,11.52,0.607638888888889,0.25,1.0,0.11538461538461539,0.625,1.0,2.1844660194174756,0.0,225.51666666666665,446.0,1313.0,81.0,67.0,32.0,64.0,27.0,28.0,21.0,24.0,13.0,442.0,888.0,23.0,6.0,28.0,8.0,16.0,0.18088718208151697,14.094791666666666,0.3396801218583397,11.266816143497756,2.09375,76.32,0.5306603773584906,0.375,0.5416666666666666,0.07174887892376682,0.359375,0.4375,2.3648648648648645,1.3452914798206277,4.0,2.0,44.0,True,True,False,False,False,True,False,True,True,recent_sample_met,non_contender_team,excluded
1630154,Kamiah Smalls,PDX,Forward,F,False,free-agent,9.0,Kamiah Smalls,4068346.0,Kamiah Smalls,PDX,experience_le_3,1998-04-17T07:00Z,28.0,3.0,True,False,free-agent,reviewed,Krystal Beasley,2026-08-22,ESPN,https://www.espn.com/wnba/player/bio/_/id/4068346/kamiah-smalls,analysis/role_fulfillment_matrix/data/live_inputs/player_core_2026.csv,e5b1f81f0caf215ee0996544f095f7cfbde50f22f6c81e8519af9eb2fae09c26,2026-08-22,normalized_full_name_exact,,,,,,,,,,,,,,,,,,,,,,,,,,,,,,,,,,,,,,,,,,,,,,,,,,,,,,,,,,,,,,,,,,,,,,,,,,,,30.166666666666668,59.0,165.0,15.0,6.0,4.0,10.0,5.0,1.0,1.0,2.0,1.0,60.0,119.0,7.0,4.0,0.0,0.0,2.0,0.009125699146305566,15.083333333333334,0.3575757575757576,7.627118644067797,1.5,10.44,0.7183908045977012,0.2,0.5,0.06779661016949153,0.7,0.1,0.0,0.0,4.0,2.0,44.0,False,False,True,True,False,False,False,False,False,insufficient_recent_sample,non_contender_team,excluded
1628317,Karlie Samuelson,PDX,Guard,G,True,active,9.0,Karlie Samuelson,3056730.0,Karlie Samuelson,PDX,experience_le_3,1995-05-10T07:00Z,31.0,8.0,False,True,active,reviewed,Krystal Beasley,2026-08-22,ESPN,https://www.espn.com/wnba/player/bio/_/id/3056730/karlie-samuelson,analysis/role_fulfillment_matrix/data/live_inputs/player_core_2026.csv,e5b1f81f0caf215ee0996544f095f7cfbde50f22f6c81e8519af9eb2fae09c26,2026-08-22,normalized_full_name_exact,,,,,,,,,,85.1,165.0,322.0,25.0,6.0,4.0,25.0,7.0,9.0,8.0,1.0,1.0,168.0,333.0,17.0,3.0,7.0,2.0,4.0,0.09890985474452581,21.275,0.5124223602484472,2.727272727272727,1.5,28.96,0.43162983425414364,0.04,1.0,0.024242424242424242,0.68,0.36,1.5765765765765767,0.9090909090909091,25.366666666666667,49.0,149.0,0.0,1.0,0.0,6.0,0.0,0.0,0.0,0.0,0.0,47.0,96.0,5.0,0.0,4.0,0.0,2.0,0.08047945205479451,12.683333333333334,0.3288590604026846,1.530612244897959,,6.0,0.0,0.0,,0.0,0.8333333333333334,0.0,3.125,0.0,513.0833333333334,1014.0,2512.0,152.0,28.0,13.0,124.0,44.0,37.0,33.0,7.0,5.0,1012.0,2026.0,103.0,31.0,49.0,16.0,32.0,0.10212910569709735,16.033854166666668,0.4036624203821656,2.0710059171597632,2.1538461538461537,140.28,0.5417735956658112,0.056451612903225805,0.7142857142857143,0.01282051282051282,0.8306451612903226,0.29838709677419356,1.813919052319842,1.183431952662722,4.0,2.0,44.0,True,True,False,False,True,True,False,True,True,recent_sample_met,non_contender_team,excluded
1630143,Luisa Geiselsoder,PDX,Center,C,True,active,9.0,Luisa Geiselsoder,4682797.0,Luisa Geiselsoder,PDX,experience_le_3,2000-02-10T08:00Z,26.0,2.0,True,True,active,reviewed,Krystal Beasley,2026-08-22,ESPN,https://www.espn.com/wnba/player/bio/_/id/4682797/luisa-geiselsoder,analysis/role_fulfillment_matrix/data/live_inputs/player_core_2026.csv,e5b1f81f0caf215ee0996544f095f7cfbde50f22f6c81e8519af9eb2fae09c26,2026-08-22,normalized_full_name_exact,,,,,,,,,,,,,,,,,,,,,,,,,,,,,,,,,,,,,,,,,,,,,,,,,,,,,,,,,,,,,,,,,,,,,,,,,,,,347.46666666666664,671.0,1637.0,94.0,27.0,19.0,100.0,33.0,15.0,12.0,16.0,9.0,671.0,1342.0,55.0,16.0,55.0,10.0,21.0,0.15637827711068847,16.546031746031744,0.4098961514966402,3.0178837555886733,1.4210526315789473,106.6,0.44090056285178236,0.16,0.5625,0.028315946348733235,0.55,0.15,3.0737704918032787,1.1177347242921014,4.0,2.0,44.0,False,False,True,True,True,False,False,True,False,season_volume_met_recent_sample_insufficient,non_contender_team,excluded
1629484,Megan DiLeo,PDX,Center,C,True,active,9.0,Megan DiLeo,3934218.0,Megan DiLeo,PDX,experience_le_3,1996-12-13T08:00Z,29.0,8.0,False,True,active,reviewed,Krystal Beasley,2026-08-22,ESPN,https://www.espn.com/wnba/player/bio/_/id/3934218/megan-dileo,analysis/role_fulfillment_matrix/data/live_inputs/player_core_2026.csv,e5b1f81f0caf215ee0996544f095f7cfbde50f22f6c81e8519af9eb2fae09c26,2026-08-22,normalized_full_name_exact,,,,,,,,,,82.5,158.0,241.0,33.0,2.0,4.0,23.0,12.0,9.0,8.0,9.0,8.0,161.0,319.0,11.0,1.0,18.0,6.0,3.0,0.08348242681328338,27.5,0.6556016597510373,0.9493670886075949,0.5,26.96,0.6120178041543026,0.391304347826087,0.8888888888888888,0.02531645569620253,0.4782608695652174,0.391304347826087,4.231974921630094,2.848101265822785,50.483333333333334,97.0,149.0,28.0,1.0,2.0,21.0,13.0,1.0,0.0,8.0,8.0,100.0,197.0,9.0,2.0,8.0,4.0,2.0,0.03388608507570298,25.241666666666667,0.6510067114093959,0.7731958762886598,0.5,21.44,0.6529850746268656,0.38095238095238093,1.0,0.020618556701030927,0.42857142857142855,0.047619047619047616,3.045685279187817,3.0927835051546393,994.1666666666666,1978.0,3279.0,536.0,37.0,32.0,380.0,209.0,81.0,66.0,135.0,104.0,1989.0,3967.0,150.0,52.0,177.0,58.0,41.0,0.13536887730767458,24.247967479674795,0.603232692894175,1.4029322548028311,1.15625,415.64,0.6447887595034164,0.35526315789473684,0.7703703703703704,0.016177957532861477,0.39473684210526316,0.2131578947368421,3.346357448953869,2.199191102123357,4.0,2.0,44.0,True,True,False,False,True,True,False,True,True,recent_sample_met,non_contender_team,excluded
1642296,Nyadiew Puoch,PDX,Forward,F,True,active,9.0,Nyadiew Puoch,5209202.0,Nyadiew Puoch,PDX,experience_le_3,2004-06-23T07:00Z,22.0,0.0,True,True,active,reviewed,Krystal Beasley,2026-08-22,ESPN,https://www.espn.com/wnba/player/bio/_/id/5209202/nyadiew-puoch,analysis/role_fulfillment_matrix/data/live_inputs/player_core_2026.csv,e5b1f81f0caf215ee0996544f095f7cfbde50f22f6c81e8519af9eb2fae09c26,2026-08-22,normalized_full_name_exact,,,,,,,,,,86.31666666666666,168.0,240.0,27.0,4.0,6.0,24.0,10.0,6.0,4.0,5.0,4.0,169.0,337.0,13.0,3.0,14.0,3.0,3.0,0.053949897687374564,28.772222222222222,0.7,1.7857142857142856,0.6666666666666666,26.64,0.5067567567567568,0.20833333333333334,0.8,0.03571428571428571,0.5416666666666666,0.25,3.115727002967359,1.3392857142857142,47.41666666666667,86.0,149.0,13.0,2.0,1.0,10.0,4.0,4.0,3.0,2.0,2.0,93.0,179.0,7.0,2.0,5.0,0.0,2.0,0.04208723864455663,23.708333333333336,0.5771812080536913,1.744186046511628,2.0,11.76,0.5527210884353742,0.2,1.0,0.011627906976744186,0.7,0.4,2.094972067039106,0.0,775.0,1508.0,3354.0,181.0,32.0,27.0,186.0,68.0,36.0,23.0,69.0,37.0,1533.0,3041.0,90.0,22.0,91.0,34.0,42.0,0.14548530689746716,18.452380952380953,0.4496124031007752,1.5915119363395225,1.1851851851851851,201.84,0.44837495045580655,0.3709677419354839,0.5362318840579711,0.01790450928381963,0.4838709677419355,0.1935483870967742,2.244327523840842,1.6909814323607426,4.0,2.0,44.0,True,True,False,False,True,True,False,True,True,recent_sample_met,non_contender_team,excluded
1642790,Sania Feagin,PDX,Forward,F,True,active,9.0,Sania Feagin,4433795.0,Sania Feagin,LAS,experience_le_3,2003-03-15T08:00Z,23.0,2.0,True,True,active,reviewed,Krystal Beasley,2026-08-22,ESPN,https://www.espn.com/wnba/player/bio/_/id/4433795/sania-feagin,analysis/role_fulfillment_matrix/data/live_inputs/player_core_2026.csv,e5b1f81f0caf215ee0996544f095f7cfbde50f22f6c81e8519af9eb2fae09c26,2026-08-22,normalized_full_name_exact,,,,,,,,,,,,,,,,,,,,,,,,,,,,,,,,,,,,,,,,,,,,,,,,,,,,,,,,,,,,,,,,,,,,,,,,,,,,,,,,,,,,,,,,,,,,,,,,,,,,,,,,,,,,,,,,False,False,True,True,False,False,False,True,False,insufficient_recent_sample,non_contender_team,excluded
1642782,Sarah Ashlee Barker,PDX,Guard,G,True,active,9.0,Sarah Ashlee Barker,4703794.0,Sarah Ashlee Barker,PDX,experience_le_3,2001-09-10T07:00Z,24.0,2.0,True,True,active,reviewed,Krystal Beasley,2026-08-22,ESPN,https://www.espn.com/wnba/player/bio/_/id/4703794/sarah-ashlee-barker,analysis/role_fulfillment_matrix/data/live_inputs/player_core_2026.csv,e5b1f81f0caf215ee0996544f095f7cfbde50f22f6c81e8519af9eb2fae09c26,2026-08-22,normalized_full_name_exact,,,,,,,,,,,,,,,,,,,,,,,,,,,,,,,,,,,,,,,,,,,,,,,,,,,,,,,,,,,,,,,,,,,,,,,,,,,,642.1333333333333,1271.0,2071.0,278.0,62.0,52.0,215.0,108.0,35.0,26.0,70.0,44.0,1270.0,2541.0,90.0,36.0,117.0,21.0,26.0,0.14483019327278357,24.6974358974359,0.613713182037663,3.658536585365854,1.1923076923076923,230.4,0.603298611111111,0.32558139534883723,0.6285714285714286,0.040912667191188044,0.4186046511627907,0.16279069767441862,3.4533648170011806,1.239181746656176,4.0,2.0,44.0,False,False,True,True,True,False,False,True,False,season_volume_met_recent_sample_insufficient,non_contender_team,excluded
1643436,Serah Williams,PDX,Center,C,True,active,9.0,Serah Williams,5108550.0,Serah Williams,PDX,experience_le_3,2004-01-17T08:00Z,22.0,0.0,True,True,active,reviewed,Krystal Beasley,2026-08-22,ESPN,https://www.espn.com/wnba/player/bio/_/id/5108550/serah-williams,analysis/role_fulfillment_matrix/data/live_inputs/player_core_2026.csv,e5b1f81f0caf215ee0996544f095f7cfbde50f22f6c81e8519af9eb2fae09c26,2026-08-22,normalized_full_name_exact,,,,,,,,,,67.0,132.0,322.0,16.0,0.0,4.0,17.0,7.0,4.0,2.0,10.0,5.0,130.0,262.0,0.0,0.0,15.0,7.0,4.0,0.19367451782188583,16.75,0.40993788819875776,0.0,0.0,18.76,0.42643923240938164,0.5882352941176471,0.5,0.030303030303030304,0.0,0.23529411764705882,4.293893129770992,3.9772727272727275,27.416666666666668,49.0,149.0,8.0,0.0,1.0,5.0,3.0,3.0,2.0,2.0,1.0,50.0,99.0,0.0,0.0,7.0,2.0,2.0,0.013338139870223517,13.708333333333334,0.3288590604026846,0.0,0.0,6.32,0.6329113924050632,0.4,0.5,0.02040816326530612,0.0,0.6,5.303030303030303,3.061224489795918,512.0,987.0,3128.0,167.0,18.0,31.0,123.0,67.0,52.0,32.0,79.0,54.0,1012.0,1999.0,2.0,1.0,106.0,36.0,39.0,0.12632894257917465,13.128205128205128,0.315537084398977,1.3677811550151975,0.5806451612903226,145.88,0.572388264326844,0.6422764227642277,0.6835443037974683,0.031408308004052685,0.016260162601626018,0.42276422764227645,3.9769884942471236,2.735562310030395,4.0,2.0,44.0,True,True,False,False,True,True,False,True,True,recent_sample_met,non_contender_team,excluded
1643506,Teja Oblak,PDX,Guard,G,True,active,9.0,Teja Oblak,5346554.0,Teja Oblak,PDX,experience_le_3,1990-12-20T08:00Z,35.0,0.0,True,True,active,reviewed,Krystal Beasley,2026-08-22,ESPN,https://www.espn.com/wnba/player/bio/_/id/5346554/teja-oblak,analysis/role_fulfillment_matrix/data/live_inputs/player_core_2026.csv,e5b1f81f0caf215ee0996544f095f7cfbde50f22f6c81e8519af9eb2fae09c26,2026-08-22,normalized_full_name_exact,,,,,,,,,,,,,,,,,,,,,,,,,,,,,,,,,,,,,,,,,,,21.933333333333334,40.0,73.0,5.0,7.0,3.0,8.0,2.0,0.0,0.0,0.0,0.0,41.0,81.0,5.0,1.0,4.0,1.0,1.0,0.0,21.933333333333334,0.547945205479452,13.125,2.3333333333333335,8.0,0.3125,0.0,,0.075,0.625,0.0,3.7037037037037033,1.875,388.23333333333335,742.0,2309.0,161.0,92.0,72.0,151.0,63.0,18.0,13.0,36.0,14.0,750.0,1492.0,60.0,22.0,46.0,15.0,29.0,0.10283152080207823,13.38735632183908,0.321351234300563,9.299191374663073,1.2777777777777777,158.92,0.50654417316889,0.23841059602649006,0.3888888888888889,0.09703504043126684,0.3973509933774834,0.11920529801324503,2.312332439678284,1.5161725067385443,4.0,2.0,44.0,False,False,True,True,True,False,False,True,False,season_volume_met_recent_sample_insufficient,non_contender_team,excluded
203826,Alyssa Thomas,PHX,Forward,F,True,active,10.0,Alyssa Thomas,2529140.0,Alyssa Thomas,PHX,experience_le_3,1992-04-12T07:00Z,34.0,13.0,False,True,active,reviewed,Krystal Beasley,2026-08-22,ESPN,https://www.espn.com/wnba/player/bio/_/id/2529140/alyssa-thomas,analysis/role_fulfillment_matrix/data/live_inputs/player_core_2026.csv,e5b1f81f0caf215ee0996544f095f7cfbde50f22f6c81e8519af9eb2fae09c26,2026-08-22,normalized_full_name_exact,,,,,,,,,,93.03333333333333,186.0,240.0,52.0,29.0,10.0,31.0,21.0,17.0,10.0,5.0,4.0,190.0,376.0,0.0,0.0,29.0,5.0,3.0,0.0070464796738056844,31.01111111111111,0.775,11.693548387096774,2.9,38.480000000000004,0.6756756756756757,0.16129032258064516,0.8,0.053763440860215055,0.0,0.5483870967741935,5.784574468085107,2.0161290322580645,53.41666666666667,109.0,160.0,8.0,20.0,4.0,10.0,3.0,2.0,2.0,1.0,1.0,111.0,220.0,0.0,0.0,16.0,2.0,2.0,0.11875000000000002,26.708333333333336,0.68125,13.761467889908257,5.0,10.88,0.3676470588235294,0.1,1.0,0.03669724770642202,0.0,0.2,5.454545454545454,1.3761467889908259,1366.3666666666666,2719.0,3259.0,593.0,349.0,144.0,435.0,228.0,198.0,136.0,164.0,116.0,2745.0,5464.0,3.0,1.0,321.0,67.0,41.0,0.08350919913287445,33.326016260162596,0.8343050015342129,9.626700993012136,2.423611111111111,522.12,0.5678771163717153,0.37701149425287356,0.7073170731707317,0.05296064729680029,0.006896551724137931,0.45517241379310347,4.406112737920937,1.8481059212945936,3.0,2.0,43.0,True,True,False,False,True,True,False,True,True,recent_sample_met,non_contender_team,excluded
1643505,Jovana Nogic,PHX,Guard,G,True,active,10.0,Jovana Nogic,3906769.0,Jovana Nogic,PHX,experience_le_3,1997-12-17T08:00Z,28.0,0.0,True,True,active,reviewed,Krystal Beasley,2026-08-22,ESPN,https://www.espn.com/wnba/player/bio/_/id/3906769/jovana-nogic,analysis/role_fulfillment_matrix/data/live_inputs/player_core_2026.csv,e5b1f81f0caf215ee0996544f095f7cfbde50f22f6c81e8519af9eb2fae09c26,2026-08-22,normalized_full_name_exact,,,,,,,,,,,,,,,,,,,,,,,,,,,,,,,,,,,,,,,,,,,,,,,,,,,,,,,,,,,,,,,,,,,,,,,,,,,,322.45,629.0,1255.0,166.0,26.0,23.0,119.0,50.0,38.0,34.0,19.0,7.0,635.0,1264.0,76.0,32.0,17.0,7.0,16.0,0.17174883002858243,20.153125,0.501195219123506,3.1001589825119233,1.1304347826086956,135.72,0.6115531977600943,0.15966386554621848,0.3684210526315789,0.03656597774244833,0.6386554621848739,0.31932773109243695,1.0087025316455696,0.834658187599364,3.0,2.0,43.0,False,False,True,True,True,False,False,True,False,season_volume_met_recent_sample_insufficient,non_contender_team,excluded
1627674,Kahleah Copper,PHX,Guard,G,True,active,10.0,Kahleah Copper,2998938.0,Kahleah Copper,PHX,experience_le_3,1994-08-28T07:00Z,31.0,11.0,False,True,active,reviewed,Krystal Beasley,2026-08-22,ESPN,https://www.espn.com/wnba/player/bio/_/id/2998938/kahleah-copper,analysis/role_fulfillment_matrix/data/live_inputs/player_core_2026.csv,e5b1f81f0caf215ee0996544f095f7cfbde50f22f6c81e8519af9eb2fae09c26,2026-08-22,normalized_full_name_exact,,,,,,,,,,33.8,65.0,78.0,31.0,1.0,0.0,17.0,10.0,13.0,10.0,3.0,3.0,67.0,132.0,3.0,1.0,5.0,0.0,1.0,0.0,33.8,0.8333333333333334,1.153846153846154,,22.72,0.682218309859155,0.17647058823529413,1.0,0.0,0.17647058823529413,0.7647058823529411,2.840909090909091,0.0,32.266666666666666,64.0,80.0,35.0,1.0,3.0,22.0,13.0,9.0,7.0,7.0,6.0,65.0,129.0,4.0,2.0,4.0,0.0,1.0,0.0,32.266666666666666,0.8,1.171875,0.3333333333333333,25.96,0.6741140215716487,0.3181818181818182,0.8571428571428571,0.046875,0.18181818181818182,0.4090909090909091,2.3255813953488373,0.0,1285.2166666666667,2533.0,3094.0,841.0,72.0,91.0,628.0,282.0,268.0,211.0,186.0,133.0,2559.0,5092.0,221.0,66.0,141.0,20.0,39.0,0.07673064052043264,32.9542735042735,0.8186813186813187,2.1318594551914725,0.7912087912087912,745.92,0.5637333762333763,0.2961783439490446,0.7150537634408602,0.0359257797078563,0.3519108280254777,0.4267515923566879,2.076787117046347,0.5921831819976313,3.0,2.0,43.0,False,False,True,True,True,False,False,True,False,season_volume_met_recent_sample_insufficient,non_contender_team,excluded
1643454,Kara Dunn,PHX,Guard,G,True,active,10.0,Kara Dunn,4698730.0,Kara Dunn,PHX,experience_le_3,2003-12-06T08:00Z,22.0,0.0,True,True,active,reviewed,Krystal Beasley,2026-09-28,ESPN,https://www.espn.com/wnba/player/bio/_/id/4698730/kara-dunn,analysis/role_fulfillment_matrix/data/live_inputs/player_core_2026.csv,1d772aeb9c1b11313a0ca2706597c84451f546761f3b3dabbadebcd4874f6209,2026-09-28,normalized_full_name_exact,,,,,,,,,,40.916666666666664,88.0,240.0,17.0,1.0,1.0,11.0,5.0,2.0,2.0,1.0,0.0,90.0,178.0,9.0,5.0,4.0,2.0,3.0,0.06984201124358413,13.638888888888888,0.36666666666666664,0.8522727272727273,1.0,11.88,0.7154882154882154,0.09090909090909091,0.0,0.011363636363636364,0.8181818181818182,0.18181818181818182,1.6853932584269662,1.7045454545454546,18.65,37.0,80.0,9.0,1.0,0.0,8.0,3.0,0.0,0.0,1.0,0.0,39.0,76.0,5.0,3.0,2.0,2.0,1.0,0.0,18.65,0.4625,2.027027027027027,,8.0,0.5625,0.125,0.0,0.0,0.625,0.0,1.9736842105263157,4.054054054054054,59.56666666666666,125.0,320.0,26.0,2.0,1.0,19.0,8.0,2.0,2.0,2.0,0.0,129.0,254.0,14.0,8.0,6.0,4.0,4.0,0.07314271165721188,14.891666666666666,0.390625,1.2,2.0,19.88,0.653923541247485,0.10526315789473684,0.0,0.008,0.7368421052631579,0.10526315789473684,1.7716535433070866,2.4,3.0,2.0,43.0,True,False,False,True,False,False,False,True,False,insufficient_recent_possessions,non_contender_team,excluded
1628276,Kelsey Plum,PHX,Guard,G,True,active,10.0,Kelsey Plum,3065570.0,Kelsey Plum,PHX,experience_le_3,1994-08-24T07:00Z,31.0,9.0,False,True,active,reviewed,Krystal Beasley,2026-08-22,ESPN,https://www.espn.com/wnba/player/bio/_/id/3065570/kelsey-plum,analysis/role_fulfillment_matrix/data/live_inputs/player_core_2026.csv,e5b1f81f0caf215ee0996544f095f7cfbde50f22f6c81e8519af9eb2fae09c26,2026-08-22,normalized_full_name_exact,,,,,,,,,,,,,,,,,,,,,,,,,,,,,,,,,,,,,,,,,,,,,,,,,,,,,,,,,,,,,,,,,,,,,,,,,,,,105.43333333333334,214.0,400.0,79.0,14.0,11.0,55.0,27.0,19.0,16.0,10.0,6.0,214.0,428.0,25.0,9.0,9.0,0.0,5.0,0.13519857398667287,21.086666666666666,0.535,4.906542056074766,1.2727272727272727,63.36,0.6234217171717171,0.18181818181818182,0.6,0.0514018691588785,0.45454545454545453,0.34545454545454546,1.5771028037383177,0.0,3.0,2.0,43.0,False,False,True,True,False,False,False,True,False,insufficient_recent_sample,non_contender_team,excluded
1642768,Kyara Linskens,PHX,Center,C,True,active,10.0,Kyara Linskens,4873359.0,Kyara Linskens,PHX,experience_le_3,1996-11-13T08:00Z,29.0,2.0,True,True,active,reviewed,Krystal Beasley,2026-08-22,ESPN,https://www.espn.com/wnba/player/bio/_/id/4873359/kyara-linskens,analysis/role_fulfillment_matrix/data/live_inputs/player_core_2026.csv,e5b1f81f0caf215ee0996544f095f7cfbde50f22f6c81e8519af9eb2fae09c26,2026-08-22,normalized_full_name_exact,,,,,,,,,,,,,,,,,,,,,,,,,,,,,,,,,,,,,,,,,,,,,,,,,,,,,,,,,,,,,,,,,,,,,,,,,,,,202.13333333333333,402.0,1477.0,57.0,12.0,11.0,58.0,19.0,17.0,12.0,12.0,6.0,406.0,808.0,26.0,7.0,45.0,13.0,19.0,0.11799569808468233,10.63859649122807,0.27217332430602575,2.2388059701492535,1.0909090909090908,65.48,0.435247403787416,0.20689655172413793,0.5,0.02736318407960199,0.4482758620689655,0.29310344827586204,4.176980198019802,2.425373134328358,3.0,2.0,43.0,False,False,True,True,False,False,False,True,False,insufficient_recent_sample,non_contender_team,excluded
1631118,Lexi Held,PHX,Guard,G,True,active,10.0,Lexi Held,4399342.0,Lexi Held,PHX,experience_le_3,1999-12-28T08:00Z,26.0,2.0,True,True,active,reviewed,Krystal Beasley,2026-08-22,ESPN,https://www.espn.com/wnba/player/bio/_/id/4399342/lexi-held,analysis/role_fulfillment_matrix/data/live_inputs/player_core_2026.csv,e5b1f81f0caf215ee0996544f095f7cfbde50f22f6c81e8519af9eb2fae09c26,2026-08-22,normalized_full_name_exact,,,,,,,,,,62.25,120.0,240.0,33.0,9.0,5.0,22.0,10.0,8.0,7.0,3.0,1.0,122.0,242.0,11.0,6.0,4.0,1.0,3.0,0.0928655915994069,20.75,0.5,5.625,1.8,25.52,0.646551724137931,0.13636363636363635,0.3333333333333333,0.041666666666666664,0.5,0.36363636363636365,1.2396694214876034,0.625,39.81666666666666,81.0,160.0,19.0,4.0,1.0,15.0,6.0,3.0,3.0,2.0,2.0,83.0,164.0,11.0,4.0,1.0,1.0,2.0,0.01875000000000003,19.90833333333333,0.50625,3.7037037037037033,4.0,16.32,0.5821078431372549,0.13333333333333333,1.0,0.012345679012345678,0.7333333333333333,0.2,0.4573170731707317,0.9259259259259258,573.9499999999999,1119.0,2623.0,211.0,53.0,32.0,186.0,73.0,34.0,30.0,31.0,18.0,1144.0,2263.0,95.0,35.0,39.0,12.0,33.0,0.18669100942651118,17.39242424242424,0.42661075104841784,3.552278820375335,1.65625,200.96,0.5249800955414012,0.16666666666666666,0.5806451612903226,0.028596961572832886,0.510752688172043,0.1827956989247312,1.2925320371188687,0.8042895442359249,3.0,2.0,43.0,True,True,False,False,True,True,False,True,True,recent_sample_met,non_contender_team,excluded
1642818,Maddy Westbeld,PHX,Forward,F,True,active,10.0,Maddy Westbeld,4433424.0,Maddy Westbeld,CHI,experience_le_3,2002-02-10T08:00Z,24.0,2.0,True,True,active,reviewed,Krystal Beasley,2026-08-22,ESPN,https://www.espn.com/wnba/player/bio/_/id/4433424/maddy-westbeld,analysis/role_fulfillment_matrix/data/live_inputs/player_core_2026.csv,e5b1f81f0caf215ee0996544f095f7cfbde50f22f6c81e8519af9eb2fae09c26,2026-08-22,normalized_full_name_exact,,,,,,,,,,31.616666666666667,64.0,240.0,2.0,0.0,2.0,8.0,0.0,2.0,2.0,0.0,0.0,64.0,128.0,2.0,0.0,4.0,1.0,3.0,0.0675444485581089,10.53888888888889,0.26666666666666666,0.0,0.0,8.88,0.1126126126126126,0.0,,0.03125,0.25,0.25,2.34375,1.171875,39.333333333333336,79.0,160.0,14.0,3.0,3.0,12.0,4.0,4.0,4.0,4.0,1.0,79.0,158.0,5.0,2.0,7.0,1.0,2.0,0.05625000000000002,19.666666666666668,0.49375,2.848101265822785,1.0,13.76,0.5087209302325582,0.3333333333333333,0.25,0.0379746835443038,0.4166666666666667,0.3333333333333333,3.3227848101265822,0.9493670886075949,79.46666666666667,158.0,478.0,16.0,3.0,6.0,20.0,4.0,6.0,6.0,4.0,1.0,159.0,317.0,7.0,2.0,12.0,2.0,6.0,0.13178557401923044,13.244444444444445,0.3305439330543933,1.4240506329113924,0.5,22.64,0.35335689045936397,0.2,0.25,0.0379746835443038,0.35,0.3,2.8391167192429023,0.9493670886075949,3.0,2.0,43.0,True,False,False,True,False,False,False,True,False,insufficient_recent_possessions,non_contender_team,excluded
1643438,Marta Suarez,PHX,Forward,F,True,active,10.0,Marta Suarez,4704594.0,Marta Suarez,PHX,experience_le_3,2002-05-07T07:00Z,24.0,0.0,True,True,active,reviewed,Krystal Beasley,2026-08-22,ESPN,https://www.espn.com/wnba/player/bio/_/id/4704594/marta-suarez,analysis/role_fulfillment_matrix/data/live_inputs/player_core_2026.csv,e5b1f81f0caf215ee0996544f095f7cfbde50f22f6c81e8519af9eb2fae09c26,2026-08-22,normalized_full_name_exact,,,,,,,,,,27.366666666666667,53.0,240.0,2.0,1.0,0.0,6.0,0.0,2.0,2.0,2.0,0.0,54.0,107.0,3.0,0.0,6.0,1.0,3.0,0.09681358194295357,9.122222222222222,0.22083333333333333,1.4150943396226414,,6.88,0.14534883720930233,0.3333333333333333,0.0,0.0,0.5,0.3333333333333333,4.205607476635514,1.4150943396226414,16.65,31.0,80.0,13.0,0.0,2.0,8.0,5.0,3.0,2.0,4.0,2.0,33.0,64.0,2.0,1.0,3.0,1.0,1.0,0.0,16.65,0.3875,0.0,0.0,9.32,0.6974248927038627,0.5,0.5,0.06451612903225806,0.25,0.375,3.515625,2.4193548387096775,162.95,320.0,1429.0,60.0,7.0,11.0,50.0,22.0,16.0,11.0,23.0,11.0,326.0,646.0,17.0,5.0,26.0,9.0,18.0,0.09325663207467808,9.052777777777777,0.22393282015395383,1.640625,0.6363636363636364,57.04,0.5259467040673211,0.46,0.4782608695652174,0.034375,0.34,0.32,3.0185758513931886,2.109375,3.0,2.0,43.0,True,False,False,True,False,False,False,True,False,insufficient_recent_possessions,non_contender_team,excluded
1630442,Natasha Mack,PHX,Forward,F,True,active,10.0,Natasha Mack,4068042.0,Natasha Mack,PHX,experience_le_3,1997-11-03T08:00Z,28.0,4.0,False,True,active,reviewed,Krystal Beasley,2026-08-22,ESPN,https://www.espn.com/wnba/player/bio/_/id/4068042/natasha-mack,analysis/role_fulfillment_matrix/data/live_inputs/player_core_2026.csv,e5b1f81f0caf215ee0996544f095f7cfbde50f22f6c81e8519af9eb2fae09c26,2026-08-22,normalized_full_name_exact,,,,,,,,,,77.18333333333334,156.0,240.0,39.0,1.0,2.0,23.0,14.0,11.0,11.0,5.0,5.0,157.0,313.0,1.0,0.0,16.0,4.0,3.0,0.07340377124259662,25.727777777777778,0.65,0.4807692307692307,0.5,27.84,0.7004310344827587,0.21739130434782608,1.0,0.01282051282051282,0.043478260869565216,0.4782608695652174,3.8338658146964857,1.923076923076923,47.0,94.0,160.0,18.0,3.0,2.0,17.0,8.0,2.0,2.0,9.0,6.0,93.0,187.0,0.0,0.0,17.0,5.0,2.0,0.08750000000000002,23.5,0.5875,2.3936170212765955,1.5,17.88,0.5033557046979866,0.5294117647058824,0.6666666666666666,0.02127659574468085,0.0,0.11764705882352941,6.818181818181818,3.9893617021276597,788.3166666666666,1529.0,2774.0,308.0,40.0,31.0,213.0,129.0,59.0,48.0,74.0,58.0,1544.0,3073.0,9.0,2.0,234.0,78.0,35.0,0.12919956175407382,22.52333333333333,0.5511896178803173,1.962066710268149,1.2903225806451613,238.96,0.6444593237361901,0.3474178403755869,0.7837837837837838,0.020274689339437543,0.04225352112676056,0.27699530516431925,5.711031565245688,3.8260300850228908,3.0,2.0,43.0,True,True,False,False,True,True,False,True,True,recent_sample_met,non_contender_team,excluded
1643493,Noemie Brochant,PHX,Forward,F,True,active,10.0,Noemie Brochant,5345524.0,Noemie Brochant,PHX,experience_le_3,1999-10-25T07:00Z,26.0,0.0,True,True,active,reviewed,Krystal Beasley,2026-08-22,ESPN,https://www.espn.com/wnba/player/bio/_/id/5345524/noemie-brochant,analysis/role_fulfillment_matrix/data/live_inputs/player_core_2026.csv,e5b1f81f0caf215ee0996544f095f7cfbde50f22f6c81e8519af9eb2fae09c26,2026-08-22,normalized_full_name_exact,,,,,,,,,,88.25,172.0,240.0,23.0,9.0,5.0,26.0,9.0,2.0,2.0,3.0,2.0,173.0,345.0,13.0,3.0,11.0,1.0,3.0,0.12486193159251154,29.416666666666668,0.7166666666666667,3.924418604651163,1.8,26.88,0.427827380952381,0.11538461538461539,0.6666666666666666,0.029069767441860465,0.5,0.07692307692307693,2.391304347826087,0.436046511627907,52.983333333333334,108.0,160.0,19.0,3.0,3.0,15.0,7.0,4.0,4.0,8.0,5.0,108.0,216.0,5.0,1.0,2.0,1.0,2.0,0.03750000000000006,26.491666666666667,0.675,2.083333333333333,1.0,16.76,0.5668257756563245,0.5333333333333333,0.625,0.027777777777777776,0.3333333333333333,0.26666666666666666,0.6944444444444444,0.6944444444444444,983.5333333333333,1949.0,3334.0,264.0,77.0,41.0,232.0,104.0,18.0,13.0,46.0,32.0,1973.0,3922.0,115.0,43.0,86.0,16.0,42.0,0.13596501332415495,23.417460317460318,0.5845830833833233,2.963057978450488,1.8780487804878048,239.92,0.5501833944648217,0.19827586206896552,0.6956521739130435,0.02103642893791688,0.4956896551724138,0.07758620689655173,1.6445690973992861,0.6157003591585428,3.0,2.0,43.0,True,True,False,False,True,True,False,True,True,recent_sample_met,non_contender_team,excluded
1630138,Peyton Williams,PHX,Forward,F,False,free-agent,10.0,Peyton Williams,4068104.0,Peyton Williams,PHX,experience_le_3,1998-04-27T07:00Z,28.0,0.0,True,False,free-agent,reviewed,Krystal Beasley,2026-08-22,ESPN,https://www.espn.com/wnba/player/bio/_/id/4068104/peyton-williams,analysis/role_fulfillment_matrix/data/live_inputs/player_core_2026.csv,e5b1f81f0caf215ee0996544f095f7cfbde50f22f6c81e8519af9eb2fae09c26,2026-08-22,normalized_full_name_exact,,,,,,,,,,,,,,,,,,,,,,,,,,,,,,,,,,,,,,,,,,,,,,,,,,,,,,,,,,,,,,,,,,,,,,,,,,,,5.766666666666667,12.0,82.0,0.0,2.0,0.0,1.0,0.0,0.0,0.0,0.0,0.0,12.0,24.0,0.0,0.0,0.0,0.0,1.0,0.0,5.766666666666667,0.14634146341463414,12.5,,1.0,0.0,0.0,,0.0,0.0,0.0,0.0,0.0,3.0,2.0,43.0,False,False,True,True,False,False,False,False,False,insufficient_recent_sample,non_contender_team,excluded
1643487,Quionche Carter,PHX,Guard,G,False,free-agent,10.0,Quionche Carter,5107404.0,Quionche Carter,PHX,experience_le_3,2000-10-25T07:00Z,25.0,0.0,True,False,free-agent,reviewed,Krystal Beasley,2026-08-22,ESPN,https://www.espn.com/wnba/player/bio/_/id/5107404/quionche-carter,analysis/role_fulfillment_matrix/data/live_inputs/player_core_2026.csv,e5b1f81f0caf215ee0996544f095f7cfbde50f22f6c81e8519af9eb2fae09c26,2026-08-22,normalized_full_name_exact,,,,,,,,,,,,,,,,,,,,,,,,,,,,,,,,,,,,,,,,,,,,,,,,,,,,,,,,,,,,,,,,,,,,,,,,,,,,80.55,157.0,1021.0,15.0,7.0,2.0,18.0,3.0,16.0,9.0,3.0,1.0,168.0,325.0,9.0,0.0,9.0,3.0,13.0,0.10496872416818995,6.196153846153846,0.15377081292850148,3.343949044585987,3.5,25.04,0.29952076677316297,0.16666666666666666,0.3333333333333333,0.012738853503184714,0.5,0.8888888888888888,2.076923076923077,1.4331210191082802,3.0,2.0,43.0,False,False,True,True,False,False,False,False,False,insufficient_recent_sample,non_contender_team,excluded
1628244,Sami Whitcomb,PHX,Guard,G,True,active,10.0,Sami Whitcomb,887.0,Sami Whitcomb,PHX,experience_le_3,1988-07-20T07:00Z,38.0,10.0,False,True,active,reviewed,Krystal Beasley,2026-08-22,ESPN,https://www.espn.com/wnba/player/bio/_/id/887/sami-whitcomb,analysis/role_fulfillment_matrix/data/live_inputs/player_core_2026.csv,e5b1f81f0caf215ee0996544f095f7cfbde50f22f6c81e8519af9eb2fae09c26,2026-08-22,normalized_full_name_exact,,,,,,,,,,66.1,135.0,240.0,23.0,10.0,4.0,25.0,7.0,4.0,4.0,0.0,0.0,135.0,270.0,17.0,5.0,5.0,1.0,3.0,0.11571686807207292,22.03333333333333,0.5625,5.555555555555555,2.5,26.76,0.429745889387145,0.0,,0.02962962962962963,0.68,0.16,1.3888888888888888,0.5555555555555556,34.46666666666667,69.0,160.0,17.0,2.0,2.0,12.0,6.0,0.0,0.0,0.0,0.0,66.0,135.0,8.0,5.0,3.0,1.0,2.0,0.03125,17.233333333333334,0.43125,2.1739130434782608,1.0,12.0,0.7083333333333334,0.0,,0.028985507246376812,0.6666666666666666,0.0,1.6666666666666667,1.0869565217391304,346.85,704.0,1608.0,109.0,44.0,23.0,108.0,34.0,15.0,15.0,3.0,3.0,702.0,1406.0,82.0,26.0,34.0,7.0,20.0,0.12738551254026664,17.3425,0.43781094527363185,4.6875,1.9130434782608696,114.6,0.4755671902268761,0.027777777777777776,1.0,0.032670454545454544,0.7592592592592593,0.1388888888888889,1.8136557610241821,0.7457386363636364,3.0,2.0,43.0,True,True,False,False,True,True,False,True,True,recent_sample_met,non_contender_team,excluded
1643470,Shay Ciezki,PHX,Guard,G,True,active,10.0,Shay Ciezki,4688629.0,Shay Ciezki,PHX,experience_le_3,2003-11-26T08:00Z,22.0,0.0,True,True,active,reviewed,Krystal Beasley,2026-08-22,ESPN,https://www.espn.com/wnba/player/bio/_/id/4688629/shay-ciezki,analysis/role_fulfillment_matrix/data/live_inputs/player_core_2026.csv,e5b1f81f0caf215ee0996544f095f7cfbde50f22f6c81e8519af9eb2fae09c26,2026-08-22,normalized_full_name_exact,,,,,,,,,,56.91666666666667,115.0,240.0,30.0,5.0,4.0,16.0,7.0,13.0,13.0,0.0,0.0,118.0,233.0,8.0,3.0,5.0,1.0,3.0,0.06622451739561869,18.972222222222225,0.4791666666666667,3.260869565217391,1.25,21.72,0.6906077348066298,0.0,,0.034782608695652174,0.5,0.8125,1.609442060085837,0.6521739130434783,39.5,80.0,160.0,22.0,6.0,2.0,17.0,9.0,4.0,2.0,5.0,3.0,82.0,162.0,6.0,2.0,6.0,1.0,2.0,0.16249999999999998,19.75,0.5,5.625,3.0,18.76,0.5863539445628997,0.29411764705882354,0.6,0.025,0.35294117647058826,0.23529411764705882,2.7777777777777777,0.9375,105.88333333333334,215.0,556.0,55.0,12.0,6.0,35.0,17.0,17.0,15.0,6.0,3.0,221.0,436.0,15.0,6.0,12.0,2.0,7.0,0.19199540761164138,15.126190476190477,0.38669064748201437,4.186046511627907,2.0,42.480000000000004,0.6473634651600753,0.17142857142857143,0.5,0.027906976744186046,0.42857142857142855,0.4857142857142857,2.064220183486239,0.6976744186046512,3.0,2.0,43.0,True,True,False,False,False,True,False,True,True,recent_sample_met,non_contender_team,excluded
204468,Valeriane Ayayi,PHX,Forward,F,True,active,10.0,Valeriane Ayayi,3919496.0,Valeriane Ayayi,PHX,experience_le_3,1994-04-29T07:00Z,32.0,2.0,True,True,active,reviewed,Krystal Beasley,2026-08-22,ESPN,https://www.espn.com/wnba/player/bio/_/id/3919496/valeriane-ayayi,analysis/role_fulfillment_matrix/data/live_inputs/player_core_2026.csv,e5b1f81f0caf215ee0996544f095f7cfbde50f22f6c81e8519af9eb2fae09c26,2026-08-22,normalized_full_name_exact,,,,,,,,,,14.083333333333334,30.0,81.0,8.0,0.0,1.0,7.0,2.0,7.0,4.0,2.0,1.0,31.0,61.0,4.0,0.0,5.0,2.0,1.0,0.0,14.083333333333334,0.37037037037037035,0.0,0.0,10.08,0.3968253968253968,0.2857142857142857,0.5,0.03333333333333333,0.5714285714285714,1.0,6.147540983606557,5.0,11.783333333333333,23.0,80.0,0.0,2.0,0.0,3.0,0.0,0.0,0.0,0.0,0.0,25.0,48.0,1.0,0.0,1.0,0.0,1.0,0.0,11.783333333333333,0.2875,6.521739130434782,,3.0,0.0,0.0,,0.0,0.3333333333333333,0.0,1.5625,0.0,557.3333333333334,1118.0,2698.0,217.0,42.0,46.0,137.0,51.0,117.0,96.0,30.0,15.0,1137.0,2255.0,68.0,19.0,94.0,23.0,34.0,0.19436794010317637,16.3921568627451,0.4143810229799852,2.8175313059033993,0.9130434782608695,188.48,0.5756578947368421,0.21897810218978103,0.5,0.04114490161001789,0.49635036496350365,0.8540145985401459,3.1263858093126387,1.542933810375671,3.0,2.0,43.0,False,False,True,True,True,False,False,True,False,season_volume_met_recent_sample_insufficient,non_contender_team,excluded
1642786,Aicha Coulibaly,CHI,Guard,G,True,active,11.0,Aicha Coulibaly,4433433.0,Aicha Coulibaly,CHI,experience_le_3,2001-10-18T07:00Z,24.0,0.0,True,True,active,reviewed,Krystal Beasley,2026-08-22,ESPN,https://www.espn.com/wnba/player/bio/_/id/4433433/aicha-coulibaly,analysis/role_fulfillment_matrix/data/live_inputs/player_core_2026.csv,e5b1f81f0caf215ee0996544f095f7cfbde50f22f6c81e8519af9eb2fae09c26,2026-08-22,normalized_full_name_exact,,,,,,,,,,29.53333333333333,60.0,171.0,20.0,2.0,1.0,12.0,5.0,11.0,10.0,3.0,2.0,61.0,121.0,3.0,0.0,2.0,0.0,2.0,0.0014375684556407475,14.766666666666666,0.3508771929824561,2.5,2.0,16.84,0.5938242280285035,0.25,0.6666666666666666,0.016666666666666666,0.25,0.9166666666666666,1.2396694214876034,0.0,13.4,28.0,80.0,0.0,0.0,1.0,4.0,0.0,0.0,0.0,2.0,0.0,29.0,57.0,0.0,0.0,4.0,0.0,1.0,0.0,13.4,0.35,0.0,0.0,4.0,0.0,0.5,0.0,0.03571428571428571,0.0,0.0,5.263157894736842,0.0,406.75,835.0,2484.0,155.0,18.0,22.0,110.0,48.0,65.0,58.0,59.0,33.0,842.0,1677.0,22.0,1.0,79.0,16.0,30.0,0.13257377913137844,13.558333333333334,0.3361513687600644,1.6167664670658684,0.8181818181818182,138.6,0.5591630591630592,0.5363636363636364,0.559322033898305,0.026347305389221556,0.2,0.5909090909090909,3.5330948121645798,1.437125748502994,3.0,1.0,43.0,False,False,True,True,True,False,False,True,False,season_volume_met_recent_sample_insufficient,non_contender_team,excluded
1628922,Azura Stevens,CHI,Forward,F,True,active,11.0,Azura Stevens,3142010.0,Azura Stevens,CHI,experience_le_3,1996-02-01T08:00Z,30.0,9.0,False,True,active,reviewed,Krystal Beasley,2026-08-22,ESPN,https://www.espn.com/wnba/player/bio/_/id/3142010/azura-stevens,analysis/role_fulfillment_matrix/data/live_inputs/player_core_2026.csv,e5b1f81f0caf215ee0996544f095f7cfbde50f22f6c81e8519af9eb2fae09c26,2026-08-22,normalized_full_name_exact,,,,,,,,,,21.183333333333334,45.0,83.0,6.0,0.0,1.0,5.0,2.0,2.0,1.0,1.0,1.0,48.0,93.0,3.0,1.0,3.0,0.0,1.0,0.0,21.183333333333334,0.5421686746987951,0.0,0.0,5.88,0.5102040816326531,0.2,1.0,0.022222222222222223,0.6,0.4,2.4193548387096775,0.0,19.733333333333334,39.0,80.0,6.0,1.0,0.0,6.0,2.0,2.0,2.0,2.0,2.0,38.0,77.0,3.0,0.0,1.0,0.0,1.0,0.0,19.733333333333334,0.4875,1.923076923076923,,6.88,0.436046511627907,0.3333333333333333,1.0,0.0,0.5,0.3333333333333333,0.9740259740259741,0.0,783.9666666666667,1595.0,2638.0,339.0,67.0,52.0,303.0,129.0,68.0,53.0,127.0,75.0,1594.0,3189.0,110.0,28.0,205.0,42.0,32.0,0.11861292557678388,24.498958333333334,0.6046247156937073,3.1504702194357366,1.2884615384615385,332.92,0.5091313228403219,0.41914191419141916,0.5905511811023622,0.03260188087774295,0.36303630363036304,0.22442244224422442,4.821260583254939,1.9749216300940438,3.0,1.0,43.0,False,False,True,True,True,False,False,True,False,season_volume_met_recent_sample_insufficient,non_contender_team,excluded
202664,Courtney Vandersloot,CHI,Guard,G,True,active,11.0,Courtney Vandersloot,981.0,Courtney Vandersloot,CHI,experience_le_3,1989-02-08T08:00Z,37.0,16.0,False,True,active,reviewed,Krystal Beasley,2026-08-22,ESPN,https://www.espn.com/wnba/player/bio/_/id/981/courtney-vandersloot,analysis/role_fulfillment_matrix/data/live_inputs/player_core_2026.csv,e5b1f81f0caf215ee0996544f095f7cfbde50f22f6c81e8519af9eb2fae09c26,2026-08-22,normalized_full_name_exact,,,,,,,,,,72.45,155.0,254.0,34.0,20.0,10.0,26.0,13.0,6.0,6.0,6.0,5.0,156.0,311.0,6.0,2.0,10.0,0.0,3.0,0.028269665608114437,24.150000000000002,0.610236220472441,9.67741935483871,2.0,28.64,0.5935754189944134,0.23076923076923078,0.8333333333333334,0.06451612903225806,0.23076923076923078,0.23076923076923078,2.4115755627009645,0.0,23.283333333333335,47.0,80.0,8.0,6.0,3.0,7.0,4.0,0.0,0.0,3.0,2.0,46.0,93.0,1.0,0.0,5.0,1.0,1.0,0.0,23.283333333333335,0.5875,9.574468085106382,2.0,7.0,0.5714285714285714,0.42857142857142855,0.6666666666666666,0.06382978723404255,0.14285714285714285,0.0,4.032258064516129,1.5957446808510638,577.9833333333333,1212.0,2153.0,242.0,140.0,56.0,190.0,84.0,64.0,50.0,61.0,35.0,1210.0,2422.0,63.0,24.0,75.0,10.0,26.0,0.11779363272086422,22.230128205128207,0.5629354389224338,8.663366336633663,2.5,218.16,0.5546387972130546,0.32105263157894737,0.5737704918032787,0.0462046204620462,0.33157894736842103,0.3368421052631579,2.3224607762180014,0.6188118811881188,3.0,1.0,43.0,True,True,False,False,True,True,False,True,True,recent_sample_met,non_contender_team,excluded
1630096,DiJonai Carrington,CHI,Guard,G,True,active,11.0,DiJonai Carrington,4066548.0,DiJonai Carrington,CHI,experience_le_3,1998-01-08T08:00Z,28.0,6.0,False,True,active,reviewed,Krystal Beasley,2026-08-22,ESPN,https://www.espn.com/wnba/player/bio/_/id/4066548/dijonai-carrington,analysis/role_fulfillment_matrix/data/live_inputs/player_core_2026.csv,e5b1f81f0caf215ee0996544f095f7cfbde50f22f6c81e8519af9eb2fae09c26,2026-08-22,normalized_full_name_exact,,,,,,,,,,,,,,,,,,,,,,,,,,,,,,,,,,,,,,,,,,,,,,,,,,,,,,,,,,,,,,,,,,,,,,,,,,,,177.91666666666666,371.0,914.0,97.0,7.0,9.0,94.0,31.0,38.0,28.0,25.0,12.0,382.0,753.0,25.0,7.0,34.0,5.0,11.0,0.17386644931658493,16.174242424242422,0.4059080962800875,1.4150943396226414,0.7777777777777778,110.72,0.4380419075144509,0.26595744680851063,0.48,0.02425876010781671,0.26595744680851063,0.40425531914893614,3.3864541832669324,1.0107816711590296,3.0,1.0,43.0,False,False,True,True,False,False,False,True,False,insufficient_recent_sample,non_contender_team,excluded
204322,Elizabeth Williams,CHI,Center,C,True,active,11.0,Elizabeth Williams,2566081.0,Elizabeth Williams,CHI,experience_le_3,1993-06-23T07:00Z,33.0,12.0,False,True,active,reviewed,Krystal Beasley,2026-08-22,ESPN,https://www.espn.com/wnba/player/bio/_/id/2566081/elizabeth-williams,analysis/role_fulfillment_matrix/data/live_inputs/player_core_2026.csv,e5b1f81f0caf215ee0996544f095f7cfbde50f22f6c81e8519af9eb2fae09c26,2026-08-22,normalized_full_name_exact,,,,,,,,,,74.61666666666667,154.0,254.0,18.0,5.0,0.0,16.0,8.0,4.0,2.0,10.0,7.0,157.0,311.0,0.0,0.0,19.0,4.0,3.0,0.09542603917903457,24.872222222222224,0.6062992125984252,2.435064935064935,,17.76,0.5067567567567567,0.625,0.7,0.0,0.0,0.25,4.581993569131833,1.9480519480519483,19.883333333333333,41.0,80.0,4.0,0.0,2.0,4.0,2.0,0.0,0.0,0.0,0.0,41.0,82.0,0.0,0.0,5.0,1.0,1.0,0.0,19.883333333333333,0.5125,0.0,0.0,4.0,0.5,0.0,,0.04878048780487805,0.0,0.0,4.573170731707317,1.829268292682927,729.3833333333333,1509.0,3540.0,219.0,58.0,33.0,191.0,89.0,91.0,41.0,112.0,60.0,1543.0,3052.0,0.0,0.0,156.0,53.0,43.0,0.13074234954276476,16.962403100775195,0.42627118644067796,2.882703777335984,1.7575757575757576,231.04,0.47394390581717455,0.5863874345549738,0.5357142857142857,0.02186878727634195,0.0,0.47643979057591623,3.833551769331586,2.6341948310139163,3.0,1.0,43.0,True,True,False,False,True,True,False,True,True,recent_sample_met,non_contender_team,excluded
1643447,Gabriela Jaquez,CHI,Guard,G,True,active,11.0,Gabriela Jaquez,4858656.0,Gabriela Jaquez,CHI,experience_le_3,2003-11-19T08:00Z,22.0,0.0,True,True,active,reviewed,Krystal Beasley,2026-08-22,ESPN,https://www.espn.com/wnba/player/bio/_/id/4858656/gabriela-jaquez,analysis/role_fulfillment_matrix/data/live_inputs/player_core_2026.csv,e5b1f81f0caf215ee0996544f095f7cfbde50f22f6c81e8519af9eb2fae09c26,2026-08-22,normalized_full_name_exact,,,,,,,,,,76.94999999999999,163.0,254.0,42.0,3.0,8.0,28.0,18.0,5.0,4.0,11.0,9.0,171.0,334.0,7.0,2.0,9.0,3.0,3.0,0.0911978733542157,25.649999999999995,0.6417322834645669,1.3803680981595092,0.375,30.2,0.695364238410596,0.39285714285714285,0.8181818181818182,0.049079754601226995,0.25,0.17857142857142858,2.0209580838323356,1.3803680981595092,20.716666666666665,40.0,80.0,4.0,0.0,0.0,7.0,2.0,0.0,0.0,0.0,0.0,41.0,81.0,2.0,0.0,2.0,0.0,1.0,0.0,20.716666666666665,0.5,0.0,,7.0,0.2857142857142857,0.0,,0.0,0.2857142857142857,0.0,1.8518518518518516,0.0,740.05,1491.0,3134.0,270.0,33.0,44.0,227.0,100.0,63.0,52.0,83.0,52.0,1545.0,3036.0,68.0,18.0,112.0,27.0,38.0,0.18644515118417176,19.474999999999998,0.4757498404594767,1.6599597585513077,0.75,254.72,0.5299937185929648,0.3656387665198238,0.6265060240963856,0.029510395707578806,0.29955947136563876,0.2775330396475771,2.766798418972332,1.358148893360161,3.0,1.0,43.0,True,True,False,False,True,True,False,True,True,recent_sample_met,non_contender_team,excluded
1642292,Jacy Sheldon,CHI,Guard,G,True,active,11.0,Jacy Sheldon,4432865.0,Jacy Sheldon,CHI,experience_le_3,2000-08-23T07:00Z,25.0,3.0,True,True,active,reviewed,Krystal Beasley,2026-08-22,ESPN,https://www.espn.com/wnba/player/bio/_/id/4432865/jacy-sheldon,analysis/role_fulfillment_matrix/data/live_inputs/player_core_2026.csv,e5b1f81f0caf215ee0996544f095f7cfbde50f22f6c81e8519af9eb2fae09c26,2026-08-22,normalized_full_name_exact,,,,,,,,,,61.5,131.0,254.0,23.0,10.0,5.0,21.0,9.0,3.0,3.0,6.0,4.0,133.0,264.0,10.0,2.0,7.0,2.0,3.0,0.07213283037008353,20.5,0.515748031496063,5.7251908396946565,2.0,22.32,0.5152329749103942,0.2857142857142857,0.6666666666666666,0.03816793893129771,0.47619047619047616,0.14285714285714285,1.9886363636363638,1.1450381679389312,18.533333333333335,37.0,80.0,5.0,3.0,1.0,4.0,1.0,4.0,3.0,2.0,1.0,38.0,75.0,2.0,0.0,1.0,0.0,1.0,0.0,18.533333333333335,0.4625,6.081081081081082,3.0,5.76,0.4340277777777778,0.5,0.5,0.02702702702702703,0.5,1.0,1.0,0.0,888.3,1811.0,3540.0,278.0,75.0,42.0,235.0,100.0,49.0,42.0,65.0,45.0,1822.0,3633.0,119.0,36.0,59.0,17.0,43.0,0.14156312421608683,20.65813953488372,0.5115819209039548,3.1060187741579237,1.7857142857142858,256.56,0.541783598378547,0.2765957446808511,0.6923076923076923,0.02319160684704583,0.5063829787234042,0.20851063829787234,1.218001651527663,0.7040309221424628,3.0,1.0,43.0,True,True,False,False,True,True,False,True,True,recent_sample_met,non_contender_team,excluded
1642289,Kamilla Cardoso,CHI,Center,C,True,active,11.0,Kamilla Cardoso,4433405.0,Kamilla Cardoso,CHI,experience_le_3,2001-04-30T07:00Z,25.0,3.0,True,True,active,reviewed,Krystal Beasley,2026-08-22,ESPN,https://www.espn.com/wnba/player/bio/_/id/4433405/kamilla-cardoso,analysis/role_fulfillment_matrix/data/live_inputs/player_core_2026.csv,e5b1f81f0caf215ee0996544f095f7cfbde50f22f6c81e8519af9eb2fae09c26,2026-08-22,normalized_full_name_exact,,,,,,,,,,67.75,147.0,254.0,38.0,6.0,8.0,29.0,18.0,3.0,2.0,27.0,18.0,147.0,294.0,0.0,0.0,20.0,6.0,3.0,0.07721051805261442,22.583333333333332,0.5787401574803149,3.061224489795918,0.75,30.32,0.6266490765171504,0.9310344827586207,0.6666666666666666,0.05442176870748299,0.0,0.10344827586206896,5.102040816326531,3.061224489795918,20.116666666666667,39.0,80.0,9.0,3.0,1.0,6.0,3.0,4.0,3.0,4.0,3.0,40.0,79.0,0.0,0.0,4.0,0.0,1.0,0.0,20.116666666666667,0.4875,5.769230769230769,3.0,7.76,0.5798969072164949,0.6666666666666666,0.75,0.02564102564102564,0.0,0.6666666666666666,3.7974683544303796,0.0,1108.0,2243.0,3456.0,615.0,102.0,74.0,429.0,237.0,189.0,141.0,340.0,209.0,2268.0,4511.0,0.0,0.0,361.0,116.0,42.0,0.10331702226028047,26.38095238095238,0.6490162037037037,3.410610789121712,1.3783783783783783,512.16,0.600398313027179,0.7925407925407926,0.6147058823529412,0.03299152920196166,0.0,0.4405594405594406,6.001995123032588,3.878733838609006,3.0,1.0,43.0,True,True,False,False,True,True,False,True,True,recent_sample_met,non_contender_team,excluded
1642835,Morgan Maly,CHI,Guard,G,True,active,11.0,Morgan Maly,4599199.0,Morgan Maly,CHI,experience_le_3,2002-01-25,24.0,0.0,True,True,developmental,reviewed,Krystal Beasley,2026-08-24,WNBA,https://www.wnba.com/player/1642835,analysis/role_fulfillment_matrix/data/review/eligibility_coverage_source_snapshot_2026-08-24.json,c6c990885aa8f8edb94aa3f973cb7e85b2b2ff424018c4424813b2ce3d4a937f,2026-08-24,manual_exact_name_espn_to_pbpstats,,,,,,,,,,45.18333333333334,98.0,171.0,18.0,1.0,1.0,13.0,5.0,4.0,4.0,3.0,1.0,100.0,198.0,8.0,4.0,10.0,0.0,2.0,0.018346111719605734,22.59166666666667,0.5730994152046783,0.7653061224489796,1.0,14.76,0.6097560975609756,0.23076923076923078,0.3333333333333333,0.01020408163265306,0.6153846153846154,0.3076923076923077,3.7878787878787876,0.0,4.883333333333333,9.0,80.0,0.0,0.0,0.0,0.0,0.0,0.0,0.0,0.0,0.0,10.0,19.0,0.0,0.0,0.0,0.0,1.0,0.0,4.883333333333333,0.1125,0.0,,0.0,,,,0.0,,,0.0,0.0,51.16666666666667,109.0,333.0,18.0,1.0,1.0,13.0,5.0,4.0,4.0,3.0,1.0,112.0,221.0,8.0,4.0,10.0,0.0,4.0,0.25430770641918365,12.791666666666668,0.32732732732732733,0.6880733944954129,1.0,14.76,0.6097560975609756,0.23076923076923078,0.3333333333333333,0.009174311926605505,0.6153846153846154,0.3076923076923077,3.3936651583710407,0.0,3.0,1.0,43.0,False,False,True,True,False,False,False,True,False,insufficient_recent_sample,non_contender_team,excluded
204333,Natasha Cloud,CHI,Guard,G,True,active,11.0,Natasha Cloud,2529137.0,Natasha Cloud,CHI,experience_le_3,1992-02-22T08:00Z,34.0,11.0,False,True,active,reviewed,Krystal Beasley,2026-08-22,ESPN,https://www.espn.com/wnba/player/bio/_/id/2529137/natasha-cloud,analysis/role_fulfillment_matrix/data/live_inputs/player_core_2026.csv,e5b1f81f0caf215ee0996544f095f7cfbde50f22f6c81e8519af9eb2fae09c26,2026-08-22,normalized_full_name_exact,,,,,,,,,,13.833333333333334,28.0,83.0,2.0,2.0,0.0,2.0,1.0,0.0,0.0,1.0,0.0,28.0,56.0,0.0,0.0,1.0,0.0,1.0,0.0,13.833333333333334,0.3373493975903614,5.357142857142857,,2.0,0.5,0.5,0.0,0.0,0.0,0.0,1.3392857142857142,0.0,20.783333333333335,43.0,80.0,14.0,1.0,0.0,8.0,6.0,2.0,1.0,0.0,0.0,43.0,86.0,1.0,1.0,0.0,0.0,1.0,0.0,20.783333333333335,0.5375,1.744186046511628,,8.88,0.7882882882882882,0.0,,0.0,0.125,0.25,0.0,0.0,1126.4666666666667,2298.0,3289.0,445.0,193.0,86.0,306.0,150.0,117.0,100.0,81.0,60.0,2319.0,4617.0,126.0,45.0,135.0,11.0,40.0,0.136796722523954,28.16166666666667,0.69869261173609,6.298955613577023,2.244186046511628,357.48,0.6224124426541344,0.2647058823529412,0.7407407407407407,0.03742384682332463,0.4117647058823529,0.38235294117647056,2.1929824561403506,0.35900783289817234,3.0,1.0,43.0,False,False,True,True,True,False,False,True,False,season_volume_met_recent_sample_insufficient,non_contender_team,excluded
1627671,Rachel Banham,CHI,Guard,G,True,active,11.0,Rachel Banham,2566186.0,Rachel Banham,CHI,experience_le_3,1993-07-15T07:00Z,33.0,11.0,False,True,active,reviewed,Krystal Beasley,2026-08-22,ESPN,https://www.espn.com/wnba/player/bio/_/id/2566186/rachel-banham,analysis/role_fulfillment_matrix/data/live_inputs/player_core_2026.csv,e5b1f81f0caf215ee0996544f095f7cfbde50f22f6c81e8519af9eb2fae09c26,2026-08-22,normalized_full_name_exact,,,,,,,,,,52.78333333333333,110.0,254.0,20.0,4.0,3.0,20.0,8.0,2.0,1.0,1.0,1.0,114.0,224.0,12.0,3.0,1.0,0.0,3.0,0.04179127006405713,17.594444444444445,0.4330708661417323,2.727272727272727,1.3333333333333333,20.88,0.47892720306513414,0.05,1.0,0.02727272727272727,0.6,0.1,0.33482142857142855,0.0,19.716666666666665,38.0,80.0,3.0,3.0,1.0,6.0,1.0,0.0,0.0,1.0,0.0,39.0,77.0,3.0,1.0,4.0,0.0,1.0,0.0,19.716666666666665,0.475,5.921052631578947,3.0,6.0,0.25,0.16666666666666666,0.0,0.02631578947368421,0.5,0.0,3.8961038961038965,0.0,529.05,1084.0,3200.0,188.0,49.0,30.0,183.0,65.0,19.0,15.0,10.0,5.0,1099.0,2183.0,133.0,43.0,46.0,3.0,39.0,0.14342852674379414,13.565384615384614,0.33875,3.390221402214022,1.6333333333333333,191.36,0.49122073578595316,0.0546448087431694,0.5,0.027675276752767528,0.726775956284153,0.10382513661202186,1.5803939532753093,0.20756457564575645,3.0,1.0,43.0,True,True,False,False,True,True,False,True,True,recent_sample_met,non_contender_team,excluded
1642288,Rickea Jackson,CHI,Forward,F,True,active,11.0,Rickea Jackson,4433630.0,Rickea Jackson,CHI,experience_le_3,2001-03-16T08:00Z,25.0,3.0,True,True,active,reviewed,Krystal Beasley,2026-08-22,ESPN,https://www.espn.com/wnba/player/bio/_/id/4433630/rickea-jackson,analysis/role_fulfillment_matrix/data/live_inputs/player_core_2026.csv,e5b1f81f0caf215ee0996544f095f7cfbde50f22f6c81e8519af9eb2fae09c26,2026-08-22,normalized_full_name_exact,,,,,,,,,,,,,,,,,,,,,,,,,,,,,,,,,,,,,,,,,,,,,,,,,,,,,,,,,,,,,,,,,,,,,,,,,,,,117.96666666666667,233.0,320.0,72.0,8.0,8.0,60.0,24.0,22.0,18.0,9.0,5.0,237.0,470.0,21.0,6.0,19.0,4.0,4.0,0.2693887687257166,29.491666666666667,0.728125,2.575107296137339,1.0,69.68,0.5166475315729047,0.15,0.5555555555555556,0.034334763948497854,0.35,0.36666666666666664,3.0319148936170217,1.2875536480686696,3.0,1.0,43.0,False,False,True,True,False,False,False,True,False,insufficient_recent_sample,non_contender_team,excluded
1643458,Saylor Poffenbarger,CHI,Guard,G,False,free-agent,11.0,Saylor Poffenbarger,4433542.0,Saylor Poffenbarger,CHI,experience_le_3,2003-04-14T07:00Z,23.0,0.0,True,False,free-agent,reviewed,Krystal Beasley,2026-08-22,ESPN,https://www.espn.com/wnba/player/bio/_/id/4433542/saylor-poffenbarger,analysis/role_fulfillment_matrix/data/live_inputs/player_core_2026.csv,e5b1f81f0caf215ee0996544f095f7cfbde50f22f6c81e8519af9eb2fae09c26,2026-08-22,normalized_full_name_exact,,,,,,,,,,,,,,,,,,,,,,,,,,,,,,,,,,,,,,,,,,,,,,,,,,,,,,,,,,,,,,,,,,,,,,,,,,,,25.516666666666666,52.0,410.0,0.0,1.0,0.0,4.0,0.0,0.0,0.0,0.0,0.0,56.0,108.0,4.0,0.0,6.0,1.0,5.0,0.05471253270202588,5.1033333333333335,0.12682926829268293,1.4423076923076923,,4.0,0.0,0.0,,0.0,1.0,0.0,4.166666666666666,1.4423076923076923,3.0,1.0,43.0,False,False,True,True,False,False,False,False,False,insufficient_recent_sample,non_contender_team,excluded
203400,Skylar Diggins,CHI,Guard,G,True,active,11.0,Skylar Diggins,2491205.0,Skylar Diggins,CHI,experience_le_3,1990-08-02T07:00Z,36.0,12.0,False,True,active,reviewed,Krystal Beasley,2026-08-22,ESPN,https://www.espn.com/wnba/player/bio/_/id/2491205/skylar-diggins,analysis/role_fulfillment_matrix/data/live_inputs/player_core_2026.csv,e5b1f81f0caf215ee0996544f095f7cfbde50f22f6c81e8519af9eb2fae09c26,2026-08-22,normalized_full_name_exact,,,,,,,,,,,,,,,,,,,,,,,,,,,,,,,,,,,,,,,,,,,,,,,,,,,,,,,,,,,,,,,,,,,,,,,,,,,,552.9,1115.0,1561.0,269.0,93.0,33.0,222.0,87.0,89.0,69.0,58.0,24.0,1127.0,2242.0,68.0,26.0,60.0,13.0,19.0,0.1402720085126695,29.099999999999998,0.7142857142857143,6.2556053811659185,2.8181818181818183,261.16,0.5150099555827844,0.26126126126126126,0.41379310344827586,0.029596412556053813,0.3063063063063063,0.4009009009009009,2.007136485280999,0.874439461883408,3.0,1.0,43.0,False,False,True,True,True,False,False,True,False,season_volume_met_recent_sample_insufficient,non_contender_team,excluded
1642321,Sydney Taylor,CHI,Guard,G,True,active,11.0,Sydney Taylor,4594786.0,Sydney Taylor,CHI,experience_le_3,2001-06-21T07:00Z,25.0,0.0,True,True,active,reviewed,Krystal Beasley,2026-08-22,ESPN,https://www.espn.com/wnba/player/bio/_/id/4594786/sydney-taylor,analysis/role_fulfillment_matrix/data/live_inputs/player_core_2026.csv,e5b1f81f0caf215ee0996544f095f7cfbde50f22f6c81e8519af9eb2fae09c26,2026-08-22,normalized_full_name_exact,,,,,,,,,,67.7,145.0,254.0,32.0,11.0,8.0,32.0,10.0,11.0,7.0,5.0,3.0,146.0,291.0,20.0,5.0,10.0,0.0,3.0,0.04431021047077239,22.566666666666666,0.5708661417322834,5.689655172413793,1.375,36.84,0.4343105320304017,0.15625,0.6,0.05517241379310345,0.625,0.34375,2.577319587628866,0.0,18.916666666666668,39.0,80.0,13.0,1.0,2.0,14.0,4.0,6.0,3.0,1.0,1.0,40.0,79.0,6.0,2.0,3.0,1.0,1.0,0.0,18.916666666666668,0.4875,1.923076923076923,0.5,16.64,0.390625,0.07142857142857142,1.0,0.05128205128205128,0.42857142857142855,0.42857142857142855,2.848101265822785,1.923076923076923,737.5,1537.0,2973.0,488.0,69.0,57.0,402.0,171.0,95.0,75.0,99.0,71.0,1553.0,3090.0,216.0,71.0,61.0,12.0,36.0,0.17072737428897955,20.48611111111111,0.5169862092162798,3.3669486011711127,1.2105263157894737,443.8,0.5497972059486255,0.2462686567164179,0.7171717171717171,0.03708523096942095,0.5373134328358209,0.236318407960199,1.4805825242718447,0.5855562784645413,3.0,1.0,43.0,True,True,False,False,True,True,False,True,True,recent_sample_met,non_contender_team,excluded
1642293,Alissa Pili,LAS,Forward,F,True,active,12.0,Alissa Pili,5105752.0,Alissa Pili,LAS,experience_le_3,2001-06-08T07:00Z,25.0,3.0,True,True,active,reviewed,Krystal Beasley,2026-08-22,ESPN,https://www.espn.com/wnba/player/bio/_/id/5105752/alissa-pili,analysis/role_fulfillment_matrix/data/live_inputs/player_core_2026.csv,e5b1f81f0caf215ee0996544f095f7cfbde50f22f6c81e8519af9eb2fae09c26,2026-08-22,normalized_full_name_exact,,,,,,,,,,,,,,,,,,,,,,,,,,,,,,,,,,,,,,,,,,,,,,,,,,,,,,,,,,,,,,,,,,,,,,,,,,,,39.483333333333334,84.0,417.0,10.0,4.0,4.0,12.0,4.0,2.0,0.0,3.0,1.0,86.0,170.0,4.0,2.0,11.0,5.0,5.0,0.11602271000498685,7.8966666666666665,0.2014388489208633,3.571428571428571,1.0,12.88,0.3881987577639751,0.25,0.3333333333333333,0.047619047619047616,0.3333333333333333,0.16666666666666666,4.852941176470589,4.464285714285714,3.0,2.0,43.0,False,False,True,True,False,False,False,True,False,insufficient_recent_sample,non_contender_team,excluded
1628878,Ariel Atkins,LAS,Guard,G,True,active,12.0,Ariel Atkins,3146151.0,Ariel Atkins,LAS,experience_le_3,1996-07-30T07:00Z,30.0,9.0,False,True,active,reviewed,Krystal Beasley,2026-08-22,ESPN,https://www.espn.com/wnba/player/bio/_/id/3146151/ariel-atkins,analysis/role_fulfillment_matrix/data/live_inputs/player_core_2026.csv,e5b1f81f0caf215ee0996544f095f7cfbde50f22f6c81e8519af9eb2fae09c26,2026-08-22,normalized_full_name_exact,,,,,,,,,,66.15,130.0,246.0,27.0,4.0,2.0,18.0,10.0,5.0,5.0,4.0,4.0,133.0,263.0,7.0,2.0,10.0,1.0,3.0,0.03316173089425768,22.05,0.5284552845528455,2.307692307692308,2.0,20.2,0.6683168316831684,0.2222222222222222,1.0,0.015384615384615385,0.3888888888888889,0.2777777777777778,2.8517110266159693,0.576923076923077,44.13333333333333,88.0,166.0,8.0,5.0,0.0,9.0,4.0,0.0,0.0,2.0,2.0,87.0,175.0,4.0,0.0,5.0,0.0,2.0,0.12878787878787876,22.066666666666666,0.5301204819277109,4.261363636363636,,9.0,0.4444444444444444,0.2222222222222222,1.0,0.0,0.4444444444444444,0.0,2.142857142857143,0.0,1099.3333333333333,2226.0,3363.0,350.0,115.0,59.0,324.0,124.0,59.0,55.0,40.0,30.0,2240.0,4466.0,167.0,47.0,119.0,28.0,41.0,0.13875926705998815,26.8130081300813,0.6619090098126673,3.87466307277628,1.9491525423728813,349.96,0.5000571493885015,0.12345679012345678,0.75,0.026504941599281222,0.5154320987654321,0.18209876543209877,1.9984326018808778,0.9433962264150944,3.0,2.0,43.0,True,True,False,False,True,True,False,True,True,recent_sample_met,non_contender_team,excluded
1642287,Cameron Brink,LAS,Forward,F,True,active,12.0,Cameron Brink,4433404.0,Cameron Brink,LAS,experience_le_3,2001-12-31T08:00Z,24.0,3.0,True,True,active,reviewed,Krystal Beasley,2026-08-22,ESPN,https://www.espn.com/wnba/player/bio/_/id/4433404/cameron-brink,analysis/role_fulfillment_matrix/data/live_inputs/player_core_2026.csv,e5b1f81f0caf215ee0996544f095f7cfbde50f22f6c81e8519af9eb2fae09c26,2026-08-22,normalized_full_name_exact,,,,,,,,,,23.716666666666665,51.0,88.0,9.0,1.0,2.0,16.0,4.0,2.0,1.0,7.0,3.0,51.0,102.0,3.0,0.0,5.0,3.0,1.0,0.0,23.716666666666665,0.5795454545454546,1.4705882352941175,0.5,16.88,0.2665876777251185,0.4375,0.42857142857142855,0.0392156862745098,0.1875,0.125,3.676470588235294,4.411764705882353,53.88333333333333,114.0,166.0,24.0,4.0,6.0,24.0,8.0,6.0,6.0,7.0,4.0,111.0,225.0,8.0,2.0,11.0,3.0,2.0,0.018939393939394006,26.941666666666666,0.6867469879518072,2.631578947368421,0.6666666666666666,26.64,0.45045045045045046,0.2916666666666667,0.5714285714285714,0.05263157894736842,0.3333333333333333,0.25,3.666666666666667,1.9736842105263157,594.8833333333333,1220.0,2523.0,296.0,46.0,75.0,220.0,102.0,83.0,64.0,70.0,44.0,1229.0,2449.0,89.0,28.0,155.0,45.0,31.0,0.12019719483957059,19.18978494623656,0.48355132778438364,2.8278688524590168,0.6133333333333333,256.52,0.5769530640885702,0.3181818181818182,0.6285714285714286,0.06147540983606557,0.40454545454545454,0.37727272727272726,4.746835443037975,2.7663934426229506,3.0,2.0,43.0,False,False,True,True,True,False,False,True,False,season_volume_met_recent_sample_insufficient,non_contender_team,excluded
1643462,Chance Gray,LAS,Guard,G,True,active,12.0,Chance Gray,5105729.0,Chance Gray,LAS,experience_le_3,2004-07-06T07:00Z,22.0,0.0,True,True,active,reviewed,Krystal Beasley,2026-08-22,ESPN,https://www.espn.com/wnba/player/bio/_/id/5105729/chance-gray,analysis/role_fulfillment_matrix/data/live_inputs/player_core_2026.csv,e5b1f81f0caf215ee0996544f095f7cfbde50f22f6c81e8519af9eb2fae09c26,2026-08-22,normalized_full_name_exact,,,,,,,,,,32.66666666666667,66.0,158.0,12.0,3.0,1.0,8.0,3.0,3.0,3.0,0.0,0.0,70.0,136.0,7.0,3.0,1.0,0.0,2.0,0.027417027417027395,16.333333333333336,0.4177215189873418,3.409090909090909,3.0,9.32,0.6437768240343348,0.0,,0.015151515151515152,0.875,0.375,0.5514705882352942,0.0,27.133333333333333,61.0,166.0,6.0,3.0,0.0,4.0,2.0,0.0,0.0,0.0,0.0,61.0,122.0,4.0,2.0,0.0,0.0,2.0,0.09265734265734266,13.566666666666666,0.3674698795180723,3.6885245901639343,,4.0,0.75,0.0,,0.0,1.0,0.0,0.0,0.0,449.6333333333333,936.0,3177.0,121.0,40.0,23.0,100.0,37.0,23.0,20.0,15.0,9.0,948.0,1884.0,76.0,27.0,42.0,10.0,39.0,0.12034291850250611,11.529059829059829,0.29461756373937675,3.2051282051282053,1.7391304347826086,110.12,0.5494006538321831,0.15,0.6,0.024572649572649572,0.76,0.23,1.6719745222929936,0.8012820512820513,3.0,2.0,43.0,False,False,True,True,True,False,False,True,False,season_volume_met_recent_sample_insufficient,non_contender_team,excluded
204324,Dearica Hamby,LAS,Forward,F,True,active,12.0,Dearica Hamby,2566106.0,Dearica Hamby,LAS,experience_le_3,1993-11-06T08:00Z,32.0,12.0,False,True,active,reviewed,Krystal Beasley,2026-08-22,ESPN,https://www.espn.com/wnba/player/bio/_/id/2566106/dearica-hamby,analysis/role_fulfillment_matrix/data/live_inputs/player_core_2026.csv,e5b1f81f0caf215ee0996544f095f7cfbde50f22f6c81e8519af9eb2fae09c26,2026-08-22,normalized_full_name_exact,,,,,,,,,,20.85,47.0,88.0,14.0,1.0,0.0,9.0,5.0,8.0,4.0,2.0,1.0,46.0,93.0,1.0,0.0,4.0,1.0,1.0,0.0,20.85,0.5340909090909091,1.5957446808510638,,12.52,0.5591054313099042,0.2222222222222222,0.5,0.0,0.1111111111111111,0.8888888888888888,3.2258064516129035,1.5957446808510638,47.516666666666666,99.0,166.0,15.0,3.0,2.0,13.0,7.0,4.0,1.0,9.0,7.0,100.0,199.0,0.0,0.0,15.0,2.0,2.0,0.005827505827505797,23.758333333333333,0.5963855421686747,2.272727272727273,1.5,14.76,0.508130081300813,0.6923076923076923,0.7777777777777778,0.020202020202020204,0.0,0.3076923076923077,5.6532663316582905,1.5151515151515154,1173.8,2394.0,3363.0,592.0,99.0,77.0,413.0,228.0,186.0,127.0,264.0,180.0,2401.0,4795.0,38.0,9.0,286.0,78.0,41.0,0.09070606476890658,28.629268292682926,0.711864406779661,3.101503759398496,1.2857142857142858,494.84000000000003,0.5981731468757577,0.639225181598063,0.6818181818181818,0.03216374269005848,0.09200968523002422,0.45036319612590797,4.473409801876955,2.443609022556391,3.0,2.0,43.0,False,False,True,True,True,False,False,True,False,season_volume_met_recent_sample_insufficient,non_contender_team,excluded
1628242,Emma Cannon,LAS,Forward,F,True,active,12.0,Emma Cannon,2284331.0,Emma Cannon,LAS,experience_le_3,1989-06-01T07:00Z,37.0,8.0,False,True,active,reviewed,Krystal Beasley,2026-08-22,ESPN,https://www.espn.com/wnba/player/bio/_/id/2284331/emma-cannon,analysis/role_fulfillment_matrix/data/live_inputs/player_core_2026.csv,e5b1f81f0caf215ee0996544f095f7cfbde50f22f6c81e8519af9eb2fae09c26,2026-08-22,normalized_full_name_exact,,,,,,,,,,26.116666666666667,52.0,158.0,10.0,1.0,0.0,5.0,2.0,6.0,4.0,0.0,0.0,54.0,106.0,5.0,2.0,4.0,0.0,2.0,0.004329004329004307,13.058333333333334,0.3291139240506329,1.4423076923076923,,7.640000000000001,0.6544502617801047,0.0,,0.0,1.0,1.2,2.830188679245283,0.0,,,,,,,,,,,,,,,,,,,,,,,,,,,,,,,,,,135.98333333333332,284.0,1495.0,71.0,6.0,14.0,41.0,20.0,25.0,19.0,11.0,7.0,282.0,566.0,25.0,12.0,26.0,9.0,18.0,0.12178572149345405,7.554629629629629,0.18996655518394648,1.584507042253521,0.42857142857142855,52.0,0.6826923076923077,0.2682926829268293,0.6363636363636364,0.04929577464788732,0.6097560975609756,0.6097560975609756,3.4452296819787986,2.3767605633802815,3.0,2.0,43.0,False,False,True,True,False,False,False,True,False,insufficient_recent_sample,non_contender_team,excluded
204365,Erica Wheeler,LAS,Guard,G,True,active,12.0,Erica Wheeler,2491214.0,Erica Wheeler,LAS,experience_le_3,1991-05-02T07:00Z,35.0,11.0,False,True,active,reviewed,Krystal Beasley,2026-08-22,ESPN,https://www.espn.com/wnba/player/bio/_/id/2491214/erica-wheeler,analysis/role_fulfillment_matrix/data/live_inputs/player_core_2026.csv,e5b1f81f0caf215ee0996544f095f7cfbde50f22f6c81e8519af9eb2fae09c26,2026-08-22,normalized_full_name_exact,,,,,,,,,,50.983333333333334,103.0,246.0,28.0,11.0,2.0,19.0,11.0,0.0,0.0,3.0,3.0,100.0,203.0,10.0,6.0,4.0,1.0,3.0,0.11519038198575356,16.994444444444444,0.4186991869918699,8.009708737864077,5.5,19.0,0.7368421052631579,0.15789473684210525,1.0,0.019417475728155338,0.5263157894736842,0.0,1.477832512315271,0.7281553398058251,40.25,81.0,166.0,17.0,12.0,3.0,11.0,6.0,0.0,0.0,0.0,0.0,83.0,164.0,9.0,5.0,3.0,0.0,2.0,0.04763986013986014,20.125,0.4879518072289157,11.11111111111111,4.0,11.0,0.7727272727272727,0.0,,0.037037037037037035,0.8181818181818182,0.0,1.371951219512195,0.0,1104.5166666666667,2232.0,3440.0,380.0,212.0,77.0,344.0,140.0,47.0,41.0,66.0,38.0,2244.0,4476.0,180.0,59.0,80.0,10.0,42.0,0.13082536164330963,26.298015873015874,0.6488372093023256,7.123655913978494,2.7532467532467533,364.68,0.521004716463749,0.19186046511627908,0.5757575757575758,0.03449820788530466,0.5232558139534884,0.13662790697674418,1.3404825737265416,0.33602150537634407,3.0,2.0,43.0,True,True,False,False,True,True,False,True,True,recent_sample_met,non_contender_team,excluded
1630148,Jihyun Park,LAS,Forward,F,True,active,12.0,Jihyun Park,4874375.0,Jihyun Park,LAS,experience_le_3,2000-04-07T07:00Z,26.0,0.0,True,True,active,reviewed,Krystal Beasley,2026-08-22,ESPN,https://www.espn.com/wnba/player/bio/_/id/4874375/jihyun-park,analysis/role_fulfillment_matrix/data/live_inputs/player_core_2026.csv,e5b1f81f0caf215ee0996544f095f7cfbde50f22f6c81e8519af9eb2fae09c26,2026-08-22,normalized_full_name_exact,,,,,,,,,,24.46666666666667,47.0,158.0,7.0,4.0,1.0,5.0,3.0,2.0,1.0,0.0,0.0,49.0,96.0,2.0,0.0,4.0,1.0,2.0,0.013868847202180526,12.233333333333334,0.2974683544303797,6.382978723404255,4.0,5.88,0.5952380952380952,0.0,,0.02127659574468085,0.4,0.4,3.125,1.5957446808510638,,,,,,,,,,,,,,,,,,,,,,,,,,,,,,,,,,324.1666666666667,684.0,2864.0,80.0,20.0,10.0,71.0,29.0,23.0,13.0,12.0,10.0,689.0,1373.0,35.0,9.0,37.0,11.0,35.0,0.1359982751216316,9.261904761904763,0.2388268156424581,2.1929824561403506,2.0,81.12,0.49309664694280075,0.16901408450704225,0.8333333333333334,0.014619883040935672,0.49295774647887325,0.323943661971831,2.0211216314639477,1.2061403508771928,3.0,2.0,43.0,False,False,True,True,True,False,False,True,False,season_volume_met_recent_sample_insufficient,non_contender_team,excluded
1642324,Kate Martin,LAS,Guard,G,True,active,12.0,Kate Martin,4398907.0,Kate Martin,LAS,experience_le_3,2000-06-05T07:00Z,26.0,3.0,True,True,active,reviewed,Krystal Beasley,2026-08-22,ESPN,https://www.espn.com/wnba/player/bio/_/id/4398907/kate-martin,analysis/role_fulfillment_matrix/data/live_inputs/player_core_2026.csv,e5b1f81f0caf215ee0996544f095f7cfbde50f22f6c81e8519af9eb2fae09c26,2026-08-22,normalized_full_name_exact,,,,,,,,,,,,,,,,,,,,,,,,,,,,,,,,,,,,,,,,,,,,,,,,,,,,,,,,,,,,,,,,,,,,,,,,,,,,119.89999999999999,249.0,1397.0,39.0,6.0,3.0,35.0,13.0,8.0,5.0,4.0,3.0,254.0,503.0,26.0,8.0,19.0,5.0,17.0,0.130684929858403,7.052941176470588,0.17823908375089478,1.8072289156626506,2.0,38.52,0.5062305295950156,0.11428571428571428,0.75,0.012048192771084338,0.7428571428571429,0.22857142857142856,2.83300198807157,1.5060240963855422,3.0,2.0,43.0,False,False,True,True,False,False,False,True,False,insufficient_recent_sample,non_contender_team,excluded
1643461,Laura Ziegler,LAS,Forward,F,False,free-agent,12.0,Laura Ziegler,5107515.0,Laura Ziegler,LAS,experience_le_3,2002-07-23T07:00Z,24.0,0.0,True,False,free-agent,reviewed,Krystal Beasley,2026-08-22,ESPN,https://www.espn.com/wnba/player/bio/_/id/5107515/laura-ziegler,analysis/role_fulfillment_matrix/data/live_inputs/player_core_2026.csv,e5b1f81f0caf215ee0996544f095f7cfbde50f22f6c81e8519af9eb2fae09c26,2026-08-22,normalized_full_name_exact,,,,,,,,,,,,,,,,,,,,,,,,,,,,,,,,,,,,,,,,,,,,,,,,,,,,,,,,,,,,,,,,,,,,,,,,,,,,29.299999999999997,68.0,253.0,8.0,3.0,0.0,8.0,3.0,3.0,2.0,3.0,3.0,64.0,132.0,3.0,0.0,4.0,1.0,3.0,0.034125026564400036,9.766666666666666,0.26877470355731226,3.308823529411765,,9.32,0.4291845493562232,0.375,1.0,0.0,0.375,0.375,2.272727272727273,1.1029411764705883,3.0,2.0,43.0,False,False,True,True,False,False,False,False,False,insufficient_recent_sample,non_contender_team,excluded
1642777,Monique Akoa Makani,LAS,Guard,G,True,active,12.0,Monique Akoa Makani,5274110.0,Monique Akoa Makani,LAS,experience_le_3,2001-02-04T08:00Z,25.0,2.0,True,True,active,reviewed,Krystal Beasley,2026-08-22,ESPN,https://www.espn.com/wnba/player/bio/_/id/5274110/monique-akoa-makani,analysis/role_fulfillment_matrix/data/live_inputs/player_core_2026.csv,e5b1f81f0caf215ee0996544f095f7cfbde50f22f6c81e8519af9eb2fae09c26,2026-08-22,normalized_full_name_exact,,,,,,,,,,67.05,137.0,246.0,9.0,6.0,9.0,13.0,2.0,5.0,4.0,1.0,0.0,141.0,278.0,7.0,1.0,6.0,1.0,3.0,0.07941321036792875,22.349999999999998,0.556910569105691,3.2846715328467155,0.6666666666666666,15.2,0.2960526315789474,0.07692307692307693,0.0,0.06569343065693431,0.5384615384615384,0.38461538461538464,1.6187050359712232,0.5474452554744526,43.03333333333333,89.0,166.0,16.0,6.0,3.0,9.0,6.0,1.0,1.0,4.0,2.0,86.0,175.0,4.0,3.0,3.0,1.0,2.0,0.009906759906759904,21.516666666666666,0.536144578313253,5.056179775280898,2.0,9.44,0.8474576271186441,0.4444444444444444,0.5,0.033707865168539325,0.4444444444444444,0.1111111111111111,1.2857142857142858,0.8426966292134831,190.76666666666665,386.0,816.0,42.0,18.0,20.0,43.0,14.0,13.0,10.0,8.0,4.0,389.0,775.0,19.0,4.0,14.0,3.0,10.0,0.0977845042167347,19.076666666666664,0.4730392156862745,3.4974093264248705,0.9,48.72,0.4310344827586207,0.18604651162790697,0.5,0.05181347150259067,0.4418604651162791,0.3023255813953488,1.3548387096774195,0.582901554404145,3.0,2.0,43.0,True,True,False,False,False,True,False,True,True,recent_sample_met,non_contender_team,excluded
203014,Nneka Ogwumike,LAS,Forward,F,True,active,12.0,Nneka Ogwumike,1068.0,Nneka Ogwumike,LAS,experience_le_3,1990-07-02T07:00Z,36.0,15.0,False,True,active,reviewed,Krystal Beasley,2026-08-22,ESPN,https://www.espn.com/wnba/player/bio/_/id/1068/nneka-ogwumike,analysis/role_fulfillment_matrix/data/live_inputs/player_core_2026.csv,e5b1f81f0caf215ee0996544f095f7cfbde50f22f6c81e8519af9eb2fae09c26,2026-08-22,normalized_full_name_exact,,,,,,,,,,85.13333333333333,172.0,246.0,55.0,11.0,3.0,43.0,24.0,3.0,3.0,11.0,8.0,172.0,344.0,9.0,4.0,28.0,8.0,3.0,0.024998724587403216,28.377777777777776,0.6991869918699187,4.796511627906977,3.6666666666666665,44.32,0.6204873646209387,0.2558139534883721,0.7272727272727273,0.01744186046511628,0.20930232558139536,0.06976744186046512,6.104651162790698,3.488372093023256,58.599999999999994,119.0,166.0,47.0,8.0,3.0,33.0,20.0,2.0,1.0,8.0,8.0,119.0,238.0,10.0,6.0,16.0,1.0,2.0,0.013111888111888098,29.299999999999997,0.7168674698795181,5.042016806722689,2.6666666666666665,33.88,0.6936245572609209,0.24242424242424243,1.0,0.025210084033613446,0.30303030303030304,0.06060606060606061,5.042016806722689,0.6302521008403361,1293.3,2612.0,3438.0,725.0,128.0,77.0,555.0,287.0,108.0,93.0,154.0,114.0,2633.0,5245.0,146.0,58.0,374.0,76.0,42.0,0.0581892387487317,30.79285714285714,0.7597440372309482,3.6753445635528332,1.6623376623376624,602.52,0.6016397795923787,0.2774774774774775,0.7402597402597403,0.029479326186830017,0.26306306306306304,0.1945945945945946,5.347950428979981,2.1822358346094948,3.0,2.0,43.0,True,True,False,False,True,True,False,True,True,recent_sample_met,non_contender_team,excluded
1630996,Rae Burrell,LAS,Guard,G,True,active,12.0,Rae Burrell,4398764.0,Rae Burrell,LAS,experience_le_3,2000-06-21T07:00Z,26.0,5.0,False,True,active,reviewed,Krystal Beasley,2026-08-22,ESPN,https://www.espn.com/wnba/player/bio/_/id/4398764/rae-burrell,analysis/role_fulfillment_matrix/data/live_inputs/player_core_2026.csv,e5b1f81f0caf215ee0996544f095f7cfbde50f22f6c81e8519af9eb2fae09c26,2026-08-22,normalized_full_name_exact,,,,,,,,,,77.46666666666667,155.0,246.0,43.0,6.0,8.0,34.0,14.0,13.0,12.0,12.0,7.0,160.0,315.0,9.0,3.0,4.0,1.0,3.0,0.057767581490306176,25.822222222222223,0.6300813008130082,2.903225806451613,0.75,39.72,0.541289023162135,0.35294117647058826,0.5833333333333334,0.05161290322580645,0.2647058823529412,0.38235294117647056,0.9523809523809523,0.4838709677419355,57.099999999999994,117.0,166.0,37.0,6.0,6.0,30.0,13.0,10.0,9.0,14.0,9.0,116.0,233.0,10.0,2.0,7.0,1.0,2.0,0.02447552447552448,28.549999999999997,0.7048192771084337,3.846153846153846,1.0,34.4,0.5377906976744187,0.4666666666666667,0.6428571428571429,0.05128205128205128,0.3333333333333333,0.3333333333333333,2.2532188841201717,0.6410256410256411,1206.2833333333333,2456.0,3444.0,611.0,106.0,103.0,458.0,210.0,155.0,126.0,153.0,99.0,2477.0,4933.0,174.0,65.0,97.0,23.0,42.0,0.10731574111865796,28.721031746031745,0.7131242740998839,3.236970684039088,1.029126213592233,526.2,0.5805777270999619,0.33406113537117904,0.6470588235294118,0.041938110749185666,0.3799126637554585,0.3384279475982533,1.4747618082302858,0.7023615635179153,3.0,2.0,43.0,True,True,False,False,True,True,False,True,True,recent_sample_met,non_contender_team,excluded
1642811,Shyanne Sellers,LAS,Guard,G,True,active,12.0,Shyanne Sellers,4433808.0,Shyanne Sellers,LAS,experience_le_3,2003-04-24T07:00Z,23.0,0.0,True,True,active,reviewed,Krystal Beasley,2026-09-28,ESPN,https://www.espn.com/wnba/player/bio/_/id/4433808/shyanne-sellers,analysis/role_fulfillment_matrix/data/live_inputs/player_core_2026.csv,1d772aeb9c1b11313a0ca2706597c84451f546761f3b3dabbadebcd4874f6209,2026-09-28,normalized_full_name_exact,,,,,,,,,,20.983333333333334,46.0,169.0,4.0,2.0,1.0,6.0,1.0,2.0,1.0,2.0,0.0,46.0,92.0,2.0,1.0,2.0,0.0,2.0,0.03500280583613917,10.491666666666667,0.27218934911242604,3.260869565217391,2.0,6.88,0.29069767441860467,0.3333333333333333,0.0,0.021739130434782608,0.3333333333333333,0.3333333333333333,1.6304347826086956,0.0,,,,,,,,,,,,,,,,,,,,,,,,,,,,,,,,,,20.983333333333334,46.0,169.0,4.0,2.0,1.0,6.0,1.0,2.0,1.0,2.0,0.0,46.0,92.0,2.0,1.0,2.0,0.0,2.0,0.03500280583613917,10.491666666666667,0.27218934911242604,3.260869565217391,2.0,6.88,0.29069767441860467,0.3333333333333333,0.0,0.021739130434782608,0.3333333333333333,0.3333333333333333,1.6304347826086956,0.0,3.0,2.0,43.0,False,False,True,True,False,False,False,True,False,insufficient_recent_sample,non_contender_team,excluded
1643439,Tonie Morgan,LAS,Guard,G,True,active,12.0,Tonie Morgan,4565515.0,Tonie Morgan,LAS,experience_le_3,2004-07-16T07:00Z,22.0,0.0,True,True,active,reviewed,Krystal Beasley,2026-08-22,ESPN,https://www.espn.com/wnba/player/bio/_/id/4565515/tonie-morgan,analysis/role_fulfillment_matrix/data/live_inputs/player_core_2026.csv,e5b1f81f0caf215ee0996544f095f7cfbde50f22f6c81e8519af9eb2fae09c26,2026-08-22,normalized_full_name_exact,,,,,,,,,,58.91666666666667,127.0,246.0,28.0,10.0,7.0,18.0,11.0,4.0,3.0,8.0,6.0,126.0,253.0,6.0,3.0,4.0,1.0,3.0,0.02784614771050225,19.63888888888889,0.516260162601626,5.905511811023622,1.4285714285714286,19.76,0.7085020242914979,0.4444444444444444,0.75,0.05511811023622047,0.3333333333333333,0.2222222222222222,1.185770750988142,0.5905511811023622,28.349999999999998,62.0,166.0,8.0,4.0,2.0,4.0,2.0,6.0,4.0,2.0,2.0,62.0,124.0,2.0,0.0,3.0,0.0,2.0,0.09833916083916083,14.174999999999999,0.37349397590361444,4.838709677419355,2.0,6.640000000000001,0.6024096385542168,0.5,1.0,0.03225806451612903,0.5,1.5,1.814516129032258,0.0,176.85,377.0,903.0,64.0,28.0,19.0,44.0,25.0,14.0,10.0,22.0,17.0,376.0,753.0,10.0,4.0,13.0,2.0,11.0,0.11103714064134701,16.077272727272728,0.4174972314507198,5.570291777188329,1.4736842105263157,50.16,0.6379585326953748,0.5,0.7727272727272727,0.050397877984084884,0.22727272727272727,0.3181818181818182,1.294820717131474,0.3978779840848806,3.0,2.0,43.0,True,True,False,False,False,True,False,True,True,recent_sample_met,non_contender_team,excluded
1642800,Aneesah Morrow,TOR,Forward,F,True,active,13.0,Aneesah Morrow,4684384.0,Aneesah Morrow,TOR,experience_le_3,2003-02-02T08:00Z,23.0,2.0,True,True,active,reviewed,Krystal Beasley,2026-08-22,ESPN,https://www.espn.com/wnba/player/bio/_/id/4684384/aneesah-morrow,analysis/role_fulfillment_matrix/data/live_inputs/player_core_2026.csv,e5b1f81f0caf215ee0996544f095f7cfbde50f22f6c81e8519af9eb2fae09c26,2026-08-22,normalized_full_name_exact,,,,,,,,,,,,,,,,,,,,,,,,,,,,,,,,,,,,,,,,,,,,,,,,,,,,,,,,,,,,,,,,,,,,,,,,,,,,135.95,283.0,564.0,65.0,6.0,8.0,54.0,23.0,22.0,15.0,17.0,11.0,282.0,565.0,17.0,4.0,46.0,16.0,7.0,0.15934802436075265,19.42142857142857,0.50177304964539,1.590106007067138,0.75,63.68,0.5103643216080402,0.3148148148148148,0.6470588235294118,0.028268551236749116,0.3148148148148148,0.4074074074074074,6.106194690265487,4.240282685512367,3.0,3.0,43.0,False,False,True,True,False,False,False,True,False,insufficient_recent_sample,non_contender_team,excluded
1628279,Brittney Sykes,TOR,Guard,G,True,active,13.0,Brittney Sykes,2988756.0,Brittney Sykes,TOR,experience_le_3,1994-02-07T08:00Z,32.0,10.0,False,True,active,reviewed,Krystal Beasley,2026-08-22,ESPN,https://www.espn.com/wnba/player/bio/_/id/2988756/brittney-sykes,analysis/role_fulfillment_matrix/data/live_inputs/player_core_2026.csv,e5b1f81f0caf215ee0996544f095f7cfbde50f22f6c81e8519af9eb2fae09c26,2026-08-22,normalized_full_name_exact,,,,,,,,,,,,,,,,,,,,,,,,,,,,,,,,,,,,,,,,,,,,,,,,,,,,,,,,,,,,,,,,,,,,,,,,,,,,499.6333333333333,1000.0,1382.0,316.0,57.0,36.0,244.0,102.0,107.0,96.0,81.0,49.0,1008.0,2008.0,62.0,16.0,59.0,16.0,17.0,0.22043807732268816,29.390196078431373,0.723589001447178,4.275,1.5833333333333333,291.08,0.5428061014154185,0.3319672131147541,0.6049382716049383,0.036,0.2540983606557377,0.4385245901639344,2.2036852589641436,1.2,3.0,3.0,43.0,False,False,True,True,True,False,False,True,False,season_volume_met_recent_sample_insufficient,non_contender_team,excluded
204330,Isabelle Harrison,TOR,Forward,F,True,active,13.0,Isabelle Harrison,2566453.0,Isabelle Harrison,TOR,experience_le_3,1993-09-27T07:00Z,32.0,9.0,False,True,active,reviewed,Krystal Beasley,2026-08-22,ESPN,https://www.espn.com/wnba/player/bio/_/id/2566453/isabelle-harrison,analysis/role_fulfillment_matrix/data/live_inputs/player_core_2026.csv,e5b1f81f0caf215ee0996544f095f7cfbde50f22f6c81e8519af9eb2fae09c26,2026-08-22,normalized_full_name_exact,,,,,,,,,,79.35,163.0,240.0,42.0,0.0,4.0,45.0,12.0,19.0,14.0,17.0,5.0,160.0,323.0,16.0,4.0,30.0,8.0,3.0,0.13421088531337905,26.45,0.6791666666666667,0.0,0.0,53.36,0.39355322338830584,0.37777777777777777,0.29411764705882354,0.024539877300613498,0.35555555555555557,0.4222222222222222,6.965944272445821,3.6809815950920246,83.43333333333334,171.0,243.0,48.0,7.0,7.0,45.0,15.0,20.0,16.0,15.0,8.0,173.0,344.0,11.0,2.0,31.0,8.0,3.0,0.08658900789246753,27.811111111111114,0.7037037037037037,3.070175438596491,1.0,53.8,0.446096654275093,0.3333333333333333,0.5333333333333333,0.04093567251461988,0.24444444444444444,0.4444444444444444,6.758720930232558,3.508771929824561,735.8833333333333,1493.0,2497.0,389.0,47.0,53.0,334.0,140.0,119.0,87.0,134.0,76.0,1493.0,2986.0,78.0,22.0,212.0,58.0,31.0,0.149694604179155,23.738172043010753,0.5979175010012014,2.3610180843938378,0.8867924528301887,386.36,0.5034165027435552,0.40119760479041916,0.5671641791044776,0.03549899531145345,0.23353293413173654,0.3562874251497006,5.324849296718018,2.913596784996651,3.0,3.0,43.0,True,True,False,False,True,True,False,True,True,recent_sample_met,non_contender_team,excluded
1627700,Julie Allemand,TOR,Guard,G,True,active,13.0,Julie Allemand,4001679.0,Julie Allemand,TOR,experience_le_3,1996-07-07T07:00Z,30.0,4.0,False,True,active,reviewed,Krystal Beasley,2026-08-22,ESPN,https://www.espn.com/wnba/player/bio/_/id/4001679/julie-allemand,analysis/role_fulfillment_matrix/data/live_inputs/player_core_2026.csv,e5b1f81f0caf215ee0996544f095f7cfbde50f22f6c81e8519af9eb2fae09c26,2026-08-22,normalized_full_name_exact,,,,,,,,,,78.25,153.0,240.0,15.0,14.0,4.0,11.0,6.0,0.0,0.0,3.0,1.0,155.0,308.0,5.0,3.0,11.0,2.0,3.0,0.04678864831959715,26.083333333333332,0.6375,6.862745098039215,3.5,11.0,0.6818181818181818,0.2727272727272727,0.3333333333333333,0.026143790849673203,0.45454545454545453,0.0,2.6785714285714284,0.9803921568627452,,,,,,,,,,,,,,,,,,,,,,,,,,,,,,,,,,908.7333333333333,1806.0,2572.0,199.0,175.0,55.0,138.0,75.0,13.0,10.0,31.0,24.0,1815.0,3621.0,90.0,39.0,101.0,9.0,32.0,0.15562708211339113,28.397916666666667,0.7021772939346812,7.267441860465117,3.1818181818181817,143.72,0.6923183968828277,0.2246376811594203,0.7741935483870968,0.03045404208194906,0.6521739130434783,0.09420289855072464,2.091963545981773,0.3737541528239202,3.0,3.0,43.0,True,True,False,False,True,True,False,True,True,recent_sample_met,non_contender_team,excluded
1628915,Kia Nurse,TOR,Guard,G,True,active,13.0,Kia Nurse,3142327.0,Kia Nurse,TOR,experience_le_3,1996-02-22T08:00Z,30.0,8.0,False,True,active,reviewed,Krystal Beasley,2026-08-22,ESPN,https://www.espn.com/wnba/player/bio/_/id/3142327/kia-nurse,analysis/role_fulfillment_matrix/data/live_inputs/player_core_2026.csv,e5b1f81f0caf215ee0996544f095f7cfbde50f22f6c81e8519af9eb2fae09c26,2026-08-22,normalized_full_name_exact,,,,,,,,,,52.65,108.0,240.0,15.0,4.0,2.0,18.0,4.0,4.0,3.0,1.0,0.0,109.0,217.0,12.0,4.0,3.0,0.0,3.0,0.12102703299634121,17.55,0.45,2.7777777777777777,2.0,19.76,0.3795546558704453,0.05555555555555555,0.0,0.018518518518518517,0.6666666666666666,0.2222222222222222,1.0368663594470047,0.0,59.2,121.0,243.0,18.0,3.0,6.0,22.0,6.0,2.0,1.0,0.0,0.0,120.0,241.0,17.0,5.0,6.0,2.0,3.0,0.08454527700855799,19.733333333333334,0.49794238683127573,1.859504132231405,0.5,22.88,0.3933566433566434,0.0,,0.049586776859504134,0.7727272727272727,0.09090909090909091,1.867219917012448,1.2396694214876034,583.7833333333333,1175.0,3380.0,227.0,44.0,21.0,197.0,67.0,52.0,46.0,20.0,10.0,1188.0,2363.0,142.0,47.0,48.0,9.0,42.0,0.16973412668166377,13.899603174603174,0.34763313609467456,2.8085106382978724,2.0952380952380953,219.88,0.5161906494451519,0.10152284263959391,0.5,0.017872340425531916,0.7208121827411168,0.2639593908629442,1.5234870926787982,0.5744680851063829,3.0,3.0,43.0,True,True,False,False,True,True,False,True,True,recent_sample_met,non_contender_team,excluded
1630461,Kiana Williams,TOR,Guard,G,True,active,13.0,Kiana Williams,4282168.0,Kiana Williams,LAS,experience_le_3,1999-04-09T07:00Z,27.0,5.0,False,False,free-agent,reviewed,Krystal Beasley,2026-08-22,ESPN,https://www.espn.com/wnba/player/bio/_/id/4282168/kiana-williams,analysis/role_fulfillment_matrix/data/live_inputs/player_core_2026.csv,e5b1f81f0caf215ee0996544f095f7cfbde50f22f6c81e8519af9eb2fae09c26,2026-08-22,normalized_full_name_exact,,,,,,,,,,,,,,,,,,,,,,,,,,,,,,,,,,,,,,,,,,,58.766666666666666,120.0,243.0,18.0,4.0,4.0,21.0,6.0,4.0,3.0,4.0,1.0,122.0,242.0,11.0,3.0,1.0,0.0,3.0,0.10352956326494925,19.58888888888889,0.49382716049382713,2.5,1.0,22.76,0.3954305799648506,0.19047619047619047,0.25,0.03333333333333333,0.5238095238095238,0.19047619047619047,0.30991735537190085,0.0,58.766666666666666,120.0,243.0,18.0,4.0,4.0,21.0,6.0,4.0,3.0,4.0,1.0,122.0,242.0,11.0,3.0,1.0,0.0,3.0,0.10352956326494925,19.58888888888889,0.49382716049382713,2.5,1.0,22.76,0.3954305799648506,0.19047619047619047,0.25,0.03333333333333333,0.5238095238095238,0.19047619047619047,0.30991735537190085,0.0,3.0,3.0,43.0,False,False,True,True,False,False,False,True,False,insufficient_recent_sample,non_contender_team,excluded
1643445,Kiki Rice,TOR,Guard,G,True,active,13.0,Kiki Rice,4565505.0,Kiki Rice,TOR,experience_le_3,2004-01-14T08:00Z,22.0,0.0,True,True,active,reviewed,Krystal Beasley,2026-08-22,ESPN,https://www.espn.com/wnba/player/bio/_/id/4565505/kiki-rice,analysis/role_fulfillment_matrix/data/live_inputs/player_core_2026.csv,e5b1f81f0caf215ee0996544f095f7cfbde50f22f6c81e8519af9eb2fae09c26,2026-08-22,normalized_full_name_exact,,,,,,,,,,88.98333333333333,179.0,240.0,46.0,17.0,10.0,45.0,20.0,4.0,3.0,22.0,9.0,178.0,357.0,8.0,3.0,10.0,6.0,3.0,0.01175931489790904,29.66111111111111,0.7458333333333333,7.122905027932961,1.7,46.76,0.49187339606501285,0.4888888888888889,0.4090909090909091,0.055865921787709494,0.17777777777777778,0.08888888888888889,2.100840336134454,2.5139664804469275,87.25,175.0,243.0,48.0,14.0,10.0,34.0,15.0,17.0,16.0,13.0,10.0,174.0,349.0,9.0,2.0,8.0,2.0,3.0,0.07114242034026833,29.083333333333332,0.720164609053498,6.0,1.4,41.480000000000004,0.5785920925747348,0.38235294117647056,0.7692307692307693,0.05714285714285714,0.2647058823529412,0.5,1.7191977077363896,0.8571428571428571,727.7833333333333,1445.0,2154.0,347.0,95.0,50.0,251.0,119.0,99.0,85.0,97.0,66.0,1450.0,2895.0,68.0,24.0,95.0,31.0,27.0,0.13600496100521367,26.954938271604938,0.6708449396471681,4.930795847750865,1.9,294.56,0.5890141227593699,0.38645418326693226,0.6804123711340206,0.03460207612456748,0.27091633466135456,0.3944223107569721,2.4611398963730573,1.6089965397923875,3.0,3.0,43.0,True,True,False,False,True,True,False,True,True,recent_sample_met,non_contender_team,excluded
1643420,Laura Juskaite,TOR,Forward,F,True,active,13.0,Laura Juskaite,5345444.0,Laura Juskaite,TOR,experience_le_3,1997-09-22T07:00Z,28.0,0.0,True,True,active,reviewed,Krystal Beasley,2026-08-22,ESPN,https://www.espn.com/wnba/player/bio/_/id/5345444/laura-juskaite,analysis/role_fulfillment_matrix/data/live_inputs/player_core_2026.csv,e5b1f81f0caf215ee0996544f095f7cfbde50f22f6c81e8519af9eb2fae09c26,2026-08-22,normalized_full_name_exact,,,,,,,,,,88.71666666666667,177.0,240.0,70.0,6.0,8.0,40.0,24.0,19.0,17.0,18.0,12.0,178.0,355.0,12.0,5.0,8.0,4.0,3.0,0.013925103560800017,29.572222222222223,0.7375,2.542372881355932,0.75,48.36,0.7237386269644335,0.45,0.6666666666666666,0.04519774011299435,0.3,0.475,1.6901408450704227,1.694915254237288,84.38333333333333,172.0,243.0,38.0,6.0,6.0,29.0,14.0,8.0,7.0,14.0,10.0,177.0,349.0,10.0,3.0,21.0,3.0,3.0,0.020076430345920326,28.127777777777776,0.7078189300411523,2.6162790697674416,1.0,32.52,0.5842558425584256,0.4827586206896552,0.7142857142857143,0.03488372093023256,0.3448275862068966,0.27586206896551724,4.512893982808023,1.3081395348837208,1085.9833333333333,2163.0,3454.0,480.0,74.0,90.0,351.0,169.0,121.0,98.0,147.0,95.0,2187.0,4350.0,135.0,44.0,179.0,48.0,43.0,0.15086620972973352,25.255426356589147,0.6262304574406485,2.5658807212205272,0.8222222222222222,404.24,0.5937067088858103,0.4188034188034188,0.6462585034013606,0.04160887656033287,0.38461538461538464,0.34472934472934474,3.086206896551724,1.664355062413315,3.0,3.0,43.0,True,True,False,False,True,True,False,True,True,recent_sample_met,non_contender_team,excluded
1629576,Maria Conde,TOR,Forward,F,True,active,13.0,Maria Conde,3910470.0,Maria Conde,TOR,experience_le_3,1997-01-14T08:00Z,29.0,0.0,True,True,active,reviewed,Krystal Beasley,2026-08-22,ESPN,https://www.espn.com/wnba/player/bio/_/id/3910470/maria-conde,analysis/role_fulfillment_matrix/data/live_inputs/player_core_2026.csv,e5b1f81f0caf215ee0996544f095f7cfbde50f22f6c81e8519af9eb2fae09c26,2026-08-22,normalized_full_name_exact,,,,,,,,,,36.13333333333333,73.0,162.0,5.0,3.0,3.0,13.0,2.0,1.0,1.0,3.0,1.0,74.0,147.0,6.0,0.0,5.0,0.0,2.0,0.10378221747750493,18.066666666666666,0.4506172839506173,3.0821917808219177,1.0,13.44,0.18601190476190477,0.23076923076923078,0.3333333333333333,0.0410958904109589,0.46153846153846156,0.07692307692307693,2.5510204081632657,0.0,19.833333333333332,42.0,83.0,4.0,4.0,4.0,5.0,2.0,0.0,0.0,1.0,1.0,42.0,84.0,3.0,0.0,4.0,0.0,1.0,0.0,19.833333333333332,0.5060240963855421,7.142857142857142,1.0,5.0,0.4,0.2,1.0,0.09523809523809523,0.6,0.0,3.571428571428571,0.0,924.15,1852.0,2819.0,298.0,89.0,56.0,290.0,104.0,42.0,37.0,58.0,20.0,1888.0,3740.0,156.0,53.0,158.0,32.0,35.0,0.14351770807901337,26.404285714285713,0.6569705569350833,3.6042116630669545,1.5892857142857142,308.48,0.4830134854771784,0.2,0.3448275862068966,0.03023758099352052,0.5379310344827586,0.14482758620689656,3.1684491978609626,1.2958963282937366,3.0,3.0,43.0,False,False,True,True,True,False,False,True,False,season_volume_met_recent_sample_insufficient,non_contender_team,excluded
1630108,Mariella Fasoula,TOR,Center,C,False,inactive,13.0,Mariella Fasoula,3904479.0,Mariella Fasoula,TOR,experience_le_3,1997-09-02T07:00Z,28.0,0.0,True,False,inactive,reviewed,Krystal Beasley,2026-08-22,ESPN,https://www.espn.com/wnba/player/bio/_/id/3904479/mariella-fasoula,analysis/role_fulfillment_matrix/data/live_inputs/player_core_2026.csv,e5b1f81f0caf215ee0996544f095f7cfbde50f22f6c81e8519af9eb2fae09c26,2026-08-22,normalized_full_name_exact,,,,,,,,,,,,,,,,,,,,,,,,,,,,,,,,,,,,,,,,,,,,,,,,,,,,,,,,,,,,,,,,,,,,,,,,,,,,15.316666666666668,30.0,235.0,4.0,1.0,2.0,5.0,2.0,0.0,0.0,3.0,1.0,30.0,60.0,0.0,0.0,3.0,1.0,3.0,0.11267540082573682,5.105555555555556,0.1276595744680851,2.5,0.5,5.0,0.4,0.6,0.3333333333333333,0.06666666666666667,0.0,0.0,3.75,2.5,3.0,3.0,43.0,False,False,True,True,False,False,True,True,False,insufficient_recent_sample,non_contender_team,excluded
1629497,Marina Mabrey,TOR,Guard,G,True,active,13.0,Marina Mabrey,3904576.0,Marina Mabrey,TOR,experience_le_3,1996-09-14T07:00Z,29.0,8.0,False,True,active,reviewed,Krystal Beasley,2026-08-22,ESPN,https://www.espn.com/wnba/player/bio/_/id/3904576/marina-mabrey,analysis/role_fulfillment_matrix/data/live_inputs/player_core_2026.csv,e5b1f81f0caf215ee0996544f095f7cfbde50f22f6c81e8519af9eb2fae09c26,2026-08-22,normalized_full_name_exact,,,,,,,,,,,,,,,,,,,,,,,,,,,,,,,,,,,,,,,,,,,,,,,,,,,,,,,,,,,,,,,,,,,,,,,,,,,,944.3,1907.0,2587.0,667.0,118.0,99.0,494.0,218.0,143.0,126.0,85.0,58.0,1912.0,3819.0,273.0,105.0,105.0,17.0,32.0,0.0868441579343854,29.509375,0.7371472748357171,4.640797063450446,1.1919191919191918,556.92,0.5988292752998636,0.1720647773279352,0.6823529411764706,0.0519140010487677,0.5526315789473685,0.2894736842105263,2.0620581304006285,0.6685894074462506,3.0,3.0,43.0,False,False,True,True,True,False,False,True,False,season_volume_met_recent_sample_insufficient,non_contender_team,excluded
1631263,Nikolina Milic,TOR,Forward,F,False,free-agent,13.0,Nikolina Milic,4874475.0,Nikolina Milic,TOR,experience_le_3,1994-04-12T07:00Z,32.0,2.0,True,False,free-agent,reviewed,Krystal Beasley,2026-08-22,ESPN,https://www.espn.com/wnba/player/bio/_/id/4874475/nikolina-milic,analysis/role_fulfillment_matrix/data/live_inputs/player_core_2026.csv,e5b1f81f0caf215ee0996544f095f7cfbde50f22f6c81e8519af9eb2fae09c26,2026-08-22,normalized_full_name_exact,,,,,,,,,,,,,,,,,,,,,,,,,,,,,,,,,,,,,,,,,,,,,,,,,,,,,,,,,,,,,,,,,,,,,,,,,,,,63.05,125.0,555.0,21.0,3.0,5.0,19.0,9.0,4.0,3.0,8.0,7.0,122.0,247.0,2.0,0.0,9.0,2.0,7.0,0.06564237397469332,9.007142857142856,0.22522522522522523,1.8,0.6,20.76,0.5057803468208092,0.42105263157894735,0.875,0.04,0.10526315789473684,0.21052631578947367,2.7327935222672064,1.2,3.0,3.0,43.0,False,False,True,True,False,False,False,False,False,insufficient_recent_sample,non_contender_team,excluded
1631055,Nyara Sabally,TOR,Forward,F,True,active,13.0,Nyara Sabally,4398768.0,Nyara Sabally,TOR,experience_le_3,2000-02-26T08:00Z,26.0,4.0,False,True,active,reviewed,Krystal Beasley,2026-08-22,ESPN,https://www.espn.com/wnba/player/bio/_/id/4398768/nyara-sabally,analysis/role_fulfillment_matrix/data/live_inputs/player_core_2026.csv,e5b1f81f0caf215ee0996544f095f7cfbde50f22f6c81e8519af9eb2fae09c26,2026-08-22,normalized_full_name_exact,,,,,,,,,,,,,,,,,,,,,,,,,,,,,,,,,,,,,,,,,,,,,,,,,,,,,,,,,,,,,,,,,,,,,,,,,,,,573.05,1132.0,1919.0,295.0,41.0,38.0,205.0,108.0,82.0,59.0,102.0,66.0,1151.0,2283.0,51.0,20.0,126.0,43.0,24.0,0.14450172623820332,23.87708333333333,0.5898905680041688,2.7164310954063606,1.0789473684210527,241.07999999999998,0.6118300978928157,0.4975609756097561,0.6470588235294118,0.03356890459363958,0.24878048780487805,0.4,4.139290407358739,2.8489399293286217,3.0,3.0,43.0,False,False,True,True,True,False,False,True,False,season_volume_met_recent_sample_insufficient,non_contender_team,excluded
1643706,Ornella Bankole,TOR,Guard,G,True,active,13.0,Ornella Bankole,5364343.0,Ornella Bankole,TOR,experience_le_3,1997-09-17T07:00Z,28.0,0.0,True,True,active,reviewed,Krystal Beasley,2026-08-22,ESPN,https://www.espn.com/wnba/player/bio/_/id/5364343/ornella-bankole,analysis/role_fulfillment_matrix/data/live_inputs/player_core_2026.csv,e5b1f81f0caf215ee0996544f095f7cfbde50f22f6c81e8519af9eb2fae09c26,2026-08-22,normalized_full_name_exact,,,,,,,,,,53.31666666666667,107.0,240.0,10.0,5.0,2.0,7.0,3.0,2.0,2.0,3.0,1.0,107.0,214.0,3.0,2.0,10.0,4.0,3.0,0.08201324402951463,17.772222222222222,0.44583333333333336,3.5046728971962615,2.5,7.88,0.6345177664974619,0.42857142857142855,0.3333333333333333,0.018691588785046728,0.42857142857142855,0.2857142857142857,3.5046728971962615,2.803738317757009,54.81666666666666,111.0,243.0,15.0,5.0,0.0,13.0,6.0,3.0,2.0,6.0,5.0,115.0,226.0,4.0,1.0,10.0,3.0,3.0,0.0941389148447151,18.272222222222222,0.4567901234567901,3.378378378378378,,14.32,0.5237430167597765,0.46153846153846156,0.8333333333333334,0.0,0.3076923076923077,0.23076923076923078,3.3185840707964602,2.027027027027027,188.23333333333335,381.0,1044.0,45.0,14.0,4.0,34.0,16.0,7.0,6.0,12.0,8.0,387.0,768.0,14.0,7.0,30.0,13.0,13.0,0.1485206789041516,14.479487179487181,0.3649425287356322,2.7559055118110236,3.5,37.08,0.6067961165048544,0.35294117647058826,0.6666666666666666,0.010498687664041995,0.4117647058823529,0.20588235294117646,2.9296875,2.559055118110236,3.0,3.0,43.0,True,True,False,False,False,True,False,True,True,recent_sample_met,non_contender_team,excluded
1627701,Temi Fagbenle,TOR,Center,C,True,active,13.0,Temi Fagbenle,2569044.0,Temi Fagbenle,TOR,experience_le_3,1992-09-08T07:00Z,33.0,6.0,False,True,active,reviewed,Krystal Beasley,2026-08-22,ESPN,https://www.espn.com/wnba/player/bio/_/id/2569044/temi-fagbenle,analysis/role_fulfillment_matrix/data/live_inputs/player_core_2026.csv,e5b1f81f0caf215ee0996544f095f7cfbde50f22f6c81e8519af9eb2fae09c26,2026-08-22,normalized_full_name_exact,,,,,,,,,,45.3,88.0,157.0,20.0,1.0,4.0,19.0,8.0,6.0,3.0,12.0,6.0,88.0,176.0,4.0,1.0,8.0,6.0,2.0,0.06726712106458939,22.65,0.5605095541401274,0.8522727272727273,0.25,21.64,0.4621072088724584,0.631578947368421,0.5,0.045454545454545456,0.21052631578947367,0.3157894736842105,3.409090909090909,5.113636363636363,66.3,135.0,243.0,14.0,2.0,7.0,11.0,5.0,4.0,3.0,6.0,4.0,130.0,265.0,5.0,1.0,15.0,4.0,3.0,0.03393091562823495,22.099999999999998,0.5555555555555556,1.1111111111111112,0.2857142857142857,12.76,0.54858934169279,0.5454545454545454,0.6666666666666666,0.05185185185185185,0.45454545454545453,0.36363636363636365,4.245283018867925,2.2222222222222223,443.7,892.0,2026.0,147.0,24.0,32.0,118.0,59.0,32.0,18.0,60.0,39.0,890.0,1782.0,32.0,11.0,85.0,32.0,25.0,0.1712653146633662,17.748,0.44027640671273444,2.0179372197309418,0.75,132.08,0.556480920654149,0.5084745762711864,0.65,0.03587443946188341,0.2711864406779661,0.2711864406779661,3.5774410774410774,2.6905829596412554,3.0,3.0,43.0,False,False,True,True,True,False,False,True,False,season_volume_met_recent_sample_insufficient,non_contender_team,excluded
1643457,Teonni Key,TOR,Forward,F,True,active,13.0,Teonni Key,4434020.0,Teonni Key,TOR,experience_le_3,2003-07-10T07:00Z,23.0,0.0,True,True,active,reviewed,Krystal Beasley,2026-08-22,ESPN,https://www.espn.com/wnba/player/bio/_/id/4434020/teonni-key,analysis/role_fulfillment_matrix/data/live_inputs/player_core_2026.csv,e5b1f81f0caf215ee0996544f095f7cfbde50f22f6c81e8519af9eb2fae09c26,2026-08-22,normalized_full_name_exact,,,,,,,,,,61.88333333333333,121.0,240.0,13.0,2.0,2.0,12.0,5.0,5.0,3.0,10.0,5.0,123.0,244.0,2.0,0.0,13.0,6.0,3.0,0.007816360055926536,20.627777777777776,0.5041666666666667,1.2396694214876034,1.0,14.2,0.45774647887323944,0.8333333333333334,0.5,0.01652892561983471,0.16666666666666666,0.4166666666666667,3.995901639344262,3.71900826446281,60.66666666666667,120.0,243.0,10.0,3.0,2.0,11.0,4.0,6.0,2.0,8.0,4.0,126.0,246.0,1.0,0.0,15.0,5.0,3.0,0.05280585241300176,20.222222222222225,0.49382716049382713,1.875,1.5,13.64,0.36656891495601174,0.7272727272727273,0.5,0.016666666666666666,0.09090909090909091,0.5454545454545454,4.573170731707317,3.125,411.8,819.0,3039.0,82.0,19.0,20.0,87.0,33.0,24.0,13.0,50.0,27.0,845.0,1664.0,21.0,3.0,77.0,33.0,38.0,0.17230664846947347,10.836842105263159,0.2694965449160908,1.73992673992674,0.95,97.56,0.4202542025420254,0.5747126436781609,0.54,0.02442002442002442,0.2413793103448276,0.27586206896551724,3.4705528846153846,3.0219780219780223,3.0,3.0,43.0,True,True,False,False,True,True,False,True,True,recent_sample_met,non_contender_team,excluded
1643647,Tima Pouye,TOR,Guard,G,False,free-agent,13.0,Tima Pouye,5355509.0,Tima Pouye,TOR,experience_le_3,1999-04-07T07:00Z,27.0,0.0,True,False,free-agent,reviewed,Krystal Beasley,2026-08-22,ESPN,https://www.espn.com/wnba/player/bio/_/id/5355509/tima-pouye,analysis/role_fulfillment_matrix/data/live_inputs/player_core_2026.csv,e5b1f81f0caf215ee0996544f095f7cfbde50f22f6c81e8519af9eb2fae09c26,2026-08-22,normalized_full_name_exact,,,,,,,,,,,,,,,,,,,,,,,,,,,,,,,,,,,,,,,,,,,,,,,,,,,,,,,,,,,,,,,,,,,,,,,,,,,,177.88333333333333,359.0,1539.0,60.0,22.0,14.0,55.0,19.0,18.0,14.0,14.0,7.0,362.0,721.0,26.0,8.0,16.0,6.0,19.0,0.14010281495550295,9.362280701754386,0.2332683560753736,4.596100278551532,1.5714285714285714,62.92,0.47679593134138587,0.2545454545454545,0.5,0.03899721448467967,0.4727272727272727,0.32727272727272727,1.664355062413315,1.253481894150418,3.0,3.0,43.0,False,False,True,True,False,False,False,False,False,insufficient_recent_sample,non_contender_team,excluded
1642791,Zaay Green,TOR,Guard,G,True,active,13.0,Zaay Green,4398766.0,Zaay Green,TOR,experience_le_3,2000-03-25T08:00Z,26.0,0.0,True,True,active,reviewed,Krystal Beasley,2026-08-22,ESPN,https://www.espn.com/wnba/player/bio/_/id/4398766/zaay-green,analysis/role_fulfillment_matrix/data/live_inputs/player_core_2026.csv,e5b1f81f0caf215ee0996544f095f7cfbde50f22f6c81e8519af9eb2fae09c26,2026-08-22,normalized_full_name_exact,,,,,,,,,,15.350000000000001,31.0,240.0,3.0,0.0,2.0,3.0,1.0,0.0,0.0,0.0,0.0,33.0,64.0,3.0,1.0,2.0,0.0,3.0,0.0916365844314543,5.116666666666667,0.12916666666666668,0.0,0.0,3.0,0.5,0.0,,0.06451612903225806,1.0,0.0,2.34375,0.0,25.3,48.0,160.0,7.0,1.0,2.0,8.0,3.0,0.0,0.0,2.0,1.0,51.0,99.0,5.0,1.0,1.0,0.0,2.0,0.07500000000000001,12.65,0.3,1.5625,0.5,8.0,0.4375,0.25,0.5,0.041666666666666664,0.625,0.0,0.7575757575757577,0.0,45.7,90.0,477.0,10.0,1.0,4.0,11.0,4.0,0.0,0.0,2.0,1.0,96.0,186.0,8.0,2.0,4.0,0.0,6.0,0.11168316460084965,7.616666666666667,0.18867924528301888,0.8333333333333334,0.25,11.0,0.45454545454545453,0.18181818181818182,0.5,0.044444444444444446,0.7272727272727273,0.0,1.6129032258064517,0.0,3.0,3.0,43.0,True,False,False,True,False,False,False,True,False,insufficient_recent_possessions,non_contender_team,excluded
1642290,Aaliyah Edwards,CON,Forward,F,True,active,14.0,Aaliyah Edwards,4433408.0,Aaliyah Edwards,CON,experience_le_3,2002-07-09T07:00Z,24.0,3.0,True,True,active,reviewed,Krystal Beasley,2026-08-22,ESPN,https://www.espn.com/wnba/player/bio/_/id/4433408/aaliyah-edwards,analysis/role_fulfillment_matrix/data/live_inputs/player_core_2026.csv,e5b1f81f0caf215ee0996544f095f7cfbde50f22f6c81e8519af9eb2fae09c26,2026-08-22,normalized_full_name_exact,,,,,,,,,,73.7,148.0,238.0,27.0,4.0,8.0,30.0,11.0,9.0,4.0,12.0,7.0,148.0,296.0,4.0,1.0,22.0,6.0,3.0,0.14685886902834475,24.566666666666666,0.6218487394957983,2.027027027027027,0.5,33.96,0.39752650176678445,0.4,0.5833333333333334,0.05405405405405406,0.13333333333333333,0.3,5.574324324324325,3.040540540540541,80.23333333333333,162.0,241.0,46.0,4.0,7.0,36.0,17.0,11.0,10.0,12.0,9.0,163.0,325.0,4.0,2.0,16.0,5.0,3.0,0.06795227499982273,26.744444444444444,0.6721991701244814,1.8518518518518516,0.5714285714285714,40.84,0.563173359451518,0.3333333333333333,0.75,0.043209876543209874,0.1111111111111111,0.3055555555555556,3.6923076923076925,2.314814814814815,601.75,1190.0,2278.0,316.0,28.0,50.0,238.0,123.0,88.0,63.0,107.0,72.0,1207.0,2397.0,18.0,7.0,136.0,41.0,29.0,0.16691732096241954,20.75,0.5223880597014925,1.7647058823529411,0.56,276.72,0.570974270020237,0.4495798319327731,0.6728971962616822,0.04201680672268908,0.07563025210084033,0.3697478991596639,4.25531914893617,2.5840336134453783,3.0,3.0,43.0,True,True,False,False,True,True,False,True,True,recent_sample_met,non_contender_team,excluded
1643437,Ashlon Jackson,CON,Guard,G,True,active,14.0,Ashlon Jackson,5106232.0,Ashlon Jackson,CON,experience_le_3,2004-01-06T08:00Z,22.0,0.0,True,True,active,reviewed,Krystal Beasley,2026-08-22,ESPN,https://www.espn.com/wnba/player/bio/_/id/5106232/ashlon-jackson,analysis/role_fulfillment_matrix/data/live_inputs/player_core_2026.csv,e5b1f81f0caf215ee0996544f095f7cfbde50f22f6c81e8519af9eb2fae09c26,2026-08-22,normalized_full_name_exact,,,,,,,,,,64.03333333333333,130.0,238.0,15.0,5.0,3.0,9.0,5.0,0.0,0.0,0.0,0.0,129.0,259.0,8.0,5.0,9.0,1.0,3.0,0.17242979202373765,21.344444444444445,0.5462184873949579,2.8846153846153846,1.6666666666666667,9.0,0.8333333333333334,0.0,,0.023076923076923078,0.8888888888888888,0.0,2.606177606177606,0.576923076923077,42.483333333333334,88.0,241.0,7.0,1.0,0.0,17.0,3.0,0.0,0.0,1.0,0.0,86.0,174.0,12.0,1.0,2.0,1.0,3.0,0.07493632219491693,14.161111111111111,0.3651452282157676,0.8522727272727273,,17.0,0.20588235294117646,0.058823529411764705,0.0,0.0,0.7058823529411765,0.0,0.8620689655172413,0.8522727272727273,234.96666666666667,469.0,1414.0,46.0,14.0,7.0,55.0,18.0,2.0,0.0,6.0,5.0,469.0,938.0,40.0,10.0,23.0,2.0,18.0,0.1688184800234858,13.053703703703704,0.3316831683168317,2.2388059701492535,2.0,55.88,0.41159627773801,0.10909090909090909,0.8333333333333334,0.014925373134328358,0.7272727272727273,0.03636363636363636,1.8390191897654584,0.31982942430703626,3.0,3.0,43.0,True,True,False,False,False,True,False,True,True,recent_sample_met,non_contender_team,excluded
203398,Brittney Griner,CON,Center,C,True,active,14.0,Brittney Griner,2490553.0,Brittney Griner,CON,experience_le_3,1990-10-18T07:00Z,35.0,13.0,False,True,active,reviewed,Krystal Beasley,2026-08-22,ESPN,https://www.espn.com/wnba/player/bio/_/id/2490553/brittney-griner,analysis/role_fulfillment_matrix/data/live_inputs/player_core_2026.csv,e5b1f81f0caf215ee0996544f095f7cfbde50f22f6c81e8519af9eb2fae09c26,2026-08-22,normalized_full_name_exact,,,,,,,,,,,,,,,,,,,,,,,,,,,,,,,,,,,,,,,,,,,,,,,,,,,,,,,,,,,,,,,,,,,,,,,,,,,,455.3833333333333,892.0,1424.0,238.0,45.0,32.0,184.0,97.0,64.0,43.0,74.0,49.0,890.0,1782.0,4.0,1.0,105.0,35.0,18.0,0.10963101465147972,25.299074074074074,0.6264044943820225,3.7836322869955157,1.40625,212.16,0.5608974358974359,0.40217391304347827,0.6621621621621622,0.03587443946188341,0.021739130434782608,0.34782608695652173,4.41919191919192,2.9428251121076237,3.0,3.0,43.0,False,False,True,True,True,False,False,True,False,season_volume_met_recent_sample_insufficient,non_contender_team,excluded
1643449,Charlisse Leger-Walker,CON,Guard,G,True,active,14.0,Charlisse Leger-Walker,4703609.0,Charlisse Leger-Walker,CON,experience_le_3,2001-09-15T07:00Z,24.0,0.0,True,True,active,reviewed,Krystal Beasley,2026-08-22,ESPN,https://www.espn.com/wnba/player/bio/_/id/4703609/charlisse-leger-walker,analysis/role_fulfillment_matrix/data/live_inputs/player_core_2026.csv,e5b1f81f0caf215ee0996544f095f7cfbde50f22f6c81e8519af9eb2fae09c26,2026-08-22,normalized_full_name_exact,,,,,,,,,,83.08333333333333,163.0,238.0,21.0,14.0,8.0,24.0,8.0,2.0,2.0,4.0,1.0,161.0,324.0,11.0,3.0,14.0,2.0,3.0,0.07882438749593991,27.694444444444443,0.6848739495798319,6.441717791411043,1.75,24.88,0.4220257234726688,0.16666666666666666,0.25,0.049079754601226995,0.4583333333333333,0.08333333333333333,3.2407407407407405,0.9202453987730062,69.81666666666666,137.0,241.0,42.0,14.0,9.0,26.0,14.0,7.0,5.0,4.0,3.0,138.0,275.0,16.0,9.0,7.0,1.0,3.0,0.13016375191522764,23.272222222222222,0.5684647302904564,7.664233576642336,1.5555555555555556,29.08,0.7221458046767538,0.15384615384615385,0.75,0.06569343065693431,0.6153846153846154,0.2692307692307692,1.9090909090909092,0.5474452554744526,1027.0333333333333,2027.0,3416.0,310.0,160.0,80.0,294.0,110.0,60.0,47.0,56.0,30.0,2045.0,4072.0,128.0,43.0,110.0,15.0,43.0,0.1534405047911035,23.884496124031006,0.593384074941452,5.920078934385792,2.0,320.4,0.4837702871410737,0.19047619047619047,0.5357142857142857,0.03946719289590528,0.43537414965986393,0.20408163265306123,2.026031434184676,0.555007400098668,3.0,3.0,43.0,True,True,False,False,True,True,False,True,True,recent_sample_met,non_contender_team,excluded
1641649,Diamond Miller,CON,Forward,F,True,active,14.0,Diamond Miller,4433635.0,Diamond Miller,CON,experience_le_3,2001-02-11T08:00Z,25.0,4.0,False,True,active,reviewed,Krystal Beasley,2026-08-22,ESPN,https://www.espn.com/wnba/player/bio/_/id/4433635/diamond-miller,analysis/role_fulfillment_matrix/data/live_inputs/player_core_2026.csv,e5b1f81f0caf215ee0996544f095f7cfbde50f22f6c81e8519af9eb2fae09c26,2026-08-22,normalized_full_name_exact,,,,,,,,,,55.25,109.0,158.0,34.0,3.0,4.0,26.0,12.0,7.0,4.0,10.0,6.0,109.0,218.0,15.0,6.0,8.0,3.0,2.0,0.15047298380631713,27.625,0.689873417721519,2.064220183486239,0.75,29.08,0.5845942228335627,0.38461538461538464,0.6,0.03669724770642202,0.5769230769230769,0.2692307692307692,2.7522935779816518,2.064220183486239,73.65,150.0,241.0,35.0,5.0,5.0,38.0,10.0,16.0,12.0,8.0,3.0,148.0,298.0,16.0,3.0,11.0,1.0,3.0,0.11128661665118028,24.55,0.6224066390041494,2.5,1.0,45.04,0.3885435168738899,0.21052631578947367,0.375,0.03333333333333333,0.42105263157894735,0.42105263157894735,2.7684563758389262,0.5,958.0666666666666,1884.0,3336.0,417.0,60.0,62.0,374.0,137.0,116.0,91.0,105.0,53.0,1899.0,3783.0,160.0,52.0,114.0,18.0,42.0,0.15491823567953444,22.81111111111111,0.564748201438849,2.388535031847134,0.967741935483871,425.04,0.4905420666290231,0.2807486631016043,0.5047619047619047,0.032908704883227176,0.42780748663101603,0.31016042780748665,2.260111022997621,0.7165605095541401,3.0,3.0,43.0,False,True,True,False,True,False,False,True,False,season_volume_met_recent_sample_insufficient,non_contender_team,excluded
1643429,Gianna Kneepkens,CON,Guard,G,True,active,14.0,Gianna Kneepkens,4898898.0,Gianna Kneepkens,CON,experience_le_3,2003-03-04T08:00Z,23.0,0.0,True,True,active,reviewed,Krystal Beasley,2026-08-22,ESPN,https://www.espn.com/wnba/player/bio/_/id/4898898/gianna-kneepkens,analysis/role_fulfillment_matrix/data/live_inputs/player_core_2026.csv,e5b1f81f0caf215ee0996544f095f7cfbde50f22f6c81e8519af9eb2fae09c26,2026-08-22,normalized_full_name_exact,,,,,,,,,,57.68333333333334,116.0,238.0,19.0,5.0,3.0,15.0,7.0,2.0,2.0,2.0,2.0,115.0,231.0,10.0,3.0,7.0,1.0,3.0,0.04105647419124653,19.227777777777778,0.48739495798319327,3.2327586206896552,1.6666666666666667,15.88,0.5982367758186398,0.13333333333333333,1.0,0.02586206896551724,0.6666666666666666,0.13333333333333333,2.272727272727273,0.646551724137931,41.833333333333336,81.0,241.0,7.0,1.0,1.0,15.0,3.0,1.0,1.0,1.0,0.0,84.0,165.0,9.0,0.0,8.0,1.0,3.0,0.03501928623822579,13.944444444444445,0.3360995850622407,0.9259259259259258,1.0,15.44,0.2266839378238342,0.06666666666666667,0.0,0.012345679012345678,0.6,0.06666666666666667,3.6363636363636362,0.9259259259259258,340.53333333333336,683.0,2784.0,114.0,18.0,9.0,108.0,40.0,23.0,22.0,15.0,10.0,697.0,1380.0,56.0,12.0,46.0,15.0,35.0,0.1384604136082895,9.72952380952381,0.24533045977011494,1.9765739385065886,2.0,118.12,0.4825601083643752,0.1388888888888889,0.6666666666666666,0.013177159590043924,0.5185185185185185,0.21296296296296297,2.5,1.6471449487554906,3.0,3.0,43.0,True,True,False,False,True,True,False,True,True,recent_sample_met,non_contender_team,excluded
1642817,Hailey Van Lith,CON,Guard,G,True,active,14.0,Hailey Van Lith,4433412.0,Hailey Van Lith,CON,experience_le_3,2001-09-09T07:00Z,24.0,2.0,True,True,active,reviewed,Krystal Beasley,2026-08-22,ESPN,https://www.espn.com/wnba/player/bio/_/id/4433412/hailey-van-lith,analysis/role_fulfillment_matrix/data/live_inputs/player_core_2026.csv,e5b1f81f0caf215ee0996544f095f7cfbde50f22f6c81e8519af9eb2fae09c26,2026-08-22,normalized_full_name_exact,,,,,,,,,,32.5,66.0,161.0,4.0,4.0,4.0,6.0,2.0,0.0,0.0,1.0,1.0,65.0,131.0,3.0,0.0,2.0,0.0,2.0,0.07708333333333334,16.25,0.40993788819875776,4.545454545454546,1.0,6.0,0.3333333333333333,0.16666666666666666,1.0,0.06060606060606061,0.5,0.0,1.1450381679389312,0.0,58.03333333333333,119.0,241.0,19.0,5.0,4.0,21.0,7.0,3.0,2.0,3.0,1.0,120.0,239.0,10.0,3.0,9.0,4.0,3.0,0.04030453499304585,19.344444444444445,0.49377593360995853,3.151260504201681,1.25,22.32,0.42562724014336917,0.14285714285714285,0.3333333333333333,0.03361344537815126,0.47619047619047616,0.14285714285714285,2.8242677824267783,2.5210084033613445,320.6166666666667,646.0,1660.0,108.0,39.0,23.0,104.0,42.0,14.0,12.0,17.0,11.0,650.0,1296.0,35.0,12.0,27.0,6.0,21.0,0.13812605106204454,15.267460317460317,0.3891566265060241,4.527863777089784,1.6956521739130435,110.16,0.4901960784313726,0.16346153846153846,0.6470588235294118,0.03560371517027864,0.33653846153846156,0.1346153846153846,1.5625,0.696594427244582,3.0,3.0,43.0,False,False,True,True,True,False,False,True,False,season_volume_met_recent_sample_insufficient,non_contender_team,excluded
1629568,Kennedy Burke,CON,Guard,G,True,active,14.0,Kennedy Burke,3922628.0,Kennedy Burke,CON,experience_le_3,1997-02-14T08:00Z,29.0,7.0,False,True,active,reviewed,Krystal Beasley,2026-08-22,ESPN,https://www.espn.com/wnba/player/bio/_/id/3922628/kennedy-burke,analysis/role_fulfillment_matrix/data/live_inputs/player_core_2026.csv,e5b1f81f0caf215ee0996544f095f7cfbde50f22f6c81e8519af9eb2fae09c26,2026-08-22,normalized_full_name_exact,,,,,,,,,,,,,,,,,,,,,,,,,,,,,,,,,,,,,,,,,,,21.45,43.0,75.0,2.0,3.0,0.0,5.0,1.0,2.0,0.0,1.0,0.0,41.0,84.0,1.0,0.0,2.0,2.0,1.0,0.0,21.45,0.5733333333333334,5.232558139534883,,5.88,0.17006802721088435,0.2,0.0,0.0,0.2,0.4,1.7857142857142856,3.488372093023256,881.0166666666667,1761.0,2935.0,325.0,53.0,55.0,279.0,112.0,80.0,57.0,85.0,48.0,1767.0,3528.0,136.0,44.0,119.0,38.0,37.0,0.11109911344525795,23.81126126126126,0.6,2.2572402044293014,0.9636363636363636,314.2,0.5171865054105665,0.3046594982078853,0.5647058823529412,0.031232254400908575,0.4874551971326165,0.2867383512544803,2.5297619047619047,1.6183986371379897,3.0,3.0,43.0,False,False,True,True,True,False,False,True,False,season_volume_met_recent_sample_insufficient,non_contender_team,excluded
1642303,Leila Lacan,CON,Guard,G,True,active,14.0,Leila Lacan,5208981.0,Leila Lacan,CON,experience_le_3,2004-06-02T07:00Z,22.0,2.0,True,True,active,reviewed,Krystal Beasley,2026-08-22,ESPN,https://www.espn.com/wnba/player/bio/_/id/5208981/leila-lacan,analysis/role_fulfillment_matrix/data/live_inputs/player_core_2026.csv,e5b1f81f0caf215ee0996544f095f7cfbde50f22f6c81e8519af9eb2fae09c26,2026-08-22,normalized_full_name_exact,,,,,,,,,,59.25,116.0,158.0,26.0,7.0,9.0,23.0,10.0,2.0,2.0,1.0,1.0,114.0,230.0,9.0,4.0,4.0,1.0,2.0,0.01859868526535194,29.625,0.7341772151898734,4.525862068965518,0.7777777777777778,23.88,0.5443886097152429,0.043478260869565216,1.0,0.07758620689655173,0.391304347826087,0.08695652173913043,1.3043478260869565,0.646551724137931,,,,,,,,,,,,,,,,,,,,,,,,,,,,,,,,,,824.8,1607.0,2300.0,340.0,131.0,68.0,304.0,129.0,67.0,49.0,58.0,40.0,1619.0,3226.0,101.0,33.0,54.0,15.0,29.0,0.11676091219262179,28.441379310344825,0.698695652173913,6.113876789047915,1.9264705882352942,333.48,0.5097756986925752,0.19078947368421054,0.6896551724137931,0.042314872433105166,0.33223684210526316,0.22039473684210525,1.2554246745195288,0.7000622277535781,3.0,3.0,43.0,False,True,True,False,True,False,False,True,False,season_volume_met_recent_sample_insufficient,non_contender_team,excluded
1643448,Nell Angloma,CON,Forward,F,True,active,14.0,Nell Angloma,5345319.0,Nell Angloma,CON,experience_le_3,2006-06-12T07:00Z,20.0,0.0,True,True,active,reviewed,Krystal Beasley,2026-08-22,ESPN,https://www.espn.com/wnba/player/bio/_/id/5345319/nell-angloma,analysis/role_fulfillment_matrix/data/live_inputs/player_core_2026.csv,e5b1f81f0caf215ee0996544f095f7cfbde50f22f6c81e8519af9eb2fae09c26,2026-08-22,normalized_full_name_exact,,,,,,,,,,58.86666666666667,113.0,238.0,16.0,6.0,1.0,20.0,6.0,6.0,3.0,12.0,5.0,117.0,230.0,6.0,1.0,6.0,2.0,3.0,0.0955786381983756,19.622222222222224,0.47478991596638653,3.982300884955752,6.0,22.64,0.35335689045936397,0.6,0.4166666666666667,0.008849557522123894,0.3,0.3,1.9565217391304346,1.3274336283185841,71.46666666666667,139.0,241.0,30.0,8.0,3.0,22.0,10.0,11.0,8.0,6.0,3.0,140.0,279.0,9.0,2.0,15.0,7.0,3.0,0.08826643756361455,23.822222222222223,0.5767634854771784,4.316546762589928,2.6666666666666665,26.84,0.5588673621460507,0.2727272727272727,0.5,0.02158273381294964,0.4090909090909091,0.5,4.032258064516129,3.776978417266187,476.5833333333333,937.0,3083.0,166.0,34.0,30.0,144.0,58.0,68.0,44.0,60.0,35.0,948.0,1885.0,34.0,6.0,72.0,31.0,39.0,0.16230206705038694,12.22008547008547,0.3039247486214726,2.72145144076841,1.1333333333333333,173.92000000000002,0.47723091076356944,0.4166666666666667,0.5833333333333334,0.032017075773746,0.2361111111111111,0.4722222222222222,2.8647214854111405,2.4813233724653148,3.0,3.0,43.0,True,True,False,False,True,True,False,True,True,recent_sample_met,non_contender_team,excluded
1631135,Olivia Nelson-Ododa,CON,Center,C,True,active,14.0,Olivia Nelson-Ododa,4398966.0,Olivia Nelson-Ododa,CON,experience_le_3,2000-08-17T07:00Z,26.0,5.0,False,True,active,reviewed,Krystal Beasley,2026-08-22,ESPN,https://www.espn.com/wnba/player/bio/_/id/4398966/olivia-nelson-ododa,analysis/role_fulfillment_matrix/data/live_inputs/player_core_2026.csv,e5b1f81f0caf215ee0996544f095f7cfbde50f22f6c81e8519af9eb2fae09c26,2026-08-22,normalized_full_name_exact,,,,,,,,,,16.4,33.0,80.0,13.0,2.0,1.0,6.0,5.0,3.0,3.0,1.0,1.0,33.0,66.0,0.0,0.0,4.0,0.0,1.0,0.0,16.4,0.4125,4.545454545454546,2.0,7.32,0.8879781420765027,0.16666666666666666,1.0,0.030303030303030304,0.0,0.5,4.545454545454546,0.0,,,,,,,,,,,,,,,,,,,,,,,,,,,,,,,,,,700.3666666666667,1379.0,2630.0,334.0,54.0,53.0,217.0,125.0,123.0,84.0,113.0,80.0,1394.0,2773.0,2.0,0.0,194.0,53.0,33.0,0.1596680216550194,21.223232323232324,0.5243346007604562,2.9369108049311095,1.0188679245283019,271.12,0.6159634110357037,0.5207373271889401,0.7079646017699115,0.03843364757070341,0.009216589861751152,0.5668202764976958,5.247024882798413,2.882523567802756,3.0,3.0,43.0,False,False,True,True,True,False,False,True,False,season_volume_met_recent_sample_insufficient,non_contender_team,excluded
1643441,Raegan Beers,CON,Forward,F,True,active,14.0,Raegan Beers,5105732.0,Raegan Beers,CON,experience_le_3,2003-07-23T07:00Z,23.0,0.0,True,True,active,reviewed,Krystal Beasley,2026-08-22,ESPN,https://www.espn.com/wnba/player/bio/_/id/5105732/raegan-beers,analysis/role_fulfillment_matrix/data/live_inputs/player_core_2026.csv,e5b1f81f0caf215ee0996544f095f7cfbde50f22f6c81e8519af9eb2fae09c26,2026-08-22,normalized_full_name_exact,,,,,,,,,,53.08333333333333,105.0,238.0,31.0,4.0,6.0,22.0,12.0,8.0,7.0,13.0,9.0,103.0,208.0,1.0,0.0,10.0,3.0,3.0,0.1392273227810118,17.694444444444443,0.4411764705882353,2.857142857142857,0.6666666666666666,25.52,0.6073667711598746,0.5909090909090909,0.6923076923076923,0.05714285714285714,0.045454545454545456,0.36363636363636365,3.605769230769231,2.142857142857143,52.21666666666667,109.0,241.0,12.0,4.0,2.0,12.0,5.0,2.0,2.0,4.0,2.0,108.0,217.0,0.0,0.0,9.0,4.0,3.0,0.15434658676971422,17.405555555555555,0.45228215767634855,2.7522935779816518,2.0,12.88,0.4658385093167702,0.3333333333333333,0.5,0.01834862385321101,0.0,0.16666666666666666,3.110599078341014,2.7522935779816518,449.4166666666667,901.0,2938.0,156.0,31.0,35.0,115.0,56.0,61.0,42.0,59.0,41.0,904.0,1805.0,6.0,2.0,115.0,45.0,37.0,0.14279636911003618,12.146396396396398,0.3066712049012934,2.5804661487236404,0.8857142857142857,141.84,0.5499153976311336,0.5130434782608696,0.6949152542372882,0.038845726970033294,0.05217391304347826,0.5304347826086957,4.778393351800554,3.7458379578246395,3.0,3.0,43.0,True,True,False,False,True,True,False,True,True,recent_sample_met,non_contender_team,excluded
1642796,Rayah Marshall,CON,Center,C,True,active,14.0,Rayah Marshall,4433792.0,Rayah Marshall,CON,experience_le_3,2003-11-15T08:00Z,22.0,1.0,True,True,active,reviewed,Krystal Beasley,2026-08-22,ESPN,https://www.espn.com/wnba/player/bio/_/id/4433792/rayah-marshall,analysis/role_fulfillment_matrix/data/live_inputs/player_core_2026.csv,e5b1f81f0caf215ee0996544f095f7cfbde50f22f6c81e8519af9eb2fae09c26,2026-08-22,normalized_full_name_exact,,,,,,,,,,7.533333333333333,15.0,77.0,2.0,3.0,0.0,1.0,1.0,0.0,0.0,1.0,1.0,15.0,30.0,0.0,0.0,3.0,1.0,1.0,0.0,7.533333333333333,0.19480519480519481,15.0,,1.0,1.0,1.0,1.0,0.0,0.0,0.0,7.5,5.0,10.133333333333333,17.0,75.0,2.0,0.0,0.0,2.0,1.0,0.0,0.0,0.0,0.0,19.0,36.0,0.0,0.0,1.0,0.0,1.0,0.0,10.133333333333333,0.22666666666666666,0.0,,2.0,0.5,0.0,,0.0,0.0,0.0,2.083333333333333,0.0,34.75,65.0,388.0,10.0,4.0,3.0,9.0,3.0,6.0,4.0,1.0,1.0,67.0,132.0,0.0,0.0,9.0,5.0,5.0,0.05083384948804186,6.95,0.16752577319587628,4.615384615384616,1.3333333333333333,11.64,0.42955326460481097,0.1111111111111111,1.0,0.046153846153846156,0.0,0.6666666666666666,5.113636363636363,5.769230769230769,3.0,3.0,43.0,False,False,True,True,False,False,False,True,False,insufficient_recent_sample,non_contender_team,excluded
1642809,Saniya Rivers,CON,Guard,G,True,active,14.0,Saniya Rivers,4433514.0,Saniya Rivers,CON,experience_le_3,2003-03-04T08:00Z,23.0,2.0,True,True,active,reviewed,Krystal Beasley,2026-08-22,ESPN,https://www.espn.com/wnba/player/bio/_/id/4433514/saniya-rivers,analysis/role_fulfillment_matrix/data/live_inputs/player_core_2026.csv,e5b1f81f0caf215ee0996544f095f7cfbde50f22f6c81e8519af9eb2fae09c26,2026-08-22,normalized_full_name_exact,,,,,,,,,,38.6,76.0,161.0,9.0,2.0,2.0,14.0,3.0,4.0,3.0,1.0,0.0,76.0,152.0,4.0,0.0,9.0,0.0,2.0,0.3631944444444445,19.3,0.4720496894409938,1.9736842105263157,1.0,15.76,0.28553299492385786,0.07142857142857142,0.0,0.02631578947368421,0.2857142857142857,0.2857142857142857,4.440789473684211,0.0,78.63333333333334,160.0,241.0,24.0,10.0,2.0,26.0,10.0,6.0,2.0,3.0,3.0,158.0,318.0,9.0,2.0,5.0,2.0,3.0,0.10239704747074704,26.211111111111112,0.6639004149377593,4.6875,5.0,28.64,0.41899441340782123,0.11538461538461539,1.0,0.0125,0.34615384615384615,0.23076923076923078,1.179245283018868,0.9375,855.7333333333333,1703.0,3034.0,264.0,116.0,51.0,300.0,103.0,75.0,45.0,74.0,41.0,1711.0,3414.0,76.0,13.0,96.0,17.0,38.0,0.16622904691724294,22.519298245614035,0.561305207646671,5.108631826189078,2.2745098039215685,333.0,0.3963963963963964,0.24666666666666667,0.5540540540540541,0.029947152084556665,0.25333333333333335,0.25,2.10896309314587,0.7486788021139166,3.0,3.0,43.0,False,False,True,True,True,False,False,True,False,season_volume_met_recent_sample_insufficient,non_contender_team,excluded
espn:1107,Shey Peddy,CON,Guard,G,False,free-agent,14.0,,,,,,,,,,,,,,,,,,,,,,,,,,,,,,,,,,,,,,,,,,,,,,,,,,,,,,,,,,,,,,,,,,,,,,,,,,,,,,,,,,,,,,,,,,,,,,,,,,,,,,,,,,,,,,,,,,,,,,,,,,,,,,,,,,,,False,False,True,True,False,False,False,False,False,insufficient_recent_sample,non_contender_team,excluded
1643443,Awa Fam,SEA,Center,C,True,active,15.0,Awa Fam,5345325.0,Awa Fam,SEA,experience_le_3,2006-06-17T07:00Z,20.0,0.0,True,True,active,reviewed,Krystal Beasley,2026-08-22,ESPN,https://www.espn.com/wnba/player/bio/_/id/5345325/awa-fam,analysis/role_fulfillment_matrix/data/live_inputs/player_core_2026.csv,e5b1f81f0caf215ee0996544f095f7cfbde50f22f6c81e8519af9eb2fae09c26,2026-08-22,normalized_full_name_exact,,,,,,,,,,78.25,157.0,241.0,19.0,7.0,8.0,28.0,8.0,2.0,0.0,4.0,1.0,157.0,314.0,14.0,3.0,24.0,7.0,3.0,0.07149143166896084,26.083333333333332,0.6514522821576764,3.343949044585987,0.875,28.88,0.32894736842105265,0.14285714285714285,0.25,0.050955414012738856,0.5,0.07142857142857142,5.732484076433121,3.343949044585987,16.75,35.0,84.0,10.0,0.0,0.0,7.0,3.0,2.0,2.0,1.0,1.0,35.0,70.0,5.0,2.0,3.0,1.0,1.0,0.0,16.75,0.4166666666666667,0.0,,7.88,0.6345177664974619,0.14285714285714285,1.0,0.0,0.7142857142857143,0.2857142857142857,3.2142857142857144,2.142857142857143,989.2833333333333,1985.0,2909.0,358.0,66.0,61.0,316.0,138.0,38.0,30.0,67.0,46.0,2015.0,4000.0,152.0,52.0,213.0,70.0,36.0,0.14102623851599236,27.48009259259259,0.6823650739085596,2.4937027707808563,1.0819672131147542,332.72,0.5379899014186103,0.2120253164556962,0.6865671641791045,0.030730478589420653,0.4810126582278481,0.12025316455696203,3.99375,2.6448362720403025,3.0,2.0,43.0,True,True,False,False,True,True,False,True,True,recent_sample_met,non_contender_team,excluded
1642798,Dominique Malonga,SEA,Center,C,True,active,15.0,Dominique Malonga,5220150.0,Dominique Malonga,SEA,experience_le_3,2005-11-16T08:00Z,20.0,2.0,True,True,active,reviewed,Krystal Beasley,2026-08-22,ESPN,https://www.espn.com/wnba/player/bio/_/id/5220150/dominique-malonga,analysis/role_fulfillment_matrix/data/live_inputs/player_core_2026.csv,e5b1f81f0caf215ee0996544f095f7cfbde50f22f6c81e8519af9eb2fae09c26,2026-08-22,normalized_full_name_exact,,,,,,,,,,70.78333333333333,142.0,241.0,43.0,4.0,7.0,32.0,16.0,13.0,10.0,6.0,4.0,146.0,288.0,5.0,1.0,20.0,4.0,3.0,0.012864054144353699,23.594444444444445,0.5892116182572614,2.112676056338028,0.5714285714285714,37.72,0.5699893955461294,0.1875,0.6666666666666666,0.04929577464788732,0.15625,0.40625,5.208333333333334,2.112676056338028,63.699999999999996,138.0,172.0,35.0,5.0,2.0,40.0,17.0,1.0,1.0,13.0,9.0,137.0,275.0,7.0,0.0,22.0,7.0,2.0,0.06277056277056273,31.849999999999998,0.8023255813953488,2.717391304347826,2.5,40.44,0.43273986152324434,0.325,0.6923076923076923,0.014492753623188406,0.175,0.025,6.0,3.804347826086957,891.0,1821.0,2770.0,571.0,58.0,91.0,468.0,226.0,129.0,98.0,169.0,120.0,1851.0,3672.0,76.0,21.0,299.0,85.0,34.0,0.1264172779989157,26.205882352941178,0.6574007220216607,2.3887973640856672,0.6373626373626373,524.76,0.5440582361460478,0.3611111111111111,0.7100591715976331,0.049972542559033495,0.1623931623931624,0.27564102564102566,6.10702614379085,3.500823723228995,3.0,2.0,43.0,True,True,False,False,True,True,False,True,True,recent_sample_met,non_contender_team,excluded
1629496,Ezi Magbegor,SEA,Forward,F,True,active,15.0,Ezi Magbegor,4420318.0,Ezi Magbegor,SEA,experience_le_3,1999-08-13T07:00Z,27.0,7.0,False,True,active,reviewed,Krystal Beasley,2026-08-22,ESPN,https://www.espn.com/wnba/player/bio/_/id/4420318/ezi-magbegor,analysis/role_fulfillment_matrix/data/live_inputs/player_core_2026.csv,e5b1f81f0caf215ee0996544f095f7cfbde50f22f6c81e8519af9eb2fae09c26,2026-08-22,normalized_full_name_exact,,,,,,,,,,,,,,,,,,,,,,,,,,,,,,,,,,,,,,,,,,,50.81666666666666,109.0,172.0,15.0,2.0,2.0,14.0,6.0,2.0,2.0,6.0,4.0,112.0,221.0,4.0,1.0,6.0,1.0,2.0,0.07251082251082253,25.40833333333333,0.6337209302325582,1.3761467889908259,1.0,14.88,0.5040322580645161,0.42857142857142855,0.6666666666666666,0.01834862385321101,0.2857142857142857,0.14285714285714285,2.0361990950226243,0.6880733944954129,285.65,594.0,1159.0,96.0,25.0,15.0,93.0,37.0,16.0,14.0,33.0,17.0,601.0,1195.0,26.0,8.0,56.0,7.0,14.0,0.1495083196829627,20.40357142857143,0.5125107851596203,3.1565656565656566,1.6666666666666667,100.04,0.47980807676929227,0.3548387096774194,0.5151515151515151,0.025252525252525252,0.27956989247311825,0.17204301075268819,3.5146443514644354,0.8838383838383839,3.0,2.0,43.0,False,False,True,True,True,False,False,True,False,season_volume_met_recent_sample_insufficient,non_contender_team,excluded
1643428,Flau'jae Johnson,SEA,Guard,G,True,active,15.0,Flau'jae Johnson,4698736.0,Flau'jae Johnson,SEA,experience_le_3,2003-11-03T08:00Z,22.0,0.0,True,True,active,reviewed,Krystal Beasley,2026-08-22,ESPN,https://www.espn.com/wnba/player/bio/_/id/4698736/flaujae-johnson,analysis/role_fulfillment_matrix/data/live_inputs/player_core_2026.csv,e5b1f81f0caf215ee0996544f095f7cfbde50f22f6c81e8519af9eb2fae09c26,2026-08-22,normalized_full_name_exact,,,,,,,,,,98.13333333333333,196.0,241.0,71.0,9.0,9.0,60.0,25.0,15.0,10.0,7.0,4.0,198.0,394.0,25.0,11.0,13.0,5.0,3.0,0.041508243419204296,32.71111111111111,0.8132780082987552,3.4438775510204085,1.0,66.6,0.5330330330330331,0.11666666666666667,0.5714285714285714,0.04591836734693878,0.4166666666666667,0.25,2.474619289340102,1.913265306122449,54.91666666666667,121.0,172.0,39.0,4.0,7.0,33.0,16.0,6.0,5.0,11.0,8.0,120.0,241.0,7.0,2.0,6.0,3.0,2.0,0.03598484848484851,27.458333333333336,0.7034883720930233,2.479338842975207,0.5714285714285714,35.64,0.5471380471380471,0.3333333333333333,0.7272727272727273,0.05785123966942149,0.21212121212121213,0.18181818181818182,1.867219917012448,1.859504132231405,1169.2166666666667,2358.0,3305.0,605.0,119.0,105.0,532.0,213.0,149.0,119.0,153.0,87.0,2382.0,4740.0,198.0,60.0,196.0,46.0,41.0,0.09192630611316059,28.51747967479675,0.713464447806354,3.7849872773536894,1.1333333333333333,597.56,0.5062253162862307,0.287593984962406,0.5686274509803921,0.044529262086514,0.37218045112781956,0.2800751879699248,3.1012658227848102,1.4631043256997456,3.0,2.0,43.0,True,True,False,False,True,True,False,True,True,recent_sample_met,non_contender_team,excluded
1631141,Jade Melbourne,SEA,Guard,G,True,active,15.0,Jade Melbourne,5017726.0,Jade Melbourne,SEA,experience_le_3,2002-08-18T07:00Z,24.0,4.0,False,True,active,reviewed,Krystal Beasley,2026-08-22,ESPN,https://www.espn.com/wnba/player/bio/_/id/5017726/jade-melbourne,analysis/role_fulfillment_matrix/data/live_inputs/player_core_2026.csv,e5b1f81f0caf215ee0996544f095f7cfbde50f22f6c81e8519af9eb2fae09c26,2026-08-22,normalized_full_name_exact,,,,,,,,,,31.55,66.0,157.0,4.0,4.0,3.0,6.0,1.0,3.0,2.0,0.0,0.0,68.0,134.0,1.0,0.0,5.0,0.0,2.0,0.08039215686274513,15.775,0.42038216560509556,4.545454545454546,1.3333333333333333,7.32,0.27322404371584696,0.0,,0.045454545454545456,0.16666666666666666,0.5,2.798507462686567,0.0,54.86666666666666,117.0,172.0,21.0,10.0,3.0,16.0,6.0,9.0,7.0,5.0,2.0,117.0,234.0,6.0,2.0,7.0,1.0,2.0,0.14962121212121215,27.43333333333333,0.6802325581395349,6.410256410256411,3.3333333333333335,19.96,0.5260521042084169,0.3125,0.4,0.02564102564102564,0.375,0.5625,2.2435897435897436,0.6410256410256411,1009.6,2040.0,3295.0,376.0,156.0,73.0,284.0,124.0,125.0,97.0,107.0,70.0,2059.0,4099.0,103.0,31.0,89.0,16.0,41.0,0.14031206120158973,24.62439024390244,0.6191198786039454,5.735294117647059,2.136986301369863,339.0,0.5545722713864307,0.3767605633802817,0.6542056074766355,0.035784313725490194,0.3626760563380282,0.44014084507042256,1.628445962429861,0.5882352941176471,3.0,2.0,43.0,False,False,True,True,True,False,False,True,False,season_volume_met_recent_sample_insufficient,non_contender_team,excluded
1641651,Jordan Horston,SEA,Forward,F,True,active,15.0,Jordan Horston,4432830.0,Jordan Horston,SEA,experience_le_3,2001-05-21T07:00Z,25.0,3.0,True,True,active,reviewed,Krystal Beasley,2026-08-22,ESPN,https://www.espn.com/wnba/player/bio/_/id/4432830/jordan-horston,analysis/role_fulfillment_matrix/data/live_inputs/player_core_2026.csv,e5b1f81f0caf215ee0996544f095f7cfbde50f22f6c81e8519af9eb2fae09c26,2026-08-22,normalized_full_name_exact,,,,,,,,,,18.916666666666668,40.0,85.0,0.0,1.0,2.0,2.0,0.0,0.0,0.0,0.0,0.0,42.0,82.0,1.0,0.0,2.0,0.0,1.0,0.0,18.916666666666668,0.47058823529411764,1.875,0.5,2.0,0.0,0.0,,0.05,0.5,0.0,1.829268292682927,0.0,27.933333333333334,62.0,172.0,3.0,4.0,4.0,7.0,1.0,2.0,1.0,3.0,1.0,61.0,123.0,2.0,0.0,8.0,4.0,2.0,0.008387445887445888,13.966666666666667,0.36046511627906974,4.838709677419355,1.0,7.88,0.1903553299492386,0.42857142857142855,0.3333333333333333,0.06451612903225806,0.2857142857142857,0.2857142857142857,4.878048780487806,4.838709677419355,628.0333333333333,1252.0,2907.0,166.0,47.0,44.0,173.0,64.0,37.0,25.0,46.0,24.0,1282.0,2534.0,59.0,13.0,127.0,33.0,36.0,0.12585967381359175,17.44537037037037,0.4306845545235638,2.8154952076677318,1.0681818181818181,189.28,0.43850380388841925,0.2658959537572254,0.5217391304347826,0.03514376996805112,0.34104046242774566,0.2138728323699422,3.7588792423046566,1.9768370607028753,3.0,2.0,43.0,False,False,True,True,True,False,False,True,False,season_volume_met_recent_sample_insufficient,non_contender_team,excluded
1630115,Joyner Holmes,SEA,Forward,F,False,free-agent,15.0,Joyner Holmes,4068161.0,Joyner Holmes,SEA,experience_le_3,1998-02-22T08:00Z,28.0,4.0,False,False,free-agent,reviewed,Krystal Beasley,2026-08-22,ESPN,https://www.espn.com/wnba/player/bio/_/id/4068161/joyner-holmes,analysis/role_fulfillment_matrix/data/live_inputs/player_core_2026.csv,e5b1f81f0caf215ee0996544f095f7cfbde50f22f6c81e8519af9eb2fae09c26,2026-08-22,normalized_full_name_exact,,,,,,,,,,,,,,,,,,,,,,,,,,,,,,,,,,,,,,,,,,,,,,,,,,,,,,,,,,,,,,,,,,,,,,,,,,,,14.733333333333333,28.0,75.0,2.0,1.0,2.0,4.0,1.0,0.0,0.0,2.0,0.0,29.0,57.0,1.0,0.0,5.0,1.0,1.0,0.0,14.733333333333333,0.37333333333333335,2.6785714285714284,0.5,4.0,0.25,0.5,0.0,0.07142857142857142,0.25,0.0,6.578947368421052,2.6785714285714284,3.0,2.0,43.0,False,False,True,True,False,False,False,False,False,insufficient_recent_sample,non_contender_team,excluded
1629478,Katie Lou Samuelson,SEA,Forward,F,True,active,15.0,Katie Lou Samuelson,3917453.0,Katie Lou Samuelson,SEA,experience_le_3,1997-06-13T07:00Z,29.0,6.0,False,True,active,reviewed,Krystal Beasley,2026-08-22,ESPN,https://www.espn.com/wnba/player/bio/_/id/3917453/katie-lou-samuelson,analysis/role_fulfillment_matrix/data/live_inputs/player_core_2026.csv,e5b1f81f0caf215ee0996544f095f7cfbde50f22f6c81e8519af9eb2fae09c26,2026-08-22,normalized_full_name_exact,,,,,,,,,,,,,,,,,,,,,,,,,,,,,,,,,,,,,,,,,,,42.05,90.0,172.0,12.0,5.0,0.0,11.0,4.0,3.0,3.0,2.0,2.0,91.0,181.0,7.0,1.0,6.0,0.0,2.0,0.10524891774891772,21.025,0.5232558139534884,4.166666666666666,,12.32,0.487012987012987,0.18181818181818182,1.0,0.0,0.6363636363636364,0.2727272727272727,2.4861878453038675,0.0,491.2,996.0,2591.0,142.0,26.0,15.0,116.0,47.0,28.0,22.0,19.0,14.0,994.0,1990.0,81.0,26.0,67.0,12.0,32.0,0.10708872135830996,15.35,0.3844075646468545,1.9578313253012047,1.7333333333333334,128.32,0.5533042394014963,0.16379310344827586,0.7368421052631579,0.015060240963855422,0.6982758620689655,0.2413793103448276,2.5251256281407035,0.9036144578313253,3.0,2.0,43.0,False,False,True,True,True,False,False,True,False,season_volume_met_recent_sample_insufficient,non_contender_team,excluded
1628882,Lexie Brown,SEA,Guard,G,False,free-agent,15.0,Lexie Brown,3058892.0,Lexie Brown,SEA,experience_le_3,1994-10-27T07:00Z,31.0,8.0,False,False,free-agent,reviewed,Krystal Beasley,2026-08-22,ESPN,https://www.espn.com/wnba/player/bio/_/id/3058892/lexie-brown,analysis/role_fulfillment_matrix/data/live_inputs/player_core_2026.csv,e5b1f81f0caf215ee0996544f095f7cfbde50f22f6c81e8519af9eb2fae09c26,2026-08-22,normalized_full_name_exact,,,,,,,,,,,,,,,,,,,,,,,,,,,,,,,,,,,,,,,,,,,,,,,,,,,,,,,,,,,,,,,,,,,,,,,,,,,,147.88333333333333,295.0,782.0,38.0,11.0,10.0,26.0,12.0,6.0,5.0,3.0,2.0,296.0,591.0,20.0,9.0,13.0,1.0,10.0,0.14216169770084303,14.788333333333332,0.3772378516624041,2.7966101694915255,1.1,28.64,0.6634078212290503,0.11538461538461539,0.6666666666666666,0.03389830508474576,0.7692307692307693,0.23076923076923078,1.6497461928934012,0.2542372881355932,3.0,2.0,43.0,False,False,True,True,False,False,False,False,False,insufficient_recent_sample,non_contender_team,excluded
1642307,Mackenzie Holmes,SEA,Forward,F,True,active,15.0,Mackenzie Holmes,4433643.0,Mackenzie Holmes,SEA,experience_le_3,2000-11-01T08:00Z,25.0,2.0,True,True,active,reviewed,Krystal Beasley,2026-08-22,ESPN,https://www.espn.com/wnba/player/bio/_/id/4433643/mackenzie-holmes,analysis/role_fulfillment_matrix/data/live_inputs/player_core_2026.csv,e5b1f81f0caf215ee0996544f095f7cfbde50f22f6c81e8519af9eb2fae09c26,2026-08-22,normalized_full_name_exact,,,,,,,,,,40.38333333333333,82.0,241.0,14.0,2.0,1.0,11.0,7.0,0.0,0.0,5.0,5.0,85.0,167.0,2.0,0.0,11.0,5.0,3.0,0.07210781320945649,13.46111111111111,0.34024896265560167,1.829268292682927,2.0,11.0,0.6363636363636364,0.45454545454545453,1.0,0.012195121951219513,0.18181818181818182,0.0,4.9401197604790426,4.573170731707317,3.216666666666667,8.0,88.0,3.0,0.0,1.0,2.0,1.0,2.0,1.0,1.0,1.0,8.0,16.0,0.0,0.0,2.0,1.0,1.0,0.0,3.216666666666667,0.09090909090909091,0.0,0.0,2.88,0.5208333333333334,0.5,1.0,0.125,0.0,1.0,9.375,9.375,282.5333333333333,555.0,2224.0,80.0,15.0,13.0,56.0,31.0,17.0,12.0,26.0,17.0,562.0,1117.0,13.0,6.0,83.0,28.0,28.0,0.17699615882636602,10.09047619047619,0.24955035971223022,2.027027027027027,1.1538461538461537,63.480000000000004,0.630119722747322,0.4642857142857143,0.6538461538461539,0.023423423423423424,0.23214285714285715,0.30357142857142855,5.572963294538943,3.7837837837837838,3.0,2.0,43.0,True,False,False,True,True,False,False,True,False,season_volume_met_recent_sample_insufficient,non_contender_team,excluded
1629567,Natisha Hiedeman,SEA,Guard,G,True,active,15.0,Natisha Hiedeman,3906753.0,Natisha Hiedeman,SEA,experience_le_3,1997-02-10T08:00Z,29.0,8.0,False,True,active,reviewed,Krystal Beasley,2026-08-22,ESPN,https://www.espn.com/wnba/player/bio/_/id/3906753/natisha-hiedeman,analysis/role_fulfillment_matrix/data/live_inputs/player_core_2026.csv,e5b1f81f0caf215ee0996544f095f7cfbde50f22f6c81e8519af9eb2fae09c26,2026-08-22,normalized_full_name_exact,,,,,,,,,,92.81666666666666,186.0,241.0,21.0,13.0,8.0,26.0,7.0,5.0,5.0,4.0,4.0,184.0,370.0,13.0,2.0,2.0,1.0,3.0,0.010101531438897419,30.938888888888886,0.7717842323651453,5.241935483870967,1.625,28.2,0.3723404255319149,0.15384615384615385,1.0,0.043010752688172046,0.5,0.19230769230769232,0.40540540540540543,0.40322580645161293,,,,,,,,,,,,,,,,,,,,,,,,,,,,,,,,,,1165.45,2342.0,3129.0,576.0,185.0,88.0,472.0,205.0,111.0,96.0,75.0,54.0,2356.0,4698.0,215.0,70.0,99.0,10.0,39.0,0.08761306822832855,29.883333333333333,0.7484819431128156,5.924423569598634,2.102272727272727,520.84,0.5529529222025957,0.15889830508474576,0.72,0.037574722459436376,0.4555084745762712,0.23516949152542374,1.5804597701149425,0.3202391118701964,3.0,2.0,43.0,True,True,False,False,True,True,False,True,True,recent_sample_met,non_contender_team,excluded
203828,Stefanie Dolson,SEA,Center,C,True,active,15.0,Stefanie Dolson,2529183.0,Stefanie Dolson,SEA,experience_le_3,1992-01-08T08:00Z,34.0,13.0,False,True,active,reviewed,Krystal Beasley,2026-08-22,ESPN,https://www.espn.com/wnba/player/bio/_/id/2529183/stefanie-dolson,analysis/role_fulfillment_matrix/data/live_inputs/player_core_2026.csv,e5b1f81f0caf215ee0996544f095f7cfbde50f22f6c81e8519af9eb2fae09c26,2026-08-22,normalized_full_name_exact,,,,,,,,,,48.78333333333333,98.0,241.0,16.0,4.0,5.0,8.0,4.0,4.0,4.0,0.0,0.0,97.0,195.0,5.0,4.0,9.0,2.0,3.0,0.0855450750404957,16.26111111111111,0.4066390041493776,3.061224489795918,0.8,9.76,0.819672131147541,0.0,,0.05102040816326531,0.625,0.5,3.4615384615384617,1.530612244897959,24.65,52.0,172.0,2.0,5.0,3.0,5.0,1.0,0.0,0.0,0.0,0.0,52.0,104.0,3.0,0.0,10.0,1.0,2.0,0.03950216450216448,12.325,0.3023255813953488,7.211538461538462,1.6666666666666667,5.0,0.2,0.0,,0.057692307692307696,0.6,0.0,7.211538461538462,1.4423076923076923,653.8833333333333,1300.0,3470.0,144.0,51.0,38.0,103.0,46.0,34.0,29.0,19.0,13.0,1321.0,2621.0,57.0,23.0,105.0,26.0,43.0,0.16384082127698196,15.206589147286822,0.3746397694524496,2.942307692307692,1.3421052631578947,117.96000000000001,0.6103763987792472,0.18446601941747573,0.6842105263157895,0.02923076923076923,0.5533980582524272,0.3300970873786408,3.004578405188859,1.5,3.0,2.0,43.0,True,False,False,True,True,False,False,True,False,season_volume_met_recent_sample_insufficient,non_contender_team,excluded
1643473,Taina Mair,SEA,Guard,G,True,active,15.0,Taina Mair,5106222.0,Taina Mair,SEA,experience_le_3,2003-11-20T08:00Z,22.0,0.0,True,True,active,reviewed,Krystal Beasley,2026-08-22,ESPN,https://www.espn.com/wnba/player/bio/_/id/5106222/taina-mair,analysis/role_fulfillment_matrix/data/live_inputs/player_core_2026.csv,e5b1f81f0caf215ee0996544f095f7cfbde50f22f6c81e8519af9eb2fae09c26,2026-08-22,normalized_full_name_exact,,,,,,,,,,4.8,8.0,72.0,0.0,1.0,0.0,2.0,0.0,0.0,0.0,0.0,0.0,7.0,15.0,2.0,0.0,0.0,0.0,1.0,0.0,4.8,0.1111111111111111,9.375,,2.0,0.0,0.0,,0.0,1.0,0.0,0.0,0.0,8.683333333333334,17.0,172.0,0.0,0.0,0.0,1.0,0.0,0.0,0.0,1.0,0.0,18.0,35.0,0.0,0.0,1.0,1.0,2.0,0.06628787878787878,4.341666666666667,0.09883720930232558,0.0,,1.0,0.0,1.0,0.0,0.0,0.0,0.0,2.142857142857143,4.411764705882353,51.15,99.0,817.0,13.0,5.0,4.0,19.0,4.0,2.0,2.0,4.0,1.0,106.0,205.0,9.0,3.0,4.0,2.0,10.0,0.08265122430957073,5.115,0.1211750305997552,3.7878787878787876,1.25,19.88,0.3269617706237425,0.21052631578947367,0.25,0.04040404040404041,0.47368421052631576,0.10526315789473684,1.4634146341463414,1.5151515151515154,3.0,2.0,43.0,False,False,True,True,False,False,False,True,False,insufficient_recent_sample,non_contender_team,excluded
1642814,Taylor Thierry,SEA,Forward,F,True,active,15.0,Taylor Thierry,4898400.0,Taylor Thierry,SEA,experience_le_3,2003-01-08T08:00Z,23.0,2.0,True,True,active,reviewed,Krystal Beasley,2026-08-22,ESPN,https://www.espn.com/wnba/player/bio/_/id/4898400/taylor-thierry,analysis/role_fulfillment_matrix/data/live_inputs/player_core_2026.csv,e5b1f81f0caf215ee0996544f095f7cfbde50f22f6c81e8519af9eb2fae09c26,2026-08-22,normalized_full_name_exact,,,,,,,,,,75.75,148.0,241.0,17.0,2.0,1.0,17.0,6.0,4.0,3.0,2.0,1.0,150.0,298.0,7.0,2.0,10.0,2.0,3.0,0.1249267013164661,25.25,0.6141078838174274,1.0135135135135136,2.0,18.76,0.453091684434968,0.11764705882352941,0.5,0.006756756756756757,0.4117647058823529,0.23529411764705882,2.5167785234899327,1.0135135135135136,11.95,25.0,88.0,0.0,0.0,0.0,0.0,0.0,0.0,0.0,0.0,0.0,26.0,51.0,0.0,0.0,4.0,3.0,1.0,0.0,11.95,0.2840909090909091,0.0,,0.0,,,,0.0,,,5.88235294117647,9.0,152.91666666666666,303.0,1279.0,30.0,6.0,3.0,30.0,10.0,6.0,5.0,4.0,2.0,314.0,617.0,15.0,5.0,28.0,14.0,16.0,0.23147998251346671,9.557291666666666,0.236903831118061,1.4851485148514851,2.0,32.64,0.45955882352941174,0.13333333333333333,0.5,0.009900990099009901,0.5,0.2,3.4035656401944894,3.4653465346534653,3.0,2.0,43.0,True,True,False,False,False,True,False,True,True,recent_sample_met,non_contender_team,excluded
1641660,Zia Cooke,SEA,Guard,G,True,active,15.0,Zia Cooke,4432832.0,Zia Cooke,SEA,experience_le_3,2001-01-09T08:00Z,25.0,4.0,False,True,active,reviewed,Krystal Beasley,2026-08-22,ESPN,https://www.espn.com/wnba/player/bio/_/id/4432832/zia-cooke,analysis/role_fulfillment_matrix/data/live_inputs/player_core_2026.csv,e5b1f81f0caf215ee0996544f095f7cfbde50f22f6c81e8519af9eb2fae09c26,2026-08-22,normalized_full_name_exact,,,,,,,,,,11.616666666666667,26.0,84.0,4.0,2.0,0.0,5.0,1.0,2.0,2.0,0.0,0.0,26.0,52.0,2.0,0.0,0.0,0.0,1.0,0.0,11.616666666666667,0.30952380952380953,5.769230769230769,,5.88,0.3401360544217687,0.0,,0.0,0.4,0.4,0.0,0.0,40.4,86.0,172.0,24.0,7.0,4.0,25.0,8.0,9.0,6.0,6.0,3.0,88.0,174.0,8.0,2.0,5.0,1.0,2.0,0.1396103896103896,20.2,0.5,6.104651162790698,1.75,28.96,0.4143646408839779,0.24,0.5,0.046511627906976744,0.32,0.36,2.155172413793103,0.872093023255814,615.7166666666667,1227.0,3313.0,309.0,44.0,44.0,285.0,99.0,98.0,79.0,52.0,28.0,1253.0,2480.0,109.0,32.0,68.0,19.0,41.0,0.1427510477513564,15.017479674796748,0.3703591910654995,2.689486552567237,1.0,328.12,0.47086431793246375,0.1824561403508772,0.5384615384615384,0.035859820700896494,0.3824561403508772,0.34385964912280703,2.056451612903226,1.1613691931540342,3.0,2.0,43.0,False,False,True,True,True,False,False,True,False,season_volume_met_recent_sample_insufficient,non_contender_team,excluded
201886,DeWanna Bonner,,Forward,F,False,free-agent,,DeWanna Bonner,869.0,DeWanna Bonner,PHX,experience_le_3,1987-08-21T07:00Z,38.0,17.0,False,True,active,reviewed,Krystal Beasley,2026-08-22,ESPN,https://www.espn.com/wnba/player/bio/_/id/869/dewanna-bonner,analysis/role_fulfillment_matrix/data/live_inputs/player_core_2026.csv,e5b1f81f0caf215ee0996544f095f7cfbde50f22f6c81e8519af9eb2fae09c26,2026-08-22,normalized_full_name_exact,,,,,,,,,,,,,,,,,,,,,,,,,,,,,,,,,,,,,,,,,,,,,,,,,,,,,,,,,,,,,,,,,,,,,,,,,,,,,,,,,,,,,,,,,,,,,,,,,,,,,,,,,,,,,,,,False,False,True,True,False,False,False,False,False,insufficient_recent_sample,non_contender_team,excluded
