EntityId,TeamId,Name,ShortName,RowId,TeamAbbreviation,SecondsPlayed,GamesPlayed,Minutes,PlusMinus,OffPoss,DefPoss,PenaltyOffPoss,PenaltyDefPoss,SecondChanceOffPoss,TotalPoss,AtRimFGM,AtRimFGA,SecondChanceAtRimFGM,SecondChanceAtRimFGA,PenaltyAtRimFGM,PenaltyAtRimFGA,ShortMidRangeFGM,ShortMidRangeFGA,LongMidRangeFGM,LongMidRangeFGA,FG2M,FG2A,FtPoints,Points,OpponentPoints,SecondChanceFG2M,SecondChanceFG2A,SecondChanceFtPoints,SecondChancePoints,PenaltyFG2M,PenaltyFG2A,PenaltyFtPoints,PenaltyPoints,PtsAssisted2s,PtsUnassisted2s,PtsPutbacks,Fg2aBlocked,TwoPtAssists,ThreePtAssists,Assists,Arc3Assists,Corner3Assists,AtRimAssists,ShortMidRangeAssists,LongMidRangeAssists,AssistPoints,OffThreePtRebounds,OffTwoPtRebounds,DefThreePtRebounds,DefTwoPtRebounds,FTDefRebounds,DefRebounds,OffRebounds,Rebounds,SelfOReb,Steals,BadPassSteals,LostBallSteals,LiveBallTurnovers,BadPassOutOfBoundsTurnovers,BadPassTurnovers,DeadBallTurnovers,LostBallOutOfBoundsTurnovers,LostBallTurnovers,Turnovers,SecondChanceTurnovers,PenaltyTurnovers,ShootingFouls,Fouls,Charge Fouls,Loose Ball Fouls,Offensive Fouls,FoulsDrawn,Loose Ball Fouls Drawn,Offensive Fouls Drawn,FTA,2pt And 1 Free Throw Trips,TwoPtShootingFoulsDrawn,NonShootingFoulsDrawn,Blocked2s,Blocked3s,BlockedArc3,BlockedShortMidRange,Blocks,FirstChancePoints,PenaltyPointsExcludingTakeFouls,PenaltyOffPossExcludingTakeFouls,NonShootingPenaltyNonTakeFouls,NonShootingPenaltyNonTakeFoulsDrawn,Period1Fouls2Minutes,Period2Fouls2Minutes,Period3Fouls3Minutes,Period4Fouls4Minutes,Period4Fouls5Minutes,OnOffRtg,OnDefRtg,Assisted2sPct,NonPutbacksAssisted2sPct,Fg2Pct,SecondChanceFg2Pct,PenaltyFg2Pct,EfgPct,SecondChanceEfgPct,PenaltyEfgPct,TsPct,SecondChanceTsPct,PenaltyTsPct,FG2APctBlocked,AtRimPctBlocked,ShortMidRangePctBlocked,Usage,LiveBallTurnoverPct,DefFTReboundPct,DefTwoPtReboundPct,OffTwoPtReboundPct,DefThreePtReboundPct,OffThreePtReboundPct,DefFGReboundPct,OffFGReboundPct,OffAtRimReboundPct,OffShortMidRangeReboundPct,OffLongMidRangeReboundPct,OffArc3ReboundPct,OffCorner3ReboundPct,DefAtRimReboundPct,DefShortMidRangeReboundPct,DefLongMidRangeReboundPct,DefArc3ReboundPct,DefCorner3ReboundPct,SelfORebPct,AtRimFrequency,AtRimAccuracy,UnblockedAtRimAccuracy,AtRimPctAssisted,ShortMidRangeFrequency,ShortMidRangeAccuracy,UnblockedShortMidRangeAccuracy,ShortMidRangePctAssisted,LongMidRangeFrequency,LongMidRangeAccuracy,UnblockedLongMidRangeAccuracy,LongMidRangePctAssisted,SecondChanceAtRimFrequency,SecondChanceAtRimAccuracy,SecondChanceAtRimPctAssisted,PenaltyAtRimFrequency,PenaltyAtRimAccuracy,AtRimFG3AFrequency,ShotQualityAvg,SecondChanceShotQualityAvg,PenaltyShotQualityAvg,ShootingFoulsDrawnPct,TwoPtShootingFoulsDrawnPct,SecondChancePointsPct,PenaltyPointsPct,Avg2ptShotDistance,AtRimOffReboundedPct,ShortMidRangeOffReboundedPct,LongMidRangeOffReboundedPct,PenaltyOffPossPct,_dataset,_league,_season,_season_type,_source_endpoint,_source_params_json,_run_id,_fetched_at_utc,_row_content_hash,Corner3FGM,Corner3FGA,PenaltyCorner3FGA,Arc3FGM,Arc3FGA,SecondChanceArc3FGM,SecondChanceArc3FGA,PenaltyArc3FGM,PenaltyArc3FGA,FG3M,FG3A,SecondChanceFG3M,SecondChanceFG3A,PenaltyFG3M,PenaltyFG3A,PtsAssisted3s,PtsUnassisted3s,NonHeaveArc3FGA,NonHeaveArc3FGM,Fg3aBlocked,Travels,ThreePtShootingFoulsDrawn,BlockedAtRim,RecoveredBlocks,Period2Fouls3Minutes,Period3Fouls4Minutes,Assisted3sPct,Fg3Pct,SecondChanceFg3Pct,PenaltyFg3Pct,NonHeaveFg3Pct,FG3APct,FG3APctBlocked,Corner3PctBlocked,BlocksRecoveredPct,Corner3Frequency,Corner3Accuracy,UnblockedCorner3Accuracy,Corner3PctAssisted,Arc3Frequency,Arc3Accuracy,UnblockedArc3Accuracy,Arc3PctAssisted,SecondChanceArc3Frequency,SecondChanceArc3Accuracy,SecondChanceArc3PctAssisted,PenaltyCorner3Frequency,PenaltyArc3Frequency,PenaltyArc3Accuracy,NonHeaveArc3Accuracy,ThreePtShootingFoulsDrawnPct,Avg3ptShotDistance,ThreePtOffReboundedPct,FTOffRebounds,StepOutOfBoundsTurnovers,OffFTReboundPct,Charge Fouls Drawn,Technical Free Throw Trips,BlockedCorner3,LongMidRangePctBlocked,SecondChanceCorner3FGA,SecondChanceCorner3Frequency,Defensive 3 Seconds Violations,Arc3PctBlocked,PenaltyCorner3FGM,PenaltyCorner3Accuracy,BlockedLongMidRange,PeriodOTFouls4Minutes,PeriodOTFouls5Minutes,SecondChanceCorner3FGM,SecondChanceCorner3Accuracy,SecondChanceCorner3PctAssisted,3pt And 1 Free Throw Trips,OffensiveGoaltends,Period3Fouls5Minutes,Period2Fouls4Minutes,_source_response_keys,_single_row_table_data_json
203826,1611661317,Alyssa Thomas,Alyssa Thomas,203826,PHX,10250.2,10,171.0,-28.0,650,656,183.0,128.0,78,1306,28.0,41.0,8.0,9.0,10.0,13.0,22.0,60.0,3.0,7.0,53.0,108.0,50.0,156.0,732.0,10.0,15.0,14.0,34.0,15.0,29.0,25.0,55.0,38.0,68.0,12.0,5.0,42.0,36.0,78.0,23.0,13.0,21.0,15.0,6.0,192.0,5.0,11.0,21.0,27.0,4.0,52.0,16.0,68.0,3.0,18.0,9.0,9.0,20.0,6.0,14.0,14.0,1.0,6.0,34.0,2.0,8.0,11.0,27.0,2.0,4.0,4.0,50.0,4.0,5.0,68.0,4.0,25.0,11.0,1.0,1.0,1.0,1.0,2.0,122.0,55.0,181.0,1.0,11.0,4.0,17.0,6.0,14.0,1.0,108.3076923076923,111.58536585365854,0.3584905660377358,0.40425531914893614,0.49074074074074076,0.6666666666666666,0.5172413793103449,0.49074074074074076,0.6666666666666666,0.5172413793103449,0.5571428571428572,0.68,0.5978260869565217,0.046296296296296294,0.024390243902439025,0.06666666666666667,23.60922659430122,0.5882352941176471,0.23529411764705882,0.18,0.0650887573964497,0.16153846153846155,0.03597122302158273,0.17142857142857143,0.05194805194805195,0.04,0.08139534883720931,0.06060606060606061,0.038834951456310676,0.027777777777777776,0.22641509433962265,0.13432835820895522,0.2,0.1574074074074074,0.18181818181818182,0.061224489795918366,0.37962962962962965,0.6829268292682927,0.7,0.17857142857142858,0.5555555555555556,0.36666666666666664,0.39285714285714285,0.5454545454545454,0.06481481481481481,0.42857142857142855,0.42857142857142855,0.6666666666666666,0.6,0.8888888888888888,0.125,0.4482758620689655,0.7692307692307693,0.37962962962962965,0.49172592592592596,0.5410909090909091,0.5017551724137931,0.1937984496124031,0.1937984496124031,0.21794871794871795,0.3525641025641026,6.151851851851852,0.46153846153846156,0.21621621621621623,0.5,0.2815384615384615,player_totals,wnba,2026,Regular Season,/get-totals/wnba,"{""Season"": ""2026"", ""SeasonType"": ""Regular Season"", ""Type"": ""Player""}",20260602T225839Z,2026-06-02T22:58:42+00:00,3fd756ca1ba9beefb02efba9be62f66c5fb3dede900964c7f9921061ecdb505d,,,,,,,,,,,,,,,,,,,,,,,,,,,,,,,,,,,,,,,,,,,,,,,,,,,,,,,,,,,,,,,,,,,,,,,,,,,,,"[""single_row_table_data"", ""multi_row_table_data""]",{}
1629546,1611661313,Marine Johannes,Marine Johannes,1629546,NYL,9605.3,9,160.0,37.0,485,483,108.0,100.0,52,968,4.0,6.0,1.0,1.0,,,2.0,5.0,1.0,4.0,7.0,15.0,6.0,107.0,505.0,2.0,3.0,1.0,17.0,,2.0,1.0,19.0,10.0,4.0,2.0,1.0,26.0,12.0,38.0,7.0,5.0,15.0,8.0,3.0,88.0,7.0,,8.0,11.0,,19.0,7.0,26.0,,12.0,8.0,4.0,10.0,4.0,7.0,9.0,3.0,3.0,19.0,,3.0,7.0,19.0,,2.0,,11.0,,2.0,8.0,1.0,3.0,,1.0,,,,1.0,90.0,19.0,108.0,2.0,,,17.0,17.0,-5.0,,111.75257731958764,104.55486542443064,0.7142857142857143,0.8333333333333334,0.4666666666666667,0.6666666666666666,,0.6158536585365854,1.0,0.47368421052631576,0.6294117647058823,1.0625,0.475,0.06666666666666667,,0.2,19.08256880733945,0.5263157894736842,,0.08527131782945736,,0.07079646017699115,0.06306306306306306,0.07851239669421488,0.03349282296650718,,,,0.07692307692307693,0.030303030303030304,0.08823529411764706,0.045454545454545456,0.1724137931034483,0.08974358974358974,0.02857142857142857,,0.07317073170731707,0.6666666666666666,0.6666666666666666,0.75,0.06097560975609756,0.4,0.5,0.5,0.04878048780487805,0.25,0.25,1.0,0.125,1.0,,,,0.8902439024390244,0.5173246913580247,0.46608333333333335,0.47747222222222224,0.047058823529411764,0.17647058823529413,0.1588785046728972,0.17757009345794392,9.913333333333332,1.0,0.3333333333333333,0.6666666666666666,0.22268041237113403,player_totals,wnba,2026,Regular Season,/get-totals/wnba,"{""Season"": ""2026"", ""SeasonType"": ""Regular Season"", ""Type"": ""Player""}",20260602T225839Z,2026-06-02T22:58:42+00:00,a953f0fc28fef74a5b1fb2e5e6badac2ad1f80a1f5ecf1d0fa6a030a0131623c,8.0,18.0,3.0,21.0,49.0,4.0,5.0,6.0,14.0,29.0,67.0,4.0,5.0,6.0,17.0,63.0,24.0,49.0,21.0,1.0,2.0,1.0,1.0,1.0,2.0,1.0,0.7241379310344828,0.43283582089552236,0.8,0.35294117647058826,0.43283582089552236,0.8170731707317073,0.014925373134328358,0.05555555555555555,1.0,0.21951219512195122,0.4444444444444444,0.47058823529411764,0.875,0.5975609756097561,0.42857142857142855,0.42857142857142855,0.6666666666666666,0.625,0.8,0.5,0.15789473684210525,0.7368421052631579,0.42857142857142855,0.42857142857142855,0.014705882352941176,25.104477611940297,0.3783783783783784,,,,,,,,,,,,,,,,,,,,,,,,"[""single_row_table_data"", ""multi_row_table_data""]",{}
203827,1611661324,Natasha Howard,Natasha Howard,203827,MIN,9158.3,9,153.0,110.0,510,517,82.0,100.0,62,1027,57.0,79.0,15.0,22.0,6.0,9.0,7.0,14.0,2.0,4.0,66.0,97.0,17.0,149.0,489.0,17.0,24.0,5.0,39.0,8.0,12.0,8.0,24.0,86.0,46.0,30.0,5.0,24.0,10.0,34.0,7.0,3.0,13.0,5.0,6.0,78.0,10.0,19.0,14.0,21.0,4.0,39.0,30.0,69.0,5.0,13.0,9.0,4.0,15.0,4.0,10.0,20.0,1.0,5.0,35.0,2.0,4.0,20.0,33.0,1.0,1.0,8.0,43.0,7.0,3.0,32.0,6.0,16.0,3.0,6.0,,,,6.0,110.0,24.0,80.0,1.0,3.0,,12.0,14.0,7.0,4.0,117.45098039215686,94.58413926499033,0.6515151515151515,0.8431372549019608,0.6804123711340206,0.7083333333333334,0.6666666666666666,0.66,0.7083333333333334,0.6153846153846154,0.6592920353982301,0.7222222222222222,0.6666666666666666,0.05154639175257732,0.06329113924050633,,25.561312607944732,0.42857142857142855,0.25,0.15217391304347827,0.14728682170542637,0.11290322580645161,0.13157894736842105,0.13358778625954199,0.14146341463414633,0.16363636363636364,0.2413793103448276,0.06666666666666667,0.1111111111111111,0.18181818181818182,0.19718309859154928,0.125,0.05263157894736842,0.13829787234042554,0.03333333333333333,0.1724137931034483,0.79,0.7215189873417721,0.7702702702702703,0.6491228070175439,0.14,0.5,0.5,0.5714285714285714,0.04,0.5,0.5,1.0,0.9166666666666666,0.6818181818181818,0.06666666666666667,0.6923076923076923,0.6666666666666666,0.82,0.5887875,0.594515,0.5315538461538462,0.14545454545454545,0.14953271028037382,0.26174496644295303,0.1610738255033557,3.3463917525773197,0.2727272727272727,0.42857142857142855,,0.1607843137254902,player_totals,wnba,2026,Regular Season,/get-totals/wnba,"{""Season"": ""2026"", ""SeasonType"": ""Regular Season"", ""Type"": ""Player""}",20260602T225839Z,2026-06-02T22:58:42+00:00,18906ecec59cbb3b224243191349ca1267e868f09d96174de3e7e4ce9769f12f,,,,,3.0,,,,1.0,,3.0,,,,1.0,,,3.0,,,3.0,,6.0,3.0,,2.0,,,,,,0.03,,,0.5,,,,,0.03,,,,,,,,0.07692307692307693,,,,23.53333333333333,0.3333333333333333,1.0,1.0,0.09090909090909091,,,,,,,,,,,,,,,,,,,,,"[""single_row_table_data"", ""multi_row_table_data""]",{}
1642784,1611661321,Paige Bueckers,Paige Bueckers,1642784,DAL,9041.5,9,151.0,37.0,559,564,83.0,110.0,73,1123,10.0,15.0,3.0,4.0,2.0,3.0,24.0,41.0,9.0,26.0,43.0,82.0,28.0,165.0,595.0,6.0,13.0,2.0,20.0,4.0,9.0,11.0,31.0,48.0,38.0,,3.0,34.0,14.0,48.0,9.0,5.0,21.0,7.0,6.0,110.0,2.0,1.0,17.0,11.0,1.0,29.0,4.0,33.0,,4.0,3.0,1.0,13.0,2.0,7.0,4.0,1.0,6.0,17.0,1.0,2.0,13.0,23.0,,1.0,,33.0,1.0,3.0,36.0,6.0,13.0,7.0,1.0,2.0,1.0,,3.0,145.0,31.0,81.0,1.0,6.0,2.0,6.0,6.0,7.0,,113.05903398926655,105.49645390070923,0.5581395348837209,0.5581395348837209,0.524390243902439,0.46153846153846156,0.4444444444444444,0.5614754098360656,0.5294117647058824,0.7142857142857143,0.5992647058823529,0.5555555555555556,0.7045454545454546,0.036585365853658534,,0.04878048780487805,23.61111111111111,0.7647058823529411,0.08333333333333333,0.06875,0.0064516129032258064,0.17894736842105263,0.016666666666666666,0.10980392156862745,0.01090909090909091,0.022222222222222223,,,0.01020408163265306,0.045454545454545456,0.06451612903225806,0.06944444444444445,0.07692307692307693,0.19753086419753085,0.07142857142857142,,0.12295081967213115,0.6666666666666666,0.6666666666666666,0.5,0.3360655737704918,0.5853658536585366,0.6153846153846154,0.5,0.21311475409836064,0.34615384615384615,0.36,0.7777777777777778,0.23529411764705882,0.75,0.3333333333333333,0.21428571428571427,0.6666666666666666,0.45081967213114754,0.45240413223140497,0.452675,0.4382653846153846,0.10077519379844961,0.14606741573033707,0.12121212121212122,0.18787878787878787,10.398780487804878,0.4,0.47058823529411764,0.17647058823529413,0.148479427549195,player_totals,wnba,2026,Regular Season,/get-totals/wnba,"{""Season"": ""2026"", ""SeasonType"": ""Regular Season"", ""Type"": ""Player""}",20260602T225839Z,2026-06-02T22:58:42+00:00,a5ed38040ea84d5ed730079abcb55334132f17021745b80e910aa3cf581e84d2,,4.0,,17.0,36.0,2.0,4.0,4.0,5.0,17.0,40.0,2.0,4.0,4.0,5.0,42.0,9.0,36.0,17.0,1.0,1.0,,1.0,3.0,,,0.8235294117647058,0.425,0.5,0.8,0.425,0.32786885245901637,0.025,0.25,1.0,0.03278688524590164,,,,0.29508196721311475,0.4722222222222222,0.4722222222222222,0.8235294117647058,0.23529411764705882,0.5,1.0,,0.35714285714285715,0.8,0.4722222222222222,,25.490000000000002,0.3181818181818182,1.0,,0.06666666666666667,3.0,2.0,1.0,0.038461538461538464,,,,,,,,,,,,,,,,,"[""single_row_table_data"", ""multi_row_table_data""]",{}
1629491,1611661321,Jessica Shepard,Jessica Shepard,1629491,DAL,8872.8,9,148.0,29.0,531,536,84.0,99.0,76,1067,36.0,49.0,4.0,7.0,7.0,7.0,7.0,22.0,3.0,7.0,46.0,78.0,21.0,113.0,567.0,5.0,11.0,6.0,16.0,9.0,11.0,9.0,27.0,60.0,32.0,2.0,3.0,36.0,17.0,53.0,15.0,2.0,18.0,7.0,11.0,123.0,10.0,14.0,23.0,45.0,6.0,74.0,25.0,99.0,1.0,4.0,1.0,3.0,5.0,1.0,4.0,6.0,,1.0,11.0,,3.0,10.0,23.0,1.0,2.0,3.0,34.0,6.0,,30.0,6.0,14.0,4.0,,,,,,97.0,27.0,82.0,3.0,4.0,,,4.0,6.0,3.0,112.24105461393597,105.78358208955223,0.6521739130434783,0.6666666666666666,0.5897435897435898,0.45454545454545453,0.8181818181818182,0.5542168674698795,0.38461538461538464,0.75,0.5947368421052631,0.5,0.7941176470588235,0.038461538461538464,0.04081632653061224,0.045454545454545456,17.15210355987055,0.45454545454545453,0.5454545454545454,0.2848101265822785,0.0915032679738562,0.26744186046511625,0.09345794392523364,0.2786885245901639,0.09230769230769231,0.1111111111111111,0.07936507936507936,0.08888888888888889,0.10588235294117647,0.045454545454545456,0.3064516129032258,0.2714285714285714,0.2692307692307692,0.2602739726027397,0.3076923076923077,0.030303030303030304,0.5903614457831325,0.7346938775510204,0.7659574468085106,0.7222222222222222,0.26506024096385544,0.3181818181818182,0.3333333333333333,0.14285714285714285,0.08433734939759036,0.42857142857142855,0.42857142857142855,1.0,0.5384615384615384,0.5714285714285714,0.5,0.5833333333333334,1.0,0.6506024096385542,0.5199457831325301,0.5400611111111111,0.47833333333333333,0.15384615384615385,0.16279069767441862,0.1415929203539823,0.23893805309734514,4.92948717948718,0.23076923076923078,0.21428571428571427,,0.15819209039548024,player_totals,wnba,2026,Regular Season,/get-totals/wnba,"{""Season"": ""2026"", ""SeasonType"": ""Regular Season"", ""Type"": ""Player""}",20260602T225839Z,2026-06-02T22:58:42+00:00,11193011f9a57eddee5de37948da91a99e6a6eb23f5cef66b95ca6a55c26308a,,1.0,,,4.0,,1.0,,1.0,,5.0,,2.0,,1.0,,,4.0,,,,,,,,,,,,,,0.060240963855421686,,,,0.012048192771084338,,,,0.04819277108433735,,,,0.07692307692307693,,,,0.08333333333333333,,,,24.54,,1.0,,0.06666666666666667,,,,,1.0,0.07692307692307693,,,,,,,,,,,,,,,"[""single_row_table_data"", ""multi_row_table_data""]",{}
1628269,1611661324,Nia Coffey,Nia Coffey,1628269,MIN,8735.0,9,146.0,72.0,469,478,68.0,82.0,53,947,13.0,16.0,1.0,3.0,2.0,3.0,2.0,4.0,2.0,5.0,17.0,25.0,1.0,89.0,454.0,1.0,3.0,,8.0,2.0,3.0,,13.0,32.0,2.0,,2.0,7.0,6.0,13.0,5.0,1.0,4.0,1.0,2.0,32.0,4.0,2.0,17.0,25.0,5.0,47.0,6.0,53.0,2.0,6.0,6.0,,3.0,3.0,3.0,6.0,,,9.0,1.0,2.0,13.0,24.0,2.0,2.0,1.0,8.0,1.0,1.0,1.0,1.0,1.0,,4.0,5.0,,1.0,9.0,81.0,13.0,66.0,4.0,,,11.0,15.0,23.0,2.0,112.15351812366737,94.97907949790795,0.9411764705882353,0.9411764705882353,0.68,0.3333333333333333,0.6666666666666666,0.6984126984126984,0.5714285714285714,1.0833333333333333,0.7063492063492064,0.5714285714285714,1.0833333333333333,0.08,0.0625,0.25,13.688212927756654,0.3333333333333333,0.45454545454545453,0.1893939393939394,0.017543859649122806,0.14285714285714285,0.05128205128205128,0.16733067729083664,0.03125,,0.038461538461538464,0.025,0.03571428571428571,0.09090909090909091,0.11940298507462686,0.2553191489361702,0.2777777777777778,0.15555555555555556,0.10344827586206896,0.08333333333333333,0.25396825396825395,0.8125,0.8666666666666667,1.0,0.06349206349206349,0.5,0.6666666666666666,0.5,0.07936507936507936,0.4,0.4,1.0,0.42857142857142855,0.3333333333333333,1.0,0.5,0.6666666666666666,0.8571428571428571,0.5365436507936509,0.60755,0.5350583333333333,0.015873015873015872,0.04,0.0898876404494382,0.14606741573033707,6.084,0.3333333333333333,0.5,0.3333333333333333,0.14498933901918976,player_totals,wnba,2026,Regular Season,/get-totals/wnba,"{""Season"": ""2026"", ""SeasonType"": ""Regular Season"", ""Type"": ""Player""}",20260602T225839Z,2026-06-02T22:58:42+00:00,f1eeacfc3c2a5dc640d0271ab6acf6203d5bc3c07c4dd4604b5fade439be4f9f,3.0,10.0,,15.0,28.0,2.0,4.0,3.0,3.0,18.0,38.0,2.0,4.0,3.0,3.0,51.0,3.0,28.0,15.0,1.0,,,3.0,5.0,,1.0,0.9444444444444444,0.47368421052631576,0.5,1.0,0.47368421052631576,0.6031746031746031,0.02631578947368421,,0.5555555555555556,0.15873015873015872,0.3,0.3,1.0,0.4444444444444444,0.5357142857142857,0.5555555555555556,0.9333333333333333,0.5714285714285714,0.5,1.0,,0.5,1.0,0.5357142857142857,,24.068421052631578,0.3157894736842105,,,,,,5.0,,,,1.0,0.03571428571428571,,,,,,,,,,,,,"[""single_row_table_data"", ""multi_row_table_data""]",{}
1631019,1611661319,NaLyssa Smith,NaLyssa Smith,1631019,LVA,8543.1,8,142.0,7.0,344,349,42.0,23.0,51,693,24.0,28.0,10.0,10.0,3.0,4.0,12.0,19.0,1.0,3.0,37.0,50.0,15.0,92.0,375.0,11.0,12.0,5.0,30.0,3.0,4.0,5.0,11.0,46.0,28.0,16.0,5.0,7.0,1.0,8.0,1.0,,1.0,4.0,2.0,17.0,7.0,14.0,7.0,29.0,,36.0,21.0,57.0,,4.0,3.0,1.0,2.0,1.0,,6.0,1.0,2.0,8.0,1.0,,15.0,25.0,1.0,,2.0,31.0,7.0,3.0,30.0,5.0,12.0,6.0,6.0,1.0,1.0,4.0,7.0,62.0,11.0,42.0,1.0,4.0,,14.0,19.0,3.0,3.0,111.04651162790698,107.44985673352434,0.6216216216216216,0.7931034482758621,0.74,0.9166666666666666,0.75,0.7264150943396226,0.9615384615384616,0.75,0.696969696969697,0.7894736842105263,0.6875,0.1,0.07142857142857142,0.15789473684210525,18.159203980099505,0.25,,0.2761904761904762,0.1346153846153846,0.1076923076923077,0.12962962962962962,0.21176470588235294,0.13291139240506328,0.16666666666666666,0.11290322580645161,0.16666666666666666,0.15555555555555556,,0.25925925925925924,0.3584905660377358,0.12,0.09090909090909091,0.2,,0.5283018867924528,0.8571428571428571,0.9230769230769231,0.5833333333333334,0.3584905660377358,0.631578947368421,0.75,0.6666666666666666,0.05660377358490566,0.3333333333333333,0.3333333333333333,1.0,0.7692307692307693,1.0,0.1,1.0,0.75,0.5849056603773585,0.5093084905660378,0.60565,0.532975,0.2,0.21052631578947367,0.32608695652173914,0.11956521739130435,4.654,0.25,0.14285714285714285,,0.12209302325581395,player_totals,wnba,2026,Regular Season,/get-totals/wnba,"{""Season"": ""2026"", ""SeasonType"": ""Regular Season"", ""Type"": ""Player""}",20260602T225839Z,2026-06-02T22:58:42+00:00,d259d72287707e43a77923bb27fc94625e6602327143aa378fe27d15ceaf08cb,,,,1.0,3.0,1.0,1.0,,,1.0,3.0,1.0,1.0,,,3.0,,3.0,1.0,,,,2.0,3.0,,,1.0,0.3333333333333333,1.0,,0.3333333333333333,0.05660377358490566,,,0.42857142857142855,,,,,0.05660377358490566,0.3333333333333333,0.3333333333333333,1.0,0.07692307692307693,1.0,1.0,,,,0.3333333333333333,,25.5,,,,,,,,,,,,,,,,,,,,,,,,,"[""single_row_table_data"", ""multi_row_table_data""]",{}
1629481,1611661321,Arike Ogunbowale,Arike Ogunbowale,1629481,DAL,8339.8,9,139.0,27.0,499,499,83.0,98.0,68,998,6.0,18.0,1.0,2.0,1.0,5.0,10.0,29.0,5.0,18.0,21.0,65.0,31.0,118.0,526.0,6.0,10.0,6.0,21.0,4.0,10.0,11.0,22.0,20.0,22.0,4.0,6.0,13.0,10.0,23.0,9.0,1.0,7.0,4.0,2.0,56.0,3.0,4.0,4.0,9.0,,13.0,7.0,20.0,,6.0,5.0,1.0,7.0,3.0,5.0,7.0,,2.0,14.0,,2.0,3.0,18.0,,2.0,1.0,25.0,1.0,1.0,35.0,5.0,16.0,3.0,1.0,,,,1.0,97.0,22.0,81.0,3.0,3.0,2.0,-5.0,-3.0,1.0,3.0,110.82164328657313,105.41082164328657,0.47619047619047616,0.5263157894736842,0.3230769230769231,0.6,0.4,0.3782608695652174,0.39473684210526316,0.36666666666666664,0.4496124031007752,0.4772727272727273,0.5238095238095238,0.09230769230769231,0.1111111111111111,0.13793103448275862,24.655172413793103,0.5,,0.06923076923076923,0.027586206896551724,0.044444444444444446,0.027777777777777776,0.05909090909090909,0.02766798418972332,0.044444444444444446,0.03333333333333333,,0.011363636363636364,0.1,0.06666666666666667,0.07692307692307693,0.05555555555555555,0.05194805194805195,,,0.1565217391304348,0.3333333333333333,0.375,0.5,0.25217391304347825,0.3448275862068966,0.4,0.3,0.1565217391304348,0.2777777777777778,0.2777777777777778,0.8,0.10526315789473684,0.5,1.0,0.3333333333333333,0.2,0.591304347826087,0.49150132743362834,0.46411153846153846,0.5061346153846153,0.12698412698412698,0.21052631578947367,0.17796610169491525,0.1864406779661017,8.872307692307693,0.3333333333333333,0.3333333333333333,0.38461538461538464,0.16633266533066132,player_totals,wnba,2026,Regular Season,/get-totals/wnba,"{""Season"": ""2026"", ""SeasonType"": ""Regular Season"", ""Type"": ""Player""}",20260602T225839Z,2026-06-02T22:58:42+00:00,6a03b377e643deeb23e7d32566d62941036b1e841de299c769bc59d6d20645b0,3.0,7.0,2.0,12.0,43.0,1.0,8.0,,3.0,15.0,50.0,1.0,9.0,1.0,5.0,36.0,9.0,43.0,12.0,1.0,,,1.0,1.0,,,0.8,0.3,0.1111111111111111,0.2,0.3,0.43478260869565216,0.02,,1.0,0.06086956521739131,0.42857142857142855,0.42857142857142855,1.0,0.3739130434782609,0.27906976744186046,0.2857142857142857,0.75,0.42105263157894735,0.125,,0.13333333333333333,0.2,,0.27906976744186046,,25.491999999999997,0.4,,,,,2.0,,,1.0,0.05263157894736842,,0.023255813953488372,1.0,0.5,,,,,,,,,,,"[""single_row_table_data"", ""multi_row_table_data""]",{}
1641649,1611661323,Diamond Miller,Diamond Miller,1641649,CON,8321.8,10,139.0,-91.0,390,398,78.0,99.0,56,788,13.0,24.0,1.0,2.0,2.0,4.0,3.0,19.0,1.0,6.0,17.0,49.0,25.0,83.0,456.0,1.0,6.0,2.0,4.0,2.0,9.0,4.0,8.0,20.0,14.0,,10.0,6.0,3.0,9.0,3.0,,3.0,2.0,1.0,21.0,2.0,3.0,6.0,8.0,1.0,15.0,5.0,20.0,1.0,10.0,6.0,4.0,9.0,2.0,6.0,4.0,,3.0,13.0,,4.0,12.0,31.0,,4.0,,26.0,1.0,3.0,30.0,2.0,15.0,1.0,1.0,,,1.0,1.0,79.0,8.0,78.0,6.0,1.0,,15.0,15.0,4.0,,93.58974358974359,114.57286432160804,0.5882352941176471,0.5882352941176471,0.3469387755102041,0.16666666666666666,0.2222222222222222,0.3670886075949367,0.1,0.18181818181818182,0.44623655913978494,0.18181818181818182,0.2857142857142857,0.20408163265306123,0.16666666666666666,0.2631578947368421,23.043478260869566,0.6923076923076923,0.08333333333333333,0.09302325581395349,0.022900763358778626,0.09230769230769231,0.02702702702702703,0.09271523178807947,0.024390243902439025,0.022222222222222223,0.01639344262295082,0.04,0.03076923076923077,,0.1,0.09090909090909091,0.08333333333333333,,0.3333333333333333,0.023255813953488372,0.3037974683544304,0.5416666666666666,0.65,0.6923076923076923,0.24050632911392406,0.15789473684210525,0.21428571428571427,,0.0759493670886076,0.16666666666666666,0.2,1.0,0.2,0.5,,0.36363636363636365,0.5,0.6835443037974683,0.525962658227848,0.48138333333333333,0.5058227272727273,0.16304347826086957,0.24193548387096775,0.04819277108433735,0.0963855421686747,6.042857142857144,0.45454545454545453,0.5625,,0.2,player_totals,wnba,2026,Regular Season,/get-totals/wnba,"{""Season"": ""2026"", ""SeasonType"": ""Regular Season"", ""Type"": ""Player""}",20260602T225839Z,2026-06-02T22:58:42+00:00,18438ee9c4c4c00ad7b55d866e318efe545cddb65cba89e675d56299d7a6e2f0,1.0,6.0,1.0,7.0,24.0,,4.0,,1.0,8.0,30.0,,4.0,,2.0,18.0,6.0,24.0,7.0,1.0,,,,,,1.0,0.75,0.26666666666666666,,,0.26666666666666666,0.379746835443038,0.03333333333333333,,,0.0759493670886076,0.16666666666666666,0.16666666666666666,1.0,0.3037974683544304,0.2916666666666667,0.30434782608695654,0.7142857142857143,0.4,,,0.09090909090909091,0.09090909090909091,,0.2916666666666667,,24.706666666666667,0.22727272727272727,,1.0,,1.0,,,0.16666666666666666,,,,0.041666666666666664,,,,,,,,,,,,,"[""single_row_table_data"", ""multi_row_table_data""]",{}
1630996,1611661320,Rae Burrell,Rae Burrell,1630996,LAS,8167.1,8,136.0,-35.0,435,442,129.0,123.0,51,877,11.0,17.0,1.0,1.0,6.0,10.0,5.0,14.0,1.0,1.0,17.0,32.0,11.0,72.0,517.0,2.0,3.0,,4.0,8.0,13.0,6.0,31.0,22.0,12.0,,6.0,5.0,7.0,12.0,4.0,3.0,5.0,,,31.0,3.0,4.0,9.0,4.0,2.0,15.0,7.0,22.0,2.0,4.0,3.0,1.0,10.0,2.0,6.0,5.0,,4.0,15.0,1.0,3.0,8.0,21.0,,1.0,1.0,17.0,1.0,4.0,13.0,1.0,4.0,3.0,1.0,,,,1.0,68.0,31.0,127.0,5.0,3.0,3.0,6.0,15.0,4.0,4.0,110.80459770114943,116.96832579185521,0.6470588235294118,0.6470588235294118,0.53125,0.6666666666666666,0.6153846153846154,0.5,0.4,0.5208333333333334,0.5373134328358209,0.4,0.5740740740740741,0.1875,0.17647058823529413,0.21428571428571427,16.59919028340081,0.6666666666666666,0.15384615384615385,0.042105263157894736,0.044444444444444446,0.10714285714285714,0.03614457831325301,0.07262569832402235,0.04046242774566474,0.06666666666666667,0.04,,0.031746031746031744,0.05,0.05555555555555555,0.04878048780487805,,0.11764705882352941,0.0625,0.06896551724137931,0.2786885245901639,0.6470588235294118,0.7857142857142857,0.45454545454545453,0.22950819672131148,0.35714285714285715,0.45454545454545453,1.0,0.01639344262295082,1.0,1.0,1.0,0.2,1.0,,0.4166666666666667,0.6,0.7540983606557377,0.5239336065573771,0.3394333333333333,0.5328833333333333,0.0625,0.11428571428571428,0.05555555555555555,0.4305555555555556,4.10625,0.5,0.5555555555555556,,0.296551724137931,player_totals,wnba,2026,Regular Season,/get-totals/wnba,"{""Season"": ""2026"", ""SeasonType"": ""Regular Season"", ""Type"": ""Player""}",20260602T225839Z,2026-06-02T22:58:42+00:00,20cb5dfd16a3bed90c58f818b323981e8897c89038422193126eb8d86d5c1d6b,4.0,11.0,2.0,5.0,18.0,,1.0,2.0,9.0,9.0,29.0,,2.0,3.0,11.0,27.0,,18.0,5.0,,1.0,,1.0,,2.0,4.0,1.0,0.3103448275862069,,0.2727272727272727,0.3103448275862069,0.47540983606557374,,,,0.18032786885245902,0.36363636363636365,0.36363636363636365,1.0,0.29508196721311475,0.2777777777777778,0.2777777777777778,1.0,0.2,,,0.08333333333333333,0.375,0.2222222222222222,0.2777777777777778,,24.400000000000002,0.25,,,,,,,,1.0,0.2,,,1.0,0.5,,,,,,,,,,,"[""single_row_table_data"", ""multi_row_table_data""]",{}
1627675,1611661324,Courtney Williams,Courtney Williams,1627675,MIN,8110.6,9,135.0,61.0,552,558,81.0,110.0,67,1110,7.0,12.0,,,2.0,3.0,9.0,17.0,37.0,73.0,53.0,102.0,6.0,160.0,559.0,2.0,3.0,3.0,13.0,7.0,14.0,3.0,23.0,42.0,64.0,,1.0,28.0,9.0,37.0,7.0,2.0,25.0,,3.0,83.0,1.0,4.0,25.0,17.0,,42.0,5.0,47.0,4.0,12.0,7.0,5.0,13.0,1.0,13.0,3.0,1.0,,16.0,,4.0,9.0,19.0,,2.0,,9.0,,,7.0,2.0,4.0,,5.0,,,1.0,5.0,147.0,23.0,79.0,3.0,,,13.0,8.0,3.0,,112.31884057971016,100.17921146953405,0.39622641509433965,0.39622641509433965,0.5196078431372549,0.6666666666666666,0.5,0.5579710144927537,1.0,0.5263157894736842,0.5678571428571428,1.0,0.55,0.00980392156862745,,,24.840764331210192,0.8125,,0.11409395973154363,0.02702702702702703,0.18518518518518517,0.011904761904761904,0.14788732394366197,0.021551724137931036,,0.05714285714285714,0.03508771929824561,0.015873015873015872,,0.1095890410958904,0.06896551724137931,0.2777777777777778,0.16346153846153846,0.25806451612903225,0.05970149253731343,0.08695652173913043,0.5833333333333334,0.5833333333333334,0.5714285714285714,0.12318840579710146,0.5294117647058824,0.5294117647058824,0.7777777777777778,0.5289855072463768,0.5068493150684932,0.5138888888888888,0.2702702702702703,,,,0.15789473684210525,0.6666666666666666,0.34782608695652173,0.45159094202898553,0.4289875,0.4657342105263158,0.02857142857142857,0.038461538461538464,0.08125,0.14375,15.054901960784314,0.6,0.5,0.3333333333333333,0.14673913043478262,player_totals,wnba,2026,Regular Season,/get-totals/wnba,"{""Season"": ""2026"", ""SeasonType"": ""Regular Season"", ""Type"": ""Player""}",20260602T225839Z,2026-06-02T22:58:42+00:00,bb2f15f549346262aeb3e9040f0329f2ecf4bc1e0d7c15110584960ba477160e,2.0,8.0,1.0,14.0,28.0,2.0,2.0,2.0,4.0,16.0,36.0,2.0,2.0,2.0,5.0,42.0,6.0,28.0,14.0,1.0,,,3.0,4.0,,,0.875,0.4444444444444444,1.0,0.4,0.4444444444444444,0.2608695652173913,0.027777777777777776,,0.8,0.057971014492753624,0.25,0.25,1.0,0.2028985507246377,0.5,0.5185185185185185,0.8571428571428571,0.4,1.0,1.0,0.05263157894736842,0.21052631578947367,0.5,0.5,,24.26388888888889,0.4,,,,,1.0,,0.0136986301369863,,,,0.03571428571428571,,,1.0,,,,,,,,,,"[""single_row_table_data"", ""multi_row_table_data""]",{}
203825,1611661324,Kayla McBride,Kayla McBride,203825,MIN,8095.799999999999,9,135.0,82.0,579,589,107.0,140.0,63,1168,16.0,23.0,6.0,6.0,3.0,3.0,4.0,13.0,7.0,16.0,27.0,52.0,29.0,119.0,570.0,7.0,10.0,,14.0,3.0,6.0,8.0,26.0,46.0,8.0,4.0,2.0,16.0,5.0,21.0,3.0,2.0,11.0,4.0,1.0,47.0,1.0,4.0,21.0,7.0,3.0,31.0,5.0,36.0,2.0,16.0,10.0,6.0,10.0,2.0,6.0,2.0,,4.0,12.0,1.0,4.0,4.0,15.0,,1.0,,25.0,,1.0,35.0,,10.0,2.0,3.0,,,,3.0,105.0,24.0,105.0,4.0,1.0,,2.0,3.0,,,112.60794473229706,96.7741935483871,0.8518518518518519,0.92,0.5192307692307693,0.7,0.5,0.4787234042553192,0.6363636363636364,0.75,0.5420560747663551,0.6363636363636364,0.8125,0.038461538461538464,,0.15384615384615385,18.364197530864196,0.8333333333333334,0.15789473684210525,0.04666666666666667,0.02877697841726619,0.14685314685314685,0.011235955056179775,0.09556313993174062,0.021929824561403508,0.05555555555555555,0.02857142857142857,,,0.043478260869565216,0.036585365853658534,0.02040816326530612,0.15789473684210525,0.14814814814814814,0.14285714285714285,0.03773584905660377,0.24468085106382978,0.6956521739130435,0.6956521739130435,0.875,0.13829787234042554,0.3076923076923077,0.36363636363636365,0.75,0.1702127659574468,0.4375,0.4375,0.8571428571428571,0.5454545454545454,1.0,0.6666666666666666,0.25,1.0,0.6914893617021277,0.5289771276595745,0.5752590909090909,0.5118541666666666,0.10476190476190476,0.16129032258064516,0.11764705882352941,0.2184873949579832,8.790384615384616,0.5714285714285714,0.4444444444444444,0.3333333333333333,0.1848013816925734,player_totals,wnba,2026,Regular Season,/get-totals/wnba,"{""Season"": ""2026"", ""SeasonType"": ""Regular Season"", ""Type"": ""Player""}",20260602T225839Z,2026-06-02T22:58:42+00:00,7ea2a01c6b8724b67fefbda7f7244720a12b54957f3bdabf9d42103d9c0848e7,4.0,10.0,,8.0,32.0,,1.0,4.0,6.0,12.0,42.0,,1.0,4.0,6.0,36.0,,32.0,8.0,,,1.0,2.0,2.0,,,1.0,0.2857142857142857,,0.6666666666666666,0.2857142857142857,0.44680851063829785,,,0.6666666666666666,0.10638297872340426,0.4,0.4,1.0,0.3404255319148936,0.25,0.25,1.0,0.09090909090909091,,,,0.5,0.6666666666666666,0.25,0.023255813953488372,24.47142857142857,0.2,,,,,3.0,,,,,,,,,1.0,,,,,,,,,,"[""single_row_table_data"", ""multi_row_table_data""]",{}
1627668,1611661313,Breanna Stewart,Breanna Stewart,1627668,NYL,8023.099999999999,9,134.0,27.0,572,567,126.0,112.0,57,1139,21.0,34.0,2.0,7.0,7.0,10.0,28.0,63.0,3.0,5.0,52.0,102.0,50.0,169.0,601.0,3.0,13.0,6.0,12.0,12.0,25.0,22.0,49.0,82.0,22.0,4.0,8.0,11.0,11.0,22.0,8.0,3.0,6.0,3.0,2.0,55.0,5.0,7.0,33.0,26.0,6.0,65.0,12.0,77.0,4.0,11.0,9.0,2.0,15.0,2.0,8.0,9.0,,7.0,24.0,1.0,7.0,9.0,22.0,1.0,3.0,4.0,57.0,1.0,,56.0,4.0,22.0,7.0,10.0,,,8.0,10.0,157.0,49.0,124.0,1.0,7.0,,10.0,22.0,11.0,3.0,109.7902097902098,105.99647266313933,0.7884615384615384,0.82,0.5098039215686274,0.23076923076923078,0.48,0.46124031007751937,0.21428571428571427,0.421875,0.5454545454545454,0.34375,0.5697674418604651,0.0784313725490196,0.058823529411764705,0.09523809523809523,27.899686520376175,0.625,0.375,0.18571428571428572,0.056451612903225805,0.2357142857142857,0.04065040650406504,0.21071428571428572,0.048582995951417005,0.07142857142857142,0.05970149253731343,,0.01098901098901099,0.125,0.2682926829268293,0.16417910447761194,0.125,0.2376237623762376,0.23076923076923078,0.06451612903225806,0.26356589147286824,0.6176470588235294,0.65625,0.7142857142857143,0.4883720930232558,0.4444444444444444,0.49122807017543857,0.8214285714285714,0.03875968992248062,0.6,0.6,1.0,0.5,0.2857142857142857,,0.3125,0.7,0.4728682170542636,0.4721647286821705,0.5061899999999999,0.4582703125,0.14965986394557823,0.18333333333333332,0.07100591715976332,0.28994082840236685,6.7,0.23076923076923078,0.20588235294117646,,0.2202797202797203,player_totals,wnba,2026,Regular Season,/get-totals/wnba,"{""Season"": ""2026"", ""SeasonType"": ""Regular Season"", ""Type"": ""Player""}",20260602T225839Z,2026-06-02T22:58:42+00:00,d0bfa34a09751303c1e564f76f0676057c2e6fe61b369f0661b5e7c1b3a4ec20,1.0,6.0,,4.0,21.0,,1.0,1.0,7.0,5.0,27.0,,1.0,1.0,7.0,15.0,,21.0,4.0,,1.0,,2.0,5.0,,2.0,1.0,0.18518518518518517,,0.14285714285714285,0.18518518518518517,0.20930232558139536,,,0.5,0.046511627906976744,0.16666666666666666,0.16666666666666666,1.0,0.16279069767441862,0.19047619047619047,0.19047619047619047,1.0,0.07142857142857142,,,,0.21875,0.14285714285714285,0.19047619047619047,,24.7,0.23809523809523808,,1.0,,,1.0,,,,,,,,,,3.0,2.0,,,,,,,,"[""single_row_table_data"", ""multi_row_table_data""]",{}
1629497,1611661332,Marina Mabrey,Marina Mabrey,1629497,TOR,7949.8,9,132.0,-28.0,490,492,95.0,105.0,51,982,12.0,18.0,1.0,2.0,,1.0,5.0,15.0,10.0,19.0,27.0,52.0,33.0,168.0,559.0,5.0,9.0,4.0,23.0,2.0,7.0,12.0,28.0,18.0,36.0,2.0,2.0,25.0,7.0,32.0,4.0,3.0,22.0,3.0,,71.0,5.0,1.0,13.0,14.0,1.0,28.0,7.0,35.0,4.0,11.0,9.0,2.0,13.0,1.0,9.0,13.0,2.0,4.0,26.0,2.0,4.0,7.0,24.0,2.0,2.0,6.0,38.0,1.0,2.0,37.0,3.0,10.0,5.0,3.0,,,,3.0,145.0,26.0,93.0,1.0,4.0,,9.0,4.0,3.0,10.0,108.3673469387755,113.6178861788618,0.3333333333333333,0.34615384615384615,0.5192307692307693,0.5555555555555556,0.2857142857142857,0.52734375,0.5588235294117647,0.34782608695652173,0.583916083916084,0.6052631578947368,0.4827586206896552,0.038461538461538464,0.1111111111111111,,30.671506352087114,0.5,0.05263157894736842,0.13592233009708737,0.009615384615384616,0.14772727272727273,0.042735042735042736,0.14136125654450263,0.027149321266968326,,,0.047619047619047616,0.053763440860215055,,0.1111111111111111,0.17391304347826086,0.08333333333333333,0.14516129032258066,0.15384615384615385,0.05555555555555555,0.140625,0.6666666666666666,0.75,0.4166666666666667,0.1171875,0.3333333333333333,0.3333333333333333,0.4,0.1484375,0.5263157894736842,0.5263157894736842,0.2,0.11764705882352941,0.5,,0.043478260869565216,,0.734375,0.4854043307086614,0.42661666666666664,0.467675,0.09420289855072464,0.1694915254237288,0.13690476190476192,0.16666666666666666,10.2,0.16666666666666666,0.2,0.3333333333333333,0.19387755102040816,player_totals,wnba,2026,Regular Season,/get-totals/wnba,"{""Season"": ""2026"", ""SeasonType"": ""Regular Season"", ""Type"": ""Player""}",20260602T225839Z,2026-06-02T22:58:42+00:00,4c4cb74a42d553c69bb1752d913dae004e46ebb86e21514188df559da71626ac,7.0,12.0,5.0,20.0,64.0,2.0,7.0,1.0,11.0,27.0,76.0,3.0,8.0,4.0,16.0,54.0,27.0,64.0,20.0,,,3.0,3.0,,,3.0,0.6666666666666666,0.35526315789473684,0.375,0.25,0.35526315789473684,0.59375,,,,0.09375,0.5833333333333334,0.5833333333333334,0.8571428571428571,0.5,0.3125,0.3125,0.6,0.4117647058823529,0.2857142857142857,1.0,0.21739130434782608,0.4782608695652174,0.09090909090909091,0.3125,0.0379746835443038,25.681578947368422,0.30612244897959184,1.0,1.0,0.09090909090909091,,1.0,,,1.0,0.058823529411764705,,,3.0,0.6,,,,1.0,1.0,1.0,,,,,"[""single_row_table_data"", ""multi_row_table_data""]",{}
1629484,1611661327,Megan Gustafson,Megan Gustafson,1629484,PDX,7850.0,10,131.0,-21.0,331,332,76.0,89.0,38,663,23.0,27.0,3.0,6.0,5.0,5.0,8.0,12.0,,,31.0,39.0,15.0,104.0,374.0,5.0,8.0,3.0,16.0,6.0,9.0,4.0,16.0,56.0,6.0,6.0,1.0,5.0,,5.0,,,2.0,3.0,,10.0,3.0,4.0,9.0,12.0,,21.0,7.0,28.0,,1.0,1.0,,,2.0,,4.0,,,4.0,,,10.0,26.0,,3.0,2.0,21.0,1.0,1.0,19.0,3.0,9.0,2.0,5.0,,,2.0,5.0,88.0,16.0,76.0,3.0,2.0,,7.0,7.0,14.0,,106.64652567975831,112.65060240963857,0.9032258064516129,1.0,0.7948717948717948,0.625,0.6666666666666666,0.717741935483871,0.65,0.5,0.7428571428571429,0.7272727272727273,0.5333333333333333,0.02564102564102564,,0.08333333333333333,19.680851063829788,,,0.19047619047619047,0.05063291139240506,0.10465116279069768,0.05263157894736842,0.14093959731543623,0.051470588235294115,0.08108108108108109,0.02564102564102564,,0.07317073170731707,,0.18518518518518517,0.25,0.08333333333333333,0.12121212121212122,0.05,,0.43548387096774194,0.8518518518518519,0.8518518518518519,0.9130434782608695,0.1935483870967742,0.6666666666666666,0.7272727272727273,0.875,,,,,0.6,0.5,0.3333333333333333,0.4166666666666667,1.0,0.8064516129032258,0.5238274193548387,0.5732,0.4707625,0.1323529411764706,0.2,0.15384615384615385,0.15384615384615385,3.8487179487179484,0.75,0.5,,0.229607250755287,player_totals,wnba,2026,Regular Season,/get-totals/wnba,"{""Season"": ""2026"", ""SeasonType"": ""Regular Season"", ""Type"": ""Player""}",20260602T225839Z,2026-06-02T22:58:42+00:00,b888a4213dadc7be45077509b22c29296fd9785c3bac13ebbc7bea88b0a447b8,3.0,6.0,,6.0,17.0,,1.0,,3.0,9.0,23.0,1.0,2.0,,3.0,27.0,,17.0,6.0,,,,3.0,2.0,,1.0,1.0,0.391304347826087,0.5,,0.391304347826087,0.3709677419354839,,,0.4,0.0967741935483871,0.5,0.5,1.0,0.27419354838709675,0.35294117647058826,0.35294117647058826,1.0,0.1,,,,0.25,,0.35294117647058826,,24.456521739130434,0.07142857142857142,,,,1.0,,,,1.0,0.1,,,,,,,,1.0,1.0,1.0,,,,,"[""single_row_table_data"", ""multi_row_table_data""]",{}
1628279,1611661332,Brittney Sykes,Brittney Sykes,1628279,TOR,7587.0,9,126.0,-17.0,568,577,143.0,170.0,64,1145,23.0,40.0,2.0,4.0,4.0,9.0,10.0,28.0,7.0,21.0,40.0,89.0,66.0,179.0,653.0,6.0,8.0,4.0,16.0,7.0,21.0,28.0,48.0,20.0,60.0,4.0,5.0,15.0,22.0,37.0,14.0,8.0,9.0,3.0,3.0,96.0,4.0,5.0,13.0,10.0,3.0,26.0,9.0,35.0,2.0,13.0,9.0,4.0,5.0,8.0,5.0,16.0,,,21.0,,5.0,9.0,23.0,1.0,3.0,5.0,49.0,1.0,5.0,72.0,6.0,22.0,11.0,3.0,,,2.0,3.0,163.0,47.0,141.0,3.0,10.0,,9.0,4.0,1.0,,111.9718309859155,113.17157712305027,0.25,0.2631578947368421,0.449438202247191,0.75,0.3333333333333333,0.424812030075188,0.6666666666666666,0.3125,0.5370370370370371,0.75,0.48936170212765956,0.056179775280898875,0.05,0.10714285714285714,28.46034214618974,0.23809523809523808,0.17647058823529413,0.07936507936507936,0.038461538461538464,0.11504424778761062,0.030303030303030304,0.09623430962343096,0.03435114503816794,0.017241379310344827,0.06976744186046512,0.034482758620689655,0.02857142857142857,0.037037037037037035,0.09090909090909091,0.05555555555555555,0.11764705882352941,0.10526315789473684,0.13513513513513514,0.025974025974025976,0.3007518796992481,0.575,0.6052631578947368,0.30434782608695654,0.21052631578947367,0.35714285714285715,0.4,0.1,0.15789473684210525,0.3333333333333333,0.3333333333333333,0.2857142857142857,0.4444444444444444,0.5,,0.28125,0.4444444444444444,0.631578947368421,0.4978218045112782,0.53155625,0.48704375,0.15333333333333332,0.20952380952380953,0.0893854748603352,0.2681564245810056,7.880898876404494,0.4117647058823529,0.4444444444444444,0.2857142857142857,0.2517605633802817,player_totals,wnba,2026,Regular Season,/get-totals/wnba,"{""Season"": ""2026"", ""SeasonType"": ""Regular Season"", ""Type"": ""Player""}",20260602T225839Z,2026-06-02T22:58:42+00:00,7b7a3b30e2d6a1343545e9e5a5f72fb54241bad2f67c3da8e7513fbc897a3f34,2.0,7.0,1.0,9.0,37.0,,1.0,2.0,10.0,11.0,44.0,,1.0,2.0,11.0,18.0,15.0,37.0,9.0,,,2.0,1.0,1.0,,3.0,0.5454545454545454,0.25,,0.18181818181818182,0.25,0.3308270676691729,,,0.3333333333333333,0.05263157894736842,0.2857142857142857,0.2857142857142857,0.5,0.2781954887218045,0.24324324324324326,0.24324324324324326,0.5555555555555556,0.1111111111111111,,,0.03125,0.3125,0.2,0.24324324324324326,0.022222222222222223,24.629545454545454,0.2727272727272727,,,,1.0,5.0,,,,,,,,,,,,,,,,,,,"[""single_row_table_data"", ""multi_row_table_data""]",{}
1629501,1611661321,Alanna Smith,Alanna Smith,1629501,DAL,7453.4,8,124.0,-32.0,281,279,47.0,48.0,39,560,10.0,16.0,,2.0,2.0,2.0,1.0,3.0,,2.0,11.0,21.0,3.0,31.0,304.0,,3.0,,,3.0,3.0,,6.0,20.0,2.0,,2.0,12.0,5.0,17.0,5.0,,8.0,3.0,1.0,39.0,3.0,7.0,6.0,12.0,,18.0,10.0,28.0,2.0,8.0,6.0,2.0,6.0,2.0,5.0,7.0,,1.0,13.0,1.0,1.0,10.0,27.0,,2.0,4.0,12.0,2.0,1.0,5.0,1.0,3.0,,3.0,1.0,1.0,1.0,4.0,31.0,6.0,45.0,1.0,,1.0,14.0,19.0,13.0,,96.79715302491103,108.9605734767025,0.9090909090909091,0.9090909090909091,0.5238095238095238,,1.0,0.358974358974359,,0.75,0.3780487804878049,,0.75,0.09523809523809523,0.0625,0.3333333333333333,16.463414634146343,0.46153846153846156,,0.19047619047619047,0.08045977011494253,0.12,0.05,0.1592920353982301,0.06802721088435375,0.13793103448275862,0.04878048780487805,0.058823529411764705,0.061224489795918366,,0.15384615384615385,0.2222222222222222,0.2,0.13333333333333333,,0.09090909090909091,0.41025641025641024,0.625,0.6666666666666666,0.9,0.07692307692307693,0.3333333333333333,0.5,1.0,0.05128205128205128,,,,0.5,,,0.5,1.0,0.8717948717948718,0.539546052631579,0.500975,0.48006666666666664,0.07317073170731707,0.13043478260869565,,0.1935483870967742,4.319047619047619,0.3333333333333333,0.5,0.5,0.16725978647686832,player_totals,wnba,2026,Regular Season,/get-totals/wnba,"{""Season"": ""2026"", ""SeasonType"": ""Regular Season"", ""Type"": ""Player""}",20260602T225839Z,2026-06-02T22:58:42+00:00,0cf3817abb91bb132425f5928436e08c4bd7235e7c2c958fdbdcba3eee29183c,,1.0,,2.0,17.0,,1.0,,1.0,2.0,18.0,,1.0,,1.0,6.0,,17.0,2.0,1.0,1.0,,2.0,3.0,4.0,,1.0,0.1111111111111111,,,0.1111111111111111,0.46153846153846156,0.05555555555555555,,0.75,0.02564102564102564,,,,0.4358974358974359,0.11764705882352941,0.125,1.0,0.25,,,,0.25,,0.11764705882352941,,26.6,0.26666666666666666,,,,1.0,,,,,,,0.058823529411764705,,,,,,,,,,,,,"[""single_row_table_data"", ""multi_row_table_data""]",{}
1628932,1611661319,A'ja Wilson,A'ja Wilson,1628932,LVA,7431.400000000001,8,124.0,38.0,502,503,110.0,107.0,65,1005,28.0,37.0,6.0,7.0,7.0,10.0,30.0,67.0,6.0,21.0,64.0,125.0,43.0,198.0,533.0,11.0,17.0,10.0,35.0,12.0,20.0,19.0,52.0,96.0,32.0,8.0,4.0,13.0,10.0,23.0,9.0,1.0,5.0,6.0,2.0,56.0,4.0,9.0,20.0,27.0,5.0,52.0,13.0,65.0,5.0,8.0,7.0,1.0,14.0,1.0,6.0,8.0,,8.0,22.0,1.0,6.0,7.0,15.0,1.0,,5.0,57.0,,,51.0,9.0,24.0,6.0,17.0,1.0,1.0,12.0,18.0,163.0,52.0,110.0,,5.0,,5.0,10.0,1.0,1.0,113.74501992031874,105.96421471172961,0.75,0.8,0.512,0.6470588235294118,0.6,0.5535714285714286,0.6944444444444444,0.717391304347826,0.6149068322981367,0.7954545454545454,0.8125,0.032,,0.04477611940298507,31.82608695652174,0.6363636363636364,0.35714285714285715,0.17307692307692307,0.0625,0.20618556701030927,0.05063291139240506,0.1857707509881423,0.05829596412556054,0.058823529411764705,0.0641025641025641,0.0625,0.06153846153846154,,0.15384615384615385,0.14492753623188406,0.2571428571428571,0.21428571428571427,0.15384615384615385,0.07936507936507936,0.2642857142857143,0.7567567567567568,0.7567567567567568,0.7142857142857143,0.4785714285714286,0.44776119402985076,0.46875,0.7666666666666667,0.15,0.2857142857142857,0.3,0.8333333333333334,0.3888888888888889,0.8571428571428571,0.5,0.43478260869565216,0.7,0.37142857142857144,0.4612817857142857,0.4755607142857143,0.4913826086956522,0.15483870967741936,0.17142857142857143,0.17676767676767677,0.26262626262626265,8.136800000000001,0.5555555555555556,0.4594594594594595,0.2,0.21912350597609562,player_totals,wnba,2026,Regular Season,/get-totals/wnba,"{""Season"": ""2026"", ""SeasonType"": ""Regular Season"", ""Type"": ""Player""}",20260602T225839Z,2026-06-02T22:58:42+00:00,aae2836d247389e11ccc9fb0db973548cf6a7d25afaf15c7b7509bd5003b184e,,,,9.0,15.0,1.0,1.0,3.0,3.0,9.0,15.0,1.0,1.0,3.0,3.0,24.0,3.0,15.0,9.0,,,,5.0,8.0,,3.0,0.8888888888888888,0.6,1.0,1.0,0.6,0.10714285714285714,,,0.4444444444444444,,,,,0.10714285714285714,0.6,0.6,0.8888888888888888,0.05555555555555555,1.0,1.0,,0.13043478260869565,1.0,0.6,,24.826666666666664,0.16666666666666666,,,,1.0,,,0.047619047619047616,,,,,,,,,,,,,,,,,"[""single_row_table_data"", ""multi_row_table_data""]",{}
203014,1611661320,Nneka Ogwumike,Nneka Ogwumike,203014,LAS,7395.1,7,123.0,-24.0,448,453,148.0,134.0,53,901,18.0,27.0,6.0,8.0,7.0,12.0,11.0,24.0,1.0,5.0,30.0,56.0,17.0,110.0,520.0,8.0,14.0,1.0,17.0,11.0,19.0,8.0,36.0,40.0,20.0,10.0,4.0,11.0,3.0,14.0,1.0,2.0,9.0,2.0,,31.0,3.0,6.0,15.0,20.0,2.0,37.0,10.0,47.0,1.0,8.0,6.0,2.0,6.0,3.0,5.0,5.0,1.0,1.0,11.0,1.0,4.0,5.0,14.0,,1.0,1.0,26.0,4.0,1.0,24.0,2.0,10.0,3.0,2.0,,,1.0,2.0,93.0,36.0,146.0,2.0,3.0,,,,6.0,,110.71428571428571,114.79028697571744,0.6666666666666666,0.8,0.5357142857142857,0.5714285714285714,0.5789473684210527,0.6038961038961039,0.5714285714285714,0.6086956521739131,0.625,0.6071428571428571,0.6,0.07142857142857142,0.1111111111111111,0.041666666666666664,19.44990176817289,0.5454545454545454,0.2222222222222222,0.21739130434782608,0.061855670103092786,0.16853932584269662,0.03409090909090909,0.19337016574585636,0.04864864864864865,0.07142857142857142,0.0425531914893617,0.125,0.04477611940298507,,0.15789473684210525,0.25,0.2857142857142857,0.14864864864864866,0.26666666666666666,0.03225806451612903,0.35064935064935066,0.6666666666666666,0.75,0.7777777777777778,0.3116883116883117,0.4583333333333333,0.4782608695652174,0.45454545454545453,0.06493506493506493,0.2,0.2,1.0,0.5714285714285714,0.75,0.5,0.5217391304347826,0.5833333333333334,0.6233766233766234,0.49972142857142854,0.4990454545454545,0.5078195652173914,0.11764705882352941,0.15625,0.15454545454545454,0.32727272727272727,5.608928571428572,0.2222222222222222,0.23076923076923078,0.5,0.33035714285714285,player_totals,wnba,2026,Regular Season,/get-totals/wnba,"{""Season"": ""2026"", ""SeasonType"": ""Regular Season"", ""Type"": ""Player""}",20260602T225839Z,2026-06-02T22:58:42+00:00,794b62230a6889261d3e01a4fa670495aac6d291321cb8051d88e8c0e0acb456,2.0,4.0,1.0,9.0,17.0,,,2.0,3.0,11.0,21.0,,,2.0,4.0,27.0,6.0,17.0,9.0,1.0,,,1.0,2.0,,,0.8181818181818182,0.5238095238095238,,0.5,0.5238095238095238,0.2727272727272727,0.047619047619047616,,1.0,0.05194805194805195,0.5,0.5,1.0,0.22077922077922077,0.5294117647058824,0.5625,0.7777777777777778,,,,0.043478260869565216,0.13043478260869565,0.6666666666666666,0.5294117647058824,,24.428571428571427,0.3,1.0,,0.1,,,,,,,,0.058823529411764705,,,,,,,,,,,,,"[""single_row_table_data"", ""multi_row_table_data""]",{}
1628931,1611661331,Gabby Williams,Gabby Williams,1628931,GSV,7383.9,8,123.0,41.0,392,397,87.0,81.0,55,789,10.0,17.0,1.0,2.0,,1.0,6.0,23.0,4.0,12.0,20.0,52.0,23.0,120.0,400.0,3.0,8.0,2.0,11.0,4.0,9.0,7.0,24.0,24.0,16.0,,3.0,13.0,8.0,21.0,3.0,5.0,12.0,1.0,,50.0,4.0,2.0,10.0,11.0,3.0,24.0,6.0,30.0,2.0,15.0,10.0,5.0,6.0,2.0,3.0,8.0,1.0,3.0,14.0,,3.0,4.0,9.0,1.0,,1.0,21.0,,,30.0,1.0,8.0,3.0,1.0,1.0,1.0,,2.0,109.0,24.0,87.0,,2.0,,1.0,4.0,,,112.5,100.75566750629723,0.6,0.6,0.38461538461538464,0.375,0.4444444444444444,0.5052083333333334,0.32142857142857145,0.6071428571428571,0.5504587155963303,0.36666666666666664,0.631578947368421,0.057692307692307696,0.058823529411764705,0.08695652173913043,26.97368421052632,0.42857142857142855,0.3,0.09734513274336283,0.017241379310344827,0.1388888888888889,0.0425531914893617,0.11351351351351352,0.02857142857142857,,0.03636363636363636,,0.0547945205479452,,0.07894736842105263,0.09803921568627451,0.125,0.12727272727272726,0.17647058823529413,0.03773584905660377,0.17708333333333334,0.5882352941176471,0.625,0.6,0.23958333333333334,0.2608695652173913,0.2857142857142857,0.6666666666666666,0.125,0.3333333333333333,0.3333333333333333,0.5,0.14285714285714285,0.5,1.0,0.07142857142857142,,0.6354166666666666,0.4852505208333333,0.5083888888888889,0.43048571428571425,0.09523809523809523,0.13559322033898305,0.09166666666666666,0.2,8.51923076923077,0.2857142857142857,0.23529411764705882,0.125,0.22193877551020408,player_totals,wnba,2026,Regular Season,/get-totals/wnba,"{""Season"": ""2026"", ""SeasonType"": ""Regular Season"", ""Type"": ""Player""}",20260602T225839Z,2026-06-02T22:58:42+00:00,2fa99bb60fc5089cc4d9de132fb36c1ca0d761d4ef79ff9451a155833a4f1ac8,1.0,3.0,,18.0,41.0,1.0,4.0,3.0,5.0,19.0,44.0,1.0,6.0,3.0,5.0,45.0,12.0,41.0,18.0,,1.0,3.0,1.0,1.0,,,0.7894736842105263,0.4318181818181818,0.16666666666666666,0.6,0.4318181818181818,0.4583333333333333,,,0.5,0.03125,0.3333333333333333,0.3333333333333333,1.0,0.4270833333333333,0.43902439024390244,0.43902439024390244,0.7777777777777778,0.2857142857142857,0.25,1.0,,0.35714285714285715,0.6,0.43902439024390244,0.043478260869565216,25.036363636363635,0.3333333333333333,,2.0,,,,,,2.0,0.14285714285714285,,,,,,,,,,,,,,,"[""single_row_table_data"", ""multi_row_table_data""]",{}
1642289,1611661329,Kamilla Cardoso,Kamilla Cardoso,1642289,CHI,6957.5,8,116.0,-30.0,417,418,82.0,92.0,46,835,33.0,54.0,10.0,17.0,9.0,15.0,4.0,18.0,,1.0,37.0,73.0,29.0,103.0,440.0,10.0,18.0,7.0,27.0,9.0,15.0,9.0,27.0,50.0,24.0,20.0,8.0,13.0,3.0,16.0,1.0,2.0,9.0,3.0,1.0,35.0,5.0,19.0,12.0,34.0,5.0,51.0,26.0,77.0,6.0,2.0,2.0,,3.0,,1.0,8.0,2.0,2.0,11.0,,1.0,11.0,24.0,2.0,,3.0,31.0,,,39.0,5.0,22.0,,10.0,,,4.0,10.0,76.0,27.0,82.0,1.0,,,9.0,4.0,4.0,,98.32134292565948,105.26315789473685,0.6756756756756757,0.9259259259259259,0.5068493150684932,0.5555555555555556,0.6,0.5068493150684932,0.5555555555555556,0.6,0.5722222222222222,0.6136363636363636,0.675,0.1095890410958904,0.09259259259259259,0.16666666666666666,21.581196581196583,0.2727272727272727,0.45454545454545453,0.2698412698412698,0.1623931623931624,0.15,0.05747126436781609,0.22330097087378642,0.11764705882352941,0.18518518518518517,0.15384615384615385,0.09090909090909091,0.04477611940298507,0.1,0.25,0.2857142857142857,0.2702702702702703,0.13114754098360656,0.21052631578947367,0.21428571428571427,0.7397260273972602,0.6111111111111112,0.673469387755102,0.6363636363636364,0.2465753424657534,0.2222222222222222,0.26666666666666666,1.0,0.0136986301369863,,,,0.9444444444444444,0.5882352941176471,,1.0,0.6,0.7397260273972602,0.5707027397260274,0.61122,0.6479199999999999,0.24444444444444444,0.24444444444444444,0.2621359223300971,0.2621359223300971,2.9767123287671233,0.3333333333333333,0.14285714285714285,,0.19664268585131894,player_totals,wnba,2026,Regular Season,/get-totals/wnba,"{""Season"": ""2026"", ""SeasonType"": ""Regular Season"", ""Type"": ""Player""}",20260602T225839Z,2026-06-02T22:58:42+00:00,ab5924736455ccc30ea400bbdf8eadf317342ffced0cd72081a134b5103993d6,,,,,,,,,,,,,,,,,,,,,,,6.0,5.0,,2.0,,,,,,,,,0.5,,,,,,,,,,,,,,,,,,,2.0,,0.2,,,,,,,,,,,,,,,,,,,,,"[""single_row_table_data"", ""multi_row_table_data""]",{}
1643428,1611661328,Flau'jae Johnson,Flau'jae Johnson,1643428,SEA,6706.1,10,112.0,-36.0,509,522,127.0,105.0,56,1031,15.0,28.0,5.0,8.0,1.0,5.0,5.0,16.0,3.0,21.0,23.0,65.0,40.0,119.0,548.0,6.0,15.0,4.0,16.0,1.0,12.0,12.0,20.0,26.0,20.0,4.0,7.0,12.0,5.0,17.0,2.0,3.0,5.0,5.0,2.0,39.0,3.0,6.0,17.0,21.0,4.0,42.0,9.0,51.0,2.0,9.0,6.0,3.0,13.0,2.0,8.0,9.0,2.0,5.0,22.0,2.0,10.0,14.0,26.0,1.0,2.0,,35.0,2.0,1.0,47.0,,20.0,,11.0,4.0,3.0,4.0,15.0,103.0,20.0,125.0,2.0,,,27.0,,1.0,3.0,100.58939096267191,104.9808429118774,0.5652173913043478,0.6190476190476191,0.35384615384615387,0.4,0.08333333333333333,0.3623853211009174,0.3333333333333333,0.17391304347826086,0.4541984732824427,0.42105263157894735,0.3448275862068966,0.1076923076923077,0.14285714285714285,0.125,26.70157068062827,0.5909090909090909,0.2222222222222222,0.14285714285714285,0.039735099337748346,0.15315315315315314,0.031914893617021274,0.14728682170542637,0.036734693877551024,0.06818181818181818,0.04225352112676056,,0.02702702702702703,0.05,0.14285714285714285,0.12,0.2,0.16304347826086957,0.10526315789473684,0.029411764705882353,0.25688073394495414,0.5357142857142857,0.625,0.3333333333333333,0.14678899082568808,0.3125,0.35714285714285715,1.0,0.1926605504587156,0.14285714285714285,0.15,1.0,0.4444444444444444,0.625,0.2,0.21739130434782608,0.2,0.6605504587155964,0.5123848623853211,0.5239181818181818,0.4815630434782609,0.16793893129770993,0.23529411764705882,0.13445378151260504,0.16806722689075632,8.807692307692308,0.15384615384615385,0.36363636363636365,0.4444444444444444,0.24950884086444008,player_totals,wnba,2026,Regular Season,/get-totals/wnba,"{""Season"": ""2026"", ""SeasonType"": ""Regular Season"", ""Type"": ""Player""}",20260602T225839Z,2026-06-02T22:58:42+00:00,fdec66702e577b9ad33039da077a4e44e400039679f0cd58c6003e01dc5d108d,2.0,13.0,2.0,9.0,31.0,,,2.0,9.0,11.0,44.0,,3.0,2.0,11.0,27.0,6.0,31.0,9.0,,1.0,2.0,5.0,9.0,,,0.8181818181818182,0.25,,0.18181818181818182,0.25,0.4036697247706422,,,0.6,0.11926605504587157,0.15384615384615385,0.15384615384615385,1.0,0.28440366972477066,0.2903225806451613,0.2903225806451613,0.7777777777777778,,,,0.08695652173913043,0.391304347826087,0.2222222222222222,0.2903225806451613,0.043478260869565216,24.902272727272727,0.15151515151515152,,,,,,1.0,0.047619047619047616,3.0,0.16666666666666666,,,,,2.0,,,,,,,,,,"[""single_row_table_data"", ""multi_row_table_data""]",{}
1628881,1611661325,Monique Billings,Monique Billings,1628881,IND,6639.5,7,111.0,-15.0,276,287,56.0,57.0,42,563,6.0,18.0,2.0,5.0,1.0,3.0,3.0,5.0,1.0,2.0,10.0,25.0,12.0,38.0,308.0,3.0,7.0,,6.0,1.0,3.0,,2.0,10.0,10.0,6.0,3.0,5.0,4.0,9.0,2.0,2.0,4.0,,1.0,22.0,7.0,7.0,3.0,16.0,2.0,21.0,14.0,35.0,1.0,7.0,2.0,5.0,5.0,1.0,4.0,2.0,,1.0,7.0,3.0,1.0,8.0,13.0,,2.0,,16.0,4.0,1.0,15.0,1.0,8.0,,5.0,,,3.0,5.0,32.0,2.0,56.0,,,,7.0,4.0,1.0,,106.15942028985508,107.3170731707317,0.5,0.7142857142857143,0.4,0.42857142857142855,0.3333333333333333,0.41935483870967744,0.375,0.25,0.5,0.375,0.25,0.12,0.16666666666666666,,13.803680981595093,0.7142857142857143,0.4,0.21052631578947367,0.09859154929577464,0.075,0.09090909090909091,0.16379310344827586,0.0945945945945946,0.05405405405405406,0.1111111111111111,0.1875,0.08771929824561403,0.1,0.25,0.17857142857142858,0.16666666666666666,0.03225806451612903,0.2222222222222222,0.0625,0.5806451612903226,0.3333333333333333,0.4,0.6666666666666666,0.16129032258064516,0.6,0.6,0.3333333333333333,0.06451612903225806,0.5,0.5,,0.625,0.4,,0.75,0.3333333333333333,0.7741935483870968,0.6019854838709677,0.58873,0.6326375,0.21052631578947367,0.25,0.15789473684210525,0.05263157894736842,3.6319999999999997,0.3333333333333333,,,0.2028985507246377,player_totals,wnba,2026,Regular Season,/get-totals/wnba,"{""Season"": ""2026"", ""SeasonType"": ""Regular Season"", ""Type"": ""Player""}",20260602T225839Z,2026-06-02T22:58:42+00:00,5015f332b2d4750a6f21f0f2d5ec4b3fdeb76de2958cd7a4f501e3ff55048dca,2.0,5.0,1.0,,1.0,,,,,2.0,6.0,,1.0,,1.0,3.0,3.0,1.0,,,1.0,,2.0,4.0,,,0.5,0.3333333333333333,,,0.3333333333333333,0.1935483870967742,,,0.8,0.16129032258064516,0.4,0.4,0.5,0.03225806451612903,,,,,,,0.25,,,,,23.666666666666668,0.25,,,,,,,,1.0,0.125,1.0,,,,,5.0,,,,,,,,,"[""single_row_table_data"", ""multi_row_table_data""]",{}
203400,1611661329,Skylar Diggins,Skylar Diggins,203400,CHI,6582.5,7,110.0,-37.0,427,433,108.0,117.0,56,860,11.0,21.0,2.0,4.0,4.0,8.0,13.0,28.0,5.0,13.0,29.0,62.0,23.0,99.0,459.0,5.0,9.0,,10.0,6.0,15.0,5.0,20.0,30.0,28.0,4.0,5.0,29.0,10.0,39.0,9.0,1.0,19.0,9.0,1.0,88.0,,6.0,14.0,12.0,,26.0,6.0,32.0,3.0,8.0,5.0,3.0,7.0,2.0,6.0,3.0,1.0,1.0,10.0,1.0,1.0,4.0,19.0,,3.0,,21.0,,1.0,31.0,2.0,15.0,,5.0,2.0,1.0,2.0,7.0,89.0,20.0,108.0,4.0,,,8.0,,3.0,,98.82903981264639,106.00461893764434,0.5172413793103449,0.5555555555555556,0.46774193548387094,0.5555555555555556,0.4,0.4367816091954023,0.5,0.32608695652173914,0.4900990099009901,0.5,0.37037037037037035,0.08064516129032258,0.047619047619047616,0.10714285714285714,22.5609756097561,0.7,,0.09375,0.045454545454545456,0.175,,0.125,0.02654867256637168,0.0625,0.03571428571428571,,,,0.07317073170731707,0.09615384615384616,0.11428571428571428,0.2,0.06666666666666667,0.06666666666666667,0.2413793103448276,0.5238095238095238,0.55,0.45454545454545453,0.3218390804597701,0.4642857142857143,0.52,0.5384615384615384,0.14942528735632185,0.38461538461538464,0.4166666666666667,0.6,0.4,0.5,,0.34782608695652173,0.5,0.5287356321839081,0.49552528735632184,0.4940125,0.5080239130434783,0.15841584158415842,0.2,0.10101010101010101,0.20202020202020202,7.693548387096774,0.3,0.5333333333333333,0.375,0.2529274004683841,player_totals,wnba,2026,Regular Season,/get-totals/wnba,"{""Season"": ""2026"", ""SeasonType"": ""Regular Season"", ""Type"": ""Player""}",20260602T225839Z,2026-06-02T22:58:42+00:00,819199f069f95565145cccdee055b7d7cb738a516d589579b18660f5068c86d3,3.0,5.0,1.0,3.0,20.0,,1.0,1.0,7.0,6.0,25.0,,1.0,1.0,8.0,15.0,3.0,20.0,3.0,1.0,,1.0,3.0,3.0,2.0,,0.8333333333333334,0.24,,0.125,0.24,0.28735632183908044,0.04,,0.42857142857142855,0.05747126436781609,0.6,0.6,1.0,0.22988505747126436,0.15,0.15789473684210525,0.6666666666666666,0.1,,,0.043478260869565216,0.30434782608695654,0.14285714285714285,0.15,0.038461538461538464,24.248,0.2222222222222222,,,,,,1.0,0.07692307692307693,,,,0.05,,,,,,,,,,,,,"[""single_row_table_data"", ""multi_row_table_data""]",{}
1631141,1611661328,Jade Melbourne,Jade Melbourne,1631141,SEA,6478.4,10,108.0,-60.0,487,490,143.0,127.0,48,977,17.0,24.0,1.0,2.0,5.0,6.0,7.0,23.0,,2.0,24.0,49.0,34.0,100.0,509.0,1.0,5.0,,5.0,7.0,14.0,13.0,27.0,16.0,32.0,,3.0,18.0,21.0,39.0,18.0,3.0,5.0,11.0,2.0,99.0,1.0,3.0,12.0,5.0,,17.0,4.0,21.0,,10.0,5.0,5.0,14.0,2.0,9.0,6.0,,5.0,20.0,1.0,4.0,13.0,31.0,,1.0,1.0,35.0,,5.0,43.0,5.0,18.0,6.0,3.0,,,,3.0,95.0,25.0,141.0,7.0,4.0,,7.0,5.0,5.0,,92.19712525667352,103.87755102040816,0.3333333333333333,0.3333333333333333,0.4897959183673469,0.2,0.5,0.4925373134328358,0.35714285714285715,0.35,0.5813953488372093,0.35714285714285715,0.46551724137931033,0.061224489795918366,,0.13043478260869565,19.593345656192238,0.7,,0.03816793893129771,0.022727272727272728,0.1188118811881188,0.010101010101010102,0.07327586206896551,0.017316017316017316,0.02631578947368421,,0.06666666666666667,,0.037037037037037035,0.045454545454545456,0.047619047619047616,,0.10227272727272728,0.23076923076923078,,0.3582089552238806,0.7083333333333334,0.7083333333333334,0.35294117647058826,0.34328358208955223,0.30434782608695654,0.35,0.2857142857142857,0.029850746268656716,,,,0.2857142857142857,0.5,,0.3,0.8333333333333334,0.6268656716417911,0.512020895522388,0.50752,0.4937625,0.225,0.2903225806451613,0.05,0.27,4.826530612244898,0.14285714285714285,0.375,,0.2936344969199179,player_totals,wnba,2026,Regular Season,/get-totals/wnba,"{""Season"": ""2026"", ""SeasonType"": ""Regular Season"", ""Type"": ""Player""}",20260602T225839Z,2026-06-02T22:58:42+00:00,14e0d6e9db45a0716bf73f1f74f7701b6ea4bdf5b3c897feb00542e157c038ac,2.0,4.0,1.0,4.0,14.0,1.0,2.0,,5.0,6.0,18.0,1.0,2.0,,6.0,15.0,3.0,14.0,4.0,,3.0,,3.0,1.0,,,0.8333333333333334,0.3333333333333333,0.5,,0.3333333333333333,0.26865671641791045,,,0.3333333333333333,0.05970149253731343,0.5,0.5,1.0,0.208955223880597,0.2857142857142857,0.2857142857142857,0.75,0.2857142857142857,0.5,1.0,0.05,0.25,,0.2857142857142857,,25.16111111111111,0.09090909090909091,,,,,,,,,,,,,,,,,,,,,,,,"[""single_row_table_data"", ""multi_row_table_data""]",{}
1629498,1611661319,Jackie Young,Jackie Young,1629498,LVA,6459.2,8,108.0,30.0,487,492,102.0,101.0,62,979,13.0,23.0,,1.0,2.0,5.0,9.0,28.0,7.0,17.0,29.0,68.0,6.0,94.0,514.0,,1.0,1.0,4.0,6.0,14.0,2.0,14.0,24.0,34.0,,3.0,39.0,10.0,49.0,8.0,2.0,22.0,12.0,5.0,108.0,1.0,4.0,12.0,20.0,,32.0,6.0,38.0,3.0,7.0,7.0,,11.0,,7.0,4.0,2.0,4.0,15.0,1.0,3.0,11.0,19.0,,2.0,1.0,10.0,,2.0,7.0,2.0,3.0,1.0,3.0,1.0,1.0,1.0,4.0,90.0,14.0,102.0,2.0,1.0,3.0,3.0,4.0,6.0,1.0,111.70431211498973,104.47154471544715,0.41379310344827586,0.41379310344827586,0.4264705882352941,,0.42857142857142855,0.4230769230769231,0.375,0.3,0.4386792452830189,0.375,0.3333333333333333,0.04411764705882353,0.08695652173913043,0.03571428571428571,21.684587813620073,0.7333333333333333,,0.12987012987012986,0.02857142857142857,0.1276595744680851,0.012658227848101266,0.12903225806451613,0.0228310502283105,,0.05263157894736842,,0.015384615384615385,,0.07692307692307693,0.17142857142857143,0.125,0.13414634146341464,0.08333333333333333,0.05263157894736842,0.22115384615384615,0.5652173913043478,0.6190476190476191,0.38461538461538464,0.2692307692307692,0.32142857142857145,0.3333333333333333,0.6666666666666666,0.16346153846153846,0.4117647058823529,0.4117647058823529,0.14285714285714285,0.25,,,0.25,0.4,0.5673076923076923,0.4831830097087379,0.5725666666666667,0.457445,0.02857142857142857,0.043478260869565216,0.0425531914893617,0.14893617021276595,8.698529411764707,0.2222222222222222,0.2777777777777778,0.2,0.20944558521560575,player_totals,wnba,2026,Regular Season,/get-totals/wnba,"{""Season"": ""2026"", ""SeasonType"": ""Regular Season"", ""Type"": ""Player""}",20260602T225839Z,2026-06-02T22:58:42+00:00,e9c359e558da908faa9bb0cbda145dbf434a15461f3d6bf0987ecfa367ba5925,1.0,5.0,3.0,9.0,31.0,1.0,2.0,,3.0,10.0,36.0,1.0,3.0,,6.0,30.0,,31.0,9.0,,1.0,,2.0,2.0,,5.0,1.0,0.2777777777777778,0.3333333333333333,,0.2777777777777778,0.34615384615384615,,,0.5,0.04807692307692308,0.2,0.2,1.0,0.2980769230769231,0.2903225806451613,0.2903225806451613,1.0,0.5,0.5,1.0,0.15,0.15,,0.2903225806451613,,25.458333333333332,0.43478260869565216,1.0,,0.07142857142857142,,1.0,,,1.0,0.25,,,,,,,,,,,,,,,"[""single_row_table_data"", ""multi_row_table_data""]",{}
1643449,1611661323,Charlisse Leger-Walker,Charlisse Leger-Walker,1643449,CON,6370.8,10,106.0,-86.0,423,428,96.0,139.0,63,851,9.0,16.0,,1.0,2.0,3.0,5.0,21.0,3.0,5.0,17.0,42.0,17.0,75.0,476.0,1.0,5.0,5.0,7.0,4.0,9.0,7.0,21.0,16.0,18.0,,4.0,22.0,5.0,27.0,4.0,1.0,12.0,6.0,4.0,59.0,,2.0,9.0,7.0,,16.0,2.0,18.0,,8.0,5.0,3.0,13.0,2.0,9.0,3.0,,4.0,16.0,1.0,2.0,8.0,24.0,,1.0,,18.0,3.0,1.0,25.0,2.0,9.0,3.0,,1.0,1.0,,1.0,68.0,21.0,96.0,4.0,2.0,,12.0,4.0,4.0,,92.19858156028369,111.21495327102804,0.47058823529411764,0.47058823529411764,0.40476190476190477,0.2,0.4444444444444444,0.43283582089552236,0.1,0.5,0.4807692307692308,0.2916666666666667,0.5833333333333334,0.09523809523809523,,0.19047619047619047,18.8,0.8125,,0.07608695652173914,0.015267175572519083,0.12162162162162163,,0.0963855421686747,0.009174311926605505,,0.03225806451612903,,,,0.07692307692307693,0.10204081632653061,,0.10869565217391304,0.14285714285714285,,0.23880597014925373,0.5625,0.5625,0.6666666666666666,0.31343283582089554,0.23809523809523808,0.29411764705882354,,0.07462686567164178,0.6,0.6,0.6666666666666666,0.1,,,0.21428571428571427,0.6666666666666666,0.6119402985074627,0.49163787878787873,0.56373,0.5043464285714286,0.13333333333333333,0.1836734693877551,0.09333333333333334,0.28,6.559523809523809,0.14285714285714285,0.375,,0.22695035460992907,player_totals,wnba,2026,Regular Season,/get-totals/wnba,"{""Season"": ""2026"", ""SeasonType"": ""Regular Season"", ""Type"": ""Player""}",20260602T225839Z,2026-06-02T22:58:42+00:00,72eb7f9a9f6df2393ff5d8c3dfa41f367e5601382c2d3dc02f28d6e99ec90879,1.0,3.0,1.0,7.0,22.0,,5.0,2.0,4.0,8.0,25.0,,5.0,2.0,5.0,21.0,3.0,22.0,7.0,,1.0,1.0,,,1.0,,0.875,0.32,,0.4,0.32,0.373134328358209,,,,0.04477611940298507,0.3333333333333333,0.3333333333333333,1.0,0.3283582089552239,0.3181818181818182,0.3181818181818182,0.8571428571428571,0.5,,,0.07142857142857142,0.2857142857142857,0.5,0.3181818181818182,0.038461538461538464,25.6,0.0625,,,,,,,,,,,,,,,,,,,,,,,,"[""single_row_table_data"", ""multi_row_table_data""]",{}
1643426,1611661324,Olivia Miles,Olivia Miles,1643426,MIN,6330.6,9,106.0,109.0,555,564,103.0,130.0,66,1119,38.0,56.0,5.0,6.0,7.0,12.0,7.0,14.0,2.0,11.0,47.0,81.0,42.0,142.0,518.0,5.0,6.0,3.0,13.0,8.0,15.0,14.0,33.0,14.0,80.0,,6.0,40.0,16.0,56.0,13.0,3.0,30.0,4.0,6.0,128.0,1.0,3.0,20.0,20.0,1.0,41.0,4.0,45.0,2.0,15.0,9.0,6.0,17.0,9.0,13.0,13.0,1.0,4.0,30.0,1.0,7.0,11.0,26.0,,,1.0,43.0,,3.0,46.0,6.0,22.0,4.0,5.0,,,2.0,5.0,129.0,32.0,101.0,1.0,3.0,,6.0,14.0,14.0,,112.97297297297298,91.84397163120568,0.14893617021276595,0.14893617021276595,0.5802469135802469,0.8333333333333334,0.5333333333333333,0.5050505050505051,0.625,0.4523809523809524,0.5966386554621849,0.65,0.5892857142857143,0.07407407407407407,0.08928571428571429,0.07142857142857142,23.613312202852615,0.5666666666666667,0.05263157894736842,0.12903225806451613,0.02142857142857143,0.14492753623188406,0.011627906976744186,0.13651877133105803,0.017699115044247787,0.03508771929824561,,0.022222222222222223,0.015625,,0.17073170731707318,0.09615384615384616,0.047619047619047616,0.12745098039215685,0.19444444444444445,0.04878048780487805,0.5656565656565656,0.6785714285714286,0.7450980392156863,0.13157894736842105,0.1414141414141414,0.5,0.5384615384615384,0.2857142857142857,0.1111111111111111,0.18181818181818182,0.18181818181818182,,0.75,0.8333333333333334,0.2,0.5714285714285714,0.5833333333333334,0.7474747474747475,0.5546994897959184,0.5994,0.5676857142857143,0.19130434782608696,0.2268041237113402,0.09154929577464789,0.2323943661971831,4.965432098765432,0.5,0.14285714285714285,0.5555555555555556,0.18558558558558558,player_totals,wnba,2026,Regular Season,/get-totals/wnba,"{""Season"": ""2026"", ""SeasonType"": ""Regular Season"", ""Type"": ""Player""}",20260602T225839Z,2026-06-02T22:58:42+00:00,bcdaaed8f1036fe05df2012df482b17342253cc41a1080eccf9a45994168ac40,,,,2.0,18.0,,2.0,1.0,6.0,2.0,18.0,,2.0,1.0,6.0,3.0,3.0,18.0,2.0,1.0,1.0,,3.0,2.0,,1.0,0.5,0.1111111111111111,,0.16666666666666666,0.1111111111111111,0.18181818181818182,0.05555555555555555,,0.4,,,,,0.18181818181818182,0.1111111111111111,0.11764705882352941,0.5,0.25,,,,0.2857142857142857,0.16666666666666666,0.1111111111111111,,25.88888888888889,0.23076923076923078,,,,1.0,,,,,,,0.05555555555555555,,,,,,,,,,,,,"[""single_row_table_data"", ""multi_row_table_data""]",{}
1642782,1611661327,Sarah Ashlee Barker,Sarah Ashlee Barker,1642782,PDX,6296.799999999999,10,105.0,38.0,426,424,126.0,155.0,47,850,16.0,30.0,3.0,5.0,5.0,8.0,10.0,19.0,,,26.0,49.0,11.0,102.0,426.0,4.0,6.0,,20.0,7.0,13.0,4.0,30.0,28.0,24.0,2.0,5.0,12.0,6.0,18.0,3.0,3.0,7.0,3.0,2.0,42.0,5.0,6.0,22.0,8.0,5.0,35.0,11.0,46.0,1.0,9.0,5.0,4.0,12.0,2.0,10.0,7.0,1.0,2.0,19.0,6.0,4.0,6.0,24.0,,1.0,,20.0,3.0,4.0,15.0,3.0,8.0,1.0,1.0,1.0,,1.0,2.0,82.0,30.0,123.0,6.0,1.0,3.0,9.0,6.0,11.0,,108.92018779342723,100.47169811320754,0.5384615384615384,0.56,0.5306122448979592,0.6666666666666666,0.5384615384615384,0.5986842105263158,0.9090909090909091,0.5652173913043478,0.6219512195121951,0.9090909090909091,0.6,0.10204081632653061,0.13333333333333333,0.05263157894736842,21.12970711297071,0.631578947368421,0.3125,0.09302325581395349,0.06593406593406594,0.2268041237113402,0.06666666666666667,0.16393442622950818,0.06626506024096386,0.08333333333333333,0.058823529411764705,,0.06896551724137931,0.058823529411764705,0.07894736842105263,0.08333333333333333,0.16666666666666666,0.2564102564102564,0.10526315789473684,0.03333333333333333,0.39473684210526316,0.5333333333333333,0.6153846153846154,0.5625,0.25,0.5263157894736842,0.5555555555555556,0.5,,,,,0.45454545454545453,0.6,0.6666666666666666,0.34782608695652173,0.625,0.75,0.51603,0.52881875,0.4886568181818182,0.09876543209876543,0.14814814814814814,0.19607843137254902,0.29411764705882354,4.3795918367346935,0.14285714285714285,0.25,,0.29577464788732394,player_totals,wnba,2026,Regular Season,/get-totals/wnba,"{""Season"": ""2026"", ""SeasonType"": ""Regular Season"", ""Type"": ""Player""}",20260602T225839Z,2026-06-02T22:58:42+00:00,bc874b28d331e966b14ffe4de2533edafa9ec9d11b23c631ac05af0f1bdf3742,7.0,9.0,3.0,6.0,18.0,1.0,2.0,3.0,7.0,13.0,27.0,4.0,5.0,4.0,10.0,33.0,6.0,18.0,6.0,,,,,1.0,,,0.8461538461538461,0.48148148148148145,0.8,0.4,0.48148148148148145,0.35526315789473684,,,0.5,0.11842105263157894,0.7777777777777778,0.7777777777777778,0.7142857142857143,0.23684210526315788,0.3333333333333333,0.3333333333333333,1.0,0.18181818181818182,0.5,1.0,0.13043478260869565,0.30434782608695654,0.42857142857142855,0.3333333333333333,,25.3962962962963,0.23076923076923078,,1.0,,2.0,,1.0,,3.0,0.2727272727272727,,,1.0,0.3333333333333333,,,,3.0,1.0,0.6666666666666666,,,,,"[""single_row_table_data"", ""multi_row_table_data""]",{}
1629567,1611661328,Natisha Hiedeman,Natisha Hiedeman,1629567,SEA,6185.1,10,103.0,-42.0,508,518,152.0,110.0,59,1026,10.0,18.0,,,2.0,4.0,16.0,31.0,5.0,13.0,31.0,62.0,23.0,133.0,550.0,,2.0,,9.0,6.0,21.0,3.0,24.0,18.0,44.0,,4.0,23.0,16.0,39.0,12.0,4.0,13.0,7.0,3.0,94.0,,,8.0,11.0,,19.0,,19.0,,5.0,4.0,1.0,13.0,1.0,8.0,7.0,1.0,5.0,20.0,1.0,4.0,11.0,23.0,,,1.0,17.0,1.0,2.0,25.0,2.0,9.0,2.0,1.0,,,,1.0,124.0,24.0,151.0,2.0,2.0,,6.0,9.0,5.0,1.0,100.0,106.17760617760618,0.2903225806451613,0.2903225806451613,0.5,,0.2857142857142857,0.4954954954954955,0.4090909090909091,0.2916666666666667,0.5413223140495868,0.4090909090909091,0.3157894736842105,0.06451612903225806,0.1111111111111111,0.06451612903225806,24.479166666666668,0.65,,0.07096774193548387,,0.07272727272727272,,0.07169811320754717,,,,,,,0.044444444444444446,0.0875,0.06666666666666667,0.05813953488372093,0.125,,0.16216216216216217,0.5555555555555556,0.625,0.3,0.27927927927927926,0.5161290322580645,0.5517241379310345,0.3125,0.11711711711711711,0.38461538461538464,0.38461538461538464,0.2,,,,0.1111111111111111,0.5,0.6036036036036037,0.46429819819819823,0.49439444444444447,0.42717777777777777,0.08403361344537816,0.13043478260869565,0.06766917293233082,0.18045112781954886,8.275806451612903,0.625,0.2,0.42857142857142855,0.2992125984251969,player_totals,wnba,2026,Regular Season,/get-totals/wnba,"{""Season"": ""2026"", ""SeasonType"": ""Regular Season"", ""Type"": ""Player""}",20260602T225839Z,2026-06-02T22:58:42+00:00,1ca81f10101be00dab1297b8fbec1c96ab50f8696a54a2ff38c3c98dbaa6086f,3.0,6.0,3.0,13.0,43.0,3.0,8.0,2.0,12.0,16.0,49.0,3.0,9.0,3.0,15.0,39.0,9.0,43.0,13.0,1.0,3.0,1.0,1.0,,,,0.8125,0.32653061224489793,0.3333333333333333,0.2,0.32653061224489793,0.44144144144144143,0.02040816326530612,,,0.05405405405405406,0.5,0.5,1.0,0.38738738738738737,0.3023255813953488,0.30952380952380953,0.7692307692307693,0.7272727272727273,0.375,1.0,0.08333333333333333,0.3333333333333333,0.16666666666666666,0.3023255813953488,0.02,25.406122448979595,0.21875,,,,,2.0,,,1.0,0.09090909090909091,,0.023255813953488372,1.0,0.3333333333333333,,,,,,,,,,,"[""single_row_table_data"", ""multi_row_table_data""]",{}
1628878,1611661320,Ariel Atkins,Ariel Atkins,1628878,LAS,6167.0,6,103.0,-20.0,328,332,96.0,73.0,40,660,3.0,5.0,1.0,1.0,1.0,2.0,5.0,12.0,5.0,10.0,13.0,27.0,12.0,56.0,373.0,4.0,5.0,,8.0,2.0,5.0,6.0,16.0,20.0,6.0,4.0,2.0,8.0,5.0,13.0,3.0,2.0,4.0,4.0,,31.0,2.0,3.0,5.0,5.0,1.0,11.0,5.0,16.0,1.0,12.0,10.0,2.0,9.0,2.0,7.0,5.0,1.0,2.0,14.0,,4.0,11.0,22.0,,,1.0,18.0,5.0,4.0,13.0,,4.0,2.0,4.0,,,1.0,4.0,48.0,16.0,96.0,2.0,2.0,,8.0,11.0,8.0,13.0,107.6219512195122,112.34939759036145,0.7692307692307693,0.9090909090909091,0.48148148148148145,0.8,0.4,0.44,0.8,0.4166666666666667,0.5,0.8,0.5333333333333333,0.07407407407407407,,0.16666666666666666,18.666666666666668,0.6428571428571429,0.1,0.07142857142857142,0.037037037037037035,0.07352941176470588,0.03076923076923077,0.07246376811594203,0.03424657534246575,0.03125,0.025,0.1111111111111111,0.038461538461538464,,0.04,0.13333333333333333,,0.08771929824561403,,0.03571428571428571,0.1,0.6,0.6,0.6666666666666666,0.24,0.4166666666666667,0.5,0.8,0.2,0.5,0.5,0.8,0.2,1.0,,0.16666666666666666,0.5,0.56,0.464488,0.47038,0.4867458333333334,0.07407407407407407,0.12903225806451613,0.14285714285714285,0.2857142857142857,10.992592592592594,,0.14285714285714285,,0.2926829268292683,player_totals,wnba,2026,Regular Season,/get-totals/wnba,"{""Season"": ""2026"", ""SeasonType"": ""Regular Season"", ""Type"": ""Player""}",20260602T225839Z,2026-06-02T22:58:42+00:00,3e12a3b134d7eb47d1b9e7687659ce2408a930dd5b230d7d4d2fdc9b8e789cd7,1.0,5.0,1.0,5.0,18.0,,,2.0,6.0,6.0,23.0,,,2.0,7.0,18.0,,18.0,5.0,1.0,,,3.0,2.0,,,1.0,0.2608695652173913,,0.2857142857142857,0.2608695652173913,0.46,0.043478260869565216,,0.5,0.1,0.2,0.2,1.0,0.36,0.2777777777777778,0.29411764705882354,1.0,,,,0.08333333333333333,0.5,0.3333333333333333,0.2777777777777778,,24.782608695652176,0.23529411764705882,,,,,1.0,,,,,,0.05555555555555555,,,,,,,,,,,,,"[""single_row_table_data"", ""multi_row_table_data""]",{}
1642307,1611661328,Mackenzie Holmes,Mackenzie Holmes,1642307,SEA,5760.5,10,96.0,-34.0,307,305,92.0,76.0,42,612,9.0,15.0,1.0,3.0,3.0,4.0,4.0,8.0,1.0,2.0,14.0,25.0,9.0,49.0,319.0,1.0,4.0,2.0,4.0,3.0,6.0,4.0,13.0,24.0,4.0,,2.0,3.0,5.0,8.0,3.0,2.0,1.0,2.0,,21.0,5.0,10.0,11.0,19.0,3.0,33.0,15.0,48.0,1.0,9.0,8.0,1.0,4.0,2.0,2.0,5.0,,2.0,9.0,,2.0,12.0,25.0,,3.0,2.0,16.0,2.0,1.0,11.0,1.0,4.0,2.0,4.0,,,3.0,4.0,45.0,13.0,92.0,1.0,2.0,,9.0,-3.0,3.0,,92.83387622149837,104.59016393442623,0.8571428571428571,0.8571428571428571,0.56,0.25,0.5,0.6451612903225806,0.25,0.5625,0.6805555555555556,0.4,0.5909090909090909,0.08,0.13333333333333333,,12.67605633802817,0.4444444444444444,0.25,0.21839080459770116,0.10869565217391304,0.19642857142857142,0.078125,0.2097902097902098,0.09615384615384616,,0.13333333333333333,0.19047619047619047,0.08888888888888889,0.05263157894736842,0.10714285714285714,0.3333333333333333,0.07142857142857142,0.2127659574468085,0.1111111111111111,0.1,0.4838709677419355,0.6,0.6923076923076923,0.8888888888888888,0.25806451612903225,0.5,0.5,0.75,0.06451612903225806,0.5,0.5,1.0,0.75,0.3333333333333333,,0.5,0.75,0.6774193548387096,0.4981693548387097,0.520825,0.49605625,0.11764705882352941,0.14285714285714285,0.08163265306122448,0.2653061224489796,5.312,0.3333333333333333,0.3333333333333333,1.0,0.2996742671009772,player_totals,wnba,2026,Regular Season,/get-totals/wnba,"{""Season"": ""2026"", ""SeasonType"": ""Regular Season"", ""Type"": ""Player""}",20260602T225839Z,2026-06-02T22:58:42+00:00,0cd0958c3eae4e15bfa53adbe25f71bee2c4be59248d3cb1be7a5580c2b22786,2.0,3.0,,2.0,3.0,,,1.0,2.0,4.0,6.0,,,1.0,2.0,12.0,,3.0,2.0,,1.0,,1.0,2.0,2.0,,1.0,0.6666666666666666,,0.5,0.6666666666666666,0.1935483870967742,,,0.5,0.0967741935483871,0.6666666666666666,0.6666666666666666,1.0,0.0967741935483871,0.6666666666666666,0.6666666666666666,1.0,,,,,0.25,0.5,0.6666666666666666,,23.916666666666668,,,,,,,,,,,,,,,,,,,,,,,,,"[""single_row_table_data"", ""multi_row_table_data""]",{}
1642286,1611661325,Caitlin Clark,Caitlin Clark,1642286,IND,5733.3,7,96.0,24.0,431,427,142.0,128.0,60,858,16.0,24.0,2.0,3.0,3.0,7.0,6.0,16.0,2.0,13.0,24.0,53.0,39.0,141.0,460.0,3.0,6.0,,12.0,5.0,15.0,20.0,42.0,16.0,32.0,2.0,10.0,45.0,10.0,55.0,9.0,1.0,36.0,7.0,2.0,120.0,1.0,1.0,10.0,14.0,2.0,26.0,2.0,28.0,1.0,9.0,9.0,,19.0,4.0,15.0,13.0,,4.0,32.0,1.0,11.0,14.0,26.0,,,4.0,44.0,,1.0,41.0,3.0,10.0,8.0,6.0,,,,6.0,129.0,42.0,141.0,1.0,8.0,3.0,9.0,7.0,19.0,5.0,112.2969837587007,107.72833723653397,0.3333333333333333,0.34782608695652173,0.4528301886792453,0.5,0.3333333333333333,0.4766355140186916,0.5454545454545454,0.36666666666666664,0.5645161290322581,0.5454545454545454,0.525,0.18867924528301888,0.20833333333333334,0.1875,31.2,0.59375,0.2,0.12962962962962962,0.009615384615384616,0.15384615384615385,0.010526315789473684,0.13872832369942195,0.010050251256281407,,0.029411764705882353,,0.014492753623188406,,0.09523809523809523,0.12244897959183673,0.23529411764705882,0.13725490196078433,0.21428571428571427,0.01818181818181818,0.22429906542056074,0.6666666666666666,0.8421052631578947,0.3125,0.14953271028037382,0.375,0.46153846153846156,0.5,0.12149532710280374,0.15384615384615385,0.18181818181818182,,0.2727272727272727,0.6666666666666666,1.0,0.23333333333333334,0.42857142857142855,0.7289719626168224,0.49528207547169806,0.5078055555555555,0.48527833333333337,0.10344827586206896,0.16666666666666666,0.0851063829787234,0.2978723404255319,7.815094339622641,0.625,0.4,0.2727272727272727,0.3294663573085847,player_totals,wnba,2026,Regular Season,/get-totals/wnba,"{""Season"": ""2026"", ""SeasonType"": ""Regular Season"", ""Type"": ""Player""}",20260602T225839Z,2026-06-02T22:58:42+00:00,37d1db5490056113059eaf550bf97523b2fd28bd35fbdee73352c030886b342c,,2.0,,18.0,52.0,2.0,4.0,4.0,15.0,18.0,54.0,2.0,5.0,4.0,15.0,42.0,12.0,52.0,18.0,,,2.0,6.0,3.0,2.0,1.0,0.7777777777777778,0.3333333333333333,0.4,0.26666666666666666,0.3333333333333333,0.5046728971962616,,,0.5,0.018691588785046728,,,,0.48598130841121495,0.34615384615384615,0.34615384615384615,0.7777777777777778,0.36363636363636365,0.5,0.5,,0.5,0.26666666666666666,0.34615384615384615,0.03571428571428571,27.366666666666667,0.3055555555555556,,1.0,,1.0,1.0,,0.15384615384615385,1.0,0.09090909090909091,,,,,,,,,,,,,,,"[""single_row_table_data"", ""multi_row_table_data""]",{}
1643420,1611661332,Laura Juskaite,Laura Juskaite,1643420,TOR,5702.5,9,95.0,40.0,370,369,77.0,91.0,39,739,8.0,15.0,3.0,4.0,3.0,4.0,5.0,8.0,,,13.0,23.0,12.0,71.0,409.0,3.0,5.0,3.0,12.0,4.0,5.0,6.0,20.0,18.0,8.0,4.0,3.0,4.0,7.0,11.0,3.0,4.0,4.0,,,29.0,6.0,1.0,10.0,10.0,5.0,25.0,7.0,32.0,,9.0,5.0,4.0,8.0,,2.0,5.0,,6.0,13.0,,2.0,12.0,36.0,,5.0,3.0,13.0,1.0,2.0,14.0,2.0,5.0,3.0,,1.0,,,1.0,59.0,20.0,75.0,2.0,2.0,,18.0,13.0,24.0,5.0,121.35135135135134,110.84010840108401,0.6923076923076923,0.8181818181818182,0.5652173913043478,0.6,0.8,0.6276595744680851,0.5625,0.7777777777777778,0.6698113207547169,0.6,0.8333333333333334,0.13043478260869565,0.13333333333333333,0.125,15.714285714285714,0.6153846153846154,0.35714285714285715,0.13157894736842105,0.013513513513513514,0.14492753623188406,0.06521739130434782,0.13793103448275862,0.04216867469879518,,,0.07142857142857142,0.05555555555555555,0.1,0.12903225806451613,0.125,0.15384615384615385,0.15555555555555556,0.125,,0.3191489361702128,0.5333333333333333,0.6153846153846154,0.5,0.1702127659574468,0.625,0.7142857142857143,1.0,,,,,0.5,0.75,,0.4444444444444444,0.75,0.8297872340425532,0.5433861702127659,0.51735,0.53195,0.1,0.19230769230769232,0.16901408450704225,0.28169014084507044,3.9086956521739133,0.42857142857142855,,,0.20810810810810812,player_totals,wnba,2026,Regular Season,/get-totals/wnba,"{""Season"": ""2026"", ""SeasonType"": ""Regular Season"", ""Type"": ""Player""}",20260602T225839Z,2026-06-02T22:58:42+00:00,99b8edf422a37c91ed8ee10b859577958ab764e65e32a3a79c68d3ae718adc40,6.0,8.0,2.0,5.0,16.0,1.0,3.0,,2.0,11.0,24.0,1.0,3.0,2.0,4.0,30.0,3.0,16.0,5.0,1.0,2.0,,,1.0,,1.0,0.9090909090909091,0.4583333333333333,0.3333333333333333,0.5,0.4583333333333333,0.5106382978723404,0.041666666666666664,,1.0,0.1702127659574468,0.75,0.75,1.0,0.3404255319148936,0.3125,0.3333333333333333,0.8,0.375,0.3333333333333333,,0.2222222222222222,0.2222222222222222,,0.3125,,24.183333333333334,0.38461538461538464,,,,,,1.0,,,,1.0,0.0625,2.0,1.0,,,,,,,,,,,"[""single_row_table_data"", ""multi_row_table_data""]",{}
203833,1611661319,Chelsea Gray,Chelsea Gray,203833,LVA,5512.0,8,92.0,23.0,512,519,126.0,107.0,70,1031,3.0,5.0,,,,,10.0,22.0,5.0,13.0,18.0,40.0,7.0,85.0,566.0,2.0,3.0,2.0,21.0,8.0,14.0,4.0,20.0,20.0,16.0,,,41.0,13.0,54.0,11.0,2.0,21.0,18.0,2.0,121.0,,1.0,11.0,15.0,2.0,28.0,1.0,29.0,1.0,7.0,4.0,3.0,17.0,7.0,11.0,11.0,1.0,6.0,28.0,1.0,8.0,10.0,16.0,,1.0,1.0,10.0,,5.0,7.0,,1.0,1.0,7.0,,,4.0,7.0,64.0,20.0,126.0,,,,11.0,3.0,4.0,,115.0390625,109.05587668593448,0.5555555555555556,0.5555555555555556,0.45,0.6666666666666666,0.5714285714285714,0.527027027027027,1.1875,0.4,0.5526315789473685,1.25,0.45454545454545453,,,,17.65704584040747,0.6071428571428571,0.125,0.08928571428571429,0.006993006993006993,0.1111111111111111,,0.09737827715355805,0.004405286343612335,,0.013513513513513514,,,,0.07142857142857142,0.0625,0.1875,0.10975609756097561,0.11764705882352941,0.023809523809523808,0.06756756756756757,0.6,0.6,0.6666666666666666,0.2972972972972973,0.45454545454545453,0.45454545454545453,0.4,0.17567567567567569,0.38461538461538464,0.38461538461538464,0.8,,,,,,0.527027027027027,0.45207364864864863,0.48000833333333337,0.371265,0.013333333333333334,0.024390243902439025,0.24705882352941178,0.23529411764705882,10.7825,,0.5,0.375,0.24609375,player_totals,wnba,2026,Regular Season,/get-totals/wnba,"{""Season"": ""2026"", ""SeasonType"": ""Regular Season"", ""Type"": ""Player""}",20260602T225839Z,2026-06-02T22:58:42+00:00,6d023dbeb45c09e6dfd45584679906ed0549f90f73c6324e195f09d479836fe4,1.0,1.0,,13.0,33.0,5.0,5.0,,6.0,14.0,34.0,5.0,5.0,,6.0,42.0,,33.0,13.0,,,,1.0,4.0,,,1.0,0.4117647058823529,1.0,,0.4117647058823529,0.4594594594594595,,,0.5714285714285714,0.013513513513513514,1.0,1.0,1.0,0.44594594594594594,0.3939393939393939,0.3939393939393939,1.0,0.625,1.0,1.0,,0.3,,0.3939393939393939,,25.558823529411764,0.4,,1.0,,1.0,1.0,,,,,,,,,2.0,,,,,,,,,,"[""single_row_table_data"", ""multi_row_table_data""]",{}
1642292,1611661329,Jacy Sheldon,Jacy Sheldon,1642292,CHI,5499.0,8,92.0,3.0,410,411,79.0,83.0,51,821,12.0,17.0,,,3.0,4.0,2.0,6.0,,1.0,14.0,24.0,10.0,59.0,423.0,,,,3.0,4.0,5.0,5.0,16.0,20.0,8.0,,3.0,14.0,3.0,17.0,2.0,1.0,6.0,4.0,4.0,37.0,1.0,,5.0,8.0,,13.0,1.0,14.0,,10.0,8.0,2.0,3.0,,3.0,3.0,1.0,,6.0,1.0,,11.0,25.0,1.0,,,16.0,,2.0,10.0,3.0,5.0,1.0,4.0,,,3.0,4.0,56.0,16.0,79.0,3.0,1.0,4.0,15.0,19.0,5.0,,103.90243902439025,102.91970802919707,0.7142857142857143,0.7142857142857143,0.5833333333333334,,0.8,0.5,0.75,0.55,0.5576923076923077,0.75,0.6666666666666666,0.125,0.11764705882352941,0.16666666666666666,12.446351931330472,0.5,,0.06451612903225806,,0.06172839506172839,0.014705882352941176,0.06341463414634146,0.005128205128205128,,,,0.018867924528301886,,0.04878048780487805,0.07272727272727272,0.07142857142857142,0.08064516129032258,,,0.3469387755102041,0.7058823529411765,0.8,0.6666666666666666,0.12244897959183673,0.3333333333333333,0.4,1.0,0.02040816326530612,,,,,,,0.4,0.75,0.8571428571428571,0.5280316326530613,0.402,0.483,0.09803921568627451,0.19230769230769232,0.05084745762711865,0.2711864406779661,4.654166666666667,0.2,0.25,,0.1926829268292683,player_totals,wnba,2026,Regular Season,/get-totals/wnba,"{""Season"": ""2026"", ""SeasonType"": ""Regular Season"", ""Type"": ""Player""}",20260602T225839Z,2026-06-02T22:58:42+00:00,7aebc71722963e881dc85c37f30c5e2f60f2d88d6d6744fdac462a8b3b083d6d,2.0,6.0,2.0,5.0,19.0,1.0,1.0,,3.0,7.0,25.0,1.0,2.0,1.0,5.0,21.0,,19.0,5.0,2.0,1.0,,1.0,4.0,,,1.0,0.28,0.5,0.2,0.28,0.5102040816326531,0.08,0.16666666666666666,1.0,0.12244897959183673,0.3333333333333333,0.4,1.0,0.3877551020408163,0.2631578947368421,0.2777777777777778,1.0,0.5,1.0,1.0,0.2,0.3,,0.2631578947368421,,24.12,0.47058823529411764,,,,1.0,1.0,,,1.0,0.5,,0.05263157894736842,1.0,0.5,,,,,,,,,,,"[""single_row_table_data"", ""multi_row_table_data""]",{}
204329,1611661331,Kiah Stokes,Kiah Stokes,204329,GSV,5261.299999999999,8,88.0,5.0,338,340,63.0,63.0,47,678,6.0,11.0,1.0,1.0,1.0,2.0,3.0,7.0,,3.0,9.0,21.0,3.0,27.0,337.0,1.0,2.0,,5.0,1.0,3.0,2.0,4.0,16.0,2.0,2.0,4.0,5.0,7.0,12.0,6.0,1.0,1.0,3.0,1.0,31.0,4.0,3.0,13.0,19.0,1.0,33.0,7.0,40.0,,6.0,5.0,1.0,2.0,,2.0,1.0,1.0,,3.0,,1.0,16.0,24.0,,1.0,,6.0,,,6.0,,1.0,2.0,13.0,1.0,1.0,4.0,14.0,22.0,4.0,63.0,1.0,2.0,2.0,-1.0,5.0,3.0,,101.18343195266273,99.11764705882354,0.8888888888888888,1.0,0.42857142857142855,0.5,0.3333333333333333,0.4,0.625,0.25,0.4090909090909091,0.625,0.3333333333333333,0.19047619047619047,0.2727272727272727,0.14285714285714285,9.137055837563452,0.6666666666666666,0.14285714285714285,0.19,0.028037383177570093,0.17567567567567569,0.0449438202247191,0.1839080459770115,0.03571428571428571,0.029411764705882353,0.04,,0.043478260869565216,0.05,0.2,0.16326530612244897,0.23809523809523808,0.2,0.10526315789473684,,0.36666666666666664,0.5454545454545454,0.75,0.8333333333333334,0.23333333333333334,0.42857142857142855,0.5,1.0,0.1,,,,0.25,1.0,,0.5,0.5,0.6666666666666666,0.493425,0.5188333333333334,0.4021875,0.03225806451612903,0.045454545454545456,0.18518518518518517,0.14814814814814814,6.023809523809524,0.6,0.25,0.3333333333333333,0.1863905325443787,player_totals,wnba,2026,Regular Season,/get-totals/wnba,"{""Season"": ""2026"", ""SeasonType"": ""Regular Season"", ""Type"": ""Player""}",20260602T225839Z,2026-06-02T22:58:42+00:00,0c873422dbe2b958a693c010e6550eb28f5041121c5f0f840068e46472aed710,1.0,5.0,1.0,1.0,4.0,,1.0,,,2.0,9.0,1.0,2.0,,1.0,6.0,,4.0,1.0,,,,9.0,9.0,1.0,2.0,1.0,0.2222222222222222,0.5,,0.2222222222222222,0.3,,,0.6428571428571429,0.16666666666666666,0.2,0.2,1.0,0.13333333333333333,0.25,0.25,1.0,0.25,,,0.25,,,0.25,,23.522222222222222,0.16666666666666666,,,,,,,,1.0,0.25,,,,,,,,1.0,1.0,1.0,,,,,"[""single_row_table_data"", ""multi_row_table_data""]",{}
203866,1611661331,Kayla Thornton,Kayla Thornton,203866,GSV,5195.9,8,87.0,32.0,396,400,69.0,85.0,54,796,10.0,17.0,1.0,4.0,2.0,2.0,2.0,9.0,1.0,6.0,13.0,32.0,8.0,70.0,392.0,1.0,5.0,3.0,8.0,2.0,3.0,3.0,10.0,20.0,6.0,2.0,6.0,1.0,3.0,4.0,1.0,2.0,1.0,,,11.0,4.0,6.0,11.0,14.0,4.0,29.0,10.0,39.0,3.0,7.0,5.0,2.0,3.0,1.0,1.0,4.0,1.0,2.0,7.0,,2.0,8.0,21.0,,2.0,2.0,10.0,3.0,2.0,9.0,1.0,3.0,1.0,3.0,,,2.0,3.0,62.0,10.0,69.0,3.0,1.0,,2.0,4.0,,,107.07070707070707,98.0,0.7692307692307693,0.8333333333333334,0.40625,0.2,0.6666666666666666,0.4696969696969697,0.35714285714285715,0.5,0.5,0.4375,0.625,0.1875,0.23529411764705882,0.2222222222222222,16.45021645021645,0.42857142857142855,0.4,0.125,0.048,0.13580246913580246,0.038834951456310676,0.12953367875647667,0.043859649122807015,0.07692307692307693,0.014925373134328358,0.10526315789473684,0.039473684210526314,0.037037037037037035,0.07692307692307693,0.12,0.21739130434782608,0.13333333333333333,0.14285714285714285,0.08823529411764706,0.25757575757575757,0.5882352941176471,0.7692307692307693,0.8,0.13636363636363635,0.2222222222222222,0.2857142857142857,0.5,0.09090909090909091,0.16666666666666666,0.16666666666666666,1.0,0.5714285714285714,0.25,,0.2857142857142857,1.0,0.7727272727272727,0.5326575757575758,0.5716,0.5189428571428572,0.04411764705882353,0.08823529411764706,0.11428571428571428,0.14285714285714285,6.6375,0.2857142857142857,0.5714285714285714,,0.17424242424242425,player_totals,wnba,2026,Regular Season,/get-totals/wnba,"{""Season"": ""2026"", ""SeasonType"": ""Regular Season"", ""Type"": ""Player""}",20260602T225839Z,2026-06-02T22:58:42+00:00,4981781480cd14b0d608639c510da137661eb4ee3d554a5409223bec6058c0b1,5.0,13.0,,7.0,21.0,,,1.0,4.0,12.0,34.0,1.0,2.0,1.0,4.0,36.0,,21.0,7.0,1.0,,,1.0,2.0,3.0,,1.0,0.35294117647058826,0.5,0.25,0.35294117647058826,0.5151515151515151,0.029411764705882353,0.07692307692307693,0.6666666666666666,0.19696969696969696,0.38461538461538464,0.4166666666666667,1.0,0.3181818181818182,0.3333333333333333,0.3333333333333333,1.0,,,,,0.5714285714285714,0.25,0.3333333333333333,,24.523529411764706,0.36363636363636365,,,,1.0,2.0,,,2.0,0.2857142857142857,,,,,,,,1.0,0.5,1.0,,,,,"[""single_row_table_data"", ""multi_row_table_data""]",{}
1631009,1611661330,Rhyne Howard,Rhyne Howard,1631009,ATL,5026.3,6,84.0,36.0,409,412,86.0,34.0,60,821,6.0,9.0,1.0,1.0,2.0,3.0,6.0,17.0,,4.0,12.0,30.0,21.0,99.0,410.0,2.0,4.0,4.0,14.0,3.0,6.0,5.0,26.0,6.0,18.0,2.0,,15.0,10.0,25.0,9.0,1.0,9.0,5.0,1.0,60.0,2.0,4.0,10.0,8.0,,18.0,7.0,25.0,2.0,16.0,14.0,2.0,4.0,,2.0,6.0,,2.0,10.0,1.0,1.0,6.0,17.0,,2.0,2.0,16.0,,1.0,25.0,2.0,10.0,1.0,5.0,,,1.0,5.0,85.0,26.0,84.0,,1.0,4.0,-1.0,24.0,8.0,,109.04645476772616,99.51456310679612,0.25,0.2727272727272727,0.4,0.5,0.5,0.5131578947368421,0.5,0.65625,0.5705882352941176,0.5833333333333334,0.7222222222222222,,,,19.4672131147541,0.4,,0.0784313725490196,0.04081632653061224,0.1111111111111111,0.019417475728155338,0.09375,0.029850746268656716,0.019230769230769232,0.07894736842105263,,0.011764705882352941,0.05555555555555555,0.10256410256410256,0.07692307692307693,0.041666666666666664,0.08064516129032258,0.17857142857142858,0.043478260869565216,0.11842105263157894,0.6666666666666666,0.6666666666666666,0.16666666666666666,0.2236842105263158,0.35294117647058826,0.35294117647058826,0.3333333333333333,0.05263157894736842,,,,0.1,1.0,,0.1875,0.6666666666666666,0.7236842105263158,0.488356,0.52016875,0.46010333333333336,0.11904761904761904,0.2631578947368421,0.1414141414141414,0.26262626262626265,7.943333333333333,,0.45454545454545453,0.5,0.21026894865525672,player_totals,wnba,2026,Regular Season,/get-totals/wnba,"{""Season"": ""2026"", ""SeasonType"": ""Regular Season"", ""Type"": ""Player""}",20260602T225839Z,2026-06-02T22:58:42+00:00,306d8df60cda8c4a6b8223dbef8f1b222abebdc482ac89114ffd4e2cfeac85de,,2.0,,18.0,44.0,2.0,6.0,5.0,10.0,18.0,46.0,2.0,6.0,5.0,10.0,48.0,6.0,44.0,18.0,,2.0,,4.0,2.0,-1.0,,0.8888888888888888,0.391304347826087,0.3333333333333333,0.5,0.391304347826087,0.6052631578947368,,,0.4,0.02631578947368421,,,,0.5789473684210527,0.4090909090909091,0.4090909090909091,0.8888888888888888,0.6,0.3333333333333333,1.0,,0.625,0.5,0.4090909090909091,,25.22608695652174,0.32142857142857145,1.0,2.0,0.08333333333333333,1.0,5.0,,,,,,,,,,,,,,,,,,,"[""single_row_table_data"", ""multi_row_table_data""]",{}
1642785,1611661322,Sonia Citron,Sonia Citron,1642785,WAS,5007.900000000001,7,83.0,15.0,456,460,129.0,156.0,50,916,17.0,20.0,1.0,2.0,6.0,8.0,13.0,25.0,1.0,1.0,31.0,46.0,38.0,124.0,477.0,2.0,4.0,5.0,9.0,11.0,18.0,26.0,54.0,34.0,28.0,2.0,1.0,15.0,5.0,20.0,3.0,2.0,9.0,5.0,1.0,45.0,3.0,3.0,9.0,7.0,1.0,17.0,7.0,24.0,2.0,10.0,6.0,4.0,8.0,1.0,2.0,10.0,5.0,6.0,18.0,,3.0,4.0,13.0,,,1.0,42.0,2.0,4.0,45.0,3.0,12.0,10.0,4.0,,,,4.0,115.0,54.0,128.0,4.0,10.0,,5.0,7.0,,,107.89473684210527,103.69565217391305,0.5483870967741935,0.5666666666666667,0.6739130434782609,0.5,0.6111111111111112,0.5972222222222222,0.2857142857142857,0.5384615384615384,0.6703296703296703,0.5,0.65,0.021739130434782608,,0.04,21.124031007751938,0.4444444444444444,0.07142857142857142,0.05426356589147287,0.02727272727272727,0.09183673469387756,0.03896103896103896,0.07048458149779736,0.03208556149732621,0.023255813953488372,0.01694915254237288,0.125,0.047619047619047616,,0.06818181818181818,0.047619047619047616,0.045454545454545456,0.10526315789473684,0.045454545454545456,0.06451612903225806,0.2777777777777778,0.85,0.85,0.5294117647058824,0.3472222222222222,0.52,0.5416666666666666,0.6153846153846154,0.013888888888888888,1.0,1.0,,0.2857142857142857,0.5,1.0,0.3076923076923077,0.75,0.6388888888888888,0.49870694444444447,0.58504,0.4795596153846154,0.14814814814814814,0.21818181818181817,0.07258064516129033,0.43548387096774194,6.0978260869565215,1.0,0.6666666666666666,,0.28289473684210525,player_totals,wnba,2026,Regular Season,/get-totals/wnba,"{""Season"": ""2026"", ""SeasonType"": ""Regular Season"", ""Type"": ""Player""}",20260602T225839Z,2026-06-02T22:58:42+00:00,d238b2125ed7da532e810d32b057e7e6dad6e95bd373a6dd006639d4631bbadb,2.0,6.0,1.0,6.0,20.0,,2.0,2.0,7.0,8.0,26.0,,3.0,2.0,8.0,21.0,3.0,20.0,6.0,1.0,1.0,,4.0,1.0,,,0.875,0.3076923076923077,,0.25,0.3076923076923077,0.3611111111111111,0.038461538461538464,0.16666666666666666,0.25,0.08333333333333333,0.3333333333333333,0.4,1.0,0.2777777777777778,0.3,0.3,0.8333333333333334,0.2857142857142857,,,0.038461538461538464,0.2692307692307692,0.2857142857142857,0.3,,24.85,0.2222222222222222,1.0,,0.07692307692307693,,3.0,,,1.0,0.14285714285714285,,,,,,,,,,,,,,,"[""single_row_table_data"", ""multi_row_table_data""]",{}
1642290,1611661323,Aaliyah Edwards,Aaliyah Edwards,1642290,CON,4856.4,6,81.0,-57.0,213,219,30.0,39.0,26,432,12.0,17.0,4.0,6.0,2.0,3.0,3.0,11.0,6.0,11.0,21.0,39.0,6.0,48.0,243.0,5.0,9.0,1.0,11.0,2.0,6.0,1.0,5.0,26.0,16.0,8.0,5.0,3.0,2.0,5.0,2.0,,2.0,1.0,,12.0,2.0,6.0,2.0,10.0,2.0,14.0,9.0,23.0,1.0,7.0,5.0,2.0,6.0,1.0,4.0,6.0,2.0,2.0,12.0,,1.0,5.0,13.0,,3.0,2.0,21.0,2.0,3.0,9.0,1.0,3.0,2.0,3.0,,,1.0,3.0,37.0,5.0,30.0,2.0,1.0,,5.0,14.0,2.0,,87.32394366197184,110.95890410958904,0.6190476190476191,0.7647058823529411,0.5384615384615384,0.5555555555555556,0.3333333333333333,0.5,0.5,0.3333333333333333,0.5217391304347826,0.55,0.35714285714285715,0.1282051282051282,0.11764705882352941,0.2727272727272727,23.6734693877551,0.5,0.25,0.19230769230769232,0.09523809523809523,0.047619047619047616,0.04878048780487805,0.1276595744680851,0.07692307692307693,0.09090909090909091,0.10344827586206896,0.08333333333333333,0.03125,0.1111111111111111,0.125,0.22580645161290322,0.2,0.07142857142857142,,0.0625,0.40476190476190477,0.7058823529411765,0.8,0.5833333333333334,0.2619047619047619,0.2727272727272727,0.375,,0.2619047619047619,0.5454545454545454,0.5454545454545454,1.0,0.6,0.6666666666666666,,0.5,0.6666666666666666,0.47619047619047616,0.47028095238095236,0.51895,0.47718333333333335,0.06818181818181818,0.07317073170731707,0.22916666666666666,0.10416666666666667,7.9512820512820515,0.6,0.375,,0.14084507042253522,player_totals,wnba,2026,Regular Season,/get-totals/wnba,"{""Season"": ""2026"", ""SeasonType"": ""Regular Season"", ""Type"": ""Player""}",20260602T225839Z,2026-06-02T22:58:42+00:00,f1e939d314fe00ef696e6feacb09d6c65b88b86824ca9bf7cdd06360bad8b6b1,,,,,3.0,,1.0,,,,3.0,,1.0,,,,,3.0,,,,,2.0,1.0,,,,,,,,0.07142857142857142,,,0.3333333333333333,,,,,0.07142857142857142,,,,0.1,,,,,,,,24.233333333333334,0.3333333333333333,1.0,1.0,0.2,1.0,,,,,,,,,,,,,,,,,,,,"[""single_row_table_data"", ""multi_row_table_data""]",{}
1628909,1611661325,Kelsey Mitchell,Kelsey Mitchell,1628909,IND,4796.7,8,80.0,34.0,507,516,169.0,179.0,70,1023,31.0,52.0,7.0,9.0,10.0,15.0,5.0,14.0,6.0,15.0,42.0,81.0,36.0,165.0,546.0,9.0,11.0,5.0,29.0,14.0,26.0,17.0,57.0,56.0,28.0,2.0,9.0,10.0,10.0,20.0,8.0,2.0,7.0,3.0,,50.0,2.0,3.0,,2.0,,2.0,5.0,7.0,2.0,5.0,1.0,4.0,6.0,2.0,4.0,7.0,2.0,2.0,13.0,,1.0,10.0,22.0,1.0,1.0,1.0,36.0,1.0,3.0,43.0,2.0,12.0,8.0,,,,,,136.0,55.0,168.0,3.0,7.0,,14.0,12.0,5.0,,114.39842209072978,105.81395348837209,0.6666666666666666,0.6829268292682927,0.5185185185185185,0.8181818181818182,0.5384615384615384,0.516,0.7058823529411765,0.5,0.5694444444444444,0.725,0.57,0.1111111111111111,0.1346153846153846,0.14285714285714285,26.6553480475382,0.46153846153846156,,0.015503875968992248,0.024,,0.019230769230769232,0.009569377990430622,0.021834061135371178,0.030303030303030304,,0.043478260869565216,0.024691358024691357,,0.02,0.01694915254237288,,,,0.03508771929824561,0.416,0.5961538461538461,0.6888888888888889,0.6774193548387096,0.112,0.35714285714285715,0.4166666666666667,0.8,0.12,0.4,0.4,0.5,0.5294117647058824,0.7777777777777778,0.8571428571428571,0.375,0.6666666666666666,0.768,0.5342072,0.5486636363636364,0.49545500000000003,0.08888888888888889,0.13186813186813187,0.17575757575757575,0.34545454545454546,5.937037037037037,0.3333333333333333,0.2222222222222222,0.5,0.3333333333333333,player_totals,wnba,2026,Regular Season,/get-totals/wnba,"{""Season"": ""2026"", ""SeasonType"": ""Regular Season"", ""Type"": ""Player""}",20260602T225839Z,2026-06-02T22:58:42+00:00,9d05645f6935f6741ae69b05f48a81bb6906e37b18c20a3ead5ad976e8eea4a9,1.0,7.0,1.0,14.0,37.0,1.0,5.0,4.0,13.0,15.0,44.0,2.0,6.0,4.0,14.0,36.0,9.0,37.0,14.0,,,1.0,,,,,0.8,0.3409090909090909,0.3333333333333333,0.2857142857142857,0.3409090909090909,0.352,,,,0.056,0.14285714285714285,0.14285714285714285,1.0,0.296,0.3783783783783784,0.3783783783783784,0.7857142857142857,0.29411764705882354,0.2,1.0,0.025,0.325,0.3076923076923077,0.3783783783783784,,25.136363636363637,0.25,,,,,1.0,,,1.0,0.058823529411764705,,,,,,,,1.0,1.0,1.0,,,,,"[""single_row_table_data"", ""multi_row_table_data""]",{}
1642809,1611661323,Saniya Rivers,Saniya Rivers,1642809,CON,4794.7,10,80.0,-88.0,488,488,134.0,192.0,81,976,9.0,23.0,,,3.0,7.0,3.0,12.0,9.0,25.0,21.0,60.0,12.0,60.0,559.0,3.0,6.0,2.0,11.0,5.0,13.0,5.0,21.0,20.0,22.0,,4.0,28.0,9.0,37.0,9.0,,18.0,6.0,4.0,83.0,2.0,2.0,10.0,6.0,,16.0,4.0,20.0,1.0,11.0,9.0,2.0,16.0,2.0,14.0,5.0,1.0,2.0,21.0,1.0,3.0,13.0,18.0,,,,14.0,1.0,1.0,18.0,1.0,6.0,2.0,6.0,,,1.0,6.0,49.0,21.0,132.0,2.0,2.0,,9.0,,3.0,,96.51639344262296,114.54918032786885,0.47619047619047616,0.47619047619047616,0.35,0.5,0.38461538461538464,0.2962962962962963,0.4090909090909091,0.34782608695652173,0.33707865168539325,0.4583333333333333,0.3888888888888889,0.06666666666666667,0.13043478260869565,0.08333333333333333,18.835616438356166,0.7619047619047619,,0.056074766355140186,0.012195121951219513,0.11627906976744186,0.023529411764705882,0.08290155440414508,0.01606425702811245,0.03076923076923077,,,0.014285714285714285,0.06666666666666667,0.09090909090909091,0.02127659574468085,0.0625,0.12307692307692308,0.09523809523809523,0.0196078431372549,0.2839506172839506,0.391304347826087,0.45,0.2222222222222222,0.14814814814814814,0.25,0.2727272727272727,0.6666666666666666,0.30864197530864196,0.36,0.36,0.6666666666666666,,,,0.30434782608695654,0.42857142857142855,0.5432098765432098,0.4878929487179487,0.42355,0.4927619047619048,0.08045977011494253,0.09230769230769231,0.18333333333333332,0.35,9.791666666666666,0.38461538461538464,0.4444444444444444,0.375,0.27459016393442626,player_totals,wnba,2026,Regular Season,/get-totals/wnba,"{""Season"": ""2026"", ""SeasonType"": ""Regular Season"", ""Type"": ""Player""}",20260602T225839Z,2026-06-02T22:58:42+00:00,e01f16f6ec90cb2cd8ebe9ab07b04a56eeacc5f88ed95042870cc51bf4c757a4,,7.0,3.0,2.0,14.0,1.0,4.0,2.0,7.0,2.0,21.0,1.0,5.0,2.0,10.0,6.0,,14.0,2.0,1.0,,1.0,4.0,3.0,,,1.0,0.09523809523809523,0.2,0.2,0.09523809523809523,0.25925925925925924,0.047619047619047616,0.14285714285714285,0.5,0.08641975308641975,,,,0.1728395061728395,0.14285714285714285,0.14285714285714285,1.0,0.36363636363636365,0.25,1.0,0.13043478260869565,0.30434782608695654,0.2857142857142857,0.14285714285714285,0.045454545454545456,27.40952380952381,0.5555555555555556,,1.0,,,,,,1.0,0.09090909090909091,,,,,1.0,,,,,,,,,,"[""single_row_table_data"", ""multi_row_table_data""]",{}
1642800,1611661323,Aneesah Morrow,Aneesah Morrow,1642800,CON,4741.9,10,79.0,-91.0,503,510,169.0,225.0,80,1013,25.0,44.0,9.0,15.0,8.0,14.0,6.0,22.0,6.0,11.0,37.0,77.0,16.0,120.0,564.0,13.0,22.0,5.0,40.0,10.0,24.0,5.0,37.0,38.0,36.0,18.0,8.0,7.0,5.0,12.0,3.0,2.0,6.0,,1.0,29.0,10.0,20.0,27.0,28.0,14.0,69.0,32.0,101.0,6.0,9.0,5.0,4.0,14.0,,8.0,9.0,2.0,6.0,23.0,2.0,7.0,6.0,24.0,,3.0,2.0,27.0,3.0,4.0,25.0,5.0,13.0,2.0,3.0,1.0,,2.0,4.0,80.0,37.0,167.0,5.0,2.0,,6.0,13.0,9.0,4.0,94.03578528827038,110.58823529411765,0.5135135135135135,0.6785714285714286,0.4805194805194805,0.5909090909090909,0.4166666666666667,0.46017699115044247,0.625,0.4444444444444444,0.4878048780487805,0.6666666666666666,0.4625,0.1038961038961039,0.09090909090909091,0.18181818181818182,24.414715719063544,0.6086956521739131,0.5,0.2641509433962264,0.12422360248447205,0.2647058823529412,0.10416666666666667,0.2644230769230769,0.11673151750972763,0.14035087719298245,0.11267605633802817,0.12121212121212122,0.07407407407407407,0.26666666666666666,0.20833333333333334,0.2826086956521739,0.4166666666666667,0.2839506172839506,0.19047619047619047,0.10909090909090909,0.3893805309734513,0.5681818181818182,0.625,0.52,0.19469026548672566,0.2727272727272727,0.3333333333333333,0.3333333333333333,0.09734513274336283,0.5454545454545454,0.5454545454545454,0.6666666666666666,0.5357142857142857,0.6,0.1111111111111111,0.3888888888888889,0.5714285714285714,0.7079646017699115,0.5161910714285715,0.5366739130434783,0.5107428571428572,0.10743801652892562,0.15294117647058825,0.3333333333333333,0.30833333333333335,5.51948051948052,0.4444444444444444,0.3125,0.2,0.3359840954274354,player_totals,wnba,2026,Regular Season,/get-totals/wnba,"{""Season"": ""2026"", ""SeasonType"": ""Regular Season"", ""Type"": ""Player""}",20260602T225839Z,2026-06-02T22:58:42+00:00,ec50cd1ecccdaf9ff2e6f1dc4521e3ffcfeaaf7f79631f97123e034040ce5fae,,,,10.0,36.0,3.0,6.0,4.0,12.0,10.0,36.0,3.0,6.0,4.0,12.0,27.0,3.0,36.0,10.0,1.0,3.0,,1.0,2.0,,2.0,0.9,0.2777777777777778,0.5,0.3333333333333333,0.2777777777777778,0.3185840707964602,0.027777777777777776,,0.5,,,,,0.3185840707964602,0.2777777777777778,0.2857142857142857,0.9,0.21428571428571427,0.5,1.0,,0.3333333333333333,0.3333333333333333,0.2777777777777778,,25.26388888888889,0.16666666666666666,2.0,,0.09090909090909091,,,1.0,,,,,0.027777777777777776,,,,,,,,,,,,,"[""single_row_table_data"", ""multi_row_table_data""]",{}
1631044,1611661330,Naz Hillmon,Naz Hillmon,1631044,ATL,4529.799999999999,7,75.0,41.0,441,436,108.0,47.0,67,877,18.0,27.0,5.0,5.0,4.0,6.0,3.0,4.0,1.0,1.0,22.0,32.0,5.0,61.0,434.0,5.0,5.0,1.0,11.0,5.0,7.0,1.0,17.0,32.0,12.0,10.0,6.0,6.0,4.0,10.0,3.0,1.0,2.0,3.0,1.0,24.0,6.0,6.0,11.0,12.0,1.0,24.0,13.0,37.0,,7.0,5.0,2.0,5.0,,5.0,5.0,1.0,,10.0,1.0,1.0,7.0,13.0,1.0,1.0,1.0,15.0,3.0,1.0,10.0,2.0,5.0,1.0,,,,,,50.0,17.0,107.0,,1.0,3.0,6.0,9.0,8.0,,107.70975056689342,99.54128440366972,0.7272727272727273,0.9411764705882353,0.6875,1.0,0.7142857142857143,0.4666666666666667,0.8333333333333334,0.5333333333333333,0.4765625,0.9166666666666666,0.53125,0.1875,0.2222222222222222,,14.149139579349903,0.5,0.08333333333333333,0.11009174311926606,0.05504587155963303,0.11956521739130435,0.05825242718446602,0.11442786069651742,0.05660377358490566,0.03333333333333333,0.075,0.1111111111111111,0.04819277108433735,0.1,0.125,0.06818181818181818,0.16,0.08571428571428572,0.22727272727272727,,0.45,0.6666666666666666,0.8571428571428571,0.6666666666666666,0.06666666666666667,0.75,0.75,1.0,0.016666666666666666,1.0,1.0,1.0,0.8333333333333334,1.0,,0.4,0.6666666666666666,0.9166666666666666,0.5585166666666667,0.5837666666666667,0.5384166666666667,0.07936507936507936,0.14285714285714285,0.18032786885245902,0.2786885245901639,3.015625,0.375,,,0.24489795918367346,player_totals,wnba,2026,Regular Season,/get-totals/wnba,"{""Season"": ""2026"", ""SeasonType"": ""Regular Season"", ""Type"": ""Player""}",20260602T225839Z,2026-06-02T22:58:42+00:00,ca95357ec17700bad84b31e9f0a50ad82af205340e92a55db788aba2e68b692f,2.0,12.0,5.0,2.0,16.0,,1.0,,3.0,4.0,28.0,,1.0,2.0,8.0,12.0,,16.0,2.0,2.0,1.0,,,,1.0,,1.0,0.14285714285714285,,0.25,0.14285714285714285,0.4666666666666667,0.07142857142857142,0.16666666666666666,,0.2,0.16666666666666666,0.2,1.0,0.26666666666666666,0.125,0.125,1.0,0.16666666666666666,,,0.3333333333333333,0.2,,0.125,,23.75,0.30434782608695654,1.0,1.0,0.05263157894736842,,,,,,,,,2.0,0.4,,,,,,,,,,,"[""single_row_table_data"", ""multi_row_table_data""]",{}
1628277,1611661330,Allisha Gray,Allisha Gray,1628277,ATL,4453.0,7,74.0,53.0,465,464,112.0,52.0,77,929,26.0,42.0,,,8.0,11.0,6.0,17.0,,4.0,32.0,63.0,31.0,143.0,466.0,,2.0,8.0,14.0,8.0,16.0,10.0,32.0,46.0,18.0,,6.0,6.0,3.0,9.0,3.0,,5.0,1.0,,21.0,,2.0,14.0,10.0,1.0,25.0,4.0,29.0,1.0,8.0,7.0,1.0,8.0,2.0,4.0,6.0,,4.0,14.0,2.0,3.0,7.0,15.0,1.0,1.0,,31.0,2.0,3.0,37.0,4.0,15.0,2.0,3.0,1.0,1.0,,4.0,129.0,30.0,110.0,1.0,1.0,,8.0,10.0,15.0,,111.61290322580645,100.43103448275863,0.71875,0.71875,0.5079365079365079,,0.5,0.5185185185185185,0.3,0.5,0.5813008130081301,0.5,0.5925925925925926,0.09523809523809523,0.11904761904761904,0.058823529411764705,24.551971326164875,0.5714285714285714,0.1111111111111111,0.08333333333333333,0.016666666666666666,0.13861386138613863,,0.1085972850678733,0.009174311926605505,0.014492753623188406,0.024390243902439025,,,,0.08888888888888889,,0.24,0.14864864864864866,0.1111111111111111,0.018867924528301886,0.3888888888888889,0.6190476190476191,0.7027027027027027,0.7307692307692307,0.1574074074074074,0.35294117647058826,0.375,0.6666666666666666,0.037037037037037035,,,,,,,0.5,0.7272727272727273,0.8055555555555556,0.5450064814814815,0.51244375,0.5239909090909091,0.1487603305785124,0.20270270270270271,0.0979020979020979,0.22377622377622378,4.596825396825397,0.5,0.2,0.5,0.24086021505376345,player_totals,wnba,2026,Regular Season,/get-totals/wnba,"{""Season"": ""2026"", ""SeasonType"": ""Regular Season"", ""Type"": ""Player""}",20260602T225839Z,2026-06-02T22:58:42+00:00,bfaed0de35f96d8c5b4efe076e975723060c6836cbae63f18edfe88b743a3d13,1.0,5.0,1.0,15.0,40.0,2.0,7.0,2.0,5.0,16.0,45.0,2.0,8.0,2.0,6.0,48.0,,40.0,15.0,,3.0,3.0,3.0,,,5.0,1.0,0.35555555555555557,0.25,0.3333333333333333,0.35555555555555557,0.4166666666666667,,,,0.046296296296296294,0.2,0.2,1.0,0.37037037037037035,0.375,0.375,1.0,0.7,0.2857142857142857,1.0,0.045454545454545456,0.22727272727272727,0.4,0.375,0.06382978723404255,24.69777777777778,0.3448275862068966,2.0,,0.1111111111111111,,,,,1.0,0.1,,,,,,,,,,,1.0,,,,"[""single_row_table_data"", ""multi_row_table_data""]",{}
203855,1611661319,Stephanie Talbot,Stephanie Talbot,203855,LVA,4451.0,8,74.0,-14.0,295,301,65.0,54.0,35,596,4.0,5.0,1.0,2.0,1.0,1.0,5.0,5.0,,1.0,9.0,11.0,5.0,29.0,316.0,2.0,3.0,,4.0,1.0,1.0,3.0,5.0,14.0,4.0,2.0,,6.0,7.0,13.0,5.0,2.0,2.0,4.0,,33.0,3.0,3.0,10.0,8.0,1.0,19.0,6.0,25.0,,5.0,3.0,2.0,4.0,1.0,3.0,2.0,,1.0,6.0,1.0,,6.0,12.0,,,1.0,9.0,,1.0,7.0,,,2.0,2.0,,,1.0,2.0,25.0,5.0,65.0,2.0,2.0,,7.0,2.0,7.0,1.0,102.3728813559322,104.98338870431894,0.7777777777777778,0.875,0.8181818181818182,0.6666666666666666,1.0,0.5,0.6666666666666666,0.3333333333333333,0.5370370370370371,0.6666666666666666,0.5,,,,9.880239520958085,0.6666666666666666,0.16666666666666666,0.08247422680412371,0.037037037037037035,0.18518518518518517,0.06,0.11920529801324503,0.04580152671755725,,0.061224489795918366,,0.05263157894736842,0.08333333333333333,0.06896551724137931,0.04081632653061224,0.21052631578947367,0.15217391304347827,0.375,,0.20833333333333334,0.8,0.8,0.75,0.20833333333333334,1.0,1.0,0.8,0.041666666666666664,,,,0.6666666666666666,0.5,1.0,0.3333333333333333,1.0,0.75,0.5390979166666666,0.5545,0.6013333333333334,0.04,,0.13793103448275862,0.1724137931034483,5.681818181818182,1.0,,,0.22033898305084745,player_totals,wnba,2026,Regular Season,/get-totals/wnba,"{""Season"": ""2026"", ""SeasonType"": ""Regular Season"", ""Type"": ""Player""}",20260602T225839Z,2026-06-02T22:58:42+00:00,8702ae8c953b783f225b583e77fea3c56abce65fa72108ad897833d412745a23,2.0,7.0,1.0,,6.0,,,,1.0,2.0,13.0,,,,2.0,6.0,,6.0,,1.0,,1.0,1.0,2.0,,,1.0,0.15384615384615385,,,0.15384615384615385,0.5416666666666666,0.07692307692307693,,1.0,0.2916666666666667,0.2857142857142857,0.2857142857142857,1.0,0.25,,,,,,,0.3333333333333333,0.3333333333333333,,,0.07142857142857142,23.9,0.45454545454545453,,,,1.0,,,,,,,0.16666666666666666,,,,,,,,,,,,,"[""single_row_table_data"", ""multi_row_table_data""]",{}
1627674,1611661317,Kahleah Copper,Kahleah Copper,1627674,PHX,4388.8,10,73.0,-61.0,653,661,170.0,134.0,79,1314,23.0,38.0,4.0,5.0,2.0,7.0,14.0,42.0,8.0,26.0,45.0,106.0,58.0,184.0,741.0,5.0,9.0,4.0,14.0,8.0,24.0,26.0,48.0,50.0,40.0,2.0,13.0,13.0,7.0,20.0,4.0,3.0,7.0,6.0,,47.0,1.0,1.0,12.0,11.0,,23.0,2.0,25.0,1.0,8.0,6.0,2.0,16.0,4.0,8.0,13.0,4.0,8.0,29.0,1.0,7.0,5.0,21.0,,1.0,2.0,59.0,4.0,5.0,72.0,5.0,21.0,10.0,1.0,,,1.0,1.0,170.0,46.0,168.0,,9.0,,7.0,7.0,,,104.13476263399693,112.10287443267775,0.5555555555555556,0.5681818181818182,0.42452830188679247,0.5555555555555556,0.3333333333333333,0.3727810650887574,0.3333333333333333,0.2682926829268293,0.45707070707070707,0.4117647058823529,0.41379310344827586,0.12264150943396226,0.07894736842105263,0.21428571428571427,30.551816958277257,0.5517241379310345,,0.07142857142857142,0.005714285714285714,0.09523809523809523,0.007407407407407408,0.08214285714285714,0.0064516129032258064,0.020833333333333332,,,0.009615384615384616,,0.08333333333333333,0.09333333333333334,,0.08823529411764706,0.125,0.010309278350515464,0.22485207100591717,0.6052631578947368,0.6571428571428571,0.5652173913043478,0.2485207100591716,0.3333333333333333,0.42424242424242425,0.5714285714285714,0.15384615384615385,0.3076923076923077,0.32,0.5,0.3333333333333333,0.8,0.75,0.17073170731707318,0.2857142857142857,0.5976331360946746,0.5119896449704142,0.5642888888888888,0.47679390243902436,0.1276595744680851,0.1721311475409836,0.07608695652173914,0.2608695652173913,7.965094339622641,0.26666666666666666,0.35714285714285715,0.35294117647058826,0.26033690658499237,player_totals,wnba,2026,Regular Season,/get-totals/wnba,"{""Season"": ""2026"", ""SeasonType"": ""Regular Season"", ""Type"": ""Player""}",20260602T225839Z,2026-06-02T22:58:42+00:00,ac7657f7a9c0b25de1ebfec5c7431bb05ae637615cb77db74e59192eb8eabce4,4.0,16.0,3.0,8.0,47.0,,5.0,2.0,14.0,12.0,63.0,,6.0,2.0,17.0,33.0,3.0,47.0,8.0,1.0,1.0,3.0,,1.0,,,0.9166666666666666,0.19047619047619047,,0.11764705882352941,0.19047619047619047,0.3727810650887574,0.015873015873015872,,1.0,0.09467455621301775,0.25,0.25,1.0,0.2781065088757396,0.1702127659574468,0.17391304347826086,0.875,0.3333333333333333,,,0.07317073170731707,0.34146341463414637,0.14285714285714285,0.1702127659574468,0.045454545454545456,24.744444444444447,0.23529411764705882,,,,,3.0,,0.038461538461538464,1.0,0.06666666666666667,,0.02127659574468085,,,,,,,,,,,,,"[""single_row_table_data"", ""multi_row_table_data""]",{}
1629568,1611661323,Kennedy Burke,Kennedy Burke,1629568,CON,4385.0,10,73.0,-67.0,493,493,155.0,190.0,72,986,10.0,22.0,3.0,7.0,3.0,8.0,4.0,11.0,4.0,9.0,18.0,42.0,13.0,76.0,521.0,3.0,9.0,1.0,13.0,5.0,14.0,8.0,24.0,24.0,12.0,4.0,5.0,14.0,8.0,22.0,5.0,3.0,8.0,5.0,1.0,52.0,3.0,6.0,13.0,12.0,4.0,29.0,9.0,38.0,3.0,12.0,9.0,3.0,9.0,2.0,7.0,12.0,2.0,2.0,21.0,,6.0,9.0,20.0,1.0,2.0,3.0,17.0,,2.0,22.0,2.0,10.0,1.0,11.0,,,5.0,11.0,63.0,23.0,153.0,4.0,,2.0,15.0,7.0,4.0,,92.08924949290062,105.67951318458418,0.6666666666666666,0.75,0.42857142857142855,0.3333333333333333,0.35714285714285715,0.4090909090909091,0.46153846153846156,0.36363636363636365,0.43023255813953487,0.4642857142857143,0.4107142857142857,0.11904761904761904,0.18181818181818182,0.09090909090909091,18.25938566552901,0.42857142857142855,0.19047619047619047,0.09917355371900827,0.03508771929824561,0.1566265060240964,0.037037037037037035,0.12254901960784313,0.03571428571428571,0.05555555555555555,0.03571428571428571,,0.043478260869565216,,0.14285714285714285,0.06779661016949153,0.1,0.1724137931034483,0.12,0.06666666666666667,0.2857142857142857,0.45454545454545453,0.5555555555555556,0.6,0.14285714285714285,0.36363636363636365,0.4,0.75,0.11688311688311688,0.4444444444444444,0.4444444444444444,0.75,0.5384615384615384,0.42857142857142855,,0.36363636363636365,0.375,0.7402597402597403,0.5043616883116884,0.5047,0.5045068181818182,0.11764705882352941,0.2,0.17105263157894737,0.3157894736842105,6.409523809523809,0.5,0.2857142857142857,0.4,0.3144016227180527,player_totals,wnba,2026,Regular Season,/get-totals/wnba,"{""Season"": ""2026"", ""SeasonType"": ""Regular Season"", ""Type"": ""Player""}",20260602T225839Z,2026-06-02T22:58:42+00:00,ab18d4360d744816d500c4f72bcd3a91212f9aa7fff6cecdae9bb76634d28c64,2.0,5.0,,7.0,30.0,2.0,4.0,2.0,8.0,9.0,35.0,2.0,4.0,2.0,8.0,27.0,,30.0,7.0,,2.0,,6.0,7.0,,1.0,1.0,0.2571428571428571,0.5,0.25,0.2571428571428571,0.45454545454545453,,,0.6363636363636364,0.06493506493506493,0.4,0.4,1.0,0.38961038961038963,0.23333333333333334,0.23333333333333334,1.0,0.3076923076923077,0.5,1.0,,0.36363636363636365,0.25,0.23333333333333334,,24.885714285714286,0.4230769230769231,,,,,2.0,,,,,,,,,,,,,,,,,,,"[""single_row_table_data"", ""multi_row_table_data""]",{}
1629482,1611661325,Sophie Cunningham,Sophie Cunningham,1629482,IND,4370.299999999999,8,73.0,9.0,397,403,130.0,148.0,48,800,13.0,16.0,1.0,1.0,4.0,5.0,1.0,2.0,1.0,2.0,15.0,20.0,18.0,78.0,426.0,1.0,2.0,4.0,12.0,4.0,5.0,12.0,29.0,24.0,6.0,,2.0,10.0,4.0,14.0,3.0,1.0,8.0,2.0,,32.0,2.0,,10.0,7.0,3.0,20.0,2.0,22.0,,6.0,6.0,,1.0,3.0,1.0,5.0,,,6.0,1.0,3.0,6.0,18.0,,2.0,2.0,22.0,4.0,2.0,21.0,3.0,6.0,6.0,1.0,,,,1.0,66.0,29.0,129.0,4.0,6.0,,6.0,12.0,2.0,,109.57178841309823,105.70719602977667,0.8,0.8,0.75,0.5,0.8,0.5555555555555556,0.4,0.7083333333333334,0.6190476190476191,0.5,0.8055555555555556,0.1,,0.5,15.265486725663719,0.16666666666666666,0.23076923076923078,0.06796116504854369,,0.15384615384615385,0.023529411764705882,0.10119047619047619,0.011560693641618497,,,,0.016129032258064516,0.043478260869565216,0.024390243902439025,0.0625,0.21428571428571427,0.15555555555555556,0.15,,0.2962962962962963,0.8125,0.8125,0.8461538461538461,0.037037037037037035,0.5,1.0,,0.037037037037037035,0.5,1.0,1.0,0.1,1.0,1.0,0.4166666666666667,0.8,0.9259259259259259,0.5344074074074074,0.50636,0.519275,0.10526315789473684,0.2608695652173913,0.15384615384615385,0.3717948717948718,4.2700000000000005,0.3333333333333333,,,0.327455919395466,player_totals,wnba,2026,Regular Season,/get-totals/wnba,"{""Season"": ""2026"", ""SeasonType"": ""Regular Season"", ""Type"": ""Player""}",20260602T225839Z,2026-06-02T22:58:42+00:00,e5d9c650a2d9018cba6116126db10edffc608c273a8985b4d7fa12468960810d,2.0,10.0,3.0,8.0,24.0,2.0,6.0,2.0,4.0,10.0,34.0,2.0,8.0,3.0,7.0,30.0,,24.0,8.0,3.0,,,1.0,,,,1.0,0.29411764705882354,0.25,0.42857142857142855,0.29411764705882354,0.6296296296296297,0.08823529411764706,0.1,,0.18518518518518517,0.2,0.2222222222222222,1.0,0.4444444444444444,0.3333333333333333,0.36363636363636365,1.0,0.6,0.3333333333333333,1.0,0.25,0.3333333333333333,0.5,0.3333333333333333,,24.99705882352941,0.391304347826087,,,,2.0,,,0.5,2.0,0.2,,0.08333333333333333,1.0,0.3333333333333333,,,,,,,,,,,"[""single_row_table_data"", ""multi_row_table_data""]",{}
1630097,1611661331,Kaila Charles,Kaila Charles,1630097,GSV,4358.5,8,73.0,35.0,327,334,77.0,84.0,49,661,7.0,13.0,3.0,4.0,,3.0,6.0,13.0,,2.0,13.0,28.0,8.0,55.0,340.0,3.0,5.0,1.0,7.0,1.0,5.0,5.0,10.0,8.0,18.0,6.0,3.0,6.0,3.0,9.0,2.0,1.0,3.0,3.0,,21.0,6.0,7.0,10.0,17.0,2.0,29.0,15.0,44.0,1.0,3.0,2.0,1.0,6.0,1.0,4.0,6.0,1.0,2.0,12.0,2.0,3.0,10.0,21.0,1.0,1.0,,12.0,3.0,2.0,10.0,2.0,4.0,2.0,1.0,,,1.0,1.0,48.0,10.0,77.0,2.0,2.0,,8.0,13.0,6.0,1.0,114.6788990825688,101.79640718562875,0.3076923076923077,0.4,0.4642857142857143,0.6,0.2,0.4519230769230769,0.375,0.25,0.49107142857142855,0.3888888888888889,0.38461538461538464,0.10714285714285714,0.07692307692307693,0.15384615384615385,17.571059431524546,0.5,0.18181818181818182,0.17525773195876287,0.06796116504854369,0.16129032258064516,0.07894736842105263,0.16981132075471697,0.07262569832402235,0.0625,0.058823529411764705,0.1,0.06896551724137931,0.1111111111111111,0.23684210526315788,0.13157894736842105,0.14285714285714285,0.1702127659574468,0.13333333333333333,0.03571428571428571,0.25,0.5384615384615384,0.5833333333333334,0.14285714285714285,0.25,0.46153846153846156,0.5454545454545454,0.5,0.038461538461538464,,,,0.5,0.75,,0.3,,0.7115384615384616,0.4924911764705882,0.5594333333333333,0.5401555555555555,0.07407407407407407,0.13333333333333333,0.12727272727272726,0.18181818181818182,6.021428571428571,,0.14285714285714285,0.5,0.23547400611620795,player_totals,wnba,2026,Regular Season,/get-totals/wnba,"{""Season"": ""2026"", ""SeasonType"": ""Regular Season"", ""Type"": ""Player""}",20260602T225839Z,2026-06-02T22:58:42+00:00,417ecb0f9c89b4d6616e0fc4e546d0578c8dc63118d182e9b7e88b271a103421,3.0,7.0,,4.0,17.0,,2.0,1.0,5.0,7.0,24.0,,3.0,1.0,5.0,21.0,,17.0,4.0,,2.0,,,,,,1.0,0.2916666666666667,,0.2,0.2916666666666667,0.46153846153846156,,,,0.1346153846153846,0.42857142857142855,0.42857142857142855,1.0,0.3269230769230769,0.23529411764705882,0.23529411764705882,1.0,0.25,,,,0.5,0.2,0.23529411764705882,,25.479166666666668,0.23529411764705882,2.0,,0.2857142857142857,,,,,1.0,0.125,,,,,,,,,,,,,,,"[""single_row_table_data"", ""multi_row_table_data""]",{}
1627673,1611661313,Jonquel Jones,Jonquel Jones,1627673,NYL,4275.6,9,71.0,37.0,515,508,148.0,114.0,53,1023,17.0,31.0,6.0,12.0,2.0,7.0,3.0,15.0,4.0,8.0,24.0,54.0,33.0,114.0,529.0,6.0,12.0,9.0,21.0,3.0,9.0,18.0,36.0,30.0,18.0,10.0,7.0,13.0,11.0,24.0,8.0,3.0,9.0,3.0,1.0,59.0,6.0,11.0,26.0,30.0,3.0,59.0,17.0,76.0,3.0,7.0,5.0,2.0,9.0,1.0,5.0,10.0,,4.0,19.0,2.0,2.0,5.0,28.0,2.0,1.0,7.0,30.0,5.0,,37.0,4.0,11.0,9.0,7.0,2.0,1.0,7.0,9.0,93.0,36.0,146.0,2.0,9.0,,12.0,2.0,6.0,6.0,109.90291262135922,104.13385826771653,0.625,0.7894736842105263,0.4444444444444444,0.5,0.3333333333333333,0.4550561797752809,0.46153846153846156,0.45,0.5428571428571428,0.5833333333333334,0.6,0.12962962962962962,0.16129032258064516,0.13333333333333333,21.34251290877797,0.47368421052631576,0.2727272727272727,0.22900763358778625,0.10679611650485436,0.20634920634920634,0.05217391304347826,0.2178988326848249,0.0779816513761468,0.15384615384615385,0.08,0.07142857142857142,0.04819277108433735,0.0625,0.3076923076923077,0.2,0.18518518518518517,0.1797752808988764,0.2702702702702703,0.06521739130434782,0.34831460674157305,0.5483870967741935,0.6538461538461539,0.6470588235294118,0.16853932584269662,0.2,0.23076923076923078,0.6666666666666666,0.0898876404494382,0.5,0.5,0.5,0.9230769230769231,0.5,0.16666666666666666,0.35,0.2857142857142857,0.7415730337078652,0.5026808988764044,0.5934666666666666,0.5118175,0.11458333333333333,0.18032786885245902,0.18421052631578946,0.3157894736842105,5.987037037037037,0.2857142857142857,0.25,,0.287378640776699,player_totals,wnba,2026,Regular Season,/get-totals/wnba,"{""Season"": ""2026"", ""SeasonType"": ""Regular Season"", ""Type"": ""Player""}",20260602T225839Z,2026-06-02T22:58:42+00:00,0d97a99324a63792c1b63e613ff248d760bf03df20505db6ebf0030292836e9f,4.0,6.0,3.0,7.0,29.0,,1.0,2.0,8.0,11.0,35.0,,1.0,4.0,11.0,33.0,,29.0,7.0,1.0,,,,5.0,2.0,8.0,1.0,0.3142857142857143,,0.36363636363636365,0.3142857142857143,0.39325842696629215,0.02857142857142857,,0.5555555555555556,0.06741573033707865,0.6666666666666666,0.6666666666666666,1.0,0.3258426966292135,0.2413793103448276,0.25,1.0,0.07692307692307693,,,0.15,0.4,0.25,0.2413793103448276,,24.774285714285714,0.20833333333333334,,,,,,1.0,,,,2.0,0.034482758620689655,2.0,0.6666666666666666,,,,,,,,,,,"[""single_row_table_data"", ""multi_row_table_data""]",{}
1643447,1611661329,Gabriela Jaquez,Gabriela Jaquez,1643447,CHI,4205.9,6,70.0,11.0,340,352,61.0,74.0,42,692,9.0,20.0,,1.0,1.0,4.0,6.0,15.0,2.0,2.0,17.0,37.0,23.0,69.0,335.0,1.0,3.0,1.0,3.0,1.0,5.0,4.0,6.0,18.0,16.0,2.0,3.0,7.0,,7.0,,,5.0,2.0,,14.0,3.0,1.0,8.0,18.0,1.0,27.0,5.0,32.0,,7.0,7.0,,4.0,,1.0,3.0,1.0,3.0,7.0,1.0,1.0,4.0,16.0,,1.0,2.0,19.0,1.0,1.0,26.0,1.0,10.0,2.0,,,,,,66.0,6.0,61.0,1.0,2.0,,5.0,6.0,-6.0,,101.76470588235294,95.17045454545455,0.5294117647058824,0.5625,0.4594594594594595,0.3333333333333333,0.2,0.46938775510204084,0.3333333333333333,0.2,0.5666666666666667,0.5,0.42857142857142855,0.08108108108108109,0.1,0.06666666666666667,17.4025974025974,0.5714285714285714,0.1111111111111111,0.15384615384615385,0.009900990099009901,0.12903225806451613,0.05,0.1452513966480447,0.024844720496894408,,0.023809523809523808,,0.06,,0.24324324324324326,0.05555555555555555,0.23076923076923078,0.1276595744680851,0.13333333333333333,,0.40816326530612246,0.45,0.5,0.6666666666666666,0.30612244897959184,0.4,0.42857142857142855,0.3333333333333333,0.04081632653061224,1.0,1.0,0.5,0.3333333333333333,,,0.8,0.25,0.6530612244897959,0.5194030612244898,0.4167,0.5562199999999999,0.1724137931034483,0.21739130434782608,0.043478260869565216,0.08695652173913043,5.081081081081081,0.18181818181818182,0.375,,0.17941176470588235,player_totals,wnba,2026,Regular Season,/get-totals/wnba,"{""Season"": ""2026"", ""SeasonType"": ""Regular Season"", ""Type"": ""Player""}",20260602T225839Z,2026-06-02T22:58:42+00:00,3d8d823d14ca545e559a502875abf76bf5470dd7192abaaaba09c73b5a4cd7e4,1.0,3.0,,3.0,9.0,,,,,4.0,12.0,,,,,12.0,,9.0,3.0,,,,,,,,1.0,0.3333333333333333,,,0.3333333333333333,0.24489795918367346,,,,0.061224489795918366,0.3333333333333333,0.3333333333333333,1.0,0.1836734693877551,0.3333333333333333,0.3333333333333333,1.0,,,,,,,0.3333333333333333,,24.266666666666666,0.125,1.0,,0.07692307692307693,,1.0,,,,,,,,,,,,,,,,,,,"[""single_row_table_data"", ""multi_row_table_data""]",{}
1631007,1611661331,Veronica Burton,Veronica Burton,1631007,GSV,4147.2,8,69.0,44.0,440,443,110.0,110.0,64,883,9.0,16.0,,1.0,,2.0,12.0,35.0,1.0,6.0,22.0,57.0,32.0,118.0,451.0,1.0,5.0,6.0,14.0,2.0,10.0,16.0,26.0,12.0,32.0,,5.0,19.0,27.0,46.0,22.0,5.0,8.0,9.0,2.0,119.0,4.0,4.0,4.0,14.0,,18.0,8.0,26.0,1.0,8.0,7.0,1.0,8.0,,6.0,5.0,1.0,2.0,13.0,,4.0,7.0,31.0,2.0,3.0,1.0,47.0,4.0,5.0,37.0,6.0,13.0,7.0,7.0,,,3.0,7.0,104.0,26.0,110.0,2.0,6.0,,3.0,5.0,7.0,5.0,112.49999999999999,101.80586907449211,0.2727272727272727,0.2727272727272727,0.38596491228070173,0.2,0.2,0.4725274725274725,0.36363636363636365,0.2631578947368421,0.5619047619047619,0.5,0.4642857142857143,0.08771929824561403,0.0625,0.11428571428571428,22.823984526112184,0.6153846153846154,,0.112,0.029850746268656716,0.047619047619047616,0.037037037037037035,0.0861244019138756,0.03305785123966942,,0.02857142857142857,0.1,0.04878048780487805,,0.21428571428571427,0.05357142857142857,0.07407407407407407,0.046875,0.05,0.020833333333333332,0.17582417582417584,0.5625,0.6,0.2222222222222222,0.38461538461538464,0.34285714285714286,0.3870967741935484,0.3333333333333333,0.06593406593406594,0.16666666666666666,0.16666666666666666,,0.09090909090909091,,,0.10526315789473684,,0.5494505494505495,0.4656325842696629,0.44211428571428574,0.4372176470588235,0.1326530612244898,0.203125,0.11864406779661017,0.22033898305084745,6.829824561403509,0.14285714285714285,0.2608695652173913,0.75,0.25,player_totals,wnba,2026,Regular Season,/get-totals/wnba,"{""Season"": ""2026"", ""SeasonType"": ""Regular Season"", ""Type"": ""Player""}",20260602T225839Z,2026-06-02T22:58:42+00:00,9b6bb4780af517c4ccb05ee9b601d800ece62136ab795473914e937ea3af52fd,4.0,6.0,,10.0,28.0,2.0,6.0,2.0,9.0,14.0,34.0,2.0,6.0,2.0,9.0,27.0,15.0,28.0,10.0,1.0,,,3.0,4.0,,,0.6428571428571429,0.4117647058823529,0.3333333333333333,0.2222222222222222,0.4117647058823529,0.37362637362637363,0.029411764705882353,,0.5714285714285714,0.06593406593406594,0.6666666666666666,0.6666666666666666,1.0,0.3076923076923077,0.35714285714285715,0.37037037037037035,0.5,0.5454545454545454,0.3333333333333333,0.5,,0.47368421052631576,0.2222222222222222,0.35714285714285715,,28.008823529411764,0.55,,1.0,,4.0,,,,,,1.0,0.03571428571428571,,,1.0,,,,,,,,,,"[""single_row_table_data"", ""multi_row_table_data""]",{}
1643505,1611661317,Jovana Nogic,Jovana Nogic,1643505,PHX,4123.5,10,69.0,16.0,431,436,132.0,92.0,55,867,4.0,13.0,,,,2.0,3.0,13.0,2.0,5.0,9.0,31.0,29.0,128.0,477.0,1.0,2.0,2.0,7.0,1.0,7.0,12.0,41.0,4.0,14.0,2.0,4.0,12.0,3.0,15.0,1.0,2.0,9.0,2.0,1.0,33.0,2.0,3.0,2.0,2.0,,4.0,6.0,10.0,1.0,6.0,4.0,2.0,10.0,2.0,9.0,9.0,1.0,1.0,19.0,1.0,2.0,10.0,27.0,,1.0,1.0,23.0,,3.0,32.0,1.0,10.0,3.0,,,,,,121.0,40.0,130.0,1.0,2.0,,9.0,12.0,16.0,2.0,114.38515081206498,109.40366972477064,0.2222222222222222,0.25,0.2903225806451613,0.5,0.14285714285714285,0.5892857142857143,0.625,0.6041666666666666,0.6443298969072165,0.7,0.6666666666666666,0.12903225806451613,0.15384615384615385,0.15384615384615385,23.625254582484725,0.5263157894736842,,0.018518518518518517,0.02631578947368421,0.024390243902439025,0.024691358024691357,0.021052631578947368,0.02564102564102564,0.03125,0.03278688524590164,,0.029850746268656716,,,0.04081632653061224,,0.015151515151515152,0.0625,0.023809523809523808,0.15476190476190477,0.3076923076923077,0.36363636363636365,0.25,0.15476190476190477,0.23076923076923078,0.2727272727272727,,0.05952380952380952,0.4,0.4,0.5,,,,0.08333333333333333,,0.7857142857142857,0.5104891566265061,0.3839,0.47096086956521743,0.11702127659574468,0.25,0.0546875,0.3203125,6.638709677419355,0.3333333333333333,0.4,,0.3062645011600928,player_totals,wnba,2026,Regular Season,/get-totals/wnba,"{""Season"": ""2026"", ""SeasonType"": ""Regular Season"", ""Type"": ""Player""}",20260602T225839Z,2026-06-02T22:58:42+00:00,075df2b0452d9ad7a18c2e887eea50fe0122277d7f75ba27010c193d6dcb50aa,3.0,4.0,1.0,24.0,49.0,1.0,2.0,8.0,16.0,27.0,53.0,1.0,2.0,9.0,17.0,60.0,21.0,49.0,24.0,1.0,4.0,1.0,,,,,0.7407407407407407,0.5094339622641509,0.5,0.5294117647058824,0.5094339622641509,0.6309523809523809,0.018867924528301886,,,0.047619047619047616,0.75,0.75,1.0,0.5833333333333334,0.4897959183673469,0.5,0.7083333333333334,0.5,0.5,1.0,0.041666666666666664,0.6666666666666666,0.5,0.4897959183673469,0.018518518518518517,26.149056603773587,0.36,1.0,1.0,0.08333333333333333,2.0,3.0,,,,,,0.02040816326530612,1.0,1.0,,,,,,,,,,,"[""single_row_table_data"", ""multi_row_table_data""]",{}
203398,1611661323,Brittney Griner,Brittney Griner,203398,CON,4044.0,4,67.0,-22.0,200,198,41.0,64.0,34,398,11.0,15.0,3.0,7.0,4.0,5.0,9.0,19.0,1.0,3.0,21.0,37.0,12.0,54.0,207.0,6.0,13.0,,12.0,5.0,9.0,5.0,15.0,34.0,8.0,4.0,1.0,6.0,1.0,7.0,1.0,,2.0,1.0,3.0,15.0,1.0,8.0,2.0,5.0,2.0,9.0,10.0,19.0,1.0,2.0,1.0,1.0,2.0,1.0,,6.0,,2.0,8.0,,3.0,4.0,10.0,,,4.0,21.0,1.0,,16.0,2.0,5.0,4.0,3.0,,,1.0,3.0,42.0,15.0,41.0,,2.0,,3.0,7.0,6.0,1.0,92.5,104.54545454545455,0.8095238095238095,0.8947368421052632,0.5675675675675675,0.46153846153846156,0.5555555555555556,0.5384615384615384,0.46153846153846156,0.5555555555555556,0.5869565217391305,0.46153846153846156,0.625,0.02702702702702703,0.06666666666666667,,22.78481012658228,0.25,0.2222222222222222,0.10204081632653061,0.11764705882352941,0.05555555555555555,0.027777777777777776,0.08235294117647059,0.08653846153846154,0.10526315789473684,0.1111111111111111,0.15384615384615385,0.030303030303030304,,0.05,0.18181818181818182,,0.06896551724137931,,0.058823529411764705,0.38461538461538464,0.7333333333333333,0.7857142857142857,0.8181818181818182,0.48717948717948717,0.47368421052631576,0.47368421052631576,0.7777777777777778,0.07692307692307693,0.3333333333333333,0.3333333333333333,1.0,0.5384615384615384,0.42857142857142855,0.3333333333333333,0.5555555555555556,0.8,0.4358974358974359,0.47657948717948717,0.5579916666666667,0.5147333333333334,0.11904761904761904,0.125,0.2222222222222222,0.2777777777777778,6.667567567567567,0.25,0.4,,0.205,player_totals,wnba,2026,Regular Season,/get-totals/wnba,"{""Season"": ""2026"", ""SeasonType"": ""Regular Season"", ""Type"": ""Player""}",20260602T225839Z,2026-06-02T22:58:42+00:00,23e68e79f84f80eb2b1078374f01c51264da52e0a02c78d03cdb0bdae5d8907a,,,,,2.0,,,,,,2.0,,,,,,,2.0,,,,,2.0,2.0,,1.0,,,,,,0.05128205128205128,,,0.6666666666666666,,,,,0.05128205128205128,,,,,,,,,,,,25.3,,1.0,,0.125,,,,,,,,,,,,,,,,,,,,,"[""single_row_table_data"", ""multi_row_table_data""]",{}
1631136,1611661313,Pauline Astier,Pauline Astier,1631136,NYL,3936.0,9,66.0,-8.0,457,455,125.0,103.0,42,912,22.0,29.0,2.0,2.0,6.0,6.0,8.0,15.0,3.0,6.0,33.0,50.0,18.0,108.0,488.0,4.0,6.0,,8.0,10.0,10.0,12.0,32.0,34.0,32.0,2.0,3.0,14.0,18.0,32.0,13.0,5.0,7.0,5.0,2.0,82.0,4.0,3.0,14.0,12.0,,26.0,7.0,33.0,,7.0,4.0,3.0,10.0,1.0,5.0,6.0,,5.0,16.0,1.0,7.0,10.0,31.0,,1.0,1.0,36.0,2.0,4.0,24.0,4.0,8.0,6.0,1.0,2.0,1.0,,3.0,100.0,30.0,124.0,2.0,5.0,,6.0,15.0,8.0,5.0,105.03282275711159,107.25274725274726,0.5151515151515151,0.53125,0.66,0.6666666666666666,1.0,0.6716417910447762,0.5714285714285714,0.7692307692307693,0.7012987012987013,0.5714285714285714,0.7619047619047619,0.06,0.06896551724137931,0.06666666666666667,18.379446640316207,0.625,,0.10619469026548672,0.03,0.1320754716981132,0.043478260869565216,0.1187214611872146,0.036458333333333336,,0.02040816326530612,0.14285714285714285,0.029411764705882353,0.08333333333333333,0.05405405405405406,0.09259259259259259,0.22727272727272727,0.11688311688311688,0.1724137931034483,,0.43283582089552236,0.7586206896551724,0.8148148148148148,0.45454545454545453,0.22388059701492538,0.5333333333333333,0.5714285714285714,0.5,0.08955223880597014,0.5,0.5,1.0,0.2857142857142857,1.0,,0.46153846153846156,1.0,0.6865671641791045,0.5073320895522389,0.40085,0.5094461538461539,0.11267605633802817,0.14814814814814814,0.07407407407407407,0.2962962962962963,5.818,0.14285714285714285,0.2857142857142857,,0.2735229759299781,player_totals,wnba,2026,Regular Season,/get-totals/wnba,"{""Season"": ""2026"", ""SeasonType"": ""Regular Season"", ""Type"": ""Player""}",20260602T225839Z,2026-06-02T22:58:42+00:00,9c26b9e8f0f5232b022c0cc9bf03de72ff13549587eded88115a62a196bebe6b,3.0,4.0,,5.0,13.0,,1.0,,3.0,8.0,17.0,,1.0,,3.0,24.0,,13.0,5.0,1.0,3.0,,1.0,2.0,,1.0,1.0,0.47058823529411764,,,0.47058823529411764,0.2537313432835821,0.058823529411764705,,0.6666666666666666,0.05970149253731343,0.75,0.75,1.0,0.19402985074626866,0.38461538461538464,0.4166666666666667,1.0,0.14285714285714285,,,,0.23076923076923078,,0.38461538461538464,,24.023529411764706,0.25,,,,,,1.0,,,,,0.07692307692307693,,,,5.0,,,,,,,,,"[""single_row_table_data"", ""multi_row_table_data""]",{}
204324,1611661320,Dearica Hamby,Dearica Hamby,204324,LAS,3897.2,8,65.0,-12.0,493,493,151.0,139.0,60,986,35.0,52.0,12.0,14.0,12.0,17.0,7.0,20.0,,,42.0,72.0,40.0,136.0,554.0,12.0,16.0,11.0,38.0,12.0,20.0,19.0,52.0,56.0,28.0,12.0,10.0,21.0,6.0,27.0,3.0,3.0,8.0,9.0,4.0,60.0,8.0,11.0,23.0,19.0,2.0,44.0,19.0,63.0,3.0,12.0,8.0,4.0,6.0,1.0,3.0,10.0,2.0,3.0,16.0,1.0,3.0,8.0,26.0,2.0,2.0,3.0,43.0,5.0,2.0,52.0,5.0,22.0,7.0,2.0,,,,2.0,98.0,52.0,149.0,3.0,7.0,2.0,-2.0,1.0,19.0,1.0,109.93914807302232,112.37322515212982,0.6666666666666666,0.7777777777777778,0.5833333333333334,0.75,0.6,0.5647058823529412,0.75,0.6111111111111112,0.6238532110091743,0.76,0.6666666666666666,0.1388888888888889,0.09615384615384616,0.25,22.142857142857146,0.375,0.16666666666666666,0.17117117117117117,0.10576923076923077,0.21495327102803738,0.08163265306122448,0.1926605504587156,0.09405940594059406,0.11764705882352941,0.10344827586206896,0.08333333333333333,0.1038961038961039,,0.18421052631578946,0.14545454545454545,0.2222222222222222,0.2,0.29411764705882354,0.10344827586206896,0.611764705882353,0.6730769230769231,0.7446808510638298,0.6285714285714286,0.23529411764705882,0.35,0.4666666666666667,0.8571428571428571,,,,,0.7777777777777778,0.8571428571428571,0.3333333333333333,0.6296296296296297,0.7058823529411765,0.7647058823529411,0.5582782352941177,0.5948722222222222,0.569274074074074,0.21568627450980393,0.24719101123595505,0.27941176470588236,0.38235294117647056,3.1041666666666665,0.35294117647058826,0.3076923076923077,,0.30628803245436104,player_totals,wnba,2026,Regular Season,/get-totals/wnba,"{""Season"": ""2026"", ""SeasonType"": ""Regular Season"", ""Type"": ""Player""}",20260602T225839Z,2026-06-02T22:58:42+00:00,8190bcadba1387c61b693ed65d52788b36a95b259b872fdc9f12273b865071d6,1.0,3.0,1.0,3.0,10.0,1.0,2.0,2.0,6.0,4.0,13.0,1.0,2.0,3.0,7.0,12.0,,10.0,3.0,,1.0,,2.0,,,,1.0,0.3076923076923077,0.5,0.42857142857142855,0.3076923076923077,0.15294117647058825,,,,0.03529411764705882,0.3333333333333333,0.3333333333333333,1.0,0.11764705882352941,0.3,0.3,1.0,0.1111111111111111,0.5,1.0,0.037037037037037035,0.2222222222222222,0.3333333333333333,0.3,,24.73846153846154,0.5555555555555556,,,,,,,,,,1.0,,1.0,1.0,,,,,,,,,,,"[""single_row_table_data"", ""multi_row_table_data""]",{}
203828,1611661328,Stefanie Dolson,Stefanie Dolson,203828,SEA,3661.8,10,61.0,-10.0,470,477,147.0,124.0,50,947,8.0,11.0,2.0,2.0,1.0,1.0,5.0,9.0,1.0,3.0,14.0,23.0,18.0,67.0,500.0,3.0,4.0,3.0,9.0,2.0,2.0,12.0,22.0,22.0,6.0,4.0,1.0,12.0,4.0,16.0,3.0,1.0,4.0,6.0,2.0,36.0,2.0,4.0,4.0,23.0,3.0,30.0,6.0,36.0,,5.0,4.0,1.0,3.0,1.0,3.0,9.0,,,12.0,,1.0,17.0,34.0,,3.0,7.0,28.0,4.0,1.0,20.0,,5.0,5.0,11.0,1.0,1.0,8.0,12.0,58.0,22.0,145.0,1.0,4.0,1.0,10.0,3.0,2.0,6.0,104.25531914893617,104.8218029350105,0.7857142857142857,0.9166666666666666,0.6086956521739131,0.75,1.0,0.5833333333333334,0.6,0.625,0.6442307692307693,0.6428571428571429,0.7857142857142857,0.043478260869565216,,0.1111111111111111,12.144212523719165,0.25,0.25,0.17164179104477612,0.03225806451612903,0.0392156862745098,0.022727272727272728,0.11440677966101695,0.02830188679245283,0.05128205128205128,0.03636363636363636,,0.014705882352941176,0.05,0.25,0.16393442622950818,0.06896551724137931,0.04819277108433735,,,0.2619047619047619,0.7272727272727273,0.7272727272727273,0.75,0.21428571428571427,0.5555555555555556,0.625,1.0,0.07142857142857142,0.3333333333333333,0.3333333333333333,,0.4,1.0,,0.125,1.0,0.7142857142857143,0.5049571428571429,0.478725,0.49775,0.10638297872340426,0.17857142857142858,0.13432835820895522,0.3283582089552239,5.92608695652174,,0.5,0.5,0.3127659574468085,player_totals,wnba,2026,Regular Season,/get-totals/wnba,"{""Season"": ""2026"", ""SeasonType"": ""Regular Season"", ""Type"": ""Player""}",20260602T225839Z,2026-06-02T22:58:42+00:00,bb028903b5621ff9d2ed52653ea4b5a61d00d958f00445e8db5ce159ac673135,,1.0,,7.0,18.0,,1.0,2.0,6.0,7.0,19.0,,1.0,2.0,6.0,21.0,,18.0,7.0,,,,3.0,5.0,,2.0,1.0,0.3684210526315789,,0.3333333333333333,0.3684210526315789,0.4523809523809524,,,0.4166666666666667,0.023809523809523808,,,,0.42857142857142855,0.3888888888888889,0.3888888888888889,1.0,0.2,,,,0.75,0.3333333333333333,0.3888888888888889,,25.178947368421053,,,,,,,,,,,,,,,,,,,,,,,,,"[""single_row_table_data"", ""multi_row_table_data""]",{}
1630442,1611661317,Natasha Mack,Natasha Mack,1630442,PHX,3573.8999999999996,10,60.0,2.0,481,481,116.0,84.0,59,962,21.0,26.0,9.0,12.0,4.0,7.0,16.0,25.0,1.0,4.0,38.0,55.0,13.0,92.0,508.0,10.0,17.0,2.0,22.0,5.0,13.0,3.0,13.0,54.0,22.0,16.0,4.0,10.0,3.0,13.0,2.0,1.0,4.0,5.0,1.0,29.0,10.0,20.0,19.0,34.0,1.0,54.0,31.0,85.0,3.0,10.0,7.0,3.0,3.0,2.0,3.0,6.0,1.0,,9.0,,4.0,17.0,26.0,,,3.0,15.0,,1.0,16.0,2.0,8.0,1.0,14.0,,,7.0,14.0,70.0,13.0,116.0,2.0,,1.0,8.0,9.0,7.0,1.0,106.02910602910603,105.61330561330563,0.7105263157894737,0.9,0.6909090909090909,0.5882352941176471,0.38461538461538464,0.6929824561403509,0.5882352941176471,0.38461538461538464,0.71875,0.6111111111111112,0.43333333333333335,0.07272727272727272,0.07692307692307693,0.08,13.296903460837887,0.3333333333333333,0.125,0.2809917355371901,0.14814814814814814,0.2,0.10309278350515463,0.24537037037037038,0.12931034482758622,0.14705882352941177,0.1267605633802817,0.2,0.11688311688311688,0.05,0.2631578947368421,0.24561403508771928,0.38461538461538464,0.2328767123287671,0.09090909090909091,0.21428571428571427,0.45614035087719296,0.8076923076923077,0.875,0.5714285714285714,0.43859649122807015,0.64,0.6956521739130435,0.875,0.07017543859649122,0.25,0.25,1.0,0.7058823529411765,0.75,0.1111111111111111,0.5384615384615384,0.5714285714285714,0.49122807017543857,0.49222017543859653,0.5228384615384616,0.49304615384615386,0.12698412698412698,0.13114754098360656,0.2391304347826087,0.14130434782608695,5.367272727272727,0.4,0.4444444444444444,,0.24116424116424118,player_totals,wnba,2026,Regular Season,/get-totals/wnba,"{""Season"": ""2026"", ""SeasonType"": ""Regular Season"", ""Type"": ""Player""}",20260602T225839Z,2026-06-02T22:58:42+00:00,05b64ada2abe4a09f06eca27df62f6fa10111aeaef7ad4cf5f603e2bb3f63132,1.0,2.0,,,,,,,,1.0,2.0,,,,,3.0,,,,,,,7.0,7.0,,1.0,1.0,0.5,,,0.5,0.03508771929824561,,,0.5,0.03508771929824561,0.5,0.5,1.0,,,,,,,,,,,,,23.5,1.0,1.0,,0.07692307692307693,,,,,,,,,,,,,,,,,,,,,"[""single_row_table_data"", ""multi_row_table_data""]",{}
1642288,1611661329,Rickea Jackson,Rickea Jackson,1642288,CHI,3478.8,4,58.0,-15.0,233,237,42.0,68.0,30,470,5.0,9.0,1.0,1.0,,,8.0,21.0,5.0,9.0,18.0,39.0,18.0,72.0,248.0,2.0,3.0,4.0,8.0,1.0,5.0,9.0,14.0,20.0,16.0,,3.0,6.0,2.0,8.0,1.0,1.0,5.0,1.0,,18.0,,3.0,6.0,7.0,2.0,15.0,4.0,19.0,3.0,1.0,,1.0,5.0,1.0,5.0,3.0,1.0,,8.0,1.0,1.0,3.0,7.0,,1.0,1.0,14.0,,,22.0,1.0,9.0,2.0,6.0,1.0,1.0,2.0,7.0,64.0,14.0,42.0,2.0,2.0,,5.0,,4.0,,100.0,104.64135021097046,0.5555555555555556,0.5555555555555556,0.46153846153846156,0.6666666666666666,0.2,0.45,0.5,0.35714285714285715,0.5071428571428571,0.5714285714285714,0.5833333333333334,0.07692307692307693,0.1111111111111111,0.09523809523809523,29.104477611940297,0.625,0.5,0.08860759493670886,0.038461538461538464,0.12244897959183673,,0.1015625,0.025210084033613446,0.037037037037037035,0.05263157894736842,,,,0.09090909090909091,0.06521739130434782,0.18181818181818182,0.15789473684210525,,0.0967741935483871,0.15,0.5555555555555556,0.625,0.6,0.35,0.38095238095238093,0.42105263157894735,0.5,0.15,0.5555555555555556,0.5555555555555556,0.6,0.25,1.0,,,,0.5,0.4732366666666667,0.54875,0.4016571428571428,0.1323529411764706,0.19148936170212766,0.1111111111111111,0.19444444444444445,8.664102564102564,0.75,0.38461538461538464,,0.18025751072961374,player_totals,wnba,2026,Regular Season,/get-totals/wnba,"{""Season"": ""2026"", ""SeasonType"": ""Regular Season"", ""Type"": ""Player""}",20260602T225839Z,2026-06-02T22:58:42+00:00,cfb452301ec21bf89c853f0c0c20cef1ddf60c60954a9d36e40d176d75451ef6,5.0,7.0,1.0,1.0,14.0,,1.0,,1.0,6.0,21.0,,1.0,1.0,2.0,15.0,3.0,14.0,1.0,2.0,,,4.0,3.0,,,0.8333333333333334,0.2857142857142857,,0.5,0.2857142857142857,0.35,0.09523809523809523,,0.42857142857142855,0.11666666666666667,0.7142857142857143,0.7142857142857143,1.0,0.23333333333333334,0.07142857142857142,0.08333333333333333,,0.25,,,0.14285714285714285,0.14285714285714285,,0.07142857142857142,,24.26666666666667,0.07142857142857142,1.0,,0.1111111111111111,,1.0,,,,,,0.14285714285714285,1.0,1.0,,,,,,,,,,,"[""single_row_table_data"", ""multi_row_table_data""]",{}
1643436,1611661327,Serah Williams,Serah Williams,1643436,PDX,3397.9,8,57.0,-5.0,182,190,47.0,82.0,19,372,6.0,12.0,,2.0,2.0,2.0,2.0,8.0,,2.0,8.0,22.0,7.0,23.0,191.0,1.0,4.0,1.0,3.0,3.0,3.0,2.0,8.0,12.0,4.0,,2.0,2.0,2.0,4.0,2.0,,2.0,,,10.0,,5.0,5.0,10.0,2.0,17.0,7.0,24.0,2.0,5.0,4.0,1.0,1.0,,,2.0,,1.0,3.0,,,6.0,14.0,,2.0,1.0,14.0,2.0,,15.0,1.0,7.0,1.0,4.0,,,2.0,4.0,20.0,8.0,47.0,1.0,1.0,,5.0,2.0,-10.0,4.0,102.19780219780219,100.52631578947368,0.75,0.75,0.36363636363636365,0.25,1.0,0.34782608695652173,0.25,1.0,0.38333333333333336,0.3,0.8,0.09090909090909091,0.08333333333333333,0.125,16.256157635467982,0.3333333333333333,0.5,0.30303030303030304,0.11904761904761904,0.1,,0.18072289156626506,0.07462686567164178,,0.25,,,,0.2727272727272727,0.3333333333333333,0.2857142857142857,0.07692307692307693,0.18181818181818182,0.15384615384615385,0.5217391304347826,0.5,0.5454545454545454,0.6666666666666666,0.34782608695652173,0.25,0.2857142857142857,1.0,0.08695652173913043,,,,0.5,,,0.6666666666666666,1.0,0.5652173913043478,0.5095086956521739,0.44885,0.6670666666666666,0.2413793103448276,0.25,0.13043478260869565,0.34782608695652173,4.690909090909091,,0.4,,0.25824175824175827,player_totals,wnba,2026,Regular Season,/get-totals/wnba,"{""Season"": ""2026"", ""SeasonType"": ""Regular Season"", ""Type"": ""Player""}",20260602T225839Z,2026-06-02T22:58:42+00:00,64c0375df629755335aee3214bcb1458bbfc0b47af919bc0c67343c5bf174a79,,,,,1.0,,,,,,1.0,,,,,,,1.0,,,1.0,,2.0,4.0,2.0,4.0,,,,,,0.043478260869565216,,,1.0,,,,,0.043478260869565216,,,,,,,,,,,,24.6,,2.0,,0.2,,,,,,,,,,,,,,,,,,,,,"[""single_row_table_data"", ""multi_row_table_data""]",{}
1641650,1611661327,Haley Jones,Haley Jones,1641650,PDX,3396.0,5,57.0,-10.0,118,115,32.0,53.0,7,233,5.0,6.0,1.0,1.0,3.0,4.0,5.0,8.0,,,10.0,14.0,6.0,26.0,139.0,1.0,1.0,,2.0,5.0,8.0,4.0,14.0,12.0,8.0,2.0,,3.0,2.0,5.0,1.0,1.0,1.0,2.0,,12.0,2.0,,5.0,3.0,1.0,9.0,2.0,11.0,,2.0,2.0,,2.0,2.0,2.0,4.0,,,6.0,2.0,,5.0,9.0,,,,7.0,1.0,1.0,8.0,,3.0,1.0,,,,,,24.0,14.0,32.0,1.0,1.0,,,,,,109.3220338983051,120.86956521739131,0.6,0.6666666666666666,0.7142857142857143,1.0,0.625,0.5882352941176471,1.0,0.5555555555555556,0.6190476190476191,1.0,0.5833333333333334,,,,21.6,0.3333333333333333,0.2,0.13043478260869565,,0.18518518518518517,0.10526315789473684,0.16,0.046511627906976744,,,,0.0625,0.3333333333333333,0.14285714285714285,,0.3333333333333333,0.21739130434782608,,,0.35294117647058826,0.8333333333333334,0.8333333333333334,0.6,0.47058823529411764,0.625,0.625,0.6,,,,,1.0,1.0,,0.4444444444444444,0.75,0.5294117647058824,0.47754117647058825,,0.4885333333333333,0.15,0.17647058823529413,0.07692307692307693,0.5384615384615384,4.6000000000000005,,,,0.2711864406779661,player_totals,wnba,2026,Regular Season,/get-totals/wnba,"{""Season"": ""2026"", ""SeasonType"": ""Regular Season"", ""Type"": ""Player""}",20260602T225839Z,2026-06-02T22:58:42+00:00,bcbef3ba82cdced7ad2e8107cfb00aebe89e5a4af0d2e8f3428e906b9ae0375d,,1.0,1.0,,2.0,,,,,,3.0,,,,1.0,,,2.0,,,1.0,,,,,,,,,,,0.17647058823529413,,,,0.058823529411764705,,,,0.11764705882352941,,,,,,,0.1111111111111111,,,,,24.566666666666666,,,,,,,,,,,1.0,,,,,,,,,,,,,,"[""single_row_table_data"", ""multi_row_table_data""]",{}
201886,1611661317,DeWanna Bonner,DeWanna Bonner,201886,PHX,3246.4,10,54.0,-21.0,503,508,135.0,103.0,66,1011,18.0,25.0,4.0,6.0,3.0,5.0,3.0,13.0,,3.0,21.0,41.0,16.0,76.0,544.0,4.0,10.0,,8.0,4.0,8.0,4.0,12.0,32.0,10.0,6.0,2.0,7.0,3.0,10.0,2.0,1.0,1.0,5.0,1.0,23.0,3.0,4.0,18.0,23.0,1.0,42.0,8.0,50.0,,8.0,5.0,3.0,5.0,1.0,5.0,4.0,,,9.0,2.0,2.0,10.0,18.0,,,2.0,26.0,4.0,3.0,16.0,1.0,6.0,3.0,3.0,3.0,3.0,2.0,6.0,68.0,12.0,133.0,2.0,1.0,,12.0,,-2.0,1.0,103.97614314115307,107.08661417322834,0.7619047619047619,0.8888888888888888,0.5121951219512195,0.4,0.5,0.38961038961038963,0.3333333333333333,0.2222222222222222,0.4470588235294118,0.3333333333333333,0.3,0.04878048780487805,,0.15384615384615385,16.089965397923876,0.5555555555555556,0.1,0.18110236220472442,0.029197080291970802,0.17647058823529413,0.0297029702970297,0.17903930131004367,0.029411764705882353,0.05405405405405406,,0.08695652173913043,,0.1,0.19047619047619047,0.16666666666666666,0.2,0.1686746987951807,0.21052631578947367,,0.3246753246753247,0.72,0.72,0.7222222222222222,0.16883116883116883,0.23076923076923078,0.2727272727272727,1.0,0.03896103896103896,,,,0.5,0.6666666666666666,0.25,0.2777777777777778,0.6,0.7922077922077922,0.5395376623376624,0.49105,0.49817222222222224,0.07317073170731707,0.13043478260869565,0.10526315789473684,0.15789473684210525,4.912195121951219,0.2857142857142857,,0.3333333333333333,0.268389662027833,player_totals,wnba,2026,Regular Season,/get-totals/wnba,"{""Season"": ""2026"", ""SeasonType"": ""Regular Season"", ""Type"": ""Player""}",20260602T225839Z,2026-06-02T22:58:42+00:00,d7b411351b63511df81dc26a9b6acaab6a78ed5a2a182b95e996fd18e5279625,1.0,11.0,3.0,5.0,25.0,,1.0,,7.0,6.0,36.0,,2.0,,10.0,15.0,3.0,25.0,5.0,2.0,,,1.0,6.0,,1.0,0.8333333333333334,0.16666666666666666,,,0.16666666666666666,0.4675324675324675,0.05555555555555555,0.18181818181818182,1.0,0.14285714285714285,0.09090909090909091,0.1111111111111111,1.0,0.3246753246753247,0.2,0.2,0.8,0.08333333333333333,,,0.16666666666666666,0.3888888888888889,,0.2,,25.48888888888889,0.23333333333333334,1.0,1.0,0.05555555555555555,,,,,1.0,0.08333333333333333,,,,,,,,,,,,,,,"[""single_row_table_data"", ""multi_row_table_data""]",{}
1631022,1611661322,Shakira Austin,Shakira Austin,1631022,WAS,3218.5,7,54.0,8.0,403,408,125.0,149.0,46,811,24.0,33.0,3.0,3.0,5.0,7.0,15.0,36.0,1.0,2.0,40.0,71.0,34.0,120.0,430.0,4.0,7.0,2.0,10.0,7.0,17.0,15.0,29.0,56.0,24.0,2.0,4.0,12.0,8.0,20.0,3.0,5.0,5.0,7.0,,48.0,3.0,2.0,19.0,31.0,5.0,55.0,6.0,61.0,,5.0,4.0,1.0,12.0,1.0,8.0,5.0,,4.0,17.0,3.0,6.0,4.0,18.0,,4.0,3.0,31.0,1.0,,43.0,9.0,20.0,6.0,8.0,,,1.0,8.0,110.0,29.0,124.0,6.0,6.0,,-9.0,8.0,-3.0,,108.6848635235732,105.3921568627451,0.7,0.717948717948718,0.5633802816901409,0.5714285714285714,0.4117647058823529,0.5584415584415584,0.5714285714285714,0.35,0.6382978723404256,0.625,0.5178571428571429,0.056338028169014086,0.030303030303030304,0.08333333333333333,24.1304347826087,0.7058823529411765,0.5,0.26495726495726496,0.020833333333333332,0.22093023255813954,0.046153846153846156,0.24630541871921183,0.031055900621118012,,0.037037037037037035,,0.03636363636363636,0.1,0.17073170731707318,0.32075471698113206,0.30434782608695654,0.24615384615384617,0.14285714285714285,,0.42857142857142855,0.7272727272727273,0.75,0.75,0.4675324675324675,0.4166666666666667,0.45454545454545453,0.6,0.025974025974025976,0.5,0.5,1.0,0.42857142857142855,1.0,0.6666666666666666,0.35,0.7142857142857143,0.5064935064935064,0.4898422077922078,0.43579999999999997,0.4725475,0.22727272727272727,0.24390243902439024,0.08333333333333333,0.24166666666666667,4.690140845070423,0.1111111111111111,0.23809523809523808,1.0,0.31017369727047145,player_totals,wnba,2026,Regular Season,/get-totals/wnba,"{""Season"": ""2026"", ""SeasonType"": ""Regular Season"", ""Type"": ""Player""}",20260602T225839Z,2026-06-02T22:58:42+00:00,f88ad4ba069c27a4554d81d5cd06cb6fe8acf5fadf0674a510d139bfd76aa79a,,,,2.0,6.0,,,,3.0,2.0,6.0,,,,3.0,6.0,,6.0,2.0,,1.0,,7.0,1.0,,2.0,1.0,0.3333333333333333,,,0.3333333333333333,0.07792207792207792,,,0.125,,,,,0.07792207792207792,0.3333333333333333,0.3333333333333333,1.0,,,,,0.15,,0.3333333333333333,,23.883333333333336,0.5,1.0,,0.0625,,,,,,,,,,,,4.0,1.0,,,,,,,,"[""single_row_table_data"", ""multi_row_table_data""]",{}
1643445,1611661332,Kiki Rice,Kiki Rice,1643445,TOR,3197.2999999999997,9,53.0,37.0,483,486,113.0,122.0,61,969,23.0,32.0,2.0,4.0,5.0,7.0,4.0,10.0,1.0,3.0,28.0,45.0,35.0,118.0,542.0,2.0,5.0,6.0,13.0,6.0,10.0,13.0,28.0,30.0,26.0,2.0,3.0,10.0,14.0,24.0,10.0,4.0,7.0,2.0,1.0,62.0,4.0,6.0,14.0,14.0,3.0,31.0,11.0,42.0,2.0,10.0,4.0,6.0,7.0,1.0,6.0,3.0,1.0,1.0,10.0,,1.0,15.0,27.0,,2.0,,28.0,2.0,1.0,42.0,6.0,20.0,2.0,1.0,,,1.0,1.0,105.0,28.0,111.0,4.0,2.0,,11.0,15.0,5.0,6.0,119.87577639751552,111.52263374485597,0.5357142857142857,0.5555555555555556,0.6222222222222222,0.4,0.6,0.6194029850746269,0.4375,0.5,0.7023809523809523,0.5416666666666666,0.6666666666666666,0.06666666666666667,0.09375,,16.906474820143885,0.7,0.2,0.14285714285714285,0.05357142857142857,0.13725490196078433,0.037037037037037035,0.14,0.045454545454545456,0.06976744186046512,0.043478260869565216,0.043478260869565216,0.04395604395604396,,0.20930232558139536,0.046511627906976744,0.25,0.136986301369863,0.13793103448275862,0.08695652173913043,0.47761194029850745,0.71875,0.7931034482758621,0.5652173913043478,0.14925373134328357,0.4,0.4,0.25,0.04477611940298507,0.3333333333333333,0.3333333333333333,1.0,0.5,0.5,,0.4666666666666667,0.7142857142857143,0.8059701492537313,0.5649363636363637,0.60885,0.5447964285714286,0.24691358024691357,0.3389830508474576,0.11016949152542373,0.23728813559322035,4.153333333333333,0.625,0.4,0.5,0.23395445134575568,player_totals,wnba,2026,Regular Season,/get-totals/wnba,"{""Season"": ""2026"", ""SeasonType"": ""Regular Season"", ""Type"": ""Player""}",20260602T225839Z,2026-06-02T22:58:42+00:00,7ce024c3b61dd8822eb3c498cf71a82dd0ee890cce1c9d255c70a957d471ab15,4.0,6.0,1.0,5.0,16.0,,1.0,1.0,4.0,9.0,22.0,1.0,3.0,1.0,5.0,24.0,3.0,16.0,5.0,2.0,,1.0,,1.0,,2.0,0.8888888888888888,0.4090909090909091,0.3333333333333333,0.2,0.4090909090909091,0.3283582089552239,0.09090909090909091,,1.0,0.08955223880597014,0.6666666666666666,0.6666666666666666,0.75,0.23880597014925373,0.3125,0.35714285714285715,1.0,0.125,,,0.06666666666666667,0.26666666666666666,0.25,0.3125,,25.3,0.16666666666666666,1.0,1.0,0.09090909090909091,,,,,2.0,0.25,,0.125,,,,,,1.0,0.5,,,,,,"[""single_row_table_data"", ""multi_row_table_data""]",{}
1628276,1611661320,Kelsey Plum,Kelsey Plum,1628276,LAS,3077.1,6,51.0,-8.0,428,431,133.0,144.0,47,859,24.0,27.0,1.0,3.0,9.0,9.0,9.0,21.0,3.0,6.0,36.0,54.0,29.0,161.0,494.0,2.0,4.0,3.0,13.0,12.0,20.0,11.0,41.0,20.0,52.0,,5.0,24.0,14.0,38.0,11.0,3.0,17.0,7.0,,90.0,,1.0,5.0,5.0,,10.0,1.0,11.0,,7.0,3.0,4.0,14.0,4.0,9.0,6.0,,5.0,20.0,3.0,2.0,8.0,20.0,,1.0,,29.0,2.0,1.0,35.0,2.0,12.0,4.0,,,,,,148.0,41.0,133.0,3.0,4.0,,12.0,-4.0,,1.0,113.55140186915887,114.6171693735499,0.2777777777777778,0.2777777777777778,0.6666666666666666,0.5,0.6,0.6947368421052632,0.5555555555555556,0.5555555555555556,0.7227272727272728,0.5909090909090909,0.6060606060606061,0.09259259259259259,0.037037037037037035,0.19047619047619047,27.139874739039666,0.7,,0.052083333333333336,0.012195121951219513,0.053763440860215055,,0.05291005291005291,0.00625,0.03333333333333333,,,,,,0.08695652173913043,0.058823529411764705,0.05333333333333334,0.05555555555555555,,0.28421052631578947,0.8888888888888888,0.9230769230769231,0.25,0.22105263157894736,0.42857142857142855,0.5294117647058824,0.3333333333333333,0.06315789473684211,0.5,0.5,0.3333333333333333,0.3333333333333333,0.3333333333333333,,0.3333333333333333,1.0,0.7157894736842105,0.5053505263157895,0.54325,0.49046666666666666,0.12264150943396226,0.1875,0.08074534161490683,0.2546583850931677,5.848148148148148,0.6666666666666666,0.4166666666666667,0.6666666666666666,0.3107476635514019,player_totals,wnba,2026,Regular Season,/get-totals/wnba,"{""Season"": ""2026"", ""SeasonType"": ""Regular Season"", ""Type"": ""Player""}",20260602T225839Z,2026-06-02T22:58:42+00:00,453b1a9692303ee1a765bef8e86a31117bae2fba405ebbab6f45ff1ce3073d02,1.0,4.0,2.0,19.0,37.0,2.0,4.0,2.0,5.0,20.0,41.0,2.0,5.0,2.0,7.0,24.0,36.0,37.0,19.0,,1.0,1.0,,,4.0,8.0,0.4,0.4878048780487805,0.4,0.2857142857142857,0.4878048780487805,0.43157894736842106,,,,0.042105263157894736,0.25,0.25,1.0,0.3894736842105263,0.5135135135135135,0.5135135135135135,0.3684210526315789,0.4444444444444444,0.5,0.5,0.07407407407407407,0.18518518518518517,0.4,0.5135135135135135,0.023809523809523808,25.13170731707317,0.23809523809523808,,,,,2.0,,,1.0,0.1111111111111111,1.0,,,,,,,,,,,,,,"[""single_row_table_data"", ""multi_row_table_data""]",{}
1642798,1611661328,Dominique Malonga,Dominique Malonga,1642798,SEA,2992.5,3,50.0,1.0,155,160,25.0,29.0,15,315,12.0,14.0,3.0,3.0,1.0,1.0,4.0,16.0,1.0,5.0,17.0,35.0,8.0,48.0,168.0,5.0,5.0,2.0,15.0,3.0,5.0,3.0,9.0,20.0,14.0,6.0,3.0,1.0,,1.0,,,1.0,,,2.0,1.0,4.0,9.0,7.0,1.0,17.0,5.0,22.0,1.0,3.0,2.0,1.0,2.0,,1.0,4.0,1.0,1.0,6.0,,,4.0,8.0,,1.0,2.0,11.0,,,15.0,1.0,7.0,1.0,6.0,,,1.0,6.0,33.0,9.0,23.0,,1.0,,5.0,6.0,10.0,,109.03225806451613,105.0,0.5882352941176471,0.7142857142857143,0.4857142857142857,1.0,0.6,0.5,1.0833333333333333,0.6,0.5106382978723404,1.0714285714285714,0.6428571428571429,0.08571428571428572,0.07142857142857142,0.125,30.63583815028902,0.3333333333333333,0.2,0.15217391304347827,0.1,0.23684210526315788,0.038461538461538464,0.19047619047619047,0.07575757575757576,0.1111111111111111,0.1,0.09090909090909091,0.045454545454545456,,0.1,0.2631578947368421,,0.24242424242424243,0.2,0.05555555555555555,0.35,0.8571428571428571,0.9230769230769231,0.5,0.4,0.25,0.2857142857142857,0.75,0.125,0.2,0.2,1.0,0.5,1.0,,0.2,1.0,0.475,0.487585,0.5010875,0.42804000000000003,0.15217391304347827,0.17073170731707318,0.3125,0.1875,7.988571428571429,0.5,0.25,0.25,0.16129032258064516,player_totals,wnba,2026,Regular Season,/get-totals/wnba,"{""Season"": ""2026"", ""SeasonType"": ""Regular Season"", ""Type"": ""Player""}",20260602T225839Z,2026-06-02T22:58:42+00:00,53a266dd1d6883096a5db7551b5ddc0aa0577a4488244af2c4070f54b087e6e9,1.0,2.0,,1.0,3.0,,,,,2.0,5.0,1.0,1.0,,,3.0,3.0,3.0,1.0,,,,5.0,2.0,,,0.5,0.4,1.0,,0.4,0.125,,,0.3333333333333333,0.05,0.5,0.5,1.0,0.075,0.3333333333333333,0.3333333333333333,,,,,,,,0.3333333333333333,,24.72,,,,,,,,,1.0,0.16666666666666666,,,,,,,,1.0,1.0,1.0,,,,,"[""single_row_table_data"", ""multi_row_table_data""]",{}
1628886,1611661330,Jordin Canada,Jordin Canada,1628886,ATL,2926.2,7,49.0,17.0,407,408,86.0,54.0,61,815,16.0,23.0,,2.0,5.0,8.0,5.0,13.0,1.0,1.0,22.0,37.0,18.0,80.0,430.0,1.0,3.0,1.0,6.0,6.0,13.0,5.0,20.0,10.0,34.0,,3.0,24.0,21.0,45.0,19.0,2.0,22.0,2.0,,111.0,2.0,3.0,11.0,13.0,,24.0,5.0,29.0,1.0,15.0,5.0,10.0,9.0,7.0,8.0,7.0,,1.0,16.0,1.0,1.0,9.0,14.0,,,,27.0,,6.0,21.0,3.0,12.0,,1.0,,,,1.0,74.0,20.0,84.0,,,,11.0,-3.0,8.0,,109.82800982800983,105.3921568627451,0.22727272727272727,0.22727272727272727,0.5945945945945946,0.3333333333333333,0.46153846153846156,0.543859649122807,0.35714285714285715,0.4166666666666667,0.6060606060606061,0.375,0.5,0.08108108108108109,0.043478260869565216,0.15384615384615385,16.94214876033058,0.5625,,0.1262135922330097,0.02912621359223301,0.14285714285714285,0.021505376344086023,0.13333333333333333,0.025510204081632654,,0.06666666666666667,0.1,0.013513513513513514,0.05263157894736842,0.046511627906976744,0.23684210526315788,0.09090909090909091,0.14035087719298245,0.15,0.04,0.40350877192982454,0.6956521739130435,0.7272727272727273,0.125,0.22807017543859648,0.38461538461538464,0.45454545454545453,0.6,0.017543859649122806,1.0,1.0,,0.2857142857142857,,,0.4444444444444444,0.625,0.7543859649122807,0.5337881818181819,0.5647916666666667,0.5546,0.18181818181818182,0.2608695652173913,0.075,0.25,4.081081081081081,0.2857142857142857,0.625,,0.2113022113022113,player_totals,wnba,2026,Regular Season,/get-totals/wnba,"{""Season"": ""2026"", ""SeasonType"": ""Regular Season"", ""Type"": ""Player""}",20260602T225839Z,2026-06-02T22:58:42+00:00,71545d923e9adf4e9ffa8b29bb78823bb6f400d2c9a79dd034e668bfec204349,,3.0,1.0,6.0,17.0,1.0,3.0,1.0,4.0,6.0,20.0,1.0,4.0,1.0,5.0,18.0,,17.0,6.0,1.0,,,1.0,1.0,2.0,,1.0,0.3,0.25,0.2,0.3,0.3508771929824561,0.05,0.3333333333333333,1.0,0.05263157894736842,,,,0.2982456140350877,0.35294117647058826,0.35294117647058826,1.0,0.42857142857142855,0.3333333333333333,1.0,0.05555555555555555,0.2222222222222222,0.25,0.35294117647058826,,27.110000000000003,0.42857142857142855,,,,1.0,,,,1.0,0.14285714285714285,,,,,,,,,,,,,,,"[""single_row_table_data"", ""multi_row_table_data""]",{}
1641660,1611661328,Zia Cooke,Zia Cooke,1641660,SEA,2924.0,10,49.0,9.0,350,350,123.0,125.0,39,700,8.0,18.0,1.0,3.0,4.0,7.0,11.0,29.0,2.0,11.0,21.0,58.0,22.0,94.0,339.0,1.0,4.0,5.0,10.0,9.0,19.0,10.0,43.0,24.0,18.0,2.0,4.0,10.0,4.0,14.0,3.0,1.0,6.0,3.0,1.0,32.0,2.0,6.0,6.0,9.0,1.0,16.0,8.0,24.0,1.0,4.0,3.0,1.0,8.0,5.0,6.0,9.0,1.0,2.0,17.0,1.0,10.0,4.0,13.0,,,2.0,21.0,,3.0,27.0,3.0,13.0,1.0,,,,,,84.0,43.0,123.0,3.0,1.0,,1.0,,6.0,,99.42857142857143,96.85714285714286,0.5714285714285714,0.6,0.3620689655172414,0.25,0.47368421052631576,0.391304347826087,0.4166666666666667,0.4714285714285714,0.45145631067961167,0.5625,0.5375,0.06896551724137931,0.1111111111111111,0.06896551724137931,30.534351145038165,0.47058823529411764,0.06666666666666667,0.09782608695652174,0.06521739130434782,0.08571428571428572,0.030303030303030304,0.09259259259259259,0.05063291139240506,0.058823529411764705,0.07142857142857142,0.0625,0.0425531914893617,,0.1111111111111111,0.06666666666666667,0.15,0.08928571428571429,0.07142857142857142,0.01818181818181818,0.1956521739130435,0.4444444444444444,0.5,0.625,0.31521739130434784,0.3793103448275862,0.4074074074074074,0.5454545454545454,0.11956521739130435,0.18181818181818182,0.18181818181818182,0.5,0.5,0.3333333333333333,,0.2,0.5714285714285714,0.5652173913043478,0.4829543956043956,0.5541583333333333,0.4944323529411765,0.12745098039215685,0.19117647058823528,0.10638297872340426,0.4574468085106383,7.837931034482759,0.3,0.3888888888888889,0.125,0.3514285714285714,player_totals,wnba,2026,Regular Season,/get-totals/wnba,"{""Season"": ""2026"", ""SeasonType"": ""Regular Season"", ""Type"": ""Player""}",20260602T225839Z,2026-06-02T22:58:42+00:00,c34b15f3609c2fc5095ca4f8fbc4e2baffd9e4018d3911b144dd57a6b05ea3f7,2.0,8.0,5.0,8.0,26.0,1.0,2.0,3.0,11.0,10.0,34.0,1.0,2.0,5.0,16.0,27.0,3.0,26.0,8.0,1.0,,,,,,,0.9,0.29411764705882354,0.5,0.3125,0.29411764705882354,0.3695652173913043,0.029411764705882353,,,0.08695652173913043,0.25,0.25,1.0,0.2826086956521739,0.3076923076923077,0.32,0.875,0.3333333333333333,0.5,1.0,0.14285714285714285,0.3142857142857143,0.2727272727272727,0.3076923076923077,,25.120588235294118,0.2916666666666667,,,,,2.0,,,,,,0.038461538461538464,2.0,0.4,,,,,,,,,,,"[""single_row_table_data"", ""multi_row_table_data""]",{}
1628922,1611661329,Azura Stevens,Azura Stevens,1628922,CHI,2913.3999999999996,3,49.0,-19.0,99,100,17.0,22.0,10,199,5.0,11.0,,1.0,1.0,2.0,1.0,2.0,1.0,1.0,7.0,14.0,3.0,20.0,124.0,,1.0,,,1.0,2.0,,2.0,14.0,,,3.0,5.0,1.0,6.0,1.0,,4.0,1.0,,13.0,,1.0,,2.0,1.0,3.0,1.0,4.0,1.0,2.0,2.0,,2.0,,2.0,1.0,,,3.0,,1.0,3.0,4.0,,1.0,,2.0,,,3.0,1.0,2.0,,1.0,,,,1.0,20.0,2.0,17.0,,,,,,,,106.06060606060606,124.0,1.0,1.0,0.5,,0.5,0.34,,0.25,0.38461538461538464,,0.25,0.21428571428571427,0.2727272727272727,,26.36363636363636,0.6666666666666666,0.5,0.09523809523809523,0.047619047619047616,,,0.05405405405405406,0.02,0.08333333333333333,,,,,0.14285714285714285,,0.1,,,0.07142857142857142,0.44,0.45454545454545453,0.625,1.0,0.08,0.5,0.5,1.0,0.04,1.0,1.0,1.0,0.5,,,0.5,0.5,0.88,0.5930960000000001,0.6779,0.6492875,0.07692307692307693,0.13333333333333333,,0.1,3.4071428571428575,0.16666666666666666,1.0,,0.1717171717171717,player_totals,wnba,2026,Regular Season,/get-totals/wnba,"{""Season"": ""2026"", ""SeasonType"": ""Regular Season"", ""Type"": ""Player""}",20260602T225839Z,2026-06-02T22:58:42+00:00,a1580610558d67398f3e182e423d25495b74477d40c31816cb5ebc06612b00f8,1.0,6.0,,,5.0,,,,2.0,1.0,11.0,,1.0,,2.0,3.0,,5.0,,,1.0,,1.0,1.0,,,1.0,0.09090909090909091,,,0.09090909090909091,0.44,,,1.0,0.24,0.16666666666666666,0.16666666666666666,1.0,0.2,,,,,,,,0.5,,,,23.454545454545453,,,,,,,,,1.0,0.5,,,,,,,,,,,,,,,"[""single_row_table_data"", ""multi_row_table_data""]",{}
1643494,1611661327,Frieda Buhner,Frieda Buhner,1643494,PDX,2901.1,7,48.0,-6.0,175,173,43.0,54.0,20,348,6.0,6.0,1.0,1.0,1.0,1.0,3.0,5.0,,,9.0,11.0,10.0,37.0,198.0,1.0,1.0,,2.0,3.0,3.0,4.0,13.0,14.0,4.0,2.0,2.0,1.0,,1.0,,,1.0,,,2.0,3.0,1.0,3.0,2.0,,5.0,4.0,9.0,,1.0,,1.0,3.0,1.0,2.0,2.0,,1.0,5.0,2.0,2.0,5.0,10.0,,1.0,,7.0,1.0,,10.0,,4.0,1.0,,,,,,35.0,13.0,43.0,1.0,1.0,,1.0,3.0,,,109.71428571428571,114.45086705202313,0.7777777777777778,0.875,0.8181818181818182,1.0,1.0,0.6428571428571429,1.0,0.75,0.7115384615384616,1.0,0.8125,0.18181818181818182,,0.4,15.577889447236181,0.6,,0.05555555555555555,0.024390243902439025,0.07692307692307693,0.11538461538461539,0.06666666666666667,0.05970149253731343,,,0.3333333333333333,0.14285714285714285,,0.07692307692307693,0.07142857142857142,,0.1,,,0.2857142857142857,1.0,1.0,0.8333333333333334,0.23809523809523808,0.6,1.0,0.6666666666666666,,,,,1.0,1.0,,0.16666666666666666,1.0,0.7619047619047619,0.5212690476190476,,0.488975,0.16,0.26666666666666666,0.05405405405405406,0.35135135135135137,3.909090909090909,,0.5,,0.24571428571428572,player_totals,wnba,2026,Regular Season,/get-totals/wnba,"{""Season"": ""2026"", ""SeasonType"": ""Regular Season"", ""Type"": ""Player""}",20260602T225839Z,2026-06-02T22:58:42+00:00,8f3f351dc7e56bd5c01566544c78e53266142850c837f63484eac9c1474d7b74,2.0,4.0,1.0,1.0,6.0,,,1.0,2.0,3.0,10.0,,,1.0,3.0,9.0,,6.0,1.0,1.0,,,,,,,1.0,0.3,,0.3333333333333333,0.3,0.47619047619047616,0.1,,,0.19047619047619047,0.5,0.5,1.0,0.2857142857142857,0.16666666666666666,0.2,1.0,,,,0.16666666666666666,0.3333333333333333,0.5,0.16666666666666666,,25.0,0.5,,,,,,,,,,,0.16666666666666666,,,,,,,,,,,,,"[""single_row_table_data"", ""multi_row_table_data""]",{}
1642291,1611661330,Angel Reese,Angel Reese,1642291,ATL,2897.9,7,48.0,3.0,428,435,91.0,48.0,68,863,29.0,58.0,12.0,22.0,1.0,7.0,2.0,9.0,,1.0,31.0,68.0,30.0,92.0,434.0,12.0,23.0,12.0,36.0,2.0,10.0,10.0,14.0,32.0,30.0,16.0,11.0,10.0,13.0,23.0,10.0,3.0,9.0,1.0,,59.0,18.0,20.0,12.0,22.0,5.0,39.0,38.0,77.0,5.0,8.0,6.0,2.0,11.0,2.0,5.0,19.0,2.0,6.0,30.0,6.0,5.0,7.0,23.0,2.0,4.0,5.0,30.0,1.0,,41.0,3.0,19.0,3.0,6.0,1.0,1.0,5.0,7.0,56.0,13.0,89.0,1.0,2.0,,6.0,,-6.0,4.0,102.10280373831775,99.77011494252875,0.5161290322580645,0.6956521739130435,0.45588235294117646,0.5217391304347826,0.2,0.40789473684210525,0.5217391304347826,0.18181818181818182,0.4842105263157895,0.5806451612903226,0.4117647058823529,0.16176470588235295,0.13793103448275862,0.3333333333333333,24.224806201550386,0.36666666666666664,0.5555555555555556,0.2037037037037037,0.17857142857142858,0.13333333333333333,0.1782178217821782,0.1717171717171717,0.1784037558685446,0.22388059701492538,0.1111111111111111,0.1111111111111111,0.19047619047619047,0.11764705882352941,0.12195121951219512,0.3170731707317073,0.15384615384615385,0.10606060606060606,0.20833333333333334,0.14705882352941177,0.7631578947368421,0.5,0.58,0.5172413793103449,0.11842105263157894,0.2222222222222222,0.3333333333333333,0.5,0.013157894736842105,,,,0.9565217391304348,0.5454545454545454,0.16666666666666666,0.6363636363636364,0.14285714285714285,0.868421052631579,0.5824578947368422,0.59155,0.5500727272727273,0.20652173913043478,0.2261904761904762,0.391304347826087,0.15217391304347827,2.8838235294117647,0.5172413793103449,0.42857142857142855,,0.21261682242990654,player_totals,wnba,2026,Regular Season,/get-totals/wnba,"{""Season"": ""2026"", ""SeasonType"": ""Regular Season"", ""Type"": ""Player""}",20260602T225839Z,2026-06-02T22:58:42+00:00,4c41fa8473debf82897d15080443c21dde3c8e3f30828a260c157a8d174e5a4c,,4.0,1.0,,4.0,,,,,,8.0,,,,1.0,,,4.0,,,7.0,,1.0,2.0,4.0,,,,,,,0.10526315789473684,,,0.2857142857142857,0.05263157894736842,,,,0.05263157894736842,,,,,,,0.09090909090909091,,,,,23.9375,0.125,,,,,,,,,,,,,,,,,,,,,,,,"[""single_row_table_data"", ""multi_row_table_data""]",{}
1643455,1611661322,Angela Dugalic,Angela Dugalic,1643455,WAS,2842.6,7,47.0,-36.0,164,169,58.0,74.0,18,333,7.0,9.0,1.0,1.0,3.0,3.0,4.0,7.0,,,11.0,16.0,2.0,30.0,194.0,1.0,3.0,2.0,4.0,3.0,4.0,,6.0,18.0,4.0,2.0,1.0,4.0,1.0,5.0,1.0,,1.0,3.0,,11.0,1.0,3.0,11.0,5.0,1.0,17.0,4.0,21.0,,6.0,6.0,,1.0,,1.0,2.0,,,3.0,,1.0,3.0,10.0,,1.0,1.0,8.0,,2.0,5.0,1.0,2.0,1.0,2.0,1.0,1.0,1.0,3.0,26.0,6.0,58.0,5.0,1.0,,,7.0,,,96.34146341463415,114.79289940828403,0.8181818181818182,0.9,0.6875,0.3333333333333333,0.75,0.56,0.3333333333333333,0.375,0.5555555555555556,0.5,0.3333333333333333,0.0625,0.1111111111111111,,16.129032258064516,0.3333333333333333,0.14285714285714285,0.13513513513513514,0.08333333333333333,0.3142857142857143,0.023809523809523808,0.2222222222222222,0.05128205128205128,,0.058823529411764705,0.5,,0.16666666666666666,0.18181818181818182,0.15789473684210525,,0.32142857142857145,0.2857142857142857,,0.36,0.7777777777777778,0.875,0.7142857142857143,0.28,0.5714285714285714,0.5714285714285714,1.0,,,,,0.3333333333333333,1.0,,0.375,1.0,0.72,0.501468,0.3782,0.52019375,0.07692307692307693,0.11764705882352941,0.13333333333333333,0.2,4.33125,0.5,0.3333333333333333,,0.35365853658536583,player_totals,wnba,2026,Regular Season,/get-totals/wnba,"{""Season"": ""2026"", ""SeasonType"": ""Regular Season"", ""Type"": ""Player""}",20260602T225839Z,2026-06-02T22:58:42+00:00,81d71d36de9112a8886f61c3c8d61a75286f23dbde81fc28f801b6294679e52f,,1.0,,2.0,8.0,,,,4.0,2.0,9.0,,,,4.0,6.0,,8.0,2.0,,,,1.0,,,,1.0,0.2222222222222222,,,0.2222222222222222,0.36,,,,0.04,,,,0.32,0.25,0.25,1.0,,,,,0.5,,0.25,,24.677777777777777,0.42857142857142855,,,,,,,,,,,,,,,,,,,,,,,,"[""single_row_table_data"", ""multi_row_table_data""]",{}
1628899,1611661325,Myisha Hines-Allen,Myisha Hines-Allen,1628899,IND,2750.8,8,46.0,25.0,304,308,112.0,88.0,32,612,12.0,19.0,1.0,1.0,3.0,6.0,3.0,6.0,,2.0,15.0,27.0,7.0,40.0,306.0,1.0,1.0,,2.0,6.0,10.0,6.0,18.0,18.0,12.0,2.0,3.0,14.0,8.0,22.0,5.0,3.0,9.0,3.0,2.0,52.0,3.0,2.0,4.0,15.0,,19.0,5.0,24.0,,6.0,4.0,2.0,8.0,3.0,5.0,7.0,,3.0,15.0,1.0,5.0,7.0,18.0,1.0,4.0,2.0,7.0,1.0,,7.0,1.0,2.0,2.0,4.0,,,,4.0,38.0,18.0,112.0,,2.0,2.0,13.0,,,,108.88157894736842,99.35064935064935,0.6,0.6428571428571429,0.5555555555555556,1.0,0.6,0.532258064516129,1.0,0.46153846153846156,0.5882352941176471,1.0,0.5625,0.1111111111111111,0.05263157894736842,0.3333333333333333,14.454277286135692,0.5333333333333333,,0.17045454545454544,0.031746031746031744,0.08888888888888889,0.05,0.14285714285714285,0.04065040650406504,0.05263157894736842,,,0.041666666666666664,0.08333333333333333,0.1282051282051282,0.21052631578947367,0.18181818181818182,0.08571428571428572,0.1,,0.6129032258064516,0.631578947368421,0.6666666666666666,0.5,0.1935483870967742,0.5,0.75,1.0,0.06451612903225806,,,,1.0,1.0,,0.46153846153846156,0.5,0.7419354838709677,0.5373774193548387,,0.48283461538461536,0.0625,0.07142857142857142,0.05,0.45,3.6481481481481484,0.14285714285714285,0.6666666666666666,,0.3684210526315789,player_totals,wnba,2026,Regular Season,/get-totals/wnba,"{""Season"": ""2026"", ""SeasonType"": ""Regular Season"", ""Type"": ""Player""}",20260602T225839Z,2026-06-02T22:58:42+00:00,fd5dc0906e154dd04d4bfe14fcb0de1907eb3b3168fe843fba22c8137fae09fa,,1.0,1.0,1.0,3.0,,,,2.0,1.0,4.0,,,,3.0,3.0,,3.0,1.0,,,,4.0,3.0,,,1.0,0.25,,,0.25,0.12903225806451613,,,0.75,0.03225806451612903,,,,0.0967741935483871,0.3333333333333333,0.3333333333333333,1.0,,,,0.07692307692307693,0.15384615384615385,,0.3333333333333333,,25.0,0.3333333333333333,,,,1.0,,,,,,,,,,,,,,,,,,,,"[""single_row_table_data"", ""multi_row_table_data""]",{}
203824,1611661321,Odyssey Sims,Odyssey Sims,203824,DAL,2744.8999999999996,9,46.0,-4.0,327,338,73.0,84.0,41,665,11.0,16.0,1.0,1.0,1.0,2.0,5.0,15.0,2.0,4.0,18.0,35.0,9.0,60.0,355.0,1.0,2.0,2.0,10.0,5.0,8.0,5.0,18.0,16.0,20.0,,4.0,14.0,13.0,27.0,12.0,1.0,5.0,4.0,5.0,67.0,,,4.0,4.0,,8.0,,8.0,,8.0,5.0,3.0,4.0,4.0,4.0,10.0,,,14.0,1.0,6.0,3.0,13.0,2.0,,4.0,16.0,,4.0,12.0,2.0,5.0,2.0,,,,,,50.0,17.0,71.0,2.0,1.0,,-8.0,1.0,2.0,3.0,107.33944954128441,105.02958579881657,0.4444444444444444,0.4444444444444444,0.5142857142857142,0.5,0.625,0.5425531914893617,0.8,0.65,0.5769230769230769,0.8333333333333334,0.6923076923076923,0.11428571428571428,,0.26666666666666666,17.64705882352941,0.2857142857142857,,0.046511627906976744,,0.06896551724137931,,0.05555555555555555,,,,,,,0.05714285714285714,0.027777777777777776,0.06666666666666667,0.07547169811320754,,,0.3404255319148936,0.6875,0.6875,0.6363636363636364,0.3191489361702128,0.3333333333333333,0.45454545454545453,0.2,0.0851063829787234,0.5,0.5,,0.2,1.0,1.0,0.2,0.5,0.5957446808510638,0.5137691489361702,0.59519,0.40752499999999997,0.1,0.13157894736842105,0.16666666666666666,0.3,6.0771428571428565,0.5,0.5555555555555556,,0.22324159021406728,player_totals,wnba,2026,Regular Season,/get-totals/wnba,"{""Season"": ""2026"", ""SeasonType"": ""Regular Season"", ""Type"": ""Player""}",20260602T225839Z,2026-06-02T22:58:42+00:00,a2015e757d023ebf62059e9a1202130c21c6b746e5d6773ae929a1cc8371a17e,1.0,2.0,,4.0,10.0,1.0,2.0,1.0,2.0,5.0,12.0,2.0,3.0,1.0,2.0,15.0,,10.0,4.0,,,,,,,,1.0,0.4166666666666667,0.6666666666666666,0.5,0.4166666666666667,0.2553191489361702,,,,0.0425531914893617,0.5,0.5,1.0,0.2127659574468085,0.4,0.4,1.0,0.4,0.5,1.0,,0.2,0.5,0.4,,25.21666666666667,0.2857142857142857,,,,,,,,1.0,0.2,,,,,,,,1.0,1.0,1.0,,,,,"[""single_row_table_data"", ""multi_row_table_data""]",{}
1643467,1611661322,Cassandre Prosper,Cassandre Prosper,1643467,WAS,2713.0,7,45.0,-9.0,263,267,89.0,108.0,36,530,10.0,15.0,2.0,3.0,4.0,5.0,,8.0,,1.0,10.0,24.0,1.0,27.0,294.0,2.0,4.0,,4.0,4.0,9.0,,8.0,12.0,8.0,4.0,4.0,6.0,1.0,7.0,1.0,,6.0,,,15.0,2.0,3.0,1.0,3.0,,4.0,5.0,9.0,1.0,2.0,2.0,,6.0,,5.0,2.0,,1.0,8.0,,4.0,7.0,28.0,,3.0,1.0,7.0,,3.0,2.0,,1.0,,1.0,,,1.0,1.0,23.0,8.0,89.0,9.0,,2.0,4.0,1.0,-1.0,2.0,108.36501901140684,110.1123595505618,0.6,0.75,0.4166666666666667,0.5,0.4444444444444444,0.35135135135135137,0.3333333333333333,0.3076923076923077,0.35526315789473684,0.3333333333333333,0.3076923076923077,0.16666666666666666,0.06666666666666667,0.375,14.88673139158576,0.75,,0.043478260869565216,0.043478260869565216,0.018518518518518517,0.043478260869565216,0.032520325203252036,0.043478260869565216,0.038461538461538464,0.02702702702702703,0.16666666666666666,0.05555555555555555,,0.10344827586206896,,,,0.09090909090909091,0.047619047619047616,0.40540540540540543,0.6666666666666666,0.7142857142857143,0.6,0.21621621621621623,,,,0.02702702702702703,,,,0.5,0.6666666666666666,,0.38461538461538464,0.8,0.7567567567567568,0.5057675675675676,0.42264999999999997,0.46966923076923073,0.02631578947368421,0.04,0.14814814814814814,0.2962962962962963,4.058333333333334,0.4,0.375,1.0,0.33840304182509506,player_totals,wnba,2026,Regular Season,/get-totals/wnba,"{""Season"": ""2026"", ""SeasonType"": ""Regular Season"", ""Type"": ""Player""}",20260602T225839Z,2026-06-02T22:58:42+00:00,b730449bdca3ea9b76ab01f98926af4c0f0ec3cc3ff1324b361619ce589bc66b,1.0,5.0,1.0,1.0,8.0,,,,3.0,2.0,13.0,,2.0,,4.0,6.0,,8.0,1.0,,1.0,,,1.0,5.0,6.0,1.0,0.15384615384615385,,,0.15384615384615385,0.35135135135135137,,,1.0,0.13513513513513514,0.2,0.2,1.0,0.21621621621621623,0.125,0.125,1.0,,,,0.07692307692307693,0.23076923076923078,,0.125,,23.915384615384614,0.45454545454545453,,,,,,,,2.0,0.3333333333333333,,,,,,2.0,7.0,,,,,,,,"[""single_row_table_data"", ""multi_row_table_data""]",{}
1642792,1611661322,Kiki Iriafen,Kiki Iriafen,1642792,WAS,2712.3,7,45.0,10.0,386,382,104.0,132.0,43,768,30.0,42.0,13.0,14.0,10.0,12.0,7.0,17.0,,3.0,37.0,62.0,22.0,105.0,407.0,14.0,15.0,4.0,32.0,10.0,16.0,8.0,28.0,40.0,34.0,20.0,2.0,6.0,4.0,10.0,2.0,2.0,5.0,1.0,,24.0,4.0,15.0,17.0,33.0,3.0,53.0,20.0,73.0,2.0,5.0,3.0,2.0,6.0,2.0,3.0,7.0,,3.0,13.0,2.0,1.0,9.0,26.0,,5.0,2.0,30.0,5.0,,32.0,2.0,15.0,2.0,3.0,,,,3.0,73.0,28.0,103.0,2.0,2.0,3.0,15.0,6.0,13.0,12.0,108.03108808290156,106.54450261780106,0.5405405405405406,0.7407407407407407,0.5967741935483871,0.9333333333333333,0.625,0.5928571428571429,0.9333333333333333,0.5555555555555556,0.6176470588235294,0.8888888888888888,0.5833333333333334,0.03225806451612903,0.023809523809523808,0.058823529411764705,22.32346241457859,0.46153846153846156,0.3333333333333333,0.2972972972972973,0.15625,0.20987654320987653,0.06896551724137931,0.2604166666666667,0.12337662337662338,0.2,0.13725490196078433,0.1,0.044444444444444446,0.15384615384615385,0.3055555555555556,0.32075471698113206,0.22727272727272727,0.21875,0.17647058823529413,0.07142857142857142,0.6,0.7142857142857143,0.7317073170731707,0.5333333333333333,0.24285714285714285,0.4117647058823529,0.4375,0.5714285714285714,0.04285714285714286,,,,0.9333333333333333,0.9285714285714286,0.15384615384615385,0.6666666666666666,0.8333333333333334,0.7142857142857143,0.531795652173913,0.62705,0.5355617647058823,0.18072289156626506,0.2,0.3047619047619048,0.26666666666666666,4.317741935483871,0.25,0.1,,0.2694300518134715,player_totals,wnba,2026,Regular Season,/get-totals/wnba,"{""Season"": ""2026"", ""SeasonType"": ""Regular Season"", ""Type"": ""Player""}",20260602T225839Z,2026-06-02T22:58:42+00:00,de42de3d3149655fb069fc62f2380e40775e3a5a0cb6f1d46444f179f91799eb,1.0,1.0,,2.0,7.0,,,,2.0,3.0,8.0,,,,2.0,9.0,,7.0,2.0,,,,3.0,2.0,,3.0,1.0,0.375,,,0.375,0.11428571428571428,,,0.6666666666666666,0.014285714285714285,1.0,1.0,1.0,0.1,0.2857142857142857,0.2857142857142857,1.0,,,,,0.1111111111111111,,0.2857142857142857,,26.7,0.6,1.0,,0.1,,,,,,,,,,,,,5.0,,,,,,,,"[""single_row_table_data"", ""multi_row_table_data""]",{}
1643493,1611661317,Noemie Brochant,Noemie Brochant,1643493,PHX,2576.6,10,43.0,-35.0,376,377,126.0,80.0,50,753,3.0,4.0,1.0,2.0,,,2.0,5.0,3.0,8.0,8.0,17.0,3.0,46.0,440.0,3.0,5.0,2.0,8.0,1.0,3.0,2.0,10.0,14.0,2.0,2.0,,4.0,1.0,5.0,,1.0,,4.0,,11.0,5.0,1.0,10.0,5.0,2.0,17.0,6.0,23.0,,5.0,2.0,3.0,4.0,,4.0,1.0,,,5.0,,1.0,6.0,14.0,,,1.0,10.0,2.0,3.0,3.0,1.0,1.0,1.0,3.0,1.0,,1.0,4.0,38.0,10.0,124.0,1.0,1.0,,3.0,,,,107.71276595744682,116.71087533156499,0.875,1.0,0.47058823529411764,0.6,0.3333333333333333,0.5,0.5,0.4,0.5227272727272727,0.5714285714285714,0.45454545454545453,,,,11.421911421911421,0.8,0.16666666666666666,0.05319148936170213,0.010416666666666666,0.15151515151515152,0.054945054945054944,0.09375,0.03208556149732621,,0.023255813953488372,,0.07462686567164178,,0.08108108108108109,0.02702702702702703,0.05,0.10714285714285714,0.4,,0.09302325581395349,0.75,0.75,0.6666666666666666,0.11627906976744186,0.4,0.4,1.0,0.18604651162790697,0.375,0.375,1.0,0.3333333333333333,0.5,,,,0.6976744186046512,0.5140511627906976,0.48085,0.51281,0.023255813953488372,0.058823529411764705,0.17391304347826086,0.21739130434782608,11.352941176470589,,0.3333333333333333,0.2,0.3351063829787234,player_totals,wnba,2026,Regular Season,/get-totals/wnba,"{""Season"": ""2026"", ""SeasonType"": ""Regular Season"", ""Type"": ""Player""}",20260602T225839Z,2026-06-02T22:58:42+00:00,d4b3f1e51ea2500518df6fcecc6057775c436376c05a54cbfb047fc861d98243,5.0,12.0,3.0,4.0,14.0,,1.0,1.0,4.0,9.0,26.0,,1.0,2.0,7.0,27.0,,14.0,4.0,,,,2.0,3.0,,,1.0,0.34615384615384615,,0.2857142857142857,0.34615384615384615,0.6046511627906976,,,0.75,0.27906976744186046,0.4166666666666667,0.4166666666666667,1.0,0.32558139534883723,0.2857142857142857,0.2857142857142857,1.0,0.16666666666666666,,,0.3,0.4,0.25,0.2857142857142857,,24.13076923076923,0.17647058823529413,,,,,,1.0,,,,1.0,,1.0,0.3333333333333333,,,,,,,,,,,"[""single_row_table_data"", ""multi_row_table_data""]",{}
1643506,1611661327,Teja Oblak,Teja Oblak,1643506,PDX,2542.8999999999996,4,42.0,15.0,115,115,34.0,34.0,23,230,1.0,6.0,1.0,2.0,,1.0,2.0,7.0,1.0,1.0,4.0,14.0,1.0,21.0,107.0,1.0,2.0,,2.0,,1.0,,6.0,,8.0,,3.0,11.0,4.0,15.0,1.0,3.0,10.0,,1.0,34.0,2.0,,1.0,2.0,,3.0,2.0,5.0,,2.0,2.0,,8.0,2.0,5.0,3.0,1.0,3.0,11.0,3.0,5.0,2.0,8.0,,1.0,,3.0,,,3.0,,1.0,,,,,,,19.0,6.0,34.0,1.0,,,,,,,106.08695652173914,93.04347826086958,,,0.2857142857142857,0.5,,0.5555555555555556,0.5,1.0,0.5526315789473685,0.5,1.0,0.21428571428571427,0.3333333333333333,0.14285714285714285,20.97902097902098,0.7272727272727273,,0.09090909090909091,,0.03571428571428571,0.08695652173913043,0.06,0.03333333333333333,,,,0.1111111111111111,,0.14285714285714285,0.1111111111111111,,0.041666666666666664,,,0.3333333333333333,0.16666666666666666,0.25,,0.3888888888888889,0.2857142857142857,0.3333333333333333,,0.05555555555555555,1.0,1.0,,1.0,0.5,,0.3333333333333333,,0.5555555555555556,0.49017777777777777,0.49065,0.6478833333333334,0.05263157894736842,0.06666666666666667,0.09523809523809523,0.2857142857142857,5.671428571428572,0.6,0.6,,0.2956521739130435,player_totals,wnba,2026,Regular Season,/get-totals/wnba,"{""Season"": ""2026"", ""SeasonType"": ""Regular Season"", ""Type"": ""Player""}",20260602T225839Z,2026-06-02T22:58:42+00:00,418c45eb055ad4be17cb2b01b6b74cd786db4eb9fbfda48f630186422caf1ae1,2.0,2.0,1.0,2.0,2.0,,,1.0,1.0,4.0,4.0,,,2.0,2.0,12.0,,2.0,2.0,,,,,,,,1.0,1.0,,1.0,1.0,0.2222222222222222,,,,0.1111111111111111,1.0,1.0,1.0,0.1111111111111111,1.0,1.0,1.0,,,,0.3333333333333333,0.3333333333333333,1.0,1.0,,23.8,,,,,,1.0,,,,,,,1.0,1.0,,,,,,,,,,,"[""single_row_table_data"", ""multi_row_table_data""]",{}
1642804,1611661330,Te-Hina Paopao,Te-Hina Paopao,1642804,ATL,2531.6,7,42.0,-11.0,248,253,80.0,37.0,38,501,3.0,8.0,2.0,3.0,,3.0,2.0,6.0,1.0,1.0,6.0,15.0,5.0,47.0,251.0,3.0,4.0,,9.0,2.0,5.0,,25.0,6.0,6.0,2.0,5.0,10.0,3.0,13.0,3.0,,6.0,4.0,,29.0,,1.0,4.0,8.0,,12.0,1.0,13.0,,1.0,,1.0,6.0,1.0,4.0,2.0,,2.0,8.0,,3.0,6.0,11.0,,,1.0,6.0,,,6.0,,3.0,,2.0,,,1.0,2.0,38.0,25.0,80.0,,,,10.0,4.0,,3.0,96.7741935483871,99.2094861660079,0.5,0.6,0.4,0.75,0.4,0.5384615384615384,0.6428571428571429,0.7352941176470589,0.5595238095238095,0.6428571428571429,0.7352941176470589,0.3333333333333333,0.5,0.16666666666666666,17.064846416382252,0.75,,0.11428571428571428,0.015384615384615385,0.07272727272727272,,0.096,0.008064516129032258,,0.041666666666666664,,,,,0.12121212121212122,0.26666666666666666,0.09090909090909091,,,0.20512820512820512,0.375,0.75,,0.15384615384615385,0.3333333333333333,0.4,1.0,0.02564102564102564,1.0,1.0,1.0,0.42857142857142855,0.6666666666666666,,0.17647058823529413,,0.8205128205128205,0.5207884615384615,0.5468785714285714,0.5222794117647059,0.07142857142857142,0.16666666666666666,0.19148936170212766,0.5319148936170213,5.739999999999999,0.6,0.5,,0.3225806451612903,player_totals,wnba,2026,Regular Season,/get-totals/wnba,"{""Season"": ""2026"", ""SeasonType"": ""Regular Season"", ""Type"": ""Player""}",20260602T225839Z,2026-06-02T22:58:42+00:00,ca10637bc3b1a61a578205df3c917402ad9b5cb2d6d2d1600a9400786025c079,3.0,3.0,2.0,7.0,21.0,,2.0,5.0,10.0,10.0,24.0,1.0,3.0,7.0,12.0,27.0,3.0,21.0,7.0,,,,1.0,2.0,,1.0,0.9,0.4166666666666667,0.3333333333333333,0.5833333333333334,0.4166666666666667,0.6153846153846154,,,1.0,0.07692307692307693,1.0,1.0,1.0,0.5384615384615384,0.3333333333333333,0.3333333333333333,0.8571428571428571,0.2857142857142857,,,0.11764705882352941,0.5882352941176471,0.5,0.3333333333333333,,25.09166666666667,0.14285714285714285,,,,,,,,1.0,0.14285714285714285,,,2.0,1.0,,,,1.0,1.0,1.0,,,,,"[""single_row_table_data"", ""multi_row_table_data""]",{}
1641651,1611661328,Jordan Horston,Jordan Horston,1641651,SEA,2364.4,10,39.0,-6.0,371,376,90.0,81.0,33,747,6.0,12.0,1.0,3.0,1.0,1.0,6.0,20.0,2.0,4.0,14.0,36.0,7.0,41.0,378.0,1.0,6.0,2.0,4.0,2.0,4.0,1.0,5.0,18.0,10.0,2.0,2.0,9.0,2.0,11.0,2.0,,6.0,3.0,,24.0,1.0,6.0,14.0,14.0,1.0,29.0,7.0,36.0,2.0,12.0,10.0,2.0,9.0,3.0,4.0,5.0,,5.0,14.0,1.0,4.0,10.0,14.0,,1.0,1.0,6.0,,,8.0,,3.0,1.0,7.0,,,5.0,7.0,37.0,5.0,89.0,,1.0,,,,,,100.26954177897574,100.53191489361703,0.6428571428571429,0.6923076923076923,0.3888888888888889,0.16666666666666666,0.5,0.3333333333333333,0.14285714285714285,0.2857142857142857,0.37272727272727274,0.25,0.3125,0.05555555555555555,0.08333333333333333,0.05,16.91176470588235,0.6428571428571429,0.07142857142857142,0.14432989690721648,0.06315789473684211,0.16666666666666666,0.014285714285714285,0.15469613259668508,0.04242424242424243,0.043478260869565216,0.06,0.09090909090909091,0.018867924528301886,,0.07407407407407407,0.1111111111111111,0.28,0.2,,0.0625,0.23529411764705882,0.5,0.5454545454545454,0.5,0.39215686274509803,0.3,0.3157894736842105,0.8333333333333334,0.0784313725490196,0.5,0.5,0.5,0.42857142857142855,0.3333333333333333,,0.14285714285714285,1.0,0.5294117647058824,0.4792117647058824,0.5095714285714286,0.41904285714285716,0.05555555555555555,0.07692307692307693,0.0975609756097561,0.12195121951219512,7.227777777777778,0.3333333333333333,0.2857142857142857,,0.24258760107816713,player_totals,wnba,2026,Regular Season,/get-totals/wnba,"{""Season"": ""2026"", ""SeasonType"": ""Regular Season"", ""Type"": ""Player""}",20260602T225839Z,2026-06-02T22:58:42+00:00,db72683bb8974ee3b5054dca479cdb1cc1551bbf9a6ddbc701997719c992cfee,1.0,7.0,2.0,1.0,8.0,,1.0,,1.0,2.0,15.0,,1.0,,3.0,3.0,3.0,8.0,1.0,,,,,4.0,,,0.5,0.13333333333333333,,,0.13333333333333333,0.29411764705882354,,,0.5714285714285714,0.13725490196078433,0.14285714285714285,0.14285714285714285,1.0,0.1568627450980392,0.125,0.125,,0.14285714285714285,,,0.2857142857142857,0.14285714285714285,,0.125,,24.053333333333335,0.3076923076923077,,,,,,,,,,,,,,2.0,,,,,,,1.0,,,"[""single_row_table_data"", ""multi_row_table_data""]",{}
1643430,1611661322,Cotie McMahon,Cotie McMahon,1643430,WAS,2330.1,5,39.0,-39.0,153,153,38.0,42.0,11,306,2.0,8.0,,1.0,,2.0,3.0,4.0,,,5.0,12.0,5.0,27.0,172.0,,1.0,2.0,2.0,,3.0,3.0,3.0,4.0,6.0,,2.0,6.0,,6.0,,,4.0,2.0,,12.0,,2.0,4.0,2.0,,6.0,2.0,8.0,2.0,1.0,1.0,,2.0,1.0,2.0,4.0,,,6.0,,1.0,2.0,14.0,1.0,2.0,1.0,9.0,1.0,4.0,8.0,,3.0,1.0,1.0,,,1.0,1.0,25.0,3.0,37.0,1.0,1.0,,-1.0,13.0,-5.0,,86.9281045751634,112.41830065359477,0.4,0.4,0.4166666666666667,,,0.5238095238095238,,,0.54,0.5,0.25,0.16666666666666666,0.25,,18.562874251497007,0.3333333333333333,,0.047619047619047616,0.05555555555555555,0.11764705882352941,,0.07894736842105263,0.03389830508474576,0.0625,0.06666666666666667,,,,0.06666666666666667,,0.1111111111111111,0.0967741935483871,0.3333333333333333,0.2,0.38095238095238093,0.25,0.3333333333333333,,0.19047619047619047,0.75,0.75,0.6666666666666666,,,,,1.0,,,0.5,,0.8095238095238095,0.5584523809523809,0.5567,0.5731375,0.125,0.2,0.07407407407407407,0.1111111111111111,3.4499999999999997,0.5,1.0,,0.24836601307189543,player_totals,wnba,2026,Regular Season,/get-totals/wnba,"{""Season"": ""2026"", ""SeasonType"": ""Regular Season"", ""Type"": ""Player""}",20260602T225839Z,2026-06-02T22:58:42+00:00,cf046f5d58fa160f109757d5115bb1104f4e95b1c7521892c4f75fe01fd4dbea,1.0,1.0,,3.0,8.0,,,,1.0,4.0,9.0,,,,1.0,12.0,,8.0,3.0,,1.0,,,,,4.0,1.0,0.4444444444444444,,,0.4444444444444444,0.42857142857142855,,,,0.047619047619047616,1.0,1.0,1.0,0.38095238095238093,0.375,0.375,1.0,,,,,0.25,,0.375,,25.1,0.2,,,,,,,,,,,,,,,5.0,,,,,,,,,"[""single_row_table_data"", ""multi_row_table_data""]",{}
1643450,1611661322,Rori Harmon,Rori Harmon,1643450,WAS,2316.8,5,39.0,-20.0,112,118,47.0,63.0,17,230,,,,,,,1.0,4.0,,,1.0,4.0,3.0,8.0,117.0,,,,,,,1.0,1.0,,2.0,,,8.0,1.0,9.0,,1.0,5.0,3.0,,19.0,,,3.0,5.0,,8.0,,8.0,,5.0,3.0,2.0,6.0,2.0,6.0,5.0,1.0,,11.0,,3.0,3.0,9.0,,,1.0,7.0,,2.0,4.0,,1.0,1.0,,,,,,8.0,,46.0,2.0,,,,,5.0,,86.60714285714285,99.15254237288136,,,0.25,,,0.2777777777777778,,,0.36363636363636365,,0.16666666666666666,,,,16.923076923076923,0.5454545454545454,,0.15151515151515152,,0.14285714285714285,,0.14814814814814814,,,,,,,,0.17647058823529413,0.2857142857142857,0.0625,0.4,,,,,,0.4444444444444444,0.25,0.25,,,,,,,,,,,0.5555555555555556,0.4369277777777778,0.6405,0.3735,0.1,0.2,,0.125,7.0,,,,0.41964285714285715,player_totals,wnba,2026,Regular Season,/get-totals/wnba,"{""Season"": ""2026"", ""SeasonType"": ""Regular Season"", ""Type"": ""Player""}",20260602T225839Z,2026-06-02T22:58:42+00:00,10855978e6a8a04a1c08d73bdf343476b6fbb429abdce500ef4f2c57f2568926,,1.0,1.0,1.0,4.0,,1.0,,1.0,1.0,5.0,,1.0,,2.0,3.0,,4.0,1.0,,1.0,,,,,,1.0,0.2,,,0.2,0.5555555555555556,,,,0.1111111111111111,,,,0.4444444444444444,0.25,0.25,1.0,1.0,,,0.5,0.5,,0.25,,25.2,0.25,,,,1.0,,,,,,,,,,,,,,,,,,,,"[""single_row_table_data"", ""multi_row_table_data""]",{}
1627700,1611661332,Julie Allemand,Julie Allemand,1627700,TOR,2227.6,4,37.0,10.0,199,201,59.0,55.0,23,400,2.0,2.0,1.0,1.0,,,1.0,1.0,1.0,3.0,4.0,6.0,2.0,16.0,185.0,1.0,1.0,,5.0,,1.0,2.0,5.0,,8.0,,,11.0,5.0,16.0,3.0,2.0,6.0,1.0,4.0,37.0,,,3.0,7.0,1.0,11.0,,11.0,,7.0,5.0,2.0,5.0,,5.0,1.0,1.0,,6.0,,2.0,1.0,4.0,,,,6.0,,1.0,2.0,,1.0,,,,,,,11.0,5.0,59.0,,,,,,,,97.98994974874373,92.03980099502489,,,0.6666666666666666,1.0,,0.4666666666666667,1.25,0.375,0.5,1.25,0.5,,,,9.777777777777779,0.8333333333333334,0.14285714285714285,0.16666666666666666,,0.08108108108108109,,0.12658227848101267,,,,,,,0.047619047619047616,0.3157894736842105,,0.06896551724137931,0.125,,0.13333333333333333,1.0,1.0,,0.06666666666666667,1.0,1.0,,0.2,0.3333333333333333,0.3333333333333333,,0.5,1.0,,,,0.7333333333333333,0.52564,0.746,0.484475,0.0625,0.14285714285714285,0.3125,0.3125,11.333333333333334,,,0.5,0.2964824120603015,player_totals,wnba,2026,Regular Season,/get-totals/wnba,"{""Season"": ""2026"", ""SeasonType"": ""Regular Season"", ""Type"": ""Player""}",20260602T225839Z,2026-06-02T22:58:42+00:00,f0266ae8d43062c5b7e76da4855aaaea8d98d59837848f07018723e1abca10a4,,3.0,1.0,2.0,6.0,1.0,1.0,1.0,2.0,2.0,9.0,1.0,1.0,1.0,3.0,6.0,,6.0,2.0,,,,,,,,1.0,0.2222222222222222,1.0,0.3333333333333333,0.2222222222222222,0.6,,,,0.2,,,,0.4,0.3333333333333333,0.3333333333333333,1.0,0.5,1.0,1.0,0.25,0.5,0.5,0.3333333333333333,,24.288888888888888,0.42857142857142855,,,,,,,,,,1.0,,,,,,,,,,,,,,"[""single_row_table_data"", ""multi_row_table_data""]",{}
1628508,1611661331,Cecilia Zandalasini,Cecilia Zandalasini,1628508,GSV,2092.3,4,35.0,3.0,105,103,25.0,22.0,15,208,1.0,3.0,,,1.0,1.0,2.0,6.0,1.0,1.0,4.0,10.0,2.0,31.0,113.0,,,1.0,7.0,1.0,1.0,1.0,15.0,4.0,4.0,,2.0,2.0,4.0,6.0,2.0,2.0,2.0,,,16.0,1.0,1.0,2.0,3.0,,5.0,2.0,7.0,,1.0,1.0,,5.0,1.0,3.0,2.0,,2.0,7.0,1.0,1.0,1.0,2.0,,,,5.0,,1.0,5.0,,1.0,1.0,,,,,,24.0,15.0,25.0,1.0,,,,,,,110.47619047619047,109.70873786407766,0.5,0.5,0.4,,1.0,0.58,0.75,1.1666666666666667,0.5740740740740741,0.7,1.0714285714285714,0.2,0.3333333333333333,0.16666666666666666,27.868852459016395,0.7142857142857143,,0.14285714285714285,0.03333333333333333,0.08,0.038461538461538464,0.10869565217391304,0.03571428571428571,,,0.25,0.043478260869565216,,,0.3,,0.1,,,0.12,0.3333333333333333,0.5,1.0,0.24,0.3333333333333333,0.4,0.5,0.04,1.0,1.0,,,,,0.16666666666666666,1.0,0.72,0.5071220000000001,0.54925,0.5421666666666667,0.038461538461538464,0.09090909090909091,0.22580645161290322,0.4838709677419355,9.47,0.5,,,0.23809523809523808,player_totals,wnba,2026,Regular Season,/get-totals/wnba,"{""Season"": ""2026"", ""SeasonType"": ""Regular Season"", ""Type"": ""Player""}",20260602T225839Z,2026-06-02T22:58:42+00:00,b399c873922ceff27621935968662f7541dfb823c9f7fdd13f815ee39d1a9df4,,1.0,,7.0,14.0,2.0,3.0,4.0,5.0,7.0,15.0,2.0,4.0,4.0,5.0,12.0,9.0,14.0,7.0,,,,,,,,0.5714285714285714,0.4666666666666667,0.5,0.8,0.4666666666666667,0.6,,,,0.04,,,,0.56,0.5,0.5,0.5714285714285714,0.75,0.6666666666666666,1.0,,0.8333333333333334,0.8,0.5,,24.30666666666667,0.125,,,,,1.0,,,1.0,0.25,,,,,,,,,,,,,,,"[""single_row_table_data"", ""multi_row_table_data""]",{}
1643425,1611661321,Azzi Fudd,Azzi Fudd,1643425,DAL,2046.4,8,34.0,84.0,401,399,73.0,91.0,50,800,7.0,8.0,,,2.0,2.0,8.0,11.0,11.0,19.0,26.0,38.0,3.0,97.0,403.0,1.0,1.0,,14.0,4.0,6.0,,11.0,42.0,10.0,,,4.0,5.0,9.0,4.0,1.0,4.0,,,23.0,1.0,2.0,2.0,5.0,1.0,8.0,3.0,11.0,1.0,9.0,6.0,3.0,1.0,1.0,,4.0,1.0,1.0,5.0,1.0,,6.0,13.0,,,,3.0,,,4.0,,2.0,,8.0,,,5.0,8.0,83.0,11.0,73.0,,,,,,,,121.44638403990025,101.00250626566415,0.8076923076923077,0.8076923076923077,0.6842105263157895,1.0,0.6666666666666666,0.6714285714285714,1.0,0.6111111111111112,0.6736111111111112,1.0,0.6111111111111112,,,,16.70281995661605,0.2,0.1111111111111111,0.04065040650406504,0.01904761904761905,0.029411764705882353,0.0125,0.03664921465968586,0.016216216216216217,,0.022727272727272728,0.03225806451612903,,0.058823529411764705,0.023809523809523808,0.07017543859649122,,0.03508771929824561,,0.034482758620689655,0.11428571428571428,0.875,0.875,0.8571428571428571,0.15714285714285714,0.7272727272727273,0.7272727272727273,0.75,0.2714285714285714,0.5789473684210527,0.5789473684210527,0.8181818181818182,,,,0.2222222222222222,1.0,0.5714285714285714,0.48402,0.5208916666666666,0.47855,0.027777777777777776,0.05,0.14432989690721648,0.1134020618556701,11.739473684210527,,0.3333333333333333,0.25,0.18204488778054864,player_totals,wnba,2026,Regular Season,/get-totals/wnba,"{""Season"": ""2026"", ""SeasonType"": ""Regular Season"", ""Type"": ""Player""}",20260602T225839Z,2026-06-02T22:58:42+00:00,8166c241d1d84150150fd801e6a04034c7ad806991c75cb9163a80aa426fca27,4.0,8.0,,10.0,24.0,3.0,5.0,1.0,3.0,14.0,32.0,4.0,6.0,1.0,3.0,39.0,3.0,24.0,10.0,1.0,,,3.0,4.0,,,0.9285714285714286,0.4375,0.6666666666666666,0.3333333333333333,0.4375,0.45714285714285713,0.03125,,0.5,0.11428571428571428,0.5,0.5,1.0,0.34285714285714286,0.4166666666666667,0.43478260869565216,0.9,0.7142857142857143,0.6,1.0,,0.3333333333333333,0.3333333333333333,0.4166666666666667,,24.528125,0.2222222222222222,,1.0,,,,,,1.0,0.14285714285714285,1.0,0.041666666666666664,,,,,,1.0,1.0,1.0,,,,,"[""single_row_table_data"", ""multi_row_table_data""]",{}
1643427,1611661322,Lauren Betts,Lauren Betts,1643427,WAS,2026.6,7,34.0,-34.0,169,177,47.0,69.0,21,346,5.0,12.0,2.0,5.0,1.0,2.0,8.0,13.0,,4.0,13.0,29.0,10.0,36.0,189.0,3.0,8.0,2.0,8.0,4.0,6.0,7.0,15.0,22.0,4.0,2.0,2.0,2.0,,2.0,,,1.0,1.0,,4.0,2.0,5.0,4.0,4.0,4.0,12.0,7.0,19.0,3.0,,,,1.0,,,2.0,,1.0,3.0,,1.0,4.0,10.0,,1.0,2.0,13.0,,,13.0,1.0,6.0,1.0,3.0,,,3.0,3.0,28.0,15.0,47.0,,1.0,,4.0,,2.0,,91.71597633136095,106.77966101694915,0.8461538461538461,0.9166666666666666,0.4482758620689655,0.375,0.6666666666666666,0.4482758620689655,0.375,0.6666666666666666,0.5142857142857142,0.4,0.75,0.06896551724137931,0.16666666666666666,,19.289340101522843,0.3333333333333333,0.4,0.08888888888888889,0.10416666666666667,0.1,0.05405405405405406,0.09411764705882353,0.08235294117647059,0.2222222222222222,0.041666666666666664,,0.03333333333333333,0.14285714285714285,,0.13043478260869565,0.1,0.09090909090909091,0.14285714285714285,0.21428571428571427,0.41379310344827586,0.4166666666666667,0.5,0.8,0.4482758620689655,0.6153846153846154,0.6153846153846154,0.875,0.13793103448275862,,,,0.625,0.4,0.5,0.3333333333333333,0.5,0.41379310344827586,0.45987586206896547,0.5104428571428572,0.4361,0.17647058823529413,0.17647058823529413,0.2222222222222222,0.4166666666666667,7.048275862068966,0.5714285714285714,,0.25,0.2781065088757396,player_totals,wnba,2026,Regular Season,/get-totals/wnba,"{""Season"": ""2026"", ""SeasonType"": ""Regular Season"", ""Type"": ""Player""}",20260602T225839Z,2026-06-02T22:58:42+00:00,0b787843ec812bb8326ecaf7528d7322a8b89e985d74a84dbcfaa5635b14fccd,,,,,,,,,,,,,,,,,,,,,,,,1.0,,2.0,,,,,,,,,0.3333333333333333,,,,,,,,,,,,,,,,,,,,,,,,,,,,,,,,,,,,,,,,,,"[""single_row_table_data"", ""multi_row_table_data""]",{}
204333,1611661329,Natasha Cloud,Natasha Cloud,204333,CHI,1919.5,7,32.0,-36.0,410,419,105.0,125.0,47,829,13.0,17.0,,1.0,2.0,3.0,5.0,12.0,3.0,5.0,21.0,34.0,16.0,76.0,451.0,1.0,4.0,,2.0,5.0,9.0,2.0,18.0,12.0,30.0,,1.0,21.0,10.0,31.0,5.0,5.0,10.0,8.0,3.0,72.0,1.0,1.0,18.0,11.0,1.0,30.0,2.0,32.0,,7.0,6.0,1.0,15.0,4.0,12.0,5.0,,3.0,20.0,2.0,7.0,13.0,28.0,,4.0,1.0,18.0,2.0,,22.0,2.0,11.0,1.0,2.0,1.0,1.0,1.0,3.0,74.0,18.0,105.0,1.0,1.0,4.0,16.0,3.0,11.0,10.0,101.21951219512196,107.63723150357994,0.2857142857142857,0.2857142857142857,0.6176470588235294,0.25,0.5555555555555556,0.5263157894736842,0.25,0.5,0.5671641791044776,0.25,0.5294117647058824,0.029411764705882353,,0.08333333333333333,18.79049676025918,0.75,0.09090909090909091,0.09565217391304348,0.009615384615384616,0.2535211267605634,0.010101010101010102,0.15591397849462366,0.009852216748768473,0.018867924528301886,,,0.013333333333333334,,0.08333333333333333,0.1282051282051282,0.075,0.288135593220339,0.08333333333333333,,0.2982456140350877,0.7647058823529411,0.7647058823529411,0.3076923076923077,0.21052631578947367,0.4166666666666667,0.45454545454545453,0.2,0.08771929824561403,0.6,0.6,0.3333333333333333,0.25,,,0.1875,0.6666666666666666,0.7017543859649122,0.5004947368421052,0.4453666666666667,0.43828125,0.16666666666666666,0.2558139534883721,0.02631578947368421,0.23684210526315788,6.0323529411764705,0.5,0.2857142857142857,0.5,0.25609756097560976,player_totals,wnba,2026,Regular Season,/get-totals/wnba,"{""Season"": ""2026"", ""SeasonType"": ""Regular Season"", ""Type"": ""Player""}",20260602T225839Z,2026-06-02T22:58:42+00:00,dd02477f9b61ac938f5254baa45eaa0ca6abe6b83f020c0d752fbb64cdbe7b4e,2.0,3.0,,4.0,20.0,,,2.0,7.0,6.0,23.0,,,2.0,7.0,18.0,,20.0,4.0,,,,,,,4.0,1.0,0.2608695652173913,,0.2857142857142857,0.2608695652173913,0.40350877192982454,,,,0.05263157894736842,0.6666666666666666,0.6666666666666666,1.0,0.3508771929824561,0.2,0.2,1.0,,,,,0.4375,0.2857142857142857,0.2,,24.343478260869563,0.23529411764705882,,,,1.0,,,,,,,,,,1.0,,,,,,,,,,"[""single_row_table_data"", ""multi_row_table_data""]",{}
1642302,1611661330,Isobel Borlase,Isobel Borlase,1642302,ATL,1911.3000000000002,7,32.0,-4.0,100,102,36.0,15.0,11,202,2.0,5.0,,1.0,1.0,3.0,3.0,4.0,,,5.0,9.0,,16.0,115.0,,2.0,,,4.0,7.0,,8.0,10.0,,,,5.0,1.0,6.0,1.0,,5.0,,,13.0,1.0,,1.0,3.0,1.0,5.0,2.0,7.0,,,,,,,,1.0,1.0,,1.0,,1.0,,1.0,,,,2.0,,,,,,,1.0,,,1.0,1.0,16.0,8.0,35.0,1.0,,,,,,,111.0,112.74509803921569,1.0,1.0,0.5555555555555556,,0.5714285714285714,0.5333333333333333,,0.5,0.5333333333333333,,0.5,,,,13.913043478260871,,0.3333333333333333,0.1,,0.07142857142857142,0.045454545454545456,0.09090909090909091,0.023809523809523808,,,,0.05555555555555555,,0.07692307692307693,,0.3333333333333333,,0.14285714285714285,,0.3333333333333333,0.4,0.4,1.0,0.26666666666666666,0.75,0.75,1.0,,,,,0.3333333333333333,,,0.375,0.3333333333333333,0.7333333333333333,0.5089566666666667,0.3528,0.46741875,,,,0.5,4.6,0.6666666666666666,,,0.36,player_totals,wnba,2026,Regular Season,/get-totals/wnba,"{""Season"": ""2026"", ""SeasonType"": ""Regular Season"", ""Type"": ""Player""}",20260602T225839Z,2026-06-02T22:58:42+00:00,49ae99c00ac04021731e5b33fa20928b8515e543018f72a788cd7ee6b10da86c,,,,2.0,6.0,,1.0,,1.0,2.0,6.0,,1.0,,1.0,6.0,,6.0,2.0,,,,,1.0,,,1.0,0.3333333333333333,,,0.3333333333333333,0.4,,,1.0,,,,,0.4,0.3333333333333333,0.3333333333333333,1.0,0.3333333333333333,,,,0.125,,0.3333333333333333,,24.400000000000002,0.25,1.0,,0.14285714285714285,,,,,,,,,,,,,,,,,,,,,"[""single_row_table_data"", ""multi_row_table_data""]",{}
1643431,1611661330,Madina Okot,Madina Okot,1643431,ATL,1887.5,7,31.0,14.0,127,124,48.0,21.0,17,251,13.0,15.0,2.0,2.0,7.0,8.0,1.0,7.0,,,14.0,22.0,5.0,33.0,115.0,2.0,4.0,1.0,5.0,7.0,9.0,3.0,17.0,22.0,6.0,2.0,4.0,2.0,,2.0,,,2.0,,,4.0,,5.0,6.0,14.0,2.0,22.0,6.0,28.0,1.0,1.0,,1.0,5.0,,3.0,7.0,,2.0,12.0,1.0,2.0,4.0,10.0,1.0,1.0,2.0,6.0,,,8.0,2.0,4.0,1.0,2.0,,,1.0,2.0,28.0,17.0,48.0,,1.0,,1.0,-6.0,4.0,,101.5748031496063,92.74193548387098,0.7857142857142857,0.8461538461538461,0.6363636363636364,0.5,0.7777777777777778,0.56,0.5,0.7777777777777778,0.5892857142857143,0.5,0.7727272727272727,0.18181818181818182,,0.5714285714285714,27.2108843537415,0.4166666666666667,0.4,0.3888888888888889,0.16666666666666666,0.1935483870967742,,0.29850746268656714,0.08333333333333333,0.07692307692307693,0.21428571428571427,0.3333333333333333,,,0.3333333333333333,0.4666666666666667,0.3333333333333333,0.25,,0.14285714285714285,0.6,0.8666666666666667,0.8666666666666667,0.8461538461538461,0.28,0.14285714285714285,0.3333333333333333,,,,,,0.5,1.0,0.5,0.8888888888888888,0.875,0.72,0.523396,0.47185,0.5818,0.14814814814814814,0.16666666666666666,0.15151515151515152,0.5151515151515151,3.727272727272727,0.5,0.2,,0.3779527559055118,player_totals,wnba,2026,Regular Season,/get-totals/wnba,"{""Season"": ""2026"", ""SeasonType"": ""Regular Season"", ""Type"": ""Player""}",20260602T225839Z,2026-06-02T22:58:42+00:00,991b58fcd979030aeb920747645f917e78f74e2ec136abea9f77feb4da4c80b4,,,,,3.0,,,,,,3.0,,,,,,,3.0,,,3.0,,1.0,1.0,2.0,2.0,,,,,,0.12,,,0.5,,,,,0.12,,,,,,,,,,,,25.46666666666667,0.3333333333333333,1.0,,0.14285714285714285,,,,,,,,,,,,,,,,,,,,,"[""single_row_table_data"", ""multi_row_table_data""]",{}
1642815,1611661325,Makayla Timpson,Makayla Timpson,1642815,IND,1857.0999999999997,8,31.0,5.0,246,249,94.0,111.0,30,495,14.0,22.0,4.0,6.0,5.0,6.0,2.0,4.0,,,16.0,26.0,7.0,39.0,273.0,4.0,6.0,3.0,11.0,5.0,7.0,2.0,12.0,26.0,6.0,4.0,6.0,4.0,2.0,6.0,2.0,,2.0,2.0,,14.0,3.0,10.0,6.0,9.0,3.0,18.0,13.0,31.0,,4.0,4.0,,1.0,,1.0,1.0,,,2.0,,,3.0,13.0,,2.0,1.0,10.0,,,11.0,1.0,5.0,1.0,3.0,,,2.0,3.0,28.0,12.0,94.0,1.0,1.0,2.0,3.0,6.0,,,113.00813008130082,109.63855421686746,0.8125,0.9285714285714286,0.6153846153846154,0.6666666666666666,0.7142857142857143,0.6153846153846154,0.6666666666666666,0.7142857142857143,0.6290322580645161,0.7857142857142857,0.75,0.23076923076923078,0.2727272727272727,,11.827956989247312,0.5,0.375,0.13846153846153847,0.18518518518518517,0.17142857142857143,0.06521739130434782,0.15,0.13,0.2608695652173913,0.21052631578947367,,0.06060606060606061,0.07692307692307693,0.047619047619047616,0.14705882352941177,0.3,0.11764705882352941,0.2222222222222222,,0.8461538461538461,0.6363636363636364,0.875,0.7857142857142857,0.15384615384615385,0.5,0.5,1.0,,,,,1.0,0.6666666666666666,0.25,0.8571428571428571,0.8333333333333334,0.8461538461538461,0.5899,0.57014,0.5794142857142858,0.16666666666666666,0.16666666666666666,0.28205128205128205,0.3076923076923077,2.957692307692308,0.375,,,0.3821138211382114,player_totals,wnba,2026,Regular Season,/get-totals/wnba,"{""Season"": ""2026"", ""SeasonType"": ""Regular Season"", ""Type"": ""Player""}",20260602T225839Z,2026-06-02T22:58:42+00:00,869a2845e7834a4889da0c75d95820690879ad2da196879185ec8c88a58690a4,,,,,,,,,,,,,,,,,,,,,,,1.0,,,,,,,,,,,,,,,,,,,,,,,,,,,,,,,,,,,,,,,,,,,,,,,,,,,,,,"[""single_row_table_data"", ""multi_row_table_data""]",{}
1629576,1611661332,Maria Conde,Maria Conde,1629576,TOR,1777.8,9,30.0,-6.0,417,428,147.0,146.0,57,845,5.0,20.0,2.0,4.0,4.0,7.0,1.0,4.0,1.0,4.0,7.0,28.0,8.0,67.0,480.0,2.0,5.0,2.0,9.0,5.0,11.0,3.0,22.0,12.0,2.0,2.0,4.0,4.0,5.0,9.0,2.0,3.0,2.0,2.0,,23.0,5.0,5.0,8.0,14.0,3.0,25.0,10.0,35.0,2.0,2.0,2.0,,6.0,1.0,4.0,4.0,1.0,2.0,10.0,2.0,6.0,10.0,20.0,,,1.0,10.0,,1.0,9.0,1.0,5.0,,1.0,,,1.0,1.0,58.0,22.0,147.0,1.0,,,7.0,6.0,-9.0,4.0,113.66906474820144,112.14953271028037,0.8571428571428571,1.0,0.25,0.4,0.45454545454545453,0.427536231884058,0.5,0.41304347826086957,0.4589041095890411,0.5625,0.4583333333333333,0.14285714285714285,0.15,0.25,17.219917012448132,0.6,0.2,0.1590909090909091,0.050505050505050504,0.09090909090909091,0.04672897196261682,0.125,0.04854368932038835,0.05,,0.13043478260869565,0.03409090909090909,0.10526315789473684,0.15555555555555556,0.18181818181818182,0.1,0.109375,0.041666666666666664,0.047619047619047616,0.2898550724637681,0.25,0.29411764705882354,0.8,0.057971014492753624,0.25,0.3333333333333333,1.0,0.057971014492753624,0.25,0.25,1.0,0.5714285714285714,0.5,0.5,0.30434782608695654,0.5714285714285714,0.8840579710144928,0.5370086956521739,0.58805,0.5046413043478261,0.0684931506849315,0.15625,0.13432835820895522,0.3283582089552239,5.053571428571429,0.4,0.3333333333333333,0.3333333333333333,0.35251798561151076,player_totals,wnba,2026,Regular Season,/get-totals/wnba,"{""Season"": ""2026"", ""SeasonType"": ""Regular Season"", ""Type"": ""Player""}",20260602T225839Z,2026-06-02T22:58:42+00:00,1f746054ebf5ae4f3e7a0c7307b8609a058475a751dd2d3cac79c82855a8771e,4.0,10.0,2.0,11.0,31.0,1.0,1.0,2.0,10.0,15.0,41.0,1.0,2.0,3.0,12.0,45.0,,31.0,11.0,,,,,,,1.0,1.0,0.36585365853658536,0.5,0.25,0.36585365853658536,0.5942028985507246,,,,0.14492753623188406,0.4,0.4,1.0,0.4492753623188406,0.3548387096774194,0.3548387096774194,1.0,0.14285714285714285,1.0,1.0,0.08695652173913043,0.43478260869565216,0.2,0.3548387096774194,,24.36341463414634,0.16,,,,,,,,1.0,0.14285714285714285,,,1.0,0.5,,,,,,,,,,,"[""single_row_table_data"", ""multi_row_table_data""]",{}
1641648,1611661325,Aliyah Boston,Aliyah Boston,1641648,IND,1699.9,7,28.0,18.0,344,340,107.0,113.0,46,684,20.0,29.0,2.0,3.0,6.0,10.0,12.0,26.0,1.0,3.0,33.0,58.0,27.0,111.0,371.0,4.0,9.0,4.0,15.0,11.0,21.0,27.0,55.0,42.0,24.0,2.0,4.0,7.0,11.0,18.0,9.0,2.0,4.0,1.0,2.0,47.0,5.0,8.0,7.0,31.0,,38.0,14.0,52.0,2.0,8.0,5.0,3.0,5.0,1.0,4.0,10.0,,1.0,15.0,1.0,4.0,6.0,22.0,2.0,3.0,5.0,39.0,6.0,1.0,32.0,,5.0,11.0,4.0,,,2.0,4.0,96.0,55.0,106.0,5.0,11.0,,3.0,5.0,8.0,1.0,113.0813953488372,109.11764705882354,0.6363636363636364,0.65625,0.5689655172413793,0.4444444444444444,0.5238095238095238,0.56,0.5,0.5,0.6098901098901099,0.5357142857142857,0.625,0.06896551724137931,0.06896551724137931,0.07692307692307693,26.633165829145728,0.3333333333333333,,0.3522727272727273,0.1038961038961039,0.12727272727272726,0.0641025641025641,0.26573426573426573,0.08387096774193549,0.08333333333333333,0.034482758620689655,0.3333333333333333,0.08771929824561403,,0.3870967741935484,0.4146341463414634,0.125,0.12195121951219512,0.14285714285714285,0.06896551724137931,0.38666666666666666,0.6896551724137931,0.7407407407407407,0.75,0.3466666666666667,0.46153846153846156,0.5,0.4166666666666667,0.04,0.3333333333333333,0.3333333333333333,1.0,0.2727272727272727,0.6666666666666666,0.5,0.35714285714285715,0.6,0.6133333333333333,0.5010826666666667,0.458115,0.5020625,0.0625,0.07936507936507936,0.13513513513513514,0.4954954954954955,5.948275862068965,0.5555555555555556,0.4166666666666667,0.5,0.311046511627907,player_totals,wnba,2026,Regular Season,/get-totals/wnba,"{""Season"": ""2026"", ""SeasonType"": ""Regular Season"", ""Type"": ""Player""}",20260602T225839Z,2026-06-02T22:58:42+00:00,54e432ba5ee376b2774318a358f724e6e7e6ed24d54ade5a16ec2f7c9199522b,,2.0,1.0,6.0,15.0,1.0,2.0,2.0,6.0,6.0,17.0,1.0,2.0,2.0,7.0,18.0,,15.0,6.0,,1.0,,1.0,4.0,,,1.0,0.35294117647058826,0.5,0.2857142857142857,0.35294117647058826,0.22666666666666666,,,1.0,0.02666666666666667,,,,0.2,0.4,0.4,1.0,0.18181818181818182,0.5,1.0,0.03571428571428571,0.21428571428571427,0.3333333333333333,0.4,,25.21764705882353,0.3,1.0,,0.14285714285714285,,,,,,,,,,,1.0,,,,,,,,,,"[""single_row_table_data"", ""multi_row_table_data""]",{}
1643644,1611661322,Alicia Florez Getino,Alicia Florez Getino,1643644,WAS,1651.2,2,28.0,2.0,90,91,36.0,42.0,11,181,,1.0,,1.0,,,3.0,7.0,1.0,2.0,4.0,10.0,3.0,14.0,95.0,,1.0,,,,2.0,1.0,1.0,4.0,4.0,,1.0,6.0,4.0,10.0,4.0,,3.0,3.0,,24.0,2.0,1.0,2.0,1.0,,3.0,3.0,6.0,,2.0,1.0,1.0,1.0,,1.0,,,,1.0,,,2.0,7.0,,,,6.0,,2.0,4.0,,1.0,1.0,,,,,,14.0,1.0,36.0,1.0,1.0,,6.0,5.0,5.0,,107.77777777777777,104.3956043956044,0.5,0.5,0.4,,,0.3055555555555556,,,0.35,,0.1,0.1,,0.14285714285714285,19.81132075471698,1.0,,0.05,0.045454545454545456,0.10526315789473684,0.08695652173913043,0.07692307692307693,0.06666666666666667,0.2,,,0.1,,,,0.3333333333333333,0.1111111111111111,,,0.05555555555555555,,,,0.3888888888888889,0.42857142857142855,0.5,0.6666666666666666,0.1111111111111111,0.5,0.5,,0.3333333333333333,,,,,0.5,0.45026111111111106,0.51635,0.3621125,0.05263157894736842,0.09090909090909091,,0.07142857142857142,9.290000000000001,,,1.0,0.4,player_totals,wnba,2026,Regular Season,/get-totals/wnba,"{""Season"": ""2026"", ""SeasonType"": ""Regular Season"", ""Type"": ""Player""}",20260602T225839Z,2026-06-02T22:58:42+00:00,8ba17cb7b759a3a18ce0f0c28f4b612f34e1c1e856dd8727a64d052ff8d4e5ab,,2.0,,1.0,6.0,,1.0,,2.0,1.0,8.0,,2.0,,2.0,3.0,,6.0,1.0,,,,,,,,1.0,0.125,,,0.125,0.4444444444444444,,,,0.1111111111111111,,,,0.3333333333333333,0.16666666666666666,0.16666666666666666,1.0,0.3333333333333333,,,,0.5,,0.16666666666666666,,23.8875,0.16666666666666666,,,,,,,,1.0,0.3333333333333333,,,,,,,,,,,,,,,"[""single_row_table_data"", ""multi_row_table_data""]",{}
204365,1611661320,Erica Wheeler,Erica Wheeler,204365,LAS,1643.5,8,27.0,11.0,459,460,182.0,165.0,64,919,9.0,18.0,1.0,1.0,5.0,10.0,8.0,19.0,2.0,5.0,19.0,42.0,11.0,67.0,516.0,2.0,4.0,,4.0,9.0,19.0,9.0,33.0,20.0,18.0,,4.0,29.0,14.0,43.0,13.0,1.0,21.0,7.0,1.0,100.0,3.0,1.0,9.0,5.0,1.0,15.0,4.0,19.0,1.0,11.0,8.0,3.0,11.0,4.0,9.0,7.0,1.0,2.0,18.0,1.0,4.0,8.0,23.0,,,1.0,22.0,2.0,4.0,14.0,,2.0,4.0,1.0,,,1.0,1.0,63.0,29.0,180.0,4.0,2.0,1.0,-2.0,11.0,-18.0,14.0,114.81481481481482,112.17391304347827,0.5263157894736842,0.5263157894736842,0.4523809523809524,0.5,0.47368421052631576,0.4057971014492754,0.2222222222222222,0.3870967741935484,0.44,0.2222222222222222,0.4444444444444444,0.09523809523809523,0.05555555555555555,0.10526315789473684,17.51412429378531,0.6111111111111112,0.07692307692307693,0.05102040816326531,0.009615384615384616,0.09574468085106383,0.03260869565217391,0.07291666666666667,0.02040816326530612,0.02631578947368421,,,0.02857142857142857,0.045454545454545456,0.05714285714285714,0.0425531914893617,0.0625,0.07792207792207792,0.17647058823529413,0.02631578947368421,0.2608695652173913,0.5,0.5294117647058824,0.5555555555555556,0.2753623188405797,0.42105263157894735,0.47058823529411764,0.625,0.07246376811594203,0.4,0.5,,0.1111111111111111,1.0,1.0,0.3225806451612903,0.5,0.6521739130434783,0.47052058823529413,0.46025,0.448275,0.028169014084507043,0.045454545454545456,0.05970149253731343,0.4925373134328358,6.866666666666666,0.5555555555555556,0.5454545454545454,0.3333333333333333,0.39651416122004357,player_totals,wnba,2026,Regular Season,/get-totals/wnba,"{""Season"": ""2026"", ""SeasonType"": ""Regular Season"", ""Type"": ""Player""}",20260602T225839Z,2026-06-02T22:58:42+00:00,d7a41ac469eed5b314ca145f63620faca46a3c58ad3217a687ab0d058626fbbc,,2.0,,6.0,25.0,,4.0,2.0,12.0,6.0,27.0,,5.0,2.0,12.0,12.0,6.0,25.0,6.0,1.0,,,,1.0,,7.0,0.6666666666666666,0.2222222222222222,,0.16666666666666666,0.2222222222222222,0.391304347826087,0.037037037037037035,,1.0,0.028985507246376812,,,,0.36231884057971014,0.24,0.25,0.6666666666666666,0.4444444444444444,,,,0.3870967741935484,0.16666666666666666,0.24,,26.414814814814818,0.3,,,,1.0,2.0,,0.2,1.0,0.1111111111111111,,0.04,,,,,,,,,,,,,"[""single_row_table_data"", ""multi_row_table_data""]",{}
1630112,1611661325,Tyasha Harris,Tyasha Harris,1630112,IND,1627.2,7,27.0,2.0,183,179,68.0,73.0,16,362,1.0,3.0,,,,,1.0,2.0,2.0,4.0,4.0,9.0,4.0,18.0,179.0,,,2.0,2.0,1.0,2.0,,2.0,2.0,6.0,,,8.0,5.0,13.0,4.0,1.0,5.0,3.0,,31.0,1.0,,1.0,6.0,,7.0,1.0,8.0,1.0,2.0,2.0,,4.0,2.0,3.0,2.0,,1.0,6.0,,1.0,2.0,6.0,,1.0,,3.0,,,4.0,,2.0,,1.0,,,,1.0,16.0,2.0,68.0,1.0,,,,,5.0,,98.9071038251366,100.0,0.25,0.25,0.4444444444444444,,0.5,0.3181818181818182,,0.14285714285714285,0.375,0.3333333333333333,0.14285714285714285,,,,15.0,0.6666666666666666,,0.1111111111111111,,0.03571428571428571,0.023809523809523808,0.08536585365853659,0.014084507042253521,,,,0.029411764705882353,,0.08,0.14285714285714285,0.125,,0.125,0.06666666666666667,0.13636363636363635,0.3333333333333333,0.3333333333333333,1.0,0.09090909090909091,0.5,0.5,,0.18181818181818182,0.5,0.5,,,,,,,0.7272727272727273,0.5305452380952381,0.6609,0.5189833333333334,0.08333333333333333,0.18181818181818182,0.1111111111111111,0.1111111111111111,9.433333333333334,0.5,,0.5,0.37158469945355194,player_totals,wnba,2026,Regular Season,/get-totals/wnba,"{""Season"": ""2026"", ""SeasonType"": ""Regular Season"", ""Type"": ""Player""}",20260602T225839Z,2026-06-02T22:58:42+00:00,52ad918dcd1a48e97eec0759bf3479a4d07260a330c75615b3d163ea03eb6656,,2.0,1.0,2.0,11.0,,1.0,,4.0,2.0,13.0,,2.0,,5.0,6.0,,11.0,2.0,,,,1.0,1.0,,,1.0,0.15384615384615385,,,0.15384615384615385,0.5909090909090909,,,1.0,0.09090909090909091,,,,0.5,0.18181818181818182,0.18181818181818182,1.0,0.5,,,0.14285714285714285,0.5714285714285714,,0.18181818181818182,,27.77692307692308,0.2,,,,,,,,1.0,0.5,,,,,,,,,,,,,,,"[""single_row_table_data"", ""multi_row_table_data""]",{}
1643433,1611661325,Raven Johnson,Raven Johnson,1643433,IND,1573.9,8,26.0,-21.0,215,226,77.0,93.0,24,441,7.0,9.0,,,3.0,3.0,4.0,8.0,,,11.0,17.0,5.0,39.0,240.0,,,2.0,2.0,3.0,6.0,3.0,18.0,16.0,6.0,,1.0,5.0,5.0,10.0,5.0,,5.0,,,25.0,3.0,,7.0,7.0,1.0,15.0,3.0,18.0,,2.0,,2.0,7.0,,3.0,4.0,,4.0,11.0,1.0,3.0,5.0,19.0,1.0,2.0,,4.0,,,6.0,,3.0,,3.0,,,1.0,3.0,37.0,18.0,77.0,5.0,,,6.0,5.0,9.0,,101.86046511627907,106.19469026548674,0.7272727272727273,0.7272727272727273,0.6470588235294118,,0.5,0.5,,0.5357142857142857,0.527027027027027,1.0,0.5625,0.058823529411764705,0.1111111111111111,,19.591836734693874,0.6363636363636364,0.1,0.11666666666666667,,0.2,0.058823529411764705,0.14736842105263157,0.030303030303030304,,,,0.08823529411764706,,0.16,0.07692307692307693,0.1111111111111111,0.16666666666666666,0.2727272727272727,,0.2647058823529412,0.7777777777777778,0.875,0.7142857142857143,0.23529411764705882,0.5,0.5,0.75,,,,,,,,0.21428571428571427,1.0,0.7647058823529411,0.5121955882352942,,0.506775,0.08108108108108109,0.15,0.05128205128205128,0.46153846153846156,5.2176470588235295,,0.25,,0.3581395348837209,player_totals,wnba,2026,Regular Season,/get-totals/wnba,"{""Season"": ""2026"", ""SeasonType"": ""Regular Season"", ""Type"": ""Player""}",20260602T225839Z,2026-06-02T22:58:42+00:00,0ab7af0147e5841b7d6ff9bb6f43655996d71b14b84bf990927fe2b09407dd78,2.0,7.0,3.0,2.0,10.0,,,1.0,5.0,4.0,17.0,,,3.0,8.0,12.0,,10.0,2.0,,,,2.0,3.0,,1.0,1.0,0.23529411764705882,,0.375,0.23529411764705882,0.5,,,1.0,0.20588235294117646,0.2857142857142857,0.2857142857142857,1.0,0.29411764705882354,0.2,0.2,1.0,,,,0.21428571428571427,0.35714285714285715,0.2,0.2,,24.276470588235295,0.23076923076923078,,2.0,,,,,,,,,,2.0,0.6666666666666666,,,,,,,,,,,"[""single_row_table_data"", ""multi_row_table_data""]",{}
1643453,1611661325,Grace VanSlooten,Grace VanSlooten,1643453,IND,1489.7,6,25.0,-25.0,114,114,29.0,27.0,8,228,3.0,5.0,,,2.0,3.0,1.0,1.0,,,4.0,6.0,5.0,19.0,132.0,,,,3.0,3.0,4.0,1.0,7.0,6.0,2.0,,1.0,2.0,1.0,3.0,1.0,,1.0,1.0,,7.0,,1.0,1.0,4.0,,5.0,1.0,6.0,,4.0,3.0,1.0,,1.0,,1.0,,,1.0,,,1.0,2.0,,,,7.0,,1.0,8.0,,4.0,,3.0,,,,3.0,16.0,7.0,29.0,,,,1.0,,,,93.85964912280703,115.78947368421053,0.75,0.75,0.6666666666666666,,0.75,0.7777777777777778,1.5,0.75,0.7307692307692307,1.5,0.7,0.16666666666666666,0.2,,11.382113821138212,,,0.14285714285714285,0.03125,0.05,,0.10416666666666667,0.019230769230769232,,0.08333333333333333,,,,0.2,,0.2857142857142857,0.0625,,,0.5555555555555556,0.6,0.75,0.6666666666666666,0.1111111111111111,1.0,1.0,1.0,,,,,,,,0.75,0.6666666666666666,0.8888888888888888,0.585911111111111,0.36495,0.59645,0.3076923076923077,0.4,0.15789473684210525,0.3684210526315789,2.4499999999999997,,,,0.2543859649122807,player_totals,wnba,2026,Regular Season,/get-totals/wnba,"{""Season"": ""2026"", ""SeasonType"": ""Regular Season"", ""Type"": ""Player""}",20260602T225839Z,2026-06-02T22:58:42+00:00,37414942d47af3e33108c47193a44364f3197391c77a050c3c2b0fbc74e6315c,,1.0,,2.0,2.0,1.0,1.0,,,2.0,3.0,1.0,1.0,,,6.0,,2.0,2.0,,,,3.0,2.0,,,1.0,0.6666666666666666,1.0,,0.6666666666666666,0.3333333333333333,,,0.6666666666666666,0.1111111111111111,,,,0.2222222222222222,1.0,1.0,1.0,1.0,1.0,1.0,,,,1.0,,23.866666666666664,,,,,,,,,,,,,,,,,,,,,,,,,"[""single_row_table_data"", ""multi_row_table_data""]",{}
204335,1611661313,Betnijah Laney-Hamilton,Betnijah Laney-Hamilton,204335,NYL,1405.3,6,23.0,45.0,245,246,77.0,59.0,23,491,2.0,2.0,,,2.0,2.0,5.0,8.0,1.0,1.0,8.0,11.0,16.0,53.0,250.0,,,2.0,5.0,5.0,5.0,11.0,30.0,4.0,12.0,,1.0,7.0,6.0,13.0,2.0,4.0,4.0,2.0,1.0,32.0,,,6.0,5.0,,11.0,1.0,12.0,,4.0,3.0,1.0,3.0,2.0,2.0,4.0,1.0,1.0,7.0,1.0,4.0,4.0,8.0,,,,14.0,2.0,2.0,18.0,,4.0,5.0,1.0,,,,1.0,48.0,28.0,75.0,1.0,4.0,,,,,,120.40816326530611,101.6260162601626,0.25,0.25,0.7272727272727273,,1.0,0.5967741935483871,0.75,0.8636363636363636,0.6625,0.8333333333333334,0.8823529411764706,0.09090909090909091,,0.125,17.27941176470588,0.42857142857142855,,0.08064516129032258,,0.1016949152542373,,0.09090909090909091,,,,,,,,0.11428571428571428,0.07142857142857142,0.11363636363636363,0.06666666666666667,,0.06451612903225806,1.0,1.0,0.5,0.25806451612903225,0.625,0.7142857142857143,,0.03225806451612903,1.0,1.0,1.0,,,,0.18181818181818182,1.0,0.7096774193548387,0.5038193548387097,0.62175,0.49879090909090906,0.11428571428571428,0.26666666666666666,0.09433962264150944,0.5660377358490566,7.890909090909091,,,,0.3142857142857143,player_totals,wnba,2026,Regular Season,/get-totals/wnba,"{""Season"": ""2026"", ""SeasonType"": ""Regular Season"", ""Type"": ""Player""}",20260602T225839Z,2026-06-02T22:58:42+00:00,8777110f8090c2834e36b95528b6dfe846c364eebd4181d67b6c2116e3144160,3.0,8.0,3.0,4.0,12.0,1.0,2.0,1.0,3.0,7.0,20.0,1.0,2.0,3.0,6.0,21.0,,12.0,4.0,,1.0,,1.0,1.0,,,1.0,0.35,0.5,0.5,0.35,0.6451612903225806,,,1.0,0.25806451612903225,0.375,0.375,1.0,0.3870967741935484,0.3333333333333333,0.3333333333333333,1.0,1.0,0.5,1.0,0.2727272727272727,0.2727272727272727,0.3333333333333333,0.3333333333333333,,24.485,0.3076923076923077,1.0,,0.25,,,,,,,,,2.0,0.6666666666666666,,,,,,,,,,,"[""single_row_table_data"", ""multi_row_table_data""]",{}
1628317,1611661327,Karlie Samuelson,Karlie Samuelson,1628317,PDX,1404.0,3,23.0,-13.0,81,80,26.0,40.0,13,161,,,,,,,,,1.0,1.0,1.0,1.0,,2.0,83.0,1.0,1.0,,2.0,,,,,2.0,,,,,3.0,3.0,3.0,,,,,9.0,,1.0,,2.0,1.0,3.0,1.0,4.0,,2.0,2.0,,1.0,,1.0,,,,1.0,,,,3.0,,,,2.0,,,,,,,1.0,,,,1.0,,,26.0,1.0,,,,,,,86.41975308641975,103.75,1.0,1.0,1.0,1.0,,0.125,1.0,,0.125,1.0,,,,,9.473684210526317,1.0,0.3333333333333333,0.125,0.05,,,0.0625,0.02857142857142857,0.14285714285714285,,,,,0.16666666666666666,,0.25,,,,,,,,,,,,0.125,1.0,1.0,1.0,,,,,,0.875,0.4891,0.2114,0.529275,,,1.0,,19.0,,,,0.32098765432098764,player_totals,wnba,2026,Regular Season,/get-totals/wnba,"{""Season"": ""2026"", ""SeasonType"": ""Regular Season"", ""Type"": ""Player""}",20260602T225839Z,2026-06-02T22:58:42+00:00,d0e335074fdc9883d34eb51040dd915db772addf4c376d9a259d6118bf8e8b5e,,3.0,,,4.0,,,,2.0,,7.0,,,,2.0,,,4.0,,,,,1.0,1.0,,,,,,,,0.875,,,1.0,0.375,,,,0.5,,,,,,,,1.0,,,,24.17142857142857,0.42857142857142855,,,,2.0,,,,,,,,,,,,,,,,,,,,"[""single_row_table_data"", ""multi_row_table_data""]",{}
1630446,1611661322,Michaela Onyenwere,Michaela Onyenwere,1630446,WAS,1398.0,3,23.0,10.0,121,123,26.0,42.0,11,244,,1.0,,,,,3.0,3.0,,2.0,3.0,6.0,6.0,24.0,127.0,,,1.0,1.0,,1.0,3.0,3.0,,6.0,,,4.0,1.0,5.0,1.0,,3.0,1.0,,11.0,1.0,4.0,,,,,5.0,5.0,3.0,1.0,,1.0,5.0,1.0,3.0,1.0,,2.0,6.0,1.0,,3.0,9.0,,1.0,,6.0,,,10.0,,3.0,2.0,,,,,,23.0,3.0,26.0,1.0,1.0,,,3.0,1.0,,113.22314049586777,103.2520325203252,,,0.5,,,0.5,,,0.5217391304347826,0.5,0.5,,,,21.48148148148148,0.8333333333333334,,,0.14285714285714285,,0.058823529411764705,,0.1111111111111111,0.2,0.1,0.3333333333333333,0.07142857142857142,,,,,,,0.3333333333333333,0.05555555555555555,,,,0.16666666666666666,1.0,1.0,,0.1111111111111111,,,,,,,,,0.7222222222222222,0.5096444444444445,,0.2767,0.14285714285714285,0.3333333333333333,0.041666666666666664,0.125,9.916666666666666,1.0,,1.0,0.21487603305785125,player_totals,wnba,2026,Regular Season,/get-totals/wnba,"{""Season"": ""2026"", ""SeasonType"": ""Regular Season"", ""Type"": ""Player""}",20260602T225839Z,2026-06-02T22:58:42+00:00,b972387f9d22efe956d55feece449b49479190a33f6d6d93f11354ac3a387f96,3.0,4.0,,1.0,8.0,,,,,4.0,12.0,,,,,12.0,,8.0,1.0,2.0,,,,,,,1.0,0.3333333333333333,,,0.3333333333333333,0.6666666666666666,0.16666666666666666,,,0.2222222222222222,0.75,0.75,1.0,0.4444444444444444,0.125,0.16666666666666666,1.0,,,,,,,0.125,,23.758333333333336,0.125,,,,,,,,,,,0.25,,,,,,,,,,,,,"[""single_row_table_data"", ""multi_row_table_data""]",{}
1630142,1611661313,Leonie Fiebich,Leonie Fiebich,1630142,NYL,1341.0,2,22.0,7.0,117,115,25.0,20.0,9,232,2.0,2.0,,,,,,3.0,,,2.0,5.0,2.0,12.0,105.0,,1.0,1.0,1.0,,1.0,,,4.0,,,,,2.0,2.0,2.0,,,,,6.0,,1.0,1.0,,,1.0,1.0,2.0,,3.0,3.0,,2.0,3.0,,5.0,,2.0,7.0,,1.0,1.0,4.0,,,2.0,6.0,1.0,,2.0,1.0,1.0,,,,,,,11.0,,23.0,,,,4.0,,,,95.72649572649573,91.30434782608697,1.0,1.0,0.4,,,0.5,,,0.6,0.25,,,,,13.385826771653543,0.2857142857142857,,,0.03571428571428571,0.034482758620689655,,0.017543859649122806,0.02040816326530612,,0.058823529411764705,,,,,,,0.047619047619047616,,,0.2,1.0,1.0,1.0,0.3,,,,,,,,,,,,,0.7,0.448715,0.324225,0.3618,0.1,0.2,0.08333333333333333,,6.76,,,,0.21367521367521367,player_totals,wnba,2026,Regular Season,/get-totals/wnba,"{""Season"": ""2026"", ""SeasonType"": ""Regular Season"", ""Type"": ""Player""}",20260602T225839Z,2026-06-02T22:58:42+00:00,712f22f0316ba95eb7099d99d62dbffb7d3072b1e365bb1c40f12c5ca7e52bd6,1.0,4.0,1.0,1.0,1.0,,,,,2.0,5.0,,1.0,,1.0,6.0,,1.0,1.0,,,,,,,,1.0,0.4,,,0.4,0.5,,,,0.4,0.25,0.25,1.0,0.1,1.0,1.0,1.0,,,,0.5,,,1.0,,23.84,,,,,,,,,1.0,0.5,1.0,,,,,,,,,,,,,,"[""single_row_table_data"", ""multi_row_table_data""]",{}
1629478,1611661328,Katie Lou Samuelson,Katie Lou Samuelson,1629478,SEA,1333.5,4,22.0,-14.0,120,117,48.0,44.0,12,237,,,,,,,2.0,2.0,,,2.0,2.0,3.0,19.0,115.0,,,,,1.0,1.0,3.0,14.0,4.0,,,,3.0,3.0,6.0,2.0,1.0,3.0,,,15.0,,,3.0,5.0,1.0,9.0,,9.0,,3.0,3.0,,3.0,,2.0,,,1.0,3.0,,2.0,1.0,2.0,,,,9.0,2.0,,7.0,1.0,2.0,2.0,,,,,,19.0,14.0,48.0,,2.0,,,,,,84.16666666666667,98.2905982905983,1.0,1.0,1.0,,1.0,0.6666666666666666,,1.1,0.6333333333333333,,1.0,,,,13.432835820895521,1.0,0.5,0.15151515151515152,,0.1,,0.12698412698412698,,,,,,,0.3333333333333333,0.05263157894736842,0.2,0.08333333333333333,0.16666666666666666,,,,,,0.16666666666666666,1.0,1.0,1.0,,,,,,,,,,0.8333333333333334,0.5173875,0.561525,0.5112,0.15384615384615385,0.6666666666666666,,0.7368421052631579,4.9,,,,0.4,player_totals,wnba,2026,Regular Season,/get-totals/wnba,"{""Season"": ""2026"", ""SeasonType"": ""Regular Season"", ""Type"": ""Player""}",20260602T225839Z,2026-06-02T22:58:42+00:00,1f0c9dbce17bb631c90260fe25c4d5a42add7de18f694b212963ee3adafd7023,2.0,4.0,1.0,2.0,6.0,,2.0,2.0,3.0,4.0,10.0,,2.0,3.0,4.0,12.0,,6.0,2.0,,,,,,,,1.0,0.4,,0.75,0.4,0.8333333333333334,,,,0.3333333333333333,0.5,0.5,1.0,0.5,0.3333333333333333,0.3333333333333333,1.0,1.0,,,0.2,0.6,0.6666666666666666,0.3333333333333333,,24.11,0.5,,,,,,,,,,,,1.0,1.0,,,,,,,,,,,"[""single_row_table_data"", ""multi_row_table_data""]",{}
1642777,1611661317,Monique Akoa Makani,Monique Akoa Makani,1642777,PHX,1318.6,3,22.0,-23.0,136,138,32.0,21.0,16,274,,1.0,,,,,,2.0,3.0,5.0,3.0,8.0,11.0,32.0,150.0,,1.0,2.0,2.0,,1.0,7.0,10.0,4.0,2.0,,2.0,7.0,5.0,12.0,3.0,2.0,2.0,3.0,2.0,29.0,,,1.0,3.0,1.0,5.0,,5.0,,5.0,4.0,1.0,5.0,,5.0,1.0,,,6.0,,1.0,1.0,10.0,,,,7.0,,1.0,12.0,,3.0,3.0,,,,,,30.0,10.0,32.0,,3.0,,,,1.0,,93.38235294117646,108.69565217391305,0.6666666666666666,0.6666666666666666,0.375,,,0.5526315789473685,,0.5,0.64,0.3333333333333333,0.7142857142857143,0.25,1.0,0.5,19.62025316455696,0.8333333333333334,1.0,0.09375,,0.041666666666666664,,0.07142857142857142,,,,,,,,0.16666666666666666,,0.05263157894736842,,,0.05263157894736842,,,,0.10526315789473684,,,,0.2631578947368421,0.6,0.6,0.6666666666666666,,,,,,0.631578947368421,0.49786315789473684,0.51315,0.47878333333333334,0.13636363636363635,0.2727272727272727,0.0625,0.3125,12.9375,,0.5,,0.23529411764705882,player_totals,wnba,2026,Regular Season,/get-totals/wnba,"{""Season"": ""2026"", ""SeasonType"": ""Regular Season"", ""Type"": ""Player""}",20260602T225839Z,2026-06-02T22:58:42+00:00,797681853dfba72b55443782dea1d6fcfce3ca18b52dfac2afff24ec796609c7,2.0,2.0,,3.0,9.0,,1.0,1.0,2.0,5.0,11.0,,1.0,1.0,2.0,12.0,3.0,9.0,3.0,,,,,,,,0.8,0.45454545454545453,,0.5,0.45454545454545453,0.5789473684210527,,,,0.10526315789473684,1.0,1.0,1.0,0.47368421052631576,0.3333333333333333,0.3333333333333333,0.6666666666666666,0.5,,,,0.6666666666666666,0.5,0.3333333333333333,,25.245454545454546,0.3333333333333333,,,,,,,,,,,,,,,,,,,,,,,,"[""single_row_table_data"", ""multi_row_table_data""]",{}
1642303,1611661323,Leila Lacan,Leila Lacan,1642303,CON,1232.0,1,21.0,4.0,40,42,14.0,15.0,6,82,1.0,2.0,,1.0,,,1.0,2.0,2.0,4.0,4.0,8.0,1.0,12.0,35.0,1.0,3.0,,2.0,,,,,6.0,2.0,,,3.0,,3.0,,,3.0,,,6.0,,1.0,1.0,,,1.0,1.0,2.0,1.0,1.0,,1.0,,,,1.0,,,1.0,,1.0,,4.0,,,,4.0,,,4.0,,2.0,,,,,,,10.0,,12.0,1.0,,,2.0,1.0,9.0,,97.5,83.33333333333334,0.75,0.75,0.5,0.3333333333333333,,0.39285714285714285,0.2,,0.375,0.2,,,,,34.0,,,,0.08333333333333333,0.1111111111111111,,0.041666666666666664,0.043478260869565216,,,0.3333333333333333,,,,,,0.125,,0.1111111111111111,0.14285714285714285,0.5,0.5,,0.14285714285714285,0.5,0.5,1.0,0.2857142857142857,0.5,0.5,1.0,0.2,,,,,0.5714285714285714,0.5028392857142857,0.49700000000000005,0.4629,0.125,0.2,0.16666666666666666,,11.5375,,1.0,0.5,0.35,player_totals,wnba,2026,Regular Season,/get-totals/wnba,"{""Season"": ""2026"", ""SeasonType"": ""Regular Season"", ""Type"": ""Player""}",20260602T225839Z,2026-06-02T22:58:42+00:00,fa0cebca34633285a7ef1bd2d50aa3a316d5f1b8996dbcf516f7e35fa787fab9,,,,1.0,6.0,,2.0,,1.0,1.0,6.0,,2.0,,1.0,3.0,,6.0,1.0,,1.0,,,,,,1.0,0.16666666666666666,,,0.16666666666666666,0.42857142857142855,,,,,,,,0.42857142857142855,0.16666666666666666,0.16666666666666666,1.0,0.4,,,,1.0,,0.16666666666666666,,25.349999999999998,0.2,,,,,,,,,,,,,,,,,,,,,,,,"[""single_row_table_data"", ""multi_row_table_data""]",{}
1643429,1611661323,Gianna Kneepkens,Gianna Kneepkens,1643429,CON,1229.6000000000001,10,20.0,-32.0,205,212,61.0,98.0,24,417,3.0,4.0,1.0,1.0,1.0,1.0,8.0,12.0,,3.0,11.0,19.0,7.0,38.0,223.0,1.0,2.0,,5.0,4.0,7.0,4.0,18.0,14.0,8.0,2.0,,1.0,3.0,4.0,2.0,1.0,1.0,,,11.0,4.0,4.0,3.0,3.0,2.0,8.0,8.0,16.0,,2.0,1.0,1.0,2.0,,2.0,,,,2.0,,,5.0,15.0,,3.0,,7.0,,1.0,7.0,,2.0,1.0,,,,,,33.0,18.0,61.0,4.0,1.0,1.0,2.0,2.0,,,93.17073170731707,105.18867924528301,0.6363636363636364,0.7,0.5789473684210527,0.5,0.5714285714285714,0.4696969696969697,0.8333333333333334,0.5833333333333334,0.5138888888888888,0.8333333333333334,0.6428571428571429,,,,16.239316239316242,1.0,0.2222222222222222,0.06666666666666667,0.06557377049180328,0.09375,0.11428571428571428,0.07792207792207792,0.08333333333333333,0.13333333333333333,0.03225806451612903,0.06666666666666667,0.06666666666666667,0.4,0.15384615384615385,0.038461538461538464,,0.10526315789473684,0.07692307692307693,,0.12121212121212122,0.75,0.75,0.6666666666666666,0.36363636363636365,0.6666666666666666,0.6666666666666666,0.625,0.09090909090909091,,,,0.3333333333333333,1.0,,0.08333333333333333,1.0,0.5454545454545454,0.4743757575757576,0.707625,0.4458,0.05714285714285714,0.09523809523809523,0.13157894736842105,0.47368421052631576,8.763157894736842,1.0,,,0.2975609756097561,player_totals,wnba,2026,Regular Season,/get-totals/wnba,"{""Season"": ""2026"", ""SeasonType"": ""Regular Season"", ""Type"": ""Player""}",20260602T225839Z,2026-06-02T22:58:42+00:00,61d6b3bb6192fe277d508b3a8fac623f4fd8955b9f2470e3a7dee71091589870,1.0,2.0,,2.0,12.0,,,2.0,5.0,3.0,14.0,1.0,1.0,2.0,5.0,9.0,,12.0,2.0,,,,,,2.0,,1.0,0.21428571428571427,1.0,0.4,0.21428571428571427,0.42424242424242425,,,,0.06060606060606061,0.5,0.5,1.0,0.36363636363636365,0.16666666666666666,0.16666666666666666,1.0,,,,,0.4166666666666667,0.4,0.16666666666666666,,24.5,0.36363636363636365,,,,1.0,1.0,,,1.0,0.3333333333333333,,,,,,,,1.0,1.0,1.0,,,,,"[""single_row_table_data"", ""multi_row_table_data""]",{}
1631135,1611661323,Olivia Nelson-Ododa,Olivia Nelson-Ododa,1631135,CON,1207.1,6,20.0,-31.0,200,204,75.0,77.0,28,404,7.0,10.0,2.0,2.0,3.0,4.0,4.0,10.0,,,11.0,20.0,13.0,35.0,225.0,3.0,4.0,2.0,8.0,3.0,7.0,9.0,15.0,20.0,2.0,2.0,2.0,12.0,5.0,17.0,5.0,,8.0,1.0,3.0,39.0,1.0,5.0,2.0,8.0,2.0,12.0,6.0,18.0,,6.0,4.0,2.0,1.0,,1.0,4.0,,,5.0,,3.0,6.0,19.0,3.0,2.0,1.0,17.0,,1.0,18.0,,4.0,5.0,1.0,3.0,2.0,,4.0,27.0,13.0,73.0,3.0,4.0,,3.0,8.0,7.0,3.0,97.0,110.29411764705883,0.9090909090909091,1.0,0.55,0.75,0.42857142857142855,0.55,0.75,0.42857142857142855,0.603448275862069,0.8,0.5357142857142857,0.1,0.1,0.1,14.40677966101695,0.2,0.2,0.19047619047619047,0.08928571428571429,0.05263157894736842,0.02564102564102564,0.125,0.06315789473684211,0.09090909090909091,0.13636363636363635,,0.030303030303030304,,0.2857142857142857,0.2,,0.08333333333333333,,,0.5,0.7,0.7777777777777778,0.8571428571428571,0.5,0.4,0.4444444444444444,1.0,,,,,0.5,1.0,0.5,0.5714285714285714,0.75,0.5,0.50807,0.577775,0.5183428571428571,0.16666666666666666,0.16666666666666666,0.22857142857142856,0.42857142857142855,5.6450000000000005,1.0,0.4,,0.375,player_totals,wnba,2026,Regular Season,/get-totals/wnba,"{""Season"": ""2026"", ""SeasonType"": ""Regular Season"", ""Type"": ""Player""}",20260602T225839Z,2026-06-02T22:58:42+00:00,acea6aa590bab1adc86b895706ad2aa79f1846e5f7185ef7d23629315898ba12,,,,,,,,,,,,,,,,,,,,,,,1.0,1.0,,1.0,,,,,,,,,0.25,,,,,,,,,,,,,,,,,,,,,,,,1.0,,,,,,,,,,,,,,,,1.0,,"[""single_row_table_data"", ""multi_row_table_data""]",{}
1643448,1611661323,Nell Angloma,Nell Angloma,1643448,CON,1146.0,7,19.0,-1.0,174,176,63.0,80.0,26,350,6.0,10.0,,,2.0,5.0,5.0,10.0,,2.0,11.0,22.0,8.0,33.0,192.0,,3.0,1.0,1.0,3.0,7.0,4.0,10.0,10.0,12.0,,5.0,1.0,1.0,2.0,1.0,,,,1.0,5.0,1.0,3.0,4.0,4.0,,8.0,4.0,12.0,,3.0,1.0,2.0,2.0,1.0,1.0,3.0,,1.0,5.0,1.0,3.0,9.0,16.0,,2.0,,9.0,1.0,,14.0,,6.0,1.0,2.0,,,1.0,2.0,32.0,10.0,63.0,4.0,1.0,,-9.0,,,,109.77011494252874,109.0909090909091,0.45454545454545453,0.45454545454545453,0.5,,0.42857142857142855,0.5,,0.375,0.515625,0.125,0.45454545454545453,0.22727272727272727,0.2,0.2,17.8743961352657,0.4,,0.12121212121212122,0.05454545454545454,0.13333333333333333,0.038461538461538464,0.12698412698412698,0.04938271604938271,,0.08695652173913043,0.06666666666666667,0.045454545454545456,,0.1111111111111111,0.11764705882352941,0.14285714285714285,0.10526315789473684,0.18181818181818182,,0.4,0.6,0.75,0.6666666666666666,0.4,0.5,0.625,0.2,0.08,,,,,,,0.625,0.4,0.52,0.498052,0.36493333333333333,0.567475,0.1935483870967742,0.21428571428571427,0.030303030303030304,0.30303030303030304,5.804545454545455,0.25,0.2,,0.3620689655172414,player_totals,wnba,2026,Regular Season,/get-totals/wnba,"{""Season"": ""2026"", ""SeasonType"": ""Regular Season"", ""Type"": ""Player""}",20260602T225839Z,2026-06-02T22:58:42+00:00,c7059f85daf77e9bbfb266f94e83e041aefc9abd440a84ffeee6cb08180fb563,1.0,1.0,,,2.0,,,,1.0,1.0,3.0,,,,1.0,3.0,,2.0,,,2.0,,1.0,1.0,,,1.0,0.3333333333333333,,,0.3333333333333333,0.12,,,0.5,0.04,1.0,1.0,1.0,0.08,,,,,,,,0.125,,,,23.2,0.5,,,,,,,0.5,,,,,,,,,,,,,,,,,"[""single_row_table_data"", ""multi_row_table_data""]",{}
1630134,1611661327,Sug Sutton,Sug Sutton,1630134,PDX,1108.4,3,18.0,-14.0,138,132,47.0,47.0,12,270,4.0,6.0,,,1.0,1.0,7.0,16.0,,1.0,11.0,23.0,6.0,34.0,154.0,,1.0,1.0,1.0,3.0,5.0,5.0,14.0,,22.0,,2.0,13.0,4.0,17.0,4.0,,6.0,6.0,1.0,38.0,,,2.0,2.0,,4.0,1.0,5.0,,2.0,,2.0,3.0,1.0,2.0,3.0,,1.0,6.0,,1.0,1.0,5.0,,2.0,,8.0,1.0,,10.0,,3.0,2.0,,,,,,33.0,14.0,47.0,1.0,2.0,,,,,,101.44927536231884,116.66666666666666,,,0.4782608695652174,,0.6,0.45161290322580644,,0.6428571428571429,0.4722222222222222,0.25,0.7,0.08695652173913043,0.16666666666666666,,27.096774193548388,0.5,,0.08333333333333333,,0.08,,0.08163265306122448,,,,,,,0.1,,0.16666666666666666,0.1,,,0.1935483870967742,0.6666666666666666,0.8,,0.5161290322580645,0.4375,0.4375,,0.03225806451612903,,,,,,,0.14285714285714285,1.0,0.45161290322580644,0.461165,0.4179,0.4670714285714285,0.08823529411764706,0.11538461538461539,0.029411764705882353,0.4117647058823529,6.708695652173914,0.5,0.2222222222222222,,0.34057971014492755,player_totals,wnba,2026,Regular Season,/get-totals/wnba,"{""Season"": ""2026"", ""SeasonType"": ""Regular Season"", ""Type"": ""Player""}",20260602T225839Z,2026-06-02T22:58:42+00:00,b11ede26889e6a143ff04363bb52b6d90eb62889e7c3e1411bd64b7787312415,,1.0,,2.0,7.0,,,1.0,2.0,2.0,8.0,,,1.0,2.0,6.0,,7.0,2.0,,,,,,,,1.0,0.25,,0.5,0.25,0.25806451612903225,,,,0.03225806451612903,,,,0.22580645161290322,0.2857142857142857,0.2857142857142857,1.0,,,,,0.2857142857142857,0.5,0.2857142857142857,,26.625,,1.0,,0.2,,,,1.0,,,,,,,,,,,,,,,,,"[""single_row_table_data"", ""multi_row_table_data""]",{}
202252,1611661321,Alysha Clark,Alysha Clark,202252,DAL,1081.0,7,18.0,17.0,130,133,42.0,44.0,26,263,,,,,,,1.0,1.0,,,1.0,1.0,6.0,20.0,133.0,,,,,,,5.0,5.0,,2.0,,,2.0,,2.0,,,2.0,,,4.0,,3.0,3.0,5.0,,8.0,3.0,11.0,,2.0,1.0,1.0,1.0,,1.0,2.0,,,3.0,1.0,,6.0,12.0,,,2.0,5.0,,,8.0,,2.0,2.0,1.0,,,,1.0,20.0,5.0,42.0,1.0,2.0,2.0,,1.0,8.0,,115.38461538461539,100.0,,,1.0,,,0.6363636363636364,,,0.6666666666666666,,0.5,,,,11.320754716981131,0.3333333333333333,,0.12195121951219512,0.06818181818181818,0.14285714285714285,,0.12903225806451613,0.045454545454545456,,0.09090909090909091,0.1,,,0.23076923076923078,0.10526315789473684,,0.16666666666666666,,,,,,,0.09090909090909091,1.0,1.0,,,,,,,,,,,0.9090909090909091,0.5342909090909091,0.5241,0.491025,0.15384615384615385,0.6666666666666666,,0.25,6.4,,,,0.3230769230769231,player_totals,wnba,2026,Regular Season,/get-totals/wnba,"{""Season"": ""2026"", ""SeasonType"": ""Regular Season"", ""Type"": ""Player""}",20260602T225839Z,2026-06-02T22:58:42+00:00,29a01de50f5efadd8e6d78a6f2ad19ac0e57efcaf4d1ba0c80a2258ae1e36763,,4.0,1.0,4.0,6.0,,1.0,,1.0,4.0,10.0,,1.0,,2.0,12.0,,6.0,4.0,,,,1.0,,,,1.0,0.4,,,0.4,0.9090909090909091,,,,0.36363636363636365,,,,0.5454545454545454,0.6666666666666666,0.6666666666666666,1.0,1.0,,,0.5,0.5,,0.6666666666666666,,23.78,0.5,,,,,,,,,,,,,,,,,,,,,,,,"[""single_row_table_data"", ""multi_row_table_data""]",{}
1642794,1611661331,Juste Jocyte,Juste Jocyte,1642794,GSV,971.9,3,16.0,15.0,58,56,33.0,34.0,9,114,,,,,,,,1.0,1.0,3.0,1.0,4.0,2.0,13.0,54.0,1.0,1.0,,2.0,1.0,2.0,2.0,7.0,2.0,,,,4.0,1.0,5.0,1.0,,3.0,1.0,,11.0,,,,1.0,,1.0,,1.0,,,,,2.0,,2.0,1.0,,,3.0,,2.0,1.0,3.0,1.0,,,2.0,,,2.0,,,1.0,1.0,,,,1.0,11.0,7.0,33.0,1.0,1.0,,,,,,118.96551724137932,96.42857142857142,1.0,1.0,0.25,1.0,0.5,0.6875,1.0,0.625,0.7222222222222222,1.0,0.7,,,,18.18181818181818,0.6666666666666666,,0.058823529411764705,,,,0.037037037037037035,,,,,,,,0.1,,,,,,,,,0.125,,,,0.375,0.3333333333333333,0.3333333333333333,1.0,,,,,,0.5,0.4714625,0.5223,0.4903375,,,0.15384615384615385,0.5384615384615384,15.8,,,0.5,0.5689655172413793,player_totals,wnba,2026,Regular Season,/get-totals/wnba,"{""Season"": ""2026"", ""SeasonType"": ""Regular Season"", ""Type"": ""Player""}",20260602T225839Z,2026-06-02T22:58:42+00:00,3488ca06b370e54cc478512a04235c7b1ca81c93dc3296c8d28ff5c8b8efeacf,,,,3.0,4.0,,,1.0,2.0,3.0,4.0,,,1.0,2.0,6.0,3.0,4.0,3.0,,,,,1.0,,,0.6666666666666666,0.75,,0.5,0.75,0.5,,,1.0,,,,,0.5,0.75,0.75,0.6666666666666666,,,,,0.5,0.5,0.75,,23.45,1.0,,,,1.0,,,,,,,,,,1.0,,,,,,,,,,"[""single_row_table_data"", ""multi_row_table_data""]",{}
1631055,1611661332,Nyara Sabally,Nyara Sabally,1631055,TOR,960.9,7,16.0,15.0,348,357,87.0,93.0,44,705,23.0,32.0,5.0,7.0,8.0,10.0,2.0,7.0,1.0,2.0,26.0,41.0,19.0,83.0,369.0,5.0,7.0,5.0,15.0,10.0,14.0,4.0,24.0,36.0,16.0,6.0,5.0,5.0,7.0,12.0,6.0,1.0,3.0,1.0,1.0,31.0,4.0,12.0,8.0,12.0,,20.0,17.0,37.0,2.0,11.0,6.0,5.0,5.0,,3.0,3.0,,2.0,8.0,1.0,3.0,9.0,17.0,,,2.0,24.0,3.0,,25.0,1.0,12.0,1.0,10.0,,,4.0,10.0,68.0,24.0,85.0,2.0,1.0,,5.0,1.0,8.0,,110.3448275862069,103.36134453781513,0.6923076923076923,0.782608695652174,0.6341463414634146,0.7142857142857143,0.7142857142857143,0.6274509803921569,0.625,0.7142857142857143,0.6587301587301587,0.6818181818181818,0.7058823529411765,0.12195121951219512,0.09375,0.2857142857142857,17.75,0.625,,0.16901408450704225,0.14457831325301204,0.1038961038961039,0.05128205128205128,0.13513513513513514,0.09937888198757763,0.10526315789473684,0.22580645161290322,0.07142857142857142,0.06666666666666667,,0.20833333333333334,0.15384615384615385,0.125,0.07017543859649122,0.2,0.125,0.6274509803921569,0.71875,0.7931034482758621,0.6521739130434783,0.13725490196078433,0.2857142857142857,0.4,1.0,0.0392156862745098,0.5,0.5,1.0,0.875,0.7142857142857143,0.4,0.7142857142857143,0.8,0.8235294117647058,0.574221568627451,0.6271928571428571,0.5834357142857144,0.1935483870967742,0.23076923076923078,0.18072289156626506,0.2891566265060241,3.3804878048780487,0.2222222222222222,0.6,,0.25,player_totals,wnba,2026,Regular Season,/get-totals/wnba,"{""Season"": ""2026"", ""SeasonType"": ""Regular Season"", ""Type"": ""Player""}",20260602T225839Z,2026-06-02T22:58:42+00:00,d85ccf009b41c74afc3aa8ce3fd50dd126737e7232de4aac9fbd835a3cec85fe,2.0,5.0,,2.0,5.0,,,,,4.0,10.0,,1.0,,,12.0,,5.0,2.0,,1.0,,6.0,8.0,,,1.0,0.4,,,0.4,0.19607843137254902,,,0.8,0.09803921568627451,0.4,0.4,1.0,0.09803921568627451,0.4,0.4,1.0,,,,,,,0.4,,23.79,0.16666666666666666,1.0,,0.14285714285714285,,,,,1.0,0.125,,,,,,,,,,,,,,,"[""single_row_table_data"", ""multi_row_table_data""]",{}
1642304,1611661327,Carla Leite,Carla Leite,1642304,PDX,960.5,8,16.0,34.0,364,368,85.0,111.0,33,732,16.0,21.0,1.0,1.0,5.0,6.0,12.0,30.0,5.0,14.0,33.0,65.0,46.0,127.0,385.0,2.0,6.0,2.0,6.0,9.0,16.0,17.0,41.0,14.0,52.0,2.0,4.0,20.0,20.0,40.0,14.0,6.0,11.0,8.0,1.0,100.0,1.0,2.0,6.0,4.0,,10.0,3.0,13.0,2.0,4.0,4.0,,18.0,3.0,14.0,9.0,,4.0,27.0,,7.0,7.0,17.0,1.0,,2.0,40.0,2.0,3.0,48.0,3.0,20.0,4.0,,,,,,121.0,41.0,83.0,3.0,4.0,,2.0,11.0,,,115.1098901098901,104.6195652173913,0.21212121212121213,0.21875,0.5076923076923077,0.3333333333333333,0.5625,0.5126582278481012,0.2857142857142857,0.6,0.625,0.375,0.7321428571428571,0.06153846153846154,,0.13333333333333333,31.59203980099503,0.6666666666666666,,0.04395604395604396,0.02631578947368421,0.07792207792207792,0.014285714285714285,0.05952380952380952,0.02054794520547945,,0.047619047619047616,,0.021739130434782608,,0.024390243902439025,0.05555555555555555,0.07142857142857142,0.06896551724137931,0.10526315789473684,0.058823529411764705,0.26582278481012656,0.7619047619047619,0.7619047619047619,0.25,0.379746835443038,0.4,0.46153846153846156,0.16666666666666666,0.17721518987341772,0.35714285714285715,0.35714285714285715,0.2,0.14285714285714285,1.0,,0.3,0.8333333333333334,0.4430379746835443,0.45658860759493675,0.42587,0.43371000000000004,0.20833333333333334,0.24390243902439024,0.047244094488188976,0.3228346456692913,8.210769230769232,0.2,0.2222222222222222,0.42857142857142855,0.23351648351648352,player_totals,wnba,2026,Regular Season,/get-totals/wnba,"{""Season"": ""2026"", ""SeasonType"": ""Regular Season"", ""Type"": ""Player""}",20260602T225839Z,2026-06-02T22:58:42+00:00,0e640e18a580816492c286c27d3c596b620776ccec624024e46e00ea3b014bf3,1.0,2.0,1.0,4.0,12.0,,,2.0,3.0,5.0,14.0,,1.0,2.0,4.0,9.0,6.0,12.0,4.0,,3.0,,,,3.0,,0.6,0.35714285714285715,,0.5,0.35714285714285715,0.17721518987341772,,,,0.02531645569620253,0.5,0.5,1.0,0.1518987341772152,0.3333333333333333,0.3333333333333333,0.5,,,,0.05,0.15,0.6666666666666666,0.3333333333333333,,25.135714285714283,0.25,,,,2.0,2.0,,,1.0,0.14285714285714285,,,,,,,,,,,,,,,"[""single_row_table_data"", ""multi_row_table_data""]",{}
1629524,1611661327,Bridget Carleton,Bridget Carleton,1629524,PDX,959.4000000000001,9,16.0,15.0,522,523,128.0,155.0,59,1045,8.0,13.0,1.0,1.0,2.0,2.0,10.0,24.0,5.0,7.0,23.0,44.0,21.0,136.0,565.0,2.0,6.0,1.0,8.0,7.0,12.0,9.0,38.0,18.0,28.0,,5.0,10.0,10.0,20.0,6.0,4.0,6.0,4.0,,50.0,2.0,1.0,12.0,11.0,2.0,25.0,4.0,29.0,,20.0,13.0,7.0,3.0,2.0,3.0,5.0,,,8.0,,1.0,9.0,22.0,,1.0,3.0,29.0,1.0,4.0,23.0,1.0,6.0,3.0,3.0,1.0,1.0,3.0,4.0,128.0,32.0,125.0,3.0,,,8.0,-8.0,-7.0,2.0,111.11111111111111,108.0305927342256,0.391304347826087,0.391304347826087,0.5227272727272727,0.3333333333333333,0.5833333333333334,0.5424528301886793,0.2692307692307692,0.5178571428571429,0.5782608695652174,0.2857142857142857,0.5625,0.11363636363636363,0.23076923076923078,0.08333333333333333,20.707070707070706,0.375,0.15384615384615385,0.09482758620689655,0.007407407407407408,0.12121212121212122,0.017391304347826087,0.10697674418604651,0.012,,0.014084507042253521,,0.012048192771084338,0.03125,0.0784313725490196,0.13043478260869565,0.05263157894736842,0.11538461538461539,0.14285714285714285,,0.12264150943396226,0.6153846153846154,0.8,0.375,0.22641509433962265,0.4166666666666667,0.45454545454545453,0.2,0.0660377358490566,0.7142857142857143,0.7142857142857143,0.8,0.07692307692307693,1.0,1.0,0.07142857142857142,1.0,0.7075471698113207,0.5029754716981132,0.5162277777777777,0.48478392857142855,0.0625,0.12244897959183673,0.058823529411764705,0.27941176470588236,8.60909090909091,0.4,0.21428571428571427,1.0,0.24521072796934865,player_totals,wnba,2026,Regular Season,/get-totals/wnba,"{""Season"": ""2026"", ""SeasonType"": ""Regular Season"", ""Type"": ""Player""}",20260602T225839Z,2026-06-02T22:58:42+00:00,019126b5899304a3ae549c7de3b25fc8fbcc380834c27cbf58ef0427f060ab12,5.0,16.0,2.0,18.0,46.0,1.0,5.0,4.0,14.0,23.0,62.0,1.0,7.0,5.0,16.0,66.0,3.0,46.0,18.0,2.0,,1.0,,4.0,5.0,4.0,0.9565217391304348,0.3709677419354839,0.14285714285714285,0.3125,0.3709677419354839,0.5849056603773585,0.03225806451612903,,1.0,0.1509433962264151,0.3125,0.3125,1.0,0.4339622641509434,0.391304347826087,0.4090909090909091,0.9444444444444444,0.38461538461538464,0.2,1.0,0.07142857142857142,0.5,0.2857142857142857,0.391304347826087,0.015873015873015872,24.69193548387097,0.28205128205128205,1.0,,0.1,1.0,4.0,,,2.0,0.15384615384615385,,0.043478260869565216,1.0,0.5,,,,,,,,,,,"[""single_row_table_data"", ""multi_row_table_data""]",{}
1642296,1611661327,Nyadiew Puoch,Nyadiew Puoch,1642296,PDX,957.7,10,16.0,-37.0,408,412,83.0,121.0,45,820,11.0,24.0,2.0,3.0,2.0,4.0,3.0,7.0,,,14.0,31.0,4.0,44.0,447.0,2.0,3.0,,7.0,3.0,5.0,1.0,10.0,14.0,14.0,4.0,4.0,6.0,3.0,9.0,1.0,2.0,4.0,1.0,1.0,21.0,4.0,7.0,2.0,7.0,,9.0,11.0,20.0,4.0,9.0,7.0,2.0,7.0,1.0,5.0,3.0,1.0,2.0,10.0,1.0,1.0,8.0,25.0,,4.0,,12.0,3.0,1.0,8.0,4.0,5.0,1.0,1.0,,,,1.0,37.0,10.0,82.0,9.0,1.0,1.0,1.0,2.0,-3.0,1.0,100.49019607843137,108.49514563106796,0.5,0.5833333333333334,0.45161290322580644,0.6666666666666666,0.6,0.39215686274509803,0.3888888888888889,0.45,0.41509433962264153,0.35,0.45454545454545453,0.12903225806451613,0.125,0.14285714285714285,13.636363636363637,0.7,,0.08536585365853659,0.06666666666666667,0.024096385542168676,0.0449438202247191,0.05454545454545454,0.05670103092783505,0.06818181818181818,0.0625,0.07692307692307693,0.04838709677419355,0.037037037037037035,0.058823529411764705,0.11764705882352941,0.07142857142857142,0.01694915254237288,0.041666666666666664,0.14285714285714285,0.47058823529411764,0.4583333333333333,0.5238095238095238,0.45454545454545453,0.13725490196078433,0.42857142857142855,0.5,0.6666666666666666,,,,,0.3333333333333333,0.6666666666666666,,0.4,0.5,0.8627450980392157,0.5272058823529412,0.5377642857142857,0.51778,0.09615384615384616,0.15625,0.1590909090909091,0.22727272727272727,3.5387096774193547,0.3076923076923077,0.5,,0.2034313725490196,player_totals,wnba,2026,Regular Season,/get-totals/wnba,"{""Season"": ""2026"", ""SeasonType"": ""Regular Season"", ""Type"": ""Player""}",20260602T225839Z,2026-06-02T22:58:42+00:00,63201089e3682e69441a3effaaf3a7594d4c5d8a8d5ae3d8f294aa11dd8dbcc3,3.0,13.0,4.0,1.0,7.0,,1.0,,1.0,4.0,20.0,1.0,6.0,1.0,5.0,12.0,,7.0,1.0,,1.0,,1.0,1.0,,1.0,1.0,0.2,0.16666666666666666,0.2,0.2,0.39215686274509803,,,1.0,0.2549019607843137,0.23076923076923078,0.23076923076923078,1.0,0.13725490196078433,0.14285714285714285,0.14285714285714285,1.0,0.1111111111111111,,,0.4,0.1,,0.14285714285714285,,23.98,0.26666666666666666,,,,,,,,5.0,0.5555555555555556,,,1.0,0.25,,,,1.0,0.2,1.0,,,,,"[""single_row_table_data"", ""multi_row_table_data""]",{}
1627701,1611661332,Temi Fagbenle,Temi Fagbenle,1627701,TOR,937.9,1,16.0,,34,35,14.0,6.0,3,69,,,,,,,,,,1.0,,1.0,2.0,2.0,30.0,,,,,,,,,,,,,,1.0,1.0,,1.0,,,,3.0,,,1.0,,,1.0,,1.0,,1.0,1.0,,3.0,,3.0,1.0,,,4.0,,,2.0,4.0,,,1.0,1.0,,,2.0,,1.0,,,,,,,2.0,,14.0,1.0,,,,2.0,1.0,,88.23529411764706,85.71428571428572,,,,,,,,,0.3333333333333333,,,,,,18.91891891891892,0.75,,,,0.25,,0.1,,,,,,,,,,0.25,,,,,,,,,,,0.5,,,,,,,,,0.5,0.471625,,,0.3333333333333333,0.5,,,14.5,,,,0.4117647058823529,player_totals,wnba,2026,Regular Season,/get-totals/wnba,"{""Season"": ""2026"", ""SeasonType"": ""Regular Season"", ""Type"": ""Player""}",20260602T225839Z,2026-06-02T22:58:42+00:00,49a99b155d91332451eff5383928e62b94f35cf2a56a19afdf3d3a36579f96b5,,,,,1.0,,,,,,1.0,,,,,,,1.0,,,,,,,,,,,,,,0.5,,,,,,,,0.5,,,,,,,,,,,,22.9,,,,,,,,,,,,,,,,,,,,,,,,,"[""single_row_table_data"", ""multi_row_table_data""]",{}
1631263,1611661332,Nikolina Milic,Nikolina Milic,1631263,TOR,927.2,6,15.0,-22.0,111,109,28.0,29.0,15,220,7.0,8.0,2.0,2.0,3.0,3.0,,5.0,,,7.0,13.0,3.0,17.0,137.0,2.0,4.0,,4.0,3.0,6.0,2.0,8.0,12.0,2.0,2.0,2.0,1.0,1.0,2.0,1.0,,1.0,,,5.0,1.0,1.0,3.0,3.0,1.0,7.0,2.0,9.0,,,,,1.0,1.0,,4.0,,1.0,5.0,,,3.0,7.0,,,3.0,3.0,,,4.0,,2.0,,,,,,,13.0,8.0,28.0,1.0,,,2.0,,,,103.60360360360359,125.6880733944954,0.8571428571428571,1.0,0.5384615384615384,0.5,0.5,0.4666666666666667,0.5,0.375,0.5,0.5,0.4444444444444444,0.15384615384615385,,0.4,17.6,0.2,0.25,0.125,0.043478260869565216,0.13636363636363635,0.03125,0.13043478260869565,0.03636363636363636,0.125,,,0.03571428571428571,,0.14285714285714285,0.14285714285714285,,0.07142857142857142,0.25,,0.5333333333333333,0.875,0.875,0.8571428571428571,0.3333333333333333,,,,,,,,0.5,1.0,0.5,0.375,1.0,0.6666666666666666,0.5593233333333333,0.5130333333333333,0.54865625,0.11764705882352941,0.13333333333333333,0.23529411764705882,0.47058823529411764,4.2615384615384615,,0.4,,0.25225225225225223,player_totals,wnba,2026,Regular Season,/get-totals/wnba,"{""Season"": ""2026"", ""SeasonType"": ""Regular Season"", ""Type"": ""Player""}",20260602T225839Z,2026-06-02T22:58:42+00:00,9d0762e6f251f347e09034827f285fac71bdd42aaeb625b113779c7438f1eca5,,1.0,1.0,,1.0,,,,1.0,,2.0,,,,2.0,,,1.0,,,,,,,,,,,,,,0.13333333333333333,,,,0.06666666666666667,,,,0.06666666666666667,,,,,,,0.125,0.125,,,,24.3,,,,,,,,,,,,,,,,,,,,,,,,,"[""single_row_table_data"", ""multi_row_table_data""]",{}
1641683,1611661327,Holly Winterburn,Holly Winterburn,1641683,PDX,842.0,5,14.0,-34.0,107,113,25.0,70.0,10,220,3.0,3.0,1.0,1.0,1.0,1.0,2.0,5.0,,,5.0,8.0,2.0,12.0,127.0,1.0,1.0,,2.0,1.0,1.0,2.0,4.0,8.0,2.0,,,6.0,7.0,13.0,4.0,3.0,3.0,3.0,,33.0,,,4.0,2.0,,6.0,,6.0,,3.0,1.0,2.0,3.0,3.0,2.0,4.0,1.0,1.0,7.0,,2.0,,4.0,,,,4.0,,,2.0,,,1.0,,,,,,10.0,4.0,25.0,1.0,1.0,,,,,,86.91588785046729,112.38938053097347,0.8,0.8,0.625,1.0,1.0,0.38461538461538464,1.0,0.5,0.42857142857142855,1.0,0.6666666666666666,,,,18.10344827586207,0.42857142857142855,,0.09523809523809523,,0.13793103448275862,,0.12,,,,,,,,0.1111111111111111,0.3333333333333333,0.15,0.1111111111111111,,0.23076923076923078,1.0,1.0,1.0,0.38461538461538464,0.4,0.4,0.5,,,,,1.0,1.0,1.0,0.5,1.0,0.6153846153846154,0.47819999999999996,,0.583525,,,0.16666666666666666,0.3333333333333333,4.65,,,,0.2336448598130841,player_totals,wnba,2026,Regular Season,/get-totals/wnba,"{""Season"": ""2026"", ""SeasonType"": ""Regular Season"", ""Type"": ""Player""}",20260602T225839Z,2026-06-02T22:58:42+00:00,9533c74a27a4ebb4910db279b047fda87e4139b3bb1fa877a241e9f1a780cc7d,,,,,5.0,,,,1.0,,5.0,,,,1.0,,,5.0,,,,,,,,,,,,,,0.38461538461538464,,,,,,,,0.38461538461538464,,,,,,,,0.5,,,,25.82,0.6,,,,1.0,,,,,,,,,,,,,,,,,,,,"[""single_row_table_data"", ""multi_row_table_data""]",{}
1642814,1611661328,Taylor Thierry,Taylor Thierry,1642814,SEA,818.4,2,14.0,-5.0,27,28,,11.0,5,55,,,,,,,,1.0,,,,1.0,,6.0,27.0,,,,,,,,,,,,,,,,,,,,,,,2.0,,1.0,,1.0,2.0,3.0,,,,,,,,,,,,,,2.0,5.0,,1.0,,,,,,,,,,,,,,6.0,,,1.0,,1.0,,,,,81.48148148148148,96.42857142857142,,,,,,0.75,,,0.75,,,,,,12.121212121212121,,,0.1,0.2857142857142857,,,0.07142857142857142,0.125,,0.2,0.5,,,0.16666666666666666,,,,,,,,,,0.25,,,,,,,,,,,,,0.75,0.509575,,,,,,,6.6,,,,,player_totals,wnba,2026,Regular Season,/get-totals/wnba,"{""Season"": ""2026"", ""SeasonType"": ""Regular Season"", ""Type"": ""Player""}",20260602T225839Z,2026-06-02T22:58:42+00:00,339dfe7c07177119b1410eb6c7ff7017dde9e6b45c818e812566d5bf3374c8e7,,1.0,,2.0,2.0,,,,,2.0,3.0,,,,,6.0,,2.0,2.0,,,,,,1.0,1.0,1.0,0.6666666666666666,,,0.6666666666666666,0.75,,,,0.25,,,,0.5,1.0,1.0,1.0,,,,,,,1.0,,24.566666666666666,,,,,,,,,,,,,,,,,,,,,,,5.0,,"[""single_row_table_data"", ""multi_row_table_data""]",{}
1630148,1611661320,Jihyun Park,Jihyun Park,1630148,LAS,808.9,5,13.0,3.0,72,71,28.0,33.0,8,143,1.0,1.0,,,,,,1.0,,,1.0,2.0,2.0,4.0,87.0,,,,,,,,,2.0,,,1.0,3.0,1.0,4.0,1.0,,1.0,1.0,1.0,9.0,1.0,,1.0,1.0,,2.0,1.0,3.0,,3.0,3.0,,,,,1.0,,,1.0,,,3.0,8.0,,,,4.0,1.0,1.0,4.0,,,2.0,,,,,,4.0,,28.0,3.0,1.0,,1.0,3.0,,,125.0,122.53521126760565,1.0,1.0,0.5,,,0.2,,,0.2857142857142857,,,0.5,,1.0,9.75609756097561,,,0.09090909090909091,,0.05263157894736842,0.1,0.06666666666666667,0.04,,,,,0.25,,0.14285714285714285,,0.0625,,,0.2,1.0,1.0,1.0,0.2,,,,,,,,,,,,,0.8,0.51761,,0.53535,,,,,4.7,,1.0,,0.3888888888888889,player_totals,wnba,2026,Regular Season,/get-totals/wnba,"{""Season"": ""2026"", ""SeasonType"": ""Regular Season"", ""Type"": ""Player""}",20260602T225839Z,2026-06-02T22:58:42+00:00,d0f9b95a0bf48d3d1bb1995090e2357e9120d9ac823e028b80f4a628fb167763,,2.0,1.0,,1.0,,,,,,3.0,,,,1.0,,,1.0,,,1.0,,,,,,,,,,,0.6,,,,0.4,,,,0.2,,,,,,,1.0,,,,,23.53333333333333,0.3333333333333333,,,,,,,,,,1.0,,,,,,,,,,,,,,"[""single_row_table_data"", ""multi_row_table_data""]",{}
1643479,1611661331,Ndjakalenga Mwenentanda,Ndjakalenga Mwenentanda,1643479,GSV,695.0,4,12.0,2.0,27,32,21.0,30.0,5,59,,,,,,,,,,,,,,,32.0,,,,,,,,,,,,,1.0,,1.0,,,1.0,,,2.0,1.0,,,1.0,,1.0,1.0,2.0,,,,,,,,1.0,,,1.0,,,,1.0,,,,,,,,,,,,,,,,,,21.0,,,,,,,,125.92592592592592,100.0,,,,,,,,,,,,,,,6.25,,,0.2,,,0.16666666666666666,0.125,0.09090909090909091,,,,0.25,,,0.5,,,,,,,,,,,,,,,,,,,,,,1.0,0.5487,,0.5487,,,,,,,,,0.7777777777777778,player_totals,wnba,2026,Regular Season,/get-totals/wnba,"{""Season"": ""2026"", ""SeasonType"": ""Regular Season"", ""Type"": ""Player""}",20260602T225839Z,2026-06-02T22:58:42+00:00,20d03f003072b54bf9e0073934a1af4c31248ea8c96af66b558221809d94acc2,,1.0,1.0,,,,,,,,1.0,,,,1.0,,,,,,1.0,,,,,,,,,,,1.0,,,,1.0,,,,,,,,,,,1.0,,,,,23.0,,,,,,,,,,,,,,,,,,,,,,,,,"[""single_row_table_data"", ""multi_row_table_data""]",{}
1643527,1611661327,Jordan Harrison,Jordan Harrison,1643527,PDX,689.0,1,11.0,-13.0,26,23,,4.0,1,49,1.0,4.0,,,,,1.0,2.0,,,2.0,6.0,,4.0,37.0,,,,,,,,,,4.0,,2.0,2.0,2.0,4.0,2.0,,1.0,1.0,,10.0,,,,,,,,,,,,,2.0,,1.0,,,1.0,2.0,,,2.0,2.0,,,,,,,,,,,,,,,,4.0,,,,,,1.0,,,,92.3076923076923,160.86956521739128,,,0.3333333333333333,,,0.3333333333333333,,,0.3333333333333333,,,0.3333333333333333,0.25,0.5,29.629629629629626,1.0,,,,,,,,,,,,,,,,,,,0.6666666666666666,0.25,0.3333333333333333,,0.3333333333333333,0.5,1.0,,,,,,,,,,,0.6666666666666666,0.56445,,,,,,,3.716666666666667,,1.0,,,player_totals,wnba,2026,Regular Season,/get-totals/wnba,"{""Season"": ""2026"", ""SeasonType"": ""Regular Season"", ""Type"": ""Player""}",20260602T225839Z,2026-06-02T22:58:42+00:00,c5776f6785d943418dc3865a08a8c25a9af1b4a2ce6f5cf9345c51d6140ba13e,,,,,,,,,,,,,,,,,,,,,,,,,,,,,,,,,,,,,,,,,,,,,,,,,,,,,,,,,,,,,,,,,,,,,,,,,,,,,"[""single_row_table_data"", ""multi_row_table_data""]",{}
1643525,1611661313,Alex Fowler,Alex Fowler,1643525,NYL,677.5,2,11.0,-12.0,64,63,30.0,27.0,7,127,2.0,2.0,1.0,1.0,,,,1.0,,,2.0,3.0,2.0,12.0,76.0,1.0,1.0,2.0,4.0,,,2.0,5.0,4.0,,,,1.0,,1.0,,,1.0,,,2.0,,,,,,,,,,1.0,1.0,,1.0,,1.0,2.0,,,3.0,,3.0,4.0,10.0,,1.0,2.0,2.0,1.0,,2.0,,,1.0,,,,,,8.0,5.0,30.0,2.0,1.0,,3.0,1.0,4.0,,100.0,120.63492063492063,1.0,1.0,0.6666666666666666,1.0,,0.5,1.0,0.375,0.5454545454545454,1.0,0.5,,,,20.0,0.3333333333333333,,,,,,,,,,,,,,,,,,,0.2,1.0,1.0,1.0,0.1,,,,,,,,1.0,1.0,1.0,,,0.9,0.54591,,0.557475,,,0.3333333333333333,0.4166666666666667,4.466666666666667,,,,0.46875,player_totals,wnba,2026,Regular Season,/get-totals/wnba,"{""Season"": ""2026"", ""SeasonType"": ""Regular Season"", ""Type"": ""Player""}",20260602T225839Z,2026-06-02T22:58:42+00:00,8baf39ebcf6406a7892c9c609f095dfaf69bfd4f04aa80a389f827f5210855b8,,4.0,2.0,2.0,3.0,,,1.0,2.0,2.0,7.0,,,1.0,4.0,6.0,,3.0,2.0,,,,,,,,1.0,0.2857142857142857,,0.25,0.2857142857142857,0.7,,,,0.4,,,,0.3,0.6666666666666666,0.6666666666666666,1.0,,,,0.5,0.5,0.5,0.6666666666666666,,23.542857142857144,0.2,,,,,,,,,,,,,,,,,,,,,,,,"[""single_row_table_data"", ""multi_row_table_data""]",{}
1642210,1611661313,Julie Vanloo,Julie Vanloo,1642210,NYL,668.4000000000001,5,11.0,32.0,174,174,80.0,64.0,18,348,2.0,2.0,1.0,1.0,,,,,,1.0,2.0,3.0,4.0,29.0,171.0,1.0,1.0,,2.0,,1.0,4.0,13.0,2.0,2.0,,,18.0,9.0,27.0,8.0,1.0,13.0,5.0,,63.0,1.0,,1.0,7.0,1.0,9.0,1.0,10.0,,2.0,2.0,,7.0,4.0,7.0,5.0,,,12.0,,5.0,4.0,11.0,1.0,,,4.0,1.0,,4.0,,,2.0,,,,,,27.0,13.0,80.0,2.0,2.0,2.0,-6.0,1.0,,,116.66666666666667,98.27586206896552,0.5,0.5,0.6666666666666666,1.0,,0.7352941176470589,1.0,0.9,0.7631578947368421,1.0,0.9285714285714286,,,,16.145833333333336,0.5833333333333334,0.09090909090909091,0.14,,0.024390243902439025,0.025,0.08791208791208792,0.015625,,,,,0.08333333333333333,,0.15384615384615385,0.2727272727272727,0.03125,,,0.11764705882352941,1.0,1.0,0.5,,,,,0.058823529411764705,,,,1.0,1.0,1.0,,,0.9411764705882353,0.5047941176470588,0.6086,0.44530000000000003,,,0.06896551724137931,0.4482758620689655,7.933333333333334,,,,0.45977011494252873,player_totals,wnba,2026,Regular Season,/get-totals/wnba,"{""Season"": ""2026"", ""SeasonType"": ""Regular Season"", ""Type"": ""Player""}",20260602T225839Z,2026-06-02T22:58:42+00:00,70855a707cf5f08e7e8bc815858cf20430158f651ee1235c45da35bc88991ab3,,,,7.0,14.0,,,3.0,4.0,7.0,14.0,,,3.0,4.0,18.0,3.0,14.0,7.0,,,,,,,,0.8571428571428571,0.5,,0.75,0.5,0.8235294117647058,,,,,,,,0.8235294117647058,0.5,0.5,0.8571428571428571,,,,,0.8,0.75,0.5,,24.835714285714285,0.14285714285714285,,,,,,,,,,1.0,,,,,,,,,,,,,,"[""single_row_table_data"", ""multi_row_table_data""]",{}
1629477,1611661313,Sabrina Ionescu,Sabrina Ionescu,1629477,NYL,642.5,1,11.0,-13.0,58,57,4.0,9.0,7,115,1.0,3.0,,,,,1.0,6.0,,1.0,2.0,10.0,1.0,11.0,69.0,,1.0,,,,,,,2.0,2.0,,2.0,5.0,2.0,7.0,2.0,,3.0,2.0,,16.0,,,4.0,1.0,,5.0,,5.0,,,,,,,,1.0,,,1.0,,,2.0,2.0,,,,3.0,,,2.0,,1.0,,,,,,,11.0,,4.0,,,,,,,,96.55172413793105,121.05263157894738,0.5,0.5,0.2,,,0.3333333333333333,,,0.34375,,,0.2,0.3333333333333333,0.16666666666666666,24.999999999999996,,,0.08333333333333333,,0.25,,0.17857142857142858,,,,,,,0.16666666666666666,,,0.3333333333333333,,,0.2,0.3333333333333333,0.5,1.0,0.4,0.16666666666666666,0.2,,0.06666666666666667,,,,,,,,,0.5333333333333333,0.48531,0.3919,0.399,0.0625,0.09090909090909091,,,7.4,0.5,0.4,,0.06896551724137931,player_totals,wnba,2026,Regular Season,/get-totals/wnba,"{""Season"": ""2026"", ""SeasonType"": ""Regular Season"", ""Type"": ""Player""}",20260602T225839Z,2026-06-02T22:58:42+00:00,bd7d9c65a62e2763737380c726ee2609d25c7d4ca25e6a77cae2ea56e01afd42,,1.0,,2.0,4.0,,,,1.0,2.0,5.0,,,,1.0,3.0,3.0,4.0,2.0,,,,,,,,0.5,0.4,,,0.4,0.3333333333333333,,,,0.06666666666666667,,,,0.26666666666666666,0.5,0.5,0.5,,,,,1.0,,0.5,,25.52,,,1.0,,,,,,,,,,,,,,,,,,,,,,"[""single_row_table_data"", ""multi_row_table_data""]",{}
204296,1611661313,Rebecca Allen,Rebecca Allen,204296,NYL,611.0,5,10.0,-23.0,144,146,51.0,50.0,9,290,,1.0,,,,,,3.0,,1.0,,5.0,6.0,12.0,159.0,,,2.0,2.0,,3.0,4.0,10.0,,,,1.0,4.0,,4.0,,,3.0,1.0,,8.0,1.0,,4.0,3.0,1.0,8.0,1.0,9.0,,2.0,2.0,,,,,4.0,,,4.0,,,4.0,10.0,,1.0,1.0,3.0,,,6.0,,1.0,2.0,,1.0,1.0,,1.0,10.0,10.0,51.0,1.0,2.0,,,,,,94.44444444444444,108.9041095890411,,,,,,0.17647058823529413,,0.5,0.3,0.5,0.625,0.2,,0.3333333333333333,15.483870967741934,,0.125,0.08108108108108109,,0.15384615384615385,0.03225806451612903,0.1111111111111111,0.016666666666666666,,,,0.043478260869565216,,0.13333333333333333,0.0625,,0.16666666666666666,0.125,,0.058823529411764705,,,,0.17647058823529413,,,,0.058823529411764705,,,,,,,,,0.7647058823529411,0.50425,0.58065,0.4371083333333334,0.05555555555555555,0.16666666666666666,0.16666666666666666,0.8333333333333334,8.9,,,1.0,0.3541666666666667,player_totals,wnba,2026,Regular Season,/get-totals/wnba,"{""Season"": ""2026"", ""SeasonType"": ""Regular Season"", ""Type"": ""Player""}",20260602T225839Z,2026-06-02T22:58:42+00:00,32b321eac8bed92196e4c9121a02309cc41523950ac0282fcdb89da9b20676f4,1.0,7.0,1.0,1.0,5.0,,,1.0,2.0,2.0,12.0,,1.0,2.0,3.0,6.0,,5.0,1.0,,1.0,,,,,,1.0,0.16666666666666666,,0.6666666666666666,0.16666666666666666,0.7058823529411765,,,,0.4117647058823529,0.14285714285714285,0.14285714285714285,1.0,0.29411764705882354,0.2,0.2,1.0,,,,0.16666666666666666,0.3333333333333333,0.5,0.2,,23.958333333333332,0.3,,,,,,,,1.0,1.0,,,1.0,1.0,,,,,,,,,,,"[""single_row_table_data"", ""multi_row_table_data""]",{}
1642768,1611661317,Kyara Linskens,Kyara Linskens,1642768,PHX,527.7,9,9.0,-23.0,200,202,72.0,50.0,27,402,4.0,4.0,,,1.0,1.0,4.0,8.0,,3.0,8.0,15.0,7.0,38.0,219.0,,2.0,,3.0,2.0,3.0,4.0,11.0,16.0,,,,3.0,2.0,5.0,2.0,,1.0,2.0,,12.0,2.0,5.0,4.0,8.0,2.0,14.0,8.0,22.0,,7.0,3.0,4.0,1.0,1.0,1.0,3.0,,,4.0,1.0,1.0,9.0,14.0,,1.0,2.0,6.0,1.0,1.0,9.0,1.0,2.0,3.0,6.0,,,4.0,6.0,35.0,11.0,72.0,1.0,2.0,,,2.0,,,98.0,108.41584158415841,1.0,1.0,0.5333333333333333,,0.6666666666666666,0.5166666666666667,0.375,0.3888888888888889,0.5588235294117647,0.375,0.5,,,,16.521739130434785,0.25,0.5,0.14814814814814814,0.08928571428571429,0.125,0.041666666666666664,0.13953488372093023,0.0673076923076923,0.13333333333333333,0.09090909090909091,,,0.125,0.16666666666666666,0.1111111111111111,0.2,0.10714285714285714,0.25,,0.13333333333333333,1.0,1.0,1.0,0.26666666666666666,0.5,0.5,1.0,0.1,,,,,,,0.1111111111111111,1.0,0.6333333333333333,0.49955166666666667,0.5158875,0.5597444444444445,0.06451612903225806,0.125,0.07894736842105263,0.2894736842105263,8.446666666666667,,0.25,,0.36,player_totals,wnba,2026,Regular Season,/get-totals/wnba,"{""Season"": ""2026"", ""SeasonType"": ""Regular Season"", ""Type"": ""Player""}",20260602T225839Z,2026-06-02T22:58:42+00:00,6bbc72b55dc0460c7cf72cf2bcbd2a917d74fc8894875cb9a1d36134d6826437,2.0,8.0,4.0,3.0,7.0,,,,2.0,5.0,15.0,1.0,2.0,1.0,6.0,15.0,,7.0,3.0,,,,2.0,2.0,,,1.0,0.3333333333333333,0.5,0.16666666666666666,0.3333333333333333,0.5,,,0.3333333333333333,0.26666666666666666,0.25,0.25,1.0,0.23333333333333334,0.42857142857142855,0.42857142857142855,1.0,,,,0.4444444444444444,0.2222222222222222,,0.42857142857142855,,23.953333333333333,0.1,1.0,,0.2,,,,,2.0,0.5,,,1.0,0.25,,,,1.0,0.5,1.0,,,,,"[""single_row_table_data"", ""multi_row_table_data""]",{}
1643487,1611661317,Quionche Carter,Quionche Carter,1643487,PHX,500.0,4,8.0,-19.0,56,59,10.0,3.0,5,115,1.0,1.0,,,,,1.0,3.0,,,2.0,4.0,4.0,8.0,74.0,,,,,,,,,4.0,,,2.0,2.0,1.0,3.0,1.0,,,2.0,,7.0,,,,2.0,,2.0,,2.0,,1.0,1.0,,,,,,,,,,,,1.0,,,,3.0,1.0,,5.0,,2.0,,,,,,,8.0,,10.0,,,,,,,,98.21428571428571,125.42372881355932,1.0,1.0,0.5,,,0.3333333333333333,,,0.4375,,,0.5,,0.6666666666666666,13.114754098360656,,,0.125,,,,0.08333333333333333,,,,,,,,0.3333333333333333,,,,,0.16666666666666666,1.0,1.0,1.0,0.5,0.3333333333333333,1.0,1.0,,,,,,,,,,0.5,0.48745,,,0.25,0.3333333333333333,,,4.625,,0.5,,0.17857142857142858,player_totals,wnba,2026,Regular Season,/get-totals/wnba,"{""Season"": ""2026"", ""SeasonType"": ""Regular Season"", ""Type"": ""Player""}",20260602T225839Z,2026-06-02T22:58:42+00:00,81243e38ab01330009106c3febd890fd87a1f5c546046261dbb3d230f0f2d017,,1.0,,,1.0,,,,,,2.0,,,,,,,1.0,,,,,,,,,,,,,,0.3333333333333333,,,,0.16666666666666666,,,,0.16666666666666666,,,,,,,,,,,,23.75,,,,,,1.0,,,,,,,,,,,,,,,,,,,"[""single_row_table_data"", ""multi_row_table_data""]",{}
1643444,1611661320,Ta'Niya Latson,Ta'Niya Latson,1643444,LAS,493.3,5,8.0,-13.0,36,40,14.0,12.0,4,76,1.0,1.0,,,,,,1.0,,,1.0,2.0,3.0,8.0,45.0,,,,,,1.0,3.0,3.0,,2.0,,1.0,,,,,,,,,,,,1.0,,,1.0,,1.0,,,,,1.0,1.0,1.0,2.0,,,3.0,1.0,1.0,,3.0,,,1.0,3.0,1.0,,4.0,,1.0,1.0,,,,,,8.0,3.0,14.0,1.0,1.0,,,,,,88.88888888888889,112.5,,,0.5,,,0.625,,,0.6666666666666666,,0.5,0.5,,1.0,21.951219512195124,0.3333333333333333,,,,0.1111111111111111,,0.07142857142857142,,,,,,,,,,0.125,,,0.25,1.0,1.0,,0.25,,,,,,,,,,,,,0.75,0.56465,,0.4113,0.2,0.3333333333333333,,0.375,3.7,,,,0.3888888888888889,player_totals,wnba,2026,Regular Season,/get-totals/wnba,"{""Season"": ""2026"", ""SeasonType"": ""Regular Season"", ""Type"": ""Player""}",20260602T225839Z,2026-06-02T22:58:42+00:00,af0bd265810df0ff3483607a373950f32799ba3141ff02399d88e2d9823e1c71,1.0,1.0,,,1.0,,,,,1.0,2.0,,,,,3.0,,1.0,,,,,,,,,1.0,0.5,,,0.5,0.5,,,,0.25,1.0,1.0,1.0,0.25,,,,,,,,,,,,23.3,,,,,,,,,,,,,,,,,,,,,,,,,"[""single_row_table_data"", ""multi_row_table_data""]",{}
1642775,1611661322,Alex Wilson,Alex Wilson,1642775,WAS,475.0999999999999,4,8.0,-21.0,115,116,39.0,45.0,17,231,2.0,3.0,1.0,2.0,,1.0,,1.0,,,2.0,4.0,2.0,12.0,123.0,1.0,2.0,,2.0,,1.0,2.0,2.0,2.0,2.0,2.0,,2.0,1.0,3.0,,1.0,1.0,1.0,,7.0,3.0,2.0,1.0,1.0,,2.0,5.0,7.0,1.0,,,,2.0,,2.0,,,,2.0,,1.0,3.0,7.0,,,,5.0,,3.0,3.0,,,,1.0,,,,1.0,10.0,2.0,39.0,2.0,,,6.0,4.0,,,88.69565217391305,106.0344827586207,0.5,1.0,0.5,0.5,,0.3333333333333333,0.3333333333333333,,0.375,0.3333333333333333,0.14285714285714285,,,,13.13868613138686,1.0,,0.030303030303030304,0.0625,0.04,0.11538461538461539,0.034482758620689655,0.08620689655172414,0.06666666666666667,0.08333333333333333,,0.13636363636363635,,0.1111111111111111,,,0.058823529411764705,,0.1,0.2,0.6666666666666666,0.6666666666666666,0.5,0.06666666666666667,,,,,,,,0.6666666666666666,0.5,,0.16666666666666666,,0.9333333333333333,0.5229733333333333,0.7404,0.489425,0.0625,,0.16666666666666666,0.16666666666666666,2.275,1.0,,,0.3391304347826087,player_totals,wnba,2026,Regular Season,/get-totals/wnba,"{""Season"": ""2026"", ""SeasonType"": ""Regular Season"", ""Type"": ""Player""}",20260602T225839Z,2026-06-02T22:58:42+00:00,c32c4fce058ada17d88d247b06e404576f8c7ddbb9eed151f02ce9a7aa4ecea8,2.0,3.0,,,8.0,,1.0,,5.0,2.0,11.0,,1.0,,5.0,6.0,,8.0,,,,1.0,1.0,1.0,,,1.0,0.18181818181818182,,,0.18181818181818182,0.7333333333333333,,,1.0,0.2,0.6666666666666666,0.6666666666666666,1.0,0.5333333333333333,,,,0.3333333333333333,,,,0.8333333333333334,,,0.08333333333333333,26.072727272727274,0.125,,,,,,,,,,,,,,,,,,,,,,,,"[""single_row_table_data"", ""multi_row_table_data""]",{}
1628882,1611661328,Lexie Brown,Lexie Brown,1628882,SEA,473.80000000000007,10,8.0,-40.0,295,296,86.0,87.0,29,591,2.0,3.0,,,,,1.0,2.0,,1.0,3.0,6.0,5.0,38.0,337.0,,1.0,,,,1.0,2.0,5.0,2.0,4.0,,1.0,6.0,5.0,11.0,4.0,1.0,3.0,2.0,1.0,27.0,,1.0,6.0,6.0,,12.0,1.0,13.0,,5.0,5.0,,5.0,2.0,3.0,5.0,,2.0,10.0,1.0,3.0,8.0,13.0,,,2.0,10.0,,3.0,6.0,1.0,2.0,,1.0,,,,1.0,38.0,5.0,86.0,1.0,,,1.0,1.0,,,100.6779661016949,113.85135135135135,0.3333333333333333,0.3333333333333333,0.5,,,0.6346153846153846,,0.375,0.6785714285714286,,0.5,0.16666666666666666,0.3333333333333333,,11.62079510703364,0.5,,0.06976744186046512,0.015151515151515152,0.13043478260869565,,0.09090909090909091,0.007751937984496124,,,0.0625,,,0.06666666666666667,,0.25,0.05405405405405406,0.4444444444444444,,0.11538461538461539,0.6666666666666666,1.0,0.5,0.07692307692307693,0.5,0.5,,0.038461538461538464,,,,,,,,,0.8846153846153846,0.523148076923077,0.492725,0.4640125,0.10714285714285714,0.2857142857142857,,0.13157894736842105,6.183333333333334,,,1.0,0.29152542372881357,player_totals,wnba,2026,Regular Season,/get-totals/wnba,"{""Season"": ""2026"", ""SeasonType"": ""Regular Season"", ""Type"": ""Player""}",20260602T225839Z,2026-06-02T22:58:42+00:00,0322a776551c620293715f551b6eadb071b4fd29b0a5f7c6085ca7af5bb7d86a,1.0,3.0,1.0,8.0,17.0,,1.0,,2.0,9.0,20.0,,1.0,1.0,3.0,27.0,,17.0,8.0,,1.0,1.0,1.0,,,,1.0,0.45,,0.3333333333333333,0.45,0.7692307692307693,,,,0.11538461538461539,0.3333333333333333,0.3333333333333333,1.0,0.6538461538461539,0.47058823529411764,0.47058823529411764,1.0,0.5,,,0.25,0.5,,0.47058823529411764,0.047619047619047616,24.830000000000002,0.09090909090909091,,,,1.0,,,,,,,,1.0,1.0,,,,,,,,,,,"[""single_row_table_data"", ""multi_row_table_data""]",{}
203024,1611661325,Damiris Dantas,Damiris Dantas,203024,IND,444.20000000000005,4,7.0,12.0,79,79,41.0,40.0,11,158,1.0,1.0,1.0,1.0,,,,,1.0,1.0,2.0,2.0,,16.0,80.0,1.0,1.0,,2.0,,,,,4.0,,,,1.0,,1.0,,,1.0,,,2.0,,,2.0,1.0,1.0,4.0,,4.0,,1.0,1.0,,2.0,,1.0,1.0,,1.0,3.0,,2.0,2.0,11.0,,,1.0,2.0,1.0,,,,,,2.0,,,2.0,2.0,14.0,,41.0,3.0,,2.0,-16.0,5.0,,3.0,116.45569620253164,101.26582278481013,1.0,1.0,1.0,1.0,,0.7272727272727273,0.3333333333333333,,0.7272727272727273,0.3333333333333333,,,,,15.217391304347826,0.6666666666666666,0.2,0.06666666666666667,,0.14285714285714285,,0.10344827586206896,,,,,,,,0.1,,0.2222222222222222,,,0.09090909090909091,1.0,1.0,1.0,,,,,0.09090909090909091,1.0,1.0,1.0,0.3333333333333333,1.0,1.0,,,0.9090909090909091,0.5314272727272727,0.627,0.56157,,,0.125,,8.35,,,,0.5189873417721519,player_totals,wnba,2026,Regular Season,/get-totals/wnba,"{""Season"": ""2026"", ""SeasonType"": ""Regular Season"", ""Type"": ""Player""}",20260602T225839Z,2026-06-02T22:58:42+00:00,16c72f7f484b5701f75b6a721ce94582105d6c1472a5563a28b6d62dba946c4a,,1.0,1.0,4.0,8.0,,2.0,,4.0,4.0,9.0,,2.0,,5.0,12.0,,8.0,4.0,,,,,1.0,2.0,1.0,1.0,0.4444444444444444,,,0.4444444444444444,0.8181818181818182,,,0.5,0.09090909090909091,,,,0.7272727272727273,0.5,0.5,1.0,0.6666666666666666,,,0.2,0.8,,0.5,,24.966666666666665,0.6,,,,,,,,,,,,,,,,,,,,,,,,"[""single_row_table_data"", ""multi_row_table_data""]",{}
1628278,1611661325,Shatori Walker-Kimbrough,Shatori Walker-Kimbrough,1628278,IND,392.0,2,7.0,-14.0,15,15,10.0,10.0,3,30,,,,,,,,,,1.0,,1.0,,,17.0,,1.0,,,,,,,,,,,,,,,,,,,,,,,,,,,,,,,,1.0,,1.0,,,,1.0,,,,,,,,,,,,,,,,,,,,,,10.0,,,,,,,,20.0,113.33333333333334,,,,,,,,,,,,,,,11.11111111111111,1.0,,,,,,,,,,,,,,,,,,,,,,,,,,,1.0,,,,,,,,,,0.3872,0.3872,,,,,,17.3,,,,0.6666666666666666,player_totals,wnba,2026,Regular Season,/get-totals/wnba,"{""Season"": ""2026"", ""SeasonType"": ""Regular Season"", ""Type"": ""Player""}",20260602T225839Z,2026-06-02T22:58:42+00:00,0d56c46b11492abd6b4d45619e5a8b92f90e759dd05e04f362b96b875dd67ea0,,,,,,,,,,,,,,,,,,,,,,,,,,,,,,,,,,,,,,,,,,,,,,,,,,,,,,,,,,,,,,,,,,,,,,,,,,,,,"[""single_row_table_data"", ""multi_row_table_data""]",{}
1629574,1611661321,Li Yueru,Li Yueru,1629574,DAL,369.20000000000005,6,6.0,13.0,96,99,42.0,47.0,12,195,1.0,4.0,1.0,4.0,1.0,1.0,,1.0,,,1.0,5.0,8.0,13.0,105.0,1.0,4.0,3.0,5.0,1.0,1.0,6.0,8.0,,2.0,2.0,1.0,2.0,1.0,3.0,1.0,,1.0,,1.0,7.0,2.0,5.0,3.0,5.0,,8.0,8.0,16.0,2.0,1.0,1.0,,,,,1.0,,,1.0,,1.0,2.0,4.0,,,,10.0,,,12.0,,3.0,3.0,,,,,,8.0,8.0,42.0,,3.0,,,,,,122.91666666666667,106.06060606060606,,,0.2,0.25,1.0,0.22727272727272727,0.25,0.3333333333333333,0.38235294117647056,0.4166666666666667,0.5714285714285714,0.2,,1.0,16.363636363636363,,,0.20833333333333334,0.2,0.16666666666666666,0.1111111111111111,0.19047619047619047,0.16279069767441862,0.5,0.1,0.1111111111111111,0.11764705882352941,,0.15384615384615385,0.3,,0.2,,0.25,0.36363636363636365,0.25,0.25,,0.09090909090909091,,,,,,,,1.0,0.25,,0.3333333333333333,1.0,0.9090909090909091,0.5487772727272727,0.6222,0.52015,0.21428571428571427,0.375,0.38461538461538464,0.6153846153846154,2.94,1.0,,,0.4375,player_totals,wnba,2026,Regular Season,/get-totals/wnba,"{""Season"": ""2026"", ""SeasonType"": ""Regular Season"", ""Type"": ""Player""}",20260602T225839Z,2026-06-02T22:58:42+00:00,c66ea7efff4afc2a60c5af5a989ed9a029b4ff998dde761782a00d55118e5154,,,,1.0,6.0,,,,2.0,1.0,6.0,,,,2.0,3.0,,6.0,1.0,,1.0,,,,,,1.0,0.16666666666666666,,,0.16666666666666666,0.5454545454545454,,,,,,,,0.5454545454545454,0.16666666666666666,0.16666666666666666,1.0,,,,,0.6666666666666666,,0.16666666666666666,,25.400000000000002,,1.0,,0.14285714285714285,,,,,,,,,,,,,,,,,,,,,"[""single_row_table_data"", ""multi_row_table_data""]",{}
1631039,1611661331,Miela Sowah,Miela Sowah,1631039,GSV,347.0,2,6.0,-10.0,12,14,9.0,14.0,2,26,,,,,,,,,,,,,,,20.0,,,,,,,,,,,,,,,,,,,,,,,,,,,,,,,,,,,,,,,,,,,,1.0,,,,,,,,,,,,,,,,,,9.0,1.0,,,,,,,83.33333333333334,142.85714285714283,,,,,,,,,,,,,,,14.285714285714285,,,,,,,,,,,,,,,,,,,,,,,,,,,,,,,,,,,,,1.0,0.473775,,0.4251,,,,,,,,,0.75,player_totals,wnba,2026,Regular Season,/get-totals/wnba,"{""Season"": ""2026"", ""SeasonType"": ""Regular Season"", ""Type"": ""Player""}",20260602T225839Z,2026-06-02T22:58:42+00:00,a8f9292fcf8435a7decacb265620c76b3e85d26e616403155291250ba07eae32,,2.0,1.0,,,,,,,,2.0,,,,1.0,,,,,,,,,,,,,,,,,1.0,,,,1.0,,,,,,,,,,,1.0,,,,,22.4,0.5,,,,,,,,,,,,,,,,,,,,,,,,"[""single_row_table_data"", ""multi_row_table_data""]",{}
1630138,1611661317,Peyton Williams,Peyton Williams,1630138,PHX,346.0,1,6.0,-1.0,12,12,,,1,24,,,,,,,,1.0,,,,1.0,,,13.0,,,,,,,,,,,,1.0,,2.0,2.0,2.0,,,,,6.0,,,,,,,,,,,,,,,,,,,,,,,,,,,,,,,,,,1.0,,,1.0,1.0,,,,,,,,,,,100.0,108.33333333333334,,,,,,,,,,,,1.0,,1.0,7.692307692307692,,,,,,,,,,,,,,,,,,,,,,,,1.0,,,,,,,,,,,,,,0.3879,,,,,,,5.4,,1.0,,,player_totals,wnba,2026,Regular Season,/get-totals/wnba,"{""Season"": ""2026"", ""SeasonType"": ""Regular Season"", ""Type"": ""Player""}",20260602T225839Z,2026-06-02T22:58:42+00:00,06ae836c56b7e1f89b5fa71f1b16e87d0c279af7c75f1ea232941741cce19688,,,,,,,,,,,,,,,,,,,,,,,,1.0,,,,,,,,,,,1.0,,,,,,,,,,,,,,,,,,,,,,,,,,,,,,,,,,,,,,,,,,"[""single_row_table_data"", ""multi_row_table_data""]",{}
1642781,1611661322,Georgia Amoore,Georgia Amoore,1642781,WAS,345.3,7,6.0,-11.0,318,316,75.0,101.0,36,634,3.0,6.0,,,2.0,3.0,1.0,5.0,1.0,3.0,5.0,14.0,13.0,44.0,353.0,,,,,3.0,5.0,9.0,15.0,2.0,8.0,,,21.0,7.0,28.0,6.0,1.0,11.0,10.0,,63.0,,,5.0,2.0,1.0,8.0,,8.0,,3.0,2.0,1.0,15.0,3.0,12.0,4.0,1.0,3.0,19.0,,5.0,5.0,21.0,,1.0,,9.0,,1.0,14.0,,3.0,4.0,1.0,1.0,1.0,1.0,2.0,44.0,15.0,75.0,3.0,4.0,3.0,-2.0,17.0,7.0,,107.54716981132074,111.70886075949366,0.2,0.2,0.35714285714285715,,0.6,0.34444444444444444,,0.3,0.4230769230769231,,0.5,,,,19.55922865013774,0.7894736842105263,0.1,0.022988505747126436,,0.07142857142857142,,0.044585987261146494,,,,,,,,0.02564102564102564,0.05555555555555555,0.058823529411764705,0.10526315789473684,,0.13333333333333333,0.5,0.5,0.3333333333333333,0.1111111111111111,0.2,0.2,,0.06666666666666667,0.3333333333333333,0.3333333333333333,,,,,0.3,0.6666666666666666,0.8222222222222222,0.5112111111111111,0.58905,0.50778,0.0625,0.17647058823529413,,0.3409090909090909,8.414285714285715,0.3333333333333333,0.5,0.5,0.2358490566037736,player_totals,wnba,2026,Regular Season,/get-totals/wnba,"{""Season"": ""2026"", ""SeasonType"": ""Regular Season"", ""Type"": ""Player""}",20260602T225839Z,2026-06-02T22:58:42+00:00,fd4096c2a555e46797c0f07823701a7953577bb19c11fe4157b546f5c6a0787a,3.0,6.0,,4.0,25.0,,2.0,,5.0,7.0,31.0,,3.0,,5.0,12.0,9.0,25.0,4.0,,,,,,,,0.5714285714285714,0.22580645161290322,,,0.22580645161290322,0.6888888888888889,,,,0.13333333333333333,0.5,0.5,0.6666666666666666,0.5555555555555556,0.16,0.16,0.5,0.6666666666666666,,,,0.5,,0.16,,24.648387096774194,0.21739130434782608,,,,,,,,1.0,0.3333333333333333,,,,,,,,,,,,,,,"[""single_row_table_data"", ""multi_row_table_data""]",{}
1630108,1611661332,Mariella Fasoula,Mariella Fasoula,1630108,TOR,319.0,3,5.0,-2.0,30,30,22.0,18.0,6,60,1.0,3.0,1.0,1.0,,2.0,1.0,1.0,,1.0,2.0,5.0,,4.0,35.0,1.0,1.0,,2.0,1.0,4.0,,2.0,4.0,,,1.0,,1.0,1.0,1.0,,,,,3.0,1.0,,2.0,,,2.0,1.0,3.0,,1.0,1.0,,1.0,1.0,,1.0,,1.0,2.0,1.0,1.0,2.0,5.0,,,,1.0,,,,,,,2.0,,,,2.0,2.0,2.0,22.0,,,,,,,,110.0,116.66666666666667,1.0,1.0,0.4,1.0,0.25,0.4,1.0,0.25,0.4,1.0,0.25,0.2,0.3333333333333333,,18.91891891891892,0.5,,,,0.4,0.125,0.16666666666666666,0.058823529411764705,,,,,0.5,,,,0.4,,,0.6,0.3333333333333333,0.5,1.0,0.2,1.0,1.0,1.0,0.2,,,,1.0,1.0,1.0,0.5,,0.6,0.5048600000000001,0.6279,0.4741,,,0.5,0.5,5.9799999999999995,0.5,,,0.7333333333333333,player_totals,wnba,2026,Regular Season,/get-totals/wnba,"{""Season"": ""2026"", ""SeasonType"": ""Regular Season"", ""Type"": ""Player""}",20260602T225839Z,2026-06-02T22:58:42+00:00,28adb851abeefde40909444c7edfb773693122a0074f6a5976e4155b06eb8920,,,,,,,,,,,,,,,,,,,,,,,2.0,1.0,,,,,,,,,,,0.5,,,,,,,,,,,,,,,,,,,,,,,,,,,,,,,,,,,,,,,,,,"[""single_row_table_data"", ""multi_row_table_data""]",{}
1641695,1611661331,Ashten Prechtel,Ashten Prechtel,1641695,GSV,288.0,1,5.0,-2.0,11,12,11.0,12.0,3,23,1.0,1.0,,,1.0,1.0,,,,,1.0,1.0,,5.0,16.0,,,,,1.0,1.0,,5.0,2.0,,,,,,,,,,,,,,1.0,,,,,1.0,1.0,,,,,1.0,,,,,1.0,1.0,1.0,1.0,,,,,,,,,,,,,,,,,,5.0,5.0,11.0,,,,,,,,127.27272727272727,133.33333333333334,1.0,1.0,1.0,,1.0,0.8333333333333334,,0.8333333333333334,0.8333333333333334,,0.8333333333333334,,,,30.769230769230766,1.0,,,1.0,,,,0.25,,,1.0,,,,,,,,,0.3333333333333333,1.0,1.0,1.0,,,,,,,,,,,,0.3333333333333333,1.0,1.0,0.6037166666666667,,0.6037166666666667,,,,1.0,1.8,,,,1.0,player_totals,wnba,2026,Regular Season,/get-totals/wnba,"{""Season"": ""2026"", ""SeasonType"": ""Regular Season"", ""Type"": ""Player""}",20260602T225839Z,2026-06-02T22:58:42+00:00,9a10d28c609709cda2dfc47fae7dca6f87e3d0fc7d342bda8d145e812bb98492,,1.0,1.0,1.0,1.0,,,1.0,1.0,1.0,2.0,,,1.0,2.0,3.0,,1.0,1.0,1.0,,,,,,,1.0,0.5,,0.5,0.5,0.6666666666666666,0.5,1.0,,0.3333333333333333,,,,0.3333333333333333,1.0,1.0,1.0,,,,0.3333333333333333,0.3333333333333333,1.0,1.0,,22.85,1.0,,,,,,,,,,,,,,,,,,,,,,,,"[""single_row_table_data"", ""multi_row_table_data""]",{}
1630115,1611661328,Joyner Holmes,Joyner Holmes,1630115,SEA,284.0,1,5.0,-2.0,28,29,11.0,13.0,5,57,,2.0,,,,1.0,1.0,1.0,,,1.0,3.0,,2.0,22.0,,,,,,1.0,,,2.0,,,1.0,1.0,,1.0,,,1.0,,,2.0,1.0,,,3.0,1.0,4.0,1.0,5.0,,,,,2.0,,2.0,,,,2.0,,,1.0,1.0,,,,,,,,,,,3.0,,,2.0,3.0,2.0,,11.0,,,,,,,,71.42857142857142,75.86206896551725,1.0,1.0,0.3333333333333333,,,0.25,,,0.25,,,0.3333333333333333,0.5,,17.64705882352941,1.0,1.0,0.25,,,0.125,0.16666666666666666,0.058823529411764705,,,,,0.25,,0.25,1.0,,,,0.5,,,,0.25,1.0,1.0,1.0,,,,,,,,1.0,,0.75,0.474525,,0.4724,,,,,4.033333333333333,0.5,,,0.39285714285714285,player_totals,wnba,2026,Regular Season,/get-totals/wnba,"{""Season"": ""2026"", ""SeasonType"": ""Regular Season"", ""Type"": ""Player""}",20260602T225839Z,2026-06-02T22:58:42+00:00,de32fb0501acbc2f739bff4d305312f54cc71100268a9abe0d359870dc3f83d0,,1.0,,,,,,,,,1.0,,1.0,,,,,,,,,,1.0,1.0,,,,,,,,0.25,,,0.3333333333333333,0.25,,,,,,,,,,,,,,,,24.0,,,,,,,,,1.0,1.0,,,,,,,,,,,,,,,"[""single_row_table_data"", ""multi_row_table_data""]",{}
1630461,1611661317,Kiana Williams,Kiana Williams,1630461,PHX,282.5999999999999,8,5.0,-12.0,212,207,49.0,44.0,23,419,2.0,4.0,,,,1.0,1.0,3.0,,1.0,3.0,8.0,5.0,38.0,229.0,,,,3.0,1.0,3.0,,17.0,2.0,4.0,,2.0,3.0,1.0,4.0,1.0,,2.0,,1.0,9.0,,,1.0,2.0,,3.0,,3.0,,4.0,2.0,2.0,4.0,,4.0,2.0,,,6.0,,,2.0,10.0,1.0,1.0,,3.0,,,5.0,,1.0,,1.0,,,,1.0,35.0,17.0,49.0,1.0,,,,,,,102.35849056603773,110.62801932367151,0.3333333333333333,0.3333333333333333,0.375,,0.3333333333333333,0.5,0.75,0.6538461538461539,0.5428571428571428,0.75,0.6538461538461539,0.25,0.25,,17.372881355932204,0.6666666666666666,,0.037037037037037035,,0.02631578947368421,,0.03260869565217391,,,,,,,0.04,,0.09090909090909091,0.03225806451612903,,,0.12121212121212122,0.5,0.6666666666666666,0.5,0.09090909090909091,0.3333333333333333,0.3333333333333333,,0.030303030303030304,,,,,,,0.07692307692307693,,0.8787878787878788,0.525121875,0.563475,0.4718541666666667,0.029411764705882353,0.1111111111111111,0.07894736842105263,0.4473684210526316,6.3875,,0.5,1.0,0.23113207547169812,player_totals,wnba,2026,Regular Season,/get-totals/wnba,"{""Season"": ""2026"", ""SeasonType"": ""Regular Season"", ""Type"": ""Player""}",20260602T225839Z,2026-06-02T22:58:42+00:00,f33c0bf574b72728dd9e393250da82c6689250cd7890fe065c76e40b9395eae4,4.0,6.0,2.0,5.0,19.0,1.0,2.0,3.0,8.0,9.0,25.0,1.0,2.0,5.0,10.0,18.0,9.0,19.0,5.0,,1.0,1.0,1.0,,,,0.6666666666666666,0.36,0.5,0.5,0.36,0.7575757575757576,,,,0.18181818181818182,0.6666666666666666,0.6666666666666666,1.0,0.5757575757575758,0.2631578947368421,0.2631578947368421,0.4,1.0,0.5,,0.15384615384615385,0.6153846153846154,0.375,0.2631578947368421,,26.131999999999998,0.1875,,,,,,,1.0,,,,,2.0,1.0,,,,,,,,,,,"[""single_row_table_data"", ""multi_row_table_data""]",{}
204323,1611661319,Cheyenne Parker-Tyus,Cheyenne Parker-Tyus,204323,LVA,241.4000000000001,6,4.0,14.0,132,130,49.0,42.0,13,262,10.0,14.0,1.0,2.0,4.0,6.0,,3.0,,,10.0,17.0,6.0,29.0,131.0,1.0,3.0,3.0,5.0,4.0,6.0,5.0,13.0,16.0,4.0,2.0,2.0,2.0,1.0,3.0,1.0,,2.0,,,7.0,1.0,4.0,3.0,5.0,1.0,9.0,5.0,14.0,1.0,2.0,2.0,,1.0,,,3.0,,1.0,4.0,,1.0,5.0,9.0,,,3.0,8.0,1.0,,7.0,1.0,3.0,1.0,6.0,,,2.0,6.0,24.0,13.0,49.0,,1.0,,-10.0,,,,109.84848484848484,100.76923076923076,0.8,0.8888888888888888,0.5882352941176471,0.3333333333333333,0.6666666666666666,0.575,0.3333333333333333,0.5714285714285714,0.6304347826086957,0.5,0.7222222222222222,0.11764705882352941,0.07142857142857142,0.3333333333333333,18.493150684931507,0.25,0.25,0.09803921568627451,0.1,0.13043478260869565,0.05555555555555555,0.10810810810810811,0.08620689655172414,0.08333333333333333,0.1875,,0.07142857142857142,,0.11764705882352941,0.1,0.07142857142857142,0.05,0.6666666666666666,0.14285714285714285,0.7,0.7142857142857143,0.7692307692307693,0.8,0.15,,,,,,,,0.6666666666666666,0.5,,0.8571428571428571,0.6666666666666666,0.85,0.5720824999999999,0.5577,0.6068142857142858,0.13636363636363635,0.15789473684210525,0.1724137931034483,0.4482758620689655,2.7764705882352945,0.25,0.3333333333333333,,0.3712121212121212,player_totals,wnba,2026,Regular Season,/get-totals/wnba,"{""Season"": ""2026"", ""SeasonType"": ""Regular Season"", ""Type"": ""Player""}",20260602T225839Z,2026-06-02T22:58:42+00:00,1206b9eb13812a72e4279a2398ce4463fb122b6963e401165f11422c85083879,,,,1.0,3.0,,,,1.0,1.0,3.0,,,,1.0,3.0,,3.0,1.0,,,,4.0,3.0,2.0,,1.0,0.3333333333333333,,,0.3333333333333333,0.15,,,0.5,,,,,0.15,0.3333333333333333,0.3333333333333333,1.0,,,,,0.14285714285714285,,0.3333333333333333,,25.3,,,,,,,,,,,,,,,,,,,,,,,,,"[""single_row_table_data"", ""multi_row_table_data""]",{}
1643647,1611661332,Tima Pouye,Tima Pouye,1643647,TOR,213.0,1,4.0,-2.0,6,6,3.0,1.0,1,12,,,,,,,,,,,,,2.0,2.0,6.0,,,,,,,,,,,,,,,,,,,,,,,,,,,,,,,,,,,,,,,,,,,,,,,,1.0,,,2.0,,1.0,,,,,,,2.0,,3.0,,,,,,,,66.66666666666667,100.0,,,,,,,,,1.0,,,,,,14.285714285714285,,,,,,,,,,,,,,,,,,,,,,,,,,,,,,,,,,,,,,,,,1.0,1.0,,,,,,,0.5,player_totals,wnba,2026,Regular Season,/get-totals/wnba,"{""Season"": ""2026"", ""SeasonType"": ""Regular Season"", ""Type"": ""Player""}",20260602T225839Z,2026-06-02T22:58:42+00:00,08da9427a582ef77762eafdb7e18e83771665eefe439dfe62595543fa5e5d00c,,,,,,,,,,,,,,,,,,,,,,,,,,,,,,,,,,,,,,,,,,,,,,,,,,,,,,,,,,,,,,,,,,,,,,,,,,,,,"[""single_row_table_data"", ""multi_row_table_data""]",{}
1643473,1611661328,Taina Mair,Taina Mair,1643473,SEA,192.0,1,3.0,-1.0,4,5,2.0,,2,9,,,,,,,,,,1.0,,1.0,,,6.0,,,,,,1.0,,,,,,,1.0,,1.0,,,,1.0,,2.0,,,,,,,,,,,,,,,,,,,,,,,,,,,1.0,1.0,,,,,,,,,,,,,2.0,,,,,,,,125.0,120.0,,,,,,,,,,,,,,,14.285714285714285,,,,,,,,,,,,,,,,,,,,,,,,,,,,1.0,,,,,,,,,,0.3517,,0.3517,,,,,16.1,,,1.0,0.5,player_totals,wnba,2026,Regular Season,/get-totals/wnba,"{""Season"": ""2026"", ""SeasonType"": ""Regular Season"", ""Type"": ""Player""}",20260602T225839Z,2026-06-02T22:58:42+00:00,15a00e380a931e864d0935594482ab6628cac45e7034f9524e92bfffeac6b105,,,,,,,,,,,,,,,,,,,,,,,,,,,,,,,,,,,,,,,,,,,,,,,,,,,,,,,,,,,,,,,,,,,,,,,,,,,,,"[""single_row_table_data"", ""multi_row_table_data""]",{}
1643457,1611661332,Teonni Key,Teonni Key,1643457,TOR,191.0,9,3.0,-13.0,203,205,85.0,89.0,21,408,6.0,10.0,2.0,3.0,3.0,4.0,1.0,3.0,,,7.0,13.0,4.0,27.0,242.0,2.0,3.0,2.0,6.0,3.0,6.0,2.0,14.0,10.0,4.0,2.0,1.0,,2.0,2.0,2.0,,,,,6.0,3.0,8.0,4.0,6.0,1.0,11.0,11.0,22.0,1.0,3.0,2.0,1.0,5.0,,1.0,2.0,,4.0,7.0,2.0,3.0,6.0,17.0,1.0,4.0,1.0,9.0,3.0,1.0,8.0,,3.0,1.0,6.0,,,3.0,6.0,21.0,14.0,85.0,5.0,1.0,,1.0,1.0,-9.0,7.0,112.80788177339903,118.04878048780489,0.7142857142857143,0.8333333333333334,0.5384615384615384,0.6666666666666666,0.5,0.5227272727272727,0.6666666666666666,0.5454545454545454,0.5192307692307693,0.5,0.5384615384615384,0.07692307692307693,0.1,,14.285714285714285,0.7142857142857143,0.16666666666666666,0.1,0.1568627450980392,0.0975609756097561,0.06521739130434782,0.09900990099009901,0.1134020618556701,0.18181818181818182,0.16666666666666666,0.09090909090909091,0.08571428571428572,,0.12121212121212122,0.09523809523809523,,0.10344827586206896,0.08333333333333333,0.09090909090909091,0.45454545454545453,0.6,0.6666666666666666,0.6666666666666666,0.13636363636363635,0.3333333333333333,0.3333333333333333,1.0,,,,,1.0,0.6666666666666666,0.5,0.36363636363636365,0.75,0.8636363636363636,0.5398295454545455,0.5688,0.5155136363636363,0.12,0.1875,0.2222222222222222,0.5185185185185185,3.646153846153846,0.25,,,0.4187192118226601,player_totals,wnba,2026,Regular Season,/get-totals/wnba,"{""Season"": ""2026"", ""SeasonType"": ""Regular Season"", ""Type"": ""Player""}",20260602T225839Z,2026-06-02T22:58:42+00:00,5faf4e50a03e6a08b2fdd5f350c7cb6fec7469428ed21c2e6cb955ba4608de48,3.0,7.0,3.0,,2.0,,,,2.0,3.0,9.0,,,2.0,5.0,9.0,,2.0,,,,,3.0,4.0,,1.0,1.0,0.3333333333333333,,0.4,0.3333333333333333,0.4090909090909091,,,0.6666666666666666,0.3181818181818182,0.42857142857142855,0.42857142857142855,1.0,0.09090909090909091,,,,,,,0.2727272727272727,0.18181818181818182,,,,23.5,,,,,,,,,,,,,2.0,0.6666666666666666,,,,,,,,,,,"[""single_row_table_data"", ""multi_row_table_data""]",{}
1642822,1611661331,Kaitlyn Chen,Kaitlyn Chen,1642822,GSV,185.4999999999999,8,3.0,11.0,240,248,100.0,104.0,41,488,6.0,12.0,1.0,2.0,3.0,7.0,6.0,18.0,4.0,6.0,16.0,36.0,10.0,57.0,237.0,3.0,4.0,1.0,13.0,8.0,19.0,10.0,32.0,10.0,22.0,2.0,2.0,5.0,8.0,13.0,7.0,1.0,3.0,,2.0,34.0,2.0,3.0,3.0,7.0,,10.0,5.0,15.0,3.0,1.0,,1.0,3.0,3.0,3.0,3.0,,,6.0,,4.0,4.0,9.0,,,,10.0,,4.0,11.0,1.0,3.0,3.0,,,,,,44.0,32.0,100.0,,3.0,,1.0,,,,103.33333333333334,95.56451612903226,0.3125,0.3333333333333333,0.4444444444444444,0.75,0.42105263157894735,0.5222222222222223,0.8571428571428571,0.5,0.57,0.8125,0.5925925925925926,0.05555555555555555,0.08333333333333333,0.05555555555555555,19.51219512195122,0.5,,0.109375,0.0375,0.06976744186046512,0.03773584905660377,0.09345794392523364,0.03759398496240601,,0.07692307692307693,,0.023809523809523808,0.09090909090909091,0.14285714285714285,0.047619047619047616,0.13333333333333333,0.03125,0.18181818181818182,0.14285714285714285,0.26666666666666666,0.5,0.5454545454545454,0.3333333333333333,0.4,0.3333333333333333,0.35294117647058826,0.16666666666666666,0.13333333333333333,0.6666666666666666,0.6666666666666666,0.5,0.2857142857142857,0.5,,0.3181818181818182,0.42857142857142855,0.4666666666666667,0.4701044444444444,0.478825,0.5002386363636364,0.06382978723404255,0.07894736842105263,0.22807017543859648,0.5614035087719298,7.444444444444445,0.16666666666666666,0.45454545454545453,,0.4166666666666667,player_totals,wnba,2026,Regular Season,/get-totals/wnba,"{""Season"": ""2026"", ""SeasonType"": ""Regular Season"", ""Type"": ""Player""}",20260602T225839Z,2026-06-02T22:58:42+00:00,389726323f72db25ab910bbcbf9ee54494fa5482d95ab9e465ea3c3f2acc7379,2.0,2.0,2.0,3.0,7.0,2.0,3.0,,1.0,5.0,9.0,2.0,3.0,2.0,3.0,15.0,,7.0,3.0,,,,,,,,1.0,0.5555555555555556,0.6666666666666666,0.6666666666666666,0.5555555555555556,0.2,,,,0.044444444444444446,1.0,1.0,1.0,0.15555555555555556,0.42857142857142855,0.42857142857142855,1.0,0.42857142857142855,0.6666666666666666,1.0,0.09090909090909091,0.045454545454545456,,0.42857142857142855,,24.055555555555557,,,,,,,,,,,,,2.0,1.0,,,,,,,,,,,"[""single_row_table_data"", ""multi_row_table_data""]",{}
1642790,1611661320,Sania Feagin,Sania Feagin,1642790,LAS,179.0,1,3.0,-4.0,7,7,,4.0,1,14,,,,,,,,,,,,,,,11.0,,,,,,,,,,,,,,,,,,,,,,,,,,,,,,,,,,,,,,,,,,,1.0,1.0,,,,,,,,,,,,,,,,,,,,,,,,,,99.99999999999999,157.14285714285714,,,,,,,,,,,,,,,,,,,,,,,,,,,,,,,,,,,,,,,,,,,,,,,,,,,,,,,,,,,,,,,,,player_totals,wnba,2026,Regular Season,/get-totals/wnba,"{""Season"": ""2026"", ""SeasonType"": ""Regular Season"", ""Type"": ""Player""}",20260602T225839Z,2026-06-02T22:58:42+00:00,464b714ad82e94bccbb2376cbce063d1ace86c4a0751958fd10316a3fe22f497,,,,,,,,,,,,,,,,,,,,,,,,,,,,,,,,,,,,,,,,,,,,,,,,,,,,,,,,,,,,,,,,,,,,,,,,,,,,,"[""single_row_table_data"", ""multi_row_table_data""]",{}
1643443,1611661328,Awa Fam,Awa Fam,1643443,SEA,170.50000000000003,4,3.0,-33.0,180,183,75.0,68.0,24,363,6.0,10.0,1.0,1.0,4.0,6.0,4.0,11.0,3.0,6.0,13.0,27.0,5.0,31.0,177.0,3.0,4.0,2.0,8.0,6.0,12.0,5.0,17.0,24.0,2.0,2.0,2.0,1.0,,1.0,,,1.0,,,2.0,4.0,4.0,4.0,6.0,1.0,11.0,8.0,19.0,,5.0,5.0,,3.0,,1.0,4.0,,2.0,7.0,,2.0,7.0,13.0,,,4.0,8.0,1.0,,7.0,1.0,1.0,3.0,,1.0,1.0,,1.0,23.0,17.0,75.0,,3.0,,7.0,10.0,-3.0,,80.0,96.72131147540983,0.9230769230769231,1.0,0.48148148148148145,0.75,0.5,0.40625,0.6,0.46153846153846156,0.44285714285714284,0.6666666666666666,0.53125,0.07407407407407407,0.2,,20.19230769230769,0.42857142857142855,0.125,0.09523809523809523,0.07142857142857142,0.1,0.10526315789473684,0.0970873786407767,0.0851063829787234,0.058823529411764705,0.03571428571428571,0.18181818181818182,0.06451612903225806,0.2857142857142857,0.13333333333333333,0.05555555555555555,0.16666666666666666,0.09375,0.125,,0.3125,0.6,0.75,0.8333333333333334,0.34375,0.36363636363636365,0.36363636363636365,1.0,0.1875,0.5,0.5,1.0,0.2,1.0,,0.46153846153846156,0.6666666666666666,0.46875,0.4828125,0.5080333333333333,0.5078192307692307,0.03125,0.037037037037037035,0.25806451612903225,0.5483870967741935,7.555555555555555,0.25,0.14285714285714285,0.6666666666666666,0.4166666666666667,player_totals,wnba,2026,Regular Season,/get-totals/wnba,"{""Season"": ""2026"", ""SeasonType"": ""Regular Season"", ""Type"": ""Player""}",20260602T225839Z,2026-06-02T22:58:42+00:00,99ee773e6813f1b8608a1b66cf4b49cff6ca433bc65407113a5c83d3d84bad10,,,,,5.0,,1.0,,1.0,,5.0,,1.0,,1.0,,,5.0,,,,,,,1.0,2.0,,,,,,0.15625,,,,,,,,0.15625,,,,0.2,,,,0.07692307692307693,,,,25.7,,,,,,,,,,,,,,,,,,,,,,,,,"[""single_row_table_data"", ""multi_row_table_data""]",{}
1628242,1611661320,Emma Cannon,Emma Cannon,1628242,LAS,154.0,2,3.0,2.0,6,5,,4.0,1,11,,,,,,,,,,,,,,3.0,6.0,,,,,,,,,,,,,,,,,,,,,,,,,,,,,,,,,,1.0,,1.0,1.0,,,2.0,,,,2.0,,1.0,1.0,,,,,,,,,,,,,3.0,,,,,,,,,,133.33333333333334,120.0,,,,,,1.5,,,1.5,,,,,,37.5,0.5,,,,,,,,,,,,,,,,,,,,,,,,,,,,,,,,,,,,1.0,0.53205,,,,,,,,,,,,player_totals,wnba,2026,Regular Season,/get-totals/wnba,"{""Season"": ""2026"", ""SeasonType"": ""Regular Season"", ""Type"": ""Player""}",20260602T225839Z,2026-06-02T22:58:42+00:00,61a5e296b5adae68265094a6d10529baa05f1acf28f58f622384b28240fcf63c,,,,1.0,1.0,,,,,1.0,1.0,,,,,3.0,,1.0,1.0,,,,,,,,1.0,1.0,,,1.0,1.0,,,,,,,,1.0,1.0,1.0,1.0,,,,,,,1.0,,23.7,,,,,,,,,,,,,,,,,,,,,,,,,"[""single_row_table_data"", ""multi_row_table_data""]",{}
1630384,1611661313,Raquel Carrera,Raquel Carrera,1630384,NYL,154.0,2,3.0,-5.0,3,7,1.0,5.0,1,10,,,,,,,,,,,,,,,7.0,,,,,,,,,,,,,1.0,,1.0,,,,1.0,,2.0,,,,,,,,,,,,,,,,,,,,,,1.0,1.0,,,,,,,,,,,,,,,,,,1.0,,,,,,,,66.66666666666667,99.99999999999999,,,,,,,,,,,,,,,,,,,,,,,,,,,,,,,,,,,,,,,,,,,,,,,,,,,,,,,,,,,,,,,,0.3333333333333333,player_totals,wnba,2026,Regular Season,/get-totals/wnba,"{""Season"": ""2026"", ""SeasonType"": ""Regular Season"", ""Type"": ""Player""}",20260602T225839Z,2026-06-02T22:58:42+00:00,4d922a66ad2ba927602b7fbb1778b52c0f5491a97cfec3e63584a5d8fd0b2595,,,,,,,,,,,,,,,,,,,,,,,,,,,,,,,,,,,,,,,,,,,,,,,,,,,,,,,,,,,,,,,,,,,,,,,,,,,,,"[""single_row_table_data"", ""multi_row_table_data""]",{}
1629566,1611661313,Han Xu,Han Xu,1629566,NYL,131.7000000000001,9,2.0,13.0,239,249,98.0,95.0,25,488,11.0,14.0,3.0,3.0,5.0,5.0,3.0,7.0,,2.0,14.0,23.0,2.0,51.0,243.0,4.0,4.0,1.0,9.0,7.0,8.0,,20.0,20.0,8.0,6.0,2.0,3.0,3.0,6.0,2.0,1.0,,2.0,1.0,15.0,4.0,1.0,4.0,8.0,4.0,16.0,5.0,21.0,,4.0,3.0,1.0,1.0,1.0,1.0,2.0,,,3.0,,1.0,6.0,10.0,,1.0,1.0,4.0,1.0,,3.0,1.0,2.0,,4.0,,,3.0,4.0,42.0,20.0,97.0,1.0,,,1.0,,3.0,,107.11297071129707,97.59036144578313,0.7142857142857143,0.9090909090909091,0.6086956521739131,1.0,0.875,0.5975609756097561,0.8,0.625,0.6071428571428571,0.9,0.625,0.08695652173913043,0.07142857142857142,0.14285714285714285,16.853932584269664,0.3333333333333333,0.2222222222222222,0.11428571428571428,0.02040816326530612,0.06666666666666667,0.07547169811320754,0.09230769230769231,0.049019607843137254,0.06666666666666667,,,0.08333333333333333,0.058823529411764705,0.10526315789473684,0.17142857142857143,,0.09090909090909091,,,0.34146341463414637,0.7857142857142857,0.8461538461538461,0.6363636363636364,0.17073170731707318,0.42857142857142855,0.5,1.0,0.04878048780487805,,,,0.6,1.0,,0.3125,1.0,0.7804878048780488,0.5155073170731708,,0.50584375,0.047619047619047616,0.08333333333333333,0.17647058823529413,0.39215686274509803,6.221739130434782,0.6666666666666666,0.25,,0.4100418410041841,player_totals,wnba,2026,Regular Season,/get-totals/wnba,"{""Season"": ""2026"", ""SeasonType"": ""Regular Season"", ""Type"": ""Player""}",20260602T225839Z,2026-06-02T22:58:42+00:00,c539280f342727a824d67e558b9ff55948ec7e63b059a775677a48d61cee7d87,,2.0,1.0,7.0,16.0,,1.0,2.0,7.0,7.0,18.0,,1.0,2.0,8.0,21.0,,16.0,7.0,,,,1.0,2.0,,,1.0,0.3888888888888889,,0.25,0.3888888888888889,0.43902439024390244,,,0.5,0.04878048780487805,,,,0.3902439024390244,0.4375,0.4375,1.0,0.2,,,0.0625,0.4375,0.2857142857142857,0.4375,,24.483333333333334,0.4,,,,,,,,,,,,,,,2.0,2.0,,,,,,,,"[""single_row_table_data"", ""multi_row_table_data""]",{}
1643488,1611661324,Emma Cechova,Emma Cechova,1643488,MIN,108.19999999999999,3,2.0,-10.0,107,109,19.0,35.0,9,216,9.0,13.0,1.0,1.0,3.0,4.0,,,1.0,2.0,10.0,15.0,5.0,25.0,119.0,1.0,1.0,3.0,5.0,3.0,4.0,1.0,7.0,12.0,8.0,2.0,1.0,,,,,,,,,,1.0,3.0,3.0,4.0,,7.0,4.0,11.0,,1.0,1.0,,1.0,,,3.0,,1.0,4.0,,2.0,6.0,12.0,,,3.0,5.0,,,8.0,,4.0,,1.0,1.0,,1.0,2.0,20.0,7.0,19.0,3.0,,,1.0,-6.0,1.0,3.0,101.86915887850466,109.1743119266055,0.6,0.6666666666666666,0.6666666666666666,1.0,0.75,0.625,1.0,0.75,0.625,0.8333333333333334,0.7,0.06666666666666667,0.07692307692307693,,20.0,0.25,,0.14814814814814814,0.0967741935483871,0.14285714285714285,0.0625,0.14583333333333334,0.0851063829787234,0.13333333333333333,0.16666666666666666,,0.07142857142857142,,0.2,0.125,,0.06666666666666667,0.3333333333333333,,0.8125,0.6923076923076923,0.75,0.5555555555555556,,,,,0.125,0.5,0.5,1.0,1.0,1.0,,1.0,0.75,0.875,0.580834375,0.6162,0.612825,0.2,0.21052631578947367,0.2,0.28,4.213333333333334,0.25,,,0.17757009345794392,player_totals,wnba,2026,Regular Season,/get-totals/wnba,"{""Season"": ""2026"", ""SeasonType"": ""Regular Season"", ""Type"": ""Player""}",20260602T225839Z,2026-06-02T22:58:42+00:00,bc78f377e18e78508e995c1e52b6b34bfe96f16312fe7974d523a70bf22300cd,,,,,1.0,,,,,,1.0,,,,,,,1.0,,,,,,,,2.0,,,,,,0.0625,,,,,,,,0.0625,,,,,,,,,,,,24.4,1.0,,,,,,1.0,,,,1.0,,,,,,,,,,,,,,"[""single_row_table_data"", ""multi_row_table_data""]",{}
1631021,1611661330,Sika Kone,Sika Kone,1631021,ATL,72.30000000000001,7,1.0,-12.0,60,63,26.0,15.0,10,123,2.0,3.0,,,2.0,3.0,,,,3.0,2.0,6.0,,7.0,70.0,,,,,2.0,5.0,,4.0,2.0,2.0,,1.0,,,,,,,,,,1.0,,2.0,3.0,,5.0,1.0,6.0,,,,,,,,2.0,,,2.0,,,,4.0,1.0,,1.0,1.0,,,,,,,,,,,,7.0,4.0,26.0,1.0,,,,,,,96.66666666666667,111.11111111111111,0.5,0.5,0.3333333333333333,,0.4,0.3181818181818182,,0.3333333333333333,0.3181818181818182,,0.3333333333333333,0.16666666666666666,0.3333333333333333,,17.808219178082194,,,0.17647058823529413,,0.125,0.06666666666666667,0.15151515151515152,0.03225806451612903,,,,0.07142857142857142,,0.16666666666666666,0.25,,0.25,,,0.2727272727272727,0.6666666666666666,1.0,0.5,,,,,0.2727272727272727,,,,,,,0.5,0.6666666666666666,0.7272727272727273,0.5308681818181819,,0.565225,,,,0.5714285714285714,10.133333333333333,1.0,,0.3333333333333333,0.43333333333333335,player_totals,wnba,2026,Regular Season,/get-totals/wnba,"{""Season"": ""2026"", ""SeasonType"": ""Regular Season"", ""Type"": ""Player""}",20260602T225839Z,2026-06-02T22:58:42+00:00,fa8c974c14717f142f141d65109f89b060e1a3496962f999145f707bb713a799,1.0,1.0,,,4.0,,,,1.0,1.0,5.0,,,,1.0,3.0,,4.0,,,,,,,,,1.0,0.2,,,0.2,0.45454545454545453,,,,0.09090909090909091,1.0,1.0,1.0,0.36363636363636365,,,,,,,,0.16666666666666666,,,,24.18,0.5,,,,1.0,,,,,,,,,,,,,,,,,,,,"[""single_row_table_data"", ""multi_row_table_data""]",{}
204319,1611661319,Jewell Loyd,Jewell Loyd,204319,LVA,71.0,7,1.0,-18.0,395,400,123.0,118.0,40,795,1.0,2.0,,,1.0,1.0,4.0,8.0,2.0,6.0,7.0,16.0,4.0,51.0,443.0,2.0,2.0,,7.0,2.0,4.0,1.0,11.0,8.0,6.0,,1.0,7.0,4.0,11.0,4.0,,3.0,3.0,1.0,26.0,,,7.0,8.0,3.0,18.0,,18.0,,4.0,2.0,2.0,2.0,,2.0,4.0,,,6.0,,,7.0,17.0,1.0,3.0,3.0,9.0,,3.0,8.0,,3.0,1.0,3.0,,,2.0,3.0,44.0,11.0,123.0,,1.0,1.0,17.0,10.0,8.0,,107.59493670886076,110.75,0.5714285714285714,0.5714285714285714,0.4375,1.0,0.5,0.41964285714285715,0.5833333333333334,0.3125,0.425,0.5833333333333334,0.3235294117647059,0.0625,,0.125,15.034168564920275,0.3333333333333333,0.21428571428571427,0.06666666666666667,,0.0958904109589041,,0.07772020725388601,,,,,,,0.045454545454545456,0.10204081632653061,0.037037037037037035,0.11666666666666667,,,0.03571428571428571,0.5,0.5,1.0,0.14285714285714285,0.5,0.5714285714285714,0.5,0.10714285714285714,0.3333333333333333,0.3333333333333333,0.5,,,,0.0625,1.0,0.75,0.5125790909090909,0.46123000000000003,0.4929266666666667,0.05084745762711865,0.15789473684210525,0.13725490196078433,0.21568627450980393,11.525,1.0,,0.25,0.31139240506329113,player_totals,wnba,2026,Regular Season,/get-totals/wnba,"{""Season"": ""2026"", ""SeasonType"": ""Regular Season"", ""Type"": ""Player""}",20260602T225839Z,2026-06-02T22:58:42+00:00,7369faf772c495827b5b847590c7372f599351f35b00300c3664a2c738b3fb81,2.0,11.0,3.0,9.0,29.0,1.0,3.0,2.0,9.0,11.0,40.0,1.0,4.0,2.0,12.0,33.0,,29.0,9.0,1.0,,,1.0,2.0,,,1.0,0.275,0.25,0.16666666666666666,0.275,0.7142857142857143,0.025,0.09090909090909091,0.6666666666666666,0.19642857142857142,0.18181818181818182,0.2,1.0,0.5178571428571429,0.3103448275862069,0.3103448275862069,1.0,0.5,0.3333333333333333,1.0,0.1875,0.5625,0.2222222222222222,0.3103448275862069,,25.067500000000003,0.10714285714285714,,,,,,,,1.0,0.16666666666666666,,,,,,,,,,,,,,,"[""single_row_table_data"", ""multi_row_table_data""]",{}
1643458,1611661329,Saylor Poffenbarger,Saylor Poffenbarger,1643458,CHI,68.0,1,1.0,,2,2,1.0,2.0,1,4,,,,,,,,,,,,,,,,,,,,,,,,,,,,,,,,,,,,,,,,,,,,,,,,,,,,,,,,,,,,,,,,,,,,,,,,,,,,,1.0,,,,,,,,,,,,,,,,,,,,,,,,,,,,,,,,,,,,,,,,,,,,,,,,,,,,,,,,,,,,,,,,,,,,,,,,,0.5,player_totals,wnba,2026,Regular Season,/get-totals/wnba,"{""Season"": ""2026"", ""SeasonType"": ""Regular Season"", ""Type"": ""Player""}",20260602T225839Z,2026-06-02T22:58:42+00:00,e8a47d452e17011bed3e2e003c2346238b0d6a58928f95b744ce755c1abfb8d3,,,,,,,,,,,,,,,,,,,,,,,,,,,,,,,,,,,,,,,,,,,,,,,,,,,,,,,,,,,,,,,,,,,,,,,,,,,,,"[""single_row_table_data"", ""multi_row_table_data""]",{}
1643441,1611661323,Raegan Beers,Raegan Beers,1643441,CON,13.800000000000068,9,,4.0,238,237,84.0,106.0,35,475,14.0,17.0,3.0,4.0,6.0,8.0,1.0,7.0,,4.0,15.0,28.0,6.0,39.0,246.0,3.0,6.0,2.0,8.0,6.0,10.0,3.0,18.0,18.0,12.0,4.0,3.0,6.0,3.0,9.0,1.0,2.0,3.0,1.0,2.0,21.0,7.0,5.0,8.0,14.0,2.0,24.0,13.0,37.0,2.0,5.0,4.0,1.0,2.0,1.0,1.0,6.0,,1.0,8.0,1.0,2.0,11.0,26.0,,5.0,5.0,12.0,1.0,1.0,12.0,4.0,6.0,2.0,,,,,,31.0,18.0,84.0,5.0,2.0,5.0,-9.0,7.0,10.0,,105.0420168067227,103.79746835443038,0.6,0.6923076923076923,0.5357142857142857,0.5,0.6,0.55,0.5,0.625,0.5735294117647058,0.5714285714285714,0.6428571428571429,0.10714285714285714,,0.42857142857142855,14.736842105263158,0.25,0.25,0.2692307692307692,0.06329113924050633,0.19047619047619047,0.2,0.23404255319148937,0.10526315789473684,0.07692307692307693,0.10344827586206896,,0.25,,0.22727272727272727,0.3181818181818182,0.25,0.13636363636363635,0.25,0.18181818181818182,0.5666666666666667,0.8235294117647058,0.8235294117647058,0.6428571428571429,0.23333333333333334,0.14285714285714285,0.25,,0.13333333333333333,,,,0.6666666666666666,0.75,,0.6666666666666666,0.75,0.6333333333333333,0.530005,0.50602,0.5634125,0.1875,0.2,0.20512820512820512,0.46153846153846156,5.046428571428572,0.6666666666666666,0.3333333333333333,0.25,0.35294117647058826,player_totals,wnba,2026,Regular Season,/get-totals/wnba,"{""Season"": ""2026"", ""SeasonType"": ""Regular Season"", ""Type"": ""Player""}",20260602T225839Z,2026-06-02T22:58:42+00:00,4188871e2a3cdff2718e0bbd129a10b575780d8076f9886de5b06d63580d03ae,,1.0,1.0,1.0,1.0,,,1.0,1.0,1.0,2.0,,,1.0,2.0,3.0,,1.0,1.0,,,,,,,,1.0,0.5,,0.5,0.5,0.06666666666666667,,,,0.03333333333333333,,,,0.03333333333333333,1.0,1.0,1.0,,,,0.08333333333333333,0.08333333333333333,1.0,1.0,,23.45,,1.0,,0.08333333333333333,,,,,,,,,,,,,,,,,,,,,"[""single_row_table_data"", ""multi_row_table_data""]",{}
1630154,1611661327,Kamiah Smalls,Kamiah Smalls,1630154,PDX,10.600000000000023,2,,-19.0,59,60,9.0,11.0,9,119,1.0,2.0,,,,,,1.0,,,1.0,3.0,1.0,15.0,77.0,,,,,,,,,,2.0,,,2.0,4.0,6.0,2.0,2.0,2.0,,,16.0,,,,,,,,,,,,,1.0,2.0,1.0,3.0,,,4.0,,1.0,2.0,2.0,,,,,,,1.0,,,,,,,,,15.0,,9.0,,,,,,,,98.30508474576271,128.33333333333334,,,0.3333333333333333,,,0.7,,,0.7,,,,,,20.588235294117645,0.25,,,,,,,,,,,,,,,,,,,0.2,0.5,0.5,,0.1,,,,,,,,,,,,,0.9,0.494385,,,,,,,4.7,,1.0,,0.15254237288135594,player_totals,wnba,2026,Regular Season,/get-totals/wnba,"{""Season"": ""2026"", ""SeasonType"": ""Regular Season"", ""Type"": ""Player""}",20260602T225839Z,2026-06-02T22:58:42+00:00,0c7b9e385503788ec11190bc6c71f3f43512f461050406cbd84b895c1a152d2a,,,,4.0,7.0,,,,,4.0,7.0,,,,,3.0,9.0,7.0,4.0,,1.0,,,,,,0.25,0.5714285714285714,,,0.5714285714285714,0.7,,,,,,,,0.7,0.5714285714285714,0.5714285714285714,0.25,,,,,,,0.5714285714285714,,23.942857142857143,0.6666666666666666,,,,,1.0,,,,,,,,,,,,,,,,,,,"[""single_row_table_data"", ""multi_row_table_data""]",{}
1642802,1611661322,Lucy Olsen,Lucy Olsen,1642802,WAS,-37.39999999999998,4,-1.0,-5.0,55,60,22.0,37.0,3,115,,1.0,,,,1.0,4.0,5.0,,,4.0,6.0,2.0,13.0,72.0,1.0,1.0,,5.0,1.0,2.0,,2.0,2.0,6.0,,,6.0,,6.0,,,6.0,,,12.0,,,1.0,1.0,,2.0,,2.0,,,,,,1.0,,2.0,,,2.0,,1.0,1.0,3.0,,,,2.0,,1.0,2.0,,1.0,,,,,,,8.0,2.0,22.0,1.0,,,,,,,121.81818181818181,120.0,0.25,0.25,0.6666666666666666,1.0,0.5,0.6111111111111112,0.8333333333333334,0.5,0.65,0.8333333333333334,0.5,,,,20.0,,,0.07142857142857142,,0.07692307692307693,,0.07407407407407407,,,,,,,,0.16666666666666666,,0.1,,,0.1111111111111111,,,,0.5555555555555556,0.8,0.8,0.25,,,,,,,,0.5,,0.4444444444444444,0.4752833333333333,0.3574,0.4752,0.1,0.14285714285714285,0.38461538461538464,0.15384615384615385,10.133333333333333,,,,0.4,player_totals,wnba,2026,Regular Season,/get-totals/wnba,"{""Season"": ""2026"", ""SeasonType"": ""Regular Season"", ""Type"": ""Player""}",20260602T225839Z,2026-06-02T22:58:42+00:00,e1dfb444faaf85544fbd56fc919dde4edbd90977c47c33a8f0c3894d1f540d01,,1.0,,1.0,2.0,1.0,1.0,,,1.0,3.0,1.0,2.0,,,3.0,,2.0,1.0,,1.0,,,,,,1.0,0.3333333333333333,0.5,,0.3333333333333333,0.3333333333333333,,,,0.1111111111111111,,,,0.2222222222222222,0.5,0.5,1.0,0.3333333333333333,1.0,1.0,,,,0.5,,24.733333333333334,,,,,,,,,1.0,0.3333333333333333,,,,,,,,,,,,,,,"[""single_row_table_data"", ""multi_row_table_data""]",{}
1643438,1611661317,Marta Suarez,Marta Suarez,1643438,PHX,-43.599999999999994,2,-1.0,-15.0,38,40,8.0,13.0,3,78,,,,,,,,,,,,,,6.0,59.0,,,,,,,,3.0,,,,,,,,,,,,,,,,2.0,1.0,1.0,4.0,,4.0,,1.0,,1.0,,,,,,,,,,3.0,6.0,,1.0,,,,,,,,,,,,,,6.0,3.0,8.0,1.0,,1.0,3.0,,,,115.78947368421052,147.5,,,,,,0.75,,0.75,0.75,,0.75,,,,9.523809523809524,,0.25,0.125,,0.3333333333333333,,0.21428571428571427,,,,,,,0.2,,,0.25,0.5,,,,,,,,,,,,,,,,,,,1.0,0.54045,,0.563025,,,,0.5,,,,,0.21052631578947367,player_totals,wnba,2026,Regular Season,/get-totals/wnba,"{""Season"": ""2026"", ""SeasonType"": ""Regular Season"", ""Type"": ""Player""}",20260602T225839Z,2026-06-02T22:58:42+00:00,7d89514e3dd07babe16938afe3dd3a18642bf7d185e302b6e093b593942a077c,1.0,1.0,,1.0,3.0,,,1.0,2.0,2.0,4.0,,,1.0,2.0,6.0,,3.0,1.0,,,,,,,,1.0,0.5,,0.5,0.5,1.0,,,,0.25,1.0,1.0,1.0,0.75,0.3333333333333333,0.3333333333333333,1.0,,,,,1.0,0.5,0.3333333333333333,,25.05,0.5,,,,,,,,,,,,,,,,,,,,,,,2.0,"[""single_row_table_data"", ""multi_row_table_data""]",{}
1642767,1611661331,Janelle Salaun,Janelle Salaun,1642767,GSV,-56.0,8,-1.0,26.0,374,380,161.0,164.0,67,754,7.0,13.0,1.0,2.0,3.0,6.0,4.0,10.0,4.0,12.0,15.0,35.0,20.0,107.0,396.0,2.0,6.0,4.0,11.0,6.0,15.0,8.0,41.0,20.0,10.0,,2.0,4.0,6.0,10.0,6.0,,3.0,,1.0,26.0,4.0,3.0,8.0,10.0,3.0,21.0,8.0,29.0,,8.0,6.0,2.0,3.0,1.0,2.0,2.0,,1.0,5.0,,2.0,9.0,19.0,,2.0,,21.0,2.0,,28.0,2.0,9.0,3.0,1.0,,,,1.0,96.0,41.0,161.0,2.0,3.0,,2.0,2.0,10.0,1.0,112.83422459893048,104.21052631578948,0.6666666666666666,0.6666666666666666,0.42857142857142855,0.3333333333333333,0.4,0.4943181818181818,0.35,0.4583333333333333,0.535,0.4583333333333333,0.4880952380952381,0.05714285714285714,,0.2,23.385300668151448,0.6,0.23076923076923078,0.10204081632653061,0.02857142857142857,0.11764705882352941,0.045454545454545456,0.10843373493975904,0.03626943005181347,0.02857142857142857,0.02,0.05,0.04411764705882353,0.05,0.05555555555555555,0.1,0.18181818181818182,0.11538461538461539,0.125,,0.14772727272727273,0.5384615384615384,0.5384615384615384,0.8571428571428571,0.11363636363636363,0.4,0.5,0.25,0.13636363636363635,0.3333333333333333,0.3333333333333333,0.75,0.2,0.5,1.0,0.16666666666666666,0.5,0.75,0.5019340909090909,0.4318416666666667,0.4847194444444444,0.1134020618556701,0.21428571428571427,0.102803738317757,0.38317757009345793,9.445714285714287,0.3333333333333333,0.16666666666666666,0.375,0.4304812834224599,player_totals,wnba,2026,Regular Season,/get-totals/wnba,"{""Season"": ""2026"", ""SeasonType"": ""Regular Season"", ""Type"": ""Player""}",20260602T225839Z,2026-06-02T22:58:42+00:00,bba488287cd941cd0ed56d87ba7347579c9b97d2d2f3bf4be28b30312c28e53f,6.0,16.0,7.0,13.0,37.0,,2.0,5.0,14.0,19.0,53.0,1.0,4.0,7.0,21.0,57.0,,37.0,13.0,,,2.0,,1.0,,,1.0,0.3584905660377358,0.25,0.3333333333333333,0.3584905660377358,0.6022727272727273,,,1.0,0.18181818181818182,0.375,0.375,1.0,0.42045454545454547,0.35135135135135137,0.35135135135135137,1.0,0.2,,,0.19444444444444445,0.3888888888888889,0.35714285714285715,0.35135135135135137,0.03636363636363636,24.420754716981133,0.29411764705882354,1.0,,0.045454545454545456,,,,,2.0,0.2,,,2.0,0.2857142857142857,1.0,,,1.0,0.5,1.0,,,,,"[""single_row_table_data"", ""multi_row_table_data""]",{}
1630993,1611661313,Anneli Maley,Anneli Maley,1630993,NYL,-106.0,4,-2.0,-2.0,51,56,13.0,29.0,10,107,,,,,,,,1.0,,1.0,,2.0,1.0,1.0,58.0,,1.0,,,,,,,,,,,,,,,,,,,,,2.0,,2.0,1.0,3.0,2.0,5.0,,3.0,3.0,,,,,,,,,,,2.0,6.0,,2.0,,2.0,,,2.0,,1.0,,,,,,,1.0,,13.0,2.0,,,,,3.0,,109.80392156862744,103.57142857142856,,,,,,,,,0.1,,,,,,7.8125,,0.5,0.18181818181818182,0.1111111111111111,,,0.07407407407407407,0.06896551724137931,0.125,0.14285714285714285,,,,0.25,,0.5,,,,,,,,0.25,,,,0.25,,,,,,,,,0.5,0.4754625,0.532625,,0.2,0.3333333333333333,,,10.95,,,,0.2549019607843137,player_totals,wnba,2026,Regular Season,/get-totals/wnba,"{""Season"": ""2026"", ""SeasonType"": ""Regular Season"", ""Type"": ""Player""}",20260602T225839Z,2026-06-02T22:58:42+00:00,9f063ff2e551b6bae28369f65570af906a7d779fb0b8fe0b86397caa851a38a3,,2.0,,,,,,,,,2.0,,1.0,,,,,,,,,,,,,,,,,,,0.5,,,,0.5,,,,,,,,,,,,,,,,23.85,0.5,,,,,,,,1.0,0.5,,,,,,,,,,,,,,,"[""single_row_table_data"", ""multi_row_table_data""]",{}
1642817,1611661323,Hailey Van Lith,Hailey Van Lith,1642817,CON,-135.09999999999997,9,-2.0,-33.0,320,321,118.0,136.0,39,641,7.0,11.0,1.0,1.0,4.0,4.0,10.0,21.0,5.0,12.0,22.0,44.0,5.0,73.0,343.0,2.0,2.0,,7.0,10.0,15.0,1.0,30.0,14.0,30.0,,3.0,16.0,4.0,20.0,3.0,1.0,7.0,4.0,5.0,44.0,,1.0,5.0,2.0,2.0,9.0,1.0,10.0,,5.0,1.0,4.0,7.0,1.0,6.0,4.0,1.0,1.0,11.0,1.0,4.0,5.0,15.0,,,,14.0,,,6.0,3.0,4.0,,3.0,,,2.0,3.0,66.0,30.0,118.0,2.0,,1.0,3.0,3.0,4.0,,96.875,106.85358255451713,0.3181818181818182,0.3181818181818182,0.5,1.0,0.6666666666666666,0.5573770491803278,1.1666666666666667,0.6304347826086957,0.5806451612903226,1.1666666666666667,0.6521739130434783,0.06818181818181818,,0.09523809523809523,20.0,0.6363636363636364,0.1111111111111111,0.0273972602739726,0.010101010101010102,0.08771929824561403,,0.05384615384615385,0.00684931506849315,0.03333333333333333,,,,,0.03125,0.03225806451612903,,0.07317073170731707,0.125,,0.18032786885245902,0.6363636363636364,0.6363636363636364,0.42857142857142855,0.3442622950819672,0.47619047619047616,0.5263157894736842,0.2,0.19672131147540983,0.4166666666666667,0.45454545454545453,0.4,0.3333333333333333,1.0,,0.17391304347826086,1.0,0.45901639344262296,0.46681083333333334,0.48479999999999995,0.4781227272727273,0.06451612903225806,0.08888888888888889,0.0958904109589041,0.410958904109589,9.152272727272727,,,0.16666666666666666,0.36875,player_totals,wnba,2026,Regular Season,/get-totals/wnba,"{""Season"": ""2026"", ""SeasonType"": ""Regular Season"", ""Type"": ""Player""}",20260602T225839Z,2026-06-02T22:58:42+00:00,fd80612a252ad8c534a9bb0588c03494a6c338dfccfea25dfcc452d7a896d438,4.0,8.0,4.0,4.0,9.0,1.0,1.0,1.0,4.0,8.0,17.0,1.0,1.0,3.0,8.0,24.0,,9.0,4.0,,1.0,,1.0,1.0,,,1.0,0.47058823529411764,1.0,0.375,0.47058823529411764,0.2786885245901639,,,0.3333333333333333,0.13114754098360656,0.5,0.5,1.0,0.14754098360655737,0.4444444444444444,0.4444444444444444,1.0,0.3333333333333333,1.0,1.0,0.17391304347826086,0.17391304347826086,0.25,0.4444444444444444,,24.870588235294118,0.625,,,,1.0,1.0,,0.08333333333333333,,,,,2.0,0.5,,,,,,,,,,,"[""single_row_table_data"", ""multi_row_table_data""]",{}
1643437,1611661323,Ashlon Jackson,Ashlon Jackson,1643437,CON,-207.99999999999994,4,-3.0,-34.0,108,109,37.0,35.0,10,217,2.0,2.0,,,1.0,1.0,,,,,2.0,2.0,,10.0,115.0,,,,,1.0,1.0,,5.0,,4.0,,,5.0,,5.0,,,3.0,,2.0,10.0,,,2.0,3.0,,5.0,,5.0,,6.0,5.0,1.0,3.0,,2.0,,,1.0,3.0,,,,2.0,,,,1.0,,,2.0,,1.0,,,,,,,10.0,5.0,37.0,,,,,,,,75.0,105.50458715596329,,,1.0,,1.0,0.5555555555555556,,0.625,0.5,,0.625,,,,11.016949152542374,1.0,,0.1111111111111111,,0.08333333333333333,,0.09803921568627451,,,,,,,0.2,0.09090909090909091,,0.05555555555555555,0.16666666666666666,,0.2222222222222222,1.0,1.0,,,,,,,,,,,,,0.25,1.0,1.0,0.5983333333333333,,0.618175,0.1,0.3333333333333333,,0.5,1.25,,,,0.3425925925925926,player_totals,wnba,2026,Regular Season,/get-totals/wnba,"{""Season"": ""2026"", ""SeasonType"": ""Regular Season"", ""Type"": ""Player""}",20260602T225839Z,2026-06-02T22:58:42+00:00,32704e8730b4c27a58ec3493653effecc75c49ff2a7588c85ac1c861c256f854,,,,2.0,7.0,,,1.0,3.0,2.0,7.0,,,1.0,3.0,6.0,,7.0,2.0,,,,,,,,1.0,0.2857142857142857,,0.3333333333333333,0.2857142857142857,0.7777777777777778,,,,,,,,0.7777777777777778,0.2857142857142857,0.2857142857142857,1.0,,,,,0.75,0.3333333333333333,0.2857142857142857,,25.74285714285714,0.2,,,,,,,,,,,,,,,,,,,,,,,,"[""single_row_table_data"", ""multi_row_table_data""]",{}
1631086,1611661325,Lexie Hull,Lexie Hull,1631086,IND,-219.6,8,-4.0,39.0,328,331,139.0,133.0,41,659,2.0,5.0,,1.0,1.0,1.0,1.0,5.0,2.0,4.0,5.0,14.0,10.0,47.0,337.0,1.0,4.0,2.0,10.0,3.0,5.0,8.0,26.0,8.0,2.0,,3.0,3.0,4.0,7.0,4.0,,1.0,2.0,,18.0,1.0,2.0,13.0,12.0,1.0,26.0,3.0,29.0,1.0,5.0,3.0,2.0,4.0,1.0,1.0,3.0,,3.0,7.0,2.0,2.0,6.0,24.0,,1.0,1.0,15.0,3.0,5.0,15.0,1.0,3.0,5.0,1.0,,,,1.0,37.0,26.0,138.0,5.0,5.0,,4.0,4.0,-4.0,,114.63414634146342,101.81268882175226,0.8,0.8,0.35714285714285715,0.25,0.6,0.5,0.6666666666666666,0.75,0.5340909090909091,0.7142857142857143,0.7222222222222222,0.21428571428571427,0.4,0.2,13.421052631578949,0.5714285714285714,0.125,0.14457831325301204,0.02631578947368421,0.2549019607843137,0.015625,0.1865671641791045,0.02142857142857143,,0.09523809523809523,,,0.06666666666666667,0.17142857142857143,0.14705882352941177,0.07142857142857142,0.21052631578947367,0.38461538461538464,0.05,0.13513513513513514,0.4,0.6666666666666666,1.0,0.13513513513513514,0.2,0.25,1.0,0.10810810810810811,0.5,0.5,0.5,0.16666666666666666,,,0.08333333333333333,1.0,0.7567567567567568,0.49365405405405405,0.50794,0.45365000000000005,0.07692307692307693,0.1875,0.2127659574468085,0.5531914893617021,8.5,0.3333333333333333,0.6666666666666666,,0.42378048780487804,player_totals,wnba,2026,Regular Season,/get-totals/wnba,"{""Season"": ""2026"", ""SeasonType"": ""Regular Season"", ""Type"": ""Player""}",20260602T225839Z,2026-06-02T22:58:42+00:00,46814b22675d447131552fdc0c5d2e994e45a00e17165689261977eaa9103977,6.0,13.0,4.0,3.0,10.0,1.0,1.0,1.0,3.0,9.0,23.0,2.0,2.0,4.0,7.0,27.0,,10.0,3.0,,,,1.0,1.0,,,1.0,0.391304347826087,1.0,0.5714285714285714,0.391304347826087,0.6216216216216216,,,1.0,0.35135135135135137,0.46153846153846156,0.46153846153846156,1.0,0.2702702702702703,0.3,0.3,1.0,0.16666666666666666,1.0,1.0,0.3333333333333333,0.25,0.3333333333333333,0.3,,24.87391304347826,0.21428571428571427,,1.0,,,,,,1.0,0.16666666666666666,1.0,,3.0,0.75,,,,1.0,1.0,1.0,,,,,"[""single_row_table_data"", ""multi_row_table_data""]",{}
1630149,1611661313,Satou Sabally,Satou Sabally,1630149,NYL,-235.0,4,-4.0,-23.0,109,106,19.0,27.0,13,215,4.0,11.0,,,2.0,2.0,,2.0,1.0,2.0,5.0,15.0,9.0,31.0,131.0,,,,3.0,2.0,2.0,2.0,9.0,6.0,4.0,,1.0,4.0,1.0,5.0,,1.0,2.0,2.0,,11.0,,,5.0,3.0,,8.0,1.0,9.0,,,,,4.0,,2.0,1.0,,2.0,5.0,,,4.0,10.0,,1.0,1.0,7.0,,,9.0,1.0,5.0,,1.0,,,,1.0,28.0,9.0,19.0,2.0,,,1.0,2.0,4.0,,99.08256880733944,123.58490566037736,0.6,0.6,0.3333333333333333,,1.0,0.4230769230769231,0.5,0.875,0.5166666666666667,0.5,0.9,0.06666666666666667,0.09090909090909091,,28.0,0.8,,0.1,,0.16129032258064516,,0.13114754098360656,,,,,,,,0.2,0.1111111111111111,0.19047619047619047,0.1,,0.4230769230769231,0.36363636363636365,0.4,0.75,0.07692307692307693,,,,0.07692307692307693,0.5,0.5,,,,,0.5,1.0,0.8461538461538461,0.534298,0.48795,0.64805,0.16666666666666666,0.2631578947368421,0.0967741935483871,0.2903225806451613,4.819999999999999,0.42857142857142855,,,0.1743119266055046,player_totals,wnba,2026,Regular Season,/get-totals/wnba,"{""Season"": ""2026"", ""SeasonType"": ""Regular Season"", ""Type"": ""Player""}",20260602T225839Z,2026-06-02T22:58:42+00:00,b4a4a263c7c4d12213598defc26292f74279dae7203d524921aa30bf8b4d2f5d,1.0,1.0,,3.0,10.0,1.0,3.0,1.0,2.0,4.0,11.0,1.0,3.0,1.0,2.0,12.0,,10.0,3.0,,,,1.0,1.0,,,1.0,0.36363636363636365,0.3333333333333333,0.5,0.36363636363636365,0.4230769230769231,,,1.0,0.038461538461538464,1.0,1.0,1.0,0.38461538461538464,0.3,0.3,1.0,1.0,0.3333333333333333,1.0,,0.5,0.5,0.3,,27.045454545454547,0.2857142857142857,1.0,,1.0,,,,,,,,,,,,,,,,,,,,,"[""single_row_table_data"", ""multi_row_table_data""]",{}
1642801,1611661330,Aaliyah Nye,Aaliyah Nye,1642801,ATL,-238.8,5,-4.0,2.0,12,15,9.0,8.0,3,27,,,,,,,,,,1.0,,1.0,,,17.0,,,,,,1.0,,,,,,,1.0,,1.0,,,,1.0,,2.0,,,,,,,,,,,,,,,,,,,,,,,,,,,,,,,,,,,,,,,,,9.0,,,,,,,,158.33333333333334,113.33333333333334,,,,,,,,,,,,,,,6.25,,,,,,,,,,,,,,,,,,,,,,,,,,,,1.0,,,,,,,,,,0.3701,,0.3701,,,,,17.8,,,,0.75,player_totals,wnba,2026,Regular Season,/get-totals/wnba,"{""Season"": ""2026"", ""SeasonType"": ""Regular Season"", ""Type"": ""Player""}",20260602T225839Z,2026-06-02T22:58:42+00:00,98253a4dd7bcc527cb020a2285e758edcb8e003af77555d0b81f7daae8e38e62,,,,,,,,,,,,,,,,,,,,,,,,,,,,,,,,,,,,,,,,,,,,,,,,,,,,,,,,,,,,,,,,,,,,,,,,,,,,,"[""single_row_table_data"", ""multi_row_table_data""]",{}
1629479,1611661324,Teaira McCowan,Teaira McCowan,1629479,MIN,-275.5000000000001,2,-5.0,24.0,50,48,9.0,10.0,9,98,1.0,1.0,1.0,1.0,,,2.0,4.0,,1.0,3.0,6.0,,6.0,37.0,1.0,1.0,,2.0,,,,,4.0,2.0,2.0,,1.0,,1.0,,,1.0,,,2.0,,1.0,3.0,5.0,1.0,9.0,1.0,10.0,,1.0,1.0,,,,,4.0,,,4.0,,2.0,1.0,8.0,,1.0,4.0,2.0,2.0,,,,,,2.0,,,,2.0,4.0,,9.0,,,,,1.0,3.0,2.0,122.0,77.08333333333334,0.6666666666666666,1.0,0.5,1.0,,0.5,1.0,,0.5,1.0,,,,,16.666666666666668,,1.0,0.29411764705882354,0.0625,0.23076923076923078,,0.26666666666666666,0.045454545454545456,,0.14285714285714285,,,,0.5,0.3,,0.3333333333333333,,,0.16666666666666666,1.0,1.0,,0.6666666666666666,0.5,0.5,1.0,0.16666666666666666,,,,1.0,1.0,,,,0.16666666666666666,0.3801333333333334,0.5028,,,,0.3333333333333333,,7.666666666666667,,,1.0,0.18,player_totals,wnba,2026,Regular Season,/get-totals/wnba,"{""Season"": ""2026"", ""SeasonType"": ""Regular Season"", ""Type"": ""Player""}",20260602T225839Z,2026-06-02T22:58:42+00:00,b928b61e82a070c133269a1b6b1c7557772a92295f439dbdb238373d2f28284f,,,,,,,,,,,,,,,,,,,,,,,2.0,2.0,,,,,,,,,,,1.0,,,,,,,,,,,,,,,,,,,,,,,,,,,,,,,,,,,,,,,,,,"[""single_row_table_data"", ""multi_row_table_data""]",{}
1641656,1611661331,Laeticia Amihere,Laeticia Amihere,1641656,GSV,-317.1,8,-5.0,50.0,223,227,86.0,91.0,37,450,13.0,23.0,3.0,9.0,,6.0,1.0,9.0,,,14.0,32.0,12.0,40.0,226.0,3.0,11.0,6.0,12.0,,9.0,4.0,4.0,16.0,12.0,6.0,9.0,7.0,7.0,14.0,3.0,4.0,4.0,1.0,2.0,35.0,4.0,12.0,7.0,10.0,2.0,19.0,17.0,36.0,2.0,2.0,1.0,1.0,2.0,,1.0,5.0,,1.0,7.0,2.0,2.0,9.0,17.0,,2.0,4.0,25.0,5.0,1.0,22.0,4.0,10.0,3.0,8.0,,,3.0,8.0,28.0,4.0,86.0,1.0,3.0,,1.0,2.0,4.0,,123.76681614349776,99.55947136563877,0.5714285714285714,0.7272727272727273,0.4375,0.2727272727272727,,0.42424242424242425,0.2727272727272727,,0.47619047619047616,0.375,0.14285714285714285,0.28125,0.30434782608695654,0.2222222222222222,18.283582089552237,0.2857142857142857,0.25,0.17857142857142858,0.17647058823529413,0.17073170731707318,0.08888888888888889,0.17525773195876287,0.1415929203539823,0.2916666666666667,0.13513513513513514,,0.1111111111111111,,0.125,0.29411764705882354,0.13333333333333333,0.125,0.3333333333333333,0.2,0.696969696969697,0.5652173913043478,0.8125,0.5384615384615384,0.2727272727272727,0.1111111111111111,0.14285714285714285,1.0,,,,,0.8181818181818182,0.3333333333333333,,0.6,,0.7272727272727273,0.5264090909090909,0.4928777777777778,0.5144599999999999,0.2564102564102564,0.2631578947368421,0.3,0.1,3.36875,0.7,0.375,,0.38565022421524664,player_totals,wnba,2026,Regular Season,/get-totals/wnba,"{""Season"": ""2026"", ""SeasonType"": ""Regular Season"", ""Type"": ""Player""}",20260602T225839Z,2026-06-02T22:58:42+00:00,d8c66d40330f417ccd622b0859f6b44cc590a5d0958d83b3517dffb018c57156,,,,,1.0,,,,1.0,,1.0,,,,1.0,,,1.0,,,,,5.0,5.0,,,,,,,,0.030303030303030304,,,0.625,,,,,0.030303030303030304,,,,,,,,0.1,,,,24.1,,1.0,,0.07142857142857142,3.0,,,,,,,,,,,,,,,,,,,,"[""single_row_table_data"", ""multi_row_table_data""]",{}
1643490,1611661324,Eliska Hamzova,Eliska Hamzova,1643490,MIN,-462.0,3,-8.0,3.0,25,27,14.0,27.0,5,52,,1.0,,,,,,,,,,1.0,6.0,6.0,25.0,,,1.0,1.0,,,3.0,3.0,,,,1.0,,2.0,2.0,1.0,1.0,,,,6.0,,2.0,2.0,3.0,,5.0,2.0,7.0,,,,,3.0,,1.0,1.0,1.0,2.0,4.0,,2.0,1.0,1.0,,,,5.0,,,8.0,,3.0,1.0,,,,,,5.0,3.0,14.0,,1.0,,,,,,112.0,92.59259259259258,,,,,,,,,0.5,0.25,0.75,1.0,1.0,,32.25806451612903,0.75,,0.42857142857142855,0.4,0.2857142857142857,,0.35714285714285715,0.25,0.3333333333333333,,0.5,,,0.25,0.5,1.0,0.2857142857142857,,,0.5,,,,,,,,,,,,,,,,,1.0,0.592125,,,0.6,0.75,0.16666666666666666,0.5,1.9,1.0,,,0.56,player_totals,wnba,2026,Regular Season,/get-totals/wnba,"{""Season"": ""2026"", ""SeasonType"": ""Regular Season"", ""Type"": ""Player""}",20260602T225839Z,2026-06-02T22:58:42+00:00,8b79848feb889015b90d15cf529ed10d850a6ad1be67d8d558a73eee5ea5b518,,,,,1.0,,1.0,,,,1.0,,1.0,,,,,1.0,,,,,,,,,,,,,,0.5,,,,,,,,0.5,,,,1.0,,,,,,,,23.6,,,,,,,,,,,,,,,,,,,,,,,,,"[""single_row_table_data"", ""multi_row_table_data""]",{}
1630386,1611661321,Awak Kuier,Awak Kuier,1630386,DAL,-532.5,8,-9.0,56.0,211,217,49.0,58.0,21,428,9.0,11.0,1.0,2.0,1.0,2.0,1.0,1.0,,1.0,10.0,13.0,12.0,53.0,209.0,1.0,2.0,2.0,4.0,1.0,2.0,1.0,9.0,20.0,,,,6.0,1.0,7.0,1.0,,2.0,4.0,,15.0,2.0,2.0,8.0,10.0,2.0,20.0,4.0,24.0,,5.0,5.0,,3.0,1.0,1.0,3.0,,2.0,6.0,,1.0,3.0,4.0,,,,11.0,1.0,,16.0,2.0,8.0,1.0,6.0,1.0,,4.0,7.0,49.0,9.0,49.0,,1.0,,,,,,125.59241706161139,96.31336405529954,1.0,1.0,0.7692307692307693,0.5,0.5,0.7884615384615384,0.3333333333333333,0.6666666666666666,0.803030303030303,0.5,0.6428571428571429,,,,16.595744680851062,0.5,0.4,0.136986301369863,0.044444444444444446,0.19047619047619047,0.05405405405405406,0.1565217391304348,0.04878048780487805,0.05,,0.06666666666666667,0.034482758620689655,0.125,0.038461538461538464,0.21875,0.13333333333333333,0.21621621621621623,,,0.4230769230769231,0.8181818181818182,0.8181818181818182,1.0,0.038461538461538464,1.0,1.0,1.0,0.038461538461538464,,,,0.6666666666666666,0.5,1.0,0.3333333333333333,0.5,0.9230769230769231,0.5174865384615385,0.5444166666666667,0.5367583333333333,0.25,0.42105263157894735,0.07547169811320754,0.16981132075471697,3.661538461538462,,,,0.23222748815165878,player_totals,wnba,2026,Regular Season,/get-totals/wnba,"{""Season"": ""2026"", ""SeasonType"": ""Regular Season"", ""Type"": ""Player""}",20260602T225839Z,2026-06-02T22:58:42+00:00,77d4386c103257a704f230bd8dc52511139551323bfe19bdb2a425f9eff143dd,,1.0,1.0,7.0,12.0,,1.0,2.0,3.0,7.0,13.0,,1.0,2.0,4.0,21.0,,12.0,7.0,,2.0,,2.0,4.0,,,1.0,0.5384615384615384,,0.5,0.5384615384615384,0.5,,,0.5714285714285714,0.038461538461538464,,,,0.46153846153846156,0.5833333333333334,0.5833333333333334,1.0,0.3333333333333333,,,0.16666666666666666,0.5,0.6666666666666666,0.5833333333333334,,25.515384615384615,0.16666666666666666,,,,,,1.0,,,,,,,,,,,,,,,,,,"[""single_row_table_data"", ""multi_row_table_data""]",{}
203026,1611661331,Tiffany Hayes,Tiffany Hayes,203026,GSV,-553.3999999999999,6,-9.0,-7.0,157,159,63.0,56.0,27,316,8.0,14.0,,1.0,5.0,9.0,2.0,7.0,,1.0,10.0,22.0,14.0,43.0,171.0,,4.0,,,5.0,12.0,5.0,15.0,12.0,8.0,,,6.0,3.0,9.0,1.0,2.0,4.0,1.0,1.0,21.0,,,5.0,1.0,,6.0,,6.0,,2.0,2.0,,3.0,1.0,3.0,1.0,,,4.0,,2.0,5.0,12.0,,1.0,,20.0,1.0,1.0,16.0,1.0,6.0,2.0,,,,,,43.0,15.0,63.0,3.0,2.0,,,,,,104.45859872611464,107.54716981132074,0.6,0.6,0.45454545454545453,,0.4166666666666667,0.453125,,0.38461538461538464,0.5384615384615384,,0.4666666666666667,,,,22.872340425531917,0.75,,0.025,,0.16666666666666666,,0.08571428571428572,,,,,,,0.05555555555555555,,,0.13043478260869565,0.2857142857142857,,0.4375,0.5714285714285714,0.5714285714285714,0.75,0.21875,0.2857142857142857,0.2857142857142857,,0.03125,,,,0.2,,,0.6923076923076923,0.5555555555555556,0.75,0.4970546875,0.422575,0.4891038461538461,0.16216216216216217,0.2222222222222222,,0.3488372093023256,4.445454545454545,0.3333333333333333,0.4,,0.4012738853503185,player_totals,wnba,2026,Regular Season,/get-totals/wnba,"{""Season"": ""2026"", ""SeasonType"": ""Regular Season"", ""Type"": ""Player""}",20260602T225839Z,2026-06-02T22:58:42+00:00,8befdbf37346993b084bea9a33ab162ef9364590058feeef65ee79b424835f41,1.0,1.0,,2.0,9.0,,1.0,,1.0,3.0,10.0,,1.0,,1.0,3.0,6.0,9.0,2.0,,,,,,,,0.3333333333333333,0.3,,,0.3,0.3125,,,,0.03125,1.0,1.0,1.0,0.28125,0.2222222222222222,0.2222222222222222,,0.2,,,,0.07692307692307693,,0.2222222222222222,,24.79,0.2857142857142857,,,,1.0,1.0,,,,,,,,,,,,,,,,,,,"[""single_row_table_data"", ""multi_row_table_data""]",{}
1631006,1611661319,Kierstan Bell,Kierstan Bell,1631006,LVA,-711.9999999999999,5,-12.0,,117,120,23.0,34.0,14,237,,,,,,,,1.0,,3.0,,4.0,,,123.0,,1.0,,,,,,,,,,,4.0,1.0,5.0,1.0,,2.0,1.0,1.0,11.0,1.0,,2.0,4.0,1.0,7.0,1.0,8.0,,2.0,2.0,,,1.0,,2.0,,,2.0,,,1.0,3.0,,,,,,,,,,,3.0,,,1.0,3.0,,,23.0,,,,,,,,105.12820512820514,102.5,,,,,,,,,,,,,,,8.208955223880597,,0.5,0.0975609756097561,,0.1,0.0625,0.09836065573770492,0.020833333333333332,,,,0.08333333333333333,,,0.10526315789473684,0.2,0.1111111111111111,,,,,,,0.1111111111111111,,,,0.3333333333333333,,,,,,,,,0.5555555555555556,0.47700000000000004,0.4385,0.533925,,,,,15.15,,1.0,0.3333333333333333,0.19658119658119658,player_totals,wnba,2026,Regular Season,/get-totals/wnba,"{""Season"": ""2026"", ""SeasonType"": ""Regular Season"", ""Type"": ""Player""}",20260602T225839Z,2026-06-02T22:58:42+00:00,25f04828e08d3546feabb85039535b3a5ee2347dc09e4461ef3a211e59e60fe4,,1.0,,,4.0,,,,2.0,,5.0,,1.0,,2.0,,,4.0,,,,,2.0,1.0,,,,,,,,0.5555555555555556,,,0.3333333333333333,0.1111111111111111,,,,0.4444444444444444,,,,,,,,1.0,,,,24.740000000000002,0.4,,,,,,,,1.0,0.5,,,,,,,,,,,,,,,"[""single_row_table_data"", ""multi_row_table_data""]",{}
1642826,1611661313,Aubrey Griffin,Aubrey Griffin,1642826,NYL,-736.8,4,-12.0,1.0,19,20,9.0,9.0,1,39,,,,,,,1.0,1.0,,,1.0,1.0,,2.0,21.0,,,,,,,,,,2.0,,,,,,,,,,,,,,,1.0,,1.0,,1.0,,,,,,1.0,,1.0,,,1.0,,,1.0,1.0,,,,1.0,1.0,,,,,,,,,,,2.0,,9.0,,,,,,,,115.78947368421052,105.0,,,1.0,,,1.0,,,1.0,,,,,,10.0,,,0.09090909090909091,,,,0.07692307692307693,,,,,,,,0.14285714285714285,,,,,,,,,1.0,1.0,1.0,,,,,,,,,,,,0.2358,,,,,,,4.0,,,,0.47368421052631576,player_totals,wnba,2026,Regular Season,/get-totals/wnba,"{""Season"": ""2026"", ""SeasonType"": ""Regular Season"", ""Type"": ""Player""}",20260602T225839Z,2026-06-02T22:58:42+00:00,0219ac98851ef5b80c5616595c0b0b464f1f6fde17cdb3d103f93926deb359e4,,,,,,,,,,,,,,,,,,,,,,,,,,,,,,,,,,,,,,,,,,,,,,,,,,,,,,,,,,,,,,,,,,,,,,,,,,,,,"[""single_row_table_data"", ""multi_row_table_data""]",{}
1629488,1611661319,Brianna Turner,Brianna Turner,1629488,LVA,-917.2,7,-15.0,4.0,157,160,44.0,36.0,18,317,3.0,5.0,,1.0,1.0,2.0,1.0,2.0,,,4.0,7.0,2.0,10.0,157.0,,2.0,,,1.0,2.0,2.0,4.0,8.0,,,,1.0,1.0,2.0,1.0,,,,1.0,5.0,1.0,6.0,3.0,9.0,,12.0,7.0,19.0,,3.0,2.0,1.0,2.0,2.0,2.0,2.0,,,4.0,,1.0,5.0,8.0,,,,2.0,,1.0,2.0,,,1.0,5.0,,,2.0,5.0,10.0,4.0,44.0,1.0,1.0,1.0,-7.0,,,,102.54777070063695,98.125,1.0,1.0,0.5714285714285714,,0.5,0.5714285714285714,,0.5,0.625,,0.6666666666666666,,,,6.779661016949152,0.5,,0.16363636363636364,0.15384615384615385,0.10714285714285714,0.043478260869565216,0.14457831325301204,0.11290322580645161,0.1,0.25,0.11764705882352941,0.05555555555555555,,0.2727272727272727,0.13043478260869565,,0.13043478260869565,,,0.7142857142857143,0.6,0.6,1.0,0.2857142857142857,0.5,0.5,1.0,,,,,0.5,,,1.0,0.5,0.7142857142857143,0.6145428571428572,0.3602,0.7403,,,,0.4,2.3428571428571425,,,,0.2802547770700637,player_totals,wnba,2026,Regular Season,/get-totals/wnba,"{""Season"": ""2026"", ""SeasonType"": ""Regular Season"", ""Type"": ""Player""}",20260602T225839Z,2026-06-02T22:58:42+00:00,662090e17a9e8eeb0d175928c67de57683a2aed6589b6566df848ff8bc3d384b,,,,,,,,,,,,,,,,,,,,,,,2.0,,,,,,,,,,,,,,,,,,,,,,,,,,,,,,,,,,,,,,,,,,,,1.0,,,,,,,,,,"[""single_row_table_data"", ""multi_row_table_data""]",{}
1642793,1611661321,Aziaha James,Aziaha James,1642793,DAL,-1048.0,9,-17.0,4.0,206,214,51.0,69.0,24,420,7.0,11.0,1.0,1.0,1.0,1.0,6.0,19.0,2.0,7.0,15.0,37.0,12.0,60.0,220.0,2.0,3.0,,4.0,4.0,6.0,6.0,23.0,16.0,14.0,,4.0,7.0,2.0,9.0,1.0,1.0,5.0,2.0,,20.0,,6.0,6.0,8.0,,14.0,7.0,21.0,2.0,9.0,4.0,5.0,3.0,,2.0,2.0,1.0,1.0,5.0,1.0,2.0,6.0,18.0,,,1.0,17.0,1.0,6.0,14.0,3.0,7.0,1.0,3.0,,,1.0,3.0,56.0,23.0,51.0,,1.0,,,2.0,1.0,,108.7378640776699,102.80373831775701,0.5333333333333333,0.5333333333333333,0.40540540540540543,0.6666666666666666,0.6666666666666666,0.4444444444444444,0.6666666666666666,0.7083333333333334,0.5084745762711864,0.6666666666666666,0.7666666666666667,0.10810810810810811,0.18181818181818182,0.05263157894736842,27.23404255319149,0.6,,0.16326530612244897,0.11320754716981132,0.17647058823529413,,0.1686746987951807,0.06382978723404255,0.36363636363636365,0.0625,,,,0.3333333333333333,0.038461538461538464,0.2,0.1935483870967742,,0.06896551724137931,0.2037037037037037,0.6363636363636364,0.7777777777777778,0.5714285714285714,0.35185185185185186,0.3157894736842105,0.3333333333333333,0.3333333333333333,0.12962962962962962,0.2857142857142857,0.3333333333333333,1.0,0.3333333333333333,1.0,1.0,0.08333333333333333,1.0,0.5185185185185185,0.48699722222222225,0.44049999999999995,0.46874166666666667,0.13793103448275862,0.17073170731707318,0.06666666666666667,0.38333333333333336,7.648648648648648,0.75,0.3076923076923077,,0.24757281553398058,player_totals,wnba,2026,Regular Season,/get-totals/wnba,"{""Season"": ""2026"", ""SeasonType"": ""Regular Season"", ""Type"": ""Player""}",20260602T225839Z,2026-06-02T22:58:42+00:00,6cf7ad2e4d67e3455e32b47882663052c7c5f898074024b1b847c48623110001,3.0,5.0,2.0,3.0,12.0,,,1.0,4.0,6.0,17.0,,,3.0,6.0,15.0,3.0,12.0,3.0,,,1.0,2.0,2.0,,,0.8333333333333334,0.35294117647058826,,0.5,0.35294117647058826,0.3148148148148148,,,0.6666666666666666,0.09259259259259259,0.6,0.6,1.0,0.2222222222222222,0.25,0.25,0.6666666666666666,,,,0.16666666666666666,0.3333333333333333,0.25,0.25,0.058823529411764705,24.91176470588235,0.18181818181818182,1.0,,0.07142857142857142,1.0,,,0.14285714285714285,,,,,2.0,1.0,,,,,,,1.0,,,,"[""single_row_table_data"", ""multi_row_table_data""]",{}
1630150,1611661319,Chennedy Carter,Chennedy Carter,1630150,LVA,-1079.9,8,-18.0,51.0,339,336,121.0,103.0,27,675,28.0,36.0,4.0,4.0,11.0,12.0,10.0,18.0,6.0,12.0,44.0,66.0,22.0,140.0,347.0,6.0,7.0,1.0,13.0,17.0,20.0,6.0,49.0,22.0,66.0,2.0,2.0,7.0,6.0,13.0,5.0,1.0,4.0,2.0,1.0,32.0,1.0,4.0,5.0,8.0,,13.0,6.0,19.0,,10.0,7.0,3.0,10.0,2.0,7.0,5.0,2.0,3.0,15.0,,7.0,12.0,20.0,,1.0,,19.0,,,30.0,2.0,13.0,3.0,3.0,,,2.0,3.0,127.0,49.0,121.0,1.0,2.0,1.0,-10.0,1.0,1.0,3.0,117.40412979351032,103.27380952380953,0.25,0.2558139534883721,0.6666666666666666,0.8571428571428571,0.85,0.7108433734939759,0.75,0.86,0.7216494845360825,0.7222222222222222,0.8448275862068966,0.030303030303030304,0.027777777777777776,0.05555555555555555,30.601092896174862,0.6666666666666666,,0.07079646017699115,0.05333333333333334,0.08064516129032258,0.022222222222222223,0.07428571428571429,0.041666666666666664,0.10526315789473684,,0.06896551724137931,0.02631578947368421,,0.02564102564102564,0.046511627906976744,0.16129032258064516,0.09090909090909091,,,0.43373493975903615,0.7777777777777778,0.8,0.21428571428571427,0.21686746987951808,0.5555555555555556,0.5882352941176471,0.2,0.14457831325301204,0.5,0.5,0.5,0.5,1.0,,0.48,0.9166666666666666,0.6385542168674698,0.5267620481927711,0.5155285714285714,0.549848,0.13829787234042554,0.16883116883116883,0.09285714285714286,0.35,6.583333333333333,0.25,0.125,0.3333333333333333,0.35693215339233036,player_totals,wnba,2026,Regular Season,/get-totals/wnba,"{""Season"": ""2026"", ""SeasonType"": ""Regular Season"", ""Type"": ""Player""}",20260602T225839Z,2026-06-02T22:58:42+00:00,b18d82cc90718cb79500e73ab0db04890598b7f335672ad21fdc54f8e07f002a,2.0,3.0,,8.0,14.0,,,3.0,5.0,10.0,17.0,,1.0,3.0,5.0,21.0,9.0,14.0,8.0,1.0,1.0,,1.0,2.0,,,0.7,0.5882352941176471,,0.6,0.5882352941176471,0.20481927710843373,0.058823529411764705,,0.6666666666666666,0.03614457831325301,0.6666666666666666,0.6666666666666666,1.0,0.1686746987951807,0.5714285714285714,0.6153846153846154,0.625,,,,,0.2,0.6,0.5714285714285714,,24.376470588235293,,1.0,,0.06666666666666667,1.0,,,,1.0,0.125,,0.07142857142857142,,,,,,,,,,,,,"[""single_row_table_data"", ""multi_row_table_data""]",{}
204468,1611661317,Valeriane Ayayi,Valeriane Ayayi,204468,PHX,-1130.0,7,-19.0,-15.0,148,147,37.0,41.0,14,295,,5.0,,1.0,,2.0,3.0,6.0,,1.0,3.0,12.0,8.0,20.0,161.0,1.0,3.0,1.0,3.0,2.0,4.0,2.0,6.0,4.0,2.0,2.0,4.0,8.0,2.0,10.0,2.0,,5.0,2.0,1.0,22.0,1.0,1.0,8.0,3.0,,11.0,2.0,13.0,,3.0,2.0,1.0,2.0,1.0,2.0,3.0,,,5.0,,1.0,3.0,12.0,,2.0,1.0,16.0,1.0,3.0,13.0,,3.0,2.0,,,,,,17.0,6.0,37.0,2.0,2.0,2.0,-5.0,12.0,,,98.64864864864865,109.52380952380953,0.6666666666666666,1.0,0.25,0.3333333333333333,0.5,0.3333333333333333,0.25,0.4,0.4166666666666667,0.3,0.42857142857142855,0.3333333333333333,0.6,0.16666666666666666,17.901234567901234,0.4,,0.08108108108108109,0.025,0.25806451612903225,0.03571428571428571,0.16176470588235295,0.029411764705882353,,0.041666666666666664,,,0.14285714285714285,0.125,0.0625,0.07692307692307693,0.28,0.16666666666666666,,0.2777777777777778,,,,0.3333333333333333,0.5,0.6,0.6666666666666666,0.05555555555555555,,,,0.25,,,0.4,,0.6111111111111112,0.4827361111111111,0.430875,0.50049,0.18181818181818182,0.2,0.15,0.3,6.058333333333334,0.2,0.3333333333333333,,0.25,player_totals,wnba,2026,Regular Season,/get-totals/wnba,"{""Season"": ""2026"", ""SeasonType"": ""Regular Season"", ""Type"": ""Player""}",20260602T225839Z,2026-06-02T22:58:42+00:00,5bd01c2d752e3cd35bf15de3d341256d4d74b0ee2bc8d66ba87ca60f68ec1a4e,,1.0,,2.0,5.0,,1.0,,1.0,2.0,6.0,,1.0,,1.0,6.0,,5.0,2.0,,,1.0,,,1.0,,1.0,0.3333333333333333,,,0.3333333333333333,0.3333333333333333,,,,0.05555555555555555,,,,0.2777777777777778,0.4,0.4,1.0,0.25,,,,0.2,,0.4,0.14285714285714285,24.116666666666664,0.5,,,,,,,,,,,,,,,,,,,,,,,,"[""single_row_table_data"", ""multi_row_table_data""]",{}
1642786,1611661329,Aicha Coulibaly,Aicha Coulibaly,1642786,CHI,-1287.9,6,-21.0,15.0,178,181,69.0,77.0,24,359,5.0,13.0,1.0,3.0,1.0,2.0,4.0,9.0,,,9.0,22.0,11.0,29.0,195.0,1.0,3.0,,2.0,3.0,5.0,7.0,13.0,12.0,6.0,2.0,2.0,2.0,2.0,4.0,1.0,1.0,1.0,1.0,,10.0,1.0,1.0,7.0,1.0,1.0,9.0,3.0,12.0,1.0,7.0,4.0,3.0,4.0,,2.0,,,2.0,4.0,,1.0,7.0,13.0,,2.0,,12.0,1.0,2.0,11.0,1.0,5.0,1.0,,,,,,27.0,13.0,69.0,2.0,1.0,,4.0,1.0,1.0,,117.97752808988764,107.73480662983425,0.6666666666666666,0.75,0.4090909090909091,0.3333333333333333,0.6,0.32142857142857145,0.3333333333333333,0.42857142857142855,0.4393939393939394,0.3333333333333333,0.65,0.09090909090909091,0.07692307692307693,0.1111111111111111,18.137254901960784,1.0,0.25,0.02564102564102564,0.02127659574468085,0.1794871794871795,0.03333333333333333,0.10256410256410256,0.025974025974025976,,0.05263157894736842,,0.041666666666666664,,,0.05263157894736842,,0.14705882352941177,0.4,0.0625,0.4642857142857143,0.38461538461538464,0.4166666666666667,0.6,0.32142857142857145,0.4444444444444444,0.5,0.75,,,,,1.0,0.3333333333333333,,0.2857142857142857,0.5,0.6785714285714286,0.5523964285714286,0.6735,0.5699857142857143,0.15625,0.19230769230769232,0.06896551724137931,0.4482758620689655,3.872727272727273,0.125,0.6,,0.38764044943820225,player_totals,wnba,2026,Regular Season,/get-totals/wnba,"{""Season"": ""2026"", ""SeasonType"": ""Regular Season"", ""Type"": ""Player""}",20260602T225839Z,2026-06-02T22:58:42+00:00,269b6d906cb29b2e4676cbbcc991ca1ae2f5fd7643d1fe614eefc18468f8c26b,,4.0,2.0,,2.0,,,,,,6.0,,,,2.0,,,2.0,,1.0,,,,,,,,,,,,0.21428571428571427,0.16666666666666666,0.25,,0.14285714285714285,,,,0.07142857142857142,,,,,,,0.2857142857142857,,,,,23.53333333333333,,1.0,,0.14285714285714285,,,,,,,,,,,,,,,,,,,,,"[""single_row_table_data"", ""multi_row_table_data""]",{}
1642820,1611661324,Liatu King,Liatu King,1642820,MIN,-1311.9,4,-22.0,1.0,100,102,30.0,47.0,15,202,2.0,4.0,,,,1.0,,,1.0,2.0,3.0,6.0,2.0,14.0,99.0,,,2.0,5.0,,2.0,1.0,1.0,6.0,,,1.0,,,,,,,,,,,4.0,7.0,3.0,1.0,11.0,4.0,15.0,,2.0,,2.0,2.0,,2.0,2.0,,,4.0,1.0,,4.0,7.0,,,1.0,3.0,,,6.0,,3.0,,4.0,,,1.0,4.0,9.0,1.0,30.0,,,1.0,-10.0,,,,100.0,97.05882352941177,1.0,1.0,0.5,,,0.5454545454545454,0.75,,0.5,0.625,0.1,0.16666666666666666,0.25,,15.384615384615385,0.5,0.2,0.12,0.16,0.23333333333333334,,0.18181818181818182,0.1,0.09090909090909091,0.16666666666666666,0.25,,,0.23076923076923078,,,0.2,0.4,,0.36363636363636365,0.5,0.6666666666666666,1.0,,,,,0.18181818181818182,0.5,0.5,1.0,,,,0.3333333333333333,,0.8181818181818182,0.5423727272727272,0.4752,0.5553833333333333,0.21428571428571427,0.3333333333333333,0.35714285714285715,0.07142857142857142,6.766666666666667,,,,0.3,player_totals,wnba,2026,Regular Season,/get-totals/wnba,"{""Season"": ""2026"", ""SeasonType"": ""Regular Season"", ""Type"": ""Player""}",20260602T225839Z,2026-06-02T22:58:42+00:00,479f536db17684c1756e890f066e2062ec4455f488db9163617d800183492631,,2.0,,2.0,3.0,1.0,1.0,,1.0,2.0,5.0,1.0,2.0,,1.0,6.0,,3.0,2.0,,1.0,,3.0,2.0,,,1.0,0.4,0.5,,0.4,0.45454545454545453,,,0.5,0.18181818181818182,,,,0.2727272727272727,0.6666666666666666,0.6666666666666666,1.0,0.5,1.0,1.0,,0.3333333333333333,,0.6666666666666666,,23.2,,,,,,,,,1.0,0.5,,,,,,,,,,,,,,,"[""single_row_table_data"", ""multi_row_table_data""]",{}
204322,1611661329,Elizabeth Williams,Elizabeth Williams,204322,CHI,-1325.8,8,-22.0,-19.0,285,294,116.0,118.0,40,579,6.0,21.0,1.0,5.0,1.0,7.0,8.0,11.0,,,14.0,32.0,7.0,35.0,314.0,4.0,8.0,3.0,11.0,6.0,13.0,6.0,18.0,24.0,4.0,2.0,6.0,4.0,5.0,9.0,3.0,2.0,2.0,,2.0,23.0,5.0,11.0,7.0,16.0,,23.0,16.0,39.0,1.0,3.0,2.0,1.0,5.0,,2.0,3.0,1.0,3.0,8.0,2.0,4.0,5.0,10.0,1.0,1.0,1.0,19.0,1.0,,21.0,1.0,8.0,3.0,8.0,,,4.0,8.0,24.0,18.0,116.0,1.0,3.0,,,2.0,,,103.50877192982456,106.80272108843538,0.8571428571428571,0.9230769230769231,0.4375,0.5,0.46153846153846156,0.4375,0.5,0.46153846153846156,0.4166666666666667,0.4230769230769231,0.47368421052631576,0.1875,0.23809523809523808,0.09090909090909091,15.060240963855422,0.625,,0.1951219512195122,0.12790697674418605,0.15217391304347827,0.07462686567164178,0.1796875,0.10457516339869281,0.08888888888888889,0.125,0.3333333333333333,0.09803921568627451,,0.16666666666666666,0.23529411764705882,0.16666666666666666,0.15,0.16666666666666666,0.08333333333333333,0.65625,0.2857142857142857,0.375,0.8333333333333334,0.34375,0.7272727272727273,0.8,0.875,,,,,0.625,0.2,,0.5384615384615384,0.14285714285714285,0.65625,0.529984375,0.4835125,0.5017692307692307,0.20512820512820512,0.20512820512820512,0.3142857142857143,0.5142857142857142,3.55625,0.26666666666666666,0.3333333333333333,,0.4070175438596491,player_totals,wnba,2026,Regular Season,/get-totals/wnba,"{""Season"": ""2026"", ""SeasonType"": ""Regular Season"", ""Type"": ""Player""}",20260602T225839Z,2026-06-02T22:58:42+00:00,609f8ac3d78d62b8d2361e559df259eb4930b5764e01970f81c09fe3d4ad5543,,,,,,,,,,,,,,,,,,,,,,,4.0,6.0,,,,,,,,,,,0.75,,,,,,,,,,,,,,,,,,,,,,1.0,,,,,,2.0,,,,,,,,,,,,,,"[""single_row_table_data"", ""multi_row_table_data""]",{}
203822,1611661313,Rebekah Gardner,Rebekah Gardner,203822,NYL,-1528.3000000000002,9,-25.0,34.0,350,361,141.0,123.0,34,711,16.0,20.0,1.0,2.0,4.0,6.0,5.0,8.0,,,21.0,28.0,11.0,68.0,347.0,2.0,3.0,1.0,5.0,7.0,10.0,9.0,26.0,30.0,12.0,2.0,2.0,7.0,6.0,13.0,5.0,1.0,4.0,3.0,,32.0,5.0,,3.0,10.0,2.0,15.0,5.0,20.0,,2.0,2.0,,6.0,1.0,4.0,3.0,1.0,2.0,9.0,1.0,4.0,4.0,15.0,,3.0,,13.0,1.0,2.0,13.0,1.0,3.0,4.0,1.0,1.0,1.0,,2.0,63.0,26.0,141.0,4.0,3.0,,5.0,5.0,-7.0,3.0,108.85714285714286,96.1218836565097,0.7142857142857143,0.75,0.75,0.6666666666666666,0.7,0.6951219512195121,0.5,0.5666666666666667,0.723404255319149,0.625,0.65,0.07142857142857142,0.05,0.125,14.395886889460154,0.6666666666666666,0.10526315789473684,0.10526315789473684,,0.03571428571428571,0.06666666666666667,0.07262569832402235,0.03546099290780142,,,,0.07407407407407407,0.047619047619047616,0.09523809523809523,0.11538461538461539,0.09090909090909091,0.016129032258064516,0.09090909090909091,,0.4878048780487805,0.8,0.8421052631578947,0.6875,0.1951219512195122,0.625,0.7142857142857143,0.8,,,,,0.5,0.5,,0.4,0.6666666666666666,0.8048780487804879,0.5565463414634146,0.46015,0.5342166666666667,0.06976744186046512,0.1,0.07352941176470588,0.38235294117647056,3.4892857142857143,,,,0.40285714285714286,player_totals,wnba,2026,Regular Season,/get-totals/wnba,"{""Season"": ""2026"", ""SeasonType"": ""Regular Season"", ""Type"": ""Player""}",20260602T225839Z,2026-06-02T22:58:42+00:00,8915b95a174aa46e14e47192fb0705ecf9d632b2f3738c53e44a2a2afcebb1f2,3.0,5.0,,2.0,8.0,,1.0,1.0,5.0,5.0,13.0,,1.0,1.0,5.0,15.0,,8.0,2.0,,1.0,,1.0,1.0,,2.0,1.0,0.38461538461538464,,0.2,0.38461538461538464,0.3170731707317073,,,0.5,0.12195121951219512,0.6,0.6,1.0,0.1951219512195122,0.25,0.25,1.0,0.25,,,,0.3333333333333333,0.2,0.25,,24.446153846153848,0.625,,,,,,,,,,,,,,,,,,,,,,,,"[""single_row_table_data"", ""multi_row_table_data""]",{}
1642324,1611661320,Kate Martin,Kate Martin,1642324,LAS,-1531.5,5,-26.0,20.0,94,94,64.0,44.0,13,188,1.0,1.0,,,,,1.0,2.0,,,2.0,3.0,,13.0,109.0,,,,,,1.0,,3.0,2.0,2.0,,,1.0,,1.0,,,,1.0,,2.0,,,1.0,1.0,,2.0,,2.0,,2.0,1.0,1.0,1.0,,1.0,,,,1.0,,,3.0,5.0,,,,1.0,,1.0,,,,,,,,,,13.0,3.0,64.0,1.0,,,,,,,137.2340425531915,115.95744680851064,0.5,0.5,0.6666666666666666,,,0.5909090909090909,,0.3,0.5909090909090909,,0.3,,,,11.214953271028037,1.0,,0.05,,0.058823529411764705,,0.05405405405405406,,,,,,,,,0.2,,0.2,,0.09090909090909091,1.0,1.0,1.0,0.18181818181818182,0.5,0.5,,,,,,,,,,,0.8181818181818182,0.5066818181818182,,0.48531,,,,0.23076923076923078,3.9333333333333336,,1.0,,0.6808510638297872,player_totals,wnba,2026,Regular Season,/get-totals/wnba,"{""Season"": ""2026"", ""SeasonType"": ""Regular Season"", ""Type"": ""Player""}",20260602T225839Z,2026-06-02T22:58:42+00:00,a0a1fdf174dcba0c5aa3da24c97bb959366cbbf9de2543194c1b5dbab804d5d1,2.0,5.0,1.0,1.0,3.0,,,1.0,3.0,3.0,8.0,,,1.0,4.0,9.0,,3.0,1.0,,,,,,,,1.0,0.375,,0.25,0.375,0.7272727272727273,,,,0.45454545454545453,0.4,0.4,1.0,0.2727272727272727,0.3333333333333333,0.3333333333333333,1.0,,,,0.2,0.6,0.3333333333333333,0.3333333333333333,,23.85,0.25,,,,,,,,,,,,,,,,,,,,,,,,"[""single_row_table_data"", ""multi_row_table_data""]",{}
1630143,1611661327,Luisa Geiselsoder,Luisa Geiselsoder,1630143,PDX,-1620.7999999999997,10,-27.0,13.0,422,421,108.0,154.0,48,843,7.0,13.0,1.0,2.0,1.0,2.0,3.0,14.0,1.0,4.0,11.0,31.0,8.0,54.0,442.0,2.0,7.0,,4.0,1.0,6.0,4.0,9.0,20.0,2.0,,3.0,12.0,6.0,18.0,5.0,1.0,8.0,3.0,1.0,42.0,3.0,2.0,16.0,10.0,1.0,27.0,5.0,32.0,,6.0,4.0,2.0,3.0,1.0,1.0,8.0,,2.0,11.0,,5.0,8.0,29.0,,1.0,6.0,15.0,1.0,5.0,9.0,1.0,3.0,2.0,4.0,,,1.0,4.0,50.0,9.0,105.0,5.0,2.0,,2.0,-4.0,8.0,,107.81990521327015,104.98812351543943,0.9090909090909091,0.9090909090909091,0.3548387096774194,0.2857142857142857,0.16666666666666666,0.3709677419354839,0.2,0.2777777777777778,0.4090909090909091,0.2,0.4090909090909091,0.0967741935483871,0.07692307692307693,0.14285714285714285,16.142557651991616,0.2727272727272727,0.08333333333333333,0.10869565217391304,0.020202020202020204,0.2077922077922078,0.030612244897959183,0.15384615384615385,0.025380710659898477,0.027777777777777776,0.0196078431372549,,0.014084507042253521,0.07407407407407407,0.16666666666666666,0.08571428571428572,,0.2,0.23529411764705882,,0.20967741935483872,0.5384615384615384,0.5833333333333334,0.8571428571428571,0.22580645161290322,0.21428571428571427,0.25,1.0,0.06451612903225806,0.25,0.25,1.0,0.2,0.5,1.0,0.2222222222222222,0.5,0.7096774193548387,0.5043588709677419,0.5297,0.48976666666666663,0.046875,0.09090909090909091,0.07407407407407407,0.16666666666666666,6.664516129032258,0.16666666666666666,0.45454545454545453,0.3333333333333333,0.2559241706161137,player_totals,wnba,2026,Regular Season,/get-totals/wnba,"{""Season"": ""2026"", ""SeasonType"": ""Regular Season"", ""Type"": ""Player""}",20260602T225839Z,2026-06-02T22:58:42+00:00,cf70081d7b28571f140eb75929a844f40b51fbd84b16df233206931a5ee89db7,3.0,10.0,2.0,5.0,21.0,,1.0,,1.0,8.0,31.0,,3.0,1.0,3.0,24.0,,21.0,5.0,,,,3.0,1.0,,,1.0,0.25806451612903225,,0.3333333333333333,0.25806451612903225,0.5,,,0.25,0.16129032258064516,0.3,0.3,1.0,0.3387096774193548,0.23809523809523808,0.23809523809523808,1.0,0.1,,,0.2222222222222222,0.1111111111111111,,0.23809523809523808,,24.57741935483871,0.17391304347826086,,,,,,,,2.0,0.2,,,1.0,0.5,,,,,,,,,,,"[""single_row_table_data"", ""multi_row_table_data""]",{}
1631083,1611661327,Emily Engstler,Emily Engstler,1631083,PDX,-1695.5,10,-28.0,-18.0,461,459,126.0,165.0,51,920,13.0,23.0,1.0,1.0,5.0,7.0,9.0,18.0,,,22.0,41.0,12.0,95.0,503.0,4.0,5.0,3.0,17.0,7.0,9.0,8.0,28.0,26.0,18.0,4.0,4.0,7.0,6.0,13.0,4.0,2.0,7.0,,,32.0,6.0,2.0,18.0,11.0,2.0,31.0,8.0,39.0,,15.0,9.0,6.0,8.0,6.0,7.0,15.0,,1.0,23.0,2.0,7.0,15.0,28.0,1.0,2.0,2.0,16.0,4.0,2.0,14.0,2.0,5.0,3.0,16.0,7.0,6.0,7.0,23.0,78.0,28.0,123.0,3.0,3.0,2.0,1.0,6.0,4.0,5.0,105.20607375271149,109.58605664488017,0.5909090909090909,0.65,0.5365853658536586,0.8,0.7777777777777778,0.5845070422535211,1.0,0.5882352941176471,0.6168831168831169,1.0625,0.6363636363636364,0.0975609756097561,0.13043478260869565,0.05555555555555555,19.23076923076923,0.34782608695652173,0.13333333333333333,0.10679611650485436,0.018018018018018018,0.18556701030927836,0.058823529411764705,0.145,0.03755868544600939,,0.017857142857142856,0.1,0.05555555555555555,0.06666666666666667,0.023255813953488372,0.13636363636363635,0.25,0.16901408450704225,0.23076923076923078,,0.323943661971831,0.5652173913043478,0.65,0.6153846153846154,0.2535211267605634,0.5,0.5294117647058824,0.5555555555555556,,,,,0.14285714285714285,1.0,1.0,0.4117647058823529,0.7142857142857143,0.7464788732394366,0.5285621428571429,0.52322,0.4930529411764706,0.06756756756756757,0.11363636363636363,0.17894736842105263,0.29473684210526313,3.973170731707317,0.1,0.3333333333333333,,0.27331887201735355,player_totals,wnba,2026,Regular Season,/get-totals/wnba,"{""Season"": ""2026"", ""SeasonType"": ""Regular Season"", ""Type"": ""Player""}",20260602T225839Z,2026-06-02T22:58:42+00:00,bb7ea6e5e718effb0c10d4add59962dc704f112269131ea9b4bd0817081eea3e,3.0,7.0,3.0,10.0,23.0,1.0,1.0,1.0,5.0,13.0,30.0,2.0,2.0,2.0,8.0,36.0,3.0,23.0,10.0,1.0,1.0,,9.0,11.0,3.0,,0.9230769230769231,0.43333333333333335,1.0,0.25,0.43333333333333335,0.4225352112676056,0.03333333333333333,0.14285714285714285,0.4782608695652174,0.09859154929577464,0.42857142857142855,0.5,1.0,0.323943661971831,0.43478260869565216,0.43478260869565216,0.9,0.14285714285714285,1.0,1.0,0.17647058823529413,0.29411764705882354,0.2,0.43478260869565216,,25.35666666666667,0.3333333333333333,,1.0,,,,1.0,,1.0,0.14285714285714285,,,1.0,0.3333333333333333,,,,1.0,1.0,1.0,,,,,"[""single_row_table_data"", ""multi_row_table_data""]",{}
1629581,1611661324,Emese Hof,Emese Hof,1629581,MIN,-1762.8999999999999,3,-29.0,-18.0,41,46,10.0,19.0,3,87,3.0,3.0,,,1.0,1.0,,3.0,,,3.0,6.0,1.0,7.0,53.0,,1.0,,,1.0,2.0,,2.0,6.0,,,2.0,2.0,,2.0,,,,,2.0,4.0,,2.0,1.0,1.0,1.0,3.0,2.0,5.0,,,,,1.0,,1.0,3.0,,,4.0,1.0,,2.0,6.0,1.0,1.0,1.0,1.0,,,2.0,,1.0,,,,,,,7.0,2.0,10.0,,,,5.0,2.0,,,85.3658536585366,115.21739130434783,1.0,1.0,0.5,,0.5,0.5,,0.5,0.5,,0.5,0.3333333333333333,,0.6666666666666666,23.913043478260867,0.25,0.3333333333333333,0.08333333333333333,0.14285714285714285,0.08333333333333333,,0.08333333333333333,0.1111111111111111,,0.5,,,,,0.2,,0.1111111111111111,,,0.5,1.0,1.0,1.0,0.5,,,,,,,,,,,0.5,1.0,0.5,0.5111166666666667,0.3382,0.51385,0.14285714285714285,0.14285714285714285,,0.2857142857142857,4.166666666666667,,,,0.24390243902439024,player_totals,wnba,2026,Regular Season,/get-totals/wnba,"{""Season"": ""2026"", ""SeasonType"": ""Regular Season"", ""Type"": ""Player""}",20260602T225839Z,2026-06-02T22:58:42+00:00,93beeb1745386f565b9a7f840315c1ff90ecdd64e73e862af5a9dc1a930dcf60,,,,,,,,,,,,,,,,,,,,,1.0,,,,,,,,,,,,,,,,,,,,,,,,,,,,,,,,,,,,,,,,,,,,,,,,,,,,,,,,"[""single_row_table_data"", ""multi_row_table_data""]",{}
1642797,1611661324,Anastasiia Olairi Kosu,Anastasiia Olairi Kosu,1642797,MIN,-1802.8,8,-30.0,36.0,136,139,38.0,58.0,23,275,9.0,14.0,2.0,2.0,4.0,5.0,4.0,7.0,,1.0,13.0,22.0,5.0,31.0,135.0,4.0,5.0,3.0,11.0,4.0,6.0,1.0,9.0,18.0,8.0,6.0,3.0,3.0,1.0,4.0,1.0,,1.0,,2.0,9.0,3.0,5.0,4.0,2.0,,6.0,9.0,15.0,1.0,5.0,3.0,2.0,,,,3.0,,,3.0,,1.0,8.0,12.0,,1.0,1.0,3.0,,,6.0,,3.0,,5.0,,,4.0,5.0,20.0,9.0,38.0,1.0,,,4.0,-10.0,,,125.73529411764704,97.12230215827338,0.6923076923076923,0.9,0.5909090909090909,0.8,0.6666666666666666,0.5909090909090909,0.8,0.6666666666666666,0.62,0.7857142857142857,0.6428571428571429,0.13636363636363635,0.21428571428571427,,17.391304347826086,,,0.04878048780487805,0.15625,0.1111111111111111,0.23076923076923078,0.07792207792207792,0.17777777777777778,0.1,0.2727272727272727,0.09090909090909091,0.2727272727272727,,,0.05263157894736842,0.2,0.10714285714285714,0.125,0.16666666666666666,0.6363636363636364,0.6428571428571429,0.8181818181818182,0.7777777777777778,0.3181818181818182,0.5714285714285714,0.5714285714285714,0.5,0.045454545454545456,,,,0.4,1.0,,0.8333333333333334,0.8,0.6363636363636364,0.5138681818181818,0.35575,0.5428000000000001,0.12,0.12,0.3548387096774194,0.2903225806451613,3.9681818181818183,0.2,1.0,1.0,0.27941176470588236,player_totals,wnba,2026,Regular Season,/get-totals/wnba,"{""Season"": ""2026"", ""SeasonType"": ""Regular Season"", ""Type"": ""Player""}",20260602T225839Z,2026-06-02T22:58:42+00:00,2d837158ab5fb66546987b580f2d4ee57619b0f33821c385fc7d0814e97e3d38,,,,,,,,,,,,,,,,,,,,,1.0,,1.0,3.0,1.0,,,,,,,,,,0.6,,,,,,,,,,,,,,,,,,,1.0,,0.3333333333333333,,,,,,,,,,,,,,,,,,,,,"[""single_row_table_data"", ""multi_row_table_data""]",{}
1642287,1611661320,Cameron Brink,Cameron Brink,1642287,LAS,-1808.1000000000001,8,-30.0,-14.0,282,287,139.0,121.0,36,569,15.0,20.0,3.0,3.0,10.0,13.0,6.0,8.0,,1.0,21.0,29.0,17.0,74.0,330.0,4.0,5.0,2.0,10.0,12.0,17.0,10.0,37.0,32.0,10.0,4.0,4.0,7.0,2.0,9.0,2.0,,5.0,1.0,1.0,20.0,5.0,5.0,8.0,10.0,3.0,21.0,11.0,32.0,,6.0,5.0,1.0,8.0,,6.0,19.0,2.0,2.0,27.0,3.0,7.0,10.0,33.0,,3.0,10.0,28.0,3.0,4.0,23.0,3.0,6.0,7.0,12.0,,,7.0,12.0,64.0,37.0,139.0,7.0,7.0,1.0,1.0,8.0,-4.0,2.0,112.0567375886525,114.98257839721254,0.7619047619047619,0.8421052631578947,0.7241379310344828,0.8,0.7058823529411765,0.6477272727272727,0.8,0.54,0.6851851851851852,0.8333333333333334,0.578125,0.13793103448275862,0.15,0.125,25.077399380804955,0.2962962962962963,0.2727272727272727,0.15625,0.08620689655172414,0.12307692307692308,0.10204081632653061,0.13953488372093023,0.09345794392523364,0.08333333333333333,0.1111111111111111,,0.08333333333333333,0.15384615384615385,0.1,0.13333333333333333,0.2857142857142857,0.13725490196078433,0.07142857142857142,,0.45454545454545453,0.75,0.8823529411764706,0.8,0.18181818181818182,0.75,0.8571428571428571,0.6666666666666666,0.022727272727272728,,,,0.6,1.0,0.6666666666666666,0.52,0.7692307692307693,0.7954545454545454,0.5369511363636363,0.573175,0.53433,0.1276595744680851,0.1875,0.13513513513513514,0.5,3.475862068965517,0.6,,,0.4929078014184397,player_totals,wnba,2026,Regular Season,/get-totals/wnba,"{""Season"": ""2026"", ""SeasonType"": ""Regular Season"", ""Type"": ""Player""}",20260602T225839Z,2026-06-02T22:58:42+00:00,45dcdee65eccd38e407324473935918848f44114402ed0fb292fc8b3022813ac,2.0,6.0,3.0,3.0,9.0,,,1.0,5.0,5.0,15.0,,,1.0,8.0,15.0,,9.0,3.0,2.0,2.0,,4.0,7.0,,9.0,1.0,0.3333333333333333,,0.125,0.3333333333333333,0.3409090909090909,0.13333333333333333,,0.5833333333333334,0.13636363636363635,0.3333333333333333,0.3333333333333333,1.0,0.20454545454545456,0.3333333333333333,0.42857142857142855,1.0,,,,0.12,0.2,0.2,0.3333333333333333,,24.30666666666667,0.1111111111111111,1.0,4.0,0.08333333333333333,,,,,,,,0.2222222222222222,,,1.0,,,,,,,,,,"[""single_row_table_data"", ""multi_row_table_data""]",{}
1628915,1611661332,Kia Nurse,Kia Nurse,1628915,TOR,-1988.4,9,-33.0,10.0,210,213,103.0,83.0,24,423,2.0,3.0,,,1.0,1.0,,3.0,2.0,3.0,4.0,9.0,11.0,43.0,235.0,,,2.0,5.0,3.0,4.0,6.0,21.0,8.0,,,2.0,4.0,1.0,5.0,1.0,,2.0,2.0,,11.0,1.0,1.0,7.0,2.0,2.0,11.0,2.0,13.0,,3.0,2.0,1.0,,,,3.0,1.0,,3.0,,2.0,1.0,10.0,,2.0,2.0,9.0,1.0,,12.0,,3.0,2.0,,,,,,38.0,21.0,103.0,2.0,2.0,,,1.0,,,116.66666666666666,110.32863849765259,1.0,1.0,0.4444444444444444,,0.75,0.45714285714285713,0.3,0.46875,0.525,0.4166666666666667,0.5526315789473685,0.2222222222222222,,0.6666666666666666,18.067226890756302,,0.25,0.03389830508474576,0.022727272727272728,0.1320754716981132,0.01694915254237288,0.08035714285714286,0.019417475728155338,,,0.1111111111111111,0.02127659574468085,,,0.1,,0.14634146341463414,0.08333333333333333,,0.08571428571428572,0.6666666666666666,0.6666666666666666,1.0,0.08571428571428572,,,,0.08571428571428572,0.6666666666666666,0.6666666666666666,1.0,,,,0.0625,1.0,0.8285714285714286,0.5101142857142857,0.61175,0.50224375,0.07894736842105263,0.25,0.11627906976744186,0.4883720930232558,9.411111111111111,1.0,,1.0,0.49047619047619045,player_totals,wnba,2026,Regular Season,/get-totals/wnba,"{""Season"": ""2026"", ""SeasonType"": ""Regular Season"", ""Type"": ""Player""}",20260602T225839Z,2026-06-02T22:58:42+00:00,b1a5b69a4d97552955e60fcb0cb50c7cc393070fa1962dd6cb106b3ace55bad6,1.0,4.0,1.0,7.0,22.0,1.0,5.0,3.0,11.0,8.0,26.0,1.0,5.0,3.0,12.0,21.0,3.0,22.0,7.0,,,,,,,,0.875,0.3076923076923077,0.2,0.25,0.3076923076923077,0.7428571428571429,,,,0.11428571428571428,0.25,0.25,1.0,0.6285714285714286,0.3181818181818182,0.3181818181818182,0.8571428571428571,1.0,0.2,1.0,0.0625,0.6875,0.2727272727272727,0.3181818181818182,,24.873076923076926,0.1111111111111111,,,,,1.0,,,,,,,,,,,,,,,,,,,"[""single_row_table_data"", ""multi_row_table_data""]",{}
1643469,1611661330,Indya Nivar,Indya Nivar,1643469,ATL,-1997.1,6,-33.0,6.0,53,58,33.0,19.0,13,111,2.0,6.0,,,2.0,3.0,1.0,2.0,,,3.0,8.0,,9.0,48.0,,1.0,,,3.0,4.0,,9.0,2.0,4.0,,,5.0,,5.0,,,3.0,2.0,,10.0,1.0,2.0,6.0,4.0,,10.0,3.0,13.0,,3.0,2.0,1.0,1.0,,1.0,,,,1.0,1.0,1.0,1.0,3.0,,,,5.0,,2.0,6.0,,1.0,2.0,2.0,,,1.0,2.0,9.0,9.0,33.0,,2.0,,,,,,101.88679245283018,82.75862068965517,0.3333333333333333,0.3333333333333333,0.375,,0.75,0.45,,0.75,0.34615384615384615,,0.5625,,,,19.444444444444446,1.0,,0.4444444444444444,0.1,0.375,0.06666666666666667,0.4,0.08571428571428572,0.07692307692307693,,0.25,0.07692307692307693,,0.3333333333333333,0.4,1.0,0.38461538461538464,0.3333333333333333,,0.6,0.3333333333333333,0.3333333333333333,,0.2,0.5,0.5,1.0,,,,,,,,0.5,0.6666666666666666,0.8,0.56557,,0.5733166666666667,0.09090909090909091,0.1111111111111111,,1.0,2.6875,0.25,1.0,,0.6226415094339622,player_totals,wnba,2026,Regular Season,/get-totals/wnba,"{""Season"": ""2026"", ""SeasonType"": ""Regular Season"", ""Type"": ""Player""}",20260602T225839Z,2026-06-02T22:58:42+00:00,7e3fd87f87ce7fce02093d367b00440092d7fd999cec61ad9ffe360ab5dd73ca,,,,1.0,2.0,,,1.0,2.0,1.0,2.0,,,1.0,2.0,3.0,,2.0,1.0,,,,1.0,1.0,,,1.0,0.5,,0.5,0.5,0.2,,,0.5,,,,,0.2,0.5,0.5,1.0,,,,,0.3333333333333333,0.5,0.5,,24.15,,,,,,,,,,,,,,,,,,,,,,,,,"[""single_row_table_data"", ""multi_row_table_data""]",{}
1627671,1611661329,Rachel Banham,Rachel Banham,1627671,CHI,-2214.9,8,-37.0,-15.0,280,277,95.0,98.0,30,557,,,,,,,1.0,5.0,4.0,7.0,5.0,12.0,5.0,45.0,285.0,1.0,2.0,,5.0,3.0,4.0,4.0,16.0,8.0,2.0,,,5.0,3.0,8.0,1.0,2.0,3.0,2.0,,19.0,,1.0,6.0,2.0,,8.0,1.0,9.0,1.0,2.0,1.0,1.0,6.0,,4.0,2.0,1.0,2.0,8.0,,2.0,4.0,12.0,,,1.0,4.0,,,6.0,1.0,2.0,1.0,2.0,,,2.0,2.0,40.0,16.0,95.0,2.0,1.0,2.0,-4.0,-5.0,,,96.42857142857143,102.88808664259928,0.8,0.8,0.4166666666666667,0.5,0.75,0.43478260869565216,0.5,0.35294117647058826,0.46875,0.5,0.42105263157894735,,,,17.8343949044586,0.75,,0.023255813953488372,0.014285714285714285,0.11764705882352941,,0.058394160583941604,0.007194244604316547,,0.03125,,,,,0.05405405405405406,,0.11904761904761904,0.1111111111111111,0.03333333333333333,,,,,0.10869565217391304,0.2,0.2,1.0,0.15217391304347827,0.5714285714285714,0.5714285714285714,0.75,,,,,,0.7391304347826086,0.48663804347826084,0.46,0.46160882352941174,0.06382978723404255,0.15384615384615385,0.1111111111111111,0.35555555555555557,15.65,,0.25,,0.3392857142857143,player_totals,wnba,2026,Regular Season,/get-totals/wnba,"{""Season"": ""2026"", ""SeasonType"": ""Regular Season"", ""Type"": ""Player""}",20260602T225839Z,2026-06-02T22:58:42+00:00,2922cc41db29e8b8ed06a4e34b248811f2ade9d6dc620b519404c950c4e39eae,2.0,8.0,2.0,8.0,26.0,1.0,3.0,2.0,11.0,10.0,34.0,1.0,3.0,2.0,13.0,24.0,6.0,26.0,8.0,,,1.0,,1.0,2.0,,0.8,0.29411764705882354,0.3333333333333333,0.15384615384615385,0.29411764705882354,0.7391304347826086,,,0.5,0.17391304347826086,0.25,0.25,1.0,0.5652173913043478,0.3076923076923077,0.3076923076923077,0.75,0.6,0.3333333333333333,1.0,0.11764705882352941,0.6470588235294118,0.18181818181818182,0.3076923076923077,0.029411764705882353,24.88823529411765,0.125,,,,,,,,,,,,,,,,,,,,1.0,,,,"[""single_row_table_data"", ""multi_row_table_data""]",{}
1643489,1611661324,Antonia Delaere,Antonia Delaere,1643489,MIN,-2359.7999999999997,9,-39.0,29.0,239,251,50.0,98.0,37,490,3.0,5.0,,,,1.0,,1.0,1.0,3.0,4.0,9.0,3.0,29.0,251.0,1.0,2.0,,5.0,,1.0,,6.0,6.0,2.0,,1.0,8.0,7.0,15.0,5.0,2.0,1.0,6.0,1.0,37.0,1.0,,2.0,2.0,,4.0,1.0,5.0,,2.0,2.0,,1.0,2.0,,2.0,,1.0,3.0,1.0,,4.0,10.0,,,,2.0,,,3.0,1.0,2.0,,,,,,,24.0,6.0,50.0,2.0,,,3.0,,,,117.15481171548116,100.00000000000001,0.75,0.75,0.4444444444444444,0.5,,0.65,0.625,0.75,0.6904761904761905,0.625,0.75,0.1111111111111111,0.2,,8.51063829787234,0.3333333333333333,,0.029411764705882353,,0.03333333333333333,0.03225806451612903,0.03125,0.01,,,,0.043478260869565216,,,0.03225806451612903,0.09090909090909091,0.0425531914893617,,,0.25,0.6,0.75,1.0,0.05,,,,0.15,0.3333333333333333,0.3333333333333333,,,,,0.25,,0.8,0.54942,0.4850125,0.539425,0.09523809523809523,0.2,0.1724137931034483,0.20689655172413793,7.277777777777778,,,,0.20920502092050208,player_totals,wnba,2026,Regular Season,/get-totals/wnba,"{""Season"": ""2026"", ""SeasonType"": ""Regular Season"", ""Type"": ""Player""}",20260602T225839Z,2026-06-02T22:58:42+00:00,23ff986f7aaf51c6b034eb6445fa703d586d54534e851be970a4ab4a5b858aa5,2.0,5.0,2.0,4.0,6.0,1.0,2.0,1.0,1.0,6.0,11.0,1.0,2.0,2.0,3.0,15.0,3.0,6.0,4.0,,,,,,,,0.8333333333333334,0.5454545454545454,0.5,0.6666666666666666,0.5454545454545454,0.55,,,,0.25,0.4,0.4,1.0,0.3,0.6666666666666666,0.6666666666666666,0.75,0.5,0.5,1.0,0.5,0.25,1.0,0.6666666666666666,,23.745454545454546,0.8,,,,,,,,,,1.0,,1.0,0.5,,,,,,,,,,,"[""single_row_table_data"", ""multi_row_table_data""]",{}
1641652,1611661321,Maddy Siegrist,Maddy Siegrist,1641652,DAL,-2368.5,9,-39.0,49.0,259,262,43.0,72.0,35,521,8.0,17.0,3.0,6.0,,2.0,6.0,17.0,3.0,5.0,17.0,39.0,5.0,60.0,253.0,5.0,9.0,3.0,13.0,1.0,5.0,2.0,4.0,30.0,4.0,2.0,4.0,6.0,2.0,8.0,2.0,,3.0,2.0,1.0,18.0,1.0,9.0,5.0,12.0,3.0,20.0,10.0,30.0,4.0,3.0,2.0,1.0,,,,1.0,,,1.0,,,5.0,13.0,,2.0,,3.0,1.0,,5.0,1.0,2.0,1.0,3.0,,,,3.0,47.0,4.0,43.0,2.0,1.0,1.0,-3.0,1.0,,,116.6023166023166,96.56488549618321,0.8823529411764706,0.9375,0.4358974358974359,0.5555555555555556,0.2,0.4824561403508772,0.5555555555555556,0.2,0.5084745762711864,0.65,0.3333333333333333,0.10256410256410256,0.17647058823529413,0.058823529411764705,19.867549668874172,,0.375,0.17647058823529413,0.11392405063291139,0.11627906976744186,0.01818181818181818,0.15315315315315314,0.07462686567164178,,0.20930232558139536,,0.02127659574468085,,0.17391304347826086,0.14705882352941177,0.2727272727272727,0.13157894736842105,,0.15384615384615385,0.2982456140350877,0.47058823529411764,0.5714285714285714,0.875,0.2982456140350877,0.35294117647058826,0.375,1.0,0.08771929824561403,0.6,0.6,0.6666666666666666,0.6666666666666666,0.5,0.6666666666666666,0.4,,0.6140350877192983,0.4981684210526316,0.5442125,0.46487999999999996,0.034482758620689655,0.05,0.21666666666666667,0.06666666666666667,7.130769230769231,0.5555555555555556,0.5,,0.16602316602316602,player_totals,wnba,2026,Regular Season,/get-totals/wnba,"{""Season"": ""2026"", ""SeasonType"": ""Regular Season"", ""Type"": ""Player""}",20260602T225839Z,2026-06-02T22:58:42+00:00,9bf0f6cf5b6a908a97a53794e8a09f109ad4a1e43b4835f968cbe4d4c61209e0,,3.0,,7.0,15.0,,,,,7.0,18.0,,,,,21.0,,15.0,7.0,1.0,1.0,,3.0,2.0,,,1.0,0.3888888888888889,,,0.3888888888888889,0.3157894736842105,0.05555555555555555,0.3333333333333333,0.6666666666666666,0.05263157894736842,,,,0.2631578947368421,0.4666666666666667,0.4666666666666667,1.0,,,,,,,0.4666666666666667,,24.855555555555554,0.1,,,,,,,,,,,,,,,,,,,,,,,,"[""single_row_table_data"", ""multi_row_table_data""]",{}
1630471,1611661324,Maya Caldwell,Maya Caldwell,1630471,MIN,-2563.6,9,-43.0,41.0,257,262,64.0,84.0,33,519,2.0,7.0,1.0,1.0,,1.0,,4.0,4.0,6.0,6.0,17.0,5.0,41.0,241.0,3.0,3.0,2.0,14.0,,2.0,2.0,11.0,6.0,6.0,2.0,2.0,10.0,1.0,11.0,,1.0,7.0,1.0,2.0,23.0,3.0,1.0,8.0,6.0,,14.0,4.0,18.0,,5.0,2.0,3.0,3.0,1.0,2.0,2.0,,1.0,5.0,,2.0,3.0,12.0,,,,9.0,2.0,3.0,5.0,1.0,2.0,1.0,4.0,,,3.0,4.0,27.0,11.0,64.0,1.0,1.0,,1.0,,,,109.72762645914398,91.98473282442748,0.5,0.6,0.35294117647058826,1.0,,0.47368421052631576,1.2,0.5,0.5125,1.1666666666666667,0.55,0.11764705882352941,0.14285714285714285,0.25,15.202702702702704,0.6,,0.08108108108108109,0.014705882352941176,0.11940298507462686,0.08823529411764706,0.09929078014184398,0.0392156862745098,,,0.038461538461538464,0.08695652173913043,0.09090909090909091,0.03225806451612903,0.09375,0.18181818181818182,0.07692307692307693,0.26666666666666666,,0.18421052631578946,0.2857142857142857,0.3333333333333333,,0.10526315789473684,,,,0.15789473684210525,0.6666666666666666,0.6666666666666666,0.75,0.2,1.0,,0.1111111111111111,,0.7368421052631579,0.4939513157894737,0.47615,0.5062833333333333,0.05128205128205128,0.1111111111111111,0.34146341463414637,0.2682926829268293,9.129411764705882,,0.75,,0.2490272373540856,player_totals,wnba,2026,Regular Season,/get-totals/wnba,"{""Season"": ""2026"", ""SeasonType"": ""Regular Season"", ""Type"": ""Player""}",20260602T225839Z,2026-06-02T22:58:42+00:00,41026d78afbb4cee2c3cc2681774f59247aa5108d9316951f814934f2f6ec7bd,4.0,8.0,3.0,4.0,13.0,2.0,2.0,2.0,4.0,8.0,21.0,2.0,2.0,3.0,7.0,18.0,6.0,13.0,4.0,,1.0,,1.0,3.0,,,0.75,0.38095238095238093,1.0,0.42857142857142855,0.38095238095238093,0.5526315789473685,,,0.75,0.21052631578947367,0.5,0.5,1.0,0.34210526315789475,0.3076923076923077,0.3076923076923077,0.5,0.4,1.0,0.5,0.3333333333333333,0.4444444444444444,0.5,0.3076923076923077,,24.20952380952381,0.16666666666666666,,,,,,,,,,,,1.0,0.3333333333333333,,,,,,,,,,,"[""single_row_table_data"", ""multi_row_table_data""]",{}
1642321,1611661329,Sydney Taylor,Sydney Taylor,1642321,CHI,-2796.0,6,-47.0,2.0,179,181,90.0,84.0,23,360,9.0,12.0,2.0,2.0,5.0,7.0,1.0,5.0,,2.0,10.0,19.0,14.0,55.0,176.0,2.0,3.0,,4.0,6.0,10.0,9.0,30.0,18.0,2.0,,3.0,7.0,2.0,9.0,1.0,1.0,4.0,2.0,1.0,20.0,1.0,2.0,2.0,2.0,,4.0,3.0,7.0,1.0,2.0,1.0,1.0,1.0,,1.0,2.0,,,3.0,,1.0,3.0,11.0,,1.0,1.0,16.0,,5.0,16.0,2.0,5.0,1.0,1.0,,,,1.0,51.0,30.0,90.0,2.0,1.0,,,,4.0,,99.44134078212291,97.23756906077348,0.9,0.9,0.5263157894736842,0.6666666666666666,0.6,0.3942307692307692,0.4,0.375,0.47413793103448276,0.4,0.46875,0.15789473684210525,0.08333333333333333,0.4,29.75609756097561,0.3333333333333333,,0.038461538461538464,0.05,0.08,0.017857142857142856,0.05194805194805195,0.03125,0.043478260869565216,0.07142857142857142,,,0.08333333333333333,0.1,,,0.1,,0.03333333333333333,0.23076923076923078,0.75,0.8181818181818182,0.8888888888888888,0.09615384615384616,0.2,0.3333333333333333,1.0,0.038461538461538464,,,,0.4,1.0,1.0,0.25,0.7142857142857143,0.8653846153846154,0.5350098039215686,0.650625,0.5205092592592593,0.09090909090909091,0.22727272727272727,0.07272727272727272,0.5454545454545454,4.505263157894737,0.6666666666666666,0.5,0.5,0.5027932960893855,player_totals,wnba,2026,Regular Season,/get-totals/wnba,"{""Season"": ""2026"", ""SeasonType"": ""Regular Season"", ""Type"": ""Player""}",20260602T225839Z,2026-06-02T22:58:42+00:00,d858d3d7e54cd45476c6c5970a9df5658b917dcb290db762d791ca7f8d147647,,5.0,3.0,7.0,28.0,,1.0,3.0,15.0,7.0,33.0,,2.0,3.0,18.0,15.0,6.0,28.0,7.0,2.0,1.0,2.0,1.0,1.0,,,0.7142857142857143,0.21212121212121213,,0.16666666666666666,0.21212121212121213,0.6346153846153846,0.06060606060606061,0.2,1.0,0.09615384615384616,,,,0.5384615384615384,0.25,0.25925925925925924,0.7142857142857143,0.2,,,0.10714285714285714,0.5357142857142857,0.2,0.25,,25.475757575757576,0.15384615384615385,,,,2.0,,,,1.0,0.2,,0.03571428571428571,,,,,,,,,,,,,"[""single_row_table_data"", ""multi_row_table_data""]",{}
1631118,1611661317,Lexi Held,Lexi Held,1631118,PHX,-3328.6000000000004,9,-55.0,-4.0,148,150,74.0,68.0,19,298,1.0,3.0,,,1.0,2.0,,4.0,,,1.0,7.0,3.0,14.0,156.0,,,,,1.0,4.0,1.0,6.0,,2.0,,2.0,5.0,2.0,7.0,1.0,1.0,5.0,,,16.0,1.0,2.0,2.0,1.0,,3.0,3.0,6.0,,1.0,1.0,,3.0,,3.0,1.0,1.0,,4.0,1.0,2.0,4.0,8.0,,1.0,,4.0,,2.0,3.0,1.0,2.0,,,,,,,14.0,6.0,74.0,2.0,,,,,,,102.70270270270271,104.0,,,0.14285714285714285,,0.25,0.4230769230769231,,0.4166666666666667,0.5,,0.5,0.2857142857142857,,0.5,10.526315789473685,0.75,,0.023809523809523808,0.05405405405405406,0.0625,0.025,0.04054054054054054,0.03896103896103896,,0.05263157894736842,0.125,,0.1111111111111111,0.05555555555555555,,,,0.2222222222222222,,0.23076923076923078,0.3333333333333333,0.3333333333333333,,0.3076923076923077,,,,,,,,,,,0.3333333333333333,0.5,0.6923076923076923,0.5306423076923077,,0.5395583333333334,0.14285714285714285,0.25,,0.42857142857142855,6.442857142857143,,,,0.5,player_totals,wnba,2026,Regular Season,/get-totals/wnba,"{""Season"": ""2026"", ""SeasonType"": ""Regular Season"", ""Type"": ""Player""}",20260602T225839Z,2026-06-02T22:58:42+00:00,6d10a3b1e9fcca9cafbcb0a525df49944c6d5524fe8eefecfe3c3b0f216fa365,1.0,4.0,2.0,2.0,2.0,,,,,3.0,6.0,,,1.0,2.0,9.0,,2.0,2.0,,,,,,,,1.0,0.5,,0.5,0.5,0.46153846153846156,,,,0.3076923076923077,0.25,0.25,1.0,0.15384615384615385,1.0,1.0,1.0,,,,0.3333333333333333,,,1.0,,23.48333333333333,,,,,,,,,,,,,1.0,0.5,,,,,,,,,,,"[""single_row_table_data"", ""multi_row_table_data""]",{}
1643462,1611661320,Chance Gray,Chance Gray,1643462,LAS,-4642.6,7,-77.0,-31.0,147,150,76.0,74.0,22,297,3.0,5.0,,1.0,3.0,3.0,,,,,3.0,5.0,,18.0,173.0,,1.0,,,3.0,3.0,,18.0,6.0,,,2.0,1.0,2.0,3.0,1.0,1.0,1.0,,,8.0,2.0,1.0,2.0,4.0,,6.0,3.0,9.0,1.0,,,,2.0,,2.0,1.0,,,3.0,,1.0,6.0,10.0,,,,,,,,,,,,,,,,18.0,18.0,74.0,,,,3.0,4.0,,,96.59863945578232,115.33333333333333,1.0,1.0,0.6,,1.0,0.5,,0.8181818181818182,0.5,,0.8181818181818182,0.4,0.4,,12.209302325581396,0.6666666666666666,,0.125,0.02702702702702703,0.0625,0.06666666666666667,0.09375,0.04477611940298507,,0.06666666666666667,,0.09523809523809523,,,0.058823529411764705,0.5,0.06896551724137931,,0.1111111111111111,0.2777777777777778,0.6,1.0,1.0,,,,,,,,,0.5,,,0.2727272727272727,1.0,1.0,0.5543916666666667,0.521725,0.5656954545454546,,,,1.0,2.12,0.5,,,0.5170068027210885,player_totals,wnba,2026,Regular Season,/get-totals/wnba,"{""Season"": ""2026"", ""SeasonType"": ""Regular Season"", ""Type"": ""Player""}",20260602T225839Z,2026-06-02T22:58:42+00:00,0736a96a7d802c4df94ae921a895d4547fb02571331101f7d8abe7eac2940226,1.0,4.0,2.0,3.0,9.0,,1.0,3.0,6.0,4.0,13.0,,1.0,4.0,8.0,12.0,,9.0,3.0,,1.0,,,,,,1.0,0.3076923076923077,,0.5,0.3076923076923077,0.7222222222222222,,,,0.2222222222222222,0.25,0.25,1.0,0.5,0.3333333333333333,0.3333333333333333,1.0,0.5,,,0.18181818181818182,0.5454545454545454,0.5,0.3333333333333333,,24.923076923076923,0.5555555555555556,,,,,,,,,,,,1.0,0.5,,,,,,,,,,,"[""single_row_table_data"", ""multi_row_table_data""]",{}
1631019,1611661319,NaLyssa Smith,NaLyssa Smith,1631019,LVA,9828.099999999999,9,164.0,-2.0,385,391,46.0,35.0,57,776,26.0,30.0,11.0,11.0,3.0,4.0,13.0,22.0,1.0,3.0,40.0,55.0,16.0,99.0,419,12.0,13.0,5.0,32.0,4.0,5.0,5.0,13.0,48.0,32.0,18.0,7.0,7.0,1.0,8.0,1.0,,1.0,4.0,2.0,17.0,8.0,15.0,8.0,30.0,,38.0,23.0,61.0,,4.0,3.0,1.0,2.0,1.0,,8.0,1.0,2.0,10.0,2.0,,18.0,30.0,1.0,,4.0,34.0,7.0,3.0,34.0,5.0,14.0,6.0,7.0,1.0,1.0,4.0,8.0,67.0,13.0,46.0,1.0,4.0,,16.0,23.0,9.0,6.0,108.31168831168831,107.16112531969308,0.6,0.7741935483870968,0.7272727272727273,0.9230769230769231,0.8,0.7155172413793104,0.9642857142857143,0.8,0.678082191780822,0.8,0.7222222222222222,0.12727272727272726,0.06666666666666667,0.22727272727272727,18.181818181818183,0.2,,0.2564102564102564,0.1282051282051282,0.10810810810810811,0.12307692307692308,0.19895287958115182,0.12637362637362637,0.15,0.11428571428571428,0.14814814814814814,0.14814814814814814,,0.23529411764705882,0.3392857142857143,0.1111111111111111,0.09523809523809523,0.18181818181818182,,0.5172413793103449,0.8666666666666667,0.9285714285714286,0.5384615384615384,0.3793103448275862,0.5909090909090909,0.7647058823529411,0.6923076923076923,0.05172413793103448,0.3333333333333333,0.3333333333333333,1.0,0.7857142857142857,1.0,0.09090909090909091,0.8,0.75,0.5689655172413793,0.5087094827586207,0.5907909090909091,0.48658,0.208955223880597,0.21875,0.32323232323232326,0.13131313131313133,4.647272727272727,0.25,0.1111111111111111,,0.11948051948051948,player_totals,wnba,2026,Regular Season,/get-totals/wnba,"{""Season"": ""2026"", ""SeasonType"": ""Regular Season"", ""Type"": ""Player""}",20260603T185758Z,2026-06-03T18:58:01+00:00,36ad719f07a409bb766103d53919c6508beefa40d07dc6d8996c531358fb7a74,1.0,3.0,1.0,1.0,1.0,3.0,1.0,1.0,3.0,3.0,1.0,3.0,4.0,1.0,1.0,0.3333333333333333,1.0,0.3333333333333333,0.05172413793103448,0.5,0.05172413793103448,0.3333333333333333,0.3333333333333333,1.0,0.07142857142857142,1.0,1.0,0.3333333333333333,25.5,,,,,,,,,,,,,,,,,,,,,,,,,,,,,,,,,,,,,,,,,,,,,,,,"[""single_row_table_data"", ""multi_row_table_data""]",{}
1630996,1611661320,Rae Burrell,Rae Burrell,1630996,LAS,9547.1,9,159.0,-42.0,498,505,150.0,131.0,61,1003,16.0,24.0,1.0,1.0,8.0,12.0,6.0,17.0,1.0,1.0,23.0,42.0,15.0,94.0,582,2.0,4.0,,4.0,10.0,15.0,9.0,41.0,28.0,18.0,,7.0,6.0,7.0,13.0,4.0,3.0,6.0,,,33.0,3.0,4.0,10.0,4.0,2.0,16.0,7.0,23.0,2.0,4.0,3.0,1.0,10.0,4.0,6.0,8.0,1.0,4.0,18.0,1.0,4.0,8.0,21.0,,1.0,1.0,22.0,1.0,5.0,19.0,3.0,7.0,4.0,1.0,,,,1.0,90.0,41.0,148.0,5.0,4.0,3.0,6.0,15.0,4.0,4.0,108.43373493975902,115.24752475247526,0.6086956521739131,0.6086956521739131,0.5476190476190477,0.5,0.6666666666666666,0.5266666666666666,0.3333333333333333,0.5714285714285714,0.5662650602409639,0.3333333333333333,0.6212121212121212,0.16666666666666666,0.16666666666666666,0.17647058823529413,17.81305114638448,0.5555555555555556,0.13333333333333333,0.035398230088495575,0.03571428571428571,0.10309278350515463,0.030927835051546393,0.06666666666666667,0.03349282296650718,0.05128205128205128,0.03333333333333333,,0.02666666666666667,0.045454545454545456,0.05128205128205128,0.038461538461538464,,0.11538461538461539,0.05263157894736842,0.058823529411764705,0.32,0.6666666666666666,0.8,0.5,0.22666666666666666,0.35294117647058826,0.42857142857142855,0.8333333333333334,0.013333333333333334,1.0,1.0,1.0,0.16666666666666666,1.0,,0.42857142857142855,0.6666666666666666,0.76,0.5293666666666667,0.3394333333333333,0.5387178571428571,0.08860759493670886,0.15217391304347827,0.0425531914893617,0.43617021276595747,3.8095238095238093,0.375,0.5454545454545454,,0.30120481927710846,player_totals,wnba,2026,Regular Season,/get-totals/wnba,"{""Season"": ""2026"", ""SeasonType"": ""Regular Season"", ""Type"": ""Player""}",20260603T185758Z,2026-06-03T18:58:01+00:00,5dd19cf9abcc00d35ae0411e3aa9ff8f3e0f3002ce60513e37a3093ceeede236,7.0,21.0,,1.0,11.0,33.0,,2.0,33.0,21.0,7.0,1.0,,2.0,1.0,0.3333333333333333,,0.3333333333333333,0.44,,0.28,0.3333333333333333,0.3333333333333333,1.0,0.16666666666666666,,,0.3333333333333333,24.36060606060606,4.0,12.0,3.0,3.0,10.0,4.0,13.0,,,1.0,,4.0,0.3076923076923077,,,0.16,0.3333333333333333,0.3333333333333333,1.0,0.10714285714285714,0.35714285714285715,0.3,,0.22727272727272727,1.0,1.0,0.16666666666666666,0.3333333333333333,,,,,,,,,,,,,,,,,,,,"[""single_row_table_data"", ""multi_row_table_data""]",{}
1628932,1611661319,A'ja Wilson,A'ja Wilson,1628932,LVA,8850.6,9,148.0,39.0,567,571,117.0,125.0,73,1138,33.0,43.0,6.0,7.0,8.0,11.0,33.0,76.0,7.0,23.0,73.0,142.0,47.0,223.0,593,11.0,18.0,10.0,35.0,13.0,21.0,20.0,55.0,110.0,36.0,8.0,5.0,14.0,10.0,24.0,9.0,1.0,5.0,7.0,2.0,58.0,6.0,10.0,26.0,32.0,6.0,64.0,16.0,80.0,6.0,11.0,10.0,1.0,16.0,1.0,7.0,9.0,,9.0,25.0,1.0,6.0,7.0,16.0,1.0,,6.0,66.0,1.0,,58.0,10.0,28.0,6.0,22.0,1.0,1.0,15.0,23.0,188.0,55.0,117.0,,5.0,,5.0,10.0,1.0,1.0,111.46384479717813,103.85288966725044,0.7534246575342466,0.7971014492753623,0.5140845070422535,0.6111111111111112,0.6190476190476191,0.55,0.625,0.7291666666666666,0.6059782608695652,0.7,0.8088235294117647,0.035211267605633804,,0.05263157894736842,32.15384615384615,0.64,0.4,0.17679558011049723,0.06060606060606061,0.23423423423423423,0.06382978723404255,0.19863013698630136,0.06177606177606178,0.05405405405405406,0.05555555555555555,0.07894736842105263,0.07792207792207792,,0.1774193548387097,0.13924050632911392,0.25,0.23958333333333334,0.2,0.08333333333333333,0.26875,0.7674418604651163,0.7674418604651163,0.7575757575757576,0.475,0.4342105263157895,0.4583333333333333,0.7575757575757576,0.14375,0.30434782608695654,0.3181818181818182,0.7142857142857143,0.35,0.8571428571428571,0.5,0.4583333333333333,0.7272727272727273,0.38125,0.46245875,0.4711233333333333,0.4943583333333333,0.15730337078651685,0.175,0.15695067264573992,0.24663677130044842,8.107042253521128,0.5,0.46511627906976744,0.1875,0.20634920634920634,player_totals,wnba,2026,Regular Season,/get-totals/wnba,"{""Season"": ""2026"", ""SeasonType"": ""Regular Season"", ""Type"": ""Player""}",20260603T185758Z,2026-06-03T18:58:01+00:00,cf1bf5375c63a215394c07a650cfb49680c85a47378c10b39b0b5d861b4aa8aa,10.0,18.0,1.0,2.0,10.0,18.0,1.0,2.0,27.0,18.0,10.0,7.0,11.0,,0.9,0.5555555555555556,0.5,0.5555555555555556,0.1125,0.4782608695652174,0.1125,0.5555555555555556,0.5555555555555556,0.9,0.1,0.5,1.0,0.5555555555555556,24.644444444444446,,,,3.0,3.0,3.0,3.0,3.0,,,,3.0,1.0,,,,,,,,0.125,1.0,,0.25,,,,,,,,1.0,,,0.043478260869565216,,,,,,,,,,,,,"[""single_row_table_data"", ""multi_row_table_data""]",{}
1641649,1611661323,Diamond Miller,Diamond Miller,1641649,CON,8675.8,11,145.0,-99.0,438,447,86.0,114.0,58,885,14.0,25.0,1.0,2.0,2.0,4.0,4.0,20.0,1.0,7.0,19.0,52.0,29.0,91.0,513,1.0,6.0,2.0,4.0,2.0,9.0,5.0,9.0,24.0,14.0,,10.0,6.0,4.0,10.0,4.0,,3.0,2.0,1.0,24.0,2.0,3.0,8.0,9.0,1.0,18.0,5.0,23.0,1.0,10.0,6.0,4.0,10.0,2.0,6.0,4.0,,4.0,14.0,,4.0,14.0,35.0,,4.0,,28.0,1.0,3.0,34.0,3.0,17.0,1.0,1.0,,,1.0,1.0,87.0,9.0,86.0,6.0,1.0,,15.0,21.0,5.0,,94.52054794520548,114.76510067114094,0.631578947368421,0.631578947368421,0.36538461538461536,0.16666666666666666,0.2222222222222222,0.36470588235294116,0.1,0.16666666666666666,0.45,0.18181818181818182,0.26666666666666666,0.19230769230769232,0.16,0.25,22.35294117647059,0.7142857142857143,0.07142857142857142,0.09473684210526316,0.02158273381294964,0.09876543209876543,0.024096385542168676,0.09659090909090909,0.02252252252252252,0.021739130434782608,0.015384615384615385,0.03571428571428571,0.0273972602739726,,0.08333333333333333,0.10869565217391304,0.07692307692307693,0.03333333333333333,0.2857142857142857,0.02127659574468085,0.29411764705882354,0.56,0.6666666666666666,0.7142857142857143,0.23529411764705882,0.2,0.26666666666666666,0.25,0.08235294117647059,0.14285714285714285,0.16666666666666666,1.0,0.2,0.5,,0.3333333333333333,0.5,0.6823529411764706,0.5236705882352941,0.48138333333333333,0.49859583333333335,0.1717171717171717,0.25757575757575757,0.04395604395604396,0.0989010989010989,6.15,0.45454545454545453,0.5625,,0.1963470319634703,player_totals,wnba,2026,Regular Season,/get-totals/wnba,"{""Season"": ""2026"", ""SeasonType"": ""Regular Season"", ""Type"": ""Player""}",20260603T185758Z,2026-06-03T18:58:01+00:00,484456e4507b57185cac6fd86ce575e9f83280293365226f1781d741297345ad,7.0,26.0,,4.0,8.0,33.0,,4.0,18.0,26.0,7.0,,,,0.75,0.24242424242424243,,0.24242424242424243,0.38823529411764707,,0.3058823529411765,0.2692307692307692,0.28,0.7142857142857143,0.4,,,0.2692307692307692,24.62121212121212,1.0,7.0,1.0,,2.0,,3.0,6.0,1.0,,,1.0,,0.030303030303030304,,0.08235294117647059,0.14285714285714285,0.14285714285714285,1.0,0.08333333333333333,0.16666666666666666,,,0.24,,,,,,1.0,,1.0,1.0,,0.14285714285714285,,0.038461538461538464,,,,,,,,,,,"[""single_row_table_data"", ""multi_row_table_data""]",{}
203014,1611661320,Nneka Ogwumike,Nneka Ogwumike,203014,LAS,8655.5,8,144.0,-26.0,509,514,166.0,142.0,60,1023,20.0,30.0,7.0,9.0,8.0,13.0,12.0,29.0,1.0,6.0,33.0,65.0,23.0,122.0,580,9.0,15.0,1.0,19.0,12.0,22.0,8.0,38.0,42.0,24.0,12.0,7.0,12.0,4.0,16.0,2.0,2.0,10.0,2.0,,36.0,5.0,7.0,16.0,27.0,3.0,46.0,13.0,59.0,2.0,9.0,7.0,2.0,8.0,3.0,6.0,5.0,1.0,2.0,13.0,1.0,4.0,7.0,16.0,,1.0,1.0,30.0,4.0,1.0,30.0,2.0,13.0,3.0,3.0,,,2.0,3.0,103.0,38.0,164.0,2.0,3.0,,,,6.0,,108.84086444007859,112.84046692607005,0.6363636363636364,0.7777777777777778,0.5076923076923077,0.6,0.5454545454545454,0.5689655172413793,0.6,0.5555555555555556,0.6039603960396039,0.6333333333333333,0.5588235294117647,0.1076923076923077,0.13333333333333333,0.10344827586206896,19.75736568457539,0.6153846153846154,0.2727272727272727,0.24324324324324326,0.058823529411764705,0.15841584158415842,0.050505050505050504,0.2028301886792453,0.05504587155963303,0.058823529411764705,0.05454545454545454,0.07692307692307693,0.05263157894736842,0.043478260869565216,0.1951219512195122,0.2549019607843137,0.3157894736842105,0.13095238095238096,0.29411764705882354,0.05714285714285714,0.3448275862068966,0.6666666666666666,0.7692307692307693,0.75,0.3333333333333333,0.41379310344827586,0.46153846153846156,0.4166666666666667,0.06896551724137931,0.16666666666666666,0.16666666666666666,1.0,0.6,0.7777777777777778,0.42857142857142855,0.48148148148148145,0.6153846153846154,0.5977011494252874,0.49714942528735634,0.516925,0.5058074074074074,0.1326530612244898,0.17105263157894737,0.1557377049180328,0.3114754098360656,5.970769230769231,0.2,0.23529411764705882,0.4,0.32612966601178783,player_totals,wnba,2026,Regular Season,/get-totals/wnba,"{""Season"": ""2026"", ""SeasonType"": ""Regular Season"", ""Type"": ""Player""}",20260603T185758Z,2026-06-03T18:58:01+00:00,6c84b697a6b7bc863cbb4ee853e9fdd6dd551809b2cba53f39e4f244ff148b06,9.0,18.0,,,11.0,22.0,,,27.0,18.0,9.0,1.0,2.0,,0.8181818181818182,0.5,,0.5,0.25287356321839083,0.6666666666666666,0.20689655172413793,0.5,0.5294117647058824,0.7777777777777778,,,,0.5,24.413636363636364,2.0,4.0,1.0,2.0,4.0,2.0,5.0,6.0,1.0,,,,0.4,0.045454545454545456,,0.04597701149425287,0.5,0.5,1.0,0.037037037037037035,0.14814814814814814,0.5,,0.2727272727272727,,,,,1.0,,0.09090909090909091,,,,,,0.05555555555555555,,,,,,,,,,,"[""single_row_table_data"", ""multi_row_table_data""]",{}
1628931,1611661331,Gabby Williams,Gabby Williams,1628931,GSV,8377.9,9,140.0,62.0,439,443,95.0,91.0,63,882,12.0,21.0,1.0,2.0,,1.0,7.0,24.0,5.0,15.0,24.0,60.0,23.0,128.0,441,3.0,9.0,2.0,11.0,5.0,10.0,7.0,26.0,28.0,20.0,,4.0,14.0,9.0,23.0,3.0,6.0,13.0,1.0,,55.0,4.0,2.0,12.0,11.0,3.0,26.0,6.0,32.0,2.0,16.0,11.0,5.0,6.0,2.0,3.0,8.0,1.0,3.0,14.0,,3.0,5.0,10.0,1.0,,1.0,23.0,2.0,,30.0,1.0,8.0,3.0,1.0,1.0,1.0,,2.0,117.0,26.0,95.0,,2.0,,1.0,4.0,,,114.57858769931664,99.54853273137698,0.5833333333333334,0.5833333333333334,0.4,0.3333333333333333,0.5,0.481651376146789,0.3,0.6333333333333333,0.5245901639344263,0.34375,0.65,0.06666666666666667,0.09523809523809523,0.08333333333333333,26.510721247563353,0.42857142857142855,0.3,0.0873015873015873,0.015625,0.14814814814814814,0.03636363636363636,0.1111111111111111,0.025210084033613446,,0.03333333333333333,,0.047619047619047616,,0.06818181818181818,0.08771929824561403,0.12,0.13114754098360656,0.2,0.03278688524590164,0.1926605504587156,0.5714285714285714,0.631578947368421,0.6666666666666666,0.22018348623853212,0.2916666666666667,0.3181818181818182,0.5714285714285714,0.13761467889908258,0.3333333333333333,0.3333333333333333,0.4,0.13333333333333333,0.5,1.0,0.06666666666666667,,0.6422018348623854,0.4897848623853211,0.5083888888888889,0.43956666666666666,0.0847457627118644,0.11940298507462686,0.0859375,0.203125,8.514999999999999,0.3333333333333333,0.23529411764705882,0.2,0.2164009111617312,player_totals,wnba,2026,Regular Season,/get-totals/wnba,"{""Season"": ""2026"", ""SeasonType"": ""Regular Season"", ""Type"": ""Player""}",20260603T185758Z,2026-06-03T18:58:01+00:00,256f4b06fc4edb9343ce8f36befa449b88b5cb130566291a1df674c8188f73cd,18.0,44.0,1.0,4.0,19.0,49.0,1.0,6.0,45.0,44.0,18.0,1.0,1.0,,0.7894736842105263,0.3877551020408163,0.16666666666666666,0.3877551020408163,0.44954128440366975,0.5,0.4036697247706422,0.4090909090909091,0.4090909090909091,0.7777777777777778,0.26666666666666666,0.25,1.0,0.4090909090909091,24.920408163265304,1.0,5.0,,3.0,5.0,3.0,5.0,12.0,,1.0,3.0,,0.6,,,0.045871559633027525,0.2,0.2,1.0,,0.3333333333333333,0.6,0.0392156862745098,0.3103448275862069,2.0,,0.13333333333333333,,,2.0,,,,,,,,,,,,,,,,,,"[""single_row_table_data"", ""multi_row_table_data""]",{}
1629484,1611661327,Megan Gustafson,Megan Gustafson,1629484,PDX,8094.6,11,135.0,-29.0,373,375,79.0,95.0,45,748,27.0,32.0,3.0,6.0,5.0,5.0,10.0,18.0,,,37.0,50.0,16.0,117.0,427,5.0,10.0,3.0,16.0,6.0,9.0,4.0,16.0,66.0,8.0,6.0,2.0,6.0,1.0,7.0,,1.0,2.0,4.0,,15.0,4.0,4.0,12.0,16.0,,28.0,8.0,36.0,,1.0,1.0,,1.0,2.0,1.0,5.0,,,6.0,,1.0,12.0,29.0,,4.0,2.0,23.0,2.0,1.0,20.0,4.0,10.0,2.0,5.0,,,2.0,5.0,101.0,16.0,79.0,3.0,2.0,,9.0,7.0,14.0,,106.7024128686327,113.86666666666666,0.8918918918918919,0.9705882352941176,0.74,0.5,0.6666666666666666,0.6824324324324325,0.5416666666666666,0.5,0.7134146341463414,0.6153846153846154,0.5333333333333333,0.04,0.03125,0.05555555555555555,20.657276995305164,0.16666666666666666,,0.2191780821917808,0.0425531914893617,0.12244897959183673,0.06153846153846154,0.16374269005847952,0.050314465408805034,0.07142857142857142,0.020833333333333332,,0.08333333333333333,,0.20689655172413793,0.3,0.07142857142857142,0.13513513513513514,0.08333333333333333,,0.43243243243243246,0.84375,0.8709677419354839,0.9259259259259259,0.24324324324324326,0.5555555555555556,0.5882352941176471,0.8,,,,,0.5,0.5,0.3333333333333333,0.4166666666666667,1.0,0.7567567567567568,0.5118006756756757,0.5732,0.4707625,0.125,0.17857142857142858,0.13675213675213677,0.13675213675213677,3.928,0.8,0.375,,0.21179624664879357,player_totals,wnba,2026,Regular Season,/get-totals/wnba,"{""Season"": ""2026"", ""SeasonType"": ""Regular Season"", ""Type"": ""Player""}",20260603T185758Z,2026-06-03T18:58:01+00:00,d153649d02bafe107116d605be5bab405d15ca4124c5c6532378d2ec11e1dbdf,6.0,18.0,,1.0,9.0,24.0,1.0,2.0,27.0,18.0,6.0,3.0,2.0,,1.0,0.375,0.5,0.375,0.32432432432432434,0.4,0.24324324324324326,0.3333333333333333,0.3333333333333333,1.0,0.08333333333333333,,,0.3333333333333333,24.55,3.0,6.0,,,3.0,,3.0,,,,,1.0,,,,0.08108108108108109,0.5,0.5,1.0,,0.25,,,0.13333333333333333,1.0,,0.08333333333333333,,,,,1.0,,,,,,,1.0,1.0,1.0,,,,,,,"[""single_row_table_data"", ""multi_row_table_data""]",{}
1629498,1611661319,Jackie Young,Jackie Young,1629498,LVA,8030.4,9,134.0,35.0,555,564,109.0,123.0,70,1119,15.0,26.0,,1.0,2.0,5.0,11.0,32.0,8.0,22.0,34.0,80.0,6.0,110.0,578,,1.0,1.0,4.0,6.0,15.0,2.0,14.0,30.0,38.0,,3.0,45.0,13.0,58.0,11.0,2.0,26.0,14.0,5.0,129.0,2.0,4.0,13.0,22.0,,35.0,7.0,42.0,3.0,8.0,7.0,1.0,12.0,1.0,7.0,5.0,2.0,5.0,17.0,1.0,3.0,14.0,22.0,,2.0,1.0,10.0,,2.0,7.0,2.0,3.0,1.0,3.0,1.0,1.0,1.0,4.0,106.0,14.0,109.0,2.0,1.0,3.0,3.0,4.0,6.0,1.0,110.45045045045046,102.4822695035461,0.4411764705882353,0.4411764705882353,0.425,,0.4,0.4297520661157025,0.3,0.2857142857142857,0.44308943089430897,0.3,0.3181818181818182,0.0375,0.07692307692307693,0.03125,22.0125786163522,0.7058823529411765,,0.12359550561797752,0.024844720496894408,0.11926605504587157,0.02127659574468085,0.12195121951219512,0.023529411764705882,,0.045454545454545456,,0.025974025974025976,,0.08196721311475409,0.15,0.13513513513513514,0.12631578947368421,0.07142857142857142,0.04477611940298507,0.21487603305785125,0.5769230769230769,0.625,0.4666666666666667,0.2644628099173554,0.34375,0.3548387096774194,0.5454545454545454,0.18181818181818182,0.36363636363636365,0.36363636363636365,0.25,0.2,,,0.23809523809523808,0.4,0.5537190082644629,0.4832766666666667,0.574925,0.4531190476190476,0.02459016393442623,0.037037037037037035,0.03636363636363636,0.12727272727272726,8.96875,0.2,0.25,0.21428571428571427,0.1963963963963964,player_totals,wnba,2026,Regular Season,/get-totals/wnba,"{""Season"": ""2026"", ""SeasonType"": ""Regular Season"", ""Type"": ""Player""}",20260603T185758Z,2026-06-03T18:58:01+00:00,e924b8f7edc20931e727693617c0faf246ee266771fc771c39f2b4f54d12077c,11.0,36.0,1.0,3.0,12.0,41.0,1.0,4.0,36.0,36.0,11.0,2.0,2.0,,1.0,0.2926829268292683,0.25,0.2926829268292683,0.33884297520661155,0.5,0.2975206611570248,0.3055555555555556,0.3055555555555556,1.0,0.6,0.3333333333333333,1.0,0.3055555555555556,25.326829268292684,1.0,5.0,3.0,,3.0,,6.0,,,1.0,,5.0,,,,0.04132231404958678,0.2,0.2,1.0,0.14285714285714285,0.14285714285714285,,,0.4230769230769231,1.0,,0.2,,1.0,,0.0625,,1.0,,,,,,,,,,,,,,,"[""single_row_table_data"", ""multi_row_table_data""]",{}
1642289,1611661329,Kamilla Cardoso,Kamilla Cardoso,1642289,CHI,7712.5,9,129.0,-42.0,482,483,92.0,111.0,49,965,37.0,61.0,10.0,20.0,9.0,15.0,6.0,24.0,,1.0,43.0,86.0,29.0,115.0,513,11.0,22.0,7.0,29.0,9.0,15.0,9.0,27.0,62.0,24.0,20.0,9.0,17.0,4.0,21.0,1.0,3.0,11.0,4.0,2.0,46.0,6.0,21.0,13.0,40.0,8.0,61.0,29.0,90.0,7.0,3.0,3.0,,4.0,,2.0,8.0,2.0,2.0,12.0,,1.0,15.0,28.0,2.0,,3.0,35.0,,,39.0,5.0,22.0,,16.0,,,9.0,16.0,86.0,27.0,92.0,1.0,,,11.0,11.0,8.0,,97.71784232365145,106.2111801242236,0.7209302325581395,0.9393939393939394,0.5,0.5,0.6,0.5,0.5,0.6,0.558252427184466,0.5576923076923077,0.675,0.10465116279069768,0.09836065573770492,0.125,21.37546468401487,0.3333333333333333,0.47058823529411764,0.26143790849673204,0.15217391304347827,0.1511627906976744,0.06593406593406594,0.2217573221757322,0.11790393013100436,0.20689655172413793,0.12121212121212122,0.07142857142857142,0.057971014492753624,0.09090909090909091,0.2653061224489796,0.25,0.275,0.125,0.22727272727272727,0.21212121212121213,0.7093023255813954,0.6065573770491803,0.6727272727272727,0.6756756756756757,0.27906976744186046,0.25,0.2857142857142857,1.0,0.011627906976744186,,,,0.9090909090909091,0.5,,1.0,0.6,0.7093023255813954,0.5593848837209303,0.5819277777777778,0.6479199999999999,0.21359223300970873,0.21359223300970873,0.25217391304347825,0.23478260869565218,3.1127906976744186,0.375,0.11764705882352941,,0.1908713692946058,player_totals,wnba,2026,Regular Season,/get-totals/wnba,"{""Season"": ""2026"", ""SeasonType"": ""Regular Season"", ""Type"": ""Player""}",20260603T185758Z,2026-06-03T18:58:01+00:00,b96e2f696becbba28090b4943eaf69b28b9ebaf7c5e1ae2718ddcf27a75b784c,,,,,,,,,,,,7.0,8.0,,,,,,,0.5,,,,,,,,,,,,,,,,,,,,,2.0,,,,,,,,,,,,,,,,,2.0,,0.14285714285714285,,,,,,,,,,,,,,,,,"[""single_row_table_data"", ""multi_row_table_data""]",{}
203400,1611661329,Skylar Diggins,Skylar Diggins,203400,CHI,7600.5,8,127.0,-49.0,481,487,115.0,124.0,58,968,11.0,21.0,2.0,4.0,4.0,8.0,13.0,30.0,6.0,15.0,30.0,66.0,29.0,113.0,522,5.0,9.0,1.0,11.0,6.0,15.0,7.0,25.0,30.0,30.0,4.0,5.0,30.0,10.0,40.0,9.0,1.0,20.0,9.0,1.0,90.0,,6.0,14.0,13.0,,27.0,6.0,33.0,3.0,8.0,5.0,3.0,8.0,2.0,7.0,4.0,2.0,1.0,12.0,1.0,1.0,5.0,21.0,,3.0,,23.0,,1.0,38.0,2.0,17.0,1.0,6.0,2.0,1.0,2.0,8.0,102.0,25.0,115.0,4.0,,,8.0,,3.0,,98.33679833679834,107.18685831622176,0.5,0.5357142857142857,0.45454545454545453,0.5555555555555556,0.4,0.45161290322580644,0.5,0.375,0.509090909090909,0.5,0.43103448275862066,0.07575757575757576,0.047619047619047616,0.1,22.181818181818183,0.6666666666666666,,0.08666666666666667,0.040268456375838924,0.16666666666666666,,0.11538461538461539,0.024291497975708502,0.058823529411764705,0.029411764705882353,,,,0.061224489795918366,0.07936507936507936,0.13157894736842105,0.19696969696969696,0.05555555555555555,0.0625,0.22580645161290322,0.5238095238095238,0.55,0.45454545454545453,0.3225806451612903,0.43333333333333335,0.48148148148148145,0.5384615384615384,0.16129032258064516,0.4,0.42857142857142855,0.5,0.4,0.5,,0.3333333333333333,0.5,0.5161290322580645,0.4927817204301075,0.4940125,0.5109875,0.1651376146788991,0.20987654320987653,0.09734513274336283,0.22123893805309736,8.003030303030304,0.3,0.5294117647058824,0.3333333333333333,0.2390852390852391,player_totals,wnba,2026,Regular Season,/get-totals/wnba,"{""Season"": ""2026"", ""SeasonType"": ""Regular Season"", ""Type"": ""Player""}",20260603T185758Z,2026-06-03T18:58:01+00:00,1064c0c497b0ae1ec73e6cb95ed956a68f55aed705055a29d7357167835aa062,5.0,22.0,,1.0,8.0,27.0,,1.0,21.0,22.0,5.0,4.0,3.0,2.0,0.875,0.2962962962962963,,0.2962962962962963,0.2903225806451613,0.375,0.23655913978494625,0.22727272727272727,0.23809523809523808,0.8,0.1,,,0.22727272727272727,24.34444444444444,3.0,5.0,1.0,2.0,8.0,2.0,9.0,3.0,1.0,,1.0,,0.2222222222222222,0.037037037037037035,,0.053763440860215055,0.6,0.6,1.0,0.041666666666666664,0.3333333333333333,0.25,0.03571428571428571,0.2222222222222222,,,,,,,,,1.0,1.0,0.06666666666666667,,0.045454545454545456,,,,,,,,,,,"[""single_row_table_data"", ""multi_row_table_data""]",{}
1628878,1611661320,Ariel Atkins,Ariel Atkins,1628878,LAS,7332.200000000001,7,122.0,-24.0,383,386,112.0,76.0,50,769,3.0,7.0,1.0,2.0,1.0,2.0,6.0,14.0,5.0,13.0,14.0,34.0,16.0,65.0,427,4.0,6.0,,8.0,3.0,7.0,6.0,21.0,22.0,6.0,4.0,3.0,9.0,6.0,15.0,4.0,2.0,5.0,4.0,,36.0,2.0,3.0,5.0,12.0,1.0,18.0,5.0,23.0,1.0,14.0,11.0,3.0,10.0,2.0,8.0,5.0,1.0,2.0,15.0,,4.0,11.0,24.0,,,1.0,22.0,5.0,5.0,17.0,,6.0,2.0,4.0,,,1.0,4.0,57.0,21.0,112.0,2.0,2.0,,9.0,11.0,8.0,13.0,105.2219321148825,110.62176165803109,0.7857142857142857,0.9166666666666666,0.4117647058823529,0.6666666666666666,0.42857142857142855,0.3888888888888889,0.5,0.4411764705882353,0.45774647887323944,0.5,0.525,0.08823529411764706,,0.21428571428571427,19.545454545454543,0.6666666666666666,0.09090909090909091,0.13793103448275862,0.02912621359223301,0.0625,0.02564102564102564,0.10179640718562874,0.027624309392265192,0.025,0.02040816326530612,0.07142857142857142,0.03125,,0.07692307692307693,0.2,0.09523809523809523,0.07575757575757576,,0.02631578947368421,0.1111111111111111,0.42857142857142855,0.42857142857142855,0.6666666666666666,0.2222222222222222,0.42857142857142855,0.5454545454545454,0.8333333333333334,0.20634920634920634,0.38461538461538464,0.38461538461538464,0.8,0.25,0.5,,0.11764705882352941,0.5,0.5714285714285714,0.46489285714285716,0.47405,0.46266176470588233,0.08695652173913043,0.15,0.12307692307692308,0.3230769230769231,10.661764705882353,,0.25,0.125,0.2924281984334204,player_totals,wnba,2026,Regular Season,/get-totals/wnba,"{""Season"": ""2026"", ""SeasonType"": ""Regular Season"", ""Type"": ""Player""}",20260603T185758Z,2026-06-03T18:58:01+00:00,6ae6c719aa06c11e7118fb67e183df2d5ad83885f039a88327d69b7416cfa66f,6.0,24.0,,2.0,7.0,29.0,,2.0,21.0,24.0,6.0,3.0,2.0,,1.0,0.2413793103448276,,0.2413793103448276,0.4603174603174603,0.5,0.38095238095238093,0.25,0.2608695652173913,1.0,0.25,,,0.25,25.0,1.0,5.0,1.0,3.0,9.0,3.0,10.0,,1.0,,,,0.3,0.034482758620689655,,0.07936507936507936,0.2,0.2,1.0,0.058823529411764705,0.5294117647058824,0.3333333333333333,,0.18181818181818182,,,,,,,,,1.0,,,,0.041666666666666664,,,,,,,,,,,"[""single_row_table_data"", ""multi_row_table_data""]",{}
1642782,1611661327,Sarah Ashlee Barker,Sarah Ashlee Barker,1642782,PDX,7078.799999999999,11,118.0,22.0,469,468,138.0,165.0,52,937,16.0,30.0,3.0,5.0,5.0,8.0,11.0,20.0,,,27.0,50.0,11.0,110.0,483,4.0,6.0,,20.0,8.0,14.0,4.0,32.0,28.0,26.0,2.0,5.0,13.0,8.0,21.0,3.0,5.0,7.0,4.0,2.0,50.0,5.0,6.0,24.0,9.0,5.0,38.0,11.0,49.0,1.0,9.0,5.0,4.0,13.0,3.0,10.0,8.0,1.0,3.0,21.0,6.0,4.0,6.0,25.0,,1.0,,21.0,3.0,4.0,15.0,3.0,8.0,1.0,1.0,1.0,,1.0,2.0,90.0,32.0,135.0,7.0,1.0,3.0,9.0,6.0,11.0,,107.67590618336887,103.2051282051282,0.5185185185185185,0.5384615384615384,0.54,0.6666666666666666,0.5714285714285714,0.6111111111111112,0.9090909090909091,0.5833333333333334,0.632183908045977,0.9090909090909091,0.6153846153846154,0.1,0.13333333333333333,0.05,20.493358633776094,0.6190476190476191,0.29411764705882354,0.09375,0.058823529411764705,0.22018348623853212,0.060240963855421686,0.16097560975609757,0.05945945945945946,0.07317073170731707,0.05263157894736842,,0.0625,0.05263157894736842,0.07317073170731707,0.0975609756097561,0.14285714285714285,0.23863636363636365,0.14285714285714285,0.03225806451612903,0.37037037037037035,0.5333333333333333,0.6153846153846154,0.5625,0.24691358024691357,0.55,0.5789473684210527,0.45454545454545453,,,,,0.45454545454545453,0.6,0.6666666666666666,0.3333333333333333,0.625,0.7530864197530864,0.515975625,0.52881875,0.48235869565217393,0.09302325581395349,0.14545454545454545,0.18181818181818182,0.2909090909090909,4.446000000000001,0.14285714285714285,0.25,,0.2942430703624733,player_totals,wnba,2026,Regular Season,/get-totals/wnba,"{""Season"": ""2026"", ""SeasonType"": ""Regular Season"", ""Type"": ""Player""}",20260603T185758Z,2026-06-03T18:58:01+00:00,16f0b539df86f6573b8a95d20e512a56c6ab1dd35a8f4c256993fad141fa5441,7.0,19.0,1.0,2.0,15.0,31.0,4.0,5.0,39.0,19.0,7.0,,1.0,,0.8666666666666667,0.4838709677419355,0.8,0.4838709677419355,0.38271604938271603,0.5,0.2345679012345679,0.3684210526315789,0.3684210526315789,1.0,0.18181818181818182,0.5,1.0,0.3684210526315789,25.219354838709677,8.0,12.0,3.0,3.0,7.0,4.0,10.0,6.0,1.0,,,,0.4,0.03225806451612903,0.08333333333333333,0.14814814814814814,0.6666666666666666,0.7272727272727273,0.75,0.125,0.2916666666666667,0.42857142857142855,,0.26666666666666666,3.0,1.0,0.2727272727272727,0.3333333333333333,,1.0,,2.0,,1.0,,,,,3.0,1.0,0.6666666666666666,,,,,,,"[""single_row_table_data"", ""multi_row_table_data""]",{}
203833,1611661319,Chelsea Gray,Chelsea Gray,203833,LVA,6936.200000000001,9,116.0,26.0,579,587,133.0,127.0,77,1166,3.0,5.0,,,,,12.0,26.0,6.0,14.0,21.0,45.0,10.0,97.0,629,2.0,3.0,2.0,21.0,8.0,14.0,6.0,25.0,24.0,18.0,,,48.0,17.0,65.0,15.0,2.0,26.0,19.0,3.0,147.0,,1.0,12.0,18.0,2.0,32.0,1.0,33.0,1.0,9.0,5.0,4.0,18.0,7.0,12.0,11.0,1.0,6.0,29.0,2.0,8.0,10.0,18.0,,1.0,1.0,12.0,,5.0,10.0,1.0,2.0,2.0,7.0,,,4.0,7.0,76.0,25.0,133.0,,1.0,,19.0,3.0,4.0,,113.12607944732297,107.1550255536627,0.5714285714285714,0.5714285714285714,0.4666666666666667,0.6666666666666666,0.5714285714285714,0.5117647058823529,1.0555555555555556,0.4318181818181818,0.5454545454545454,1.1111111111111112,0.5,,,,17.593984962406015,0.6206896551724138,0.1111111111111111,0.09326424870466321,0.006134969325153374,0.10810810810810811,,0.09868421052631579,0.0038461538461538464,,0.011627906976744186,,,,0.07462686567164178,0.06741573033707865,0.1891891891891892,0.10752688172043011,0.1111111111111111,0.02040816326530612,0.058823529411764705,0.6,0.6,0.6666666666666666,0.3058823529411765,0.46153846153846156,0.46153846153846156,0.5,0.16470588235294117,0.42857142857142855,0.42857142857142855,0.6666666666666666,,,,,,0.5294117647058824,0.45465470588235296,0.4967214285714286,0.3804954545454546,0.023255813953488372,0.043478260869565216,0.21649484536082475,0.25773195876288657,10.748888888888889,,0.42857142857142855,0.375,0.229706390328152,player_totals,wnba,2026,Regular Season,/get-totals/wnba,"{""Season"": ""2026"", ""SeasonType"": ""Regular Season"", ""Type"": ""Player""}",20260603T185758Z,2026-06-03T18:58:01+00:00,2557e11ae0ab6c5b9484e2ae5da1356a878b8e2bc6c526f09ea38a5bba9ed24b,14.0,39.0,5.0,6.0,15.0,40.0,5.0,6.0,45.0,39.0,14.0,1.0,4.0,,1.0,0.375,0.8333333333333334,0.375,0.47058823529411764,0.5714285714285714,0.4588235294117647,0.358974358974359,0.358974358974359,1.0,0.6666666666666666,0.8333333333333334,1.0,0.358974358974359,25.4675,1.0,1.0,,1.0,8.0,1.0,8.0,,,,,,0.125,,,0.011764705882352941,1.0,1.0,1.0,,0.36363636363636365,0.125,,0.48,,,,,,1.0,,1.0,1.0,,,,,2.0,,,,,,,,,,"[""single_row_table_data"", ""multi_row_table_data""]",{}
1642292,1611661329,Jacy Sheldon,Jacy Sheldon,1642292,CHI,6736.0,9,112.0,-8.0,470,471,94.0,98.0,53,941,12.0,17.0,,,3.0,4.0,5.0,9.0,,3.0,17.0,29.0,10.0,68.0,498,,,,3.0,5.0,7.0,5.0,18.0,22.0,12.0,,3.0,15.0,3.0,18.0,2.0,1.0,6.0,5.0,4.0,39.0,1.0,,5.0,8.0,,13.0,1.0,14.0,,10.0,8.0,2.0,3.0,1.0,3.0,5.0,1.0,,8.0,1.0,,12.0,27.0,1.0,,1.0,18.0,,2.0,10.0,3.0,5.0,1.0,4.0,,,3.0,4.0,65.0,18.0,94.0,3.0,1.0,4.0,15.0,19.0,5.0,,104.25531914893617,105.73248407643312,0.6470588235294118,0.6470588235294118,0.5862068965517241,,0.7142857142857143,0.5178571428571429,0.75,0.5416666666666666,0.5677966101694916,0.75,0.6428571428571429,0.10344827586206896,0.11764705882352941,0.1111111111111111,12.641509433962264,0.375,,0.05555555555555555,,0.056818181818181816,0.013513513513513514,0.05603448275862069,0.0045871559633027525,,,,0.017241379310344827,,0.0425531914893617,0.058823529411764705,0.06896551724137931,0.078125,,,0.30357142857142855,0.7058823529411765,0.8,0.6666666666666666,0.16071428571428573,0.5555555555555556,0.625,0.6,0.05357142857142857,,,,,,,0.3333333333333333,0.75,0.7857142857142857,0.5169803571428572,0.402,0.4620416666666667,0.08620689655172414,0.16129032258064516,0.04411764705882353,0.2647058823529412,5.689655172413793,0.2,0.25,,0.2,player_totals,wnba,2026,Regular Season,/get-totals/wnba,"{""Season"": ""2026"", ""SeasonType"": ""Regular Season"", ""Type"": ""Player""}",20260603T185758Z,2026-06-03T18:58:01+00:00,a84b8a2147e30896869e3b65dd54646befba1367c1a0396ff719ecbb14d57455,5.0,19.0,1.0,1.0,8.0,27.0,1.0,2.0,24.0,19.0,5.0,1.0,4.0,,1.0,0.2962962962962963,0.5,0.2962962962962963,0.48214285714285715,1.0,0.3392857142857143,0.2631578947368421,0.2777777777777778,1.0,0.5,1.0,1.0,0.2631578947368421,24.081481481481482,3.0,8.0,2.0,,3.0,1.0,5.0,,2.0,1.0,,,0.2,0.07407407407407407,0.125,0.14285714285714285,0.375,0.42857142857142855,1.0,0.16666666666666666,0.25,,,0.4444444444444444,1.0,1.0,0.5,0.5,,,,1.0,1.0,,,,0.05263157894736842,,,,,,,,,,,"[""single_row_table_data"", ""multi_row_table_data""]",{}
203866,1611661331,Kayla Thornton,Kayla Thornton,203866,GSV,6183.9,9,103.0,53.0,443,446,77.0,95.0,62,889,11.0,19.0,2.0,6.0,2.0,2.0,2.0,10.0,1.0,6.0,14.0,35.0,10.0,89.0,435,2.0,7.0,5.0,12.0,2.0,4.0,3.0,13.0,20.0,8.0,4.0,6.0,1.0,3.0,4.0,1.0,2.0,1.0,,,11.0,6.0,8.0,12.0,17.0,4.0,33.0,14.0,47.0,4.0,8.0,6.0,2.0,3.0,1.0,1.0,5.0,1.0,2.0,8.0,,2.0,10.0,23.0,,2.0,2.0,12.0,3.0,2.0,11.0,1.0,4.0,1.0,3.0,1.0,,2.0,4.0,77.0,13.0,77.0,3.0,1.0,,2.0,4.0,,,110.15801354401806,97.53363228699551,0.7142857142857143,0.8333333333333334,0.4,0.2857142857142857,0.5,0.5,0.35,0.5,0.5301204819277109,0.4583333333333333,0.5909090909090909,0.17142857142857143,0.21052631578947367,0.2,17.533718689788053,0.375,0.4,0.136,0.058823529411764705,0.13186813186813187,0.05042016806722689,0.13425925925925927,0.054901960784313725,0.09523809523809523,0.014084507042253521,0.13043478260869565,0.04597701149425287,0.0625,0.08888888888888889,0.14285714285714285,0.20833333333333334,0.13432835820895522,0.125,0.0975609756097561,0.24050632911392406,0.5789473684210527,0.7333333333333333,0.7272727272727273,0.12658227848101267,0.2,0.25,0.5,0.0759493670886076,0.16666666666666666,0.16666666666666666,1.0,0.6,0.3333333333333333,,0.2,1.0,0.7974683544303798,0.5348835443037975,0.5878583333333333,0.499035,0.04878048780487805,0.10526315789473684,0.1348314606741573,0.14606741573033707,6.3,0.375,0.625,,0.17381489841986456,player_totals,wnba,2026,Regular Season,/get-totals/wnba,"{""Season"": ""2026"", ""SeasonType"": ""Regular Season"", ""Type"": ""Player""}",20260603T185758Z,2026-06-03T18:58:01+00:00,686dba6e0f58f942f6d10f3be17b9e1c6dffd41abf6448f5bbe79a0e16012e6c,8.0,24.0,,1.0,17.0,44.0,1.0,3.0,51.0,24.0,8.0,1.0,2.0,3.0,1.0,0.38636363636363635,0.3333333333333333,0.38636363636363635,0.5569620253164557,0.5,0.3037974683544304,0.3333333333333333,0.3333333333333333,1.0,0.1,,,0.3333333333333333,24.404545454545453,9.0,20.0,1.0,1.0,5.0,2.0,6.0,,1.0,1.0,,,0.3333333333333333,0.022727272727272728,0.05,0.25316455696202533,0.45,0.47368421052631576,1.0,0.1,0.5,0.2,,0.3333333333333333,2.0,1.0,0.2,1.0,,,,1.0,2.0,1.0,,,,,1.0,0.5,1.0,,,,,,,"[""single_row_table_data"", ""multi_row_table_data""]",{}
1643449,1611661323,Charlisse Leger-Walker,Charlisse Leger-Walker,1643449,CON,6143.799999999999,11,102.0,-97.0,457,464,112.0,158.0,64,921,9.0,16.0,,1.0,2.0,3.0,5.0,21.0,3.0,5.0,17.0,42.0,17.0,75.0,527,1.0,5.0,5.0,7.0,4.0,9.0,7.0,21.0,16.0,18.0,,4.0,24.0,6.0,30.0,4.0,2.0,13.0,7.0,4.0,66.0,,2.0,9.0,7.0,,16.0,2.0,18.0,,8.0,5.0,3.0,14.0,2.0,10.0,3.0,,4.0,17.0,1.0,3.0,8.0,25.0,,1.0,,18.0,3.0,1.0,25.0,2.0,9.0,3.0,,1.0,1.0,,1.0,68.0,21.0,112.0,5.0,2.0,,12.0,4.0,4.0,,94.09190371991247,113.57758620689656,0.47058823529411764,0.47058823529411764,0.40476190476190477,0.2,0.4444444444444444,0.4264705882352941,0.1,0.4666666666666667,0.47468354430379744,0.2916666666666667,0.5526315789473685,0.09523809523809523,,0.19047619047619047,17.91044776119403,0.8235294117647058,,0.07526881720430108,0.014925373134328358,0.1125,,0.09248554913294797,0.008849557522123894,,0.03076923076923077,,,,0.07407407407407407,0.10204081632653061,,0.09615384615384616,0.14285714285714285,,0.23529411764705882,0.5625,0.5625,0.6666666666666666,0.3088235294117647,0.23809523809523808,0.29411764705882354,,0.07352941176470588,0.6,0.6,0.6666666666666666,0.1,,,0.2,0.6666666666666666,0.6176470588235294,0.49163787878787873,0.56373,0.5043464285714286,0.13157894736842105,0.1836734693877551,0.09333333333333334,0.28,6.559523809523809,0.14285714285714285,0.375,,0.24507658643326038,player_totals,wnba,2026,Regular Season,/get-totals/wnba,"{""Season"": ""2026"", ""SeasonType"": ""Regular Season"", ""Type"": ""Player""}",20260603T185758Z,2026-06-03T18:58:01+00:00,2d3b2c4951ebaf9ed638a682fc27dd2130bcfd47220b03b893eb9538275f6782,7.0,23.0,,5.0,8.0,26.0,,5.0,21.0,23.0,7.0,,,1.0,0.875,0.3076923076923077,,0.3076923076923077,0.38235294117647056,,0.3382352941176471,0.30434782608695654,0.30434782608695654,0.8571428571428571,0.5,,,0.30434782608695654,26.450000000000003,1.0,3.0,1.0,2.0,5.0,2.0,6.0,3.0,,1.0,1.0,,0.3333333333333333,,,0.04411764705882353,0.3333333333333333,0.3333333333333333,1.0,0.06666666666666667,0.3333333333333333,0.4,0.037037037037037035,0.11764705882352941,,,,,,,,,,,,,,,,,,,,,,,,"[""single_row_table_data"", ""multi_row_table_data""]",{}
1631009,1611661330,Rhyne Howard,Rhyne Howard,1631009,ATL,6061.1,7,101.0,54.0,479,481,103.0,46.0,70,960,9.0,12.0,1.0,1.0,2.0,3.0,7.0,18.0,,5.0,16.0,35.0,25.0,135.0,477,2.0,5.0,6.0,16.0,3.0,6.0,6.0,33.0,6.0,26.0,2.0,,15.0,12.0,27.0,10.0,2.0,9.0,5.0,1.0,66.0,2.0,4.0,12.0,8.0,,20.0,7.0,27.0,2.0,19.0,17.0,2.0,4.0,1.0,2.0,7.0,,2.0,11.0,1.0,1.0,7.0,18.0,,2.0,2.0,20.0,,1.0,30.0,3.0,13.0,1.0,5.0,,,1.0,5.0,119.0,33.0,101.0,,1.0,4.0,-1.0,24.0,8.0,,110.85594989561586,99.16839916839918,0.1875,0.2,0.45714285714285713,0.4,0.5,0.55,0.4166666666666667,0.6428571428571429,0.5990990990990991,0.5333333333333333,0.6875,,,,21.403508771929825,0.36363636363636365,,0.06837606837606838,0.036036036036036036,0.11764705882352941,0.016260162601626018,0.091324200913242,0.02564102564102564,0.01694915254237288,0.07142857142857142,,0.009900990099009901,0.045454545454545456,0.0975609756097561,0.0625,0.03571428571428571,0.09722222222222222,0.16666666666666666,0.03508771929824561,0.12,0.75,0.75,0.1111111111111111,0.18,0.3888888888888889,0.3888888888888889,0.2857142857142857,0.05,,,,0.08333333333333333,1.0,,0.14285714285714285,0.6666666666666666,0.77,0.49955773195876285,0.5194300000000001,0.4657763157894737,0.11818181818181818,0.28888888888888886,0.11851851851851852,0.24444444444444444,7.702857142857144,,0.45454545454545453,0.4,0.2150313152400835,player_totals,wnba,2026,Regular Season,/get-totals/wnba,"{""Season"": ""2026"", ""SeasonType"": ""Regular Season"", ""Type"": ""Player""}",20260603T185758Z,2026-06-03T18:58:01+00:00,cc2d0a2bb486de400512af81a4ebf4e64ecec4e7495d46fa17f543662728b9cc,26.0,63.0,2.0,7.0,26.0,65.0,2.0,7.0,72.0,63.0,26.0,4.0,2.0,-1.0,0.9230769230769231,0.4,0.2857142857142857,0.4,0.65,0.4,0.63,0.4126984126984127,0.4126984126984127,0.9230769230769231,0.5833333333333334,0.2857142857142857,1.0,0.4126984126984127,25.307692307692307,,2.0,,7.0,15.0,7.0,15.0,6.0,,2.0,,,0.4666666666666667,,,0.02,,,,,0.7142857142857143,0.4666666666666667,,0.3157894736842105,,,,,1.0,2.0,0.06666666666666667,1.0,5.0,,,,,,,,,,,,,,,"[""single_row_table_data"", ""multi_row_table_data""]",{}
1631044,1611661330,Naz Hillmon,Naz Hillmon,1631044,ATL,6049.9,8,101.0,54.0,510,503,126.0,64.0,77,1013,19.0,31.0,6.0,6.0,4.0,6.0,3.0,4.0,1.0,1.0,23.0,36.0,5.0,66.0,504,6.0,6.0,1.0,16.0,5.0,7.0,1.0,17.0,34.0,12.0,10.0,8.0,7.0,6.0,13.0,5.0,1.0,3.0,3.0,1.0,32.0,6.0,7.0,13.0,15.0,2.0,30.0,14.0,44.0,,7.0,5.0,2.0,7.0,,6.0,5.0,1.0,1.0,12.0,1.0,3.0,9.0,17.0,1.0,2.0,1.0,16.0,3.0,1.0,10.0,2.0,5.0,1.0,,,,,,50.0,17.0,125.0,1.0,1.0,3.0,8.0,19.0,12.0,,109.41176470588236,100.19880715705764,0.7391304347826086,0.9444444444444444,0.6388888888888888,1.0,0.7142857142857143,0.4552238805970149,0.9375,0.5333333333333333,0.4647887323943662,1.0,0.53125,0.2222222222222222,0.25806451612903225,,13.764510779436153,0.5833333333333334,0.11764705882352941,0.12096774193548387,0.05785123966942149,0.1262135922330097,0.04878048780487805,0.12334801762114538,0.05327868852459016,0.04477611940298507,0.06976744186046512,0.09090909090909091,0.04040404040404041,0.08333333333333333,0.14285714285714285,0.09433962264150944,0.13793103448275862,0.08860759493670886,0.25,,0.4626865671641791,0.6129032258064516,0.8260869565217391,0.6842105263157895,0.05970149253731343,0.75,0.75,1.0,0.014925373134328358,1.0,1.0,1.0,0.75,1.0,0.16666666666666666,0.4,0.6666666666666666,0.9253731343283582,0.564155223880597,0.6097699999999999,0.5384166666666667,0.07142857142857142,0.1282051282051282,0.24242424242424243,0.25757575757575757,2.8277777777777775,0.45454545454545453,,,0.24705882352941178,player_totals,wnba,2026,Regular Season,/get-totals/wnba,"{""Season"": ""2026"", ""SeasonType"": ""Regular Season"", ""Type"": ""Player""}",20260603T185758Z,2026-06-03T18:58:01+00:00,760d6b960309c7f533f875ac737d5950141061430e82446d36dcb2629cb2875e,2.0,18.0,,1.0,5.0,31.0,1.0,2.0,15.0,18.0,2.0,,,6.0,1.0,0.16129032258064516,0.5,0.16129032258064516,0.4626865671641791,,0.26865671641791045,0.1111111111111111,0.1111111111111111,1.0,0.125,,,0.1111111111111111,23.751612903225805,3.0,13.0,5.0,,3.0,2.0,8.0,,2.0,1.0,,,0.25,0.06451612903225806,0.15384615384615385,0.19402985074626866,0.23076923076923078,0.2727272727272727,1.0,0.3333333333333333,0.2,,,0.32,1.0,2.0,0.125,0.4,1.0,1.0,0.043478260869565216,,,,,,,,1.0,1.0,1.0,,,,,,,"[""single_row_table_data"", ""multi_row_table_data""]",{}
1642800,1611661323,Aneesah Morrow,Aneesah Morrow,1642800,CON,5924.9,11,99.0,-106.0,558,565,179.0,239.0,85,1123,29.0,48.0,10.0,16.0,8.0,14.0,6.0,24.0,7.0,12.0,42.0,84.0,20.0,140.0,636,14.0,23.0,5.0,42.0,10.0,24.0,7.0,39.0,48.0,36.0,18.0,8.0,9.0,5.0,14.0,3.0,2.0,8.0,,1.0,33.0,11.0,20.0,35.0,31.0,15.0,81.0,33.0,114.0,6.0,9.0,5.0,4.0,15.0,,9.0,9.0,2.0,6.0,24.0,2.0,8.0,7.0,25.0,,3.0,2.0,32.0,5.0,4.0,32.0,6.0,16.0,3.0,5.0,1.0,,3.0,6.0,98.0,39.0,177.0,5.0,3.0,,6.0,13.0,9.0,4.0,94.98207885304659,112.56637168141592,0.5714285714285714,0.7272727272727273,0.5,0.6086956521739131,0.4166666666666667,0.48,0.6379310344827587,0.4444444444444444,0.5072463768115942,0.6774193548387096,0.4642857142857143,0.09523809523809523,0.08333333333333333,0.16666666666666666,24.620060790273556,0.625,0.4838709677419355,0.26495726495726496,0.11560693641618497,0.2966101694915254,0.102803738317757,0.28085106382978725,0.11071428571428571,0.13559322033898305,0.10126582278481013,0.11428571428571428,0.06666666666666667,0.29411764705882354,0.2222222222222222,0.2857142857142857,0.35714285714285715,0.3225806451612903,0.2,0.1,0.384,0.6041666666666666,0.6590909090909091,0.5862068965517241,0.192,0.25,0.3,0.3333333333333333,0.096,0.5833333333333334,0.5833333333333334,0.7142857142857143,0.5517241379310345,0.625,0.2,0.3888888888888889,0.5714285714285714,0.712,0.5174008064516129,0.5328041666666666,0.5107428571428572,0.11851851851851852,0.1702127659574468,0.3,0.2785714285714286,5.583333333333333,0.4444444444444444,0.2777777777777778,0.2,0.3207885304659498,player_totals,wnba,2026,Regular Season,/get-totals/wnba,"{""Season"": ""2026"", ""SeasonType"": ""Regular Season"", ""Type"": ""Player""}",20260603T185758Z,2026-06-03T18:58:01+00:00,564019a89a3b9865924fb39529eb8b918470c9456be9a8a5be224acea121f63e,12.0,41.0,3.0,6.0,12.0,41.0,3.0,6.0,33.0,41.0,12.0,2.0,3.0,,0.9166666666666666,0.2926829268292683,0.5,0.2926829268292683,0.328,0.5,0.328,0.2926829268292683,0.3,0.9166666666666666,0.20689655172413793,0.5,1.0,0.2926829268292683,25.18780487804878,,,,4.0,12.0,4.0,12.0,3.0,1.0,3.0,,2.0,0.3333333333333333,0.024390243902439025,,,,,,,0.3333333333333333,0.3333333333333333,,0.14814814814814814,,,,,2.0,,0.08,,,1.0,,1.0,0.024390243902439025,,,,,,,,,,,"[""single_row_table_data"", ""multi_row_table_data""]",{}
1642809,1611661323,Saniya Rivers,Saniya Rivers,1642809,CON,5907.7,11,98.0,-93.0,538,538,135.0,202.0,87,1076,10.0,24.0,,,3.0,7.0,4.0,14.0,10.0,27.0,24.0,65.0,14.0,71.0,619,3.0,6.0,2.0,11.0,5.0,13.0,5.0,21.0,24.0,24.0,,4.0,30.0,9.0,39.0,9.0,,19.0,6.0,5.0,87.0,2.0,2.0,11.0,6.0,,17.0,4.0,21.0,1.0,11.0,9.0,2.0,16.0,2.0,14.0,5.0,1.0,2.0,21.0,1.0,3.0,13.0,18.0,,,,15.0,1.0,1.0,20.0,1.0,7.0,2.0,6.0,,,1.0,6.0,60.0,21.0,133.0,2.0,2.0,,9.0,,3.0,,97.76951672862454,115.0557620817844,0.5,0.5,0.36923076923076925,0.5,0.38461538461538464,0.3275862068965517,0.4090909090909091,0.34782608695652173,0.3697916666666667,0.4583333333333333,0.3888888888888889,0.06153846153846154,0.125,0.07142857142857142,18.28125,0.7619047619047619,,0.05,0.011299435028248588,0.10891089108910891,0.02127659574468085,0.07692307692307693,0.014760147601476014,0.029850746268656716,,,0.012987012987012988,0.058823529411764705,0.0784313725490196,0.0196078431372549,0.05555555555555555,0.10526315789473684,0.12,0.018867924528301886,0.27586206896551724,0.4166666666666667,0.47619047619047616,0.2,0.16091954022988506,0.2857142857142857,0.3076923076923077,0.75,0.3103448275862069,0.37037037037037035,0.37037037037037035,0.7,,,,0.30434782608695654,0.42857142857142855,0.5287356321839081,0.4858464285714286,0.42355,0.4927619047619048,0.0851063829787234,0.09859154929577464,0.15492957746478872,0.29577464788732394,10.018461538461539,0.38461538461538464,0.4,0.35294117647058826,0.25092936802973975,player_totals,wnba,2026,Regular Season,/get-totals/wnba,"{""Season"": ""2026"", ""SeasonType"": ""Regular Season"", ""Type"": ""Player""}",20260603T185758Z,2026-06-03T18:58:01+00:00,464bcb641f6f112b378b45c0599b6ddf6fa44e7078789f3e0fc2b8283b002385,2.0,14.0,1.0,4.0,3.0,22.0,1.0,5.0,9.0,14.0,2.0,4.0,3.0,,1.0,0.13636363636363635,0.2,0.13636363636363635,0.25287356321839083,0.5,0.16091954022988506,0.14285714285714285,0.14285714285714285,1.0,0.36363636363636365,0.25,1.0,0.14285714285714285,27.231818181818184,1.0,8.0,3.0,2.0,7.0,2.0,10.0,,1.0,,1.0,,0.2,0.045454545454545456,0.125,0.09195402298850575,0.125,0.14285714285714285,1.0,0.13043478260869565,0.30434782608695654,0.2857142857142857,0.043478260869565216,0.5555555555555556,1.0,,0.09090909090909091,,,1.0,,,,,,,,1.0,,,,,,,,,,"[""single_row_table_data"", ""multi_row_table_data""]",{}
1628277,1611661330,Allisha Gray,Allisha Gray,1628277,ATL,5415.799999999999,8,90.0,68.0,534,532,130.0,69.0,87,1066,30.0,48.0,2.0,3.0,8.0,11.0,8.0,19.0,,4.0,38.0,71.0,36.0,169.0,536,2.0,5.0,9.0,19.0,8.0,16.0,12.0,37.0,54.0,22.0,,6.0,6.0,5.0,11.0,5.0,,5.0,1.0,,27.0,,3.0,16.0,13.0,2.0,31.0,5.0,36.0,1.0,9.0,8.0,1.0,10.0,2.0,5.0,6.0,,5.0,16.0,2.0,3.0,8.0,17.0,1.0,1.0,,38.0,3.0,4.0,44.0,4.0,17.0,3.0,4.0,1.0,1.0,,5.0,150.0,35.0,128.0,1.0,2.0,,8.0,10.0,15.0,,113.10861423220975,100.75187969924812,0.7105263157894737,0.7105263157894737,0.5352112676056338,0.4,0.5,0.532,0.3333333333333333,0.5208333333333334,0.5874125874125874,0.475,0.6166666666666667,0.08450704225352113,0.10416666666666667,0.05263157894736842,24.882629107981224,0.625,0.15384615384615385,0.0962962962962963,0.022556390977443608,0.14285714285714285,,0.11740890688259109,0.012,0.013157894736842105,0.044444444444444446,,,,0.0851063829787234,,0.3103448275862069,0.1566265060240964,0.10344827586206896,0.01639344262295082,0.384,0.625,0.6976744186046512,0.7666666666666667,0.152,0.42105263157894735,0.4444444444444444,0.5,0.032,,,,0.2,0.6666666666666666,1.0,0.4583333333333333,0.7272727272727273,0.816,0.5473104,0.5471916666666666,0.5304375,0.14285714285714285,0.20238095238095238,0.11242603550295859,0.21893491124260356,4.4845070422535205,0.5,0.2,0.5,0.24344569288389514,player_totals,wnba,2026,Regular Season,/get-totals/wnba,"{""Season"": ""2026"", ""SeasonType"": ""Regular Season"", ""Type"": ""Player""}",20260603T185758Z,2026-06-03T18:58:01+00:00,afba8d5bda4550678c092258357a95bb1b4741ed4f2f8d232ec5612ee9d490e6,18.0,47.0,2.0,9.0,19.0,54.0,2.0,10.0,57.0,47.0,18.0,4.0,,,1.0,0.35185185185185186,0.2,0.35185185185185186,0.432,,0.376,0.3829787234042553,0.3829787234042553,1.0,0.6,0.2222222222222222,1.0,0.3829787234042553,24.60185185185185,1.0,7.0,1.0,3.0,7.0,3.0,8.0,,,3.0,3.0,5.0,0.375,,,0.056,0.14285714285714285,0.14285714285714285,1.0,0.041666666666666664,0.2916666666666667,0.42857142857142855,0.05357142857142857,0.2857142857142857,1.0,,0.06666666666666667,,2.0,,0.09090909090909091,1.0,1.0,,,,,,,,,,,1.0,,,,"[""single_row_table_data"", ""multi_row_table_data""]",{}
203855,1611661319,Stephanie Talbot,Stephanie Talbot,203855,LVA,5333.6,9,89.0,10.0,343,349,72.0,67.0,39,692,5.0,6.0,1.0,2.0,1.0,1.0,5.0,5.0,,2.0,10.0,13.0,5.0,37.0,350,2.0,3.0,,4.0,1.0,1.0,3.0,5.0,16.0,4.0,2.0,,6.0,7.0,13.0,5.0,2.0,2.0,4.0,,33.0,3.0,4.0,11.0,12.0,1.0,24.0,7.0,31.0,,5.0,3.0,2.0,4.0,1.0,3.0,2.0,,1.0,6.0,1.0,,9.0,16.0,,,1.0,9.0,,1.0,7.0,,,2.0,2.0,,,1.0,2.0,33.0,5.0,72.0,2.0,2.0,,7.0,6.0,8.0,1.0,104.95626822157433,100.28653295128939,0.8,0.8888888888888888,0.7692307692307693,0.6666666666666666,1.0,0.5333333333333333,0.6666666666666666,0.3333333333333333,0.5606060606060606,0.6666666666666666,0.5,,,,10.051546391752577,0.6666666666666666,0.1111111111111111,0.10344827586206896,0.0425531914893617,0.16666666666666666,0.05172413793103448,0.12637362637362637,0.046052631578947366,,0.07142857142857142,,0.045454545454545456,0.07142857142857142,0.10810810810810811,0.07017543859649122,0.18181818181818182,0.14285714285714285,0.3,,0.2,0.8333333333333334,0.8333333333333334,0.8,0.16666666666666666,1.0,1.0,0.8,0.06666666666666667,,,,0.6666666666666666,0.5,1.0,0.3333333333333333,1.0,0.7666666666666667,0.5406433333333334,0.5545,0.6013333333333334,0.03225806451612903,,0.10810810810810811,0.13513513513513514,6.507692307692308,1.0,,,0.2099125364431487,player_totals,wnba,2026,Regular Season,/get-totals/wnba,"{""Season"": ""2026"", ""SeasonType"": ""Regular Season"", ""Type"": ""Player""}",20260603T185758Z,2026-06-03T18:58:01+00:00,c9ec444c6087a9e23648a2299c013905c0100e61aeed50c070322da78b420e9c,1.0,7.0,,,4.0,17.0,,,12.0,7.0,1.0,1.0,2.0,,1.0,0.23529411764705882,,0.23529411764705882,0.5666666666666667,1.0,0.23333333333333334,0.14285714285714285,0.16666666666666666,1.0,,,,0.14285714285714285,23.870588235294118,3.0,10.0,1.0,,1.0,,2.0,,1.0,,1.0,,,0.058823529411764705,,0.3333333333333333,0.3,0.3,1.0,0.3333333333333333,0.3333333333333333,,0.05555555555555555,0.38461538461538464,,,,,,,,1.0,,,,,0.14285714285714285,,,,,,,,,,,"[""single_row_table_data"", ""multi_row_table_data""]",{}
204329,1611661331,Kiah Stokes,Kiah Stokes,204329,GSV,5266.9,9,88.0,13.0,375,376,72.0,66.0,51,751,6.0,11.0,1.0,1.0,1.0,2.0,3.0,7.0,,3.0,9.0,21.0,3.0,33.0,369,1.0,2.0,,8.0,1.0,3.0,2.0,7.0,16.0,2.0,2.0,4.0,6.0,7.0,13.0,6.0,1.0,2.0,3.0,1.0,33.0,6.0,3.0,15.0,20.0,1.0,36.0,9.0,45.0,,8.0,7.0,1.0,2.0,,2.0,1.0,1.0,,3.0,,1.0,17.0,26.0,,2.0,,6.0,,,6.0,,1.0,2.0,16.0,1.0,1.0,5.0,17.0,25.0,7.0,72.0,1.0,2.0,2.0,-1.0,5.0,3.0,,101.86666666666666,98.13829787234043,0.8888888888888888,1.0,0.42857142857142855,0.5,0.3333333333333333,0.45454545454545453,0.8,0.5,0.4583333333333333,0.8,0.5,0.19047619047619047,0.2727272727272727,0.14285714285714285,8.924485125858123,0.6666666666666666,0.14285714285714285,0.18181818181818182,0.02564102564102564,0.18518518518518517,0.0594059405940594,0.18324607329842932,0.04128440366972477,0.027777777777777776,0.03571428571428571,,0.05128205128205128,0.08695652173913043,0.17647058823529413,0.16666666666666666,0.22727272727272727,0.21666666666666667,0.09523809523809523,,0.3333333333333333,0.5454545454545454,0.75,0.8333333333333334,0.21212121212121213,0.42857142857142855,0.5,1.0,0.09090909090909091,,,,0.2,1.0,,0.4,0.5,0.696969696969697,0.4977,0.5188333333333334,0.43845,0.029411764705882353,0.045454545454545456,0.24242424242424243,0.21212121212121213,6.023809523809524,0.6,0.25,0.3333333333333333,0.192,player_totals,wnba,2026,Regular Season,/get-totals/wnba,"{""Season"": ""2026"", ""SeasonType"": ""Regular Season"", ""Type"": ""Player""}",20260603T185758Z,2026-06-03T18:58:01+00:00,6ede6eaf7c80ac74e4bb05a74b442ef38936e6b2cf8f619a936f270a543603bc,1.0,4.0,,1.0,4.0,12.0,2.0,3.0,12.0,4.0,1.0,11.0,11.0,1.0,1.0,0.3333333333333333,0.6666666666666666,0.3333333333333333,0.36363636363636365,0.6470588235294118,0.12121212121212122,0.25,0.25,1.0,0.2,,,0.25,23.474999999999998,3.0,8.0,2.0,,,1.0,2.0,,,,,2.0,0.5,,,0.24242424242424243,0.375,0.375,1.0,0.4,,,,0.14285714285714285,2.0,1.0,0.4,0.5,,,,,,,,,,,2.0,1.0,1.0,,,,,,,"[""single_row_table_data"", ""multi_row_table_data""]",{}
203398,1611661323,Brittney Griner,Brittney Griner,203398,CON,5195.0,5,87.0,-34.0,255,251,49.0,78.0,39,506,13.0,18.0,3.0,7.0,4.0,5.0,10.0,23.0,1.0,4.0,24.0,45.0,13.0,61.0,273,6.0,14.0,1.0,13.0,5.0,10.0,5.0,15.0,38.0,10.0,4.0,1.0,9.0,1.0,10.0,1.0,,3.0,2.0,4.0,21.0,1.0,8.0,3.0,8.0,2.0,13.0,10.0,23.0,1.0,4.0,3.0,1.0,2.0,1.0,,7.0,,2.0,9.0,,3.0,4.0,12.0,1.0,,4.0,24.0,1.0,,18.0,2.0,6.0,4.0,6.0,,,2.0,6.0,48.0,15.0,49.0,,2.0,,3.0,7.0,6.0,1.0,93.72549019607844,108.76494023904384,0.7916666666666666,0.8636363636363636,0.5333333333333333,0.42857142857142855,0.5,0.5106382978723404,0.42857142857142855,0.5,0.5545454545454546,0.43333333333333335,0.5769230769230769,0.022222222222222223,0.05555555555555555,,21.548821548821547,0.2222222222222222,0.18181818181818182,0.13333333333333333,0.09876543209876543,0.057692307692307696,0.02127659574468085,0.09821428571428571,0.0703125,0.09523809523809523,0.08888888888888889,0.13333333333333333,0.023809523809523808,,0.038461538461538464,0.2,0.2222222222222222,0.07317073170731707,,0.045454545454545456,0.3829787234042553,0.7222222222222222,0.7647058823529411,0.8461538461538461,0.48936170212765956,0.43478260869565216,0.43478260869565216,0.7,0.0851063829787234,0.25,0.25,1.0,0.5,0.42857142857142855,0.3333333333333333,0.5,0.8,0.425531914893617,0.4794255319148936,0.5459384615384615,0.50522,0.11764705882352941,0.12244897959183673,0.21311475409836064,0.2459016393442623,6.797777777777777,0.2,0.3076923076923077,,0.19215686274509805,player_totals,wnba,2026,Regular Season,/get-totals/wnba,"{""Season"": ""2026"", ""SeasonType"": ""Regular Season"", ""Type"": ""Player""}",20260603T185758Z,2026-06-03T18:58:01+00:00,5bf8f8509287f8ec66c14864099af369b02b8c9f36b5b2f6bafb0e7455407484,,2.0,,,,2.0,,,,2.0,,4.0,3.0,,,,,,0.0425531914893617,0.5,0.0425531914893617,,,,,,,,25.3,,,,,,,,,,,,1.0,,,,,,,,,,,,,,,,,1.0,,0.09090909090909091,,,,,,,,,,,,,,,,,"[""single_row_table_data"", ""multi_row_table_data""]",{}
1631007,1611661331,Veronica Burton,Veronica Burton,1631007,GSV,4914.2,9,82.0,66.0,480,482,118.0,112.0,70,962,10.0,17.0,,1.0,1.0,3.0,12.0,37.0,1.0,6.0,23.0,60.0,34.0,128.0,486,1.0,5.0,6.0,14.0,3.0,11.0,18.0,30.0,12.0,34.0,,5.0,21.0,34.0,55.0,25.0,9.0,10.0,9.0,2.0,144.0,5.0,4.0,4.0,16.0,,20.0,9.0,29.0,1.0,8.0,7.0,1.0,9.0,,7.0,5.0,1.0,2.0,14.0,1.0,5.0,9.0,33.0,2.0,3.0,1.0,51.0,4.0,6.0,41.0,6.0,14.0,8.0,7.0,,,3.0,7.0,114.0,30.0,118.0,2.0,7.0,,3.0,5.0,7.0,5.0,115.0,100.8298755186722,0.2608695652173913,0.2608695652173913,0.38333333333333336,0.2,0.2727272727272727,0.4895833333333333,0.36363636363636365,0.3,0.5714285714285714,0.5,0.4838709677419355,0.08333333333333333,0.058823529411764705,0.10810810810810811,22.340425531914896,0.6428571428571429,,0.11678832116788321,0.027972027972027972,0.043478260869565216,0.041666666666666664,0.08733624454148471,0.034220532319391636,,0.02702702702702703,0.08695652173913043,0.05555555555555555,,0.20833333333333334,0.06557377049180328,0.07142857142857142,0.04285714285714286,0.045454545454545456,0.02,0.17708333333333334,0.5882352941176471,0.625,0.2,0.3854166666666667,0.32432432432432434,0.36363636363636365,0.3333333333333333,0.0625,0.16666666666666666,0.16666666666666666,,0.09090909090909091,,,0.15,0.3333333333333333,0.5520833333333334,0.4636622340425532,0.44211428571428574,0.4353,0.1346153846153846,0.20588235294117646,0.109375,0.234375,6.78,0.14285714285714285,0.24,0.75,0.24583333333333332,player_totals,wnba,2026,Regular Season,/get-totals/wnba,"{""Season"": ""2026"", ""SeasonType"": ""Regular Season"", ""Type"": ""Player""}",20260603T185758Z,2026-06-03T18:58:01+00:00,690b52e0de9497c75b50a2d6be211d858d5adb4797660b405eb4b3e2d275f4b3,12.0,30.0,2.0,6.0,16.0,36.0,2.0,6.0,30.0,30.0,12.0,3.0,4.0,,0.625,0.4444444444444444,0.3333333333333333,0.4444444444444444,0.375,0.5714285714285714,0.3125,0.4,0.41379310344827586,0.5,0.5454545454545454,0.3333333333333333,0.5,0.4,27.799999999999997,4.0,6.0,,2.0,9.0,2.0,9.0,18.0,1.0,,,,0.2222222222222222,0.027777777777777776,,0.0625,0.6666666666666666,0.6666666666666666,1.0,,0.45,0.2222222222222222,,0.55,,,,,,1.0,,4.0,,,,1.0,0.03333333333333333,1.0,,,,,,,,,,"[""single_row_table_data"", ""multi_row_table_data""]",{}
1629568,1611661323,Kennedy Burke,Kennedy Burke,1629568,CON,4840.0,11,81.0,-74.0,529,528,169.0,196.0,76,1057,10.0,23.0,3.0,7.0,3.0,8.0,5.0,12.0,4.0,9.0,19.0,44.0,13.0,78.0,557,3.0,9.0,1.0,13.0,6.0,15.0,8.0,26.0,26.0,12.0,4.0,6.0,14.0,8.0,22.0,5.0,3.0,8.0,5.0,1.0,52.0,3.0,7.0,15.0,12.0,4.0,31.0,10.0,41.0,3.0,13.0,10.0,3.0,11.0,2.0,8.0,14.0,3.0,3.0,25.0,1.0,7.0,10.0,22.0,1.0,2.0,4.0,17.0,,2.0,22.0,2.0,10.0,1.0,11.0,,,5.0,11.0,65.0,25.0,167.0,4.0,,2.0,15.0,7.0,4.0,,91.30434782608695,105.49242424242424,0.6842105263157895,0.7647058823529411,0.4318181818181818,0.3333333333333333,0.4,0.40625,0.46153846153846156,0.391304347826087,0.42696629213483145,0.4642857142857143,0.43103448275862066,0.13636363636363635,0.21739130434782608,0.08333333333333333,18.181818181818183,0.44,0.17391304347826086,0.09523809523809523,0.03910614525139665,0.16129032258064516,0.03488372093023256,0.1232876712328767,0.03773584905660377,0.07272727272727272,0.03409090909090909,,0.0410958904109589,,0.13953488372093023,0.06451612903225806,0.09523809523809523,0.1791044776119403,0.11538461538461539,0.06521739130434782,0.2875,0.43478260869565216,0.5555555555555556,0.6,0.15,0.4166666666666667,0.45454545454545453,0.8,0.1125,0.4444444444444444,0.4444444444444444,0.75,0.5384615384615384,0.42857142857142855,,0.34782608695652173,0.375,0.7375,0.502358125,0.5047,0.5007108695652174,0.11363636363636363,0.19230769230769232,0.16666666666666666,0.3333333333333333,6.375,0.5384615384615384,0.2857142857142857,0.4,0.31947069943289225,player_totals,wnba,2026,Regular Season,/get-totals/wnba,"{""Season"": ""2026"", ""SeasonType"": ""Regular Season"", ""Type"": ""Player""}",20260603T185758Z,2026-06-03T18:58:01+00:00,667b899640a3b91c6d149514cadaa50fa9a0c5b897ffd322a9b628d8280972fd,7.0,31.0,2.0,4.0,9.0,36.0,2.0,4.0,27.0,31.0,7.0,6.0,7.0,,1.0,0.25,0.5,0.25,0.45,0.6363636363636364,0.3875,0.22580645161290322,0.22580645161290322,1.0,0.3076923076923077,0.5,1.0,0.22580645161290322,24.84722222222222,2.0,5.0,,2.0,8.0,2.0,8.0,,,2.0,,1.0,0.25,,,0.0625,0.4,0.4,1.0,,0.34782608695652173,0.25,,0.4074074074074074,,,,,,,,,2.0,,,,,,,,,,,,,,,"[""single_row_table_data"", ""multi_row_table_data""]",{}
204324,1611661320,Dearica Hamby,Dearica Hamby,204324,LAS,4741.4,9,79.0,-24.0,540,539,157.0,140.0,67,1079,35.0,56.0,12.0,16.0,12.0,17.0,7.0,22.0,,,42.0,78.0,42.0,138.0,603,12.0,18.0,11.0,38.0,12.0,21.0,19.0,52.0,56.0,28.0,12.0,12.0,22.0,7.0,29.0,4.0,3.0,9.0,9.0,4.0,65.0,8.0,14.0,26.0,19.0,2.0,47.0,22.0,69.0,4.0,12.0,8.0,4.0,6.0,1.0,3.0,10.0,2.0,3.0,16.0,1.0,3.0,10.0,29.0,2.0,2.0,3.0,46.0,5.0,3.0,55.0,5.0,23.0,7.0,3.0,,,1.0,3.0,100.0,52.0,155.0,3.0,7.0,2.0,-2.0,2.0,19.0,1.0,107.22222222222221,111.87384044526902,0.6666666666666666,0.7777777777777778,0.5384615384615384,0.6666666666666666,0.5714285714285714,0.5217391304347826,0.675,0.5892857142857143,0.5897435897435898,0.7037037037037037,0.65,0.15384615384615385,0.10714285714285714,0.2727272727272727,21.49837133550489,0.375,0.15384615384615385,0.1557377049180328,0.11382113821138211,0.22413793103448276,0.07339449541284404,0.18907563025210083,0.09482758620689655,0.11904761904761904,0.10606060606060606,0.13333333333333333,0.09090909090909091,,0.1794871794871795,0.13114754098360656,0.18181818181818182,0.1958762886597938,0.3684210526315789,0.11764705882352941,0.6086956521739131,0.625,0.7,0.6285714285714286,0.2391304347826087,0.3181818181818182,0.4375,0.8571428571428571,,,,,0.8,0.75,0.3333333333333333,0.6071428571428571,0.7058823529411765,0.7608695652173914,0.5581940217391305,0.6071954545454545,0.5619714285714286,0.20909090909090908,0.23958333333333334,0.2753623188405797,0.37681159420289856,3.1948717948717946,0.3333333333333333,0.3333333333333333,,0.29074074074074074,player_totals,wnba,2026,Regular Season,/get-totals/wnba,"{""Season"": ""2026"", ""SeasonType"": ""Regular Season"", ""Type"": ""Player""}",20260603T185758Z,2026-06-03T18:58:01+00:00,2033bf77e97f033621977efe3bfcc0e99471a635c5d4b8d94e4ecc392c3b80c0,3.0,11.0,1.0,2.0,4.0,14.0,1.0,2.0,12.0,11.0,3.0,2.0,1.0,,1.0,0.2857142857142857,0.5,0.2857142857142857,0.15217391304347827,0.3333333333333333,0.11956521739130435,0.2727272727272727,0.2727272727272727,1.0,0.1,0.5,1.0,0.2727272727272727,24.735714285714288,1.0,3.0,1.0,2.0,6.0,3.0,7.0,,,1.0,,,0.42857142857142855,,,0.03260869565217391,0.3333333333333333,0.3333333333333333,1.0,0.03571428571428571,0.21428571428571427,0.3333333333333333,,0.5,,1.0,,1.0,,,,,1.0,,,1.0,,,,,,,,,,,,"[""single_row_table_data"", ""multi_row_table_data""]",{}
1630097,1611661331,Kaila Charles,Kaila Charles,1630097,GSV,4528.5,9,75.0,32.0,351,359,82.0,92.0,51,710,8.0,14.0,3.0,4.0,,3.0,7.0,15.0,,2.0,15.0,31.0,8.0,62.0,374,3.0,5.0,1.0,7.0,1.0,5.0,5.0,10.0,12.0,18.0,6.0,3.0,6.0,4.0,10.0,3.0,1.0,3.0,3.0,,24.0,7.0,7.0,10.0,19.0,2.0,31.0,16.0,47.0,1.0,3.0,2.0,1.0,6.0,1.0,4.0,7.0,1.0,2.0,13.0,2.0,3.0,10.0,23.0,1.0,1.0,,12.0,3.0,2.0,10.0,2.0,4.0,2.0,1.0,,,1.0,1.0,55.0,10.0,82.0,4.0,2.0,,8.0,13.0,6.0,1.0,115.66951566951568,104.17827298050139,0.4,0.5,0.4838709677419355,0.6,0.2,0.46551724137931033,0.375,0.22727272727272727,0.5,0.3888888888888889,0.35714285714285715,0.0967741935483871,0.07142857142857142,0.13333333333333333,18.159806295399516,0.46153846153846156,0.18181818181818182,0.18627450980392157,0.0660377358490566,0.14925373134328357,0.08536585365853659,0.17159763313609466,0.07446808510638298,0.06060606060606061,0.05660377358490566,0.1,0.08064516129032258,0.1,0.23684210526315788,0.16279069767441862,0.14285714285714285,0.15384615384615385,0.13333333333333333,0.03333333333333333,0.2413793103448276,0.5714285714285714,0.6153846153846154,0.25,0.25862068965517243,0.4666666666666667,0.5384615384615384,0.5714285714285714,0.034482758620689655,,,,0.5,0.75,,0.2727272727272727,,0.7068965517241379,0.49021315789473685,0.5594333333333333,0.527675,0.06666666666666667,0.12121212121212122,0.11290322580645161,0.16129032258064516,5.95483870967742,,0.125,0.5,0.2336182336182336,player_totals,wnba,2026,Regular Season,/get-totals/wnba,"{""Season"": ""2026"", ""SeasonType"": ""Regular Season"", ""Type"": ""Player""}",20260603T185758Z,2026-06-03T18:58:01+00:00,4d12aa97f7ecf929de0db16c471bc7b94c0bd40810677d18b7ad92d48f6eaad5,5.0,19.0,,2.0,8.0,27.0,,3.0,24.0,19.0,5.0,,,,1.0,0.2962962962962963,,0.2962962962962963,0.46551724137931033,,0.3275862068965517,0.2631578947368421,0.2631578947368421,1.0,0.25,,,0.2631578947368421,25.27037037037037,3.0,8.0,1.0,1.0,5.0,1.0,6.0,,1.0,3.0,,,0.16666666666666666,0.037037037037037035,0.125,0.13793103448275862,0.375,0.42857142857142855,1.0,0.09090909090909091,0.45454545454545453,0.2,,0.2631578947368421,1.0,,0.125,,2.0,,0.25,,,,,,,,,,,,,,,,,"[""single_row_table_data"", ""multi_row_table_data""]",{}
1631022,1611661322,Shakira Austin,Shakira Austin,1631022,WAS,4122.5,8,69.0,25.0,450,458,136.0,149.0,54,908,28.0,38.0,4.0,4.0,5.0,8.0,15.0,42.0,1.0,3.0,44.0,83.0,40.0,137.0,472,5.0,9.0,3.0,13.0,7.0,20.0,16.0,30.0,60.0,28.0,4.0,8.0,13.0,8.0,21.0,3.0,5.0,6.0,7.0,,50.0,3.0,3.0,20.0,37.0,5.0,62.0,7.0,69.0,,8.0,6.0,2.0,15.0,3.0,10.0,7.0,,5.0,22.0,3.0,6.0,4.0,18.0,,4.0,3.0,35.0,1.0,,52.0,9.0,24.0,6.0,9.0,,,1.0,9.0,124.0,30.0,135.0,6.0,6.0,,-9.0,8.0,-3.0,,110.44444444444444,103.05676855895196,0.6818181818181818,0.7142857142857143,0.5301204819277109,0.5555555555555556,0.35,0.5388888888888889,0.5555555555555556,0.30434782608695654,0.6126126126126126,0.5909090909090909,0.46774193548387094,0.0963855421686747,0.02631578947368421,0.16666666666666666,25.478927203065137,0.6818181818181818,0.45454545454545453,0.27611940298507465,0.02608695652173913,0.21505376344086022,0.04285714285714286,0.2511013215859031,0.032432432432432434,0.02564102564102564,0.030303030303030304,,0.03508771929824561,0.07692307692307693,0.17391304347826086,0.3387096774193548,0.3076923076923077,0.2463768115942029,0.125,,0.4222222222222222,0.7368421052631579,0.7567567567567568,0.7142857142857143,0.4666666666666667,0.35714285714285715,0.42857142857142855,0.6,0.03333333333333333,0.3333333333333333,0.3333333333333333,1.0,0.4444444444444444,1.0,0.5,0.34782608695652173,0.625,0.5,0.48834500000000003,0.46218333333333333,0.47349347826086957,0.22857142857142856,0.24489795918367346,0.0948905109489051,0.21897810218978103,4.750602409638554,0.1,0.3333333333333333,0.5,0.3022222222222222,player_totals,wnba,2026,Regular Season,/get-totals/wnba,"{""Season"": ""2026"", ""SeasonType"": ""Regular Season"", ""Type"": ""Player""}",20260603T185758Z,2026-06-03T18:58:01+00:00,aa8f280a94a8b800efbc391c770668b15a67dc9cabb6cedcc716c365bfd6d7aa,3.0,7.0,,,3.0,7.0,,,6.0,7.0,3.0,8.0,1.0,,0.6666666666666666,0.42857142857142855,,0.42857142857142855,0.07777777777777778,0.1111111111111111,0.07777777777777778,0.42857142857142855,0.42857142857142855,0.6666666666666666,,,,0.42857142857142855,24.414285714285715,,,,,3.0,,3.0,3.0,,1.0,,2.0,,,,,,,,,0.13043478260869565,,,0.5,,,,,1.0,,0.047619047619047616,,1.0,,,,,,,,,4.0,1.0,,,,,"[""single_row_table_data"", ""multi_row_table_data""]",{}
1642291,1611661330,Angel Reese,Angel Reese,1642291,ATL,4017.7000000000003,8,67.0,26.0,484,489,101.0,61.0,78,973,32.0,63.0,12.0,22.0,1.0,7.0,2.0,10.0,,2.0,34.0,75.0,33.0,104.0,486,12.0,23.0,15.0,39.0,2.0,10.0,10.0,14.0,38.0,30.0,16.0,13.0,12.0,16.0,28.0,12.0,4.0,11.0,1.0,,72.0,21.0,23.0,12.0,26.0,7.0,45.0,45.0,90.0,5.0,9.0,6.0,3.0,12.0,2.0,5.0,20.0,2.0,7.0,32.0,6.0,6.0,7.0,26.0,2.0,5.0,5.0,34.0,1.0,,45.0,3.0,20.0,4.0,6.0,1.0,1.0,5.0,7.0,65.0,13.0,99.0,3.0,2.0,2.0,6.0,9.0,-6.0,4.0,105.78512396694215,99.38650306748467,0.5588235294117647,0.7307692307692307,0.4533333333333333,0.5217391304347826,0.2,0.4176470588235294,0.5217391304347826,0.18181818181818182,0.49056603773584906,0.5909090909090909,0.4117647058823529,0.17333333333333334,0.14285714285714285,0.4,23.670668953687823,0.375,0.5833333333333334,0.21138211382113822,0.18699186991869918,0.12244897959183673,0.17647058823529413,0.17194570135746606,0.18181818181818182,0.24324324324324326,0.10526315789473684,0.09090909090909091,0.1836734693877551,0.14285714285714285,0.11627906976744186,0.34,0.13333333333333333,0.0958904109589041,0.2,0.13513513513513514,0.7411764705882353,0.5079365079365079,0.5925925925925926,0.5625,0.11764705882352941,0.2,0.3333333333333333,0.5,0.023529411764705882,,,,0.9565217391304348,0.5454545454545454,0.16666666666666666,0.6363636363636364,0.14285714285714285,0.8588235294117647,0.5795635294117647,0.59155,0.5500727272727273,0.19607843137254902,0.21739130434782608,0.375,0.1346153846153846,3.0573333333333337,0.5483870967741935,0.375,,0.20867768595041322,player_totals,wnba,2026,Regular Season,/get-totals/wnba,"{""Season"": ""2026"", ""SeasonType"": ""Regular Season"", ""Type"": ""Player""}",20260603T185758Z,2026-06-03T18:58:01+00:00,19867874c9798c81ef1c07aa649066c1cc8d0f6a5e4da6f9ee95f2dc3c7317b4,,4.0,,,1.0,10.0,,,3.0,4.0,,1.0,2.0,7.0,1.0,0.1,,0.1,0.11764705882352941,0.2857142857142857,0.047058823529411764,,,,,,,,23.8,1.0,6.0,1.0,,,,1.0,,,8.0,,,,,,0.07058823529411765,0.16666666666666666,0.16666666666666666,1.0,0.09090909090909091,,,,0.1111111111111111,,,,,1.0,,0.05263157894736842,,,,,,,,,,,,,,,,,"[""single_row_table_data"", ""multi_row_table_data""]",{}
1643436,1611661327,Serah Williams,Serah Williams,1643436,PDX,3928.6000000000004,9,65.0,-4.0,199,208,62.0,82.0,20,407,6.0,12.0,,2.0,2.0,2.0,3.0,9.0,,2.0,9.0,23.0,9.0,30.0,211,1.0,4.0,2.0,4.0,4.0,4.0,4.0,15.0,14.0,4.0,,2.0,2.0,2.0,4.0,2.0,,2.0,,,10.0,,5.0,5.0,11.0,2.0,18.0,7.0,25.0,2.0,5.0,4.0,1.0,1.0,,,2.0,,1.0,3.0,,,6.0,15.0,,2.0,1.0,17.0,2.0,,19.0,1.0,7.0,3.0,4.0,,,2.0,4.0,26.0,15.0,62.0,1.0,3.0,,5.0,2.0,-10.0,4.0,104.02010050251256,101.4423076923077,0.7777777777777778,0.7777777777777778,0.391304347826087,0.25,1.0,0.42,0.25,1.1,0.4411764705882353,0.3333333333333333,0.8333333333333334,0.08695652173913043,0.08333333333333333,0.1111111111111111,16.742081447963802,0.3333333333333333,0.5,0.3142857142857143,0.11627906976744186,0.08928571428571429,,0.17582417582417584,0.07042253521126761,,0.23809523809523808,,,,0.2727272727272727,0.375,0.25,0.06818181818181818,0.16666666666666666,0.15384615384615385,0.48,0.5,0.5454545454545454,0.6666666666666666,0.36,0.3333333333333333,0.375,1.0,0.08,,,,0.5,,,0.4,1.0,0.56,0.505846,0.44885,0.5857300000000001,0.22580645161290322,0.2413793103448276,0.13333333333333333,0.5,4.665217391304347,,0.4,,0.31155778894472363,player_totals,wnba,2026,Regular Season,/get-totals/wnba,"{""Season"": ""2026"", ""SeasonType"": ""Regular Season"", ""Type"": ""Player""}",20260603T185758Z,2026-06-03T18:58:01+00:00,612f3f6b3b908add943dbc474fe4e91c2cf97e195f26e80c7df16058d62ba553,,1.0,,,1.0,2.0,,,3.0,1.0,,2.0,4.0,2.0,1.0,0.5,,0.5,0.08,1.0,0.04,,,,,,,,24.0,1.0,1.0,1.0,,,1.0,1.0,,,1.0,,4.0,1.0,,,0.04,1.0,1.0,1.0,0.2,,,,,,1.0,,1.0,2.0,,0.2,,,,,,,,,,,,,,,,,"[""single_row_table_data"", ""multi_row_table_data""]",{}
1628886,1611661330,Jordin Canada,Jordin Canada,1628886,ATL,3870.0,8,64.0,34.0,477,476,104.0,68.0,70,953,18.0,25.0,,2.0,7.0,10.0,7.0,16.0,1.0,1.0,26.0,42.0,19.0,92.0,498,1.0,3.0,1.0,6.0,8.0,15.0,6.0,28.0,10.0,42.0,,3.0,29.0,26.0,55.0,23.0,3.0,27.0,2.0,,136.0,2.0,3.0,12.0,14.0,1.0,27.0,5.0,32.0,1.0,19.0,7.0,12.0,12.0,8.0,10.0,8.0,,2.0,20.0,1.0,3.0,12.0,18.0,,,,28.0,,6.0,23.0,3.0,13.0,,1.0,,,,1.0,86.0,28.0,102.0,,,,11.0,-3.0,9.0,,111.53039832285117,104.6218487394958,0.19230769230769232,0.19230769230769232,0.6190476190476191,0.3333333333333333,0.5333333333333333,0.5615384615384615,0.35714285714285715,0.5238095238095238,0.6133333333333333,0.375,0.5833333333333334,0.07142857142857142,0.04,0.125,16.843971631205676,0.6,0.07142857142857142,0.11965811965811966,0.02631578947368421,0.13636363636363635,0.018018018018018018,0.12682926829268293,0.022222222222222223,,0.06060606060606061,0.08333333333333333,0.011363636363636364,0.043478260869565216,0.044444444444444446,0.2127659574468085,0.08,0.13432835820895522,0.14285714285714285,0.03571428571428571,0.38461538461538464,0.72,0.75,0.1111111111111111,0.24615384615384617,0.4375,0.5,0.42857142857142855,0.015384615384615385,1.0,1.0,,0.2857142857142857,,,0.47619047619047616,0.7,0.7384615384615385,0.5318936507936508,0.5647916666666667,0.5685078947368422,0.17333333333333334,0.25,0.06521739130434782,0.30434782608695654,4.145238095238095,0.2857142857142857,0.5555555555555556,,0.2180293501048218,player_totals,wnba,2026,Regular Season,/get-totals/wnba,"{""Season"": ""2026"", ""SeasonType"": ""Regular Season"", ""Type"": ""Player""}",20260603T185758Z,2026-06-03T18:58:01+00:00,e64b6d71e2f1da7682b83bf0b4a1160913898b9f729dbd19f8d138bcbdc5aa42,6.0,18.0,1.0,3.0,7.0,23.0,1.0,4.0,21.0,18.0,6.0,1.0,1.0,2.0,1.0,0.30434782608695654,0.25,0.30434782608695654,0.35384615384615387,1.0,0.27692307692307694,0.3333333333333333,0.3333333333333333,1.0,0.42857142857142855,0.3333333333333333,1.0,0.3333333333333333,26.652173913043477,1.0,5.0,2.0,1.0,4.0,2.0,6.0,,1.0,,,,0.3333333333333333,0.043478260869565216,0.2,0.07692307692307693,0.2,0.25,1.0,0.09523809523809523,0.19047619047619047,0.25,,0.4375,1.0,1.0,0.14285714285714285,0.5,,,,1.0,,,,,,,,,,,,,,,,"[""single_row_table_data"", ""multi_row_table_data""]",{}
1643455,1611661322,Angela Dugalic,Angela Dugalic,1643455,WAS,3636.6,8,61.0,-35.0,189,196,64.0,78.0,23,385,9.0,12.0,3.0,3.0,3.0,3.0,5.0,9.0,,1.0,14.0,22.0,4.0,38.0,222,3.0,6.0,2.0,8.0,3.0,4.0,2.0,8.0,20.0,8.0,6.0,1.0,5.0,1.0,6.0,1.0,,2.0,3.0,,13.0,2.0,4.0,12.0,8.0,1.0,21.0,7.0,28.0,1.0,6.0,6.0,,2.0,,2.0,2.0,,,4.0,,1.0,5.0,12.0,,1.0,1.0,9.0,,2.0,7.0,1.0,2.0,2.0,2.0,1.0,1.0,1.0,3.0,30.0,8.0,64.0,5.0,2.0,,,7.0,,,98.94179894179895,113.26530612244898,0.7142857142857143,0.9090909090909091,0.6363636363636364,0.5,0.75,0.5151515151515151,0.42857142857142855,0.375,0.5277777777777778,0.5,0.4,0.045454545454545456,0.08333333333333333,,18.018018018018015,0.5,0.14285714285714285,0.17777777777777778,0.08,0.3076923076923077,0.045454545454545456,0.23809523809523808,0.06382978723404255,,0.07407407407407407,0.4,,0.25,0.16666666666666666,0.21739130434782608,0.1,0.2903225806451613,0.375,0.0625,0.36363636363636365,0.75,0.8181818181818182,0.5555555555555556,0.2727272727272727,0.5555555555555556,0.5555555555555556,1.0,0.030303030303030304,,,,0.42857142857142855,1.0,,0.375,1.0,0.696969696969697,0.5028984848484849,0.465525,0.52019375,0.058823529411764705,0.08695652173913043,0.21052631578947367,0.21052631578947367,4.8136363636363635,0.3333333333333333,0.25,,0.3386243386243386,player_totals,wnba,2026,Regular Season,/get-totals/wnba,"{""Season"": ""2026"", ""SeasonType"": ""Regular Season"", ""Type"": ""Player""}",20260603T185758Z,2026-06-03T18:58:01+00:00,5d67c2cbd9789785bc8e1bc5800e9fab48be40e4dd4d144561531947f66a895b,2.0,8.0,,,2.0,11.0,,1.0,6.0,8.0,2.0,1.0,,,1.0,0.18181818181818182,,0.18181818181818182,0.3333333333333333,,0.24242424242424243,0.25,0.25,1.0,,,,0.25,24.527272727272727,,3.0,,,4.0,,4.0,,,,,,,,,0.09090909090909091,,,,,0.5,,,0.5555555555555556,1.0,,0.14285714285714285,,1.0,,0.09090909090909091,,,,,,,,,,,,,,,,,"[""single_row_table_data"", ""multi_row_table_data""]",{}
1643494,1611661327,Frieda Buhner,Frieda Buhner,1643494,PDX,3482.1000000000004,8,58.0,-15.0,192,191,49.0,54.0,21,383,6.0,6.0,1.0,1.0,1.0,1.0,3.0,5.0,,,9.0,11.0,10.0,37.0,228,1.0,1.0,,2.0,3.0,3.0,4.0,13.0,14.0,4.0,2.0,2.0,1.0,1.0,2.0,,1.0,1.0,,,5.0,3.0,1.0,3.0,2.0,,5.0,4.0,9.0,,1.0,,1.0,4.0,1.0,2.0,2.0,,2.0,6.0,2.0,3.0,5.0,10.0,,1.0,,7.0,1.0,,10.0,,4.0,1.0,,,,,,35.0,13.0,49.0,1.0,1.0,,1.0,3.0,,,110.9375,119.3717277486911,0.7777777777777778,0.875,0.8181818181818182,1.0,1.0,0.6136363636363636,1.0,0.6428571428571429,0.6851851851851852,1.0,0.7222222222222222,0.18181818181818182,,0.4,15.207373271889402,0.6666666666666666,,0.05263157894736842,0.024390243902439025,0.06666666666666667,0.0967741935483871,0.060240963855421686,0.05555555555555555,,,0.3333333333333333,0.12,,0.07142857142857142,0.07142857142857142,,0.09090909090909091,,,0.2727272727272727,1.0,1.0,0.8333333333333334,0.22727272727272727,0.6,1.0,0.6666666666666666,,,,,1.0,1.0,,0.14285714285714285,1.0,0.7727272727272727,0.5250931818181818,,0.5056071428571428,0.15384615384615385,0.26666666666666666,0.05405405405405406,0.35135135135135137,3.909090909090909,,0.5,,0.2552083333333333,player_totals,wnba,2026,Regular Season,/get-totals/wnba,"{""Season"": ""2026"", ""SeasonType"": ""Regular Season"", ""Type"": ""Player""}",20260603T185758Z,2026-06-03T18:58:01+00:00,ad45473b8f5966f2157e0f5573743cb2d6e5acce2c610eca8b01b67984962035,1.0,6.0,,,3.0,11.0,,,9.0,6.0,1.0,,,,1.0,0.2727272727272727,,0.2727272727272727,0.5,,0.2727272727272727,0.16666666666666666,0.2,1.0,,,,0.16666666666666666,24.863636363636363,2.0,5.0,2.0,1.0,2.0,1.0,4.0,,1.0,,,,0.25,0.09090909090909091,,0.22727272727272727,0.4,0.4,1.0,0.2857142857142857,0.2857142857142857,0.5,,0.5714285714285714,,,,,,,,,,,,,0.16666666666666666,,,,,,,,,,,"[""single_row_table_data"", ""multi_row_table_data""]",{}
1628922,1611661329,Azura Stevens,Azura Stevens,1628922,CHI,3430.3999999999996,4,57.0,-28.0,137,137,17.0,27.0,13,274,7.0,13.0,,1.0,1.0,2.0,1.0,5.0,1.0,1.0,9.0,19.0,3.0,27.0,163,,1.0,,,1.0,2.0,,2.0,16.0,2.0,,4.0,7.0,2.0,9.0,1.0,1.0,4.0,3.0,,20.0,,1.0,,6.0,2.0,8.0,1.0,9.0,1.0,3.0,2.0,1.0,5.0,,3.0,1.0,,2.0,6.0,,1.0,5.0,7.0,,1.0,,3.0,,,3.0,1.0,2.0,,3.0,,,,3.0,27.0,2.0,17.0,1.0,,,,3.0,,,98.54014598540145,118.97810218978101,0.8888888888888888,0.8888888888888888,0.47368421052631576,,0.5,0.375,,0.25,0.4090909090909091,,0.25,0.21052631578947367,0.23076923076923078,0.2,25.49019607843137,0.8333333333333334,0.4,0.16666666666666666,0.029411764705882353,,,0.1111111111111111,0.014705882352941176,0.0625,,,,,0.16666666666666666,0.2727272727272727,0.07692307692307693,,,0.058823529411764705,0.40625,0.5384615384615384,0.7,0.8571428571428571,0.15625,0.2,0.25,1.0,0.03125,1.0,1.0,1.0,0.3333333333333333,,,0.5,0.5,0.8125,0.572003125,0.6779,0.6492875,0.06060606060606061,0.1,,0.07407407407407407,3.7578947368421054,0.16666666666666666,0.25,,0.12408759124087591,player_totals,wnba,2026,Regular Season,/get-totals/wnba,"{""Season"": ""2026"", ""SeasonType"": ""Regular Season"", ""Type"": ""Player""}",20260603T185758Z,2026-06-03T18:58:01+00:00,65f0d10630ac6c3c75ce5b7870353ad20efcf783ba93983f4ffb5fac08996de4,1.0,6.0,,,2.0,13.0,,2.0,6.0,6.0,1.0,3.0,2.0,,1.0,0.15384615384615385,,0.15384615384615385,0.40625,0.6666666666666666,0.1875,0.16666666666666666,0.16666666666666666,1.0,,,,0.16666666666666666,23.53846153846154,1.0,7.0,,,2.0,,2.0,,,1.0,,,,,,0.21875,0.14285714285714285,0.14285714285714285,1.0,,0.5,,,,2.0,,0.6666666666666666,,,,,,,,,,,,,,,,,,,,,"[""single_row_table_data"", ""multi_row_table_data""]",{}
1643430,1611661322,Cotie McMahon,Cotie McMahon,1643430,WAS,3257.1,6,54.0,-33.0,200,204,46.0,45.0,18,404,3.0,11.0,,2.0,,2.0,5.0,8.0,,,8.0,19.0,7.0,35.0,220,,2.0,2.0,2.0,,4.0,3.0,3.0,6.0,10.0,,3.0,9.0,1.0,10.0,,1.0,6.0,3.0,,21.0,,3.0,4.0,3.0,,7.0,3.0,10.0,3.0,4.0,2.0,2.0,2.0,2.0,2.0,5.0,,,7.0,,1.0,2.0,16.0,1.0,2.0,1.0,14.0,1.0,4.0,12.0,2.0,6.0,1.0,2.0,,,2.0,2.0,33.0,3.0,45.0,1.0,1.0,,-1.0,13.0,-5.0,,93.5,107.84313725490196,0.375,0.375,0.42105263157894735,,,0.5,,,0.5303030303030303,0.3333333333333333,0.21428571428571427,0.15789473684210525,0.2727272727272727,,17.69911504424779,0.2857142857142857,,0.05084745762711865,0.05555555555555555,0.10256410256410256,,0.07142857142857142,0.03614457831325301,0.047619047619047616,0.07692307692307693,,,,0.1,,0.09090909090909091,0.09375,0.14285714285714285,0.23076923076923078,0.39285714285714285,0.2727272727272727,0.375,0.3333333333333333,0.2857142857142857,0.625,0.625,0.4,,,,,1.0,,,0.4,,0.7142857142857143,0.5419785714285714,0.56365,0.54025,0.1875,0.2608695652173913,0.05714285714285714,0.08571428571428572,3.615789473684211,0.5,0.6666666666666666,,0.23,player_totals,wnba,2026,Regular Season,/get-totals/wnba,"{""Season"": ""2026"", ""SeasonType"": ""Regular Season"", ""Type"": ""Player""}",20260603T185758Z,2026-06-03T18:58:01+00:00,d95340c261f7aad2c546a1e3cff40f354b5580ce86678a10c2dc50360a34a249,3.0,8.0,,,4.0,9.0,,,12.0,8.0,3.0,,1.0,,1.0,0.4444444444444444,,0.4444444444444444,0.32142857142857145,0.5,0.2857142857142857,0.375,0.375,1.0,,,,0.375,25.1,1.0,1.0,,,1.0,,1.0,,,1.0,,4.0,,,,0.03571428571428571,1.0,1.0,1.0,,0.2,,,0.2,,,,,,,,,,,,,,,,,,5.0,,,,,,"[""single_row_table_data"", ""multi_row_table_data""]",{}
1643506,1611661327,Teja Oblak,Teja Oblak,1643506,PDX,3249.8999999999996,5,54.0,3.0,135,135,42.0,40.0,26,270,1.0,6.0,1.0,2.0,,1.0,5.0,10.0,2.0,2.0,8.0,18.0,1.0,32.0,140,1.0,2.0,,2.0,2.0,3.0,,13.0,,16.0,,3.0,12.0,5.0,17.0,2.0,3.0,11.0,,1.0,39.0,3.0,,1.0,2.0,,3.0,3.0,6.0,,3.0,3.0,,10.0,2.0,7.0,4.0,1.0,3.0,14.0,4.0,6.0,2.0,8.0,,1.0,,3.0,,,3.0,,1.0,,,,,,,30.0,13.0,42.0,1.0,,,,,,,105.92592592592592,103.7037037037037,,,0.4444444444444444,0.5,0.6666666666666666,0.6458333333333334,0.3333333333333333,1.0833333333333333,0.64,0.3333333333333333,1.0833333333333333,0.16666666666666666,0.3333333333333333,0.1,23.353293413173652,0.7142857142857143,,0.08,,0.027777777777777776,0.10714285714285714,0.04918032786885246,0.043478260869565216,,,,0.09090909090909091,0.16666666666666666,0.125,0.1,,0.03333333333333333,,,0.25,0.16666666666666666,0.25,,0.4166666666666667,0.5,0.5555555555555556,,0.08333333333333333,1.0,1.0,,0.6666666666666666,0.5,,0.16666666666666666,,0.5,0.4799541666666667,0.49500000000000005,0.546725,0.04,0.05263157894736842,0.0625,0.40625,6.433333333333334,0.6,0.6,,0.3111111111111111,player_totals,wnba,2026,Regular Season,/get-totals/wnba,"{""Season"": ""2026"", ""SeasonType"": ""Regular Season"", ""Type"": ""Player""}",20260603T185758Z,2026-06-03T18:58:01+00:00,d17f087c80dc3da948927aed81aa6d268d1ab432b10aeaf527f4b057dac85a3d,2.0,3.0,,1.0,5.0,6.0,,1.0,15.0,3.0,2.0,,,,1.0,0.8333333333333334,,0.8333333333333334,0.25,,0.125,0.6666666666666666,0.6666666666666666,1.0,0.3333333333333333,,,0.6666666666666666,23.916666666666668,3.0,3.0,2.0,1.0,1.0,3.0,3.0,,,1.0,,,1.0,,,0.125,1.0,1.0,1.0,0.3333333333333333,0.16666666666666666,1.0,,1.0,,2.0,,1.0,,,,,1.0,,,,,,,,,,,,,,,"[""single_row_table_data"", ""multi_row_table_data""]",{}
204365,1611661320,Erica Wheeler,Erica Wheeler,204365,LAS,3222.7,9,54.0,,512,513,192.0,172.0,68,1025,9.0,18.0,1.0,1.0,5.0,10.0,9.0,20.0,2.0,6.0,20.0,44.0,13.0,77.0,575,2.0,4.0,,4.0,9.0,19.0,9.0,36.0,20.0,20.0,,4.0,29.0,15.0,44.0,13.0,2.0,21.0,7.0,1.0,103.0,3.0,1.0,9.0,5.0,1.0,15.0,4.0,19.0,1.0,11.0,8.0,3.0,13.0,5.0,11.0,8.0,1.0,2.0,21.0,1.0,4.0,9.0,28.0,,1.0,1.0,25.0,2.0,5.0,17.0,1.0,4.0,4.0,1.0,,,1.0,1.0,73.0,32.0,190.0,5.0,2.0,1.0,4.0,19.0,-18.0,15.0,112.3046875,112.08576998050683,0.5,0.5,0.45454545454545453,0.5,0.47368421052631576,0.4266666666666667,0.2222222222222222,0.421875,0.4634146341463415,0.2222222222222222,0.47297297297297297,0.09090909090909091,0.05555555555555555,0.1,17.517006802721088,0.6190476190476191,0.06666666666666667,0.04424778761061947,0.008,0.08823529411764706,0.030303030303030304,0.06511627906976744,0.017857142857142856,0.020833333333333332,,,0.02631578947368421,0.043478260869565216,0.05263157894736842,0.03636363636363636,0.05,0.07228915662650602,0.15789473684210525,0.024390243902439025,0.24,0.5,0.5294117647058824,0.5555555555555556,0.26666666666666666,0.45,0.5,0.5555555555555556,0.08,0.3333333333333333,0.4,,0.1111111111111111,1.0,1.0,0.3125,0.5,0.6533333333333333,0.46860405405405403,0.46025,0.4513161290322581,0.05128205128205128,0.0851063829787234,0.05194805194805195,0.4675324675324675,7.079545454545454,0.5555555555555556,0.5454545454545454,0.25,0.375,player_totals,wnba,2026,Regular Season,/get-totals/wnba,"{""Season"": ""2026"", ""SeasonType"": ""Regular Season"", ""Type"": ""Player""}",20260603T185758Z,2026-06-03T18:58:01+00:00,4911cbdb202bd79cd7525daff98308dcf687a1ff55d80757a55318bb05286f8f,8.0,29.0,,4.0,8.0,31.0,,5.0,18.0,29.0,8.0,,1.0,,0.75,0.25806451612903225,,0.25806451612903225,0.41333333333333333,1.0,0.38666666666666666,0.27586206896551724,0.2857142857142857,0.75,0.4444444444444444,,,0.27586206896551724,26.43548387096774,,2.0,,3.0,13.0,3.0,13.0,6.0,1.0,,,7.0,0.23076923076923078,0.03225806451612903,,0.02666666666666667,,,,,0.40625,0.23076923076923078,,0.3181818181818182,1.0,,0.1111111111111111,,,,,1.0,2.0,,0.16666666666666666,,0.034482758620689655,,,,,,,,,,,"[""single_row_table_data"", ""multi_row_table_data""]",{}
1642804,1611661330,Te-Hina Paopao,Te-Hina Paopao,1642804,ATL,3014.6000000000004,8,50.0,-7.0,263,268,80.0,40.0,39,531,3.0,8.0,2.0,3.0,,3.0,2.0,7.0,1.0,1.0,6.0,16.0,5.0,47.0,261,3.0,4.0,,9.0,2.0,5.0,,25.0,6.0,6.0,2.0,5.0,10.0,3.0,13.0,3.0,,6.0,4.0,,29.0,,1.0,5.0,8.0,,13.0,1.0,14.0,,1.0,,1.0,6.0,1.0,4.0,3.0,,2.0,9.0,,3.0,6.0,11.0,,,1.0,6.0,,,6.0,,3.0,,2.0,,,1.0,2.0,38.0,25.0,80.0,,,,10.0,4.0,,3.0,96.57794676806084,97.38805970149254,0.5,0.6,0.375,0.75,0.4,0.525,0.6428571428571429,0.7352941176470589,0.5465116279069767,0.6428571428571429,0.7352941176470589,0.3125,0.5,0.14285714285714285,16.774193548387096,0.6666666666666666,,0.10810810810810811,0.014925373134328358,0.08771929824561403,,0.09923664122137404,0.007575757575757576,,0.04,,,,,0.1111111111111111,0.25,0.1111111111111111,,,0.2,0.375,0.75,,0.175,0.2857142857142857,0.3333333333333333,1.0,0.025,1.0,1.0,1.0,0.42857142857142855,0.6666666666666666,,0.17647058823529413,,0.8,0.51762625,0.5468785714285714,0.5222794117647059,0.06976744186046512,0.15789473684210525,0.19148936170212766,0.5319148936170213,5.8875,0.6,0.4,,0.3041825095057034,player_totals,wnba,2026,Regular Season,/get-totals/wnba,"{""Season"": ""2026"", ""SeasonType"": ""Regular Season"", ""Type"": ""Player""}",20260603T185758Z,2026-06-03T18:58:01+00:00,f7775904444a961813ed9092f1c727f05e928c37a37ef763120a8a1c20d6fba2,7.0,21.0,,2.0,10.0,24.0,1.0,3.0,27.0,21.0,7.0,1.0,2.0,,0.9,0.4166666666666667,0.3333333333333333,0.4166666666666667,0.6,1.0,0.525,0.3333333333333333,0.3333333333333333,0.8571428571428571,0.2857142857142857,,,0.3333333333333333,25.09166666666667,3.0,3.0,2.0,5.0,10.0,7.0,12.0,3.0,,1.0,,1.0,0.5833333333333334,,,0.075,1.0,1.0,1.0,0.11764705882352941,0.5882352941176471,0.5,,0.14285714285714285,1.0,2.0,0.14285714285714285,1.0,,,,,,,,,,,1.0,1.0,1.0,,,,,,,"[""single_row_table_data"", ""multi_row_table_data""]",{}
1642303,1611661323,Leila Lacan,Leila Lacan,1642303,CON,2907.0,2,48.0,-11.0,90,92,22.0,20.0,12,182,3.0,4.0,,1.0,1.0,1.0,2.0,6.0,2.0,5.0,7.0,15.0,3.0,23.0,91,1.0,3.0,,2.0,1.0,1.0,1.0,3.0,6.0,8.0,,,7.0,1.0,8.0,1.0,,6.0,1.0,,17.0,,2.0,2.0,,,2.0,2.0,4.0,2.0,2.0,,2.0,4.0,,4.0,1.0,,,5.0,,2.0,1.0,7.0,,,,7.0,,,8.0,,3.0,1.0,,,,,,21.0,3.0,20.0,1.0,1.0,,6.0,8.0,9.0,,88.88888888888889,98.91304347826086,0.42857142857142855,0.42857142857142855,0.4666666666666667,0.3333333333333333,1.0,0.37037037037037035,0.16666666666666666,0.3333333333333333,0.3709677419354839,0.16666666666666666,0.3,,,,33.9622641509434,0.8,,,0.07407407407407407,0.07407407407407407,,0.03636363636363636,0.041666666666666664,,0.07692307692307693,0.14285714285714285,,,,,,0.045454545454545456,0.2,0.1111111111111111,0.14814814814814814,0.75,0.75,,0.2222222222222222,0.3333333333333333,0.3333333333333333,0.5,0.18518518518518517,0.4,0.4,1.0,0.16666666666666666,,,0.3333333333333333,1.0,0.5925925925925926,0.48718518518518517,0.46755,0.5588833333333333,0.1,0.16666666666666666,0.08695652173913043,0.13043478260869565,10.726666666666667,,0.75,0.6666666666666666,0.24444444444444444,player_totals,wnba,2026,Regular Season,/get-totals/wnba,"{""Season"": ""2026"", ""SeasonType"": ""Regular Season"", ""Type"": ""Player""}",20260603T185758Z,2026-06-03T18:58:01+00:00,231c3bd8e50e5319ef84d89774a8279ba0aea4b095c150e90961a9031e9ca320,2.0,11.0,,3.0,2.0,12.0,,3.0,3.0,11.0,2.0,,,1.0,0.5,0.16666666666666666,,0.16666666666666666,0.4444444444444444,,0.4074074074074074,0.18181818181818182,0.18181818181818182,0.5,0.5,,,0.18181818181818182,24.933333333333334,,1.0,,,2.0,,2.0,3.0,,1.0,,,,,,0.037037037037037035,,,,,0.6666666666666666,,,0.2,,,,,,,,,,,,,,,,,,,,,,,,"[""single_row_table_data"", ""multi_row_table_data""]",{}
1628508,1611661331,Cecilia Zandalasini,Cecilia Zandalasini,1628508,GSV,2856.3,5,48.0,24.0,144,143,33.0,27.0,20,287,2.0,4.0,,,1.0,1.0,2.0,7.0,1.0,2.0,5.0,13.0,6.0,40.0,149,,,1.0,7.0,1.0,1.0,2.0,19.0,4.0,6.0,,2.0,2.0,7.0,9.0,4.0,3.0,2.0,,,25.0,1.0,1.0,2.0,4.0,,6.0,2.0,8.0,,5.0,2.0,3.0,6.0,2.0,3.0,3.0,,3.0,9.0,1.0,1.0,1.0,4.0,,,,8.0,,1.0,10.0,,3.0,1.0,,,,,,33.0,19.0,33.0,1.0,,,,,,,120.1388888888889,104.1958041958042,0.4,0.4,0.38461538461538464,,1.0,0.53125,0.75,0.9444444444444444,0.5555555555555556,0.7,0.95,0.15384615384615385,0.25,0.14285714285714285,26.78571428571429,0.6666666666666666,,0.12121212121212122,0.02702702702702703,0.05714285714285714,0.02564102564102564,0.08823529411764706,0.02631578947368421,,,0.16666666666666666,0.03125,,0.1,0.2,,0.07407407407407407,,,0.125,0.5,0.6666666666666666,0.5,0.21875,0.2857142857142857,0.3333333333333333,0.5,0.0625,0.5,0.5,,,,,0.1111111111111111,1.0,0.71875,0.4974125,0.54925,0.5224777777777778,0.08571428571428572,0.1875,0.175,0.475,9.184615384615386,0.5,,1.0,0.22916666666666666,player_totals,wnba,2026,Regular Season,/get-totals/wnba,"{""Season"": ""2026"", ""SeasonType"": ""Regular Season"", ""Type"": ""Player""}",20260603T185758Z,2026-06-03T18:58:01+00:00,6cdcd9dbe77d0a1f23c5fc61ddf73db45f84c5c0e7a916d7020764d66e5a5af9,8.0,18.0,2.0,3.0,8.0,19.0,2.0,4.0,12.0,18.0,8.0,,,,0.5,0.42105263157894735,0.5,0.42105263157894735,0.59375,,0.5625,0.4444444444444444,0.4444444444444444,0.5,0.75,0.6666666666666666,1.0,0.4444444444444444,24.75263157894737,,1.0,,5.0,8.0,5.0,8.0,12.0,,,,,0.625,,,0.03125,,,,,0.8888888888888888,0.625,,0.2727272727272727,1.0,,0.25,,,,,,1.0,,,,,,,,,,,,,,,"[""single_row_table_data"", ""multi_row_table_data""]",{}
1643467,1611661322,Cassandre Prosper,Cassandre Prosper,1643467,WAS,2740.1,8,46.0,-12.0,304,310,108.0,115.0,42,614,12.0,18.0,3.0,4.0,5.0,6.0,,9.0,,2.0,12.0,29.0,1.0,34.0,336,3.0,6.0,,6.0,5.0,10.0,,13.0,12.0,12.0,4.0,5.0,6.0,1.0,7.0,1.0,,6.0,,,15.0,3.0,5.0,2.0,3.0,1.0,6.0,8.0,14.0,2.0,4.0,4.0,,7.0,,6.0,3.0,,1.0,10.0,,5.0,7.0,29.0,,3.0,1.0,8.0,,3.0,3.0,1.0,2.0,,1.0,,,1.0,1.0,28.0,13.0,108.0,9.0,,2.0,4.0,1.0,-1.0,2.0,106.57894736842105,108.38709677419355,0.5,0.6,0.41379310344827586,0.5,0.5,0.375,0.375,0.40625,0.37777777777777777,0.375,0.40625,0.1724137931034483,0.1111111111111111,0.3333333333333333,15.193370165745856,0.7,0.08333333333333333,0.038461538461538464,0.056818181818181816,0.03333333333333333,0.057692307692307696,0.036231884057971016,0.05714285714285714,0.03225806451612903,0.061224489795918366,0.125,0.05405405405405406,0.06666666666666667,0.1,,,,0.15384615384615385,0.08333333333333333,0.4090909090909091,0.6666666666666666,0.75,0.5,0.20454545454545456,,,,0.045454545454545456,,,,0.5,0.75,,0.375,0.8333333333333334,0.75,0.5142431818181818,0.46170999999999995,0.5029125,0.044444444444444446,0.06666666666666667,0.17647058823529413,0.38235294117647056,4.3517241379310345,0.5,0.4444444444444444,0.5,0.35526315789473684,player_totals,wnba,2026,Regular Season,/get-totals/wnba,"{""Season"": ""2026"", ""SeasonType"": ""Regular Season"", ""Type"": ""Player""}",20260603T185758Z,2026-06-03T18:58:01+00:00,826fd7bf9cef83175e611f5f84dd85540e1833def405f02185600729abf60648,2.0,9.0,,,3.0,15.0,,2.0,9.0,9.0,2.0,,1.0,5.0,1.0,0.2,,0.2,0.3409090909090909,1.0,0.20454545454545456,0.2222222222222222,0.2222222222222222,1.0,,,,0.2222222222222222,23.866666666666667,1.0,6.0,2.0,1.0,4.0,1.0,6.0,,,1.0,,6.0,0.16666666666666666,,,0.13636363636363635,0.16666666666666666,0.16666666666666666,1.0,0.125,0.25,0.25,,0.4166666666666667,2.0,,0.25,,,,,,,,,,,,,,,2.0,7.0,,,,,"[""single_row_table_data"", ""multi_row_table_data""]",{}
1642792,1611661322,Kiki Iriafen,Kiki Iriafen,1642792,WAS,2513.3,8,42.0,24.0,442,435,125.0,145.0,50,877,33.0,47.0,14.0,15.0,12.0,15.0,7.0,20.0,,3.0,40.0,70.0,28.0,120.0,452,15.0,17.0,6.0,36.0,12.0,20.0,12.0,39.0,44.0,36.0,22.0,5.0,8.0,4.0,12.0,2.0,2.0,7.0,1.0,,28.0,6.0,16.0,18.0,39.0,4.0,61.0,23.0,84.0,2.0,5.0,3.0,2.0,7.0,2.0,3.0,7.0,,4.0,14.0,2.0,2.0,10.0,28.0,,5.0,2.0,35.0,5.0,,42.0,2.0,19.0,3.0,3.0,,,,3.0,84.0,39.0,124.0,2.0,3.0,3.0,15.0,6.0,13.0,12.0,107.6923076923077,103.9080459770115,0.55,0.7586206896551724,0.5714285714285714,0.8823529411764706,0.6,0.5679012345679012,0.8823529411764706,0.5869565217391305,0.594059405940594,0.8181818181818182,0.5909090909090909,0.07142857142857142,0.0425531914893617,0.15,22.817460317460316,0.5,0.3076923076923077,0.3046875,0.1415929203539823,0.20930232558139536,0.09090909090909091,0.26635514018691586,0.12290502793296089,0.16279069767441862,0.13793103448275862,0.08333333333333333,0.08163265306122448,0.11764705882352941,0.3,0.34375,0.20833333333333334,0.22727272727272727,0.15,0.0625,0.5802469135802469,0.7021276595744681,0.7333333333333333,0.5454545454545454,0.24691358024691357,0.35,0.4117647058823529,0.5714285714285714,0.037037037037037035,,,,0.8823529411764706,0.9333333333333333,0.14285714285714285,0.6521739130434783,0.8,0.7160493827160493,0.530186875,0.6061785714285713,0.5301181818181818,0.19387755102040816,0.21839080459770116,0.3,0.325,4.2457142857142856,0.21428571428571427,0.15384615384615385,,0.2828054298642534,player_totals,wnba,2026,Regular Season,/get-totals/wnba,"{""Season"": ""2026"", ""SeasonType"": ""Regular Season"", ""Type"": ""Player""}",20260603T185758Z,2026-06-03T18:58:01+00:00,274cd0ee5a20f1019760a0f8e98088462b9bbc3fdfc89c30e1468655ca0694de,3.0,9.0,,,4.0,11.0,,,12.0,9.0,3.0,3.0,2.0,,1.0,0.36363636363636365,,0.36363636363636365,0.13580246913580246,0.6666666666666666,0.1111111111111111,0.3333333333333333,0.3333333333333333,1.0,,,,0.3333333333333333,25.972727272727273,1.0,2.0,,1.0,3.0,1.0,3.0,,,,,3.0,0.3333333333333333,,,0.024691358024691357,0.5,0.5,1.0,,0.13043478260869565,0.3333333333333333,,0.5714285714285714,,,,,1.0,,0.07692307692307693,,,,,,,,,,,,5.0,,,,,"[""single_row_table_data"", ""multi_row_table_data""]",{}
1643450,1611661322,Rori Harmon,Rori Harmon,1643450,WAS,2405.8,6,40.0,-18.0,116,123,47.0,67.0,18,239,,,,,,,1.0,4.0,,,1.0,4.0,3.0,8.0,119,,,,,,,1.0,1.0,,2.0,,,9.0,1.0,10.0,,1.0,6.0,3.0,,21.0,,,3.0,5.0,,8.0,,8.0,,5.0,3.0,2.0,7.0,2.0,7.0,5.0,1.0,,12.0,,3.0,3.0,9.0,,,1.0,7.0,,2.0,4.0,,1.0,1.0,,,,,,8.0,,46.0,2.0,,,,,5.0,,87.06896551724138,96.7479674796748,,,0.25,,,0.2777777777777778,,,0.36363636363636365,,0.16666666666666666,,,,17.037037037037035,0.5833333333333334,,0.14285714285714285,,0.14285714285714285,,0.14285714285714285,,,,,,,,0.17647058823529413,0.2222222222222222,0.0625,0.4,,,,,,0.4444444444444444,0.25,0.25,,,,,,,,,,,0.5555555555555556,0.4369277777777778,0.6405,0.3735,0.1,0.2,,0.125,7.0,,,,0.4051724137931034,player_totals,wnba,2026,Regular Season,/get-totals/wnba,"{""Season"": ""2026"", ""SeasonType"": ""Regular Season"", ""Type"": ""Player""}",20260603T185758Z,2026-06-03T18:58:01+00:00,ad99872da49363d2618e99b266c7aa130296b472e705524ac4ebcfc13c2288c4,1.0,4.0,,1.0,1.0,5.0,,1.0,3.0,4.0,1.0,,,,1.0,0.2,,0.2,0.5555555555555556,,0.4444444444444444,0.25,0.25,1.0,1.0,,,0.25,25.2,,1.0,1.0,,1.0,,2.0,,,1.0,,,,,,0.1111111111111111,,,,0.5,0.5,,,0.25,,,,,,,,1.0,,,,,,,,,,,,,,,,"[""single_row_table_data"", ""multi_row_table_data""]",{}
1642302,1611661330,Isobel Borlase,Isobel Borlase,1642302,ATL,2219.5,8,37.0,-7.0,112,115,42.0,26.0,11,227,2.0,5.0,,1.0,1.0,3.0,3.0,4.0,,,5.0,9.0,,16.0,129,,2.0,,,4.0,7.0,,8.0,10.0,,,,5.0,1.0,6.0,1.0,,5.0,,,13.0,1.0,,1.0,3.0,1.0,5.0,2.0,7.0,,,,,,,,1.0,1.0,,1.0,,1.0,,1.0,,,,3.0,,,,,,,1.0,,,1.0,1.0,16.0,8.0,41.0,1.0,,,,,,,108.92857142857142,112.17391304347827,1.0,1.0,0.5555555555555556,,0.5714285714285714,0.5,,0.4444444444444444,0.5,,0.4444444444444444,,,,13.385826771653543,,0.25,0.0967741935483871,,0.0625,0.041666666666666664,0.0851063829787234,0.022727272727272728,,,,0.05,,0.07692307692307693,,0.3333333333333333,,0.14285714285714285,,0.3125,0.4,0.4,1.0,0.25,0.75,0.75,1.0,,,,,0.3333333333333333,,,0.3333333333333333,0.3333333333333333,0.75,0.507109375,0.3528,0.46875,,,,0.5,4.6,0.6666666666666666,,,0.375,player_totals,wnba,2026,Regular Season,/get-totals/wnba,"{""Season"": ""2026"", ""SeasonType"": ""Regular Season"", ""Type"": ""Player""}",20260603T185758Z,2026-06-03T18:58:01+00:00,bf5eb5a3c9b24c38c78ac976e140b09fce5cb4e3d84b78f57d29eafec889771b,2.0,7.0,,1.0,2.0,7.0,,1.0,6.0,7.0,2.0,,1.0,,1.0,0.2857142857142857,,0.2857142857142857,0.4375,1.0,0.4375,0.2857142857142857,0.2857142857142857,1.0,0.3333333333333333,,,0.2857142857142857,24.542857142857144,,,,,2.0,,2.0,,,,,,,,,,,,,,0.2222222222222222,,,0.2,,,,,1.0,,0.1111111111111111,,,,,,,,,,,,,,,,,"[""single_row_table_data"", ""multi_row_table_data""]",{}
204333,1611661329,Natasha Cloud,Natasha Cloud,204333,CHI,2161.5,8,36.0,-55.0,459,467,107.0,140.0,50,926,13.0,18.0,,1.0,2.0,3.0,5.0,14.0,3.0,5.0,21.0,37.0,16.0,76.0,503,1.0,4.0,,2.0,5.0,9.0,2.0,18.0,12.0,30.0,,1.0,22.0,12.0,34.0,7.0,5.0,11.0,8.0,3.0,80.0,1.0,1.0,18.0,11.0,1.0,30.0,2.0,32.0,,7.0,6.0,1.0,18.0,5.0,14.0,6.0,,4.0,24.0,2.0,8.0,17.0,34.0,,4.0,1.0,18.0,2.0,,22.0,2.0,11.0,1.0,2.0,1.0,1.0,1.0,3.0,74.0,18.0,107.0,1.0,1.0,7.0,16.0,4.0,13.0,12.0,97.60348583877996,107.70877944325483,0.2857142857142857,0.2857142857142857,0.5675675675675675,0.25,0.5555555555555556,0.4918032786885246,0.2,0.5,0.5352112676056338,0.2,0.5294117647058824,0.02702702702702703,,0.07142857142857142,18.44660194174757,0.75,0.06666666666666667,0.08333333333333333,0.008333333333333333,0.23684210526315788,0.00980392156862745,0.13942307692307693,0.009009009009009009,0.01818181818181818,,,0.013333333333333334,,0.07142857142857142,0.10638297872340426,0.06976744186046512,0.27419354838709675,0.07142857142857142,,0.29508196721311475,0.7222222222222222,0.7222222222222222,0.3076923076923077,0.22950819672131148,0.35714285714285715,0.38461538461538464,0.2,0.08196721311475409,0.6,0.6,0.3333333333333333,0.2,,,0.1875,0.6666666666666666,0.6885245901639344,0.4976991803278688,0.5046875,0.43828125,0.15714285714285714,0.2391304347826087,0.02631578947368421,0.23684210526315788,6.0,0.4,0.2222222222222222,0.5,0.23311546840958605,player_totals,wnba,2026,Regular Season,/get-totals/wnba,"{""Season"": ""2026"", ""SeasonType"": ""Regular Season"", ""Type"": ""Player""}",20260603T185758Z,2026-06-03T18:58:01+00:00,834bcd36597b052b957702eaf87d73072402d34ad08f9d05fc0504e1ea04f44f,4.0,20.0,,,6.0,24.0,,1.0,18.0,20.0,4.0,,,,1.0,0.25,,0.25,0.39344262295081966,,0.32786885245901637,0.2,0.2,1.0,,,,0.2,24.2625,2.0,4.0,,2.0,7.0,2.0,7.0,,,,,4.0,0.2857142857142857,,,0.06557377049180328,0.5,0.5,1.0,,0.4375,0.2857142857142857,,0.2222222222222222,1.0,,0.2,,,,,1.0,,,,,,1.0,,,,,,,,,,"[""single_row_table_data"", ""multi_row_table_data""]",{}
1642815,1611661325,Makayla Timpson,Makayla Timpson,1642815,IND,1857.1,8,31.0,5.0,246,249,94.0,111.0,30,495,14.0,22.0,4.0,6.0,5.0,6.0,2.0,4.0,,,16.0,26.0,7.0,39.0,273,4.0,6.0,3.0,11.0,5.0,7.0,2.0,12.0,26.0,6.0,4.0,6.0,4.0,2.0,6.0,2.0,,2.0,2.0,,14.0,3.0,10.0,6.0,9.0,3.0,18.0,13.0,31.0,,4.0,4.0,,1.0,,1.0,1.0,,,2.0,,,3.0,13.0,,2.0,1.0,10.0,,,11.0,1.0,5.0,1.0,3.0,,,2.0,3.0,28.0,12.0,94.0,1.0,1.0,2.0,3.0,6.0,,,113.00813008130082,109.63855421686746,0.8125,0.9285714285714286,0.6153846153846154,0.6666666666666666,0.7142857142857143,0.6153846153846154,0.6666666666666666,0.7142857142857143,0.6290322580645161,0.7857142857142857,0.75,0.23076923076923078,0.2727272727272727,,11.827956989247312,0.5,0.375,0.13846153846153847,0.18518518518518517,0.17142857142857143,0.06521739130434782,0.15,0.13,0.2608695652173913,0.21052631578947367,,0.06060606060606061,0.07692307692307693,0.047619047619047616,0.14705882352941177,0.3,0.11764705882352941,0.2222222222222222,,0.8461538461538461,0.6363636363636364,0.875,0.7857142857142857,0.15384615384615385,0.5,0.5,1.0,,,,,1.0,0.6666666666666666,0.25,0.8571428571428571,0.8333333333333334,0.8461538461538461,0.5899,0.57014,0.5794142857142858,0.16666666666666666,0.16666666666666666,0.28205128205128205,0.3076923076923077,2.957692307692308,0.375,,,0.3821138211382114,player_totals,wnba,2026,Regular Season,/get-totals/wnba,"{""Season"": ""2026"", ""SeasonType"": ""Regular Season"", ""Type"": ""Player""}",20260603T185758Z,2026-06-03T18:58:01+00:00,b18e0176435a8a9ea32bf2dda79ee1cb72a06851b8262ecce480ad77b8502ec3,,,,,,,,,,,,1.0,,,,,,,,,,,,,,,,,,,,,,,,,,,,,,,,,,,,,,,,,,,,,,,,,,,,,,,,,,,,,,,,,"[""single_row_table_data"", ""multi_row_table_data""]",{}
1643431,1611661330,Madina Okot,Madina Okot,1643431,ATL,1824.7,8,30.0,8.0,141,142,53.0,25.0,17,283,13.0,15.0,2.0,2.0,7.0,8.0,1.0,7.0,,,14.0,22.0,5.0,33.0,132,2.0,4.0,1.0,5.0,7.0,9.0,3.0,17.0,22.0,6.0,2.0,4.0,2.0,,2.0,,,2.0,,,4.0,,5.0,8.0,14.0,2.0,24.0,6.0,30.0,1.0,2.0,1.0,1.0,5.0,,3.0,8.0,,2.0,13.0,1.0,2.0,8.0,15.0,1.0,1.0,2.0,6.0,,,8.0,2.0,4.0,1.0,2.0,,,1.0,2.0,28.0,17.0,53.0,,1.0,,5.0,-15.0,4.0,1.0,99.29078014184398,92.95774647887325,0.7857142857142857,0.8461538461538461,0.6363636363636364,0.5,0.7777777777777778,0.56,0.5,0.7777777777777778,0.5892857142857143,0.5,0.7727272727272727,0.18181818181818182,,0.5714285714285714,25.30864197530864,0.38461538461538464,0.3333333333333333,0.3783783783783784,0.15625,0.22857142857142856,,0.3055555555555556,0.07575757575757576,0.07692307692307693,0.1875,0.3333333333333333,,,0.3333333333333333,0.4375,0.3333333333333333,0.2962962962962963,,0.14285714285714285,0.6,0.8666666666666667,0.8666666666666667,0.8461538461538461,0.28,0.14285714285714285,0.3333333333333333,,,,,,0.5,1.0,0.5,0.8888888888888888,0.875,0.72,0.523396,0.47185,0.5818,0.14814814814814814,0.16666666666666666,0.15151515151515152,0.5151515151515151,3.727272727272727,0.5,0.2,,0.375886524822695,player_totals,wnba,2026,Regular Season,/get-totals/wnba,"{""Season"": ""2026"", ""SeasonType"": ""Regular Season"", ""Type"": ""Player""}",20260603T185758Z,2026-06-03T18:58:01+00:00,4d301e3327b8ac45d7db2c6e2c1ffa0a367cecb2cc900d413df0788f847dcad4,,3.0,,,,3.0,,,,3.0,,1.0,1.0,4.0,,,,,0.12,0.5,0.12,,,,,,,,25.46666666666667,,,,,,,,,,4.0,,3.0,,,,,,,,,,,,0.3333333333333333,,,,,1.0,,0.14285714285714285,,,,,,,,,,,,,,,,,"[""single_row_table_data"", ""multi_row_table_data""]",{}
1642794,1611661331,Juste Jocyte,Juste Jocyte,1642794,GSV,1759.3,4,29.0,16.0,83,81,37.0,46.0,14,164,1.0,1.0,1.0,1.0,,,,2.0,1.0,4.0,2.0,7.0,2.0,21.0,88,2.0,2.0,,4.0,1.0,2.0,2.0,7.0,4.0,,,,5.0,1.0,6.0,1.0,,4.0,1.0,,13.0,,,1.0,2.0,,3.0,,3.0,,,,,3.0,1.0,2.0,2.0,,1.0,5.0,1.0,3.0,1.0,3.0,1.0,,,3.0,,,2.0,,,1.0,1.0,,,,1.0,17.0,7.0,37.0,1.0,1.0,,,,,,125.30120481927712,108.64197530864197,1.0,1.0,0.2857142857142857,1.0,0.5,0.59375,1.0,0.625,0.6176470588235294,1.0,0.7,,,,22.916666666666668,0.6,,0.09523809523809523,,0.07142857142857142,,0.08571428571428572,,,,,,,,0.14285714285714285,,0.1,,,0.0625,1.0,1.0,1.0,0.125,,,,0.25,0.25,0.25,1.0,0.5,1.0,1.0,,,0.625,0.478159375,0.5237,0.4903375,,,0.19047619047619047,0.3333333333333333,13.542857142857143,,,0.3333333333333333,0.4457831325301205,player_totals,wnba,2026,Regular Season,/get-totals/wnba,"{""Season"": ""2026"", ""SeasonType"": ""Regular Season"", ""Type"": ""Player""}",20260603T185758Z,2026-06-03T18:58:01+00:00,2e4c2d733dc3e64adc1ecb308dc1fd07c142d6121e7fc2e54d10c03ebdfb516f,5.0,9.0,,,5.0,9.0,,,12.0,9.0,5.0,,1.0,,0.8,0.5555555555555556,,0.5555555555555556,0.5625,1.0,0.5625,0.5555555555555556,0.5555555555555556,0.8,,,,0.5555555555555556,24.233333333333334,,,,1.0,2.0,1.0,2.0,3.0,,,,,0.5,,,,,,,,0.5,0.5,,0.5,,,,,,,,1.0,,,,,,1.0,,,,,,,,,,"[""single_row_table_data"", ""multi_row_table_data""]",{}
1642296,1611661327,Nyadiew Puoch,Nyadiew Puoch,1642296,PDX,1736.6999999999998,11,29.0,-40.0,429,434,89.0,121.0,50,863,11.0,24.0,2.0,3.0,2.0,4.0,3.0,7.0,,,14.0,31.0,4.0,44.0,477,2.0,3.0,,7.0,3.0,5.0,1.0,10.0,14.0,14.0,4.0,4.0,6.0,3.0,9.0,1.0,2.0,4.0,1.0,1.0,21.0,4.0,8.0,3.0,7.0,,10.0,12.0,22.0,4.0,9.0,7.0,2.0,8.0,1.0,5.0,3.0,1.0,3.0,11.0,1.0,1.0,8.0,26.0,,4.0,,12.0,3.0,1.0,8.0,4.0,5.0,1.0,1.0,,,,1.0,37.0,10.0,88.0,9.0,1.0,1.0,1.0,2.0,-3.0,1.0,101.86480186480186,109.90783410138249,0.5,0.5833333333333334,0.45161290322580644,0.6666666666666666,0.6,0.37735849056603776,0.3888888888888889,0.4090909090909091,0.4,0.35,0.4166666666666667,0.12903225806451613,0.125,0.14285714285714285,13.524590163934427,0.7272727272727273,,0.08139534883720931,0.07272727272727272,0.03333333333333333,0.042105263157894736,0.056818181818181816,0.05853658536585366,0.06666666666666667,0.058823529411764705,0.14285714285714285,0.04477611940298507,0.03571428571428571,0.058823529411764705,0.1111111111111111,0.0625,0.015873015873015872,0.07407407407407407,0.13333333333333333,0.4528301886792453,0.4583333333333333,0.5238095238095238,0.45454545454545453,0.1320754716981132,0.42857142857142855,0.5,0.6666666666666666,,,,,0.3333333333333333,0.6666666666666666,,0.36363636363636365,0.5,0.8679245283018868,0.5267292452830189,0.5377642857142857,0.5151363636363636,0.09259259259259259,0.15625,0.1590909090909091,0.22727272727272727,3.5387096774193547,0.3076923076923077,0.5,,0.20745920745920746,player_totals,wnba,2026,Regular Season,/get-totals/wnba,"{""Season"": ""2026"", ""SeasonType"": ""Regular Season"", ""Type"": ""Player""}",20260603T185758Z,2026-06-03T18:58:01+00:00,d514bfccc12f8000ed01ceae821a646693fcf9c7e4641ed9f561161d5a5f144a,1.0,9.0,,1.0,4.0,22.0,1.0,6.0,12.0,9.0,1.0,1.0,1.0,,1.0,0.18181818181818182,0.16666666666666666,0.18181818181818182,0.41509433962264153,1.0,0.16981132075471697,0.1111111111111111,0.1111111111111111,1.0,0.1111111111111111,,,0.1111111111111111,24.11818181818182,3.0,13.0,4.0,,2.0,1.0,6.0,,,1.0,,1.0,0.16666666666666666,,,0.24528301886792453,0.23076923076923078,0.23076923076923078,1.0,0.36363636363636365,0.18181818181818182,,,0.29411764705882354,5.0,1.0,0.5555555555555556,0.25,,,,,,,,,,,1.0,0.2,1.0,,,,,,,"[""single_row_table_data"", ""multi_row_table_data""]",{}
1643427,1611661322,Lauren Betts,Lauren Betts,1643427,WAS,1727.6,8,29.0,-30.0,203,211,63.0,86.0,25,414,8.0,17.0,3.0,7.0,2.0,3.0,8.0,15.0,1.0,5.0,17.0,37.0,10.0,44.0,218,4.0,10.0,2.0,10.0,5.0,9.0,7.0,17.0,30.0,4.0,2.0,3.0,2.0,,2.0,,,1.0,1.0,,4.0,2.0,6.0,4.0,5.0,6.0,15.0,8.0,23.0,3.0,1.0,1.0,,1.0,,,2.0,,1.0,3.0,,1.0,6.0,12.0,,1.0,2.0,13.0,,,13.0,1.0,6.0,1.0,3.0,,,3.0,3.0,34.0,17.0,63.0,,1.0,,4.0,,2.0,,92.61083743842366,103.3175355450237,0.8823529411764706,0.9375,0.4594594594594595,0.4,0.5555555555555556,0.4594594594594595,0.4,0.5555555555555556,0.5116279069767442,0.4166666666666667,0.6538461538461539,0.08108108108108109,0.17647058823529413,,19.491525423728813,0.3333333333333333,0.4,0.09433962264150944,0.10344827586206896,0.09523809523809523,0.047619047619047616,0.09473684210526316,0.08,0.22727272727272727,0.034482758620689655,,0.03125,0.1,,0.13793103448275862,0.08333333333333333,0.08823529411764706,0.125,0.17647058823529413,0.4594594594594595,0.47058823529411764,0.5714285714285714,0.875,0.40540540540540543,0.5333333333333333,0.5333333333333333,0.875,0.13513513513513514,0.2,0.2,1.0,0.7,0.42857142857142855,0.6666666666666666,0.3333333333333333,0.6666666666666666,0.4594594594594595,0.4747675675675676,0.5709333333333333,0.43264444444444444,0.14285714285714285,0.14285714285714285,0.22727272727272727,0.38636363636363635,6.635135135135135,0.6666666666666666,,0.25,0.3103448275862069,player_totals,wnba,2026,Regular Season,/get-totals/wnba,"{""Season"": ""2026"", ""SeasonType"": ""Regular Season"", ""Type"": ""Player""}",20260603T185758Z,2026-06-03T18:58:01+00:00,b8706595865f97ba81ad5238a54dd56800e0815b575724e8d0557e7f336ddc50,,,,,,,,,,,,,1.0,,,,,,,0.3333333333333333,,,,,,,,,,,,,,,,,,,,,2.0,,,,,,,,,,,,,,,,,,,,,,,,,,,,,,,,,,,,"[""single_row_table_data"", ""multi_row_table_data""]",{}
1643644,1611661322,Alicia Florez Getino,Alicia Florez Getino,1643644,WAS,1619.2,3,27.0,,128,129,58.0,50.0,17,257,2.0,3.0,1.0,2.0,2.0,2.0,4.0,8.0,1.0,2.0,7.0,13.0,5.0,22.0,138,1.0,2.0,,2.0,2.0,4.0,2.0,6.0,6.0,8.0,,1.0,7.0,6.0,13.0,5.0,1.0,4.0,3.0,,32.0,2.0,1.0,2.0,1.0,,3.0,3.0,6.0,,3.0,2.0,1.0,1.0,,1.0,,,,1.0,,,3.0,9.0,,,,9.0,,3.0,8.0,,3.0,1.0,,,,,,20.0,6.0,58.0,1.0,1.0,,6.0,5.0,5.0,,107.8125,106.9767441860465,0.42857142857142855,0.42857142857142855,0.5384615384615384,0.5,0.5,0.34,0.25,0.2,0.3793103448275862,0.25,0.25,0.07692307692307693,,0.125,19.23076923076923,1.0,,0.038461538461538464,0.02631578947368421,0.08333333333333333,0.06896551724137931,0.06,0.04477611940298507,0.125,,,0.09523809523809523,,,,0.25,0.09090909090909091,,,0.12,0.6666666666666666,0.6666666666666666,0.5,0.32,0.5,0.5714285714285714,0.5,0.08,0.5,0.5,,0.5,0.5,1.0,0.2,1.0,0.6,0.47953333333333337,0.5386,0.49368333333333336,0.10714285714285714,0.1875,0.09090909090909091,0.2727272727272727,8.215384615384615,,,1.0,0.453125,player_totals,wnba,2026,Regular Season,/get-totals/wnba,"{""Season"": ""2026"", ""SeasonType"": ""Regular Season"", ""Type"": ""Player""}",20260603T185758Z,2026-06-03T18:58:01+00:00,ce1987cc6e52123d779e9c9e14885a500ff40354a09c4b9db4c03a7cbcef88cb,1.0,8.0,,1.0,1.0,12.0,,2.0,3.0,8.0,1.0,,,,1.0,0.08333333333333333,,0.08333333333333333,0.48,,0.32,0.125,0.125,1.0,0.25,,,0.125,25.791666666666668,,4.0,2.0,,4.0,,6.0,,,,,,,,,0.16,,,,0.2,0.4,,,0.1111111111111111,1.0,,0.25,,,,,,,,,,,,,,,,,,,,,"[""single_row_table_data"", ""multi_row_table_data""]",{}
1629524,1611661327,Bridget Carleton,Bridget Carleton,1629524,PDX,1545.4,10,26.0,-2.0,574,577,133.0,165.0,66,1151,8.0,13.0,1.0,1.0,2.0,2.0,12.0,26.0,5.0,7.0,25.0,46.0,22.0,147.0,637,2.0,6.0,1.0,8.0,7.0,12.0,9.0,38.0,20.0,30.0,,5.0,11.0,10.0,21.0,6.0,4.0,6.0,5.0,,52.0,3.0,1.0,13.0,12.0,2.0,27.0,5.0,32.0,,21.0,13.0,8.0,3.0,2.0,3.0,5.0,,,8.0,,1.0,11.0,26.0,,2.0,3.0,31.0,1.0,4.0,24.0,2.0,7.0,3.0,3.0,1.0,1.0,3.0,4.0,139.0,32.0,130.0,3.0,,,12.0,-17.0,,2.0,110.62717770034843,110.39861351819758,0.4,0.4,0.5434782608695652,0.3333333333333333,0.5833333333333334,0.5580357142857143,0.2692307692307692,0.5178571428571429,0.5950413223140496,0.2857142857142857,0.5625,0.10869565217391304,0.23076923076923078,0.07692307692307693,19.754977029096477,0.375,0.14285714285714285,0.09375,0.006666666666666667,0.11304347826086956,0.024193548387096774,0.102880658436214,0.014598540145985401,,0.012658227848101266,,0.022222222222222223,0.029411764705882353,0.09259259259259259,0.11538461538461539,0.045454545454545456,0.11235955056179775,0.11538461538461539,,0.11607142857142858,0.6153846153846154,0.8,0.375,0.23214285714285715,0.46153846153846156,0.5,0.25,0.0625,0.7142857142857143,0.7142857142857143,0.8,0.07692307692307693,1.0,1.0,0.07142857142857142,1.0,0.7053571428571429,0.5022008928571429,0.5162277777777777,0.48478392857142855,0.06779661016949153,0.13725490196078433,0.05442176870748299,0.2585034013605442,8.689130434782609,0.4,0.21428571428571427,1.0,0.23170731707317074,player_totals,wnba,2026,Regular Season,/get-totals/wnba,"{""Season"": ""2026"", ""SeasonType"": ""Regular Season"", ""Type"": ""Player""}",20260603T185758Z,2026-06-03T18:58:01+00:00,05bb3328313631728b70cb8a9dbfed57b46210fad9bbb45b257c87fddacf1c73,19.0,49.0,1.0,5.0,25.0,66.0,1.0,7.0,72.0,49.0,19.0,,4.0,9.0,0.96,0.3787878787878788,0.14285714285714285,0.3787878787878788,0.5892857142857143,1.0,0.4375,0.3877551020408163,0.40425531914893614,0.9473684210526315,0.38461538461538464,0.2,1.0,0.3877551020408163,24.654545454545456,6.0,17.0,2.0,4.0,14.0,5.0,16.0,3.0,2.0,,1.0,10.0,0.3125,0.030303030303030304,,0.15178571428571427,0.35294117647058826,0.35294117647058826,1.0,0.07142857142857142,0.5,0.2857142857142857,0.014925373134328358,0.2926829268292683,2.0,1.0,0.15384615384615385,0.5,1.0,,0.1,1.0,4.0,,,,0.04081632653061224,,,,,,,,,,,"[""single_row_table_data"", ""multi_row_table_data""]",{}
1628317,1611661327,Karlie Samuelson,Karlie Samuelson,1628317,PDX,1519.0,4,25.0,-10.0,102,102,34.0,46.0,15,204,,,,,,,1.0,1.0,1.0,1.0,2.0,2.0,,4.0,108,2.0,2.0,,4.0,,,,,4.0,,,,,4.0,4.0,4.0,,,,,12.0,,1.0,,2.0,1.0,3.0,1.0,4.0,,2.0,2.0,,1.0,,1.0,1.0,,,2.0,,1.0,1.0,5.0,,,1.0,3.0,1.0,,,,,,1.0,,,,1.0,,,34.0,1.0,,,,,,,96.07843137254902,105.88235294117646,1.0,1.0,1.0,1.0,,0.16666666666666666,1.0,,0.16666666666666666,1.0,,,,,11.764705882352942,0.5,0.3333333333333333,0.09523809523809523,0.04,,,0.044444444444444446,0.022727272727272728,0.14285714285714285,,,,,0.125,,0.16666666666666666,,,,,,,,0.08333333333333333,1.0,1.0,1.0,0.08333333333333333,1.0,1.0,1.0,,,,,,0.8333333333333334,0.4992625,0.2114,0.529275,,,1.0,,12.75,,,,0.3333333333333333,player_totals,wnba,2026,Regular Season,/get-totals/wnba,"{""Season"": ""2026"", ""SeasonType"": ""Regular Season"", ""Type"": ""Player""}",20260603T185758Z,2026-06-03T18:58:01+00:00,a955e6361d591c0a259a7ac08aacb2fc58794e06359e8a859e19f13829a3315b,,7.0,,,,10.0,,,,7.0,,1.0,1.0,,,,,,0.8333333333333334,1.0,0.5833333333333334,,,,,,,,24.240000000000002,,3.0,,,2.0,,2.0,,,,,,,,,0.25,,,,,1.0,,,0.4,,,,,,,,2.0,,,,,,,,,,,,,,,,"[""single_row_table_data"", ""multi_row_table_data""]",{}
1643429,1611661323,Gianna Kneepkens,Gianna Kneepkens,1643429,CON,1503.6000000000001,11,25.0,-29.0,215,223,67.0,103.0,24,438,3.0,4.0,1.0,1.0,1.0,1.0,8.0,12.0,,3.0,11.0,19.0,7.0,38.0,230,1.0,2.0,,5.0,4.0,7.0,4.0,18.0,14.0,8.0,2.0,,2.0,3.0,5.0,2.0,1.0,2.0,,,13.0,4.0,4.0,3.0,3.0,3.0,9.0,8.0,17.0,,2.0,1.0,1.0,2.0,,2.0,,,,2.0,,,5.0,16.0,,3.0,,7.0,,1.0,7.0,,2.0,1.0,,,,,,33.0,18.0,67.0,4.0,1.0,1.0,2.0,2.0,,,93.48837209302326,103.1390134529148,0.6363636363636364,0.7,0.5789473684210527,0.5,0.5714285714285714,0.4696969696969697,0.8333333333333334,0.5833333333333334,0.5138888888888888,0.8333333333333334,0.6428571428571429,,,,15.510204081632653,1.0,0.3,0.06666666666666667,0.06349206349206349,0.08823529411764706,0.1111111111111111,0.0759493670886076,0.08080808080808081,0.13333333333333333,0.030303030303030304,0.06666666666666667,0.06451612903225806,0.4,0.15384615384615385,0.038461538461538464,,0.09523809523809523,0.07692307692307693,,0.12121212121212122,0.75,0.75,0.6666666666666666,0.36363636363636365,0.6666666666666666,0.6666666666666666,0.625,0.09090909090909091,,,,0.3333333333333333,1.0,,0.08333333333333333,1.0,0.5454545454545454,0.4743757575757576,0.707625,0.4458,0.05714285714285714,0.09523809523809523,0.13157894736842105,0.47368421052631576,8.763157894736842,1.0,,,0.3116279069767442,player_totals,wnba,2026,Regular Season,/get-totals/wnba,"{""Season"": ""2026"", ""SeasonType"": ""Regular Season"", ""Type"": ""Player""}",20260603T185758Z,2026-06-03T18:58:01+00:00,f7c8d22a86b02c5f8ebf207fce8b381e3635a6ee7d1766f74ac6867844490916,2.0,12.0,,,3.0,14.0,1.0,1.0,9.0,12.0,2.0,,,2.0,1.0,0.21428571428571427,1.0,0.21428571428571427,0.42424242424242425,,0.36363636363636365,0.16666666666666666,0.16666666666666666,1.0,,,,0.16666666666666666,24.5,1.0,2.0,,2.0,5.0,2.0,5.0,,,,,,0.4,,,0.06060606060606061,0.5,0.5,1.0,,0.4166666666666667,0.4,,0.36363636363636365,1.0,,0.3333333333333333,,,,,1.0,1.0,,,,,,1.0,1.0,1.0,,,,,,,"[""single_row_table_data"", ""multi_row_table_data""]",{}
1631135,1611661323,Olivia Nelson-Ododa,Olivia Nelson-Ododa,1631135,CON,1256.1000000000001,7,21.0,-35.0,221,228,86.0,83.0,29,449,10.0,13.0,2.0,2.0,4.0,5.0,4.0,10.0,,,14.0,23.0,17.0,45.0,250,3.0,4.0,2.0,8.0,4.0,8.0,11.0,19.0,24.0,4.0,2.0,2.0,12.0,5.0,17.0,5.0,,8.0,1.0,3.0,39.0,1.0,5.0,3.0,8.0,2.0,13.0,6.0,19.0,,7.0,5.0,2.0,2.0,,1.0,4.0,,1.0,6.0,1.0,3.0,7.0,21.0,3.0,2.0,1.0,22.0,,1.0,26.0,,7.0,6.0,1.0,3.0,2.0,,4.0,37.0,17.0,84.0,3.0,5.0,,3.0,8.0,7.0,3.0,97.28506787330316,109.64912280701755,0.8571428571428571,0.9230769230769231,0.6086956521739131,0.75,0.5,0.6086956521739131,0.75,0.5,0.625,0.8,0.5588235294117647,0.08695652173913043,0.07692307692307693,0.1,16.216216216216218,0.3333333333333333,0.16666666666666666,0.18181818181818182,0.0847457627118644,0.06818181818181818,0.024390243902439025,0.125,0.06,0.09090909090909091,0.13043478260869565,,0.02857142857142857,,0.26666666666666666,0.19047619047619047,,0.1,,,0.5652173913043478,0.7692307692307693,0.8333333333333334,0.8,0.43478260869565216,0.4,0.4444444444444444,1.0,,,,,0.5,1.0,0.5,0.625,0.8,0.5652173913043478,0.5283695652173913,0.577775,0.5295375,0.23333333333333334,0.23333333333333334,0.17777777777777778,0.4222222222222222,5.2043478260869565,1.0,0.4,,0.3891402714932127,player_totals,wnba,2026,Regular Season,/get-totals/wnba,"{""Season"": ""2026"", ""SeasonType"": ""Regular Season"", ""Type"": ""Player""}",20260603T185758Z,2026-06-03T18:58:01+00:00,763d8bd222f7db0ad6d5d62b6e799d179ba45ace0d903e8c9fe2069550f8dc41,,,,,,,,,,,,1.0,1.0,,,,,,,0.25,,,,,,,,,,,,,,,,,,,,,1.0,,,,,,,,,,,,,,,,,,,,,,1.0,,,,,,,,,,,,1.0,,"[""single_row_table_data"", ""multi_row_table_data""]",{}
1642304,1611661327,Carla Leite,Carla Leite,1642304,PDX,1226.4999999999995,9,20.0,31.0,408,414,89.0,118.0,39,822,17.0,23.0,1.0,1.0,5.0,6.0,13.0,33.0,5.0,15.0,35.0,71.0,52.0,137.0,437,2.0,6.0,4.0,8.0,9.0,16.0,17.0,41.0,16.0,54.0,2.0,4.0,25.0,22.0,47.0,15.0,7.0,14.0,10.0,1.0,116.0,1.0,2.0,7.0,4.0,,11.0,3.0,14.0,2.0,4.0,4.0,,21.0,3.0,17.0,10.0,,4.0,31.0,,9.0,8.0,19.0,1.0,,2.0,45.0,2.0,3.0,54.0,3.0,23.0,4.0,,,,,,129.0,41.0,87.0,3.0,4.0,,3.0,11.0,,,114.70588235294117,105.55555555555556,0.22857142857142856,0.23529411764705882,0.49295774647887325,0.3333333333333333,0.5625,0.5,0.2857142857142857,0.6,0.6192660550458715,0.4444444444444444,0.7321428571428571,0.056338028169014086,,0.12121212121212122,30.973451327433633,0.6774193548387096,,0.038834951456310676,0.022222222222222223,0.07865168539325842,0.012987012987012988,0.057291666666666664,0.017964071856287425,,0.04,,0.019230769230769232,,0.022727272727272728,0.047619047619047616,0.058823529411764705,0.06060606060606061,0.13043478260869565,0.05263157894736842,0.27058823529411763,0.7391304347826086,0.7391304347826086,0.23529411764705882,0.38823529411764707,0.3939393939393939,0.4482758620689655,0.23076923076923078,0.17647058823529413,0.3333333333333333,0.3333333333333333,0.2,0.14285714285714285,1.0,,0.3,0.8333333333333334,0.43529411764705883,0.45589647058823524,0.42587,0.43371000000000004,0.21904761904761905,0.25274725274725274,0.058394160583941604,0.29927007299270075,8.200000000000001,0.16666666666666666,0.2,0.5,0.2181372549019608,player_totals,wnba,2026,Regular Season,/get-totals/wnba,"{""Season"": ""2026"", ""SeasonType"": ""Regular Season"", ""Type"": ""Player""}",20260603T185758Z,2026-06-03T18:58:01+00:00,70422f07eae100ef505ecb4396f0402e3704cd0bd9afe582a7d43f73527ed9bf,4.0,12.0,,,5.0,14.0,,1.0,9.0,12.0,4.0,,,3.0,0.6,0.35714285714285715,,0.35714285714285715,0.16470588235294117,,0.1411764705882353,0.3333333333333333,0.3333333333333333,0.5,,,,0.3333333333333333,25.135714285714283,1.0,2.0,1.0,2.0,3.0,2.0,4.0,6.0,,3.0,,,0.5,,,0.023529411764705882,0.5,0.5,1.0,0.05,0.15,0.6666666666666666,,0.25,1.0,,0.14285714285714285,,,,,2.0,2.0,,,,,,,,,,,,,,,"[""single_row_table_data"", ""multi_row_table_data""]",{}
1643448,1611661323,Nell Angloma,Nell Angloma,1643448,CON,1119.0,8,19.0,-7.0,195,198,76.0,86.0,26,393,8.0,12.0,,,3.0,6.0,5.0,11.0,,2.0,13.0,25.0,10.0,39.0,217,,3.0,1.0,1.0,4.0,9.0,6.0,14.0,10.0,16.0,,5.0,1.0,1.0,2.0,1.0,,,,1.0,5.0,1.0,3.0,4.0,4.0,,8.0,4.0,12.0,,6.0,1.0,5.0,2.0,1.0,1.0,4.0,,1.0,6.0,1.0,4.0,10.0,18.0,,3.0,,10.0,1.0,,16.0,,6.0,2.0,2.0,,,1.0,2.0,38.0,14.0,76.0,4.0,2.0,,-9.0,,,,107.6923076923077,109.5959595959596,0.38461538461538464,0.38461538461538464,0.52,,0.4444444444444444,0.5178571428571429,,0.4,0.5416666666666666,0.125,0.5,0.2,0.16666666666666666,0.18181818181818182,18.34061135371179,0.3333333333333333,,0.12121212121212122,0.05172413793103448,0.11428571428571428,0.03571428571428571,0.11764705882352941,0.046511627906976744,,0.07692307692307693,0.06666666666666667,0.041666666666666664,,0.1111111111111111,0.11764705882352941,0.14285714285714285,0.08333333333333333,0.18181818181818182,,0.42857142857142855,0.6666666666666666,0.8,0.5,0.39285714285714285,0.45454545454545453,0.5555555555555556,0.2,0.07142857142857142,,,,,,,0.6,0.5,0.5357142857142857,0.5012285714285715,0.36493333333333333,0.54681,0.17647058823529413,0.1935483870967742,0.02564102564102564,0.358974358974359,5.5,0.25,0.16666666666666666,,0.38974358974358975,player_totals,wnba,2026,Regular Season,/get-totals/wnba,"{""Season"": ""2026"", ""SeasonType"": ""Regular Season"", ""Type"": ""Player""}",20260603T185758Z,2026-06-03T18:58:01+00:00,4f7d3bd276fa8b6945318d2793c9671329e04c30f91b09df1ce8185d9d46027b,,2.0,,,1.0,3.0,,,3.0,2.0,,1.0,1.0,,1.0,0.3333333333333333,,0.3333333333333333,0.10714285714285714,0.5,0.07142857142857142,,,,,,,,23.2,1.0,1.0,,,1.0,,1.0,,,3.0,,,,,,0.03571428571428571,1.0,1.0,1.0,,0.1,,,0.5,,,,,,,,,,,0.5,,,,,,,,,,,,,"[""single_row_table_data"", ""multi_row_table_data""]",{}
1641683,1611661327,Holly Winterburn,Holly Winterburn,1641683,PDX,1069.0,6,18.0,-37.0,114,120,31.0,70.0,11,234,3.0,3.0,1.0,1.0,1.0,1.0,2.0,5.0,,,5.0,8.0,2.0,12.0,137,1.0,1.0,,2.0,1.0,1.0,2.0,4.0,8.0,2.0,,,6.0,8.0,14.0,5.0,3.0,3.0,3.0,,36.0,,,5.0,2.0,,7.0,,7.0,,3.0,1.0,2.0,3.0,3.0,2.0,4.0,1.0,1.0,7.0,,2.0,,4.0,,,,4.0,,,2.0,,,1.0,,,,,,10.0,4.0,31.0,1.0,1.0,,,,,,87.71929824561404,114.16666666666667,0.8,0.8,0.625,1.0,1.0,0.35714285714285715,1.0,0.3333333333333333,0.4,1.0,0.5,,,,17.741935483870968,0.42857142857142855,,0.09523809523809523,,0.16129032258064516,,0.1346153846153846,,,,,,,,0.1111111111111111,0.3333333333333333,0.19047619047619047,0.1,,0.21428571428571427,1.0,1.0,1.0,0.35714285714285715,0.4,0.4,0.5,,,,,1.0,1.0,1.0,0.3333333333333333,1.0,0.6428571428571429,0.4690607142857143,,0.5057666666666667,,,0.16666666666666666,0.3333333333333333,4.65,,,,0.2719298245614035,player_totals,wnba,2026,Regular Season,/get-totals/wnba,"{""Season"": ""2026"", ""SeasonType"": ""Regular Season"", ""Type"": ""Player""}",20260603T185758Z,2026-06-03T18:58:01+00:00,195c91374c1fa183b9a579dc8ee260fa0ae648dd871b597355be34e33412a35e,,6.0,,,,6.0,,,,6.0,,,,,,,,,0.42857142857142855,,0.42857142857142855,,,,,,,,26.983333333333334,,,,,2.0,,2.0,,,,,,,,,,,,,,0.6666666666666666,,,0.5,,,,,,,,1.0,,,,,,,,,,,,,,,,"[""single_row_table_data"", ""multi_row_table_data""]",{}
1630148,1611661320,Jihyun Park,Jihyun Park,1630148,LAS,1050.9,6,18.0,-3.0,80,80,29.0,33.0,8,160,1.0,1.0,,,,,,1.0,,,1.0,2.0,2.0,4.0,97,,,,,,,,,2.0,,,1.0,3.0,1.0,4.0,1.0,,1.0,1.0,1.0,9.0,1.0,,1.0,1.0,,2.0,1.0,3.0,,3.0,3.0,,,,,1.0,,,1.0,,,4.0,9.0,,,,4.0,1.0,1.0,4.0,,,2.0,,,,,,4.0,,29.0,3.0,1.0,,1.0,3.0,,,117.5,121.25,1.0,1.0,0.5,,,0.2,,,0.2857142857142857,,,0.5,,1.0,8.88888888888889,,,0.07692307692307693,,0.047619047619047616,0.08333333333333333,0.058823529411764705,0.03333333333333333,,,,,0.25,,0.125,,0.05555555555555555,,,0.2,1.0,1.0,1.0,0.2,,,,,,,,,,,,,0.8,0.51761,,0.53535,,,,,4.7,,1.0,,0.3625,player_totals,wnba,2026,Regular Season,/get-totals/wnba,"{""Season"": ""2026"", ""SeasonType"": ""Regular Season"", ""Type"": ""Player""}",20260603T185758Z,2026-06-03T18:58:01+00:00,beb45f3b88ef55af09209e86838b01b934c668d2e2d133202f62f45dd4200399,,1.0,,,,3.0,,,,1.0,,,,,,,,,0.6,,0.2,,,,,,,,23.53333333333333,,2.0,1.0,,,,1.0,,,1.0,,,,,,0.4,,,,1.0,,,,0.3333333333333333,,,,,,,,,,,,1.0,,,,,,,,,,,,"[""single_row_table_data"", ""multi_row_table_data""]",{}
1642781,1611661322,Georgia Amoore,Georgia Amoore,1642781,WAS,977.2,8,16.0,10.0,361,357,83.0,109.0,42,718,3.0,7.0,,,2.0,3.0,1.0,5.0,1.0,3.0,5.0,15.0,13.0,47.0,383,,,,,3.0,5.0,9.0,15.0,2.0,8.0,,,23.0,7.0,30.0,6.0,1.0,11.0,11.0,1.0,67.0,,,5.0,2.0,1.0,8.0,1.0,9.0,,3.0,2.0,1.0,15.0,3.0,12.0,4.0,1.0,3.0,19.0,,5.0,6.0,25.0,,1.0,,9.0,,1.0,14.0,,3.0,4.0,1.0,1.0,1.0,1.0,2.0,47.0,15.0,83.0,3.0,4.0,3.0,5.0,18.0,10.0,,108.86426592797784,107.28291316526611,0.2,0.2,0.3333333333333333,,0.6,0.3541666666666667,,0.2727272727272727,0.42727272727272725,,0.46875,,,,17.831325301204817,0.7894736842105263,0.09090909090909091,0.019230769230769232,,0.06756756756756757,,0.03932584269662921,,,,,,,,0.02,0.05,0.057692307692307696,0.09090909090909091,,0.14583333333333334,0.42857142857142855,0.42857142857142855,0.3333333333333333,0.10416666666666667,0.2,0.2,,0.0625,0.3333333333333333,0.3333333333333333,,,,,0.2727272727272727,0.6666666666666666,0.8333333333333334,0.513528125,0.58905,0.5118,0.058823529411764705,0.16666666666666666,,0.3191489361702128,8.113333333333333,0.25,0.5,0.5,0.2299168975069252,player_totals,wnba,2026,Regular Season,/get-totals/wnba,"{""Season"": ""2026"", ""SeasonType"": ""Regular Season"", ""Type"": ""Player""}",20260603T185758Z,2026-06-03T18:58:01+00:00,519b7b1d9bf974d6d3976528d82d52f58040802103f52f9dae71ca5e5758cff1,4.0,26.0,,2.0,8.0,33.0,,3.0,15.0,26.0,4.0,,,,0.625,0.24242424242424243,,0.24242424242424243,0.6875,,0.5416666666666666,0.15384615384615385,0.15384615384615385,0.5,0.6666666666666666,,,0.15384615384615385,24.633333333333333,4.0,7.0,,,6.0,,6.0,9.0,,,,,,,,0.14583333333333334,0.5714285714285714,0.5714285714285714,0.75,,0.5454545454545454,,,0.25,1.0,,0.3333333333333333,,1.0,,0.1,,,,,,,,,,,,,,,,,"[""single_row_table_data"", ""multi_row_table_data""]",{}
1631055,1611661332,Nyara Sabally,Nyara Sabally,1631055,TOR,960.9000000000001,7,16.0,15.0,348,357,87.0,93.0,44,705,23.0,32.0,5.0,7.0,8.0,10.0,2.0,7.0,1.0,2.0,26.0,41.0,19.0,83.0,369,5.0,7.0,5.0,15.0,10.0,14.0,4.0,24.0,36.0,16.0,6.0,5.0,5.0,7.0,12.0,6.0,1.0,3.0,1.0,1.0,31.0,4.0,12.0,8.0,12.0,,20.0,17.0,37.0,2.0,11.0,6.0,5.0,5.0,,3.0,3.0,,2.0,8.0,1.0,3.0,9.0,17.0,,,2.0,24.0,3.0,,25.0,1.0,12.0,1.0,10.0,,,4.0,10.0,68.0,24.0,85.0,2.0,1.0,,5.0,1.0,8.0,,110.3448275862069,103.36134453781513,0.6923076923076923,0.782608695652174,0.6341463414634146,0.7142857142857143,0.7142857142857143,0.6274509803921569,0.625,0.7142857142857143,0.6587301587301587,0.6818181818181818,0.7058823529411765,0.12195121951219512,0.09375,0.2857142857142857,17.75,0.625,,0.16901408450704225,0.14457831325301204,0.1038961038961039,0.05128205128205128,0.13513513513513514,0.09937888198757763,0.10526315789473684,0.22580645161290322,0.07142857142857142,0.06666666666666667,,0.20833333333333334,0.15384615384615385,0.125,0.07017543859649122,0.2,0.125,0.6274509803921569,0.71875,0.7931034482758621,0.6521739130434783,0.13725490196078433,0.2857142857142857,0.4,1.0,0.0392156862745098,0.5,0.5,1.0,0.875,0.7142857142857143,0.4,0.7142857142857143,0.8,0.8235294117647058,0.574221568627451,0.6271928571428571,0.5834357142857144,0.1935483870967742,0.23076923076923078,0.18072289156626506,0.2891566265060241,3.3804878048780487,0.2222222222222222,0.6,,0.25,player_totals,wnba,2026,Regular Season,/get-totals/wnba,"{""Season"": ""2026"", ""SeasonType"": ""Regular Season"", ""Type"": ""Player""}",20260603T185758Z,2026-06-03T18:58:01+00:00,3bc9ecfe8d5f85b94cc4ec13d2080af189b8101d208a818a2c872d3b29b82a2c,2.0,5.0,,,4.0,10.0,,1.0,12.0,5.0,2.0,6.0,8.0,,1.0,0.4,,0.4,0.19607843137254902,0.8,0.09803921568627451,0.4,0.4,1.0,,,,0.4,23.79,2.0,5.0,,,,,,,,1.0,,,,,,0.09803921568627451,0.4,0.4,1.0,,,,,0.16666666666666666,1.0,,0.125,,1.0,,0.14285714285714285,,,,,,,,,,,,,,,,,"[""single_row_table_data"", ""multi_row_table_data""]",{}
1630446,1611661322,Michaela Onyenwere,Michaela Onyenwere,1630446,WAS,922.0,4,15.0,35.0,167,169,37.0,54.0,18,336,3.0,4.0,2.0,2.0,,,4.0,4.0,,2.0,7.0,10.0,8.0,37.0,159,2.0,2.0,2.0,6.0,,1.0,3.0,3.0,4.0,10.0,4.0,,5.0,2.0,7.0,1.0,1.0,4.0,1.0,,16.0,2.0,6.0,,4.0,,4.0,8.0,12.0,3.0,2.0,1.0,1.0,7.0,2.0,5.0,4.0,1.0,2.0,11.0,1.0,1.0,3.0,10.0,,1.0,1.0,9.0,,,12.0,2.0,5.0,2.0,,,,,,31.0,3.0,37.0,1.0,1.0,,,3.0,1.0,,116.16766467065868,94.0828402366864,0.2857142857142857,0.4,0.7,1.0,,0.6041666666666666,1.0,,0.6379310344827587,1.0,0.375,,,,20.942408376963353,0.6363636363636364,,0.07142857142857142,0.13953488372093023,,0.09523809523809523,0.045454545454545456,0.125,0.23076923076923078,0.08,0.2,0.058823529411764705,0.25,,0.0625,0.15384615384615385,,,0.3,0.16666666666666666,0.75,0.75,0.3333333333333333,0.16666666666666666,1.0,1.0,0.25,0.08333333333333333,,,,1.0,1.0,,,,0.75,0.522375,0.6042,0.409175,0.18518518518518517,0.38461538461538464,0.16216216216216217,0.08108108108108109,6.81,1.0,,1.0,0.2215568862275449,player_totals,wnba,2026,Regular Season,/get-totals/wnba,"{""Season"": ""2026"", ""SeasonType"": ""Regular Season"", ""Type"": ""Player""}",20260603T185758Z,2026-06-03T18:58:01+00:00,12d61b0edd0d6cb0dde41b1eea3958001905f81070976763154b1b348f5f1533,1.0,9.0,,,5.0,14.0,,,15.0,9.0,1.0,,,,1.0,0.35714285714285715,,0.35714285714285715,0.5833333333333334,,0.375,0.1111111111111111,0.14285714285714285,1.0,,,,0.1111111111111111,23.97142857142857,4.0,5.0,,,1.0,,1.0,,2.0,,,,,0.14285714285714285,,0.20833333333333334,0.8,0.8,1.0,,0.5,,,0.2222222222222222,,,,,,,,,,,,,0.2222222222222222,,,,,,,,,,,"[""single_row_table_data"", ""multi_row_table_data""]",{}
1643444,1611661320,Ta'Niya Latson,Ta'Niya Latson,1643444,LAS,874.3,6,15.0,-10.0,47,52,24.0,12.0,6,99,1.0,1.0,,,,,,1.0,,,1.0,2.0,5.0,10.0,57,,,2.0,2.0,,1.0,5.0,5.0,,2.0,,1.0,1.0,,1.0,,,,1.0,,2.0,1.0,,1.0,1.0,,2.0,1.0,3.0,1.0,,,,2.0,1.0,1.0,2.0,,1.0,4.0,1.0,2.0,,3.0,,,1.0,4.0,1.0,,6.0,,2.0,1.0,,,,,,8.0,5.0,24.0,1.0,1.0,,,,,,100.0,109.61538461538461,,,0.5,,,0.5,,,0.625,1.0,0.5,0.5,,1.0,22.22222222222222,0.5,,0.1111111111111111,,0.07692307692307693,0.1,0.09090909090909091,0.05555555555555555,,,,0.1,,,0.2,,0.1,,0.5,0.2,1.0,1.0,,0.2,,,,,,,,,,,,,0.8,0.57226,,0.507,0.2857142857142857,0.5,0.2,0.5,3.7,,,,0.5106382978723404,player_totals,wnba,2026,Regular Season,/get-totals/wnba,"{""Season"": ""2026"", ""SeasonType"": ""Regular Season"", ""Type"": ""Player""}",20260603T185758Z,2026-06-03T18:58:01+00:00,d42fe56b9a349e5b7ea7378c47556f9dd62502ebd9cdd47404cbe02ec39a7dff,,2.0,,,1.0,3.0,,,3.0,2.0,,,,,1.0,0.3333333333333333,,0.3333333333333333,0.6,,0.4,,,,,,,,23.3,1.0,1.0,,,1.0,,1.0,,,,,,,,,0.2,1.0,1.0,1.0,,0.5,,,0.5,,,,,,,,,,,,,,,,,,,,,,,,"[""single_row_table_data"", ""multi_row_table_data""]",{}
1643479,1611661331,Ndjakalenga Mwenentanda,Ndjakalenga Mwenentanda,1643479,GSV,774.0,5,13.0,3.0,29,36,21.0,33.0,5,65,,,,,,,,,,,,,,,36,,,,,,,,,,,,,1.0,1.0,2.0,1.0,,1.0,,,5.0,1.0,,,1.0,,1.0,1.0,2.0,,,,,,,,1.0,,,1.0,,,,1.0,,,,,,,,,,,,,,,,,,21.0,,,,,,,,134.48275862068965,100.0,,,,,,,,,,,,,,,5.88235294117647,,,0.2,,,0.16666666666666666,0.1111111111111111,0.09090909090909091,,,,0.25,,,0.5,,,,,,,,,,,,,,,,,,,,,,1.0,0.5487,,0.5487,,,,,,,,,0.7241379310344828,player_totals,wnba,2026,Regular Season,/get-totals/wnba,"{""Season"": ""2026"", ""SeasonType"": ""Regular Season"", ""Type"": ""Player""}",20260603T185758Z,2026-06-03T18:58:01+00:00,280480341f3cf08e4d8587dd7a570a1c569b62860a71f38929cb8326004cab1b,,,,,,1.0,,,,,,,,,,,,,1.0,,,,,,,,,,23.0,,1.0,1.0,,,,1.0,,,1.0,,,,,,1.0,,,,1.0,,,,,,,,,,,,,,,,,,,,,,,,,,,,"[""single_row_table_data"", ""multi_row_table_data""]",{}
204323,1611661319,Cheyenne Parker-Tyus,Cheyenne Parker-Tyus,204323,LVA,728.2,7,12.0,24.0,147,145,49.0,47.0,14,292,11.0,16.0,1.0,3.0,4.0,6.0,1.0,5.0,,,12.0,21.0,7.0,34.0,144,1.0,4.0,3.0,5.0,4.0,6.0,5.0,13.0,20.0,4.0,2.0,2.0,4.0,1.0,5.0,1.0,,2.0,2.0,,11.0,1.0,4.0,4.0,6.0,3.0,13.0,5.0,18.0,1.0,2.0,2.0,,1.0,,,4.0,,1.0,5.0,,1.0,8.0,14.0,,,4.0,10.0,1.0,,9.0,1.0,4.0,1.0,7.0,,,2.0,7.0,29.0,13.0,49.0,,1.0,,-9.0,1.0,1.0,1.0,114.28571428571429,99.3103448275862,0.8333333333333334,0.9090909090909091,0.5714285714285714,0.25,0.6666666666666666,0.5625,0.25,0.5714285714285714,0.6071428571428571,0.4166666666666667,0.7222222222222222,0.09523809523809523,0.0625,0.2,20.37037037037037,0.2,0.5,0.10526315789473684,0.09523809523809523,0.15384615384615385,0.05,0.12048192771084337,0.08064516129032258,0.07692307692307693,0.17647058823529413,,0.06666666666666667,,0.15789473684210525,0.08695652173913043,0.06666666666666667,0.08695652173913043,0.6666666666666666,0.1111111111111111,0.6666666666666666,0.6875,0.7333333333333333,0.8181818181818182,0.20833333333333334,0.2,0.25,1.0,,,,,0.75,0.3333333333333333,,0.8571428571428571,0.6666666666666666,0.7916666666666666,0.5761854166666667,0.5577,0.6068142857142858,0.14814814814814814,0.16666666666666666,0.14705882352941177,0.38235294117647056,3.2095238095238097,0.2,0.25,,0.3333333333333333,player_totals,wnba,2026,Regular Season,/get-totals/wnba,"{""Season"": ""2026"", ""SeasonType"": ""Regular Season"", ""Type"": ""Player""}",20260603T185758Z,2026-06-03T18:58:01+00:00,c3a0bd8a8fc12b6175454b7c304b1266f29eca085b5965896fc3aa96aaf904b3,1.0,3.0,,,1.0,3.0,,,3.0,3.0,1.0,5.0,4.0,2.0,1.0,0.3333333333333333,,0.3333333333333333,0.125,0.5714285714285714,0.125,0.3333333333333333,0.3333333333333333,1.0,,,,0.3333333333333333,25.3,,,,,1.0,,1.0,,,,,,,,,,,,,,0.14285714285714285,,,,,,,,,,,,,,,,,,,,,,,,,,,"[""single_row_table_data"", ""multi_row_table_data""]",{}
1642767,1611661331,Janelle Salaun,Janelle Salaun,1642767,GSV,708.0,9,12.0,31.0,415,419,166.0,177.0,73,834,9.0,16.0,1.0,3.0,3.0,7.0,5.0,11.0,4.0,12.0,18.0,39.0,23.0,125.0,444,2.0,7.0,4.0,14.0,6.0,16.0,8.0,41.0,26.0,10.0,,2.0,5.0,6.0,11.0,6.0,,4.0,,1.0,28.0,5.0,3.0,9.0,12.0,3.0,24.0,9.0,33.0,,8.0,6.0,2.0,3.0,1.0,2.0,2.0,,1.0,5.0,,2.0,10.0,21.0,,3.0,,25.0,3.0,1.0,31.0,3.0,11.0,3.0,1.0,,,,1.0,111.0,41.0,166.0,2.0,3.0,,2.0,2.0,10.0,1.0,114.4578313253012,105.96658711217182,0.7222222222222222,0.7222222222222222,0.46153846153846156,0.2857142857142857,0.375,0.5204081632653061,0.4166666666666667,0.44594594594594594,0.5630630630630631,0.5,0.47674418604651164,0.05128205128205128,,0.18181818181818182,23.387096774193548,0.6,0.23076923076923078,0.1111111111111111,0.02654867256637168,0.11842105263157894,0.05,0.11413043478260869,0.03755868544600939,0.02702702702702703,0.018518518518518517,0.045454545454545456,0.04,0.08,0.05263157894736842,0.125,0.18181818181818182,0.11864406779661017,0.11764705882352941,,0.16326530612244897,0.5625,0.5625,0.8888888888888888,0.11224489795918367,0.45454545454545453,0.5555555555555556,0.4,0.12244897959183673,0.3333333333333333,0.3333333333333333,0.75,0.25,0.3333333333333333,1.0,0.1891891891891892,0.42857142857142855,0.7653061224489796,0.5087882653061224,0.47322142857142857,0.4911189189189189,0.12037037037037036,0.23404255319148937,0.112,0.328,8.74102564102564,0.2857142857142857,0.16666666666666666,0.375,0.4,player_totals,wnba,2026,Regular Season,/get-totals/wnba,"{""Season"": ""2026"", ""SeasonType"": ""Regular Season"", ""Type"": ""Player""}",20260603T185758Z,2026-06-03T18:58:01+00:00,428de407f6b6ff34cdeab8301229dbb50f2059f0a86af16f6d8b01b814be6e71,16.0,43.0,1.0,3.0,22.0,59.0,2.0,5.0,66.0,43.0,16.0,,1.0,,1.0,0.3728813559322034,0.4,0.3728813559322034,0.6020408163265306,1.0,0.4387755102040816,0.37209302325581395,0.37209302325581395,1.0,0.25,0.3333333333333333,1.0,0.37209302325581395,24.540677966101697,6.0,16.0,7.0,5.0,14.0,7.0,21.0,,,,2.0,,0.3333333333333333,,,0.16326530612244897,0.375,0.375,1.0,0.1891891891891892,0.3783783783783784,0.35714285714285715,0.03278688524590164,0.2972972972972973,2.0,2.0,0.16666666666666666,0.2857142857142857,1.0,,0.043478260869565216,,,,,,,1.0,1.0,0.5,1.0,,,,,,,"[""single_row_table_data"", ""multi_row_table_data""]",{}
1642822,1611661331,Kaitlyn Chen,Kaitlyn Chen,1642822,GSV,618.5000000000001,9,10.0,7.0,272,281,105.0,120.0,45,553,7.0,13.0,1.0,2.0,3.0,7.0,6.0,19.0,4.0,6.0,17.0,38.0,11.0,66.0,279,3.0,4.0,1.0,13.0,8.0,19.0,11.0,36.0,12.0,22.0,2.0,2.0,7.0,8.0,15.0,7.0,1.0,3.0,2.0,2.0,38.0,2.0,3.0,3.0,7.0,,10.0,5.0,15.0,3.0,1.0,,1.0,3.0,3.0,3.0,3.0,,,6.0,,4.0,4.0,10.0,,,,11.0,,4.0,13.0,1.0,4.0,3.0,,,,,,53.0,36.0,105.0,,3.0,,1.0,,,,105.1470588235294,99.28825622775801,0.35294117647058826,0.375,0.4473684210526316,0.75,0.42105263157894735,0.5612244897959183,0.8571428571428571,0.5434782608695652,0.6,0.8125,0.6206896551724138,0.05263157894736842,0.07692307692307693,0.05263157894736842,18.827160493827158,0.5,,0.1,0.03488372093023256,0.06,0.031746031746031744,0.08333333333333333,0.03355704697986577,,0.07142857142857142,,0.02040816326530612,0.07142857142857142,0.14285714285714285,0.037037037037037035,0.13333333333333333,0.02631578947368421,0.16666666666666666,0.13636363636363635,0.2653061224489796,0.5384615384615384,0.5833333333333334,0.42857142857142855,0.3877551020408163,0.3157894736842105,0.3333333333333333,0.16666666666666666,0.12244897959183673,0.6666666666666666,0.6666666666666666,0.5,0.2857142857142857,0.5,,0.30434782608695654,0.42857142857142855,0.4897959183673469,0.4709265306122449,0.478825,0.5027695652173914,0.07692307692307693,0.0975609756097561,0.19696969696969696,0.5454545454545454,7.28421052631579,0.16666666666666666,0.4166666666666667,,0.3860294117647059,player_totals,wnba,2026,Regular Season,/get-totals/wnba,"{""Season"": ""2026"", ""SeasonType"": ""Regular Season"", ""Type"": ""Player""}",20260603T185758Z,2026-06-03T18:58:01+00:00,b1935079a441d574b6f3423cf88850e0547e19e6e8a135d8e6c395eb8054c4ec,4.0,8.0,2.0,3.0,7.0,11.0,2.0,3.0,21.0,8.0,4.0,,,,1.0,0.6363636363636364,0.6666666666666666,0.6363636363636364,0.22448979591836735,,0.16326530612244897,0.5,0.5,1.0,0.42857142857142855,0.6666666666666666,1.0,0.5,24.045454545454547,3.0,3.0,3.0,,1.0,3.0,4.0,,,,,,0.75,,,0.061224489795918366,1.0,1.0,1.0,0.13043478260869565,0.043478260869565216,,,,,3.0,,1.0,,,,,,,,,,,,,,,,,,,,"[""single_row_table_data"", ""multi_row_table_data""]",{}
1642802,1611661322,Lucy Olsen,Lucy Olsen,1642802,WAS,595.6,5,10.0,,79,82,35.0,46.0,6,161,,1.0,,,,1.0,4.0,7.0,,,4.0,8.0,2.0,16.0,91,1.0,2.0,,5.0,1.0,3.0,,5.0,2.0,6.0,,,7.0,1.0,8.0,1.0,,7.0,,,17.0,,1.0,1.0,1.0,,2.0,1.0,3.0,1.0,,,,,1.0,,2.0,,,2.0,,1.0,1.0,3.0,,,,2.0,,1.0,2.0,,1.0,,,,,,,11.0,5.0,35.0,1.0,,,,,,,115.18987341772151,110.97560975609757,0.25,0.25,0.5,0.5,0.3333333333333333,0.5833333333333334,0.625,0.625,0.6153846153846154,0.625,0.625,,,,17.045454545454547,,,0.05,0.05263157894736842,0.058823529411764705,,0.05405405405405406,0.03125,,0.07692307692307693,,,,,0.1111111111111111,,0.07142857142857142,,0.16666666666666666,0.08333333333333333,,,,0.5833333333333334,0.5714285714285714,0.5714285714285714,0.25,,,,,,,,0.25,,0.4166666666666667,0.48246666666666665,0.39935,0.4973625,0.07692307692307693,0.1111111111111111,0.3125,0.3125,8.7375,,0.6666666666666666,,0.4430379746835443,player_totals,wnba,2026,Regular Season,/get-totals/wnba,"{""Season"": ""2026"", ""SeasonType"": ""Regular Season"", ""Type"": ""Player""}",20260603T185758Z,2026-06-03T18:58:01+00:00,0b60da054983b88d6b22dc38581770a8648eea86cf0f5bfc458fb08e4b81208d,1.0,2.0,1.0,1.0,2.0,4.0,1.0,2.0,6.0,2.0,1.0,,,,1.0,0.5,0.5,0.5,0.3333333333333333,,0.16666666666666666,0.5,0.5,1.0,0.25,1.0,1.0,0.5,24.375,1.0,2.0,1.0,,,1.0,1.0,,,1.0,,,1.0,,,0.16666666666666666,0.5,0.5,1.0,0.25,,,,,1.0,1.0,0.25,1.0,,,,,,,,,,,,,,,,,,,,"[""single_row_table_data"", ""multi_row_table_data""]",{}
1631006,1611661319,Kierstan Bell,Kierstan Bell,1631006,LVA,587.0,6,10.0,,158,161,23.0,44.0,17,319,,,,,,,,1.0,,3.0,,4.0,,6.0,159,,1.0,,,,,,,,,,,4.0,1.0,5.0,1.0,,2.0,1.0,1.0,11.0,1.0,,3.0,6.0,1.0,10.0,1.0,11.0,,3.0,2.0,1.0,,1.0,,2.0,,,2.0,,,2.0,5.0,,,,,,,,,,,3.0,,,1.0,3.0,6.0,,23.0,1.0,,,,,,,100.63291139240506,98.75776397515527,,,,,,0.2,,,0.2,,,,,,9.55056179775281,,0.25,0.11320754716981132,,0.09375,0.04,0.10588235294117647,0.015151515151515152,,,,0.058823529411764705,,,0.14814814814814814,0.2,0.10344827586206896,,,,,,,0.06666666666666667,,,,0.2,,,,,,,,,0.7333333333333333,0.5113,0.4385,0.533925,,,,,15.15,,1.0,0.3333333333333333,0.14556962025316456,player_totals,wnba,2026,Regular Season,/get-totals/wnba,"{""Season"": ""2026"", ""SeasonType"": ""Regular Season"", ""Type"": ""Player""}",20260603T185758Z,2026-06-03T18:58:01+00:00,a65d709415b2d010f95c54a43a697d984b49dfc5bda63c47209508a0094d5d84,2.0,8.0,,,2.0,11.0,,1.0,6.0,8.0,2.0,2.0,1.0,,1.0,0.18181818181818182,,0.18181818181818182,0.7333333333333333,0.3333333333333333,0.5333333333333333,0.25,0.2857142857142857,1.0,,,,0.25,24.318181818181817,,3.0,,,2.0,,2.0,,1.0,,,,,0.09090909090909091,,0.2,,,,,1.0,,,0.2222222222222222,1.0,,0.5,,,,,,,,,,0.125,,,,,,,,,,,"[""single_row_table_data"", ""multi_row_table_data""]",{}
1643458,1611661329,Saylor Poffenbarger,Saylor Poffenbarger,1643458,CHI,403.0,2,7.0,-2.0,14,16,8.0,7.0,2,30,,,,,,,,,,,,,,,13,,,,,,,,,,,,,,,,,,,,,,1.0,,1.0,,1.0,2.0,1.0,3.0,,1.0,1.0,,,,,,,,,,,1.0,1.0,,,,,,,,,,,,,,,,,,8.0,,,,,,,,78.57142857142857,81.25,,,,,,,,,,,,,,,,,1.0,,,0.3333333333333333,0.3333333333333333,0.14285714285714285,0.14285714285714285,,,,0.3333333333333333,,,,,,0.3333333333333333,,,,,,,,,,,,,,,,,,,,,,,,,,,,,,,0.5714285714285714,player_totals,wnba,2026,Regular Season,/get-totals/wnba,"{""Season"": ""2026"", ""SeasonType"": ""Regular Season"", ""Type"": ""Player""}",20260603T185758Z,2026-06-03T18:58:01+00:00,6cb2f8653fef0d72f613d328c38fce4e4dd2078c839d729f42490f5fac3090eb,,,,,,,,,,,,,,,,,,,,,,,,,,,,,,,,,,,,,,,,,,,,,,,,,,,,,,,,,,,,,,,,,,,,,,,,,,,,,"[""single_row_table_data"", ""multi_row_table_data""]",{}
1642801,1611661330,Aaliyah Nye,Aaliyah Nye,1642801,ATL,-182.6,6,-3.0,1.0,13,18,10.0,11.0,3,31,,,,,,,,,,1.0,,1.0,,,18,,,,,,1.0,,,,,,,1.0,,1.0,,,,1.0,,2.0,,,,,,,,,,,,,,,,,,,,,,,,,,,,,,,,,,,,,,,,,10.0,,,,,,,,146.15384615384616,100.0,,,,,,,,,,,,,,,5.88235294117647,,,,,,,,,,,,,,,,,,,,,,,,,,,,1.0,,,,,,,,,,0.3701,,0.3701,,,,,17.8,,,,0.7692307692307693,player_totals,wnba,2026,Regular Season,/get-totals/wnba,"{""Season"": ""2026"", ""SeasonType"": ""Regular Season"", ""Type"": ""Player""}",20260603T185758Z,2026-06-03T18:58:01+00:00,e1ae62b2f0297c8385ee3072451e10dc9ddbe1a5326750ef57b3f87e86031db9,,,,,,,,,,,,,,,,,,,,,,,,,,,,,,,,,,,,,,,,,,,,,,,,,,,,,,,,,,,,,,,,,,,,,,,,,,,,,"[""single_row_table_data"", ""multi_row_table_data""]",{}
1641656,1611661331,Laeticia Amihere,Laeticia Amihere,1641656,GSV,-238.0999999999999,9,-4.0,51.0,225,231,86.0,94.0,37,456,13.0,23.0,3.0,9.0,,6.0,1.0,9.0,,,14.0,32.0,12.0,40.0,230,3.0,11.0,6.0,12.0,,9.0,4.0,4.0,16.0,12.0,6.0,9.0,7.0,7.0,14.0,3.0,4.0,4.0,1.0,2.0,35.0,4.0,12.0,7.0,10.0,2.0,19.0,17.0,36.0,2.0,2.0,1.0,1.0,2.0,,1.0,5.0,,1.0,7.0,2.0,2.0,9.0,17.0,,2.0,4.0,25.0,5.0,1.0,22.0,4.0,10.0,3.0,8.0,,,3.0,8.0,28.0,4.0,86.0,1.0,3.0,,1.0,2.0,4.0,,124.88888888888889,99.56709956709956,0.5714285714285714,0.7272727272727273,0.4375,0.2727272727272727,,0.42424242424242425,0.2727272727272727,,0.47619047619047616,0.375,0.14285714285714285,0.28125,0.30434782608695654,0.2222222222222222,18.148148148148145,0.2857142857142857,0.25,0.17857142857142858,0.17647058823529413,0.16666666666666666,0.08888888888888889,0.17346938775510204,0.1415929203539823,0.2916666666666667,0.13513513513513514,,0.1111111111111111,,0.125,0.29411764705882354,0.13333333333333333,0.12121212121212122,0.3333333333333333,0.2,0.696969696969697,0.5652173913043478,0.8125,0.5384615384615384,0.2727272727272727,0.1111111111111111,0.14285714285714285,1.0,,,,,0.8181818181818182,0.3333333333333333,,0.6,,0.7272727272727273,0.5264090909090909,0.4928777777777778,0.5144599999999999,0.2564102564102564,0.2631578947368421,0.3,0.1,3.36875,0.7,0.375,,0.38222222222222224,player_totals,wnba,2026,Regular Season,/get-totals/wnba,"{""Season"": ""2026"", ""SeasonType"": ""Regular Season"", ""Type"": ""Player""}",20260603T185758Z,2026-06-03T18:58:01+00:00,cba5d6e9739c95f17304bc1c5d370890e0adf73b7ef1455e65db22d03cd34604,,1.0,,,,1.0,,,,1.0,,5.0,5.0,,,,,,0.030303030303030304,0.625,0.030303030303030304,,,,,,,,24.1,,,,,1.0,,1.0,,,,,,,,,,,,,,0.1,,,,,,,,1.0,,0.07142857142857142,3.0,,,,,,,,,,,,,,,,"[""single_row_table_data"", ""multi_row_table_data""]",{}
1629488,1611661319,Brianna Turner,Brianna Turner,1629488,LVA,-285.19999999999993,8,-5.0,20.0,197,201,47.0,51.0,21,398,3.0,5.0,,1.0,1.0,2.0,1.0,2.0,,,4.0,7.0,2.0,10.0,188,,2.0,,,1.0,2.0,2.0,4.0,8.0,,,,1.0,2.0,3.0,1.0,1.0,,,1.0,8.0,2.0,6.0,4.0,11.0,,15.0,8.0,23.0,,3.0,2.0,1.0,2.0,2.0,2.0,3.0,,,5.0,,2.0,6.0,9.0,,,,2.0,,1.0,2.0,,,1.0,6.0,,,3.0,6.0,10.0,4.0,47.0,1.0,1.0,1.0,-7.0,,,,105.58375634517766,93.53233830845772,1.0,1.0,0.5714285714285714,,0.5,0.5714285714285714,,0.5,0.625,,0.6666666666666666,,,,5.909090909090908,0.4,,0.1527777777777778,0.12,0.1111111111111111,0.06666666666666667,0.1388888888888889,0.1,0.09090909090909091,0.16666666666666666,0.09523809523809523,0.08695652173913043,,0.23076923076923078,0.15625,,0.13333333333333333,,,0.7142857142857143,0.6,0.6,1.0,0.2857142857142857,0.5,0.5,1.0,,,,,0.5,,,1.0,0.5,0.7142857142857143,0.6145428571428572,0.3602,0.7403,,,,0.4,2.3428571428571425,,,,0.23857868020304568,player_totals,wnba,2026,Regular Season,/get-totals/wnba,"{""Season"": ""2026"", ""SeasonType"": ""Regular Season"", ""Type"": ""Player""}",20260603T185758Z,2026-06-03T18:58:01+00:00,41a1160761e184cac832ace802080d39567ab50d6c065fbbfe46f532e0456ecf,,,,,,,,,,,,2.0,1.0,,,,,,,0.16666666666666666,,,,,,,,,,,,,,,,,,,1.0,,,,,,,,,,,,,,,,,,,,,,,,,,,,1.0,,,,,,,,,,"[""single_row_table_data"", ""multi_row_table_data""]",{}
1642287,1611661320,Cameron Brink,Cameron Brink,1642287,LAS,-312.70000000000005,9,-5.0,-20.0,330,336,159.0,128.0,42,666,17.0,23.0,4.0,4.0,10.0,13.0,6.0,11.0,,1.0,23.0,35.0,19.0,83.0,379,5.0,6.0,2.0,12.0,12.0,18.0,12.0,39.0,34.0,12.0,6.0,4.0,8.0,4.0,12.0,4.0,,6.0,1.0,1.0,28.0,5.0,6.0,11.0,13.0,4.0,28.0,12.0,40.0,,6.0,5.0,1.0,9.0,,6.0,19.0,2.0,3.0,28.0,3.0,7.0,12.0,36.0,,3.0,10.0,30.0,3.0,4.0,25.0,3.0,7.0,7.0,13.0,1.0,1.0,8.0,14.0,71.0,39.0,159.0,7.0,7.0,1.0,1.0,8.0,-4.0,2.0,108.7878787878788,112.79761904761905,0.7391304347826086,0.85,0.6571428571428571,0.8333333333333334,0.6666666666666666,0.5925925925925926,0.8333333333333334,0.5,0.6384615384615384,0.8571428571428571,0.5571428571428572,0.11428571428571428,0.13043478260869565,0.09090909090909091,24.6684350132626,0.32142857142857145,0.3333333333333333,0.16666666666666666,0.0821917808219178,0.14473684210526316,0.08196721311475409,0.15584415584415584,0.08208955223880597,0.06896551724137931,0.11428571428571428,,0.06521739130434782,0.13333333333333333,0.09090909090909091,0.15384615384615385,0.29411764705882354,0.15517241379310345,0.1111111111111111,,0.42592592592592593,0.7391304347826086,0.85,0.7647058823529411,0.2037037037037037,0.5454545454545454,0.6,0.6666666666666666,0.018518518518518517,,,,0.6666666666666666,1.0,0.5,0.48148148148148145,0.7692307692307693,0.7777777777777778,0.5294888888888889,0.59428,0.5129888888888888,0.1206896551724138,0.1794871794871795,0.14457831325301204,0.46987951807228917,3.757142857142857,0.5,,,0.4818181818181818,player_totals,wnba,2026,Regular Season,/get-totals/wnba,"{""Season"": ""2026"", ""SeasonType"": ""Regular Season"", ""Type"": ""Player""}",20260603T185758Z,2026-06-03T18:58:01+00:00,ff69e71ec48186f1ace6ebd8ecac42f9cb7cc956aedcc12e022b75eabef8656e,3.0,11.0,,,6.0,19.0,,,18.0,11.0,3.0,4.0,9.0,,1.0,0.3157894736842105,,0.3157894736842105,0.35185185185185186,0.6428571428571429,0.2037037037037037,0.2727272727272727,0.3333333333333333,1.0,,,,0.2727272727272727,24.36315789473684,3.0,8.0,3.0,1.0,6.0,1.0,9.0,,2.0,2.0,,9.0,0.1111111111111111,0.10526315789473684,,0.14814814814814814,0.375,0.375,1.0,0.1111111111111111,0.2222222222222222,0.16666666666666666,,0.25,,,,,1.0,4.0,0.07142857142857142,,,,,,0.18181818181818182,1.0,,,,,,,,,,"[""single_row_table_data"", ""multi_row_table_data""]",{}
1631021,1611661330,Sika Kone,Sika Kone,1631021,ATL,-349.8,8,-6.0,-11.0,63,70,27.0,18.0,10,133,2.0,3.0,,,2.0,3.0,,1.0,,3.0,2.0,7.0,,7.0,75,,,,,2.0,5.0,,4.0,2.0,2.0,,2.0,,,,,,,,,,1.0,,2.0,3.0,,5.0,1.0,6.0,,,,,,,,2.0,,,2.0,,,,4.0,1.0,,1.0,1.0,,,,,,,,,,,,7.0,4.0,27.0,1.0,,,,,,,101.58730158730158,107.14285714285715,0.5,0.5,0.2857142857142857,,0.4,0.2916666666666667,,0.3333333333333333,0.2916666666666667,,0.3333333333333333,0.2857142857142857,0.3333333333333333,1.0,18.18181818181818,,,0.17647058823529413,,0.1111111111111111,0.0625,0.14285714285714285,0.030303030303030304,,,,0.06666666666666667,,0.16666666666666666,0.25,,0.2,,,0.25,0.6666666666666666,1.0,0.5,0.08333333333333333,,,,0.25,,,,,,,0.5,0.6666666666666666,0.6666666666666666,0.5187375,,0.565225,,,,0.5714285714285714,9.771428571428572,1.0,1.0,0.3333333333333333,0.42857142857142855,player_totals,wnba,2026,Regular Season,/get-totals/wnba,"{""Season"": ""2026"", ""SeasonType"": ""Regular Season"", ""Type"": ""Player""}",20260603T185758Z,2026-06-03T18:58:01+00:00,9db370cdf833c49bf282295b4c5cac5ea8d5dbd236b1de1515cd94192953efc5,,4.0,,,1.0,5.0,,,3.0,4.0,,,,,1.0,0.2,,0.2,0.4166666666666667,,0.3333333333333333,,,,,,,,24.18,1.0,1.0,,,1.0,,1.0,,,,,,,,,0.08333333333333333,1.0,1.0,1.0,,0.16666666666666666,,,0.5,,,,,,,,1.0,,,,,,,,,,,,,,,,"[""single_row_table_data"", ""multi_row_table_data""]",{}
203026,1611661331,Tiffany Hayes,Tiffany Hayes,203026,GSV,-384.39999999999986,7,-6.0,-11.0,181,182,68.0,61.0,29,363,8.0,14.0,,1.0,5.0,9.0,2.0,7.0,,1.0,10.0,22.0,15.0,44.0,203,,4.0,,,5.0,12.0,5.0,15.0,12.0,8.0,,,7.0,6.0,13.0,3.0,3.0,5.0,1.0,1.0,32.0,,,5.0,1.0,,6.0,,6.0,,3.0,3.0,,3.0,1.0,3.0,1.0,,,4.0,,2.0,5.0,14.0,,1.0,,21.0,1.0,1.0,18.0,1.0,7.0,2.0,,,,,,44.0,15.0,68.0,3.0,2.0,,,,,,106.07734806629834,111.53846153846153,0.6,0.6,0.45454545454545453,,0.4166666666666667,0.453125,,0.38461538461538464,0.5375,,0.4666666666666667,,,,20.5607476635514,0.75,,0.022222222222222223,,0.14285714285714285,,0.075,,,,,,,0.05555555555555555,,,0.10714285714285714,0.2857142857142857,,0.4375,0.5714285714285714,0.5714285714285714,0.75,0.21875,0.2857142857142857,0.2857142857142857,,0.03125,,,,0.2,,,0.6923076923076923,0.5555555555555556,0.75,0.4970546875,0.422575,0.4891038461538461,0.18421052631578946,0.25,,0.3409090909090909,4.445454545454545,0.3333333333333333,0.4,,0.3756906077348066,player_totals,wnba,2026,Regular Season,/get-totals/wnba,"{""Season"": ""2026"", ""SeasonType"": ""Regular Season"", ""Type"": ""Player""}",20260603T185758Z,2026-06-03T18:58:01+00:00,3da91f46312e271c42f851bc627439390f901e2a06597360238a631ecb3ade93,2.0,9.0,,1.0,3.0,10.0,,1.0,3.0,9.0,2.0,,,,0.3333333333333333,0.3,,0.3,0.3125,,0.28125,0.2222222222222222,0.2222222222222222,,0.2,,,0.2222222222222222,24.79,1.0,1.0,,,1.0,,1.0,6.0,,,,,,,,0.03125,1.0,1.0,1.0,,0.07692307692307693,,,0.2857142857142857,,,,,,,,1.0,1.0,,,,,,,,,,,,,,,"[""single_row_table_data"", ""multi_row_table_data""]",{}
1630143,1611661327,Luisa Geiselsoder,Luisa Geiselsoder,1630143,PDX,-969.0999999999999,11,-16.0,-1.0,441,440,114.0,161.0,51,881,7.0,14.0,1.0,2.0,1.0,2.0,3.0,15.0,1.0,4.0,11.0,33.0,8.0,57.0,474,2.0,7.0,,4.0,1.0,6.0,4.0,12.0,20.0,2.0,,3.0,12.0,6.0,18.0,5.0,1.0,8.0,3.0,1.0,42.0,3.0,2.0,16.0,10.0,1.0,27.0,5.0,32.0,,6.0,4.0,2.0,3.0,1.0,1.0,9.0,,2.0,12.0,,5.0,8.0,30.0,,1.0,7.0,15.0,1.0,5.0,9.0,1.0,3.0,2.0,4.0,,,1.0,4.0,53.0,12.0,111.0,5.0,2.0,,2.0,-4.0,8.0,,107.2562358276644,107.72727272727272,0.9090909090909091,0.9090909090909091,0.3333333333333333,0.2857142857142857,0.16666666666666666,0.3712121212121212,0.2,0.4,0.40714285714285714,0.2,0.5,0.09090909090909091,0.07142857142857142,0.13333333333333333,16.432865731462925,0.25,0.08333333333333333,0.10526315789473684,0.019801980198019802,0.1927710843373494,0.02857142857142857,0.14606741573033707,0.024271844660194174,0.02702702702702703,0.019230769230769232,,0.013157894736842105,0.06896551724137931,0.1590909090909091,0.08571428571428572,,0.19047619047619047,0.2,,0.21212121212121213,0.5,0.5384615384615384,0.8571428571428571,0.22727272727272727,0.2,0.23076923076923078,1.0,0.06060606060606061,0.25,0.25,1.0,0.2,0.5,1.0,0.2,0.5,0.7121212121212122,0.5040840909090909,0.5297,0.49378500000000003,0.04411764705882353,0.08571428571428572,0.07017543859649122,0.21052631578947367,6.578787878787878,0.14285714285714285,0.4166666666666667,0.3333333333333333,0.2585034013605442,player_totals,wnba,2026,Regular Season,/get-totals/wnba,"{""Season"": ""2026"", ""SeasonType"": ""Regular Season"", ""Type"": ""Player""}",20260603T185758Z,2026-06-03T18:58:01+00:00,8de4d9f2df669c59dc998cbd3163341b4d0c7dbef7973b75dcce4e5058764a7e,6.0,23.0,,1.0,9.0,33.0,,3.0,27.0,23.0,6.0,3.0,1.0,,1.0,0.2727272727272727,,0.2727272727272727,0.5,0.25,0.3484848484848485,0.2608695652173913,0.2608695652173913,1.0,0.1,,,0.2608695652173913,24.53939393939394,3.0,10.0,2.0,1.0,2.0,2.0,4.0,,,,,,0.5,,,0.15151515151515152,0.3,0.3,1.0,0.2,0.2,0.5,,0.16666666666666666,2.0,1.0,0.2,0.5,,,,,,,,,,,,,,,,,,,,"[""single_row_table_data"", ""multi_row_table_data""]",{}
1631083,1611661327,Emily Engstler,Emily Engstler,1631083,PDX,-1165.5,11,-19.0,-27.0,513,511,137.0,178.0,60,1024,14.0,27.0,1.0,2.0,5.0,7.0,10.0,23.0,,,24.0,50.0,14.0,107.0,564,4.0,7.0,4.0,18.0,7.0,11.0,8.0,28.0,28.0,20.0,4.0,6.0,8.0,6.0,14.0,4.0,2.0,7.0,1.0,,34.0,9.0,3.0,20.0,12.0,3.0,35.0,12.0,47.0,1.0,16.0,9.0,7.0,8.0,6.0,7.0,15.0,,1.0,23.0,2.0,7.0,17.0,31.0,1.0,3.0,2.0,18.0,4.0,2.0,18.0,2.0,7.0,3.0,17.0,8.0,6.0,7.0,25.0,89.0,28.0,134.0,3.0,3.0,4.0,-3.0,6.0,4.0,5.0,104.67836257309942,110.37181996086105,0.5833333333333334,0.6363636363636364,0.48,0.5714285714285714,0.6363636363636364,0.5602409638554217,0.7,0.5263157894736842,0.5879120879120879,0.75,0.5833333333333334,0.12,0.14814814814814814,0.08695652173913043,19.58762886597938,0.34782608695652173,0.1875,0.10434782608695652,0.023255813953488372,0.17857142857142858,0.08035714285714286,0.14096916299559473,0.04979253112033195,0.0196078431372549,0.014925373134328358,0.09090909090909091,0.0875,0.0625,0.021739130434782608,0.11764705882352941,0.2777777777777778,0.17073170731707318,0.2,0.02857142857142857,0.3253012048192771,0.5185185185185185,0.6086956521739131,0.5714285714285714,0.27710843373493976,0.43478260869565216,0.47619047619047616,0.6,,,,,0.2,0.5,1.0,0.3684210526315789,0.7142857142857143,0.7228915662650602,0.526648780487805,0.5664714285714286,0.4857,0.07954545454545454,0.12727272727272726,0.16822429906542055,0.2616822429906542,4.022,0.15384615384615385,0.23076923076923078,,0.26705653021442494,player_totals,wnba,2026,Regular Season,/get-totals/wnba,"{""Season"": ""2026"", ""SeasonType"": ""Regular Season"", ""Type"": ""Player""}",20260603T185758Z,2026-06-03T18:58:01+00:00,2a7c704b939f136144ab8e79dab9d431b8086290bbbf45847f437a4e16d521f5,11.0,25.0,1.0,2.0,15.0,33.0,2.0,3.0,42.0,25.0,11.0,10.0,11.0,3.0,0.9333333333333333,0.45454545454545453,0.6666666666666666,0.45454545454545453,0.39759036144578314,0.44,0.30120481927710846,0.44,0.44,0.9090909090909091,0.2,0.5,1.0,0.44,25.272727272727273,4.0,8.0,3.0,1.0,5.0,2.0,8.0,3.0,1.0,1.0,,,0.25,0.030303030303030304,0.125,0.0963855421686747,0.5,0.5714285714285714,1.0,0.15789473684210525,0.2631578947368421,0.2,,0.3125,1.0,1.0,0.1,0.3333333333333333,,1.0,,,,2.0,,,,,1.0,1.0,1.0,,,,,,,"[""single_row_table_data"", ""multi_row_table_data""]",{}
204322,1611661329,Elizabeth Williams,Elizabeth Williams,204322,CHI,-1732.8,9,-29.0,-32.0,332,342,133.0,143.0,43,674,7.0,23.0,1.0,5.0,1.0,7.0,11.0,18.0,,1.0,18.0,42.0,9.0,45.0,369,4.0,8.0,3.0,11.0,7.0,16.0,6.0,20.0,32.0,4.0,2.0,6.0,7.0,5.0,12.0,3.0,2.0,4.0,1.0,2.0,29.0,6.0,11.0,9.0,19.0,,28.0,17.0,45.0,1.0,5.0,3.0,2.0,5.0,,2.0,3.0,1.0,3.0,8.0,2.0,4.0,6.0,11.0,1.0,1.0,1.0,22.0,1.0,,26.0,2.0,11.0,3.0,9.0,,,5.0,9.0,34.0,20.0,133.0,1.0,3.0,,,2.0,,,101.50602409638554,107.89473684210526,0.8888888888888888,0.9411764705882353,0.42857142857142855,0.5,0.4375,0.42857142857142855,0.5,0.4375,0.4166666666666667,0.4230769230769231,0.45454545454545453,0.14285714285714285,0.21739130434782608,0.05555555555555555,16.230366492146597,0.625,,0.1958762886597938,0.11,0.16363636363636364,0.0821917808219178,0.18421052631578946,0.09826589595375723,0.0851063829787234,0.1,0.23076923076923078,0.09090909090909091,0.05555555555555555,0.20689655172413793,0.20454545454545456,0.16666666666666666,0.1590909090909091,0.18181818181818182,0.05555555555555555,0.5476190476190477,0.30434782608695654,0.3888888888888889,0.8571428571428571,0.42857142857142855,0.6111111111111112,0.6470588235294118,0.9090909090909091,0.023809523809523808,,,,0.625,0.2,,0.4375,0.14285714285714285,0.5476190476190477,0.5088619047619047,0.4835125,0.47876875,0.21568627450980393,0.21568627450980393,0.24444444444444444,0.4444444444444444,4.578571428571429,0.25,0.14285714285714285,,0.4006024096385542,player_totals,wnba,2026,Regular Season,/get-totals/wnba,"{""Season"": ""2026"", ""SeasonType"": ""Regular Season"", ""Type"": ""Player""}",20260603T185758Z,2026-06-03T18:58:01+00:00,53ac998972d40190fbaa29277ca73f62496daf33589c55b033e65e6491163b09,,,,,,,,,,,,4.0,6.0,,,,,,,0.6666666666666666,,,,,,,,,,,,,,,,,,,,,,,,,,,,,,,,,,,,,,,,,1.0,,,,2.0,,,,,,,,,,,,"[""single_row_table_data"", ""multi_row_table_data""]",{}
1643469,1611661330,Indya Nivar,Indya Nivar,1643469,ATL,-1940.9,7,-32.0,5.0,54,61,34.0,22.0,13,115,2.0,6.0,,,2.0,3.0,1.0,2.0,,,3.0,8.0,,9.0,49,,1.0,,,3.0,4.0,,9.0,2.0,4.0,,,5.0,,5.0,,,3.0,2.0,,10.0,1.0,2.0,6.0,4.0,,10.0,3.0,13.0,,3.0,2.0,1.0,1.0,,1.0,,,,1.0,1.0,1.0,1.0,4.0,,,,5.0,,2.0,6.0,,1.0,2.0,2.0,,,1.0,2.0,9.0,9.0,34.0,1.0,2.0,,,,,,100.0,80.32786885245902,0.3333333333333333,0.3333333333333333,0.375,,0.75,0.45,,0.75,0.34615384615384615,,0.5625,,,,19.178082191780824,1.0,,0.4444444444444444,0.1,0.35294117647058826,0.0625,0.38461538461538464,0.08333333333333333,0.07692307692307693,,0.25,0.07142857142857142,,0.3333333333333333,0.4,1.0,0.35714285714285715,0.3333333333333333,,0.6,0.3333333333333333,0.3333333333333333,,0.2,0.5,0.5,1.0,,,,,,,,0.5,0.6666666666666666,0.8,0.56557,,0.5733166666666667,0.09090909090909091,0.1111111111111111,,1.0,2.6875,0.25,1.0,,0.6296296296296297,player_totals,wnba,2026,Regular Season,/get-totals/wnba,"{""Season"": ""2026"", ""SeasonType"": ""Regular Season"", ""Type"": ""Player""}",20260603T185758Z,2026-06-03T18:58:01+00:00,66fa3274a7c217a9f855190ed5d169748e57d10e936aa26a1740de8d696a149b,1.0,2.0,,,1.0,2.0,,,3.0,2.0,1.0,1.0,1.0,,1.0,0.5,,0.5,0.2,0.5,0.2,0.5,0.5,1.0,,,,0.5,24.15,,,,1.0,2.0,1.0,2.0,,,,,,0.5,,,,,,,,0.3333333333333333,0.5,,,,,,,,,,,,,,,,,,,,,,,,,,"[""single_row_table_data"", ""multi_row_table_data""]",{}
1627671,1611661329,Rachel Banham,Rachel Banham,1627671,CHI,-2335.9,9,-39.0,-16.0,316,316,110.0,117.0,34,632,1.0,1.0,,,1.0,1.0,1.0,5.0,4.0,7.0,6.0,13.0,5.0,50.0,321,1.0,2.0,,5.0,4.0,5.0,4.0,18.0,8.0,4.0,,,6.0,4.0,10.0,2.0,2.0,3.0,3.0,,24.0,,1.0,6.0,2.0,,8.0,1.0,9.0,1.0,2.0,1.0,1.0,7.0,1.0,5.0,3.0,1.0,2.0,10.0,,4.0,5.0,13.0,,,1.0,5.0,,,6.0,1.0,2.0,1.0,2.0,,,2.0,2.0,45.0,18.0,110.0,2.0,1.0,2.0,-4.0,-5.0,,,96.51898734177215,101.58227848101265,0.6666666666666666,0.6666666666666666,0.46153846153846156,0.5,0.8,0.45,0.5,0.3888888888888889,0.4807692307692308,0.5,0.45,,,,17.415730337078653,0.7,,0.0196078431372549,0.012048192771084338,0.10344827586206896,,0.05,0.006289308176100629,,0.02702702702702703,,,,,0.0425531914893617,,0.1111111111111111,0.07692307692307693,0.03125,0.02,1.0,1.0,,0.1,0.2,0.2,1.0,0.14,0.5714285714285714,0.5714285714285714,0.75,,,,0.05555555555555555,1.0,0.76,0.487894,0.46,0.47221944444444447,0.058823529411764705,0.14285714285714285,0.1,0.36,14.607692307692307,,0.25,,0.34810126582278483,player_totals,wnba,2026,Regular Season,/get-totals/wnba,"{""Season"": ""2026"", ""SeasonType"": ""Regular Season"", ""Type"": ""Player""}",20260603T185758Z,2026-06-03T18:58:01+00:00,4c64efe3299ca7f0e7955eebea13de4cf3b719d15fa86393d4cdffb993c89d5d,8.0,28.0,1.0,3.0,11.0,37.0,1.0,3.0,27.0,28.0,8.0,,1.0,2.0,0.8181818181818182,0.2972972972972973,0.3333333333333333,0.2972972972972973,0.74,0.5,0.56,0.2857142857142857,0.2857142857142857,0.75,0.6,0.3333333333333333,1.0,0.2857142857142857,24.94054054054054,3.0,9.0,2.0,2.0,11.0,2.0,13.0,6.0,,,1.0,,0.15384615384615385,,,0.18,0.3333333333333333,0.3333333333333333,1.0,0.1111111111111111,0.6111111111111112,0.18181818181818182,0.02702702702702703,0.19230769230769232,,,,,,,,,,,,,,,,,,,,1.0,,,,"[""single_row_table_data"", ""multi_row_table_data""]",{}
1642321,1611661329,Sydney Taylor,Sydney Taylor,1642321,CHI,-3372.0,7,-56.0,-9.0,223,226,102.0,109.0,27,449,9.0,12.0,2.0,2.0,5.0,7.0,5.0,10.0,1.0,4.0,15.0,26.0,16.0,70.0,220,2.0,3.0,1.0,5.0,8.0,13.0,9.0,37.0,22.0,8.0,,3.0,8.0,2.0,10.0,1.0,1.0,4.0,3.0,1.0,22.0,1.0,2.0,2.0,3.0,,5.0,3.0,8.0,1.0,6.0,5.0,1.0,3.0,1.0,3.0,4.0,,,7.0,,2.0,4.0,13.0,,1.0,1.0,19.0,,6.0,20.0,2.0,7.0,1.0,1.0,,,,1.0,65.0,37.0,102.0,3.0,1.0,,,,4.0,,94.61883408071749,97.34513274336284,0.7333333333333333,0.7333333333333333,0.5769230769230769,0.6666666666666666,0.6153846153846154,0.4153846153846154,0.4,0.42424242424242425,0.4794520547945205,0.4166666666666667,0.5,0.11538461538461539,0.08333333333333333,0.2,31.620553359683797,0.42857142857142855,,0.04477611940298507,0.038461538461538464,0.0625,0.015873015873015872,0.050505050505050504,0.02608695652173913,0.041666666666666664,0.047619047619047616,,,0.06666666666666667,0.08,,0.058823529411764705,0.08695652173913043,,0.027777777777777776,0.18461538461538463,0.75,0.8181818181818182,0.8888888888888888,0.15384615384615385,0.5,0.625,0.4,0.06153846153846154,0.25,0.25,1.0,0.4,1.0,1.0,0.21212121212121213,0.7142857142857143,0.7846153846153846,0.5130380952380952,0.650625,0.49503125,0.1,0.22580645161290322,0.07142857142857142,0.5285714285714286,6.246153846153846,0.6666666666666666,0.4,0.3333333333333333,0.45739910313901344,player_totals,wnba,2026,Regular Season,/get-totals/wnba,"{""Season"": ""2026"", ""SeasonType"": ""Regular Season"", ""Type"": ""Player""}",20260603T185758Z,2026-06-03T18:58:01+00:00,d56844c7013b96be1f206211cfa5cc2a8ed305b5e1d4aada20f90a84343a31a5,8.0,33.0,,1.0,8.0,39.0,,2.0,15.0,33.0,8.0,1.0,1.0,,0.625,0.20512820512820512,,0.20512820512820512,0.6,1.0,0.5076923076923077,0.24242424242424243,0.25,0.625,0.2,,,0.24242424242424243,26.456410256410255,,6.0,3.0,4.0,17.0,4.0,20.0,9.0,2.0,1.0,2.0,,0.2,0.05128205128205128,0.16666666666666666,0.09230769230769231,,,,0.09090909090909091,0.5151515151515151,0.23529411764705882,,0.16666666666666666,1.0,,0.2,,,1.0,,2.0,,,,,0.030303030303030304,,,,,,,,,,,"[""single_row_table_data"", ""multi_row_table_data""]",{}
1643462,1611661320,Chance Gray,Chance Gray,1643462,LAS,-3990.0,8,-66.0,-36.0,191,193,84.0,80.0,26,384,4.0,7.0,,1.0,3.0,4.0,,,,,4.0,7.0,1.0,21.0,210,,1.0,,,3.0,4.0,,18.0,8.0,,,3.0,2.0,2.0,4.0,1.0,1.0,2.0,,,10.0,2.0,1.0,4.0,4.0,,8.0,3.0,11.0,1.0,1.0,,1.0,2.0,,2.0,1.0,,,3.0,,1.0,6.0,10.0,,,,1.0,,,1.0,1.0,1.0,,,,,,,21.0,18.0,82.0,,,,3.0,4.0,,,91.09947643979058,108.80829015544042,1.0,1.0,0.5714285714285714,,0.75,0.45454545454545453,,0.75,0.4772727272727273,,0.75,0.42857142857142855,0.42857142857142855,,11.363636363636363,0.6666666666666666,,0.09523809523809523,0.019230769230769232,0.0975609756097561,0.047619047619047616,0.0963855421686747,0.031914893617021274,,0.043478260869565216,,0.06451612903225806,,,0.043478260869565216,0.375,0.1111111111111111,,0.09090909090909091,0.3181818181818182,0.5714285714285714,1.0,1.0,,,,,,,,,0.5,,,0.3333333333333333,0.75,1.0,0.54275,0.521725,0.5628875,0.045454545454545456,0.14285714285714285,,0.8571428571428571,2.042857142857143,0.3333333333333333,,,0.4397905759162304,player_totals,wnba,2026,Regular Season,/get-totals/wnba,"{""Season"": ""2026"", ""SeasonType"": ""Regular Season"", ""Type"": ""Player""}",20260603T185758Z,2026-06-03T18:58:01+00:00,bb3d7484327d02e18a99aee7b1083aa167236f1217258244bf755d8f4e466953,3.0,11.0,,1.0,4.0,15.0,,1.0,12.0,11.0,3.0,,,,1.0,0.26666666666666666,,0.26666666666666666,0.6818181818181818,,0.5,0.2727272727272727,0.2727272727272727,1.0,0.5,,,0.2727272727272727,25.34,1.0,4.0,2.0,3.0,6.0,4.0,8.0,,,1.0,,,0.5,,,0.18181818181818182,0.25,0.25,1.0,0.16666666666666666,0.5,0.5,,0.45454545454545453,,1.0,,0.5,,,,,,,,,,,,,,,,,,,,"[""single_row_table_data"", ""multi_row_table_data""]",{}
203826,1611661317,Alyssa Thomas,Alyssa Thomas,203826,PHX,10250.2,10,171.0,-28.0,650,656,183.0,128.0,78,1306,28.0,41.0,8.0,9.0,10.0,13.0,22.0,60.0,3.0,7.0,53.0,108.0,50.0,156.0,732,10.0,15.0,14.0,34.0,15.0,29.0,25.0,55.0,38.0,68.0,12.0,5.0,42.0,36.0,78.0,23.0,13.0,21.0,15.0,6.0,192.0,5.0,11.0,21.0,27.0,4.0,52.0,16.0,68.0,3.0,18.0,9.0,9.0,20.0,6.0,14.0,14.0,1.0,6.0,34.0,2.0,8.0,11.0,27.0,2.0,4.0,4.0,50.0,4.0,5.0,68.0,4.0,25.0,11.0,1.0,1.0,1.0,1.0,2.0,122.0,55.0,181.0,1.0,11.0,4.0,17.0,6.0,14.0,1.0,108.3076923076923,111.58536585365854,0.3584905660377358,0.40425531914893614,0.49074074074074076,0.6666666666666666,0.5172413793103449,0.49074074074074076,0.6666666666666666,0.5172413793103449,0.5571428571428572,0.68,0.5978260869565217,0.046296296296296294,0.024390243902439025,0.06666666666666667,23.60922659430122,0.5882352941176471,0.23529411764705882,0.18,0.0650887573964497,0.16153846153846155,0.03597122302158273,0.17142857142857143,0.05194805194805195,0.04,0.08139534883720931,0.06060606060606061,0.038834951456310676,0.027777777777777776,0.22641509433962265,0.13432835820895522,0.2,0.1574074074074074,0.18181818181818182,0.061224489795918366,0.37962962962962965,0.6829268292682927,0.7,0.17857142857142858,0.5555555555555556,0.36666666666666664,0.39285714285714285,0.5454545454545454,0.06481481481481481,0.42857142857142855,0.42857142857142855,0.6666666666666666,0.6,0.8888888888888888,0.125,0.4482758620689655,0.7692307692307693,0.37962962962962965,0.49172592592592596,0.5410909090909091,0.5017551724137931,0.1937984496124031,0.1937984496124031,0.21794871794871795,0.3525641025641026,6.151851851851852,0.46153846153846156,0.21621621621621623,0.5,0.2815384615384615,player_totals,wnba,2026,Regular Season,/get-totals/wnba,"{""Season"": ""2026"", ""SeasonType"": ""Regular Season"", ""Type"": ""Player""}",20260603T195605Z,2026-06-03T19:56:07+00:00,8dc67c8c2705646f0dbf870d2800d8aa634c14789fe0b5f42441559c1da49987,,,,,,,,,,,,,,,,,,,,,,,,,,,,,,,,,,,,,,,,,,,,,,,,,,,,,,,,,,,,,,,,,,,,,,,,,,,,,"[""single_row_table_data"", ""multi_row_table_data""]",{}
1631019,1611661319,NaLyssa Smith,NaLyssa Smith,1631019,LVA,9828.099999999999,9,164.0,-2.0,385,391,46.0,35.0,57,776,26.0,30.0,11.0,11.0,3.0,4.0,13.0,22.0,1.0,3.0,40.0,55.0,16.0,99.0,419,12.0,13.0,5.0,32.0,4.0,5.0,5.0,13.0,48.0,32.0,18.0,7.0,7.0,1.0,8.0,1.0,,1.0,4.0,2.0,17.0,8.0,15.0,8.0,30.0,,38.0,23.0,61.0,,4.0,3.0,1.0,2.0,1.0,,8.0,1.0,2.0,10.0,2.0,,18.0,30.0,1.0,,4.0,34.0,7.0,3.0,34.0,5.0,14.0,6.0,7.0,1.0,1.0,4.0,8.0,67.0,13.0,46.0,1.0,4.0,,16.0,23.0,9.0,6.0,108.31168831168831,107.16112531969308,0.6,0.7741935483870968,0.7272727272727273,0.9230769230769231,0.8,0.7155172413793104,0.9642857142857143,0.8,0.678082191780822,0.8,0.7222222222222222,0.12727272727272726,0.06666666666666667,0.22727272727272727,18.181818181818183,0.2,,0.2564102564102564,0.1282051282051282,0.10810810810810811,0.12307692307692308,0.19895287958115182,0.12637362637362637,0.15,0.11428571428571428,0.14814814814814814,0.14814814814814814,,0.23529411764705882,0.3392857142857143,0.1111111111111111,0.09523809523809523,0.18181818181818182,,0.5172413793103449,0.8666666666666667,0.9285714285714286,0.5384615384615384,0.3793103448275862,0.5909090909090909,0.7647058823529411,0.6923076923076923,0.05172413793103448,0.3333333333333333,0.3333333333333333,1.0,0.7857142857142857,1.0,0.09090909090909091,0.8,0.75,0.5689655172413793,0.5087094827586207,0.5907909090909091,0.48658,0.208955223880597,0.21875,0.32323232323232326,0.13131313131313133,4.647272727272727,0.25,0.1111111111111111,,0.11948051948051948,player_totals,wnba,2026,Regular Season,/get-totals/wnba,"{""Season"": ""2026"", ""SeasonType"": ""Regular Season"", ""Type"": ""Player""}",20260603T195605Z,2026-06-03T19:56:07+00:00,1c2fedb9fff71d8a6ac9d37e5c987e0b53923a4f18c51bf450ee79697ccdb6c2,1.0,3.0,1.0,1.0,1.0,3.0,1.0,1.0,3.0,3.0,1.0,3.0,4.0,1.0,1.0,0.3333333333333333,1.0,0.3333333333333333,0.05172413793103448,0.5,0.05172413793103448,0.3333333333333333,0.3333333333333333,1.0,0.07142857142857142,1.0,1.0,0.3333333333333333,25.5,,,,,,,,,,,,,,,,,,,,,,,,,,,,,,,,,,,,,,,,,,,,,,,,"[""single_row_table_data"", ""multi_row_table_data""]",{}
1629546,1611661313,Marine Johannes,Marine Johannes,1629546,NYL,9605.3,9,160.0,37.0,485,483,108.0,100.0,52,968,4.0,6.0,1.0,1.0,,,2.0,5.0,1.0,4.0,7.0,15.0,6.0,107.0,505,2.0,3.0,1.0,17.0,,2.0,1.0,19.0,10.0,4.0,2.0,1.0,26.0,12.0,38.0,7.0,5.0,15.0,8.0,3.0,88.0,7.0,,8.0,11.0,,19.0,7.0,26.0,,12.0,8.0,4.0,10.0,4.0,7.0,9.0,3.0,3.0,19.0,,3.0,7.0,19.0,,2.0,,11.0,,2.0,8.0,1.0,3.0,,1.0,,,,1.0,90.0,19.0,108.0,2.0,,,17.0,17.0,-5.0,,111.75257731958764,104.55486542443064,0.7142857142857143,0.8333333333333334,0.4666666666666667,0.6666666666666666,,0.6158536585365854,1.0,0.47368421052631576,0.6294117647058823,1.0625,0.475,0.06666666666666667,,0.2,19.08256880733945,0.5263157894736842,,0.08527131782945736,,0.07079646017699115,0.06306306306306306,0.07851239669421488,0.03349282296650718,,,,0.07692307692307693,0.030303030303030304,0.08823529411764706,0.045454545454545456,0.1724137931034483,0.08974358974358974,0.02857142857142857,,0.07317073170731707,0.6666666666666666,0.6666666666666666,0.75,0.06097560975609756,0.4,0.5,0.5,0.04878048780487805,0.25,0.25,1.0,0.125,1.0,,,,0.8902439024390244,0.5173246913580247,0.46608333333333335,0.47747222222222224,0.047058823529411764,0.17647058823529413,0.1588785046728972,0.17757009345794392,9.913333333333332,1.0,0.3333333333333333,0.6666666666666666,0.22268041237113403,player_totals,wnba,2026,Regular Season,/get-totals/wnba,"{""Season"": ""2026"", ""SeasonType"": ""Regular Season"", ""Type"": ""Player""}",20260603T195605Z,2026-06-03T19:56:07+00:00,59edf01a75455d69be49365959079c94d0cd08dd76a69e05f1448316e42722e7,21.0,49.0,4.0,5.0,29.0,67.0,4.0,5.0,63.0,49.0,21.0,1.0,1.0,2.0,0.7241379310344828,0.43283582089552236,0.8,0.43283582089552236,0.8170731707317073,1.0,0.5975609756097561,0.42857142857142855,0.42857142857142855,0.6666666666666666,0.625,0.8,0.5,0.42857142857142855,25.104477611940297,8.0,18.0,3.0,6.0,14.0,6.0,17.0,24.0,1.0,2.0,1.0,1.0,0.35294117647058826,0.014925373134328358,0.05555555555555555,0.21951219512195122,0.4444444444444444,0.47058823529411764,0.875,0.15789473684210525,0.7368421052631579,0.42857142857142855,0.014705882352941176,0.3783783783783784,,,,,,,,,,,,,,,,,,,,,,,,"[""single_row_table_data"", ""multi_row_table_data""]",{}
1630996,1611661320,Rae Burrell,Rae Burrell,1630996,LAS,9547.1,9,159.0,-42.0,498,505,150.0,131.0,61,1003,16.0,24.0,1.0,1.0,8.0,12.0,6.0,17.0,1.0,1.0,23.0,42.0,15.0,94.0,582,2.0,4.0,,4.0,10.0,15.0,9.0,41.0,28.0,18.0,,7.0,6.0,7.0,13.0,4.0,3.0,6.0,,,33.0,3.0,4.0,10.0,4.0,2.0,16.0,7.0,23.0,2.0,4.0,3.0,1.0,10.0,4.0,6.0,8.0,1.0,4.0,18.0,1.0,4.0,8.0,21.0,,1.0,1.0,22.0,1.0,5.0,19.0,3.0,7.0,4.0,1.0,,,,1.0,90.0,41.0,148.0,5.0,4.0,3.0,6.0,15.0,4.0,4.0,108.43373493975902,115.24752475247526,0.6086956521739131,0.6086956521739131,0.5476190476190477,0.5,0.6666666666666666,0.5266666666666666,0.3333333333333333,0.5714285714285714,0.5662650602409639,0.3333333333333333,0.6212121212121212,0.16666666666666666,0.16666666666666666,0.17647058823529413,17.81305114638448,0.5555555555555556,0.13333333333333333,0.035398230088495575,0.03571428571428571,0.10309278350515463,0.030927835051546393,0.06666666666666667,0.03349282296650718,0.05128205128205128,0.03333333333333333,,0.02666666666666667,0.045454545454545456,0.05128205128205128,0.038461538461538464,,0.11538461538461539,0.05263157894736842,0.058823529411764705,0.32,0.6666666666666666,0.8,0.5,0.22666666666666666,0.35294117647058826,0.42857142857142855,0.8333333333333334,0.013333333333333334,1.0,1.0,1.0,0.16666666666666666,1.0,,0.42857142857142855,0.6666666666666666,0.76,0.5293666666666667,0.3394333333333333,0.5387178571428571,0.08860759493670886,0.15217391304347827,0.0425531914893617,0.43617021276595747,3.8095238095238093,0.375,0.5454545454545454,,0.30120481927710846,player_totals,wnba,2026,Regular Season,/get-totals/wnba,"{""Season"": ""2026"", ""SeasonType"": ""Regular Season"", ""Type"": ""Player""}",20260603T195605Z,2026-06-03T19:56:07+00:00,18f05e04e50f75a6147a19d91bf39feadf93fef9085862dcaa0e8b49a433986b,7.0,21.0,,1.0,11.0,33.0,,2.0,33.0,21.0,7.0,1.0,,2.0,1.0,0.3333333333333333,,0.3333333333333333,0.44,,0.28,0.3333333333333333,0.3333333333333333,1.0,0.16666666666666666,,,0.3333333333333333,24.36060606060606,4.0,12.0,3.0,3.0,10.0,4.0,13.0,,,1.0,,4.0,0.3076923076923077,,,0.16,0.3333333333333333,0.3333333333333333,1.0,0.10714285714285714,0.35714285714285715,0.3,,0.22727272727272727,1.0,1.0,0.16666666666666666,0.3333333333333333,,,,,,,,,,,,,,,,,,,,"[""single_row_table_data"", ""multi_row_table_data""]",{}
203827,1611661324,Natasha Howard,Natasha Howard,203827,MIN,9158.3,9,153.0,110.0,510,517,82.0,100.0,62,1027,57.0,79.0,15.0,22.0,6.0,9.0,7.0,14.0,2.0,4.0,66.0,97.0,17.0,149.0,489,17.0,24.0,5.0,39.0,8.0,12.0,8.0,24.0,86.0,46.0,30.0,5.0,24.0,10.0,34.0,7.0,3.0,13.0,5.0,6.0,78.0,10.0,19.0,14.0,21.0,4.0,39.0,30.0,69.0,5.0,13.0,9.0,4.0,15.0,4.0,10.0,20.0,1.0,5.0,35.0,2.0,4.0,20.0,33.0,1.0,1.0,8.0,43.0,7.0,3.0,32.0,6.0,16.0,3.0,6.0,,,,6.0,110.0,24.0,80.0,1.0,3.0,,12.0,14.0,7.0,4.0,117.45098039215686,94.58413926499033,0.6515151515151515,0.8431372549019608,0.6804123711340206,0.7083333333333334,0.6666666666666666,0.66,0.7083333333333334,0.6153846153846154,0.6592920353982301,0.7222222222222222,0.6666666666666666,0.05154639175257732,0.06329113924050633,,25.561312607944732,0.42857142857142855,0.25,0.15217391304347827,0.14728682170542637,0.11290322580645161,0.13157894736842105,0.13358778625954199,0.14146341463414633,0.16363636363636364,0.2413793103448276,0.06666666666666667,0.1111111111111111,0.18181818181818182,0.19718309859154928,0.125,0.05263157894736842,0.13829787234042554,0.03333333333333333,0.1724137931034483,0.79,0.7215189873417721,0.7702702702702703,0.6491228070175439,0.14,0.5,0.5,0.5714285714285714,0.04,0.5,0.5,1.0,0.9166666666666666,0.6818181818181818,0.06666666666666667,0.6923076923076923,0.6666666666666666,0.82,0.5887875,0.594515,0.5315538461538462,0.14545454545454545,0.14953271028037382,0.26174496644295303,0.1610738255033557,3.3463917525773197,0.2727272727272727,0.42857142857142855,,0.1607843137254902,player_totals,wnba,2026,Regular Season,/get-totals/wnba,"{""Season"": ""2026"", ""SeasonType"": ""Regular Season"", ""Type"": ""Player""}",20260603T195605Z,2026-06-03T19:56:07+00:00,6abde24b327770575e6ceb0b8c128233140751e1752afe91eab3f94674283719,,3.0,,,,3.0,,,,3.0,,6.0,3.0,,,,,,0.03,0.5,0.03,,,,,,,,23.53333333333333,,,,,1.0,,1.0,,,3.0,,2.0,,,,,,,,,0.07692307692307693,,,0.3333333333333333,,,,,1.0,1.0,0.09090909090909091,,,,,,,,,,,,,,,,,"[""single_row_table_data"", ""multi_row_table_data""]",{}
1642784,1611661321,Paige Bueckers,Paige Bueckers,1642784,DAL,9041.5,9,151.0,37.0,559,564,83.0,110.0,73,1123,10.0,15.0,3.0,4.0,2.0,3.0,24.0,41.0,9.0,26.0,43.0,82.0,28.0,165.0,595,6.0,13.0,2.0,20.0,4.0,9.0,11.0,31.0,48.0,38.0,,3.0,34.0,14.0,48.0,9.0,5.0,21.0,7.0,6.0,110.0,2.0,1.0,17.0,11.0,1.0,29.0,4.0,33.0,,4.0,3.0,1.0,13.0,2.0,7.0,4.0,1.0,6.0,17.0,1.0,2.0,13.0,23.0,,1.0,,33.0,1.0,3.0,36.0,6.0,13.0,7.0,1.0,2.0,1.0,,3.0,145.0,31.0,81.0,1.0,6.0,2.0,6.0,6.0,7.0,,113.05903398926655,105.49645390070923,0.5581395348837209,0.5581395348837209,0.524390243902439,0.46153846153846156,0.4444444444444444,0.5614754098360656,0.5294117647058824,0.7142857142857143,0.5992647058823529,0.5555555555555556,0.7045454545454546,0.036585365853658534,,0.04878048780487805,23.61111111111111,0.7647058823529411,0.08333333333333333,0.06875,0.0064516129032258064,0.17894736842105263,0.016666666666666666,0.10980392156862745,0.01090909090909091,0.022222222222222223,,,0.01020408163265306,0.045454545454545456,0.06451612903225806,0.06944444444444445,0.07692307692307693,0.19753086419753085,0.07142857142857142,,0.12295081967213115,0.6666666666666666,0.6666666666666666,0.5,0.3360655737704918,0.5853658536585366,0.6153846153846154,0.5,0.21311475409836064,0.34615384615384615,0.36,0.7777777777777778,0.23529411764705882,0.75,0.3333333333333333,0.21428571428571427,0.6666666666666666,0.45081967213114754,0.45240413223140497,0.452675,0.4382653846153846,0.10077519379844961,0.14606741573033707,0.12121212121212122,0.18787878787878787,10.398780487804878,0.4,0.47058823529411764,0.17647058823529413,0.148479427549195,player_totals,wnba,2026,Regular Season,/get-totals/wnba,"{""Season"": ""2026"", ""SeasonType"": ""Regular Season"", ""Type"": ""Player""}",20260603T195605Z,2026-06-03T19:56:07+00:00,a4bed007f447bc5c0ce203bf6c65cdddc38488ed05e1f8a59f8ef0b28a712370,17.0,36.0,2.0,4.0,17.0,40.0,2.0,4.0,42.0,36.0,17.0,1.0,3.0,,0.8235294117647058,0.425,0.5,0.425,0.32786885245901637,1.0,0.29508196721311475,0.4722222222222222,0.4722222222222222,0.8235294117647058,0.23529411764705882,0.5,1.0,0.4722222222222222,25.490000000000002,,4.0,,4.0,5.0,4.0,5.0,9.0,1.0,1.0,,,0.8,0.025,0.25,0.03278688524590164,,,,,0.35714285714285715,0.8,,0.3181818181818182,,,,,1.0,,0.06666666666666667,3.0,2.0,1.0,0.038461538461538464,,,,,,,,,,,,,"[""single_row_table_data"", ""multi_row_table_data""]",{}
1629491,1611661321,Jessica Shepard,Jessica Shepard,1629491,DAL,8872.8,9,148.0,29.0,531,536,84.0,99.0,76,1067,36.0,49.0,4.0,7.0,7.0,7.0,7.0,22.0,3.0,7.0,46.0,78.0,21.0,113.0,567,5.0,11.0,6.0,16.0,9.0,11.0,9.0,27.0,60.0,32.0,2.0,3.0,36.0,17.0,53.0,15.0,2.0,18.0,7.0,11.0,123.0,10.0,14.0,23.0,45.0,6.0,74.0,25.0,99.0,1.0,4.0,1.0,3.0,5.0,1.0,4.0,6.0,,1.0,11.0,,3.0,10.0,23.0,1.0,2.0,3.0,34.0,6.0,,30.0,6.0,14.0,4.0,,,,,,97.0,27.0,82.0,3.0,4.0,,,4.0,6.0,3.0,112.24105461393597,105.78358208955223,0.6521739130434783,0.6666666666666666,0.5897435897435898,0.45454545454545453,0.8181818181818182,0.5542168674698795,0.38461538461538464,0.75,0.5947368421052631,0.5,0.7941176470588235,0.038461538461538464,0.04081632653061224,0.045454545454545456,17.15210355987055,0.45454545454545453,0.5454545454545454,0.2848101265822785,0.0915032679738562,0.26744186046511625,0.09345794392523364,0.2786885245901639,0.09230769230769231,0.1111111111111111,0.07936507936507936,0.08888888888888889,0.10588235294117647,0.045454545454545456,0.3064516129032258,0.2714285714285714,0.2692307692307692,0.2602739726027397,0.3076923076923077,0.030303030303030304,0.5903614457831325,0.7346938775510204,0.7659574468085106,0.7222222222222222,0.26506024096385544,0.3181818181818182,0.3333333333333333,0.14285714285714285,0.08433734939759036,0.42857142857142855,0.42857142857142855,1.0,0.5384615384615384,0.5714285714285714,0.5,0.5833333333333334,1.0,0.6506024096385542,0.5199457831325301,0.5400611111111111,0.47833333333333333,0.15384615384615385,0.16279069767441862,0.1415929203539823,0.23893805309734514,4.92948717948718,0.23076923076923078,0.21428571428571427,,0.15819209039548024,player_totals,wnba,2026,Regular Season,/get-totals/wnba,"{""Season"": ""2026"", ""SeasonType"": ""Regular Season"", ""Type"": ""Player""}",20260603T195605Z,2026-06-03T19:56:07+00:00,f02d0967e674b2e49558542ef5b43c9975845856dd58271df9e37da9abf291b2,,4.0,,1.0,,5.0,,2.0,,4.0,,,,,,,,,0.060240963855421686,,0.04819277108433735,,,,0.07692307692307693,,,,24.54,,1.0,,,1.0,,1.0,,,,,,,,,0.012048192771084338,,,,,0.08333333333333333,,,,1.0,,0.07692307692307693,,1.0,,0.06666666666666667,,,,,,,,,,,,,,,,,"[""single_row_table_data"", ""multi_row_table_data""]",{}
1628932,1611661319,A'ja Wilson,A'ja Wilson,1628932,LVA,8850.6,9,148.0,39.0,567,571,117.0,125.0,73,1138,33.0,43.0,6.0,7.0,8.0,11.0,33.0,76.0,7.0,23.0,73.0,142.0,47.0,223.0,593,11.0,18.0,10.0,35.0,13.0,21.0,20.0,55.0,110.0,36.0,8.0,5.0,14.0,10.0,24.0,9.0,1.0,5.0,7.0,2.0,58.0,6.0,10.0,26.0,32.0,6.0,64.0,16.0,80.0,6.0,11.0,10.0,1.0,16.0,1.0,7.0,9.0,,9.0,25.0,1.0,6.0,7.0,16.0,1.0,,6.0,66.0,1.0,,58.0,10.0,28.0,6.0,22.0,1.0,1.0,15.0,23.0,188.0,55.0,117.0,,5.0,,5.0,10.0,1.0,1.0,111.46384479717813,103.85288966725044,0.7534246575342466,0.7971014492753623,0.5140845070422535,0.6111111111111112,0.6190476190476191,0.55,0.625,0.7291666666666666,0.6059782608695652,0.7,0.8088235294117647,0.035211267605633804,,0.05263157894736842,32.15384615384615,0.64,0.4,0.17679558011049723,0.06060606060606061,0.23423423423423423,0.06382978723404255,0.19863013698630136,0.06177606177606178,0.05405405405405406,0.05555555555555555,0.07894736842105263,0.07792207792207792,,0.1774193548387097,0.13924050632911392,0.25,0.23958333333333334,0.2,0.08333333333333333,0.26875,0.7674418604651163,0.7674418604651163,0.7575757575757576,0.475,0.4342105263157895,0.4583333333333333,0.7575757575757576,0.14375,0.30434782608695654,0.3181818181818182,0.7142857142857143,0.35,0.8571428571428571,0.5,0.4583333333333333,0.7272727272727273,0.38125,0.46245875,0.4711233333333333,0.4943583333333333,0.15730337078651685,0.175,0.15695067264573992,0.24663677130044842,8.107042253521128,0.5,0.46511627906976744,0.1875,0.20634920634920634,player_totals,wnba,2026,Regular Season,/get-totals/wnba,"{""Season"": ""2026"", ""SeasonType"": ""Regular Season"", ""Type"": ""Player""}",20260603T195605Z,2026-06-03T19:56:07+00:00,8019eb55b8121ea94196d4ad4e6cd05cbb5fc6834432d4e7710712595b99e3c4,10.0,18.0,1.0,2.0,10.0,18.0,1.0,2.0,27.0,18.0,10.0,7.0,11.0,,0.9,0.5555555555555556,0.5,0.5555555555555556,0.1125,0.4782608695652174,0.1125,0.5555555555555556,0.5555555555555556,0.9,0.1,0.5,1.0,0.5555555555555556,24.644444444444446,,,,3.0,3.0,3.0,3.0,3.0,,,,3.0,1.0,,,,,,,,0.125,1.0,,0.25,,,,,,,,1.0,,,0.043478260869565216,,,,,,,,,,,,,"[""single_row_table_data"", ""multi_row_table_data""]",{}
1628269,1611661324,Nia Coffey,Nia Coffey,1628269,MIN,8735.0,9,146.0,72.0,469,478,68.0,82.0,53,947,13.0,16.0,1.0,3.0,2.0,3.0,2.0,4.0,2.0,5.0,17.0,25.0,1.0,89.0,454,1.0,3.0,,8.0,2.0,3.0,,13.0,32.0,2.0,,2.0,7.0,6.0,13.0,5.0,1.0,4.0,1.0,2.0,32.0,4.0,2.0,17.0,25.0,5.0,47.0,6.0,53.0,2.0,6.0,6.0,,3.0,3.0,3.0,6.0,,,9.0,1.0,2.0,13.0,24.0,2.0,2.0,1.0,8.0,1.0,1.0,1.0,1.0,1.0,,4.0,5.0,,1.0,9.0,81.0,13.0,66.0,4.0,,,11.0,15.0,23.0,2.0,112.15351812366737,94.97907949790795,0.9411764705882353,0.9411764705882353,0.68,0.3333333333333333,0.6666666666666666,0.6984126984126984,0.5714285714285714,1.0833333333333333,0.7063492063492064,0.5714285714285714,1.0833333333333333,0.08,0.0625,0.25,13.688212927756654,0.3333333333333333,0.45454545454545453,0.1893939393939394,0.017543859649122806,0.14285714285714285,0.05128205128205128,0.16733067729083664,0.03125,,0.038461538461538464,0.025,0.03571428571428571,0.09090909090909091,0.11940298507462686,0.2553191489361702,0.2777777777777778,0.15555555555555556,0.10344827586206896,0.08333333333333333,0.25396825396825395,0.8125,0.8666666666666667,1.0,0.06349206349206349,0.5,0.6666666666666666,0.5,0.07936507936507936,0.4,0.4,1.0,0.42857142857142855,0.3333333333333333,1.0,0.5,0.6666666666666666,0.8571428571428571,0.5365436507936509,0.60755,0.5350583333333333,0.015873015873015872,0.04,0.0898876404494382,0.14606741573033707,6.084,0.3333333333333333,0.5,0.3333333333333333,0.14498933901918976,player_totals,wnba,2026,Regular Season,/get-totals/wnba,"{""Season"": ""2026"", ""SeasonType"": ""Regular Season"", ""Type"": ""Player""}",20260603T195605Z,2026-06-03T19:56:07+00:00,d25914e3154607e2d3481ecd02b63e6e05d3f110c8c9aae98a2430e9f044edc5,15.0,28.0,2.0,4.0,18.0,38.0,2.0,4.0,51.0,28.0,15.0,3.0,5.0,,0.9444444444444444,0.47368421052631576,0.5,0.47368421052631576,0.6031746031746031,0.5555555555555556,0.4444444444444444,0.5357142857142857,0.5555555555555556,0.9333333333333333,0.5714285714285714,0.5,1.0,0.5357142857142857,24.068421052631578,3.0,10.0,,3.0,3.0,3.0,3.0,3.0,1.0,,,1.0,1.0,0.02631578947368421,,0.15873015873015872,0.3,0.3,1.0,,0.5,1.0,,0.3157894736842105,,,,,,,,,,5.0,,1.0,0.03571428571428571,,,,,,,,,,,"[""single_row_table_data"", ""multi_row_table_data""]",{}
1641649,1611661323,Diamond Miller,Diamond Miller,1641649,CON,8675.8,11,145.0,-99.0,438,447,86.0,114.0,58,885,14.0,25.0,1.0,2.0,2.0,4.0,4.0,20.0,1.0,7.0,19.0,52.0,29.0,91.0,513,1.0,6.0,2.0,4.0,2.0,9.0,5.0,9.0,24.0,14.0,,10.0,6.0,4.0,10.0,4.0,,3.0,2.0,1.0,24.0,2.0,3.0,8.0,9.0,1.0,18.0,5.0,23.0,1.0,10.0,6.0,4.0,10.0,2.0,6.0,4.0,,4.0,14.0,,4.0,14.0,35.0,,4.0,,28.0,1.0,3.0,34.0,3.0,17.0,1.0,1.0,,,1.0,1.0,87.0,9.0,86.0,6.0,1.0,,15.0,21.0,5.0,,94.52054794520548,114.76510067114094,0.631578947368421,0.631578947368421,0.36538461538461536,0.16666666666666666,0.2222222222222222,0.36470588235294116,0.1,0.16666666666666666,0.45,0.18181818181818182,0.26666666666666666,0.19230769230769232,0.16,0.25,22.35294117647059,0.7142857142857143,0.07142857142857142,0.09473684210526316,0.02158273381294964,0.09876543209876543,0.024096385542168676,0.09659090909090909,0.02252252252252252,0.021739130434782608,0.015384615384615385,0.03571428571428571,0.0273972602739726,,0.08333333333333333,0.10869565217391304,0.07692307692307693,0.03333333333333333,0.2857142857142857,0.02127659574468085,0.29411764705882354,0.56,0.6666666666666666,0.7142857142857143,0.23529411764705882,0.2,0.26666666666666666,0.25,0.08235294117647059,0.14285714285714285,0.16666666666666666,1.0,0.2,0.5,,0.3333333333333333,0.5,0.6823529411764706,0.5236705882352941,0.48138333333333333,0.49859583333333335,0.1717171717171717,0.25757575757575757,0.04395604395604396,0.0989010989010989,6.15,0.45454545454545453,0.5625,,0.1963470319634703,player_totals,wnba,2026,Regular Season,/get-totals/wnba,"{""Season"": ""2026"", ""SeasonType"": ""Regular Season"", ""Type"": ""Player""}",20260603T195605Z,2026-06-03T19:56:07+00:00,60ea933631c97fc0786c78d7e90ae341686b68b3c43caabb80f609ae2916a8c9,7.0,26.0,,4.0,8.0,33.0,,4.0,18.0,26.0,7.0,,,,0.75,0.24242424242424243,,0.24242424242424243,0.38823529411764707,,0.3058823529411765,0.2692307692307692,0.28,0.7142857142857143,0.4,,,0.2692307692307692,24.62121212121212,1.0,7.0,1.0,,2.0,,3.0,6.0,1.0,,,1.0,,0.030303030303030304,,0.08235294117647059,0.14285714285714285,0.14285714285714285,1.0,0.08333333333333333,0.16666666666666666,,,0.24,,,,,,1.0,,1.0,1.0,,0.14285714285714285,,0.038461538461538464,,,,,,,,,,,"[""single_row_table_data"", ""multi_row_table_data""]",{}
203014,1611661320,Nneka Ogwumike,Nneka Ogwumike,203014,LAS,8655.5,8,144.0,-26.0,509,514,166.0,142.0,60,1023,20.0,30.0,7.0,9.0,8.0,13.0,12.0,29.0,1.0,6.0,33.0,65.0,23.0,122.0,580,9.0,15.0,1.0,19.0,12.0,22.0,8.0,38.0,42.0,24.0,12.0,7.0,12.0,4.0,16.0,2.0,2.0,10.0,2.0,,36.0,5.0,7.0,16.0,27.0,3.0,46.0,13.0,59.0,2.0,9.0,7.0,2.0,8.0,3.0,6.0,5.0,1.0,2.0,13.0,1.0,4.0,7.0,16.0,,1.0,1.0,30.0,4.0,1.0,30.0,2.0,13.0,3.0,3.0,,,2.0,3.0,103.0,38.0,164.0,2.0,3.0,,,,6.0,,108.84086444007859,112.84046692607005,0.6363636363636364,0.7777777777777778,0.5076923076923077,0.6,0.5454545454545454,0.5689655172413793,0.6,0.5555555555555556,0.6039603960396039,0.6333333333333333,0.5588235294117647,0.1076923076923077,0.13333333333333333,0.10344827586206896,19.75736568457539,0.6153846153846154,0.2727272727272727,0.24324324324324326,0.058823529411764705,0.15841584158415842,0.050505050505050504,0.2028301886792453,0.05504587155963303,0.058823529411764705,0.05454545454545454,0.07692307692307693,0.05263157894736842,0.043478260869565216,0.1951219512195122,0.2549019607843137,0.3157894736842105,0.13095238095238096,0.29411764705882354,0.05714285714285714,0.3448275862068966,0.6666666666666666,0.7692307692307693,0.75,0.3333333333333333,0.41379310344827586,0.46153846153846156,0.4166666666666667,0.06896551724137931,0.16666666666666666,0.16666666666666666,1.0,0.6,0.7777777777777778,0.42857142857142855,0.48148148148148145,0.6153846153846154,0.5977011494252874,0.49714942528735634,0.516925,0.5058074074074074,0.1326530612244898,0.17105263157894737,0.1557377049180328,0.3114754098360656,5.970769230769231,0.2,0.23529411764705882,0.4,0.32612966601178783,player_totals,wnba,2026,Regular Season,/get-totals/wnba,"{""Season"": ""2026"", ""SeasonType"": ""Regular Season"", ""Type"": ""Player""}",20260603T195605Z,2026-06-03T19:56:07+00:00,57e1da54bb7d610da7c4d36ac10192e0ebbfcc3403fc6222249db33861604d8a,9.0,18.0,,,11.0,22.0,,,27.0,18.0,9.0,1.0,2.0,,0.8181818181818182,0.5,,0.5,0.25287356321839083,0.6666666666666666,0.20689655172413793,0.5,0.5294117647058824,0.7777777777777778,,,,0.5,24.413636363636364,2.0,4.0,1.0,2.0,4.0,2.0,5.0,6.0,1.0,,,,0.4,0.045454545454545456,,0.04597701149425287,0.5,0.5,1.0,0.037037037037037035,0.14814814814814814,0.5,,0.2727272727272727,,,,,1.0,,0.09090909090909091,,,,,,0.05555555555555555,,,,,,,,,,,"[""single_row_table_data"", ""multi_row_table_data""]",{}
1628931,1611661331,Gabby Williams,Gabby Williams,1628931,GSV,8377.9,9,140.0,62.0,439,443,95.0,91.0,63,882,12.0,21.0,1.0,2.0,,1.0,7.0,24.0,5.0,15.0,24.0,60.0,23.0,128.0,441,3.0,9.0,2.0,11.0,5.0,10.0,7.0,26.0,28.0,20.0,,4.0,14.0,9.0,23.0,3.0,6.0,13.0,1.0,,55.0,4.0,2.0,12.0,11.0,3.0,26.0,6.0,32.0,2.0,16.0,11.0,5.0,6.0,2.0,3.0,8.0,1.0,3.0,14.0,,3.0,5.0,10.0,1.0,,1.0,23.0,2.0,,30.0,1.0,8.0,3.0,1.0,1.0,1.0,,2.0,117.0,26.0,95.0,,2.0,,1.0,4.0,,,114.57858769931664,99.54853273137698,0.5833333333333334,0.5833333333333334,0.4,0.3333333333333333,0.5,0.481651376146789,0.3,0.6333333333333333,0.5245901639344263,0.34375,0.65,0.06666666666666667,0.09523809523809523,0.08333333333333333,26.510721247563353,0.42857142857142855,0.3,0.0873015873015873,0.015625,0.14814814814814814,0.03636363636363636,0.1111111111111111,0.025210084033613446,,0.03333333333333333,,0.047619047619047616,,0.06818181818181818,0.08771929824561403,0.12,0.13114754098360656,0.2,0.03278688524590164,0.1926605504587156,0.5714285714285714,0.631578947368421,0.6666666666666666,0.22018348623853212,0.2916666666666667,0.3181818181818182,0.5714285714285714,0.13761467889908258,0.3333333333333333,0.3333333333333333,0.4,0.13333333333333333,0.5,1.0,0.06666666666666667,,0.6422018348623854,0.4897848623853211,0.5083888888888889,0.43956666666666666,0.0847457627118644,0.11940298507462686,0.0859375,0.203125,8.514999999999999,0.3333333333333333,0.23529411764705882,0.2,0.2164009111617312,player_totals,wnba,2026,Regular Season,/get-totals/wnba,"{""Season"": ""2026"", ""SeasonType"": ""Regular Season"", ""Type"": ""Player""}",20260603T195605Z,2026-06-03T19:56:07+00:00,329dd31b808d1192b3ecd19ce4eba8f17ea78954f3f13f03692d38e932e023fb,18.0,44.0,1.0,4.0,19.0,49.0,1.0,6.0,45.0,44.0,18.0,1.0,1.0,,0.7894736842105263,0.3877551020408163,0.16666666666666666,0.3877551020408163,0.44954128440366975,0.5,0.4036697247706422,0.4090909090909091,0.4090909090909091,0.7777777777777778,0.26666666666666666,0.25,1.0,0.4090909090909091,24.920408163265304,1.0,5.0,,3.0,5.0,3.0,5.0,12.0,,1.0,3.0,,0.6,,,0.045871559633027525,0.2,0.2,1.0,,0.3333333333333333,0.6,0.0392156862745098,0.3103448275862069,2.0,,0.13333333333333333,,,2.0,,,,,,,,,,,,,,,,,,"[""single_row_table_data"", ""multi_row_table_data""]",{}
1629481,1611661321,Arike Ogunbowale,Arike Ogunbowale,1629481,DAL,8339.8,9,139.0,27.0,499,499,83.0,98.0,68,998,6.0,18.0,1.0,2.0,1.0,5.0,10.0,29.0,5.0,18.0,21.0,65.0,31.0,118.0,526,6.0,10.0,6.0,21.0,4.0,10.0,11.0,22.0,20.0,22.0,4.0,6.0,13.0,10.0,23.0,9.0,1.0,7.0,4.0,2.0,56.0,3.0,4.0,4.0,9.0,,13.0,7.0,20.0,,6.0,5.0,1.0,7.0,3.0,5.0,7.0,,2.0,14.0,,2.0,3.0,18.0,,2.0,1.0,25.0,1.0,1.0,35.0,5.0,16.0,3.0,1.0,,,,1.0,97.0,22.0,81.0,3.0,3.0,2.0,-5.0,-3.0,1.0,3.0,110.82164328657313,105.41082164328657,0.47619047619047616,0.5263157894736842,0.3230769230769231,0.6,0.4,0.3782608695652174,0.39473684210526316,0.36666666666666664,0.4496124031007752,0.4772727272727273,0.5238095238095238,0.09230769230769231,0.1111111111111111,0.13793103448275862,24.655172413793103,0.5,,0.06923076923076923,0.027586206896551724,0.044444444444444446,0.027777777777777776,0.05909090909090909,0.02766798418972332,0.044444444444444446,0.03333333333333333,,0.011363636363636364,0.1,0.06666666666666667,0.07692307692307693,0.05555555555555555,0.05194805194805195,,,0.1565217391304348,0.3333333333333333,0.375,0.5,0.25217391304347825,0.3448275862068966,0.4,0.3,0.1565217391304348,0.2777777777777778,0.2777777777777778,0.8,0.10526315789473684,0.5,1.0,0.3333333333333333,0.2,0.591304347826087,0.49150132743362834,0.46411153846153846,0.5061346153846153,0.12698412698412698,0.21052631578947367,0.17796610169491525,0.1864406779661017,8.872307692307693,0.3333333333333333,0.3333333333333333,0.38461538461538464,0.16633266533066132,player_totals,wnba,2026,Regular Season,/get-totals/wnba,"{""Season"": ""2026"", ""SeasonType"": ""Regular Season"", ""Type"": ""Player""}",20260603T195605Z,2026-06-03T19:56:07+00:00,a952faf5e325819d953392c072401a742c91dadd1d201bd579aa36f6e5b1baa2,12.0,43.0,1.0,8.0,15.0,50.0,1.0,9.0,36.0,43.0,12.0,1.0,1.0,,0.8,0.3,0.1111111111111111,0.3,0.43478260869565216,1.0,0.3739130434782609,0.27906976744186046,0.2857142857142857,0.75,0.42105263157894735,0.125,,0.27906976744186046,25.491999999999997,3.0,7.0,2.0,,3.0,1.0,5.0,9.0,1.0,,,,0.2,0.02,,0.06086956521739131,0.42857142857142855,0.42857142857142855,1.0,0.13333333333333333,0.2,,,0.4,1.0,1.0,0.05263157894736842,0.5,,,,,2.0,,,,0.023255813953488372,,,,,,,,,,,"[""single_row_table_data"", ""multi_row_table_data""]",{}
1627675,1611661324,Courtney Williams,Courtney Williams,1627675,MIN,8110.6,9,135.0,61.0,552,558,81.0,110.0,67,1110,7.0,12.0,,,2.0,3.0,9.0,17.0,37.0,73.0,53.0,102.0,6.0,160.0,559,2.0,3.0,3.0,13.0,7.0,14.0,3.0,23.0,42.0,64.0,,1.0,28.0,9.0,37.0,7.0,2.0,25.0,,3.0,83.0,1.0,4.0,25.0,17.0,,42.0,5.0,47.0,4.0,12.0,7.0,5.0,13.0,1.0,13.0,3.0,1.0,,16.0,,4.0,9.0,19.0,,2.0,,9.0,,,7.0,2.0,4.0,,5.0,,,1.0,5.0,147.0,23.0,79.0,3.0,,,13.0,8.0,3.0,,112.31884057971016,100.17921146953405,0.39622641509433965,0.39622641509433965,0.5196078431372549,0.6666666666666666,0.5,0.5579710144927537,1.0,0.5263157894736842,0.5678571428571428,1.0,0.55,0.00980392156862745,,,24.840764331210192,0.8125,,0.11409395973154363,0.02702702702702703,0.18518518518518517,0.011904761904761904,0.14788732394366197,0.021551724137931036,,0.05714285714285714,0.03508771929824561,0.015873015873015872,,0.1095890410958904,0.06896551724137931,0.2777777777777778,0.16346153846153846,0.25806451612903225,0.05970149253731343,0.08695652173913043,0.5833333333333334,0.5833333333333334,0.5714285714285714,0.12318840579710146,0.5294117647058824,0.5294117647058824,0.7777777777777778,0.5289855072463768,0.5068493150684932,0.5138888888888888,0.2702702702702703,,,,0.15789473684210525,0.6666666666666666,0.34782608695652173,0.45159094202898553,0.4289875,0.4657342105263158,0.02857142857142857,0.038461538461538464,0.08125,0.14375,15.054901960784314,0.6,0.5,0.3333333333333333,0.14673913043478262,player_totals,wnba,2026,Regular Season,/get-totals/wnba,"{""Season"": ""2026"", ""SeasonType"": ""Regular Season"", ""Type"": ""Player""}",20260603T195605Z,2026-06-03T19:56:07+00:00,21719abf7007a5492cfbedae631ce49fbdbb76ff16e060bccd51caaf5f78488b,14.0,28.0,2.0,2.0,16.0,36.0,2.0,2.0,42.0,28.0,14.0,3.0,4.0,,0.875,0.4444444444444444,1.0,0.4444444444444444,0.2608695652173913,0.8,0.2028985507246377,0.5,0.5185185185185185,0.8571428571428571,0.4,1.0,1.0,0.5,24.26388888888889,2.0,8.0,1.0,2.0,4.0,2.0,5.0,6.0,1.0,,,,0.4,0.027777777777777776,,0.057971014492753624,0.25,0.25,1.0,0.05263157894736842,0.21052631578947367,0.5,,0.4,,,,,,,,,1.0,,0.0136986301369863,,0.03571428571428571,1.0,,,,,,,,,,"[""single_row_table_data"", ""multi_row_table_data""]",{}
203825,1611661324,Kayla McBride,Kayla McBride,203825,MIN,8095.799999999999,9,135.0,82.0,579,589,107.0,140.0,63,1168,16.0,23.0,6.0,6.0,3.0,3.0,4.0,13.0,7.0,16.0,27.0,52.0,29.0,119.0,570,7.0,10.0,,14.0,3.0,6.0,8.0,26.0,46.0,8.0,4.0,2.0,16.0,5.0,21.0,3.0,2.0,11.0,4.0,1.0,47.0,1.0,4.0,21.0,7.0,3.0,31.0,5.0,36.0,2.0,16.0,10.0,6.0,10.0,2.0,6.0,2.0,,4.0,12.0,1.0,4.0,4.0,15.0,,1.0,,25.0,,1.0,35.0,,10.0,2.0,3.0,,,,3.0,105.0,24.0,105.0,4.0,1.0,,2.0,3.0,,,112.60794473229706,96.7741935483871,0.8518518518518519,0.92,0.5192307692307693,0.7,0.5,0.4787234042553192,0.6363636363636364,0.75,0.5420560747663551,0.6363636363636364,0.8125,0.038461538461538464,,0.15384615384615385,18.364197530864196,0.8333333333333334,0.15789473684210525,0.04666666666666667,0.02877697841726619,0.14685314685314685,0.011235955056179775,0.09556313993174062,0.021929824561403508,0.05555555555555555,0.02857142857142857,,,0.043478260869565216,0.036585365853658534,0.02040816326530612,0.15789473684210525,0.14814814814814814,0.14285714285714285,0.03773584905660377,0.24468085106382978,0.6956521739130435,0.6956521739130435,0.875,0.13829787234042554,0.3076923076923077,0.36363636363636365,0.75,0.1702127659574468,0.4375,0.4375,0.8571428571428571,0.5454545454545454,1.0,0.6666666666666666,0.25,1.0,0.6914893617021277,0.5289771276595745,0.5752590909090909,0.5118541666666666,0.10476190476190476,0.16129032258064516,0.11764705882352941,0.2184873949579832,8.790384615384616,0.5714285714285714,0.4444444444444444,0.3333333333333333,0.1848013816925734,player_totals,wnba,2026,Regular Season,/get-totals/wnba,"{""Season"": ""2026"", ""SeasonType"": ""Regular Season"", ""Type"": ""Player""}",20260603T195605Z,2026-06-03T19:56:07+00:00,36dc1e8adde775d73c5fde6e86b1a5cd75e94b740fcf5e286e98138100473e9d,8.0,32.0,,1.0,12.0,42.0,,1.0,36.0,32.0,8.0,2.0,2.0,,1.0,0.2857142857142857,,0.2857142857142857,0.44680851063829785,0.6666666666666666,0.3404255319148936,0.25,0.25,1.0,0.09090909090909091,,,0.25,24.47142857142857,4.0,10.0,,4.0,6.0,4.0,6.0,,,,1.0,,0.6666666666666666,,,0.10638297872340426,0.4,0.4,1.0,,0.5,0.6666666666666666,0.023255813953488372,0.2,,,,,,,,,3.0,,,,,1.0,,,,,,,,,,"[""single_row_table_data"", ""multi_row_table_data""]",{}
1629484,1611661327,Megan Gustafson,Megan Gustafson,1629484,PDX,8094.6,11,135.0,-29.0,373,375,79.0,95.0,45,748,27.0,32.0,3.0,6.0,5.0,5.0,10.0,18.0,,,37.0,50.0,16.0,117.0,427,5.0,10.0,3.0,16.0,6.0,9.0,4.0,16.0,66.0,8.0,6.0,2.0,6.0,1.0,7.0,,1.0,2.0,4.0,,15.0,4.0,4.0,12.0,16.0,,28.0,8.0,36.0,,1.0,1.0,,1.0,2.0,1.0,5.0,,,6.0,,1.0,12.0,29.0,,4.0,2.0,23.0,2.0,1.0,20.0,4.0,10.0,2.0,5.0,,,2.0,5.0,101.0,16.0,79.0,3.0,2.0,,9.0,7.0,14.0,,106.7024128686327,113.86666666666666,0.8918918918918919,0.9705882352941176,0.74,0.5,0.6666666666666666,0.6824324324324325,0.5416666666666666,0.5,0.7134146341463414,0.6153846153846154,0.5333333333333333,0.04,0.03125,0.05555555555555555,20.657276995305164,0.16666666666666666,,0.2191780821917808,0.0425531914893617,0.12244897959183673,0.06153846153846154,0.16374269005847952,0.050314465408805034,0.07142857142857142,0.020833333333333332,,0.08333333333333333,,0.20689655172413793,0.3,0.07142857142857142,0.13513513513513514,0.08333333333333333,,0.43243243243243246,0.84375,0.8709677419354839,0.9259259259259259,0.24324324324324326,0.5555555555555556,0.5882352941176471,0.8,,,,,0.5,0.5,0.3333333333333333,0.4166666666666667,1.0,0.7567567567567568,0.5118006756756757,0.5732,0.4707625,0.125,0.17857142857142858,0.13675213675213677,0.13675213675213677,3.928,0.8,0.375,,0.21179624664879357,player_totals,wnba,2026,Regular Season,/get-totals/wnba,"{""Season"": ""2026"", ""SeasonType"": ""Regular Season"", ""Type"": ""Player""}",20260603T195605Z,2026-06-03T19:56:07+00:00,42572e88bbad91aa5537e2b2ba1593b5cc2c2a9b32d0caf421634b4239256316,6.0,18.0,,1.0,9.0,24.0,1.0,2.0,27.0,18.0,6.0,3.0,2.0,,1.0,0.375,0.5,0.375,0.32432432432432434,0.4,0.24324324324324326,0.3333333333333333,0.3333333333333333,1.0,0.08333333333333333,,,0.3333333333333333,24.55,3.0,6.0,,,3.0,,3.0,,,,,1.0,,,,0.08108108108108109,0.5,0.5,1.0,,0.25,,,0.13333333333333333,1.0,,0.08333333333333333,,,,,1.0,,,,,,,1.0,1.0,1.0,,,,,,,"[""single_row_table_data"", ""multi_row_table_data""]",{}
1629498,1611661319,Jackie Young,Jackie Young,1629498,LVA,8030.4,9,134.0,35.0,555,564,109.0,123.0,70,1119,15.0,26.0,,1.0,2.0,5.0,11.0,32.0,8.0,22.0,34.0,80.0,6.0,110.0,578,,1.0,1.0,4.0,6.0,15.0,2.0,14.0,30.0,38.0,,3.0,45.0,13.0,58.0,11.0,2.0,26.0,14.0,5.0,129.0,2.0,4.0,13.0,22.0,,35.0,7.0,42.0,3.0,8.0,7.0,1.0,12.0,1.0,7.0,5.0,2.0,5.0,17.0,1.0,3.0,14.0,22.0,,2.0,1.0,10.0,,2.0,7.0,2.0,3.0,1.0,3.0,1.0,1.0,1.0,4.0,106.0,14.0,109.0,2.0,1.0,3.0,3.0,4.0,6.0,1.0,110.45045045045046,102.4822695035461,0.4411764705882353,0.4411764705882353,0.425,,0.4,0.4297520661157025,0.3,0.2857142857142857,0.44308943089430897,0.3,0.3181818181818182,0.0375,0.07692307692307693,0.03125,22.0125786163522,0.7058823529411765,,0.12359550561797752,0.024844720496894408,0.11926605504587157,0.02127659574468085,0.12195121951219512,0.023529411764705882,,0.045454545454545456,,0.025974025974025976,,0.08196721311475409,0.15,0.13513513513513514,0.12631578947368421,0.07142857142857142,0.04477611940298507,0.21487603305785125,0.5769230769230769,0.625,0.4666666666666667,0.2644628099173554,0.34375,0.3548387096774194,0.5454545454545454,0.18181818181818182,0.36363636363636365,0.36363636363636365,0.25,0.2,,,0.23809523809523808,0.4,0.5537190082644629,0.4832766666666667,0.574925,0.4531190476190476,0.02459016393442623,0.037037037037037035,0.03636363636363636,0.12727272727272726,8.96875,0.2,0.25,0.21428571428571427,0.1963963963963964,player_totals,wnba,2026,Regular Season,/get-totals/wnba,"{""Season"": ""2026"", ""SeasonType"": ""Regular Season"", ""Type"": ""Player""}",20260603T195605Z,2026-06-03T19:56:07+00:00,7349b12a08893f2a7fb72da0283d5488dc4d0b54889864d9c5926fe59ff3c86c,11.0,36.0,1.0,3.0,12.0,41.0,1.0,4.0,36.0,36.0,11.0,2.0,2.0,,1.0,0.2926829268292683,0.25,0.2926829268292683,0.33884297520661155,0.5,0.2975206611570248,0.3055555555555556,0.3055555555555556,1.0,0.6,0.3333333333333333,1.0,0.3055555555555556,25.326829268292684,1.0,5.0,3.0,,3.0,,6.0,,,1.0,,5.0,,,,0.04132231404958678,0.2,0.2,1.0,0.14285714285714285,0.14285714285714285,,,0.4230769230769231,1.0,,0.2,,1.0,,0.0625,,1.0,,,,,,,,,,,,,,,"[""single_row_table_data"", ""multi_row_table_data""]",{}
1627668,1611661313,Breanna Stewart,Breanna Stewart,1627668,NYL,8023.099999999999,9,134.0,27.0,572,567,126.0,112.0,57,1139,21.0,34.0,2.0,7.0,7.0,10.0,28.0,63.0,3.0,5.0,52.0,102.0,50.0,169.0,601,3.0,13.0,6.0,12.0,12.0,25.0,22.0,49.0,82.0,22.0,4.0,8.0,11.0,11.0,22.0,8.0,3.0,6.0,3.0,2.0,55.0,5.0,7.0,33.0,26.0,6.0,65.0,12.0,77.0,4.0,11.0,9.0,2.0,15.0,2.0,8.0,9.0,,7.0,24.0,1.0,7.0,9.0,22.0,1.0,3.0,4.0,57.0,1.0,,56.0,4.0,22.0,7.0,10.0,,,8.0,10.0,157.0,49.0,124.0,1.0,7.0,,10.0,22.0,11.0,3.0,109.7902097902098,105.99647266313933,0.7884615384615384,0.82,0.5098039215686274,0.23076923076923078,0.48,0.46124031007751937,0.21428571428571427,0.421875,0.5454545454545454,0.34375,0.5697674418604651,0.0784313725490196,0.058823529411764705,0.09523809523809523,27.899686520376175,0.625,0.375,0.18571428571428572,0.056451612903225805,0.2357142857142857,0.04065040650406504,0.21071428571428572,0.048582995951417005,0.07142857142857142,0.05970149253731343,,0.01098901098901099,0.125,0.2682926829268293,0.16417910447761194,0.125,0.2376237623762376,0.23076923076923078,0.06451612903225806,0.26356589147286824,0.6176470588235294,0.65625,0.7142857142857143,0.4883720930232558,0.4444444444444444,0.49122807017543857,0.8214285714285714,0.03875968992248062,0.6,0.6,1.0,0.5,0.2857142857142857,,0.3125,0.7,0.4728682170542636,0.4721647286821705,0.5061899999999999,0.4582703125,0.14965986394557823,0.18333333333333332,0.07100591715976332,0.28994082840236685,6.7,0.23076923076923078,0.20588235294117646,,0.2202797202797203,player_totals,wnba,2026,Regular Season,/get-totals/wnba,"{""Season"": ""2026"", ""SeasonType"": ""Regular Season"", ""Type"": ""Player""}",20260603T195605Z,2026-06-03T19:56:07+00:00,f0fd71c55e839f9f0facb4572dd33757229807239635f240e50bc439b33d8e59,4.0,21.0,,1.0,5.0,27.0,,1.0,15.0,21.0,4.0,2.0,5.0,,1.0,0.18518518518518517,,0.18518518518518517,0.20930232558139536,0.5,0.16279069767441862,0.19047619047619047,0.19047619047619047,1.0,0.07142857142857142,,,0.19047619047619047,24.7,1.0,6.0,,1.0,7.0,1.0,7.0,,,1.0,,2.0,0.14285714285714285,,,0.046511627906976744,0.16666666666666666,0.16666666666666666,1.0,,0.21875,0.14285714285714285,,0.23809523809523808,,,,,,1.0,,,1.0,,,,,,,,,3.0,2.0,,,,,"[""single_row_table_data"", ""multi_row_table_data""]",{}
1629497,1611661332,Marina Mabrey,Marina Mabrey,1629497,TOR,7949.8,9,132.0,-28.0,490,492,95.0,105.0,51,982,12.0,18.0,1.0,2.0,,1.0,5.0,15.0,10.0,19.0,27.0,52.0,33.0,168.0,559,5.0,9.0,4.0,23.0,2.0,7.0,12.0,28.0,18.0,36.0,2.0,2.0,25.0,7.0,32.0,4.0,3.0,22.0,3.0,,71.0,5.0,1.0,13.0,14.0,1.0,28.0,7.0,35.0,4.0,11.0,9.0,2.0,13.0,1.0,9.0,13.0,2.0,4.0,26.0,2.0,4.0,7.0,24.0,2.0,2.0,6.0,38.0,1.0,2.0,37.0,3.0,10.0,5.0,3.0,,,,3.0,145.0,26.0,93.0,1.0,4.0,,9.0,4.0,3.0,10.0,108.3673469387755,113.6178861788618,0.3333333333333333,0.34615384615384615,0.5192307692307693,0.5555555555555556,0.2857142857142857,0.52734375,0.5588235294117647,0.34782608695652173,0.583916083916084,0.6052631578947368,0.4827586206896552,0.038461538461538464,0.1111111111111111,,30.671506352087114,0.5,0.05263157894736842,0.13592233009708737,0.009615384615384616,0.14772727272727273,0.042735042735042736,0.14136125654450263,0.027149321266968326,,,0.047619047619047616,0.053763440860215055,,0.1111111111111111,0.17391304347826086,0.08333333333333333,0.14516129032258066,0.15384615384615385,0.05555555555555555,0.140625,0.6666666666666666,0.75,0.4166666666666667,0.1171875,0.3333333333333333,0.3333333333333333,0.4,0.1484375,0.5263157894736842,0.5263157894736842,0.2,0.11764705882352941,0.5,,0.043478260869565216,,0.734375,0.4854043307086614,0.42661666666666664,0.467675,0.09420289855072464,0.1694915254237288,0.13690476190476192,0.16666666666666666,10.2,0.16666666666666666,0.2,0.3333333333333333,0.19387755102040816,player_totals,wnba,2026,Regular Season,/get-totals/wnba,"{""Season"": ""2026"", ""SeasonType"": ""Regular Season"", ""Type"": ""Player""}",20260603T195605Z,2026-06-03T19:56:07+00:00,fdfc1c68cd3d469640a98e03f1189ccf20dc5f8d5b01e66e2bae51c70e8505da,20.0,64.0,2.0,7.0,27.0,76.0,3.0,8.0,54.0,64.0,20.0,3.0,,,0.6666666666666666,0.35526315789473684,0.375,0.35526315789473684,0.59375,,0.5,0.3125,0.3125,0.6,0.4117647058823529,0.2857142857142857,1.0,0.3125,25.681578947368422,7.0,12.0,5.0,1.0,11.0,4.0,16.0,27.0,,,3.0,3.0,0.25,,,0.09375,0.5833333333333334,0.5833333333333334,0.8571428571428571,0.21739130434782608,0.4782608695652174,0.09090909090909091,0.0379746835443038,0.30612244897959184,1.0,3.0,0.058823529411764705,0.6,1.0,1.0,0.09090909090909091,,1.0,,,,,,1.0,1.0,1.0,,,,,,,"[""single_row_table_data"", ""multi_row_table_data""]",{}
1642289,1611661329,Kamilla Cardoso,Kamilla Cardoso,1642289,CHI,7712.5,9,129.0,-42.0,482,483,92.0,111.0,49,965,37.0,61.0,10.0,20.0,9.0,15.0,6.0,24.0,,1.0,43.0,86.0,29.0,115.0,513,11.0,22.0,7.0,29.0,9.0,15.0,9.0,27.0,62.0,24.0,20.0,9.0,17.0,4.0,21.0,1.0,3.0,11.0,4.0,2.0,46.0,6.0,21.0,13.0,40.0,8.0,61.0,29.0,90.0,7.0,3.0,3.0,,4.0,,2.0,8.0,2.0,2.0,12.0,,1.0,15.0,28.0,2.0,,3.0,35.0,,,39.0,5.0,22.0,,16.0,,,9.0,16.0,86.0,27.0,92.0,1.0,,,11.0,11.0,8.0,,97.71784232365145,106.2111801242236,0.7209302325581395,0.9393939393939394,0.5,0.5,0.6,0.5,0.5,0.6,0.558252427184466,0.5576923076923077,0.675,0.10465116279069768,0.09836065573770492,0.125,21.37546468401487,0.3333333333333333,0.47058823529411764,0.26143790849673204,0.15217391304347827,0.1511627906976744,0.06593406593406594,0.2217573221757322,0.11790393013100436,0.20689655172413793,0.12121212121212122,0.07142857142857142,0.057971014492753624,0.09090909090909091,0.2653061224489796,0.25,0.275,0.125,0.22727272727272727,0.21212121212121213,0.7093023255813954,0.6065573770491803,0.6727272727272727,0.6756756756756757,0.27906976744186046,0.25,0.2857142857142857,1.0,0.011627906976744186,,,,0.9090909090909091,0.5,,1.0,0.6,0.7093023255813954,0.5593848837209303,0.5819277777777778,0.6479199999999999,0.21359223300970873,0.21359223300970873,0.25217391304347825,0.23478260869565218,3.1127906976744186,0.375,0.11764705882352941,,0.1908713692946058,player_totals,wnba,2026,Regular Season,/get-totals/wnba,"{""Season"": ""2026"", ""SeasonType"": ""Regular Season"", ""Type"": ""Player""}",20260603T195605Z,2026-06-03T19:56:07+00:00,38a3bde1c713eddce02ddf7306fad2e1c1c368cb6bbbc8a38e773fe97342bcc4,,,,,,,,,,,,7.0,8.0,,,,,,,0.5,,,,,,,,,,,,,,,,,,,,,2.0,,,,,,,,,,,,,,,,,2.0,,0.14285714285714285,,,,,,,,,,,,,,,,,"[""single_row_table_data"", ""multi_row_table_data""]",{}
203400,1611661329,Skylar Diggins,Skylar Diggins,203400,CHI,7600.5,8,127.0,-49.0,481,487,115.0,124.0,58,968,11.0,21.0,2.0,4.0,4.0,8.0,13.0,30.0,6.0,15.0,30.0,66.0,29.0,113.0,522,5.0,9.0,1.0,11.0,6.0,15.0,7.0,25.0,30.0,30.0,4.0,5.0,30.0,10.0,40.0,9.0,1.0,20.0,9.0,1.0,90.0,,6.0,14.0,13.0,,27.0,6.0,33.0,3.0,8.0,5.0,3.0,8.0,2.0,7.0,4.0,2.0,1.0,12.0,1.0,1.0,5.0,21.0,,3.0,,23.0,,1.0,38.0,2.0,17.0,1.0,6.0,2.0,1.0,2.0,8.0,102.0,25.0,115.0,4.0,,,8.0,,3.0,,98.33679833679834,107.18685831622176,0.5,0.5357142857142857,0.45454545454545453,0.5555555555555556,0.4,0.45161290322580644,0.5,0.375,0.509090909090909,0.5,0.43103448275862066,0.07575757575757576,0.047619047619047616,0.1,22.181818181818183,0.6666666666666666,,0.08666666666666667,0.040268456375838924,0.16666666666666666,,0.11538461538461539,0.024291497975708502,0.058823529411764705,0.029411764705882353,,,,0.061224489795918366,0.07936507936507936,0.13157894736842105,0.19696969696969696,0.05555555555555555,0.0625,0.22580645161290322,0.5238095238095238,0.55,0.45454545454545453,0.3225806451612903,0.43333333333333335,0.48148148148148145,0.5384615384615384,0.16129032258064516,0.4,0.42857142857142855,0.5,0.4,0.5,,0.3333333333333333,0.5,0.5161290322580645,0.4927817204301075,0.4940125,0.5109875,0.1651376146788991,0.20987654320987653,0.09734513274336283,0.22123893805309736,8.003030303030304,0.3,0.5294117647058824,0.3333333333333333,0.2390852390852391,player_totals,wnba,2026,Regular Season,/get-totals/wnba,"{""Season"": ""2026"", ""SeasonType"": ""Regular Season"", ""Type"": ""Player""}",20260603T195605Z,2026-06-03T19:56:07+00:00,1df378bd96849897ca73408e2651b34adc9d6c5f113ee78bab918060d41cdb1f,5.0,22.0,,1.0,8.0,27.0,,1.0,21.0,22.0,5.0,4.0,3.0,2.0,0.875,0.2962962962962963,,0.2962962962962963,0.2903225806451613,0.375,0.23655913978494625,0.22727272727272727,0.23809523809523808,0.8,0.1,,,0.22727272727272727,24.34444444444444,3.0,5.0,1.0,2.0,8.0,2.0,9.0,3.0,1.0,,1.0,,0.2222222222222222,0.037037037037037035,,0.053763440860215055,0.6,0.6,1.0,0.041666666666666664,0.3333333333333333,0.25,0.03571428571428571,0.2222222222222222,,,,,,,,,1.0,1.0,0.06666666666666667,,0.045454545454545456,,,,,,,,,,,"[""single_row_table_data"", ""multi_row_table_data""]",{}
1628279,1611661332,Brittney Sykes,Brittney Sykes,1628279,TOR,7587.0,9,126.0,-17.0,568,577,143.0,170.0,64,1145,23.0,40.0,2.0,4.0,4.0,9.0,10.0,28.0,7.0,21.0,40.0,89.0,66.0,179.0,653,6.0,8.0,4.0,16.0,7.0,21.0,28.0,48.0,20.0,60.0,4.0,5.0,15.0,22.0,37.0,14.0,8.0,9.0,3.0,3.0,96.0,4.0,5.0,13.0,10.0,3.0,26.0,9.0,35.0,2.0,13.0,9.0,4.0,5.0,8.0,5.0,16.0,,,21.0,,5.0,9.0,23.0,1.0,3.0,5.0,49.0,1.0,5.0,72.0,6.0,22.0,11.0,3.0,,,2.0,3.0,163.0,47.0,141.0,3.0,10.0,,9.0,4.0,1.0,,111.9718309859155,113.17157712305027,0.25,0.2631578947368421,0.449438202247191,0.75,0.3333333333333333,0.424812030075188,0.6666666666666666,0.3125,0.5370370370370371,0.75,0.48936170212765956,0.056179775280898875,0.05,0.10714285714285714,28.46034214618974,0.23809523809523808,0.17647058823529413,0.07936507936507936,0.038461538461538464,0.11504424778761062,0.030303030303030304,0.09623430962343096,0.03435114503816794,0.017241379310344827,0.06976744186046512,0.034482758620689655,0.02857142857142857,0.037037037037037035,0.09090909090909091,0.05555555555555555,0.11764705882352941,0.10526315789473684,0.13513513513513514,0.025974025974025976,0.3007518796992481,0.575,0.6052631578947368,0.30434782608695654,0.21052631578947367,0.35714285714285715,0.4,0.1,0.15789473684210525,0.3333333333333333,0.3333333333333333,0.2857142857142857,0.4444444444444444,0.5,,0.28125,0.4444444444444444,0.631578947368421,0.4978218045112782,0.53155625,0.48704375,0.15333333333333332,0.20952380952380953,0.0893854748603352,0.2681564245810056,7.880898876404494,0.4117647058823529,0.4444444444444444,0.2857142857142857,0.2517605633802817,player_totals,wnba,2026,Regular Season,/get-totals/wnba,"{""Season"": ""2026"", ""SeasonType"": ""Regular Season"", ""Type"": ""Player""}",20260603T195605Z,2026-06-03T19:56:07+00:00,febc9eaa6e5867dbce3de11652b4e000940ebca50c69b96e9bf08d32d708b387,9.0,37.0,,1.0,11.0,44.0,,1.0,18.0,37.0,9.0,1.0,1.0,,0.5454545454545454,0.25,,0.25,0.3308270676691729,0.3333333333333333,0.2781954887218045,0.24324324324324326,0.24324324324324326,0.5555555555555556,0.1111111111111111,,,0.24324324324324326,24.629545454545454,2.0,7.0,1.0,2.0,10.0,2.0,11.0,15.0,,,2.0,3.0,0.18181818181818182,,,0.05263157894736842,0.2857142857142857,0.2857142857142857,0.5,0.03125,0.3125,0.2,0.022222222222222223,0.2727272727272727,,,,,,,,1.0,5.0,,,,,,,,,,,,,,,"[""single_row_table_data"", ""multi_row_table_data""]",{}
1629501,1611661321,Alanna Smith,Alanna Smith,1629501,DAL,7453.4,8,124.0,-32.0,281,279,47.0,48.0,39,560,10.0,16.0,,2.0,2.0,2.0,1.0,3.0,,2.0,11.0,21.0,3.0,31.0,304,,3.0,,,3.0,3.0,,6.0,20.0,2.0,,2.0,12.0,5.0,17.0,5.0,,8.0,3.0,1.0,39.0,3.0,7.0,6.0,12.0,,18.0,10.0,28.0,2.0,8.0,6.0,2.0,6.0,2.0,5.0,7.0,,1.0,13.0,1.0,1.0,10.0,27.0,,2.0,4.0,12.0,2.0,1.0,5.0,1.0,3.0,,3.0,1.0,1.0,1.0,4.0,31.0,6.0,45.0,1.0,,1.0,14.0,19.0,13.0,,96.79715302491103,108.9605734767025,0.9090909090909091,0.9090909090909091,0.5238095238095238,,1.0,0.358974358974359,,0.75,0.3780487804878049,,0.75,0.09523809523809523,0.0625,0.3333333333333333,16.463414634146343,0.46153846153846156,,0.19047619047619047,0.08045977011494253,0.12,0.05,0.1592920353982301,0.06802721088435375,0.13793103448275862,0.04878048780487805,0.058823529411764705,0.061224489795918366,,0.15384615384615385,0.2222222222222222,0.2,0.13333333333333333,,0.09090909090909091,0.41025641025641024,0.625,0.6666666666666666,0.9,0.07692307692307693,0.3333333333333333,0.5,1.0,0.05128205128205128,,,,0.5,,,0.5,1.0,0.8717948717948718,0.539546052631579,0.500975,0.48006666666666664,0.07317073170731707,0.13043478260869565,,0.1935483870967742,4.319047619047619,0.3333333333333333,0.5,0.5,0.16725978647686832,player_totals,wnba,2026,Regular Season,/get-totals/wnba,"{""Season"": ""2026"", ""SeasonType"": ""Regular Season"", ""Type"": ""Player""}",20260603T195605Z,2026-06-03T19:56:07+00:00,cd437c0e104a0a93fe470bc5785cee69c1e838201380feff840ecb316c18cd45,2.0,17.0,,1.0,2.0,18.0,,1.0,6.0,17.0,2.0,2.0,3.0,4.0,1.0,0.1111111111111111,,0.1111111111111111,0.46153846153846156,0.75,0.4358974358974359,0.11764705882352941,0.125,1.0,0.25,,,0.11764705882352941,26.6,,1.0,,,1.0,,1.0,,1.0,1.0,,,,0.05555555555555555,,0.02564102564102564,,,,,0.25,,,0.26666666666666666,,,,,,,,1.0,,,,,0.058823529411764705,,,,,,,,,,,"[""single_row_table_data"", ""multi_row_table_data""]",{}
1628878,1611661320,Ariel Atkins,Ariel Atkins,1628878,LAS,7332.200000000001,7,122.0,-24.0,383,386,112.0,76.0,50,769,3.0,7.0,1.0,2.0,1.0,2.0,6.0,14.0,5.0,13.0,14.0,34.0,16.0,65.0,427,4.0,6.0,,8.0,3.0,7.0,6.0,21.0,22.0,6.0,4.0,3.0,9.0,6.0,15.0,4.0,2.0,5.0,4.0,,36.0,2.0,3.0,5.0,12.0,1.0,18.0,5.0,23.0,1.0,14.0,11.0,3.0,10.0,2.0,8.0,5.0,1.0,2.0,15.0,,4.0,11.0,24.0,,,1.0,22.0,5.0,5.0,17.0,,6.0,2.0,4.0,,,1.0,4.0,57.0,21.0,112.0,2.0,2.0,,9.0,11.0,8.0,13.0,105.2219321148825,110.62176165803109,0.7857142857142857,0.9166666666666666,0.4117647058823529,0.6666666666666666,0.42857142857142855,0.3888888888888889,0.5,0.4411764705882353,0.45774647887323944,0.5,0.525,0.08823529411764706,,0.21428571428571427,19.545454545454543,0.6666666666666666,0.09090909090909091,0.13793103448275862,0.02912621359223301,0.0625,0.02564102564102564,0.10179640718562874,0.027624309392265192,0.025,0.02040816326530612,0.07142857142857142,0.03125,,0.07692307692307693,0.2,0.09523809523809523,0.07575757575757576,,0.02631578947368421,0.1111111111111111,0.42857142857142855,0.42857142857142855,0.6666666666666666,0.2222222222222222,0.42857142857142855,0.5454545454545454,0.8333333333333334,0.20634920634920634,0.38461538461538464,0.38461538461538464,0.8,0.25,0.5,,0.11764705882352941,0.5,0.5714285714285714,0.46489285714285716,0.47405,0.46266176470588233,0.08695652173913043,0.15,0.12307692307692308,0.3230769230769231,10.661764705882353,,0.25,0.125,0.2924281984334204,player_totals,wnba,2026,Regular Season,/get-totals/wnba,"{""Season"": ""2026"", ""SeasonType"": ""Regular Season"", ""Type"": ""Player""}",20260603T195605Z,2026-06-03T19:56:07+00:00,d93a7361784c7b6e11e5b4ff75d67f9b0e0b6306233211c3148bc9e28ca9679b,6.0,24.0,,2.0,7.0,29.0,,2.0,21.0,24.0,6.0,3.0,2.0,,1.0,0.2413793103448276,,0.2413793103448276,0.4603174603174603,0.5,0.38095238095238093,0.25,0.2608695652173913,1.0,0.25,,,0.25,25.0,1.0,5.0,1.0,3.0,9.0,3.0,10.0,,1.0,,,,0.3,0.034482758620689655,,0.07936507936507936,0.2,0.2,1.0,0.058823529411764705,0.5294117647058824,0.3333333333333333,,0.18181818181818182,,,,,,,,,1.0,,,,0.041666666666666664,,,,,,,,,,,"[""single_row_table_data"", ""multi_row_table_data""]",{}
1642782,1611661327,Sarah Ashlee Barker,Sarah Ashlee Barker,1642782,PDX,7078.799999999999,11,118.0,22.0,469,468,138.0,165.0,52,937,16.0,30.0,3.0,5.0,5.0,8.0,11.0,20.0,,,27.0,50.0,11.0,110.0,483,4.0,6.0,,20.0,8.0,14.0,4.0,32.0,28.0,26.0,2.0,5.0,13.0,8.0,21.0,3.0,5.0,7.0,4.0,2.0,50.0,5.0,6.0,24.0,9.0,5.0,38.0,11.0,49.0,1.0,9.0,5.0,4.0,13.0,3.0,10.0,8.0,1.0,3.0,21.0,6.0,4.0,6.0,25.0,,1.0,,21.0,3.0,4.0,15.0,3.0,8.0,1.0,1.0,1.0,,1.0,2.0,90.0,32.0,135.0,7.0,1.0,3.0,9.0,6.0,11.0,,107.67590618336887,103.2051282051282,0.5185185185185185,0.5384615384615384,0.54,0.6666666666666666,0.5714285714285714,0.6111111111111112,0.9090909090909091,0.5833333333333334,0.632183908045977,0.9090909090909091,0.6153846153846154,0.1,0.13333333333333333,0.05,20.493358633776094,0.6190476190476191,0.29411764705882354,0.09375,0.058823529411764705,0.22018348623853212,0.060240963855421686,0.16097560975609757,0.05945945945945946,0.07317073170731707,0.05263157894736842,,0.0625,0.05263157894736842,0.07317073170731707,0.0975609756097561,0.14285714285714285,0.23863636363636365,0.14285714285714285,0.03225806451612903,0.37037037037037035,0.5333333333333333,0.6153846153846154,0.5625,0.24691358024691357,0.55,0.5789473684210527,0.45454545454545453,,,,,0.45454545454545453,0.6,0.6666666666666666,0.3333333333333333,0.625,0.7530864197530864,0.515975625,0.52881875,0.48235869565217393,0.09302325581395349,0.14545454545454545,0.18181818181818182,0.2909090909090909,4.446000000000001,0.14285714285714285,0.25,,0.2942430703624733,player_totals,wnba,2026,Regular Season,/get-totals/wnba,"{""Season"": ""2026"", ""SeasonType"": ""Regular Season"", ""Type"": ""Player""}",20260603T195605Z,2026-06-03T19:56:07+00:00,3dff0c14dbf32ff60e7228f29c6812823e00a08505334b9c4d61cff19dc3db32,7.0,19.0,1.0,2.0,15.0,31.0,4.0,5.0,39.0,19.0,7.0,,1.0,,0.8666666666666667,0.4838709677419355,0.8,0.4838709677419355,0.38271604938271603,0.5,0.2345679012345679,0.3684210526315789,0.3684210526315789,1.0,0.18181818181818182,0.5,1.0,0.3684210526315789,25.219354838709677,8.0,12.0,3.0,3.0,7.0,4.0,10.0,6.0,1.0,,,,0.4,0.03225806451612903,0.08333333333333333,0.14814814814814814,0.6666666666666666,0.7272727272727273,0.75,0.125,0.2916666666666667,0.42857142857142855,,0.26666666666666666,3.0,1.0,0.2727272727272727,0.3333333333333333,,1.0,,2.0,,1.0,,,,,3.0,1.0,0.6666666666666666,,,,,,,"[""single_row_table_data"", ""multi_row_table_data""]",{}
203833,1611661319,Chelsea Gray,Chelsea Gray,203833,LVA,6936.200000000001,9,116.0,26.0,579,587,133.0,127.0,77,1166,3.0,5.0,,,,,12.0,26.0,6.0,14.0,21.0,45.0,10.0,97.0,629,2.0,3.0,2.0,21.0,8.0,14.0,6.0,25.0,24.0,18.0,,,48.0,17.0,65.0,15.0,2.0,26.0,19.0,3.0,147.0,,1.0,12.0,18.0,2.0,32.0,1.0,33.0,1.0,9.0,5.0,4.0,18.0,7.0,12.0,11.0,1.0,6.0,29.0,2.0,8.0,10.0,18.0,,1.0,1.0,12.0,,5.0,10.0,1.0,2.0,2.0,7.0,,,4.0,7.0,76.0,25.0,133.0,,1.0,,19.0,3.0,4.0,,113.12607944732297,107.1550255536627,0.5714285714285714,0.5714285714285714,0.4666666666666667,0.6666666666666666,0.5714285714285714,0.5117647058823529,1.0555555555555556,0.4318181818181818,0.5454545454545454,1.1111111111111112,0.5,,,,17.593984962406015,0.6206896551724138,0.1111111111111111,0.09326424870466321,0.006134969325153374,0.10810810810810811,,0.09868421052631579,0.0038461538461538464,,0.011627906976744186,,,,0.07462686567164178,0.06741573033707865,0.1891891891891892,0.10752688172043011,0.1111111111111111,0.02040816326530612,0.058823529411764705,0.6,0.6,0.6666666666666666,0.3058823529411765,0.46153846153846156,0.46153846153846156,0.5,0.16470588235294117,0.42857142857142855,0.42857142857142855,0.6666666666666666,,,,,,0.5294117647058824,0.45465470588235296,0.4967214285714286,0.3804954545454546,0.023255813953488372,0.043478260869565216,0.21649484536082475,0.25773195876288657,10.748888888888889,,0.42857142857142855,0.375,0.229706390328152,player_totals,wnba,2026,Regular Season,/get-totals/wnba,"{""Season"": ""2026"", ""SeasonType"": ""Regular Season"", ""Type"": ""Player""}",20260603T195605Z,2026-06-03T19:56:07+00:00,4ff34ea4920075b5eef6a1ed235b4609ef7e350694486377342aca6187c26150,14.0,39.0,5.0,6.0,15.0,40.0,5.0,6.0,45.0,39.0,14.0,1.0,4.0,,1.0,0.375,0.8333333333333334,0.375,0.47058823529411764,0.5714285714285714,0.4588235294117647,0.358974358974359,0.358974358974359,1.0,0.6666666666666666,0.8333333333333334,1.0,0.358974358974359,25.4675,1.0,1.0,,1.0,8.0,1.0,8.0,,,,,,0.125,,,0.011764705882352941,1.0,1.0,1.0,,0.36363636363636365,0.125,,0.48,,,,,,1.0,,1.0,1.0,,,,,2.0,,,,,,,,,,"[""single_row_table_data"", ""multi_row_table_data""]",{}
1642292,1611661329,Jacy Sheldon,Jacy Sheldon,1642292,CHI,6736.0,9,112.0,-8.0,470,471,94.0,98.0,53,941,12.0,17.0,,,3.0,4.0,5.0,9.0,,3.0,17.0,29.0,10.0,68.0,498,,,,3.0,5.0,7.0,5.0,18.0,22.0,12.0,,3.0,15.0,3.0,18.0,2.0,1.0,6.0,5.0,4.0,39.0,1.0,,5.0,8.0,,13.0,1.0,14.0,,10.0,8.0,2.0,3.0,1.0,3.0,5.0,1.0,,8.0,1.0,,12.0,27.0,1.0,,1.0,18.0,,2.0,10.0,3.0,5.0,1.0,4.0,,,3.0,4.0,65.0,18.0,94.0,3.0,1.0,4.0,15.0,19.0,5.0,,104.25531914893617,105.73248407643312,0.6470588235294118,0.6470588235294118,0.5862068965517241,,0.7142857142857143,0.5178571428571429,0.75,0.5416666666666666,0.5677966101694916,0.75,0.6428571428571429,0.10344827586206896,0.11764705882352941,0.1111111111111111,12.641509433962264,0.375,,0.05555555555555555,,0.056818181818181816,0.013513513513513514,0.05603448275862069,0.0045871559633027525,,,,0.017241379310344827,,0.0425531914893617,0.058823529411764705,0.06896551724137931,0.078125,,,0.30357142857142855,0.7058823529411765,0.8,0.6666666666666666,0.16071428571428573,0.5555555555555556,0.625,0.6,0.05357142857142857,,,,,,,0.3333333333333333,0.75,0.7857142857142857,0.5169803571428572,0.402,0.4620416666666667,0.08620689655172414,0.16129032258064516,0.04411764705882353,0.2647058823529412,5.689655172413793,0.2,0.25,,0.2,player_totals,wnba,2026,Regular Season,/get-totals/wnba,"{""Season"": ""2026"", ""SeasonType"": ""Regular Season"", ""Type"": ""Player""}",20260603T195605Z,2026-06-03T19:56:07+00:00,b596490fa84b3d20f4c83b7a61717fb04e911b42adb8aa2c132ccb5bc2fdc301,5.0,19.0,1.0,1.0,8.0,27.0,1.0,2.0,24.0,19.0,5.0,1.0,4.0,,1.0,0.2962962962962963,0.5,0.2962962962962963,0.48214285714285715,1.0,0.3392857142857143,0.2631578947368421,0.2777777777777778,1.0,0.5,1.0,1.0,0.2631578947368421,24.081481481481482,3.0,8.0,2.0,,3.0,1.0,5.0,,2.0,1.0,,,0.2,0.07407407407407407,0.125,0.14285714285714285,0.375,0.42857142857142855,1.0,0.16666666666666666,0.25,,,0.4444444444444444,1.0,1.0,0.5,0.5,,,,1.0,1.0,,,,0.05263157894736842,,,,,,,,,,,"[""single_row_table_data"", ""multi_row_table_data""]",{}
1643428,1611661328,Flau'jae Johnson,Flau'jae Johnson,1643428,SEA,6706.1,10,112.0,-36.0,509,522,127.0,105.0,56,1031,15.0,28.0,5.0,8.0,1.0,5.0,5.0,16.0,3.0,21.0,23.0,65.0,40.0,119.0,548,6.0,15.0,4.0,16.0,1.0,12.0,12.0,20.0,26.0,20.0,4.0,7.0,12.0,5.0,17.0,2.0,3.0,5.0,5.0,2.0,39.0,3.0,6.0,17.0,21.0,4.0,42.0,9.0,51.0,2.0,9.0,6.0,3.0,13.0,2.0,8.0,9.0,2.0,5.0,22.0,2.0,10.0,14.0,26.0,1.0,2.0,,35.0,2.0,1.0,47.0,,20.0,,11.0,4.0,3.0,4.0,15.0,103.0,20.0,125.0,2.0,,,27.0,,1.0,3.0,100.58939096267191,104.9808429118774,0.5652173913043478,0.6190476190476191,0.35384615384615387,0.4,0.08333333333333333,0.3623853211009174,0.3333333333333333,0.17391304347826086,0.4541984732824427,0.42105263157894735,0.3448275862068966,0.1076923076923077,0.14285714285714285,0.125,26.70157068062827,0.5909090909090909,0.2222222222222222,0.14285714285714285,0.039735099337748346,0.15315315315315314,0.031914893617021274,0.14728682170542637,0.036734693877551024,0.06818181818181818,0.04225352112676056,,0.02702702702702703,0.05,0.14285714285714285,0.12,0.2,0.16304347826086957,0.10526315789473684,0.029411764705882353,0.25688073394495414,0.5357142857142857,0.625,0.3333333333333333,0.14678899082568808,0.3125,0.35714285714285715,1.0,0.1926605504587156,0.14285714285714285,0.15,1.0,0.4444444444444444,0.625,0.2,0.21739130434782608,0.2,0.6605504587155964,0.5123848623853211,0.5239181818181818,0.4815630434782609,0.16793893129770993,0.23529411764705882,0.13445378151260504,0.16806722689075632,8.807692307692308,0.15384615384615385,0.36363636363636365,0.4444444444444444,0.24950884086444008,player_totals,wnba,2026,Regular Season,/get-totals/wnba,"{""Season"": ""2026"", ""SeasonType"": ""Regular Season"", ""Type"": ""Player""}",20260603T195605Z,2026-06-03T19:56:07+00:00,5fc3bb0459cd6de9c80f4e5ed30790e5ede6c43f9325c8c33cf269a9c3bb34c2,9.0,31.0,,,11.0,44.0,,3.0,27.0,31.0,9.0,5.0,9.0,,0.8181818181818182,0.25,,0.25,0.4036697247706422,0.6,0.28440366972477066,0.2903225806451613,0.2903225806451613,0.7777777777777778,,,,0.2903225806451613,24.902272727272727,2.0,13.0,2.0,2.0,9.0,2.0,11.0,6.0,,1.0,2.0,,0.18181818181818182,,,0.11926605504587157,0.15384615384615385,0.15384615384615385,1.0,0.08695652173913043,0.391304347826087,0.2222222222222222,0.043478260869565216,0.15151515151515152,3.0,,0.16666666666666666,,,,,,,1.0,0.047619047619047616,,,2.0,,,,,,,,,,"[""single_row_table_data"", ""multi_row_table_data""]",{}
1628881,1611661325,Monique Billings,Monique Billings,1628881,IND,6639.5,7,111.0,-15.0,276,287,56.0,57.0,42,563,6.0,18.0,2.0,5.0,1.0,3.0,3.0,5.0,1.0,2.0,10.0,25.0,12.0,38.0,308,3.0,7.0,,6.0,1.0,3.0,,2.0,10.0,10.0,6.0,3.0,5.0,4.0,9.0,2.0,2.0,4.0,,1.0,22.0,7.0,7.0,3.0,16.0,2.0,21.0,14.0,35.0,1.0,7.0,2.0,5.0,5.0,1.0,4.0,2.0,,1.0,7.0,3.0,1.0,8.0,13.0,,2.0,,16.0,4.0,1.0,15.0,1.0,8.0,,5.0,,,3.0,5.0,32.0,2.0,56.0,,,,7.0,4.0,1.0,,106.15942028985508,107.3170731707317,0.5,0.7142857142857143,0.4,0.42857142857142855,0.3333333333333333,0.41935483870967744,0.375,0.25,0.5,0.375,0.25,0.12,0.16666666666666666,,13.803680981595093,0.7142857142857143,0.4,0.21052631578947367,0.09859154929577464,0.075,0.09090909090909091,0.16379310344827586,0.0945945945945946,0.05405405405405406,0.1111111111111111,0.1875,0.08771929824561403,0.1,0.25,0.17857142857142858,0.16666666666666666,0.03225806451612903,0.2222222222222222,0.0625,0.5806451612903226,0.3333333333333333,0.4,0.6666666666666666,0.16129032258064516,0.6,0.6,0.3333333333333333,0.06451612903225806,0.5,0.5,,0.625,0.4,,0.75,0.3333333333333333,0.7741935483870968,0.6019854838709677,0.58873,0.6326375,0.21052631578947367,0.25,0.15789473684210525,0.05263157894736842,3.6319999999999997,0.3333333333333333,,,0.2028985507246377,player_totals,wnba,2026,Regular Season,/get-totals/wnba,"{""Season"": ""2026"", ""SeasonType"": ""Regular Season"", ""Type"": ""Player""}",20260603T195605Z,2026-06-03T19:56:07+00:00,5d398698c8f559c93eb489bc1de44b3d7aeaab371a5e625036ad309695fbfc03,,1.0,,,2.0,6.0,,1.0,3.0,1.0,,2.0,4.0,,0.5,0.3333333333333333,,0.3333333333333333,0.1935483870967742,0.8,0.03225806451612903,,,,,,,,23.666666666666668,2.0,5.0,1.0,,,,1.0,3.0,,1.0,,,,,,0.16129032258064516,0.4,0.4,0.5,0.25,,,,0.25,1.0,,0.125,,,,,,,,,1.0,,,,,,5.0,,,,,,"[""single_row_table_data"", ""multi_row_table_data""]",{}
1631141,1611661328,Jade Melbourne,Jade Melbourne,1631141,SEA,6478.4,10,108.0,-60.0,487,490,143.0,127.0,48,977,17.0,24.0,1.0,2.0,5.0,6.0,7.0,23.0,,2.0,24.0,49.0,34.0,100.0,509,1.0,5.0,,5.0,7.0,14.0,13.0,27.0,16.0,32.0,,3.0,18.0,21.0,39.0,18.0,3.0,5.0,11.0,2.0,99.0,1.0,3.0,12.0,5.0,,17.0,4.0,21.0,,10.0,5.0,5.0,14.0,2.0,9.0,6.0,,5.0,20.0,1.0,4.0,13.0,31.0,,1.0,1.0,35.0,,5.0,43.0,5.0,18.0,6.0,3.0,,,,3.0,95.0,25.0,141.0,7.0,4.0,,7.0,5.0,5.0,,92.19712525667352,103.87755102040816,0.3333333333333333,0.3333333333333333,0.4897959183673469,0.2,0.5,0.4925373134328358,0.35714285714285715,0.35,0.5813953488372093,0.35714285714285715,0.46551724137931033,0.061224489795918366,,0.13043478260869565,19.593345656192238,0.7,,0.03816793893129771,0.022727272727272728,0.1188118811881188,0.010101010101010102,0.07327586206896551,0.017316017316017316,0.02631578947368421,,0.06666666666666667,,0.037037037037037035,0.045454545454545456,0.047619047619047616,,0.10227272727272728,0.23076923076923078,,0.3582089552238806,0.7083333333333334,0.7083333333333334,0.35294117647058826,0.34328358208955223,0.30434782608695654,0.35,0.2857142857142857,0.029850746268656716,,,,0.2857142857142857,0.5,,0.3,0.8333333333333334,0.6268656716417911,0.512020895522388,0.50752,0.4937625,0.225,0.2903225806451613,0.05,0.27,4.826530612244898,0.14285714285714285,0.375,,0.2936344969199179,player_totals,wnba,2026,Regular Season,/get-totals/wnba,"{""Season"": ""2026"", ""SeasonType"": ""Regular Season"", ""Type"": ""Player""}",20260603T195605Z,2026-06-03T19:56:07+00:00,e5b0ff9370453b88e5f335d7d189cc0b734d210a39524b4e9e5fa280bec1c700,4.0,14.0,1.0,2.0,6.0,18.0,1.0,2.0,15.0,14.0,4.0,3.0,1.0,,0.8333333333333334,0.3333333333333333,0.5,0.3333333333333333,0.26865671641791045,0.3333333333333333,0.208955223880597,0.2857142857142857,0.2857142857142857,0.75,0.2857142857142857,0.5,1.0,0.2857142857142857,25.16111111111111,2.0,4.0,1.0,,5.0,,6.0,3.0,,3.0,,,,,,0.05970149253731343,0.5,0.5,1.0,0.05,0.25,,,0.09090909090909091,,,,,,,,,,,,,,,,,,,,,,,,"[""single_row_table_data"", ""multi_row_table_data""]",{}
1643426,1611661324,Olivia Miles,Olivia Miles,1643426,MIN,6330.6,9,106.0,109.0,555,564,103.0,130.0,66,1119,38.0,56.0,5.0,6.0,7.0,12.0,7.0,14.0,2.0,11.0,47.0,81.0,42.0,142.0,518,5.0,6.0,3.0,13.0,8.0,15.0,14.0,33.0,14.0,80.0,,6.0,40.0,16.0,56.0,13.0,3.0,30.0,4.0,6.0,128.0,1.0,3.0,20.0,20.0,1.0,41.0,4.0,45.0,2.0,15.0,9.0,6.0,17.0,9.0,13.0,13.0,1.0,4.0,30.0,1.0,7.0,11.0,26.0,,,1.0,43.0,,3.0,46.0,6.0,22.0,4.0,5.0,,,2.0,5.0,129.0,32.0,101.0,1.0,3.0,,6.0,14.0,14.0,,112.97297297297298,91.84397163120568,0.14893617021276595,0.14893617021276595,0.5802469135802469,0.8333333333333334,0.5333333333333333,0.5050505050505051,0.625,0.4523809523809524,0.5966386554621849,0.65,0.5892857142857143,0.07407407407407407,0.08928571428571429,0.07142857142857142,23.613312202852615,0.5666666666666667,0.05263157894736842,0.12903225806451613,0.02142857142857143,0.14492753623188406,0.011627906976744186,0.13651877133105803,0.017699115044247787,0.03508771929824561,,0.022222222222222223,0.015625,,0.17073170731707318,0.09615384615384616,0.047619047619047616,0.12745098039215685,0.19444444444444445,0.04878048780487805,0.5656565656565656,0.6785714285714286,0.7450980392156863,0.13157894736842105,0.1414141414141414,0.5,0.5384615384615384,0.2857142857142857,0.1111111111111111,0.18181818181818182,0.18181818181818182,,0.75,0.8333333333333334,0.2,0.5714285714285714,0.5833333333333334,0.7474747474747475,0.5546994897959184,0.5994,0.5676857142857143,0.19130434782608696,0.2268041237113402,0.09154929577464789,0.2323943661971831,4.965432098765432,0.5,0.14285714285714285,0.5555555555555556,0.18558558558558558,player_totals,wnba,2026,Regular Season,/get-totals/wnba,"{""Season"": ""2026"", ""SeasonType"": ""Regular Season"", ""Type"": ""Player""}",20260603T195605Z,2026-06-03T19:56:07+00:00,f0a314e7ef92ce58105e612e5cc034ac8c8d05c3cde0ee96e1a687ddb9645a55,2.0,18.0,,2.0,2.0,18.0,,2.0,3.0,18.0,2.0,3.0,2.0,,0.5,0.1111111111111111,,0.1111111111111111,0.18181818181818182,0.4,0.18181818181818182,0.1111111111111111,0.11764705882352941,0.5,0.25,,,0.1111111111111111,25.88888888888889,,,,1.0,6.0,1.0,6.0,3.0,1.0,1.0,,1.0,0.16666666666666666,0.05555555555555555,,,,,,,0.2857142857142857,0.16666666666666666,,0.23076923076923078,,,,,,,,1.0,,,,,0.05555555555555555,,,,,,,,,,,"[""single_row_table_data"", ""multi_row_table_data""]",{}
1629567,1611661328,Natisha Hiedeman,Natisha Hiedeman,1629567,SEA,6185.1,10,103.0,-42.0,508,518,152.0,110.0,59,1026,10.0,18.0,,,2.0,4.0,16.0,31.0,5.0,13.0,31.0,62.0,23.0,133.0,550,,2.0,,9.0,6.0,21.0,3.0,24.0,18.0,44.0,,4.0,23.0,16.0,39.0,12.0,4.0,13.0,7.0,3.0,94.0,,,8.0,11.0,,19.0,,19.0,,5.0,4.0,1.0,13.0,1.0,8.0,7.0,1.0,5.0,20.0,1.0,4.0,11.0,23.0,,,1.0,17.0,1.0,2.0,25.0,2.0,9.0,2.0,1.0,,,,1.0,124.0,24.0,151.0,2.0,2.0,,6.0,9.0,5.0,1.0,100.0,106.17760617760618,0.2903225806451613,0.2903225806451613,0.5,,0.2857142857142857,0.4954954954954955,0.4090909090909091,0.2916666666666667,0.5413223140495868,0.4090909090909091,0.3157894736842105,0.06451612903225806,0.1111111111111111,0.06451612903225806,24.479166666666668,0.65,,0.07096774193548387,,0.07272727272727272,,0.07169811320754717,,,,,,,0.044444444444444446,0.0875,0.06666666666666667,0.05813953488372093,0.125,,0.16216216216216217,0.5555555555555556,0.625,0.3,0.27927927927927926,0.5161290322580645,0.5517241379310345,0.3125,0.11711711711711711,0.38461538461538464,0.38461538461538464,0.2,,,,0.1111111111111111,0.5,0.6036036036036037,0.46429819819819823,0.49439444444444447,0.42717777777777777,0.08403361344537816,0.13043478260869565,0.06766917293233082,0.18045112781954886,8.275806451612903,0.625,0.2,0.42857142857142855,0.2992125984251969,player_totals,wnba,2026,Regular Season,/get-totals/wnba,"{""Season"": ""2026"", ""SeasonType"": ""Regular Season"", ""Type"": ""Player""}",20260603T195605Z,2026-06-03T19:56:07+00:00,e82af97e0c1824631cb476d84b901f13bdba705c438ef5940bb69e67cb7d592b,13.0,43.0,3.0,8.0,16.0,49.0,3.0,9.0,39.0,43.0,13.0,1.0,,,0.8125,0.32653061224489793,0.3333333333333333,0.32653061224489793,0.44144144144144143,,0.38738738738738737,0.3023255813953488,0.30952380952380953,0.7692307692307693,0.7272727272727273,0.375,1.0,0.3023255813953488,25.406122448979595,3.0,6.0,3.0,2.0,12.0,3.0,15.0,9.0,1.0,3.0,1.0,,0.2,0.02040816326530612,,0.05405405405405406,0.5,0.5,1.0,0.08333333333333333,0.3333333333333333,0.16666666666666666,0.02,0.21875,1.0,1.0,0.09090909090909091,0.3333333333333333,,,,,2.0,,,,0.023255813953488372,,,,,,,,,,,"[""single_row_table_data"", ""multi_row_table_data""]",{}
203866,1611661331,Kayla Thornton,Kayla Thornton,203866,GSV,6183.9,9,103.0,53.0,443,446,77.0,95.0,62,889,11.0,19.0,2.0,6.0,2.0,2.0,2.0,10.0,1.0,6.0,14.0,35.0,10.0,89.0,435,2.0,7.0,5.0,12.0,2.0,4.0,3.0,13.0,20.0,8.0,4.0,6.0,1.0,3.0,4.0,1.0,2.0,1.0,,,11.0,6.0,8.0,12.0,17.0,4.0,33.0,14.0,47.0,4.0,8.0,6.0,2.0,3.0,1.0,1.0,5.0,1.0,2.0,8.0,,2.0,10.0,23.0,,2.0,2.0,12.0,3.0,2.0,11.0,1.0,4.0,1.0,3.0,1.0,,2.0,4.0,77.0,13.0,77.0,3.0,1.0,,2.0,4.0,,,110.15801354401806,97.53363228699551,0.7142857142857143,0.8333333333333334,0.4,0.2857142857142857,0.5,0.5,0.35,0.5,0.5301204819277109,0.4583333333333333,0.5909090909090909,0.17142857142857143,0.21052631578947367,0.2,17.533718689788053,0.375,0.4,0.136,0.058823529411764705,0.13186813186813187,0.05042016806722689,0.13425925925925927,0.054901960784313725,0.09523809523809523,0.014084507042253521,0.13043478260869565,0.04597701149425287,0.0625,0.08888888888888889,0.14285714285714285,0.20833333333333334,0.13432835820895522,0.125,0.0975609756097561,0.24050632911392406,0.5789473684210527,0.7333333333333333,0.7272727272727273,0.12658227848101267,0.2,0.25,0.5,0.0759493670886076,0.16666666666666666,0.16666666666666666,1.0,0.6,0.3333333333333333,,0.2,1.0,0.7974683544303798,0.5348835443037975,0.5878583333333333,0.499035,0.04878048780487805,0.10526315789473684,0.1348314606741573,0.14606741573033707,6.3,0.375,0.625,,0.17381489841986456,player_totals,wnba,2026,Regular Season,/get-totals/wnba,"{""Season"": ""2026"", ""SeasonType"": ""Regular Season"", ""Type"": ""Player""}",20260603T195605Z,2026-06-03T19:56:07+00:00,fa29d91cf072e912190e630bb3fe3eba7c45c0185e703c8c15487cfcb2bc78e6,8.0,24.0,,1.0,17.0,44.0,1.0,3.0,51.0,24.0,8.0,1.0,2.0,3.0,1.0,0.38636363636363635,0.3333333333333333,0.38636363636363635,0.5569620253164557,0.5,0.3037974683544304,0.3333333333333333,0.3333333333333333,1.0,0.1,,,0.3333333333333333,24.404545454545453,9.0,20.0,1.0,1.0,5.0,2.0,6.0,,1.0,1.0,,,0.3333333333333333,0.022727272727272728,0.05,0.25316455696202533,0.45,0.47368421052631576,1.0,0.1,0.5,0.2,,0.3333333333333333,2.0,1.0,0.2,1.0,,,,1.0,2.0,1.0,,,,,1.0,0.5,1.0,,,,,,,"[""single_row_table_data"", ""multi_row_table_data""]",{}
1643449,1611661323,Charlisse Leger-Walker,Charlisse Leger-Walker,1643449,CON,6143.799999999999,11,102.0,-97.0,457,464,112.0,158.0,64,921,9.0,16.0,,1.0,2.0,3.0,5.0,21.0,3.0,5.0,17.0,42.0,17.0,75.0,527,1.0,5.0,5.0,7.0,4.0,9.0,7.0,21.0,16.0,18.0,,4.0,24.0,6.0,30.0,4.0,2.0,13.0,7.0,4.0,66.0,,2.0,9.0,7.0,,16.0,2.0,18.0,,8.0,5.0,3.0,14.0,2.0,10.0,3.0,,4.0,17.0,1.0,3.0,8.0,25.0,,1.0,,18.0,3.0,1.0,25.0,2.0,9.0,3.0,,1.0,1.0,,1.0,68.0,21.0,112.0,5.0,2.0,,12.0,4.0,4.0,,94.09190371991247,113.57758620689656,0.47058823529411764,0.47058823529411764,0.40476190476190477,0.2,0.4444444444444444,0.4264705882352941,0.1,0.4666666666666667,0.47468354430379744,0.2916666666666667,0.5526315789473685,0.09523809523809523,,0.19047619047619047,17.91044776119403,0.8235294117647058,,0.07526881720430108,0.014925373134328358,0.1125,,0.09248554913294797,0.008849557522123894,,0.03076923076923077,,,,0.07407407407407407,0.10204081632653061,,0.09615384615384616,0.14285714285714285,,0.23529411764705882,0.5625,0.5625,0.6666666666666666,0.3088235294117647,0.23809523809523808,0.29411764705882354,,0.07352941176470588,0.6,0.6,0.6666666666666666,0.1,,,0.2,0.6666666666666666,0.6176470588235294,0.49163787878787873,0.56373,0.5043464285714286,0.13157894736842105,0.1836734693877551,0.09333333333333334,0.28,6.559523809523809,0.14285714285714285,0.375,,0.24507658643326038,player_totals,wnba,2026,Regular Season,/get-totals/wnba,"{""Season"": ""2026"", ""SeasonType"": ""Regular Season"", ""Type"": ""Player""}",20260603T195605Z,2026-06-03T19:56:07+00:00,030b8ee2a7d1b320507473a95626da35eb7285f7ae8d9787a033ffb76cec6d31,7.0,23.0,,5.0,8.0,26.0,,5.0,21.0,23.0,7.0,,,1.0,0.875,0.3076923076923077,,0.3076923076923077,0.38235294117647056,,0.3382352941176471,0.30434782608695654,0.30434782608695654,0.8571428571428571,0.5,,,0.30434782608695654,26.450000000000003,1.0,3.0,1.0,2.0,5.0,2.0,6.0,3.0,,1.0,1.0,,0.3333333333333333,,,0.04411764705882353,0.3333333333333333,0.3333333333333333,1.0,0.06666666666666667,0.3333333333333333,0.4,0.037037037037037035,0.11764705882352941,,,,,,,,,,,,,,,,,,,,,,,,"[""single_row_table_data"", ""multi_row_table_data""]",{}
1631009,1611661330,Rhyne Howard,Rhyne Howard,1631009,ATL,6061.1,7,101.0,54.0,479,481,103.0,46.0,70,960,9.0,12.0,1.0,1.0,2.0,3.0,7.0,18.0,,5.0,16.0,35.0,25.0,135.0,477,2.0,5.0,6.0,16.0,3.0,6.0,6.0,33.0,6.0,26.0,2.0,,15.0,12.0,27.0,10.0,2.0,9.0,5.0,1.0,66.0,2.0,4.0,12.0,8.0,,20.0,7.0,27.0,2.0,19.0,17.0,2.0,4.0,1.0,2.0,7.0,,2.0,11.0,1.0,1.0,7.0,18.0,,2.0,2.0,20.0,,1.0,30.0,3.0,13.0,1.0,5.0,,,1.0,5.0,119.0,33.0,101.0,,1.0,4.0,-1.0,24.0,8.0,,110.85594989561586,99.16839916839918,0.1875,0.2,0.45714285714285713,0.4,0.5,0.55,0.4166666666666667,0.6428571428571429,0.5990990990990991,0.5333333333333333,0.6875,,,,21.403508771929825,0.36363636363636365,,0.06837606837606838,0.036036036036036036,0.11764705882352941,0.016260162601626018,0.091324200913242,0.02564102564102564,0.01694915254237288,0.07142857142857142,,0.009900990099009901,0.045454545454545456,0.0975609756097561,0.0625,0.03571428571428571,0.09722222222222222,0.16666666666666666,0.03508771929824561,0.12,0.75,0.75,0.1111111111111111,0.18,0.3888888888888889,0.3888888888888889,0.2857142857142857,0.05,,,,0.08333333333333333,1.0,,0.14285714285714285,0.6666666666666666,0.77,0.49955773195876285,0.5194300000000001,0.4657763157894737,0.11818181818181818,0.28888888888888886,0.11851851851851852,0.24444444444444444,7.702857142857144,,0.45454545454545453,0.4,0.2150313152400835,player_totals,wnba,2026,Regular Season,/get-totals/wnba,"{""Season"": ""2026"", ""SeasonType"": ""Regular Season"", ""Type"": ""Player""}",20260603T195605Z,2026-06-03T19:56:07+00:00,f1a07e83748af3399cf78afdf374a651cb1aa5c6f19eacd8c24f49a426725b66,26.0,63.0,2.0,7.0,26.0,65.0,2.0,7.0,72.0,63.0,26.0,4.0,2.0,-1.0,0.9230769230769231,0.4,0.2857142857142857,0.4,0.65,0.4,0.63,0.4126984126984127,0.4126984126984127,0.9230769230769231,0.5833333333333334,0.2857142857142857,1.0,0.4126984126984127,25.307692307692307,,2.0,,7.0,15.0,7.0,15.0,6.0,,2.0,,,0.4666666666666667,,,0.02,,,,,0.7142857142857143,0.4666666666666667,,0.3157894736842105,,,,,1.0,2.0,0.06666666666666667,1.0,5.0,,,,,,,,,,,,,,,"[""single_row_table_data"", ""multi_row_table_data""]",{}
1631044,1611661330,Naz Hillmon,Naz Hillmon,1631044,ATL,6049.9,8,101.0,54.0,510,503,126.0,64.0,77,1013,19.0,31.0,6.0,6.0,4.0,6.0,3.0,4.0,1.0,1.0,23.0,36.0,5.0,66.0,504,6.0,6.0,1.0,16.0,5.0,7.0,1.0,17.0,34.0,12.0,10.0,8.0,7.0,6.0,13.0,5.0,1.0,3.0,3.0,1.0,32.0,6.0,7.0,13.0,15.0,2.0,30.0,14.0,44.0,,7.0,5.0,2.0,7.0,,6.0,5.0,1.0,1.0,12.0,1.0,3.0,9.0,17.0,1.0,2.0,1.0,16.0,3.0,1.0,10.0,2.0,5.0,1.0,,,,,,50.0,17.0,125.0,1.0,1.0,3.0,8.0,19.0,12.0,,109.41176470588236,100.19880715705764,0.7391304347826086,0.9444444444444444,0.6388888888888888,1.0,0.7142857142857143,0.4552238805970149,0.9375,0.5333333333333333,0.4647887323943662,1.0,0.53125,0.2222222222222222,0.25806451612903225,,13.764510779436153,0.5833333333333334,0.11764705882352941,0.12096774193548387,0.05785123966942149,0.1262135922330097,0.04878048780487805,0.12334801762114538,0.05327868852459016,0.04477611940298507,0.06976744186046512,0.09090909090909091,0.04040404040404041,0.08333333333333333,0.14285714285714285,0.09433962264150944,0.13793103448275862,0.08860759493670886,0.25,,0.4626865671641791,0.6129032258064516,0.8260869565217391,0.6842105263157895,0.05970149253731343,0.75,0.75,1.0,0.014925373134328358,1.0,1.0,1.0,0.75,1.0,0.16666666666666666,0.4,0.6666666666666666,0.9253731343283582,0.564155223880597,0.6097699999999999,0.5384166666666667,0.07142857142857142,0.1282051282051282,0.24242424242424243,0.25757575757575757,2.8277777777777775,0.45454545454545453,,,0.24705882352941178,player_totals,wnba,2026,Regular Season,/get-totals/wnba,"{""Season"": ""2026"", ""SeasonType"": ""Regular Season"", ""Type"": ""Player""}",20260603T195605Z,2026-06-03T19:56:07+00:00,3e94b1217408187859817e2aea962f18f79a6e934c554113687993df3a3f0215,2.0,18.0,,1.0,5.0,31.0,1.0,2.0,15.0,18.0,2.0,,,6.0,1.0,0.16129032258064516,0.5,0.16129032258064516,0.4626865671641791,,0.26865671641791045,0.1111111111111111,0.1111111111111111,1.0,0.125,,,0.1111111111111111,23.751612903225805,3.0,13.0,5.0,,3.0,2.0,8.0,,2.0,1.0,,,0.25,0.06451612903225806,0.15384615384615385,0.19402985074626866,0.23076923076923078,0.2727272727272727,1.0,0.3333333333333333,0.2,,,0.32,1.0,2.0,0.125,0.4,1.0,1.0,0.043478260869565216,,,,,,,,1.0,1.0,1.0,,,,,,,"[""single_row_table_data"", ""multi_row_table_data""]",{}
1642800,1611661323,Aneesah Morrow,Aneesah Morrow,1642800,CON,5924.9,11,99.0,-106.0,558,565,179.0,239.0,85,1123,29.0,48.0,10.0,16.0,8.0,14.0,6.0,24.0,7.0,12.0,42.0,84.0,20.0,140.0,636,14.0,23.0,5.0,42.0,10.0,24.0,7.0,39.0,48.0,36.0,18.0,8.0,9.0,5.0,14.0,3.0,2.0,8.0,,1.0,33.0,11.0,20.0,35.0,31.0,15.0,81.0,33.0,114.0,6.0,9.0,5.0,4.0,15.0,,9.0,9.0,2.0,6.0,24.0,2.0,8.0,7.0,25.0,,3.0,2.0,32.0,5.0,4.0,32.0,6.0,16.0,3.0,5.0,1.0,,3.0,6.0,98.0,39.0,177.0,5.0,3.0,,6.0,13.0,9.0,4.0,94.98207885304659,112.56637168141592,0.5714285714285714,0.7272727272727273,0.5,0.6086956521739131,0.4166666666666667,0.48,0.6379310344827587,0.4444444444444444,0.5072463768115942,0.6774193548387096,0.4642857142857143,0.09523809523809523,0.08333333333333333,0.16666666666666666,24.620060790273556,0.625,0.4838709677419355,0.26495726495726496,0.11560693641618497,0.2966101694915254,0.102803738317757,0.28085106382978725,0.11071428571428571,0.13559322033898305,0.10126582278481013,0.11428571428571428,0.06666666666666667,0.29411764705882354,0.2222222222222222,0.2857142857142857,0.35714285714285715,0.3225806451612903,0.2,0.1,0.384,0.6041666666666666,0.6590909090909091,0.5862068965517241,0.192,0.25,0.3,0.3333333333333333,0.096,0.5833333333333334,0.5833333333333334,0.7142857142857143,0.5517241379310345,0.625,0.2,0.3888888888888889,0.5714285714285714,0.712,0.5174008064516129,0.5328041666666666,0.5107428571428572,0.11851851851851852,0.1702127659574468,0.3,0.2785714285714286,5.583333333333333,0.4444444444444444,0.2777777777777778,0.2,0.3207885304659498,player_totals,wnba,2026,Regular Season,/get-totals/wnba,"{""Season"": ""2026"", ""SeasonType"": ""Regular Season"", ""Type"": ""Player""}",20260603T195605Z,2026-06-03T19:56:07+00:00,11dd96c290d13cd6aeefae9dd89c35389fca09571c3560efa954b553421806f1,12.0,41.0,3.0,6.0,12.0,41.0,3.0,6.0,33.0,41.0,12.0,2.0,3.0,,0.9166666666666666,0.2926829268292683,0.5,0.2926829268292683,0.328,0.5,0.328,0.2926829268292683,0.3,0.9166666666666666,0.20689655172413793,0.5,1.0,0.2926829268292683,25.18780487804878,,,,4.0,12.0,4.0,12.0,3.0,1.0,3.0,,2.0,0.3333333333333333,0.024390243902439025,,,,,,,0.3333333333333333,0.3333333333333333,,0.14814814814814814,,,,,2.0,,0.08,,,1.0,,1.0,0.024390243902439025,,,,,,,,,,,"[""single_row_table_data"", ""multi_row_table_data""]",{}
1642809,1611661323,Saniya Rivers,Saniya Rivers,1642809,CON,5907.7,11,98.0,-93.0,538,538,135.0,202.0,87,1076,10.0,24.0,,,3.0,7.0,4.0,14.0,10.0,27.0,24.0,65.0,14.0,71.0,619,3.0,6.0,2.0,11.0,5.0,13.0,5.0,21.0,24.0,24.0,,4.0,30.0,9.0,39.0,9.0,,19.0,6.0,5.0,87.0,2.0,2.0,11.0,6.0,,17.0,4.0,21.0,1.0,11.0,9.0,2.0,16.0,2.0,14.0,5.0,1.0,2.0,21.0,1.0,3.0,13.0,18.0,,,,15.0,1.0,1.0,20.0,1.0,7.0,2.0,6.0,,,1.0,6.0,60.0,21.0,133.0,2.0,2.0,,9.0,,3.0,,97.76951672862454,115.0557620817844,0.5,0.5,0.36923076923076925,0.5,0.38461538461538464,0.3275862068965517,0.4090909090909091,0.34782608695652173,0.3697916666666667,0.4583333333333333,0.3888888888888889,0.06153846153846154,0.125,0.07142857142857142,18.28125,0.7619047619047619,,0.05,0.011299435028248588,0.10891089108910891,0.02127659574468085,0.07692307692307693,0.014760147601476014,0.029850746268656716,,,0.012987012987012988,0.058823529411764705,0.0784313725490196,0.0196078431372549,0.05555555555555555,0.10526315789473684,0.12,0.018867924528301886,0.27586206896551724,0.4166666666666667,0.47619047619047616,0.2,0.16091954022988506,0.2857142857142857,0.3076923076923077,0.75,0.3103448275862069,0.37037037037037035,0.37037037037037035,0.7,,,,0.30434782608695654,0.42857142857142855,0.5287356321839081,0.4858464285714286,0.42355,0.4927619047619048,0.0851063829787234,0.09859154929577464,0.15492957746478872,0.29577464788732394,10.018461538461539,0.38461538461538464,0.4,0.35294117647058826,0.25092936802973975,player_totals,wnba,2026,Regular Season,/get-totals/wnba,"{""Season"": ""2026"", ""SeasonType"": ""Regular Season"", ""Type"": ""Player""}",20260603T195605Z,2026-06-03T19:56:07+00:00,137c8520c8ea821f322c5a00f710250e034892d6ba314a126b98efa8a7a5b195,2.0,14.0,1.0,4.0,3.0,22.0,1.0,5.0,9.0,14.0,2.0,4.0,3.0,,1.0,0.13636363636363635,0.2,0.13636363636363635,0.25287356321839083,0.5,0.16091954022988506,0.14285714285714285,0.14285714285714285,1.0,0.36363636363636365,0.25,1.0,0.14285714285714285,27.231818181818184,1.0,8.0,3.0,2.0,7.0,2.0,10.0,,1.0,,1.0,,0.2,0.045454545454545456,0.125,0.09195402298850575,0.125,0.14285714285714285,1.0,0.13043478260869565,0.30434782608695654,0.2857142857142857,0.043478260869565216,0.5555555555555556,1.0,,0.09090909090909091,,,1.0,,,,,,,,1.0,,,,,,,,,,"[""single_row_table_data"", ""multi_row_table_data""]",{}
1642307,1611661328,Mackenzie Holmes,Mackenzie Holmes,1642307,SEA,5760.5,10,96.0,-34.0,307,305,92.0,76.0,42,612,9.0,15.0,1.0,3.0,3.0,4.0,4.0,8.0,1.0,2.0,14.0,25.0,9.0,49.0,319,1.0,4.0,2.0,4.0,3.0,6.0,4.0,13.0,24.0,4.0,,2.0,3.0,5.0,8.0,3.0,2.0,1.0,2.0,,21.0,5.0,10.0,11.0,19.0,3.0,33.0,15.0,48.0,1.0,9.0,8.0,1.0,4.0,2.0,2.0,5.0,,2.0,9.0,,2.0,12.0,25.0,,3.0,2.0,16.0,2.0,1.0,11.0,1.0,4.0,2.0,4.0,,,3.0,4.0,45.0,13.0,92.0,1.0,2.0,,9.0,-3.0,3.0,,92.83387622149837,104.59016393442623,0.8571428571428571,0.8571428571428571,0.56,0.25,0.5,0.6451612903225806,0.25,0.5625,0.6805555555555556,0.4,0.5909090909090909,0.08,0.13333333333333333,,12.67605633802817,0.4444444444444444,0.25,0.21839080459770116,0.10869565217391304,0.19642857142857142,0.078125,0.2097902097902098,0.09615384615384616,,0.13333333333333333,0.19047619047619047,0.08888888888888889,0.05263157894736842,0.10714285714285714,0.3333333333333333,0.07142857142857142,0.2127659574468085,0.1111111111111111,0.1,0.4838709677419355,0.6,0.6923076923076923,0.8888888888888888,0.25806451612903225,0.5,0.5,0.75,0.06451612903225806,0.5,0.5,1.0,0.75,0.3333333333333333,,0.5,0.75,0.6774193548387096,0.4981693548387097,0.520825,0.49605625,0.11764705882352941,0.14285714285714285,0.08163265306122448,0.2653061224489796,5.312,0.3333333333333333,0.3333333333333333,1.0,0.2996742671009772,player_totals,wnba,2026,Regular Season,/get-totals/wnba,"{""Season"": ""2026"", ""SeasonType"": ""Regular Season"", ""Type"": ""Player""}",20260603T195605Z,2026-06-03T19:56:07+00:00,b258d26e2b2dee9af25699a16a6b898e025cffd055437d6ccf6d328f4af7c190,2.0,3.0,,,4.0,6.0,,,12.0,3.0,2.0,1.0,2.0,2.0,1.0,0.6666666666666666,,0.6666666666666666,0.1935483870967742,0.5,0.0967741935483871,0.6666666666666666,0.6666666666666666,1.0,,,,0.6666666666666666,23.916666666666668,2.0,3.0,,1.0,2.0,1.0,2.0,,,1.0,,,0.5,,,0.0967741935483871,0.6666666666666666,0.6666666666666666,1.0,,0.25,0.5,,,,,,,,,,,,,,,,,,,,,,,,,,"[""single_row_table_data"", ""multi_row_table_data""]",{}
1642286,1611661325,Caitlin Clark,Caitlin Clark,1642286,IND,5733.3,7,96.0,24.0,431,427,142.0,128.0,60,858,16.0,24.0,2.0,3.0,3.0,7.0,6.0,16.0,2.0,13.0,24.0,53.0,39.0,141.0,460,3.0,6.0,,12.0,5.0,15.0,20.0,42.0,16.0,32.0,2.0,10.0,45.0,10.0,55.0,9.0,1.0,36.0,7.0,2.0,120.0,1.0,1.0,10.0,14.0,2.0,26.0,2.0,28.0,1.0,9.0,9.0,,19.0,4.0,15.0,13.0,,4.0,32.0,1.0,11.0,14.0,26.0,,,4.0,44.0,,1.0,41.0,3.0,10.0,8.0,6.0,,,,6.0,129.0,42.0,141.0,1.0,8.0,3.0,9.0,7.0,19.0,5.0,112.2969837587007,107.72833723653397,0.3333333333333333,0.34782608695652173,0.4528301886792453,0.5,0.3333333333333333,0.4766355140186916,0.5454545454545454,0.36666666666666664,0.5645161290322581,0.5454545454545454,0.525,0.18867924528301888,0.20833333333333334,0.1875,31.2,0.59375,0.2,0.12962962962962962,0.009615384615384616,0.15384615384615385,0.010526315789473684,0.13872832369942195,0.010050251256281407,,0.029411764705882353,,0.014492753623188406,,0.09523809523809523,0.12244897959183673,0.23529411764705882,0.13725490196078433,0.21428571428571427,0.01818181818181818,0.22429906542056074,0.6666666666666666,0.8421052631578947,0.3125,0.14953271028037382,0.375,0.46153846153846156,0.5,0.12149532710280374,0.15384615384615385,0.18181818181818182,,0.2727272727272727,0.6666666666666666,1.0,0.23333333333333334,0.42857142857142855,0.7289719626168224,0.49528207547169806,0.5078055555555555,0.48527833333333337,0.10344827586206896,0.16666666666666666,0.0851063829787234,0.2978723404255319,7.815094339622641,0.625,0.4,0.2727272727272727,0.3294663573085847,player_totals,wnba,2026,Regular Season,/get-totals/wnba,"{""Season"": ""2026"", ""SeasonType"": ""Regular Season"", ""Type"": ""Player""}",20260603T195605Z,2026-06-03T19:56:07+00:00,f41cf22578c416ea1f43db1a36894d8cd2cd22c68ef186d23d733c4885283fb1,18.0,52.0,2.0,4.0,18.0,54.0,2.0,5.0,42.0,52.0,18.0,6.0,3.0,2.0,0.7777777777777778,0.3333333333333333,0.4,0.3333333333333333,0.5046728971962616,0.5,0.48598130841121495,0.34615384615384615,0.34615384615384615,0.7777777777777778,0.36363636363636365,0.5,0.5,0.34615384615384615,27.366666666666667,,2.0,,4.0,15.0,4.0,15.0,12.0,,,2.0,1.0,0.26666666666666666,,,0.018691588785046728,,,,,0.5,0.26666666666666666,0.03571428571428571,0.3055555555555556,1.0,,0.09090909090909091,,,1.0,,1.0,1.0,,0.15384615384615385,,,,,,,,,,,,,"[""single_row_table_data"", ""multi_row_table_data""]",{}
1643420,1611661332,Laura Juskaite,Laura Juskaite,1643420,TOR,5702.5,9,95.0,40.0,370,369,77.0,91.0,39,739,8.0,15.0,3.0,4.0,3.0,4.0,5.0,8.0,,,13.0,23.0,12.0,71.0,409,3.0,5.0,3.0,12.0,4.0,5.0,6.0,20.0,18.0,8.0,4.0,3.0,4.0,7.0,11.0,3.0,4.0,4.0,,,29.0,6.0,1.0,10.0,10.0,5.0,25.0,7.0,32.0,,9.0,5.0,4.0,8.0,,2.0,5.0,,6.0,13.0,,2.0,12.0,36.0,,5.0,3.0,13.0,1.0,2.0,14.0,2.0,5.0,3.0,,1.0,,,1.0,59.0,20.0,75.0,2.0,2.0,,18.0,13.0,24.0,5.0,121.35135135135134,110.84010840108401,0.6923076923076923,0.8181818181818182,0.5652173913043478,0.6,0.8,0.6276595744680851,0.5625,0.7777777777777778,0.6698113207547169,0.6,0.8333333333333334,0.13043478260869565,0.13333333333333333,0.125,15.714285714285714,0.6153846153846154,0.35714285714285715,0.13157894736842105,0.013513513513513514,0.14492753623188406,0.06521739130434782,0.13793103448275862,0.04216867469879518,,,0.07142857142857142,0.05555555555555555,0.1,0.12903225806451613,0.125,0.15384615384615385,0.15555555555555556,0.125,,0.3191489361702128,0.5333333333333333,0.6153846153846154,0.5,0.1702127659574468,0.625,0.7142857142857143,1.0,,,,,0.5,0.75,,0.4444444444444444,0.75,0.8297872340425532,0.5433861702127659,0.51735,0.53195,0.1,0.19230769230769232,0.16901408450704225,0.28169014084507044,3.9086956521739133,0.42857142857142855,,,0.20810810810810812,player_totals,wnba,2026,Regular Season,/get-totals/wnba,"{""Season"": ""2026"", ""SeasonType"": ""Regular Season"", ""Type"": ""Player""}",20260603T195605Z,2026-06-03T19:56:07+00:00,ae7603fbefcf9db58dcb77d1d53eae118ddeff5272ce7bd1c0aca468564702d6,5.0,16.0,1.0,3.0,11.0,24.0,1.0,3.0,30.0,16.0,5.0,,1.0,,0.9090909090909091,0.4583333333333333,0.3333333333333333,0.4583333333333333,0.5106382978723404,1.0,0.3404255319148936,0.3125,0.3333333333333333,0.8,0.375,0.3333333333333333,,0.3125,24.183333333333334,6.0,8.0,2.0,,2.0,2.0,4.0,3.0,1.0,2.0,,1.0,0.5,0.041666666666666664,,0.1702127659574468,0.75,0.75,1.0,0.2222222222222222,0.2222222222222222,,,0.38461538461538464,,2.0,,1.0,,,,,,1.0,,1.0,0.0625,,,,,,,,,,,"[""single_row_table_data"", ""multi_row_table_data""]",{}
1628277,1611661330,Allisha Gray,Allisha Gray,1628277,ATL,5415.799999999999,8,90.0,68.0,534,532,130.0,69.0,87,1066,30.0,48.0,2.0,3.0,8.0,11.0,8.0,19.0,,4.0,38.0,71.0,36.0,169.0,536,2.0,5.0,9.0,19.0,8.0,16.0,12.0,37.0,54.0,22.0,,6.0,6.0,5.0,11.0,5.0,,5.0,1.0,,27.0,,3.0,16.0,13.0,2.0,31.0,5.0,36.0,1.0,9.0,8.0,1.0,10.0,2.0,5.0,6.0,,5.0,16.0,2.0,3.0,8.0,17.0,1.0,1.0,,38.0,3.0,4.0,44.0,4.0,17.0,3.0,4.0,1.0,1.0,,5.0,150.0,35.0,128.0,1.0,2.0,,8.0,10.0,15.0,,113.10861423220975,100.75187969924812,0.7105263157894737,0.7105263157894737,0.5352112676056338,0.4,0.5,0.532,0.3333333333333333,0.5208333333333334,0.5874125874125874,0.475,0.6166666666666667,0.08450704225352113,0.10416666666666667,0.05263157894736842,24.882629107981224,0.625,0.15384615384615385,0.0962962962962963,0.022556390977443608,0.14285714285714285,,0.11740890688259109,0.012,0.013157894736842105,0.044444444444444446,,,,0.0851063829787234,,0.3103448275862069,0.1566265060240964,0.10344827586206896,0.01639344262295082,0.384,0.625,0.6976744186046512,0.7666666666666667,0.152,0.42105263157894735,0.4444444444444444,0.5,0.032,,,,0.2,0.6666666666666666,1.0,0.4583333333333333,0.7272727272727273,0.816,0.5473104,0.5471916666666666,0.5304375,0.14285714285714285,0.20238095238095238,0.11242603550295859,0.21893491124260356,4.4845070422535205,0.5,0.2,0.5,0.24344569288389514,player_totals,wnba,2026,Regular Season,/get-totals/wnba,"{""Season"": ""2026"", ""SeasonType"": ""Regular Season"", ""Type"": ""Player""}",20260603T195605Z,2026-06-03T19:56:07+00:00,61458a41af779ccd8c87845d7e8c0467c7e2952d9cc61b39ed8160ffff4c911b,18.0,47.0,2.0,9.0,19.0,54.0,2.0,10.0,57.0,47.0,18.0,4.0,,,1.0,0.35185185185185186,0.2,0.35185185185185186,0.432,,0.376,0.3829787234042553,0.3829787234042553,1.0,0.6,0.2222222222222222,1.0,0.3829787234042553,24.60185185185185,1.0,7.0,1.0,3.0,7.0,3.0,8.0,,,3.0,3.0,5.0,0.375,,,0.056,0.14285714285714285,0.14285714285714285,1.0,0.041666666666666664,0.2916666666666667,0.42857142857142855,0.05357142857142857,0.2857142857142857,1.0,,0.06666666666666667,,2.0,,0.09090909090909091,1.0,1.0,,,,,,,,,,,1.0,,,,"[""single_row_table_data"", ""multi_row_table_data""]",{}
203855,1611661319,Stephanie Talbot,Stephanie Talbot,203855,LVA,5333.6,9,89.0,10.0,343,349,72.0,67.0,39,692,5.0,6.0,1.0,2.0,1.0,1.0,5.0,5.0,,2.0,10.0,13.0,5.0,37.0,350,2.0,3.0,,4.0,1.0,1.0,3.0,5.0,16.0,4.0,2.0,,6.0,7.0,13.0,5.0,2.0,2.0,4.0,,33.0,3.0,4.0,11.0,12.0,1.0,24.0,7.0,31.0,,5.0,3.0,2.0,4.0,1.0,3.0,2.0,,1.0,6.0,1.0,,9.0,16.0,,,1.0,9.0,,1.0,7.0,,,2.0,2.0,,,1.0,2.0,33.0,5.0,72.0,2.0,2.0,,7.0,6.0,8.0,1.0,104.95626822157433,100.28653295128939,0.8,0.8888888888888888,0.7692307692307693,0.6666666666666666,1.0,0.5333333333333333,0.6666666666666666,0.3333333333333333,0.5606060606060606,0.6666666666666666,0.5,,,,10.051546391752577,0.6666666666666666,0.1111111111111111,0.10344827586206896,0.0425531914893617,0.16666666666666666,0.05172413793103448,0.12637362637362637,0.046052631578947366,,0.07142857142857142,,0.045454545454545456,0.07142857142857142,0.10810810810810811,0.07017543859649122,0.18181818181818182,0.14285714285714285,0.3,,0.2,0.8333333333333334,0.8333333333333334,0.8,0.16666666666666666,1.0,1.0,0.8,0.06666666666666667,,,,0.6666666666666666,0.5,1.0,0.3333333333333333,1.0,0.7666666666666667,0.5406433333333334,0.5545,0.6013333333333334,0.03225806451612903,,0.10810810810810811,0.13513513513513514,6.507692307692308,1.0,,,0.2099125364431487,player_totals,wnba,2026,Regular Season,/get-totals/wnba,"{""Season"": ""2026"", ""SeasonType"": ""Regular Season"", ""Type"": ""Player""}",20260603T195605Z,2026-06-03T19:56:07+00:00,44e53b8b64c7da29bb4fd258a5e282c0f0072e04387c03380165bb0d0d8f455b,1.0,7.0,,,4.0,17.0,,,12.0,7.0,1.0,1.0,2.0,,1.0,0.23529411764705882,,0.23529411764705882,0.5666666666666667,1.0,0.23333333333333334,0.14285714285714285,0.16666666666666666,1.0,,,,0.14285714285714285,23.870588235294118,3.0,10.0,1.0,,1.0,,2.0,,1.0,,1.0,,,0.058823529411764705,,0.3333333333333333,0.3,0.3,1.0,0.3333333333333333,0.3333333333333333,,0.05555555555555555,0.38461538461538464,,,,,,,,1.0,,,,,0.14285714285714285,,,,,,,,,,,"[""single_row_table_data"", ""multi_row_table_data""]",{}
204329,1611661331,Kiah Stokes,Kiah Stokes,204329,GSV,5266.9,9,88.0,13.0,375,376,72.0,66.0,51,751,6.0,11.0,1.0,1.0,1.0,2.0,3.0,7.0,,3.0,9.0,21.0,3.0,33.0,369,1.0,2.0,,8.0,1.0,3.0,2.0,7.0,16.0,2.0,2.0,4.0,6.0,7.0,13.0,6.0,1.0,2.0,3.0,1.0,33.0,6.0,3.0,15.0,20.0,1.0,36.0,9.0,45.0,,8.0,7.0,1.0,2.0,,2.0,1.0,1.0,,3.0,,1.0,17.0,26.0,,2.0,,6.0,,,6.0,,1.0,2.0,16.0,1.0,1.0,5.0,17.0,25.0,7.0,72.0,1.0,2.0,2.0,-1.0,5.0,3.0,,101.86666666666666,98.13829787234043,0.8888888888888888,1.0,0.42857142857142855,0.5,0.3333333333333333,0.45454545454545453,0.8,0.5,0.4583333333333333,0.8,0.5,0.19047619047619047,0.2727272727272727,0.14285714285714285,8.924485125858123,0.6666666666666666,0.14285714285714285,0.18181818181818182,0.02564102564102564,0.18518518518518517,0.0594059405940594,0.18324607329842932,0.04128440366972477,0.027777777777777776,0.03571428571428571,,0.05128205128205128,0.08695652173913043,0.17647058823529413,0.16666666666666666,0.22727272727272727,0.21666666666666667,0.09523809523809523,,0.3333333333333333,0.5454545454545454,0.75,0.8333333333333334,0.21212121212121213,0.42857142857142855,0.5,1.0,0.09090909090909091,,,,0.2,1.0,,0.4,0.5,0.696969696969697,0.4977,0.5188333333333334,0.43845,0.029411764705882353,0.045454545454545456,0.24242424242424243,0.21212121212121213,6.023809523809524,0.6,0.25,0.3333333333333333,0.192,player_totals,wnba,2026,Regular Season,/get-totals/wnba,"{""Season"": ""2026"", ""SeasonType"": ""Regular Season"", ""Type"": ""Player""}",20260603T195605Z,2026-06-03T19:56:07+00:00,3991968fea72b610c1c22dd96d11925945d99abf5bdd5e08f6f7865dbb09d0f0,1.0,4.0,,1.0,4.0,12.0,2.0,3.0,12.0,4.0,1.0,11.0,11.0,1.0,1.0,0.3333333333333333,0.6666666666666666,0.3333333333333333,0.36363636363636365,0.6470588235294118,0.12121212121212122,0.25,0.25,1.0,0.2,,,0.25,23.474999999999998,3.0,8.0,2.0,,,1.0,2.0,,,,,2.0,0.5,,,0.24242424242424243,0.375,0.375,1.0,0.4,,,,0.14285714285714285,2.0,1.0,0.4,0.5,,,,,,,,,,,2.0,1.0,1.0,,,,,,,"[""single_row_table_data"", ""multi_row_table_data""]",{}
203398,1611661323,Brittney Griner,Brittney Griner,203398,CON,5195.0,5,87.0,-34.0,255,251,49.0,78.0,39,506,13.0,18.0,3.0,7.0,4.0,5.0,10.0,23.0,1.0,4.0,24.0,45.0,13.0,61.0,273,6.0,14.0,1.0,13.0,5.0,10.0,5.0,15.0,38.0,10.0,4.0,1.0,9.0,1.0,10.0,1.0,,3.0,2.0,4.0,21.0,1.0,8.0,3.0,8.0,2.0,13.0,10.0,23.0,1.0,4.0,3.0,1.0,2.0,1.0,,7.0,,2.0,9.0,,3.0,4.0,12.0,1.0,,4.0,24.0,1.0,,18.0,2.0,6.0,4.0,6.0,,,2.0,6.0,48.0,15.0,49.0,,2.0,,3.0,7.0,6.0,1.0,93.72549019607844,108.76494023904384,0.7916666666666666,0.8636363636363636,0.5333333333333333,0.42857142857142855,0.5,0.5106382978723404,0.42857142857142855,0.5,0.5545454545454546,0.43333333333333335,0.5769230769230769,0.022222222222222223,0.05555555555555555,,21.548821548821547,0.2222222222222222,0.18181818181818182,0.13333333333333333,0.09876543209876543,0.057692307692307696,0.02127659574468085,0.09821428571428571,0.0703125,0.09523809523809523,0.08888888888888889,0.13333333333333333,0.023809523809523808,,0.038461538461538464,0.2,0.2222222222222222,0.07317073170731707,,0.045454545454545456,0.3829787234042553,0.7222222222222222,0.7647058823529411,0.8461538461538461,0.48936170212765956,0.43478260869565216,0.43478260869565216,0.7,0.0851063829787234,0.25,0.25,1.0,0.5,0.42857142857142855,0.3333333333333333,0.5,0.8,0.425531914893617,0.4794255319148936,0.5459384615384615,0.50522,0.11764705882352941,0.12244897959183673,0.21311475409836064,0.2459016393442623,6.797777777777777,0.2,0.3076923076923077,,0.19215686274509805,player_totals,wnba,2026,Regular Season,/get-totals/wnba,"{""Season"": ""2026"", ""SeasonType"": ""Regular Season"", ""Type"": ""Player""}",20260603T195605Z,2026-06-03T19:56:07+00:00,33515bca3ea57565ac862ebfc4adb0218673b344dbed5e7970a23c7b2d383422,,2.0,,,,2.0,,,,2.0,,4.0,3.0,,,,,,0.0425531914893617,0.5,0.0425531914893617,,,,,,,,25.3,,,,,,,,,,,,1.0,,,,,,,,,,,,,,,,,1.0,,0.09090909090909091,,,,,,,,,,,,,,,,,"[""single_row_table_data"", ""multi_row_table_data""]",{}
1642785,1611661322,Sonia Citron,Sonia Citron,1642785,WAS,5007.900000000001,7,83.0,15.0,456,460,129.0,156.0,50,916,17.0,20.0,1.0,2.0,6.0,8.0,13.0,25.0,1.0,1.0,31.0,46.0,38.0,124.0,477,2.0,4.0,5.0,9.0,11.0,18.0,26.0,54.0,34.0,28.0,2.0,1.0,15.0,5.0,20.0,3.0,2.0,9.0,5.0,1.0,45.0,3.0,3.0,9.0,7.0,1.0,17.0,7.0,24.0,2.0,10.0,6.0,4.0,8.0,1.0,2.0,10.0,5.0,6.0,18.0,,3.0,4.0,13.0,,,1.0,42.0,2.0,4.0,45.0,3.0,12.0,10.0,4.0,,,,4.0,115.0,54.0,128.0,4.0,10.0,,5.0,7.0,,,107.89473684210527,103.69565217391305,0.5483870967741935,0.5666666666666667,0.6739130434782609,0.5,0.6111111111111112,0.5972222222222222,0.2857142857142857,0.5384615384615384,0.6703296703296703,0.5,0.65,0.021739130434782608,,0.04,21.124031007751938,0.4444444444444444,0.07142857142857142,0.05426356589147287,0.02727272727272727,0.09183673469387756,0.03896103896103896,0.07048458149779736,0.03208556149732621,0.023255813953488372,0.01694915254237288,0.125,0.047619047619047616,,0.06818181818181818,0.047619047619047616,0.045454545454545456,0.10526315789473684,0.045454545454545456,0.06451612903225806,0.2777777777777778,0.85,0.85,0.5294117647058824,0.3472222222222222,0.52,0.5416666666666666,0.6153846153846154,0.013888888888888888,1.0,1.0,,0.2857142857142857,0.5,1.0,0.3076923076923077,0.75,0.6388888888888888,0.49870694444444447,0.58504,0.4795596153846154,0.14814814814814814,0.21818181818181817,0.07258064516129033,0.43548387096774194,6.0978260869565215,1.0,0.6666666666666666,,0.28289473684210525,player_totals,wnba,2026,Regular Season,/get-totals/wnba,"{""Season"": ""2026"", ""SeasonType"": ""Regular Season"", ""Type"": ""Player""}",20260603T195605Z,2026-06-03T19:56:07+00:00,756ca1be0358fa537c34fd56b29a24887ae235b7289bb331f6ffc6595a399a9d,6.0,20.0,,2.0,8.0,26.0,,3.0,21.0,20.0,6.0,4.0,1.0,,0.875,0.3076923076923077,,0.3076923076923077,0.3611111111111111,0.25,0.2777777777777778,0.3,0.3,0.8333333333333334,0.2857142857142857,,,0.3,24.85,2.0,6.0,1.0,2.0,7.0,2.0,8.0,3.0,1.0,1.0,,,0.25,0.038461538461538464,0.16666666666666666,0.08333333333333333,0.3333333333333333,0.4,1.0,0.038461538461538464,0.2692307692307692,0.2857142857142857,,0.2222222222222222,1.0,,0.14285714285714285,,1.0,,0.07692307692307693,,3.0,,,,,,,,,,,,,,,"[""single_row_table_data"", ""multi_row_table_data""]",{}
1631007,1611661331,Veronica Burton,Veronica Burton,1631007,GSV,4914.2,9,82.0,66.0,480,482,118.0,112.0,70,962,10.0,17.0,,1.0,1.0,3.0,12.0,37.0,1.0,6.0,23.0,60.0,34.0,128.0,486,1.0,5.0,6.0,14.0,3.0,11.0,18.0,30.0,12.0,34.0,,5.0,21.0,34.0,55.0,25.0,9.0,10.0,9.0,2.0,144.0,5.0,4.0,4.0,16.0,,20.0,9.0,29.0,1.0,8.0,7.0,1.0,9.0,,7.0,5.0,1.0,2.0,14.0,1.0,5.0,9.0,33.0,2.0,3.0,1.0,51.0,4.0,6.0,41.0,6.0,14.0,8.0,7.0,,,3.0,7.0,114.0,30.0,118.0,2.0,7.0,,3.0,5.0,7.0,5.0,115.0,100.8298755186722,0.2608695652173913,0.2608695652173913,0.38333333333333336,0.2,0.2727272727272727,0.4895833333333333,0.36363636363636365,0.3,0.5714285714285714,0.5,0.4838709677419355,0.08333333333333333,0.058823529411764705,0.10810810810810811,22.340425531914896,0.6428571428571429,,0.11678832116788321,0.027972027972027972,0.043478260869565216,0.041666666666666664,0.08733624454148471,0.034220532319391636,,0.02702702702702703,0.08695652173913043,0.05555555555555555,,0.20833333333333334,0.06557377049180328,0.07142857142857142,0.04285714285714286,0.045454545454545456,0.02,0.17708333333333334,0.5882352941176471,0.625,0.2,0.3854166666666667,0.32432432432432434,0.36363636363636365,0.3333333333333333,0.0625,0.16666666666666666,0.16666666666666666,,0.09090909090909091,,,0.15,0.3333333333333333,0.5520833333333334,0.4636622340425532,0.44211428571428574,0.4353,0.1346153846153846,0.20588235294117646,0.109375,0.234375,6.78,0.14285714285714285,0.24,0.75,0.24583333333333332,player_totals,wnba,2026,Regular Season,/get-totals/wnba,"{""Season"": ""2026"", ""SeasonType"": ""Regular Season"", ""Type"": ""Player""}",20260603T195605Z,2026-06-03T19:56:07+00:00,9552fd6cf2f8db9dfd33a939051a1761cdea1ee4623262afe60b56401586680d,12.0,30.0,2.0,6.0,16.0,36.0,2.0,6.0,30.0,30.0,12.0,3.0,4.0,,0.625,0.4444444444444444,0.3333333333333333,0.4444444444444444,0.375,0.5714285714285714,0.3125,0.4,0.41379310344827586,0.5,0.5454545454545454,0.3333333333333333,0.5,0.4,27.799999999999997,4.0,6.0,,2.0,9.0,2.0,9.0,18.0,1.0,,,,0.2222222222222222,0.027777777777777776,,0.0625,0.6666666666666666,0.6666666666666666,1.0,,0.45,0.2222222222222222,,0.55,,,,,,1.0,,4.0,,,,1.0,0.03333333333333333,1.0,,,,,,,,,,"[""single_row_table_data"", ""multi_row_table_data""]",{}
1642290,1611661323,Aaliyah Edwards,Aaliyah Edwards,1642290,CON,4856.4,6,81.0,-57.0,213,219,30.0,39.0,26,432,12.0,17.0,4.0,6.0,2.0,3.0,3.0,11.0,6.0,11.0,21.0,39.0,6.0,48.0,243,5.0,9.0,1.0,11.0,2.0,6.0,1.0,5.0,26.0,16.0,8.0,5.0,3.0,2.0,5.0,2.0,,2.0,1.0,,12.0,2.0,6.0,2.0,10.0,2.0,14.0,9.0,23.0,1.0,7.0,5.0,2.0,6.0,1.0,4.0,6.0,2.0,2.0,12.0,,1.0,5.0,13.0,,3.0,2.0,21.0,2.0,3.0,9.0,1.0,3.0,2.0,3.0,,,1.0,3.0,37.0,5.0,30.0,2.0,1.0,,5.0,14.0,2.0,,87.32394366197184,110.95890410958904,0.6190476190476191,0.7647058823529411,0.5384615384615384,0.5555555555555556,0.3333333333333333,0.5,0.5,0.3333333333333333,0.5217391304347826,0.55,0.35714285714285715,0.1282051282051282,0.11764705882352941,0.2727272727272727,23.6734693877551,0.5,0.25,0.19230769230769232,0.09523809523809523,0.047619047619047616,0.04878048780487805,0.1276595744680851,0.07692307692307693,0.09090909090909091,0.10344827586206896,0.08333333333333333,0.03125,0.1111111111111111,0.125,0.22580645161290322,0.2,0.07142857142857142,,0.0625,0.40476190476190477,0.7058823529411765,0.8,0.5833333333333334,0.2619047619047619,0.2727272727272727,0.375,,0.2619047619047619,0.5454545454545454,0.5454545454545454,1.0,0.6,0.6666666666666666,,0.5,0.6666666666666666,0.47619047619047616,0.47028095238095236,0.51895,0.47718333333333335,0.06818181818181818,0.07317073170731707,0.22916666666666666,0.10416666666666667,7.9512820512820515,0.6,0.375,,0.14084507042253522,player_totals,wnba,2026,Regular Season,/get-totals/wnba,"{""Season"": ""2026"", ""SeasonType"": ""Regular Season"", ""Type"": ""Player""}",20260603T195605Z,2026-06-03T19:56:07+00:00,35d53e21c2c7b29d2205f8abf221759de4f4f98973438284b5f48edef4cec11f,,3.0,,1.0,,3.0,,1.0,,3.0,,2.0,1.0,,,,,,0.07142857142857142,0.3333333333333333,0.07142857142857142,,,,0.1,,,,24.233333333333334,,,,,,,,,,,,,,,,,,,,,,,,0.3333333333333333,,,,,1.0,1.0,0.2,1.0,,,,,,,,,,,,,,,,"[""single_row_table_data"", ""multi_row_table_data""]",{}
1629568,1611661323,Kennedy Burke,Kennedy Burke,1629568,CON,4840.0,11,81.0,-74.0,529,528,169.0,196.0,76,1057,10.0,23.0,3.0,7.0,3.0,8.0,5.0,12.0,4.0,9.0,19.0,44.0,13.0,78.0,557,3.0,9.0,1.0,13.0,6.0,15.0,8.0,26.0,26.0,12.0,4.0,6.0,14.0,8.0,22.0,5.0,3.0,8.0,5.0,1.0,52.0,3.0,7.0,15.0,12.0,4.0,31.0,10.0,41.0,3.0,13.0,10.0,3.0,11.0,2.0,8.0,14.0,3.0,3.0,25.0,1.0,7.0,10.0,22.0,1.0,2.0,4.0,17.0,,2.0,22.0,2.0,10.0,1.0,11.0,,,5.0,11.0,65.0,25.0,167.0,4.0,,2.0,15.0,7.0,4.0,,91.30434782608695,105.49242424242424,0.6842105263157895,0.7647058823529411,0.4318181818181818,0.3333333333333333,0.4,0.40625,0.46153846153846156,0.391304347826087,0.42696629213483145,0.4642857142857143,0.43103448275862066,0.13636363636363635,0.21739130434782608,0.08333333333333333,18.181818181818183,0.44,0.17391304347826086,0.09523809523809523,0.03910614525139665,0.16129032258064516,0.03488372093023256,0.1232876712328767,0.03773584905660377,0.07272727272727272,0.03409090909090909,,0.0410958904109589,,0.13953488372093023,0.06451612903225806,0.09523809523809523,0.1791044776119403,0.11538461538461539,0.06521739130434782,0.2875,0.43478260869565216,0.5555555555555556,0.6,0.15,0.4166666666666667,0.45454545454545453,0.8,0.1125,0.4444444444444444,0.4444444444444444,0.75,0.5384615384615384,0.42857142857142855,,0.34782608695652173,0.375,0.7375,0.502358125,0.5047,0.5007108695652174,0.11363636363636363,0.19230769230769232,0.16666666666666666,0.3333333333333333,6.375,0.5384615384615384,0.2857142857142857,0.4,0.31947069943289225,player_totals,wnba,2026,Regular Season,/get-totals/wnba,"{""Season"": ""2026"", ""SeasonType"": ""Regular Season"", ""Type"": ""Player""}",20260603T195605Z,2026-06-03T19:56:07+00:00,c91cb61152647f7750486b497f307be80c9ec2b56ded33f26a5b3fb3fbce4674,7.0,31.0,2.0,4.0,9.0,36.0,2.0,4.0,27.0,31.0,7.0,6.0,7.0,,1.0,0.25,0.5,0.25,0.45,0.6363636363636364,0.3875,0.22580645161290322,0.22580645161290322,1.0,0.3076923076923077,0.5,1.0,0.22580645161290322,24.84722222222222,2.0,5.0,,2.0,8.0,2.0,8.0,,,2.0,,1.0,0.25,,,0.0625,0.4,0.4,1.0,,0.34782608695652173,0.25,,0.4074074074074074,,,,,,,,,2.0,,,,,,,,,,,,,,,"[""single_row_table_data"", ""multi_row_table_data""]",{}
1628909,1611661325,Kelsey Mitchell,Kelsey Mitchell,1628909,IND,4796.7,8,80.0,34.0,507,516,169.0,179.0,70,1023,31.0,52.0,7.0,9.0,10.0,15.0,5.0,14.0,6.0,15.0,42.0,81.0,36.0,165.0,546,9.0,11.0,5.0,29.0,14.0,26.0,17.0,57.0,56.0,28.0,2.0,9.0,10.0,10.0,20.0,8.0,2.0,7.0,3.0,,50.0,2.0,3.0,,2.0,,2.0,5.0,7.0,2.0,5.0,1.0,4.0,6.0,2.0,4.0,7.0,2.0,2.0,13.0,,1.0,10.0,22.0,1.0,1.0,1.0,36.0,1.0,3.0,43.0,2.0,12.0,8.0,,,,,,136.0,55.0,168.0,3.0,7.0,,14.0,12.0,5.0,,114.39842209072978,105.81395348837209,0.6666666666666666,0.6829268292682927,0.5185185185185185,0.8181818181818182,0.5384615384615384,0.516,0.7058823529411765,0.5,0.5694444444444444,0.725,0.57,0.1111111111111111,0.1346153846153846,0.14285714285714285,26.6553480475382,0.46153846153846156,,0.015503875968992248,0.024,,0.019230769230769232,0.009569377990430622,0.021834061135371178,0.030303030303030304,,0.043478260869565216,0.024691358024691357,,0.02,0.01694915254237288,,,,0.03508771929824561,0.416,0.5961538461538461,0.6888888888888889,0.6774193548387096,0.112,0.35714285714285715,0.4166666666666667,0.8,0.12,0.4,0.4,0.5,0.5294117647058824,0.7777777777777778,0.8571428571428571,0.375,0.6666666666666666,0.768,0.5342072,0.5486636363636364,0.49545500000000003,0.08888888888888889,0.13186813186813187,0.17575757575757575,0.34545454545454546,5.937037037037037,0.3333333333333333,0.2222222222222222,0.5,0.3333333333333333,player_totals,wnba,2026,Regular Season,/get-totals/wnba,"{""Season"": ""2026"", ""SeasonType"": ""Regular Season"", ""Type"": ""Player""}",20260603T195605Z,2026-06-03T19:56:07+00:00,65186fd17a587040ecd01b169fced370e9bf9fcd33d9e37e552fd8bccdfda361,14.0,37.0,1.0,5.0,15.0,44.0,2.0,6.0,36.0,37.0,14.0,,,,0.8,0.3409090909090909,0.3333333333333333,0.3409090909090909,0.352,,0.296,0.3783783783783784,0.3783783783783784,0.7857142857142857,0.29411764705882354,0.2,1.0,0.3783783783783784,25.136363636363637,1.0,7.0,1.0,4.0,13.0,4.0,14.0,9.0,,,1.0,,0.2857142857142857,,,0.056,0.14285714285714285,0.14285714285714285,1.0,0.025,0.325,0.3076923076923077,,0.25,1.0,,0.058823529411764705,,,,,,1.0,,,,,,1.0,1.0,1.0,,,,,,,"[""single_row_table_data"", ""multi_row_table_data""]",{}
204324,1611661320,Dearica Hamby,Dearica Hamby,204324,LAS,4741.4,9,79.0,-24.0,540,539,157.0,140.0,67,1079,35.0,56.0,12.0,16.0,12.0,17.0,7.0,22.0,,,42.0,78.0,42.0,138.0,603,12.0,18.0,11.0,38.0,12.0,21.0,19.0,52.0,56.0,28.0,12.0,12.0,22.0,7.0,29.0,4.0,3.0,9.0,9.0,4.0,65.0,8.0,14.0,26.0,19.0,2.0,47.0,22.0,69.0,4.0,12.0,8.0,4.0,6.0,1.0,3.0,10.0,2.0,3.0,16.0,1.0,3.0,10.0,29.0,2.0,2.0,3.0,46.0,5.0,3.0,55.0,5.0,23.0,7.0,3.0,,,1.0,3.0,100.0,52.0,155.0,3.0,7.0,2.0,-2.0,2.0,19.0,1.0,107.22222222222221,111.87384044526902,0.6666666666666666,0.7777777777777778,0.5384615384615384,0.6666666666666666,0.5714285714285714,0.5217391304347826,0.675,0.5892857142857143,0.5897435897435898,0.7037037037037037,0.65,0.15384615384615385,0.10714285714285714,0.2727272727272727,21.49837133550489,0.375,0.15384615384615385,0.1557377049180328,0.11382113821138211,0.22413793103448276,0.07339449541284404,0.18907563025210083,0.09482758620689655,0.11904761904761904,0.10606060606060606,0.13333333333333333,0.09090909090909091,,0.1794871794871795,0.13114754098360656,0.18181818181818182,0.1958762886597938,0.3684210526315789,0.11764705882352941,0.6086956521739131,0.625,0.7,0.6285714285714286,0.2391304347826087,0.3181818181818182,0.4375,0.8571428571428571,,,,,0.8,0.75,0.3333333333333333,0.6071428571428571,0.7058823529411765,0.7608695652173914,0.5581940217391305,0.6071954545454545,0.5619714285714286,0.20909090909090908,0.23958333333333334,0.2753623188405797,0.37681159420289856,3.1948717948717946,0.3333333333333333,0.3333333333333333,,0.29074074074074074,player_totals,wnba,2026,Regular Season,/get-totals/wnba,"{""Season"": ""2026"", ""SeasonType"": ""Regular Season"", ""Type"": ""Player""}",20260603T195605Z,2026-06-03T19:56:07+00:00,096f4e3b7fb1ca7726c791ae91032a1224b39673e1dcb04f12c2bdbd7547b1f5,3.0,11.0,1.0,2.0,4.0,14.0,1.0,2.0,12.0,11.0,3.0,2.0,1.0,,1.0,0.2857142857142857,0.5,0.2857142857142857,0.15217391304347827,0.3333333333333333,0.11956521739130435,0.2727272727272727,0.2727272727272727,1.0,0.1,0.5,1.0,0.2727272727272727,24.735714285714288,1.0,3.0,1.0,2.0,6.0,3.0,7.0,,,1.0,,,0.42857142857142855,,,0.03260869565217391,0.3333333333333333,0.3333333333333333,1.0,0.03571428571428571,0.21428571428571427,0.3333333333333333,,0.5,,1.0,,1.0,,,,,1.0,,,1.0,,,,,,,,,,,,"[""single_row_table_data"", ""multi_row_table_data""]",{}
1630097,1611661331,Kaila Charles,Kaila Charles,1630097,GSV,4528.5,9,75.0,32.0,351,359,82.0,92.0,51,710,8.0,14.0,3.0,4.0,,3.0,7.0,15.0,,2.0,15.0,31.0,8.0,62.0,374,3.0,5.0,1.0,7.0,1.0,5.0,5.0,10.0,12.0,18.0,6.0,3.0,6.0,4.0,10.0,3.0,1.0,3.0,3.0,,24.0,7.0,7.0,10.0,19.0,2.0,31.0,16.0,47.0,1.0,3.0,2.0,1.0,6.0,1.0,4.0,7.0,1.0,2.0,13.0,2.0,3.0,10.0,23.0,1.0,1.0,,12.0,3.0,2.0,10.0,2.0,4.0,2.0,1.0,,,1.0,1.0,55.0,10.0,82.0,4.0,2.0,,8.0,13.0,6.0,1.0,115.66951566951568,104.17827298050139,0.4,0.5,0.4838709677419355,0.6,0.2,0.46551724137931033,0.375,0.22727272727272727,0.5,0.3888888888888889,0.35714285714285715,0.0967741935483871,0.07142857142857142,0.13333333333333333,18.159806295399516,0.46153846153846156,0.18181818181818182,0.18627450980392157,0.0660377358490566,0.14925373134328357,0.08536585365853659,0.17159763313609466,0.07446808510638298,0.06060606060606061,0.05660377358490566,0.1,0.08064516129032258,0.1,0.23684210526315788,0.16279069767441862,0.14285714285714285,0.15384615384615385,0.13333333333333333,0.03333333333333333,0.2413793103448276,0.5714285714285714,0.6153846153846154,0.25,0.25862068965517243,0.4666666666666667,0.5384615384615384,0.5714285714285714,0.034482758620689655,,,,0.5,0.75,,0.2727272727272727,,0.7068965517241379,0.49021315789473685,0.5594333333333333,0.527675,0.06666666666666667,0.12121212121212122,0.11290322580645161,0.16129032258064516,5.95483870967742,,0.125,0.5,0.2336182336182336,player_totals,wnba,2026,Regular Season,/get-totals/wnba,"{""Season"": ""2026"", ""SeasonType"": ""Regular Season"", ""Type"": ""Player""}",20260603T195605Z,2026-06-03T19:56:07+00:00,20a508a8a2ae8c8ccd3448077490c04f460f5c03c12f4e52e5948ed68a9ccd43,5.0,19.0,,2.0,8.0,27.0,,3.0,24.0,19.0,5.0,,,,1.0,0.2962962962962963,,0.2962962962962963,0.46551724137931033,,0.3275862068965517,0.2631578947368421,0.2631578947368421,1.0,0.25,,,0.2631578947368421,25.27037037037037,3.0,8.0,1.0,1.0,5.0,1.0,6.0,,1.0,3.0,,,0.16666666666666666,0.037037037037037035,0.125,0.13793103448275862,0.375,0.42857142857142855,1.0,0.09090909090909091,0.45454545454545453,0.2,,0.2631578947368421,1.0,,0.125,,2.0,,0.25,,,,,,,,,,,,,,,,,"[""single_row_table_data"", ""multi_row_table_data""]",{}
1627674,1611661317,Kahleah Copper,Kahleah Copper,1627674,PHX,4388.8,10,73.0,-61.0,653,661,170.0,134.0,79,1314,23.0,38.0,4.0,5.0,2.0,7.0,14.0,42.0,8.0,26.0,45.0,106.0,58.0,184.0,741,5.0,9.0,4.0,14.0,8.0,24.0,26.0,48.0,50.0,40.0,2.0,13.0,13.0,7.0,20.0,4.0,3.0,7.0,6.0,,47.0,1.0,1.0,12.0,11.0,,23.0,2.0,25.0,1.0,8.0,6.0,2.0,16.0,4.0,8.0,13.0,4.0,8.0,29.0,1.0,7.0,5.0,21.0,,1.0,2.0,59.0,4.0,5.0,72.0,5.0,21.0,10.0,1.0,,,1.0,1.0,170.0,46.0,168.0,,9.0,,7.0,7.0,,,104.13476263399693,112.10287443267775,0.5555555555555556,0.5681818181818182,0.42452830188679247,0.5555555555555556,0.3333333333333333,0.3727810650887574,0.3333333333333333,0.2682926829268293,0.45707070707070707,0.4117647058823529,0.41379310344827586,0.12264150943396226,0.07894736842105263,0.21428571428571427,30.551816958277257,0.5517241379310345,,0.07142857142857142,0.005714285714285714,0.09523809523809523,0.007407407407407408,0.08214285714285714,0.0064516129032258064,0.020833333333333332,,,0.009615384615384616,,0.08333333333333333,0.09333333333333334,,0.08823529411764706,0.125,0.010309278350515464,0.22485207100591717,0.6052631578947368,0.6571428571428571,0.5652173913043478,0.2485207100591716,0.3333333333333333,0.42424242424242425,0.5714285714285714,0.15384615384615385,0.3076923076923077,0.32,0.5,0.3333333333333333,0.8,0.75,0.17073170731707318,0.2857142857142857,0.5976331360946746,0.5119896449704142,0.5642888888888888,0.47679390243902436,0.1276595744680851,0.1721311475409836,0.07608695652173914,0.2608695652173913,7.965094339622641,0.26666666666666666,0.35714285714285715,0.35294117647058826,0.26033690658499237,player_totals,wnba,2026,Regular Season,/get-totals/wnba,"{""Season"": ""2026"", ""SeasonType"": ""Regular Season"", ""Type"": ""Player""}",20260603T195605Z,2026-06-03T19:56:07+00:00,84227fbd062e9354e851d24a9317f3f0f8bb9d0c7a8e704747230ad99fccdf02,8.0,47.0,,5.0,12.0,63.0,,6.0,33.0,47.0,8.0,,1.0,,0.9166666666666666,0.19047619047619047,,0.19047619047619047,0.3727810650887574,1.0,0.2781065088757396,0.1702127659574468,0.17391304347826086,0.875,0.3333333333333333,,,0.1702127659574468,24.744444444444447,4.0,16.0,3.0,2.0,14.0,2.0,17.0,3.0,1.0,1.0,3.0,,0.11764705882352941,0.015873015873015872,,0.09467455621301775,0.25,0.25,1.0,0.07317073170731707,0.34146341463414637,0.14285714285714285,0.045454545454545456,0.23529411764705882,1.0,,0.06666666666666667,,,,,,3.0,,0.038461538461538464,,0.02127659574468085,,,,,,,,,,,"[""single_row_table_data"", ""multi_row_table_data""]",{}
1629482,1611661325,Sophie Cunningham,Sophie Cunningham,1629482,IND,4370.299999999999,8,73.0,9.0,397,403,130.0,148.0,48,800,13.0,16.0,1.0,1.0,4.0,5.0,1.0,2.0,1.0,2.0,15.0,20.0,18.0,78.0,426,1.0,2.0,4.0,12.0,4.0,5.0,12.0,29.0,24.0,6.0,,2.0,10.0,4.0,14.0,3.0,1.0,8.0,2.0,,32.0,2.0,,10.0,7.0,3.0,20.0,2.0,22.0,,6.0,6.0,,1.0,3.0,1.0,5.0,,,6.0,1.0,3.0,6.0,18.0,,2.0,2.0,22.0,4.0,2.0,21.0,3.0,6.0,6.0,1.0,,,,1.0,66.0,29.0,129.0,4.0,6.0,,6.0,12.0,2.0,,109.57178841309823,105.70719602977667,0.8,0.8,0.75,0.5,0.8,0.5555555555555556,0.4,0.7083333333333334,0.6190476190476191,0.5,0.8055555555555556,0.1,,0.5,15.265486725663719,0.16666666666666666,0.23076923076923078,0.06796116504854369,,0.15384615384615385,0.023529411764705882,0.10119047619047619,0.011560693641618497,,,,0.016129032258064516,0.043478260869565216,0.024390243902439025,0.0625,0.21428571428571427,0.15555555555555556,0.15,,0.2962962962962963,0.8125,0.8125,0.8461538461538461,0.037037037037037035,0.5,1.0,,0.037037037037037035,0.5,1.0,1.0,0.1,1.0,1.0,0.4166666666666667,0.8,0.9259259259259259,0.5344074074074074,0.50636,0.519275,0.10526315789473684,0.2608695652173913,0.15384615384615385,0.3717948717948718,4.2700000000000005,0.3333333333333333,,,0.327455919395466,player_totals,wnba,2026,Regular Season,/get-totals/wnba,"{""Season"": ""2026"", ""SeasonType"": ""Regular Season"", ""Type"": ""Player""}",20260603T195605Z,2026-06-03T19:56:07+00:00,376b93632017da7d5c28a1ce00fd5899c9c7a3b6c8f00ea46b5a883540e623c1,8.0,24.0,2.0,6.0,10.0,34.0,2.0,8.0,30.0,24.0,8.0,1.0,,,1.0,0.29411764705882354,0.25,0.29411764705882354,0.6296296296296297,,0.4444444444444444,0.3333333333333333,0.36363636363636365,1.0,0.6,0.3333333333333333,1.0,0.3333333333333333,24.99705882352941,2.0,10.0,3.0,2.0,4.0,3.0,7.0,,3.0,,,,0.42857142857142855,0.08823529411764706,0.1,0.18518518518518517,0.2,0.2222222222222222,1.0,0.25,0.3333333333333333,0.5,,0.391304347826087,2.0,1.0,0.2,0.3333333333333333,,,,2.0,,,0.5,,0.08333333333333333,,,,,,,,,,,"[""single_row_table_data"", ""multi_row_table_data""]",{}
1627673,1611661313,Jonquel Jones,Jonquel Jones,1627673,NYL,4275.6,9,71.0,37.0,515,508,148.0,114.0,53,1023,17.0,31.0,6.0,12.0,2.0,7.0,3.0,15.0,4.0,8.0,24.0,54.0,33.0,114.0,529,6.0,12.0,9.0,21.0,3.0,9.0,18.0,36.0,30.0,18.0,10.0,7.0,13.0,11.0,24.0,8.0,3.0,9.0,3.0,1.0,59.0,6.0,11.0,26.0,30.0,3.0,59.0,17.0,76.0,3.0,7.0,5.0,2.0,9.0,1.0,5.0,10.0,,4.0,19.0,2.0,2.0,5.0,28.0,2.0,1.0,7.0,30.0,5.0,,37.0,4.0,11.0,9.0,7.0,2.0,1.0,7.0,9.0,93.0,36.0,146.0,2.0,9.0,,12.0,2.0,6.0,6.0,109.90291262135922,104.13385826771653,0.625,0.7894736842105263,0.4444444444444444,0.5,0.3333333333333333,0.4550561797752809,0.46153846153846156,0.45,0.5428571428571428,0.5833333333333334,0.6,0.12962962962962962,0.16129032258064516,0.13333333333333333,21.34251290877797,0.47368421052631576,0.2727272727272727,0.22900763358778625,0.10679611650485436,0.20634920634920634,0.05217391304347826,0.2178988326848249,0.0779816513761468,0.15384615384615385,0.08,0.07142857142857142,0.04819277108433735,0.0625,0.3076923076923077,0.2,0.18518518518518517,0.1797752808988764,0.2702702702702703,0.06521739130434782,0.34831460674157305,0.5483870967741935,0.6538461538461539,0.6470588235294118,0.16853932584269662,0.2,0.23076923076923078,0.6666666666666666,0.0898876404494382,0.5,0.5,0.5,0.9230769230769231,0.5,0.16666666666666666,0.35,0.2857142857142857,0.7415730337078652,0.5026808988764044,0.5934666666666666,0.5118175,0.11458333333333333,0.18032786885245902,0.18421052631578946,0.3157894736842105,5.987037037037037,0.2857142857142857,0.25,,0.287378640776699,player_totals,wnba,2026,Regular Season,/get-totals/wnba,"{""Season"": ""2026"", ""SeasonType"": ""Regular Season"", ""Type"": ""Player""}",20260603T195605Z,2026-06-03T19:56:07+00:00,531f0da720b625ee6359da545bdae63d1a4891d53a5911fa396daef52383baa4,7.0,29.0,,1.0,11.0,35.0,,1.0,33.0,29.0,7.0,,5.0,2.0,1.0,0.3142857142857143,,0.3142857142857143,0.39325842696629215,0.5555555555555556,0.3258426966292135,0.2413793103448276,0.25,1.0,0.07692307692307693,,,0.2413793103448276,24.774285714285714,4.0,6.0,3.0,2.0,8.0,4.0,11.0,,1.0,,,8.0,0.36363636363636365,0.02857142857142857,,0.06741573033707865,0.6666666666666666,0.6666666666666666,1.0,0.15,0.4,0.25,,0.20833333333333334,,2.0,,0.6666666666666666,,,,,,1.0,,2.0,0.034482758620689655,,,,,,,,,,,"[""single_row_table_data"", ""multi_row_table_data""]",{}
1643447,1611661329,Gabriela Jaquez,Gabriela Jaquez,1643447,CHI,4205.9,6,70.0,11.0,340,352,61.0,74.0,42,692,9.0,20.0,,1.0,1.0,4.0,6.0,15.0,2.0,2.0,17.0,37.0,23.0,69.0,335,1.0,3.0,1.0,3.0,1.0,5.0,4.0,6.0,18.0,16.0,2.0,3.0,7.0,,7.0,,,5.0,2.0,,14.0,3.0,1.0,8.0,18.0,1.0,27.0,5.0,32.0,,7.0,7.0,,4.0,,1.0,3.0,1.0,3.0,7.0,1.0,1.0,4.0,16.0,,1.0,2.0,19.0,1.0,1.0,26.0,1.0,10.0,2.0,,,,,,66.0,6.0,61.0,1.0,2.0,,5.0,6.0,-6.0,,101.76470588235294,95.17045454545455,0.5294117647058824,0.5625,0.4594594594594595,0.3333333333333333,0.2,0.46938775510204084,0.3333333333333333,0.2,0.5666666666666667,0.5,0.42857142857142855,0.08108108108108109,0.1,0.06666666666666667,17.4025974025974,0.5714285714285714,0.1111111111111111,0.15384615384615385,0.009900990099009901,0.12903225806451613,0.05,0.1452513966480447,0.024844720496894408,,0.023809523809523808,,0.06,,0.24324324324324326,0.05555555555555555,0.23076923076923078,0.1276595744680851,0.13333333333333333,,0.40816326530612246,0.45,0.5,0.6666666666666666,0.30612244897959184,0.4,0.42857142857142855,0.3333333333333333,0.04081632653061224,1.0,1.0,0.5,0.3333333333333333,,,0.8,0.25,0.6530612244897959,0.5194030612244898,0.4167,0.5562199999999999,0.1724137931034483,0.21739130434782608,0.043478260869565216,0.08695652173913043,5.081081081081081,0.18181818181818182,0.375,,0.17941176470588235,player_totals,wnba,2026,Regular Season,/get-totals/wnba,"{""Season"": ""2026"", ""SeasonType"": ""Regular Season"", ""Type"": ""Player""}",20260603T195605Z,2026-06-03T19:56:07+00:00,190f4bd1056978e75252150f5ef7e3efb24a42edb0037f1b0f1e9b8e0bec5b30,3.0,9.0,,,4.0,12.0,,,12.0,9.0,3.0,,,,1.0,0.3333333333333333,,0.3333333333333333,0.24489795918367346,,0.1836734693877551,0.3333333333333333,0.3333333333333333,1.0,,,,0.3333333333333333,24.266666666666666,1.0,3.0,,,,,,,,,,,,,,0.061224489795918366,0.3333333333333333,0.3333333333333333,1.0,,,,,0.125,,,,,1.0,,0.07692307692307693,,1.0,,,,,,,,,,,,,,,"[""single_row_table_data"", ""multi_row_table_data""]",{}
1643505,1611661317,Jovana Nogic,Jovana Nogic,1643505,PHX,4123.5,10,69.0,16.0,431,436,132.0,92.0,55,867,4.0,13.0,,,,2.0,3.0,13.0,2.0,5.0,9.0,31.0,29.0,128.0,477,1.0,2.0,2.0,7.0,1.0,7.0,12.0,41.0,4.0,14.0,2.0,4.0,12.0,3.0,15.0,1.0,2.0,9.0,2.0,1.0,33.0,2.0,3.0,2.0,2.0,,4.0,6.0,10.0,1.0,6.0,4.0,2.0,10.0,2.0,9.0,9.0,1.0,1.0,19.0,1.0,2.0,10.0,27.0,,1.0,1.0,23.0,,3.0,32.0,1.0,10.0,3.0,,,,,,121.0,40.0,130.0,1.0,2.0,,9.0,12.0,16.0,2.0,114.38515081206498,109.40366972477064,0.2222222222222222,0.25,0.2903225806451613,0.5,0.14285714285714285,0.5892857142857143,0.625,0.6041666666666666,0.6443298969072165,0.7,0.6666666666666666,0.12903225806451613,0.15384615384615385,0.15384615384615385,23.625254582484725,0.5263157894736842,,0.018518518518518517,0.02631578947368421,0.024390243902439025,0.024691358024691357,0.021052631578947368,0.02564102564102564,0.03125,0.03278688524590164,,0.029850746268656716,,,0.04081632653061224,,0.015151515151515152,0.0625,0.023809523809523808,0.15476190476190477,0.3076923076923077,0.36363636363636365,0.25,0.15476190476190477,0.23076923076923078,0.2727272727272727,,0.05952380952380952,0.4,0.4,0.5,,,,0.08333333333333333,,0.7857142857142857,0.5104891566265061,0.3839,0.47096086956521743,0.11702127659574468,0.25,0.0546875,0.3203125,6.638709677419355,0.3333333333333333,0.4,,0.3062645011600928,player_totals,wnba,2026,Regular Season,/get-totals/wnba,"{""Season"": ""2026"", ""SeasonType"": ""Regular Season"", ""Type"": ""Player""}",20260603T195605Z,2026-06-03T19:56:07+00:00,11f7722b00b6b92369bc1b84c3c64163af0d76325b1e3654e35a948859e4457c,24.0,49.0,1.0,2.0,27.0,53.0,1.0,2.0,60.0,49.0,24.0,,,,0.7407407407407407,0.5094339622641509,0.5,0.5094339622641509,0.6309523809523809,,0.5833333333333334,0.4897959183673469,0.5,0.7083333333333334,0.5,0.5,1.0,0.4897959183673469,26.149056603773587,3.0,4.0,1.0,8.0,16.0,9.0,17.0,21.0,1.0,4.0,1.0,,0.5294117647058824,0.018867924528301886,,0.047619047619047616,0.75,0.75,1.0,0.041666666666666664,0.6666666666666666,0.5,0.018518518518518517,0.36,,1.0,,1.0,1.0,1.0,0.08333333333333333,2.0,3.0,,,,0.02040816326530612,,,,,,,,,,,"[""single_row_table_data"", ""multi_row_table_data""]",{}
1631022,1611661322,Shakira Austin,Shakira Austin,1631022,WAS,4122.5,8,69.0,25.0,450,458,136.0,149.0,54,908,28.0,38.0,4.0,4.0,5.0,8.0,15.0,42.0,1.0,3.0,44.0,83.0,40.0,137.0,472,5.0,9.0,3.0,13.0,7.0,20.0,16.0,30.0,60.0,28.0,4.0,8.0,13.0,8.0,21.0,3.0,5.0,6.0,7.0,,50.0,3.0,3.0,20.0,37.0,5.0,62.0,7.0,69.0,,8.0,6.0,2.0,15.0,3.0,10.0,7.0,,5.0,22.0,3.0,6.0,4.0,18.0,,4.0,3.0,35.0,1.0,,52.0,9.0,24.0,6.0,9.0,,,1.0,9.0,124.0,30.0,135.0,6.0,6.0,,-9.0,8.0,-3.0,,110.44444444444444,103.05676855895196,0.6818181818181818,0.7142857142857143,0.5301204819277109,0.5555555555555556,0.35,0.5388888888888889,0.5555555555555556,0.30434782608695654,0.6126126126126126,0.5909090909090909,0.46774193548387094,0.0963855421686747,0.02631578947368421,0.16666666666666666,25.478927203065137,0.6818181818181818,0.45454545454545453,0.27611940298507465,0.02608695652173913,0.21505376344086022,0.04285714285714286,0.2511013215859031,0.032432432432432434,0.02564102564102564,0.030303030303030304,,0.03508771929824561,0.07692307692307693,0.17391304347826086,0.3387096774193548,0.3076923076923077,0.2463768115942029,0.125,,0.4222222222222222,0.7368421052631579,0.7567567567567568,0.7142857142857143,0.4666666666666667,0.35714285714285715,0.42857142857142855,0.6,0.03333333333333333,0.3333333333333333,0.3333333333333333,1.0,0.4444444444444444,1.0,0.5,0.34782608695652173,0.625,0.5,0.48834500000000003,0.46218333333333333,0.47349347826086957,0.22857142857142856,0.24489795918367346,0.0948905109489051,0.21897810218978103,4.750602409638554,0.1,0.3333333333333333,0.5,0.3022222222222222,player_totals,wnba,2026,Regular Season,/get-totals/wnba,"{""Season"": ""2026"", ""SeasonType"": ""Regular Season"", ""Type"": ""Player""}",20260603T195605Z,2026-06-03T19:56:07+00:00,4e7c32557fdff9aa01c24e6b67ba060da860ef8c547dad71be85d884662c2782,3.0,7.0,,,3.0,7.0,,,6.0,7.0,3.0,8.0,1.0,,0.6666666666666666,0.42857142857142855,,0.42857142857142855,0.07777777777777778,0.1111111111111111,0.07777777777777778,0.42857142857142855,0.42857142857142855,0.6666666666666666,,,,0.42857142857142855,24.414285714285715,,,,,3.0,,3.0,3.0,,1.0,,2.0,,,,,,,,,0.13043478260869565,,,0.5,,,,,1.0,,0.047619047619047616,,1.0,,,,,,,,,4.0,1.0,,,,,"[""single_row_table_data"", ""multi_row_table_data""]",{}
1642291,1611661330,Angel Reese,Angel Reese,1642291,ATL,4017.7000000000003,8,67.0,26.0,484,489,101.0,61.0,78,973,32.0,63.0,12.0,22.0,1.0,7.0,2.0,10.0,,2.0,34.0,75.0,33.0,104.0,486,12.0,23.0,15.0,39.0,2.0,10.0,10.0,14.0,38.0,30.0,16.0,13.0,12.0,16.0,28.0,12.0,4.0,11.0,1.0,,72.0,21.0,23.0,12.0,26.0,7.0,45.0,45.0,90.0,5.0,9.0,6.0,3.0,12.0,2.0,5.0,20.0,2.0,7.0,32.0,6.0,6.0,7.0,26.0,2.0,5.0,5.0,34.0,1.0,,45.0,3.0,20.0,4.0,6.0,1.0,1.0,5.0,7.0,65.0,13.0,99.0,3.0,2.0,2.0,6.0,9.0,-6.0,4.0,105.78512396694215,99.38650306748467,0.5588235294117647,0.7307692307692307,0.4533333333333333,0.5217391304347826,0.2,0.4176470588235294,0.5217391304347826,0.18181818181818182,0.49056603773584906,0.5909090909090909,0.4117647058823529,0.17333333333333334,0.14285714285714285,0.4,23.670668953687823,0.375,0.5833333333333334,0.21138211382113822,0.18699186991869918,0.12244897959183673,0.17647058823529413,0.17194570135746606,0.18181818181818182,0.24324324324324326,0.10526315789473684,0.09090909090909091,0.1836734693877551,0.14285714285714285,0.11627906976744186,0.34,0.13333333333333333,0.0958904109589041,0.2,0.13513513513513514,0.7411764705882353,0.5079365079365079,0.5925925925925926,0.5625,0.11764705882352941,0.2,0.3333333333333333,0.5,0.023529411764705882,,,,0.9565217391304348,0.5454545454545454,0.16666666666666666,0.6363636363636364,0.14285714285714285,0.8588235294117647,0.5795635294117647,0.59155,0.5500727272727273,0.19607843137254902,0.21739130434782608,0.375,0.1346153846153846,3.0573333333333337,0.5483870967741935,0.375,,0.20867768595041322,player_totals,wnba,2026,Regular Season,/get-totals/wnba,"{""Season"": ""2026"", ""SeasonType"": ""Regular Season"", ""Type"": ""Player""}",20260603T195605Z,2026-06-03T19:56:07+00:00,e1030d88aa6ee9ee81c049c6ab3d0a1b922a06f0da5bd6f9dad18c1bfc47b07c,,4.0,,,1.0,10.0,,,3.0,4.0,,1.0,2.0,7.0,1.0,0.1,,0.1,0.11764705882352941,0.2857142857142857,0.047058823529411764,,,,,,,,23.8,1.0,6.0,1.0,,,,1.0,,,8.0,,,,,,0.07058823529411765,0.16666666666666666,0.16666666666666666,1.0,0.09090909090909091,,,,0.1111111111111111,,,,,1.0,,0.05263157894736842,,,,,,,,,,,,,,,,,"[""single_row_table_data"", ""multi_row_table_data""]",{}
1631136,1611661313,Pauline Astier,Pauline Astier,1631136,NYL,3936.0,9,66.0,-8.0,457,455,125.0,103.0,42,912,22.0,29.0,2.0,2.0,6.0,6.0,8.0,15.0,3.0,6.0,33.0,50.0,18.0,108.0,488,4.0,6.0,,8.0,10.0,10.0,12.0,32.0,34.0,32.0,2.0,3.0,14.0,18.0,32.0,13.0,5.0,7.0,5.0,2.0,82.0,4.0,3.0,14.0,12.0,,26.0,7.0,33.0,,7.0,4.0,3.0,10.0,1.0,5.0,6.0,,5.0,16.0,1.0,7.0,10.0,31.0,,1.0,1.0,36.0,2.0,4.0,24.0,4.0,8.0,6.0,1.0,2.0,1.0,,3.0,100.0,30.0,124.0,2.0,5.0,,6.0,15.0,8.0,5.0,105.03282275711159,107.25274725274726,0.5151515151515151,0.53125,0.66,0.6666666666666666,1.0,0.6716417910447762,0.5714285714285714,0.7692307692307693,0.7012987012987013,0.5714285714285714,0.7619047619047619,0.06,0.06896551724137931,0.06666666666666667,18.379446640316207,0.625,,0.10619469026548672,0.03,0.1320754716981132,0.043478260869565216,0.1187214611872146,0.036458333333333336,,0.02040816326530612,0.14285714285714285,0.029411764705882353,0.08333333333333333,0.05405405405405406,0.09259259259259259,0.22727272727272727,0.11688311688311688,0.1724137931034483,,0.43283582089552236,0.7586206896551724,0.8148148148148148,0.45454545454545453,0.22388059701492538,0.5333333333333333,0.5714285714285714,0.5,0.08955223880597014,0.5,0.5,1.0,0.2857142857142857,1.0,,0.46153846153846156,1.0,0.6865671641791045,0.5073320895522389,0.40085,0.5094461538461539,0.11267605633802817,0.14814814814814814,0.07407407407407407,0.2962962962962963,5.818,0.14285714285714285,0.2857142857142857,,0.2735229759299781,player_totals,wnba,2026,Regular Season,/get-totals/wnba,"{""Season"": ""2026"", ""SeasonType"": ""Regular Season"", ""Type"": ""Player""}",20260603T195605Z,2026-06-03T19:56:07+00:00,1cc7052f1ce4f202f0c9e018806d9a2113039a446ad62d05e40bce012f2716e4,5.0,13.0,,1.0,8.0,17.0,,1.0,24.0,13.0,5.0,1.0,2.0,,1.0,0.47058823529411764,,0.47058823529411764,0.2537313432835821,0.6666666666666666,0.19402985074626866,0.38461538461538464,0.4166666666666667,1.0,0.14285714285714285,,,0.38461538461538464,24.023529411764706,3.0,4.0,,,3.0,,3.0,,1.0,3.0,,1.0,,0.058823529411764705,,0.05970149253731343,0.75,0.75,1.0,,0.23076923076923078,,,0.25,,,,,,,,,,1.0,,,0.07692307692307693,,,,,5.0,,,,,,"[""single_row_table_data"", ""multi_row_table_data""]",{}
1643436,1611661327,Serah Williams,Serah Williams,1643436,PDX,3928.6000000000004,9,65.0,-4.0,199,208,62.0,82.0,20,407,6.0,12.0,,2.0,2.0,2.0,3.0,9.0,,2.0,9.0,23.0,9.0,30.0,211,1.0,4.0,2.0,4.0,4.0,4.0,4.0,15.0,14.0,4.0,,2.0,2.0,2.0,4.0,2.0,,2.0,,,10.0,,5.0,5.0,11.0,2.0,18.0,7.0,25.0,2.0,5.0,4.0,1.0,1.0,,,2.0,,1.0,3.0,,,6.0,15.0,,2.0,1.0,17.0,2.0,,19.0,1.0,7.0,3.0,4.0,,,2.0,4.0,26.0,15.0,62.0,1.0,3.0,,5.0,2.0,-10.0,4.0,104.02010050251256,101.4423076923077,0.7777777777777778,0.7777777777777778,0.391304347826087,0.25,1.0,0.42,0.25,1.1,0.4411764705882353,0.3333333333333333,0.8333333333333334,0.08695652173913043,0.08333333333333333,0.1111111111111111,16.742081447963802,0.3333333333333333,0.5,0.3142857142857143,0.11627906976744186,0.08928571428571429,,0.17582417582417584,0.07042253521126761,,0.23809523809523808,,,,0.2727272727272727,0.375,0.25,0.06818181818181818,0.16666666666666666,0.15384615384615385,0.48,0.5,0.5454545454545454,0.6666666666666666,0.36,0.3333333333333333,0.375,1.0,0.08,,,,0.5,,,0.4,1.0,0.56,0.505846,0.44885,0.5857300000000001,0.22580645161290322,0.2413793103448276,0.13333333333333333,0.5,4.665217391304347,,0.4,,0.31155778894472363,player_totals,wnba,2026,Regular Season,/get-totals/wnba,"{""Season"": ""2026"", ""SeasonType"": ""Regular Season"", ""Type"": ""Player""}",20260603T195605Z,2026-06-03T19:56:07+00:00,de7df9cfbeb84c4e615d3979a8bb3e194a7089f5b2571de36aa1447bcd6749ef,,1.0,,,1.0,2.0,,,3.0,1.0,,2.0,4.0,2.0,1.0,0.5,,0.5,0.08,1.0,0.04,,,,,,,,24.0,1.0,1.0,1.0,,,1.0,1.0,,,1.0,,4.0,1.0,,,0.04,1.0,1.0,1.0,0.2,,,,,,1.0,,1.0,2.0,,0.2,,,,,,,,,,,,,,,,,"[""single_row_table_data"", ""multi_row_table_data""]",{}
1628886,1611661330,Jordin Canada,Jordin Canada,1628886,ATL,3870.0,8,64.0,34.0,477,476,104.0,68.0,70,953,18.0,25.0,,2.0,7.0,10.0,7.0,16.0,1.0,1.0,26.0,42.0,19.0,92.0,498,1.0,3.0,1.0,6.0,8.0,15.0,6.0,28.0,10.0,42.0,,3.0,29.0,26.0,55.0,23.0,3.0,27.0,2.0,,136.0,2.0,3.0,12.0,14.0,1.0,27.0,5.0,32.0,1.0,19.0,7.0,12.0,12.0,8.0,10.0,8.0,,2.0,20.0,1.0,3.0,12.0,18.0,,,,28.0,,6.0,23.0,3.0,13.0,,1.0,,,,1.0,86.0,28.0,102.0,,,,11.0,-3.0,9.0,,111.53039832285117,104.6218487394958,0.19230769230769232,0.19230769230769232,0.6190476190476191,0.3333333333333333,0.5333333333333333,0.5615384615384615,0.35714285714285715,0.5238095238095238,0.6133333333333333,0.375,0.5833333333333334,0.07142857142857142,0.04,0.125,16.843971631205676,0.6,0.07142857142857142,0.11965811965811966,0.02631578947368421,0.13636363636363635,0.018018018018018018,0.12682926829268293,0.022222222222222223,,0.06060606060606061,0.08333333333333333,0.011363636363636364,0.043478260869565216,0.044444444444444446,0.2127659574468085,0.08,0.13432835820895522,0.14285714285714285,0.03571428571428571,0.38461538461538464,0.72,0.75,0.1111111111111111,0.24615384615384617,0.4375,0.5,0.42857142857142855,0.015384615384615385,1.0,1.0,,0.2857142857142857,,,0.47619047619047616,0.7,0.7384615384615385,0.5318936507936508,0.5647916666666667,0.5685078947368422,0.17333333333333334,0.25,0.06521739130434782,0.30434782608695654,4.145238095238095,0.2857142857142857,0.5555555555555556,,0.2180293501048218,player_totals,wnba,2026,Regular Season,/get-totals/wnba,"{""Season"": ""2026"", ""SeasonType"": ""Regular Season"", ""Type"": ""Player""}",20260603T195605Z,2026-06-03T19:56:07+00:00,c21088b55618fe5cb5f8e39d813730c48f84e10a661d7e99d807ee3879557086,6.0,18.0,1.0,3.0,7.0,23.0,1.0,4.0,21.0,18.0,6.0,1.0,1.0,2.0,1.0,0.30434782608695654,0.25,0.30434782608695654,0.35384615384615387,1.0,0.27692307692307694,0.3333333333333333,0.3333333333333333,1.0,0.42857142857142855,0.3333333333333333,1.0,0.3333333333333333,26.652173913043477,1.0,5.0,2.0,1.0,4.0,2.0,6.0,,1.0,,,,0.3333333333333333,0.043478260869565216,0.2,0.07692307692307693,0.2,0.25,1.0,0.09523809523809523,0.19047619047619047,0.25,,0.4375,1.0,1.0,0.14285714285714285,0.5,,,,1.0,,,,,,,,,,,,,,,,"[""single_row_table_data"", ""multi_row_table_data""]",{}
203828,1611661328,Stefanie Dolson,Stefanie Dolson,203828,SEA,3661.8,10,61.0,-10.0,470,477,147.0,124.0,50,947,8.0,11.0,2.0,2.0,1.0,1.0,5.0,9.0,1.0,3.0,14.0,23.0,18.0,67.0,500,3.0,4.0,3.0,9.0,2.0,2.0,12.0,22.0,22.0,6.0,4.0,1.0,12.0,4.0,16.0,3.0,1.0,4.0,6.0,2.0,36.0,2.0,4.0,4.0,23.0,3.0,30.0,6.0,36.0,,5.0,4.0,1.0,3.0,1.0,3.0,9.0,,,12.0,,1.0,17.0,34.0,,3.0,7.0,28.0,4.0,1.0,20.0,,5.0,5.0,11.0,1.0,1.0,8.0,12.0,58.0,22.0,145.0,1.0,4.0,1.0,10.0,3.0,2.0,6.0,104.25531914893617,104.8218029350105,0.7857142857142857,0.9166666666666666,0.6086956521739131,0.75,1.0,0.5833333333333334,0.6,0.625,0.6442307692307693,0.6428571428571429,0.7857142857142857,0.043478260869565216,,0.1111111111111111,12.144212523719165,0.25,0.25,0.17164179104477612,0.03225806451612903,0.0392156862745098,0.022727272727272728,0.11440677966101695,0.02830188679245283,0.05128205128205128,0.03636363636363636,,0.014705882352941176,0.05,0.25,0.16393442622950818,0.06896551724137931,0.04819277108433735,,,0.2619047619047619,0.7272727272727273,0.7272727272727273,0.75,0.21428571428571427,0.5555555555555556,0.625,1.0,0.07142857142857142,0.3333333333333333,0.3333333333333333,,0.4,1.0,,0.125,1.0,0.7142857142857143,0.5049571428571429,0.478725,0.49775,0.10638297872340426,0.17857142857142858,0.13432835820895522,0.3283582089552239,5.92608695652174,,0.5,0.5,0.3127659574468085,player_totals,wnba,2026,Regular Season,/get-totals/wnba,"{""Season"": ""2026"", ""SeasonType"": ""Regular Season"", ""Type"": ""Player""}",20260603T195605Z,2026-06-03T19:56:07+00:00,330d07b28d6df93320e2d7add99b59818edea773da1c2e56908a2ca6648f889d,7.0,18.0,,1.0,7.0,19.0,,1.0,21.0,18.0,7.0,3.0,5.0,,1.0,0.3684210526315789,,0.3684210526315789,0.4523809523809524,0.4166666666666667,0.42857142857142855,0.3888888888888889,0.3888888888888889,1.0,0.2,,,0.3888888888888889,25.178947368421053,,1.0,,2.0,6.0,2.0,6.0,,,,,2.0,0.3333333333333333,,,0.023809523809523808,,,,,0.75,0.3333333333333333,,,,,,,,,,,,,,,,,,,,,,,,,,"[""single_row_table_data"", ""multi_row_table_data""]",{}
1643455,1611661322,Angela Dugalic,Angela Dugalic,1643455,WAS,3636.6,8,61.0,-35.0,189,196,64.0,78.0,23,385,9.0,12.0,3.0,3.0,3.0,3.0,5.0,9.0,,1.0,14.0,22.0,4.0,38.0,222,3.0,6.0,2.0,8.0,3.0,4.0,2.0,8.0,20.0,8.0,6.0,1.0,5.0,1.0,6.0,1.0,,2.0,3.0,,13.0,2.0,4.0,12.0,8.0,1.0,21.0,7.0,28.0,1.0,6.0,6.0,,2.0,,2.0,2.0,,,4.0,,1.0,5.0,12.0,,1.0,1.0,9.0,,2.0,7.0,1.0,2.0,2.0,2.0,1.0,1.0,1.0,3.0,30.0,8.0,64.0,5.0,2.0,,,7.0,,,98.94179894179895,113.26530612244898,0.7142857142857143,0.9090909090909091,0.6363636363636364,0.5,0.75,0.5151515151515151,0.42857142857142855,0.375,0.5277777777777778,0.5,0.4,0.045454545454545456,0.08333333333333333,,18.018018018018015,0.5,0.14285714285714285,0.17777777777777778,0.08,0.3076923076923077,0.045454545454545456,0.23809523809523808,0.06382978723404255,,0.07407407407407407,0.4,,0.25,0.16666666666666666,0.21739130434782608,0.1,0.2903225806451613,0.375,0.0625,0.36363636363636365,0.75,0.8181818181818182,0.5555555555555556,0.2727272727272727,0.5555555555555556,0.5555555555555556,1.0,0.030303030303030304,,,,0.42857142857142855,1.0,,0.375,1.0,0.696969696969697,0.5028984848484849,0.465525,0.52019375,0.058823529411764705,0.08695652173913043,0.21052631578947367,0.21052631578947367,4.8136363636363635,0.3333333333333333,0.25,,0.3386243386243386,player_totals,wnba,2026,Regular Season,/get-totals/wnba,"{""Season"": ""2026"", ""SeasonType"": ""Regular Season"", ""Type"": ""Player""}",20260603T195605Z,2026-06-03T19:56:07+00:00,bfd8bdefce7c471c515fa1a3faa50d0df2abfaf335a92363f0e4ddd41632f935,2.0,8.0,,,2.0,11.0,,1.0,6.0,8.0,2.0,1.0,,,1.0,0.18181818181818182,,0.18181818181818182,0.3333333333333333,,0.24242424242424243,0.25,0.25,1.0,,,,0.25,24.527272727272727,,3.0,,,4.0,,4.0,,,,,,,,,0.09090909090909091,,,,,0.5,,,0.5555555555555556,1.0,,0.14285714285714285,,1.0,,0.09090909090909091,,,,,,,,,,,,,,,,,"[""single_row_table_data"", ""multi_row_table_data""]",{}
1630442,1611661317,Natasha Mack,Natasha Mack,1630442,PHX,3573.8999999999996,10,60.0,2.0,481,481,116.0,84.0,59,962,21.0,26.0,9.0,12.0,4.0,7.0,16.0,25.0,1.0,4.0,38.0,55.0,13.0,92.0,508,10.0,17.0,2.0,22.0,5.0,13.0,3.0,13.0,54.0,22.0,16.0,4.0,10.0,3.0,13.0,2.0,1.0,4.0,5.0,1.0,29.0,10.0,20.0,19.0,34.0,1.0,54.0,31.0,85.0,3.0,10.0,7.0,3.0,3.0,2.0,3.0,6.0,1.0,,9.0,,4.0,17.0,26.0,,,3.0,15.0,,1.0,16.0,2.0,8.0,1.0,14.0,,,7.0,14.0,70.0,13.0,116.0,2.0,,1.0,8.0,9.0,7.0,1.0,106.02910602910603,105.61330561330563,0.7105263157894737,0.9,0.6909090909090909,0.5882352941176471,0.38461538461538464,0.6929824561403509,0.5882352941176471,0.38461538461538464,0.71875,0.6111111111111112,0.43333333333333335,0.07272727272727272,0.07692307692307693,0.08,13.296903460837887,0.3333333333333333,0.125,0.2809917355371901,0.14814814814814814,0.2,0.10309278350515463,0.24537037037037038,0.12931034482758622,0.14705882352941177,0.1267605633802817,0.2,0.11688311688311688,0.05,0.2631578947368421,0.24561403508771928,0.38461538461538464,0.2328767123287671,0.09090909090909091,0.21428571428571427,0.45614035087719296,0.8076923076923077,0.875,0.5714285714285714,0.43859649122807015,0.64,0.6956521739130435,0.875,0.07017543859649122,0.25,0.25,1.0,0.7058823529411765,0.75,0.1111111111111111,0.5384615384615384,0.5714285714285714,0.49122807017543857,0.49222017543859653,0.5228384615384616,0.49304615384615386,0.12698412698412698,0.13114754098360656,0.2391304347826087,0.14130434782608695,5.367272727272727,0.4,0.4444444444444444,,0.24116424116424118,player_totals,wnba,2026,Regular Season,/get-totals/wnba,"{""Season"": ""2026"", ""SeasonType"": ""Regular Season"", ""Type"": ""Player""}",20260603T195605Z,2026-06-03T19:56:07+00:00,ba502a87b8c4b908292d99f88aa797a2988dee4028bec32c6de1959aad17f1b6,,,,,1.0,2.0,,,3.0,,,7.0,7.0,,1.0,0.5,,0.5,0.03508771929824561,0.5,,,,,,,,,23.5,1.0,2.0,,,,,,,,,,1.0,,,,0.03508771929824561,0.5,0.5,1.0,,,,,1.0,,,,,1.0,,0.07692307692307693,,,,,,,,,,,,,,,,,"[""single_row_table_data"", ""multi_row_table_data""]",{}
1643494,1611661327,Frieda Buhner,Frieda Buhner,1643494,PDX,3482.1000000000004,8,58.0,-15.0,192,191,49.0,54.0,21,383,6.0,6.0,1.0,1.0,1.0,1.0,3.0,5.0,,,9.0,11.0,10.0,37.0,228,1.0,1.0,,2.0,3.0,3.0,4.0,13.0,14.0,4.0,2.0,2.0,1.0,1.0,2.0,,1.0,1.0,,,5.0,3.0,1.0,3.0,2.0,,5.0,4.0,9.0,,1.0,,1.0,4.0,1.0,2.0,2.0,,2.0,6.0,2.0,3.0,5.0,10.0,,1.0,,7.0,1.0,,10.0,,4.0,1.0,,,,,,35.0,13.0,49.0,1.0,1.0,,1.0,3.0,,,110.9375,119.3717277486911,0.7777777777777778,0.875,0.8181818181818182,1.0,1.0,0.6136363636363636,1.0,0.6428571428571429,0.6851851851851852,1.0,0.7222222222222222,0.18181818181818182,,0.4,15.207373271889402,0.6666666666666666,,0.05263157894736842,0.024390243902439025,0.06666666666666667,0.0967741935483871,0.060240963855421686,0.05555555555555555,,,0.3333333333333333,0.12,,0.07142857142857142,0.07142857142857142,,0.09090909090909091,,,0.2727272727272727,1.0,1.0,0.8333333333333334,0.22727272727272727,0.6,1.0,0.6666666666666666,,,,,1.0,1.0,,0.14285714285714285,1.0,0.7727272727272727,0.5250931818181818,,0.5056071428571428,0.15384615384615385,0.26666666666666666,0.05405405405405406,0.35135135135135137,3.909090909090909,,0.5,,0.2552083333333333,player_totals,wnba,2026,Regular Season,/get-totals/wnba,"{""Season"": ""2026"", ""SeasonType"": ""Regular Season"", ""Type"": ""Player""}",20260603T195605Z,2026-06-03T19:56:07+00:00,8f35e1950ece512970b57fd882d14234bf32ff10fdaee3e9ec96c3100a90b7ab,1.0,6.0,,,3.0,11.0,,,9.0,6.0,1.0,,,,1.0,0.2727272727272727,,0.2727272727272727,0.5,,0.2727272727272727,0.16666666666666666,0.2,1.0,,,,0.16666666666666666,24.863636363636363,2.0,5.0,2.0,1.0,2.0,1.0,4.0,,1.0,,,,0.25,0.09090909090909091,,0.22727272727272727,0.4,0.4,1.0,0.2857142857142857,0.2857142857142857,0.5,,0.5714285714285714,,,,,,,,,,,,,0.16666666666666666,,,,,,,,,,,"[""single_row_table_data"", ""multi_row_table_data""]",{}
1642288,1611661329,Rickea Jackson,Rickea Jackson,1642288,CHI,3478.8,4,58.0,-15.0,233,237,42.0,68.0,30,470,5.0,9.0,1.0,1.0,,,8.0,21.0,5.0,9.0,18.0,39.0,18.0,72.0,248,2.0,3.0,4.0,8.0,1.0,5.0,9.0,14.0,20.0,16.0,,3.0,6.0,2.0,8.0,1.0,1.0,5.0,1.0,,18.0,,3.0,6.0,7.0,2.0,15.0,4.0,19.0,3.0,1.0,,1.0,5.0,1.0,5.0,3.0,1.0,,8.0,1.0,1.0,3.0,7.0,,1.0,1.0,14.0,,,22.0,1.0,9.0,2.0,6.0,1.0,1.0,2.0,7.0,64.0,14.0,42.0,2.0,2.0,,5.0,,4.0,,100.0,104.64135021097046,0.5555555555555556,0.5555555555555556,0.46153846153846156,0.6666666666666666,0.2,0.45,0.5,0.35714285714285715,0.5071428571428571,0.5714285714285714,0.5833333333333334,0.07692307692307693,0.1111111111111111,0.09523809523809523,29.104477611940297,0.625,0.5,0.08860759493670886,0.038461538461538464,0.12244897959183673,,0.1015625,0.025210084033613446,0.037037037037037035,0.05263157894736842,,,,0.09090909090909091,0.06521739130434782,0.18181818181818182,0.15789473684210525,,0.0967741935483871,0.15,0.5555555555555556,0.625,0.6,0.35,0.38095238095238093,0.42105263157894735,0.5,0.15,0.5555555555555556,0.5555555555555556,0.6,0.25,1.0,,,,0.5,0.4732366666666667,0.54875,0.4016571428571428,0.1323529411764706,0.19148936170212766,0.1111111111111111,0.19444444444444445,8.664102564102564,0.75,0.38461538461538464,,0.18025751072961374,player_totals,wnba,2026,Regular Season,/get-totals/wnba,"{""Season"": ""2026"", ""SeasonType"": ""Regular Season"", ""Type"": ""Player""}",20260603T195605Z,2026-06-03T19:56:07+00:00,8b5a023f7f610459a451948581da01a4c1e7c5b38ccf5c450f07570e2b5c0cb5,1.0,14.0,,1.0,6.0,21.0,,1.0,15.0,14.0,1.0,4.0,3.0,,0.8333333333333334,0.2857142857142857,,0.2857142857142857,0.35,0.42857142857142855,0.23333333333333334,0.07142857142857142,0.08333333333333333,,0.25,,,0.07142857142857142,24.26666666666667,5.0,7.0,1.0,,1.0,1.0,2.0,3.0,2.0,,,,0.5,0.09523809523809523,,0.11666666666666667,0.7142857142857143,0.7142857142857143,1.0,0.14285714285714285,0.14285714285714285,,,0.07142857142857142,,1.0,,1.0,1.0,,0.1111111111111111,,1.0,,,,0.14285714285714285,,,,,,,,,,,"[""single_row_table_data"", ""multi_row_table_data""]",{}
1628922,1611661329,Azura Stevens,Azura Stevens,1628922,CHI,3430.3999999999996,4,57.0,-28.0,137,137,17.0,27.0,13,274,7.0,13.0,,1.0,1.0,2.0,1.0,5.0,1.0,1.0,9.0,19.0,3.0,27.0,163,,1.0,,,1.0,2.0,,2.0,16.0,2.0,,4.0,7.0,2.0,9.0,1.0,1.0,4.0,3.0,,20.0,,1.0,,6.0,2.0,8.0,1.0,9.0,1.0,3.0,2.0,1.0,5.0,,3.0,1.0,,2.0,6.0,,1.0,5.0,7.0,,1.0,,3.0,,,3.0,1.0,2.0,,3.0,,,,3.0,27.0,2.0,17.0,1.0,,,,3.0,,,98.54014598540145,118.97810218978101,0.8888888888888888,0.8888888888888888,0.47368421052631576,,0.5,0.375,,0.25,0.4090909090909091,,0.25,0.21052631578947367,0.23076923076923078,0.2,25.49019607843137,0.8333333333333334,0.4,0.16666666666666666,0.029411764705882353,,,0.1111111111111111,0.014705882352941176,0.0625,,,,,0.16666666666666666,0.2727272727272727,0.07692307692307693,,,0.058823529411764705,0.40625,0.5384615384615384,0.7,0.8571428571428571,0.15625,0.2,0.25,1.0,0.03125,1.0,1.0,1.0,0.3333333333333333,,,0.5,0.5,0.8125,0.572003125,0.6779,0.6492875,0.06060606060606061,0.1,,0.07407407407407407,3.7578947368421054,0.16666666666666666,0.25,,0.12408759124087591,player_totals,wnba,2026,Regular Season,/get-totals/wnba,"{""Season"": ""2026"", ""SeasonType"": ""Regular Season"", ""Type"": ""Player""}",20260603T195605Z,2026-06-03T19:56:07+00:00,199f7043579086f3efa18415404af286b9e2285eb03d8196588e0f07e7ce54bd,1.0,6.0,,,2.0,13.0,,2.0,6.0,6.0,1.0,3.0,2.0,,1.0,0.15384615384615385,,0.15384615384615385,0.40625,0.6666666666666666,0.1875,0.16666666666666666,0.16666666666666666,1.0,,,,0.16666666666666666,23.53846153846154,1.0,7.0,,,2.0,,2.0,,,1.0,,,,,,0.21875,0.14285714285714285,0.14285714285714285,1.0,,0.5,,,,2.0,,0.6666666666666666,,,,,,,,,,,,,,,,,,,,,"[""single_row_table_data"", ""multi_row_table_data""]",{}
1641650,1611661327,Haley Jones,Haley Jones,1641650,PDX,3396.0,5,57.0,-10.0,118,115,32.0,53.0,7,233,5.0,6.0,1.0,1.0,3.0,4.0,5.0,8.0,,,10.0,14.0,6.0,26.0,139,1.0,1.0,,2.0,5.0,8.0,4.0,14.0,12.0,8.0,2.0,,3.0,2.0,5.0,1.0,1.0,1.0,2.0,,12.0,2.0,,5.0,3.0,1.0,9.0,2.0,11.0,,2.0,2.0,,2.0,2.0,2.0,4.0,,,6.0,2.0,,5.0,9.0,,,,7.0,1.0,1.0,8.0,,3.0,1.0,,,,,,24.0,14.0,32.0,1.0,1.0,,,,,,109.3220338983051,120.86956521739131,0.6,0.6666666666666666,0.7142857142857143,1.0,0.625,0.5882352941176471,1.0,0.5555555555555556,0.6190476190476191,1.0,0.5833333333333334,,,,21.6,0.3333333333333333,0.2,0.13043478260869565,,0.18518518518518517,0.10526315789473684,0.16,0.046511627906976744,,,,0.0625,0.3333333333333333,0.14285714285714285,,0.3333333333333333,0.21739130434782608,,,0.35294117647058826,0.8333333333333334,0.8333333333333334,0.6,0.47058823529411764,0.625,0.625,0.6,,,,,1.0,1.0,,0.4444444444444444,0.75,0.5294117647058824,0.47754117647058825,,0.4885333333333333,0.15,0.17647058823529413,0.07692307692307693,0.5384615384615384,4.6000000000000005,,,,0.2711864406779661,player_totals,wnba,2026,Regular Season,/get-totals/wnba,"{""Season"": ""2026"", ""SeasonType"": ""Regular Season"", ""Type"": ""Player""}",20260603T195605Z,2026-06-03T19:56:07+00:00,9a069b5d2e472d11a46f8aa1379263a55077eaf09974da94a0faefad0d485765,,2.0,,,,3.0,,,,2.0,,,,,,,,,0.17647058823529413,,0.11764705882352941,,,,,,,,24.566666666666666,,1.0,1.0,,,,1.0,,,1.0,,,,,,0.058823529411764705,,,,0.1111111111111111,,,,,,,,,,,,,,,,1.0,,,,,,,,,,,,"[""single_row_table_data"", ""multi_row_table_data""]",{}
1643430,1611661322,Cotie McMahon,Cotie McMahon,1643430,WAS,3257.1,6,54.0,-33.0,200,204,46.0,45.0,18,404,3.0,11.0,,2.0,,2.0,5.0,8.0,,,8.0,19.0,7.0,35.0,220,,2.0,2.0,2.0,,4.0,3.0,3.0,6.0,10.0,,3.0,9.0,1.0,10.0,,1.0,6.0,3.0,,21.0,,3.0,4.0,3.0,,7.0,3.0,10.0,3.0,4.0,2.0,2.0,2.0,2.0,2.0,5.0,,,7.0,,1.0,2.0,16.0,1.0,2.0,1.0,14.0,1.0,4.0,12.0,2.0,6.0,1.0,2.0,,,2.0,2.0,33.0,3.0,45.0,1.0,1.0,,-1.0,13.0,-5.0,,93.5,107.84313725490196,0.375,0.375,0.42105263157894735,,,0.5,,,0.5303030303030303,0.3333333333333333,0.21428571428571427,0.15789473684210525,0.2727272727272727,,17.69911504424779,0.2857142857142857,,0.05084745762711865,0.05555555555555555,0.10256410256410256,,0.07142857142857142,0.03614457831325301,0.047619047619047616,0.07692307692307693,,,,0.1,,0.09090909090909091,0.09375,0.14285714285714285,0.23076923076923078,0.39285714285714285,0.2727272727272727,0.375,0.3333333333333333,0.2857142857142857,0.625,0.625,0.4,,,,,1.0,,,0.4,,0.7142857142857143,0.5419785714285714,0.56365,0.54025,0.1875,0.2608695652173913,0.05714285714285714,0.08571428571428572,3.615789473684211,0.5,0.6666666666666666,,0.23,player_totals,wnba,2026,Regular Season,/get-totals/wnba,"{""Season"": ""2026"", ""SeasonType"": ""Regular Season"", ""Type"": ""Player""}",20260603T195605Z,2026-06-03T19:56:07+00:00,0fdb47c2cad0d3a8d03e0571de3d2895cf9897b2bc319810703fa8c5aec06c2c,3.0,8.0,,,4.0,9.0,,,12.0,8.0,3.0,,1.0,,1.0,0.4444444444444444,,0.4444444444444444,0.32142857142857145,0.5,0.2857142857142857,0.375,0.375,1.0,,,,0.375,25.1,1.0,1.0,,,1.0,,1.0,,,1.0,,4.0,,,,0.03571428571428571,1.0,1.0,1.0,,0.2,,,0.2,,,,,,,,,,,,,,,,,,5.0,,,,,,"[""single_row_table_data"", ""multi_row_table_data""]",{}
1643506,1611661327,Teja Oblak,Teja Oblak,1643506,PDX,3249.8999999999996,5,54.0,3.0,135,135,42.0,40.0,26,270,1.0,6.0,1.0,2.0,,1.0,5.0,10.0,2.0,2.0,8.0,18.0,1.0,32.0,140,1.0,2.0,,2.0,2.0,3.0,,13.0,,16.0,,3.0,12.0,5.0,17.0,2.0,3.0,11.0,,1.0,39.0,3.0,,1.0,2.0,,3.0,3.0,6.0,,3.0,3.0,,10.0,2.0,7.0,4.0,1.0,3.0,14.0,4.0,6.0,2.0,8.0,,1.0,,3.0,,,3.0,,1.0,,,,,,,30.0,13.0,42.0,1.0,,,,,,,105.92592592592592,103.7037037037037,,,0.4444444444444444,0.5,0.6666666666666666,0.6458333333333334,0.3333333333333333,1.0833333333333333,0.64,0.3333333333333333,1.0833333333333333,0.16666666666666666,0.3333333333333333,0.1,23.353293413173652,0.7142857142857143,,0.08,,0.027777777777777776,0.10714285714285714,0.04918032786885246,0.043478260869565216,,,,0.09090909090909091,0.16666666666666666,0.125,0.1,,0.03333333333333333,,,0.25,0.16666666666666666,0.25,,0.4166666666666667,0.5,0.5555555555555556,,0.08333333333333333,1.0,1.0,,0.6666666666666666,0.5,,0.16666666666666666,,0.5,0.4799541666666667,0.49500000000000005,0.546725,0.04,0.05263157894736842,0.0625,0.40625,6.433333333333334,0.6,0.6,,0.3111111111111111,player_totals,wnba,2026,Regular Season,/get-totals/wnba,"{""Season"": ""2026"", ""SeasonType"": ""Regular Season"", ""Type"": ""Player""}",20260603T195605Z,2026-06-03T19:56:07+00:00,b47caa2afe7a5550526ec9b0cc2495cc6525418af800d53bb827c497bba251f2,2.0,3.0,,1.0,5.0,6.0,,1.0,15.0,3.0,2.0,,,,1.0,0.8333333333333334,,0.8333333333333334,0.25,,0.125,0.6666666666666666,0.6666666666666666,1.0,0.3333333333333333,,,0.6666666666666666,23.916666666666668,3.0,3.0,2.0,1.0,1.0,3.0,3.0,,,1.0,,,1.0,,,0.125,1.0,1.0,1.0,0.3333333333333333,0.16666666666666666,1.0,,1.0,,2.0,,1.0,,,,,1.0,,,,,,,,,,,,,,,"[""single_row_table_data"", ""multi_row_table_data""]",{}
201886,1611661317,DeWanna Bonner,DeWanna Bonner,201886,PHX,3246.4,10,54.0,-21.0,503,508,135.0,103.0,66,1011,18.0,25.0,4.0,6.0,3.0,5.0,3.0,13.0,,3.0,21.0,41.0,16.0,76.0,544,4.0,10.0,,8.0,4.0,8.0,4.0,12.0,32.0,10.0,6.0,2.0,7.0,3.0,10.0,2.0,1.0,1.0,5.0,1.0,23.0,3.0,4.0,18.0,23.0,1.0,42.0,8.0,50.0,,8.0,5.0,3.0,5.0,1.0,5.0,4.0,,,9.0,2.0,2.0,10.0,18.0,,,2.0,26.0,4.0,3.0,16.0,1.0,6.0,3.0,3.0,3.0,3.0,2.0,6.0,68.0,12.0,133.0,2.0,1.0,,12.0,,-2.0,1.0,103.97614314115307,107.08661417322834,0.7619047619047619,0.8888888888888888,0.5121951219512195,0.4,0.5,0.38961038961038963,0.3333333333333333,0.2222222222222222,0.4470588235294118,0.3333333333333333,0.3,0.04878048780487805,,0.15384615384615385,16.089965397923876,0.5555555555555556,0.1,0.18110236220472442,0.029197080291970802,0.17647058823529413,0.0297029702970297,0.17903930131004367,0.029411764705882353,0.05405405405405406,,0.08695652173913043,,0.1,0.19047619047619047,0.16666666666666666,0.2,0.1686746987951807,0.21052631578947367,,0.3246753246753247,0.72,0.72,0.7222222222222222,0.16883116883116883,0.23076923076923078,0.2727272727272727,1.0,0.03896103896103896,,,,0.5,0.6666666666666666,0.25,0.2777777777777778,0.6,0.7922077922077922,0.5395376623376624,0.49105,0.49817222222222224,0.07317073170731707,0.13043478260869565,0.10526315789473684,0.15789473684210525,4.912195121951219,0.2857142857142857,,0.3333333333333333,0.268389662027833,player_totals,wnba,2026,Regular Season,/get-totals/wnba,"{""Season"": ""2026"", ""SeasonType"": ""Regular Season"", ""Type"": ""Player""}",20260603T195605Z,2026-06-03T19:56:07+00:00,1356245b7489ca4d90a507022e1ef8e7ffff51a282e93fd819343445962e17ac,5.0,25.0,,1.0,6.0,36.0,,2.0,15.0,25.0,5.0,1.0,6.0,,0.8333333333333334,0.16666666666666666,,0.16666666666666666,0.4675324675324675,1.0,0.3246753246753247,0.2,0.2,0.8,0.08333333333333333,,,0.2,25.48888888888889,1.0,11.0,3.0,,7.0,,10.0,3.0,2.0,,,1.0,,0.05555555555555555,0.18181818181818182,0.14285714285714285,0.09090909090909091,0.1111111111111111,1.0,0.16666666666666666,0.3888888888888889,,,0.23333333333333334,1.0,,0.08333333333333333,,1.0,1.0,0.05555555555555555,,,,,,,,,,,,,,,,,"[""single_row_table_data"", ""multi_row_table_data""]",{}
204365,1611661320,Erica Wheeler,Erica Wheeler,204365,LAS,3222.7,9,54.0,,512,513,192.0,172.0,68,1025,9.0,18.0,1.0,1.0,5.0,10.0,9.0,20.0,2.0,6.0,20.0,44.0,13.0,77.0,575,2.0,4.0,,4.0,9.0,19.0,9.0,36.0,20.0,20.0,,4.0,29.0,15.0,44.0,13.0,2.0,21.0,7.0,1.0,103.0,3.0,1.0,9.0,5.0,1.0,15.0,4.0,19.0,1.0,11.0,8.0,3.0,13.0,5.0,11.0,8.0,1.0,2.0,21.0,1.0,4.0,9.0,28.0,,1.0,1.0,25.0,2.0,5.0,17.0,1.0,4.0,4.0,1.0,,,1.0,1.0,73.0,32.0,190.0,5.0,2.0,1.0,4.0,19.0,-18.0,15.0,112.3046875,112.08576998050683,0.5,0.5,0.45454545454545453,0.5,0.47368421052631576,0.4266666666666667,0.2222222222222222,0.421875,0.4634146341463415,0.2222222222222222,0.47297297297297297,0.09090909090909091,0.05555555555555555,0.1,17.517006802721088,0.6190476190476191,0.06666666666666667,0.04424778761061947,0.008,0.08823529411764706,0.030303030303030304,0.06511627906976744,0.017857142857142856,0.020833333333333332,,,0.02631578947368421,0.043478260869565216,0.05263157894736842,0.03636363636363636,0.05,0.07228915662650602,0.15789473684210525,0.024390243902439025,0.24,0.5,0.5294117647058824,0.5555555555555556,0.26666666666666666,0.45,0.5,0.5555555555555556,0.08,0.3333333333333333,0.4,,0.1111111111111111,1.0,1.0,0.3125,0.5,0.6533333333333333,0.46860405405405403,0.46025,0.4513161290322581,0.05128205128205128,0.0851063829787234,0.05194805194805195,0.4675324675324675,7.079545454545454,0.5555555555555556,0.5454545454545454,0.25,0.375,player_totals,wnba,2026,Regular Season,/get-totals/wnba,"{""Season"": ""2026"", ""SeasonType"": ""Regular Season"", ""Type"": ""Player""}",20260603T195605Z,2026-06-03T19:56:07+00:00,29d56779b71247b9ddceb1c91946e10a8294ea3acb476be1ab35fd45a8d8a112,8.0,29.0,,4.0,8.0,31.0,,5.0,18.0,29.0,8.0,,1.0,,0.75,0.25806451612903225,,0.25806451612903225,0.41333333333333333,1.0,0.38666666666666666,0.27586206896551724,0.2857142857142857,0.75,0.4444444444444444,,,0.27586206896551724,26.43548387096774,,2.0,,3.0,13.0,3.0,13.0,6.0,1.0,,,7.0,0.23076923076923078,0.03225806451612903,,0.02666666666666667,,,,,0.40625,0.23076923076923078,,0.3181818181818182,1.0,,0.1111111111111111,,,,,1.0,2.0,,0.16666666666666666,,0.034482758620689655,,,,,,,,,,,"[""single_row_table_data"", ""multi_row_table_data""]",{}
1643445,1611661332,Kiki Rice,Kiki Rice,1643445,TOR,3197.2999999999997,9,53.0,37.0,483,486,113.0,122.0,61,969,23.0,32.0,2.0,4.0,5.0,7.0,4.0,10.0,1.0,3.0,28.0,45.0,35.0,118.0,542,2.0,5.0,6.0,13.0,6.0,10.0,13.0,28.0,30.0,26.0,2.0,3.0,10.0,14.0,24.0,10.0,4.0,7.0,2.0,1.0,62.0,4.0,6.0,14.0,14.0,3.0,31.0,11.0,42.0,2.0,10.0,4.0,6.0,7.0,1.0,6.0,3.0,1.0,1.0,10.0,,1.0,15.0,27.0,,2.0,,28.0,2.0,1.0,42.0,6.0,20.0,2.0,1.0,,,1.0,1.0,105.0,28.0,111.0,4.0,2.0,,11.0,15.0,5.0,6.0,119.87577639751552,111.52263374485597,0.5357142857142857,0.5555555555555556,0.6222222222222222,0.4,0.6,0.6194029850746269,0.4375,0.5,0.7023809523809523,0.5416666666666666,0.6666666666666666,0.06666666666666667,0.09375,,16.906474820143885,0.7,0.2,0.14285714285714285,0.05357142857142857,0.13725490196078433,0.037037037037037035,0.14,0.045454545454545456,0.06976744186046512,0.043478260869565216,0.043478260869565216,0.04395604395604396,,0.20930232558139536,0.046511627906976744,0.25,0.136986301369863,0.13793103448275862,0.08695652173913043,0.47761194029850745,0.71875,0.7931034482758621,0.5652173913043478,0.14925373134328357,0.4,0.4,0.25,0.04477611940298507,0.3333333333333333,0.3333333333333333,1.0,0.5,0.5,,0.4666666666666667,0.7142857142857143,0.8059701492537313,0.5649363636363637,0.60885,0.5447964285714286,0.24691358024691357,0.3389830508474576,0.11016949152542373,0.23728813559322035,4.153333333333333,0.625,0.4,0.5,0.23395445134575568,player_totals,wnba,2026,Regular Season,/get-totals/wnba,"{""Season"": ""2026"", ""SeasonType"": ""Regular Season"", ""Type"": ""Player""}",20260603T195605Z,2026-06-03T19:56:07+00:00,487e4425543562fb3838212e7481483e9a7016165af8a8f40fbb6ba51602140d,5.0,16.0,,1.0,9.0,22.0,1.0,3.0,24.0,16.0,5.0,,1.0,,0.8888888888888888,0.4090909090909091,0.3333333333333333,0.4090909090909091,0.3283582089552239,1.0,0.23880597014925373,0.3125,0.35714285714285715,1.0,0.125,,,0.3125,25.3,4.0,6.0,1.0,1.0,4.0,1.0,5.0,3.0,2.0,,1.0,2.0,0.2,0.09090909090909091,,0.08955223880597014,0.6666666666666666,0.6666666666666666,0.75,0.06666666666666667,0.26666666666666666,0.25,,0.16666666666666666,2.0,,0.25,,1.0,1.0,0.09090909090909091,,,,,,0.125,,1.0,0.5,,,,,,,,"[""single_row_table_data"", ""multi_row_table_data""]",{}
1628276,1611661320,Kelsey Plum,Kelsey Plum,1628276,LAS,3077.1,6,51.0,-8.0,428,431,133.0,144.0,47,859,24.0,27.0,1.0,3.0,9.0,9.0,9.0,21.0,3.0,6.0,36.0,54.0,29.0,161.0,494,2.0,4.0,3.0,13.0,12.0,20.0,11.0,41.0,20.0,52.0,,5.0,24.0,14.0,38.0,11.0,3.0,17.0,7.0,,90.0,,1.0,5.0,5.0,,10.0,1.0,11.0,,7.0,3.0,4.0,14.0,4.0,9.0,6.0,,5.0,20.0,3.0,2.0,8.0,20.0,,1.0,,29.0,2.0,1.0,35.0,2.0,12.0,4.0,,,,,,148.0,41.0,133.0,3.0,4.0,,12.0,-4.0,,1.0,113.55140186915887,114.6171693735499,0.2777777777777778,0.2777777777777778,0.6666666666666666,0.5,0.6,0.6947368421052632,0.5555555555555556,0.5555555555555556,0.7227272727272728,0.5909090909090909,0.6060606060606061,0.09259259259259259,0.037037037037037035,0.19047619047619047,27.139874739039666,0.7,,0.052083333333333336,0.012195121951219513,0.053763440860215055,,0.05291005291005291,0.00625,0.03333333333333333,,,,,,0.08695652173913043,0.058823529411764705,0.05333333333333334,0.05555555555555555,,0.28421052631578947,0.8888888888888888,0.9230769230769231,0.25,0.22105263157894736,0.42857142857142855,0.5294117647058824,0.3333333333333333,0.06315789473684211,0.5,0.5,0.3333333333333333,0.3333333333333333,0.3333333333333333,,0.3333333333333333,1.0,0.7157894736842105,0.5053505263157895,0.54325,0.49046666666666666,0.12264150943396226,0.1875,0.08074534161490683,0.2546583850931677,5.848148148148148,0.6666666666666666,0.4166666666666667,0.6666666666666666,0.3107476635514019,player_totals,wnba,2026,Regular Season,/get-totals/wnba,"{""Season"": ""2026"", ""SeasonType"": ""Regular Season"", ""Type"": ""Player""}",20260603T195605Z,2026-06-03T19:56:07+00:00,1c0e80ba149729d462507c00460f2216d17a52e1f65cca6dbabe070f64874a1f,19.0,37.0,2.0,4.0,20.0,41.0,2.0,5.0,24.0,37.0,19.0,,,4.0,0.4,0.4878048780487805,0.4,0.4878048780487805,0.43157894736842106,,0.3894736842105263,0.5135135135135135,0.5135135135135135,0.3684210526315789,0.4444444444444444,0.5,0.5,0.5135135135135135,25.13170731707317,1.0,4.0,2.0,2.0,5.0,2.0,7.0,36.0,,1.0,1.0,8.0,0.2857142857142857,,,0.042105263157894736,0.25,0.25,1.0,0.07407407407407407,0.18518518518518517,0.4,0.023809523809523808,0.23809523809523808,1.0,,0.1111111111111111,,,,,,2.0,,,1.0,,,,,,,,,,,,"[""single_row_table_data"", ""multi_row_table_data""]",{}
1642804,1611661330,Te-Hina Paopao,Te-Hina Paopao,1642804,ATL,3014.6000000000004,8,50.0,-7.0,263,268,80.0,40.0,39,531,3.0,8.0,2.0,3.0,,3.0,2.0,7.0,1.0,1.0,6.0,16.0,5.0,47.0,261,3.0,4.0,,9.0,2.0,5.0,,25.0,6.0,6.0,2.0,5.0,10.0,3.0,13.0,3.0,,6.0,4.0,,29.0,,1.0,5.0,8.0,,13.0,1.0,14.0,,1.0,,1.0,6.0,1.0,4.0,3.0,,2.0,9.0,,3.0,6.0,11.0,,,1.0,6.0,,,6.0,,3.0,,2.0,,,1.0,2.0,38.0,25.0,80.0,,,,10.0,4.0,,3.0,96.57794676806084,97.38805970149254,0.5,0.6,0.375,0.75,0.4,0.525,0.6428571428571429,0.7352941176470589,0.5465116279069767,0.6428571428571429,0.7352941176470589,0.3125,0.5,0.14285714285714285,16.774193548387096,0.6666666666666666,,0.10810810810810811,0.014925373134328358,0.08771929824561403,,0.09923664122137404,0.007575757575757576,,0.04,,,,,0.1111111111111111,0.25,0.1111111111111111,,,0.2,0.375,0.75,,0.175,0.2857142857142857,0.3333333333333333,1.0,0.025,1.0,1.0,1.0,0.42857142857142855,0.6666666666666666,,0.17647058823529413,,0.8,0.51762625,0.5468785714285714,0.5222794117647059,0.06976744186046512,0.15789473684210525,0.19148936170212766,0.5319148936170213,5.8875,0.6,0.4,,0.3041825095057034,player_totals,wnba,2026,Regular Season,/get-totals/wnba,"{""Season"": ""2026"", ""SeasonType"": ""Regular Season"", ""Type"": ""Player""}",20260603T195605Z,2026-06-03T19:56:07+00:00,dac79e763735aa4f8082a105feecf309e397d2be6f780585b3b81584ddc45ce9,7.0,21.0,,2.0,10.0,24.0,1.0,3.0,27.0,21.0,7.0,1.0,2.0,,0.9,0.4166666666666667,0.3333333333333333,0.4166666666666667,0.6,1.0,0.525,0.3333333333333333,0.3333333333333333,0.8571428571428571,0.2857142857142857,,,0.3333333333333333,25.09166666666667,3.0,3.0,2.0,5.0,10.0,7.0,12.0,3.0,,1.0,,1.0,0.5833333333333334,,,0.075,1.0,1.0,1.0,0.11764705882352941,0.5882352941176471,0.5,,0.14285714285714285,1.0,2.0,0.14285714285714285,1.0,,,,,,,,,,,1.0,1.0,1.0,,,,,,,"[""single_row_table_data"", ""multi_row_table_data""]",{}
1642798,1611661328,Dominique Malonga,Dominique Malonga,1642798,SEA,2992.5,3,50.0,1.0,155,160,25.0,29.0,15,315,12.0,14.0,3.0,3.0,1.0,1.0,4.0,16.0,1.0,5.0,17.0,35.0,8.0,48.0,168,5.0,5.0,2.0,15.0,3.0,5.0,3.0,9.0,20.0,14.0,6.0,3.0,1.0,,1.0,,,1.0,,,2.0,1.0,4.0,9.0,7.0,1.0,17.0,5.0,22.0,1.0,3.0,2.0,1.0,2.0,,1.0,4.0,1.0,1.0,6.0,,,4.0,8.0,,1.0,2.0,11.0,,,15.0,1.0,7.0,1.0,6.0,,,1.0,6.0,33.0,9.0,23.0,,1.0,,5.0,6.0,10.0,,109.03225806451613,105.0,0.5882352941176471,0.7142857142857143,0.4857142857142857,1.0,0.6,0.5,1.0833333333333333,0.6,0.5106382978723404,1.0714285714285714,0.6428571428571429,0.08571428571428572,0.07142857142857142,0.125,30.63583815028902,0.3333333333333333,0.2,0.15217391304347827,0.1,0.23684210526315788,0.038461538461538464,0.19047619047619047,0.07575757575757576,0.1111111111111111,0.1,0.09090909090909091,0.045454545454545456,,0.1,0.2631578947368421,,0.24242424242424243,0.2,0.05555555555555555,0.35,0.8571428571428571,0.9230769230769231,0.5,0.4,0.25,0.2857142857142857,0.75,0.125,0.2,0.2,1.0,0.5,1.0,,0.2,1.0,0.475,0.487585,0.5010875,0.42804000000000003,0.15217391304347827,0.17073170731707318,0.3125,0.1875,7.988571428571429,0.5,0.25,0.25,0.16129032258064516,player_totals,wnba,2026,Regular Season,/get-totals/wnba,"{""Season"": ""2026"", ""SeasonType"": ""Regular Season"", ""Type"": ""Player""}",20260603T195605Z,2026-06-03T19:56:07+00:00,f9e3ba310a191878f6456186cdcb3e5d684dc374db7afb042fca8d2c89f6e2f0,1.0,3.0,,,2.0,5.0,1.0,1.0,3.0,3.0,1.0,5.0,2.0,,0.5,0.4,1.0,0.4,0.125,0.3333333333333333,0.075,0.3333333333333333,0.3333333333333333,,,,,0.3333333333333333,24.72,1.0,2.0,,,,,,3.0,,,,,,,,0.05,0.5,0.5,1.0,,,,,,1.0,,0.16666666666666666,,,,,,,,,,,,1.0,1.0,1.0,,,,,,,"[""single_row_table_data"", ""multi_row_table_data""]",{}
1641660,1611661328,Zia Cooke,Zia Cooke,1641660,SEA,2924.0,10,49.0,9.0,350,350,123.0,125.0,39,700,8.0,18.0,1.0,3.0,4.0,7.0,11.0,29.0,2.0,11.0,21.0,58.0,22.0,94.0,339,1.0,4.0,5.0,10.0,9.0,19.0,10.0,43.0,24.0,18.0,2.0,4.0,10.0,4.0,14.0,3.0,1.0,6.0,3.0,1.0,32.0,2.0,6.0,6.0,9.0,1.0,16.0,8.0,24.0,1.0,4.0,3.0,1.0,8.0,5.0,6.0,9.0,1.0,2.0,17.0,1.0,10.0,4.0,13.0,,,2.0,21.0,,3.0,27.0,3.0,13.0,1.0,,,,,,84.0,43.0,123.0,3.0,1.0,,1.0,,6.0,,99.42857142857143,96.85714285714286,0.5714285714285714,0.6,0.3620689655172414,0.25,0.47368421052631576,0.391304347826087,0.4166666666666667,0.4714285714285714,0.45145631067961167,0.5625,0.5375,0.06896551724137931,0.1111111111111111,0.06896551724137931,30.534351145038165,0.47058823529411764,0.06666666666666667,0.09782608695652174,0.06521739130434782,0.08571428571428572,0.030303030303030304,0.09259259259259259,0.05063291139240506,0.058823529411764705,0.07142857142857142,0.0625,0.0425531914893617,,0.1111111111111111,0.06666666666666667,0.15,0.08928571428571429,0.07142857142857142,0.01818181818181818,0.1956521739130435,0.4444444444444444,0.5,0.625,0.31521739130434784,0.3793103448275862,0.4074074074074074,0.5454545454545454,0.11956521739130435,0.18181818181818182,0.18181818181818182,0.5,0.5,0.3333333333333333,,0.2,0.5714285714285714,0.5652173913043478,0.4829543956043956,0.5541583333333333,0.4944323529411765,0.12745098039215685,0.19117647058823528,0.10638297872340426,0.4574468085106383,7.837931034482759,0.3,0.3888888888888889,0.125,0.3514285714285714,player_totals,wnba,2026,Regular Season,/get-totals/wnba,"{""Season"": ""2026"", ""SeasonType"": ""Regular Season"", ""Type"": ""Player""}",20260603T195605Z,2026-06-03T19:56:07+00:00,c62ee35dc27a15ef16fa8b0fdaf4c886297b18640c153930327e6b747dd9a5b0,8.0,26.0,1.0,2.0,10.0,34.0,1.0,2.0,27.0,26.0,8.0,,,,0.9,0.29411764705882354,0.5,0.29411764705882354,0.3695652173913043,,0.2826086956521739,0.3076923076923077,0.32,0.875,0.3333333333333333,0.5,1.0,0.3076923076923077,25.120588235294118,2.0,8.0,5.0,3.0,11.0,5.0,16.0,3.0,1.0,,,,0.3125,0.029411764705882353,,0.08695652173913043,0.25,0.25,1.0,0.14285714285714285,0.3142857142857143,0.2727272727272727,,0.2916666666666667,,2.0,,0.4,,,,,2.0,,,,0.038461538461538464,,,,,,,,,,,"[""single_row_table_data"", ""multi_row_table_data""]",{}
1642303,1611661323,Leila Lacan,Leila Lacan,1642303,CON,2907.0,2,48.0,-11.0,90,92,22.0,20.0,12,182,3.0,4.0,,1.0,1.0,1.0,2.0,6.0,2.0,5.0,7.0,15.0,3.0,23.0,91,1.0,3.0,,2.0,1.0,1.0,1.0,3.0,6.0,8.0,,,7.0,1.0,8.0,1.0,,6.0,1.0,,17.0,,2.0,2.0,,,2.0,2.0,4.0,2.0,2.0,,2.0,4.0,,4.0,1.0,,,5.0,,2.0,1.0,7.0,,,,7.0,,,8.0,,3.0,1.0,,,,,,21.0,3.0,20.0,1.0,1.0,,6.0,8.0,9.0,,88.88888888888889,98.91304347826086,0.42857142857142855,0.42857142857142855,0.4666666666666667,0.3333333333333333,1.0,0.37037037037037035,0.16666666666666666,0.3333333333333333,0.3709677419354839,0.16666666666666666,0.3,,,,33.9622641509434,0.8,,,0.07407407407407407,0.07407407407407407,,0.03636363636363636,0.041666666666666664,,0.07692307692307693,0.14285714285714285,,,,,,0.045454545454545456,0.2,0.1111111111111111,0.14814814814814814,0.75,0.75,,0.2222222222222222,0.3333333333333333,0.3333333333333333,0.5,0.18518518518518517,0.4,0.4,1.0,0.16666666666666666,,,0.3333333333333333,1.0,0.5925925925925926,0.48718518518518517,0.46755,0.5588833333333333,0.1,0.16666666666666666,0.08695652173913043,0.13043478260869565,10.726666666666667,,0.75,0.6666666666666666,0.24444444444444444,player_totals,wnba,2026,Regular Season,/get-totals/wnba,"{""Season"": ""2026"", ""SeasonType"": ""Regular Season"", ""Type"": ""Player""}",20260603T195605Z,2026-06-03T19:56:07+00:00,dd2e8ebee8757cb65674783c52a9d79117908f36d7a4a3399fd9d0f45ba24a02,2.0,11.0,,3.0,2.0,12.0,,3.0,3.0,11.0,2.0,,,1.0,0.5,0.16666666666666666,,0.16666666666666666,0.4444444444444444,,0.4074074074074074,0.18181818181818182,0.18181818181818182,0.5,0.5,,,0.18181818181818182,24.933333333333334,,1.0,,,2.0,,2.0,3.0,,1.0,,,,,,0.037037037037037035,,,,,0.6666666666666666,,,0.2,,,,,,,,,,,,,,,,,,,,,,,,"[""single_row_table_data"", ""multi_row_table_data""]",{}
1628508,1611661331,Cecilia Zandalasini,Cecilia Zandalasini,1628508,GSV,2856.3,5,48.0,24.0,144,143,33.0,27.0,20,287,2.0,4.0,,,1.0,1.0,2.0,7.0,1.0,2.0,5.0,13.0,6.0,40.0,149,,,1.0,7.0,1.0,1.0,2.0,19.0,4.0,6.0,,2.0,2.0,7.0,9.0,4.0,3.0,2.0,,,25.0,1.0,1.0,2.0,4.0,,6.0,2.0,8.0,,5.0,2.0,3.0,6.0,2.0,3.0,3.0,,3.0,9.0,1.0,1.0,1.0,4.0,,,,8.0,,1.0,10.0,,3.0,1.0,,,,,,33.0,19.0,33.0,1.0,,,,,,,120.1388888888889,104.1958041958042,0.4,0.4,0.38461538461538464,,1.0,0.53125,0.75,0.9444444444444444,0.5555555555555556,0.7,0.95,0.15384615384615385,0.25,0.14285714285714285,26.78571428571429,0.6666666666666666,,0.12121212121212122,0.02702702702702703,0.05714285714285714,0.02564102564102564,0.08823529411764706,0.02631578947368421,,,0.16666666666666666,0.03125,,0.1,0.2,,0.07407407407407407,,,0.125,0.5,0.6666666666666666,0.5,0.21875,0.2857142857142857,0.3333333333333333,0.5,0.0625,0.5,0.5,,,,,0.1111111111111111,1.0,0.71875,0.4974125,0.54925,0.5224777777777778,0.08571428571428572,0.1875,0.175,0.475,9.184615384615386,0.5,,1.0,0.22916666666666666,player_totals,wnba,2026,Regular Season,/get-totals/wnba,"{""Season"": ""2026"", ""SeasonType"": ""Regular Season"", ""Type"": ""Player""}",20260603T195605Z,2026-06-03T19:56:07+00:00,c45b444f23fcc4701e4b3585133cf0e98da310295106d83ac5cf0bdb3920a30d,8.0,18.0,2.0,3.0,8.0,19.0,2.0,4.0,12.0,18.0,8.0,,,,0.5,0.42105263157894735,0.5,0.42105263157894735,0.59375,,0.5625,0.4444444444444444,0.4444444444444444,0.5,0.75,0.6666666666666666,1.0,0.4444444444444444,24.75263157894737,,1.0,,5.0,8.0,5.0,8.0,12.0,,,,,0.625,,,0.03125,,,,,0.8888888888888888,0.625,,0.2727272727272727,1.0,,0.25,,,,,,1.0,,,,,,,,,,,,,,,"[""single_row_table_data"", ""multi_row_table_data""]",{}
1628899,1611661325,Myisha Hines-Allen,Myisha Hines-Allen,1628899,IND,2750.8,8,46.0,25.0,304,308,112.0,88.0,32,612,12.0,19.0,1.0,1.0,3.0,6.0,3.0,6.0,,2.0,15.0,27.0,7.0,40.0,306,1.0,1.0,,2.0,6.0,10.0,6.0,18.0,18.0,12.0,2.0,3.0,14.0,8.0,22.0,5.0,3.0,9.0,3.0,2.0,52.0,3.0,2.0,4.0,15.0,,19.0,5.0,24.0,,6.0,4.0,2.0,8.0,3.0,5.0,7.0,,3.0,15.0,1.0,5.0,7.0,18.0,1.0,4.0,2.0,7.0,1.0,,7.0,1.0,2.0,2.0,4.0,,,,4.0,38.0,18.0,112.0,,2.0,2.0,13.0,,,,108.88157894736842,99.35064935064935,0.6,0.6428571428571429,0.5555555555555556,1.0,0.6,0.532258064516129,1.0,0.46153846153846156,0.5882352941176471,1.0,0.5625,0.1111111111111111,0.05263157894736842,0.3333333333333333,14.454277286135692,0.5333333333333333,,0.17045454545454544,0.031746031746031744,0.08888888888888889,0.05,0.14285714285714285,0.04065040650406504,0.05263157894736842,,,0.041666666666666664,0.08333333333333333,0.1282051282051282,0.21052631578947367,0.18181818181818182,0.08571428571428572,0.1,,0.6129032258064516,0.631578947368421,0.6666666666666666,0.5,0.1935483870967742,0.5,0.75,1.0,0.06451612903225806,,,,1.0,1.0,,0.46153846153846156,0.5,0.7419354838709677,0.5373774193548387,,0.48283461538461536,0.0625,0.07142857142857142,0.05,0.45,3.6481481481481484,0.14285714285714285,0.6666666666666666,,0.3684210526315789,player_totals,wnba,2026,Regular Season,/get-totals/wnba,"{""Season"": ""2026"", ""SeasonType"": ""Regular Season"", ""Type"": ""Player""}",20260603T195605Z,2026-06-03T19:56:07+00:00,2fd4da7780ea173e80078003cf3801754c6fe2276facc1cec138869ed52d56eb,1.0,3.0,,,1.0,4.0,,,3.0,3.0,1.0,4.0,3.0,,1.0,0.25,,0.25,0.12903225806451613,0.75,0.0967741935483871,0.3333333333333333,0.3333333333333333,1.0,,,,0.3333333333333333,25.0,,1.0,1.0,,2.0,,3.0,,,,,,,,,0.03225806451612903,,,,0.07692307692307693,0.15384615384615385,,,0.3333333333333333,,,,,,,,1.0,,,,,,,,,,,,,,,,"[""single_row_table_data"", ""multi_row_table_data""]",{}
203824,1611661321,Odyssey Sims,Odyssey Sims,203824,DAL,2744.8999999999996,9,46.0,-4.0,327,338,73.0,84.0,41,665,11.0,16.0,1.0,1.0,1.0,2.0,5.0,15.0,2.0,4.0,18.0,35.0,9.0,60.0,355,1.0,2.0,2.0,10.0,5.0,8.0,5.0,18.0,16.0,20.0,,4.0,14.0,13.0,27.0,12.0,1.0,5.0,4.0,5.0,67.0,,,4.0,4.0,,8.0,,8.0,,8.0,5.0,3.0,4.0,4.0,4.0,10.0,,,14.0,1.0,6.0,3.0,13.0,2.0,,4.0,16.0,,4.0,12.0,2.0,5.0,2.0,,,,,,50.0,17.0,71.0,2.0,1.0,,-8.0,1.0,2.0,3.0,107.33944954128441,105.02958579881657,0.4444444444444444,0.4444444444444444,0.5142857142857142,0.5,0.625,0.5425531914893617,0.8,0.65,0.5769230769230769,0.8333333333333334,0.6923076923076923,0.11428571428571428,,0.26666666666666666,17.64705882352941,0.2857142857142857,,0.046511627906976744,,0.06896551724137931,,0.05555555555555555,,,,,,,0.05714285714285714,0.027777777777777776,0.06666666666666667,0.07547169811320754,,,0.3404255319148936,0.6875,0.6875,0.6363636363636364,0.3191489361702128,0.3333333333333333,0.45454545454545453,0.2,0.0851063829787234,0.5,0.5,,0.2,1.0,1.0,0.2,0.5,0.5957446808510638,0.5137691489361702,0.59519,0.40752499999999997,0.1,0.13157894736842105,0.16666666666666666,0.3,6.0771428571428565,0.5,0.5555555555555556,,0.22324159021406728,player_totals,wnba,2026,Regular Season,/get-totals/wnba,"{""Season"": ""2026"", ""SeasonType"": ""Regular Season"", ""Type"": ""Player""}",20260603T195605Z,2026-06-03T19:56:07+00:00,36582ff19bdaab1f7e59efb20f2932c9b4b7541b5aec389664f8129968f3fe1f,4.0,10.0,1.0,2.0,5.0,12.0,2.0,3.0,15.0,10.0,4.0,,,,1.0,0.4166666666666667,0.6666666666666666,0.4166666666666667,0.2553191489361702,,0.2127659574468085,0.4,0.4,1.0,0.4,0.5,1.0,0.4,25.21666666666667,1.0,2.0,,1.0,2.0,1.0,2.0,,,,,,0.5,,,0.0425531914893617,0.5,0.5,1.0,,0.2,0.5,,0.2857142857142857,1.0,,0.2,,,,,,,,,,,,1.0,1.0,1.0,,,,,,,"[""single_row_table_data"", ""multi_row_table_data""]",{}
1643467,1611661322,Cassandre Prosper,Cassandre Prosper,1643467,WAS,2740.1,8,46.0,-12.0,304,310,108.0,115.0,42,614,12.0,18.0,3.0,4.0,5.0,6.0,,9.0,,2.0,12.0,29.0,1.0,34.0,336,3.0,6.0,,6.0,5.0,10.0,,13.0,12.0,12.0,4.0,5.0,6.0,1.0,7.0,1.0,,6.0,,,15.0,3.0,5.0,2.0,3.0,1.0,6.0,8.0,14.0,2.0,4.0,4.0,,7.0,,6.0,3.0,,1.0,10.0,,5.0,7.0,29.0,,3.0,1.0,8.0,,3.0,3.0,1.0,2.0,,1.0,,,1.0,1.0,28.0,13.0,108.0,9.0,,2.0,4.0,1.0,-1.0,2.0,106.57894736842105,108.38709677419355,0.5,0.6,0.41379310344827586,0.5,0.5,0.375,0.375,0.40625,0.37777777777777777,0.375,0.40625,0.1724137931034483,0.1111111111111111,0.3333333333333333,15.193370165745856,0.7,0.08333333333333333,0.038461538461538464,0.056818181818181816,0.03333333333333333,0.057692307692307696,0.036231884057971016,0.05714285714285714,0.03225806451612903,0.061224489795918366,0.125,0.05405405405405406,0.06666666666666667,0.1,,,,0.15384615384615385,0.08333333333333333,0.4090909090909091,0.6666666666666666,0.75,0.5,0.20454545454545456,,,,0.045454545454545456,,,,0.5,0.75,,0.375,0.8333333333333334,0.75,0.5142431818181818,0.46170999999999995,0.5029125,0.044444444444444446,0.06666666666666667,0.17647058823529413,0.38235294117647056,4.3517241379310345,0.5,0.4444444444444444,0.5,0.35526315789473684,player_totals,wnba,2026,Regular Season,/get-totals/wnba,"{""Season"": ""2026"", ""SeasonType"": ""Regular Season"", ""Type"": ""Player""}",20260603T195605Z,2026-06-03T19:56:07+00:00,187b0b7e6dae926fda1a13dcc969296d3d5504ed07bafca3c76979bf3d16433f,2.0,9.0,,,3.0,15.0,,2.0,9.0,9.0,2.0,,1.0,5.0,1.0,0.2,,0.2,0.3409090909090909,1.0,0.20454545454545456,0.2222222222222222,0.2222222222222222,1.0,,,,0.2222222222222222,23.866666666666667,1.0,6.0,2.0,1.0,4.0,1.0,6.0,,,1.0,,6.0,0.16666666666666666,,,0.13636363636363635,0.16666666666666666,0.16666666666666666,1.0,0.125,0.25,0.25,,0.4166666666666667,2.0,,0.25,,,,,,,,,,,,,,,2.0,7.0,,,,,"[""single_row_table_data"", ""multi_row_table_data""]",{}
1643493,1611661317,Noemie Brochant,Noemie Brochant,1643493,PHX,2576.6,10,43.0,-35.0,376,377,126.0,80.0,50,753,3.0,4.0,1.0,2.0,,,2.0,5.0,3.0,8.0,8.0,17.0,3.0,46.0,440,3.0,5.0,2.0,8.0,1.0,3.0,2.0,10.0,14.0,2.0,2.0,,4.0,1.0,5.0,,1.0,,4.0,,11.0,5.0,1.0,10.0,5.0,2.0,17.0,6.0,23.0,,5.0,2.0,3.0,4.0,,4.0,1.0,,,5.0,,1.0,6.0,14.0,,,1.0,10.0,2.0,3.0,3.0,1.0,1.0,1.0,3.0,1.0,,1.0,4.0,38.0,10.0,124.0,1.0,1.0,,3.0,,,,107.71276595744682,116.71087533156499,0.875,1.0,0.47058823529411764,0.6,0.3333333333333333,0.5,0.5,0.4,0.5227272727272727,0.5714285714285714,0.45454545454545453,,,,11.421911421911421,0.8,0.16666666666666666,0.05319148936170213,0.010416666666666666,0.15151515151515152,0.054945054945054944,0.09375,0.03208556149732621,,0.023255813953488372,,0.07462686567164178,,0.08108108108108109,0.02702702702702703,0.05,0.10714285714285714,0.4,,0.09302325581395349,0.75,0.75,0.6666666666666666,0.11627906976744186,0.4,0.4,1.0,0.18604651162790697,0.375,0.375,1.0,0.3333333333333333,0.5,,,,0.6976744186046512,0.5140511627906976,0.48085,0.51281,0.023255813953488372,0.058823529411764705,0.17391304347826086,0.21739130434782608,11.352941176470589,,0.3333333333333333,0.2,0.3351063829787234,player_totals,wnba,2026,Regular Season,/get-totals/wnba,"{""Season"": ""2026"", ""SeasonType"": ""Regular Season"", ""Type"": ""Player""}",20260603T195605Z,2026-06-03T19:56:07+00:00,ff4e6c7f4ba6fe4213890fa82e366ce9f02b61cfa47587453405c040b2619ffb,4.0,14.0,,1.0,9.0,26.0,,1.0,27.0,14.0,4.0,2.0,3.0,,1.0,0.34615384615384615,,0.34615384615384615,0.6046511627906976,0.75,0.32558139534883723,0.2857142857142857,0.2857142857142857,1.0,0.16666666666666666,,,0.2857142857142857,24.13076923076923,5.0,12.0,3.0,1.0,4.0,2.0,7.0,,,,,,0.2857142857142857,,,0.27906976744186046,0.4166666666666667,0.4166666666666667,1.0,0.3,0.4,0.25,,0.17647058823529413,,1.0,,0.3333333333333333,,,,,,1.0,,1.0,,,,,,,,,,,,"[""single_row_table_data"", ""multi_row_table_data""]",{}
1642792,1611661322,Kiki Iriafen,Kiki Iriafen,1642792,WAS,2513.3,8,42.0,24.0,442,435,125.0,145.0,50,877,33.0,47.0,14.0,15.0,12.0,15.0,7.0,20.0,,3.0,40.0,70.0,28.0,120.0,452,15.0,17.0,6.0,36.0,12.0,20.0,12.0,39.0,44.0,36.0,22.0,5.0,8.0,4.0,12.0,2.0,2.0,7.0,1.0,,28.0,6.0,16.0,18.0,39.0,4.0,61.0,23.0,84.0,2.0,5.0,3.0,2.0,7.0,2.0,3.0,7.0,,4.0,14.0,2.0,2.0,10.0,28.0,,5.0,2.0,35.0,5.0,,42.0,2.0,19.0,3.0,3.0,,,,3.0,84.0,39.0,124.0,2.0,3.0,3.0,15.0,6.0,13.0,12.0,107.6923076923077,103.9080459770115,0.55,0.7586206896551724,0.5714285714285714,0.8823529411764706,0.6,0.5679012345679012,0.8823529411764706,0.5869565217391305,0.594059405940594,0.8181818181818182,0.5909090909090909,0.07142857142857142,0.0425531914893617,0.15,22.817460317460316,0.5,0.3076923076923077,0.3046875,0.1415929203539823,0.20930232558139536,0.09090909090909091,0.26635514018691586,0.12290502793296089,0.16279069767441862,0.13793103448275862,0.08333333333333333,0.08163265306122448,0.11764705882352941,0.3,0.34375,0.20833333333333334,0.22727272727272727,0.15,0.0625,0.5802469135802469,0.7021276595744681,0.7333333333333333,0.5454545454545454,0.24691358024691357,0.35,0.4117647058823529,0.5714285714285714,0.037037037037037035,,,,0.8823529411764706,0.9333333333333333,0.14285714285714285,0.6521739130434783,0.8,0.7160493827160493,0.530186875,0.6061785714285713,0.5301181818181818,0.19387755102040816,0.21839080459770116,0.3,0.325,4.2457142857142856,0.21428571428571427,0.15384615384615385,,0.2828054298642534,player_totals,wnba,2026,Regular Season,/get-totals/wnba,"{""Season"": ""2026"", ""SeasonType"": ""Regular Season"", ""Type"": ""Player""}",20260603T195605Z,2026-06-03T19:56:07+00:00,b33492d3e2c71162f99b7a09be59b80327e37b75a18e1ec603c1113846a01f32,3.0,9.0,,,4.0,11.0,,,12.0,9.0,3.0,3.0,2.0,,1.0,0.36363636363636365,,0.36363636363636365,0.13580246913580246,0.6666666666666666,0.1111111111111111,0.3333333333333333,0.3333333333333333,1.0,,,,0.3333333333333333,25.972727272727273,1.0,2.0,,1.0,3.0,1.0,3.0,,,,,3.0,0.3333333333333333,,,0.024691358024691357,0.5,0.5,1.0,,0.13043478260869565,0.3333333333333333,,0.5714285714285714,,,,,1.0,,0.07692307692307693,,,,,,,,,,,,5.0,,,,,"[""single_row_table_data"", ""multi_row_table_data""]",{}
1643450,1611661322,Rori Harmon,Rori Harmon,1643450,WAS,2405.8,6,40.0,-18.0,116,123,47.0,67.0,18,239,,,,,,,1.0,4.0,,,1.0,4.0,3.0,8.0,119,,,,,,,1.0,1.0,,2.0,,,9.0,1.0,10.0,,1.0,6.0,3.0,,21.0,,,3.0,5.0,,8.0,,8.0,,5.0,3.0,2.0,7.0,2.0,7.0,5.0,1.0,,12.0,,3.0,3.0,9.0,,,1.0,7.0,,2.0,4.0,,1.0,1.0,,,,,,8.0,,46.0,2.0,,,,,5.0,,87.06896551724138,96.7479674796748,,,0.25,,,0.2777777777777778,,,0.36363636363636365,,0.16666666666666666,,,,17.037037037037035,0.5833333333333334,,0.14285714285714285,,0.14285714285714285,,0.14285714285714285,,,,,,,,0.17647058823529413,0.2222222222222222,0.0625,0.4,,,,,,0.4444444444444444,0.25,0.25,,,,,,,,,,,0.5555555555555556,0.4369277777777778,0.6405,0.3735,0.1,0.2,,0.125,7.0,,,,0.4051724137931034,player_totals,wnba,2026,Regular Season,/get-totals/wnba,"{""Season"": ""2026"", ""SeasonType"": ""Regular Season"", ""Type"": ""Player""}",20260603T195605Z,2026-06-03T19:56:07+00:00,0889e742eb72f42d17cc19df4d397407cffdd16535ce4f43b3aa7504ea53e268,1.0,4.0,,1.0,1.0,5.0,,1.0,3.0,4.0,1.0,,,,1.0,0.2,,0.2,0.5555555555555556,,0.4444444444444444,0.25,0.25,1.0,1.0,,,0.25,25.2,,1.0,1.0,,1.0,,2.0,,,1.0,,,,,,0.1111111111111111,,,,0.5,0.5,,,0.25,,,,,,,,1.0,,,,,,,,,,,,,,,,"[""single_row_table_data"", ""multi_row_table_data""]",{}
1641651,1611661328,Jordan Horston,Jordan Horston,1641651,SEA,2364.4,10,39.0,-6.0,371,376,90.0,81.0,33,747,6.0,12.0,1.0,3.0,1.0,1.0,6.0,20.0,2.0,4.0,14.0,36.0,7.0,41.0,378,1.0,6.0,2.0,4.0,2.0,4.0,1.0,5.0,18.0,10.0,2.0,2.0,9.0,2.0,11.0,2.0,,6.0,3.0,,24.0,1.0,6.0,14.0,14.0,1.0,29.0,7.0,36.0,2.0,12.0,10.0,2.0,9.0,3.0,4.0,5.0,,5.0,14.0,1.0,4.0,10.0,14.0,,1.0,1.0,6.0,,,8.0,,3.0,1.0,7.0,,,5.0,7.0,37.0,5.0,89.0,,1.0,,,,,,100.26954177897574,100.53191489361703,0.6428571428571429,0.6923076923076923,0.3888888888888889,0.16666666666666666,0.5,0.3333333333333333,0.14285714285714285,0.2857142857142857,0.37272727272727274,0.25,0.3125,0.05555555555555555,0.08333333333333333,0.05,16.91176470588235,0.6428571428571429,0.07142857142857142,0.14432989690721648,0.06315789473684211,0.16666666666666666,0.014285714285714285,0.15469613259668508,0.04242424242424243,0.043478260869565216,0.06,0.09090909090909091,0.018867924528301886,,0.07407407407407407,0.1111111111111111,0.28,0.2,,0.0625,0.23529411764705882,0.5,0.5454545454545454,0.5,0.39215686274509803,0.3,0.3157894736842105,0.8333333333333334,0.0784313725490196,0.5,0.5,0.5,0.42857142857142855,0.3333333333333333,,0.14285714285714285,1.0,0.5294117647058824,0.4792117647058824,0.5095714285714286,0.41904285714285716,0.05555555555555555,0.07692307692307693,0.0975609756097561,0.12195121951219512,7.227777777777778,0.3333333333333333,0.2857142857142857,,0.24258760107816713,player_totals,wnba,2026,Regular Season,/get-totals/wnba,"{""Season"": ""2026"", ""SeasonType"": ""Regular Season"", ""Type"": ""Player""}",20260603T195605Z,2026-06-03T19:56:07+00:00,1cba377f0bb3c7f236f321624012830238161564f6850a259f8ae0778c7f8e3a,1.0,8.0,,1.0,2.0,15.0,,1.0,3.0,8.0,1.0,,4.0,,0.5,0.13333333333333333,,0.13333333333333333,0.29411764705882354,0.5714285714285714,0.1568627450980392,0.125,0.125,,0.14285714285714285,,,0.125,24.053333333333335,1.0,7.0,2.0,,1.0,,3.0,3.0,,,,,,,,0.13725490196078433,0.14285714285714285,0.14285714285714285,1.0,0.2857142857142857,0.14285714285714285,,,0.3076923076923077,,,,,,,,,,,,,,2.0,,,,,,,1.0,,,"[""single_row_table_data"", ""multi_row_table_data""]",{}
1627700,1611661332,Julie Allemand,Julie Allemand,1627700,TOR,2227.6,4,37.0,10.0,199,201,59.0,55.0,23,400,2.0,2.0,1.0,1.0,,,1.0,1.0,1.0,3.0,4.0,6.0,2.0,16.0,185,1.0,1.0,,5.0,,1.0,2.0,5.0,,8.0,,,11.0,5.0,16.0,3.0,2.0,6.0,1.0,4.0,37.0,,,3.0,7.0,1.0,11.0,,11.0,,7.0,5.0,2.0,5.0,,5.0,1.0,1.0,,6.0,,2.0,1.0,4.0,,,,6.0,,1.0,2.0,,1.0,,,,,,,11.0,5.0,59.0,,,,,,,,97.98994974874373,92.03980099502489,,,0.6666666666666666,1.0,,0.4666666666666667,1.25,0.375,0.5,1.25,0.5,,,,9.777777777777779,0.8333333333333334,0.14285714285714285,0.16666666666666666,,0.08108108108108109,,0.12658227848101267,,,,,,,0.047619047619047616,0.3157894736842105,,0.06896551724137931,0.125,,0.13333333333333333,1.0,1.0,,0.06666666666666667,1.0,1.0,,0.2,0.3333333333333333,0.3333333333333333,,0.5,1.0,,,,0.7333333333333333,0.52564,0.746,0.484475,0.0625,0.14285714285714285,0.3125,0.3125,11.333333333333334,,,0.5,0.2964824120603015,player_totals,wnba,2026,Regular Season,/get-totals/wnba,"{""Season"": ""2026"", ""SeasonType"": ""Regular Season"", ""Type"": ""Player""}",20260603T195605Z,2026-06-03T19:56:07+00:00,628a1848008af8b7d6c039c4ba322a849be546c78a54f2ad972e2a85c89dbab1,2.0,6.0,1.0,1.0,2.0,9.0,1.0,1.0,6.0,6.0,2.0,,,,1.0,0.2222222222222222,1.0,0.2222222222222222,0.6,,0.4,0.3333333333333333,0.3333333333333333,1.0,0.5,1.0,1.0,0.3333333333333333,24.288888888888888,,3.0,1.0,1.0,2.0,1.0,3.0,,,,,,0.3333333333333333,,,0.2,,,,0.25,0.5,0.5,,0.42857142857142855,,,,,,,,,,,,1.0,,,,,,,,,,,,"[""single_row_table_data"", ""multi_row_table_data""]",{}
1642302,1611661330,Isobel Borlase,Isobel Borlase,1642302,ATL,2219.5,8,37.0,-7.0,112,115,42.0,26.0,11,227,2.0,5.0,,1.0,1.0,3.0,3.0,4.0,,,5.0,9.0,,16.0,129,,2.0,,,4.0,7.0,,8.0,10.0,,,,5.0,1.0,6.0,1.0,,5.0,,,13.0,1.0,,1.0,3.0,1.0,5.0,2.0,7.0,,,,,,,,1.0,1.0,,1.0,,1.0,,1.0,,,,3.0,,,,,,,1.0,,,1.0,1.0,16.0,8.0,41.0,1.0,,,,,,,108.92857142857142,112.17391304347827,1.0,1.0,0.5555555555555556,,0.5714285714285714,0.5,,0.4444444444444444,0.5,,0.4444444444444444,,,,13.385826771653543,,0.25,0.0967741935483871,,0.0625,0.041666666666666664,0.0851063829787234,0.022727272727272728,,,,0.05,,0.07692307692307693,,0.3333333333333333,,0.14285714285714285,,0.3125,0.4,0.4,1.0,0.25,0.75,0.75,1.0,,,,,0.3333333333333333,,,0.3333333333333333,0.3333333333333333,0.75,0.507109375,0.3528,0.46875,,,,0.5,4.6,0.6666666666666666,,,0.375,player_totals,wnba,2026,Regular Season,/get-totals/wnba,"{""Season"": ""2026"", ""SeasonType"": ""Regular Season"", ""Type"": ""Player""}",20260603T195605Z,2026-06-03T19:56:07+00:00,f57c5cee52ea3e0a1d4cdb0f7fd74495187f99b4ea9b9eb51e8c5a1c099ff929,2.0,7.0,,1.0,2.0,7.0,,1.0,6.0,7.0,2.0,,1.0,,1.0,0.2857142857142857,,0.2857142857142857,0.4375,1.0,0.4375,0.2857142857142857,0.2857142857142857,1.0,0.3333333333333333,,,0.2857142857142857,24.542857142857144,,,,,2.0,,2.0,,,,,,,,,,,,,,0.2222222222222222,,,0.2,,,,,1.0,,0.1111111111111111,,,,,,,,,,,,,,,,,"[""single_row_table_data"", ""multi_row_table_data""]",{}
204333,1611661329,Natasha Cloud,Natasha Cloud,204333,CHI,2161.5,8,36.0,-55.0,459,467,107.0,140.0,50,926,13.0,18.0,,1.0,2.0,3.0,5.0,14.0,3.0,5.0,21.0,37.0,16.0,76.0,503,1.0,4.0,,2.0,5.0,9.0,2.0,18.0,12.0,30.0,,1.0,22.0,12.0,34.0,7.0,5.0,11.0,8.0,3.0,80.0,1.0,1.0,18.0,11.0,1.0,30.0,2.0,32.0,,7.0,6.0,1.0,18.0,5.0,14.0,6.0,,4.0,24.0,2.0,8.0,17.0,34.0,,4.0,1.0,18.0,2.0,,22.0,2.0,11.0,1.0,2.0,1.0,1.0,1.0,3.0,74.0,18.0,107.0,1.0,1.0,7.0,16.0,4.0,13.0,12.0,97.60348583877996,107.70877944325483,0.2857142857142857,0.2857142857142857,0.5675675675675675,0.25,0.5555555555555556,0.4918032786885246,0.2,0.5,0.5352112676056338,0.2,0.5294117647058824,0.02702702702702703,,0.07142857142857142,18.44660194174757,0.75,0.06666666666666667,0.08333333333333333,0.008333333333333333,0.23684210526315788,0.00980392156862745,0.13942307692307693,0.009009009009009009,0.01818181818181818,,,0.013333333333333334,,0.07142857142857142,0.10638297872340426,0.06976744186046512,0.27419354838709675,0.07142857142857142,,0.29508196721311475,0.7222222222222222,0.7222222222222222,0.3076923076923077,0.22950819672131148,0.35714285714285715,0.38461538461538464,0.2,0.08196721311475409,0.6,0.6,0.3333333333333333,0.2,,,0.1875,0.6666666666666666,0.6885245901639344,0.4976991803278688,0.5046875,0.43828125,0.15714285714285714,0.2391304347826087,0.02631578947368421,0.23684210526315788,6.0,0.4,0.2222222222222222,0.5,0.23311546840958605,player_totals,wnba,2026,Regular Season,/get-totals/wnba,"{""Season"": ""2026"", ""SeasonType"": ""Regular Season"", ""Type"": ""Player""}",20260603T195605Z,2026-06-03T19:56:07+00:00,8230718cd774640eedb2047ff985ed110cd88a6fc2fa317ebc9d9732ac5e98d3,4.0,20.0,,,6.0,24.0,,1.0,18.0,20.0,4.0,,,,1.0,0.25,,0.25,0.39344262295081966,,0.32786885245901637,0.2,0.2,1.0,,,,0.2,24.2625,2.0,4.0,,2.0,7.0,2.0,7.0,,,,,4.0,0.2857142857142857,,,0.06557377049180328,0.5,0.5,1.0,,0.4375,0.2857142857142857,,0.2222222222222222,1.0,,0.2,,,,,1.0,,,,,,1.0,,,,,,,,,,"[""single_row_table_data"", ""multi_row_table_data""]",{}
1643425,1611661321,Azzi Fudd,Azzi Fudd,1643425,DAL,2046.4,8,34.0,84.0,401,399,73.0,91.0,50,800,7.0,8.0,,,2.0,2.0,8.0,11.0,11.0,19.0,26.0,38.0,3.0,97.0,403,1.0,1.0,,14.0,4.0,6.0,,11.0,42.0,10.0,,,4.0,5.0,9.0,4.0,1.0,4.0,,,23.0,1.0,2.0,2.0,5.0,1.0,8.0,3.0,11.0,1.0,9.0,6.0,3.0,1.0,1.0,,4.0,1.0,1.0,5.0,1.0,,6.0,13.0,,,,3.0,,,4.0,,2.0,,8.0,,,5.0,8.0,83.0,11.0,73.0,,,,,,,,121.44638403990025,101.00250626566415,0.8076923076923077,0.8076923076923077,0.6842105263157895,1.0,0.6666666666666666,0.6714285714285714,1.0,0.6111111111111112,0.6736111111111112,1.0,0.6111111111111112,,,,16.70281995661605,0.2,0.1111111111111111,0.04065040650406504,0.01904761904761905,0.029411764705882353,0.0125,0.03664921465968586,0.016216216216216217,,0.022727272727272728,0.03225806451612903,,0.058823529411764705,0.023809523809523808,0.07017543859649122,,0.03508771929824561,,0.034482758620689655,0.11428571428571428,0.875,0.875,0.8571428571428571,0.15714285714285714,0.7272727272727273,0.7272727272727273,0.75,0.2714285714285714,0.5789473684210527,0.5789473684210527,0.8181818181818182,,,,0.2222222222222222,1.0,0.5714285714285714,0.48402,0.5208916666666666,0.47855,0.027777777777777776,0.05,0.14432989690721648,0.1134020618556701,11.739473684210527,,0.3333333333333333,0.25,0.18204488778054864,player_totals,wnba,2026,Regular Season,/get-totals/wnba,"{""Season"": ""2026"", ""SeasonType"": ""Regular Season"", ""Type"": ""Player""}",20260603T195605Z,2026-06-03T19:56:07+00:00,c091d743686da242441c25d8b70fad588957b9546e102993d576cd5f6ba4a254,10.0,24.0,3.0,5.0,14.0,32.0,4.0,6.0,39.0,24.0,10.0,3.0,4.0,,0.9285714285714286,0.4375,0.6666666666666666,0.4375,0.45714285714285713,0.5,0.34285714285714286,0.4166666666666667,0.43478260869565216,0.9,0.7142857142857143,0.6,1.0,0.4166666666666667,24.528125,4.0,8.0,,1.0,3.0,1.0,3.0,3.0,1.0,,,,0.3333333333333333,0.03125,,0.11428571428571428,0.5,0.5,1.0,,0.3333333333333333,0.3333333333333333,,0.2222222222222222,1.0,,0.14285714285714285,,,1.0,,,,,,1.0,0.041666666666666664,,1.0,1.0,1.0,,,,,,,"[""single_row_table_data"", ""multi_row_table_data""]",{}
1642815,1611661325,Makayla Timpson,Makayla Timpson,1642815,IND,1857.1,8,31.0,5.0,246,249,94.0,111.0,30,495,14.0,22.0,4.0,6.0,5.0,6.0,2.0,4.0,,,16.0,26.0,7.0,39.0,273,4.0,6.0,3.0,11.0,5.0,7.0,2.0,12.0,26.0,6.0,4.0,6.0,4.0,2.0,6.0,2.0,,2.0,2.0,,14.0,3.0,10.0,6.0,9.0,3.0,18.0,13.0,31.0,,4.0,4.0,,1.0,,1.0,1.0,,,2.0,,,3.0,13.0,,2.0,1.0,10.0,,,11.0,1.0,5.0,1.0,3.0,,,2.0,3.0,28.0,12.0,94.0,1.0,1.0,2.0,3.0,6.0,,,113.00813008130082,109.63855421686746,0.8125,0.9285714285714286,0.6153846153846154,0.6666666666666666,0.7142857142857143,0.6153846153846154,0.6666666666666666,0.7142857142857143,0.6290322580645161,0.7857142857142857,0.75,0.23076923076923078,0.2727272727272727,,11.827956989247312,0.5,0.375,0.13846153846153847,0.18518518518518517,0.17142857142857143,0.06521739130434782,0.15,0.13,0.2608695652173913,0.21052631578947367,,0.06060606060606061,0.07692307692307693,0.047619047619047616,0.14705882352941177,0.3,0.11764705882352941,0.2222222222222222,,0.8461538461538461,0.6363636363636364,0.875,0.7857142857142857,0.15384615384615385,0.5,0.5,1.0,,,,,1.0,0.6666666666666666,0.25,0.8571428571428571,0.8333333333333334,0.8461538461538461,0.5899,0.57014,0.5794142857142858,0.16666666666666666,0.16666666666666666,0.28205128205128205,0.3076923076923077,2.957692307692308,0.375,,,0.3821138211382114,player_totals,wnba,2026,Regular Season,/get-totals/wnba,"{""Season"": ""2026"", ""SeasonType"": ""Regular Season"", ""Type"": ""Player""}",20260603T195605Z,2026-06-03T19:56:07+00:00,d1a199c461196473330094ac242c17e8d8860ed89e2c8c7ffb6a6c73b5486848,,,,,,,,,,,,1.0,,,,,,,,,,,,,,,,,,,,,,,,,,,,,,,,,,,,,,,,,,,,,,,,,,,,,,,,,,,,,,,,,"[""single_row_table_data"", ""multi_row_table_data""]",{}
1643431,1611661330,Madina Okot,Madina Okot,1643431,ATL,1824.7,8,30.0,8.0,141,142,53.0,25.0,17,283,13.0,15.0,2.0,2.0,7.0,8.0,1.0,7.0,,,14.0,22.0,5.0,33.0,132,2.0,4.0,1.0,5.0,7.0,9.0,3.0,17.0,22.0,6.0,2.0,4.0,2.0,,2.0,,,2.0,,,4.0,,5.0,8.0,14.0,2.0,24.0,6.0,30.0,1.0,2.0,1.0,1.0,5.0,,3.0,8.0,,2.0,13.0,1.0,2.0,8.0,15.0,1.0,1.0,2.0,6.0,,,8.0,2.0,4.0,1.0,2.0,,,1.0,2.0,28.0,17.0,53.0,,1.0,,5.0,-15.0,4.0,1.0,99.29078014184398,92.95774647887325,0.7857142857142857,0.8461538461538461,0.6363636363636364,0.5,0.7777777777777778,0.56,0.5,0.7777777777777778,0.5892857142857143,0.5,0.7727272727272727,0.18181818181818182,,0.5714285714285714,25.30864197530864,0.38461538461538464,0.3333333333333333,0.3783783783783784,0.15625,0.22857142857142856,,0.3055555555555556,0.07575757575757576,0.07692307692307693,0.1875,0.3333333333333333,,,0.3333333333333333,0.4375,0.3333333333333333,0.2962962962962963,,0.14285714285714285,0.6,0.8666666666666667,0.8666666666666667,0.8461538461538461,0.28,0.14285714285714285,0.3333333333333333,,,,,,0.5,1.0,0.5,0.8888888888888888,0.875,0.72,0.523396,0.47185,0.5818,0.14814814814814814,0.16666666666666666,0.15151515151515152,0.5151515151515151,3.727272727272727,0.5,0.2,,0.375886524822695,player_totals,wnba,2026,Regular Season,/get-totals/wnba,"{""Season"": ""2026"", ""SeasonType"": ""Regular Season"", ""Type"": ""Player""}",20260603T195605Z,2026-06-03T19:56:07+00:00,1c4da27308f4124c92a2624846cfa2324ecfaa4ff961d1a76f02cc5970ed0cf2,,3.0,,,,3.0,,,,3.0,,1.0,1.0,4.0,,,,,0.12,0.5,0.12,,,,,,,,25.46666666666667,,,,,,,,,,4.0,,3.0,,,,,,,,,,,,0.3333333333333333,,,,,1.0,,0.14285714285714285,,,,,,,,,,,,,,,,,"[""single_row_table_data"", ""multi_row_table_data""]",{}
1629576,1611661332,Maria Conde,Maria Conde,1629576,TOR,1777.8,9,30.0,-6.0,417,428,147.0,146.0,57,845,5.0,20.0,2.0,4.0,4.0,7.0,1.0,4.0,1.0,4.0,7.0,28.0,8.0,67.0,480,2.0,5.0,2.0,9.0,5.0,11.0,3.0,22.0,12.0,2.0,2.0,4.0,4.0,5.0,9.0,2.0,3.0,2.0,2.0,,23.0,5.0,5.0,8.0,14.0,3.0,25.0,10.0,35.0,2.0,2.0,2.0,,6.0,1.0,4.0,4.0,1.0,2.0,10.0,2.0,6.0,10.0,20.0,,,1.0,10.0,,1.0,9.0,1.0,5.0,,1.0,,,1.0,1.0,58.0,22.0,147.0,1.0,,,7.0,6.0,-9.0,4.0,113.66906474820144,112.14953271028037,0.8571428571428571,1.0,0.25,0.4,0.45454545454545453,0.427536231884058,0.5,0.41304347826086957,0.4589041095890411,0.5625,0.4583333333333333,0.14285714285714285,0.15,0.25,17.219917012448132,0.6,0.2,0.1590909090909091,0.050505050505050504,0.09090909090909091,0.04672897196261682,0.125,0.04854368932038835,0.05,,0.13043478260869565,0.03409090909090909,0.10526315789473684,0.15555555555555556,0.18181818181818182,0.1,0.109375,0.041666666666666664,0.047619047619047616,0.2898550724637681,0.25,0.29411764705882354,0.8,0.057971014492753624,0.25,0.3333333333333333,1.0,0.057971014492753624,0.25,0.25,1.0,0.5714285714285714,0.5,0.5,0.30434782608695654,0.5714285714285714,0.8840579710144928,0.5370086956521739,0.58805,0.5046413043478261,0.0684931506849315,0.15625,0.13432835820895522,0.3283582089552239,5.053571428571429,0.4,0.3333333333333333,0.3333333333333333,0.35251798561151076,player_totals,wnba,2026,Regular Season,/get-totals/wnba,"{""Season"": ""2026"", ""SeasonType"": ""Regular Season"", ""Type"": ""Player""}",20260603T195605Z,2026-06-03T19:56:07+00:00,9dda8e9fc21b081241d5de8181c59963fa2c0659386bfcad4978b62bba9ac2ee,11.0,31.0,1.0,1.0,15.0,41.0,1.0,2.0,45.0,31.0,11.0,,,,1.0,0.36585365853658536,0.5,0.36585365853658536,0.5942028985507246,,0.4492753623188406,0.3548387096774194,0.3548387096774194,1.0,0.14285714285714285,1.0,1.0,0.3548387096774194,24.36341463414634,4.0,10.0,2.0,2.0,10.0,3.0,12.0,,,,,1.0,0.25,,,0.14492753623188406,0.4,0.4,1.0,0.08695652173913043,0.43478260869565216,0.2,,0.16,1.0,1.0,0.14285714285714285,0.5,,,,,,,,,,,,,,,,,,,,"[""single_row_table_data"", ""multi_row_table_data""]",{}
1642794,1611661331,Juste Jocyte,Juste Jocyte,1642794,GSV,1759.3,4,29.0,16.0,83,81,37.0,46.0,14,164,1.0,1.0,1.0,1.0,,,,2.0,1.0,4.0,2.0,7.0,2.0,21.0,88,2.0,2.0,,4.0,1.0,2.0,2.0,7.0,4.0,,,,5.0,1.0,6.0,1.0,,4.0,1.0,,13.0,,,1.0,2.0,,3.0,,3.0,,,,,3.0,1.0,2.0,2.0,,1.0,5.0,1.0,3.0,1.0,3.0,1.0,,,3.0,,,2.0,,,1.0,1.0,,,,1.0,17.0,7.0,37.0,1.0,1.0,,,,,,125.30120481927712,108.64197530864197,1.0,1.0,0.2857142857142857,1.0,0.5,0.59375,1.0,0.625,0.6176470588235294,1.0,0.7,,,,22.916666666666668,0.6,,0.09523809523809523,,0.07142857142857142,,0.08571428571428572,,,,,,,,0.14285714285714285,,0.1,,,0.0625,1.0,1.0,1.0,0.125,,,,0.25,0.25,0.25,1.0,0.5,1.0,1.0,,,0.625,0.478159375,0.5237,0.4903375,,,0.19047619047619047,0.3333333333333333,13.542857142857143,,,0.3333333333333333,0.4457831325301205,player_totals,wnba,2026,Regular Season,/get-totals/wnba,"{""Season"": ""2026"", ""SeasonType"": ""Regular Season"", ""Type"": ""Player""}",20260603T195605Z,2026-06-03T19:56:07+00:00,d47c32b84abda817d1d32a0556a000155954529df9e7a9477d8e54d134e8d330,5.0,9.0,,,5.0,9.0,,,12.0,9.0,5.0,,1.0,,0.8,0.5555555555555556,,0.5555555555555556,0.5625,1.0,0.5625,0.5555555555555556,0.5555555555555556,0.8,,,,0.5555555555555556,24.233333333333334,,,,1.0,2.0,1.0,2.0,3.0,,,,,0.5,,,,,,,,0.5,0.5,,0.5,,,,,,,,1.0,,,,,,1.0,,,,,,,,,,"[""single_row_table_data"", ""multi_row_table_data""]",{}
1642296,1611661327,Nyadiew Puoch,Nyadiew Puoch,1642296,PDX,1736.6999999999998,11,29.0,-40.0,429,434,89.0,121.0,50,863,11.0,24.0,2.0,3.0,2.0,4.0,3.0,7.0,,,14.0,31.0,4.0,44.0,477,2.0,3.0,,7.0,3.0,5.0,1.0,10.0,14.0,14.0,4.0,4.0,6.0,3.0,9.0,1.0,2.0,4.0,1.0,1.0,21.0,4.0,8.0,3.0,7.0,,10.0,12.0,22.0,4.0,9.0,7.0,2.0,8.0,1.0,5.0,3.0,1.0,3.0,11.0,1.0,1.0,8.0,26.0,,4.0,,12.0,3.0,1.0,8.0,4.0,5.0,1.0,1.0,,,,1.0,37.0,10.0,88.0,9.0,1.0,1.0,1.0,2.0,-3.0,1.0,101.86480186480186,109.90783410138249,0.5,0.5833333333333334,0.45161290322580644,0.6666666666666666,0.6,0.37735849056603776,0.3888888888888889,0.4090909090909091,0.4,0.35,0.4166666666666667,0.12903225806451613,0.125,0.14285714285714285,13.524590163934427,0.7272727272727273,,0.08139534883720931,0.07272727272727272,0.03333333333333333,0.042105263157894736,0.056818181818181816,0.05853658536585366,0.06666666666666667,0.058823529411764705,0.14285714285714285,0.04477611940298507,0.03571428571428571,0.058823529411764705,0.1111111111111111,0.0625,0.015873015873015872,0.07407407407407407,0.13333333333333333,0.4528301886792453,0.4583333333333333,0.5238095238095238,0.45454545454545453,0.1320754716981132,0.42857142857142855,0.5,0.6666666666666666,,,,,0.3333333333333333,0.6666666666666666,,0.36363636363636365,0.5,0.8679245283018868,0.5267292452830189,0.5377642857142857,0.5151363636363636,0.09259259259259259,0.15625,0.1590909090909091,0.22727272727272727,3.5387096774193547,0.3076923076923077,0.5,,0.20745920745920746,player_totals,wnba,2026,Regular Season,/get-totals/wnba,"{""Season"": ""2026"", ""SeasonType"": ""Regular Season"", ""Type"": ""Player""}",20260603T195605Z,2026-06-03T19:56:07+00:00,e7873ae89ed4b84abd6c739c5fcac62476dcbc41fc02b7181c8ebb39661966d0,1.0,9.0,,1.0,4.0,22.0,1.0,6.0,12.0,9.0,1.0,1.0,1.0,,1.0,0.18181818181818182,0.16666666666666666,0.18181818181818182,0.41509433962264153,1.0,0.16981132075471697,0.1111111111111111,0.1111111111111111,1.0,0.1111111111111111,,,0.1111111111111111,24.11818181818182,3.0,13.0,4.0,,2.0,1.0,6.0,,,1.0,,1.0,0.16666666666666666,,,0.24528301886792453,0.23076923076923078,0.23076923076923078,1.0,0.36363636363636365,0.18181818181818182,,,0.29411764705882354,5.0,1.0,0.5555555555555556,0.25,,,,,,,,,,,1.0,0.2,1.0,,,,,,,"[""single_row_table_data"", ""multi_row_table_data""]",{}
1643427,1611661322,Lauren Betts,Lauren Betts,1643427,WAS,1727.6,8,29.0,-30.0,203,211,63.0,86.0,25,414,8.0,17.0,3.0,7.0,2.0,3.0,8.0,15.0,1.0,5.0,17.0,37.0,10.0,44.0,218,4.0,10.0,2.0,10.0,5.0,9.0,7.0,17.0,30.0,4.0,2.0,3.0,2.0,,2.0,,,1.0,1.0,,4.0,2.0,6.0,4.0,5.0,6.0,15.0,8.0,23.0,3.0,1.0,1.0,,1.0,,,2.0,,1.0,3.0,,1.0,6.0,12.0,,1.0,2.0,13.0,,,13.0,1.0,6.0,1.0,3.0,,,3.0,3.0,34.0,17.0,63.0,,1.0,,4.0,,2.0,,92.61083743842366,103.3175355450237,0.8823529411764706,0.9375,0.4594594594594595,0.4,0.5555555555555556,0.4594594594594595,0.4,0.5555555555555556,0.5116279069767442,0.4166666666666667,0.6538461538461539,0.08108108108108109,0.17647058823529413,,19.491525423728813,0.3333333333333333,0.4,0.09433962264150944,0.10344827586206896,0.09523809523809523,0.047619047619047616,0.09473684210526316,0.08,0.22727272727272727,0.034482758620689655,,0.03125,0.1,,0.13793103448275862,0.08333333333333333,0.08823529411764706,0.125,0.17647058823529413,0.4594594594594595,0.47058823529411764,0.5714285714285714,0.875,0.40540540540540543,0.5333333333333333,0.5333333333333333,0.875,0.13513513513513514,0.2,0.2,1.0,0.7,0.42857142857142855,0.6666666666666666,0.3333333333333333,0.6666666666666666,0.4594594594594595,0.4747675675675676,0.5709333333333333,0.43264444444444444,0.14285714285714285,0.14285714285714285,0.22727272727272727,0.38636363636363635,6.635135135135135,0.6666666666666666,,0.25,0.3103448275862069,player_totals,wnba,2026,Regular Season,/get-totals/wnba,"{""Season"": ""2026"", ""SeasonType"": ""Regular Season"", ""Type"": ""Player""}",20260603T195605Z,2026-06-03T19:56:07+00:00,587507dc92a07c27c08ec9e4be58d1c8ccddbb031ff03bc806049264ccba0689,,,,,,,,,,,,,1.0,,,,,,,0.3333333333333333,,,,,,,,,,,,,,,,,,,,,2.0,,,,,,,,,,,,,,,,,,,,,,,,,,,,,,,,,,,,"[""single_row_table_data"", ""multi_row_table_data""]",{}
1641648,1611661325,Aliyah Boston,Aliyah Boston,1641648,IND,1699.9,7,28.0,18.0,344,340,107.0,113.0,46,684,20.0,29.0,2.0,3.0,6.0,10.0,12.0,26.0,1.0,3.0,33.0,58.0,27.0,111.0,371,4.0,9.0,4.0,15.0,11.0,21.0,27.0,55.0,42.0,24.0,2.0,4.0,7.0,11.0,18.0,9.0,2.0,4.0,1.0,2.0,47.0,5.0,8.0,7.0,31.0,,38.0,14.0,52.0,2.0,8.0,5.0,3.0,5.0,1.0,4.0,10.0,,1.0,15.0,1.0,4.0,6.0,22.0,2.0,3.0,5.0,39.0,6.0,1.0,32.0,,5.0,11.0,4.0,,,2.0,4.0,96.0,55.0,106.0,5.0,11.0,,3.0,5.0,8.0,1.0,113.0813953488372,109.11764705882354,0.6363636363636364,0.65625,0.5689655172413793,0.4444444444444444,0.5238095238095238,0.56,0.5,0.5,0.6098901098901099,0.5357142857142857,0.625,0.06896551724137931,0.06896551724137931,0.07692307692307693,26.633165829145728,0.3333333333333333,,0.3522727272727273,0.1038961038961039,0.12727272727272726,0.0641025641025641,0.26573426573426573,0.08387096774193549,0.08333333333333333,0.034482758620689655,0.3333333333333333,0.08771929824561403,,0.3870967741935484,0.4146341463414634,0.125,0.12195121951219512,0.14285714285714285,0.06896551724137931,0.38666666666666666,0.6896551724137931,0.7407407407407407,0.75,0.3466666666666667,0.46153846153846156,0.5,0.4166666666666667,0.04,0.3333333333333333,0.3333333333333333,1.0,0.2727272727272727,0.6666666666666666,0.5,0.35714285714285715,0.6,0.6133333333333333,0.5010826666666667,0.458115,0.5020625,0.0625,0.07936507936507936,0.13513513513513514,0.4954954954954955,5.948275862068965,0.5555555555555556,0.4166666666666667,0.5,0.311046511627907,player_totals,wnba,2026,Regular Season,/get-totals/wnba,"{""Season"": ""2026"", ""SeasonType"": ""Regular Season"", ""Type"": ""Player""}",20260603T195605Z,2026-06-03T19:56:07+00:00,3430488ca752441cfaeddd6db63e2bfd36a43a2d1f2f1394e8bbbd83bd2f358b,6.0,15.0,1.0,2.0,6.0,17.0,1.0,2.0,18.0,15.0,6.0,1.0,4.0,,1.0,0.35294117647058826,0.5,0.35294117647058826,0.22666666666666666,1.0,0.2,0.4,0.4,1.0,0.18181818181818182,0.5,1.0,0.4,25.21764705882353,,2.0,1.0,2.0,6.0,2.0,7.0,,,1.0,,,0.2857142857142857,,,0.02666666666666667,,,,0.03571428571428571,0.21428571428571427,0.3333333333333333,,0.3,,,,,1.0,,0.14285714285714285,,,,,,,1.0,,,,,,,,,,"[""single_row_table_data"", ""multi_row_table_data""]",{}
1630112,1611661325,Tyasha Harris,Tyasha Harris,1630112,IND,1627.2,7,27.0,2.0,183,179,68.0,73.0,16,362,1.0,3.0,,,,,1.0,2.0,2.0,4.0,4.0,9.0,4.0,18.0,179,,,2.0,2.0,1.0,2.0,,2.0,2.0,6.0,,,8.0,5.0,13.0,4.0,1.0,5.0,3.0,,31.0,1.0,,1.0,6.0,,7.0,1.0,8.0,1.0,2.0,2.0,,4.0,2.0,3.0,2.0,,1.0,6.0,,1.0,2.0,6.0,,1.0,,3.0,,,4.0,,2.0,,1.0,,,,1.0,16.0,2.0,68.0,1.0,,,,,5.0,,98.9071038251366,100.0,0.25,0.25,0.4444444444444444,,0.5,0.3181818181818182,,0.14285714285714285,0.375,0.3333333333333333,0.14285714285714285,,,,15.0,0.6666666666666666,,0.1111111111111111,,0.03571428571428571,0.023809523809523808,0.08536585365853659,0.014084507042253521,,,,0.029411764705882353,,0.08,0.14285714285714285,0.125,,0.125,0.06666666666666667,0.13636363636363635,0.3333333333333333,0.3333333333333333,1.0,0.09090909090909091,0.5,0.5,,0.18181818181818182,0.5,0.5,,,,,,,0.7272727272727273,0.5305452380952381,0.6609,0.5189833333333334,0.08333333333333333,0.18181818181818182,0.1111111111111111,0.1111111111111111,9.433333333333334,0.5,,0.5,0.37158469945355194,player_totals,wnba,2026,Regular Season,/get-totals/wnba,"{""Season"": ""2026"", ""SeasonType"": ""Regular Season"", ""Type"": ""Player""}",20260603T195605Z,2026-06-03T19:56:07+00:00,dd14675df6ec6e71aef3ae88b059e33a57154f1efeaea23f6efb3a174c6fe754,2.0,11.0,,1.0,2.0,13.0,,2.0,6.0,11.0,2.0,1.0,1.0,,1.0,0.15384615384615385,,0.15384615384615385,0.5909090909090909,1.0,0.5,0.18181818181818182,0.18181818181818182,1.0,0.5,,,0.18181818181818182,27.77692307692308,,2.0,1.0,,4.0,,5.0,,,,,,,,,0.09090909090909091,,,,0.14285714285714285,0.5714285714285714,,,0.2,1.0,,0.5,,,,,,,,,,,,,,,,,,,,,"[""single_row_table_data"", ""multi_row_table_data""]",{}
1643644,1611661322,Alicia Florez Getino,Alicia Florez Getino,1643644,WAS,1619.2,3,27.0,,128,129,58.0,50.0,17,257,2.0,3.0,1.0,2.0,2.0,2.0,4.0,8.0,1.0,2.0,7.0,13.0,5.0,22.0,138,1.0,2.0,,2.0,2.0,4.0,2.0,6.0,6.0,8.0,,1.0,7.0,6.0,13.0,5.0,1.0,4.0,3.0,,32.0,2.0,1.0,2.0,1.0,,3.0,3.0,6.0,,3.0,2.0,1.0,1.0,,1.0,,,,1.0,,,3.0,9.0,,,,9.0,,3.0,8.0,,3.0,1.0,,,,,,20.0,6.0,58.0,1.0,1.0,,6.0,5.0,5.0,,107.8125,106.9767441860465,0.42857142857142855,0.42857142857142855,0.5384615384615384,0.5,0.5,0.34,0.25,0.2,0.3793103448275862,0.25,0.25,0.07692307692307693,,0.125,19.23076923076923,1.0,,0.038461538461538464,0.02631578947368421,0.08333333333333333,0.06896551724137931,0.06,0.04477611940298507,0.125,,,0.09523809523809523,,,,0.25,0.09090909090909091,,,0.12,0.6666666666666666,0.6666666666666666,0.5,0.32,0.5,0.5714285714285714,0.5,0.08,0.5,0.5,,0.5,0.5,1.0,0.2,1.0,0.6,0.47953333333333337,0.5386,0.49368333333333336,0.10714285714285714,0.1875,0.09090909090909091,0.2727272727272727,8.215384615384615,,,1.0,0.453125,player_totals,wnba,2026,Regular Season,/get-totals/wnba,"{""Season"": ""2026"", ""SeasonType"": ""Regular Season"", ""Type"": ""Player""}",20260603T195605Z,2026-06-03T19:56:07+00:00,e97ef77e56df144fe2486b7268a02487a469734c002b3123ad1734cfb983269b,1.0,8.0,,1.0,1.0,12.0,,2.0,3.0,8.0,1.0,,,,1.0,0.08333333333333333,,0.08333333333333333,0.48,,0.32,0.125,0.125,1.0,0.25,,,0.125,25.791666666666668,,4.0,2.0,,4.0,,6.0,,,,,,,,,0.16,,,,0.2,0.4,,,0.1111111111111111,1.0,,0.25,,,,,,,,,,,,,,,,,,,,,"[""single_row_table_data"", ""multi_row_table_data""]",{}
1643433,1611661325,Raven Johnson,Raven Johnson,1643433,IND,1573.9,8,26.0,-21.0,215,226,77.0,93.0,24,441,7.0,9.0,,,3.0,3.0,4.0,8.0,,,11.0,17.0,5.0,39.0,240,,,2.0,2.0,3.0,6.0,3.0,18.0,16.0,6.0,,1.0,5.0,5.0,10.0,5.0,,5.0,,,25.0,3.0,,7.0,7.0,1.0,15.0,3.0,18.0,,2.0,,2.0,7.0,,3.0,4.0,,4.0,11.0,1.0,3.0,5.0,19.0,1.0,2.0,,4.0,,,6.0,,3.0,,3.0,,,1.0,3.0,37.0,18.0,77.0,5.0,,,6.0,5.0,9.0,,101.86046511627907,106.19469026548674,0.7272727272727273,0.7272727272727273,0.6470588235294118,,0.5,0.5,,0.5357142857142857,0.527027027027027,1.0,0.5625,0.058823529411764705,0.1111111111111111,,19.591836734693874,0.6363636363636364,0.1,0.11666666666666667,,0.2,0.058823529411764705,0.14736842105263157,0.030303030303030304,,,,0.08823529411764706,,0.16,0.07692307692307693,0.1111111111111111,0.16666666666666666,0.2727272727272727,,0.2647058823529412,0.7777777777777778,0.875,0.7142857142857143,0.23529411764705882,0.5,0.5,0.75,,,,,,,,0.21428571428571427,1.0,0.7647058823529411,0.5121955882352942,,0.506775,0.08108108108108109,0.15,0.05128205128205128,0.46153846153846156,5.2176470588235295,,0.25,,0.3581395348837209,player_totals,wnba,2026,Regular Season,/get-totals/wnba,"{""Season"": ""2026"", ""SeasonType"": ""Regular Season"", ""Type"": ""Player""}",20260603T195605Z,2026-06-03T19:56:07+00:00,0a38a7a80b0420d4c38c4889162aae6350256d8603ad9007575aba6dec3f4264,2.0,10.0,,,4.0,17.0,,,12.0,10.0,2.0,2.0,3.0,,1.0,0.23529411764705882,,0.23529411764705882,0.5,1.0,0.29411764705882354,0.2,0.2,1.0,,,,0.2,24.276470588235295,2.0,7.0,3.0,1.0,5.0,3.0,8.0,,,,,1.0,0.375,,,0.20588235294117646,0.2857142857142857,0.2857142857142857,1.0,0.21428571428571427,0.35714285714285715,0.2,,0.23076923076923078,,2.0,,0.6666666666666666,,2.0,,,,,,,,,,,,,,,,,,"[""single_row_table_data"", ""multi_row_table_data""]",{}
1629524,1611661327,Bridget Carleton,Bridget Carleton,1629524,PDX,1545.4,10,26.0,-2.0,574,577,133.0,165.0,66,1151,8.0,13.0,1.0,1.0,2.0,2.0,12.0,26.0,5.0,7.0,25.0,46.0,22.0,147.0,637,2.0,6.0,1.0,8.0,7.0,12.0,9.0,38.0,20.0,30.0,,5.0,11.0,10.0,21.0,6.0,4.0,6.0,5.0,,52.0,3.0,1.0,13.0,12.0,2.0,27.0,5.0,32.0,,21.0,13.0,8.0,3.0,2.0,3.0,5.0,,,8.0,,1.0,11.0,26.0,,2.0,3.0,31.0,1.0,4.0,24.0,2.0,7.0,3.0,3.0,1.0,1.0,3.0,4.0,139.0,32.0,130.0,3.0,,,12.0,-17.0,,2.0,110.62717770034843,110.39861351819758,0.4,0.4,0.5434782608695652,0.3333333333333333,0.5833333333333334,0.5580357142857143,0.2692307692307692,0.5178571428571429,0.5950413223140496,0.2857142857142857,0.5625,0.10869565217391304,0.23076923076923078,0.07692307692307693,19.754977029096477,0.375,0.14285714285714285,0.09375,0.006666666666666667,0.11304347826086956,0.024193548387096774,0.102880658436214,0.014598540145985401,,0.012658227848101266,,0.022222222222222223,0.029411764705882353,0.09259259259259259,0.11538461538461539,0.045454545454545456,0.11235955056179775,0.11538461538461539,,0.11607142857142858,0.6153846153846154,0.8,0.375,0.23214285714285715,0.46153846153846156,0.5,0.25,0.0625,0.7142857142857143,0.7142857142857143,0.8,0.07692307692307693,1.0,1.0,0.07142857142857142,1.0,0.7053571428571429,0.5022008928571429,0.5162277777777777,0.48478392857142855,0.06779661016949153,0.13725490196078433,0.05442176870748299,0.2585034013605442,8.689130434782609,0.4,0.21428571428571427,1.0,0.23170731707317074,player_totals,wnba,2026,Regular Season,/get-totals/wnba,"{""Season"": ""2026"", ""SeasonType"": ""Regular Season"", ""Type"": ""Player""}",20260603T195605Z,2026-06-03T19:56:07+00:00,a1595c22ff8a8797b94d127f988a8eba93e04c6f2b0ec55922ba5e7528d6cf02,19.0,49.0,1.0,5.0,25.0,66.0,1.0,7.0,72.0,49.0,19.0,,4.0,9.0,0.96,0.3787878787878788,0.14285714285714285,0.3787878787878788,0.5892857142857143,1.0,0.4375,0.3877551020408163,0.40425531914893614,0.9473684210526315,0.38461538461538464,0.2,1.0,0.3877551020408163,24.654545454545456,6.0,17.0,2.0,4.0,14.0,5.0,16.0,3.0,2.0,,1.0,10.0,0.3125,0.030303030303030304,,0.15178571428571427,0.35294117647058826,0.35294117647058826,1.0,0.07142857142857142,0.5,0.2857142857142857,0.014925373134328358,0.2926829268292683,2.0,1.0,0.15384615384615385,0.5,1.0,,0.1,1.0,4.0,,,,0.04081632653061224,,,,,,,,,,,"[""single_row_table_data"", ""multi_row_table_data""]",{}
1628317,1611661327,Karlie Samuelson,Karlie Samuelson,1628317,PDX,1519.0,4,25.0,-10.0,102,102,34.0,46.0,15,204,,,,,,,1.0,1.0,1.0,1.0,2.0,2.0,,4.0,108,2.0,2.0,,4.0,,,,,4.0,,,,,4.0,4.0,4.0,,,,,12.0,,1.0,,2.0,1.0,3.0,1.0,4.0,,2.0,2.0,,1.0,,1.0,1.0,,,2.0,,1.0,1.0,5.0,,,1.0,3.0,1.0,,,,,,1.0,,,,1.0,,,34.0,1.0,,,,,,,96.07843137254902,105.88235294117646,1.0,1.0,1.0,1.0,,0.16666666666666666,1.0,,0.16666666666666666,1.0,,,,,11.764705882352942,0.5,0.3333333333333333,0.09523809523809523,0.04,,,0.044444444444444446,0.022727272727272728,0.14285714285714285,,,,,0.125,,0.16666666666666666,,,,,,,,0.08333333333333333,1.0,1.0,1.0,0.08333333333333333,1.0,1.0,1.0,,,,,,0.8333333333333334,0.4992625,0.2114,0.529275,,,1.0,,12.75,,,,0.3333333333333333,player_totals,wnba,2026,Regular Season,/get-totals/wnba,"{""Season"": ""2026"", ""SeasonType"": ""Regular Season"", ""Type"": ""Player""}",20260603T195605Z,2026-06-03T19:56:07+00:00,6c1dd380fc197a0ce34f25262ad635fd40f25ec0831375276cb5f87bce3e9ecb,,7.0,,,,10.0,,,,7.0,,1.0,1.0,,,,,,0.8333333333333334,1.0,0.5833333333333334,,,,,,,,24.240000000000002,,3.0,,,2.0,,2.0,,,,,,,,,0.25,,,,,1.0,,,0.4,,,,,,,,2.0,,,,,,,,,,,,,,,,"[""single_row_table_data"", ""multi_row_table_data""]",{}
1643429,1611661323,Gianna Kneepkens,Gianna Kneepkens,1643429,CON,1503.6000000000001,11,25.0,-29.0,215,223,67.0,103.0,24,438,3.0,4.0,1.0,1.0,1.0,1.0,8.0,12.0,,3.0,11.0,19.0,7.0,38.0,230,1.0,2.0,,5.0,4.0,7.0,4.0,18.0,14.0,8.0,2.0,,2.0,3.0,5.0,2.0,1.0,2.0,,,13.0,4.0,4.0,3.0,3.0,3.0,9.0,8.0,17.0,,2.0,1.0,1.0,2.0,,2.0,,,,2.0,,,5.0,16.0,,3.0,,7.0,,1.0,7.0,,2.0,1.0,,,,,,33.0,18.0,67.0,4.0,1.0,1.0,2.0,2.0,,,93.48837209302326,103.1390134529148,0.6363636363636364,0.7,0.5789473684210527,0.5,0.5714285714285714,0.4696969696969697,0.8333333333333334,0.5833333333333334,0.5138888888888888,0.8333333333333334,0.6428571428571429,,,,15.510204081632653,1.0,0.3,0.06666666666666667,0.06349206349206349,0.08823529411764706,0.1111111111111111,0.0759493670886076,0.08080808080808081,0.13333333333333333,0.030303030303030304,0.06666666666666667,0.06451612903225806,0.4,0.15384615384615385,0.038461538461538464,,0.09523809523809523,0.07692307692307693,,0.12121212121212122,0.75,0.75,0.6666666666666666,0.36363636363636365,0.6666666666666666,0.6666666666666666,0.625,0.09090909090909091,,,,0.3333333333333333,1.0,,0.08333333333333333,1.0,0.5454545454545454,0.4743757575757576,0.707625,0.4458,0.05714285714285714,0.09523809523809523,0.13157894736842105,0.47368421052631576,8.763157894736842,1.0,,,0.3116279069767442,player_totals,wnba,2026,Regular Season,/get-totals/wnba,"{""Season"": ""2026"", ""SeasonType"": ""Regular Season"", ""Type"": ""Player""}",20260603T195605Z,2026-06-03T19:56:07+00:00,03fb41af807deb143dea557c40261cd5f14c775ddd32dae5992f98cce3a253c0,2.0,12.0,,,3.0,14.0,1.0,1.0,9.0,12.0,2.0,,,2.0,1.0,0.21428571428571427,1.0,0.21428571428571427,0.42424242424242425,,0.36363636363636365,0.16666666666666666,0.16666666666666666,1.0,,,,0.16666666666666666,24.5,1.0,2.0,,2.0,5.0,2.0,5.0,,,,,,0.4,,,0.06060606060606061,0.5,0.5,1.0,,0.4166666666666667,0.4,,0.36363636363636365,1.0,,0.3333333333333333,,,,,1.0,1.0,,,,,,1.0,1.0,1.0,,,,,,,"[""single_row_table_data"", ""multi_row_table_data""]",{}
1643453,1611661325,Grace VanSlooten,Grace VanSlooten,1643453,IND,1489.7,6,25.0,-25.0,114,114,29.0,27.0,8,228,3.0,5.0,,,2.0,3.0,1.0,1.0,,,4.0,6.0,5.0,19.0,132,,,,3.0,3.0,4.0,1.0,7.0,6.0,2.0,,1.0,2.0,1.0,3.0,1.0,,1.0,1.0,,7.0,,1.0,1.0,4.0,,5.0,1.0,6.0,,4.0,3.0,1.0,,1.0,,1.0,,,1.0,,,1.0,2.0,,,,7.0,,1.0,8.0,,4.0,,3.0,,,,3.0,16.0,7.0,29.0,,,,1.0,,,,93.85964912280703,115.78947368421053,0.75,0.75,0.6666666666666666,,0.75,0.7777777777777778,1.5,0.75,0.7307692307692307,1.5,0.7,0.16666666666666666,0.2,,11.382113821138212,,,0.14285714285714285,0.03125,0.05,,0.10416666666666667,0.019230769230769232,,0.08333333333333333,,,,0.2,,0.2857142857142857,0.0625,,,0.5555555555555556,0.6,0.75,0.6666666666666666,0.1111111111111111,1.0,1.0,1.0,,,,,,,,0.75,0.6666666666666666,0.8888888888888888,0.585911111111111,0.36495,0.59645,0.3076923076923077,0.4,0.15789473684210525,0.3684210526315789,2.4499999999999997,,,,0.2543859649122807,player_totals,wnba,2026,Regular Season,/get-totals/wnba,"{""Season"": ""2026"", ""SeasonType"": ""Regular Season"", ""Type"": ""Player""}",20260603T195605Z,2026-06-03T19:56:07+00:00,9fe9f0a5d4160199767e5f571862aa951cf9047a4a1fcfc56e4395c571c93f4f,2.0,2.0,1.0,1.0,2.0,3.0,1.0,1.0,6.0,2.0,2.0,3.0,2.0,,1.0,0.6666666666666666,1.0,0.6666666666666666,0.3333333333333333,0.6666666666666666,0.2222222222222222,1.0,1.0,1.0,1.0,1.0,1.0,1.0,23.866666666666664,,1.0,,,,,,,,,,,,,,0.1111111111111111,,,,,,,,,,,,,,,,,,,,,,,,,,,,,,,,"[""single_row_table_data"", ""multi_row_table_data""]",{}
204335,1611661313,Betnijah Laney-Hamilton,Betnijah Laney-Hamilton,204335,NYL,1405.3,6,23.0,45.0,245,246,77.0,59.0,23,491,2.0,2.0,,,2.0,2.0,5.0,8.0,1.0,1.0,8.0,11.0,16.0,53.0,250,,,2.0,5.0,5.0,5.0,11.0,30.0,4.0,12.0,,1.0,7.0,6.0,13.0,2.0,4.0,4.0,2.0,1.0,32.0,,,6.0,5.0,,11.0,1.0,12.0,,4.0,3.0,1.0,3.0,2.0,2.0,4.0,1.0,1.0,7.0,1.0,4.0,4.0,8.0,,,,14.0,2.0,2.0,18.0,,4.0,5.0,1.0,,,,1.0,48.0,28.0,75.0,1.0,4.0,,,,,,120.40816326530611,101.6260162601626,0.25,0.25,0.7272727272727273,,1.0,0.5967741935483871,0.75,0.8636363636363636,0.6625,0.8333333333333334,0.8823529411764706,0.09090909090909091,,0.125,17.27941176470588,0.42857142857142855,,0.08064516129032258,,0.1016949152542373,,0.09090909090909091,,,,,,,,0.11428571428571428,0.07142857142857142,0.11363636363636363,0.06666666666666667,,0.06451612903225806,1.0,1.0,0.5,0.25806451612903225,0.625,0.7142857142857143,,0.03225806451612903,1.0,1.0,1.0,,,,0.18181818181818182,1.0,0.7096774193548387,0.5038193548387097,0.62175,0.49879090909090906,0.11428571428571428,0.26666666666666666,0.09433962264150944,0.5660377358490566,7.890909090909091,,,,0.3142857142857143,player_totals,wnba,2026,Regular Season,/get-totals/wnba,"{""Season"": ""2026"", ""SeasonType"": ""Regular Season"", ""Type"": ""Player""}",20260603T195605Z,2026-06-03T19:56:07+00:00,a4ce01e871151b55d4b653c755fcb3068e01ffdd4d017c7d5038f92bd79ae130,4.0,12.0,1.0,2.0,7.0,20.0,1.0,2.0,21.0,12.0,4.0,1.0,1.0,,1.0,0.35,0.5,0.35,0.6451612903225806,1.0,0.3870967741935484,0.3333333333333333,0.3333333333333333,1.0,1.0,0.5,1.0,0.3333333333333333,24.485,3.0,8.0,3.0,1.0,3.0,3.0,6.0,,,1.0,,,0.5,,,0.25806451612903225,0.375,0.375,1.0,0.2727272727272727,0.2727272727272727,0.3333333333333333,,0.3076923076923077,,2.0,,0.6666666666666666,1.0,,0.25,,,,,,,,,,,,,,,,,"[""single_row_table_data"", ""multi_row_table_data""]",{}
1630142,1611661313,Leonie Fiebich,Leonie Fiebich,1630142,NYL,1341.0,2,22.0,7.0,117,115,25.0,20.0,9,232,2.0,2.0,,,,,,3.0,,,2.0,5.0,2.0,12.0,105,,1.0,1.0,1.0,,1.0,,,4.0,,,,,2.0,2.0,2.0,,,,,6.0,,1.0,1.0,,,1.0,1.0,2.0,,3.0,3.0,,2.0,3.0,,5.0,,2.0,7.0,,1.0,1.0,4.0,,,2.0,6.0,1.0,,2.0,1.0,1.0,,,,,,,11.0,,23.0,,,,4.0,,,,95.72649572649573,91.30434782608697,1.0,1.0,0.4,,,0.5,,,0.6,0.25,,,,,13.385826771653543,0.2857142857142857,,,0.03571428571428571,0.034482758620689655,,0.017543859649122806,0.02040816326530612,,0.058823529411764705,,,,,,,0.047619047619047616,,,0.2,1.0,1.0,1.0,0.3,,,,,,,,,,,,,0.7,0.448715,0.324225,0.3618,0.1,0.2,0.08333333333333333,,6.76,,,,0.21367521367521367,player_totals,wnba,2026,Regular Season,/get-totals/wnba,"{""Season"": ""2026"", ""SeasonType"": ""Regular Season"", ""Type"": ""Player""}",20260603T195605Z,2026-06-03T19:56:07+00:00,56235da48a88ed35b177ede533b87fab8d1ccf57526ccb0b8ad458236d553baf,1.0,1.0,,,2.0,5.0,,1.0,6.0,1.0,1.0,,,,1.0,0.4,,0.4,0.5,,0.1,1.0,1.0,1.0,,,,1.0,23.84,1.0,4.0,1.0,,,,1.0,,,,,,,,,0.4,0.25,0.25,1.0,0.5,,,,,1.0,,0.5,,,,,,,,,1.0,,,,,,,,,,,,"[""single_row_table_data"", ""multi_row_table_data""]",{}
1629478,1611661328,Katie Lou Samuelson,Katie Lou Samuelson,1629478,SEA,1333.5,4,22.0,-14.0,120,117,48.0,44.0,12,237,,,,,,,2.0,2.0,,,2.0,2.0,3.0,19.0,115,,,,,1.0,1.0,3.0,14.0,4.0,,,,3.0,3.0,6.0,2.0,1.0,3.0,,,15.0,,,3.0,5.0,1.0,9.0,,9.0,,3.0,3.0,,3.0,,2.0,,,1.0,3.0,,2.0,1.0,2.0,,,,9.0,2.0,,7.0,1.0,2.0,2.0,,,,,,19.0,14.0,48.0,,2.0,,,,,,84.16666666666667,98.2905982905983,1.0,1.0,1.0,,1.0,0.6666666666666666,,1.1,0.6333333333333333,,1.0,,,,13.432835820895521,1.0,0.5,0.15151515151515152,,0.1,,0.12698412698412698,,,,,,,0.3333333333333333,0.05263157894736842,0.2,0.08333333333333333,0.16666666666666666,,,,,,0.16666666666666666,1.0,1.0,1.0,,,,,,,,,,0.8333333333333334,0.5173875,0.561525,0.5112,0.15384615384615385,0.6666666666666666,,0.7368421052631579,4.9,,,,0.4,player_totals,wnba,2026,Regular Season,/get-totals/wnba,"{""Season"": ""2026"", ""SeasonType"": ""Regular Season"", ""Type"": ""Player""}",20260603T195605Z,2026-06-03T19:56:07+00:00,099acb95216011e2c88e3853d8d6b30b20833fdb60938fb6db0f0814f38f3c2b,2.0,6.0,,2.0,4.0,10.0,,2.0,12.0,6.0,2.0,,,,1.0,0.4,,0.4,0.8333333333333334,,0.5,0.3333333333333333,0.3333333333333333,1.0,1.0,,,0.3333333333333333,24.11,2.0,4.0,1.0,2.0,3.0,3.0,4.0,,,,,,0.75,,,0.3333333333333333,0.5,0.5,1.0,0.2,0.6,0.6666666666666666,,0.5,,1.0,,1.0,,,,,,,,,,,,,,,,,,,,"[""single_row_table_data"", ""multi_row_table_data""]",{}
1642777,1611661317,Monique Akoa Makani,Monique Akoa Makani,1642777,PHX,1318.6,3,22.0,-23.0,136,138,32.0,21.0,16,274,,1.0,,,,,,2.0,3.0,5.0,3.0,8.0,11.0,32.0,150,,1.0,2.0,2.0,,1.0,7.0,10.0,4.0,2.0,,2.0,7.0,5.0,12.0,3.0,2.0,2.0,3.0,2.0,29.0,,,1.0,3.0,1.0,5.0,,5.0,,5.0,4.0,1.0,5.0,,5.0,1.0,,,6.0,,1.0,1.0,10.0,,,,7.0,,1.0,12.0,,3.0,3.0,,,,,,30.0,10.0,32.0,,3.0,,,,1.0,,93.38235294117646,108.69565217391305,0.6666666666666666,0.6666666666666666,0.375,,,0.5526315789473685,,0.5,0.64,0.3333333333333333,0.7142857142857143,0.25,1.0,0.5,19.62025316455696,0.8333333333333334,1.0,0.09375,,0.041666666666666664,,0.07142857142857142,,,,,,,,0.16666666666666666,,0.05263157894736842,,,0.05263157894736842,,,,0.10526315789473684,,,,0.2631578947368421,0.6,0.6,0.6666666666666666,,,,,,0.631578947368421,0.49786315789473684,0.51315,0.47878333333333334,0.13636363636363635,0.2727272727272727,0.0625,0.3125,12.9375,,0.5,,0.23529411764705882,player_totals,wnba,2026,Regular Season,/get-totals/wnba,"{""Season"": ""2026"", ""SeasonType"": ""Regular Season"", ""Type"": ""Player""}",20260603T195605Z,2026-06-03T19:56:07+00:00,851e057137b06420b294744402a8a90be17bf95244867839d6d1a207f903f470,3.0,9.0,,1.0,5.0,11.0,,1.0,12.0,9.0,3.0,,,,0.8,0.45454545454545453,,0.45454545454545453,0.5789473684210527,,0.47368421052631576,0.3333333333333333,0.3333333333333333,0.6666666666666666,0.5,,,0.3333333333333333,25.245454545454546,2.0,2.0,,1.0,2.0,1.0,2.0,3.0,,,,,0.5,,,0.10526315789473684,1.0,1.0,1.0,,0.6666666666666666,0.5,,0.3333333333333333,,,,,,,,,,,,,,,,,,,,,,,,"[""single_row_table_data"", ""multi_row_table_data""]",{}
1631135,1611661323,Olivia Nelson-Ododa,Olivia Nelson-Ododa,1631135,CON,1256.1000000000001,7,21.0,-35.0,221,228,86.0,83.0,29,449,10.0,13.0,2.0,2.0,4.0,5.0,4.0,10.0,,,14.0,23.0,17.0,45.0,250,3.0,4.0,2.0,8.0,4.0,8.0,11.0,19.0,24.0,4.0,2.0,2.0,12.0,5.0,17.0,5.0,,8.0,1.0,3.0,39.0,1.0,5.0,3.0,8.0,2.0,13.0,6.0,19.0,,7.0,5.0,2.0,2.0,,1.0,4.0,,1.0,6.0,1.0,3.0,7.0,21.0,3.0,2.0,1.0,22.0,,1.0,26.0,,7.0,6.0,1.0,3.0,2.0,,4.0,37.0,17.0,84.0,3.0,5.0,,3.0,8.0,7.0,3.0,97.28506787330316,109.64912280701755,0.8571428571428571,0.9230769230769231,0.6086956521739131,0.75,0.5,0.6086956521739131,0.75,0.5,0.625,0.8,0.5588235294117647,0.08695652173913043,0.07692307692307693,0.1,16.216216216216218,0.3333333333333333,0.16666666666666666,0.18181818181818182,0.0847457627118644,0.06818181818181818,0.024390243902439025,0.125,0.06,0.09090909090909091,0.13043478260869565,,0.02857142857142857,,0.26666666666666666,0.19047619047619047,,0.1,,,0.5652173913043478,0.7692307692307693,0.8333333333333334,0.8,0.43478260869565216,0.4,0.4444444444444444,1.0,,,,,0.5,1.0,0.5,0.625,0.8,0.5652173913043478,0.5283695652173913,0.577775,0.5295375,0.23333333333333334,0.23333333333333334,0.17777777777777778,0.4222222222222222,5.2043478260869565,1.0,0.4,,0.3891402714932127,player_totals,wnba,2026,Regular Season,/get-totals/wnba,"{""Season"": ""2026"", ""SeasonType"": ""Regular Season"", ""Type"": ""Player""}",20260603T195605Z,2026-06-03T19:56:07+00:00,72a814ba3fa158cc8f81611f6a1ddad573f31f6504109d69136f689adaaea25f,,,,,,,,,,,,1.0,1.0,,,,,,,0.25,,,,,,,,,,,,,,,,,,,,,1.0,,,,,,,,,,,,,,,,,,,,,,1.0,,,,,,,,,,,,1.0,,"[""single_row_table_data"", ""multi_row_table_data""]",{}
1642304,1611661327,Carla Leite,Carla Leite,1642304,PDX,1226.4999999999995,9,20.0,31.0,408,414,89.0,118.0,39,822,17.0,23.0,1.0,1.0,5.0,6.0,13.0,33.0,5.0,15.0,35.0,71.0,52.0,137.0,437,2.0,6.0,4.0,8.0,9.0,16.0,17.0,41.0,16.0,54.0,2.0,4.0,25.0,22.0,47.0,15.0,7.0,14.0,10.0,1.0,116.0,1.0,2.0,7.0,4.0,,11.0,3.0,14.0,2.0,4.0,4.0,,21.0,3.0,17.0,10.0,,4.0,31.0,,9.0,8.0,19.0,1.0,,2.0,45.0,2.0,3.0,54.0,3.0,23.0,4.0,,,,,,129.0,41.0,87.0,3.0,4.0,,3.0,11.0,,,114.70588235294117,105.55555555555556,0.22857142857142856,0.23529411764705882,0.49295774647887325,0.3333333333333333,0.5625,0.5,0.2857142857142857,0.6,0.6192660550458715,0.4444444444444444,0.7321428571428571,0.056338028169014086,,0.12121212121212122,30.973451327433633,0.6774193548387096,,0.038834951456310676,0.022222222222222223,0.07865168539325842,0.012987012987012988,0.057291666666666664,0.017964071856287425,,0.04,,0.019230769230769232,,0.022727272727272728,0.047619047619047616,0.058823529411764705,0.06060606060606061,0.13043478260869565,0.05263157894736842,0.27058823529411763,0.7391304347826086,0.7391304347826086,0.23529411764705882,0.38823529411764707,0.3939393939393939,0.4482758620689655,0.23076923076923078,0.17647058823529413,0.3333333333333333,0.3333333333333333,0.2,0.14285714285714285,1.0,,0.3,0.8333333333333334,0.43529411764705883,0.45589647058823524,0.42587,0.43371000000000004,0.21904761904761905,0.25274725274725274,0.058394160583941604,0.29927007299270075,8.200000000000001,0.16666666666666666,0.2,0.5,0.2181372549019608,player_totals,wnba,2026,Regular Season,/get-totals/wnba,"{""Season"": ""2026"", ""SeasonType"": ""Regular Season"", ""Type"": ""Player""}",20260603T195605Z,2026-06-03T19:56:07+00:00,8f754793dfe0c0980eef4b2e5083ca47aa1846e8f6a2c192c512e75e812a08b0,4.0,12.0,,,5.0,14.0,,1.0,9.0,12.0,4.0,,,3.0,0.6,0.35714285714285715,,0.35714285714285715,0.16470588235294117,,0.1411764705882353,0.3333333333333333,0.3333333333333333,0.5,,,,0.3333333333333333,25.135714285714283,1.0,2.0,1.0,2.0,3.0,2.0,4.0,6.0,,3.0,,,0.5,,,0.023529411764705882,0.5,0.5,1.0,0.05,0.15,0.6666666666666666,,0.25,1.0,,0.14285714285714285,,,,,2.0,2.0,,,,,,,,,,,,,,,"[""single_row_table_data"", ""multi_row_table_data""]",{}
1643448,1611661323,Nell Angloma,Nell Angloma,1643448,CON,1119.0,8,19.0,-7.0,195,198,76.0,86.0,26,393,8.0,12.0,,,3.0,6.0,5.0,11.0,,2.0,13.0,25.0,10.0,39.0,217,,3.0,1.0,1.0,4.0,9.0,6.0,14.0,10.0,16.0,,5.0,1.0,1.0,2.0,1.0,,,,1.0,5.0,1.0,3.0,4.0,4.0,,8.0,4.0,12.0,,6.0,1.0,5.0,2.0,1.0,1.0,4.0,,1.0,6.0,1.0,4.0,10.0,18.0,,3.0,,10.0,1.0,,16.0,,6.0,2.0,2.0,,,1.0,2.0,38.0,14.0,76.0,4.0,2.0,,-9.0,,,,107.6923076923077,109.5959595959596,0.38461538461538464,0.38461538461538464,0.52,,0.4444444444444444,0.5178571428571429,,0.4,0.5416666666666666,0.125,0.5,0.2,0.16666666666666666,0.18181818181818182,18.34061135371179,0.3333333333333333,,0.12121212121212122,0.05172413793103448,0.11428571428571428,0.03571428571428571,0.11764705882352941,0.046511627906976744,,0.07692307692307693,0.06666666666666667,0.041666666666666664,,0.1111111111111111,0.11764705882352941,0.14285714285714285,0.08333333333333333,0.18181818181818182,,0.42857142857142855,0.6666666666666666,0.8,0.5,0.39285714285714285,0.45454545454545453,0.5555555555555556,0.2,0.07142857142857142,,,,,,,0.6,0.5,0.5357142857142857,0.5012285714285715,0.36493333333333333,0.54681,0.17647058823529413,0.1935483870967742,0.02564102564102564,0.358974358974359,5.5,0.25,0.16666666666666666,,0.38974358974358975,player_totals,wnba,2026,Regular Season,/get-totals/wnba,"{""Season"": ""2026"", ""SeasonType"": ""Regular Season"", ""Type"": ""Player""}",20260603T195605Z,2026-06-03T19:56:07+00:00,33907eeac2bede6a5738a7c9d1bb0ae981aedd8de6354bffc3e8b63faaac1934,,2.0,,,1.0,3.0,,,3.0,2.0,,1.0,1.0,,1.0,0.3333333333333333,,0.3333333333333333,0.10714285714285714,0.5,0.07142857142857142,,,,,,,,23.2,1.0,1.0,,,1.0,,1.0,,,3.0,,,,,,0.03571428571428571,1.0,1.0,1.0,,0.1,,,0.5,,,,,,,,,,,0.5,,,,,,,,,,,,,"[""single_row_table_data"", ""multi_row_table_data""]",{}
1630134,1611661327,Sug Sutton,Sug Sutton,1630134,PDX,1108.4,3,18.0,-14.0,138,132,47.0,47.0,12,270,4.0,6.0,,,1.0,1.0,7.0,16.0,,1.0,11.0,23.0,6.0,34.0,154,,1.0,1.0,1.0,3.0,5.0,5.0,14.0,,22.0,,2.0,13.0,4.0,17.0,4.0,,6.0,6.0,1.0,38.0,,,2.0,2.0,,4.0,1.0,5.0,,2.0,,2.0,3.0,1.0,2.0,3.0,,1.0,6.0,,1.0,1.0,5.0,,2.0,,8.0,1.0,,10.0,,3.0,2.0,,,,,,33.0,14.0,47.0,1.0,2.0,,,,,,101.44927536231884,116.66666666666666,,,0.4782608695652174,,0.6,0.45161290322580644,,0.6428571428571429,0.4722222222222222,0.25,0.7,0.08695652173913043,0.16666666666666666,,27.096774193548388,0.5,,0.08333333333333333,,0.08,,0.08163265306122448,,,,,,,0.1,,0.16666666666666666,0.1,,,0.1935483870967742,0.6666666666666666,0.8,,0.5161290322580645,0.4375,0.4375,,0.03225806451612903,,,,,,,0.14285714285714285,1.0,0.45161290322580644,0.461165,0.4179,0.4670714285714285,0.08823529411764706,0.11538461538461539,0.029411764705882353,0.4117647058823529,6.708695652173914,0.5,0.2222222222222222,,0.34057971014492755,player_totals,wnba,2026,Regular Season,/get-totals/wnba,"{""Season"": ""2026"", ""SeasonType"": ""Regular Season"", ""Type"": ""Player""}",20260603T195605Z,2026-06-03T19:56:07+00:00,cf61bbb0abd5fdfe1c994210910b521916a54d820b637ff855edf787ca109cec,2.0,7.0,,,2.0,8.0,,,6.0,7.0,2.0,,,,1.0,0.25,,0.25,0.25806451612903225,,0.22580645161290322,0.2857142857142857,0.2857142857142857,1.0,,,,0.2857142857142857,26.625,,1.0,,1.0,2.0,1.0,2.0,,,,,,0.5,,,0.03225806451612903,,,,,0.2857142857142857,0.5,,,,,,,1.0,,0.2,,,,1.0,,,,,,,,,,,,,"[""single_row_table_data"", ""multi_row_table_data""]",{}
202252,1611661321,Alysha Clark,Alysha Clark,202252,DAL,1081.0,7,18.0,17.0,130,133,42.0,44.0,26,263,,,,,,,1.0,1.0,,,1.0,1.0,6.0,20.0,133,,,,,,,5.0,5.0,,2.0,,,2.0,,2.0,,,2.0,,,4.0,,3.0,3.0,5.0,,8.0,3.0,11.0,,2.0,1.0,1.0,1.0,,1.0,2.0,,,3.0,1.0,,6.0,12.0,,,2.0,5.0,,,8.0,,2.0,2.0,1.0,,,,1.0,20.0,5.0,42.0,1.0,2.0,2.0,,1.0,8.0,,115.38461538461539,100.0,,,1.0,,,0.6363636363636364,,,0.6666666666666666,,0.5,,,,11.320754716981131,0.3333333333333333,,0.12195121951219512,0.06818181818181818,0.14285714285714285,,0.12903225806451613,0.045454545454545456,,0.09090909090909091,0.1,,,0.23076923076923078,0.10526315789473684,,0.16666666666666666,,,,,,,0.09090909090909091,1.0,1.0,,,,,,,,,,,0.9090909090909091,0.5342909090909091,0.5241,0.491025,0.15384615384615385,0.6666666666666666,,0.25,6.4,,,,0.3230769230769231,player_totals,wnba,2026,Regular Season,/get-totals/wnba,"{""Season"": ""2026"", ""SeasonType"": ""Regular Season"", ""Type"": ""Player""}",20260603T195605Z,2026-06-03T19:56:07+00:00,ea849579de30a35a042901a87c001b04d4a845f85b78f1299c10201d55f0a2aa,4.0,6.0,,1.0,4.0,10.0,,1.0,12.0,6.0,4.0,1.0,,,1.0,0.4,,0.4,0.9090909090909091,,0.5454545454545454,0.6666666666666666,0.6666666666666666,1.0,1.0,,,0.6666666666666666,23.78,,4.0,1.0,,1.0,,2.0,,,,,,,,,0.36363636363636365,,,,0.5,0.5,,,0.5,,,,,,,,,,,,,,,,,,,,,,,,"[""single_row_table_data"", ""multi_row_table_data""]",{}
1641683,1611661327,Holly Winterburn,Holly Winterburn,1641683,PDX,1069.0,6,18.0,-37.0,114,120,31.0,70.0,11,234,3.0,3.0,1.0,1.0,1.0,1.0,2.0,5.0,,,5.0,8.0,2.0,12.0,137,1.0,1.0,,2.0,1.0,1.0,2.0,4.0,8.0,2.0,,,6.0,8.0,14.0,5.0,3.0,3.0,3.0,,36.0,,,5.0,2.0,,7.0,,7.0,,3.0,1.0,2.0,3.0,3.0,2.0,4.0,1.0,1.0,7.0,,2.0,,4.0,,,,4.0,,,2.0,,,1.0,,,,,,10.0,4.0,31.0,1.0,1.0,,,,,,87.71929824561404,114.16666666666667,0.8,0.8,0.625,1.0,1.0,0.35714285714285715,1.0,0.3333333333333333,0.4,1.0,0.5,,,,17.741935483870968,0.42857142857142855,,0.09523809523809523,,0.16129032258064516,,0.1346153846153846,,,,,,,,0.1111111111111111,0.3333333333333333,0.19047619047619047,0.1,,0.21428571428571427,1.0,1.0,1.0,0.35714285714285715,0.4,0.4,0.5,,,,,1.0,1.0,1.0,0.3333333333333333,1.0,0.6428571428571429,0.4690607142857143,,0.5057666666666667,,,0.16666666666666666,0.3333333333333333,4.65,,,,0.2719298245614035,player_totals,wnba,2026,Regular Season,/get-totals/wnba,"{""Season"": ""2026"", ""SeasonType"": ""Regular Season"", ""Type"": ""Player""}",20260603T195605Z,2026-06-03T19:56:07+00:00,a41742ea4bf8d0cbf16fcac7e6f4fca07e505285f42c742ff2b045adbded5051,,6.0,,,,6.0,,,,6.0,,,,,,,,,0.42857142857142855,,0.42857142857142855,,,,,,,,26.983333333333334,,,,,2.0,,2.0,,,,,,,,,,,,,,0.6666666666666666,,,0.5,,,,,,,,1.0,,,,,,,,,,,,,,,,"[""single_row_table_data"", ""multi_row_table_data""]",{}
1630148,1611661320,Jihyun Park,Jihyun Park,1630148,LAS,1050.9,6,18.0,-3.0,80,80,29.0,33.0,8,160,1.0,1.0,,,,,,1.0,,,1.0,2.0,2.0,4.0,97,,,,,,,,,2.0,,,1.0,3.0,1.0,4.0,1.0,,1.0,1.0,1.0,9.0,1.0,,1.0,1.0,,2.0,1.0,3.0,,3.0,3.0,,,,,1.0,,,1.0,,,4.0,9.0,,,,4.0,1.0,1.0,4.0,,,2.0,,,,,,4.0,,29.0,3.0,1.0,,1.0,3.0,,,117.5,121.25,1.0,1.0,0.5,,,0.2,,,0.2857142857142857,,,0.5,,1.0,8.88888888888889,,,0.07692307692307693,,0.047619047619047616,0.08333333333333333,0.058823529411764705,0.03333333333333333,,,,,0.25,,0.125,,0.05555555555555555,,,0.2,1.0,1.0,1.0,0.2,,,,,,,,,,,,,0.8,0.51761,,0.53535,,,,,4.7,,1.0,,0.3625,player_totals,wnba,2026,Regular Season,/get-totals/wnba,"{""Season"": ""2026"", ""SeasonType"": ""Regular Season"", ""Type"": ""Player""}",20260603T195605Z,2026-06-03T19:56:07+00:00,bc33a05dffd08be2554794b8f248f9a90cd6dd12d61f11019e6c4355682f3942,,1.0,,,,3.0,,,,1.0,,,,,,,,,0.6,,0.2,,,,,,,,23.53333333333333,,2.0,1.0,,,,1.0,,,1.0,,,,,,0.4,,,,1.0,,,,0.3333333333333333,,,,,,,,,,,,1.0,,,,,,,,,,,,"[""single_row_table_data"", ""multi_row_table_data""]",{}
1642781,1611661322,Georgia Amoore,Georgia Amoore,1642781,WAS,977.2,8,16.0,10.0,361,357,83.0,109.0,42,718,3.0,7.0,,,2.0,3.0,1.0,5.0,1.0,3.0,5.0,15.0,13.0,47.0,383,,,,,3.0,5.0,9.0,15.0,2.0,8.0,,,23.0,7.0,30.0,6.0,1.0,11.0,11.0,1.0,67.0,,,5.0,2.0,1.0,8.0,1.0,9.0,,3.0,2.0,1.0,15.0,3.0,12.0,4.0,1.0,3.0,19.0,,5.0,6.0,25.0,,1.0,,9.0,,1.0,14.0,,3.0,4.0,1.0,1.0,1.0,1.0,2.0,47.0,15.0,83.0,3.0,4.0,3.0,5.0,18.0,10.0,,108.86426592797784,107.28291316526611,0.2,0.2,0.3333333333333333,,0.6,0.3541666666666667,,0.2727272727272727,0.42727272727272725,,0.46875,,,,17.831325301204817,0.7894736842105263,0.09090909090909091,0.019230769230769232,,0.06756756756756757,,0.03932584269662921,,,,,,,,0.02,0.05,0.057692307692307696,0.09090909090909091,,0.14583333333333334,0.42857142857142855,0.42857142857142855,0.3333333333333333,0.10416666666666667,0.2,0.2,,0.0625,0.3333333333333333,0.3333333333333333,,,,,0.2727272727272727,0.6666666666666666,0.8333333333333334,0.513528125,0.58905,0.5118,0.058823529411764705,0.16666666666666666,,0.3191489361702128,8.113333333333333,0.25,0.5,0.5,0.2299168975069252,player_totals,wnba,2026,Regular Season,/get-totals/wnba,"{""Season"": ""2026"", ""SeasonType"": ""Regular Season"", ""Type"": ""Player""}",20260603T195605Z,2026-06-03T19:56:07+00:00,29bd8c994929b6a8a2043fedb0831a9a4da172cb09598af1376b893c47ed9612,4.0,26.0,,2.0,8.0,33.0,,3.0,15.0,26.0,4.0,,,,0.625,0.24242424242424243,,0.24242424242424243,0.6875,,0.5416666666666666,0.15384615384615385,0.15384615384615385,0.5,0.6666666666666666,,,0.15384615384615385,24.633333333333333,4.0,7.0,,,6.0,,6.0,9.0,,,,,,,,0.14583333333333334,0.5714285714285714,0.5714285714285714,0.75,,0.5454545454545454,,,0.25,1.0,,0.3333333333333333,,1.0,,0.1,,,,,,,,,,,,,,,,,"[""single_row_table_data"", ""multi_row_table_data""]",{}
1631055,1611661332,Nyara Sabally,Nyara Sabally,1631055,TOR,960.9000000000001,7,16.0,15.0,348,357,87.0,93.0,44,705,23.0,32.0,5.0,7.0,8.0,10.0,2.0,7.0,1.0,2.0,26.0,41.0,19.0,83.0,369,5.0,7.0,5.0,15.0,10.0,14.0,4.0,24.0,36.0,16.0,6.0,5.0,5.0,7.0,12.0,6.0,1.0,3.0,1.0,1.0,31.0,4.0,12.0,8.0,12.0,,20.0,17.0,37.0,2.0,11.0,6.0,5.0,5.0,,3.0,3.0,,2.0,8.0,1.0,3.0,9.0,17.0,,,2.0,24.0,3.0,,25.0,1.0,12.0,1.0,10.0,,,4.0,10.0,68.0,24.0,85.0,2.0,1.0,,5.0,1.0,8.0,,110.3448275862069,103.36134453781513,0.6923076923076923,0.782608695652174,0.6341463414634146,0.7142857142857143,0.7142857142857143,0.6274509803921569,0.625,0.7142857142857143,0.6587301587301587,0.6818181818181818,0.7058823529411765,0.12195121951219512,0.09375,0.2857142857142857,17.75,0.625,,0.16901408450704225,0.14457831325301204,0.1038961038961039,0.05128205128205128,0.13513513513513514,0.09937888198757763,0.10526315789473684,0.22580645161290322,0.07142857142857142,0.06666666666666667,,0.20833333333333334,0.15384615384615385,0.125,0.07017543859649122,0.2,0.125,0.6274509803921569,0.71875,0.7931034482758621,0.6521739130434783,0.13725490196078433,0.2857142857142857,0.4,1.0,0.0392156862745098,0.5,0.5,1.0,0.875,0.7142857142857143,0.4,0.7142857142857143,0.8,0.8235294117647058,0.574221568627451,0.6271928571428571,0.5834357142857144,0.1935483870967742,0.23076923076923078,0.18072289156626506,0.2891566265060241,3.3804878048780487,0.2222222222222222,0.6,,0.25,player_totals,wnba,2026,Regular Season,/get-totals/wnba,"{""Season"": ""2026"", ""SeasonType"": ""Regular Season"", ""Type"": ""Player""}",20260603T195605Z,2026-06-03T19:56:07+00:00,32291c8e2da4da04a5920122ec2a3644a8af997144c7250cada340e42ef9b3db,2.0,5.0,,,4.0,10.0,,1.0,12.0,5.0,2.0,6.0,8.0,,1.0,0.4,,0.4,0.19607843137254902,0.8,0.09803921568627451,0.4,0.4,1.0,,,,0.4,23.79,2.0,5.0,,,,,,,,1.0,,,,,,0.09803921568627451,0.4,0.4,1.0,,,,,0.16666666666666666,1.0,,0.125,,1.0,,0.14285714285714285,,,,,,,,,,,,,,,,,"[""single_row_table_data"", ""multi_row_table_data""]",{}
1627701,1611661332,Temi Fagbenle,Temi Fagbenle,1627701,TOR,937.9,1,16.0,,34,35,14.0,6.0,3,69,,,,,,,,,,1.0,,1.0,2.0,2.0,30,,,,,,,,,,,,,,1.0,1.0,,1.0,,,,3.0,,,1.0,,,1.0,,1.0,,1.0,1.0,,3.0,,3.0,1.0,,,4.0,,,2.0,4.0,,,1.0,1.0,,,2.0,,1.0,,,,,,,2.0,,14.0,1.0,,,,2.0,1.0,,88.23529411764706,85.71428571428572,,,,,,,,,0.3333333333333333,,,,,,18.91891891891892,0.75,,,,0.25,,0.1,,,,,,,,,,0.25,,,,,,,,,,,0.5,,,,,,,,,0.5,0.471625,,,0.3333333333333333,0.5,,,14.5,,,,0.4117647058823529,player_totals,wnba,2026,Regular Season,/get-totals/wnba,"{""Season"": ""2026"", ""SeasonType"": ""Regular Season"", ""Type"": ""Player""}",20260603T195605Z,2026-06-03T19:56:07+00:00,ef3b744bb1374a794a8224da95f7dc4fb3ca3ea9018da1fd9f7aee8753713ea6,,1.0,,,,1.0,,,,1.0,,,,,,,,,0.5,,0.5,,,,,,,,22.9,,,,,,,,,,,,,,,,,,,,,,,,,,,,,,,,,,,,,,,,,,,,,,,,"[""single_row_table_data"", ""multi_row_table_data""]",{}
1631263,1611661332,Nikolina Milic,Nikolina Milic,1631263,TOR,927.2,6,15.0,-22.0,111,109,28.0,29.0,15,220,7.0,8.0,2.0,2.0,3.0,3.0,,5.0,,,7.0,13.0,3.0,17.0,137,2.0,4.0,,4.0,3.0,6.0,2.0,8.0,12.0,2.0,2.0,2.0,1.0,1.0,2.0,1.0,,1.0,,,5.0,1.0,1.0,3.0,3.0,1.0,7.0,2.0,9.0,,,,,1.0,1.0,,4.0,,1.0,5.0,,,3.0,7.0,,,3.0,3.0,,,4.0,,2.0,,,,,,,13.0,8.0,28.0,1.0,,,2.0,,,,103.60360360360359,125.6880733944954,0.8571428571428571,1.0,0.5384615384615384,0.5,0.5,0.4666666666666667,0.5,0.375,0.5,0.5,0.4444444444444444,0.15384615384615385,,0.4,17.6,0.2,0.25,0.125,0.043478260869565216,0.13636363636363635,0.03125,0.13043478260869565,0.03636363636363636,0.125,,,0.03571428571428571,,0.14285714285714285,0.14285714285714285,,0.07142857142857142,0.25,,0.5333333333333333,0.875,0.875,0.8571428571428571,0.3333333333333333,,,,,,,,0.5,1.0,0.5,0.375,1.0,0.6666666666666666,0.5593233333333333,0.5130333333333333,0.54865625,0.11764705882352941,0.13333333333333333,0.23529411764705882,0.47058823529411764,4.2615384615384615,,0.4,,0.25225225225225223,player_totals,wnba,2026,Regular Season,/get-totals/wnba,"{""Season"": ""2026"", ""SeasonType"": ""Regular Season"", ""Type"": ""Player""}",20260603T195605Z,2026-06-03T19:56:07+00:00,adffa05c29ef5cbdedf609e37694475c85df733c83398fc40a4e6afbea994b46,,1.0,,,,2.0,,,,1.0,,,,,,,,,0.13333333333333333,,0.06666666666666667,,,,,,,,24.3,,1.0,1.0,,1.0,,2.0,,,,,,,,,0.06666666666666667,,,,0.125,0.125,,,,,,,,,,,,,,,,,,,,,,,,,,,"[""single_row_table_data"", ""multi_row_table_data""]",{}
1630446,1611661322,Michaela Onyenwere,Michaela Onyenwere,1630446,WAS,922.0,4,15.0,35.0,167,169,37.0,54.0,18,336,3.0,4.0,2.0,2.0,,,4.0,4.0,,2.0,7.0,10.0,8.0,37.0,159,2.0,2.0,2.0,6.0,,1.0,3.0,3.0,4.0,10.0,4.0,,5.0,2.0,7.0,1.0,1.0,4.0,1.0,,16.0,2.0,6.0,,4.0,,4.0,8.0,12.0,3.0,2.0,1.0,1.0,7.0,2.0,5.0,4.0,1.0,2.0,11.0,1.0,1.0,3.0,10.0,,1.0,1.0,9.0,,,12.0,2.0,5.0,2.0,,,,,,31.0,3.0,37.0,1.0,1.0,,,3.0,1.0,,116.16766467065868,94.0828402366864,0.2857142857142857,0.4,0.7,1.0,,0.6041666666666666,1.0,,0.6379310344827587,1.0,0.375,,,,20.942408376963353,0.6363636363636364,,0.07142857142857142,0.13953488372093023,,0.09523809523809523,0.045454545454545456,0.125,0.23076923076923078,0.08,0.2,0.058823529411764705,0.25,,0.0625,0.15384615384615385,,,0.3,0.16666666666666666,0.75,0.75,0.3333333333333333,0.16666666666666666,1.0,1.0,0.25,0.08333333333333333,,,,1.0,1.0,,,,0.75,0.522375,0.6042,0.409175,0.18518518518518517,0.38461538461538464,0.16216216216216217,0.08108108108108109,6.81,1.0,,1.0,0.2215568862275449,player_totals,wnba,2026,Regular Season,/get-totals/wnba,"{""Season"": ""2026"", ""SeasonType"": ""Regular Season"", ""Type"": ""Player""}",20260603T195605Z,2026-06-03T19:56:07+00:00,3b6781b89b5c8d681e5186217146ce3bd232c33a9ed613872f1719b3312d9689,1.0,9.0,,,5.0,14.0,,,15.0,9.0,1.0,,,,1.0,0.35714285714285715,,0.35714285714285715,0.5833333333333334,,0.375,0.1111111111111111,0.14285714285714285,1.0,,,,0.1111111111111111,23.97142857142857,4.0,5.0,,,1.0,,1.0,,2.0,,,,,0.14285714285714285,,0.20833333333333334,0.8,0.8,1.0,,0.5,,,0.2222222222222222,,,,,,,,,,,,,0.2222222222222222,,,,,,,,,,,"[""single_row_table_data"", ""multi_row_table_data""]",{}
1643444,1611661320,Ta'Niya Latson,Ta'Niya Latson,1643444,LAS,874.3,6,15.0,-10.0,47,52,24.0,12.0,6,99,1.0,1.0,,,,,,1.0,,,1.0,2.0,5.0,10.0,57,,,2.0,2.0,,1.0,5.0,5.0,,2.0,,1.0,1.0,,1.0,,,,1.0,,2.0,1.0,,1.0,1.0,,2.0,1.0,3.0,1.0,,,,2.0,1.0,1.0,2.0,,1.0,4.0,1.0,2.0,,3.0,,,1.0,4.0,1.0,,6.0,,2.0,1.0,,,,,,8.0,5.0,24.0,1.0,1.0,,,,,,100.0,109.61538461538461,,,0.5,,,0.5,,,0.625,1.0,0.5,0.5,,1.0,22.22222222222222,0.5,,0.1111111111111111,,0.07692307692307693,0.1,0.09090909090909091,0.05555555555555555,,,,0.1,,,0.2,,0.1,,0.5,0.2,1.0,1.0,,0.2,,,,,,,,,,,,,0.8,0.57226,,0.507,0.2857142857142857,0.5,0.2,0.5,3.7,,,,0.5106382978723404,player_totals,wnba,2026,Regular Season,/get-totals/wnba,"{""Season"": ""2026"", ""SeasonType"": ""Regular Season"", ""Type"": ""Player""}",20260603T195605Z,2026-06-03T19:56:07+00:00,40a478ec8e855b6de707ffe8c8f9a429955ab730d9d279e100f8785d7a5d4138,,2.0,,,1.0,3.0,,,3.0,2.0,,,,,1.0,0.3333333333333333,,0.3333333333333333,0.6,,0.4,,,,,,,,23.3,1.0,1.0,,,1.0,,1.0,,,,,,,,,0.2,1.0,1.0,1.0,,0.5,,,0.5,,,,,,,,,,,,,,,,,,,,,,,,"[""single_row_table_data"", ""multi_row_table_data""]",{}
1642814,1611661328,Taylor Thierry,Taylor Thierry,1642814,SEA,818.4,2,14.0,-5.0,27,28,,11.0,5,55,,,,,,,,1.0,,,,1.0,,6.0,27,,,,,,,,,,,,,,,,,,,,,,,2.0,,1.0,,1.0,2.0,3.0,,,,,,,,,,,,,,2.0,5.0,,1.0,,,,,,,,,,,,,,6.0,,,1.0,,1.0,,,,,81.48148148148148,96.42857142857142,,,,,,0.75,,,0.75,,,,,,12.121212121212121,,,0.1,0.2857142857142857,,,0.07142857142857142,0.125,,0.2,0.5,,,0.16666666666666666,,,,,,,,,,0.25,,,,,,,,,,,,,0.75,0.509575,,,,,,,6.6,,,,,player_totals,wnba,2026,Regular Season,/get-totals/wnba,"{""Season"": ""2026"", ""SeasonType"": ""Regular Season"", ""Type"": ""Player""}",20260603T195605Z,2026-06-03T19:56:07+00:00,1fa231fa187d6d17c0743fd7c1a48d4e2f29fd3341f1a8394a09cdce72686287,2.0,2.0,,,2.0,3.0,,,6.0,2.0,2.0,,,1.0,1.0,0.6666666666666666,,0.6666666666666666,0.75,,0.5,1.0,1.0,1.0,,,,1.0,24.566666666666666,,1.0,,,,,,,,,,1.0,,,,0.25,,,,,,,,,,,,,,,,,,,,,,,,,,,,,,5.0,,"[""single_row_table_data"", ""multi_row_table_data""]",{}
1643479,1611661331,Ndjakalenga Mwenentanda,Ndjakalenga Mwenentanda,1643479,GSV,774.0,5,13.0,3.0,29,36,21.0,33.0,5,65,,,,,,,,,,,,,,,36,,,,,,,,,,,,,1.0,1.0,2.0,1.0,,1.0,,,5.0,1.0,,,1.0,,1.0,1.0,2.0,,,,,,,,1.0,,,1.0,,,,1.0,,,,,,,,,,,,,,,,,,21.0,,,,,,,,134.48275862068965,100.0,,,,,,,,,,,,,,,5.88235294117647,,,0.2,,,0.16666666666666666,0.1111111111111111,0.09090909090909091,,,,0.25,,,0.5,,,,,,,,,,,,,,,,,,,,,,1.0,0.5487,,0.5487,,,,,,,,,0.7241379310344828,player_totals,wnba,2026,Regular Season,/get-totals/wnba,"{""Season"": ""2026"", ""SeasonType"": ""Regular Season"", ""Type"": ""Player""}",20260603T195605Z,2026-06-03T19:56:07+00:00,a1b1442a0475012d0d37155646ea732e36bee1c8fd0607e60616e53e007f83f4,,,,,,1.0,,,,,,,,,,,,,1.0,,,,,,,,,,23.0,,1.0,1.0,,,,1.0,,,1.0,,,,,,1.0,,,,1.0,,,,,,,,,,,,,,,,,,,,,,,,,,,,"[""single_row_table_data"", ""multi_row_table_data""]",{}
204323,1611661319,Cheyenne Parker-Tyus,Cheyenne Parker-Tyus,204323,LVA,728.2,7,12.0,24.0,147,145,49.0,47.0,14,292,11.0,16.0,1.0,3.0,4.0,6.0,1.0,5.0,,,12.0,21.0,7.0,34.0,144,1.0,4.0,3.0,5.0,4.0,6.0,5.0,13.0,20.0,4.0,2.0,2.0,4.0,1.0,5.0,1.0,,2.0,2.0,,11.0,1.0,4.0,4.0,6.0,3.0,13.0,5.0,18.0,1.0,2.0,2.0,,1.0,,,4.0,,1.0,5.0,,1.0,8.0,14.0,,,4.0,10.0,1.0,,9.0,1.0,4.0,1.0,7.0,,,2.0,7.0,29.0,13.0,49.0,,1.0,,-9.0,1.0,1.0,1.0,114.28571428571429,99.3103448275862,0.8333333333333334,0.9090909090909091,0.5714285714285714,0.25,0.6666666666666666,0.5625,0.25,0.5714285714285714,0.6071428571428571,0.4166666666666667,0.7222222222222222,0.09523809523809523,0.0625,0.2,20.37037037037037,0.2,0.5,0.10526315789473684,0.09523809523809523,0.15384615384615385,0.05,0.12048192771084337,0.08064516129032258,0.07692307692307693,0.17647058823529413,,0.06666666666666667,,0.15789473684210525,0.08695652173913043,0.06666666666666667,0.08695652173913043,0.6666666666666666,0.1111111111111111,0.6666666666666666,0.6875,0.7333333333333333,0.8181818181818182,0.20833333333333334,0.2,0.25,1.0,,,,,0.75,0.3333333333333333,,0.8571428571428571,0.6666666666666666,0.7916666666666666,0.5761854166666667,0.5577,0.6068142857142858,0.14814814814814814,0.16666666666666666,0.14705882352941177,0.38235294117647056,3.2095238095238097,0.2,0.25,,0.3333333333333333,player_totals,wnba,2026,Regular Season,/get-totals/wnba,"{""Season"": ""2026"", ""SeasonType"": ""Regular Season"", ""Type"": ""Player""}",20260603T195605Z,2026-06-03T19:56:07+00:00,888bd89ba3cf3f88f1c969d5da39c1ba304aaf166b7e2e1b7328b99eab901ff1,1.0,3.0,,,1.0,3.0,,,3.0,3.0,1.0,5.0,4.0,2.0,1.0,0.3333333333333333,,0.3333333333333333,0.125,0.5714285714285714,0.125,0.3333333333333333,0.3333333333333333,1.0,,,,0.3333333333333333,25.3,,,,,1.0,,1.0,,,,,,,,,,,,,,0.14285714285714285,,,,,,,,,,,,,,,,,,,,,,,,,,,"[""single_row_table_data"", ""multi_row_table_data""]",{}
1642767,1611661331,Janelle Salaun,Janelle Salaun,1642767,GSV,708.0,9,12.0,31.0,415,419,166.0,177.0,73,834,9.0,16.0,1.0,3.0,3.0,7.0,5.0,11.0,4.0,12.0,18.0,39.0,23.0,125.0,444,2.0,7.0,4.0,14.0,6.0,16.0,8.0,41.0,26.0,10.0,,2.0,5.0,6.0,11.0,6.0,,4.0,,1.0,28.0,5.0,3.0,9.0,12.0,3.0,24.0,9.0,33.0,,8.0,6.0,2.0,3.0,1.0,2.0,2.0,,1.0,5.0,,2.0,10.0,21.0,,3.0,,25.0,3.0,1.0,31.0,3.0,11.0,3.0,1.0,,,,1.0,111.0,41.0,166.0,2.0,3.0,,2.0,2.0,10.0,1.0,114.4578313253012,105.96658711217182,0.7222222222222222,0.7222222222222222,0.46153846153846156,0.2857142857142857,0.375,0.5204081632653061,0.4166666666666667,0.44594594594594594,0.5630630630630631,0.5,0.47674418604651164,0.05128205128205128,,0.18181818181818182,23.387096774193548,0.6,0.23076923076923078,0.1111111111111111,0.02654867256637168,0.11842105263157894,0.05,0.11413043478260869,0.03755868544600939,0.02702702702702703,0.018518518518518517,0.045454545454545456,0.04,0.08,0.05263157894736842,0.125,0.18181818181818182,0.11864406779661017,0.11764705882352941,,0.16326530612244897,0.5625,0.5625,0.8888888888888888,0.11224489795918367,0.45454545454545453,0.5555555555555556,0.4,0.12244897959183673,0.3333333333333333,0.3333333333333333,0.75,0.25,0.3333333333333333,1.0,0.1891891891891892,0.42857142857142855,0.7653061224489796,0.5087882653061224,0.47322142857142857,0.4911189189189189,0.12037037037037036,0.23404255319148937,0.112,0.328,8.74102564102564,0.2857142857142857,0.16666666666666666,0.375,0.4,player_totals,wnba,2026,Regular Season,/get-totals/wnba,"{""Season"": ""2026"", ""SeasonType"": ""Regular Season"", ""Type"": ""Player""}",20260603T195605Z,2026-06-03T19:56:07+00:00,99f1c26848a6d5d4051d9921b8530ba3fcbefd9159f8d30d6f73929ac1e7ac01,16.0,43.0,1.0,3.0,22.0,59.0,2.0,5.0,66.0,43.0,16.0,,1.0,,1.0,0.3728813559322034,0.4,0.3728813559322034,0.6020408163265306,1.0,0.4387755102040816,0.37209302325581395,0.37209302325581395,1.0,0.25,0.3333333333333333,1.0,0.37209302325581395,24.540677966101697,6.0,16.0,7.0,5.0,14.0,7.0,21.0,,,,2.0,,0.3333333333333333,,,0.16326530612244897,0.375,0.375,1.0,0.1891891891891892,0.3783783783783784,0.35714285714285715,0.03278688524590164,0.2972972972972973,2.0,2.0,0.16666666666666666,0.2857142857142857,1.0,,0.043478260869565216,,,,,,,1.0,1.0,0.5,1.0,,,,,,,"[""single_row_table_data"", ""multi_row_table_data""]",{}
1643527,1611661327,Jordan Harrison,Jordan Harrison,1643527,PDX,689.0,1,11.0,-13.0,26,23,,4.0,1,49,1.0,4.0,,,,,1.0,2.0,,,2.0,6.0,,4.0,37,,,,,,,,,,4.0,,2.0,2.0,2.0,4.0,2.0,,1.0,1.0,,10.0,,,,,,,,,,,,,2.0,,1.0,,,1.0,2.0,,,2.0,2.0,,,,,,,,,,,,,,,,4.0,,,,,,1.0,,,,92.3076923076923,160.86956521739128,,,0.3333333333333333,,,0.3333333333333333,,,0.3333333333333333,,,0.3333333333333333,0.25,0.5,29.629629629629626,1.0,,,,,,,,,,,,,,,,,,,0.6666666666666666,0.25,0.3333333333333333,,0.3333333333333333,0.5,1.0,,,,,,,,,,,0.6666666666666666,0.56445,,,,,,,3.716666666666667,,1.0,,,player_totals,wnba,2026,Regular Season,/get-totals/wnba,"{""Season"": ""2026"", ""SeasonType"": ""Regular Season"", ""Type"": ""Player""}",20260603T195605Z,2026-06-03T19:56:07+00:00,6ebeccba2c688b32b3592105fcc80e86a4b4995b980694203121b7d1c40a3fb9,,,,,,,,,,,,,,,,,,,,,,,,,,,,,,,,,,,,,,,,,,,,,,,,,,,,,,,,,,,,,,,,,,,,,,,,,,,,,"[""single_row_table_data"", ""multi_row_table_data""]",{}
1643525,1611661313,Alex Fowler,Alex Fowler,1643525,NYL,677.5,2,11.0,-12.0,64,63,30.0,27.0,7,127,2.0,2.0,1.0,1.0,,,,1.0,,,2.0,3.0,2.0,12.0,76,1.0,1.0,2.0,4.0,,,2.0,5.0,4.0,,,,1.0,,1.0,,,1.0,,,2.0,,,,,,,,,,1.0,1.0,,1.0,,1.0,2.0,,,3.0,,3.0,4.0,10.0,,1.0,2.0,2.0,1.0,,2.0,,,1.0,,,,,,8.0,5.0,30.0,2.0,1.0,,3.0,1.0,4.0,,100.0,120.63492063492063,1.0,1.0,0.6666666666666666,1.0,,0.5,1.0,0.375,0.5454545454545454,1.0,0.5,,,,20.0,0.3333333333333333,,,,,,,,,,,,,,,,,,,0.2,1.0,1.0,1.0,0.1,,,,,,,,1.0,1.0,1.0,,,0.9,0.54591,,0.557475,,,0.3333333333333333,0.4166666666666667,4.466666666666667,,,,0.46875,player_totals,wnba,2026,Regular Season,/get-totals/wnba,"{""Season"": ""2026"", ""SeasonType"": ""Regular Season"", ""Type"": ""Player""}",20260603T195605Z,2026-06-03T19:56:07+00:00,d581664364168d2cdcf23553548023dfea0e73e71bcdc10841abb0020eb1f41c,2.0,3.0,,,2.0,7.0,,,6.0,3.0,2.0,,,,1.0,0.2857142857142857,,0.2857142857142857,0.7,,0.3,0.6666666666666666,0.6666666666666666,1.0,,,,0.6666666666666666,23.542857142857144,,4.0,2.0,1.0,2.0,1.0,4.0,,,,,,0.25,,,0.4,,,,0.5,0.5,0.5,,0.2,,,,,,,,,,,,,,,,,,,,,,,,"[""single_row_table_data"", ""multi_row_table_data""]",{}
1642210,1611661313,Julie Vanloo,Julie Vanloo,1642210,NYL,668.4000000000001,5,11.0,32.0,174,174,80.0,64.0,18,348,2.0,2.0,1.0,1.0,,,,,,1.0,2.0,3.0,4.0,29.0,171,1.0,1.0,,2.0,,1.0,4.0,13.0,2.0,2.0,,,18.0,9.0,27.0,8.0,1.0,13.0,5.0,,63.0,1.0,,1.0,7.0,1.0,9.0,1.0,10.0,,2.0,2.0,,7.0,4.0,7.0,5.0,,,12.0,,5.0,4.0,11.0,1.0,,,4.0,1.0,,4.0,,,2.0,,,,,,27.0,13.0,80.0,2.0,2.0,2.0,-6.0,1.0,,,116.66666666666667,98.27586206896552,0.5,0.5,0.6666666666666666,1.0,,0.7352941176470589,1.0,0.9,0.7631578947368421,1.0,0.9285714285714286,,,,16.145833333333336,0.5833333333333334,0.09090909090909091,0.14,,0.024390243902439025,0.025,0.08791208791208792,0.015625,,,,,0.08333333333333333,,0.15384615384615385,0.2727272727272727,0.03125,,,0.11764705882352941,1.0,1.0,0.5,,,,,0.058823529411764705,,,,1.0,1.0,1.0,,,0.9411764705882353,0.5047941176470588,0.6086,0.44530000000000003,,,0.06896551724137931,0.4482758620689655,7.933333333333334,,,,0.45977011494252873,player_totals,wnba,2026,Regular Season,/get-totals/wnba,"{""Season"": ""2026"", ""SeasonType"": ""Regular Season"", ""Type"": ""Player""}",20260603T195605Z,2026-06-03T19:56:07+00:00,0de4591a2d4f4ecf58a9dad078487b383b66ebbb474617e81a85ebe80de3b7f9,7.0,14.0,,,7.0,14.0,,,18.0,14.0,7.0,,,,0.8571428571428571,0.5,,0.5,0.8235294117647058,,0.8235294117647058,0.5,0.5,0.8571428571428571,,,,0.5,24.835714285714285,,,,3.0,4.0,3.0,4.0,3.0,,,,,0.75,,,,,,,,0.8,0.75,,0.14285714285714285,,,,,,,,,,,,1.0,,,,,,,,,,,,"[""single_row_table_data"", ""multi_row_table_data""]",{}
1629477,1611661313,Sabrina Ionescu,Sabrina Ionescu,1629477,NYL,642.5,1,11.0,-13.0,58,57,4.0,9.0,7,115,1.0,3.0,,,,,1.0,6.0,,1.0,2.0,10.0,1.0,11.0,69,,1.0,,,,,,,2.0,2.0,,2.0,5.0,2.0,7.0,2.0,,3.0,2.0,,16.0,,,4.0,1.0,,5.0,,5.0,,,,,,,,1.0,,,1.0,,,2.0,2.0,,,,3.0,,,2.0,,1.0,,,,,,,11.0,,4.0,,,,,,,,96.55172413793105,121.05263157894738,0.5,0.5,0.2,,,0.3333333333333333,,,0.34375,,,0.2,0.3333333333333333,0.16666666666666666,24.999999999999996,,,0.08333333333333333,,0.25,,0.17857142857142858,,,,,,,0.16666666666666666,,,0.3333333333333333,,,0.2,0.3333333333333333,0.5,1.0,0.4,0.16666666666666666,0.2,,0.06666666666666667,,,,,,,,,0.5333333333333333,0.48531,0.3919,0.399,0.0625,0.09090909090909091,,,7.4,0.5,0.4,,0.06896551724137931,player_totals,wnba,2026,Regular Season,/get-totals/wnba,"{""Season"": ""2026"", ""SeasonType"": ""Regular Season"", ""Type"": ""Player""}",20260603T195605Z,2026-06-03T19:56:07+00:00,882a7a3f6261804bb99d324ca799c8c471c9b591a44737537fc5c0c2caec91cf,2.0,4.0,,,2.0,5.0,,,3.0,4.0,2.0,,,,0.5,0.4,,0.4,0.3333333333333333,,0.26666666666666666,0.5,0.5,0.5,,,,0.5,25.52,,1.0,,,1.0,,1.0,3.0,,,,,,,,0.06666666666666667,,,,,1.0,,,,,,,,,1.0,,,,,,,,,,,,,,,,,,"[""single_row_table_data"", ""multi_row_table_data""]",{}
1642822,1611661331,Kaitlyn Chen,Kaitlyn Chen,1642822,GSV,618.5000000000001,9,10.0,7.0,272,281,105.0,120.0,45,553,7.0,13.0,1.0,2.0,3.0,7.0,6.0,19.0,4.0,6.0,17.0,38.0,11.0,66.0,279,3.0,4.0,1.0,13.0,8.0,19.0,11.0,36.0,12.0,22.0,2.0,2.0,7.0,8.0,15.0,7.0,1.0,3.0,2.0,2.0,38.0,2.0,3.0,3.0,7.0,,10.0,5.0,15.0,3.0,1.0,,1.0,3.0,3.0,3.0,3.0,,,6.0,,4.0,4.0,10.0,,,,11.0,,4.0,13.0,1.0,4.0,3.0,,,,,,53.0,36.0,105.0,,3.0,,1.0,,,,105.1470588235294,99.28825622775801,0.35294117647058826,0.375,0.4473684210526316,0.75,0.42105263157894735,0.5612244897959183,0.8571428571428571,0.5434782608695652,0.6,0.8125,0.6206896551724138,0.05263157894736842,0.07692307692307693,0.05263157894736842,18.827160493827158,0.5,,0.1,0.03488372093023256,0.06,0.031746031746031744,0.08333333333333333,0.03355704697986577,,0.07142857142857142,,0.02040816326530612,0.07142857142857142,0.14285714285714285,0.037037037037037035,0.13333333333333333,0.02631578947368421,0.16666666666666666,0.13636363636363635,0.2653061224489796,0.5384615384615384,0.5833333333333334,0.42857142857142855,0.3877551020408163,0.3157894736842105,0.3333333333333333,0.16666666666666666,0.12244897959183673,0.6666666666666666,0.6666666666666666,0.5,0.2857142857142857,0.5,,0.30434782608695654,0.42857142857142855,0.4897959183673469,0.4709265306122449,0.478825,0.5027695652173914,0.07692307692307693,0.0975609756097561,0.19696969696969696,0.5454545454545454,7.28421052631579,0.16666666666666666,0.4166666666666667,,0.3860294117647059,player_totals,wnba,2026,Regular Season,/get-totals/wnba,"{""Season"": ""2026"", ""SeasonType"": ""Regular Season"", ""Type"": ""Player""}",20260603T195605Z,2026-06-03T19:56:07+00:00,a2131c7ce6c50fc0026a58b12ee05366ba44ca1fcfa15aac94aa79c9b7e7d516,4.0,8.0,2.0,3.0,7.0,11.0,2.0,3.0,21.0,8.0,4.0,,,,1.0,0.6363636363636364,0.6666666666666666,0.6363636363636364,0.22448979591836735,,0.16326530612244897,0.5,0.5,1.0,0.42857142857142855,0.6666666666666666,1.0,0.5,24.045454545454547,3.0,3.0,3.0,,1.0,3.0,4.0,,,,,,0.75,,,0.061224489795918366,1.0,1.0,1.0,0.13043478260869565,0.043478260869565216,,,,,3.0,,1.0,,,,,,,,,,,,,,,,,,,,"[""single_row_table_data"", ""multi_row_table_data""]",{}
204296,1611661313,Rebecca Allen,Rebecca Allen,204296,NYL,611.0,5,10.0,-23.0,144,146,51.0,50.0,9,290,,1.0,,,,,,3.0,,1.0,,5.0,6.0,12.0,159,,,2.0,2.0,,3.0,4.0,10.0,,,,1.0,4.0,,4.0,,,3.0,1.0,,8.0,1.0,,4.0,3.0,1.0,8.0,1.0,9.0,,2.0,2.0,,,,,4.0,,,4.0,,,4.0,10.0,,1.0,1.0,3.0,,,6.0,,1.0,2.0,,1.0,1.0,,1.0,10.0,10.0,51.0,1.0,2.0,,,,,,94.44444444444444,108.9041095890411,,,,,,0.17647058823529413,,0.5,0.3,0.5,0.625,0.2,,0.3333333333333333,15.483870967741934,,0.125,0.08108108108108109,,0.15384615384615385,0.03225806451612903,0.1111111111111111,0.016666666666666666,,,,0.043478260869565216,,0.13333333333333333,0.0625,,0.16666666666666666,0.125,,0.058823529411764705,,,,0.17647058823529413,,,,0.058823529411764705,,,,,,,,,0.7647058823529411,0.50425,0.58065,0.4371083333333334,0.05555555555555555,0.16666666666666666,0.16666666666666666,0.8333333333333334,8.9,,,1.0,0.3541666666666667,player_totals,wnba,2026,Regular Season,/get-totals/wnba,"{""Season"": ""2026"", ""SeasonType"": ""Regular Season"", ""Type"": ""Player""}",20260603T195605Z,2026-06-03T19:56:07+00:00,645f64ff35f84e82affe58d8e383db007a0dd547d52a2c7b60ef46e885ea1cef,1.0,5.0,,,2.0,12.0,,1.0,6.0,5.0,1.0,,,,1.0,0.16666666666666666,,0.16666666666666666,0.7058823529411765,,0.29411764705882354,0.2,0.2,1.0,,,,0.2,23.958333333333332,1.0,7.0,1.0,1.0,2.0,2.0,3.0,,,1.0,,,0.6666666666666666,,,0.4117647058823529,0.14285714285714285,0.14285714285714285,1.0,0.16666666666666666,0.3333333333333333,0.5,,0.3,1.0,1.0,1.0,1.0,,,,,,,,,,,,,,,,,,,,"[""single_row_table_data"", ""multi_row_table_data""]",{}
1642802,1611661322,Lucy Olsen,Lucy Olsen,1642802,WAS,595.6,5,10.0,,79,82,35.0,46.0,6,161,,1.0,,,,1.0,4.0,7.0,,,4.0,8.0,2.0,16.0,91,1.0,2.0,,5.0,1.0,3.0,,5.0,2.0,6.0,,,7.0,1.0,8.0,1.0,,7.0,,,17.0,,1.0,1.0,1.0,,2.0,1.0,3.0,1.0,,,,,1.0,,2.0,,,2.0,,1.0,1.0,3.0,,,,2.0,,1.0,2.0,,1.0,,,,,,,11.0,5.0,35.0,1.0,,,,,,,115.18987341772151,110.97560975609757,0.25,0.25,0.5,0.5,0.3333333333333333,0.5833333333333334,0.625,0.625,0.6153846153846154,0.625,0.625,,,,17.045454545454547,,,0.05,0.05263157894736842,0.058823529411764705,,0.05405405405405406,0.03125,,0.07692307692307693,,,,,0.1111111111111111,,0.07142857142857142,,0.16666666666666666,0.08333333333333333,,,,0.5833333333333334,0.5714285714285714,0.5714285714285714,0.25,,,,,,,,0.25,,0.4166666666666667,0.48246666666666665,0.39935,0.4973625,0.07692307692307693,0.1111111111111111,0.3125,0.3125,8.7375,,0.6666666666666666,,0.4430379746835443,player_totals,wnba,2026,Regular Season,/get-totals/wnba,"{""Season"": ""2026"", ""SeasonType"": ""Regular Season"", ""Type"": ""Player""}",20260603T195605Z,2026-06-03T19:56:07+00:00,afc1e2082d10e1a4a050ee084d487fb6f35c61d584e752125701265832d403f1,1.0,2.0,1.0,1.0,2.0,4.0,1.0,2.0,6.0,2.0,1.0,,,,1.0,0.5,0.5,0.5,0.3333333333333333,,0.16666666666666666,0.5,0.5,1.0,0.25,1.0,1.0,0.5,24.375,1.0,2.0,1.0,,,1.0,1.0,,,1.0,,,1.0,,,0.16666666666666666,0.5,0.5,1.0,0.25,,,,,1.0,1.0,0.25,1.0,,,,,,,,,,,,,,,,,,,,"[""single_row_table_data"", ""multi_row_table_data""]",{}
1631006,1611661319,Kierstan Bell,Kierstan Bell,1631006,LVA,587.0,6,10.0,,158,161,23.0,44.0,17,319,,,,,,,,1.0,,3.0,,4.0,,6.0,159,,1.0,,,,,,,,,,,4.0,1.0,5.0,1.0,,2.0,1.0,1.0,11.0,1.0,,3.0,6.0,1.0,10.0,1.0,11.0,,3.0,2.0,1.0,,1.0,,2.0,,,2.0,,,2.0,5.0,,,,,,,,,,,3.0,,,1.0,3.0,6.0,,23.0,1.0,,,,,,,100.63291139240506,98.75776397515527,,,,,,0.2,,,0.2,,,,,,9.55056179775281,,0.25,0.11320754716981132,,0.09375,0.04,0.10588235294117647,0.015151515151515152,,,,0.058823529411764705,,,0.14814814814814814,0.2,0.10344827586206896,,,,,,,0.06666666666666667,,,,0.2,,,,,,,,,0.7333333333333333,0.5113,0.4385,0.533925,,,,,15.15,,1.0,0.3333333333333333,0.14556962025316456,player_totals,wnba,2026,Regular Season,/get-totals/wnba,"{""Season"": ""2026"", ""SeasonType"": ""Regular Season"", ""Type"": ""Player""}",20260603T195605Z,2026-06-03T19:56:07+00:00,a8ec8ee719c4098180f0718028cb5640f815bc1c43a1faaea25b9676938dd6d7,2.0,8.0,,,2.0,11.0,,1.0,6.0,8.0,2.0,2.0,1.0,,1.0,0.18181818181818182,,0.18181818181818182,0.7333333333333333,0.3333333333333333,0.5333333333333333,0.25,0.2857142857142857,1.0,,,,0.25,24.318181818181817,,3.0,,,2.0,,2.0,,1.0,,,,,0.09090909090909091,,0.2,,,,,1.0,,,0.2222222222222222,1.0,,0.5,,,,,,,,,,0.125,,,,,,,,,,,"[""single_row_table_data"", ""multi_row_table_data""]",{}
1642768,1611661317,Kyara Linskens,Kyara Linskens,1642768,PHX,527.7,9,9.0,-23.0,200,202,72.0,50.0,27,402,4.0,4.0,,,1.0,1.0,4.0,8.0,,3.0,8.0,15.0,7.0,38.0,219,,2.0,,3.0,2.0,3.0,4.0,11.0,16.0,,,,3.0,2.0,5.0,2.0,,1.0,2.0,,12.0,2.0,5.0,4.0,8.0,2.0,14.0,8.0,22.0,,7.0,3.0,4.0,1.0,1.0,1.0,3.0,,,4.0,1.0,1.0,9.0,14.0,,1.0,2.0,6.0,1.0,1.0,9.0,1.0,2.0,3.0,6.0,,,4.0,6.0,35.0,11.0,72.0,1.0,2.0,,,2.0,,,98.0,108.41584158415841,1.0,1.0,0.5333333333333333,,0.6666666666666666,0.5166666666666667,0.375,0.3888888888888889,0.5588235294117647,0.375,0.5,,,,16.521739130434785,0.25,0.5,0.14814814814814814,0.08928571428571429,0.125,0.041666666666666664,0.13953488372093023,0.0673076923076923,0.13333333333333333,0.09090909090909091,,,0.125,0.16666666666666666,0.1111111111111111,0.2,0.10714285714285714,0.25,,0.13333333333333333,1.0,1.0,1.0,0.26666666666666666,0.5,0.5,1.0,0.1,,,,,,,0.1111111111111111,1.0,0.6333333333333333,0.49955166666666667,0.5158875,0.5597444444444445,0.06451612903225806,0.125,0.07894736842105263,0.2894736842105263,8.446666666666667,,0.25,,0.36,player_totals,wnba,2026,Regular Season,/get-totals/wnba,"{""Season"": ""2026"", ""SeasonType"": ""Regular Season"", ""Type"": ""Player""}",20260603T195605Z,2026-06-03T19:56:07+00:00,bf6f1ed2e8212af983d2133023fc6bd5469cb29552412bd1a38898b5cdf0f5a0,3.0,7.0,,,5.0,15.0,1.0,2.0,15.0,7.0,3.0,2.0,2.0,,1.0,0.3333333333333333,0.5,0.3333333333333333,0.5,0.3333333333333333,0.23333333333333334,0.42857142857142855,0.42857142857142855,1.0,,,,0.42857142857142855,23.953333333333333,2.0,8.0,4.0,,2.0,1.0,6.0,,,,,,0.16666666666666666,,,0.26666666666666666,0.25,0.25,1.0,0.4444444444444444,0.2222222222222222,,,0.1,2.0,1.0,0.5,0.25,1.0,,0.2,,,,,,,,1.0,0.5,1.0,,,,,,,"[""single_row_table_data"", ""multi_row_table_data""]",{}
1643487,1611661317,Quionche Carter,Quionche Carter,1643487,PHX,500.0,4,8.0,-19.0,56,59,10.0,3.0,5,115,1.0,1.0,,,,,1.0,3.0,,,2.0,4.0,4.0,8.0,74,,,,,,,,,4.0,,,2.0,2.0,1.0,3.0,1.0,,,2.0,,7.0,,,,2.0,,2.0,,2.0,,1.0,1.0,,,,,,,,,,,,1.0,,,,3.0,1.0,,5.0,,2.0,,,,,,,8.0,,10.0,,,,,,,,98.21428571428571,125.42372881355932,1.0,1.0,0.5,,,0.3333333333333333,,,0.4375,,,0.5,,0.6666666666666666,13.114754098360656,,,0.125,,,,0.08333333333333333,,,,,,,,0.3333333333333333,,,,,0.16666666666666666,1.0,1.0,1.0,0.5,0.3333333333333333,1.0,1.0,,,,,,,,,,0.5,0.48745,,,0.25,0.3333333333333333,,,4.625,,0.5,,0.17857142857142858,player_totals,wnba,2026,Regular Season,/get-totals/wnba,"{""Season"": ""2026"", ""SeasonType"": ""Regular Season"", ""Type"": ""Player""}",20260603T195605Z,2026-06-03T19:56:07+00:00,b68579679bbefd1fc7413dc3a41dd9985050ee9f1b82ba4c65d7b7afe82534c8,,1.0,,,,2.0,,,,1.0,,,,,,,,,0.3333333333333333,,0.16666666666666666,,,,,,,,23.75,,1.0,,,,,,,,,,,,,,0.16666666666666666,,,,,,,,,,,,,,,,,1.0,,,,,,,,,,,,,,,"[""single_row_table_data"", ""multi_row_table_data""]",{}
1642775,1611661322,Alex Wilson,Alex Wilson,1642775,WAS,475.0999999999999,4,8.0,-21.0,115,116,39.0,45.0,17,231,2.0,3.0,1.0,2.0,,1.0,,1.0,,,2.0,4.0,2.0,12.0,123,1.0,2.0,,2.0,,1.0,2.0,2.0,2.0,2.0,2.0,,2.0,1.0,3.0,,1.0,1.0,1.0,,7.0,3.0,2.0,1.0,1.0,,2.0,5.0,7.0,1.0,,,,2.0,,2.0,,,,2.0,,1.0,3.0,7.0,,,,5.0,,3.0,3.0,,,,1.0,,,,1.0,10.0,2.0,39.0,2.0,,,6.0,4.0,,,88.69565217391305,106.0344827586207,0.5,1.0,0.5,0.5,,0.3333333333333333,0.3333333333333333,,0.375,0.3333333333333333,0.14285714285714285,,,,13.13868613138686,1.0,,0.030303030303030304,0.0625,0.04,0.11538461538461539,0.034482758620689655,0.08620689655172414,0.06666666666666667,0.08333333333333333,,0.13636363636363635,,0.1111111111111111,,,0.058823529411764705,,0.1,0.2,0.6666666666666666,0.6666666666666666,0.5,0.06666666666666667,,,,,,,,0.6666666666666666,0.5,,0.16666666666666666,,0.9333333333333333,0.5229733333333333,0.7404,0.489425,0.0625,,0.16666666666666666,0.16666666666666666,2.275,1.0,,,0.3391304347826087,player_totals,wnba,2026,Regular Season,/get-totals/wnba,"{""Season"": ""2026"", ""SeasonType"": ""Regular Season"", ""Type"": ""Player""}",20260603T195605Z,2026-06-03T19:56:07+00:00,5766739ced44f1db322144d1efeea774cef24d7a6cc9d0658425b4e3083d4219,,8.0,,1.0,2.0,11.0,,1.0,6.0,8.0,,1.0,1.0,,1.0,0.18181818181818182,,0.18181818181818182,0.7333333333333333,1.0,0.5333333333333333,,,,0.3333333333333333,,,,26.072727272727274,2.0,3.0,,,5.0,,5.0,,,,1.0,,,,,0.2,0.6666666666666666,0.6666666666666666,1.0,,0.8333333333333334,,0.08333333333333333,0.125,,,,,,,,,,,,,,,,,,,,,,,,"[""single_row_table_data"", ""multi_row_table_data""]",{}
1628882,1611661328,Lexie Brown,Lexie Brown,1628882,SEA,473.80000000000007,10,8.0,-40.0,295,296,86.0,87.0,29,591,2.0,3.0,,,,,1.0,2.0,,1.0,3.0,6.0,5.0,38.0,337,,1.0,,,,1.0,2.0,5.0,2.0,4.0,,1.0,6.0,5.0,11.0,4.0,1.0,3.0,2.0,1.0,27.0,,1.0,6.0,6.0,,12.0,1.0,13.0,,5.0,5.0,,5.0,2.0,3.0,5.0,,2.0,10.0,1.0,3.0,8.0,13.0,,,2.0,10.0,,3.0,6.0,1.0,2.0,,1.0,,,,1.0,38.0,5.0,86.0,1.0,,,1.0,1.0,,,100.6779661016949,113.85135135135135,0.3333333333333333,0.3333333333333333,0.5,,,0.6346153846153846,,0.375,0.6785714285714286,,0.5,0.16666666666666666,0.3333333333333333,,11.62079510703364,0.5,,0.06976744186046512,0.015151515151515152,0.13043478260869565,,0.09090909090909091,0.007751937984496124,,,0.0625,,,0.06666666666666667,,0.25,0.05405405405405406,0.4444444444444444,,0.11538461538461539,0.6666666666666666,1.0,0.5,0.07692307692307693,0.5,0.5,,0.038461538461538464,,,,,,,,,0.8846153846153846,0.523148076923077,0.492725,0.4640125,0.10714285714285714,0.2857142857142857,,0.13157894736842105,6.183333333333334,,,1.0,0.29152542372881357,player_totals,wnba,2026,Regular Season,/get-totals/wnba,"{""Season"": ""2026"", ""SeasonType"": ""Regular Season"", ""Type"": ""Player""}",20260603T195605Z,2026-06-03T19:56:07+00:00,bbb6b3cbd80ae191cedae5f3f609bbd157f10d4234432b2fab15ce928d42b240,8.0,17.0,,1.0,9.0,20.0,,1.0,27.0,17.0,8.0,1.0,,,1.0,0.45,,0.45,0.7692307692307693,,0.6538461538461539,0.47058823529411764,0.47058823529411764,1.0,0.5,,,0.47058823529411764,24.830000000000002,1.0,3.0,1.0,,2.0,1.0,3.0,,,1.0,1.0,,0.3333333333333333,,,0.11538461538461539,0.3333333333333333,0.3333333333333333,1.0,0.25,0.5,,0.047619047619047616,0.09090909090909091,,1.0,,1.0,,,,1.0,,,,,,,,,,,,,,,,"[""single_row_table_data"", ""multi_row_table_data""]",{}
203024,1611661325,Damiris Dantas,Damiris Dantas,203024,IND,444.20000000000005,4,7.0,12.0,79,79,41.0,40.0,11,158,1.0,1.0,1.0,1.0,,,,,1.0,1.0,2.0,2.0,,16.0,80,1.0,1.0,,2.0,,,,,4.0,,,,1.0,,1.0,,,1.0,,,2.0,,,2.0,1.0,1.0,4.0,,4.0,,1.0,1.0,,2.0,,1.0,1.0,,1.0,3.0,,2.0,2.0,11.0,,,1.0,2.0,1.0,,,,,,2.0,,,2.0,2.0,14.0,,41.0,3.0,,2.0,-16.0,5.0,,3.0,116.45569620253164,101.26582278481013,1.0,1.0,1.0,1.0,,0.7272727272727273,0.3333333333333333,,0.7272727272727273,0.3333333333333333,,,,,15.217391304347826,0.6666666666666666,0.2,0.06666666666666667,,0.14285714285714285,,0.10344827586206896,,,,,,,,0.1,,0.2222222222222222,,,0.09090909090909091,1.0,1.0,1.0,,,,,0.09090909090909091,1.0,1.0,1.0,0.3333333333333333,1.0,1.0,,,0.9090909090909091,0.5314272727272727,0.627,0.56157,,,0.125,,8.35,,,,0.5189873417721519,player_totals,wnba,2026,Regular Season,/get-totals/wnba,"{""Season"": ""2026"", ""SeasonType"": ""Regular Season"", ""Type"": ""Player""}",20260603T195605Z,2026-06-03T19:56:07+00:00,5ab5e7dd6a9a2661e8e533b3a98422d425c2f62bde06c5ff986722320dd4c462,4.0,8.0,,2.0,4.0,9.0,,2.0,12.0,8.0,4.0,,1.0,2.0,1.0,0.4444444444444444,,0.4444444444444444,0.8181818181818182,0.5,0.7272727272727273,0.5,0.5,1.0,0.6666666666666666,,,0.5,24.966666666666665,,1.0,1.0,,4.0,,5.0,,,,,1.0,,,,0.09090909090909091,,,,0.2,0.8,,,0.6,,,,,,,,,,,,,,,,,,,,,,,,"[""single_row_table_data"", ""multi_row_table_data""]",{}
1643458,1611661329,Saylor Poffenbarger,Saylor Poffenbarger,1643458,CHI,403.0,2,7.0,-2.0,14,16,8.0,7.0,2,30,,,,,,,,,,,,,,,13,,,,,,,,,,,,,,,,,,,,,,1.0,,1.0,,1.0,2.0,1.0,3.0,,1.0,1.0,,,,,,,,,,,1.0,1.0,,,,,,,,,,,,,,,,,,8.0,,,,,,,,78.57142857142857,81.25,,,,,,,,,,,,,,,,,1.0,,,0.3333333333333333,0.3333333333333333,0.14285714285714285,0.14285714285714285,,,,0.3333333333333333,,,,,,0.3333333333333333,,,,,,,,,,,,,,,,,,,,,,,,,,,,,,,0.5714285714285714,player_totals,wnba,2026,Regular Season,/get-totals/wnba,"{""Season"": ""2026"", ""SeasonType"": ""Regular Season"", ""Type"": ""Player""}",20260603T195605Z,2026-06-03T19:56:07+00:00,f8176c0b6642b6c50c25f47613d8668e24860693ef85950494e33d9d6c27b41a,,,,,,,,,,,,,,,,,,,,,,,,,,,,,,,,,,,,,,,,,,,,,,,,,,,,,,,,,,,,,,,,,,,,,,,,,,,,,"[""single_row_table_data"", ""multi_row_table_data""]",{}
1628278,1611661325,Shatori Walker-Kimbrough,Shatori Walker-Kimbrough,1628278,IND,392.0,2,7.0,-14.0,15,15,10.0,10.0,3,30,,,,,,,,,,1.0,,1.0,,,17,,1.0,,,,,,,,,,,,,,,,,,,,,,,,,,,,,,,,1.0,,1.0,,,,1.0,,,,,,,,,,,,,,,,,,,,,,10.0,,,,,,,,20.0,113.33333333333334,,,,,,,,,,,,,,,11.11111111111111,1.0,,,,,,,,,,,,,,,,,,,,,,,,,,,1.0,,,,,,,,,,0.3872,0.3872,,,,,,17.3,,,,0.6666666666666666,player_totals,wnba,2026,Regular Season,/get-totals/wnba,"{""Season"": ""2026"", ""SeasonType"": ""Regular Season"", ""Type"": ""Player""}",20260603T195605Z,2026-06-03T19:56:07+00:00,6e1f677a6ec0e50503e514d66d702c74b329146f97621da9934afccabd6a4257,,,,,,,,,,,,,,,,,,,,,,,,,,,,,,,,,,,,,,,,,,,,,,,,,,,,,,,,,,,,,,,,,,,,,,,,,,,,,"[""single_row_table_data"", ""multi_row_table_data""]",{}
1629574,1611661321,Li Yueru,Li Yueru,1629574,DAL,369.20000000000005,6,6.0,13.0,96,99,42.0,47.0,12,195,1.0,4.0,1.0,4.0,1.0,1.0,,1.0,,,1.0,5.0,8.0,13.0,105,1.0,4.0,3.0,5.0,1.0,1.0,6.0,8.0,,2.0,2.0,1.0,2.0,1.0,3.0,1.0,,1.0,,1.0,7.0,2.0,5.0,3.0,5.0,,8.0,8.0,16.0,2.0,1.0,1.0,,,,,1.0,,,1.0,,1.0,2.0,4.0,,,,10.0,,,12.0,,3.0,3.0,,,,,,8.0,8.0,42.0,,3.0,,,,,,122.91666666666667,106.06060606060606,,,0.2,0.25,1.0,0.22727272727272727,0.25,0.3333333333333333,0.38235294117647056,0.4166666666666667,0.5714285714285714,0.2,,1.0,16.363636363636363,,,0.20833333333333334,0.2,0.16666666666666666,0.1111111111111111,0.19047619047619047,0.16279069767441862,0.5,0.1,0.1111111111111111,0.11764705882352941,,0.15384615384615385,0.3,,0.2,,0.25,0.36363636363636365,0.25,0.25,,0.09090909090909091,,,,,,,,1.0,0.25,,0.3333333333333333,1.0,0.9090909090909091,0.5487772727272727,0.6222,0.52015,0.21428571428571427,0.375,0.38461538461538464,0.6153846153846154,2.94,1.0,,,0.4375,player_totals,wnba,2026,Regular Season,/get-totals/wnba,"{""Season"": ""2026"", ""SeasonType"": ""Regular Season"", ""Type"": ""Player""}",20260603T195605Z,2026-06-03T19:56:07+00:00,dbb0e4e196a45457e113264c354d94dd2c7601dc12b365ca87b5deaecdef0c97,1.0,6.0,,,1.0,6.0,,,3.0,6.0,1.0,,,,1.0,0.16666666666666666,,0.16666666666666666,0.5454545454545454,,0.5454545454545454,0.16666666666666666,0.16666666666666666,1.0,,,,0.16666666666666666,25.400000000000002,,,,,2.0,,2.0,,,1.0,,,,,,,,,,,0.6666666666666666,,,,,,,,1.0,,0.14285714285714285,,,,,,,,,,,,,,,,,"[""single_row_table_data"", ""multi_row_table_data""]",{}
1631039,1611661331,Miela Sowah,Miela Sowah,1631039,GSV,347.0,2,6.0,-10.0,12,14,9.0,14.0,2,26,,,,,,,,,,,,,,,20,,,,,,,,,,,,,,,,,,,,,,,,,,,,,,,,,,,,,,,,,,,,1.0,,,,,,,,,,,,,,,,,,9.0,1.0,,,,,,,83.33333333333334,142.85714285714283,,,,,,,,,,,,,,,14.285714285714285,,,,,,,,,,,,,,,,,,,,,,,,,,,,,,,,,,,,,1.0,0.473775,,0.4251,,,,,,,,,0.75,player_totals,wnba,2026,Regular Season,/get-totals/wnba,"{""Season"": ""2026"", ""SeasonType"": ""Regular Season"", ""Type"": ""Player""}",20260603T195605Z,2026-06-03T19:56:07+00:00,3e88f637bcd3d3a67b21104b9d05441a4f4ae94b0518a168673c5d760b4a2c5e,,,,,,2.0,,,,,,,,,,,,,1.0,,,,,,,,,,22.4,,2.0,1.0,,,,1.0,,,,,,,,,1.0,,,,1.0,,,,0.5,,,,,,,,,,,,,,,,,,,,,,,,"[""single_row_table_data"", ""multi_row_table_data""]",{}
1630138,1611661317,Peyton Williams,Peyton Williams,1630138,PHX,346.0,1,6.0,-1.0,12,12,,,1,24,,,,,,,,1.0,,,,1.0,,,13,,,,,,,,,,,,1.0,,2.0,2.0,2.0,,,,,6.0,,,,,,,,,,,,,,,,,,,,,,,,,,,,,,,,,,1.0,,,1.0,1.0,,,,,,,,,,,100.0,108.33333333333334,,,,,,,,,,,,1.0,,1.0,7.692307692307692,,,,,,,,,,,,,,,,,,,,,,,,1.0,,,,,,,,,,,,,,0.3879,,,,,,,5.4,,1.0,,,player_totals,wnba,2026,Regular Season,/get-totals/wnba,"{""Season"": ""2026"", ""SeasonType"": ""Regular Season"", ""Type"": ""Player""}",20260603T195605Z,2026-06-03T19:56:07+00:00,d0eec200d1b7c25f2793748b9eef1bf3046649179e4384b5e6e6d2a1132977f3,,,,,,,,,,,,,1.0,,,,,,,1.0,,,,,,,,,,,,,,,,,,,,,,,,,,,,,,,,,,,,,,,,,,,,,,,,,,,,,,,,,"[""single_row_table_data"", ""multi_row_table_data""]",{}
1630108,1611661332,Mariella Fasoula,Mariella Fasoula,1630108,TOR,319.0,3,5.0,-2.0,30,30,22.0,18.0,6,60,1.0,3.0,1.0,1.0,,2.0,1.0,1.0,,1.0,2.0,5.0,,4.0,35,1.0,1.0,,2.0,1.0,4.0,,2.0,4.0,,,1.0,,1.0,1.0,1.0,,,,,3.0,1.0,,2.0,,,2.0,1.0,3.0,,1.0,1.0,,1.0,1.0,,1.0,,1.0,2.0,1.0,1.0,2.0,5.0,,,,1.0,,,,,,,2.0,,,,2.0,2.0,2.0,22.0,,,,,,,,110.0,116.66666666666667,1.0,1.0,0.4,1.0,0.25,0.4,1.0,0.25,0.4,1.0,0.25,0.2,0.3333333333333333,,18.91891891891892,0.5,,,,0.4,0.125,0.16666666666666666,0.058823529411764705,,,,,0.5,,,,0.4,,,0.6,0.3333333333333333,0.5,1.0,0.2,1.0,1.0,1.0,0.2,,,,1.0,1.0,1.0,0.5,,0.6,0.5048600000000001,0.6279,0.4741,,,0.5,0.5,5.9799999999999995,0.5,,,0.7333333333333333,player_totals,wnba,2026,Regular Season,/get-totals/wnba,"{""Season"": ""2026"", ""SeasonType"": ""Regular Season"", ""Type"": ""Player""}",20260603T195605Z,2026-06-03T19:56:07+00:00,ee81c431bb9bd58068e00eb5f735e0c41923a902b15cfab44e57a3c97f542a9d,,,,,,,,,,,,2.0,1.0,,,,,,,0.5,,,,,,,,,,,,,,,,,,,,,,,,,,,,,,,,,,,,,,,,,,,,,,,,,,,,,,,,,"[""single_row_table_data"", ""multi_row_table_data""]",{}
1641695,1611661331,Ashten Prechtel,Ashten Prechtel,1641695,GSV,288.0,1,5.0,-2.0,11,12,11.0,12.0,3,23,1.0,1.0,,,1.0,1.0,,,,,1.0,1.0,,5.0,16,,,,,1.0,1.0,,5.0,2.0,,,,,,,,,,,,,,1.0,,,,,1.0,1.0,,,,,1.0,,,,,1.0,1.0,1.0,1.0,,,,,,,,,,,,,,,,,,5.0,5.0,11.0,,,,,,,,127.27272727272727,133.33333333333334,1.0,1.0,1.0,,1.0,0.8333333333333334,,0.8333333333333334,0.8333333333333334,,0.8333333333333334,,,,30.769230769230766,1.0,,,1.0,,,,0.25,,,1.0,,,,,,,,,0.3333333333333333,1.0,1.0,1.0,,,,,,,,,,,,0.3333333333333333,1.0,1.0,0.6037166666666667,,0.6037166666666667,,,,1.0,1.8,,,,1.0,player_totals,wnba,2026,Regular Season,/get-totals/wnba,"{""Season"": ""2026"", ""SeasonType"": ""Regular Season"", ""Type"": ""Player""}",20260603T195605Z,2026-06-03T19:56:07+00:00,b224e4a5da6438c5b37d45e390713b954e7f3b77fb67ac4d56f688a4347557a2,1.0,1.0,,,1.0,2.0,,,3.0,1.0,1.0,,,,1.0,0.5,,0.5,0.6666666666666666,,0.3333333333333333,1.0,1.0,1.0,,,,1.0,22.85,,1.0,1.0,1.0,1.0,1.0,2.0,,1.0,,,,0.5,0.5,1.0,0.3333333333333333,,,,0.3333333333333333,0.3333333333333333,1.0,,1.0,,,,,,,,,,,,,,,,,,,,,,,,"[""single_row_table_data"", ""multi_row_table_data""]",{}
1630115,1611661328,Joyner Holmes,Joyner Holmes,1630115,SEA,284.0,1,5.0,-2.0,28,29,11.0,13.0,5,57,,2.0,,,,1.0,1.0,1.0,,,1.0,3.0,,2.0,22,,,,,,1.0,,,2.0,,,1.0,1.0,,1.0,,,1.0,,,2.0,1.0,,,3.0,1.0,4.0,1.0,5.0,,,,,2.0,,2.0,,,,2.0,,,1.0,1.0,,,,,,,,,,,3.0,,,2.0,3.0,2.0,,11.0,,,,,,,,71.42857142857142,75.86206896551725,1.0,1.0,0.3333333333333333,,,0.25,,,0.25,,,0.3333333333333333,0.5,,17.64705882352941,1.0,1.0,0.25,,,0.125,0.16666666666666666,0.058823529411764705,,,,,0.25,,0.25,1.0,,,,0.5,,,,0.25,1.0,1.0,1.0,,,,,,,,1.0,,0.75,0.474525,,0.4724,,,,,4.033333333333333,0.5,,,0.39285714285714285,player_totals,wnba,2026,Regular Season,/get-totals/wnba,"{""Season"": ""2026"", ""SeasonType"": ""Regular Season"", ""Type"": ""Player""}",20260603T195605Z,2026-06-03T19:56:07+00:00,86ee3e147ee7a1dfb64b35082f65f4bcd5a28d7cc50ce1c346de5b9fd0603c13,,,,,,1.0,,1.0,,,,1.0,1.0,,,,,,0.25,0.3333333333333333,,,,,,,,,24.0,,1.0,,,,,,,,,,,,,,0.25,,,,,,,,,1.0,,1.0,,,,,,,,,,,,,,,,,,,,,"[""single_row_table_data"", ""multi_row_table_data""]",{}
1630461,1611661317,Kiana Williams,Kiana Williams,1630461,PHX,282.5999999999999,8,5.0,-12.0,212,207,49.0,44.0,23,419,2.0,4.0,,,,1.0,1.0,3.0,,1.0,3.0,8.0,5.0,38.0,229,,,,3.0,1.0,3.0,,17.0,2.0,4.0,,2.0,3.0,1.0,4.0,1.0,,2.0,,1.0,9.0,,,1.0,2.0,,3.0,,3.0,,4.0,2.0,2.0,4.0,,4.0,2.0,,,6.0,,,2.0,10.0,1.0,1.0,,3.0,,,5.0,,1.0,,1.0,,,,1.0,35.0,17.0,49.0,1.0,,,,,,,102.35849056603773,110.62801932367151,0.3333333333333333,0.3333333333333333,0.375,,0.3333333333333333,0.5,0.75,0.6538461538461539,0.5428571428571428,0.75,0.6538461538461539,0.25,0.25,,17.372881355932204,0.6666666666666666,,0.037037037037037035,,0.02631578947368421,,0.03260869565217391,,,,,,,0.04,,0.09090909090909091,0.03225806451612903,,,0.12121212121212122,0.5,0.6666666666666666,0.5,0.09090909090909091,0.3333333333333333,0.3333333333333333,,0.030303030303030304,,,,,,,0.07692307692307693,,0.8787878787878788,0.525121875,0.563475,0.4718541666666667,0.029411764705882353,0.1111111111111111,0.07894736842105263,0.4473684210526316,6.3875,,0.5,1.0,0.23113207547169812,player_totals,wnba,2026,Regular Season,/get-totals/wnba,"{""Season"": ""2026"", ""SeasonType"": ""Regular Season"", ""Type"": ""Player""}",20260603T195605Z,2026-06-03T19:56:07+00:00,638c34a0b37739d829c234c3684bf88b81be50fa2e90f09abccbadc7ad6d8769,5.0,19.0,1.0,2.0,9.0,25.0,1.0,2.0,18.0,19.0,5.0,1.0,,,0.6666666666666666,0.36,0.5,0.36,0.7575757575757576,,0.5757575757575758,0.2631578947368421,0.2631578947368421,0.4,1.0,0.5,,0.2631578947368421,26.131999999999998,4.0,6.0,2.0,3.0,8.0,5.0,10.0,9.0,,1.0,1.0,,0.5,,,0.18181818181818182,0.6666666666666666,0.6666666666666666,1.0,0.15384615384615385,0.6153846153846154,0.375,,0.1875,,2.0,,1.0,,,,,,,1.0,,,,,,,,,,,,,"[""single_row_table_data"", ""multi_row_table_data""]",{}
1643647,1611661332,Tima Pouye,Tima Pouye,1643647,TOR,213.0,1,4.0,-2.0,6,6,3.0,1.0,1,12,,,,,,,,,,,,,2.0,2.0,6,,,,,,,,,,,,,,,,,,,,,,,,,,,,,,,,,,,,,,,,,,,,,,,,1.0,,,2.0,,1.0,,,,,,,2.0,,3.0,,,,,,,,66.66666666666667,100.0,,,,,,,,,1.0,,,,,,14.285714285714285,,,,,,,,,,,,,,,,,,,,,,,,,,,,,,,,,,,,,,,,,1.0,1.0,,,,,,,0.5,player_totals,wnba,2026,Regular Season,/get-totals/wnba,"{""Season"": ""2026"", ""SeasonType"": ""Regular Season"", ""Type"": ""Player""}",20260603T195605Z,2026-06-03T19:56:07+00:00,9416ba1bc1140551230dd587dd5bcb1ab19550e0f8938eaee98b86eaa484af39,,,,,,,,,,,,,,,,,,,,,,,,,,,,,,,,,,,,,,,,,,,,,,,,,,,,,,,,,,,,,,,,,,,,,,,,,,,,,"[""single_row_table_data"", ""multi_row_table_data""]",{}
1643473,1611661328,Taina Mair,Taina Mair,1643473,SEA,192.0,1,3.0,-1.0,4,5,2.0,,2,9,,,,,,,,,,1.0,,1.0,,,6,,,,,,1.0,,,,,,,1.0,,1.0,,,,1.0,,2.0,,,,,,,,,,,,,,,,,,,,,,,,,,,1.0,1.0,,,,,,,,,,,,,2.0,,,,,,,,125.0,120.0,,,,,,,,,,,,,,,14.285714285714285,,,,,,,,,,,,,,,,,,,,,,,,,,,,1.0,,,,,,,,,,0.3517,,0.3517,,,,,16.1,,,1.0,0.5,player_totals,wnba,2026,Regular Season,/get-totals/wnba,"{""Season"": ""2026"", ""SeasonType"": ""Regular Season"", ""Type"": ""Player""}",20260603T195605Z,2026-06-03T19:56:07+00:00,116a410dd3445e9e122d521b4ec591631759f71e13ea7100cd395447fd58f561,,,,,,,,,,,,,,,,,,,,,,,,,,,,,,,,,,,,,,,,,,,,,,,,,,,,,,,,,,,,,,,,,,,,,,,,,,,,,"[""single_row_table_data"", ""multi_row_table_data""]",{}
1643457,1611661332,Teonni Key,Teonni Key,1643457,TOR,191.0,9,3.0,-13.0,203,205,85.0,89.0,21,408,6.0,10.0,2.0,3.0,3.0,4.0,1.0,3.0,,,7.0,13.0,4.0,27.0,242,2.0,3.0,2.0,6.0,3.0,6.0,2.0,14.0,10.0,4.0,2.0,1.0,,2.0,2.0,2.0,,,,,6.0,3.0,8.0,4.0,6.0,1.0,11.0,11.0,22.0,1.0,3.0,2.0,1.0,5.0,,1.0,2.0,,4.0,7.0,2.0,3.0,6.0,17.0,1.0,4.0,1.0,9.0,3.0,1.0,8.0,,3.0,1.0,6.0,,,3.0,6.0,21.0,14.0,85.0,5.0,1.0,,1.0,1.0,-9.0,7.0,112.80788177339903,118.04878048780489,0.7142857142857143,0.8333333333333334,0.5384615384615384,0.6666666666666666,0.5,0.5227272727272727,0.6666666666666666,0.5454545454545454,0.5192307692307693,0.5,0.5384615384615384,0.07692307692307693,0.1,,14.285714285714285,0.7142857142857143,0.16666666666666666,0.1,0.1568627450980392,0.0975609756097561,0.06521739130434782,0.09900990099009901,0.1134020618556701,0.18181818181818182,0.16666666666666666,0.09090909090909091,0.08571428571428572,,0.12121212121212122,0.09523809523809523,,0.10344827586206896,0.08333333333333333,0.09090909090909091,0.45454545454545453,0.6,0.6666666666666666,0.6666666666666666,0.13636363636363635,0.3333333333333333,0.3333333333333333,1.0,,,,,1.0,0.6666666666666666,0.5,0.36363636363636365,0.75,0.8636363636363636,0.5398295454545455,0.5688,0.5155136363636363,0.12,0.1875,0.2222222222222222,0.5185185185185185,3.646153846153846,0.25,,,0.4187192118226601,player_totals,wnba,2026,Regular Season,/get-totals/wnba,"{""Season"": ""2026"", ""SeasonType"": ""Regular Season"", ""Type"": ""Player""}",20260603T195605Z,2026-06-03T19:56:07+00:00,f9d4c34ae8176fabaeb991ef3eb97513b383f438df7de1d66d4a08456c4a93f7,,2.0,,,3.0,9.0,,,9.0,2.0,,3.0,4.0,,1.0,0.3333333333333333,,0.3333333333333333,0.4090909090909091,0.6666666666666666,0.09090909090909091,,,,,,,,23.5,3.0,7.0,3.0,,2.0,2.0,5.0,,,,,1.0,0.4,,,0.3181818181818182,0.42857142857142855,0.42857142857142855,1.0,0.2727272727272727,0.18181818181818182,,,,,2.0,,0.6666666666666666,,,,,,,,,,,,,,,,,,,,"[""single_row_table_data"", ""multi_row_table_data""]",{}
1642790,1611661320,Sania Feagin,Sania Feagin,1642790,LAS,179.0,1,3.0,-4.0,7,7,,4.0,1,14,,,,,,,,,,,,,,,11,,,,,,,,,,,,,,,,,,,,,,,,,,,,,,,,,,,,,,,,,,,1.0,1.0,,,,,,,,,,,,,,,,,,,,,,,,,,99.99999999999999,157.14285714285714,,,,,,,,,,,,,,,,,,,,,,,,,,,,,,,,,,,,,,,,,,,,,,,,,,,,,,,,,,,,,,,,,player_totals,wnba,2026,Regular Season,/get-totals/wnba,"{""Season"": ""2026"", ""SeasonType"": ""Regular Season"", ""Type"": ""Player""}",20260603T195605Z,2026-06-03T19:56:07+00:00,7bf7f0ac293e19f640f116f0cc96f1fde6302d153d5651b5b14f23895060cb12,,,,,,,,,,,,,,,,,,,,,,,,,,,,,,,,,,,,,,,,,,,,,,,,,,,,,,,,,,,,,,,,,,,,,,,,,,,,,"[""single_row_table_data"", ""multi_row_table_data""]",{}
1643443,1611661328,Awa Fam,Awa Fam,1643443,SEA,170.50000000000003,4,3.0,-33.0,180,183,75.0,68.0,24,363,6.0,10.0,1.0,1.0,4.0,6.0,4.0,11.0,3.0,6.0,13.0,27.0,5.0,31.0,177,3.0,4.0,2.0,8.0,6.0,12.0,5.0,17.0,24.0,2.0,2.0,2.0,1.0,,1.0,,,1.0,,,2.0,4.0,4.0,4.0,6.0,1.0,11.0,8.0,19.0,,5.0,5.0,,3.0,,1.0,4.0,,2.0,7.0,,2.0,7.0,13.0,,,4.0,8.0,1.0,,7.0,1.0,1.0,3.0,,1.0,1.0,,1.0,23.0,17.0,75.0,,3.0,,7.0,10.0,-3.0,,80.0,96.72131147540983,0.9230769230769231,1.0,0.48148148148148145,0.75,0.5,0.40625,0.6,0.46153846153846156,0.44285714285714284,0.6666666666666666,0.53125,0.07407407407407407,0.2,,20.19230769230769,0.42857142857142855,0.125,0.09523809523809523,0.07142857142857142,0.1,0.10526315789473684,0.0970873786407767,0.0851063829787234,0.058823529411764705,0.03571428571428571,0.18181818181818182,0.06451612903225806,0.2857142857142857,0.13333333333333333,0.05555555555555555,0.16666666666666666,0.09375,0.125,,0.3125,0.6,0.75,0.8333333333333334,0.34375,0.36363636363636365,0.36363636363636365,1.0,0.1875,0.5,0.5,1.0,0.2,1.0,,0.46153846153846156,0.6666666666666666,0.46875,0.4828125,0.5080333333333333,0.5078192307692307,0.03125,0.037037037037037035,0.25806451612903225,0.5483870967741935,7.555555555555555,0.25,0.14285714285714285,0.6666666666666666,0.4166666666666667,player_totals,wnba,2026,Regular Season,/get-totals/wnba,"{""Season"": ""2026"", ""SeasonType"": ""Regular Season"", ""Type"": ""Player""}",20260603T195605Z,2026-06-03T19:56:07+00:00,43b7fe765c273f42c1178bcf9edd82fdf6eff1687058557a5fbde32724323850,,5.0,,1.0,,5.0,,1.0,,5.0,,,,1.0,,,,,0.15625,,0.15625,,,,0.2,,,,25.7,,,,,1.0,,1.0,,,,,2.0,,,,,,,,,0.07692307692307693,,,,,,,,,,,,,,,,,,,,,,,,,,,"[""single_row_table_data"", ""multi_row_table_data""]",{}
1628242,1611661320,Emma Cannon,Emma Cannon,1628242,LAS,154.0,2,3.0,2.0,6,5,,4.0,1,11,,,,,,,,,,,,,,3.0,6,,,,,,,,,,,,,,,,,,,,,,,,,,,,,,,,,,1.0,,1.0,1.0,,,2.0,,,,2.0,,1.0,1.0,,,,,,,,,,,,,3.0,,,,,,,,,,133.33333333333334,120.0,,,,,,1.5,,,1.5,,,,,,37.5,0.5,,,,,,,,,,,,,,,,,,,,,,,,,,,,,,,,,,,,1.0,0.53205,,,,,,,,,,,,player_totals,wnba,2026,Regular Season,/get-totals/wnba,"{""Season"": ""2026"", ""SeasonType"": ""Regular Season"", ""Type"": ""Player""}",20260603T195605Z,2026-06-03T19:56:07+00:00,d011f1d9a68ca7107dcb87809b412a4994a37219fdac1c48368d4c61bcb0fb3c,1.0,1.0,,,1.0,1.0,,,3.0,1.0,1.0,,,,1.0,1.0,,1.0,1.0,,1.0,1.0,1.0,1.0,,,,1.0,23.7,,,,,,,,,,,,,,,,,,,,,,,,,,,,,,,,,,,,,,,,,,,,,,,,"[""single_row_table_data"", ""multi_row_table_data""]",{}
1630384,1611661313,Raquel Carrera,Raquel Carrera,1630384,NYL,154.0,2,3.0,-5.0,3,7,1.0,5.0,1,10,,,,,,,,,,,,,,,7,,,,,,,,,,,,,1.0,,1.0,,,,1.0,,2.0,,,,,,,,,,,,,,,,,,,,,,1.0,1.0,,,,,,,,,,,,,,,,,,1.0,,,,,,,,66.66666666666667,99.99999999999999,,,,,,,,,,,,,,,,,,,,,,,,,,,,,,,,,,,,,,,,,,,,,,,,,,,,,,,,,,,,,,,,0.3333333333333333,player_totals,wnba,2026,Regular Season,/get-totals/wnba,"{""Season"": ""2026"", ""SeasonType"": ""Regular Season"", ""Type"": ""Player""}",20260603T195605Z,2026-06-03T19:56:07+00:00,105106cbfabed9fa0e55df68e778e43e7d62a7be99d6a1fea315bb660be6b7e9,,,,,,,,,,,,,,,,,,,,,,,,,,,,,,,,,,,,,,,,,,,,,,,,,,,,,,,,,,,,,,,,,,,,,,,,,,,,,"[""single_row_table_data"", ""multi_row_table_data""]",{}
1629566,1611661313,Han Xu,Han Xu,1629566,NYL,131.7000000000001,9,2.0,13.0,239,249,98.0,95.0,25,488,11.0,14.0,3.0,3.0,5.0,5.0,3.0,7.0,,2.0,14.0,23.0,2.0,51.0,243,4.0,4.0,1.0,9.0,7.0,8.0,,20.0,20.0,8.0,6.0,2.0,3.0,3.0,6.0,2.0,1.0,,2.0,1.0,15.0,4.0,1.0,4.0,8.0,4.0,16.0,5.0,21.0,,4.0,3.0,1.0,1.0,1.0,1.0,2.0,,,3.0,,1.0,6.0,10.0,,1.0,1.0,4.0,1.0,,3.0,1.0,2.0,,4.0,,,3.0,4.0,42.0,20.0,97.0,1.0,,,1.0,,3.0,,107.11297071129707,97.59036144578313,0.7142857142857143,0.9090909090909091,0.6086956521739131,1.0,0.875,0.5975609756097561,0.8,0.625,0.6071428571428571,0.9,0.625,0.08695652173913043,0.07142857142857142,0.14285714285714285,16.853932584269664,0.3333333333333333,0.2222222222222222,0.11428571428571428,0.02040816326530612,0.06666666666666667,0.07547169811320754,0.09230769230769231,0.049019607843137254,0.06666666666666667,,,0.08333333333333333,0.058823529411764705,0.10526315789473684,0.17142857142857143,,0.09090909090909091,,,0.34146341463414637,0.7857142857142857,0.8461538461538461,0.6363636363636364,0.17073170731707318,0.42857142857142855,0.5,1.0,0.04878048780487805,,,,0.6,1.0,,0.3125,1.0,0.7804878048780488,0.5155073170731708,,0.50584375,0.047619047619047616,0.08333333333333333,0.17647058823529413,0.39215686274509803,6.221739130434782,0.6666666666666666,0.25,,0.4100418410041841,player_totals,wnba,2026,Regular Season,/get-totals/wnba,"{""Season"": ""2026"", ""SeasonType"": ""Regular Season"", ""Type"": ""Player""}",20260603T195605Z,2026-06-03T19:56:07+00:00,f4b8465cb4829730676553786112d920512229ad362364bc523ea20ba90feb44,7.0,16.0,,1.0,7.0,18.0,,1.0,21.0,16.0,7.0,1.0,2.0,,1.0,0.3888888888888889,,0.3888888888888889,0.43902439024390244,0.5,0.3902439024390244,0.4375,0.4375,1.0,0.2,,,0.4375,24.483333333333334,,2.0,1.0,2.0,7.0,2.0,8.0,,,,,,0.25,,,0.04878048780487805,,,,0.0625,0.4375,0.2857142857142857,,0.4,,,,,,,,,,,,,,,,,,2.0,2.0,,,,,"[""single_row_table_data"", ""multi_row_table_data""]",{}
1643488,1611661324,Emma Cechova,Emma Cechova,1643488,MIN,108.19999999999999,3,2.0,-10.0,107,109,19.0,35.0,9,216,9.0,13.0,1.0,1.0,3.0,4.0,,,1.0,2.0,10.0,15.0,5.0,25.0,119,1.0,1.0,3.0,5.0,3.0,4.0,1.0,7.0,12.0,8.0,2.0,1.0,,,,,,,,,,1.0,3.0,3.0,4.0,,7.0,4.0,11.0,,1.0,1.0,,1.0,,,3.0,,1.0,4.0,,2.0,6.0,12.0,,,3.0,5.0,,,8.0,,4.0,,1.0,1.0,,1.0,2.0,20.0,7.0,19.0,3.0,,,1.0,-6.0,1.0,3.0,101.86915887850466,109.1743119266055,0.6,0.6666666666666666,0.6666666666666666,1.0,0.75,0.625,1.0,0.75,0.625,0.8333333333333334,0.7,0.06666666666666667,0.07692307692307693,,20.0,0.25,,0.14814814814814814,0.0967741935483871,0.14285714285714285,0.0625,0.14583333333333334,0.0851063829787234,0.13333333333333333,0.16666666666666666,,0.07142857142857142,,0.2,0.125,,0.06666666666666667,0.3333333333333333,,0.8125,0.6923076923076923,0.75,0.5555555555555556,,,,,0.125,0.5,0.5,1.0,1.0,1.0,,1.0,0.75,0.875,0.580834375,0.6162,0.612825,0.2,0.21052631578947367,0.2,0.28,4.213333333333334,0.25,,,0.17757009345794392,player_totals,wnba,2026,Regular Season,/get-totals/wnba,"{""Season"": ""2026"", ""SeasonType"": ""Regular Season"", ""Type"": ""Player""}",20260603T195605Z,2026-06-03T19:56:07+00:00,f568053331244366f8ee0fe998cd58365fcbc96618aa25e2a2b25b126b221721,,1.0,,,,1.0,,,,1.0,,,,,,,,,0.0625,,0.0625,,,,,,,,24.4,,,,,,,,,,,,2.0,,,,,,,,,,,,1.0,,,,,,,,,,1.0,,1.0,,,,,,,,,,,,"[""single_row_table_data"", ""multi_row_table_data""]",{}
204319,1611661319,Jewell Loyd,Jewell Loyd,204319,LVA,71.0,7,1.0,-18.0,395,400,123.0,118.0,40,795,1.0,2.0,,,1.0,1.0,4.0,8.0,2.0,6.0,7.0,16.0,4.0,51.0,443,2.0,2.0,,7.0,2.0,4.0,1.0,11.0,8.0,6.0,,1.0,7.0,4.0,11.0,4.0,,3.0,3.0,1.0,26.0,,,7.0,8.0,3.0,18.0,,18.0,,4.0,2.0,2.0,2.0,,2.0,4.0,,,6.0,,,7.0,17.0,1.0,3.0,3.0,9.0,,3.0,8.0,,3.0,1.0,3.0,,,2.0,3.0,44.0,11.0,123.0,,1.0,1.0,17.0,10.0,8.0,,107.59493670886076,110.75,0.5714285714285714,0.5714285714285714,0.4375,1.0,0.5,0.41964285714285715,0.5833333333333334,0.3125,0.425,0.5833333333333334,0.3235294117647059,0.0625,,0.125,15.034168564920275,0.3333333333333333,0.21428571428571427,0.06666666666666667,,0.0958904109589041,,0.07772020725388601,,,,,,,0.045454545454545456,0.10204081632653061,0.037037037037037035,0.11666666666666667,,,0.03571428571428571,0.5,0.5,1.0,0.14285714285714285,0.5,0.5714285714285714,0.5,0.10714285714285714,0.3333333333333333,0.3333333333333333,0.5,,,,0.0625,1.0,0.75,0.5125790909090909,0.46123000000000003,0.4929266666666667,0.05084745762711865,0.15789473684210525,0.13725490196078433,0.21568627450980393,11.525,1.0,,0.25,0.31139240506329113,player_totals,wnba,2026,Regular Season,/get-totals/wnba,"{""Season"": ""2026"", ""SeasonType"": ""Regular Season"", ""Type"": ""Player""}",20260603T195605Z,2026-06-03T19:56:07+00:00,cda486c1ee1841c2187f6fa05335f18459ff0c28a86a213d85532f85e06e179b,9.0,29.0,1.0,3.0,11.0,40.0,1.0,4.0,33.0,29.0,9.0,1.0,2.0,,1.0,0.275,0.25,0.275,0.7142857142857143,0.6666666666666666,0.5178571428571429,0.3103448275862069,0.3103448275862069,1.0,0.5,0.3333333333333333,1.0,0.3103448275862069,25.067500000000003,2.0,11.0,3.0,2.0,9.0,2.0,12.0,,1.0,,,,0.16666666666666666,0.025,0.09090909090909091,0.19642857142857142,0.18181818181818182,0.2,1.0,0.1875,0.5625,0.2222222222222222,,0.10714285714285714,1.0,,0.16666666666666666,,,,,,,,,,,,,,,,,,,,,"[""single_row_table_data"", ""multi_row_table_data""]",{}
1643441,1611661323,Raegan Beers,Raegan Beers,1643441,CON,13.800000000000068,9,,4.0,238,237,84.0,106.0,35,475,14.0,17.0,3.0,4.0,6.0,8.0,1.0,7.0,,4.0,15.0,28.0,6.0,39.0,246,3.0,6.0,2.0,8.0,6.0,10.0,3.0,18.0,18.0,12.0,4.0,3.0,6.0,3.0,9.0,1.0,2.0,3.0,1.0,2.0,21.0,7.0,5.0,8.0,14.0,2.0,24.0,13.0,37.0,2.0,5.0,4.0,1.0,2.0,1.0,1.0,6.0,,1.0,8.0,1.0,2.0,11.0,26.0,,5.0,5.0,12.0,1.0,1.0,12.0,4.0,6.0,2.0,,,,,,31.0,18.0,84.0,5.0,2.0,5.0,-9.0,7.0,10.0,,105.0420168067227,103.79746835443038,0.6,0.6923076923076923,0.5357142857142857,0.5,0.6,0.55,0.5,0.625,0.5735294117647058,0.5714285714285714,0.6428571428571429,0.10714285714285714,,0.42857142857142855,14.736842105263158,0.25,0.25,0.2692307692307692,0.06329113924050633,0.19047619047619047,0.2,0.23404255319148937,0.10526315789473684,0.07692307692307693,0.10344827586206896,,0.25,,0.22727272727272727,0.3181818181818182,0.25,0.13636363636363635,0.25,0.18181818181818182,0.5666666666666667,0.8235294117647058,0.8235294117647058,0.6428571428571429,0.23333333333333334,0.14285714285714285,0.25,,0.13333333333333333,,,,0.6666666666666666,0.75,,0.6666666666666666,0.75,0.6333333333333333,0.530005,0.50602,0.5634125,0.1875,0.2,0.20512820512820512,0.46153846153846156,5.046428571428572,0.6666666666666666,0.3333333333333333,0.25,0.35294117647058826,player_totals,wnba,2026,Regular Season,/get-totals/wnba,"{""Season"": ""2026"", ""SeasonType"": ""Regular Season"", ""Type"": ""Player""}",20260603T195605Z,2026-06-03T19:56:07+00:00,62b424f519ac1413aaf0f4d709daf636b6896b4813fa4294faae13fcbd456b87,1.0,1.0,,,1.0,2.0,,,3.0,1.0,1.0,,,,1.0,0.5,,0.5,0.06666666666666667,,0.03333333333333333,1.0,1.0,1.0,,,,1.0,23.45,,1.0,1.0,1.0,1.0,1.0,2.0,,,,,,0.5,,,0.03333333333333333,,,,0.08333333333333333,0.08333333333333333,1.0,,,,,,,1.0,,0.08333333333333333,,,,,,,,,,,,,,,,,"[""single_row_table_data"", ""multi_row_table_data""]",{}
1630154,1611661327,Kamiah Smalls,Kamiah Smalls,1630154,PDX,10.600000000000023,2,,-19.0,59,60,9.0,11.0,9,119,1.0,2.0,,,,,,1.0,,,1.0,3.0,1.0,15.0,77,,,,,,,,,,2.0,,,2.0,4.0,6.0,2.0,2.0,2.0,,,16.0,,,,,,,,,,,,,1.0,2.0,1.0,3.0,,,4.0,,1.0,2.0,2.0,,,,,,,1.0,,,,,,,,,15.0,,9.0,,,,,,,,98.30508474576271,128.33333333333334,,,0.3333333333333333,,,0.7,,,0.7,,,,,,20.588235294117645,0.25,,,,,,,,,,,,,,,,,,,0.2,0.5,0.5,,0.1,,,,,,,,,,,,,0.9,0.494385,,,,,,,4.7,,1.0,,0.15254237288135594,player_totals,wnba,2026,Regular Season,/get-totals/wnba,"{""Season"": ""2026"", ""SeasonType"": ""Regular Season"", ""Type"": ""Player""}",20260603T195605Z,2026-06-03T19:56:07+00:00,684ae775b73337890a3aa1641c575ad608590795cf64725a578457e36a1ac6b7,4.0,7.0,,,4.0,7.0,,,3.0,7.0,4.0,,,,0.25,0.5714285714285714,,0.5714285714285714,0.7,,0.7,0.5714285714285714,0.5714285714285714,0.25,,,,0.5714285714285714,23.942857142857143,,,,,,,,9.0,,1.0,,,,,,,,,,,,,,0.6666666666666666,,,,,,,,,1.0,,,,,,,,,,,,,,,"[""single_row_table_data"", ""multi_row_table_data""]",{}
1643438,1611661317,Marta Suarez,Marta Suarez,1643438,PHX,-43.599999999999994,2,-1.0,-15.0,38,40,8.0,13.0,3,78,,,,,,,,,,,,,,6.0,59,,,,,,,,3.0,,,,,,,,,,,,,,,,2.0,1.0,1.0,4.0,,4.0,,1.0,,1.0,,,,,,,,,,3.0,6.0,,1.0,,,,,,,,,,,,,,6.0,3.0,8.0,1.0,,1.0,3.0,,,,115.78947368421052,147.5,,,,,,0.75,,0.75,0.75,,0.75,,,,9.523809523809524,,0.25,0.125,,0.3333333333333333,,0.21428571428571427,,,,,,,0.2,,,0.25,0.5,,,,,,,,,,,,,,,,,,,1.0,0.54045,,0.563025,,,,0.5,,,,,0.21052631578947367,player_totals,wnba,2026,Regular Season,/get-totals/wnba,"{""Season"": ""2026"", ""SeasonType"": ""Regular Season"", ""Type"": ""Player""}",20260603T195605Z,2026-06-03T19:56:07+00:00,4cbee862e7c3f52f4bb2f36a487f9f4c6371aeb91bcccd82a2d3f8eb1e20306f,1.0,3.0,,,2.0,4.0,,,6.0,3.0,1.0,,,,1.0,0.5,,0.5,1.0,,0.75,0.3333333333333333,0.3333333333333333,1.0,,,,0.3333333333333333,25.05,1.0,1.0,,1.0,2.0,1.0,2.0,,,,,,0.5,,,0.25,1.0,1.0,1.0,,1.0,0.5,,0.5,,,,,,,,,,,,,,,,,,,,,,,2.0,"[""single_row_table_data"", ""multi_row_table_data""]",{}
1630993,1611661313,Anneli Maley,Anneli Maley,1630993,NYL,-106.0,4,-2.0,-2.0,51,56,13.0,29.0,10,107,,,,,,,,1.0,,1.0,,2.0,1.0,1.0,58,,1.0,,,,,,,,,,,,,,,,,,,,,2.0,,2.0,1.0,3.0,2.0,5.0,,3.0,3.0,,,,,,,,,,,2.0,6.0,,2.0,,2.0,,,2.0,,1.0,,,,,,,1.0,,13.0,2.0,,,,,3.0,,109.80392156862744,103.57142857142856,,,,,,,,,0.1,,,,,,7.8125,,0.5,0.18181818181818182,0.1111111111111111,,,0.07407407407407407,0.06896551724137931,0.125,0.14285714285714285,,,,0.25,,0.5,,,,,,,,0.25,,,,0.25,,,,,,,,,0.5,0.4754625,0.532625,,0.2,0.3333333333333333,,,10.95,,,,0.2549019607843137,player_totals,wnba,2026,Regular Season,/get-totals/wnba,"{""Season"": ""2026"", ""SeasonType"": ""Regular Season"", ""Type"": ""Player""}",20260603T195605Z,2026-06-03T19:56:07+00:00,96e28fae35ffc493e6eaedc230854575905a1b1dd3265b2e835e95368f22af4c,,,,,,2.0,,1.0,,,,,,,,,,,0.5,,,,,,,,,,23.85,,2.0,,,,,,,,,,,,,,0.5,,,,,,,,0.5,1.0,,0.5,,,,,,,,,,,,,,,,,,,,,"[""single_row_table_data"", ""multi_row_table_data""]",{}
1642817,1611661323,Hailey Van Lith,Hailey Van Lith,1642817,CON,-135.09999999999997,9,-2.0,-33.0,320,321,118.0,136.0,39,641,7.0,11.0,1.0,1.0,4.0,4.0,10.0,21.0,5.0,12.0,22.0,44.0,5.0,73.0,343,2.0,2.0,,7.0,10.0,15.0,1.0,30.0,14.0,30.0,,3.0,16.0,4.0,20.0,3.0,1.0,7.0,4.0,5.0,44.0,,1.0,5.0,2.0,2.0,9.0,1.0,10.0,,5.0,1.0,4.0,7.0,1.0,6.0,4.0,1.0,1.0,11.0,1.0,4.0,5.0,15.0,,,,14.0,,,6.0,3.0,4.0,,3.0,,,2.0,3.0,66.0,30.0,118.0,2.0,,1.0,3.0,3.0,4.0,,96.875,106.85358255451713,0.3181818181818182,0.3181818181818182,0.5,1.0,0.6666666666666666,0.5573770491803278,1.1666666666666667,0.6304347826086957,0.5806451612903226,1.1666666666666667,0.6521739130434783,0.06818181818181818,,0.09523809523809523,20.0,0.6363636363636364,0.1111111111111111,0.0273972602739726,0.010101010101010102,0.08771929824561403,,0.05384615384615385,0.00684931506849315,0.03333333333333333,,,,,0.03125,0.03225806451612903,,0.07317073170731707,0.125,,0.18032786885245902,0.6363636363636364,0.6363636363636364,0.42857142857142855,0.3442622950819672,0.47619047619047616,0.5263157894736842,0.2,0.19672131147540983,0.4166666666666667,0.45454545454545453,0.4,0.3333333333333333,1.0,,0.17391304347826086,1.0,0.45901639344262296,0.46681083333333334,0.48479999999999995,0.4781227272727273,0.06451612903225806,0.08888888888888889,0.0958904109589041,0.410958904109589,9.152272727272727,,,0.16666666666666666,0.36875,player_totals,wnba,2026,Regular Season,/get-totals/wnba,"{""Season"": ""2026"", ""SeasonType"": ""Regular Season"", ""Type"": ""Player""}",20260603T195605Z,2026-06-03T19:56:07+00:00,1e76b62b211f930448ae6314932c323ef67c36735e7cc1e7b41e5a610561365c,4.0,9.0,1.0,1.0,8.0,17.0,1.0,1.0,24.0,9.0,4.0,1.0,1.0,,1.0,0.47058823529411764,1.0,0.47058823529411764,0.2786885245901639,0.3333333333333333,0.14754098360655737,0.4444444444444444,0.4444444444444444,1.0,0.3333333333333333,1.0,1.0,0.4444444444444444,24.870588235294118,4.0,8.0,4.0,1.0,4.0,3.0,8.0,,,1.0,,,0.375,,,0.13114754098360656,0.5,0.5,1.0,0.17391304347826086,0.17391304347826086,0.25,,0.625,,2.0,,0.5,,,,1.0,1.0,,0.08333333333333333,,,,,,,,,,,,,"[""single_row_table_data"", ""multi_row_table_data""]",{}
1642801,1611661330,Aaliyah Nye,Aaliyah Nye,1642801,ATL,-182.6,6,-3.0,1.0,13,18,10.0,11.0,3,31,,,,,,,,,,1.0,,1.0,,,18,,,,,,1.0,,,,,,,1.0,,1.0,,,,1.0,,2.0,,,,,,,,,,,,,,,,,,,,,,,,,,,,,,,,,,,,,,,,,10.0,,,,,,,,146.15384615384616,100.0,,,,,,,,,,,,,,,5.88235294117647,,,,,,,,,,,,,,,,,,,,,,,,,,,,1.0,,,,,,,,,,0.3701,,0.3701,,,,,17.8,,,,0.7692307692307693,player_totals,wnba,2026,Regular Season,/get-totals/wnba,"{""Season"": ""2026"", ""SeasonType"": ""Regular Season"", ""Type"": ""Player""}",20260603T195605Z,2026-06-03T19:56:07+00:00,3537ac7b870c8ea0f7df843969ebc3efeb9fd0306667beffa3711ff29e75d233,,,,,,,,,,,,,,,,,,,,,,,,,,,,,,,,,,,,,,,,,,,,,,,,,,,,,,,,,,,,,,,,,,,,,,,,,,,,,"[""single_row_table_data"", ""multi_row_table_data""]",{}
1643437,1611661323,Ashlon Jackson,Ashlon Jackson,1643437,CON,-207.99999999999994,4,-3.0,-34.0,108,109,37.0,35.0,10,217,2.0,2.0,,,1.0,1.0,,,,,2.0,2.0,,10.0,115,,,,,1.0,1.0,,5.0,,4.0,,,5.0,,5.0,,,3.0,,2.0,10.0,,,2.0,3.0,,5.0,,5.0,,6.0,5.0,1.0,3.0,,2.0,,,1.0,3.0,,,,2.0,,,,1.0,,,2.0,,1.0,,,,,,,10.0,5.0,37.0,,,,,,,,75.0,105.50458715596329,,,1.0,,1.0,0.5555555555555556,,0.625,0.5,,0.625,,,,11.016949152542374,1.0,,0.1111111111111111,,0.08333333333333333,,0.09803921568627451,,,,,,,0.2,0.09090909090909091,,0.05555555555555555,0.16666666666666666,,0.2222222222222222,1.0,1.0,,,,,,,,,,,,,0.25,1.0,1.0,0.5983333333333333,,0.618175,0.1,0.3333333333333333,,0.5,1.25,,,,0.3425925925925926,player_totals,wnba,2026,Regular Season,/get-totals/wnba,"{""Season"": ""2026"", ""SeasonType"": ""Regular Season"", ""Type"": ""Player""}",20260603T195605Z,2026-06-03T19:56:07+00:00,40ecc724d6c75ef2da60ad9cc64e64ad9e806e138ba868372a4d6aec261de32d,2.0,7.0,,,2.0,7.0,,,6.0,7.0,2.0,,,,1.0,0.2857142857142857,,0.2857142857142857,0.7777777777777778,,0.7777777777777778,0.2857142857142857,0.2857142857142857,1.0,,,,0.2857142857142857,25.74285714285714,,,,1.0,3.0,1.0,3.0,,,,,,0.3333333333333333,,,,,,,,0.75,0.3333333333333333,,0.2,,,,,,,,,,,,,,,,,,,,,,,,"[""single_row_table_data"", ""multi_row_table_data""]",{}
1631086,1611661325,Lexie Hull,Lexie Hull,1631086,IND,-219.6,8,-4.0,39.0,328,331,139.0,133.0,41,659,2.0,5.0,,1.0,1.0,1.0,1.0,5.0,2.0,4.0,5.0,14.0,10.0,47.0,337,1.0,4.0,2.0,10.0,3.0,5.0,8.0,26.0,8.0,2.0,,3.0,3.0,4.0,7.0,4.0,,1.0,2.0,,18.0,1.0,2.0,13.0,12.0,1.0,26.0,3.0,29.0,1.0,5.0,3.0,2.0,4.0,1.0,1.0,3.0,,3.0,7.0,2.0,2.0,6.0,24.0,,1.0,1.0,15.0,3.0,5.0,15.0,1.0,3.0,5.0,1.0,,,,1.0,37.0,26.0,138.0,5.0,5.0,,4.0,4.0,-4.0,,114.63414634146342,101.81268882175226,0.8,0.8,0.35714285714285715,0.25,0.6,0.5,0.6666666666666666,0.75,0.5340909090909091,0.7142857142857143,0.7222222222222222,0.21428571428571427,0.4,0.2,13.421052631578949,0.5714285714285714,0.125,0.14457831325301204,0.02631578947368421,0.2549019607843137,0.015625,0.1865671641791045,0.02142857142857143,,0.09523809523809523,,,0.06666666666666667,0.17142857142857143,0.14705882352941177,0.07142857142857142,0.21052631578947367,0.38461538461538464,0.05,0.13513513513513514,0.4,0.6666666666666666,1.0,0.13513513513513514,0.2,0.25,1.0,0.10810810810810811,0.5,0.5,0.5,0.16666666666666666,,,0.08333333333333333,1.0,0.7567567567567568,0.49365405405405405,0.50794,0.45365000000000005,0.07692307692307693,0.1875,0.2127659574468085,0.5531914893617021,8.5,0.3333333333333333,0.6666666666666666,,0.42378048780487804,player_totals,wnba,2026,Regular Season,/get-totals/wnba,"{""Season"": ""2026"", ""SeasonType"": ""Regular Season"", ""Type"": ""Player""}",20260603T195605Z,2026-06-03T19:56:07+00:00,581a888a82b1ff4eeee36b3e8995c865c8398c5bf048bfc2c0227c8feedb9a72,3.0,10.0,1.0,1.0,9.0,23.0,2.0,2.0,27.0,10.0,3.0,1.0,1.0,,1.0,0.391304347826087,1.0,0.391304347826087,0.6216216216216216,1.0,0.2702702702702703,0.3,0.3,1.0,0.16666666666666666,1.0,1.0,0.3,24.87391304347826,6.0,13.0,4.0,1.0,3.0,4.0,7.0,,,,,,0.5714285714285714,,,0.35135135135135137,0.46153846153846156,0.46153846153846156,1.0,0.3333333333333333,0.25,0.3333333333333333,,0.21428571428571427,1.0,3.0,0.16666666666666666,0.75,,1.0,,,,,,1.0,,,1.0,1.0,1.0,,,,,,,"[""single_row_table_data"", ""multi_row_table_data""]",{}
1630149,1611661313,Satou Sabally,Satou Sabally,1630149,NYL,-235.0,4,-4.0,-23.0,109,106,19.0,27.0,13,215,4.0,11.0,,,2.0,2.0,,2.0,1.0,2.0,5.0,15.0,9.0,31.0,131,,,,3.0,2.0,2.0,2.0,9.0,6.0,4.0,,1.0,4.0,1.0,5.0,,1.0,2.0,2.0,,11.0,,,5.0,3.0,,8.0,1.0,9.0,,,,,4.0,,2.0,1.0,,2.0,5.0,,,4.0,10.0,,1.0,1.0,7.0,,,9.0,1.0,5.0,,1.0,,,,1.0,28.0,9.0,19.0,2.0,,,1.0,2.0,4.0,,99.08256880733944,123.58490566037736,0.6,0.6,0.3333333333333333,,1.0,0.4230769230769231,0.5,0.875,0.5166666666666667,0.5,0.9,0.06666666666666667,0.09090909090909091,,28.0,0.8,,0.1,,0.16129032258064516,,0.13114754098360656,,,,,,,,0.2,0.1111111111111111,0.19047619047619047,0.1,,0.4230769230769231,0.36363636363636365,0.4,0.75,0.07692307692307693,,,,0.07692307692307693,0.5,0.5,,,,,0.5,1.0,0.8461538461538461,0.534298,0.48795,0.64805,0.16666666666666666,0.2631578947368421,0.0967741935483871,0.2903225806451613,4.819999999999999,0.42857142857142855,,,0.1743119266055046,player_totals,wnba,2026,Regular Season,/get-totals/wnba,"{""Season"": ""2026"", ""SeasonType"": ""Regular Season"", ""Type"": ""Player""}",20260603T195605Z,2026-06-03T19:56:07+00:00,89b6f37aa13b17d4135816611363d5aa4304c06dd2c88181d2bd3944b0fabb1f,3.0,10.0,1.0,3.0,4.0,11.0,1.0,3.0,12.0,10.0,3.0,1.0,1.0,,1.0,0.36363636363636365,0.3333333333333333,0.36363636363636365,0.4230769230769231,1.0,0.38461538461538464,0.3,0.3,1.0,1.0,0.3333333333333333,1.0,0.3,27.045454545454547,1.0,1.0,,1.0,2.0,1.0,2.0,,,,,,0.5,,,0.038461538461538464,1.0,1.0,1.0,,0.5,0.5,,0.2857142857142857,,,,,1.0,,1.0,,,,,,,,,,,,,,,,,"[""single_row_table_data"", ""multi_row_table_data""]",{}
1641656,1611661331,Laeticia Amihere,Laeticia Amihere,1641656,GSV,-238.0999999999999,9,-4.0,51.0,225,231,86.0,94.0,37,456,13.0,23.0,3.0,9.0,,6.0,1.0,9.0,,,14.0,32.0,12.0,40.0,230,3.0,11.0,6.0,12.0,,9.0,4.0,4.0,16.0,12.0,6.0,9.0,7.0,7.0,14.0,3.0,4.0,4.0,1.0,2.0,35.0,4.0,12.0,7.0,10.0,2.0,19.0,17.0,36.0,2.0,2.0,1.0,1.0,2.0,,1.0,5.0,,1.0,7.0,2.0,2.0,9.0,17.0,,2.0,4.0,25.0,5.0,1.0,22.0,4.0,10.0,3.0,8.0,,,3.0,8.0,28.0,4.0,86.0,1.0,3.0,,1.0,2.0,4.0,,124.88888888888889,99.56709956709956,0.5714285714285714,0.7272727272727273,0.4375,0.2727272727272727,,0.42424242424242425,0.2727272727272727,,0.47619047619047616,0.375,0.14285714285714285,0.28125,0.30434782608695654,0.2222222222222222,18.148148148148145,0.2857142857142857,0.25,0.17857142857142858,0.17647058823529413,0.16666666666666666,0.08888888888888889,0.17346938775510204,0.1415929203539823,0.2916666666666667,0.13513513513513514,,0.1111111111111111,,0.125,0.29411764705882354,0.13333333333333333,0.12121212121212122,0.3333333333333333,0.2,0.696969696969697,0.5652173913043478,0.8125,0.5384615384615384,0.2727272727272727,0.1111111111111111,0.14285714285714285,1.0,,,,,0.8181818181818182,0.3333333333333333,,0.6,,0.7272727272727273,0.5264090909090909,0.4928777777777778,0.5144599999999999,0.2564102564102564,0.2631578947368421,0.3,0.1,3.36875,0.7,0.375,,0.38222222222222224,player_totals,wnba,2026,Regular Season,/get-totals/wnba,"{""Season"": ""2026"", ""SeasonType"": ""Regular Season"", ""Type"": ""Player""}",20260603T195605Z,2026-06-03T19:56:07+00:00,bb9e7916cd76c06a81b51e6c13652a96e87b7db5c9802c0c00417ba6870e2525,,1.0,,,,1.0,,,,1.0,,5.0,5.0,,,,,,0.030303030303030304,0.625,0.030303030303030304,,,,,,,,24.1,,,,,1.0,,1.0,,,,,,,,,,,,,,0.1,,,,,,,,1.0,,0.07142857142857142,3.0,,,,,,,,,,,,,,,,"[""single_row_table_data"", ""multi_row_table_data""]",{}
1629479,1611661324,Teaira McCowan,Teaira McCowan,1629479,MIN,-275.5000000000001,2,-5.0,24.0,50,48,9.0,10.0,9,98,1.0,1.0,1.0,1.0,,,2.0,4.0,,1.0,3.0,6.0,,6.0,37,1.0,1.0,,2.0,,,,,4.0,2.0,2.0,,1.0,,1.0,,,1.0,,,2.0,,1.0,3.0,5.0,1.0,9.0,1.0,10.0,,1.0,1.0,,,,,4.0,,,4.0,,2.0,1.0,8.0,,1.0,4.0,2.0,2.0,,,,,,2.0,,,,2.0,4.0,,9.0,,,,,1.0,3.0,2.0,122.0,77.08333333333334,0.6666666666666666,1.0,0.5,1.0,,0.5,1.0,,0.5,1.0,,,,,16.666666666666668,,1.0,0.29411764705882354,0.0625,0.23076923076923078,,0.26666666666666666,0.045454545454545456,,0.14285714285714285,,,,0.5,0.3,,0.3333333333333333,,,0.16666666666666666,1.0,1.0,,0.6666666666666666,0.5,0.5,1.0,0.16666666666666666,,,,1.0,1.0,,,,0.16666666666666666,0.3801333333333334,0.5028,,,,0.3333333333333333,,7.666666666666667,,,1.0,0.18,player_totals,wnba,2026,Regular Season,/get-totals/wnba,"{""Season"": ""2026"", ""SeasonType"": ""Regular Season"", ""Type"": ""Player""}",20260603T195605Z,2026-06-03T19:56:07+00:00,d8c6b7f062d2d5a1ed0100aabfda1d43340591169d81f2631533dd19a57a67b8,,,,,,,,,,,,2.0,2.0,,,,,,,1.0,,,,,,,,,,,,,,,,,,,,,,,,,,,,,,,,,,,,,,,,,,,,,,,,,,,,,,,,,"[""single_row_table_data"", ""multi_row_table_data""]",{}
1629488,1611661319,Brianna Turner,Brianna Turner,1629488,LVA,-285.19999999999993,8,-5.0,20.0,197,201,47.0,51.0,21,398,3.0,5.0,,1.0,1.0,2.0,1.0,2.0,,,4.0,7.0,2.0,10.0,188,,2.0,,,1.0,2.0,2.0,4.0,8.0,,,,1.0,2.0,3.0,1.0,1.0,,,1.0,8.0,2.0,6.0,4.0,11.0,,15.0,8.0,23.0,,3.0,2.0,1.0,2.0,2.0,2.0,3.0,,,5.0,,2.0,6.0,9.0,,,,2.0,,1.0,2.0,,,1.0,6.0,,,3.0,6.0,10.0,4.0,47.0,1.0,1.0,1.0,-7.0,,,,105.58375634517766,93.53233830845772,1.0,1.0,0.5714285714285714,,0.5,0.5714285714285714,,0.5,0.625,,0.6666666666666666,,,,5.909090909090908,0.4,,0.1527777777777778,0.12,0.1111111111111111,0.06666666666666667,0.1388888888888889,0.1,0.09090909090909091,0.16666666666666666,0.09523809523809523,0.08695652173913043,,0.23076923076923078,0.15625,,0.13333333333333333,,,0.7142857142857143,0.6,0.6,1.0,0.2857142857142857,0.5,0.5,1.0,,,,,0.5,,,1.0,0.5,0.7142857142857143,0.6145428571428572,0.3602,0.7403,,,,0.4,2.3428571428571425,,,,0.23857868020304568,player_totals,wnba,2026,Regular Season,/get-totals/wnba,"{""Season"": ""2026"", ""SeasonType"": ""Regular Season"", ""Type"": ""Player""}",20260603T195605Z,2026-06-03T19:56:07+00:00,da82532149ab7e3b519a1da4ddca1d40ab9dafe3b09f4c826ec6c9e21f156617,,,,,,,,,,,,2.0,1.0,,,,,,,0.16666666666666666,,,,,,,,,,,,,,,,,,,1.0,,,,,,,,,,,,,,,,,,,,,,,,,,,,1.0,,,,,,,,,,"[""single_row_table_data"", ""multi_row_table_data""]",{}
1642287,1611661320,Cameron Brink,Cameron Brink,1642287,LAS,-312.70000000000005,9,-5.0,-20.0,330,336,159.0,128.0,42,666,17.0,23.0,4.0,4.0,10.0,13.0,6.0,11.0,,1.0,23.0,35.0,19.0,83.0,379,5.0,6.0,2.0,12.0,12.0,18.0,12.0,39.0,34.0,12.0,6.0,4.0,8.0,4.0,12.0,4.0,,6.0,1.0,1.0,28.0,5.0,6.0,11.0,13.0,4.0,28.0,12.0,40.0,,6.0,5.0,1.0,9.0,,6.0,19.0,2.0,3.0,28.0,3.0,7.0,12.0,36.0,,3.0,10.0,30.0,3.0,4.0,25.0,3.0,7.0,7.0,13.0,1.0,1.0,8.0,14.0,71.0,39.0,159.0,7.0,7.0,1.0,1.0,8.0,-4.0,2.0,108.7878787878788,112.79761904761905,0.7391304347826086,0.85,0.6571428571428571,0.8333333333333334,0.6666666666666666,0.5925925925925926,0.8333333333333334,0.5,0.6384615384615384,0.8571428571428571,0.5571428571428572,0.11428571428571428,0.13043478260869565,0.09090909090909091,24.6684350132626,0.32142857142857145,0.3333333333333333,0.16666666666666666,0.0821917808219178,0.14473684210526316,0.08196721311475409,0.15584415584415584,0.08208955223880597,0.06896551724137931,0.11428571428571428,,0.06521739130434782,0.13333333333333333,0.09090909090909091,0.15384615384615385,0.29411764705882354,0.15517241379310345,0.1111111111111111,,0.42592592592592593,0.7391304347826086,0.85,0.7647058823529411,0.2037037037037037,0.5454545454545454,0.6,0.6666666666666666,0.018518518518518517,,,,0.6666666666666666,1.0,0.5,0.48148148148148145,0.7692307692307693,0.7777777777777778,0.5294888888888889,0.59428,0.5129888888888888,0.1206896551724138,0.1794871794871795,0.14457831325301204,0.46987951807228917,3.757142857142857,0.5,,,0.4818181818181818,player_totals,wnba,2026,Regular Season,/get-totals/wnba,"{""Season"": ""2026"", ""SeasonType"": ""Regular Season"", ""Type"": ""Player""}",20260603T195605Z,2026-06-03T19:56:07+00:00,e391d228ae9dd711e0bbb02626d1e1de7d849dd16e7b8d4b7e5fa9b1ef4be97b,3.0,11.0,,,6.0,19.0,,,18.0,11.0,3.0,4.0,9.0,,1.0,0.3157894736842105,,0.3157894736842105,0.35185185185185186,0.6428571428571429,0.2037037037037037,0.2727272727272727,0.3333333333333333,1.0,,,,0.2727272727272727,24.36315789473684,3.0,8.0,3.0,1.0,6.0,1.0,9.0,,2.0,2.0,,9.0,0.1111111111111111,0.10526315789473684,,0.14814814814814814,0.375,0.375,1.0,0.1111111111111111,0.2222222222222222,0.16666666666666666,,0.25,,,,,1.0,4.0,0.07142857142857142,,,,,,0.18181818181818182,1.0,,,,,,,,,,"[""single_row_table_data"", ""multi_row_table_data""]",{}
1631021,1611661330,Sika Kone,Sika Kone,1631021,ATL,-349.8,8,-6.0,-11.0,63,70,27.0,18.0,10,133,2.0,3.0,,,2.0,3.0,,1.0,,3.0,2.0,7.0,,7.0,75,,,,,2.0,5.0,,4.0,2.0,2.0,,2.0,,,,,,,,,,1.0,,2.0,3.0,,5.0,1.0,6.0,,,,,,,,2.0,,,2.0,,,,4.0,1.0,,1.0,1.0,,,,,,,,,,,,7.0,4.0,27.0,1.0,,,,,,,101.58730158730158,107.14285714285715,0.5,0.5,0.2857142857142857,,0.4,0.2916666666666667,,0.3333333333333333,0.2916666666666667,,0.3333333333333333,0.2857142857142857,0.3333333333333333,1.0,18.18181818181818,,,0.17647058823529413,,0.1111111111111111,0.0625,0.14285714285714285,0.030303030303030304,,,,0.06666666666666667,,0.16666666666666666,0.25,,0.2,,,0.25,0.6666666666666666,1.0,0.5,0.08333333333333333,,,,0.25,,,,,,,0.5,0.6666666666666666,0.6666666666666666,0.5187375,,0.565225,,,,0.5714285714285714,9.771428571428572,1.0,1.0,0.3333333333333333,0.42857142857142855,player_totals,wnba,2026,Regular Season,/get-totals/wnba,"{""Season"": ""2026"", ""SeasonType"": ""Regular Season"", ""Type"": ""Player""}",20260603T195605Z,2026-06-03T19:56:07+00:00,6d20a745a19eea1f4f2cc40fbb89fe3505adca38339928a61a83854213fe54f4,,4.0,,,1.0,5.0,,,3.0,4.0,,,,,1.0,0.2,,0.2,0.4166666666666667,,0.3333333333333333,,,,,,,,24.18,1.0,1.0,,,1.0,,1.0,,,,,,,,,0.08333333333333333,1.0,1.0,1.0,,0.16666666666666666,,,0.5,,,,,,,,1.0,,,,,,,,,,,,,,,,"[""single_row_table_data"", ""multi_row_table_data""]",{}
203026,1611661331,Tiffany Hayes,Tiffany Hayes,203026,GSV,-384.39999999999986,7,-6.0,-11.0,181,182,68.0,61.0,29,363,8.0,14.0,,1.0,5.0,9.0,2.0,7.0,,1.0,10.0,22.0,15.0,44.0,203,,4.0,,,5.0,12.0,5.0,15.0,12.0,8.0,,,7.0,6.0,13.0,3.0,3.0,5.0,1.0,1.0,32.0,,,5.0,1.0,,6.0,,6.0,,3.0,3.0,,3.0,1.0,3.0,1.0,,,4.0,,2.0,5.0,14.0,,1.0,,21.0,1.0,1.0,18.0,1.0,7.0,2.0,,,,,,44.0,15.0,68.0,3.0,2.0,,,,,,106.07734806629834,111.53846153846153,0.6,0.6,0.45454545454545453,,0.4166666666666667,0.453125,,0.38461538461538464,0.5375,,0.4666666666666667,,,,20.5607476635514,0.75,,0.022222222222222223,,0.14285714285714285,,0.075,,,,,,,0.05555555555555555,,,0.10714285714285714,0.2857142857142857,,0.4375,0.5714285714285714,0.5714285714285714,0.75,0.21875,0.2857142857142857,0.2857142857142857,,0.03125,,,,0.2,,,0.6923076923076923,0.5555555555555556,0.75,0.4970546875,0.422575,0.4891038461538461,0.18421052631578946,0.25,,0.3409090909090909,4.445454545454545,0.3333333333333333,0.4,,0.3756906077348066,player_totals,wnba,2026,Regular Season,/get-totals/wnba,"{""Season"": ""2026"", ""SeasonType"": ""Regular Season"", ""Type"": ""Player""}",20260603T195605Z,2026-06-03T19:56:07+00:00,9175dd0d87f67f21dd30b645bd81ea8a64be40edaba636a4dcfededde85fd803,2.0,9.0,,1.0,3.0,10.0,,1.0,3.0,9.0,2.0,,,,0.3333333333333333,0.3,,0.3,0.3125,,0.28125,0.2222222222222222,0.2222222222222222,,0.2,,,0.2222222222222222,24.79,1.0,1.0,,,1.0,,1.0,6.0,,,,,,,,0.03125,1.0,1.0,1.0,,0.07692307692307693,,,0.2857142857142857,,,,,,,,1.0,1.0,,,,,,,,,,,,,,,"[""single_row_table_data"", ""multi_row_table_data""]",{}
1643490,1611661324,Eliska Hamzova,Eliska Hamzova,1643490,MIN,-462.0,3,-8.0,3.0,25,27,14.0,27.0,5,52,,1.0,,,,,,,,,,1.0,6.0,6.0,25,,,1.0,1.0,,,3.0,3.0,,,,1.0,,2.0,2.0,1.0,1.0,,,,6.0,,2.0,2.0,3.0,,5.0,2.0,7.0,,,,,3.0,,1.0,1.0,1.0,2.0,4.0,,2.0,1.0,1.0,,,,5.0,,,8.0,,3.0,1.0,,,,,,5.0,3.0,14.0,,1.0,,,,,,112.0,92.59259259259258,,,,,,,,,0.5,0.25,0.75,1.0,1.0,,32.25806451612903,0.75,,0.42857142857142855,0.4,0.2857142857142857,,0.35714285714285715,0.25,0.3333333333333333,,0.5,,,0.25,0.5,1.0,0.2857142857142857,,,0.5,,,,,,,,,,,,,,,,,1.0,0.592125,,,0.6,0.75,0.16666666666666666,0.5,1.9,1.0,,,0.56,player_totals,wnba,2026,Regular Season,/get-totals/wnba,"{""Season"": ""2026"", ""SeasonType"": ""Regular Season"", ""Type"": ""Player""}",20260603T195605Z,2026-06-03T19:56:07+00:00,f67fd180e2fea0308b427f587413d820777593822c9745733b93ca1d0c72a8ce,,1.0,,1.0,,1.0,,1.0,,1.0,,,,,,,,,0.5,,0.5,,,,1.0,,,,23.6,,,,,,,,,,,,,,,,,,,,,,,,,,,,,,,,,,,,,,,,,,,,,,,,"[""single_row_table_data"", ""multi_row_table_data""]",{}
1630386,1611661321,Awak Kuier,Awak Kuier,1630386,DAL,-532.5,8,-9.0,56.0,211,217,49.0,58.0,21,428,9.0,11.0,1.0,2.0,1.0,2.0,1.0,1.0,,1.0,10.0,13.0,12.0,53.0,209,1.0,2.0,2.0,4.0,1.0,2.0,1.0,9.0,20.0,,,,6.0,1.0,7.0,1.0,,2.0,4.0,,15.0,2.0,2.0,8.0,10.0,2.0,20.0,4.0,24.0,,5.0,5.0,,3.0,1.0,1.0,3.0,,2.0,6.0,,1.0,3.0,4.0,,,,11.0,1.0,,16.0,2.0,8.0,1.0,6.0,1.0,,4.0,7.0,49.0,9.0,49.0,,1.0,,,,,,125.59241706161139,96.31336405529954,1.0,1.0,0.7692307692307693,0.5,0.5,0.7884615384615384,0.3333333333333333,0.6666666666666666,0.803030303030303,0.5,0.6428571428571429,,,,16.595744680851062,0.5,0.4,0.136986301369863,0.044444444444444446,0.19047619047619047,0.05405405405405406,0.1565217391304348,0.04878048780487805,0.05,,0.06666666666666667,0.034482758620689655,0.125,0.038461538461538464,0.21875,0.13333333333333333,0.21621621621621623,,,0.4230769230769231,0.8181818181818182,0.8181818181818182,1.0,0.038461538461538464,1.0,1.0,1.0,0.038461538461538464,,,,0.6666666666666666,0.5,1.0,0.3333333333333333,0.5,0.9230769230769231,0.5174865384615385,0.5444166666666667,0.5367583333333333,0.25,0.42105263157894735,0.07547169811320754,0.16981132075471697,3.661538461538462,,,,0.23222748815165878,player_totals,wnba,2026,Regular Season,/get-totals/wnba,"{""Season"": ""2026"", ""SeasonType"": ""Regular Season"", ""Type"": ""Player""}",20260603T195605Z,2026-06-03T19:56:07+00:00,6a4a1babfff0bf18808e03b2e9b2de67febe0d4227f91dd65d23a8243518d991,7.0,12.0,,1.0,7.0,13.0,,1.0,21.0,12.0,7.0,2.0,4.0,,1.0,0.5384615384615384,,0.5384615384615384,0.5,0.5714285714285714,0.46153846153846156,0.5833333333333334,0.5833333333333334,1.0,0.3333333333333333,,,0.5833333333333334,25.515384615384615,,1.0,1.0,2.0,3.0,2.0,4.0,,,2.0,,,0.5,,,0.038461538461538464,,,,0.16666666666666666,0.5,0.6666666666666666,,0.16666666666666666,,,,,,,,,,1.0,,,,,,,,,,,,,,"[""single_row_table_data"", ""multi_row_table_data""]",{}
1642826,1611661313,Aubrey Griffin,Aubrey Griffin,1642826,NYL,-736.8,4,-12.0,1.0,19,20,9.0,9.0,1,39,,,,,,,1.0,1.0,,,1.0,1.0,,2.0,21,,,,,,,,,,2.0,,,,,,,,,,,,,,,1.0,,1.0,,1.0,,,,,,1.0,,1.0,,,1.0,,,1.0,1.0,,,,1.0,1.0,,,,,,,,,,,2.0,,9.0,,,,,,,,115.78947368421052,105.0,,,1.0,,,1.0,,,1.0,,,,,,10.0,,,0.09090909090909091,,,,0.07692307692307693,,,,,,,,0.14285714285714285,,,,,,,,,1.0,1.0,1.0,,,,,,,,,,,,0.2358,,,,,,,4.0,,,,0.47368421052631576,player_totals,wnba,2026,Regular Season,/get-totals/wnba,"{""Season"": ""2026"", ""SeasonType"": ""Regular Season"", ""Type"": ""Player""}",20260603T195605Z,2026-06-03T19:56:07+00:00,43c32fc5b1518dca97f8e4194cd124477b65a658b3540cb67cf2f2849b7fde29,,,,,,,,,,,,,,,,,,,,,,,,,,,,,,,,,,,,,,,,,,,,,,,,,,,,,,,,,,,,,,,,,,,,,,,,,,,,,"[""single_row_table_data"", ""multi_row_table_data""]",{}
1630143,1611661327,Luisa Geiselsoder,Luisa Geiselsoder,1630143,PDX,-969.0999999999999,11,-16.0,-1.0,441,440,114.0,161.0,51,881,7.0,14.0,1.0,2.0,1.0,2.0,3.0,15.0,1.0,4.0,11.0,33.0,8.0,57.0,474,2.0,7.0,,4.0,1.0,6.0,4.0,12.0,20.0,2.0,,3.0,12.0,6.0,18.0,5.0,1.0,8.0,3.0,1.0,42.0,3.0,2.0,16.0,10.0,1.0,27.0,5.0,32.0,,6.0,4.0,2.0,3.0,1.0,1.0,9.0,,2.0,12.0,,5.0,8.0,30.0,,1.0,7.0,15.0,1.0,5.0,9.0,1.0,3.0,2.0,4.0,,,1.0,4.0,53.0,12.0,111.0,5.0,2.0,,2.0,-4.0,8.0,,107.2562358276644,107.72727272727272,0.9090909090909091,0.9090909090909091,0.3333333333333333,0.2857142857142857,0.16666666666666666,0.3712121212121212,0.2,0.4,0.40714285714285714,0.2,0.5,0.09090909090909091,0.07142857142857142,0.13333333333333333,16.432865731462925,0.25,0.08333333333333333,0.10526315789473684,0.019801980198019802,0.1927710843373494,0.02857142857142857,0.14606741573033707,0.024271844660194174,0.02702702702702703,0.019230769230769232,,0.013157894736842105,0.06896551724137931,0.1590909090909091,0.08571428571428572,,0.19047619047619047,0.2,,0.21212121212121213,0.5,0.5384615384615384,0.8571428571428571,0.22727272727272727,0.2,0.23076923076923078,1.0,0.06060606060606061,0.25,0.25,1.0,0.2,0.5,1.0,0.2,0.5,0.7121212121212122,0.5040840909090909,0.5297,0.49378500000000003,0.04411764705882353,0.08571428571428572,0.07017543859649122,0.21052631578947367,6.578787878787878,0.14285714285714285,0.4166666666666667,0.3333333333333333,0.2585034013605442,player_totals,wnba,2026,Regular Season,/get-totals/wnba,"{""Season"": ""2026"", ""SeasonType"": ""Regular Season"", ""Type"": ""Player""}",20260603T195605Z,2026-06-03T19:56:07+00:00,e6f452c490e8158780f42dfc40b94d15cb063c8fed15f545b12b38a64d5a6aa8,6.0,23.0,,1.0,9.0,33.0,,3.0,27.0,23.0,6.0,3.0,1.0,,1.0,0.2727272727272727,,0.2727272727272727,0.5,0.25,0.3484848484848485,0.2608695652173913,0.2608695652173913,1.0,0.1,,,0.2608695652173913,24.53939393939394,3.0,10.0,2.0,1.0,2.0,2.0,4.0,,,,,,0.5,,,0.15151515151515152,0.3,0.3,1.0,0.2,0.2,0.5,,0.16666666666666666,2.0,1.0,0.2,0.5,,,,,,,,,,,,,,,,,,,,"[""single_row_table_data"", ""multi_row_table_data""]",{}
1642793,1611661321,Aziaha James,Aziaha James,1642793,DAL,-1048.0,9,-17.0,4.0,206,214,51.0,69.0,24,420,7.0,11.0,1.0,1.0,1.0,1.0,6.0,19.0,2.0,7.0,15.0,37.0,12.0,60.0,220,2.0,3.0,,4.0,4.0,6.0,6.0,23.0,16.0,14.0,,4.0,7.0,2.0,9.0,1.0,1.0,5.0,2.0,,20.0,,6.0,6.0,8.0,,14.0,7.0,21.0,2.0,9.0,4.0,5.0,3.0,,2.0,2.0,1.0,1.0,5.0,1.0,2.0,6.0,18.0,,,1.0,17.0,1.0,6.0,14.0,3.0,7.0,1.0,3.0,,,1.0,3.0,56.0,23.0,51.0,,1.0,,,2.0,1.0,,108.7378640776699,102.80373831775701,0.5333333333333333,0.5333333333333333,0.40540540540540543,0.6666666666666666,0.6666666666666666,0.4444444444444444,0.6666666666666666,0.7083333333333334,0.5084745762711864,0.6666666666666666,0.7666666666666667,0.10810810810810811,0.18181818181818182,0.05263157894736842,27.23404255319149,0.6,,0.16326530612244897,0.11320754716981132,0.17647058823529413,,0.1686746987951807,0.06382978723404255,0.36363636363636365,0.0625,,,,0.3333333333333333,0.038461538461538464,0.2,0.1935483870967742,,0.06896551724137931,0.2037037037037037,0.6363636363636364,0.7777777777777778,0.5714285714285714,0.35185185185185186,0.3157894736842105,0.3333333333333333,0.3333333333333333,0.12962962962962962,0.2857142857142857,0.3333333333333333,1.0,0.3333333333333333,1.0,1.0,0.08333333333333333,1.0,0.5185185185185185,0.48699722222222225,0.44049999999999995,0.46874166666666667,0.13793103448275862,0.17073170731707318,0.06666666666666667,0.38333333333333336,7.648648648648648,0.75,0.3076923076923077,,0.24757281553398058,player_totals,wnba,2026,Regular Season,/get-totals/wnba,"{""Season"": ""2026"", ""SeasonType"": ""Regular Season"", ""Type"": ""Player""}",20260603T195605Z,2026-06-03T19:56:07+00:00,8e37f15325a9e60ec0425d4140192d44dc1bb8cec355a6e6217bb6bf08b45a7a,3.0,12.0,,,6.0,17.0,,,15.0,12.0,3.0,2.0,2.0,,0.8333333333333334,0.35294117647058826,,0.35294117647058826,0.3148148148148148,0.6666666666666666,0.2222222222222222,0.25,0.25,0.6666666666666666,,,,0.25,24.91176470588235,3.0,5.0,2.0,1.0,4.0,3.0,6.0,3.0,,,1.0,,0.5,,,0.09259259259259259,0.6,0.6,1.0,0.16666666666666666,0.3333333333333333,0.25,0.058823529411764705,0.18181818181818182,,2.0,,1.0,1.0,,0.07142857142857142,1.0,,,0.14285714285714285,,,,,,,,,1.0,,,,"[""single_row_table_data"", ""multi_row_table_data""]",{}
1630150,1611661319,Chennedy Carter,Chennedy Carter,1630150,LVA,-1079.9,8,-18.0,51.0,339,336,121.0,103.0,27,675,28.0,36.0,4.0,4.0,11.0,12.0,10.0,18.0,6.0,12.0,44.0,66.0,22.0,140.0,347,6.0,7.0,1.0,13.0,17.0,20.0,6.0,49.0,22.0,66.0,2.0,2.0,7.0,6.0,13.0,5.0,1.0,4.0,2.0,1.0,32.0,1.0,4.0,5.0,8.0,,13.0,6.0,19.0,,10.0,7.0,3.0,10.0,2.0,7.0,5.0,2.0,3.0,15.0,,7.0,12.0,20.0,,1.0,,19.0,,,30.0,2.0,13.0,3.0,3.0,,,2.0,3.0,127.0,49.0,121.0,1.0,2.0,1.0,-10.0,1.0,1.0,3.0,117.40412979351032,103.27380952380953,0.25,0.2558139534883721,0.6666666666666666,0.8571428571428571,0.85,0.7108433734939759,0.75,0.86,0.7216494845360825,0.7222222222222222,0.8448275862068966,0.030303030303030304,0.027777777777777776,0.05555555555555555,30.601092896174862,0.6666666666666666,,0.07079646017699115,0.05333333333333334,0.08064516129032258,0.022222222222222223,0.07428571428571429,0.041666666666666664,0.10526315789473684,,0.06896551724137931,0.02631578947368421,,0.02564102564102564,0.046511627906976744,0.16129032258064516,0.09090909090909091,,,0.43373493975903615,0.7777777777777778,0.8,0.21428571428571427,0.21686746987951808,0.5555555555555556,0.5882352941176471,0.2,0.14457831325301204,0.5,0.5,0.5,0.5,1.0,,0.48,0.9166666666666666,0.6385542168674698,0.5267620481927711,0.5155285714285714,0.549848,0.13829787234042554,0.16883116883116883,0.09285714285714286,0.35,6.583333333333333,0.25,0.125,0.3333333333333333,0.35693215339233036,player_totals,wnba,2026,Regular Season,/get-totals/wnba,"{""Season"": ""2026"", ""SeasonType"": ""Regular Season"", ""Type"": ""Player""}",20260603T195605Z,2026-06-03T19:56:07+00:00,494426aaa54097243400876d679bf90b6b011a75698c252d27a4ec0839ba7add,8.0,14.0,,,10.0,17.0,,1.0,21.0,14.0,8.0,1.0,2.0,,0.7,0.5882352941176471,,0.5882352941176471,0.20481927710843373,0.6666666666666666,0.1686746987951807,0.5714285714285714,0.6153846153846154,0.625,,,,0.5714285714285714,24.376470588235293,2.0,3.0,,3.0,5.0,3.0,5.0,9.0,1.0,1.0,,,0.6,0.058823529411764705,,0.03614457831325301,0.6666666666666666,0.6666666666666666,1.0,,0.2,0.6,,,1.0,,0.125,,1.0,,0.06666666666666667,1.0,,,,,0.07142857142857142,,,,,,,,,,,"[""single_row_table_data"", ""multi_row_table_data""]",{}
204468,1611661317,Valeriane Ayayi,Valeriane Ayayi,204468,PHX,-1130.0,7,-19.0,-15.0,148,147,37.0,41.0,14,295,,5.0,,1.0,,2.0,3.0,6.0,,1.0,3.0,12.0,8.0,20.0,161,1.0,3.0,1.0,3.0,2.0,4.0,2.0,6.0,4.0,2.0,2.0,4.0,8.0,2.0,10.0,2.0,,5.0,2.0,1.0,22.0,1.0,1.0,8.0,3.0,,11.0,2.0,13.0,,3.0,2.0,1.0,2.0,1.0,2.0,3.0,,,5.0,,1.0,3.0,12.0,,2.0,1.0,16.0,1.0,3.0,13.0,,3.0,2.0,,,,,,17.0,6.0,37.0,2.0,2.0,2.0,-5.0,12.0,,,98.64864864864865,109.52380952380953,0.6666666666666666,1.0,0.25,0.3333333333333333,0.5,0.3333333333333333,0.25,0.4,0.4166666666666667,0.3,0.42857142857142855,0.3333333333333333,0.6,0.16666666666666666,17.901234567901234,0.4,,0.08108108108108109,0.025,0.25806451612903225,0.03571428571428571,0.16176470588235295,0.029411764705882353,,0.041666666666666664,,,0.14285714285714285,0.125,0.0625,0.07692307692307693,0.28,0.16666666666666666,,0.2777777777777778,,,,0.3333333333333333,0.5,0.6,0.6666666666666666,0.05555555555555555,,,,0.25,,,0.4,,0.6111111111111112,0.4827361111111111,0.430875,0.50049,0.18181818181818182,0.2,0.15,0.3,6.058333333333334,0.2,0.3333333333333333,,0.25,player_totals,wnba,2026,Regular Season,/get-totals/wnba,"{""Season"": ""2026"", ""SeasonType"": ""Regular Season"", ""Type"": ""Player""}",20260603T195605Z,2026-06-03T19:56:07+00:00,763b90ae32605926df0a25344d73898cd6348e527cdc0e1dc15c55baa629f37b,2.0,5.0,,1.0,2.0,6.0,,1.0,6.0,5.0,2.0,,,1.0,1.0,0.3333333333333333,,0.3333333333333333,0.3333333333333333,,0.2777777777777778,0.4,0.4,1.0,0.25,,,0.4,24.116666666666664,,1.0,,,1.0,,1.0,,,,1.0,,,,,0.05555555555555555,,,,,0.2,,0.14285714285714285,0.5,,,,,,,,,,,,,,,,,,,,,,,,"[""single_row_table_data"", ""multi_row_table_data""]",{}
1631083,1611661327,Emily Engstler,Emily Engstler,1631083,PDX,-1165.5,11,-19.0,-27.0,513,511,137.0,178.0,60,1024,14.0,27.0,1.0,2.0,5.0,7.0,10.0,23.0,,,24.0,50.0,14.0,107.0,564,4.0,7.0,4.0,18.0,7.0,11.0,8.0,28.0,28.0,20.0,4.0,6.0,8.0,6.0,14.0,4.0,2.0,7.0,1.0,,34.0,9.0,3.0,20.0,12.0,3.0,35.0,12.0,47.0,1.0,16.0,9.0,7.0,8.0,6.0,7.0,15.0,,1.0,23.0,2.0,7.0,17.0,31.0,1.0,3.0,2.0,18.0,4.0,2.0,18.0,2.0,7.0,3.0,17.0,8.0,6.0,7.0,25.0,89.0,28.0,134.0,3.0,3.0,4.0,-3.0,6.0,4.0,5.0,104.67836257309942,110.37181996086105,0.5833333333333334,0.6363636363636364,0.48,0.5714285714285714,0.6363636363636364,0.5602409638554217,0.7,0.5263157894736842,0.5879120879120879,0.75,0.5833333333333334,0.12,0.14814814814814814,0.08695652173913043,19.58762886597938,0.34782608695652173,0.1875,0.10434782608695652,0.023255813953488372,0.17857142857142858,0.08035714285714286,0.14096916299559473,0.04979253112033195,0.0196078431372549,0.014925373134328358,0.09090909090909091,0.0875,0.0625,0.021739130434782608,0.11764705882352941,0.2777777777777778,0.17073170731707318,0.2,0.02857142857142857,0.3253012048192771,0.5185185185185185,0.6086956521739131,0.5714285714285714,0.27710843373493976,0.43478260869565216,0.47619047619047616,0.6,,,,,0.2,0.5,1.0,0.3684210526315789,0.7142857142857143,0.7228915662650602,0.526648780487805,0.5664714285714286,0.4857,0.07954545454545454,0.12727272727272726,0.16822429906542055,0.2616822429906542,4.022,0.15384615384615385,0.23076923076923078,,0.26705653021442494,player_totals,wnba,2026,Regular Season,/get-totals/wnba,"{""Season"": ""2026"", ""SeasonType"": ""Regular Season"", ""Type"": ""Player""}",20260603T195605Z,2026-06-03T19:56:07+00:00,267702bc9ab8e33281563dfdce58c3bae067e3c956c7b5c289e17cedd1afa499,11.0,25.0,1.0,2.0,15.0,33.0,2.0,3.0,42.0,25.0,11.0,10.0,11.0,3.0,0.9333333333333333,0.45454545454545453,0.6666666666666666,0.45454545454545453,0.39759036144578314,0.44,0.30120481927710846,0.44,0.44,0.9090909090909091,0.2,0.5,1.0,0.44,25.272727272727273,4.0,8.0,3.0,1.0,5.0,2.0,8.0,3.0,1.0,1.0,,,0.25,0.030303030303030304,0.125,0.0963855421686747,0.5,0.5714285714285714,1.0,0.15789473684210525,0.2631578947368421,0.2,,0.3125,1.0,1.0,0.1,0.3333333333333333,,1.0,,,,2.0,,,,,1.0,1.0,1.0,,,,,,,"[""single_row_table_data"", ""multi_row_table_data""]",{}
1642786,1611661329,Aicha Coulibaly,Aicha Coulibaly,1642786,CHI,-1287.9,6,-21.0,15.0,178,181,69.0,77.0,24,359,5.0,13.0,1.0,3.0,1.0,2.0,4.0,9.0,,,9.0,22.0,11.0,29.0,195,1.0,3.0,,2.0,3.0,5.0,7.0,13.0,12.0,6.0,2.0,2.0,2.0,2.0,4.0,1.0,1.0,1.0,1.0,,10.0,1.0,1.0,7.0,1.0,1.0,9.0,3.0,12.0,1.0,7.0,4.0,3.0,4.0,,2.0,,,2.0,4.0,,1.0,7.0,13.0,,2.0,,12.0,1.0,2.0,11.0,1.0,5.0,1.0,,,,,,27.0,13.0,69.0,2.0,1.0,,4.0,1.0,1.0,,117.97752808988764,107.73480662983425,0.6666666666666666,0.75,0.4090909090909091,0.3333333333333333,0.6,0.32142857142857145,0.3333333333333333,0.42857142857142855,0.4393939393939394,0.3333333333333333,0.65,0.09090909090909091,0.07692307692307693,0.1111111111111111,18.137254901960784,1.0,0.25,0.02564102564102564,0.02127659574468085,0.1794871794871795,0.03333333333333333,0.10256410256410256,0.025974025974025976,,0.05263157894736842,,0.041666666666666664,,,0.05263157894736842,,0.14705882352941177,0.4,0.0625,0.4642857142857143,0.38461538461538464,0.4166666666666667,0.6,0.32142857142857145,0.4444444444444444,0.5,0.75,,,,,1.0,0.3333333333333333,,0.2857142857142857,0.5,0.6785714285714286,0.5523964285714286,0.6735,0.5699857142857143,0.15625,0.19230769230769232,0.06896551724137931,0.4482758620689655,3.872727272727273,0.125,0.6,,0.38764044943820225,player_totals,wnba,2026,Regular Season,/get-totals/wnba,"{""Season"": ""2026"", ""SeasonType"": ""Regular Season"", ""Type"": ""Player""}",20260603T195605Z,2026-06-03T19:56:07+00:00,7122aa241c368d5f47eea3bbc393618ebb4914e13ce6d719a8bd1e676d20756c,,2.0,,,,6.0,,,,2.0,,,,,,,,,0.21428571428571427,,0.07142857142857142,,,,,,,,23.53333333333333,,4.0,2.0,,,,2.0,,1.0,,,,,0.16666666666666666,0.25,0.14285714285714285,,,,0.2857142857142857,,,,,,,,,1.0,,0.14285714285714285,,,,,,,,,,,,,,,,,"[""single_row_table_data"", ""multi_row_table_data""]",{}
1642820,1611661324,Liatu King,Liatu King,1642820,MIN,-1311.9,4,-22.0,1.0,100,102,30.0,47.0,15,202,2.0,4.0,,,,1.0,,,1.0,2.0,3.0,6.0,2.0,14.0,99,,,2.0,5.0,,2.0,1.0,1.0,6.0,,,1.0,,,,,,,,,,,4.0,7.0,3.0,1.0,11.0,4.0,15.0,,2.0,,2.0,2.0,,2.0,2.0,,,4.0,1.0,,4.0,7.0,,,1.0,3.0,,,6.0,,3.0,,4.0,,,1.0,4.0,9.0,1.0,30.0,,,1.0,-10.0,,,,100.0,97.05882352941177,1.0,1.0,0.5,,,0.5454545454545454,0.75,,0.5,0.625,0.1,0.16666666666666666,0.25,,15.384615384615385,0.5,0.2,0.12,0.16,0.23333333333333334,,0.18181818181818182,0.1,0.09090909090909091,0.16666666666666666,0.25,,,0.23076923076923078,,,0.2,0.4,,0.36363636363636365,0.5,0.6666666666666666,1.0,,,,,0.18181818181818182,0.5,0.5,1.0,,,,0.3333333333333333,,0.8181818181818182,0.5423727272727272,0.4752,0.5553833333333333,0.21428571428571427,0.3333333333333333,0.35714285714285715,0.07142857142857142,6.766666666666667,,,,0.3,player_totals,wnba,2026,Regular Season,/get-totals/wnba,"{""Season"": ""2026"", ""SeasonType"": ""Regular Season"", ""Type"": ""Player""}",20260603T195605Z,2026-06-03T19:56:07+00:00,076c7eea806986516cb13508dd1145ab14fa66bafb0c351a9b3c470e28a448be,2.0,3.0,1.0,1.0,2.0,5.0,1.0,2.0,6.0,3.0,2.0,3.0,2.0,,1.0,0.4,0.5,0.4,0.45454545454545453,0.5,0.2727272727272727,0.6666666666666666,0.6666666666666666,1.0,0.5,1.0,1.0,0.6666666666666666,23.2,,2.0,,,1.0,,1.0,,,1.0,,,,,,0.18181818181818182,,,,,0.3333333333333333,,,,1.0,,0.5,,,,,,,,,,,,,,,,,,,,,"[""single_row_table_data"", ""multi_row_table_data""]",{}
203822,1611661313,Rebekah Gardner,Rebekah Gardner,203822,NYL,-1528.3000000000002,9,-25.0,34.0,350,361,141.0,123.0,34,711,16.0,20.0,1.0,2.0,4.0,6.0,5.0,8.0,,,21.0,28.0,11.0,68.0,347,2.0,3.0,1.0,5.0,7.0,10.0,9.0,26.0,30.0,12.0,2.0,2.0,7.0,6.0,13.0,5.0,1.0,4.0,3.0,,32.0,5.0,,3.0,10.0,2.0,15.0,5.0,20.0,,2.0,2.0,,6.0,1.0,4.0,3.0,1.0,2.0,9.0,1.0,4.0,4.0,15.0,,3.0,,13.0,1.0,2.0,13.0,1.0,3.0,4.0,1.0,1.0,1.0,,2.0,63.0,26.0,141.0,4.0,3.0,,5.0,5.0,-7.0,3.0,108.85714285714286,96.1218836565097,0.7142857142857143,0.75,0.75,0.6666666666666666,0.7,0.6951219512195121,0.5,0.5666666666666667,0.723404255319149,0.625,0.65,0.07142857142857142,0.05,0.125,14.395886889460154,0.6666666666666666,0.10526315789473684,0.10526315789473684,,0.03571428571428571,0.06666666666666667,0.07262569832402235,0.03546099290780142,,,,0.07407407407407407,0.047619047619047616,0.09523809523809523,0.11538461538461539,0.09090909090909091,0.016129032258064516,0.09090909090909091,,0.4878048780487805,0.8,0.8421052631578947,0.6875,0.1951219512195122,0.625,0.7142857142857143,0.8,,,,,0.5,0.5,,0.4,0.6666666666666666,0.8048780487804879,0.5565463414634146,0.46015,0.5342166666666667,0.06976744186046512,0.1,0.07352941176470588,0.38235294117647056,3.4892857142857143,,,,0.40285714285714286,player_totals,wnba,2026,Regular Season,/get-totals/wnba,"{""Season"": ""2026"", ""SeasonType"": ""Regular Season"", ""Type"": ""Player""}",20260603T195605Z,2026-06-03T19:56:07+00:00,25d53ad37e41c31cd52e384ab5f66675f7c71fa21cf27df8995e81fb8eef2cd8,2.0,8.0,,1.0,5.0,13.0,,1.0,15.0,8.0,2.0,1.0,1.0,,1.0,0.38461538461538464,,0.38461538461538464,0.3170731707317073,0.5,0.1951219512195122,0.25,0.25,1.0,0.25,,,0.25,24.446153846153848,3.0,5.0,,1.0,5.0,1.0,5.0,,,1.0,,2.0,0.2,,,0.12195121951219512,0.6,0.6,1.0,,0.3333333333333333,0.2,,0.625,,,,,,,,,,,,,,,,,,,,,,,,"[""single_row_table_data"", ""multi_row_table_data""]",{}
1642324,1611661320,Kate Martin,Kate Martin,1642324,LAS,-1531.5,5,-26.0,20.0,94,94,64.0,44.0,13,188,1.0,1.0,,,,,1.0,2.0,,,2.0,3.0,,13.0,109,,,,,,1.0,,3.0,2.0,2.0,,,1.0,,1.0,,,,1.0,,2.0,,,1.0,1.0,,2.0,,2.0,,2.0,1.0,1.0,1.0,,1.0,,,,1.0,,,3.0,5.0,,,,1.0,,1.0,,,,,,,,,,13.0,3.0,64.0,1.0,,,,,,,137.2340425531915,115.95744680851064,0.5,0.5,0.6666666666666666,,,0.5909090909090909,,0.3,0.5909090909090909,,0.3,,,,11.214953271028037,1.0,,0.05,,0.058823529411764705,,0.05405405405405406,,,,,,,,,0.2,,0.2,,0.09090909090909091,1.0,1.0,1.0,0.18181818181818182,0.5,0.5,,,,,,,,,,,0.8181818181818182,0.5066818181818182,,0.48531,,,,0.23076923076923078,3.9333333333333336,,1.0,,0.6808510638297872,player_totals,wnba,2026,Regular Season,/get-totals/wnba,"{""Season"": ""2026"", ""SeasonType"": ""Regular Season"", ""Type"": ""Player""}",20260603T195605Z,2026-06-03T19:56:07+00:00,4d8d6fab82b8683e767bc33a47db3a1bec40c0896d9eaa4000da604e22491e8d,1.0,3.0,,,3.0,8.0,,,9.0,3.0,1.0,,,,1.0,0.375,,0.375,0.7272727272727273,,0.2727272727272727,0.3333333333333333,0.3333333333333333,1.0,,,,0.3333333333333333,23.85,2.0,5.0,1.0,1.0,3.0,1.0,4.0,,,,,,0.25,,,0.45454545454545453,0.4,0.4,1.0,0.2,0.6,0.3333333333333333,,0.25,,,,,,,,,,,,,,,,,,,,,,,,"[""single_row_table_data"", ""multi_row_table_data""]",{}
204322,1611661329,Elizabeth Williams,Elizabeth Williams,204322,CHI,-1732.8,9,-29.0,-32.0,332,342,133.0,143.0,43,674,7.0,23.0,1.0,5.0,1.0,7.0,11.0,18.0,,1.0,18.0,42.0,9.0,45.0,369,4.0,8.0,3.0,11.0,7.0,16.0,6.0,20.0,32.0,4.0,2.0,6.0,7.0,5.0,12.0,3.0,2.0,4.0,1.0,2.0,29.0,6.0,11.0,9.0,19.0,,28.0,17.0,45.0,1.0,5.0,3.0,2.0,5.0,,2.0,3.0,1.0,3.0,8.0,2.0,4.0,6.0,11.0,1.0,1.0,1.0,22.0,1.0,,26.0,2.0,11.0,3.0,9.0,,,5.0,9.0,34.0,20.0,133.0,1.0,3.0,,,2.0,,,101.50602409638554,107.89473684210526,0.8888888888888888,0.9411764705882353,0.42857142857142855,0.5,0.4375,0.42857142857142855,0.5,0.4375,0.4166666666666667,0.4230769230769231,0.45454545454545453,0.14285714285714285,0.21739130434782608,0.05555555555555555,16.230366492146597,0.625,,0.1958762886597938,0.11,0.16363636363636364,0.0821917808219178,0.18421052631578946,0.09826589595375723,0.0851063829787234,0.1,0.23076923076923078,0.09090909090909091,0.05555555555555555,0.20689655172413793,0.20454545454545456,0.16666666666666666,0.1590909090909091,0.18181818181818182,0.05555555555555555,0.5476190476190477,0.30434782608695654,0.3888888888888889,0.8571428571428571,0.42857142857142855,0.6111111111111112,0.6470588235294118,0.9090909090909091,0.023809523809523808,,,,0.625,0.2,,0.4375,0.14285714285714285,0.5476190476190477,0.5088619047619047,0.4835125,0.47876875,0.21568627450980393,0.21568627450980393,0.24444444444444444,0.4444444444444444,4.578571428571429,0.25,0.14285714285714285,,0.4006024096385542,player_totals,wnba,2026,Regular Season,/get-totals/wnba,"{""Season"": ""2026"", ""SeasonType"": ""Regular Season"", ""Type"": ""Player""}",20260603T195605Z,2026-06-03T19:56:07+00:00,5573f97bc754b329d30e19f89d0d9e190ef55d404e22cd7a0f2a4dbf8e45c32a,,,,,,,,,,,,4.0,6.0,,,,,,,0.6666666666666666,,,,,,,,,,,,,,,,,,,,,,,,,,,,,,,,,,,,,,,,,1.0,,,,2.0,,,,,,,,,,,,"[""single_row_table_data"", ""multi_row_table_data""]",{}
1629581,1611661324,Emese Hof,Emese Hof,1629581,MIN,-1762.8999999999999,3,-29.0,-18.0,41,46,10.0,19.0,3,87,3.0,3.0,,,1.0,1.0,,3.0,,,3.0,6.0,1.0,7.0,53,,1.0,,,1.0,2.0,,2.0,6.0,,,2.0,2.0,,2.0,,,,,2.0,4.0,,2.0,1.0,1.0,1.0,3.0,2.0,5.0,,,,,1.0,,1.0,3.0,,,4.0,1.0,,2.0,6.0,1.0,1.0,1.0,1.0,,,2.0,,1.0,,,,,,,7.0,2.0,10.0,,,,5.0,2.0,,,85.3658536585366,115.21739130434783,1.0,1.0,0.5,,0.5,0.5,,0.5,0.5,,0.5,0.3333333333333333,,0.6666666666666666,23.913043478260867,0.25,0.3333333333333333,0.08333333333333333,0.14285714285714285,0.08333333333333333,,0.08333333333333333,0.1111111111111111,,0.5,,,,,0.2,,0.1111111111111111,,,0.5,1.0,1.0,1.0,0.5,,,,,,,,,,,0.5,1.0,0.5,0.5111166666666667,0.3382,0.51385,0.14285714285714285,0.14285714285714285,,0.2857142857142857,4.166666666666667,,,,0.24390243902439024,player_totals,wnba,2026,Regular Season,/get-totals/wnba,"{""Season"": ""2026"", ""SeasonType"": ""Regular Season"", ""Type"": ""Player""}",20260603T195605Z,2026-06-03T19:56:07+00:00,9c76d90d8961e65c51043d6e96a11949021f5f2612eb737cdb751d38d507a8a7,,,,,,,,,,,,,,,,,,,,,,,,,,,,,,,,,,,,,,,1.0,,,,,,,,,,,,,,,,,,,,,,,,,,,,,,,,,,,,,,"[""single_row_table_data"", ""multi_row_table_data""]",{}
1642797,1611661324,Anastasiia Olairi Kosu,Anastasiia Olairi Kosu,1642797,MIN,-1802.8,8,-30.0,36.0,136,139,38.0,58.0,23,275,9.0,14.0,2.0,2.0,4.0,5.0,4.0,7.0,,1.0,13.0,22.0,5.0,31.0,135,4.0,5.0,3.0,11.0,4.0,6.0,1.0,9.0,18.0,8.0,6.0,3.0,3.0,1.0,4.0,1.0,,1.0,,2.0,9.0,3.0,5.0,4.0,2.0,,6.0,9.0,15.0,1.0,5.0,3.0,2.0,,,,3.0,,,3.0,,1.0,8.0,12.0,,1.0,1.0,3.0,,,6.0,,3.0,,5.0,,,4.0,5.0,20.0,9.0,38.0,1.0,,,4.0,-10.0,,,125.73529411764704,97.12230215827338,0.6923076923076923,0.9,0.5909090909090909,0.8,0.6666666666666666,0.5909090909090909,0.8,0.6666666666666666,0.62,0.7857142857142857,0.6428571428571429,0.13636363636363635,0.21428571428571427,,17.391304347826086,,,0.04878048780487805,0.15625,0.1111111111111111,0.23076923076923078,0.07792207792207792,0.17777777777777778,0.1,0.2727272727272727,0.09090909090909091,0.2727272727272727,,,0.05263157894736842,0.2,0.10714285714285714,0.125,0.16666666666666666,0.6363636363636364,0.6428571428571429,0.8181818181818182,0.7777777777777778,0.3181818181818182,0.5714285714285714,0.5714285714285714,0.5,0.045454545454545456,,,,0.4,1.0,,0.8333333333333334,0.8,0.6363636363636364,0.5138681818181818,0.35575,0.5428000000000001,0.12,0.12,0.3548387096774194,0.2903225806451613,3.9681818181818183,0.2,1.0,1.0,0.27941176470588236,player_totals,wnba,2026,Regular Season,/get-totals/wnba,"{""Season"": ""2026"", ""SeasonType"": ""Regular Season"", ""Type"": ""Player""}",20260603T195605Z,2026-06-03T19:56:07+00:00,348f7398551120df4ce25446bec407deefbcc434f991bec1e3c5490af82a5982,,,,,,,,,,,,1.0,3.0,1.0,,,,,,0.6,,,,,,,,,,,,,,,,,,,1.0,,,,,,,,,,,,,,,,,,,1.0,,0.3333333333333333,,,,,,,,,,,,,,,,,"[""single_row_table_data"", ""multi_row_table_data""]",{}
1643469,1611661330,Indya Nivar,Indya Nivar,1643469,ATL,-1940.9,7,-32.0,5.0,54,61,34.0,22.0,13,115,2.0,6.0,,,2.0,3.0,1.0,2.0,,,3.0,8.0,,9.0,49,,1.0,,,3.0,4.0,,9.0,2.0,4.0,,,5.0,,5.0,,,3.0,2.0,,10.0,1.0,2.0,6.0,4.0,,10.0,3.0,13.0,,3.0,2.0,1.0,1.0,,1.0,,,,1.0,1.0,1.0,1.0,4.0,,,,5.0,,2.0,6.0,,1.0,2.0,2.0,,,1.0,2.0,9.0,9.0,34.0,1.0,2.0,,,,,,100.0,80.32786885245902,0.3333333333333333,0.3333333333333333,0.375,,0.75,0.45,,0.75,0.34615384615384615,,0.5625,,,,19.178082191780824,1.0,,0.4444444444444444,0.1,0.35294117647058826,0.0625,0.38461538461538464,0.08333333333333333,0.07692307692307693,,0.25,0.07142857142857142,,0.3333333333333333,0.4,1.0,0.35714285714285715,0.3333333333333333,,0.6,0.3333333333333333,0.3333333333333333,,0.2,0.5,0.5,1.0,,,,,,,,0.5,0.6666666666666666,0.8,0.56557,,0.5733166666666667,0.09090909090909091,0.1111111111111111,,1.0,2.6875,0.25,1.0,,0.6296296296296297,player_totals,wnba,2026,Regular Season,/get-totals/wnba,"{""Season"": ""2026"", ""SeasonType"": ""Regular Season"", ""Type"": ""Player""}",20260603T195605Z,2026-06-03T19:56:07+00:00,76a57e7d946054d42b412523fa669fab4796e6447b79fb9e5e8958f96ff66a47,1.0,2.0,,,1.0,2.0,,,3.0,2.0,1.0,1.0,1.0,,1.0,0.5,,0.5,0.2,0.5,0.2,0.5,0.5,1.0,,,,0.5,24.15,,,,1.0,2.0,1.0,2.0,,,,,,0.5,,,,,,,,0.3333333333333333,0.5,,,,,,,,,,,,,,,,,,,,,,,,,,"[""single_row_table_data"", ""multi_row_table_data""]",{}
1628915,1611661332,Kia Nurse,Kia Nurse,1628915,TOR,-1988.4,9,-33.0,10.0,210,213,103.0,83.0,24,423,2.0,3.0,,,1.0,1.0,,3.0,2.0,3.0,4.0,9.0,11.0,43.0,235,,,2.0,5.0,3.0,4.0,6.0,21.0,8.0,,,2.0,4.0,1.0,5.0,1.0,,2.0,2.0,,11.0,1.0,1.0,7.0,2.0,2.0,11.0,2.0,13.0,,3.0,2.0,1.0,,,,3.0,1.0,,3.0,,2.0,1.0,10.0,,2.0,2.0,9.0,1.0,,12.0,,3.0,2.0,,,,,,38.0,21.0,103.0,2.0,2.0,,,1.0,,,116.66666666666666,110.32863849765259,1.0,1.0,0.4444444444444444,,0.75,0.45714285714285713,0.3,0.46875,0.525,0.4166666666666667,0.5526315789473685,0.2222222222222222,,0.6666666666666666,18.067226890756302,,0.25,0.03389830508474576,0.022727272727272728,0.1320754716981132,0.01694915254237288,0.08035714285714286,0.019417475728155338,,,0.1111111111111111,0.02127659574468085,,,0.1,,0.14634146341463414,0.08333333333333333,,0.08571428571428572,0.6666666666666666,0.6666666666666666,1.0,0.08571428571428572,,,,0.08571428571428572,0.6666666666666666,0.6666666666666666,1.0,,,,0.0625,1.0,0.8285714285714286,0.5101142857142857,0.61175,0.50224375,0.07894736842105263,0.25,0.11627906976744186,0.4883720930232558,9.411111111111111,1.0,,1.0,0.49047619047619045,player_totals,wnba,2026,Regular Season,/get-totals/wnba,"{""Season"": ""2026"", ""SeasonType"": ""Regular Season"", ""Type"": ""Player""}",20260603T195605Z,2026-06-03T19:56:07+00:00,a4497b70bd9015cbee2420b2bfdac5e390288cfef6f1e6150ecbe0a4f9e2a731,7.0,22.0,1.0,5.0,8.0,26.0,1.0,5.0,21.0,22.0,7.0,,,,0.875,0.3076923076923077,0.2,0.3076923076923077,0.7428571428571429,,0.6285714285714286,0.3181818181818182,0.3181818181818182,0.8571428571428571,1.0,0.2,1.0,0.3181818181818182,24.873076923076926,1.0,4.0,1.0,3.0,11.0,3.0,12.0,3.0,,,,,0.25,,,0.11428571428571428,0.25,0.25,1.0,0.0625,0.6875,0.2727272727272727,,0.1111111111111111,,,,,,,,,1.0,,,,,,,,,,,,,,,"[""single_row_table_data"", ""multi_row_table_data""]",{}
1627671,1611661329,Rachel Banham,Rachel Banham,1627671,CHI,-2335.9,9,-39.0,-16.0,316,316,110.0,117.0,34,632,1.0,1.0,,,1.0,1.0,1.0,5.0,4.0,7.0,6.0,13.0,5.0,50.0,321,1.0,2.0,,5.0,4.0,5.0,4.0,18.0,8.0,4.0,,,6.0,4.0,10.0,2.0,2.0,3.0,3.0,,24.0,,1.0,6.0,2.0,,8.0,1.0,9.0,1.0,2.0,1.0,1.0,7.0,1.0,5.0,3.0,1.0,2.0,10.0,,4.0,5.0,13.0,,,1.0,5.0,,,6.0,1.0,2.0,1.0,2.0,,,2.0,2.0,45.0,18.0,110.0,2.0,1.0,2.0,-4.0,-5.0,,,96.51898734177215,101.58227848101265,0.6666666666666666,0.6666666666666666,0.46153846153846156,0.5,0.8,0.45,0.5,0.3888888888888889,0.4807692307692308,0.5,0.45,,,,17.415730337078653,0.7,,0.0196078431372549,0.012048192771084338,0.10344827586206896,,0.05,0.006289308176100629,,0.02702702702702703,,,,,0.0425531914893617,,0.1111111111111111,0.07692307692307693,0.03125,0.02,1.0,1.0,,0.1,0.2,0.2,1.0,0.14,0.5714285714285714,0.5714285714285714,0.75,,,,0.05555555555555555,1.0,0.76,0.487894,0.46,0.47221944444444447,0.058823529411764705,0.14285714285714285,0.1,0.36,14.607692307692307,,0.25,,0.34810126582278483,player_totals,wnba,2026,Regular Season,/get-totals/wnba,"{""Season"": ""2026"", ""SeasonType"": ""Regular Season"", ""Type"": ""Player""}",20260603T195605Z,2026-06-03T19:56:07+00:00,b3a6947d7ee8288fdd0dfeebd83129017c92927c219e43d7ac010c3d1e3bece8,8.0,28.0,1.0,3.0,11.0,37.0,1.0,3.0,27.0,28.0,8.0,,1.0,2.0,0.8181818181818182,0.2972972972972973,0.3333333333333333,0.2972972972972973,0.74,0.5,0.56,0.2857142857142857,0.2857142857142857,0.75,0.6,0.3333333333333333,1.0,0.2857142857142857,24.94054054054054,3.0,9.0,2.0,2.0,11.0,2.0,13.0,6.0,,,1.0,,0.15384615384615385,,,0.18,0.3333333333333333,0.3333333333333333,1.0,0.1111111111111111,0.6111111111111112,0.18181818181818182,0.02702702702702703,0.19230769230769232,,,,,,,,,,,,,,,,,,,,1.0,,,,"[""single_row_table_data"", ""multi_row_table_data""]",{}
1643489,1611661324,Antonia Delaere,Antonia Delaere,1643489,MIN,-2359.7999999999997,9,-39.0,29.0,239,251,50.0,98.0,37,490,3.0,5.0,,,,1.0,,1.0,1.0,3.0,4.0,9.0,3.0,29.0,251,1.0,2.0,,5.0,,1.0,,6.0,6.0,2.0,,1.0,8.0,7.0,15.0,5.0,2.0,1.0,6.0,1.0,37.0,1.0,,2.0,2.0,,4.0,1.0,5.0,,2.0,2.0,,1.0,2.0,,2.0,,1.0,3.0,1.0,,4.0,10.0,,,,2.0,,,3.0,1.0,2.0,,,,,,,24.0,6.0,50.0,2.0,,,3.0,,,,117.15481171548116,100.00000000000001,0.75,0.75,0.4444444444444444,0.5,,0.65,0.625,0.75,0.6904761904761905,0.625,0.75,0.1111111111111111,0.2,,8.51063829787234,0.3333333333333333,,0.029411764705882353,,0.03333333333333333,0.03225806451612903,0.03125,0.01,,,,0.043478260869565216,,,0.03225806451612903,0.09090909090909091,0.0425531914893617,,,0.25,0.6,0.75,1.0,0.05,,,,0.15,0.3333333333333333,0.3333333333333333,,,,,0.25,,0.8,0.54942,0.4850125,0.539425,0.09523809523809523,0.2,0.1724137931034483,0.20689655172413793,7.277777777777778,,,,0.20920502092050208,player_totals,wnba,2026,Regular Season,/get-totals/wnba,"{""Season"": ""2026"", ""SeasonType"": ""Regular Season"", ""Type"": ""Player""}",20260603T195605Z,2026-06-03T19:56:07+00:00,8a4c9633ee7991e5cf349c9b2f1d5c4a48bba84ea8b530add07320ee154151db,4.0,6.0,1.0,2.0,6.0,11.0,1.0,2.0,15.0,6.0,4.0,,,,0.8333333333333334,0.5454545454545454,0.5,0.5454545454545454,0.55,,0.3,0.6666666666666666,0.6666666666666666,0.75,0.5,0.5,1.0,0.6666666666666666,23.745454545454546,2.0,5.0,2.0,1.0,1.0,2.0,3.0,3.0,,,,,0.6666666666666666,,,0.25,0.4,0.4,1.0,0.5,0.25,1.0,,0.8,,1.0,,0.5,,,,,,,,1.0,,,,,,,,,,,,"[""single_row_table_data"", ""multi_row_table_data""]",{}
1641652,1611661321,Maddy Siegrist,Maddy Siegrist,1641652,DAL,-2368.5,9,-39.0,49.0,259,262,43.0,72.0,35,521,8.0,17.0,3.0,6.0,,2.0,6.0,17.0,3.0,5.0,17.0,39.0,5.0,60.0,253,5.0,9.0,3.0,13.0,1.0,5.0,2.0,4.0,30.0,4.0,2.0,4.0,6.0,2.0,8.0,2.0,,3.0,2.0,1.0,18.0,1.0,9.0,5.0,12.0,3.0,20.0,10.0,30.0,4.0,3.0,2.0,1.0,,,,1.0,,,1.0,,,5.0,13.0,,2.0,,3.0,1.0,,5.0,1.0,2.0,1.0,3.0,,,,3.0,47.0,4.0,43.0,2.0,1.0,1.0,-3.0,1.0,,,116.6023166023166,96.56488549618321,0.8823529411764706,0.9375,0.4358974358974359,0.5555555555555556,0.2,0.4824561403508772,0.5555555555555556,0.2,0.5084745762711864,0.65,0.3333333333333333,0.10256410256410256,0.17647058823529413,0.058823529411764705,19.867549668874172,,0.375,0.17647058823529413,0.11392405063291139,0.11627906976744186,0.01818181818181818,0.15315315315315314,0.07462686567164178,,0.20930232558139536,,0.02127659574468085,,0.17391304347826086,0.14705882352941177,0.2727272727272727,0.13157894736842105,,0.15384615384615385,0.2982456140350877,0.47058823529411764,0.5714285714285714,0.875,0.2982456140350877,0.35294117647058826,0.375,1.0,0.08771929824561403,0.6,0.6,0.6666666666666666,0.6666666666666666,0.5,0.6666666666666666,0.4,,0.6140350877192983,0.4981684210526316,0.5442125,0.46487999999999996,0.034482758620689655,0.05,0.21666666666666667,0.06666666666666667,7.130769230769231,0.5555555555555556,0.5,,0.16602316602316602,player_totals,wnba,2026,Regular Season,/get-totals/wnba,"{""Season"": ""2026"", ""SeasonType"": ""Regular Season"", ""Type"": ""Player""}",20260603T195605Z,2026-06-03T19:56:07+00:00,da254ef64f2cf7fb4c7fc9de5c86aab49b05f471e9affdeba07ef05b4f6de640,7.0,15.0,,,7.0,18.0,,,21.0,15.0,7.0,3.0,2.0,,1.0,0.3888888888888889,,0.3888888888888889,0.3157894736842105,0.6666666666666666,0.2631578947368421,0.4666666666666667,0.4666666666666667,1.0,,,,0.4666666666666667,24.855555555555554,,3.0,,,,,,,1.0,1.0,,,,0.05555555555555555,0.3333333333333333,0.05263157894736842,,,,,,,,0.1,,,,,,,,,,,,,,,,,,,,,,,,"[""single_row_table_data"", ""multi_row_table_data""]",{}
1630471,1611661324,Maya Caldwell,Maya Caldwell,1630471,MIN,-2563.6,9,-43.0,41.0,257,262,64.0,84.0,33,519,2.0,7.0,1.0,1.0,,1.0,,4.0,4.0,6.0,6.0,17.0,5.0,41.0,241,3.0,3.0,2.0,14.0,,2.0,2.0,11.0,6.0,6.0,2.0,2.0,10.0,1.0,11.0,,1.0,7.0,1.0,2.0,23.0,3.0,1.0,8.0,6.0,,14.0,4.0,18.0,,5.0,2.0,3.0,3.0,1.0,2.0,2.0,,1.0,5.0,,2.0,3.0,12.0,,,,9.0,2.0,3.0,5.0,1.0,2.0,1.0,4.0,,,3.0,4.0,27.0,11.0,64.0,1.0,1.0,,1.0,,,,109.72762645914398,91.98473282442748,0.5,0.6,0.35294117647058826,1.0,,0.47368421052631576,1.2,0.5,0.5125,1.1666666666666667,0.55,0.11764705882352941,0.14285714285714285,0.25,15.202702702702704,0.6,,0.08108108108108109,0.014705882352941176,0.11940298507462686,0.08823529411764706,0.09929078014184398,0.0392156862745098,,,0.038461538461538464,0.08695652173913043,0.09090909090909091,0.03225806451612903,0.09375,0.18181818181818182,0.07692307692307693,0.26666666666666666,,0.18421052631578946,0.2857142857142857,0.3333333333333333,,0.10526315789473684,,,,0.15789473684210525,0.6666666666666666,0.6666666666666666,0.75,0.2,1.0,,0.1111111111111111,,0.7368421052631579,0.4939513157894737,0.47615,0.5062833333333333,0.05128205128205128,0.1111111111111111,0.34146341463414637,0.2682926829268293,9.129411764705882,,0.75,,0.2490272373540856,player_totals,wnba,2026,Regular Season,/get-totals/wnba,"{""Season"": ""2026"", ""SeasonType"": ""Regular Season"", ""Type"": ""Player""}",20260603T195605Z,2026-06-03T19:56:07+00:00,0230acc7c55c2596be1fddd5cff61ae17395643cdb8f9139f51c4851983dcd4c,4.0,13.0,2.0,2.0,8.0,21.0,2.0,2.0,18.0,13.0,4.0,1.0,3.0,,0.75,0.38095238095238093,1.0,0.38095238095238093,0.5526315789473685,0.75,0.34210526315789475,0.3076923076923077,0.3076923076923077,0.5,0.4,1.0,0.5,0.3076923076923077,24.20952380952381,4.0,8.0,3.0,2.0,4.0,3.0,7.0,6.0,,1.0,,,0.42857142857142855,,,0.21052631578947367,0.5,0.5,1.0,0.3333333333333333,0.4444444444444444,0.5,,0.16666666666666666,,1.0,,0.3333333333333333,,,,,,,,,,,,,,,,,,,,"[""single_row_table_data"", ""multi_row_table_data""]",{}
1631118,1611661317,Lexi Held,Lexi Held,1631118,PHX,-3328.6000000000004,9,-55.0,-4.0,148,150,74.0,68.0,19,298,1.0,3.0,,,1.0,2.0,,4.0,,,1.0,7.0,3.0,14.0,156,,,,,1.0,4.0,1.0,6.0,,2.0,,2.0,5.0,2.0,7.0,1.0,1.0,5.0,,,16.0,1.0,2.0,2.0,1.0,,3.0,3.0,6.0,,1.0,1.0,,3.0,,3.0,1.0,1.0,,4.0,1.0,2.0,4.0,8.0,,1.0,,4.0,,2.0,3.0,1.0,2.0,,,,,,,14.0,6.0,74.0,2.0,,,,,,,102.70270270270271,104.0,,,0.14285714285714285,,0.25,0.4230769230769231,,0.4166666666666667,0.5,,0.5,0.2857142857142857,,0.5,10.526315789473685,0.75,,0.023809523809523808,0.05405405405405406,0.0625,0.025,0.04054054054054054,0.03896103896103896,,0.05263157894736842,0.125,,0.1111111111111111,0.05555555555555555,,,,0.2222222222222222,,0.23076923076923078,0.3333333333333333,0.3333333333333333,,0.3076923076923077,,,,,,,,,,,0.3333333333333333,0.5,0.6923076923076923,0.5306423076923077,,0.5395583333333334,0.14285714285714285,0.25,,0.42857142857142855,6.442857142857143,,,,0.5,player_totals,wnba,2026,Regular Season,/get-totals/wnba,"{""Season"": ""2026"", ""SeasonType"": ""Regular Season"", ""Type"": ""Player""}",20260603T195605Z,2026-06-03T19:56:07+00:00,17fdf08566d778521f125f38b7be9acb77f9ec6046b594239db58ac18670dd00,2.0,2.0,,,3.0,6.0,,,9.0,2.0,2.0,,,,1.0,0.5,,0.5,0.46153846153846156,,0.15384615384615385,1.0,1.0,1.0,,,,1.0,23.48333333333333,1.0,4.0,2.0,,,1.0,2.0,,,,,,0.5,,,0.3076923076923077,0.25,0.25,1.0,0.3333333333333333,,,,,,1.0,,0.5,,,,,,,,,,,,,,,,,,,,"[""single_row_table_data"", ""multi_row_table_data""]",{}
1642321,1611661329,Sydney Taylor,Sydney Taylor,1642321,CHI,-3372.0,7,-56.0,-9.0,223,226,102.0,109.0,27,449,9.0,12.0,2.0,2.0,5.0,7.0,5.0,10.0,1.0,4.0,15.0,26.0,16.0,70.0,220,2.0,3.0,1.0,5.0,8.0,13.0,9.0,37.0,22.0,8.0,,3.0,8.0,2.0,10.0,1.0,1.0,4.0,3.0,1.0,22.0,1.0,2.0,2.0,3.0,,5.0,3.0,8.0,1.0,6.0,5.0,1.0,3.0,1.0,3.0,4.0,,,7.0,,2.0,4.0,13.0,,1.0,1.0,19.0,,6.0,20.0,2.0,7.0,1.0,1.0,,,,1.0,65.0,37.0,102.0,3.0,1.0,,,,4.0,,94.61883408071749,97.34513274336284,0.7333333333333333,0.7333333333333333,0.5769230769230769,0.6666666666666666,0.6153846153846154,0.4153846153846154,0.4,0.42424242424242425,0.4794520547945205,0.4166666666666667,0.5,0.11538461538461539,0.08333333333333333,0.2,31.620553359683797,0.42857142857142855,,0.04477611940298507,0.038461538461538464,0.0625,0.015873015873015872,0.050505050505050504,0.02608695652173913,0.041666666666666664,0.047619047619047616,,,0.06666666666666667,0.08,,0.058823529411764705,0.08695652173913043,,0.027777777777777776,0.18461538461538463,0.75,0.8181818181818182,0.8888888888888888,0.15384615384615385,0.5,0.625,0.4,0.06153846153846154,0.25,0.25,1.0,0.4,1.0,1.0,0.21212121212121213,0.7142857142857143,0.7846153846153846,0.5130380952380952,0.650625,0.49503125,0.1,0.22580645161290322,0.07142857142857142,0.5285714285714286,6.246153846153846,0.6666666666666666,0.4,0.3333333333333333,0.45739910313901344,player_totals,wnba,2026,Regular Season,/get-totals/wnba,"{""Season"": ""2026"", ""SeasonType"": ""Regular Season"", ""Type"": ""Player""}",20260603T195605Z,2026-06-03T19:56:07+00:00,169ea82c113a6a9c57fa24ea441bdea60eca3b6e1ef0fc3795b7fde18bfa4698,8.0,33.0,,1.0,8.0,39.0,,2.0,15.0,33.0,8.0,1.0,1.0,,0.625,0.20512820512820512,,0.20512820512820512,0.6,1.0,0.5076923076923077,0.24242424242424243,0.25,0.625,0.2,,,0.24242424242424243,26.456410256410255,,6.0,3.0,4.0,17.0,4.0,20.0,9.0,2.0,1.0,2.0,,0.2,0.05128205128205128,0.16666666666666666,0.09230769230769231,,,,0.09090909090909091,0.5151515151515151,0.23529411764705882,,0.16666666666666666,1.0,,0.2,,,1.0,,2.0,,,,,0.030303030303030304,,,,,,,,,,,"[""single_row_table_data"", ""multi_row_table_data""]",{}
1643462,1611661320,Chance Gray,Chance Gray,1643462,LAS,-3990.0,8,-66.0,-36.0,191,193,84.0,80.0,26,384,4.0,7.0,,1.0,3.0,4.0,,,,,4.0,7.0,1.0,21.0,210,,1.0,,,3.0,4.0,,18.0,8.0,,,3.0,2.0,2.0,4.0,1.0,1.0,2.0,,,10.0,2.0,1.0,4.0,4.0,,8.0,3.0,11.0,1.0,1.0,,1.0,2.0,,2.0,1.0,,,3.0,,1.0,6.0,10.0,,,,1.0,,,1.0,1.0,1.0,,,,,,,21.0,18.0,82.0,,,,3.0,4.0,,,91.09947643979058,108.80829015544042,1.0,1.0,0.5714285714285714,,0.75,0.45454545454545453,,0.75,0.4772727272727273,,0.75,0.42857142857142855,0.42857142857142855,,11.363636363636363,0.6666666666666666,,0.09523809523809523,0.019230769230769232,0.0975609756097561,0.047619047619047616,0.0963855421686747,0.031914893617021274,,0.043478260869565216,,0.06451612903225806,,,0.043478260869565216,0.375,0.1111111111111111,,0.09090909090909091,0.3181818181818182,0.5714285714285714,1.0,1.0,,,,,,,,,0.5,,,0.3333333333333333,0.75,1.0,0.54275,0.521725,0.5628875,0.045454545454545456,0.14285714285714285,,0.8571428571428571,2.042857142857143,0.3333333333333333,,,0.4397905759162304,player_totals,wnba,2026,Regular Season,/get-totals/wnba,"{""Season"": ""2026"", ""SeasonType"": ""Regular Season"", ""Type"": ""Player""}",20260603T195605Z,2026-06-03T19:56:07+00:00,f9d625fd503da1542842999c42a16b67ab59f22d76efae66a773faf34f4722bb,3.0,11.0,,1.0,4.0,15.0,,1.0,12.0,11.0,3.0,,,,1.0,0.26666666666666666,,0.26666666666666666,0.6818181818181818,,0.5,0.2727272727272727,0.2727272727272727,1.0,0.5,,,0.2727272727272727,25.34,1.0,4.0,2.0,3.0,6.0,4.0,8.0,,,1.0,,,0.5,,,0.18181818181818182,0.25,0.25,1.0,0.16666666666666666,0.5,0.5,,0.45454545454545453,,1.0,,0.5,,,,,,,,,,,,,,,,,,,,"[""single_row_table_data"", ""multi_row_table_data""]",{}
