player_id,player_name,dataset,league,season,season_type,source_endpoint,source_params_json,run_id,fetched_at_utc,row_content_hash,source_response_keys,player_id_clean,player_name_clean,dataset_clean,_cleaned_at_utc,_clean_run_id,_row_content_hash
100003,Lisa Leslie,players_directory,wnba,,,/get-all-players-for-league/wnba,{},20260602T225839Z,2026-06-02T22:58:40+00:00,031a55e1c3599572ff78acd29a5687a54dffa6f3909ec52b730e1cb8558f0ee6,"[""players""]",100003,Lisa Leslie,players_directory,2026-06-02T22:58:43+00:00,20260602T225839Z,f5e9f1a2fdf4c59269f101cee6e0222b8ebe0d51dc8d28941bb3e5100a138841
100008,Tamecka Dixon,players_directory,wnba,,,/get-all-players-for-league/wnba,{},20260602T225839Z,2026-06-02T22:58:40+00:00,a78a0626776102adffab7d91574eaf66dc0bebeba3eb173995272110cb8d59ee,"[""players""]",100008,Tamecka Dixon,players_directory,2026-06-02T22:58:43+00:00,20260602T225839Z,b1fb5e39dfac903ca8db4fb4174c9041e67e118c784415d69a2edde9ccdf06bf
100072,Sheryl Swoopes,players_directory,wnba,,,/get-all-players-for-league/wnba,{},20260602T225839Z,2026-06-02T22:58:40+00:00,4f5e43510284b2fd86c92ea0c5de3d6965bdf45a7c0e29e05782b004c185fb1b,"[""players""]",100072,Sheryl Swoopes,players_directory,2026-06-02T22:58:43+00:00,20260602T225839Z,ea89a208a80fc52b9969ec8ef8e3824b6add15f27cb0b921c4751f9bbfd6cb81
100076,Tina Thompson,players_directory,wnba,,,/get-all-players-for-league/wnba,{},20260602T225839Z,2026-06-02T22:58:40+00:00,635de7ec853077bacb1748bdcaaa732b92612392cda2a26d22661a87ed923d71,"[""players""]",100076,Tina Thompson,players_directory,2026-06-02T22:58:43+00:00,20260602T225839Z,b7789269bd35298d04f80fb2ac789b81c19f3a963d930aa28951793b23665c17
100103,Vickie Johnson,players_directory,wnba,,,/get-all-players-for-league/wnba,{},20260602T225839Z,2026-06-02T22:58:40+00:00,267b4d6902419ba0730e3daea7e98b9016611d91853a2a46754d7d74573748b1,"[""players""]",100103,Vickie Johnson,players_directory,2026-06-02T22:58:43+00:00,20260602T225839Z,4def276e5b9e4132bad7ae1afd840ebff042aa680f7dd1651a5c0446c4508683
100222,Kristi Harrower,players_directory,wnba,,,/get-all-players-for-league/wnba,{},20260602T225839Z,2026-06-02T22:58:40+00:00,68f79d2e921bc9f85d89feff662fdf3d8ebfeb48e57c58328ff1c8d594764f4e,"[""players""]",100222,Kristi Harrower,players_directory,2026-06-02T22:58:43+00:00,20260602T225839Z,e9edd628a638b7bffa670c75bff4249bf4bbabde1704e677a10abed552a5fff8
100234,Ticha Penicheiro,players_directory,wnba,,,/get-all-players-for-league/wnba,{},20260602T225839Z,2026-06-02T22:58:40+00:00,1cc48b3722565b71a21329fbe68daefb5979092e3a30b77b3449ecab3ee4b4eb,"[""players""]",100234,Ticha Penicheiro,players_directory,2026-06-02T22:58:43+00:00,20260602T225839Z,5334f245f223be6fd43a0d41cdf66d1a931f763d7360d8d4cdc21be18c682977
100236,Tangela Smith,players_directory,wnba,,,/get-all-players-for-league/wnba,{},20260602T225839Z,2026-06-02T22:58:40+00:00,89a0f9ec9e9981415765265ad56aa70a5bfe021693ca8c6a5bc8e6a3827af826,"[""players""]",100236,Tangela Smith,players_directory,2026-06-02T22:58:43+00:00,20260602T225839Z,966998a6541d70705f684f577443958c0d06e8b1d0f5ffed90ccacf0daf6593c
100284,Tully Bevilaqua,players_directory,wnba,,,/get-all-players-for-league/wnba,{},20260602T225839Z,2026-06-02T22:58:40+00:00,c8daa4c8174f38c600940c833db2e4e29e613b7deee5e6b574dc463173c949b8,"[""players""]",100284,Tully Bevilaqua,players_directory,2026-06-02T22:58:43+00:00,20260602T225839Z,05fb7db29951451e48930ec18ea73e0cc34992568a4d75886db426a0a9885b40
100342,Becky Hammon,players_directory,wnba,,,/get-all-players-for-league/wnba,{},20260602T225839Z,2026-06-02T22:58:40+00:00,f98928f866d04e40a150b189b885ffac06b7565da6397c033bafdeebfb283650,"[""players""]",100342,Becky Hammon,players_directory,2026-06-02T22:58:43+00:00,20260602T225839Z,dc77e7cdf2cc12cd1fce3b338158f975297fc52c874d31507050ec516c1592aa
100347,Tamika Whitmore,players_directory,wnba,,,/get-all-players-for-league/wnba,{},20260602T225839Z,2026-06-02T22:58:40+00:00,02d167488d1e49bc703adb50991d062fc036755fb4562ccb25f34253ff0d92dc,"[""players""]",100347,Tamika Whitmore,players_directory,2026-06-02T22:58:43+00:00,20260602T225839Z,b018789737e6e5c85932debc199e80d2e20a45abafc71553ddafefe73eaf9c1e
100356,Chamique Holdsclaw,players_directory,wnba,,,/get-all-players-for-league/wnba,{},20260602T225839Z,2026-06-02T22:58:40+00:00,2f19465ccbe1c5c7ad10bb229006eecbf4d00688fc74ada7eea7c6eba41826f7,"[""players""]",100356,Chamique Holdsclaw,players_directory,2026-06-02T22:58:43+00:00,20260602T225839Z,33349aef34e2174993cd350e8d9eaaa7c29d5c75b2fe4d040ad3700b0831c047
100384,Dominique Canty,players_directory,wnba,,,/get-all-players-for-league/wnba,{},20260602T225839Z,2026-06-02T22:58:40+00:00,03924ddb6750576f4f8eda6eccce6ea02535022506f6a8cbca961fbb98a32229,"[""players""]",100384,Dominique Canty,players_directory,2026-06-02T22:58:43+00:00,20260602T225839Z,48edec9c5cac1c8959f30b5b4802882cb5d61f5a81663b1c835433841cc05f1e
100396,DeLisha Milton-Jones,players_directory,wnba,,,/get-all-players-for-league/wnba,{},20260602T225839Z,2026-06-02T22:58:40+00:00,f613ec4058bdb82cf4a07c9b569237556d67ec8d9745e245ebd1dc9e410330d0,"[""players""]",100396,DeLisha Milton-Jones,players_directory,2026-06-02T22:58:43+00:00,20260602T225839Z,2a912fcc0d7d9a348527df11ba70388adddeb674f015c136a19d4ca7b2558583
100404,Katie Smith,players_directory,wnba,,,/get-all-players-for-league/wnba,{},20260602T225839Z,2026-06-02T22:58:40+00:00,9a61dbbb411821629a19501cd360108a4caeb403ef757545cc0104c228414a0b,"[""players""]",100404,Katie Smith,players_directory,2026-06-02T22:58:43+00:00,20260602T225839Z,52bd806de107501798e4b701a94a32bee5654a3ed7f13e837b7c047ecc5d81d4
100410,Shannon Johnson,players_directory,wnba,,,/get-all-players-for-league/wnba,{},20260602T225839Z,2026-06-02T22:58:40+00:00,d06483a17b56399216d3e6a2a200a8dc69b75c287bd524d596025a989691b61a,"[""players""]",100410,Shannon Johnson,players_directory,2026-06-02T22:58:43+00:00,20260602T225839Z,80fbd799b9608cb38e23a0edc51fed8a8f783fa2b931d5e899ffa9eb66f9fbdf
100412,Taj McWilliams-Franklin,players_directory,wnba,,,/get-all-players-for-league/wnba,{},20260602T225839Z,2026-06-02T22:58:40+00:00,bd0b805f5badff33dd7343c423fec5d73ea784df43593724eae297745a6d8a76,"[""players""]",100412,Taj McWilliams-Franklin,players_directory,2026-06-02T22:58:43+00:00,20260602T225839Z,04b78533bcee0f6c48a8541e8f5a64bf9d2067ea8122200f760acd9854bf7514
100419,Yolanda Griffith,players_directory,wnba,,,/get-all-players-for-league/wnba,{},20260602T225839Z,2026-06-02T22:58:40+00:00,21ee9e2d8774bfbf40a7354d0cff2409703d7c12725492f8158e6f9d4a9a125b,"[""players""]",100419,Yolanda Griffith,players_directory,2026-06-02T22:58:43+00:00,20260602T225839Z,74c08a3369761b3bf637d35b4e06c06c98a73700deba7da6f5d56ea98dd918fc
100433,Chasity Melvin,players_directory,wnba,,,/get-all-players-for-league/wnba,{},20260602T225839Z,2026-06-02T22:58:40+00:00,715a177f438d3f4170dde3b066e7af5b775f9127dd449ff5cb7a308e8368cd03,"[""players""]",100433,Chasity Melvin,players_directory,2026-06-02T22:58:43+00:00,20260602T225839Z,40ac7409bdd9537f00bca551f96b4c75665ddcc5d64a796cb42d7aafe4368ea3
100445,Ann Wauters,players_directory,wnba,,,/get-all-players-for-league/wnba,{},20260602T225839Z,2026-06-02T22:58:40+00:00,d2c2df3706e486990505765272888b16c98812cae4eca4c6ca8c6046096454a6,"[""players""]",100445,Ann Wauters,players_directory,2026-06-02T22:58:43+00:00,20260602T225839Z,a50be1d70170d5f866ffef88d9c38e86d665590629286ebcf589f0fd639cad86
100457,Helen Darling,players_directory,wnba,,,/get-all-players-for-league/wnba,{},20260602T225839Z,2026-06-02T22:58:40+00:00,faf107504dc3c31c66c8b9f597ce6e1489453fc4965d991eb5240a4e77c14e1b,"[""players""]",100457,Helen Darling,players_directory,2026-06-02T22:58:43+00:00,20260602T225839Z,d31085cfbd9b6596cf81ea0225f7ae0f22f7664943783179e2336ab19e412161
100484,Betty Lennox,players_directory,wnba,,,/get-all-players-for-league/wnba,{},20260602T225839Z,2026-06-02T22:58:40+00:00,4858a692a5a3a874da7a2efacecbf782506d601e05688af1e565535dcd68e6c5,"[""players""]",100484,Betty Lennox,players_directory,2026-06-02T22:58:43+00:00,20260602T225839Z,b961cd192c7145a530c488235e1bc46d594392eebcdacdb05948d4f688265d5b
100493,Anna DeForge,players_directory,wnba,,,/get-all-players-for-league/wnba,{},20260602T225839Z,2026-06-02T22:58:40+00:00,d234bda1626ae3c2f554dcabff58d86ae385adfdb4cb5903d646cc1231e8fa86,"[""players""]",100493,Anna DeForge,players_directory,2026-06-02T22:58:43+00:00,20260602T225839Z,b59c5c2d1e26a0701e4acd8b9139c19956ea3be7ba602082595d49cc3d2b354a
100494,Barbara Farris,players_directory,wnba,,,/get-all-players-for-league/wnba,{},20260602T225839Z,2026-06-02T22:58:40+00:00,9c922a4d236e74df9390cd0817599fae1c5a873e2c3fa09a3ac0b27238f8a8e7,"[""players""]",100494,Barbara Farris,players_directory,2026-06-02T22:58:43+00:00,20260602T225839Z,080ffac107851ade534005b2885359672bc0646eab7c49c140cb8d23c8435f22
100533,DeMya Walker,players_directory,wnba,,,/get-all-players-for-league/wnba,{},20260602T225839Z,2026-06-02T22:58:40+00:00,ccc5852d753e6a70f889b157d7867ba9ea0372a96ab67b3d184f687c7b51709f,"[""players""]",100533,DeMya Walker,players_directory,2026-06-02T22:58:43+00:00,20260602T225839Z,7e55016cfac6e694ac4842b03c3779cfcf9a84822a62f2d4846b292795469480
100556,Nakia Sanford,players_directory,wnba,,,/get-all-players-for-league/wnba,{},20260602T225839Z,2026-06-02T22:58:40+00:00,543a23b10c14c6de8f45904985b1d45cf571274322f947b050c8bfc57dad8c58,"[""players""]",100556,Nakia Sanford,players_directory,2026-06-02T22:58:43+00:00,20260602T225839Z,f67e42c2d9e019f858dcec0e23ac3bfec97c235d6573f78d5aea4379fbbe9ffa
100627,Kelly Miller,players_directory,wnba,,,/get-all-players-for-league/wnba,{},20260602T225839Z,2026-06-02T22:58:40+00:00,155166ca1b2b215d41315253282e99b0503cdf0e086b4cd381243b6cd7b7e3f4,"[""players""]",100627,Kelly Miller,players_directory,2026-06-02T22:58:43+00:00,20260602T225839Z,ff05d24831f2bf3c8e7cc7243544b600ab93e9b8d7da989aa0a21ef2e99664a9
100628,Tammy Sutton-Brown,players_directory,wnba,,,/get-all-players-for-league/wnba,{},20260602T225839Z,2026-06-02T22:58:40+00:00,a537131e1f19ebc15831c3fc6f66533ceebc10ca9d6b2a32de73d48e80e4e919,"[""players""]",100628,Tammy Sutton-Brown,players_directory,2026-06-02T22:58:43+00:00,20260602T225839Z,b9a305bfc786dde72f484a0a36fa8663f970d046962d94e42643d8c9603f0079
100634,Penny Taylor,players_directory,wnba,,,/get-all-players-for-league/wnba,{},20260602T225839Z,2026-06-02T22:58:40+00:00,d2dabf3417020d879208f4ddcbce6229694cbb8a08a0c1b6bbcc1e2dc2aea148,"[""players""]",100634,Penny Taylor,players_directory,2026-06-02T22:58:43+00:00,20260602T225839Z,2ea5dbbb1e2a84e5c0dfb82a3fba112950cd52fc311e3a7a510868e01bfc20cb
100639,Deanna Nolan,players_directory,wnba,,,/get-all-players-for-league/wnba,{},20260602T225839Z,2026-06-02T22:58:40+00:00,d4cca74fdf304eba337206c1b0c804c1dac2ebae19f0ee7e596936f1c242c1b5,"[""players""]",100639,Deanna Nolan,players_directory,2026-06-02T22:58:43+00:00,20260602T225839Z,1690b5e214c6f7dccb2f7eae215a33413fe0badc312abb9f7dd0e386052d0c06
100646,Tamika Catchings,players_directory,wnba,,,/get-all-players-for-league/wnba,{},20260602T225839Z,2026-06-02T22:58:40+00:00,29f7f14475d1b9b4c67446df578c7d57544ef514327f99fad7f4ce312ac19b3e,"[""players""]",100646,Tamika Catchings,players_directory,2026-06-02T22:58:43+00:00,20260602T225839Z,f7f47d8179c1560cd5a45ec4d245081e445f6e10efff81c4672b9f958989653c
100648,Kelly Schumacher,players_directory,wnba,,,/get-all-players-for-league/wnba,{},20260602T225839Z,2026-06-02T22:58:40+00:00,1699ec9ff207da29167241ae51fbe9593a569482ef9a6b24f57f617dd400f38b,"[""players""]",100648,Kelly Schumacher,players_directory,2026-06-02T22:58:43+00:00,20260602T225839Z,9e140bd27090b0d50ac5a6335775cd6bfbab8a377ab50781d911cae065c9d089
100651,Kiesha Brown,players_directory,wnba,,,/get-all-players-for-league/wnba,{},20260602T225839Z,2026-06-02T22:58:40+00:00,febc2ceba85423a7cf942d5dce5b3014a49df64883b54e2176e1c3317b80e06f,"[""players""]",100651,Kiesha Brown,players_directory,2026-06-02T22:58:43+00:00,20260602T225839Z,18bd637a0f9626058a35b65211e5a427fb50ea76a472da374f6324ca255caf29
100656,Ruth Riley,players_directory,wnba,,,/get-all-players-for-league/wnba,{},20260602T225839Z,2026-06-02T22:58:40+00:00,e05b8c63a8a5371d82e48445ac415748efe808ff65baf99f472a15af20b10547,"[""players""]",100656,Ruth Riley,players_directory,2026-06-02T22:58:43+00:00,20260602T225839Z,10b7c464a311fd5c8c9669eb65c9e9416f1f47a06120f0490df2da9104ae652e
100658,Svetlana Abrosimova,players_directory,wnba,,,/get-all-players-for-league/wnba,{},20260602T225839Z,2026-06-02T22:58:40+00:00,a5696fde12385ba078c4c3df10a4e2db983dbdb02ffcb3e68e3dffb152706ff2,"[""players""]",100658,Svetlana Abrosimova,players_directory,2026-06-02T22:58:43+00:00,20260602T225839Z,ca5f5b4a352a709797d059d5dd908d6e6265bf46c5dfed21ed8e1205f8329795
100659,Erin Perperoglou,players_directory,wnba,,,/get-all-players-for-league/wnba,{},20260602T225839Z,2026-06-02T22:58:40+00:00,6197cf665436c9336f15ef8704d4b064bf01685c75fd34cb21e98e8fa302c7ac,"[""players""]",100659,Erin Perperoglou,players_directory,2026-06-02T22:58:43+00:00,20260602T225839Z,0d4d554fa2452d5d9f71beb002f2cfde077fdec94adced8286b23a40759596c0
100660,Janell Burse,players_directory,wnba,,,/get-all-players-for-league/wnba,{},20260602T225839Z,2026-06-02T22:58:40+00:00,4795dd195298ccf62abb072b60f3a4c69618c507f744fe386a4a05a906462b62,"[""players""]",100660,Janell Burse,players_directory,2026-06-02T22:58:43+00:00,20260602T225839Z,800921bf8789979c8519998329b31cccfb6dcb142677ca43f5e63b250c57e636
100666,Katie Douglas,players_directory,wnba,,,/get-all-players-for-league/wnba,{},20260602T225839Z,2026-06-02T22:58:40+00:00,03a53b06dd1da1973efa2054d329062e03aa71f4d2e243ccca26db17735de760,"[""players""]",100666,Katie Douglas,players_directory,2026-06-02T22:58:43+00:00,20260602T225839Z,5d6164d2fe3518a74a407651d7d3eda90f051cbf60fcb2ca23dc59b80211acf7
100667,Brooke Wyckoff,players_directory,wnba,,,/get-all-players-for-league/wnba,{},20260602T225839Z,2026-06-02T22:58:40+00:00,ff76d15edeb1d27d0a86dcdc7502cbf9dd194e39e244071199c56c8c1cd2ea09,"[""players""]",100667,Brooke Wyckoff,players_directory,2026-06-02T22:58:43+00:00,20260602T225839Z,7c25f8d8a1168a4a7947717b4a2c139709d3b5e4d88dc5f196a5cdf53342ea01
100682,Lauren Jackson,players_directory,wnba,,,/get-all-players-for-league/wnba,{},20260602T225839Z,2026-06-02T22:58:40+00:00,e4670d6214910409cab7a2c907c62136eefe7cd081a9a2a3f0cc2f90aea872d8,"[""players""]",100682,Lauren Jackson,players_directory,2026-06-02T22:58:43+00:00,20260602T225839Z,7fc5b64029d78a682740c67e679e5bb0a958ed00649921e162ce72ec1cb2651a
100685,Marie Ferdinand-Harris,players_directory,wnba,,,/get-all-players-for-league/wnba,{},20260602T225839Z,2026-06-02T22:58:40+00:00,814568816c7e0e4c89daf423a1481e89d99586f33ea196655ade4a3b3ada9770,"[""players""]",100685,Marie Ferdinand-Harris,players_directory,2026-06-02T22:58:43+00:00,20260602T225839Z,57c93fa72543add9171aa11ae7d132a7521c3565bbebe8ae299c6019b5aa8484
100690,Coco Miller,players_directory,wnba,,,/get-all-players-for-league/wnba,{},20260602T225839Z,2026-06-02T22:58:40+00:00,ef3ab77bc3c83dc8ccb79719689d6e55872f5fa4ace335613389c294f0efbac4,"[""players""]",100690,Coco Miller,players_directory,2026-06-02T22:58:43+00:00,20260602T225839Z,f274082954451a9be0c88ea1af9dcdd0c3337018ff2a3571fe5ca51c3cb5ebd9
100696,Belinda Snell,players_directory,wnba,,,/get-all-players-for-league/wnba,{},20260602T225839Z,2026-06-02T22:58:40+00:00,c51b24ddada1203ac7e4d7cca872af3b4315c75454a15e5f8050bbd55cf910cc,"[""players""]",100696,Belinda Snell,players_directory,2026-06-02T22:58:43+00:00,20260602T225839Z,c0a73c96c4d642ae0e57dca15f8f38eacdfcc837533e8b2f45d5fc63d0670bb5
100720,Sue Bird,players_directory,wnba,,,/get-all-players-for-league/wnba,{},20260602T225839Z,2026-06-02T22:58:40+00:00,a88d2aa78a1e508c44cde5af46269ef65def573bc8c3215e8960ce6130245a2c,"[""players""]",100720,Sue Bird,players_directory,2026-06-02T22:58:43+00:00,20260602T225839Z,76f52d726b0acea9664e3cffeba651237f47a92c5c6485890713199349a9884d
100721,Swin Cash,players_directory,wnba,,,/get-all-players-for-league/wnba,{},20260602T225839Z,2026-06-02T22:58:40+00:00,24e2aaaded1ec3871732d445631c2834bbbbfcc80a8be6c6cb90ab2bb80428f4,"[""players""]",100721,Swin Cash,players_directory,2026-06-02T22:58:43+00:00,20260602T225839Z,f52a5a062a66b2c50477d87283945a0b148e17d576151923cefd1bd9041cfea6
100723,Asjha Jones,players_directory,wnba,,,/get-all-players-for-league/wnba,{},20260602T225839Z,2026-06-02T22:58:40+00:00,274b61bde5831cd244946fac9043136598c0fe9467e47858f87d1317aeb9620f,"[""players""]",100723,Asjha Jones,players_directory,2026-06-02T22:58:43+00:00,20260602T225839Z,30ec93e6587ad43f87e423225fd56ea87f08c5f79205a58c4d0249039a1fd9db
100724,Nikki Teasley,players_directory,wnba,,,/get-all-players-for-league/wnba,{},20260602T225839Z,2026-06-02T22:58:40+00:00,130ac1b03c832567de3a1735a22064f03ad0f44f86c254e024e4379f0db9990b,"[""players""]",100724,Nikki Teasley,players_directory,2026-06-02T22:58:43+00:00,20260602T225839Z,e9750f56b023049da3bad967dccdadbe12b9194836c01b4f2b40b29fdcc79840
100729,Michelle Snow,players_directory,wnba,,,/get-all-players-for-league/wnba,{},20260602T225839Z,2026-06-02T22:58:40+00:00,184a1a5dfd468df7a6fbd6203c6eea7012d290209b91b7a2856f9547f1c277da,"[""players""]",100729,Michelle Snow,players_directory,2026-06-02T22:58:43+00:00,20260602T225839Z,17913c688ff0c6b9a6bd8820a466222c3e169a165521f5827f17823910b6ee5e
100731,Hamchetou Maiga-Ba,players_directory,wnba,,,/get-all-players-for-league/wnba,{},20260602T225839Z,2026-06-02T22:58:40+00:00,81153796abfc8b41e9db497c839ca7951dc7c6df9278083e3c9cef62837d713f,"[""players""]",100731,Hamchetou Maiga-Ba,players_directory,2026-06-02T22:58:43+00:00,20260602T225839Z,d642ca3615b0f931abda69125d6124b0b7d6aee2eee6653c09971d4262518106
100796,Iziane Castro Marques,players_directory,wnba,,,/get-all-players-for-league/wnba,{},20260602T225839Z,2026-06-02T22:58:40+00:00,f13a23b874fcfeb8c2bafbdc2972d70302785308cc85e096405264bdcd598832,"[""players""]",100796,Iziane Castro Marques,players_directory,2026-06-02T22:58:43+00:00,20260602T225839Z,6034e21efa9cc9107a7fdea5706a546b1d0ba187f017ff5a91ef61ba1cb0e559
100812,Erika de Souza,players_directory,wnba,,,/get-all-players-for-league/wnba,{},20260602T225839Z,2026-06-02T22:58:40+00:00,82e6f9386ad6012b3b1c5368205c3a659c7c688e66b6a661019d0fdb08d33b67,"[""players""]",100812,Erika de Souza,players_directory,2026-06-02T22:58:43+00:00,20260602T225839Z,2cabe04e29614bd4dfa194960f31ff298b6b55c1d64ec4334c35321694e5acc7
100834,K.B. Sharp,players_directory,wnba,,,/get-all-players-for-league/wnba,{},20260602T225839Z,2026-06-02T22:58:40+00:00,815b47e2c9fc7748c7e7cfcf0c113d619e0a521d60bfd04f759b6fa8f7429ab0,"[""players""]",100834,K.B. Sharp,players_directory,2026-06-02T22:58:43+00:00,20260602T225839Z,085d62a48d284326d0082899d95b8b3e46fe4eb9e585fde800e7e49e10124f02
100835,Erin Thorn,players_directory,wnba,,,/get-all-players-for-league/wnba,{},20260602T225839Z,2026-06-02T22:58:40+00:00,0b312ecea4625e6f487ddd76d0af6cec19d60623a2c6f76ca087176d2d750db9,"[""players""]",100835,Erin Thorn,players_directory,2026-06-02T22:58:43+00:00,20260602T225839Z,97eeda3a451f40981ac09d92091346a3933f3011db43b8b895574f7955866dc8
100843,Cheryl Ford,players_directory,wnba,,,/get-all-players-for-league/wnba,{},20260602T225839Z,2026-06-02T22:58:40+00:00,ed4f546c918de5dc17bcfbdae808cff0e47bf34685ea57400a3d8d74de3bdf1a,"[""players""]",100843,Cheryl Ford,players_directory,2026-06-02T22:58:43+00:00,20260602T225839Z,aca37dccdb204ed191d2e1e3051b3020c71f70357b816dc60360e5acccc6b536
100874,Kara Lawson,players_directory,wnba,,,/get-all-players-for-league/wnba,{},20260602T225839Z,2026-06-02T22:58:40+00:00,c8a8be3b02057ec3b0a7d80edc9ac83c1360f668a123a84e666349200ded2001,"[""players""]",100874,Kara Lawson,players_directory,2026-06-02T22:58:43+00:00,20260602T225839Z,bc81ed64935320d2269d434f5996fd78c4c43f1dceb0361eee25ebaee75f1e8a
100878,Suzy Batkovic-Brown,players_directory,wnba,,,/get-all-players-for-league/wnba,{},20260602T225839Z,2026-06-02T22:58:40+00:00,0962d7c6b39ff74b158d4935a59e7961e40873d6c5066487a58a5a421a639c9a,"[""players""]",100878,Suzy Batkovic-Brown,players_directory,2026-06-02T22:58:43+00:00,20260602T225839Z,f5ce98f9e31450a795312272c1ddedd8b946b3092ea0b79023ced3d9853d4fdb
100887,Marion Jones,players_directory,wnba,,,/get-all-players-for-league/wnba,{},20260602T225839Z,2026-06-02T22:58:40+00:00,f8af6dcbbfc5382a0afe513d55dc8fdee3a60158feaa7fa0df76565f28a58030,"[""players""]",100887,Marion Jones,players_directory,2026-06-02T22:58:43+00:00,20260602T225839Z,4205defc872849bfa182fa7ca5624e0bf851b6dd2ef6eafbc76b10d178cee0b8
100888,Plenette Pierson,players_directory,wnba,,,/get-all-players-for-league/wnba,{},20260602T225839Z,2026-06-02T22:58:40+00:00,21b247c9a58facb6b8031f3c7a66c39eee2bae423164e7996abdabafa09e93d8,"[""players""]",100888,Plenette Pierson,players_directory,2026-06-02T22:58:43+00:00,20260602T225839Z,8b848f9d2d3349753777e47b9ff4f7b26c5f0ade25ffa093036e74145d197154
100915,Lindsay Whalen,players_directory,wnba,,,/get-all-players-for-league/wnba,{},20260602T225839Z,2026-06-02T22:58:40+00:00,0edb01838a71d31220c32f378ff08d3c9beae07c21732cb9c4c957a79d200a19,"[""players""]",100915,Lindsay Whalen,players_directory,2026-06-02T22:58:43+00:00,20260602T225839Z,930a61c79c28977bfe8e9bec20269b1f1ba5590c0976b1dcb19943c2d2b1cd0c
100919,Nicole Powell,players_directory,wnba,,,/get-all-players-for-league/wnba,{},20260602T225839Z,2026-06-02T22:58:40+00:00,07dfdfe70541748d39dd9dd03c5f589b141155c2c90ceba4ec64897cc30ed268,"[""players""]",100919,Nicole Powell,players_directory,2026-06-02T22:58:43+00:00,20260602T225839Z,480374b726094b7b7419a232544f153e30d234369a79724e0d07fd07cf649d59
100920,Kelly Mazzante,players_directory,wnba,,,/get-all-players-for-league/wnba,{},20260602T225839Z,2026-06-02T22:58:40+00:00,41bf67d3840b664c3a10988a00c3128ef4bdfddcd1680f88f68d3aeff1b0dc2f,"[""players""]",100920,Kelly Mazzante,players_directory,2026-06-02T22:58:43+00:00,20260602T225839Z,31ae2c3aa90cd2cf1c5f8d526de4a0f3b6747e8aaaa68d222bce98acaf25955b
100928,Ebony Hoffman,players_directory,wnba,,,/get-all-players-for-league/wnba,{},20260602T225839Z,2026-06-02T22:58:40+00:00,b4289b409cee572174516225122a63c3232a8f2a3dd5633f898aab24d8841381,"[""players""]",100928,Ebony Hoffman,players_directory,2026-06-02T22:58:43+00:00,20260602T225839Z,ff48e9050835d3a51f07ef3e19750b212163304779cbb2b7c95c93ccc9fe519c
100930,Christi Thomas,players_directory,wnba,,,/get-all-players-for-league/wnba,{},20260602T225839Z,2026-06-02T22:58:40+00:00,b5f51ec5d924ecdbc7547337e709b3e32d8cc21527ad9e2c72c2b8699adc643e,"[""players""]",100930,Christi Thomas,players_directory,2026-06-02T22:58:43+00:00,20260602T225839Z,6a6d3fc487c24c6de9cd4096a68efcae5d0d1618ce14f0c3090d89e48a27e4f3
100931,Doneeka Lewis,players_directory,wnba,,,/get-all-players-for-league/wnba,{},20260602T225839Z,2026-06-02T22:58:40+00:00,a9f9f58638f4c6362e8b43f01a993c21502ba39bf6e59807fe66c5da76913d35,"[""players""]",100931,Doneeka Lewis,players_directory,2026-06-02T22:58:43+00:00,20260602T225839Z,f22041ae626ba863a27aaaeefdf5d647bbb4b4739c3e19410c592a3cbde07870
100932,Nicole Ohlde,players_directory,wnba,,,/get-all-players-for-league/wnba,{},20260602T225839Z,2026-06-02T22:58:40+00:00,f9022fd60cc6cd8e15f150931912ba2a254a7162d2aebdb1f2f36eb041bb3a01,"[""players""]",100932,Nicole Ohlde,players_directory,2026-06-02T22:58:43+00:00,20260602T225839Z,1e9396089456e604c1830e6f2b9de68cb66479e0c30f68248ccffa843f6875bf
100933,Vanessa Hayden,players_directory,wnba,,,/get-all-players-for-league/wnba,{},20260602T225839Z,2026-06-02T22:58:40+00:00,74aec9fe4c09cb6ef4a863329e131850e4059a28de4ceb23018c824198cf28c9,"[""players""]",100933,Vanessa Hayden,players_directory,2026-06-02T22:58:43+00:00,20260602T225839Z,21691057b71826b07f481bc69a0c4c29a2aac5c298b6a3fc01934f0223c7dc90
100937,Shameka Christon,players_directory,wnba,,,/get-all-players-for-league/wnba,{},20260602T225839Z,2026-06-02T22:58:40+00:00,d005d8626b32aa8b099c6dfeb1e4566db1683c1c0657ac3c896db321a77720cf,"[""players""]",100937,Shameka Christon,players_directory,2026-06-02T22:58:43+00:00,20260602T225839Z,1555bfc81bec9d25324e62b951c803e8562285d56c3083b69319a530b2f7a52e
100940,Diana Taurasi,players_directory,wnba,,,/get-all-players-for-league/wnba,{},20260602T225839Z,2026-06-02T22:58:40+00:00,b425981a6a4cb49b4f1340a39b4f7d096dd6b888ab25d76c86e7b3d9966b1b3f,"[""players""]",100940,Diana Taurasi,players_directory,2026-06-02T22:58:43+00:00,20260602T225839Z,481e1a891e82cb7b838308c61e04540a3aa2870404a6c7d5d213ab6c95d631de
100942,Ashley Robinson,players_directory,wnba,,,/get-all-players-for-league/wnba,{},20260602T225839Z,2026-06-02T22:58:40+00:00,a31882ae8443674f7c646131a5b7f583bdd9d05eb648cc3626f5bc231f292c95,"[""players""]",100942,Ashley Robinson,players_directory,2026-06-02T22:58:43+00:00,20260602T225839Z,0c86d15c4a4269ddc38c5b9958a2490b064e674ca86062793645643912f6f338
100944,Rebekkah Brunson,players_directory,wnba,,,/get-all-players-for-league/wnba,{},20260602T225839Z,2026-06-02T22:58:40+00:00,22a8560a4bbfa0cc0bef4c9f4839d5643f4e7e5aa2ddb07ac2a9586b5553c0b8,"[""players""]",100944,Rebekkah Brunson,players_directory,2026-06-02T22:58:43+00:00,20260602T225839Z,d80cf63b4b8d1c18105b58b1e4725ba0477b06f39fa7409250ab4070e56480c6
100945,Nuria Martinez,players_directory,wnba,,,/get-all-players-for-league/wnba,{},20260602T225839Z,2026-06-02T22:58:40+00:00,5e10b2ad4ff95453e04dad07b2f4f82f8ee206a0154b815cc4c7d6721b5503bb,"[""players""]",100945,Nuria Martinez,players_directory,2026-06-02T22:58:43+00:00,20260602T225839Z,fa3e1a3ad69fc1b54d857c1ee0215d2a25d05cb0d41be37b8d52a32249e9fc1c
100949,Alana Beard,players_directory,wnba,,,/get-all-players-for-league/wnba,{},20260602T225839Z,2026-06-02T22:58:40+00:00,f4236cbc6770641f1a0beb892f83bef3e96194b33ed5afcd03b163866b2eb24d,"[""players""]",100949,Alana Beard,players_directory,2026-06-02T22:58:43+00:00,20260602T225839Z,932811c0fa7a21317d056fb5c1e050b5b577649bc4a974654fe4ba20dafd09eb
100952,Jia Perkins,players_directory,wnba,,,/get-all-players-for-league/wnba,{},20260602T225839Z,2026-06-02T22:58:40+00:00,5ea99855bef140e6277ee73e03b54cc8c1fc56dfc74dd10fb912e8d11d9dfead,"[""players""]",100952,Jia Perkins,players_directory,2026-06-02T22:58:43+00:00,20260602T225839Z,fc9132dcfa9269eb3751274a5eeba85c55d3b0b56da378934ee3479d293be766
100973,Le'coe Willingham,players_directory,wnba,,,/get-all-players-for-league/wnba,{},20260602T225839Z,2026-06-02T22:58:40+00:00,82cb9de96fb40b99cd503dbcffc267393c52501e8d33749a0212544fc0ddca99,"[""players""]",100973,Le'coe Willingham,players_directory,2026-06-02T22:58:43+00:00,20260602T225839Z,2512d17c6b2f340bbb85954dc2832cab12be7bad0c6efcddd7cc355077a4dec6
101018,Edwige Lawson-Wade,players_directory,wnba,,,/get-all-players-for-league/wnba,{},20260602T225839Z,2026-06-02T22:58:40+00:00,c2ae39889452b67d845d5fc597fd90a07ac054cfd735bef6a54572bf3e53cf03,"[""players""]",101018,Edwige Lawson-Wade,players_directory,2026-06-02T22:58:43+00:00,20260602T225839Z,9f30dd5bbab58fd53e35ca35e105cc84cacd2a8559df530845d5bc536120aa4b
101019,Janel McCarville,players_directory,wnba,,,/get-all-players-for-league/wnba,{},20260602T225839Z,2026-06-02T22:58:40+00:00,f1eae44811396f662b7e0e796f15733e5be7b4542c670bd6b18fde1526cf1771,"[""players""]",101019,Janel McCarville,players_directory,2026-06-02T22:58:43+00:00,20260602T225839Z,040db075a950daf197822a0860e2a62221df524f8d7ac7568b694c04f17656f1
101020,Tan White,players_directory,wnba,,,/get-all-players-for-league/wnba,{},20260602T225839Z,2026-06-02T22:58:40+00:00,9cad62071d4b26cee3de3213f00b64831e5404507538dbd66189226f79e40c54,"[""players""]",101020,Tan White,players_directory,2026-06-02T22:58:43+00:00,20260602T225839Z,697696b8bbc087d4cfa03b86df33ea0a54370982e01711bba84be88dc618ef2e
101021,Sandora Irvin,players_directory,wnba,,,/get-all-players-for-league/wnba,{},20260602T225839Z,2026-06-02T22:58:40+00:00,c87b7f7f87136a81f8380f31adf0fac9405b8bdb104703c8e80540877476c1a0,"[""players""]",101021,Sandora Irvin,players_directory,2026-06-02T22:58:43+00:00,20260602T225839Z,9b993bf92823a074b6b9ea26e3f3c4002c7cf467d16214905150fc3e9be40f37
101023,Sancho Lyttle,players_directory,wnba,,,/get-all-players-for-league/wnba,{},20260602T225839Z,2026-06-02T22:58:40+00:00,f32dac3077f3dd810d5cdd9214a8f072b7e187bd0949e0f915fab05790e29fc0,"[""players""]",101023,Sancho Lyttle,players_directory,2026-06-02T22:58:43+00:00,20260602T225839Z,923ea68b78ba476713a8727102656b5c03ddf297ca83e9a8a17a6e3cbf2f35db
101024,Temeka Johnson,players_directory,wnba,,,/get-all-players-for-league/wnba,{},20260602T225839Z,2026-06-02T22:58:40+00:00,a7518646c014bba7dd66f2fc4ca9e6fe5f7caf4177988f6fba4f16db60ca510d,"[""players""]",101024,Temeka Johnson,players_directory,2026-06-02T22:58:43+00:00,20260602T225839Z,cd93683cd2ece5d2a93f09b0df365b7ac073ecfaa7abf261f8572724e45157e6
101025,Kara Braxton,players_directory,wnba,,,/get-all-players-for-league/wnba,{},20260602T225839Z,2026-06-02T22:58:40+00:00,4608a8a8e419551d339e3a35770e79975c223e9e0a581f16355c69f37b69a8e1,"[""players""]",101025,Kara Braxton,players_directory,2026-06-02T22:58:43+00:00,20260602T225839Z,f02a3b6f2a516a068f37ed62d3bd5be3df0540ce22142058aaa6020891e4dc49
101026,Katie Mattera,players_directory,wnba,,,/get-all-players-for-league/wnba,{},20260602T225839Z,2026-06-02T22:58:40+00:00,ac28da5e6cf2578bded5befc494ff7b7b45a35c224e694664b21b30c5c9ea822,"[""players""]",101026,Katie Mattera,players_directory,2026-06-02T22:58:43+00:00,20260602T225839Z,a1f3beba7003162f5a0fc0d5fa83a61ba5de1d87d149901d967e38c9a3ec9d89
101027,Kristin Haynie,players_directory,wnba,,,/get-all-players-for-league/wnba,{},20260602T225839Z,2026-06-02T22:58:40+00:00,60e28b1f9491dc37c763e37348f4cdd506bfbdaf738bb57ce04333f8a6dffb8d,"[""players""]",101027,Kristin Haynie,players_directory,2026-06-02T22:58:43+00:00,20260602T225839Z,f2ede62558522adf8bcd95895de9534c358929c9591f1979fa4082ebd7856b83
101028,Loree Moore,players_directory,wnba,,,/get-all-players-for-league/wnba,{},20260602T225839Z,2026-06-02T22:58:40+00:00,954b561002dbdb3543f3b9d55aa8289e15a177876d7bc768766ed4054a577253,"[""players""]",101028,Loree Moore,players_directory,2026-06-02T22:58:43+00:00,20260602T225839Z,98ae3696ad483a0bfc35f5725455eaccfcae062afd81cb004e30056946b7bd86
101029,Kristen Mann,players_directory,wnba,,,/get-all-players-for-league/wnba,{},20260602T225839Z,2026-06-02T22:58:40+00:00,b4a0357b5ab7f20a2ddc91982e27eccbcddc96418b8960990ec7b302cc9e5788,"[""players""]",101029,Kristen Mann,players_directory,2026-06-02T22:58:43+00:00,20260602T225839Z,d00905031b7e6cd3495f5c4153ee49108ccb644b42ac8e12bc6f90db4d875962
101030,Tanisha Wright,players_directory,wnba,,,/get-all-players-for-league/wnba,{},20260602T225839Z,2026-06-02T22:58:40+00:00,de787972568937886078524d92a90537a65f1319cbf9225575cdf91bbef16b82,"[""players""]",101030,Tanisha Wright,players_directory,2026-06-02T22:58:43+00:00,20260602T225839Z,e0c910ca6d412483722b99dcc72d0256c8d594012aa451de8a31e9747f36e230
101032,Shyra Ely-Gash,players_directory,wnba,,,/get-all-players-for-league/wnba,{},20260602T225839Z,2026-06-02T22:58:40+00:00,65ca4d1f5837afa0a4c3373db06846808f2ad85cbd9069249bf3e51a858886bb,"[""players""]",101032,Shyra Ely-Gash,players_directory,2026-06-02T22:58:43+00:00,20260602T225839Z,3a0d5aefeb10369be8b3f981f28e6fa3ca62742f78c2cea1bd4c375ad21f178d
101033,Roneeka Hodges,players_directory,wnba,,,/get-all-players-for-league/wnba,{},20260602T225839Z,2026-06-02T22:58:40+00:00,61a5f0e74f1c47f2065016a359bdfe2665803f922124743f0b3dfad97256724f,"[""players""]",101033,Roneeka Hodges,players_directory,2026-06-02T22:58:43+00:00,20260602T225839Z,b7cfe9c11413d89d6d572a27ca6cae3fd55fa890067c0cb21725a2299a0ee436
101039,Erin Phillips,players_directory,wnba,,,/get-all-players-for-league/wnba,{},20260602T225839Z,2026-06-02T22:58:40+00:00,8cbab916567c0db8b89ae55d82a9777978aa9e26985e4ccce78b358ae014eac1,"[""players""]",101039,Erin Phillips,players_directory,2026-06-02T22:58:43+00:00,20260602T225839Z,0fa4e392b815b5a6f0b9976891fde7cb4dd5019e15f85281e9c2467a750d6f77
101040,Chelsea Newton,players_directory,wnba,,,/get-all-players-for-league/wnba,{},20260602T225839Z,2026-06-02T22:58:40+00:00,e97eac5990f227fa4423ebe03b27e116502782e4605f6495f46a4b60af9911f3,"[""players""]",101040,Chelsea Newton,players_directory,2026-06-02T22:58:43+00:00,20260602T225839Z,fd3befbcb408b5eb88976a6d81336062c828bf2d35eccf1256ca61c32f9358d7
101042,Jessica Moore,players_directory,wnba,,,/get-all-players-for-league/wnba,{},20260602T225839Z,2026-06-02T22:58:40+00:00,2c28fc5eaba633cda1491a6d152daf2589a587badbec50936d9b69cb88a2043f,"[""players""]",101042,Jessica Moore,players_directory,2026-06-02T22:58:43+00:00,20260602T225839Z,bdb15fd51d75ad801702a3e8c885b241b329543a858c184138960e2397a3a37d
101047,Ashley Battle,players_directory,wnba,,,/get-all-players-for-league/wnba,{},20260602T225839Z,2026-06-02T22:58:40+00:00,acd2c6b4de81c34b2a3c0e7d2fb4199a4d86b905cbc06f21c5e94dcebd1dcbcc,"[""players""]",101047,Ashley Battle,players_directory,2026-06-02T22:58:43+00:00,20260602T225839Z,ee6142f2e28399cc3064a7fe5a9ef16aa0abdf326cef9bc9774ede12cc761d4c
101049,Cathrine Kraayeveld,players_directory,wnba,,,/get-all-players-for-league/wnba,{},20260602T225839Z,2026-06-02T22:58:40+00:00,fa0e373c4a0249efc588ea1b8610a9685a0d171e83c535db5be1e1f69bab784e,"[""players""]",101049,Cathrine Kraayeveld,players_directory,2026-06-02T22:58:43+00:00,20260602T225839Z,4963a7c71644d46a9d7c722188cbac10112d628511b13b877eb7397266f092b2
101065,Anna Montanana,players_directory,wnba,,,/get-all-players-for-league/wnba,{},20260602T225839Z,2026-06-02T22:58:40+00:00,dea998721a262d08391613dd0886a4ecb9a249e4d774e1295980759134242981,"[""players""]",101065,Anna Montanana,players_directory,2026-06-02T22:58:43+00:00,20260602T225839Z,a3d7aca415120f1571e59263396e85fd8a53ce56fc48bb1f9717250df35460fe
101075,Chen Nan,players_directory,wnba,,,/get-all-players-for-league/wnba,{},20260602T225839Z,2026-06-02T22:58:40+00:00,da2b2d207708461f8abb7f9a1421d2c4fb128707dc31eb9747e668ba81829df3,"[""players""]",101075,Chen Nan,players_directory,2026-06-02T22:58:43+00:00,20260602T225839Z,4d642a2ab8d1049fe2c345d2bfaeca465974c337ec95f219525080f61e828d91
101080,Jennifer Lacy,players_directory,wnba,,,/get-all-players-for-league/wnba,{},20260602T225839Z,2026-06-02T22:58:40+00:00,0bf0977f2dfe14e0bf398fbdf922dfa5eeeffdcb1328d0c73d65ca8ad51bd74a,"[""players""]",101080,Jennifer Lacy,players_directory,2026-06-02T22:58:43+00:00,20260602T225839Z,84ec15cee754a59e23028bb3706abf3ae6f03c94959f2c96e3e6db26aec9d8e8
101084,Laurie Koehn,players_directory,wnba,,,/get-all-players-for-league/wnba,{},20260602T225839Z,2026-06-02T22:58:40+00:00,c12463b0851ed85939e5549ddd9fd8382c061b610f3c65ff707969d0d72c9bdf,"[""players""]",101084,Laurie Koehn,players_directory,2026-06-02T22:58:43+00:00,20260602T225839Z,af4949cc2e0bf2d87cfa1c9ad01afa8967b2ca2b4f35d28dc45699a205d11456
200665,Cappie Pondexter,players_directory,wnba,,,/get-all-players-for-league/wnba,{},20260602T225839Z,2026-06-02T22:58:40+00:00,26ba86bf6e25aef04365bfa7c92be795e56b4ef6bb74d7848794d71c71a9eb2e,"[""players""]",200665,Cappie Pondexter,players_directory,2026-06-02T22:58:43+00:00,20260602T225839Z,e064475c826130a3686cf910efbf50bb20b333c50df425889191caa03a09b585
200671,Seimone Augustus,players_directory,wnba,,,/get-all-players-for-league/wnba,{},20260602T225839Z,2026-06-02T22:58:40+00:00,74df9a392317f227134f059af3ae0b4f42c2f86c4a72a94b73d897293885d583,"[""players""]",200671,Seimone Augustus,players_directory,2026-06-02T22:58:43+00:00,20260602T225839Z,8c75571d3bd10384a466c0cac51017065b2eb14c95d033d9cda682fc8cbccca5
200673,Monique Currie,players_directory,wnba,,,/get-all-players-for-league/wnba,{},20260602T225839Z,2026-06-02T22:58:40+00:00,9ec619ccfebce3f8c8c0fa363035753434b8fb47342ef15b18bfc0a2e911b297,"[""players""]",200673,Monique Currie,players_directory,2026-06-02T22:58:43+00:00,20260602T225839Z,f29763eeaabf46e9901871b8926e99998c2f80305efb6af89d40b1c682507498
200674,Sophia Young-Malcolm,players_directory,wnba,,,/get-all-players-for-league/wnba,{},20260602T225839Z,2026-06-02T22:58:40+00:00,88227fa688b04393b14a216888d9b8098af485e6f98d8ba229dc7f7b24e35570,"[""players""]",200674,Sophia Young-Malcolm,players_directory,2026-06-02T22:58:43+00:00,20260602T225839Z,00c12f3a30bcb39226edd1157515fa4a600b45d96fda890e9ec4b87080ce87eb
200675,Lisa Willis,players_directory,wnba,,,/get-all-players-for-league/wnba,{},20260602T225839Z,2026-06-02T22:58:40+00:00,998b3d8b85f6f8fb8efbe76f3d475681e03b455d1b082ef96d767f5edd6587e7,"[""players""]",200675,Lisa Willis,players_directory,2026-06-02T22:58:43+00:00,20260602T225839Z,d78a1abb28132f517a0fd50ce293e11ec62d8c7419aa5bf4e0737f79b70c8347
200676,Candice Dupree,players_directory,wnba,,,/get-all-players-for-league/wnba,{},20260602T225839Z,2026-06-02T22:58:40+00:00,6eaf29f278138e6bf8b40e606d553a677de5394691fc56b2339ce8f489d09269,"[""players""]",200676,Candice Dupree,players_directory,2026-06-02T22:58:43+00:00,20260602T225839Z,d0e17a549e0e12c754144e817d0ea465ab6b63f378afaeed5a9c725f3feccb71
200679,La'Tangela Atkinson,players_directory,wnba,,,/get-all-players-for-league/wnba,{},20260602T225839Z,2026-06-02T22:58:40+00:00,66c42dd451bfd2f7ec1e71b7392e07412922a01cd24464e2a4cf83078d29d623,"[""players""]",200679,La'Tangela Atkinson,players_directory,2026-06-02T22:58:43+00:00,20260602T225839Z,1127a768dff1b236759ac17ff6f591e0ce01db3d522eed6989da735ca84289cc
200681,Barbara Turner,players_directory,wnba,,,/get-all-players-for-league/wnba,{},20260602T225839Z,2026-06-02T22:58:40+00:00,b04b77743cb1cce85798f5eceb6f2daccde77cf261c3e1f958fe4b305fdffc54,"[""players""]",200681,Barbara Turner,players_directory,2026-06-02T22:58:43+00:00,20260602T225839Z,abd55e00539016749a646e80ce3a3b7094b1ca238cc65c96710f95a2884bd75f
200682,Sherill Baker,players_directory,wnba,,,/get-all-players-for-league/wnba,{},20260602T225839Z,2026-06-02T22:58:40+00:00,4aae2330fc4939e8167c964ed9eadfa243d4dd665523065b3a49e209f3d6b7d8,"[""players""]",200682,Sherill Baker,players_directory,2026-06-02T22:58:43+00:00,20260602T225839Z,583712ac2fd070f56aa5054f53a0a14ed26e7104811ced9c9d3d5c4e5cbfe501
200684,Scholanda Dorrell,players_directory,wnba,,,/get-all-players-for-league/wnba,{},20260602T225839Z,2026-06-02T22:58:40+00:00,5de97a5d85150cf1f6174d2e2dbf0ddc8111c0cd7fad1d25985cd3062fe03181,"[""players""]",200684,Scholanda Dorrell,players_directory,2026-06-02T22:58:43+00:00,20260602T225839Z,34819bfc7cdb773a8bb1ffdf2dc4941075eb11700cb66c692bbc45883a5359e7
200686,Shanna Zolman,players_directory,wnba,,,/get-all-players-for-league/wnba,{},20260602T225839Z,2026-06-02T22:58:40+00:00,185a363fc1c8d7f5dcb6527d5efdcaf2ee1f3dd3539bd50cb25f9e5752d37780,"[""players""]",200686,Shanna Zolman,players_directory,2026-06-02T22:58:43+00:00,20260602T225839Z,ce1afa0864f341a0cbb1d5671bae4f3f0225804dca394b17b9edf2537e4f2e09
200689,Nikki Blue,players_directory,wnba,,,/get-all-players-for-league/wnba,{},20260602T225839Z,2026-06-02T22:58:40+00:00,3e9f4e66d5c53cd355bf74d9f7ed2749badf09999977a45105086a13382e2212,"[""players""]",200689,Nikki Blue,players_directory,2026-06-02T22:58:43+00:00,20260602T225839Z,d6c2ea8ba58d5c0ae4d2ac38368efef7d86ee8abc3984b16824fe65425843c5c
200691,Mistie Bass,players_directory,wnba,,,/get-all-players-for-league/wnba,{},20260602T225839Z,2026-06-02T22:58:40+00:00,62f7cb50bcae9da671cd9dc02d0ca8f222718b0426b56ab274b500f76b106057,"[""players""]",200691,Mistie Bass,players_directory,2026-06-02T22:58:43+00:00,20260602T225839Z,cabd4160b4fd6ee3ca956c0b1ff89715253ad8f57694bebaa71890ae2d922118
200699,Tiffany Stansbury,players_directory,wnba,,,/get-all-players-for-league/wnba,{},20260602T225839Z,2026-06-02T22:58:40+00:00,5dd5345269c234c0f11466792708d38717b7543076a5b038b05d1611a49829f1,"[""players""]",200699,Tiffany Stansbury,players_directory,2026-06-02T22:58:43+00:00,20260602T225839Z,27bfa763622c87691e5978cfa77d2dd5a36879bb76d3a55084ddadd191147b1e
200704,Kerri Gardin,players_directory,wnba,,,/get-all-players-for-league/wnba,{},20260602T225839Z,2026-06-02T22:58:40+00:00,26c64cb885ea300b8366b750454af89147e0eb213b772db742176471ffd47053,"[""players""]",200704,Kerri Gardin,players_directory,2026-06-02T22:58:43+00:00,20260602T225839Z,ca0abfe37eece2dfdf371f8126563c4dd7a6865335ba241bc5a918293cfa4d7d
200705,Zane Tamane,players_directory,wnba,,,/get-all-players-for-league/wnba,{},20260602T225839Z,2026-06-02T22:58:40+00:00,68f8cdeeca43be0ef8ed1e208f92a71d0cd62b960e842dceb66c336b1ca3c355,"[""players""]",200705,Zane Tamane,players_directory,2026-06-02T22:58:43+00:00,20260602T225839Z,4c60abfe05803fc34e0c3bbec5eab8d23242ab0634f7feab6a453a74ea06ea04
200715,Yelena Leuchanka,players_directory,wnba,,,/get-all-players-for-league/wnba,{},20260602T225839Z,2026-06-02T22:58:40+00:00,40839d470d6470aa16ad484688fc9886ddca3f12ec7b3361c3ff9f8cc1aa5ce6,"[""players""]",200715,Yelena Leuchanka,players_directory,2026-06-02T22:58:43+00:00,20260602T225839Z,43deeb0b42e6a7568be1f3f128fbbfafdeb17ad12695055c144d367e4df5881b
201046,Lindsey Harding,players_directory,wnba,,,/get-all-players-for-league/wnba,{},20260602T225839Z,2026-06-02T22:58:40+00:00,fbdff6ccd20c61f2c7f31e763f450621afe620ce5a985f8b4d21a8f621332150,"[""players""]",201046,Lindsey Harding,players_directory,2026-06-02T22:58:43+00:00,20260602T225839Z,d19aa3c7744191e83e72f884c0ad9dac075bfe27efa3f056df5635c6528aec4e
201047,Jessica Davenport,players_directory,wnba,,,/get-all-players-for-league/wnba,{},20260602T225839Z,2026-06-02T22:58:40+00:00,1dc09999fc21169955a929df733ad20de35341f1d8222f5e4c1c77d063813741,"[""players""]",201047,Jessica Davenport,players_directory,2026-06-02T22:58:43+00:00,20260602T225839Z,ae695446ab74f1112d902c82a87ea33e5c1d94eb6acdc108ce3ed8776b3447dd
201048,Armintie Herrington,players_directory,wnba,,,/get-all-players-for-league/wnba,{},20260602T225839Z,2026-06-02T22:58:40+00:00,0ad763dbb9ee8ae4ab4b2921d8fdead4bfc9b48e8f829513d33234297b8723bc,"[""players""]",201048,Armintie Herrington,players_directory,2026-06-02T22:58:43+00:00,20260602T225839Z,d3e9d6049e96609beefc8ff45e42159d526c4c118d519fa787ea191578c2e9c1
201049,Noelle Quinn,players_directory,wnba,,,/get-all-players-for-league/wnba,{},20260602T225839Z,2026-06-02T22:58:40+00:00,d6d68440a721a813d8acba762c2ff6cbea907d660ac6405c8f8503d05184c5f6,"[""players""]",201049,Noelle Quinn,players_directory,2026-06-02T22:58:43+00:00,20260602T225839Z,fac14ed137bf3e351caf06a36d5b914782814303c13ac14486a1ea37dc3ecd0c
201050,Tiffany Jackson,players_directory,wnba,,,/get-all-players-for-league/wnba,{},20260602T225839Z,2026-06-02T22:58:40+00:00,534922ef2130669c3ba9f01253ec8f78997dcf0207a6be6a4c611ccbf261cd71,"[""players""]",201050,Tiffany Jackson,players_directory,2026-06-02T22:58:43+00:00,20260602T225839Z,b2dee213963fcf6308e2ca2076df152a73a5a4ddd6056a7f90d730c175efed82
201051,Bernice Mosby,players_directory,wnba,,,/get-all-players-for-league/wnba,{},20260602T225839Z,2026-06-02T22:58:40+00:00,7c4b8e9a1c030e196c3060d71cd22559a93d0ad4f42830d19533754faa66d87f,"[""players""]",201051,Bernice Mosby,players_directory,2026-06-02T22:58:43+00:00,20260602T225839Z,65c8df88e29f3530d952f6b05c89976df96fad735db2d9b85ba550d55d9a2052
201052,Katie Gearlds,players_directory,wnba,,,/get-all-players-for-league/wnba,{},20260602T225839Z,2026-06-02T22:58:40+00:00,3d27fa1b787688bafc69699684df9967f63a9d4157c93b7f5015fdbe8d7f9ba8,"[""players""]",201052,Katie Gearlds,players_directory,2026-06-02T22:58:43+00:00,20260602T225839Z,808c40cb70cf46756a934f0a5def9d4c7a0f7cf5ddfd80a50b1aa4938a759ec0
201054,Alison Bales,players_directory,wnba,,,/get-all-players-for-league/wnba,{},20260602T225839Z,2026-06-02T22:58:40+00:00,41e83b100c976890a20a0c657dc2c9779b83ad2287ee186b883836d5f561800a,"[""players""]",201054,Alison Bales,players_directory,2026-06-02T22:58:43+00:00,20260602T225839Z,a6964a7c712a5a1dee95b04fb229c83cb18e50f5a61c76f10781e38f18a0139f
201056,Ivory Latta,players_directory,wnba,,,/get-all-players-for-league/wnba,{},20260602T225839Z,2026-06-02T22:58:40+00:00,5be7d777c0500876cce512ffcf0097bcde37283f94c6470ea0cf079066d8eab1,"[""players""]",201056,Ivory Latta,players_directory,2026-06-02T22:58:43+00:00,20260602T225839Z,67673073c824333b1166befa8f932b45b2f11227a01eaf33c4b7260bb24fcb74
201058,Sandrine Gruda,players_directory,wnba,,,/get-all-players-for-league/wnba,{},20260602T225839Z,2026-06-02T22:58:40+00:00,593abebee770ef0de658f672376020f662f95a7e1bbc9a8dd0f697154b072259,"[""players""]",201058,Sandrine Gruda,players_directory,2026-06-02T22:58:43+00:00,20260602T225839Z,e68af910730398a744aae7ed3ea6a330c48807498c64117f4174355f3688fc8b
201062,Shay Murphy,players_directory,wnba,,,/get-all-players-for-league/wnba,{},20260602T225839Z,2026-06-02T22:58:40+00:00,f1873ff075124dcfc1242cc80c4aa377152b05e1759703bdf1d2a0423a8529b4,"[""players""]",201062,Shay Murphy,players_directory,2026-06-02T22:58:43+00:00,20260602T225839Z,96cfb568376ed7cc83aedc426e1e6cc2bda1f11b69992e438deef02ddad60edb
201067,Camille Little,players_directory,wnba,,,/get-all-players-for-league/wnba,{},20260602T225839Z,2026-06-02T22:58:40+00:00,0ce34a7cae6b089956e681d31162c498fb2eac4c7622853789aa254b9e4e1abc,"[""players""]",201067,Camille Little,players_directory,2026-06-02T22:58:43+00:00,20260602T225839Z,1145ce2ae52fb7c73ad8e0c518ed409a6fe4aa1b7339eab9591c9201a20b4a6b
201084,Brooke Smith,players_directory,wnba,,,/get-all-players-for-league/wnba,{},20260602T225839Z,2026-06-02T22:58:40+00:00,f52506f892b16e7215d95ca7f27525f643170f027a02c4d601c7eb141f1ab9b8,"[""players""]",201084,Brooke Smith,players_directory,2026-06-02T22:58:43+00:00,20260602T225839Z,c27dbd954651264ae56e8c6f640dce48210d6c1de4743e250ba6503f050dced2
201086,Sidney Spencer,players_directory,wnba,,,/get-all-players-for-league/wnba,{},20260602T225839Z,2026-06-02T22:58:40+00:00,4235fb334ad9cd13da87b4e0871e86dd4453c19b07c46b4acb477ed5218c11b3,"[""players""]",201086,Sidney Spencer,players_directory,2026-06-02T22:58:43+00:00,20260602T225839Z,dc973d3acadb9e23dc9700c0e9f7db1feac9afb3014447fc958940a4c08ff5e0
201477,Tamera Young,players_directory,wnba,,,/get-all-players-for-league/wnba,{},20260602T225839Z,2026-06-02T22:58:40+00:00,9a930e3a484d4683ea7046ff33b8aab7c373b12516b6369dc84562a86e4255e4,"[""players""]",201477,Tamera Young,players_directory,2026-06-02T22:58:43+00:00,20260602T225839Z,dc221e1f31e783bae76856772c236d01c69a6b64016b97b3152971a2fc09d4e2
201480,Sylvia Fowles,players_directory,wnba,,,/get-all-players-for-league/wnba,{},20260602T225839Z,2026-06-02T22:58:40+00:00,202210cfb4f6b03c351a1a50d60c1e0d21b939e1f64be8a69a04bce3a3313fbb,"[""players""]",201480,Sylvia Fowles,players_directory,2026-06-02T22:58:43+00:00,20260602T225839Z,7676e6a4231f4bfa7a3c02fbea580b854d47e8dc2831507129001bf013ac3830
201483,Amber Holt,players_directory,wnba,,,/get-all-players-for-league/wnba,{},20260602T225839Z,2026-06-02T22:58:40+00:00,3fcd6759b3a2eaca9a1178deaefea290092ce8debe2a18c2b8a68d591b84a817,"[""players""]",201483,Amber Holt,players_directory,2026-06-02T22:58:43+00:00,20260602T225839Z,db0a482d762b041709f559d65804b42ac16e0549d3e50afbb5498bd5dd812da9
201484,Ketia Swanier,players_directory,wnba,,,/get-all-players-for-league/wnba,{},20260602T225839Z,2026-06-02T22:58:40+00:00,8e04e1f0ff27450495efc37cde1a06e5513d6f0eb29bc397277b8aaa05aededc,"[""players""]",201484,Ketia Swanier,players_directory,2026-06-02T22:58:43+00:00,20260602T225839Z,329c1873f73d190fd371432a9ff428e9002973123860eb0227a9675139358e52
201486,Lauren Ervin,players_directory,wnba,,,/get-all-players-for-league/wnba,{},20260602T225839Z,2026-06-02T22:58:40+00:00,99e48ebdad8793ed42790bd7281e174152ef660368166b92e8845259029e0b2f,"[""players""]",201486,Lauren Ervin,players_directory,2026-06-02T22:58:43+00:00,20260602T225839Z,c009906ee4ec14df02658236e66eb5b2be1891153babe8f344a8c3c85da46f40
201487,Alexis Hornbuckle,players_directory,wnba,,,/get-all-players-for-league/wnba,{},20260602T225839Z,2026-06-02T22:58:40+00:00,5964968580451ffad8d5af1ccf00b4eaa091c7e507ad7b39eb311b4fca54e0ec,"[""players""]",201487,Alexis Hornbuckle,players_directory,2026-06-02T22:58:43+00:00,20260602T225839Z,1a0110febadc79ebe0f43677e30bcce8db6d9c23e5bfa3859ecabcc9dcf1e0b6
201488,Tasha Humphrey,players_directory,wnba,,,/get-all-players-for-league/wnba,{},20260602T225839Z,2026-06-02T22:58:40+00:00,d9bba0608826c4883a370a493f08ae8c1378cac4ba0befdf64a0577d45a8dea9,"[""players""]",201488,Tasha Humphrey,players_directory,2026-06-02T22:58:43+00:00,20260602T225839Z,09b2f6d1136f075cd5d8221c8e89295d77d0f962f6cadddef7ffa72a74720361
201489,Olayinka Sanni,players_directory,wnba,,,/get-all-players-for-league/wnba,{},20260602T225839Z,2026-06-02T22:58:40+00:00,67cf0f4a14167996a268832d46c672e0bc9f9edb589066666fd5847e826a582c,"[""players""]",201489,Olayinka Sanni,players_directory,2026-06-02T22:58:43+00:00,20260602T225839Z,7060bc14b46ad0f60187d6f4950ca6a9601d3498a36a45ac9aa6ef545d44b635
201490,Natasha Lacy,players_directory,wnba,,,/get-all-players-for-league/wnba,{},20260602T225839Z,2026-06-02T22:58:40+00:00,eb084b1a572f6665a3076de1ffa1211fae1f03846fa11cbc241a7e429ec9e297,"[""players""]",201490,Natasha Lacy,players_directory,2026-06-02T22:58:43+00:00,20260602T225839Z,96140a13110fe2ce9b5ab923d415d35577ec2e0a4d68429fd946a1a7ea658098
201492,Matee Ajavon,players_directory,wnba,,,/get-all-players-for-league/wnba,{},20260602T225839Z,2026-06-02T22:58:40+00:00,98ae25c41ff334ad61c02ddaa9ce96b307b4b79ea1bbcc03fd77aa8c905769e2,"[""players""]",201492,Matee Ajavon,players_directory,2026-06-02T22:58:43+00:00,20260602T225839Z,de8502437db8269fb707671d24d1177bf35a6066df3d414dbf516e7d9ae020c5
201493,Erica White,players_directory,wnba,,,/get-all-players-for-league/wnba,{},20260602T225839Z,2026-06-02T22:58:40+00:00,8750f71773d96d5e9a46c9c199ea2a2086844ac032b9864fbc5edcc9ce0b90b9,"[""players""]",201493,Erica White,players_directory,2026-06-02T22:58:43+00:00,20260602T225839Z,b4eac7850cc3742f9240e370fdad7e6b840f27027c5044b25ea4657a536f14cd
201494,Crystal Kelly,players_directory,wnba,,,/get-all-players-for-league/wnba,{},20260602T225839Z,2026-06-02T22:58:40+00:00,84862e16dc0195f670643fc2d838ce3372cf381d8621e0f6a67975f34cdce609,"[""players""]",201494,Crystal Kelly,players_directory,2026-06-02T22:58:43+00:00,20260602T225839Z,5ff36b61009d2e9d71d974213c86a31a61a5b9a3a5e9ff8365dd75c23ddb3c84
201495,Khadijah Whittington,players_directory,wnba,,,/get-all-players-for-league/wnba,{},20260602T225839Z,2026-06-02T22:58:40+00:00,08e7e05451f0e996a0fdbedc843b434311bb8b259747f4a5a8270d27fe30f23d,"[""players""]",201495,Khadijah Whittington,players_directory,2026-06-02T22:58:43+00:00,20260602T225839Z,15ef329d70956ceb3cbcee3e676437c743596e279f65e5a7376b7c9ec156337d
201496,Candace Parker,players_directory,wnba,,,/get-all-players-for-league/wnba,{},20260602T225839Z,2026-06-02T22:58:40+00:00,7bb7a87e274caccffdefc68028f070372a854617025e36366b686a4a6ea84a44,"[""players""]",201496,Candace Parker,players_directory,2026-06-02T22:58:43+00:00,20260602T225839Z,e6e42225921e99e0274647f8b22e829250df9611e6502233d48443d4c5a653d0
201497,Shannon Bobbitt,players_directory,wnba,,,/get-all-players-for-league/wnba,{},20260602T225839Z,2026-06-02T22:58:40+00:00,adf5ee9a985171383c691836e5f4c54fe22982894b5e7e76c88c228f80d8524c,"[""players""]",201497,Shannon Bobbitt,players_directory,2026-06-02T22:58:43+00:00,20260602T225839Z,4edb3e6832bfa7d89c86bd3042ee4d1f131b6b45d596df4d03ee2379b73b43c7
201498,Sharnee Zoll-Norman,players_directory,wnba,,,/get-all-players-for-league/wnba,{},20260602T225839Z,2026-06-02T22:58:40+00:00,c4d719aa141cccb1453333a807fc7b08d2c80b25afb81e793db909d71cc18d22,"[""players""]",201498,Sharnee Zoll-Norman,players_directory,2026-06-02T22:58:43+00:00,20260602T225839Z,33093c3341f18f335b348b48ca815a8356d67da48a124b85ff76857e8b15edf5
201499,Candice Wiggins,players_directory,wnba,,,/get-all-players-for-league/wnba,{},20260602T225839Z,2026-06-02T22:58:40+00:00,e65827de2d85367e853f5aa23a40c02f971a2881833ecf9b439a013d45117510,"[""players""]",201499,Candice Wiggins,players_directory,2026-06-02T22:58:43+00:00,20260602T225839Z,e3d2609e62790f0c424960de69b5db94ee2b930c24312da1b8529aec4ec8f3db
201500,Nicky Anosike,players_directory,wnba,,,/get-all-players-for-league/wnba,{},20260602T225839Z,2026-06-02T22:58:40+00:00,32cf5dfdecea27f9438407ec78009a06331db504435658c661a4da0b0aa4b0fb,"[""players""]",201500,Nicky Anosike,players_directory,2026-06-02T22:58:43+00:00,20260602T225839Z,d5036cc319ecf5b01fca2234fcc187bdb26093eeddbbf4e77b9c6ae04cde73bf
201501,Charde Houston,players_directory,wnba,,,/get-all-players-for-league/wnba,{},20260602T225839Z,2026-06-02T22:58:40+00:00,6f4e80f60889011b745638bb06944b037c30f03cfd24a180226da325b5c965da,"[""players""]",201501,Charde Houston,players_directory,2026-06-02T22:58:43+00:00,20260602T225839Z,ed6b6d58aa3bbd927c055a51485d1e9d6e529bcf3add0fdc1daf1b8c6eff209f
201502,Essence Carson,players_directory,wnba,,,/get-all-players-for-league/wnba,{},20260602T225839Z,2026-06-02T22:58:40+00:00,e30d40e3962c30fa18a9ca5127efe21a986c77aa7d3f4775a199a0f7ff5589e3,"[""players""]",201502,Essence Carson,players_directory,2026-06-02T22:58:43+00:00,20260602T225839Z,3e271f6e10d5a950e2bdb46a98950dc9668064d2b5010c34efcae8802435ffb4
201503,Erlana Larkins,players_directory,wnba,,,/get-all-players-for-league/wnba,{},20260602T225839Z,2026-06-02T22:58:40+00:00,a0c440f9ec07762dcb3bffe40c8ffa78907ac92a2a9b5d8a388eb39618d6c02b,"[""players""]",201503,Erlana Larkins,players_directory,2026-06-02T22:58:43+00:00,20260602T225839Z,5e48ea6e6903b100bbe6422761e3a2bf70d75a795c7cb18f4e4b9a04ba5fd8cb
201506,LaToya Sanders,players_directory,wnba,,,/get-all-players-for-league/wnba,{},20260602T225839Z,2026-06-02T22:58:40+00:00,d3f53e6d7ac7d8c08b3daa4a27b5b167370c4150bfed41116237bd4d14557739,"[""players""]",201506,LaToya Sanders,players_directory,2026-06-02T22:58:43+00:00,20260602T225839Z,2f278a51cb1ee88aa0290dc43d93e8d6397b62bea501f69eee9953247ecd5369
201507,Leilani Mitchell,players_directory,wnba,,,/get-all-players-for-league/wnba,{},20260602T225839Z,2026-06-02T22:58:40+00:00,301bb8d68d66cded38d263008b3d69afb77158206a600e0c7b4bea4ede9fad24,"[""players""]",201507,Leilani Mitchell,players_directory,2026-06-02T22:58:43+00:00,20260602T225839Z,2ad9bc32e08bedebee48fec9064cd70cb590e08b57d66fe9d8fa18156d4648d7
201509,Laura Harper,players_directory,wnba,,,/get-all-players-for-league/wnba,{},20260602T225839Z,2026-06-02T22:58:40+00:00,9797dae41949dfc77f3f0bff1db9eebec536dcaa0e531edc6084a1e477cbcd94,"[""players""]",201509,Laura Harper,players_directory,2026-06-02T22:58:43+00:00,20260602T225839Z,591dae552e50816c900ad02c10e49684c10cf95d4d5045e1aafba2cb4f12abd7
201510,A'Quonesia Franklin,players_directory,wnba,,,/get-all-players-for-league/wnba,{},20260602T225839Z,2026-06-02T22:58:40+00:00,da07f5eda78913be4787379b3515049bd4a8dbc283eab1a77323a5d1fefc1fd2,"[""players""]",201510,A'Quonesia Franklin,players_directory,2026-06-02T22:58:43+00:00,20260602T225839Z,85939c7a76cd7479f2966be10422c3ad3284e6b6a6327f271a02b956ca25dd4f
201516,Allie Quigley,players_directory,wnba,,,/get-all-players-for-league/wnba,{},20260602T225839Z,2026-06-02T22:58:40+00:00,28f681892b16cd7ce4d8376aedb7a1e07b570a5d27dd2baa00ef917d12cd2ec6,"[""players""]",201516,Allie Quigley,players_directory,2026-06-02T22:58:43+00:00,20260602T225839Z,a1a2f61019f307d994acf70ab83d3d246e0ed657c281b94213d50bc0112ceb1f
201518,Crystal Langhorne,players_directory,wnba,,,/get-all-players-for-league/wnba,{},20260602T225839Z,2026-06-02T22:58:40+00:00,758eeae22e4f0aadc14473fb32c67c1c764ee5e61133398ac9f7a2c10bd4a884,"[""players""]",201518,Crystal Langhorne,players_directory,2026-06-02T22:58:43+00:00,20260602T225839Z,4cce6393bcc5e361150593977a4ea38badfe28e46e0985c8b38d70e8a2173196
201530,Sequoia Holmes,players_directory,wnba,,,/get-all-players-for-league/wnba,{},20260602T225839Z,2026-06-02T22:58:40+00:00,9c8c3297a6a0397f369b5ec6f21714a06e7ee8bfc8a8d1f815e4baafd925516a,"[""players""]",201530,Sequoia Holmes,players_directory,2026-06-02T22:58:43+00:00,20260602T225839Z,3f644cd0eaec348f28a634b838bcb136dc4c17babe58bc924d38f2a99ebf1431
201869,Anete Jekabsone-Zogota,players_directory,wnba,,,/get-all-players-for-league/wnba,{},20260602T225839Z,2026-06-02T22:58:40+00:00,9cbf1a83df63df91af3d49ab5c9eca4f939558072414027b8b757a0003229d22,"[""players""]",201869,Anete Jekabsone-Zogota,players_directory,2026-06-02T22:58:43+00:00,20260602T225839Z,70d09d6c4e26ae8264af75a5b3c4f8452d97e864c64a59b3f8414aa7c028cb5a
201881,Angel McCoughtry,players_directory,wnba,,,/get-all-players-for-league/wnba,{},20260602T225839Z,2026-06-02T22:58:40+00:00,9235b4098c3aea5b18cd6022b2026b6c50eac12dddcf31198b6dfa479323a1a1,"[""players""]",201881,Angel McCoughtry,players_directory,2026-06-02T22:58:43+00:00,20260602T225839Z,397dbbce9452259e039e9d1c4c050a123a860e2cc3d72e0623683b2491433b1e
201882,Jessica Adair,players_directory,wnba,,,/get-all-players-for-league/wnba,{},20260602T225839Z,2026-06-02T22:58:40+00:00,288887f3d476421ff80dddafff6e0110ec2a8c716e10720221885c375bde74d1,"[""players""]",201882,Jessica Adair,players_directory,2026-06-02T22:58:43+00:00,20260602T225839Z,ca023d5e0b57ea464502199941e6f9d99a87e4e85e3b58203cf11ecf957517d8
201884,Chante Black,players_directory,wnba,,,/get-all-players-for-league/wnba,{},20260602T225839Z,2026-06-02T22:58:40+00:00,805da97f39854097810b5538c151b0468bd805e944f03ad95655ef9f9a1ea532,"[""players""]",201884,Chante Black,players_directory,2026-06-02T22:58:43+00:00,20260602T225839Z,92f03e3b0f9ec39eff59bd01478fe1f9e08c626df3c99b777411eed447ad7875
201885,Whitney Boddie,players_directory,wnba,,,/get-all-players-for-league/wnba,{},20260602T225839Z,2026-06-02T22:58:40+00:00,466e37a5e030df810b410a8c7686f214c81371378edcb54ebcfa23fffbc0b2e8,"[""players""]",201885,Whitney Boddie,players_directory,2026-06-02T22:58:43+00:00,20260602T225839Z,5025f1b5dc3a24851778f20043a32843342cfb548cb683a20835181f950bece0
201886,DeWanna Bonner,players_directory,wnba,,,/get-all-players-for-league/wnba,{},20260602T225839Z,2026-06-02T22:58:40+00:00,a55de3717f830a39229acbea6a6be0bae8d3e49dbd24a0ce1b4f4f946218567a,"[""players""]",201886,DeWanna Bonner,players_directory,2026-06-02T22:58:43+00:00,20260602T225839Z,15e9b4546db33f3df216e12ddb7dfaef7ab1c0ea97a11916789fe3cb8295bd9e
201889,Marissa Coleman,players_directory,wnba,,,/get-all-players-for-league/wnba,{},20260602T225839Z,2026-06-02T22:58:40+00:00,0f9629369e0dbb218524f88fb8e86d9f7fcf6e0131e91896c1d90578a1735151,"[""players""]",201889,Marissa Coleman,players_directory,2026-06-02T22:58:43+00:00,20260602T225839Z,87450cae7ffa7a9d53c1c3c0655545b94880647978eb295fb308e84239148561
201890,Tenae Davis-Cain,players_directory,wnba,,,/get-all-players-for-league/wnba,{},20260602T225839Z,2026-06-02T22:58:40+00:00,75308e107aa74ea54278457a793f6b059fd845fa9883079340bef80f2b6014dc,"[""players""]",201890,Tenae Davis-Cain,players_directory,2026-06-02T22:58:43+00:00,20260602T225839Z,65b13d4a10b55f5036c19131bd7e85cf47a3a0c1f03334f53a855670b8700e10
201892,Megan Frazee,players_directory,wnba,,,/get-all-players-for-league/wnba,{},20260602T225839Z,2026-06-02T22:58:40+00:00,433a2f2227ebe9f35204a8f93a33a4c03c8bb025ad7f6773c40ef09292f2a93e,"[""players""]",201892,Megan Frazee,players_directory,2026-06-02T22:58:43+00:00,20260602T225839Z,9d52bb87f80beeaf72c130fa41eeb9cd9aeab8439adeaa4f855be964d0e93ce8
201895,Quanitra Hollingsworth,players_directory,wnba,,,/get-all-players-for-league/wnba,{},20260602T225839Z,2026-06-02T22:58:40+00:00,0443f57f7c608814c15c61fdbe124ad0a70747815e4d5b4750f8f607d3705652,"[""players""]",201895,Quanitra Hollingsworth,players_directory,2026-06-02T22:58:43+00:00,20260602T225839Z,b28718e16218c3ac98d3ad93e32cbd870caeab4bca57a0b37e8cfe19c321e942
201896,Briann January,players_directory,wnba,,,/get-all-players-for-league/wnba,{},20260602T225839Z,2026-06-02T22:58:40+00:00,680f917b3ed05ba5ac1fcad3dddd07f70cd74a3b7bfac8ca5b01c7ad5d74c64f,"[""players""]",201896,Briann January,players_directory,2026-06-02T22:58:43+00:00,20260602T225839Z,7de7fb58568421e5550e9357740eefb1ad533cf6abd15d79fb382005eb8804be
201898,Shalee Lehning,players_directory,wnba,,,/get-all-players-for-league/wnba,{},20260602T225839Z,2026-06-02T22:58:40+00:00,a5c35593fac128c9dba8cc692997132c93160c2e2e8c6184d6ea6e63e1843711,"[""players""]",201898,Shalee Lehning,players_directory,2026-06-02T22:58:43+00:00,20260602T225839Z,9e2d0d1816100575f00aa07862ddb8bca6c7eacae2b2ae1a592725f5144dfc15
201901,Rashanda McCants,players_directory,wnba,,,/get-all-players-for-league/wnba,{},20260602T225839Z,2026-06-02T22:58:40+00:00,6095f6ba999277bd1efbcef9d725e6be895b4d4e02b2f212f99572a7fe1e65bb,"[""players""]",201901,Rashanda McCants,players_directory,2026-06-02T22:58:43+00:00,20260602T225839Z,86a77c2b2f4e68a64a85c8c1b31643c453a3c0e2d7bfa47495acacc1cf422fbb
201902,Britany Miller,players_directory,wnba,,,/get-all-players-for-league/wnba,{},20260602T225839Z,2026-06-02T22:58:40+00:00,7d54d5e8d8e8046da997df5662d2e7bc4361039386c5dafb530b89623774a5fe,"[""players""]",201902,Britany Miller,players_directory,2026-06-02T22:58:43+00:00,20260602T225839Z,da31c2b6cb079476cc8467c7deb62ae7b3dbcd8c3b8f87cf63faf06f462f4c01
201903,Jelena Milovanovic,players_directory,wnba,,,/get-all-players-for-league/wnba,{},20260602T225839Z,2026-06-02T22:58:40+00:00,f4ecc4cf2b3fd83392168ca403252a023f08807d25613a639c8393535434db14,"[""players""]",201903,Jelena Milovanovic,players_directory,2026-06-02T22:58:43+00:00,20260602T225839Z,646358cde1c0dc5d91b451578f5e3fcb21b049e19f7c6b5e3578c5d320272209
201904,Renee Montgomery,players_directory,wnba,,,/get-all-players-for-league/wnba,{},20260602T225839Z,2026-06-02T22:58:40+00:00,502320287a2e365b0fefc0f9e06d4bc17cea87ec564710455759329917ebaef4,"[""players""]",201904,Renee Montgomery,players_directory,2026-06-02T22:58:43+00:00,20260602T225839Z,f6b274b37ef5282f9d9612402d3deb9fac37efdf5ef366724e82af60e51dc273
201907,Courtney Paris,players_directory,wnba,,,/get-all-players-for-league/wnba,{},20260602T225839Z,2026-06-02T22:58:40+00:00,2d3a2e92feea3d26e03451f8b56c450722c0f7852b0b1662fb2d3df65836e16d,"[""players""]",201907,Courtney Paris,players_directory,2026-06-02T22:58:43+00:00,20260602T225839Z,e5595a54367485d90f9e015b7c5bafce7498b5af1871b8598c3f07b4da73bb32
201909,Sonja Petrovic,players_directory,wnba,,,/get-all-players-for-league/wnba,{},20260602T225839Z,2026-06-02T22:58:40+00:00,6a8b7623b1f32c0ef0b411fbecdd12e2f3a98ad3bb9ff586110df3dbfe0b1a6a,"[""players""]",201909,Sonja Petrovic,players_directory,2026-06-02T22:58:43+00:00,20260602T225839Z,a76de5fe86f25cb7c815ae48498e6011d3241b72116bf4c1044d32c002f5552a
201911,Kristi Toliver,players_directory,wnba,,,/get-all-players-for-league/wnba,{},20260602T225839Z,2026-06-02T22:58:40+00:00,071c6e2ac4e66d2ebf0abc7cb55816ea639ba53d60f62abc5015613ae5cba7d0,"[""players""]",201911,Kristi Toliver,players_directory,2026-06-02T22:58:43+00:00,20260602T225839Z,9214c3cf03e68787c7fac0fb7ab24671dd0f0c6a9909b4a5afa8058784dbeed1
201913,Kia Vaughn,players_directory,wnba,,,/get-all-players-for-league/wnba,{},20260602T225839Z,2026-06-02T22:58:40+00:00,caa5c1cc2df5b1dbed93f94487fcd063693cd8b6ca27d499e12d10260c79690a,"[""players""]",201913,Kia Vaughn,players_directory,2026-06-02T22:58:43+00:00,20260602T225839Z,3c26ed221e08a1d49972cc1e46595cd84c15e48d3f87f1229f5d5c9455d440d2
201914,Ashley Walker,players_directory,wnba,,,/get-all-players-for-league/wnba,{},20260602T225839Z,2026-06-02T22:58:40+00:00,54edda6d937e95f833495c5d066a4fe9e7da6ab23228f366ef1a8e002998121a,"[""players""]",201914,Ashley Walker,players_directory,2026-06-02T22:58:43+00:00,20260602T225839Z,b8884bd2af642d3d37e727da772376878d3fd3de66c73f52724548df60668101
201917,Christina Wirth,players_directory,wnba,,,/get-all-players-for-league/wnba,{},20260602T225839Z,2026-06-02T22:58:40+00:00,42ba81421571fc283f0cf012ab4d9f2a98ee200a2892635dc1688e42118176aa,"[""players""]",201917,Christina Wirth,players_directory,2026-06-02T22:58:43+00:00,20260602T225839Z,eaeff66530b8a816250952370bcceefd9dfa282b2e934d525ce3de26493c73d5
201918,Lindsay Wisdom-Hylton,players_directory,wnba,,,/get-all-players-for-league/wnba,{},20260602T225839Z,2026-06-02T22:58:40+00:00,490ad0c3d81cdb76120d9b2857927804b6f77ad8c2acc2872ae3b2088ef3f80e,"[""players""]",201918,Lindsay Wisdom-Hylton,players_directory,2026-06-02T22:58:43+00:00,20260602T225839Z,4454dcf87d240752adf0f2076a234f6a46196c77c64ef2f79f17483b2c058977
201919,Shavonte Zellous,players_directory,wnba,,,/get-all-players-for-league/wnba,{},20260602T225839Z,2026-06-02T22:58:40+00:00,04c5e91d42aa768bb1c70f37f1215bb980064db2f8cb66e92ae48f751514b856,"[""players""]",201919,Shavonte Zellous,players_directory,2026-06-02T22:58:43+00:00,20260602T225839Z,b0fac58d5436f4973bc30c6fa470ca9f53b5590f9d367870ccdd61886e47bef6
201922,Kristi Cirone,players_directory,wnba,,,/get-all-players-for-league/wnba,{},20260602T225839Z,2026-06-02T22:58:40+00:00,6fcb1e2932127b7e7592e128d178a3b657ead378033ee74d5723bc8ecc9e9ed2,"[""players""]",201922,Kristi Cirone,players_directory,2026-06-02T22:58:43+00:00,20260602T225839Z,a1a1066ea50a74c59824dc8db1a5a4338c56e45b4669f566d32a77309e26644d
202239,Jana Vesela,players_directory,wnba,,,/get-all-players-for-league/wnba,{},20260602T225839Z,2026-06-02T22:58:40+00:00,62a78d322ccc1b10a22abbb74b7b3012c9449c4707cf96b396c0cde7e1b49c33,"[""players""]",202239,Jana Vesela,players_directory,2026-06-02T22:58:43+00:00,20260602T225839Z,30979337106d991adfba35341b6c0f3e223a0a9a0d58920c75f92198f7f8f201
202249,Abby Bishop,players_directory,wnba,,,/get-all-players-for-league/wnba,{},20260602T225839Z,2026-06-02T22:58:40+00:00,4b5306943a9927dafd5b325b976c49daea05196bb2654edbcd6b50c7b89288df,"[""players""]",202249,Abby Bishop,players_directory,2026-06-02T22:58:43+00:00,20260602T225839Z,d4ce0dc9cd8796cc01cdd16d89658c42f4314b3dd56cb765bc69600e748bdb1d
202250,Tina Charles,players_directory,wnba,,,/get-all-players-for-league/wnba,{},20260602T225839Z,2026-06-02T22:58:40+00:00,48564872580bbb35b11c66b57a52d033d83e850b2886cfb28ea693113fd3e6a2,"[""players""]",202250,Tina Charles,players_directory,2026-06-02T22:58:43+00:00,20260602T225839Z,59b324aad73b3385697215374064c5c379ae488e37f3e1a90bdaff1c20cdb470
202251,Jayne Appel Marinelli,players_directory,wnba,,,/get-all-players-for-league/wnba,{},20260602T225839Z,2026-06-02T22:58:40+00:00,31538ff0f8bf0bea3ba881e73ba3038a1da1445582e79d094dbe6ccc11337394,"[""players""]",202251,Jayne Appel Marinelli,players_directory,2026-06-02T22:58:43+00:00,20260602T225839Z,60e3ba1e8f70757fcc62ce4e31550a58f6ff887b97a7cb62c69654e685e2dba3
202252,Alysha Clark,players_directory,wnba,,,/get-all-players-for-league/wnba,{},20260602T225839Z,2026-06-02T22:58:40+00:00,3f11051fea0df944e6eaeed24cc2f44853c0186089a217060abdc073ea70c3f3,"[""players""]",202252,Alysha Clark,players_directory,2026-06-02T22:58:43+00:00,20260602T225839Z,4ddb0044834117473947950f52478e5e76145b172ed48ad39e062fb49681c056
202253,Kalana Greene,players_directory,wnba,,,/get-all-players-for-league/wnba,{},20260602T225839Z,2026-06-02T22:58:40+00:00,10a7355344cb795f66a0e12ebdbacc34e4d89d65f0e736c459261a9326b5eee5,"[""players""]",202253,Kalana Greene,players_directory,2026-06-02T22:58:43+00:00,20260602T225839Z,d86c37dae7c555db98ab74e46ab8382e733b6dec4f730948c78592e61ebfd9d1
202254,Kelsey Griffin,players_directory,wnba,,,/get-all-players-for-league/wnba,{},20260602T225839Z,2026-06-02T22:58:40+00:00,5d5351694ed5ea3fd5ede4783e158a0cfa7b35a9cfe602f8bb50371041ba3bab,"[""players""]",202254,Kelsey Griffin,players_directory,2026-06-02T22:58:43+00:00,20260602T225839Z,0c0321d4adbfaad0f15928b9b08d154082207da496632f9d41171ba5c3c747f4
202255,Allison Hightower,players_directory,wnba,,,/get-all-players-for-league/wnba,{},20260602T225839Z,2026-06-02T22:58:40+00:00,49d9604e631ba5ae0f024f1bebfcc99adf620d629307367fd3ee700c0fda83c3,"[""players""]",202255,Allison Hightower,players_directory,2026-06-02T22:58:43+00:00,20260602T225839Z,e597bc8bb2ea5256c6cb6795e0f1f9f825a5d9ae09fcc417706cc0c2ad789817
202256,Alison Lacey,players_directory,wnba,,,/get-all-players-for-league/wnba,{},20260602T225839Z,2026-06-02T22:58:40+00:00,a8dfda6c542643eaa1941f1b18ba12d23f31b7c05fecb03e065da184f0f13c81,"[""players""]",202256,Alison Lacey,players_directory,2026-06-02T22:58:43+00:00,20260602T225839Z,ad147a675e3afe7abd47430bca5c716725d0f952b3c9a0256059f2c7eb1993b1
202257,Monica Wright,players_directory,wnba,,,/get-all-players-for-league/wnba,{},20260602T225839Z,2026-06-02T22:58:40+00:00,f85e80740d2f08ff6449962cf76cd69259bd4f50a2d01e1e37eda8f03b9e1a6f,"[""players""]",202257,Monica Wright,players_directory,2026-06-02T22:58:43+00:00,20260602T225839Z,73f77cecde3b3d666c13dff4556574f1daababc61b68c862baade21d5a087c7e
202259,Epiphanny Prince,players_directory,wnba,,,/get-all-players-for-league/wnba,{},20260602T225839Z,2026-06-02T22:58:40+00:00,543db93cd4c3cfb03d86f262bb6139d5888f4ee90d255c229be90a77d20e4e14,"[""players""]",202259,Epiphanny Prince,players_directory,2026-06-02T22:58:43+00:00,20260602T225839Z,6e947b9fd7edc9d61b2bf6fc64d5a9501a5b22802696e2435c610d9b2ca38715
202261,Jacinta Monroe,players_directory,wnba,,,/get-all-players-for-league/wnba,{},20260602T225839Z,2026-06-02T22:58:40+00:00,f261a9f59994a551f0a849fc06838d0b4f8c5621f9c912f3c9079496bc99c8a2,"[""players""]",202261,Jacinta Monroe,players_directory,2026-06-02T22:58:43+00:00,20260602T225839Z,91366379589d446e0079ccd3d1ba338cf1d156f3d2f9b2dd2ff339b9928e2f68
202262,Ashley Houts,players_directory,wnba,,,/get-all-players-for-league/wnba,{},20260602T225839Z,2026-06-02T22:58:40+00:00,02b3155195e711d34fdfdce3a1cd3e691ca5f7fbebe2a159979abb6e80c51aa6,"[""players""]",202262,Ashley Houts,players_directory,2026-06-02T22:58:43+00:00,20260602T225839Z,8900fbbad582821ce33acac639e458f558e73054d9b362853f26501ad9342abd
202263,Danielle McCray,players_directory,wnba,,,/get-all-players-for-league/wnba,{},20260602T225839Z,2026-06-02T22:58:40+00:00,07324ab230b9fc9af3ff4e0c976418c7d0a882f4b2ba61ab74291c78b0b8a984,"[""players""]",202263,Danielle McCray,players_directory,2026-06-02T22:58:43+00:00,20260602T225839Z,7ee19a4145168ed3e4346009de062403b7794d0066543ac3e5a8bb5285b0e9b3
202264,Chanel Mokango,players_directory,wnba,,,/get-all-players-for-league/wnba,{},20260602T225839Z,2026-06-02T22:58:40+00:00,e8c546fb8e0ddb5ce9300f76cfec7b77422c3c4b2cdd17eae501878ebb49f292,"[""players""]",202264,Chanel Mokango,players_directory,2026-06-02T22:58:43+00:00,20260602T225839Z,ec094bba0dda01566cd72a01485af8b78d9bcb0cfcf8ea7aceafb01c5b912a1d
202265,Jene Morris,players_directory,wnba,,,/get-all-players-for-league/wnba,{},20260602T225839Z,2026-06-02T22:58:40+00:00,a87dd03158f2e3396c550f27e44f93273a020dc1d19b95c7c15bc0f4c00a405a,"[""players""]",202265,Jene Morris,players_directory,2026-06-02T22:58:43+00:00,20260602T225839Z,7fd39e6bb29bb336db1d8f9abde64f99f580418115dfac4d2d334f4f62494791
202269,Amanda Thompson,players_directory,wnba,,,/get-all-players-for-league/wnba,{},20260602T225839Z,2026-06-02T22:58:40+00:00,30c7e2c53997478ca7f680e029f7b38a9ac99a5d8ae585f26c3c86aad4c80ce9,"[""players""]",202269,Amanda Thompson,players_directory,2026-06-02T22:58:43+00:00,20260602T225839Z,07f0e383ea2c839ff7459e5981f700067b8f3ccaec468dd0195b1541a3abc224
202270,Angel Robinson,players_directory,wnba,,,/get-all-players-for-league/wnba,{},20260602T225839Z,2026-06-02T22:58:40+00:00,98cae893602bbdaa3d93d05f47cb7e47440ab092729c29c4bc985afabddeb839,"[""players""]",202270,Angel Robinson,players_directory,2026-06-02T22:58:43+00:00,20260602T225839Z,32431d9401671702e572921a9e8e6988195e72beadbe67f737639f2ba9bcac0a
202276,Gabriela Marginean,players_directory,wnba,,,/get-all-players-for-league/wnba,{},20260602T225839Z,2026-06-02T22:58:40+00:00,8be22a1bee37a9be05acb18c565dbf97d550c64e8c687967443a6f1154d1f175,"[""players""]",202276,Gabriela Marginean,players_directory,2026-06-02T22:58:43+00:00,20260602T225839Z,0c6f6731f293459d1d1d63c8fea1cf14cc16ad863a8d6327f2df008ec1bb8961
202278,Abi Olajuwon,players_directory,wnba,,,/get-all-players-for-league/wnba,{},20260602T225839Z,2026-06-02T22:58:40+00:00,7fab3b3c419cfef5cd40c8db2cf6de75a2f617ad96f97bed0d5194b77c194408,"[""players""]",202278,Abi Olajuwon,players_directory,2026-06-02T22:58:43+00:00,20260602T225839Z,c5759c1662bbc7f41bd49ae9b30e942270c26d7a97e64175822554c49bfe15d7
202280,Alexis Gray-Lawson,players_directory,wnba,,,/get-all-players-for-league/wnba,{},20260602T225839Z,2026-06-02T22:58:40+00:00,5f781c69d0ec626ca44d82ac85b1072f1c26e2dabbccd59604f5844984709a0c,"[""players""]",202280,Alexis Gray-Lawson,players_directory,2026-06-02T22:58:43+00:00,20260602T225839Z,cb7dc44dbcbd5a50d307103ae03347a6ee8c7f9f95c9ef35b5a02dc1cfeb8aaf
202283,Brittainey Raven,players_directory,wnba,,,/get-all-players-for-league/wnba,{},20260602T225839Z,2026-06-02T22:58:40+00:00,c942ef4985251cc681c3e9873a7205ff9675fc58c2fedff985fe849b4713857f,"[""players""]",202283,Brittainey Raven,players_directory,2026-06-02T22:58:43+00:00,20260602T225839Z,15e275620ef03a107cdd4842536d34eb743e8c640c20f487e055c3524dbea231
202285,Joy Cheek,players_directory,wnba,,,/get-all-players-for-league/wnba,{},20260602T225839Z,2026-06-02T22:58:40+00:00,9c96194a743962352aa7d7630cbad9db73174bb5bb0daa76beea89db09d7d9b7,"[""players""]",202285,Joy Cheek,players_directory,2026-06-02T22:58:43+00:00,20260602T225839Z,81b4789b09387e104194d2a386571e324612a216bebb50c22b8af1de6eac22e8
202314,Michelle Campbell,players_directory,wnba,,,/get-all-players-for-league/wnba,{},20260602T225839Z,2026-06-02T22:58:40+00:00,4a15b40a01f8b36acb3da97c69cd2825f0f4aa0b9c996a7ceec750b7a3279d20,"[""players""]",202314,Michelle Campbell,players_directory,2026-06-02T22:58:43+00:00,20260602T225839Z,d022459135db52925e76ed323aaf0de23092c4e21cb232291ea1e511a2856fc7
202315,Andrea Riley,players_directory,wnba,,,/get-all-players-for-league/wnba,{},20260602T225839Z,2026-06-02T22:58:40+00:00,82926f3c8a8070fcb41d008d90d2eae9c3a9d2971bdd52851d4c5f8ee4b433b2,"[""players""]",202315,Andrea Riley,players_directory,2026-06-02T22:58:43+00:00,20260602T225839Z,425baaa4398a4135f408a99700a8d7792c3964dc964e54efe344ddecf4db5d63
202316,Taylor Lilley,players_directory,wnba,,,/get-all-players-for-league/wnba,{},20260602T225839Z,2026-06-02T22:58:40+00:00,b6ff007095f7db647ab988dd96d7780eb462ea3042e08276e553177a7cf606ec,"[""players""]",202316,Taylor Lilley,players_directory,2026-06-02T22:58:43+00:00,20260602T225839Z,bd80bed71d93b963923acf7b6d81de4b383f06672499f43fa61cb6808be722fe
202318,Ewelina Kobryn,players_directory,wnba,,,/get-all-players-for-league/wnba,{},20260602T225839Z,2026-06-02T22:58:40+00:00,d9be096cadabd9e68089f53dc8fb107dbcc04b99a7134bee2f27c296371c44c1,"[""players""]",202318,Ewelina Kobryn,players_directory,2026-06-02T22:58:43+00:00,20260602T225839Z,17134160c5ae534ef9f6c70b52a728e1be9e077d10a68a17e4fa452fafce74be
202623,Aneika Morello,players_directory,wnba,,,/get-all-players-for-league/wnba,{},20260602T225839Z,2026-06-02T22:58:40+00:00,2c95503280b6c6741fb96ff85b7dddf382c4bdb3e276f9ef4535d211ed5eb88d,"[""players""]",202623,Aneika Morello,players_directory,2026-06-02T22:58:43+00:00,20260602T225839Z,c8d427ea1c25cef2dd46630464283aadadb7ce8edc970cf6425484504aedc9d6
202626,Jenna O'Hea,players_directory,wnba,,,/get-all-players-for-league/wnba,{},20260602T225839Z,2026-06-02T22:58:40+00:00,242443b9a943b6fbf71352421dd56f060229ac8bf29a3594ca7765631e2ab9ce,"[""players""]",202626,Jenna O'Hea,players_directory,2026-06-02T22:58:43+00:00,20260602T225839Z,cce9adec76d81f00c33b6eb782595a69f2f31b41a4c5b6f3093c47e918454401
202629,Miranda Ayim,players_directory,wnba,,,/get-all-players-for-league/wnba,{},20260602T225839Z,2026-06-02T22:58:40+00:00,6d42966ac042bfae1952b6047e1565d3544ebd7198e495c85f544485583e33d6,"[""players""]",202629,Miranda Ayim,players_directory,2026-06-02T22:58:43+00:00,20260602T225839Z,0242143456d9a0bcd3ed70d202ddcfe469b8c78426c1844895e8caf213d76dd3
202632,Maya Moore,players_directory,wnba,,,/get-all-players-for-league/wnba,{},20260602T225839Z,2026-06-02T22:58:40+00:00,33ae61b90cac3daf69e91c423b703b4ff654ba84e24497ebb86c5e90c6682f03,"[""players""]",202632,Maya Moore,players_directory,2026-06-02T22:58:43+00:00,20260602T225839Z,032080221fbb79be8f2b3d2deab9fb078b7c169233f559b6298dcb1e02734161
202633,Liz Cambage,players_directory,wnba,,,/get-all-players-for-league/wnba,{},20260602T225839Z,2026-06-02T22:58:40+00:00,fd7aa0644190851bdc1923ef8c636f7dc383556ec43b02a753e4441e76e0336d,"[""players""]",202633,Liz Cambage,players_directory,2026-06-02T22:58:43+00:00,20260602T225839Z,274e01a3d71713b375832940c4b8faa6d50c0f29050f571b527f84e6e4ec0562
202634,Danielle Adams,players_directory,wnba,,,/get-all-players-for-league/wnba,{},20260602T225839Z,2026-06-02T22:58:40+00:00,d65960194a3922aa210e513e238592887d3c746adcd615c27527f649293a0c9b,"[""players""]",202634,Danielle Adams,players_directory,2026-06-02T22:58:43+00:00,20260602T225839Z,b42be98b37af72657079c6a80e012faf3fa43887658f354e86ed6d1628a75a0c
202637,Angie Bjorklund,players_directory,wnba,,,/get-all-players-for-league/wnba,{},20260602T225839Z,2026-06-02T22:58:40+00:00,9b39b5b0d51cc7058687df82b1f421784af9ded38a5116956beae8a46e077847,"[""players""]",202637,Angie Bjorklund,players_directory,2026-06-02T22:58:43+00:00,20260602T225839Z,1a9b1d5f61a812cfc9111a7eaaad79c8be6e1088e993232447fc79b8eedc913c
202638,Jessica Breland,players_directory,wnba,,,/get-all-players-for-league/wnba,{},20260602T225839Z,2026-06-02T22:58:40+00:00,17746dbb253ac8d742c5e74d6e56b9be09d0721dbdbf0d2315db87462a97375f,"[""players""]",202638,Jessica Breland,players_directory,2026-06-02T22:58:43+00:00,20260602T225839Z,2e24ec51213cfb35c1fa02a41265c240f52c204b491456d37281b935d9968a89
202639,Felicia Chester-Wootton,players_directory,wnba,,,/get-all-players-for-league/wnba,{},20260602T225839Z,2026-06-02T22:58:40+00:00,4bd88c0bd3ea779e7d0572a682dd63bf16c38b1bc925c087ba20dd8c0684b921,"[""players""]",202639,Felicia Chester-Wootton,players_directory,2026-06-02T22:58:43+00:00,20260602T225839Z,101bb01de48662a0c4deb50c0c380da25776a591f58826f3229c8f251609fdb3
202640,Karima Christmas-Kelly,players_directory,wnba,,,/get-all-players-for-league/wnba,{},20260602T225839Z,2026-06-02T22:58:40+00:00,ff8a2eac6ae8b9d5eb59ab38cb85d4c8fb35938e9e1dd646adb27ef59e6ace37,"[""players""]",202640,Karima Christmas-Kelly,players_directory,2026-06-02T22:58:43+00:00,20260602T225839Z,22d8f8b5dd1cfa7fb9e9a7357636b3b8064c6906e12b7233411a37f19b247b06
202641,Sydney Colson,players_directory,wnba,,,/get-all-players-for-league/wnba,{},20260602T225839Z,2026-06-02T22:58:40+00:00,bb9230849f32a397024a38311a2a99e6cd2c5d85249679990f57c0a7f99ca74b,"[""players""]",202641,Sydney Colson,players_directory,2026-06-02T22:58:43+00:00,20260602T225839Z,73a3e9a6c9525377fd7be4ea665ea3da5287e895e0ea54069466c6903acd7c4f
202643,Victoria Dunlap,players_directory,wnba,,,/get-all-players-for-league/wnba,{},20260602T225839Z,2026-06-02T22:58:40+00:00,5d6059939ffad7263b901e44b1df4cf5cd6911976485fc43fbf580bb0a734246,"[""players""]",202643,Victoria Dunlap,players_directory,2026-06-02T22:58:43+00:00,20260602T225839Z,43a9efcbb9df869fa3bb0abe5b2145c02f6eb291a09ce98bd9a16314b9dfab14
202644,Amber Harris,players_directory,wnba,,,/get-all-players-for-league/wnba,{},20260602T225839Z,2026-06-02T22:58:40+00:00,7add51697c93a1dd4b23cc47eef9f3940a3175e4b4e1c028e9b6d6cf6ba396c6,"[""players""]",202644,Amber Harris,players_directory,2026-06-02T22:58:43+00:00,20260602T225839Z,b26428807b0eb44ecc62088212aa1ae5953532b234772d166488b16c06748bfd
202645,Ify Ibekwe,players_directory,wnba,,,/get-all-players-for-league/wnba,{},20260602T225839Z,2026-06-02T22:58:40+00:00,ba41950537a74b13a14096500e0b2d232d5f9e7052ffedd7514b98143d59df61,"[""players""]",202645,Ify Ibekwe,players_directory,2026-06-02T22:58:43+00:00,20260602T225839Z,bb6d84237d45fa0740337c1d59e7a6a790c8841797d87fe469c42cfff7e41970
202647,Rachel Jarry,players_directory,wnba,,,/get-all-players-for-league/wnba,{},20260602T225839Z,2026-06-02T22:58:40+00:00,91836c7903b9868b5903e0327d4f72bab5e93fed0512a6c8e3c89875db42f343,"[""players""]",202647,Rachel Jarry,players_directory,2026-06-02T22:58:43+00:00,20260602T225839Z,a8e0eb608fc63a00234149609bfd27fb3e5a35741635450d11606e187c096448
202650,Jantel Lavender,players_directory,wnba,,,/get-all-players-for-league/wnba,{},20260602T225839Z,2026-06-02T22:58:40+00:00,05563718375be1de649006414b0e7fc0d3b4972c34d1f49f1643bcadb9dbdfe6,"[""players""]",202650,Jantel Lavender,players_directory,2026-06-02T22:58:43+00:00,20260602T225839Z,d0144fd134463d0e14b449efd2847a7f92c14361feb849878cd903f0c24a70d0
202652,Alex Montgomery,players_directory,wnba,,,/get-all-players-for-league/wnba,{},20260602T225839Z,2026-06-02T22:58:40+00:00,7b9b88211c11d2443f09d9733a0123ad4a50b023cdfb9a69355987e0a59dce27,"[""players""]",202652,Alex Montgomery,players_directory,2026-06-02T22:58:43+00:00,20260602T225839Z,72121fd3b87a05c908f90b423eb440290c82c54c8529763efab1aeeac98c005e
202653,Kayla Pedersen,players_directory,wnba,,,/get-all-players-for-league/wnba,{},20260602T225839Z,2026-06-02T22:58:40+00:00,365720805314fb9555b348da1c51ff47472be86e1d4d08060548da1d885ec320,"[""players""]",202653,Kayla Pedersen,players_directory,2026-06-02T22:58:43+00:00,20260602T225839Z,f15252db854c7815be441af82207977b3588bcce04f0a6fd9cfcd7d81b606ae7
202654,Porsha Phillips,players_directory,wnba,,,/get-all-players-for-league/wnba,{},20260602T225839Z,2026-06-02T22:58:40+00:00,cd2e8f8413d7d0a5afff2ea4aa4b6725cabc25d731d99a4339d6c061bca04a0d,"[""players""]",202654,Porsha Phillips,players_directory,2026-06-02T22:58:43+00:00,20260602T225839Z,6dbb6d8b8d8830ed441fb85d71cf73f47a493fbab2a2958269abf3df6bd43f0a
202655,Ta'Shia Phillips,players_directory,wnba,,,/get-all-players-for-league/wnba,{},20260602T225839Z,2026-06-02T22:58:40+00:00,4e57443ed4a9edc1ae57d457a68c0dd7a187d8c864f8bf06747824990d2ea9f1,"[""players""]",202655,Ta'Shia Phillips,players_directory,2026-06-02T22:58:43+00:00,20260602T225839Z,2c81cc90178c3d0ee7200e7a9e71be6196c308e513bd2fd14090e1b3b43bd935
202656,Jeanette Pohlen-Mavunga,players_directory,wnba,,,/get-all-players-for-league/wnba,{},20260602T225839Z,2026-06-02T22:58:40+00:00,2118a30707a0999660e119803f1ec0fdf806605b28258c4841de4583a7c3565b,"[""players""]",202656,Jeanette Pohlen-Mavunga,players_directory,2026-06-02T22:58:43+00:00,20260602T225839Z,f13f71030660fd5da1a21c281496f052207f739f08c33ff79b642d7284971198
202657,Angel Robinson,players_directory,wnba,,,/get-all-players-for-league/wnba,{},20260602T225839Z,2026-06-02T22:58:40+00:00,a34713c4bf5a18388af6f732ec51a4653427456229582d5518c6560ac543bb54,"[""players""]",202657,Angel Robinson,players_directory,2026-06-02T22:58:43+00:00,20260602T225839Z,1220f550701535c03becc7c5ec13deead5f0d317d91be388f3f640206c01e433
202658,Danielle Robinson,players_directory,wnba,,,/get-all-players-for-league/wnba,{},20260602T225839Z,2026-06-02T22:58:40+00:00,df47afb5d3ac716c6e28021f53852f5e510b101aa504a4254b160bfc75d4d9ee,"[""players""]",202658,Danielle Robinson,players_directory,2026-06-02T22:58:43+00:00,20260602T225839Z,f079d20a4d361cc68e36a81e74db47de55c2111ba0c01483affa3f9e88e5e004
202662,Jasmine Thomas,players_directory,wnba,,,/get-all-players-for-league/wnba,{},20260602T225839Z,2026-06-02T22:58:40+00:00,bff141b46f30b3973d415f5b7309756f488114bae3d92914b8f38de501613e1f,"[""players""]",202662,Jasmine Thomas,players_directory,2026-06-02T22:58:43+00:00,20260602T225839Z,1989f7889481fb018fb163343bc598d4da33c85b61f051b8db752204cea113f2
202663,Krystal Thomas,players_directory,wnba,,,/get-all-players-for-league/wnba,{},20260602T225839Z,2026-06-02T22:58:40+00:00,5f8b16678facd478cacaea07d4e9db63a87730375e716734691e31396e8f2b1d,"[""players""]",202663,Krystal Thomas,players_directory,2026-06-02T22:58:43+00:00,20260602T225839Z,b812443ce3f59b734c1382746186bec973441d96a977ce6ffb04930e6e648712
202664,Courtney Vandersloot,players_directory,wnba,,,/get-all-players-for-league/wnba,{},20260602T225839Z,2026-06-02T22:58:40+00:00,648d88b2d2f05af5cffe0ffe7130d0c057dea0c35533cb383e02e809e98fdfcd,"[""players""]",202664,Courtney Vandersloot,players_directory,2026-06-02T22:58:43+00:00,20260602T225839Z,5b4543b6fc57f3d8ccd8b0aa7a1237da415a196893e87f8e2e60897f88354342
202665,Chastity Reed,players_directory,wnba,,,/get-all-players-for-league/wnba,{},20260602T225839Z,2026-06-02T22:58:40+00:00,e78469844d5b4c4a89533f6db0e5c89eea93a08dd9a33a4f6226d08a3b6f9abf,"[""players""]",202665,Chastity Reed,players_directory,2026-06-02T22:58:43+00:00,20260602T225839Z,393031f11b0c5c48b49cdb4a90bcd433dcd71bf3519e0ccb56de6095f805865a
202670,Carolyn Swords,players_directory,wnba,,,/get-all-players-for-league/wnba,{},20260602T225839Z,2026-06-02T22:58:40+00:00,7b2998502ae27ba79db5e99cf458da636ec9e17f3425de29708f65f3d29ee726,"[""players""]",202670,Carolyn Swords,players_directory,2026-06-02T22:58:43+00:00,20260602T225839Z,cd56d63abe1e6b8326fd297eed5a4f959283bd4ddc5040bacaf5bc2818046430
202680,Darxia Morris,players_directory,wnba,,,/get-all-players-for-league/wnba,{},20260602T225839Z,2026-06-02T22:58:40+00:00,c3d7eba20438d83b6dc688d34866fad73cb936905258472af11d26b877fa2637,"[""players""]",202680,Darxia Morris,players_directory,2026-06-02T22:58:43+00:00,20260602T225839Z,7e00b3d3fbce56ee5e421909ebf666488854f8bfd22ae0132ac83cf34147a4b3
202999,Dawn Evans,players_directory,wnba,,,/get-all-players-for-league/wnba,{},20260602T225839Z,2026-06-02T22:58:40+00:00,30526e0029a5646bf22e44f5217a98b757feb9a5c2159ca386036b496efe1890,"[""players""]",202999,Dawn Evans,players_directory,2026-06-02T22:58:43+00:00,20260602T225839Z,9350a1e46a83487d677430c9beac5a907f259ceeef516f44a120cf2908a6c255
203001,Ziomara Morrison,players_directory,wnba,,,/get-all-players-for-league/wnba,{},20260602T225839Z,2026-06-02T22:58:40+00:00,51b42cfcbecfb6bf70f9d86f62beff0dcc33efe859cfabe0815424584503f1d0,"[""players""]",203001,Ziomara Morrison,players_directory,2026-06-02T22:58:43+00:00,20260602T225839Z,ee0776fe33b92a435001bfe4d49ec22adc070c9883af8b6ab155db7fa524bbcd
203013,Dymond Simon,players_directory,wnba,,,/get-all-players-for-league/wnba,{},20260602T225839Z,2026-06-02T22:58:40+00:00,4093d8eedda4070883d5fea2d5715297c19dcc3b6f8cbb134786753fcb5fa269,"[""players""]",203013,Dymond Simon,players_directory,2026-06-02T22:58:43+00:00,20260602T225839Z,8efa446e09d9a881bfa198fdf710d620b03a7ca9aa10e73fb4365e3b26064b00
203014,Nneka Ogwumike,players_directory,wnba,,,/get-all-players-for-league/wnba,{},20260602T225839Z,2026-06-02T22:58:40+00:00,26bab954c93e4bf4aa6651ac2765500ff7bed81e7d11bdf6198af281578d3ad5,"[""players""]",203014,Nneka Ogwumike,players_directory,2026-06-02T22:58:43+00:00,20260602T225839Z,daafe63399a6127c47686af13040abdc93d673abdf35208029201d072c5e410b
203015,Shekinna Stricklen,players_directory,wnba,,,/get-all-players-for-league/wnba,{},20260602T225839Z,2026-06-02T22:58:40+00:00,d60d203399018398390294cc6b21faaa5ff7ec60f0e61eab6971ca7a5b71a848,"[""players""]",203015,Shekinna Stricklen,players_directory,2026-06-02T22:58:43+00:00,20260602T225839Z,37224ac90a14bcd5edf0970d01ee37a9ba594862e03cda6f6ef582b7ca07e1f2
203016,Devereaux Peters,players_directory,wnba,,,/get-all-players-for-league/wnba,{},20260602T225839Z,2026-06-02T22:58:40+00:00,e810e963eb3f4ffceb698574b4152d33658f73954a2471f2dae5bab6c82f96d3,"[""players""]",203016,Devereaux Peters,players_directory,2026-06-02T22:58:43+00:00,20260602T225839Z,5d30f1745843ede56ab3baa1120cfe484a36576c4b70c3571ba944e7a83a19a8
203017,Glory Johnson,players_directory,wnba,,,/get-all-players-for-league/wnba,{},20260602T225839Z,2026-06-02T22:58:40+00:00,caa646ed817cb52c2aa5cbdd2473a26d7aa503d96c5115d87bdd655b01c68792,"[""players""]",203017,Glory Johnson,players_directory,2026-06-02T22:58:43+00:00,20260602T225839Z,f18bc2642221e6556f40b63f80f7d3ae59955e0acadb9df873d25148fd0496f4
203018,Shenise Johnson,players_directory,wnba,,,/get-all-players-for-league/wnba,{},20260602T225839Z,2026-06-02T22:58:40+00:00,26162d7abe4c01b70b935a64897ca1db6f4457f3f18eb30efde125251339fc95,"[""players""]",203018,Shenise Johnson,players_directory,2026-06-02T22:58:43+00:00,20260602T225839Z,34bc86da8b6767b6cb5fc165c78e73c09e1815f3425a3e222f7327984d2d9ff1
203019,Samantha Prahalis,players_directory,wnba,,,/get-all-players-for-league/wnba,{},20260602T225839Z,2026-06-02T22:58:40+00:00,765e333188dc2e5c398590cbd662a20315fab179611bdf1b0688a7dd12a6934e,"[""players""]",203019,Samantha Prahalis,players_directory,2026-06-02T22:58:43+00:00,20260602T225839Z,9dc47692b1fd4d924602b218e5aca96aaf22101858cb900e75448a58d0815d23
203020,Kelley Cain,players_directory,wnba,,,/get-all-players-for-league/wnba,{},20260602T225839Z,2026-06-02T22:58:40+00:00,62cac4835b38ed98ba6e592288f7a127526921763258ec2a714f197d4b23e3d0,"[""players""]",203020,Kelley Cain,players_directory,2026-06-02T22:58:43+00:00,20260602T225839Z,4dd2a99cd1272abaeff53eaf28b2c9f1bf1e1f0de950d4e9ad5b2482d568d4e2
203021,Natalie Novosel,players_directory,wnba,,,/get-all-players-for-league/wnba,{},20260602T225839Z,2026-06-02T22:58:40+00:00,e01fb96a95c58152afc240ca9fcfadaf4564df54b9db4df000eaf9462781c7cb,"[""players""]",203021,Natalie Novosel,players_directory,2026-06-02T22:58:43+00:00,20260602T225839Z,fde653a4eb28acba0e73fe81f0af7b3fc3d5c6c49de8bf4981a3b3b3c3d9bf59
203024,Damiris Dantas,players_directory,wnba,,,/get-all-players-for-league/wnba,{},20260602T225839Z,2026-06-02T22:58:40+00:00,2e6267ed81bf485927b038c0d5ef44e896b810831378eeb365649f3559fcf2a6,"[""players""]",203024,Damiris Dantas,players_directory,2026-06-02T22:58:43+00:00,20260602T225839Z,ebec7a0c16bbe3b8f42cfb3767ce4ac6c17179382d2e7cb8760fd6cc6e8c0436
203025,Farhiya Abdi,players_directory,wnba,,,/get-all-players-for-league/wnba,{},20260602T225839Z,2026-06-02T22:58:40+00:00,78623fa4536ef19085608f3d4b2bcf98bd5f8d99132adc94985f1e84dd431770,"[""players""]",203025,Farhiya Abdi,players_directory,2026-06-02T22:58:43+00:00,20260602T225839Z,24e8ffe2705fe90d5b816f967a7d3330c504e813d220d6366bc9b2ff7ef6fdc3
203026,Tiffany Hayes,players_directory,wnba,,,/get-all-players-for-league/wnba,{},20260602T225839Z,2026-06-02T22:58:40+00:00,75de50c334ff9fdd432ccd02675b06731956a3259d2aeedb663b106bc4407336,"[""players""]",203026,Tiffany Hayes,players_directory,2026-06-02T22:58:43+00:00,20260602T225839Z,eae26d1eb029023309195415dde85d8648f82dca1345f3fd26ca157998d175f9
203029,Riquna Williams,players_directory,wnba,,,/get-all-players-for-league/wnba,{},20260602T225839Z,2026-06-02T22:58:40+00:00,9d3ac8c04c3be9c05a3d34608dd83a6c83036c7e5f2920262acb164da1cb8019,"[""players""]",203029,Riquna Williams,players_directory,2026-06-02T22:58:43+00:00,20260602T225839Z,aeee3984f6b5921e2a0f56fac45fa19d59ea2453302829c74c16ca42d88b11d3
203030,Julie Wojta,players_directory,wnba,,,/get-all-players-for-league/wnba,{},20260602T225839Z,2026-06-02T22:58:40+00:00,af102583b1b96c728de33febb8da8d4b328ac3d112cd1220a55db4c856b9d8ea,"[""players""]",203030,Julie Wojta,players_directory,2026-06-02T22:58:43+00:00,20260602T225839Z,e6f410f067ecb92e09055a84228cc7fd6e9ac690d35199ce3dff83ef24ac8526
203033,Chay Shegog,players_directory,wnba,,,/get-all-players-for-league/wnba,{},20260602T225839Z,2026-06-02T22:58:40+00:00,563f55e42df8aa4478e658d343ff2691bd4764db4014889c11a3f33a50a276b0,"[""players""]",203033,Chay Shegog,players_directory,2026-06-02T22:58:43+00:00,20260602T225839Z,3708b33da7032ae7906b5ce7d1afa792311cbebd3f3c27d8e0f84a6203aa2a3e
203034,Keisha Hampton,players_directory,wnba,,,/get-all-players-for-league/wnba,{},20260602T225839Z,2026-06-02T22:58:40+00:00,17e7aed0cf68e44aace32d2f78c5dbf093ee8d8c7fae121b5f5cc08fd279eed4,"[""players""]",203034,Keisha Hampton,players_directory,2026-06-02T22:58:43+00:00,20260602T225839Z,2fd182a76c0397efef284c45874b4042b0a223a4689d103bdc74b09b41cd5a76
203035,Shey Peddy,players_directory,wnba,,,/get-all-players-for-league/wnba,{},20260602T225839Z,2026-06-02T22:58:40+00:00,5500a6eab5a8cab8631675975838df6a5b5a1584efca15c7f64f6ba8da299d5a,"[""players""]",203035,Shey Peddy,players_directory,2026-06-02T22:58:43+00:00,20260602T225839Z,22bc3483a191c0dc86248f68c69a0dd44fb699b4a2b5d4f8de428ab847daada6
203037,Vicki Baugh,players_directory,wnba,,,/get-all-players-for-league/wnba,{},20260602T225839Z,2026-06-02T22:58:40+00:00,83b76a3f4a6b760a853a7f7c2ffdb945f34a5106c8c37e0d66dc1c0389dbccca,"[""players""]",203037,Vicki Baugh,players_directory,2026-06-02T22:58:43+00:00,20260602T225839Z,b669fc1eec94f51359b3d765a0f228898c9c15a4472a304bcaa2e4dcd668b948
203039,Sydney Carter,players_directory,wnba,,,/get-all-players-for-league/wnba,{},20260602T225839Z,2026-06-02T22:58:40+00:00,663c05f44bb71c18c42608798d99cd0f3f10b6a856baf16bf493822832d2df87,"[""players""]",203039,Sydney Carter,players_directory,2026-06-02T22:58:43+00:00,20260602T225839Z,a21e9fa72bcc4d8dc381df8787ba7da5e072cf9179f759649c095098a1f559b4
203040,April Sykes,players_directory,wnba,,,/get-all-players-for-league/wnba,{},20260602T225839Z,2026-06-02T22:58:40+00:00,49bf485de91b97354b4c651601358aae11740463d8cb1d238789dd61417a2fae,"[""players""]",203040,April Sykes,players_directory,2026-06-02T22:58:43+00:00,20260602T225839Z,1338a1b0108770f221482318c1ee7bd1b80fd333ab16df14d535e38c4861c388
203041,Lynetta Kizer,players_directory,wnba,,,/get-all-players-for-league/wnba,{},20260602T225839Z,2026-06-02T22:58:40+00:00,a3bfe59d06c5416461c8ac9b1efe4eb9245f185f171956767a5174d84332ae74,"[""players""]",203041,Lynetta Kizer,players_directory,2026-06-02T22:58:43+00:00,20260602T225839Z,f6ee362bb56ad0d69b00e8a9725c15b76ba0f16af48187846a0afc41abb4cee8
203043,Jacki Gemelos,players_directory,wnba,,,/get-all-players-for-league/wnba,{},20260602T225839Z,2026-06-02T22:58:40+00:00,149c3caa7013f7c181b6f3401c5c50734055bbfa2c815a202b997e13a090250b,"[""players""]",203043,Jacki Gemelos,players_directory,2026-06-02T22:58:43+00:00,20260602T225839Z,e2b4120bc61886ca1c4df44651bb239293756cdd266c714fe44f29d8bd5addf4
203046,Briana Butler,players_directory,wnba,,,/get-all-players-for-league/wnba,{},20260602T225839Z,2026-06-02T22:58:40+00:00,c09ffaed40604e9e0bafe52c05da42ec43e67b9736c19b12fc92af4c74d6a3c9,"[""players""]",203046,Briana Butler,players_directory,2026-06-02T22:58:43+00:00,20260602T225839Z,91c8fdf66417bb20a5a59e857052dbac156bf7655d9a3ef9f381a753806dda66
203047,Katelan Redmon,players_directory,wnba,,,/get-all-players-for-league/wnba,{},20260602T225839Z,2026-06-02T22:58:40+00:00,dd703af9564eb37dcd97bdf061b421ae2d7eec12470a33fffe9375fc232d9aee,"[""players""]",203047,Katelan Redmon,players_directory,2026-06-02T22:58:43+00:00,20260602T225839Z,806979f0e56022fc19a56ff637abcb01014560b36a433a35aec2a5d63ac63a08
203067,Sasha Goodlett,players_directory,wnba,,,/get-all-players-for-league/wnba,{},20260602T225839Z,2026-06-02T22:58:40+00:00,cea0c3083ec107423e39a8335065a68907ca23c5eeb8120a75fbc766456d81d0,"[""players""]",203067,Sasha Goodlett,players_directory,2026-06-02T22:58:43+00:00,20260602T225839Z,04f199f1e4ef7a70d7152a0509bfb54dd0dbda5c0e4a6f29aff11f4074188fbb
203069,Avery Warley-Talbert,players_directory,wnba,,,/get-all-players-for-league/wnba,{},20260602T225839Z,2026-06-02T22:58:40+00:00,45c4a30dce67ba2c71773bc32fe2becf52420c7978ebd887011f087c703d4d81,"[""players""]",203069,Avery Warley-Talbert,players_directory,2026-06-02T22:58:43+00:00,20260602T225839Z,e939f6d3e87001dada0c8afbacadc1fa187cabe6b14e74c6592d52947451f310
203070,Cierra Bravard,players_directory,wnba,,,/get-all-players-for-league/wnba,{},20260602T225839Z,2026-06-02T22:58:40+00:00,11ab1acc756a1acfcc8d8b0860f7eb45eeea8d025339e5307832bf4467137767,"[""players""]",203070,Cierra Bravard,players_directory,2026-06-02T22:58:43+00:00,20260602T225839Z,1b4dfde11013c7c9d05a32e37143b120626cd9ca45105e1fde758b1198c9a6b1
203389,Yvonne Turner,players_directory,wnba,,,/get-all-players-for-league/wnba,{},20260602T225839Z,2026-06-02T22:58:40+00:00,07558a6d829b95a4e3458a6aea27d8d1578100fa33f1ced52d6ebac1db1a6165,"[""players""]",203389,Yvonne Turner,players_directory,2026-06-02T22:58:43+00:00,20260602T225839Z,c88d1456df9317a3be5a68726eee5a141945c17fe9d2b228b6ce3a60be3f9e87
203398,Brittney Griner,players_directory,wnba,,,/get-all-players-for-league/wnba,{},20260602T225839Z,2026-06-02T22:58:40+00:00,41dcb8f7ab962fc0cdc35e744cb7e4c5652e2e10ce0d8b398f4b81c58f056b58,"[""players""]",203398,Brittney Griner,players_directory,2026-06-02T22:58:43+00:00,20260602T225839Z,f7dd04910ed8349ada62be6a504fecd06c6aa959f70d35d7811ba4e3c97e2798
203399,Elena Delle Donne,players_directory,wnba,,,/get-all-players-for-league/wnba,{},20260602T225839Z,2026-06-02T22:58:40+00:00,88b0cbcf819bd244987d2e6acfbfffd64cb74725c62b83511b13a53aad958f4a,"[""players""]",203399,Elena Delle Donne,players_directory,2026-06-02T22:58:43+00:00,20260602T225839Z,cc268c074e6d033350e857ccf98a94866c527b10f2ae391bb89631b139858085
203400,Skylar Diggins-Smith,players_directory,wnba,,,/get-all-players-for-league/wnba,{},20260602T225839Z,2026-06-02T22:58:40+00:00,36aa6c8a34c61f1d196c0e17f86034dcfde2d17099900470fb4ba6c0f455a0aa,"[""players""]",203400,Skylar Diggins-Smith,players_directory,2026-06-02T22:58:43+00:00,20260602T225839Z,c63e42762b0cea79254ee1a739f0a922214cd5bb8c5b2f1ca50282b51eae9abb
203401,Tayler Hill,players_directory,wnba,,,/get-all-players-for-league/wnba,{},20260602T225839Z,2026-06-02T22:58:40+00:00,d255f075d7679cdb122f3933172929924712035ac9141fa1bd17b8be29126f88,"[""players""]",203401,Tayler Hill,players_directory,2026-06-02T22:58:43+00:00,20260602T225839Z,a9213734801bfe479598fc4433adc66f63a7ac6cb730a098541dd58ed9bd2861
203402,Kelsey Bone,players_directory,wnba,,,/get-all-players-for-league/wnba,{},20260602T225839Z,2026-06-02T22:58:40+00:00,e6dc871f4794f01ed31b8dbdd71fc5fb70218d8cee0dc0fbdd81d59e4ffa7ac7,"[""players""]",203402,Kelsey Bone,players_directory,2026-06-02T22:58:43+00:00,20260602T225839Z,f85ae9d4b5dab14b939ae6b1ce7a371c937581d0d0a35c1240f92bc126acd534
203403,Tianna Hawkins,players_directory,wnba,,,/get-all-players-for-league/wnba,{},20260602T225839Z,2026-06-02T22:58:40+00:00,1275f5c3eedab3c610edfac6a06a251bb9de50a348ceba2749072bf13b4f18da,"[""players""]",203403,Tianna Hawkins,players_directory,2026-06-02T22:58:43+00:00,20260602T225839Z,3466ec8d3911e7e6d35e571c7a2bccb7d84e6060e44c3760a26c812e95f8766f
203404,Toni Young,players_directory,wnba,,,/get-all-players-for-league/wnba,{},20260602T225839Z,2026-06-02T22:58:40+00:00,9f6048190e262a2beaeb1263614483d932792eaeec2bd1f387d5252f9d359be6,"[""players""]",203404,Toni Young,players_directory,2026-06-02T22:58:43+00:00,20260602T225839Z,08bfd4698a7e93cd14112f0be897d0829df8a4db51d3b831687b422d247eeec2
203405,Kayla Alexander,players_directory,wnba,,,/get-all-players-for-league/wnba,{},20260602T225839Z,2026-06-02T22:58:40+00:00,6a52166a4b7cfe99429500ede646793c66f3d5582a54219287aec1c90fcfeaff,"[""players""]",203405,Kayla Alexander,players_directory,2026-06-02T22:58:43+00:00,20260602T225839Z,c56c5981b45bda5403aeb8ce03ec362f8499f556c7b6c6a011054d5f54bf3cd2
203406,Layshia Clarendon,players_directory,wnba,,,/get-all-players-for-league/wnba,{},20260602T225839Z,2026-06-02T22:58:40+00:00,c6ef7e30e13bd0b4a7103a1a5f5c4835cd59c21cbeb865e732e0a2b7ec4d552d,"[""players""]",203406,Layshia Clarendon,players_directory,2026-06-02T22:58:43+00:00,20260602T225839Z,29ebb967895d1812d3ed4a293e4e729556eb16b68d238fbcd7dfa22f935caaa5
203407,A'dia Mathies,players_directory,wnba,,,/get-all-players-for-league/wnba,{},20260602T225839Z,2026-06-02T22:58:40+00:00,055810f9c4d3a1247fb7e503071290c8771998829de7d201d4bb1a88e2a49749,"[""players""]",203407,A'dia Mathies,players_directory,2026-06-02T22:58:43+00:00,20260602T225839Z,e87af5fed67bbddc0bb03e1b9aaada23fd072cc39dc1d15ec58d4ee3d3957fa8
203408,Kelly Faris,players_directory,wnba,,,/get-all-players-for-league/wnba,{},20260602T225839Z,2026-06-02T22:58:40+00:00,7524de59be27ed2941ad2fefffb26d0df06872961f1a262b15e9bdc5818cf87e,"[""players""]",203408,Kelly Faris,players_directory,2026-06-02T22:58:43+00:00,20260602T225839Z,ebb5303c653ca5f2a592fc4db971eaaf98b9460c778b1e1db358e83c946710a6
203409,Lindsey Moore,players_directory,wnba,,,/get-all-players-for-league/wnba,{},20260602T225839Z,2026-06-02T22:58:40+00:00,f2824e1f4c51778f1970361b8190dd7e0cacf242b190ede1a1be818936ed2988,"[""players""]",203409,Lindsey Moore,players_directory,2026-06-02T22:58:43+00:00,20260602T225839Z,637d07611abd22106e49794adbf78c38c0379d44f24172b93648d28d6fe0ad41
203410,Alex Bentley,players_directory,wnba,,,/get-all-players-for-league/wnba,{},20260602T225839Z,2026-06-02T22:58:40+00:00,ccaac1534adceaa93f8d91138e05746d58ef8f7cd7e3b5fdcc06c5173fddcce0,"[""players""]",203410,Alex Bentley,players_directory,2026-06-02T22:58:43+00:00,20260602T225839Z,ac862842563bfb461fbbe407cc3b5a88e1fb7d54486da51c1004fec7f858cd38
203411,Sugar Rodgers,players_directory,wnba,,,/get-all-players-for-league/wnba,{},20260602T225839Z,2026-06-02T22:58:40+00:00,e500c64cdd18dc8e72bee57a234e5e286938c7f4aacb89b980adbe880d099403,"[""players""]",203411,Sugar Rodgers,players_directory,2026-06-02T22:58:43+00:00,20260602T225839Z,f637be5093b1e1e34225876d1a1d41934e7e5b74081abb900eb413a902106634
203412,Kamiko Williams,players_directory,wnba,,,/get-all-players-for-league/wnba,{},20260602T225839Z,2026-06-02T22:58:40+00:00,abb4e7e5e7b046ea36d76c271e12e252b265b6304c8fa38313e6034f7887d79b,"[""players""]",203412,Kamiko Williams,players_directory,2026-06-02T22:58:43+00:00,20260602T225839Z,0354a327a1dafaefdfbfcf914106432d77190391a8c3ef503aebac34586fbbb0
203413,Davellyn Whyte,players_directory,wnba,,,/get-all-players-for-league/wnba,{},20260602T225839Z,2026-06-02T22:58:40+00:00,8c1e45d518e0f22bab6241bee3923517df5c98da5142959a62f49ca3b39ffa00,"[""players""]",203413,Davellyn Whyte,players_directory,2026-06-02T22:58:43+00:00,20260602T225839Z,1fcbedf08f52347bf4444024d7b2d67f9909023a4a45689467a11bad70ee7543
203414,Nadirah McKenith,players_directory,wnba,,,/get-all-players-for-league/wnba,{},20260602T225839Z,2026-06-02T22:58:40+00:00,7a9a1b741a1dcabc2c677e4813e88b62298edfc8d9ccfe8460594b8d7ae0cbd3,"[""players""]",203414,Nadirah McKenith,players_directory,2026-06-02T22:58:43+00:00,20260602T225839Z,8f9e1ba74cbc193a08bf246bcde625eef1c54712b74eab7e7a3e7790aeae22ee
203415,Chelsea Poppens,players_directory,wnba,,,/get-all-players-for-league/wnba,{},20260602T225839Z,2026-06-02T22:58:40+00:00,9637740c3210c8d1314215fd5ae8adb4e909fc4d32d44260a6777c7d7ab40234,"[""players""]",203415,Chelsea Poppens,players_directory,2026-06-02T22:58:43+00:00,20260602T225839Z,668de235bcd6a9f6afcb14c53620ba53bad33952bcf7d2d0a933a4dac3284194
203416,Emma Meesseman,players_directory,wnba,,,/get-all-players-for-league/wnba,{},20260602T225839Z,2026-06-02T22:58:40+00:00,4c75bc12e59bfc7e6abd23af6a30a21e18b43360b75d6ff41c15523888e1569b,"[""players""]",203416,Emma Meesseman,players_directory,2026-06-02T22:58:43+00:00,20260602T225839Z,fccca86595d6b7d3d3585f284840c4d0299f844ff5e0432a19c9cfa3e7cc6e1a
203418,Jasmine Hassell,players_directory,wnba,,,/get-all-players-for-league/wnba,{},20260602T225839Z,2026-06-02T22:58:40+00:00,c319e9d4e1f2de9d1dbbdd6fcedda11de6d0c1f1bd4b76b3535645abbf547602,"[""players""]",203418,Jasmine Hassell,players_directory,2026-06-02T22:58:43+00:00,20260602T225839Z,4aebb6b65f9abe9f19340ddd0d8504144eeb58167b6f33b62c929b717189220f
203421,Chucky Jeffery,players_directory,wnba,,,/get-all-players-for-league/wnba,{},20260602T225839Z,2026-06-02T22:58:40+00:00,39f79a1afd8d5f201d11f0fd1383912bb18f9f3d0bbdee53a9b9a687981edb4e,"[""players""]",203421,Chucky Jeffery,players_directory,2026-06-02T22:58:43+00:00,20260602T225839Z,e94a5b5639d3148c67700164bda2cef6e6d99eeb00d42f2d86b8c7086dbbe5f1
203423,Nikki Greene,players_directory,wnba,,,/get-all-players-for-league/wnba,{},20260602T225839Z,2026-06-02T22:58:40+00:00,ccfe6729c1c98e6ce2aa12b1e814383be611c35e84a699537422b5ecc2f86f0f,"[""players""]",203423,Nikki Greene,players_directory,2026-06-02T22:58:43+00:00,20260602T225839Z,405051ffe5e72869955a0dc70e335582345e48f67eeb7f39c2edee7b95c89879
203426,Angel Goodrich,players_directory,wnba,,,/get-all-players-for-league/wnba,{},20260602T225839Z,2026-06-02T22:58:40+00:00,4048f5f8c9c5dedd9501ce9206f6ef22d9b7cb5c56e41b6349dd8ef25b75c9ec,"[""players""]",203426,Angel Goodrich,players_directory,2026-06-02T22:58:43+00:00,20260602T225839Z,e6a2776cc38e74fb04223bb85ba978b1d6a3705f69cd079b485cc3de37f0d000
203427,Jasmine James,players_directory,wnba,,,/get-all-players-for-league/wnba,{},20260602T225839Z,2026-06-02T22:58:40+00:00,295814cb5e6036241ecc97391dd26673a005f3b442e39ac7af01589e3171f4a4,"[""players""]",203427,Jasmine James,players_directory,2026-06-02T22:58:43+00:00,20260602T225839Z,959bf058aedfa80c2c313a06e899224d812fec89d15b64e05d39b9d43227f439
203428,Anne Marie Armstrong,players_directory,wnba,,,/get-all-players-for-league/wnba,{},20260602T225839Z,2026-06-02T22:58:40+00:00,55a098b62851a7231da8c383a98dbee770d2aa24e8789b34ac70e241fa7e9fee,"[""players""]",203428,Anne Marie Armstrong,players_directory,2026-06-02T22:58:43+00:00,20260602T225839Z,62340614cfc492a8868fef0a3b18c0b4499f92dc79006fdb5bf0b92dc5eb08d5
203432,Waltiea Rolle,players_directory,wnba,,,/get-all-players-for-league/wnba,{},20260602T225839Z,2026-06-02T22:58:40+00:00,d8ba00d15a8f275ce329e861aa5788600764d435d990386e20b1b9a8c8f0783c,"[""players""]",203432,Waltiea Rolle,players_directory,2026-06-02T22:58:43+00:00,20260602T225839Z,67e72fe37f2ade61b955d0ca8005d86ef18d62d509debb359561fbd4ab21567e
203437,Tierra Ruffin-Pratt,players_directory,wnba,,,/get-all-players-for-league/wnba,{},20260602T225839Z,2026-06-02T22:58:40+00:00,bac469eae218e1e22000950818226f89eb791d9dda1d5bc2b120fca4aaeec449,"[""players""]",203437,Tierra Ruffin-Pratt,players_directory,2026-06-02T22:58:43+00:00,20260602T225839Z,9fa444629ed363b24253f53dafdd8275d8ce747935024c4c1ba4e8a46d109367
203451,Courtney Clements,players_directory,wnba,,,/get-all-players-for-league/wnba,{},20260602T225839Z,2026-06-02T22:58:40+00:00,c7a8103e0072d49b0fff13d3234b5ea0c3c45af3cc2d69d763ffc08f671492a9,"[""players""]",203451,Courtney Clements,players_directory,2026-06-02T22:58:43+00:00,20260602T225839Z,6868ed5825b67158b63b096cb8f8270f97aa990ba9e92820659e4ef10d1e2e0a
203555,Joslyn Tinkle,players_directory,wnba,,,/get-all-players-for-league/wnba,{},20260602T225839Z,2026-06-02T22:58:40+00:00,a8f7dc1bc65d5031c8c8063e235b70967b4514876bbd65ef05fcc94f5d5ef2a7,"[""players""]",203555,Joslyn Tinkle,players_directory,2026-06-02T22:58:43+00:00,20260602T225839Z,0b86d7f1fa3e6e7e0d0f15fdd123c54ecf106edb9351918126423160f3ab258b
203563,Chelsea Hopkins,players_directory,wnba,,,/get-all-players-for-league/wnba,{},20260602T225839Z,2026-06-02T22:58:40+00:00,914305c8addaf86a0d717db4b91c1f2c4f1bfefcde51d8b537ab6ac50025b364,"[""players""]",203563,Chelsea Hopkins,players_directory,2026-06-02T22:58:43+00:00,20260602T225839Z,8f4c20ed07acd71f32dafd50bb402032ef78385ef1ec90fc19d4844ef3c0255b
203813,Anna Cruz,players_directory,wnba,,,/get-all-players-for-league/wnba,{},20260602T225839Z,2026-06-02T22:58:40+00:00,fa68ce5e457c058e53edf6c4d384fb942e207e2bc54558f1effc27913524dbcd,"[""players""]",203813,Anna Cruz,players_directory,2026-06-02T22:58:43+00:00,20260602T225839Z,7f232a58fba752d025d0766b61bb7518f669f81dada7fff460c026f22a77e4ea
203814,Nadia Colhado,players_directory,wnba,,,/get-all-players-for-league/wnba,{},20260602T225839Z,2026-06-02T22:58:40+00:00,53a14f0d5fbc7884716b35f3b4300dd2d618ce8a2ba20928be16a67a54b42781,"[""players""]",203814,Nadia Colhado,players_directory,2026-06-02T22:58:43+00:00,20260602T225839Z,52d84ef3f684883deaddf06e0273f0c4e4909e0b8e4ff3c797175102d04ce682
203820,Celine Dumerc,players_directory,wnba,,,/get-all-players-for-league/wnba,{},20260602T225839Z,2026-06-02T22:58:40+00:00,3fba456009903d83760591a26c64897e36ade4d82b84274dff4c6d4b166003a0,"[""players""]",203820,Celine Dumerc,players_directory,2026-06-02T22:58:43+00:00,20260602T225839Z,de3d3917f204bbffccdb0af8f58e0efb67baff1208f40eaa0f6a05a05f40055c
203822,Rebekah Gardner,players_directory,wnba,,,/get-all-players-for-league/wnba,{},20260602T225839Z,2026-06-02T22:58:40+00:00,8ec948fdc98bde33e44bfd9f9cca73d1285b8af900ee87d1cf6ce15796ea7025,"[""players""]",203822,Rebekah Gardner,players_directory,2026-06-02T22:58:43+00:00,20260602T225839Z,4b29694e393b9aa7cc6cf40d6cbd702043a789ee6a02684f320d43f45b7cb2fa
203823,Chiney Ogwumike,players_directory,wnba,,,/get-all-players-for-league/wnba,{},20260602T225839Z,2026-06-02T22:58:40+00:00,5e8371132deb49b87421b20c772d58558a6c097def519026716b56370654898b,"[""players""]",203823,Chiney Ogwumike,players_directory,2026-06-02T22:58:43+00:00,20260602T225839Z,d7f274a25cc18b39e556dd63fd32e9d88406fca101a4251ad435597b9e88a1f9
203824,Odyssey Sims,players_directory,wnba,,,/get-all-players-for-league/wnba,{},20260602T225839Z,2026-06-02T22:58:40+00:00,b1642a1d8b9c8321d04ca09176147cb0599f080ea3ca29412e856d1d837c0657,"[""players""]",203824,Odyssey Sims,players_directory,2026-06-02T22:58:43+00:00,20260602T225839Z,ef41037778df9925ed1b925da2f5f3d62309ca614f037b244b18510b2aa7d0e9
203825,Kayla McBride,players_directory,wnba,,,/get-all-players-for-league/wnba,{},20260602T225839Z,2026-06-02T22:58:40+00:00,647240f14c284c57e71c6482c4bdac95883334d8a507611c8830e972b9098346,"[""players""]",203825,Kayla McBride,players_directory,2026-06-02T22:58:43+00:00,20260602T225839Z,ec5c71d16f3e4a3dae20268e1dc452be18b5cda155452469c9b68f500dce1b9f
203826,Alyssa Thomas,players_directory,wnba,,,/get-all-players-for-league/wnba,{},20260602T225839Z,2026-06-02T22:58:40+00:00,cb67d6254aed3e49eba70081b54dd0a0201dbef4f32c42b383213b28b4b15fad,"[""players""]",203826,Alyssa Thomas,players_directory,2026-06-02T22:58:43+00:00,20260602T225839Z,337e83057a20bb37b2835bb7fd59bde877db96e2c1868706371e1919620482f1
203827,Natasha Howard,players_directory,wnba,,,/get-all-players-for-league/wnba,{},20260602T225839Z,2026-06-02T22:58:40+00:00,f883578f48fb7f3b6daed47d3f9123b1f2aec97d4ced0667b7a9ac9bff94a8c7,"[""players""]",203827,Natasha Howard,players_directory,2026-06-02T22:58:43+00:00,20260602T225839Z,1626fb4b2230e23f53cd6fd256271ba57e78b6f3250a17ecaefd964996097b04
203828,Stefanie Dolson,players_directory,wnba,,,/get-all-players-for-league/wnba,{},20260602T225839Z,2026-06-02T22:58:40+00:00,a5ec451dd028056c5c6d5a931bfd2e895727ec4bc42ec5098aace1074e06fe29,"[""players""]",203828,Stefanie Dolson,players_directory,2026-06-02T22:58:43+00:00,20260602T225839Z,abdcb9e7a4ed116a18151a08179f8b076718b04ac6a033a2d132ecc625387d1f
203829,Bria Hartley,players_directory,wnba,,,/get-all-players-for-league/wnba,{},20260602T225839Z,2026-06-02T22:58:40+00:00,699cb8e112673037f1ffe5f15266b64deac1743f1238047ab808ec2cdf0dd80f,"[""players""]",203829,Bria Hartley,players_directory,2026-06-02T22:58:43+00:00,20260602T225839Z,c93c12611dd2e832dcc6716fa3f9838d083caf77a8774adaaff02769cbd46ccc
203830,Shoni Schimmel,players_directory,wnba,,,/get-all-players-for-league/wnba,{},20260602T225839Z,2026-06-02T22:58:40+00:00,50c5436e5d1d0ea0225b756a61053f2d1913c7bd01388d43e0e9663176bf612e,"[""players""]",203830,Shoni Schimmel,players_directory,2026-06-02T22:58:43+00:00,20260602T225839Z,fe90f60ae2914bc20da7c74433ff1af957c3ef85e0ca1f7541bf7341fa5e06b2
203831,Natalie Achonwa,players_directory,wnba,,,/get-all-players-for-league/wnba,{},20260602T225839Z,2026-06-02T22:58:40+00:00,7830563176167e6ab0162881c09680f43a66124dbf170037f9fd1dcf7a5a627c,"[""players""]",203831,Natalie Achonwa,players_directory,2026-06-02T22:58:43+00:00,20260602T225839Z,782fb7ea5fa868b67264636228547e175d59ba9942a1b26465a0cd060ba00b40
203832,Markeisha Gatling,players_directory,wnba,,,/get-all-players-for-league/wnba,{},20260602T225839Z,2026-06-02T22:58:40+00:00,288178163c7d8ebf79ac775b7a662efbd0f9b09a55662f45f4f08c43cac1ccfe,"[""players""]",203832,Markeisha Gatling,players_directory,2026-06-02T22:58:43+00:00,20260602T225839Z,b7bfc80cd5b389c9caaada357263538c3e8fbec08c13342e56d43b1f708ec121
203833,Chelsea Gray,players_directory,wnba,,,/get-all-players-for-league/wnba,{},20260602T225839Z,2026-06-02T22:58:40+00:00,14925cca86c7d5861f5663161b53d6d31efa891754250904bc6e36353d0eb2b5,"[""players""]",203833,Chelsea Gray,players_directory,2026-06-02T22:58:43+00:00,20260602T225839Z,20666444a6e7d9df7d93fdc0a30d8e3adb8cc9248bb20b4d9201c95d3e4b86d0
203834,Tricia Liston,players_directory,wnba,,,/get-all-players-for-league/wnba,{},20260602T225839Z,2026-06-02T22:58:40+00:00,5a44c1e4a87dd3d72b19b1b6171e82af5bf0ae09615d9272f411a1b2406faf56,"[""players""]",203834,Tricia Liston,players_directory,2026-06-02T22:58:43+00:00,20260602T225839Z,005ef57363ef06dfce3bee5b8b7a656faacf8e107c3ffb20d11278d419b982c6
203835,Jordan Hooper,players_directory,wnba,,,/get-all-players-for-league/wnba,{},20260602T225839Z,2026-06-02T22:58:40+00:00,2d1ad54b7e25befdc90d8bb6117b1a373911a96e7a0218322dd0c2c71e6fbb96,"[""players""]",203835,Jordan Hooper,players_directory,2026-06-02T22:58:43+00:00,20260602T225839Z,8d6a55f7a1ac2aa9f606fbcf62a0fbe493dbfb366015cf99fd5c2ec8a2bee1f7
203838,Astou Ndour,players_directory,wnba,,,/get-all-players-for-league/wnba,{},20260602T225839Z,2026-06-02T22:58:40+00:00,badc2e5fe507861695946bdd66adf45d928c2247fdc3f4b08b6b292f939a5b32,"[""players""]",203838,Astou Ndour,players_directory,2026-06-02T22:58:43+00:00,20260602T225839Z,17906d7797a245281cb2b7ccccc021bfe4ce13ff1cc97af7885a69d50f7fecb5
203839,Tiffany Bias,players_directory,wnba,,,/get-all-players-for-league/wnba,{},20260602T225839Z,2026-06-02T22:58:40+00:00,3c9b302f6b2dd411491b3b6f975d4ea28c57ec40f354654f06bee3154d1026d2,"[""players""]",203839,Tiffany Bias,players_directory,2026-06-02T22:58:43+00:00,20260602T225839Z,b3db562ecedc49850cedeeabfc9e1d6a92cba52688e091f1c833a321ccca7c64
203840,Inga Orekhova,players_directory,wnba,,,/get-all-players-for-league/wnba,{},20260602T225839Z,2026-06-02T22:58:40+00:00,9266becf360a047c26ed338f71c7be375d8d18bd74514d25fe69401aa641f4be,"[""players""]",203840,Inga Orekhova,players_directory,2026-06-02T22:58:43+00:00,20260602T225839Z,853fdb4fd98320b5096978d937b18828f7b7fea7d1e75d6d17b58218fcbd873b
203843,Maggie Lucas,players_directory,wnba,,,/get-all-players-for-league/wnba,{},20260602T225839Z,2026-06-02T22:58:40+00:00,69c1bc342d2ddc5a9ab895c32d8178823d50879fe7d9764a3483d6dbebe8dacd,"[""players""]",203843,Maggie Lucas,players_directory,2026-06-02T22:58:43+00:00,20260602T225839Z,63d18b8d12cd307da830706b425286f48f801715a305333906fc457087bffae5
203844,Gennifer Brandon,players_directory,wnba,,,/get-all-players-for-league/wnba,{},20260602T225839Z,2026-06-02T22:58:40+00:00,a8c7dda9a712c90377fe65d10cffb85b8ddc47b6db05ca2e84c7c074a8bef063,"[""players""]",203844,Gennifer Brandon,players_directory,2026-06-02T22:58:43+00:00,20260602T225839Z,8948f32467c313cb034d32691a6a78327c8e65b1014c4d2c363e7e6a2c9afcc2
203845,Jennifer Hamson,players_directory,wnba,,,/get-all-players-for-league/wnba,{},20260602T225839Z,2026-06-02T22:58:40+00:00,dd205b089092d14ff8519501c847a8b67645e8a685c01ba9696cbbe9a80eda4f,"[""players""]",203845,Jennifer Hamson,players_directory,2026-06-02T22:58:43+00:00,20260602T225839Z,c5c1a7e77c38449b81937741320b4957c0f572d4992fc122828d8dc2062cbc54
203848,Meighan Simmons,players_directory,wnba,,,/get-all-players-for-league/wnba,{},20260602T225839Z,2026-06-02T22:58:40+00:00,72f2d78ac5a3a68ac61e1dd6d777919cbfb1a1a3a96aff8feee0c268006dd344,"[""players""]",203848,Meighan Simmons,players_directory,2026-06-02T22:58:43+00:00,20260602T225839Z,cd56d1f35eda8274304ec17a01ad977a00f32111183c6ec34e6c32472fb38072
203849,Theresa Plaisance,players_directory,wnba,,,/get-all-players-for-league/wnba,{},20260602T225839Z,2026-06-02T22:58:40+00:00,9a6ece887294395d75b56e7b46cefa7c3574f24d6588fe4f203afb8933969f90,"[""players""]",203849,Theresa Plaisance,players_directory,2026-06-02T22:58:43+00:00,20260602T225839Z,95e20058402cdc81463f57815ab293eb6c114c8919f73eac58b2a6e7e9fa87c6
203855,Stephanie Talbot,players_directory,wnba,,,/get-all-players-for-league/wnba,{},20260602T225839Z,2026-06-02T22:58:40+00:00,77f112454ed42b2b3947c0c907865304a514d9908a7d1875480f71665c98d0e6,"[""players""]",203855,Stephanie Talbot,players_directory,2026-06-02T22:58:43+00:00,20260602T225839Z,760ddc3765267c768e8563f768611bd2b3f8e30b63efdd11d6722686cb25e827
203857,Jamierra Faulkner,players_directory,wnba,,,/get-all-players-for-league/wnba,{},20260602T225839Z,2026-06-02T22:58:40+00:00,57346da995501f3f614227f6d58aaa922a1f63c08ecadd37d121912d8f8ac034,"[""players""]",203857,Jamierra Faulkner,players_directory,2026-06-02T22:58:43+00:00,20260602T225839Z,a0873a41ebbd1991b6e89db96a8e733c7b879a2dcf46e7455879752f77396c64
203859,Asia Taylor,players_directory,wnba,,,/get-all-players-for-league/wnba,{},20260602T225839Z,2026-06-02T22:58:40+00:00,f6047b0acba6b25e3023a1f025b23990c01a24fc1affbacb2e9189a4997e2aca,"[""players""]",203859,Asia Taylor,players_directory,2026-06-02T22:58:43+00:00,20260602T225839Z,4c4b8280165c32604cb15092b691eb7588183ebc80bb99d38372ebf267125e59
203863,Haley Peters,players_directory,wnba,,,/get-all-players-for-league/wnba,{},20260602T225839Z,2026-06-02T22:58:40+00:00,d0a16749f52d2a8494daa3b583d212498cd71142716a305dc490a33d8161f07a,"[""players""]",203863,Haley Peters,players_directory,2026-06-02T22:58:43+00:00,20260602T225839Z,6889294de9a843c32b31a08bebca6ffad7efb79324a9c269372af88d5f771eca
203866,Kayla Thornton,players_directory,wnba,,,/get-all-players-for-league/wnba,{},20260602T225839Z,2026-06-02T22:58:40+00:00,106235c4f40c39faba3ea24b0a049814486e74661a3afc1e444f5045eab10e78,"[""players""]",203866,Kayla Thornton,players_directory,2026-06-02T22:58:43+00:00,20260602T225839Z,1e77849fdbe45e66eba54044f96effad26a9edaba0092c0cd0067b5443f50612
203870,Jasmine Lister,players_directory,wnba,,,/get-all-players-for-league/wnba,{},20260602T225839Z,2026-06-02T22:58:40+00:00,a002407880a2b4caf5702e24ba252a4a5627e244b7106e40e9c6933440cbadd1,"[""players""]",203870,Jasmine Lister,players_directory,2026-06-02T22:58:43+00:00,20260602T225839Z,216357d79f3ca51173e15ef6bd7ec7f0f8e284970480f8b64aca93eab82f50bb
203874,Heather Butler,players_directory,wnba,,,/get-all-players-for-league/wnba,{},20260602T225839Z,2026-06-02T22:58:40+00:00,9c6f17557e51e5f5d52b5b0b77a6c33c73bcc0e31c05ad2ef65eea5586edc4e4,"[""players""]",203874,Heather Butler,players_directory,2026-06-02T22:58:43+00:00,20260602T225839Z,04b0da2cbd6c6fb53de934df52bffa080daaa7203bfe17c347d02886a3a6c053
203876,Aaryn Ellenberg,players_directory,wnba,,,/get-all-players-for-league/wnba,{},20260602T225839Z,2026-06-02T22:58:40+00:00,f4f36f2aac65287292a6a8e674a046447425f76a0d5266d08853491dd2462ffb,"[""players""]",203876,Aaryn Ellenberg,players_directory,2026-06-02T22:58:43+00:00,20260602T225839Z,71077936b39a6467c45553d419438be9d2ab9f3c11a7ab3ebd3f69391c21da3c
203881,Shanece McKinney,players_directory,wnba,,,/get-all-players-for-league/wnba,{},20260602T225839Z,2026-06-02T22:58:40+00:00,e4afcce4e22733c4dd11850088cb22b93ff5e00a305b12f04a144c126796ac59,"[""players""]",203881,Shanece McKinney,players_directory,2026-06-02T22:58:43+00:00,20260602T225839Z,6a6da837e9893bf588f19b189afa1dab5c5e117fa60442b0239ddc560a594719
203887,Victoria Macaulay,players_directory,wnba,,,/get-all-players-for-league/wnba,{},20260602T225839Z,2026-06-02T22:58:40+00:00,2438d9f2db2a65206cc47736435bb2b32144c3aaffcf67c97fbc0d38f652d2ef,"[""players""]",203887,Victoria Macaulay,players_directory,2026-06-02T22:58:43+00:00,20260602T225839Z,ec2a8f39e7eccab8cec4b79a3a534e9b2e0dc577b6f316f9eca2afc861bfc72b
204296,Rebecca Allen,players_directory,wnba,,,/get-all-players-for-league/wnba,{},20260602T225839Z,2026-06-02T22:58:40+00:00,372c77d6f2e1e2eb3db9ab93ce9cc907420198b92a965d1fb319643417c0b966,"[""players""]",204296,Rebecca Allen,players_directory,2026-06-02T22:58:43+00:00,20260602T225839Z,470ce552892733883c618d899a7560324ee8edcd23cfe98c9e9d75478bee5520
204297,Cayla George,players_directory,wnba,,,/get-all-players-for-league/wnba,{},20260602T225839Z,2026-06-02T22:58:40+00:00,ab95c0a9ab450368c6b7035826a232cc7fee56625e597ac202d64afe334560c2,"[""players""]",204297,Cayla George,players_directory,2026-06-02T22:58:43+00:00,20260602T225839Z,a1dfa819582affc05ecc591defa51f95f0b0b4e79f446c7a3215cf4376219fa3
204298,Tess Madgen,players_directory,wnba,,,/get-all-players-for-league/wnba,{},20260602T225839Z,2026-06-02T22:58:40+00:00,a478412067fe3fd5eea8a05d2794143d9105f7710076774960cc6315df6f2b10,"[""players""]",204298,Tess Madgen,players_directory,2026-06-02T22:58:43+00:00,20260602T225839Z,0367d2a1e4dc1ca071d01cc3dd9ff3edc8ad67472d559a2c5324d7d4b56cd1b9
204299,Marianna Tolo,players_directory,wnba,,,/get-all-players-for-league/wnba,{},20260602T225839Z,2026-06-02T22:58:40+00:00,83d9dab6ec025333ebd6f934d37795f1c077b7eb321b1ff06995aafb00d48e5e,"[""players""]",204299,Marianna Tolo,players_directory,2026-06-02T22:58:43+00:00,20260602T225839Z,41a038f8cf49ab5bd520a9cc8a58c915bdff2160cabf0129f8837923d5da69bf
204300,Marta Xargay,players_directory,wnba,,,/get-all-players-for-league/wnba,{},20260602T225839Z,2026-06-02T22:58:40+00:00,b343b0baf246183904dfb14656d66f68ec839ca2835976c61a900cb47a0bd2fc,"[""players""]",204300,Marta Xargay,players_directory,2026-06-02T22:58:43+00:00,20260602T225839Z,369f3efd77cd1a3ceaec2e79df20f61f1907d0728ca0b1ca4512fdbc96aafa45
204302,Ana Dabovic,players_directory,wnba,,,/get-all-players-for-league/wnba,{},20260602T225839Z,2026-06-02T22:58:40+00:00,f1f8d6fa709ac474a9bb5087bca922700a168878ac31918aff4fe2c3e88daff4,"[""players""]",204302,Ana Dabovic,players_directory,2026-06-02T22:58:43+00:00,20260602T225839Z,bdf1f199a0a17f7413d37c3a2b3dade533ad799ce4037f5dd0b4370bdddaa0f9
204309,Clarissa Dos Santos,players_directory,wnba,,,/get-all-players-for-league/wnba,{},20260602T225839Z,2026-06-02T22:58:40+00:00,62159fadadf4bdcd8f2fe5414e1c626ceab3a06fcedaa73dff1671257252ba31,"[""players""]",204309,Clarissa Dos Santos,players_directory,2026-06-02T22:58:43+00:00,20260602T225839Z,0ce6f6f6b61809f40cd5de8d11aa2e90862313517821def72e45dd5c1623bcd8
204317,Ramu Tokashiki,players_directory,wnba,,,/get-all-players-for-league/wnba,{},20260602T225839Z,2026-06-02T22:58:40+00:00,442ecc702b1e59e3fa4588eb4c2d6a0388362090d5718fac65b1942c5a83a0c8,"[""players""]",204317,Ramu Tokashiki,players_directory,2026-06-02T22:58:43+00:00,20260602T225839Z,94d63deecf66104225ae349124bc2da85ad4fa3d6e0ee9ba072ca8f0c34bda0a
204319,Jewell Loyd,players_directory,wnba,,,/get-all-players-for-league/wnba,{},20260602T225839Z,2026-06-02T22:58:40+00:00,66b75a71b98b1d8d12be1dc3b2a36d04dfd2e1d6fd7f437ad73921c1ac104a0f,"[""players""]",204319,Jewell Loyd,players_directory,2026-06-02T22:58:43+00:00,20260602T225839Z,068112a19914ce34117d67f739605718389feaa1d05907760b29f479d7bbd2d8
204320,Amanda Zahui B,players_directory,wnba,,,/get-all-players-for-league/wnba,{},20260602T225839Z,2026-06-02T22:58:40+00:00,e7e45c12a0387787ac3ed38ee8ff9e7a29484e8ddb515d6588818d28fae07848,"[""players""]",204320,Amanda Zahui B,players_directory,2026-06-02T22:58:43+00:00,20260602T225839Z,1618c99013cf791a5f02de3883ec38410ef019f0452c0fab6d2d41b029849898
204321,Kaleena Mosqueda-Lewis,players_directory,wnba,,,/get-all-players-for-league/wnba,{},20260602T225839Z,2026-06-02T22:58:40+00:00,cfd0602d00547995935d91ede925fd2c10f6638d8271a6f3c92165c914814b69,"[""players""]",204321,Kaleena Mosqueda-Lewis,players_directory,2026-06-02T22:58:43+00:00,20260602T225839Z,eba237a4ab87eff05e27a6fbdf4f075c69765280693a2d644f035219b3abd517
204322,Elizabeth Williams,players_directory,wnba,,,/get-all-players-for-league/wnba,{},20260602T225839Z,2026-06-02T22:58:40+00:00,f488cbcbce8723dee8ff84179d8134cd45b87e8fedcb883b68d428295565357a,"[""players""]",204322,Elizabeth Williams,players_directory,2026-06-02T22:58:43+00:00,20260602T225839Z,9a24159e3714ef65393b20bea63c5790b6b98f6a82d0283730483f6332691f99
204323,Cheyenne Parker,players_directory,wnba,,,/get-all-players-for-league/wnba,{},20260602T225839Z,2026-06-02T22:58:40+00:00,d884dbbbd61d93105db468691ca36a4e368b49c455839510a2c0f216f0abeca1,"[""players""]",204323,Cheyenne Parker,players_directory,2026-06-02T22:58:43+00:00,20260602T225839Z,809f732083fd2c73af064a92ba724a3592b07d54f1ef70ed04ea8c21362d2b2a
204324,Dearica Hamby,players_directory,wnba,,,/get-all-players-for-league/wnba,{},20260602T225839Z,2026-06-02T22:58:40+00:00,0fd5fbcec6284588d37fa251cdd26f7b832c8cff450f0a6329da40e9ff06db41,"[""players""]",204324,Dearica Hamby,players_directory,2026-06-02T22:58:43+00:00,20260602T225839Z,a59df81f11b2ea8c31accfa1980ead1e46964210a132c7d038bb665713be6ceb
204325,Crystal Bradford,players_directory,wnba,,,/get-all-players-for-league/wnba,{},20260602T225839Z,2026-06-02T22:58:40+00:00,32b801428bafae83763426687bc9544f774f868a2adda3bfe8163e04fb7f4261,"[""players""]",204325,Crystal Bradford,players_directory,2026-06-02T22:58:43+00:00,20260602T225839Z,5f82948aa1e6a8520881d8fd750036bbf217805e63ccc7494578c4f1f1119bd1
204326,Ally Malott,players_directory,wnba,,,/get-all-players-for-league/wnba,{},20260602T225839Z,2026-06-02T22:58:40+00:00,3d31c7e64122a0c3ccb8787ac51076ff925a8a19f6bfc362a3382bad08b8a94a,"[""players""]",204326,Ally Malott,players_directory,2026-06-02T22:58:43+00:00,20260602T225839Z,11b0e9efac61f08d56ed6ba6488710eed44d3782cc5041b71ee32ba917a53910
204327,Brittany Boyd,players_directory,wnba,,,/get-all-players-for-league/wnba,{},20260602T225839Z,2026-06-02T22:58:40+00:00,47ff8a0c7fe8356071357940b2f8924c9557a270d19d289c8daed6797f1e392b,"[""players""]",204327,Brittany Boyd,players_directory,2026-06-02T22:58:43+00:00,20260602T225839Z,42c5e42f2d5cc7b5f245e35d59f8e36d802c82d4fd522d74efc7d6a0d02b1be2
204328,Samantha Logic,players_directory,wnba,,,/get-all-players-for-league/wnba,{},20260602T225839Z,2026-06-02T22:58:40+00:00,df4b643ab892bd8b4a94691969451b1b1999b04bb09b8db7d217defcfc52fdb9,"[""players""]",204328,Samantha Logic,players_directory,2026-06-02T22:58:43+00:00,20260602T225839Z,48e9e15eba26ad49689705814cb71deab8cfa5dd42426863d359b6f2fcd99424
204329,Kiah Stokes,players_directory,wnba,,,/get-all-players-for-league/wnba,{},20260602T225839Z,2026-06-02T22:58:40+00:00,7427834151b49afa14b8670c637b57c62f53936c5a5f1959323514b9a6a65b00,"[""players""]",204329,Kiah Stokes,players_directory,2026-06-02T22:58:43+00:00,20260602T225839Z,e23c30d568a6f6a87fd14af96e7c1c007a5540ae7593a413084fe3bdff12a335
204330,Isabelle Harrison,players_directory,wnba,,,/get-all-players-for-league/wnba,{},20260602T225839Z,2026-06-02T22:58:40+00:00,08d63d4fe79aa516e8f06f47b3695641f362d6b679eb09c832d6d425698af289,"[""players""]",204330,Isabelle Harrison,players_directory,2026-06-02T22:58:43+00:00,20260602T225839Z,179956bffeac05ccdc53473c2f518f13c6cb29bfbad7c208b975b0fea37f20bd
204331,Brianna Kiesel,players_directory,wnba,,,/get-all-players-for-league/wnba,{},20260602T225839Z,2026-06-02T22:58:40+00:00,4e2eaaac13187246acabe9784f0c55e6b2c421ad9373176e227214d6939acc50,"[""players""]",204331,Brianna Kiesel,players_directory,2026-06-02T22:58:43+00:00,20260602T225839Z,52ebc5f9d508f1e6f22fd139078eca846368bf952a5de78df6368e4162fbac64
204332,Cierra Burdick,players_directory,wnba,,,/get-all-players-for-league/wnba,{},20260602T225839Z,2026-06-02T22:58:40+00:00,6fcdfdccf9627a4c4ee1fe027e2820fc3841be48aedf65a5c520e70d3795ea72,"[""players""]",204332,Cierra Burdick,players_directory,2026-06-02T22:58:43+00:00,20260602T225839Z,ad008538d811644d34de9043581b24411aeb0562d06ae4105e362b4ddb119a37
204333,Natasha Cloud,players_directory,wnba,,,/get-all-players-for-league/wnba,{},20260602T225839Z,2026-06-02T22:58:40+00:00,d301c300bc571a5700cee9fc52befdffab9f0927d720a8cdaeca51812f14afe9,"[""players""]",204333,Natasha Cloud,players_directory,2026-06-02T22:58:43+00:00,20260602T225839Z,82090504627cc4d57c305e3c3e22d8152b9190147d924309b127c50be9996123
204334,Reshanda Gray,players_directory,wnba,,,/get-all-players-for-league/wnba,{},20260602T225839Z,2026-06-02T22:58:40+00:00,4ca0938e1902d347438f521a56633df961456d8d97a79c093097e6b0ec6f822c,"[""players""]",204334,Reshanda Gray,players_directory,2026-06-02T22:58:43+00:00,20260602T225839Z,01a51a1debfdf3be9e6c80f1074869a74b6bf26e43221aa0ba4aaa920c2cd434
204335,Betnijah Laney,players_directory,wnba,,,/get-all-players-for-league/wnba,{},20260602T225839Z,2026-06-02T22:58:40+00:00,5374c580ec4bbc117f5748f31c4ceaf4253d08031116de19ee1f5bcfab3bcbeb,"[""players""]",204335,Betnijah Laney,players_directory,2026-06-02T22:58:43+00:00,20260602T225839Z,251d3bec20cd2a31648a91e804db549d5dbff241586c0c1504dd9eb0f496618e
204336,Alex Harden,players_directory,wnba,,,/get-all-players-for-league/wnba,{},20260602T225839Z,2026-06-02T22:58:40+00:00,385f93a2ab5e9f57ba87dcb1fe7fb5a39b7442a80932837695fdbdaf7a203fb9,"[""players""]",204336,Alex Harden,players_directory,2026-06-02T22:58:43+00:00,20260602T225839Z,9db1778a07f984b5229b64b615cca7684e16d82441a2099e88bf05cce8f0d0e9
204337,Brittany Hrynko,players_directory,wnba,,,/get-all-players-for-league/wnba,{},20260602T225839Z,2026-06-02T22:58:40+00:00,f84951bf18b0c86374d4192aae77a7ab6193ddc01cd117471e5aa4f5d0266a4f,"[""players""]",204337,Brittany Hrynko,players_directory,2026-06-02T22:58:43+00:00,20260602T225839Z,7803c0b87edc1c66335568c9b86787ec4a73f37be571fe22d20d530fdfed943b
204348,Andrea Hoover,players_directory,wnba,,,/get-all-players-for-league/wnba,{},20260602T225839Z,2026-06-02T22:58:40+00:00,d61545d10a54beeeb989dc4f23c95b2e673fbd403f05eabc5b775da94d7a07f2,"[""players""]",204348,Andrea Hoover,players_directory,2026-06-02T22:58:43+00:00,20260602T225839Z,b9e1bea22d7785c8925019631065587d422c4e1b3d8b60834e6f8112c025450b
204352,Shae Kelley,players_directory,wnba,,,/get-all-players-for-league/wnba,{},20260602T225839Z,2026-06-02T22:58:40+00:00,eee0b584705b81f9e51228329562c65139ebe6201626fb0e65132bf5d0bcf988,"[""players""]",204352,Shae Kelley,players_directory,2026-06-02T22:58:43+00:00,20260602T225839Z,88eeb60772bd1bd65068ccc9a1c0dc181669d4e1c7aa77c195100b51007333e1
204355,Blake Dietrick,players_directory,wnba,,,/get-all-players-for-league/wnba,{},20260602T225839Z,2026-06-02T22:58:40+00:00,b7ce362ef29acef0f1f2e46b4a9d8eb259d42e1bdd5a992af46990b8a6ca9760,"[""players""]",204355,Blake Dietrick,players_directory,2026-06-02T22:58:43+00:00,20260602T225839Z,74c33497215307859af525683f35cb70642edf61e9f8a09a7de9c9ccc16acaab
204362,Jennifer O'Neill,players_directory,wnba,,,/get-all-players-for-league/wnba,{},20260602T225839Z,2026-06-02T22:58:40+00:00,720c2eb9cd61b611a14e260e98039c0a307ddb636aaea34af8b7ae9cd0396a22,"[""players""]",204362,Jennifer O'Neill,players_directory,2026-06-02T22:58:43+00:00,20260602T225839Z,9b18c9afc173641577719dc01834b1487916af0e0bb81bbf917cc69cd71d9a72
204365,Erica Wheeler,players_directory,wnba,,,/get-all-players-for-league/wnba,{},20260602T225839Z,2026-06-02T22:58:40+00:00,e9364147034015103c76a87c2ce7787f3e88ba26dbc6ba760c4963f3cc59cc0e,"[""players""]",204365,Erica Wheeler,players_directory,2026-06-02T22:58:43+00:00,20260602T225839Z,a144641bdf94aeb938e0bc19a8fd8bafa441a6745100c6e13972a0ceaeea0954
204468,Valeriane Ayayi,players_directory,wnba,,,/get-all-players-for-league/wnba,{},20260602T225839Z,2026-06-02T22:58:40+00:00,56b388e47581a7be00c5f4b6d737fe2eae10df8f7a7045f43a04fd39168181e5,"[""players""]",204468,Valeriane Ayayi,players_directory,2026-06-02T22:58:43+00:00,20260602T225839Z,37ae15cd0ce7a831021229a56c7dfbbc7ee3a267aef5c300d90db0fabe71af3e
1627635,Carla Cortijo,players_directory,wnba,,,/get-all-players-for-league/wnba,{},20260602T225839Z,2026-06-02T22:58:40+00:00,59df27c2d67d0628ea89f22866b59241033674e1033064a7a79c9a054586046a,"[""players""]",1627635,Carla Cortijo,players_directory,2026-06-02T22:58:43+00:00,20260602T225839Z,e931ff3ca042cefda7b038da725105175f8612d7b826e200d0842475ac2369bf
1627639,Zoi Dimitrakou,players_directory,wnba,,,/get-all-players-for-league/wnba,{},20260602T225839Z,2026-06-02T22:58:40+00:00,ba81f6c7705d1d1dc600bfd7b406fa230e0bfea608a86812b33cd5fdbaf5f8f4,"[""players""]",1627639,Zoi Dimitrakou,players_directory,2026-06-02T22:58:43+00:00,20260602T225839Z,94d0272c3fb76b184371a58e2689b9e9a985373ce961736634d1cdabded3a2b2
1627643,Cyesha Goree,players_directory,wnba,,,/get-all-players-for-league/wnba,{},20260602T225839Z,2026-06-02T22:58:40+00:00,6723db2dea968665d66ec60c3a8cc6a74ef85c45e60bdf2417a3186bfa941ee2,"[""players""]",1627643,Cyesha Goree,players_directory,2026-06-02T22:58:43+00:00,20260602T225839Z,c1feea0088a56864378a5c8abb3af1977b30f975e718eadd51e12263969ee858
1627644,Jelena Dubljevic,players_directory,wnba,,,/get-all-players-for-league/wnba,{},20260602T225839Z,2026-06-02T22:58:40+00:00,b5154526d93c6151de60a78da420cc3690daac6aed4eb957c882d63d336fe5e2,"[""players""]",1627644,Jelena Dubljevic,players_directory,2026-06-02T22:58:43+00:00,20260602T225839Z,09d6583690967a620d3410f8d6e10cb26ce3304b0059c422f043788cb5943372
1627645,Frida Eldebrink,players_directory,wnba,,,/get-all-players-for-league/wnba,{},20260602T225839Z,2026-06-02T22:58:40+00:00,833140c9d766f6fb86611f6d036af2a9536bad5cbbd3bdbdaf47cbd40d60e015,"[""players""]",1627645,Frida Eldebrink,players_directory,2026-06-02T22:58:43+00:00,20260602T225839Z,1155a5da0ab2c97dae525b66c23ff3953d15de335bcf77af2e3909bb68436e35
1627648,Evgeniia Belyakova,players_directory,wnba,,,/get-all-players-for-league/wnba,{},20260602T225839Z,2026-06-02T22:58:40+00:00,032dea34a37c4a325de5f1b6ed9c5531918654769110e1131eb78ad56837af46,"[""players""]",1627648,Evgeniia Belyakova,players_directory,2026-06-02T22:58:43+00:00,20260602T225839Z,d323dfd9df59b3a5ce051ab689f0a4ea7186b243c6dde5f07046d005e0f7d161
1627668,Breanna Stewart,players_directory,wnba,,,/get-all-players-for-league/wnba,{},20260602T225839Z,2026-06-02T22:58:40+00:00,32bd1932f6fa5f8451f1114c631044bc908d3080c652570cb7a0dba7adc86372,"[""players""]",1627668,Breanna Stewart,players_directory,2026-06-02T22:58:43+00:00,20260602T225839Z,0113095655299c6e14884ed5ca48070534b3b9c253e7864b7dc52f45788e56e7
1627669,Moriah Jefferson,players_directory,wnba,,,/get-all-players-for-league/wnba,{},20260602T225839Z,2026-06-02T22:58:40+00:00,ea522e708bccf563c88eb8b95472559637c66a9c56d144083a1c38815d4458b7,"[""players""]",1627669,Moriah Jefferson,players_directory,2026-06-02T22:58:43+00:00,20260602T225839Z,399ccc07662e5ed8653d922a8c16bfdafc8ba2b9158bb2de31dce59e9a967657
1627670,Morgan Tuck,players_directory,wnba,,,/get-all-players-for-league/wnba,{},20260602T225839Z,2026-06-02T22:58:40+00:00,f092d92cd39967bf25071fa4961ef8421cd6d621933902985eae9f184d1755f0,"[""players""]",1627670,Morgan Tuck,players_directory,2026-06-02T22:58:43+00:00,20260602T225839Z,9a480432c727ebb78decd61dc83f7c980d8808e66ebf485958f29bd08490ebe0
1627671,Rachel Banham,players_directory,wnba,,,/get-all-players-for-league/wnba,{},20260602T225839Z,2026-06-02T22:58:40+00:00,fc83279ebc044f7c6ed8f7b43b0a6269ac23926b63809a7bcd971b09d835d390,"[""players""]",1627671,Rachel Banham,players_directory,2026-06-02T22:58:43+00:00,20260602T225839Z,b4e8cc65b8a37710ac0f6ee2e232296cf0e3b84374114b5279a4561ed318c987
1627672,Aerial Powers,players_directory,wnba,,,/get-all-players-for-league/wnba,{},20260602T225839Z,2026-06-02T22:58:40+00:00,507e0b8c0ea849fa291310667d3bb7e0ff98f8a1309a7f7c76e70f161ea92826,"[""players""]",1627672,Aerial Powers,players_directory,2026-06-02T22:58:43+00:00,20260602T225839Z,4a5f56339be8e446231cad29b22702ef7de985973fd68cce3d87280f4cb43d93
1627673,Jonquel Jones,players_directory,wnba,,,/get-all-players-for-league/wnba,{},20260602T225839Z,2026-06-02T22:58:40+00:00,26c351493b0ffd5abc9f2d5f709bb10e36116718665a35d10e458714c27a4f27,"[""players""]",1627673,Jonquel Jones,players_directory,2026-06-02T22:58:43+00:00,20260602T225839Z,ae9bbfd0b183debdcf548260dc13323a7aa8812e43ae4caafde87200ca6677d4
1627674,Kahleah Copper,players_directory,wnba,,,/get-all-players-for-league/wnba,{},20260602T225839Z,2026-06-02T22:58:40+00:00,0e43b0632315fbae4b4b0dff667faf389abbafc08e80d9a5fd4dd4fc6b93fe1a,"[""players""]",1627674,Kahleah Copper,players_directory,2026-06-02T22:58:43+00:00,20260602T225839Z,8647083a3f348f3806ad2707fe3c5239ec8d8fe97e6aa64923cd7487b3aa9597
1627675,Courtney Williams,players_directory,wnba,,,/get-all-players-for-league/wnba,{},20260602T225839Z,2026-06-02T22:58:40+00:00,59cf935bad602fd1abf1c2abe64f6032fba558d16b47540764b2b45f061432ff,"[""players""]",1627675,Courtney Williams,players_directory,2026-06-02T22:58:43+00:00,20260602T225839Z,451c8336f159b96454b4365dbea4823c120da0ac10c171358fae28758a01f31d
1627676,Tiffany Mitchell,players_directory,wnba,,,/get-all-players-for-league/wnba,{},20260602T225839Z,2026-06-02T22:58:40+00:00,f8f0dd63113b54c05136c21130fdb2ef16628a93bf71aabe17f3a57019fbda31,"[""players""]",1627676,Tiffany Mitchell,players_directory,2026-06-02T22:58:43+00:00,20260602T225839Z,c00f272f4eb23adb28ecd1572c56c6e852aa8cd97c4e8581afe1e605db06df92
1627677,Imani McGee-Stafford,players_directory,wnba,,,/get-all-players-for-league/wnba,{},20260602T225839Z,2026-06-02T22:58:40+00:00,6850950573ef2256b486275de526daee34ea992e7599e0615adcdfd8270f46e3,"[""players""]",1627677,Imani McGee-Stafford,players_directory,2026-06-02T22:58:43+00:00,20260602T225839Z,61e5eedaae1b6c8327d3409a9391298d7fe75b5e042fadf98b71ec8d4ed91786
1627678,Bria Holmes,players_directory,wnba,,,/get-all-players-for-league/wnba,{},20260602T225839Z,2026-06-02T22:58:40+00:00,cadcfc450f9b8a3070ea2ba203598dfda715ef1cf0c3a7d8f518258bc1cd6297,"[""players""]",1627678,Bria Holmes,players_directory,2026-06-02T22:58:43+00:00,20260602T225839Z,911dafeb51a055ab7ee3ce8668da46cecd9127d267ada62779719714488126ee
1627679,Adut Bulgak,players_directory,wnba,,,/get-all-players-for-league/wnba,{},20260602T225839Z,2026-06-02T22:58:40+00:00,cde266bb0c5ab2d59dbb0a1bb21036f1c18fce94752da3c952adbe8ec1887816,"[""players""]",1627679,Adut Bulgak,players_directory,2026-06-02T22:58:43+00:00,20260602T225839Z,aeaaf0623951a1c49d1e0d44c968c87b61b39dea4acf895e0f38fba4546e5c6b
1627680,Rachel Hollivay,players_directory,wnba,,,/get-all-players-for-league/wnba,{},20260602T225839Z,2026-06-02T22:58:40+00:00,03b72cf7fde5c669fac95ede4959066e751dde8da9aa2304ed17c57b06b43925,"[""players""]",1627680,Rachel Hollivay,players_directory,2026-06-02T22:58:43+00:00,20260602T225839Z,351e68375466b93040b5b540b74c36b24970bd588ebc21d79cd6a062d63fe6d5
1627681,Jazmon Gwathmey,players_directory,wnba,,,/get-all-players-for-league/wnba,{},20260602T225839Z,2026-06-02T22:58:40+00:00,9115894cbfe37d8b640f31b093c5a170a09598c252fb0376a654661c7618804b,"[""players""]",1627681,Jazmon Gwathmey,players_directory,2026-06-02T22:58:43+00:00,20260602T225839Z,757495b7cedc911661bf607f48e261b2ea667766709d710cd3a65617207a557f
1627682,Whitney Knight,players_directory,wnba,,,/get-all-players-for-league/wnba,{},20260602T225839Z,2026-06-02T22:58:40+00:00,f2551f6ad86a5681e948b2be65dbe3b8f98f355393dc0c9a3d7190292e8258a4,"[""players""]",1627682,Whitney Knight,players_directory,2026-06-02T22:58:43+00:00,20260602T225839Z,db43f9fd6b3f81ec6bdec837571ce1f467f5ea2cb3cd1c2f8c66c9f5acf3a317
1627684,Jamie Weisner,players_directory,wnba,,,/get-all-players-for-league/wnba,{},20260602T225839Z,2026-06-02T22:58:40+00:00,27439ca5d5ede064fb132fbb2d7125beb59f9df0b956a68b6b7fc25b242712f0,"[""players""]",1627684,Jamie Weisner,players_directory,2026-06-02T22:58:43+00:00,20260602T225839Z,75351a479a6749c7a45b5bc28bc127ca80416b471f404add3de5fb90375e5cbc
1627685,Ruth Hamblin,players_directory,wnba,,,/get-all-players-for-league/wnba,{},20260602T225839Z,2026-06-02T22:58:40+00:00,f756ad139b1130863c563059a6c0e5e425a15a4554eb0597a1716f4fb7aef603,"[""players""]",1627685,Ruth Hamblin,players_directory,2026-06-02T22:58:43+00:00,20260602T225839Z,384d8bb7dc715888b827c020206f72641a24ab27d61faa6325fc33e4fd9498dd
1627687,Jillian Alleyne,players_directory,wnba,,,/get-all-players-for-league/wnba,{},20260602T225839Z,2026-06-02T22:58:40+00:00,62847d849fb91b3db50d3abebc4114eb1624058706fd29c149ab5fa9f0ddae00,"[""players""]",1627687,Jillian Alleyne,players_directory,2026-06-02T22:58:43+00:00,20260602T225839Z,0a60d7521386af02c84b16d2764c237a0f6bd5cca7e45cdc7c0131db6610f37d
1627688,Brene Moseley,players_directory,wnba,,,/get-all-players-for-league/wnba,{},20260602T225839Z,2026-06-02T22:58:40+00:00,cd2682be7a994d7c1a0ff9671d86246c145cbe0e7591ae81b949575e22fec6ab,"[""players""]",1627688,Brene Moseley,players_directory,2026-06-02T22:58:43+00:00,20260602T225839Z,d2e9024ff74fbf0448578cac88829881bb70d9ecda1c9da2360ae0d689a67b38
1627689,Bashaara Graves,players_directory,wnba,,,/get-all-players-for-league/wnba,{},20260602T225839Z,2026-06-02T22:58:40+00:00,aa3753221b5a1ad01574ad3538238b8ce409706db4e61596c6c1b2033bf2838d,"[""players""]",1627689,Bashaara Graves,players_directory,2026-06-02T22:58:43+00:00,20260602T225839Z,3135b4dc17585fc425f7ce8733e6460144640474ed90180a84610975ecf2e5e1
1627691,Ameryst Alston,players_directory,wnba,,,/get-all-players-for-league/wnba,{},20260602T225839Z,2026-06-02T22:58:40+00:00,ecd755222dac327e5ff49682b9ef73879e3a6062fd57bfa0a678527b9bd1b040,"[""players""]",1627691,Ameryst Alston,players_directory,2026-06-02T22:58:43+00:00,20260602T225839Z,7bba0ec55c4377827ad9ba0ffa5c8400c23ceef1f6f260b4ee2d8a713d1d6120
1627699,Nirra Fields,players_directory,wnba,,,/get-all-players-for-league/wnba,{},20260602T225839Z,2026-06-02T22:58:40+00:00,e1a87967b5dd4766d812d8406386ecd2ea469d2fce32e0d8e094b8facc223f3b,"[""players""]",1627699,Nirra Fields,players_directory,2026-06-02T22:58:43+00:00,20260602T225839Z,df665dce4eb6ffcc453189a7abf3e1bc8b302218153805050da7c5055b1c9578
1627700,Julie Allemand,players_directory,wnba,,,/get-all-players-for-league/wnba,{},20260602T225839Z,2026-06-02T22:58:40+00:00,757405fb4955d3372d71e5bcb528a9d669e7895384f0b55cbfa04d8bcd5b7272,"[""players""]",1627700,Julie Allemand,players_directory,2026-06-02T22:58:43+00:00,20260602T225839Z,cda111136c29fc685b6d46a8d141b2c79edfbad7d81f221f6b4da1bcdfd6f806
1627701,Temi Fagbenle,players_directory,wnba,,,/get-all-players-for-league/wnba,{},20260602T225839Z,2026-06-02T22:58:40+00:00,0a47b946d6fb69ebf6bb6e05f5fb872ed1133ba162418d3459d1461ad6c42cdc,"[""players""]",1627701,Temi Fagbenle,players_directory,2026-06-02T22:58:43+00:00,20260602T225839Z,62171351fe6ada8368ed4cdf50feff7de851d7af439f875e4d3d4f048fafe625
1627704,Alisia Jenkins,players_directory,wnba,,,/get-all-players-for-league/wnba,{},20260602T225839Z,2026-06-02T22:58:40+00:00,88d22b371c999723d5da913486513b30df41f137678c5ffd6270c2a4f07a891b,"[""players""]",1627704,Alisia Jenkins,players_directory,2026-06-02T22:58:43+00:00,20260602T225839Z,b08d9aeb360fcf849321cde46d0662410f52d9585d9c30f898edd8459cb32a99
1628242,Emma Cannon,players_directory,wnba,,,/get-all-players-for-league/wnba,{},20260602T225839Z,2026-06-02T22:58:40+00:00,1e264068287d5e280cd41d237288366b7ca2af06faa329904503dd57b45e9839,"[""players""]",1628242,Emma Cannon,players_directory,2026-06-02T22:58:43+00:00,20260602T225839Z,747ecda5edecf966a2b08725a5ce6593956ac82d80011be5f3a3ad6ea46bd0dd
1628244,Sami Whitcomb,players_directory,wnba,,,/get-all-players-for-league/wnba,{},20260602T225839Z,2026-06-02T22:58:40+00:00,96c8163146c1dabfbcde57cd8bf05de1ee65de29077e9eba60a491e4172ec95d,"[""players""]",1628244,Sami Whitcomb,players_directory,2026-06-02T22:58:43+00:00,20260602T225839Z,142722f4253e0eba5a8f6c5c55a2e3ccaea7953d03c6917b3b978dd9ec972986
1628248,Nayo Raincock-Ekunwe,players_directory,wnba,,,/get-all-players-for-league/wnba,{},20260602T225839Z,2026-06-02T22:58:40+00:00,e2e55bb0511b55d539bc19b40cdd8d0d15ee46d3a63aefd6c0e1970abd63f71b,"[""players""]",1628248,Nayo Raincock-Ekunwe,players_directory,2026-06-02T22:58:43+00:00,20260602T225839Z,72a8a6da6307ea8a32454aba50f93716a8f095c8f8a2f3a9ac732cf5f4dc780b
1628261,Shao Ting,players_directory,wnba,,,/get-all-players-for-league/wnba,{},20260602T225839Z,2026-06-02T22:58:40+00:00,9ba4da3325afe1454c000264f2774225d5500db7c7bcf8a13eb313a47d979a34,"[""players""]",1628261,Shao Ting,players_directory,2026-06-02T22:58:43+00:00,20260602T225839Z,52983f3423bb62d106cb2ab54ba7957c53e649292abe0c2a09519b5ca8883e5d
1628262,Evelyn Akhator,players_directory,wnba,,,/get-all-players-for-league/wnba,{},20260602T225839Z,2026-06-02T22:58:40+00:00,04a56a9b8920a3f29a527708eab72a5e14ac68c149a93d682cbf343644264829,"[""players""]",1628262,Evelyn Akhator,players_directory,2026-06-02T22:58:43+00:00,20260602T225839Z,754b8e11a193dbc789c33601b35576d59e13a7c3ce61d23d3848a777398e3d4e
1628263,Lindsay Allen,players_directory,wnba,,,/get-all-players-for-league/wnba,{},20260602T225839Z,2026-06-02T22:58:40+00:00,82613cf474c60fc5fae89fafba19a6df735e2329c558b5e1769615158e4adc60,"[""players""]",1628263,Lindsay Allen,players_directory,2026-06-02T22:58:43+00:00,20260602T225839Z,692a4552296cbe58aa58e3ecc6517cfe97f02a52e131929bc0e42449e0049082
1628265,Sophie Brunner,players_directory,wnba,,,/get-all-players-for-league/wnba,{},20260602T225839Z,2026-06-02T22:58:40+00:00,828b73ca4ea24974303b587f27c01a5c8490e27f450a1a7ce5725e213627ba89,"[""players""]",1628265,Sophie Brunner,players_directory,2026-06-02T22:58:43+00:00,20260602T225839Z,5ab7e3f38cfa6f03fac1a4b26bbf03402ec2f35597178d8bcc7e4a8af1ddc663
1628267,Saniya Chong,players_directory,wnba,,,/get-all-players-for-league/wnba,{},20260602T225839Z,2026-06-02T22:58:40+00:00,9b88014c50144e81ae601979e24588eebe129e117035e0372c2b6f479ed9b1c0,"[""players""]",1628267,Saniya Chong,players_directory,2026-06-02T22:58:43+00:00,20260602T225839Z,24d403f303d9b4bec051c725ee1e9d04a307d57ac5266e2079a4532be857de0f
1628268,Alaina Coates,players_directory,wnba,,,/get-all-players-for-league/wnba,{},20260602T225839Z,2026-06-02T22:58:40+00:00,501b9231f3d729c50a4d2560db451f68235d9ec5b63d7e21fee6982a52a7e70e,"[""players""]",1628268,Alaina Coates,players_directory,2026-06-02T22:58:43+00:00,20260602T225839Z,753d54dfeb0bd88c838f00b3baf6d0c951ec20e4ca76263dd69e0b9ea9a6f57e
1628269,Nia Coffey,players_directory,wnba,,,/get-all-players-for-league/wnba,{},20260602T225839Z,2026-06-02T22:58:40+00:00,4c8494b9d96757a1b4c59084f710e71fc43f29ce654efd307caba59287b85551,"[""players""]",1628269,Nia Coffey,players_directory,2026-06-02T22:58:43+00:00,20260602T225839Z,999e62e182ad006476633e171244989d704d80cd96f06e0308937d79f648a679
1628273,Kaela Davis,players_directory,wnba,,,/get-all-players-for-league/wnba,{},20260602T225839Z,2026-06-02T22:58:40+00:00,39294032f5fff7c962831a7c06fb9aaf5f483bbce1531d2121ba070ec60e1778,"[""players""]",1628273,Kaela Davis,players_directory,2026-06-02T22:58:43+00:00,20260602T225839Z,eca1af11314ceeb805fe25e0603ebef8a0647834e8e4f4494f9983ea07e8f318
1628276,Kelsey Plum,players_directory,wnba,,,/get-all-players-for-league/wnba,{},20260602T225839Z,2026-06-02T22:58:40+00:00,d305072628b8bc5c3b3fd5cd24658d6f73ff0478158e13ae8d425154eeb3ecaf,"[""players""]",1628276,Kelsey Plum,players_directory,2026-06-02T22:58:43+00:00,20260602T225839Z,8f540d51f121c0fc9ca116a67e41c5c4a3e71adbdc9fede614a6fe289c34cc30
1628277,Allisha Gray,players_directory,wnba,,,/get-all-players-for-league/wnba,{},20260602T225839Z,2026-06-02T22:58:40+00:00,43be5d0e897580fd1c6f509febb7e9707759eedb301ec0c97754454cb50b1c82,"[""players""]",1628277,Allisha Gray,players_directory,2026-06-02T22:58:43+00:00,20260602T225839Z,01b2297dfed34898446e7521e803bea0b3b8fe559c6fb555cb2d75a967523524
1628278,Shatori Walker-Kimbrough,players_directory,wnba,,,/get-all-players-for-league/wnba,{},20260602T225839Z,2026-06-02T22:58:40+00:00,ed22a822863a30540364ab80e5cb3e5e3577ffdfb4e87e879cd0d20f7e6cdb94,"[""players""]",1628278,Shatori Walker-Kimbrough,players_directory,2026-06-02T22:58:43+00:00,20260602T225839Z,c7fed34c14b864c8d3f06bbdf1ea790044dc52659688e2f8da791b11c0c71fcc
1628279,Brittney Sykes,players_directory,wnba,,,/get-all-players-for-league/wnba,{},20260602T225839Z,2026-06-02T22:58:40+00:00,3b18fe706902bceb01046a382b703d8993280e3ec1535a1857d767c4afc40f14,"[""players""]",1628279,Brittney Sykes,players_directory,2026-06-02T22:58:43+00:00,20260602T225839Z,09468e82a4b0954bf2e4d7cf65de96b593bc9cf08509bb03c7c65d31041cc706
1628280,Brionna Jones,players_directory,wnba,,,/get-all-players-for-league/wnba,{},20260602T225839Z,2026-06-02T22:58:40+00:00,a7f9531bc33065bb1c691ac93058709db4a58900cd2fcc535647977f35f5ff7c,"[""players""]",1628280,Brionna Jones,players_directory,2026-06-02T22:58:43+00:00,20260602T225839Z,8523fee4b9a54b7cb007aedd8d4e4dcc0c9415eba46ad768bd4cfa092fdc6825
1628282,Sydney Wiese,players_directory,wnba,,,/get-all-players-for-league/wnba,{},20260602T225839Z,2026-06-02T22:58:40+00:00,317f955cdc603fc899c2f38f76ef9d8c20da63cda492490bb73617d4d0f335e3,"[""players""]",1628282,Sydney Wiese,players_directory,2026-06-02T22:58:43+00:00,20260602T225839Z,db039d4afca963bd8b852de051b0d0b259e2225261e95dcdff9c5295397c1977
1628283,Alexis Jones,players_directory,wnba,,,/get-all-players-for-league/wnba,{},20260602T225839Z,2026-06-02T22:58:40+00:00,0f55bf3af1efacc463aa301ca9b50c4d53f1a64ecad35a31a2056261a58ad729,"[""players""]",1628283,Alexis Jones,players_directory,2026-06-02T22:58:43+00:00,20260602T225839Z,b19b8c2af63e83ab50f10706e65f2b0d164acbe34e5dd370ac2e528a38e0cda7
1628284,Alexis Peterson,players_directory,wnba,,,/get-all-players-for-league/wnba,{},20260602T225839Z,2026-06-02T22:58:40+00:00,455a59004fc9e1aaee3077d938c66c23e865c394fc4e2539e7270e9dfdcce1bd,"[""players""]",1628284,Alexis Peterson,players_directory,2026-06-02T22:58:43+00:00,20260602T225839Z,5a36a9bcbad9b31956577e4162f793d6737faec8e480c6c438c88c80fc781f89
1628285,Leticia Romero,players_directory,wnba,,,/get-all-players-for-league/wnba,{},20260602T225839Z,2026-06-02T22:58:40+00:00,0d5a4e4dba546747f836fcdf73204e10660409440d276b3029970babf9c36930,"[""players""]",1628285,Leticia Romero,players_directory,2026-06-02T22:58:43+00:00,20260602T225839Z,a3d81d6cd53e9f0e294a5f80080f560b518b64343ed7499e36122404c29eeae0
1628286,Erica McCall,players_directory,wnba,,,/get-all-players-for-league/wnba,{},20260602T225839Z,2026-06-02T22:58:40+00:00,3e192582734bc7974c0d6f3490c2a22dca311d867ce0fd071fb80e95a4b3c023,"[""players""]",1628286,Erica McCall,players_directory,2026-06-02T22:58:43+00:00,20260602T225839Z,536d2207da2dca2d25ff19747a2a4a5aa23090baba2777c0d9575496738e4518
1628287,Jennie Simms,players_directory,wnba,,,/get-all-players-for-league/wnba,{},20260602T225839Z,2026-06-02T22:58:40+00:00,01de578ea7c9312dd3e5b62484f578a0ce0e40869ff6de3d71ba4476612c4cbc,"[""players""]",1628287,Jennie Simms,players_directory,2026-06-02T22:58:43+00:00,20260602T225839Z,61aa0c9e046521c0c0dff7d2abaa925564332ab82512e3349449e95e4046bcce
1628289,Feyonda Fitzgerald,players_directory,wnba,,,/get-all-players-for-league/wnba,{},20260602T225839Z,2026-06-02T22:58:40+00:00,11cad23ef6a15ed87df5fd361aa975d203891586666ed29a75ddda910478d3d0,"[""players""]",1628289,Feyonda Fitzgerald,players_directory,2026-06-02T22:58:43+00:00,20260602T225839Z,e48d7179de19b813fb750cdb10276f13bb5c49e6b012ce9ada539dfe6396859b
1628292,Breanna Lewis,players_directory,wnba,,,/get-all-players-for-league/wnba,{},20260602T225839Z,2026-06-02T22:58:40+00:00,57793537923ef3bed7b3994bb49c8d7da6b3b71b16b1bacb5b9987d98d9ceb56,"[""players""]",1628292,Breanna Lewis,players_directory,2026-06-02T22:58:43+00:00,20260602T225839Z,40edc7b52abd5bf217fa1eaec46583af300fdc88d5a4313da67b424b72482b80
1628297,Alexis Prince,players_directory,wnba,,,/get-all-players-for-league/wnba,{},20260602T225839Z,2026-06-02T22:58:40+00:00,2d10ed7ce064ec72ebc191051f00d65c68de062aea8237da694eb0322850ef6b,"[""players""]",1628297,Alexis Prince,players_directory,2026-06-02T22:58:43+00:00,20260602T225839Z,71186b79538362940cee2a7d855ff202fcdb0ceac8fbb45a471f47763d38da39
1628298,Lanay Montgomery,players_directory,wnba,,,/get-all-players-for-league/wnba,{},20260602T225839Z,2026-06-02T22:58:40+00:00,530a146cbbab1cf301ce7729afbdfb468bac18fbac0f5db0c3c0c4b8ba83379f,"[""players""]",1628298,Lanay Montgomery,players_directory,2026-06-02T22:58:43+00:00,20260602T225839Z,b3b1ebd0e60fa9f35df89014995f6276fefc886124aa2e8977b18859e8b1e94a
1628300,Makayla Epps,players_directory,wnba,,,/get-all-players-for-league/wnba,{},20260602T225839Z,2026-06-02T22:58:40+00:00,f46fd27f059401f6d5860b05fd3b147693cb8634cb07be897505506907853492,"[""players""]",1628300,Makayla Epps,players_directory,2026-06-02T22:58:43+00:00,20260602T225839Z,2fa3097a973a049e3854fab97e611b992b4f5510dfadd31340f499fc4583f544
1628304,Yvonne Anderson,players_directory,wnba,,,/get-all-players-for-league/wnba,{},20260602T225839Z,2026-06-02T22:58:40+00:00,2d1da0c5bc6ed07818e93bd29d454e07480e4e17e7f101b9e302c51557098293,"[""players""]",1628304,Yvonne Anderson,players_directory,2026-06-02T22:58:43+00:00,20260602T225839Z,06e65cf5df7ddd8498ba4cafb273ef7a98dd0364cf1911e0f2dee3dac9cbc2c6
1628317,Karlie Samuelson,players_directory,wnba,,,/get-all-players-for-league/wnba,{},20260602T225839Z,2026-06-02T22:58:40+00:00,bc31d4d805814fc93251c41d2ba1bd34ac2998d1d4c7722199dc3404c0abee8d,"[""players""]",1628317,Karlie Samuelson,players_directory,2026-06-02T22:58:43+00:00,20260602T225839Z,82a1b5a66dcc2ad725fbcf3a5fd0847ea5ef91fecd9d3b72d6ad4cecf6b831f6
1628327,Adaora Elonu,players_directory,wnba,,,/get-all-players-for-league/wnba,{},20260602T225839Z,2026-06-02T22:58:40+00:00,33ff2eb891cb68c28621fde2a9c259f86a699706bcb7272bb22a69bcfa52c5f0,"[""players""]",1628327,Adaora Elonu,players_directory,2026-06-02T22:58:43+00:00,20260602T225839Z,891dc66447a338180c8816bc9f82ce084372f514ad3e3c5e0796e57dbe16a97c
1628358,Maimouna Diarra,players_directory,wnba,,,/get-all-players-for-league/wnba,{},20260602T225839Z,2026-06-02T22:58:40+00:00,5ee34d6b725c1d964bb8d723bd3b7d85ec9c2ea16426b68da276a4040e2c922d,"[""players""]",1628358,Maimouna Diarra,players_directory,2026-06-02T22:58:43+00:00,20260602T225839Z,1369f64d57987b67f4fd8b76c3b25fe014ac0c97313aa012d6d371dc8ae3c5bc
1628508,Cecilia Zandalasini,players_directory,wnba,,,/get-all-players-for-league/wnba,{},20260602T225839Z,2026-06-02T22:58:40+00:00,8a8bb9dfbb02b289e53dea6721b7771b486301e73541f0811a6c53514a8f0208,"[""players""]",1628508,Cecilia Zandalasini,players_directory,2026-06-02T22:58:43+00:00,20260602T225839Z,8784c7a6f405107f9f1bab247cbb4f870e1afc5d4d9e99be535b5c12fd7a0bb9
1628866,Endy Miyem,players_directory,wnba,,,/get-all-players-for-league/wnba,{},20260602T225839Z,2026-06-02T22:58:40+00:00,f5f10b0b57151ee8432a06b711923d9d7bb32530fa31021b3b5722a6af1d1171,"[""players""]",1628866,Endy Miyem,players_directory,2026-06-02T22:58:43+00:00,20260602T225839Z,12a14b7bb87d8ce4d8f97d12295890e32b9db036af6f93f2ec572eda2c06391a
1628868,Hind Ben Abdelkader,players_directory,wnba,,,/get-all-players-for-league/wnba,{},20260602T225839Z,2026-06-02T22:58:40+00:00,5c5ac63a39ffbee0ef3edde6f71253e7e3c27a46624194acdd71279414186f90,"[""players""]",1628868,Hind Ben Abdelkader,players_directory,2026-06-02T22:58:43+00:00,20260602T225839Z,e3ed7f29855c3275d1f9000889150fedb657d180eeb3d454a2b03441f8846e81
1628878,Ariel Atkins,players_directory,wnba,,,/get-all-players-for-league/wnba,{},20260602T225839Z,2026-06-02T22:58:40+00:00,4b00f7ea6f8dff4226a0d6768ff2a18f654054e82a4c9ccfb15f67273426bf3e,"[""players""]",1628878,Ariel Atkins,players_directory,2026-06-02T22:58:43+00:00,20260602T225839Z,9d463751daba29867886e5fe9336b794df4282d19e7d7bcf2ed516f197242c6d
1628881,Monique Billings,players_directory,wnba,,,/get-all-players-for-league/wnba,{},20260602T225839Z,2026-06-02T22:58:40+00:00,ce1e0862334d5e1e259b7d406e9339bb3e0b78065cd5037f5b150d29b62b9756,"[""players""]",1628881,Monique Billings,players_directory,2026-06-02T22:58:43+00:00,20260602T225839Z,0d72800d5b91ccf0dc068b78e039c6706d39336d3a082776414e3062d874b514
1628882,Lexie Brown,players_directory,wnba,,,/get-all-players-for-league/wnba,{},20260602T225839Z,2026-06-02T22:58:40+00:00,b7f69fd0c911ec184fdc5747dcc99706f606bf93d964a1fd5dd15b33f224c79d,"[""players""]",1628882,Lexie Brown,players_directory,2026-06-02T22:58:43+00:00,20260602T225839Z,bf32e9c1a84b1b6b17c66820ffb07e86701d1c365030e1c6d868c981bd477141
1628886,Jordin Canada,players_directory,wnba,,,/get-all-players-for-league/wnba,{},20260602T225839Z,2026-06-02T22:58:40+00:00,24482a3f272634f70633559bdca3b6058d0e67cfcc66e5e784ed91e3e180d25f,"[""players""]",1628886,Jordin Canada,players_directory,2026-06-02T22:58:43+00:00,20260602T225839Z,270f96a08aa4a27e05da368dfee8b3dab28b5c0d820ed9cbfa5b30a13ca8f435
1628890,Diamond DeShields,players_directory,wnba,,,/get-all-players-for-league/wnba,{},20260602T225839Z,2026-06-02T22:58:40+00:00,1fdd05aa3fae742e3fbaf9ffe35ac2c51e88a4c2a41af82e2cceeae4620d33a3,"[""players""]",1628890,Diamond DeShields,players_directory,2026-06-02T22:58:43+00:00,20260602T225839Z,2c6637f71b993c38b7a8e94ce5e9a9240ceab28e737504b185000fd122e56511
1628895,Marie Gülich,players_directory,wnba,,,/get-all-players-for-league/wnba,{},20260602T225839Z,2026-06-02T22:58:40+00:00,882a3dfb94a44f25519d915171617b65a00a788e256046e38f1a7a2dfd6b3008,"[""players""]",1628895,Marie Gülich,players_directory,2026-06-02T22:58:43+00:00,20260602T225839Z,b7b2f730bd031260b51d5a25c9a45ad3a7e2efd9e1167b9dd1d0ea0f3b326d6f
1628897,Linnae Harper,players_directory,wnba,,,/get-all-players-for-league/wnba,{},20260602T225839Z,2026-06-02T22:58:40+00:00,f3f13a7493a45fa6b9bcaacce748766a9136bcd8ab6e3c49dcd2cb4b92fd3247,"[""players""]",1628897,Linnae Harper,players_directory,2026-06-02T22:58:43+00:00,20260602T225839Z,df9d38e45a7a5222f5c947f8add8e22682a0e5e642d7884bbaf5b344dd241f69
1628899,Myisha Hines-Allen,players_directory,wnba,,,/get-all-players-for-league/wnba,{},20260602T225839Z,2026-06-02T22:58:40+00:00,0dd4a5540044d8511f84140e696471b1cb78605338ea6d9bd6e2daa0638bb2fd,"[""players""]",1628899,Myisha Hines-Allen,players_directory,2026-06-02T22:58:43+00:00,20260602T225839Z,3e2bcd4cd67fe44f5093ede65a55529029dd20a0a1e7a5895e4ec48aa70caa4f
1628905,Raigyne Louis,players_directory,wnba,,,/get-all-players-for-league/wnba,{},20260602T225839Z,2026-06-02T22:58:40+00:00,21ab142972efa8756b4bc5da75dbd50a98da235e23311506fa329cce4ab23851,"[""players""]",1628905,Raigyne Louis,players_directory,2026-06-02T22:58:43+00:00,20260602T225839Z,92b23d7fc14ef0089f3542a7bc1a174949d5f13352d6516bb91962679e5c1037
1628906,Stephanie Mavunga,players_directory,wnba,,,/get-all-players-for-league/wnba,{},20260602T225839Z,2026-06-02T22:58:40+00:00,e8d65d2c94656f876d100e748f3beb3faca8a4b571037f55a7ec0dbef08af122,"[""players""]",1628906,Stephanie Mavunga,players_directory,2026-06-02T22:58:43+00:00,20260602T225839Z,e5ae8064251e7b4ec8e5391d341aad17434414289df84be3eb56916c1a5a0b12
1628907,Brooke McCarty-Williams,players_directory,wnba,,,/get-all-players-for-league/wnba,{},20260602T225839Z,2026-06-02T22:58:40+00:00,180b195336fbb9844e33cc0c1184996cb71e0653d83ed908ddff1ffc24c52459,"[""players""]",1628907,Brooke McCarty-Williams,players_directory,2026-06-02T22:58:43+00:00,20260602T225839Z,ab4637406b36f8997d00e332f2597affffaebc1ef710bbf95056014764c6e5e6
1628909,Kelsey Mitchell,players_directory,wnba,,,/get-all-players-for-league/wnba,{},20260602T225839Z,2026-06-02T22:58:40+00:00,f6524896dfb314516722ab23879f9f91f6c1b1c98f7a937458439502983c4943,"[""players""]",1628909,Kelsey Mitchell,players_directory,2026-06-02T22:58:43+00:00,20260602T225839Z,7a654bb23e1fb6a5a6f0d9933280a9d9ea24fa38ebe86f55265d2c11edc67c41
1628911,Teana Muldrow,players_directory,wnba,,,/get-all-players-for-league/wnba,{},20260602T225839Z,2026-06-02T22:58:40+00:00,daabf9bfd5cf9194da4851982b5e845a09b7de7bd6d3ce84a2eb52a8d7c6aaea,"[""players""]",1628911,Teana Muldrow,players_directory,2026-06-02T22:58:43+00:00,20260602T225839Z,160039260ca71c118b7c595ee377bc50a15423a2291e4ba6deb6dd9ef170091b
1628913,Jaime Nared,players_directory,wnba,,,/get-all-players-for-league/wnba,{},20260602T225839Z,2026-06-02T22:58:40+00:00,7275b5129f2762e9aa41f1947538c20c3dadce3b4b9e7e5b98eac43cc2a9bc04,"[""players""]",1628913,Jaime Nared,players_directory,2026-06-02T22:58:43+00:00,20260602T225839Z,7044b02aeee94bdc178e0b3185a4ae7ff0c8e1a09cab9c87b1e01c1232b73676
1628915,Kia Nurse,players_directory,wnba,,,/get-all-players-for-league/wnba,{},20260602T225839Z,2026-06-02T22:58:40+00:00,ebdfb1d2595e24300b489fa4b681ec5e433061d56fdc6fb72cb72e49ae43db8c,"[""players""]",1628915,Kia Nurse,players_directory,2026-06-02T22:58:43+00:00,20260602T225839Z,74f9347dc81e516cd5a130c80ac973338e631ca12c7924f8ea5eb088728a4926
1628917,JiSu Park,players_directory,wnba,,,/get-all-players-for-league/wnba,{},20260602T225839Z,2026-06-02T22:58:40+00:00,08f9a99b3af5b61a895e565c887988923af1797869b84a9ba2bd2f21779b739a,"[""players""]",1628917,JiSu Park,players_directory,2026-06-02T22:58:43+00:00,20260602T225839Z,3fd41be3299ce22b7c12e81e62b0816810febf2ab1cf2754081b5f209c4262a4
1628920,Mercedes Russell,players_directory,wnba,,,/get-all-players-for-league/wnba,{},20260602T225839Z,2026-06-02T22:58:40+00:00,0f88f948b034698a3f3433a6cb4dc39a5fd1dc25bcfa5a17f4ec724d4e08c33b,"[""players""]",1628920,Mercedes Russell,players_directory,2026-06-02T22:58:43+00:00,20260602T225839Z,c25902e06c8db21e223f8f9ebae9a08459e19a9cb4dc306abed30ac7543dda5a
1628922,Azurá Stevens,players_directory,wnba,,,/get-all-players-for-league/wnba,{},20260602T225839Z,2026-06-02T22:58:40+00:00,4463d9d523116abe324594628c1b69b255fecd29d71761d3ef4d5ab35170be8d,"[""players""]",1628922,Azurá Stevens,players_directory,2026-06-02T22:58:43+00:00,20260602T225839Z,29aa4215b3fc729158144900582f3294a045914262729a5cd3cec40f86d68748
1628926,Maria Vadeeva,players_directory,wnba,,,/get-all-players-for-league/wnba,{},20260602T225839Z,2026-06-02T22:58:40+00:00,04c14a25da2b67071b017fcf860abb6dc158da55b475c10d2b59758a2dff7fdc,"[""players""]",1628926,Maria Vadeeva,players_directory,2026-06-02T22:58:43+00:00,20260602T225839Z,504d3b07b237d3da086a50508a6cd5a4d07d54d3de9bc1fb0c54f3e0954680dd
1628927,Victoria Vivians,players_directory,wnba,,,/get-all-players-for-league/wnba,{},20260602T225839Z,2026-06-02T22:58:40+00:00,ffde614a5ca2461c6e37ae2cb191b843abb32e3fe29520cbf551a7a4f8430eb3,"[""players""]",1628927,Victoria Vivians,players_directory,2026-06-02T22:58:43+00:00,20260602T225839Z,187dd9342c1ad2eec618adb7bc1d82223a9dafd3f149102defd7c1bea822fb99
1628929,Kristy Wallace,players_directory,wnba,,,/get-all-players-for-league/wnba,{},20260602T225839Z,2026-06-02T22:58:40+00:00,f9e14408fbeb84e2d030ddce05ba26e55eb830324d8668be5cd9a8170042a8c7,"[""players""]",1628929,Kristy Wallace,players_directory,2026-06-02T22:58:43+00:00,20260602T225839Z,428c91fbee11e8e6ae221aba053c9b8a94b5dbb6d7e70ca23c6bc810581281e4
1628931,Gabby Williams,players_directory,wnba,,,/get-all-players-for-league/wnba,{},20260602T225839Z,2026-06-02T22:58:40+00:00,2bd5ab591bb4aad23a12fbf272ba8b223248f35cad1c7b844e491b61919b315e,"[""players""]",1628931,Gabby Williams,players_directory,2026-06-02T22:58:43+00:00,20260602T225839Z,9a1540d0ea3f7f7dfa985cb79e4fe0961d53b0b3978f11a6a1d9494cddc84660
1628932,A'ja Wilson,players_directory,wnba,,,/get-all-players-for-league/wnba,{},20260602T225839Z,2026-06-02T22:58:40+00:00,40deaf4487ec458e3da1734f3f57360c636f50d6bba29549361d32c327fdaff5,"[""players""]",1628932,A'ja Wilson,players_directory,2026-06-02T22:58:43+00:00,20260602T225839Z,bf366fb3f8ee123c8ff5495f156e2c93e945385bc534d1afc281b328e877476e
1628933,Imani Wright,players_directory,wnba,,,/get-all-players-for-league/wnba,{},20260602T225839Z,2026-06-02T22:58:40+00:00,b98cf1a248dc9573f4a644284482e8d87453145fd490d9dc97d411c6366c158e,"[""players""]",1628933,Imani Wright,players_directory,2026-06-02T22:58:43+00:00,20260602T225839Z,29832020a3f397962e4b0033ffc1816413c1160a4bcfeb4f3da65ec746a75dab
1628949,Khaalia Hillsman,players_directory,wnba,,,/get-all-players-for-league/wnba,{},20260602T225839Z,2026-06-02T22:58:40+00:00,aa095f2436ec47b65f49e25b2adfa71d108412d34ca2d99981ce34570e785790,"[""players""]",1628949,Khaalia Hillsman,players_directory,2026-06-02T22:58:43+00:00,20260602T225839Z,fe2cf5b83af3cccbae69dab84fcdf4de2c97a037d3cf32987dd148ad6f19079f
1628957,Kathryn Westbeld,players_directory,wnba,,,/get-all-players-for-league/wnba,{},20260602T225839Z,2026-06-02T22:58:40+00:00,9d5f4d4d166fb9a3f7be2060c0b4b3326f26c1c1120d9580544cf43c2b16fa0e,"[""players""]",1628957,Kathryn Westbeld,players_directory,2026-06-02T22:58:43+00:00,20260602T225839Z,73e80ccb74157f4f3aba5ab081303f4642ec403726d6ea4011b92b2f03ee0a56
1629470,Kim Mestdagh,players_directory,wnba,,,/get-all-players-for-league/wnba,{},20260602T225839Z,2026-06-02T22:58:40+00:00,71ae1bfb285cb2f61813bb4dfec70f5071653937061ff45dd27f7513c9a2480e,"[""players""]",1629470,Kim Mestdagh,players_directory,2026-06-02T22:58:43+00:00,20260602T225839Z,1a5cda7acf07df868263a9974721544cefa1feb1a2028fb48af9be143fb636d8
1629476,Asia Durr,players_directory,wnba,,,/get-all-players-for-league/wnba,{},20260602T225839Z,2026-06-02T22:58:40+00:00,6e503b129b51072099f4c7a82d5a4348a53781bfb196e25248b8564641481657,"[""players""]",1629476,Asia Durr,players_directory,2026-06-02T22:58:43+00:00,20260602T225839Z,8fcf963dc88e48bae1b9dc69dd05a08f15844436f2d99dea142c98ee72f341ed
1629477,Sabrina Ionescu,players_directory,wnba,,,/get-all-players-for-league/wnba,{},20260602T225839Z,2026-06-02T22:58:40+00:00,fe91bc187a5df411e28ceb1b7e58ff15eeff842521d55a1bcfa835ce431c3077,"[""players""]",1629477,Sabrina Ionescu,players_directory,2026-06-02T22:58:43+00:00,20260602T225839Z,8b538a21aac04e9498a9b3fac8386469f0aad9f05eb092e6db2a028efb96107e
1629478,Katie Lou Samuelson,players_directory,wnba,,,/get-all-players-for-league/wnba,{},20260602T225839Z,2026-06-02T22:58:40+00:00,55ae40564f0353fa499c5a167d9acccbd0e1190859beb19794a7576f4d965ff5,"[""players""]",1629478,Katie Lou Samuelson,players_directory,2026-06-02T22:58:43+00:00,20260602T225839Z,b3d877f44cdb00f8346bed506c17779e7bb126aaeb1417115fd079a073f1e294
1629479,Teaira McCowan,players_directory,wnba,,,/get-all-players-for-league/wnba,{},20260602T225839Z,2026-06-02T22:58:40+00:00,0b5685da63c8dfdc10c4c2a1c4bef6fb073929dee1dc571358db95e7fbb57aaa,"[""players""]",1629479,Teaira McCowan,players_directory,2026-06-02T22:58:43+00:00,20260602T225839Z,54b24daabbabf0c31b5df3c7c28fa8b269f699a6345f08cfcec15f447a03b620
1629480,Kalani Brown,players_directory,wnba,,,/get-all-players-for-league/wnba,{},20260602T225839Z,2026-06-02T22:58:40+00:00,5400f1ec14d573fa9765e6a27cfe6d02d32c7d2be4a9b2a671c9c234dbfe1078,"[""players""]",1629480,Kalani Brown,players_directory,2026-06-02T22:58:43+00:00,20260602T225839Z,26009efa56a0c6883cd656203436b05e5beb1eacd466f79c43f7e58d0a2bd274
1629481,Arike Ogunbowale,players_directory,wnba,,,/get-all-players-for-league/wnba,{},20260602T225839Z,2026-06-02T22:58:40+00:00,0f3b5d6215656e7fd523314139361df2bbd07569bceb4e9a45f34ced484b881c,"[""players""]",1629481,Arike Ogunbowale,players_directory,2026-06-02T22:58:43+00:00,20260602T225839Z,d3f56049544bbfd155bb799dbd6d02311048740ab0c3d96b9db7fd0368ade697
1629482,Sophie Cunningham,players_directory,wnba,,,/get-all-players-for-league/wnba,{},20260602T225839Z,2026-06-02T22:58:40+00:00,a1c68585c1f8ce9cbcd6bed869718c69822ad17da3bb1b543bec4f95d101670e,"[""players""]",1629482,Sophie Cunningham,players_directory,2026-06-02T22:58:43+00:00,20260602T225839Z,e9870d3fe0c5112079bb97f7a557e4aa39dd94fe2bc816878c3a7621a09d5764
1629483,Napheesa Collier,players_directory,wnba,,,/get-all-players-for-league/wnba,{},20260602T225839Z,2026-06-02T22:58:40+00:00,a2e861af7b88f56710d70580028fb3d13e8d402ab4f0464260ae36f37ccb342f,"[""players""]",1629483,Napheesa Collier,players_directory,2026-06-02T22:58:43+00:00,20260602T225839Z,53bcfdc4ec128d6c5b0d1ed17e8c428acb83061d9e3a97c36f42436c4bd07f47
1629484,Megan Gustafson,players_directory,wnba,,,/get-all-players-for-league/wnba,{},20260602T225839Z,2026-06-02T22:58:40+00:00,087a16bf2b4a47391c0c0fd54590ddab71a278c4861cb7e90c2df0df69f1fe46,"[""players""]",1629484,Megan Gustafson,players_directory,2026-06-02T22:58:43+00:00,20260602T225839Z,27b0846fbfd0d1808e1ffc2251dba6e093de2193f08d3d3bd7d720a683e34ef9
1629485,Kristine Anigwe,players_directory,wnba,,,/get-all-players-for-league/wnba,{},20260602T225839Z,2026-06-02T22:58:40+00:00,e8a0e4aa6f286d88f6ab528f2f81f6b6440b404a50a775f8b45d0ddd81d5887e,"[""players""]",1629485,Kristine Anigwe,players_directory,2026-06-02T22:58:43+00:00,20260602T225839Z,0546602cd5264b7f0ac6251fdcd782a51aaa0855d56c177a289dc41bcec7142d
1629488,Brianna Turner,players_directory,wnba,,,/get-all-players-for-league/wnba,{},20260602T225839Z,2026-06-02T22:58:40+00:00,54088a1ba39e500a6d63874eb148804d55c29a2449307682e0ee5f3a124e5068,"[""players""]",1629488,Brianna Turner,players_directory,2026-06-02T22:58:43+00:00,20260602T225839Z,d0d09f5e5b3d04aa0f2b5f4e20bb1b00b8fca03e3873b111aaa51534f46097ea
1629490,Kitija Laksa,players_directory,wnba,,,/get-all-players-for-league/wnba,{},20260602T225839Z,2026-06-02T22:58:40+00:00,28dfd1f5283132a034fb5da65c51bec009e67e1b0280022d0113b2e747d6fe59,"[""players""]",1629490,Kitija Laksa,players_directory,2026-06-02T22:58:43+00:00,20260602T225839Z,2b2b9b411ef14b7d3c215b1ecb6f1edf9c632d54f976d18d00c3f9be703f80ed
1629491,Jessica Shepard,players_directory,wnba,,,/get-all-players-for-league/wnba,{},20260602T225839Z,2026-06-02T22:58:40+00:00,b4adfdc6be808eb5d47b9bc4c12f520012dd451113a6f92bec3b0739d971e501,"[""players""]",1629491,Jessica Shepard,players_directory,2026-06-02T22:58:43+00:00,20260602T225839Z,5310aef2f67b2ff9c1aecc2c280a5aad53a57821251c4a2e4c6f75d114e40e81
1629492,Beatrice Mompremier,players_directory,wnba,,,/get-all-players-for-league/wnba,{},20260602T225839Z,2026-06-02T22:58:40+00:00,e13dd58fe11cae0d0be19c8207b45c48f78a4b8a27efe1ce8bbe653e6867a108,"[""players""]",1629492,Beatrice Mompremier,players_directory,2026-06-02T22:58:43+00:00,20260602T225839Z,238f38745497505d4b5e184a4c6d8b703f48deaff3ce5e126d7416bc91626518
1629495,Kenisha Bell,players_directory,wnba,,,/get-all-players-for-league/wnba,{},20260602T225839Z,2026-06-02T22:58:40+00:00,2f80dfa5f87b07bfe626ef5ee5e5c274a7553712e4fd6a6b8442e43b5e2e1b59,"[""players""]",1629495,Kenisha Bell,players_directory,2026-06-02T22:58:43+00:00,20260602T225839Z,ee1882da4ce584499ef9acbe464477ed3486433e5f254074e82d479823712568
1629496,Ezi Magbegor,players_directory,wnba,,,/get-all-players-for-league/wnba,{},20260602T225839Z,2026-06-02T22:58:40+00:00,0f0a1c658776b55747799a837900eba37d52386506a5de958fda31773ff43ba3,"[""players""]",1629496,Ezi Magbegor,players_directory,2026-06-02T22:58:43+00:00,20260602T225839Z,096423aefb3392a58aa62721132abfc6e5de93085ef357d5e5cc12c3c0ee9fa6
1629497,Marina Mabrey,players_directory,wnba,,,/get-all-players-for-league/wnba,{},20260602T225839Z,2026-06-02T22:58:40+00:00,f3cace98a3528aeee5216aea7af4cb2e60b8324843b9b8d43f960ef490c2e58b,"[""players""]",1629497,Marina Mabrey,players_directory,2026-06-02T22:58:43+00:00,20260602T225839Z,6f06e89f9a0e9e815fd7562d5a3f54cc5f37bf1988034e941efea48fae08eddd
1629498,Jackie Young,players_directory,wnba,,,/get-all-players-for-league/wnba,{},20260602T225839Z,2026-06-02T22:58:40+00:00,4a1f41cfa79882fd090a43abe0e04c6781e01a58de374013e2fe853201c922f0,"[""players""]",1629498,Jackie Young,players_directory,2026-06-02T22:58:43+00:00,20260602T225839Z,a70b6e250315c14216c9f0872c75c4b7a693c1ae74147a1aebfee7afb4cbe86a
1629500,Anriel Howard,players_directory,wnba,,,/get-all-players-for-league/wnba,{},20260602T225839Z,2026-06-02T22:58:40+00:00,3124c5909f5c9845d785672f0c6f1c328f58d7942d13881a44d2740c77ff2919,"[""players""]",1629500,Anriel Howard,players_directory,2026-06-02T22:58:43+00:00,20260602T225839Z,36d8a4219d60472a278777c950461dd97ff692b27ce06102d59e579972971a9c
1629501,Alanna Smith,players_directory,wnba,,,/get-all-players-for-league/wnba,{},20260602T225839Z,2026-06-02T22:58:40+00:00,46139062c8370ddf4f378ca5b5e644d701f5071eca07f5800b9b05f0150e20b3,"[""players""]",1629501,Alanna Smith,players_directory,2026-06-02T22:58:43+00:00,20260602T225839Z,2d100835fd35e5013e7b1af55f1c5aec7c77fa110a722709c1c6e637d0e5b667
1629502,Paris Kea,players_directory,wnba,,,/get-all-players-for-league/wnba,{},20260602T225839Z,2026-06-02T22:58:40+00:00,e344be73941698a02b71059d6ab2e58fc54137fe91def63cf91b3ca8c35a78d9,"[""players""]",1629502,Paris Kea,players_directory,2026-06-02T22:58:43+00:00,20260602T225839Z,e27cabf469e622e28911e9912fbf4737066bfe5bbf1a5f8af9a00207131d903b
1629505,Chloe Jackson,players_directory,wnba,,,/get-all-players-for-league/wnba,{},20260602T225839Z,2026-06-02T22:58:40+00:00,a00983cb10603c629531c19760ad9a7ee887a26c120198a1e59820353a8c70e0,"[""players""]",1629505,Chloe Jackson,players_directory,2026-06-02T22:58:43+00:00,20260602T225839Z,e54219f77e4272a6af930b466b94be6e3a6ad681c51a6fef25a88acb163a1a96
1629506,Kiara Leslie,players_directory,wnba,,,/get-all-players-for-league/wnba,{},20260602T225839Z,2026-06-02T22:58:40+00:00,0288f81d31736c182b24d493dc592a5b3b7af4a9251eb5fc0a1941104025faa3,"[""players""]",1629506,Kiara Leslie,players_directory,2026-06-02T22:58:43+00:00,20260602T225839Z,0c43441cba17441498e6807272cd409f75934a9095b6878856d975f9245c97e7
1629524,Bridget Carleton,players_directory,wnba,,,/get-all-players-for-league/wnba,{},20260602T225839Z,2026-06-02T22:58:40+00:00,dc534d1ec15f07a49a44bc09437532617fd098355a429d8ca45805074721f132,"[""players""]",1629524,Bridget Carleton,players_directory,2026-06-02T22:58:43+00:00,20260602T225839Z,577f972b3e5a29574d1d591b6805705be8d2d77dca77187265a1c1f4b4c817bd
1629539,Amy Okonkwo,players_directory,wnba,,,/get-all-players-for-league/wnba,{},20260602T225839Z,2026-06-02T22:58:40+00:00,ddb9b038d1f75c20e01219c6a5c941cb4cb9a5ea4a68ecd95890bb9df4ce472f,"[""players""]",1629539,Amy Okonkwo,players_directory,2026-06-02T22:58:43+00:00,20260602T225839Z,a8e3a6b6014824c0ea7bd0a48fe91e4f9f45dcf331a9b128f2fff62074107e69
1629546,Marine Johannès,players_directory,wnba,,,/get-all-players-for-league/wnba,{},20260602T225839Z,2026-06-02T22:58:40+00:00,04a71a1fc8790458998af2b6340270441ae7943da171d777c5c89aeb5c13fe8a,"[""players""]",1629546,Marine Johannès,players_directory,2026-06-02T22:58:43+00:00,20260602T225839Z,56207f131dc51abb6083ef715c3234b034769d940296b11e62a5dd3c9af0ea99
1629566,Han Xu,players_directory,wnba,,,/get-all-players-for-league/wnba,{},20260602T225839Z,2026-06-02T22:58:40+00:00,247337856a79fe99587c52966431c303c6687bd3a4530bb3c1e347f710851b18,"[""players""]",1629566,Han Xu,players_directory,2026-06-02T22:58:43+00:00,20260602T225839Z,da8431c089e265291ec467c5b3fa548af0b644f308632962cf7c28e37bf3f16c
1629567,Natisha Hiedeman,players_directory,wnba,,,/get-all-players-for-league/wnba,{},20260602T225839Z,2026-06-02T22:58:40+00:00,db95716ddf2b8b6256191e6c278001ec7ad9bb86d6e528dbbeef55d0af0ecaed,"[""players""]",1629567,Natisha Hiedeman,players_directory,2026-06-02T22:58:43+00:00,20260602T225839Z,1c962e9250570e0aed9d6267daed17f791a92639481f577476dfd7b890bf3a7e
1629568,Kennedy Burke,players_directory,wnba,,,/get-all-players-for-league/wnba,{},20260602T225839Z,2026-06-02T22:58:40+00:00,223d6d24a0a89d8cf97d68b3d502c306bf6f0eb9ce64a18e909ad44c5ffdbe2d,"[""players""]",1629568,Kennedy Burke,players_directory,2026-06-02T22:58:43+00:00,20260602T225839Z,f08beb400aedad5a9f07806a639158b664ed37f5cd43dd904f7fd1a43d6086f6
1629569,Maite Cazorla,players_directory,wnba,,,/get-all-players-for-league/wnba,{},20260602T225839Z,2026-06-02T22:58:40+00:00,b548e28e61ad5f9083ed173640c831c2d388c5aeef23e105e7ea81bd06206fb2,"[""players""]",1629569,Maite Cazorla,players_directory,2026-06-02T22:58:43+00:00,20260602T225839Z,4b034340dacf7c7f1f6c6047b904c938a06310046d40d3303d5d77ebe238c74a
1629570,Megan Huff,players_directory,wnba,,,/get-all-players-for-league/wnba,{},20260602T225839Z,2026-06-02T22:58:40+00:00,05f28aa747dd80f3c8cde2f0ebc68b20601cd675d65bd0d6dda8df8373e87247,"[""players""]",1629570,Megan Huff,players_directory,2026-06-02T22:58:43+00:00,20260602T225839Z,4bd447664d742a9425cf410508a0ae7827cd9de36982b09a776d6297c82f698c
1629571,Morgan Bertsch,players_directory,wnba,,,/get-all-players-for-league/wnba,{},20260602T225839Z,2026-06-02T22:58:40+00:00,8f34b1c7c74bedffa489666ce1a6bed9b2b4c9d9ec91450a620a8b6ebb229b4a,"[""players""]",1629571,Morgan Bertsch,players_directory,2026-06-02T22:58:43+00:00,20260602T225839Z,41e40ab599e1afe6d99559815afca0d3e769d6b708339047bebefa33bee0c274
1629573,Arica Carter,players_directory,wnba,,,/get-all-players-for-league/wnba,{},20260602T225839Z,2026-06-02T22:58:40+00:00,597d177bb71a58da105dab79c60ec19c2442d2ac62875a2d8ff4e91387918f93,"[""players""]",1629573,Arica Carter,players_directory,2026-06-02T22:58:43+00:00,20260602T225839Z,bad02cdee8feef1b061a27d0c63b92fb78aa62031713342abae1ed29d9b94f02
1629574,Li Yueru,players_directory,wnba,,,/get-all-players-for-league/wnba,{},20260602T225839Z,2026-06-02T22:58:40+00:00,15463de432c3b5da77666b19be96fd0b9e7e91de59e3b29bdaaeee32a1a8d562,"[""players""]",1629574,Li Yueru,players_directory,2026-06-02T22:58:43+00:00,20260602T225839Z,b5f008b3c16441248371e000f63f2bae1ca78d7fe4f30cffc368de47143a23fd
1629576,Maria Conde,players_directory,wnba,,,/get-all-players-for-league/wnba,{},20260602T225839Z,2026-06-02T22:58:40+00:00,0402a9a280ed45b058c3ce89846a28b214e8a6e086c1a3fe236c891d0e5fd6ab,"[""players""]",1629576,Maria Conde,players_directory,2026-06-02T22:58:43+00:00,20260602T225839Z,683d35df3405f0c2e51ac72f86ff16087af4feed0e26b658ab4fac21ef9043f2
1629581,Emese Hof,players_directory,wnba,,,/get-all-players-for-league/wnba,{},20260602T225839Z,2026-06-02T22:58:40+00:00,8a6d9d76dfbc0ca81bd8b7703e2e4587aa0505ec9d52044552a4684c925ebeae,"[""players""]",1629581,Emese Hof,players_directory,2026-06-02T22:58:43+00:00,20260602T225839Z,c1cbfe182020d1983a191a472a23bfd228f94a22177e72ff7fafaa7c87f77113
1630043,Bernadett Hatar,players_directory,wnba,,,/get-all-players-for-league/wnba,{},20260602T225839Z,2026-06-02T22:58:40+00:00,6b3cb9acaba5e571d9897b147899fc1ee5a881afb482f4dfb97eb7358bf27a47,"[""players""]",1630043,Bernadett Hatar,players_directory,2026-06-02T22:58:43+00:00,20260602T225839Z,b9030b5948d5ac1423fc82d3f8dbbcb3774ed4d5b07656f4d2e73fcc4a6f3264
1630093,Bella Alarie,players_directory,wnba,,,/get-all-players-for-league/wnba,{},20260602T225839Z,2026-06-02T22:58:40+00:00,410a98ed3f89e3b7b6ebf56b19ebf3a77a6fae6ec9bf242ce35d4b09fce77208,"[""players""]",1630093,Bella Alarie,players_directory,2026-06-02T22:58:43+00:00,20260602T225839Z,53a1dc6f721ca6818d65ea1b477ddd6713701c93c43a0280936949574d3953c8
1630095,Brittany Brewer,players_directory,wnba,,,/get-all-players-for-league/wnba,{},20260602T225839Z,2026-06-02T22:58:40+00:00,66e71beb3eba70946a80cc97aa041d7450102fc97612d2e668b0dfaef4a73b99,"[""players""]",1630095,Brittany Brewer,players_directory,2026-06-02T22:58:43+00:00,20260602T225839Z,58df0029cc03ccfd1d40d1a9ddb1a808cf1a3ec11d090a4b69ed3e9767d3ae85
1630096,DiJonai Carrington,players_directory,wnba,,,/get-all-players-for-league/wnba,{},20260602T225839Z,2026-06-02T22:58:40+00:00,aa86d8aff3a96da6de5bd5f208eb51765cef632bcb3f4529c5d7f7f6085e5770,"[""players""]",1630096,DiJonai Carrington,players_directory,2026-06-02T22:58:43+00:00,20260602T225839Z,224445a80d8c6c525a475f5bebdb78b9f3773d7b662ad252030c25d5deaa7ef5
1630097,Kaila Charles,players_directory,wnba,,,/get-all-players-for-league/wnba,{},20260602T225839Z,2026-06-02T22:58:40+00:00,d8426ea78215234e98f94b852c94b1ca8fc34d16f8948b30f464c82b6e5b22c9,"[""players""]",1630097,Kaila Charles,players_directory,2026-06-02T22:58:43+00:00,20260602T225839Z,2e98b237cf77f3f05a1efe2703c68e88e5a144d1b01567b86559ed3f6dbc2055
1630099,Te'a Cooper,players_directory,wnba,,,/get-all-players-for-league/wnba,{},20260602T225839Z,2026-06-02T22:58:40+00:00,b99fe538ea9474c0eb155625a72174fa727138d7b144234fb2db8f358264c88e,"[""players""]",1630099,Te'a Cooper,players_directory,2026-06-02T22:58:43+00:00,20260602T225839Z,01a0bf20191fae11239eca3f4fa077d7e2eb2e7708af0a029ea9837da6540f22
1630100,Lauren Cox,players_directory,wnba,,,/get-all-players-for-league/wnba,{},20260602T225839Z,2026-06-02T22:58:40+00:00,4daa60fb2572f950021b920ffa4ebe02beb758127ed58decca2a7a62bcd60117,"[""players""]",1630100,Lauren Cox,players_directory,2026-06-02T22:58:43+00:00,20260602T225839Z,63849dbbe5bf5ccf3a598a4fedc12511bd1ae4dcc4dea29165827a86ec822bf8
1630101,Crystal Dangerfield,players_directory,wnba,,,/get-all-players-for-league/wnba,{},20260602T225839Z,2026-06-02T22:58:40+00:00,f8663921b1d7804104858c4df75eec9edc71c678fef6e42a1f603f28b80bf117,"[""players""]",1630101,Crystal Dangerfield,players_directory,2026-06-02T22:58:43+00:00,20260602T225839Z,9d4a1b7beb84a4b781df9de103f5da1127992cf53fb8003a7318e7819a9d3717
1630104,Kathleen Doyle,players_directory,wnba,,,/get-all-players-for-league/wnba,{},20260602T225839Z,2026-06-02T22:58:40+00:00,d00f88576b62763ebface3d5bde5e8b724fb7c3e19798432bd516547037d4e7b,"[""players""]",1630104,Kathleen Doyle,players_directory,2026-06-02T22:58:43+00:00,20260602T225839Z,5ed71094482d59baf90df0f70928b82b4a31c4769dd13343f0a61da0fea18139
1630108,Mariella Fasoula,players_directory,wnba,,,/get-all-players-for-league/wnba,{},20260602T225839Z,2026-06-02T22:58:40+00:00,6545954a8fe7a57a211c5ba5840a7e4f7a5e6feb66aa9110dfdc1f3a13c3741e,"[""players""]",1630108,Mariella Fasoula,players_directory,2026-06-02T22:58:43+00:00,20260602T225839Z,273173cf20d8c5ebd51fe739bae9e191f66ceb05dd0ac40bda9f644579abf1b1
1630110,Haley Gorecki,players_directory,wnba,,,/get-all-players-for-league/wnba,{},20260602T225839Z,2026-06-02T22:58:40+00:00,4be2bcead0a15cda73c8b38e70e0a6570f423ee384eaa317cdc9130fee68c079,"[""players""]",1630110,Haley Gorecki,players_directory,2026-06-02T22:58:43+00:00,20260602T225839Z,dbf7ec2070d335277ef3ffcfb7ae925a6d24b6fd4b4bd6c03b46db803826245f
1630112,Tyasha Harris,players_directory,wnba,,,/get-all-players-for-league/wnba,{},20260602T225839Z,2026-06-02T22:58:40+00:00,1f49c31e4d0d75773ecf640c6275458eafb90606ac61c015bf8e6bccec9c0dc8,"[""players""]",1630112,Tyasha Harris,players_directory,2026-06-02T22:58:43+00:00,20260602T225839Z,ec94371e9ff8920c854d023ac4e5ccdd2d03348088b13e89e974efa2b997b594
1630113,Ruthy Hebard,players_directory,wnba,,,/get-all-players-for-league/wnba,{},20260602T225839Z,2026-06-02T22:58:40+00:00,41e24d3234637911bec7d2f757c90ac7d297dca95aecd9c1bbcf218fbc5428e4,"[""players""]",1630113,Ruthy Hebard,players_directory,2026-06-02T22:58:43+00:00,20260602T225839Z,d1901a2c22c316003555058bf0736a7006d80e1a75396f0de8351018e6ea672d
1630114,Mikiah Herbert Harrigan,players_directory,wnba,,,/get-all-players-for-league/wnba,{},20260602T225839Z,2026-06-02T22:58:40+00:00,bcac2287fa2b76411ea703ff822efd90e79a2605664f6491e62d78e2f9c0251c,"[""players""]",1630114,Mikiah Herbert Harrigan,players_directory,2026-06-02T22:58:43+00:00,20260602T225839Z,69389f4b96556173e4aa4908253ca00a85d17f91b0f30edb4045e40edfceacc3
1630115,Joyner Holmes,players_directory,wnba,,,/get-all-players-for-league/wnba,{},20260602T225839Z,2026-06-02T22:58:40+00:00,3bd970ded9e0fb18bf3f13bd77ff88698e12d80ab6d61f3a9edcfbc41fbe33ef,"[""players""]",1630115,Joyner Holmes,players_directory,2026-06-02T22:58:43+00:00,20260602T225839Z,891cd7535c618dfd7b6398b466f0dd9f353d89fb54b6409f155111d0941431ce
1630118,Stella Johnson,players_directory,wnba,,,/get-all-players-for-league/wnba,{},20260602T225839Z,2026-06-02T22:58:40+00:00,d59ef17f5e48c208b5f96f63652d48986532431efecfebac777f096a33f5a97c,"[""players""]",1630118,Stella Johnson,players_directory,2026-06-02T22:58:43+00:00,20260602T225839Z,b5122bf5540d90a6cd3bbf3779ec37b0f6175ce56875ef5d96a5678014d99b49
1630119,Jazmine Jones,players_directory,wnba,,,/get-all-players-for-league/wnba,{},20260602T225839Z,2026-06-02T22:58:40+00:00,31197aebdca9949adae6ffe9ec4d01a3cc7de6bb061c7a63690b316b9ef586d5,"[""players""]",1630119,Jazmine Jones,players_directory,2026-06-02T22:58:43+00:00,20260602T225839Z,953d589281807004be163fa4ac927fd41fb23b4b621870a72fa78acb9e4cc060
1630120,Stephanie Jones,players_directory,wnba,,,/get-all-players-for-league/wnba,{},20260602T225839Z,2026-06-02T22:58:40+00:00,0834710e3d803ec99fef6be7cdf6aabf4a1c3c7da1abb11c962cbd87b3ef42e9,"[""players""]",1630120,Stephanie Jones,players_directory,2026-06-02T22:58:43+00:00,20260602T225839Z,569ddaee30d3a16ff7b6872ea913d3aff21a8ad8165a4f3e053fdf82854ef61b
1630127,Leaonna Odom,players_directory,wnba,,,/get-all-players-for-league/wnba,{},20260602T225839Z,2026-06-02T22:58:40+00:00,ba52ba94128e44fadc5f0717c2d4750029abe96ab69566bb0e650054d008a4ef,"[""players""]",1630127,Leaonna Odom,players_directory,2026-06-02T22:58:43+00:00,20260602T225839Z,77607e40429abd24fa5a9d20d1b43275d5bdb4f9c8eb8bd4233b1b4d111e6ff7
1630131,Kylee Shook,players_directory,wnba,,,/get-all-players-for-league/wnba,{},20260602T225839Z,2026-06-02T22:58:40+00:00,cf7b513c6739531976f98765b931735f92d3b5b9456c58d0805e43efd2ecdcde,"[""players""]",1630131,Kylee Shook,players_directory,2026-06-02T22:58:43+00:00,20260602T225839Z,bc7893d8df3cef931a556b47bf635822e0229301e27c3ae3cf72c967325ebe1a
1630134,Sug Sutton,players_directory,wnba,,,/get-all-players-for-league/wnba,{},20260602T225839Z,2026-06-02T22:58:40+00:00,8bd392298739f898a71a16cfddac076f0bf069b2d58d428060c537bc869ce77d,"[""players""]",1630134,Sug Sutton,players_directory,2026-06-02T22:58:43+00:00,20260602T225839Z,c939185b37c26185a75c8197e7a7e14fa50cdc3365284abaf90c4392c8946d1b
1630136,Megan Walker,players_directory,wnba,,,/get-all-players-for-league/wnba,{},20260602T225839Z,2026-06-02T22:58:40+00:00,5d4dd70a739ce150ce5db7bd1f595359a9b935fa3d491ba581ccb8b452d4000f,"[""players""]",1630136,Megan Walker,players_directory,2026-06-02T22:58:43+00:00,20260602T225839Z,8ab91ed6c3e552e23468c0556605facf8eff6f8ea9d63f91f9825e3f46736d1c
1630137,Stephanie Watts,players_directory,wnba,,,/get-all-players-for-league/wnba,{},20260602T225839Z,2026-06-02T22:58:40+00:00,adaabcec0f9c751daced3b942ce1fc2888ba046d64fedc392c8e3c5329845989,"[""players""]",1630137,Stephanie Watts,players_directory,2026-06-02T22:58:43+00:00,20260602T225839Z,8d999e33439c6976bc1a28e6c6fb54a3dba46b1a1d891f84d4137bba5b866746
1630138,Peyton Williams,players_directory,wnba,,,/get-all-players-for-league/wnba,{},20260602T225839Z,2026-06-02T22:58:40+00:00,49ea140528f6f8cf48e16fc3d94cab626ca4ab55adc7f14a27ebf76157e1caa4,"[""players""]",1630138,Peyton Williams,players_directory,2026-06-02T22:58:43+00:00,20260602T225839Z,025ecb26ca9ab340a0d68377bca651b261b5b52456796ebb3c7c280ca3747778
1630139,Jocelyn Willoughby,players_directory,wnba,,,/get-all-players-for-league/wnba,{},20260602T225839Z,2026-06-02T22:58:40+00:00,fcbd6b3c344a351f5c54ca632a8e75b22d0c2f4a73dc9f17365a03e5e6261826,"[""players""]",1630139,Jocelyn Willoughby,players_directory,2026-06-02T22:58:43+00:00,20260602T225839Z,f643efc61d7c05fd8858319a4d004bf39fb4c424df4b18ee2c61d31bbd6ba101
1630142,Leonie Fiebich,players_directory,wnba,,,/get-all-players-for-league/wnba,{},20260602T225839Z,2026-06-02T22:58:40+00:00,577fa0a65eac23a4396e8e26ce13a1a579bbb1fd0da718cd4acd1337f3e7c9bf,"[""players""]",1630142,Leonie Fiebich,players_directory,2026-06-02T22:58:43+00:00,20260602T225839Z,5a147c1b4c90651dfbe4e5d4c727b260979cc4bbfb71b09496a45e3e61a01553
1630143,Luisa Geiselsöder,players_directory,wnba,,,/get-all-players-for-league/wnba,{},20260602T225839Z,2026-06-02T22:58:40+00:00,dac0f4d9a34b4ce38c1999218de8cfd4f3ce24cd5e7bd1904b4a4cbcf3b1c6dd,"[""players""]",1630143,Luisa Geiselsöder,players_directory,2026-06-02T22:58:43+00:00,20260602T225839Z,ef14667ce479537e1064027b8d7c149211412ad6361a361dd633ed6a30f9d30d
1630148,Jihyun Park,players_directory,wnba,,,/get-all-players-for-league/wnba,{},20260602T225839Z,2026-06-02T22:58:40+00:00,1f6f1d0561edff9ca48c2883f346c118160f188a623bfacd7615244fff3b3ff5,"[""players""]",1630148,Jihyun Park,players_directory,2026-06-02T22:58:43+00:00,20260602T225839Z,2fc1b82ae4c83db684bd9692a0d7616247e6100838852f743eead1c5e2e5700b
1630149,Satou Sabally,players_directory,wnba,,,/get-all-players-for-league/wnba,{},20260602T225839Z,2026-06-02T22:58:40+00:00,27514a1d4fb7fd98ad4c7d6fba3740a354e6c9509c37776d9423e6cc1a9a19ae,"[""players""]",1630149,Satou Sabally,players_directory,2026-06-02T22:58:43+00:00,20260602T225839Z,77f2f99bc1c64f211b9191af1fd0c072255ce717ece0bf734eb41bba14fd8893
1630150,Chennedy Carter,players_directory,wnba,,,/get-all-players-for-league/wnba,{},20260602T225839Z,2026-06-02T22:58:40+00:00,7e58d9b7def78ccec7163c7a3a3566eefd3220c9e61e1a16549d3a521328ef68,"[""players""]",1630150,Chennedy Carter,players_directory,2026-06-02T22:58:43+00:00,20260602T225839Z,7583bfcc1d29934cbf5ac067057a3e87a8d7341825e86b1264a7d19e39381337
1630151,Olivia Époupa,players_directory,wnba,,,/get-all-players-for-league/wnba,{},20260602T225839Z,2026-06-02T22:58:40+00:00,2212bff44866b332c45083ab20ff3b26185553377ced7488230c76c3e7ffcb47,"[""players""]",1630151,Olivia Époupa,players_directory,2026-06-02T22:58:43+00:00,20260602T225839Z,46b98a2b648ffd004cd5cad8bcb6d64ea236e8f977405e41c0632df21c4daf57
1630153,Jaylyn Agnew,players_directory,wnba,,,/get-all-players-for-league/wnba,{},20260602T225839Z,2026-06-02T22:58:40+00:00,0bb9a416b8441ca4e5dcb9336cc0e74d2c2fd124146351e5969fa1030faba9d9,"[""players""]",1630153,Jaylyn Agnew,players_directory,2026-06-02T22:58:43+00:00,20260602T225839Z,22b3fdab0eadfdfaff51a32f193426ad353bb6d7b3afe5c27c81bc13f6792a0a
1630154,Kamiah Smalls,players_directory,wnba,,,/get-all-players-for-league/wnba,{},20260602T225839Z,2026-06-02T22:58:40+00:00,7886597b5edcf6dacd9afbbafa15f8fe02fc4a97884658dd409a23d42bd026a7,"[""players""]",1630154,Kamiah Smalls,players_directory,2026-06-02T22:58:43+00:00,20260602T225839Z,1646a769ce1088b359378abef796220764b491620fea92270920daaedd6d56bb
1630384,Raquel Carrera,players_directory,wnba,,,/get-all-players-for-league/wnba,{},20260602T225839Z,2026-06-02T22:58:40+00:00,b34c99fd087b3427ac9509d5b39fb17a1b57d1d782d7e1edb5d376b37e6ddd45,"[""players""]",1630384,Raquel Carrera,players_directory,2026-06-02T22:58:43+00:00,20260602T225839Z,b4bfb37cc406548cb093ba0476c7491d1f5a50c43e8e7f2ea731f0c6dc95884e
1630385,Shyla Heal,players_directory,wnba,,,/get-all-players-for-league/wnba,{},20260602T225839Z,2026-06-02T22:58:40+00:00,c89bcd3a255c8fc3069b78d9d14eefaf023355cc3210aa49049d02651432ee26,"[""players""]",1630385,Shyla Heal,players_directory,2026-06-02T22:58:43+00:00,20260602T225839Z,8390af12f9376687a5ce80fd6620bfcd9881a87851d733529e50a275eb793023
1630386,Awak Kuier,players_directory,wnba,,,/get-all-players-for-league/wnba,{},20260602T225839Z,2026-06-02T22:58:40+00:00,9f8d65a14c04365c12c1f15fae8806addea0b5b39b37614c4a5eef17be9971fe,"[""players""]",1630386,Awak Kuier,players_directory,2026-06-02T22:58:43+00:00,20260602T225839Z,b3072dfc781e90213209f277bb5ce1123280cf965c08bc96058d18c40053cf48
1630387,Iliana Rupert,players_directory,wnba,,,/get-all-players-for-league/wnba,{},20260602T225839Z,2026-06-02T22:58:40+00:00,9fd6a0f13f8de8bb88474f5f8144453321c8cb9e762032773d665243ed28c288,"[""players""]",1630387,Iliana Rupert,players_directory,2026-06-02T22:58:43+00:00,20260602T225839Z,c2fc8e742818bf607ac8fa3a5a785ff5f1fcb19eb3e4543ab82703ddc8ccb34c
1630389,Dana Evans,players_directory,wnba,,,/get-all-players-for-league/wnba,{},20260602T225839Z,2026-06-02T22:58:40+00:00,25bd30e83050359ecab31f6be1cd39164a4454b59a5a1d7d8a87bf598b312b34,"[""players""]",1630389,Dana Evans,players_directory,2026-06-02T22:58:43+00:00,20260602T225839Z,37a66d2802336bfc47613e3f76fb5998eb1c456d258a3c5e958afdefc86f2202
1630435,Destiny Slocum,players_directory,wnba,,,/get-all-players-for-league/wnba,{},20260602T225839Z,2026-06-02T22:58:40+00:00,3df953de18b968217808dbd58d9f6abc9eccb915e8c04b76b705a3ca805b7aaf,"[""players""]",1630435,Destiny Slocum,players_directory,2026-06-02T22:58:43+00:00,20260602T225839Z,1684d9dda27008a61047a937706445e4c0c4c987df339fc3290e1a2d93cd8739
1630437,Chelsey Perry,players_directory,wnba,,,/get-all-players-for-league/wnba,{},20260602T225839Z,2026-06-02T22:58:40+00:00,3e5cad7752e47e56d80c7ff7370c589bf2952a31e8f95d963819e56d676ca483,"[""players""]",1630437,Chelsey Perry,players_directory,2026-06-02T22:58:43+00:00,20260602T225839Z,4993c18b73dbf009f594444262b6eaccbc1c3f8eaf2e601a7a7a5a94982ba2f8
1630438,Kysre Gondrezick,players_directory,wnba,,,/get-all-players-for-league/wnba,{},20260602T225839Z,2026-06-02T22:58:40+00:00,ea13dab4401fed2dbb79109a53fee45bc219208dddbebe43f218a298345ac310,"[""players""]",1630438,Kysre Gondrezick,players_directory,2026-06-02T22:58:43+00:00,20260602T225839Z,f7473d2218f176fee351e6906edda0f5c4a1fde083b2568ed7e11e388be559ad
1630440,Chelsea Dungee,players_directory,wnba,,,/get-all-players-for-league/wnba,{},20260602T225839Z,2026-06-02T22:58:40+00:00,ee3d41e5d661d3d4c36a3db2ba9e19ff839c816960d82c9f2f3e093a1e488dd0,"[""players""]",1630440,Chelsea Dungee,players_directory,2026-06-02T22:58:43+00:00,20260602T225839Z,865399cbf1b57c69d24fe32239183360f399e3f8e79ab7e25ab306812a5a801d
1630441,Arella Guirantes,players_directory,wnba,,,/get-all-players-for-league/wnba,{},20260602T225839Z,2026-06-02T22:58:40+00:00,4c0f2f2556b7a8e731d894234c5bea17af1d6b7649a9ad366b8221c3e56e7a72,"[""players""]",1630441,Arella Guirantes,players_directory,2026-06-02T22:58:43+00:00,20260602T225839Z,8507e5623a7ffc5b385391d3c4534ad9282f8dadd4fb9cbbde110e81b62168a9
1630442,Natasha Mack,players_directory,wnba,,,/get-all-players-for-league/wnba,{},20260602T225839Z,2026-06-02T22:58:40+00:00,8dc7c7d9af7be51327b95f5c17658a7baf2409adaf8b640d1e6f3fc886995ce2,"[""players""]",1630442,Natasha Mack,players_directory,2026-06-02T22:58:43+00:00,20260602T225839Z,f90024f744cb8a01dddc12ca92794623d718669f1bc94eddcb4e3799abfc097b
1630444,Jasmine Walker,players_directory,wnba,,,/get-all-players-for-league/wnba,{},20260602T225839Z,2026-06-02T22:58:40+00:00,6521911113cc97d11618d95ef59ff9e7fe47e25930f9a257979f455f2eda00a7,"[""players""]",1630444,Jasmine Walker,players_directory,2026-06-02T22:58:43+00:00,20260602T225839Z,150480f76ef594b93d224ec2f9b0d3320d28a3412a8831bcf6deda295a0ebd82
1630446,Michaela Onyenwere,players_directory,wnba,,,/get-all-players-for-league/wnba,{},20260602T225839Z,2026-06-02T22:58:40+00:00,603e857b55ff91b95769ae43e01c865f372699e04e1a836f8f27c68579d9c41b,"[""players""]",1630446,Michaela Onyenwere,players_directory,2026-06-02T22:58:43+00:00,20260602T225839Z,9ea0bcc9d7ea5f709c834ad72a92d48139a133c89173cb1214e3d886bda12a3c
1630452,Rennia Davis,players_directory,wnba,,,/get-all-players-for-league/wnba,{},20260602T225839Z,2026-06-02T22:58:40+00:00,7cd95309524aa5830d360999322760d105c77f5e70be2ddaea371e979dcace6c,"[""players""]",1630452,Rennia Davis,players_directory,2026-06-02T22:58:43+00:00,20260602T225839Z,818412b88fcea2d0ad854aaa71f34c2c879abf0647938b3ef27331f2cfac7b03
1630453,Aleah Goodman,players_directory,wnba,,,/get-all-players-for-league/wnba,{},20260602T225839Z,2026-06-02T22:58:40+00:00,94b285fc455610df565878f56d497ccf6b26be3a33dc1907b0d160f8c4504dd2,"[""players""]",1630453,Aleah Goodman,players_directory,2026-06-02T22:58:43+00:00,20260602T225839Z,e4cc9962efc09d7f02f95938f7e09ff04b59e17e449726cc7436f76ff8ac6e0b
1630454,Charli Collier,players_directory,wnba,,,/get-all-players-for-league/wnba,{},20260602T225839Z,2026-06-02T22:58:40+00:00,1906152bd8b00fea77cd972bd44c4989646faa9480075b4adce16bc8071732d1,"[""players""]",1630454,Charli Collier,players_directory,2026-06-02T22:58:43+00:00,20260602T225839Z,85aa7d92e6aacbc3af1991709676ff6295b5a1cee94139233eb9340e012aee9c
1630458,Aaliyah Wilson,players_directory,wnba,,,/get-all-players-for-league/wnba,{},20260602T225839Z,2026-06-02T22:58:40+00:00,1799f201f131852aa44acbf2fab1ff91f19f36ffca98628f3e175ef1d7da8fef,"[""players""]",1630458,Aaliyah Wilson,players_directory,2026-06-02T22:58:43+00:00,20260602T225839Z,f55dc1c248ce86a7087789cff5906d36f58432447bd2a2b25c879cd0db7e0408
1630459,DiDi Richards,players_directory,wnba,,,/get-all-players-for-league/wnba,{},20260602T225839Z,2026-06-02T22:58:40+00:00,1031d9a053d08776d9eb658a30f954ca007f2dce421b6646272b0a7940488bf8,"[""players""]",1630459,DiDi Richards,players_directory,2026-06-02T22:58:43+00:00,20260602T225839Z,59d731dc0ebbee46f451fc554a3666bf3b9238251ffaee383cfa38ef8d1bff36
1630461,Kiana Williams,players_directory,wnba,,,/get-all-players-for-league/wnba,{},20260602T225839Z,2026-06-02T22:58:40+00:00,6b498b478467a158c7ad6e86b07db1d9ca75094990035d2f37e66120c7dbdbc0,"[""players""]",1630461,Kiana Williams,players_directory,2026-06-02T22:58:43+00:00,20260602T225839Z,da68c1586df17efb3824a2d1fa76531ce6a85825658f1d1a1ed4a0be3b42c58f
1630462,Aari McDonald,players_directory,wnba,,,/get-all-players-for-league/wnba,{},20260602T225839Z,2026-06-02T22:58:40+00:00,880c775a45501564b60145b07bd7e9afcbab6925a503168c8c0297a913d95fa2,"[""players""]",1630462,Aari McDonald,players_directory,2026-06-02T22:58:43+00:00,20260602T225839Z,89ba9abf6c80847e5495f505585478f6860d3fb6704865d82efae90694331464
1630469,Marine Fauthoux,players_directory,wnba,,,/get-all-players-for-league/wnba,{},20260602T225839Z,2026-06-02T22:58:40+00:00,b4a61566beefb271586264b15681f927f3314893c60bdeebf5b27679f28dc415,"[""players""]",1630469,Marine Fauthoux,players_directory,2026-06-02T22:58:43+00:00,20260602T225839Z,8792127baa5f2f0b398265daf25b0dae3b7316ebffcc0b8ffa1232a11a6cbf65
1630471,Maya Caldwell,players_directory,wnba,,,/get-all-players-for-league/wnba,{},20260602T225839Z,2026-06-02T22:58:40+00:00,59b88275baa0f22c7957fe8d9d9a555b02f7da524e7d1c987a937b331bf85102,"[""players""]",1630471,Maya Caldwell,players_directory,2026-06-02T22:58:43+00:00,20260602T225839Z,2712ac6e4d0a22282c629d557b301d684abfc1d295ce344a7e5aa534903f2393
1630479,Sparkle Taylor,players_directory,wnba,,,/get-all-players-for-league/wnba,{},20260602T225839Z,2026-06-02T22:58:40+00:00,e8b65a5e3a34dd2d1f7344fdf1aac3192d5dc4bb2ace59cc5ec166073be3b09a,"[""players""]",1630479,Sparkle Taylor,players_directory,2026-06-02T22:58:43+00:00,20260602T225839Z,d943ff43ffae4c46dc7c9c917e3e96198678d963b0e1e9a5c15c758170a02f44
1630957,Rui Machida,players_directory,wnba,,,/get-all-players-for-league/wnba,{},20260602T225839Z,2026-06-02T22:58:40+00:00,3be03f29674feff199fba1a8c32cb46a833b3c3e600f0f2465ff5c26f5798887,"[""players""]",1630957,Rui Machida,players_directory,2026-06-02T22:58:43+00:00,20260602T225839Z,a8d3af43bde54b54d716f3f1776915c7685ed887b35a403527829ea4a771018e
1630961,Tina Krajisnik,players_directory,wnba,,,/get-all-players-for-league/wnba,{},20260602T225839Z,2026-06-02T22:58:40+00:00,9740edf9f31017541e20eafd9ba8105f3e8d7bd81d942e0cb5f68c952ebab6ee,"[""players""]",1630961,Tina Krajisnik,players_directory,2026-06-02T22:58:43+00:00,20260602T225839Z,f926114230132ef5ed7b59dcb55c0d6a297b391416dc6b80ac365685f23a066c
1630993,Anneli Maley,players_directory,wnba,,,/get-all-players-for-league/wnba,{},20260602T225839Z,2026-06-02T22:58:40+00:00,1c939e1f3c5f6ab31b745cbb46abd60ba72fd6e726ad92aabc4d56bbd97c696e,"[""players""]",1630993,Anneli Maley,players_directory,2026-06-02T22:58:43+00:00,20260602T225839Z,0536e87279edf8c66c9f99e16165bd61798a076bdf5c5d4028f1dc62ca258d8c
1630996,Rae Burrell,players_directory,wnba,,,/get-all-players-for-league/wnba,{},20260602T225839Z,2026-06-02T22:58:40+00:00,6496c753498732ecf350546a62a545c57af924c299f3eea1f4b3359d449a3fb0,"[""players""]",1630996,Rae Burrell,players_directory,2026-06-02T22:58:43+00:00,20260602T225839Z,9bb1add2fb7e7e231328975ae7c9b8d493cd6733fb96ce0fc1bee49bea4b1764
1631002,Nia Clouden,players_directory,wnba,,,/get-all-players-for-league/wnba,{},20260602T225839Z,2026-06-02T22:58:40+00:00,bd95799de1619cd4f44a5ae170d55faaa3ff51aa94c7c7fc740fc0131bd933e3,"[""players""]",1631002,Nia Clouden,players_directory,2026-06-02T22:58:43+00:00,20260602T225839Z,814a51f353fb0fc664a9db3f4d585ffa2ed77bb983f2ba9750a001bbd0e7791a
1631006,Kierstan Bell,players_directory,wnba,,,/get-all-players-for-league/wnba,{},20260602T225839Z,2026-06-02T22:58:40+00:00,d4844289d0e03ef4dbb44012fa9002f54dd144bdda170716a664cf19fca1932b,"[""players""]",1631006,Kierstan Bell,players_directory,2026-06-02T22:58:43+00:00,20260602T225839Z,c2c32fdd4c7bffe35e4c2062c86e1d153d95c7b2f13693d5fd95500780aa0485
1631007,Veronica Burton,players_directory,wnba,,,/get-all-players-for-league/wnba,{},20260602T225839Z,2026-06-02T22:58:40+00:00,9041a93a32647a88ac017da11a85be33bd38e9bcea5a5e2769e6cce21e0fe0e0,"[""players""]",1631007,Veronica Burton,players_directory,2026-06-02T22:58:43+00:00,20260602T225839Z,3c5bff227e1bf1bdc767b73d2268870bfe7b4a75b51eadfa1178610f44a126b8
1631009,Rhyne Howard,players_directory,wnba,,,/get-all-players-for-league/wnba,{},20260602T225839Z,2026-06-02T22:58:40+00:00,e6f8e0fd062aa75e29c271b69a7bb24a294be8b3f87a0987217043b95d605c9b,"[""players""]",1631009,Rhyne Howard,players_directory,2026-06-02T22:58:43+00:00,20260602T225839Z,d4cc4f35fe9acc091fcb6ba9cd24f7c7a60f52e6ec50badaef501bc278434514
1631013,Aisha Sheppard,players_directory,wnba,,,/get-all-players-for-league/wnba,{},20260602T225839Z,2026-06-02T22:58:40+00:00,7d469e8be6c5e1e16bb593d6eb4dfc5be68832a7af95e629ddf0e4c50125c6a1,"[""players""]",1631013,Aisha Sheppard,players_directory,2026-06-02T22:58:43+00:00,20260602T225839Z,62e39b3104b3061983b084035b25b22acdbffac5eb82f483760504de6d2d8b77
1631019,NaLyssa Smith,players_directory,wnba,,,/get-all-players-for-league/wnba,{},20260602T225839Z,2026-06-02T22:58:40+00:00,7c79052eac4d55cead99d160f1d16f454f4f49e400b3def94ce20dff19e2d589,"[""players""]",1631019,NaLyssa Smith,players_directory,2026-06-02T22:58:43+00:00,20260602T225839Z,d7c7ec566db0290acf740758342a852d26a5ccd073c8584d39435f17cd0e16a4
1631021,Sika Koné,players_directory,wnba,,,/get-all-players-for-league/wnba,{},20260602T225839Z,2026-06-02T22:58:40+00:00,7cdd924539ff06a6f85864278ffb76406a19254cc476978d14e3f6b33032e4d8,"[""players""]",1631021,Sika Koné,players_directory,2026-06-02T22:58:43+00:00,20260602T225839Z,6154fe91134f1c608b26795fc846dd0f8fef6fd2ba24ca1ec951fb5f73520377
1631022,Shakira Austin,players_directory,wnba,,,/get-all-players-for-league/wnba,{},20260602T225839Z,2026-06-02T22:58:40+00:00,f7e228576acd3f548d76c632cbcda1d5c84239926893d5556c435a92723c4c0c,"[""players""]",1631022,Shakira Austin,players_directory,2026-06-02T22:58:43+00:00,20260602T225839Z,6641235cb0f3042d713d829e84cb45522fb4162c0702605beecfc2190e9cf66f
1631029,Jasmine Dickey,players_directory,wnba,,,/get-all-players-for-league/wnba,{},20260602T225839Z,2026-06-02T22:58:40+00:00,8115b3c15bd895a44f746cc4f25bf416647ffea351cbf952387c3b6989010fce,"[""players""]",1631029,Jasmine Dickey,players_directory,2026-06-02T22:58:43+00:00,20260602T225839Z,4d10b39a32fc120db967c03e96289f409982ce6b0cac8cab16d5d87f138966d3
1631031,Queen Egbo,players_directory,wnba,,,/get-all-players-for-league/wnba,{},20260602T225839Z,2026-06-02T22:58:40+00:00,844f5fbcf106c4664142fdc60f542a50bd763e289a094a4eb1ea9d8b7a0108ef,"[""players""]",1631031,Queen Egbo,players_directory,2026-06-02T22:58:43+00:00,20260602T225839Z,0a076791d50f783307455bf72294073d3e9e83237a94a89bb0b12ebcc76ecc1e
1631032,Lorela Cubaj,players_directory,wnba,,,/get-all-players-for-league/wnba,{},20260602T225839Z,2026-06-02T22:58:40+00:00,ad16eddd3ed6f85130af267d17b28a9cf6d831e374f4a2cf2e664a45578aa16e,"[""players""]",1631032,Lorela Cubaj,players_directory,2026-06-02T22:58:43+00:00,20260602T225839Z,79cc13e8d1edc205fd9928e449b1ff5654325efde69d1a15af766051d098804f
1631039,Miela Sowah,players_directory,wnba,,,/get-all-players-for-league/wnba,{},20260602T225839Z,2026-06-02T22:58:40+00:00,cf4f9007291894f42cacdf793c12964c317316e0937c55b5adc13efc521718ed,"[""players""]",1631039,Miela Sowah,players_directory,2026-06-02T22:58:43+00:00,20260602T225839Z,f9c8e9fd3a0b96d191dfdaa01912518195c3a68f1fb55e5bd421902945fae7c6
1631044,Naz Hillmon,players_directory,wnba,,,/get-all-players-for-league/wnba,{},20260602T225839Z,2026-06-02T22:58:40+00:00,0777ab388c5ead7e775c1cb9f2fd567103f1a3fd31b186479f4375e4822aa438,"[""players""]",1631044,Naz Hillmon,players_directory,2026-06-02T22:58:43+00:00,20260602T225839Z,fe6dfcf1a72120d50d4e3bd5c032f0c03a5b1ee99f1e128a809983f3499c86ba
1631046,Hannah Sjerven,players_directory,wnba,,,/get-all-players-for-league/wnba,{},20260602T225839Z,2026-06-02T22:58:40+00:00,6355051cf166e3d79bb4e087888c99eee6fdde47f500d1f939514dc52aeb7a6f,"[""players""]",1631046,Hannah Sjerven,players_directory,2026-06-02T22:58:43+00:00,20260602T225839Z,97f68077666a849accb938c1e9619c316515b97749e4333cf8f3c6833c91750d
1631055,Nyara Sabally,players_directory,wnba,,,/get-all-players-for-league/wnba,{},20260602T225839Z,2026-06-02T22:58:40+00:00,f75e9580fa976a416d29dc67d19a536d407b03948b21e2ee70f052a23f5e5767,"[""players""]",1631055,Nyara Sabally,players_directory,2026-06-02T22:58:43+00:00,20260602T225839Z,7d1014120e6b7c35df986ef2ea5d5e41b6d480305ccc82c709791999a2b2196c
1631056,Amy Atwell,players_directory,wnba,,,/get-all-players-for-league/wnba,{},20260602T225839Z,2026-06-02T22:58:40+00:00,effb8aba6026b861877daf7355740e8238480cbd5d5816898db1d8b2fa857333,"[""players""]",1631056,Amy Atwell,players_directory,2026-06-02T22:58:43+00:00,20260602T225839Z,3c13bdefed09cc81ec6d9a11a247883a8fb01565f803d00159244d21b4bbd103
1631062,Khayla Pointer,players_directory,wnba,,,/get-all-players-for-league/wnba,{},20260602T225839Z,2026-06-02T22:58:40+00:00,fb4700ad4e016bb0df9b522cc047b393bc1c4b566b4f4b37b9a35fb79eef898e,"[""players""]",1631062,Khayla Pointer,players_directory,2026-06-02T22:58:43+00:00,20260602T225839Z,561df803e36ab9bcd35973e79a961f75ee4469ac4cf68374c4ebbafd9ef31ab3
1631064,Chloe Bibby,players_directory,wnba,,,/get-all-players-for-league/wnba,{},20260602T225839Z,2026-06-02T22:58:40+00:00,92021e18f7bd8efff11d40c8dd637617861af409f1b65fc0186efd7ad5734373,"[""players""]",1631064,Chloe Bibby,players_directory,2026-06-02T22:58:43+00:00,20260602T225839Z,f7f6126f6499a608be6bde04f408c1685dcc6d9e1518e39de6b3b7464393cf7f
1631068,Sam Thomas,players_directory,wnba,,,/get-all-players-for-league/wnba,{},20260602T225839Z,2026-06-02T22:58:40+00:00,791cd84aaae2c9209a52c1f1495f035153f868a87600d0e255cf35b16e31968b,"[""players""]",1631068,Sam Thomas,players_directory,2026-06-02T22:58:43+00:00,20260602T225839Z,28ff6e88285a689887c0dbb64f0a51a04965dfef8f570c66b27a709fb522a176
1631072,Elissa Cunane,players_directory,wnba,,,/get-all-players-for-league/wnba,{},20260602T225839Z,2026-06-02T22:58:40+00:00,55b4377239a23a0809684728b26ab1c0bbd92983580210bddd7091b16380c575,"[""players""]",1631072,Elissa Cunane,players_directory,2026-06-02T22:58:43+00:00,20260602T225839Z,edee0966bbcf47b3a73dc631c7475faaaa35c48cd8393b611ff21f1b557677dd
1631073,Raina Perez,players_directory,wnba,,,/get-all-players-for-league/wnba,{},20260602T225839Z,2026-06-02T22:58:40+00:00,6c7c2c785b61031cd65d179610cf4209cf7826b8b5593f9a04d80786eca9ae8b,"[""players""]",1631073,Raina Perez,players_directory,2026-06-02T22:58:43+00:00,20260602T225839Z,aeec1de23ef669d75a77c64d335022f5bac19cbf7f95d3f746cb12d353d75518
1631081,Katie Benzan,players_directory,wnba,,,/get-all-players-for-league/wnba,{},20260602T225839Z,2026-06-02T22:58:40+00:00,2ad2b34411e32d9a511b42351acb326d647dbbb6fe9086a92f3a3ea3aa256756,"[""players""]",1631081,Katie Benzan,players_directory,2026-06-02T22:58:43+00:00,20260602T225839Z,6d88b2e6f52cf488e0f617419d35e827f1d42d6946e713141bc8f54ea8fd7cf2
1631083,Emily Engstler,players_directory,wnba,,,/get-all-players-for-league/wnba,{},20260602T225839Z,2026-06-02T22:58:40+00:00,5482c04b708e2c36d81e011941db4207a7b40954e6fa094e3ab254c8b75cf8c7,"[""players""]",1631083,Emily Engstler,players_directory,2026-06-02T22:58:43+00:00,20260602T225839Z,909ada701aa637077af6c5e0e6b2a2e6d02547c5bfe0f3dba96fe319fee3177b
1631086,Lexie Hull,players_directory,wnba,,,/get-all-players-for-league/wnba,{},20260602T225839Z,2026-06-02T22:58:40+00:00,ef582512e9496de851f4fd069e2d9b3ea2365a5a525a7b958e35119208f995bf,"[""players""]",1631086,Lexie Hull,players_directory,2026-06-02T22:58:43+00:00,20260602T225839Z,bd2a945f51dc6dd346e2d555608940e772e43c4ec9aaa8a7bc1e203551683aa2
1631089,Destanni Henderson,players_directory,wnba,,,/get-all-players-for-league/wnba,{},20260602T225839Z,2026-06-02T22:58:40+00:00,70629ecc8656afb5311a6e25f6490f0640db8143ac86c56c3bfbf94e425bb717,"[""players""]",1631089,Destanni Henderson,players_directory,2026-06-02T22:58:43+00:00,20260602T225839Z,6219609dad5db4512b1187ecb2f03093a92d5745d50fdfa32bebeb967d1b2251
1631090,Christyn Williams,players_directory,wnba,,,/get-all-players-for-league/wnba,{},20260602T225839Z,2026-06-02T22:58:40+00:00,514397dcee5a762c48ad00942c7ff83c9bf758743546b0f95a672112e0477448,"[""players""]",1631090,Christyn Williams,players_directory,2026-06-02T22:58:43+00:00,20260602T225839Z,ea2e6ef7e26a7f3c08420699c2fb3b2717e6d41211374c4931c6fafaf1818a82
1631091,Evina Westbrook,players_directory,wnba,,,/get-all-players-for-league/wnba,{},20260602T225839Z,2026-06-02T22:58:40+00:00,ce3cca45c46dbdfded6193e38c6823d508468a34493dd3e1a08ca5355bc54486,"[""players""]",1631091,Evina Westbrook,players_directory,2026-06-02T22:58:43+00:00,20260602T225839Z,ed1890c890998ff5435b8f8e5bae00f6fef7c4372783981caa903ea29f4482c3
1631118,Lexi Held,players_directory,wnba,,,/get-all-players-for-league/wnba,{},20260602T225839Z,2026-06-02T22:58:40+00:00,6e1b236ade219c987c7bd836e01e36a443259220ddf86291903edfb5c8f369cd,"[""players""]",1631118,Lexi Held,players_directory,2026-06-02T22:58:43+00:00,20260602T225839Z,095429b389c8375f8f3d24c6ed78aeebe237871f8007dda3414666efb472121a
1631135,Olivia Nelson-Ododa,players_directory,wnba,,,/get-all-players-for-league/wnba,{},20260602T225839Z,2026-06-02T22:58:40+00:00,ed3bd8bbaba76794103bce7587cd01e86863a82b5319a88493ed390f720baf81,"[""players""]",1631135,Olivia Nelson-Ododa,players_directory,2026-06-02T22:58:43+00:00,20260602T225839Z,3dc80f08231fa872b8aa8340fb9d9aa55d083599f6a9d8543ccdba857ff57fdf
1631136,Pauline Astier,players_directory,wnba,,,/get-all-players-for-league/wnba,{},20260602T225839Z,2026-06-02T22:58:40+00:00,6d15b6461b3f2aa614bab0741f8024c7dbaa50c5f26bb3c58ff25caa4b770a2c,"[""players""]",1631136,Pauline Astier,players_directory,2026-06-02T22:58:43+00:00,20260602T225839Z,ddd35fbf2eb21911afedcf2876b2765c2ae08b8696f6dc4a3b69c47d03149611
1631141,Jade Melbourne,players_directory,wnba,,,/get-all-players-for-league/wnba,{},20260602T225839Z,2026-06-02T22:58:40+00:00,fa8be900b45e6af715688ef3dc392b984e0713a8142b8b027255d08cb644ad67,"[""players""]",1631141,Jade Melbourne,players_directory,2026-06-02T22:58:43+00:00,20260602T225839Z,9c5b8f783650b8db55b0548a2ba830edc7ad28d6e6be6faeadd4780e27300c0c
1631147,Kianna Smith,players_directory,wnba,,,/get-all-players-for-league/wnba,{},20260602T225839Z,2026-06-02T22:58:40+00:00,2d5791f7bdacf3e8e3b920d861553b9c248c21cc12598af4b629535045e3c228,"[""players""]",1631147,Kianna Smith,players_directory,2026-06-02T22:58:43+00:00,20260602T225839Z,8c6f0612b2579a58cd5ac44793a29d0544a93046ba83455e15e6859522e848c1
1631263,Nikolina Milic,players_directory,wnba,,,/get-all-players-for-league/wnba,{},20260602T225839Z,2026-06-02T22:58:40+00:00,db1b1b5d4ef9eb2b7bb6014031d9a701e669425f0f320d45cdc34253354122e0,"[""players""]",1631263,Nikolina Milic,players_directory,2026-06-02T22:58:43+00:00,20260602T225839Z,b6adc61da1548dd1a5b5aa914eee4441278882477885218a10cbf51f7ef23399
1641602,Ivana Dojkic,players_directory,wnba,,,/get-all-players-for-league/wnba,{},20260602T225839Z,2026-06-02T22:58:40+00:00,fabdb81ca65b8e1fad50a5bbe0b50984407913ffed99aa30303d71831ecf9fe1,"[""players""]",1641602,Ivana Dojkic,players_directory,2026-06-02T22:58:43+00:00,20260602T225839Z,cc9890fb47a1b486c006c4a418740803340f0ec6009220b69912d4a30e7acd18
1641641,Robyn Parks,players_directory,wnba,,,/get-all-players-for-league/wnba,{},20260602T225839Z,2026-06-02T22:58:40+00:00,f1a1ea9831591bfbbb357570dd002a319f2adced49392581e5d668e8b001d8e5,"[""players""]",1641641,Robyn Parks,players_directory,2026-06-02T22:58:43+00:00,20260602T225839Z,240b3ece968de539d0870bc16089df27a5c77a896d7ba3a494ae7120aa3110fd
1641642,Li Meng,players_directory,wnba,,,/get-all-players-for-league/wnba,{},20260602T225839Z,2026-06-02T22:58:40+00:00,d595036b9fcec76253d07e86a5f4a52bd63d8327a4dd30ebe030f9bd80a5834c,"[""players""]",1641642,Li Meng,players_directory,2026-06-02T22:58:43+00:00,20260602T225839Z,8defae78b8cb6b7a141f5f8c45e747954f08e5b824b5650558bff187256187a6
1641648,Aliyah Boston,players_directory,wnba,,,/get-all-players-for-league/wnba,{},20260602T225839Z,2026-06-02T22:58:40+00:00,42ba02155aa1b0fa50212ae0b9b497e631b59438d8aebfca2fe20685dc0086f3,"[""players""]",1641648,Aliyah Boston,players_directory,2026-06-02T22:58:43+00:00,20260602T225839Z,af7a7d34495f0016df3f07f9afca553064225e7c76d88599cc2665eee0888b50
1641649,Diamond Miller,players_directory,wnba,,,/get-all-players-for-league/wnba,{},20260602T225839Z,2026-06-02T22:58:40+00:00,5eda487a9675374c16790c61b69efe1ba2ed129a9ce3a4ad532c9e3a3eb217b4,"[""players""]",1641649,Diamond Miller,players_directory,2026-06-02T22:58:43+00:00,20260602T225839Z,9b43051e68afa45a78ab9768e3a7e2b7f4d9c9feb007f36fd9152b8c8a0b973a
1641650,Haley Jones,players_directory,wnba,,,/get-all-players-for-league/wnba,{},20260602T225839Z,2026-06-02T22:58:40+00:00,31d5eca37f7b19398af27a6a78e7d9d055f1a96ddee80555d888fda145c4a11b,"[""players""]",1641650,Haley Jones,players_directory,2026-06-02T22:58:43+00:00,20260602T225839Z,aadd54ac0f1519fbd2505ad97ab7ac2c381f2cde20d4843d558343d15dd59069
1641651,Jordan Horston,players_directory,wnba,,,/get-all-players-for-league/wnba,{},20260602T225839Z,2026-06-02T22:58:40+00:00,cb29987f44c43156ec365f098515810d98497b25a2f496308dd86e2edb27fc13,"[""players""]",1641651,Jordan Horston,players_directory,2026-06-02T22:58:43+00:00,20260602T225839Z,387db449176c3f3832c458a9b9f29d767742e89b0e7561b9fbd34a4013853b56
1641652,Maddy Siegrist,players_directory,wnba,,,/get-all-players-for-league/wnba,{},20260602T225839Z,2026-06-02T22:58:40+00:00,55c007c19addfa9d30ec3a087e83319278fe844ca9e9bd988dd1f42cc04c036a,"[""players""]",1641652,Maddy Siegrist,players_directory,2026-06-02T22:58:43+00:00,20260602T225839Z,d7ca3cd32a0fe005f823395cadca1bae281ba89901ac7afe137ebb09ee3a0bfd
1641653,Ashley Joens,players_directory,wnba,,,/get-all-players-for-league/wnba,{},20260602T225839Z,2026-06-02T22:58:40+00:00,1c9656ca36c61d25e2204bda28f5a556de0bc5bc756b099fab7f6fae59f8628f,"[""players""]",1641653,Ashley Joens,players_directory,2026-06-02T22:58:43+00:00,20260602T225839Z,6cb0b82dd48db56baa5ae54510d42dd6f9a05f29c38bfd6a7261c139394cae5c
1641654,Stephanie Soares,players_directory,wnba,,,/get-all-players-for-league/wnba,{},20260602T225839Z,2026-06-02T22:58:40+00:00,119f4ad919093cf13a9f59163769ba6211088975e1f07f516db4b3848ad74512,"[""players""]",1641654,Stephanie Soares,players_directory,2026-06-02T22:58:43+00:00,20260602T225839Z,b79cd98b0b60db6f58a78deb3bd352d5be584a398e57f96ced79894126a60792
1641656,Laeticia Amihere,players_directory,wnba,,,/get-all-players-for-league/wnba,{},20260602T225839Z,2026-06-02T22:58:40+00:00,ed59cd2d58d1d6d2b7226f62b57550a5fa61c854247c60c7650b27497946adcb,"[""players""]",1641656,Laeticia Amihere,players_directory,2026-06-02T22:58:43+00:00,20260602T225839Z,6fd60b96e555cfb2ef8e44b261a029bf6aef1ad89026c4036e67229137072021
1641657,Dorka Juhász,players_directory,wnba,,,/get-all-players-for-league/wnba,{},20260602T225839Z,2026-06-02T22:58:40+00:00,19f95a1165861614bd689db09396a70b22303a23af004060b38877b4b3d1aff6,"[""players""]",1641657,Dorka Juhász,players_directory,2026-06-02T22:58:43+00:00,20260602T225839Z,48c59b8050e6ce0491143a8f1b4afb1888c6d32c2fb0aeb90c418ca334253cf1
1641658,Grace Berger,players_directory,wnba,,,/get-all-players-for-league/wnba,{},20260602T225839Z,2026-06-02T22:58:40+00:00,83aaebe7f258e5fb7cebbbd29cf29ec39358e6930373489d50b94b15e587fd40,"[""players""]",1641658,Grace Berger,players_directory,2026-06-02T22:58:43+00:00,20260602T225839Z,658a73a44d0264cc0fa0d1acf917b8fc7957abaf71188303d77418b3e2e98a01
1641659,Taylor Mikesell,players_directory,wnba,,,/get-all-players-for-league/wnba,{},20260602T225839Z,2026-06-02T22:58:40+00:00,8bd4993232a67b45f29850672bc313982161edec1b2e34d461d94fa04aa8687d,"[""players""]",1641659,Taylor Mikesell,players_directory,2026-06-02T22:58:43+00:00,20260602T225839Z,2d338548a656c44d8e513906594274e3354a9dc5e090993754e0a4dcff5351bf
1641660,Zia Cooke,players_directory,wnba,,,/get-all-players-for-league/wnba,{},20260602T225839Z,2026-06-02T22:58:40+00:00,6a4ee94c137fa1aa08652d0f917e23605e7423306c412fe1890a9c5096f63d0a,"[""players""]",1641660,Zia Cooke,players_directory,2026-06-02T22:58:43+00:00,20260602T225839Z,a703fd6ab9ffc8b60d87c89813d99ebf1ef1ab81e08bb79c72fd2cd9871e9785
1641661,Lou Lopez Sénéchal,players_directory,wnba,,,/get-all-players-for-league/wnba,{},20260602T225839Z,2026-06-02T22:58:40+00:00,34fbe1b5961acc6346c2d50748ec095c1c81869e8c6ac3d7609ef87a4ff7e24f,"[""players""]",1641661,Lou Lopez Sénéchal,players_directory,2026-06-02T22:58:43+00:00,20260602T225839Z,4d4e59983dd824b3337961612e8c736c3acdbcf6b58ec229216ad63449a5d35d
1641665,Leigha Brown,players_directory,wnba,,,/get-all-players-for-league/wnba,{},20260602T225839Z,2026-06-02T22:58:40+00:00,3e2f1ede260c91e60b4f3771e1a8bcd8f0fdeb34b2bd9b54df985ca1ebfe5075,"[""players""]",1641665,Leigha Brown,players_directory,2026-06-02T22:58:43+00:00,20260602T225839Z,02d0ca651fc8f592fce155dd636e133051d8c59cf974432b8ff3ef1f25556a20
1641667,Taylor Soule,players_directory,wnba,,,/get-all-players-for-league/wnba,{},20260602T225839Z,2026-06-02T22:58:40+00:00,8c1425fbb9bfb8095fee7cd856e68f8fc51dbfe269b4f99d31c7c4b1c0bf1100,"[""players""]",1641667,Taylor Soule,players_directory,2026-06-02T22:58:43+00:00,20260602T225839Z,5dcd5ebb09f415fa29f4401d93e2f4d303b6c9b319e7f3347732ff8a0a550f5c
1641670,Madi Williams,players_directory,wnba,,,/get-all-players-for-league/wnba,{},20260602T225839Z,2026-06-02T22:58:40+00:00,3ef6d43119aa18db5ad140b56065b3b01d301e407a377eb45263ab886e484c5a,"[""players""]",1641670,Madi Williams,players_directory,2026-06-02T22:58:43+00:00,20260602T225839Z,e4067ca7f1052b437fc64b181b404a66eb3aa029b7ff78ee65f5d437383424b5
1641671,Abby Meyers,players_directory,wnba,,,/get-all-players-for-league/wnba,{},20260602T225839Z,2026-06-02T22:58:40+00:00,4d266f4387d6a5935a550ff13de6eb038e6e88308cd0158c342a35b2538fc2bf,"[""players""]",1641671,Abby Meyers,players_directory,2026-06-02T22:58:43+00:00,20260602T225839Z,e3a080597be26f9cde333859e3524a462310977c91c19226a5e862d35a388ecd
1641672,Kayana Traylor,players_directory,wnba,,,/get-all-players-for-league/wnba,{},20260602T225839Z,2026-06-02T22:58:40+00:00,631b30e0be15241edc3e7e1560175bfb95da67cf91df8c39eaa8f0aa43039d3e,"[""players""]",1641672,Kayana Traylor,players_directory,2026-06-02T22:58:43+00:00,20260602T225839Z,9d3b0b035b29a1668ccaf5774d7324f8c42489749999e2b6e585a02ac5abb703
1641675,Dulcy Fankam Mendjiadeu,players_directory,wnba,,,/get-all-players-for-league/wnba,{},20260602T225839Z,2026-06-02T22:58:40+00:00,acc550e3a9533e7b617cadce711795063e791f158f18361275523ce5d86acc64,"[""players""]",1641675,Dulcy Fankam Mendjiadeu,players_directory,2026-06-02T22:58:43+00:00,20260602T225839Z,38f04bec31cc9c04f7b487dc6661bc576cfd0cdefb20d7f25bdbd810869958e3
1641683,Holly Winterburn,players_directory,wnba,,,/get-all-players-for-league/wnba,{},20260602T225839Z,2026-06-02T22:58:40+00:00,2794bacac2a8e4ec84e8ecca474e313648b283d1ec5171ce2c99b03da5f0150b,"[""players""]",1641683,Holly Winterburn,players_directory,2026-06-02T22:58:43+00:00,20260602T225839Z,f8df8692feefa218a96f2e14409b3fa1db83a59fd684d52fbb3b3510146dd0e4
1641687,Victaria Saxton,players_directory,wnba,,,/get-all-players-for-league/wnba,{},20260602T225839Z,2026-06-02T22:58:40+00:00,1153396d48b18b9d0cc382b8f174953833731c2b850e270ecefe8d1dbd483a66,"[""players""]",1641687,Victaria Saxton,players_directory,2026-06-02T22:58:43+00:00,20260602T225839Z,3fef556bfa00709e9e33e145e98c706ed8147c33128cdd2fd6ee6637a684c68d
1641690,Kadi Sissoko,players_directory,wnba,,,/get-all-players-for-league/wnba,{},20260602T225839Z,2026-06-02T22:58:40+00:00,06f29828845eb9e6b288855b29d9cc382a55d171e8b561fc3cfcd2704afc299c,"[""players""]",1641690,Kadi Sissoko,players_directory,2026-06-02T22:58:43+00:00,20260602T225839Z,77dfe9d8cb7b43e7be6de3fe7f8a55661ea58f3f984b4a2eb62ac50773878f06
1641695,Ashten Prechtel,players_directory,wnba,,,/get-all-players-for-league/wnba,{},20260602T225839Z,2026-06-02T22:58:40+00:00,c7bb786984765f0180825b9ce5ff5e2630ac040dc1c935e69aa0d42c64c7ebf5,"[""players""]",1641695,Ashten Prechtel,players_directory,2026-06-02T22:58:43+00:00,20260602T225839Z,b37263dbbb2528b5d183be6de7782c9dca8fc534624027b8092dc1c4250db660
1641698,Caitlin Bickle,players_directory,wnba,,,/get-all-players-for-league/wnba,{},20260602T225839Z,2026-06-02T22:58:40+00:00,d19d21aeb5f7cccf31e3ccdb3679e23318bfdb542f1fdebb43e62feeb592db58,"[""players""]",1641698,Caitlin Bickle,players_directory,2026-06-02T22:58:43+00:00,20260602T225839Z,9d4830b56b2073834c7bb007f030176209229d6f63c5cec154e97e3a561a4794
1641700,Liz Dixon,players_directory,wnba,,,/get-all-players-for-league/wnba,{},20260602T225839Z,2026-06-02T22:58:40+00:00,988289429de3951ac992d8c310773c32f13ab7a3daf4a2786c795cb377019d29,"[""players""]",1641700,Liz Dixon,players_directory,2026-06-02T22:58:43+00:00,20260602T225839Z,756c69f489f2e0b9b3daad10f19c79c79b3a2310491784b6e00d61c001a97493
1642210,Julie Vanloo,players_directory,wnba,,,/get-all-players-for-league/wnba,{},20260602T225839Z,2026-06-02T22:58:40+00:00,f8c036e3c963edd7df6d8064db6460c4da5ed8517e4ff91d07d3cbe65152bb84,"[""players""]",1642210,Julie Vanloo,players_directory,2026-06-02T22:58:43+00:00,20260602T225839Z,fd2735da978829c447b9ead30c834311410db9a9e760db905ac10b0ef618f163
1642240,Jaelyn Brown,players_directory,wnba,,,/get-all-players-for-league/wnba,{},20260602T225839Z,2026-06-02T22:58:40+00:00,3e3a29f2138fe53e17674ae4ce269938243dbeaafedb0cbc5b8f0d760be1a1f9,"[""players""]",1642240,Jaelyn Brown,players_directory,2026-06-02T22:58:43+00:00,20260602T225839Z,98957718dd43344085e041ccb87ea50cdf40eab96f157ee5a19bd486baf7aeb6
1642244,Sevgi Uzun,players_directory,wnba,,,/get-all-players-for-league/wnba,{},20260602T225839Z,2026-06-02T22:58:40+00:00,fd235a6339a329fcda0cabead0b63f4dde0f26b21370dd98d166787d5271d35b,"[""players""]",1642244,Sevgi Uzun,players_directory,2026-06-02T22:58:43+00:00,20260602T225839Z,e5d01104ac811448efb22afbff5e25290776cbf0058b6c11c9ef3ce379e49d97
1642286,Caitlin Clark,players_directory,wnba,,,/get-all-players-for-league/wnba,{},20260602T225839Z,2026-06-02T22:58:40+00:00,531d28a0d2be46d375985b1080b294328afde8641f8522c449eb01fc8cbb1c8e,"[""players""]",1642286,Caitlin Clark,players_directory,2026-06-02T22:58:43+00:00,20260602T225839Z,7429772c017d6105565bf86947fa8873f98ab876cd67376351b2c9836e6b94c3
1642287,Cameron Brink,players_directory,wnba,,,/get-all-players-for-league/wnba,{},20260602T225839Z,2026-06-02T22:58:40+00:00,f65b2b132f84f27e9ebb70192428d6f5fdb2cfefcc2961afa8775055e16b6ae0,"[""players""]",1642287,Cameron Brink,players_directory,2026-06-02T22:58:43+00:00,20260602T225839Z,b4a92bceb94ca80a44dfc6c1b4b6853dd24cb14c6623e08d0a3a1b9328a331db
1642288,Rickea Jackson,players_directory,wnba,,,/get-all-players-for-league/wnba,{},20260602T225839Z,2026-06-02T22:58:40+00:00,b30dc12e37c5acb6250f4078c46d65b4f08e6c9b25706736510abd58938a1f28,"[""players""]",1642288,Rickea Jackson,players_directory,2026-06-02T22:58:43+00:00,20260602T225839Z,14c30b80539e89b3a434123611e36db403092f16906ba9c729490b8681974ed1
1642289,Kamilla Cardoso,players_directory,wnba,,,/get-all-players-for-league/wnba,{},20260602T225839Z,2026-06-02T22:58:40+00:00,33af5a5b209fc3550a6e6d625d16a0ee5e40bd1a1c82a79a127fa093a98d6c5c,"[""players""]",1642289,Kamilla Cardoso,players_directory,2026-06-02T22:58:43+00:00,20260602T225839Z,86254601ba77107aee37f150e0bb98dac1ee42ab6ee3755fde56dba178bebdeb
1642290,Aaliyah Edwards,players_directory,wnba,,,/get-all-players-for-league/wnba,{},20260602T225839Z,2026-06-02T22:58:40+00:00,b72e63a9e6637e317d7f469f4041b3ab7b70533e0352540799233f230f74943f,"[""players""]",1642290,Aaliyah Edwards,players_directory,2026-06-02T22:58:43+00:00,20260602T225839Z,42ec4a9c4fa190eccb043ec3f6b59b25b0fd3dc349a46e7a44d62421515a09d4
1642291,Angel Reese,players_directory,wnba,,,/get-all-players-for-league/wnba,{},20260602T225839Z,2026-06-02T22:58:40+00:00,e7edf0136837e218a9021616f9cf34ccad2496878aca991974c195b6456cab0f,"[""players""]",1642291,Angel Reese,players_directory,2026-06-02T22:58:43+00:00,20260602T225839Z,2ccfb05ae1304c459100224edb48a81fb547190f9017cfe0a1d96f52884aaceb
1642292,Jacy Sheldon,players_directory,wnba,,,/get-all-players-for-league/wnba,{},20260602T225839Z,2026-06-02T22:58:40+00:00,f6b1066f78aaa91c60a372ca2a85c4e8c530c2d9e27dbc1d1f95493eccb1fd69,"[""players""]",1642292,Jacy Sheldon,players_directory,2026-06-02T22:58:43+00:00,20260602T225839Z,cce18bb45075482da9eaffd338e879a7030bda4d4e00ea2415e5189ed28d46d4
1642293,Alissa Pili,players_directory,wnba,,,/get-all-players-for-league/wnba,{},20260602T225839Z,2026-06-02T22:58:40+00:00,27cdf59132b18220a8e2efe6e384f6bb4bf5aa6f9a5f474adb010fb853b607d9,"[""players""]",1642293,Alissa Pili,players_directory,2026-06-02T22:58:43+00:00,20260602T225839Z,a9cfe6f5211767c642c97e53f64a5bcab3b417d36daa1fc16c0d84c5707125a7
1642294,Charisma Osborne,players_directory,wnba,,,/get-all-players-for-league/wnba,{},20260602T225839Z,2026-06-02T22:58:40+00:00,810c59f22759055f9f5dd253d2d2dbec86ca4f6ba012cb812f19cb7590e354ef,"[""players""]",1642294,Charisma Osborne,players_directory,2026-06-02T22:58:43+00:00,20260602T225839Z,ec1659a6af344cadbf709fe06ad932fa8f99921686a8bd680f9c0bc187b47e6e
1642295,Elizabeth Kitley,players_directory,wnba,,,/get-all-players-for-league/wnba,{},20260602T225839Z,2026-06-02T22:58:40+00:00,8ffee3032219d66f1aa69760953408696e85033e9ab0d4cc349f47c433daf489,"[""players""]",1642295,Elizabeth Kitley,players_directory,2026-06-02T22:58:43+00:00,20260602T225839Z,bb0a1cd065856e07a9cd2f71b1292b846e781eb8636b38a50919f763d13478b1
1642296,Nyadiew Puoch,players_directory,wnba,,,/get-all-players-for-league/wnba,{},20260602T225839Z,2026-06-02T22:58:40+00:00,9a77d0a9e01defdb8efa1901d03b2ea51d7a783f183dec71170992cd8cd83c0a,"[""players""]",1642296,Nyadiew Puoch,players_directory,2026-06-02T22:58:43+00:00,20260602T225839Z,60609657780e608235036181da8b075bcf3441c6aa90f072e5caf2ebd8f2f940
1642298,Celeste Taylor,players_directory,wnba,,,/get-all-players-for-league/wnba,{},20260602T225839Z,2026-06-02T22:58:40+00:00,8dccc350f524d61fc032d803d5c011994f523865d2a9c36151b1197a58504670,"[""players""]",1642298,Celeste Taylor,players_directory,2026-06-02T22:58:43+00:00,20260602T225839Z,7fd9dcb9dd7d5fd61898638507c51ac27944d66127d873dee5a422da31293f6d
1642299,Nika Mühl,players_directory,wnba,,,/get-all-players-for-league/wnba,{},20260602T225839Z,2026-06-02T22:58:40+00:00,23442fdea9629bbca4bf86e97477d8ae319e8090778ee75fd5da5650edf75915,"[""players""]",1642299,Nika Mühl,players_directory,2026-06-02T22:58:43+00:00,20260602T225839Z,dd664a4416e761e82f15820ed7da5a055c0c6224f0aa546bc80ee37c9feddb87
1642300,Dyaisha Fair,players_directory,wnba,,,/get-all-players-for-league/wnba,{},20260602T225839Z,2026-06-02T22:58:40+00:00,0fee22014b6f47a7eaa833a554cf13e205249123b2674dfc3097ffbd785f1f19,"[""players""]",1642300,Dyaisha Fair,players_directory,2026-06-02T22:58:43+00:00,20260602T225839Z,b38239545dfbcad5b6673465025ac301b35802253fc721d9dd2402f78eb825ad
1642301,Marquesha Davis,players_directory,wnba,,,/get-all-players-for-league/wnba,{},20260602T225839Z,2026-06-02T22:58:40+00:00,abd98d613c14b59a4617ee01b4f21c950a68e0fc33ca1b8d00d5b6f501da1e04,"[""players""]",1642301,Marquesha Davis,players_directory,2026-06-02T22:58:43+00:00,20260602T225839Z,32827281df4ddb21349e6740fd97c7ad179420a996296cfc9fc9d536792c89ec
1642302,Isobel Borlase,players_directory,wnba,,,/get-all-players-for-league/wnba,{},20260602T225839Z,2026-06-02T22:58:40+00:00,b65c31d1426c6bdda8c41b38838310a12bc90f5d7c191fd32d7a87430138f758,"[""players""]",1642302,Isobel Borlase,players_directory,2026-06-02T22:58:43+00:00,20260602T225839Z,4acd7df2ebe9d472ecc069f506a1f8812b6a3b5bc86d75a1899f66e53c31052c
1642303,Leila Lacan,players_directory,wnba,,,/get-all-players-for-league/wnba,{},20260602T225839Z,2026-06-02T22:58:40+00:00,1e0ac424991eff70a819bd1465fb1f20fac8fe9a27056c02fa3d7adc167d4dec,"[""players""]",1642303,Leila Lacan,players_directory,2026-06-02T22:58:43+00:00,20260602T225839Z,df0381510895c8192b5f2d3a36d5c35e74a4040c28ea7cf7a99212c856992c30
1642304,Carla Leite,players_directory,wnba,,,/get-all-players-for-league/wnba,{},20260602T225839Z,2026-06-02T22:58:40+00:00,a1e7ec754e71320ae12005cb1ad505aba6fcad0870b8c0e220d09ba2dcada315,"[""players""]",1642304,Carla Leite,players_directory,2026-06-02T22:58:43+00:00,20260602T225839Z,1eac860d998ede68d25d8c73bc96004fa544ed4cfcde26e31d78a0fabab570b1
1642305,Jessika Carter,players_directory,wnba,,,/get-all-players-for-league/wnba,{},20260602T225839Z,2026-06-02T22:58:40+00:00,cff1a7bd738558ec746ae7fb052e7bd61c42c19b0b093684a38e001048fa1b01,"[""players""]",1642305,Jessika Carter,players_directory,2026-06-02T22:58:43+00:00,20260602T225839Z,226f90343920efe40c9938fb013b4f1721ff223419ca8bf7595912c87e929989
1642307,Mackenzie Holmes,players_directory,wnba,,,/get-all-players-for-league/wnba,{},20260602T225839Z,2026-06-02T22:58:40+00:00,8e112eef7b260ba398af058cf3909dd5a7ee2db73e69c7abc50aa5681915f3f6,"[""players""]",1642307,Mackenzie Holmes,players_directory,2026-06-02T22:58:43+00:00,20260602T225839Z,eb3c9f6a0888c3808b634bee155a80e7f0b396484c9db1df1b7c36e505e356cc
1642309,Jakia Brown-Turner,players_directory,wnba,,,/get-all-players-for-league/wnba,{},20260602T225839Z,2026-06-02T22:58:40+00:00,c994d5a09339558620e2e60ee7635b9cc0ef076c72120463e30fbd06b1256f88,"[""players""]",1642309,Jakia Brown-Turner,players_directory,2026-06-02T22:58:43+00:00,20260602T225839Z,ba13a7ff804807913859072d029d47729214f56913a102feda76e4255e27ed5d
1642320,Jaylyn Sherrod,players_directory,wnba,,,/get-all-players-for-league/wnba,{},20260602T225839Z,2026-06-02T22:58:40+00:00,8f374ab47cf0667333c768caa787e5b86e0c10e25dc74844be36bc039d879142,"[""players""]",1642320,Jaylyn Sherrod,players_directory,2026-06-02T22:58:43+00:00,20260602T225839Z,0ccf2dea70bbdec239eb7a1deaf671fe5de955cf9f2c96452ddd50e78baa6609
1642321,Sydney Taylor,players_directory,wnba,,,/get-all-players-for-league/wnba,{},20260602T225839Z,2026-06-02T22:58:40+00:00,d93d9f3e9eb5535ff15ff009bc82781a0d47572c7ecb8a434de6e3693df69ccb,"[""players""]",1642321,Sydney Taylor,players_directory,2026-06-02T22:58:43+00:00,20260602T225839Z,830ec959e2be4066bead6a2a021a87779581f5aa404d1d54fc669e13c7c26da3
1642324,Kate Martin,players_directory,wnba,,,/get-all-players-for-league/wnba,{},20260602T225839Z,2026-06-02T22:58:40+00:00,78e4545c3ea2e4324d1bdcd207002ec9591429762e560a9c10a49787dec39828,"[""players""]",1642324,Kate Martin,players_directory,2026-06-02T22:58:43+00:00,20260602T225839Z,ff080bb3207d47e834f59f637a37a568d84941bbdbddb385f9db24a21fedcdff
1642344,Camryn Taylor,players_directory,wnba,,,/get-all-players-for-league/wnba,{},20260602T225839Z,2026-06-02T22:58:40+00:00,ccfbaeebcef3721957599243aee952359d52cceb3ef1326639a4701b68472766,"[""players""]",1642344,Camryn Taylor,players_directory,2026-06-02T22:58:43+00:00,20260602T225839Z,257726989b31884026e49855073af11aaedcce3f3bd6879d5dcf85f5f71d0bc8
1642534,Ezinne Kalu,players_directory,wnba,,,/get-all-players-for-league/wnba,{},20260602T225839Z,2026-06-02T22:58:40+00:00,8d38260ed9ebecac477ad3418730001eb65c40b65619b32d34db9948f314af80,"[""players""]",1642534,Ezinne Kalu,players_directory,2026-06-02T22:58:43+00:00,20260602T225839Z,d34bf39e130095a8da6c58ed9bdc8196872c680fa2844887948d97cf30a4db41
1642763,Marième Badiane,players_directory,wnba,,,/get-all-players-for-league/wnba,{},20260602T225839Z,2026-06-02T22:58:40+00:00,9951fc55ca2b9899bafc1523413115624a712a4457bf6c1ec68f2b08dd5bfd70,"[""players""]",1642763,Marième Badiane,players_directory,2026-06-02T22:58:43+00:00,20260602T225839Z,6c2afd10f101ec942193611cfb4878905beb9627784e03cb693296ff801fd18a
1642767,Janelle Salaün,players_directory,wnba,,,/get-all-players-for-league/wnba,{},20260602T225839Z,2026-06-02T22:58:40+00:00,80b319f1b2c278320d1250529a71716aff9e645b4d0bf33e42c5ad2b0016dace,"[""players""]",1642767,Janelle Salaün,players_directory,2026-06-02T22:58:43+00:00,20260602T225839Z,70c5f0535244ae3e57664060edf7b8a3bd8193504718148b5d6477f0578459b4
1642768,Kyara Linskens,players_directory,wnba,,,/get-all-players-for-league/wnba,{},20260602T225839Z,2026-06-02T22:58:40+00:00,452e85afbf09ddf48a6229a73b190108f9559471af6565f76c23719e04a52776,"[""players""]",1642768,Kyara Linskens,players_directory,2026-06-02T22:58:43+00:00,20260602T225839Z,1206d147e947386a881462956a9625fc2654b4dadf24bf546c8d9e97005e45ab
1642773,Kariata Diaby,players_directory,wnba,,,/get-all-players-for-league/wnba,{},20260602T225839Z,2026-06-02T22:58:40+00:00,081eeb9d9171635ec5a5ccb51ebe24b85201b556673a3a75ec8fb398fc58fa9d,"[""players""]",1642773,Kariata Diaby,players_directory,2026-06-02T22:58:43+00:00,20260602T225839Z,07bbb69e9ac4b7f1950e977633e829bd7030b7bfbe96e64a16d026bbf10c1bc6
1642774,Murjanatu Musa,players_directory,wnba,,,/get-all-players-for-league/wnba,{},20260602T225839Z,2026-06-02T22:58:40+00:00,0f0f3f7d88a72e86ac4fb9901df65c84e6698ca69dd9b12cffdf363908b9a6e1,"[""players""]",1642774,Murjanatu Musa,players_directory,2026-06-02T22:58:43+00:00,20260602T225839Z,b1dad427f91f5e122b1c8e66dc2b7e6fb80208f41505beebb08576477d764f4d
1642775,Alex Wilson,players_directory,wnba,,,/get-all-players-for-league/wnba,{},20260602T225839Z,2026-06-02T22:58:40+00:00,c404481aeb1f3d5be9dc900a754231d0b48fb9bd8610905eb456e2378f904cda,"[""players""]",1642775,Alex Wilson,players_directory,2026-06-02T22:58:43+00:00,20260602T225839Z,2f899d8daab2fd7c4902a5154827b691891a754306a5eae93acec0240608a3c5
1642777,Monique Akoa Makani,players_directory,wnba,,,/get-all-players-for-league/wnba,{},20260602T225839Z,2026-06-02T22:58:40+00:00,6ee2622dfdf19402be612b568e0244ec04ef2993044f489ea9b941aaf546fb3d,"[""players""]",1642777,Monique Akoa Makani,players_directory,2026-06-02T22:58:43+00:00,20260602T225839Z,99134e2e76e7faa268d57eb4c81de40f8e946b4020e047fdea5ce1e5e9cc4246
1642781,Georgia Amoore,players_directory,wnba,,,/get-all-players-for-league/wnba,{},20260602T225839Z,2026-06-02T22:58:40+00:00,defd19673644b35df34c45bfdf486f9402237fd397bc701370f3c9e133b86cfd,"[""players""]",1642781,Georgia Amoore,players_directory,2026-06-02T22:58:43+00:00,20260602T225839Z,d386866284c8fe07a5fed38b8807c6b926c86cc745a5ff194c431eb747e4c1f8
1642782,Sarah Ashlee Barker,players_directory,wnba,,,/get-all-players-for-league/wnba,{},20260602T225839Z,2026-06-02T22:58:40+00:00,d886e1bc1358b21aa7c624c98fc6f64a127f37e6be7234189814cb3583285545,"[""players""]",1642782,Sarah Ashlee Barker,players_directory,2026-06-02T22:58:43+00:00,20260602T225839Z,2b66d05f564e907ae2558c07c30c9632b87d2025c7accbc2e834263b3923e9f4
1642784,Paige Bueckers,players_directory,wnba,,,/get-all-players-for-league/wnba,{},20260602T225839Z,2026-06-02T22:58:40+00:00,b2ca5dd8ef5fae1a87de98264d13ceb7b1f61fbce9e499ac11e8e5eea0001605,"[""players""]",1642784,Paige Bueckers,players_directory,2026-06-02T22:58:43+00:00,20260602T225839Z,dd11b95a5221107652c2eb8fd6cec747ebf869ef901fbcdbd561ffe4d4cfc724
1642785,Sonia Citron,players_directory,wnba,,,/get-all-players-for-league/wnba,{},20260602T225839Z,2026-06-02T22:58:40+00:00,aafdddd0d8a9af11effc0bf88c852d4b0c66ce0c64f1fa0232e01e01fd79e387,"[""players""]",1642785,Sonia Citron,players_directory,2026-06-02T22:58:43+00:00,20260602T225839Z,7e8b204284d4d2c433b68f369e8a1a3b365f58c0475c9e4b5d8c246b033d08fd
1642786,Aicha Coulibaly,players_directory,wnba,,,/get-all-players-for-league/wnba,{},20260602T225839Z,2026-06-02T22:58:40+00:00,a06325ef821132e67f4e8bca65917935f5e84b4363564dc37121004f67910849,"[""players""]",1642786,Aicha Coulibaly,players_directory,2026-06-02T22:58:43+00:00,20260602T225839Z,b3ebe9d036a5556fcf676f84a48fc994c2df976c8b30b3e7873be22fdc096829
1642788,Bree Hall,players_directory,wnba,,,/get-all-players-for-league/wnba,{},20260602T225839Z,2026-06-02T22:58:40+00:00,15726275f79b6fce85b87187012cddaf05adbd7ef15de624e86cd02b7e561c13,"[""players""]",1642788,Bree Hall,players_directory,2026-06-02T22:58:43+00:00,20260602T225839Z,367f6d78cd6cbce6d60da22e87a30538f84bb2fb7a5c35ef6235c545e69e4015
1642790,Sania Feagin,players_directory,wnba,,,/get-all-players-for-league/wnba,{},20260602T225839Z,2026-06-02T22:58:40+00:00,b8c6c001e394aacfa0bba9c55525dce0ada1f3627f4e8222e2b54c0fcd540910,"[""players""]",1642790,Sania Feagin,players_directory,2026-06-02T22:58:43+00:00,20260602T225839Z,adeac2975206d603fb18a9902f26448a9a435f62d87234c4ea5a23d039ca6103
1642792,Kiki Iriafen,players_directory,wnba,,,/get-all-players-for-league/wnba,{},20260602T225839Z,2026-06-02T22:58:40+00:00,0082f1fd7dfff5e92830f187134c13d8b55c0ea98bece464ec7efa415ab50a12,"[""players""]",1642792,Kiki Iriafen,players_directory,2026-06-02T22:58:43+00:00,20260602T225839Z,de8b0453cfc1886567547b192f7778d7350a59891cc2c480c3a5dce15f4fe9bf
1642793,Aziaha James,players_directory,wnba,,,/get-all-players-for-league/wnba,{},20260602T225839Z,2026-06-02T22:58:40+00:00,4d481eafa2fc6a1e5259913a7f58cad3475f4d20a0d665b5b451c07dd5199008,"[""players""]",1642793,Aziaha James,players_directory,2026-06-02T22:58:43+00:00,20260602T225839Z,91c5eb6cd0adf53a05cb713b876fc006eb01a9ae91f5e3c673480f73e566c976
1642794,Juste Jocyte,players_directory,wnba,,,/get-all-players-for-league/wnba,{},20260602T225839Z,2026-06-02T22:58:40+00:00,379c59e498e7e4893515133eb6085c0c85f838355a4fdd835e814b45a369f5a1,"[""players""]",1642794,Juste Jocyte,players_directory,2026-06-02T22:58:43+00:00,20260602T225839Z,9412834a86b8f53509c4ec6f3cdf760bc2b3073d361dac5460a60c8ef1df8485
1642796,Rayah Marshall,players_directory,wnba,,,/get-all-players-for-league/wnba,{},20260602T225839Z,2026-06-02T22:58:40+00:00,061b6f3cf66b2c28574de2f0b3e1196ea487b95f6ceda3b3fdeab92991c36e3f,"[""players""]",1642796,Rayah Marshall,players_directory,2026-06-02T22:58:43+00:00,20260602T225839Z,99a32b1dd585a56dada751a588904c9d3392ecce0942d0cda89f9824eba60de0
1642797,Anastasiia Olairi Kosu,players_directory,wnba,,,/get-all-players-for-league/wnba,{},20260602T225839Z,2026-06-02T22:58:40+00:00,a82c2340c5abfe424c5003e9236da294a4677bb91286fb2220ee313088ac0377,"[""players""]",1642797,Anastasiia Olairi Kosu,players_directory,2026-06-02T22:58:43+00:00,20260602T225839Z,3c40c5f1d93a0237d4b1cb4cba15ae18d64047449a98a35ee9954ab2401438ee
1642798,Dominique Malonga,players_directory,wnba,,,/get-all-players-for-league/wnba,{},20260602T225839Z,2026-06-02T22:58:40+00:00,9eeb5ba028b93d9ab517d28494de0d88900245cf632f41222374a6f160a792ca,"[""players""]",1642798,Dominique Malonga,players_directory,2026-06-02T22:58:43+00:00,20260602T225839Z,25e16438b6dd1c0c73399b418e1a8714334188a9c90a8aab1cf8f0b75e5e9f60
1642799,Megan McConnell,players_directory,wnba,,,/get-all-players-for-league/wnba,{},20260602T225839Z,2026-06-02T22:58:40+00:00,c60afff95e3b89b64fb13d8778f4dde1fdd458d0db196acd4fbd64110b798b9f,"[""players""]",1642799,Megan McConnell,players_directory,2026-06-02T22:58:43+00:00,20260602T225839Z,0c376aba2e4dcdd191c56aa8cc82b9de1ee7b2cd1d5387b51c6f2fa6a7fb0389
1642800,Aneesah Morrow,players_directory,wnba,,,/get-all-players-for-league/wnba,{},20260602T225839Z,2026-06-02T22:58:40+00:00,bad5201441f2688b4a66d7726888d3c4e4ef535fd4555f245e4afa37ad928ad0,"[""players""]",1642800,Aneesah Morrow,players_directory,2026-06-02T22:58:43+00:00,20260602T225839Z,18d932e9f8f0332e6b34978c36eaf9a77e96a575da0e36cc702a4256432c8718
1642801,Aaliyah Nye,players_directory,wnba,,,/get-all-players-for-league/wnba,{},20260602T225839Z,2026-06-02T22:58:40+00:00,33d7b4c868e599e55492e81031ef508c09619db8795523a699bc8f6c0cbbf47b,"[""players""]",1642801,Aaliyah Nye,players_directory,2026-06-02T22:58:43+00:00,20260602T225839Z,99edf1da530c96a79ec3d4698d7142695c9a9235a6c8ceabf5dd677aae0a67c6
1642802,Lucy Olsen,players_directory,wnba,,,/get-all-players-for-league/wnba,{},20260602T225839Z,2026-06-02T22:58:40+00:00,43b8a349a93f644c36700d0c716ee08435fa2d942f63bbcf1be23990169efd18,"[""players""]",1642802,Lucy Olsen,players_directory,2026-06-02T22:58:43+00:00,20260602T225839Z,c96263f095472fe6f0ae55faf9ce5f7da6708b3ee773ebec39a4ece994f58a99
1642804,Te-Hina Paopao,players_directory,wnba,,,/get-all-players-for-league/wnba,{},20260602T225839Z,2026-06-02T22:58:40+00:00,74f3c1017dd4985ce6ca3daa56ad5527dae5f9df98ffa27361c99c45c45c3926,"[""players""]",1642804,Te-Hina Paopao,players_directory,2026-06-02T22:58:43+00:00,20260602T225839Z,ddefadb01f59814f3c227d40ac7387aacfdbd69450ef52e80c04189526f009b7
1642808,JJ Quinerly,players_directory,wnba,,,/get-all-players-for-league/wnba,{},20260602T225839Z,2026-06-02T22:58:40+00:00,ac22d951b060f8f14d05e166c4a5ea8463195e452fb1845a72e6d1195287ba10,"[""players""]",1642808,JJ Quinerly,players_directory,2026-06-02T22:58:43+00:00,20260602T225839Z,98fa86d04a92158bbb13efbc64db0debed6684aa69710a9f90f1e5e059f399ac
1642809,Saniya Rivers,players_directory,wnba,,,/get-all-players-for-league/wnba,{},20260602T225839Z,2026-06-02T22:58:40+00:00,64a18f98331cc6161a4c9c5ad1e25dc1740da67b1f49150743eadb0d6c0dac4d,"[""players""]",1642809,Saniya Rivers,players_directory,2026-06-02T22:58:43+00:00,20260602T225839Z,491a7be2e9df174a18854ea7f28847b6d5781c4c4086d78a7c53a03c6abf994e
1642810,Madison Scott,players_directory,wnba,,,/get-all-players-for-league/wnba,{},20260602T225839Z,2026-06-02T22:58:40+00:00,fbf24daccc4a76211f2f92d9d556ab6151e02f07d53e4cbd22cac423c87b0600,"[""players""]",1642810,Madison Scott,players_directory,2026-06-02T22:58:43+00:00,20260602T225839Z,181ac51d7bb01bc9c4c0fa5c71eea9dcb6bd33694464505c66377cae084f11b3
1642813,Serena Sundell,players_directory,wnba,,,/get-all-players-for-league/wnba,{},20260602T225839Z,2026-06-02T22:58:40+00:00,6e232ca1383759ca4197945cd87e04ca1c66954a6e0273f6d2d65e039b6d1dcc,"[""players""]",1642813,Serena Sundell,players_directory,2026-06-02T22:58:43+00:00,20260602T225839Z,c78c2fda16935d11da8fab8d35fdc9cd9d2b110f2d9ddd9362b25e7e68f5d598
1642814,Taylor Thierry,players_directory,wnba,,,/get-all-players-for-league/wnba,{},20260602T225839Z,2026-06-02T22:58:40+00:00,fa4c5644397d3868f65f349ef7b26e6e8b68a87282d849dd28e8750a9fb67cac,"[""players""]",1642814,Taylor Thierry,players_directory,2026-06-02T22:58:43+00:00,20260602T225839Z,96c9bf4c8211d90150f59b88aa6d9d790541436af81c08197219a28d2e1a5bfc
1642815,Makayla Timpson,players_directory,wnba,,,/get-all-players-for-league/wnba,{},20260602T225839Z,2026-06-02T22:58:40+00:00,eac38d87b41ebcde261e3b09de5dac27003506e5af584b87f96094912e5d05b0,"[""players""]",1642815,Makayla Timpson,players_directory,2026-06-02T22:58:43+00:00,20260602T225839Z,fc5b6b76013cff3bb3009d9aaf58ee3bd89f01763bcb6602585ab01eb3f010b9
1642817,Hailey Van Lith,players_directory,wnba,,,/get-all-players-for-league/wnba,{},20260602T225839Z,2026-06-02T22:58:40+00:00,d3790465b54539c626409f9ccf604af37aa4ef1564ac465d54276fabdb95659f,"[""players""]",1642817,Hailey Van Lith,players_directory,2026-06-02T22:58:43+00:00,20260602T225839Z,b8529b2f6c031ffb4c2ce413c5a6539ad565a90a1c5f31a590bdfaa0a56318c5
1642818,Maddy Westbeld,players_directory,wnba,,,/get-all-players-for-league/wnba,{},20260602T225839Z,2026-06-02T22:58:40+00:00,7448f4c054c6501bd8c9b4e358d0af89fd7a569eccf99cfd1118ca8398a42b25,"[""players""]",1642818,Maddy Westbeld,players_directory,2026-06-02T22:58:43+00:00,20260602T225839Z,4c68a3187688105809ebce3f1b4ab523aa928ada26039d2386569895a1807a2a
1642820,Liatu King,players_directory,wnba,,,/get-all-players-for-league/wnba,{},20260602T225839Z,2026-06-02T22:58:40+00:00,c1f9bc276ca4010ef8734e6f65fdc977e7e6dc78aa5e952d14a619cd16e781d5,"[""players""]",1642820,Liatu King,players_directory,2026-06-02T22:58:43+00:00,20260602T225839Z,265826ed35422bdf7e07dd9dfe40179694f515338e367fe976e348299ba44a60
1642822,Kaitlyn Chen,players_directory,wnba,,,/get-all-players-for-league/wnba,{},20260602T225839Z,2026-06-02T22:58:40+00:00,e0105b58835d447346cb7ece5e0403722fec498dc526a90d2cb5168ce1c53857,"[""players""]",1642822,Kaitlyn Chen,players_directory,2026-06-02T22:58:43+00:00,20260602T225839Z,4632b9b4397c7afb71d90b1edc25e544043f9001c6f8f3c6213874d59086360f
1642826,Aubrey Griffin,players_directory,wnba,,,/get-all-players-for-league/wnba,{},20260602T225839Z,2026-06-02T22:58:40+00:00,2501d5a3bf37c509cfdd7a3438f95f9396fe5cf5b672fa0fcbcf583a078c2288,"[""players""]",1642826,Aubrey Griffin,players_directory,2026-06-02T22:58:43+00:00,20260602T225839Z,5e9f01e380792309b9e247791a3d022baaf59fd67bdb40ee8e2243afafcae56d
1642828,Ajae Petty,players_directory,wnba,,,/get-all-players-for-league/wnba,{},20260602T225839Z,2026-06-02T22:58:40+00:00,1aa4287433f4703b16b74b5cff206c36fe654299316758039af5366789d40613,"[""players""]",1642828,Ajae Petty,players_directory,2026-06-02T22:58:43+00:00,20260602T225839Z,41e1d4d19f79a7acb59ec014e93bd6e4c74134790233fc419fedbd0f8ddd60ca
1642841,Mamignan Touré,players_directory,wnba,,,/get-all-players-for-league/wnba,{},20260602T225839Z,2026-06-02T22:58:40+00:00,f55e30f70f657d761db320dc66665d9decab098412a46d6932f9a7df426058d6,"[""players""]",1642841,Mamignan Touré,players_directory,2026-06-02T22:58:43+00:00,20260602T225839Z,b29f342757aa3b7566c15fc6b16cd6c3897bc2ae253241df7e32cc4b97d9dcd5
1643154,Kyra Lambert,players_directory,wnba,,,/get-all-players-for-league/wnba,{},20260602T225839Z,2026-06-02T22:58:40+00:00,fa2718568e13c245d23b4b8cb3aa3e192c4765f6b41eaefa8f7f9a0b0b2362c5,"[""players""]",1643154,Kyra Lambert,players_directory,2026-06-02T22:58:43+00:00,20260602T225839Z,0c0fcd74a8fb1d8cc064a2f00fd9614c87314600ece3c61c4b59fea69ae13d57
1643420,Laura Juskaite,players_directory,wnba,,,/get-all-players-for-league/wnba,{},20260602T225839Z,2026-06-02T22:58:40+00:00,0f13e1bb70777bb36332aca42dce26e292987db263f53497cf6e2622d7aed2f9,"[""players""]",1643420,Laura Juskaite,players_directory,2026-06-02T22:58:43+00:00,20260602T225839Z,8201f72b6351081b5985066474974466c0cec044eb13b58b1043e0615d5b1642
1643424,Costanza Verona,players_directory,wnba,,,/get-all-players-for-league/wnba,{},20260602T225839Z,2026-06-02T22:58:40+00:00,0942d886c411b1c498f9a00b3cd95ffedb0d838142735597740277f32e8042b0,"[""players""]",1643424,Costanza Verona,players_directory,2026-06-02T22:58:43+00:00,20260602T225839Z,ccc73ce4068a68e80b1907404b718f2259969c681c721abdd7e0f246ba172b2d
1643425,Azzi Fudd,players_directory,wnba,,,/get-all-players-for-league/wnba,{},20260602T225839Z,2026-06-02T22:58:40+00:00,7cb5eba61049fab63bf249e524bee89540a436612546064e084053223bc6a26c,"[""players""]",1643425,Azzi Fudd,players_directory,2026-06-02T22:58:43+00:00,20260602T225839Z,27b0a0d372639148c4aa221106773ce41b187a9b4cb9df5a6c377b3a06650861
1643426,Olivia Miles,players_directory,wnba,,,/get-all-players-for-league/wnba,{},20260602T225839Z,2026-06-02T22:58:40+00:00,2b183d025e54400487a338433a0760c5992259714aa44e53235a0f91273d2044,"[""players""]",1643426,Olivia Miles,players_directory,2026-06-02T22:58:43+00:00,20260602T225839Z,440f658483b900f6f5efe3da24152b7914930b02dcc6f5196f308cc7658bac4a
1643427,Lauren Betts,players_directory,wnba,,,/get-all-players-for-league/wnba,{},20260602T225839Z,2026-06-02T22:58:40+00:00,9bd6a6d713c35c0aff1c6e8f679d19d091b48763baec3bf7ff1376ea0ad8875b,"[""players""]",1643427,Lauren Betts,players_directory,2026-06-02T22:58:43+00:00,20260602T225839Z,d6481f9d5421bee314b3a1915e3624fe74231eddb8d66a1d4ac295a2c9749470
1643428,Flau'jae Johnson,players_directory,wnba,,,/get-all-players-for-league/wnba,{},20260602T225839Z,2026-06-02T22:58:40+00:00,2ae099d36b05dcbb5b1ebc5161b9b514eb02ddfe95a905ae09a2d67de4378e0a,"[""players""]",1643428,Flau'jae Johnson,players_directory,2026-06-02T22:58:43+00:00,20260602T225839Z,e5631df4078f1451458d4755812ea0c3f781cb53278c9649a30048e1ac4f59c3
1643429,Gianna Kneepkens,players_directory,wnba,,,/get-all-players-for-league/wnba,{},20260602T225839Z,2026-06-02T22:58:40+00:00,2189dca0e88e02cb184c9675a60132f0c0214762c49076e6dd28d9ebdee9428d,"[""players""]",1643429,Gianna Kneepkens,players_directory,2026-06-02T22:58:43+00:00,20260602T225839Z,b373874cd86533fd5e4ba1ac7f3417b637401bad123684c937a2bc4200f0cae0
1643430,Cotie McMahon,players_directory,wnba,,,/get-all-players-for-league/wnba,{},20260602T225839Z,2026-06-02T22:58:40+00:00,9faaba8886365199774c118ebd310302332354a2b514fbfc5a287db9a320f898,"[""players""]",1643430,Cotie McMahon,players_directory,2026-06-02T22:58:43+00:00,20260602T225839Z,c8aa8416efb0ff1b625f4f3f14848a5779acb9e3958792e9fea62ac1730c27ac
1643431,Madina Okot,players_directory,wnba,,,/get-all-players-for-league/wnba,{},20260602T225839Z,2026-06-02T22:58:40+00:00,1f30122bf76ecc95804d1f988b5eccadf199d94e6f71b6e6822db018af0cc738,"[""players""]",1643431,Madina Okot,players_directory,2026-06-02T22:58:43+00:00,20260602T225839Z,c6ad170b95f2be5cddecd63a4bed52d66f1be532452bbb0aeebdae5b590871ae
1643433,Raven Johnson,players_directory,wnba,,,/get-all-players-for-league/wnba,{},20260602T225839Z,2026-06-02T22:58:40+00:00,d26b648a3e95087f587c5558b1fb70623a337f86c354663f8580254ab1aba65e,"[""players""]",1643433,Raven Johnson,players_directory,2026-06-02T22:58:43+00:00,20260602T225839Z,3f2c11d7a7321606375450c8fb34e837f1728d9620a187dfa1b7e722a268eb8e
1643434,Janiah Barker,players_directory,wnba,,,/get-all-players-for-league/wnba,{},20260602T225839Z,2026-06-02T22:58:40+00:00,3c4d62a0b77749f449cb12b460eaea187283c1bffbb5711243aa1873c957497c,"[""players""]",1643434,Janiah Barker,players_directory,2026-06-02T22:58:43+00:00,20260602T225839Z,ac20dda5a1ca286fb2531e1b8d33929e095b46a5fc849a65f6334e5a4d990e20
1643436,Serah Williams,players_directory,wnba,,,/get-all-players-for-league/wnba,{},20260602T225839Z,2026-06-02T22:58:40+00:00,0338f6de8cb5e860ed071da204b0a7933f3ea39f5d8fa43d29f48ce59911041f,"[""players""]",1643436,Serah Williams,players_directory,2026-06-02T22:58:43+00:00,20260602T225839Z,1e817242a6d87ef3c6381f433f67f20fe305670da88310df51e5ab681d88ed13
1643437,Ashlon Jackson,players_directory,wnba,,,/get-all-players-for-league/wnba,{},20260602T225839Z,2026-06-02T22:58:40+00:00,7f691a64cf75b204eac508a140989656a4037774540f2fb658c63c1dbcde0896,"[""players""]",1643437,Ashlon Jackson,players_directory,2026-06-02T22:58:43+00:00,20260602T225839Z,f14ede438aeb73dacda2b750031400423a7acc65268cbda74a0a0018d28d07c2
1643438,Marta Suarez,players_directory,wnba,,,/get-all-players-for-league/wnba,{},20260602T225839Z,2026-06-02T22:58:40+00:00,e9d41527ce4e04e6c8cd1714b29af4eb9660d3920019d8aad33e2eb66cd1a9a0,"[""players""]",1643438,Marta Suarez,players_directory,2026-06-02T22:58:43+00:00,20260602T225839Z,e19ec9758cbcc08b3f6a96e6831b04fcf0425dbaf1832363af1a0c69697e8ee6
1643440,Darianna Littlepage-Buggs,players_directory,wnba,,,/get-all-players-for-league/wnba,{},20260602T225839Z,2026-06-02T22:58:40+00:00,e01f5797277532c23cd3815f2f8f5367714240561ae8f86c17ca5752492ad33e,"[""players""]",1643440,Darianna Littlepage-Buggs,players_directory,2026-06-02T22:58:43+00:00,20260602T225839Z,aeedd540a65fbe2e38591eedf8f00972989d2442e078fe29c09411cbcf69ff88
1643441,Raegan Beers,players_directory,wnba,,,/get-all-players-for-league/wnba,{},20260602T225839Z,2026-06-02T22:58:40+00:00,0524345713553cfdf51ea097f4f08d30fe85a692c2cd621f1ae0ead1d4648235,"[""players""]",1643441,Raegan Beers,players_directory,2026-06-02T22:58:43+00:00,20260602T225839Z,958499855bd0077b2cda89a20f05de5459864e8998bf9e00bf9e08422abaaf6c
1643443,Awa Fam,players_directory,wnba,,,/get-all-players-for-league/wnba,{},20260602T225839Z,2026-06-02T22:58:40+00:00,65802f85211aeafd333add362c17679d0f6bef308dcaecdcc0705001f62d7cce,"[""players""]",1643443,Awa Fam,players_directory,2026-06-02T22:58:43+00:00,20260602T225839Z,56305e85a738793b806acd3e056191cb9301c7ea9c46d80675c827ec467dd87c
1643444,Ta'Niya Latson,players_directory,wnba,,,/get-all-players-for-league/wnba,{},20260602T225839Z,2026-06-02T22:58:40+00:00,918cf1175563f2b74095a0eac4b49d19b989070b912f2a89ba30c1af3cabc677,"[""players""]",1643444,Ta'Niya Latson,players_directory,2026-06-02T22:58:43+00:00,20260602T225839Z,5b335c167a6f86d56b522c4633a9e0b25611c80c093b951f33686a438ae54eb2
1643445,Kiki Rice,players_directory,wnba,,,/get-all-players-for-league/wnba,{},20260602T225839Z,2026-06-02T22:58:40+00:00,61bb86ba4fd56ecb8ca7fce709a3d13db8760c61c7f4c8c517c972b434d2ad18,"[""players""]",1643445,Kiki Rice,players_directory,2026-06-02T22:58:43+00:00,20260602T225839Z,bbba34265ae03390380037f3694be43194d6fa905e6e31f3b38d44c99975cbdd
1643447,Gabriela Jaquez,players_directory,wnba,,,/get-all-players-for-league/wnba,{},20260602T225839Z,2026-06-02T22:58:40+00:00,0d83cdd91eb43d3d011703fe1579b2fda0694683171aa8a672755268995968ad,"[""players""]",1643447,Gabriela Jaquez,players_directory,2026-06-02T22:58:43+00:00,20260602T225839Z,640c6ab78b866c79363327b7e26c7b06885370078b8f98326dabd566d1217438
1643448,Nell Angloma,players_directory,wnba,,,/get-all-players-for-league/wnba,{},20260602T225839Z,2026-06-02T22:58:40+00:00,f79c57b16285b680493261db4fa24800979fcb094e07b6e108022be5b4f17f84,"[""players""]",1643448,Nell Angloma,players_directory,2026-06-02T22:58:43+00:00,20260602T225839Z,8e5496c669199ca05ff930094a465a108054baca3a844d87aaf7d1cf9952a1a7
1643449,Charlisse Leger-Walker,players_directory,wnba,,,/get-all-players-for-league/wnba,{},20260602T225839Z,2026-06-02T22:58:40+00:00,52392a67ec749516f26eee75fb06b9e50468f69c99e69bec4f9afa02f4b73fa2,"[""players""]",1643449,Charlisse Leger-Walker,players_directory,2026-06-02T22:58:43+00:00,20260602T225839Z,a33fd03a4cacc9a19d65c76146a0e394306a75f5102341dff364f27ee839e695
1643450,Rori Harmon,players_directory,wnba,,,/get-all-players-for-league/wnba,{},20260602T225839Z,2026-06-02T22:58:40+00:00,638cd662dcea4be39476b405b82faf1f143248244e3540b7b40e5f793e8f1c22,"[""players""]",1643450,Rori Harmon,players_directory,2026-06-02T22:58:43+00:00,20260602T225839Z,5942a8883a570f589871813a34f102bf9df74e92e4093770df4f00edeb2dd8fc
1643453,Grace VanSlooten,players_directory,wnba,,,/get-all-players-for-league/wnba,{},20260602T225839Z,2026-06-02T22:58:40+00:00,f05131107b7738b9c005b5bc56d2b661c72a0e9290521379f0bc8b79baf4242c,"[""players""]",1643453,Grace VanSlooten,players_directory,2026-06-02T22:58:43+00:00,20260602T225839Z,2e2bff651c1d00a92c495aef794deb7c65d44abda1df5e16cb2d507b6ed979d0
1643455,Angela Dugalic,players_directory,wnba,,,/get-all-players-for-league/wnba,{},20260602T225839Z,2026-06-02T22:58:40+00:00,7b82fe4054b0dfd0f75a4003edc7abb7f7fe0f08b22c9ac7c52d717629618f5d,"[""players""]",1643455,Angela Dugalic,players_directory,2026-06-02T22:58:43+00:00,20260602T225839Z,d5e194c5b5bc26c3dc6f806027a78ad96f68541502bde036572b4565ae1f867b
1643457,Teonni Key,players_directory,wnba,,,/get-all-players-for-league/wnba,{},20260602T225839Z,2026-06-02T22:58:40+00:00,336b72c3ed33e0b8400db73114bac20881117979d00b0bb96f0199ef248b793a,"[""players""]",1643457,Teonni Key,players_directory,2026-06-02T22:58:43+00:00,20260602T225839Z,88a1aae9fafc90f187666d8cc6ac0d3439085c8dec58238c47da1e7486c2f892
1643458,Saylor Poffenbarger,players_directory,wnba,,,/get-all-players-for-league/wnba,{},20260602T225839Z,2026-06-02T22:58:40+00:00,2d7e25159d38504f4917d8c7eaed36bf08ce0a3ddc921166bcfab1e97cd6ecf5,"[""players""]",1643458,Saylor Poffenbarger,players_directory,2026-06-02T22:58:43+00:00,20260602T225839Z,1ffe46668bd915936c956e68fbd1cba69e7b041951af59e001bbacaae20d9f2c
1643461,Laura Ziegler,players_directory,wnba,,,/get-all-players-for-league/wnba,{},20260602T225839Z,2026-06-02T22:58:40+00:00,7b4f7cae94deca0abf6b4d651f3ef5a707b8d0058c7038361ac261ce290ca181,"[""players""]",1643461,Laura Ziegler,players_directory,2026-06-02T22:58:43+00:00,20260602T225839Z,ec61ba7109270cc93dc196af8acc94be8d5618974b62e719ea7c6eec945286f8
1643462,Chance Gray,players_directory,wnba,,,/get-all-players-for-league/wnba,{},20260602T225839Z,2026-06-02T22:58:40+00:00,d0f76f44044e4132485664b4ff98bb622781bdcf3633629a4259d4ede7bbf476,"[""players""]",1643462,Chance Gray,players_directory,2026-06-02T22:58:43+00:00,20260602T225839Z,66091ab6662cdc0b84f9056d0b9e02364d0bd49cc5c04a3ff2d84887b4b5da72
1643467,Cassandre Prosper,players_directory,wnba,,,/get-all-players-for-league/wnba,{},20260602T225839Z,2026-06-02T22:58:40+00:00,7b97accbb2fd1307fbef9f7ebafcfde93cc94c0633ffb8cce6adb5e709245130,"[""players""]",1643467,Cassandre Prosper,players_directory,2026-06-02T22:58:43+00:00,20260602T225839Z,f6d85f69285b73b461cae8673c34c41804adcfbdbf0196dde70a3ac0fa790a34
1643469,Indya Nivar,players_directory,wnba,,,/get-all-players-for-league/wnba,{},20260602T225839Z,2026-06-02T22:58:40+00:00,78bdaacd36eee49951be9c8035c62ed440d18998acb21e640688944fcd4133b2,"[""players""]",1643469,Indya Nivar,players_directory,2026-06-02T22:58:43+00:00,20260602T225839Z,6eb4758624652312cfdf22a846cb9b2ab47b4ce3f838056dd1394cefb32a48a4
1643470,Shay Ciezki,players_directory,wnba,,,/get-all-players-for-league/wnba,{},20260602T225839Z,2026-06-02T22:58:40+00:00,f04fd14acb45758e2efe1d4db263c861385c771f84326bafb82493917f3a8f89,"[""players""]",1643470,Shay Ciezki,players_directory,2026-06-02T22:58:43+00:00,20260602T225839Z,b5edc9a08fb2b9793e19a1ba33be797d7c684b716b877c5cfe2c9f4c36b1d105
1643473,Taina Mair,players_directory,wnba,,,/get-all-players-for-league/wnba,{},20260602T225839Z,2026-06-02T22:58:40+00:00,513f41e1e04061bdf1aa536f739b2978dbafbc115f9acb89182f2a14ef03aa3a,"[""players""]",1643473,Taina Mair,players_directory,2026-06-02T22:58:43+00:00,20260602T225839Z,6e9772b5a96e9574d99499f47211dc6383c17079fbd8e0d9dbe8c359fee8bfd2
1643479,Ndjakalenga Mwenentanda,players_directory,wnba,,,/get-all-players-for-league/wnba,{},20260602T225839Z,2026-06-02T22:58:40+00:00,a11f26868391784961509a59a23b723b120db5f679a02fbaa3f10aca825d6e98,"[""players""]",1643479,Ndjakalenga Mwenentanda,players_directory,2026-06-02T22:58:43+00:00,20260602T225839Z,79f7f517b6560a1d771874143e88e9b4d94032cce8f529cfe97796410d57d2f0
1643487,Quionche Carter,players_directory,wnba,,,/get-all-players-for-league/wnba,{},20260602T225839Z,2026-06-02T22:58:40+00:00,1558163a63bc71d6eadd350e28f1151173c61c943083d470ecec39c153db5c63,"[""players""]",1643487,Quionche Carter,players_directory,2026-06-02T22:58:43+00:00,20260602T225839Z,34847cef2d6cc773ab71b8579cc49cd6a7e4a55665da2f3f4d63039241c5dd44
1643488,Emma Cechova,players_directory,wnba,,,/get-all-players-for-league/wnba,{},20260602T225839Z,2026-06-02T22:58:40+00:00,007683bd2c03785b122df1224405236c1386070c4df7bee7800e38d0f042aeef,"[""players""]",1643488,Emma Cechova,players_directory,2026-06-02T22:58:43+00:00,20260602T225839Z,7d85d8d77f0524e4b81bff7fbed5ad6f3ec8cd84a6f6280b2cdffc876e595c53
1643489,Antonia Delaere,players_directory,wnba,,,/get-all-players-for-league/wnba,{},20260602T225839Z,2026-06-02T22:58:40+00:00,8862fd771d9fa263fc4a268040230f582059e081cff9e97b0aa59d01b62e6f20,"[""players""]",1643489,Antonia Delaere,players_directory,2026-06-02T22:58:43+00:00,20260602T225839Z,b11a8f23b4f18c09e9c83f816286154451d6675ecf4662098f06d7ac6ebee06f
1643490,Eliska Hamzova,players_directory,wnba,,,/get-all-players-for-league/wnba,{},20260602T225839Z,2026-06-02T22:58:40+00:00,d29608ead2cc31da1085c0540b1b9bea4a0ba49a34d9577bd97db745dc6bb3b5,"[""players""]",1643490,Eliska Hamzova,players_directory,2026-06-02T22:58:43+00:00,20260602T225839Z,b5dac9ab7e0d5b3e4d4494aa6363caebcd7ab2e2bb28b87143d4a4716046d88e
1643493,Noemie Brochant,players_directory,wnba,,,/get-all-players-for-league/wnba,{},20260602T225839Z,2026-06-02T22:58:40+00:00,ac47e52431e7b350b25e2e1c178076dce94dfbd1261e75a982523fd161d9f930,"[""players""]",1643493,Noemie Brochant,players_directory,2026-06-02T22:58:43+00:00,20260602T225839Z,18c4bffe7baef1d4ed598277b857c85464edbaaa2f623f9a7cc70188b4309b29
1643494,Frieda Buhner,players_directory,wnba,,,/get-all-players-for-league/wnba,{},20260602T225839Z,2026-06-02T22:58:40+00:00,63863b5336dab403c12b5bff14eff1abaab0476a180ff1a9d2016fad0ba06cbb,"[""players""]",1643494,Frieda Buhner,players_directory,2026-06-02T22:58:43+00:00,20260602T225839Z,eb9f3c118f8eacb8945311e5e2a763afa21bf450bd51ec676f851e82aeda1fe3
1643495,Justine Pissott,players_directory,wnba,,,/get-all-players-for-league/wnba,{},20260602T225839Z,2026-06-02T22:58:40+00:00,8af31645b6d8176ee88154a849bd42273851be7cb57fbe0642fcf91b61688a33,"[""players""]",1643495,Justine Pissott,players_directory,2026-06-02T22:58:43+00:00,20260602T225839Z,fe2db7d4f57371d9f1bfea2b86d8a91205417c83179cc424c9d04eff956a69f9
1643505,Jovana Nogic,players_directory,wnba,,,/get-all-players-for-league/wnba,{},20260602T225839Z,2026-06-02T22:58:40+00:00,208966c766a13b075ca836dcebd3a364beb8eedb2bc50834d058ce680b34db6b,"[""players""]",1643505,Jovana Nogic,players_directory,2026-06-02T22:58:43+00:00,20260602T225839Z,5b4943c5d59db55d7e5681256cac27042004fc078242998f286a0963165accd0
1643506,Teja Oblak,players_directory,wnba,,,/get-all-players-for-league/wnba,{},20260602T225839Z,2026-06-02T22:58:40+00:00,f7a3bc5e9a2469f8468911b2ee72f77670c4bc37c2a2e4af91ed69df95e49287,"[""players""]",1643506,Teja Oblak,players_directory,2026-06-02T22:58:43+00:00,20260602T225839Z,2a44425b437cb86355bbd196d1972c43f0ee8861f22d9b2c7f5f529b67cc8e12
1643525,Alex Fowler,players_directory,wnba,,,/get-all-players-for-league/wnba,{},20260602T225839Z,2026-06-02T22:58:40+00:00,ab8e916cea0f0525b8af79aef39e27f7f02f7fb692790c8e108d2444235395f7,"[""players""]",1643525,Alex Fowler,players_directory,2026-06-02T22:58:43+00:00,20260602T225839Z,e6a0959c923c52a18f6bcc99825c633cd0f410d42115ee94c4351aae5d139f7b
1643527,Jordan Harrison,players_directory,wnba,,,/get-all-players-for-league/wnba,{},20260602T225839Z,2026-06-02T22:58:40+00:00,9eaacbefe5c9dd8e010f33c66f3aaae53a13252fedd7f3842a8ca307f3aa08b9,"[""players""]",1643527,Jordan Harrison,players_directory,2026-06-02T22:58:43+00:00,20260602T225839Z,cb75ef7158c73bfd48ecffb467900df0f9a81221d0b1138a1b694c4340e8eec3
1643644,Alicia Florez Getino,players_directory,wnba,,,/get-all-players-for-league/wnba,{},20260602T225839Z,2026-06-02T22:58:40+00:00,e3a00d2454bb5c294b8546fa8a8fe6fda7520cb3da986567d040deda760a58fc,"[""players""]",1643644,Alicia Florez Getino,players_directory,2026-06-02T22:58:43+00:00,20260602T225839Z,3decbdd676b98e1a92e3ac7246846e651a4958ee36dfd3a57e6c38c46b05f624
1643647,Tima Pouye,players_directory,wnba,,,/get-all-players-for-league/wnba,{},20260602T225839Z,2026-06-02T22:58:40+00:00,89d8698eff1950acdcc0bc5cbcda2f059dfe4518e14e4026b3c9a04073a4b80d,"[""players""]",1643647,Tima Pouye,players_directory,2026-06-02T22:58:43+00:00,20260602T225839Z,c364f8cf39223a9e360605323abfb2ced0d64b999861dc636b1b700244f28b3c
196295930,Teja Oblak,players_directory,wnba,,,/get-all-players-for-league/wnba,{},20260602T225839Z,2026-06-02T22:58:40+00:00,536cbd77d34cd9615be8e631cc42784817215246e69525a6a5bcf85f69806804,"[""players""]",196295930,Teja Oblak,players_directory,2026-06-02T22:58:43+00:00,20260602T225839Z,5da455bcb90e4ecbe9e289eafe20e2d6094bb1bd8db5f6382083f7f6fc9a4bd6
1628926,Maria Kliundikova,players_directory,wnba,,,/get-all-players-for-league/wnba,{},20260603T185758Z,2026-06-03T18:57:58+00:00,7e40a830c0581b6e0ec79d1e8bff511e4c74ceb7c4f1429721468e2bb7aa880d,"[""players""]",1628926,Maria Kliundikova,players_directory,2026-06-03T18:58:02+00:00,20260603T185758Z,a198cb7307d363d91cbfddc40a36774b16fb445234cd677e8478ca056140b33a
1629476,Asia (AD) Durr,players_directory,wnba,,,/get-all-players-for-league/wnba,{},20260603T185758Z,2026-06-03T18:57:58+00:00,f0272d4a36bcce89a2df9043df364d5946648302199a39cfbcfd5d71e2d9a8f4,"[""players""]",1629476,Asia (AD) Durr,players_directory,2026-06-03T18:58:02+00:00,20260603T185758Z,501d40ea0f6e5b70c5686c90aa801c9515ee2b6893f23a91e8bd0c9c5ad8e0ec
100003,Lisa Leslie,players_directory,wnba,,,/get-all-players-for-league/wnba,{},20260603T195605Z,2026-06-03T19:56:05+00:00,abc4a0fda3272f3f694fb100cd7e4c8a62db8714cedbc1d1057f14ed96e5df09,"[""players""]",100003,Lisa Leslie,players_directory,2026-06-03T19:56:08+00:00,20260603T195605Z,f7237c97ef9bd408cc8446e55ff90d69e802052392acd5250d4da4fc7763a5d4
100008,Tamecka Dixon,players_directory,wnba,,,/get-all-players-for-league/wnba,{},20260603T195605Z,2026-06-03T19:56:05+00:00,71bbed8a1967489aa67ad76a55664af0219e9d8c2befa52f5f6d2700092c90c6,"[""players""]",100008,Tamecka Dixon,players_directory,2026-06-03T19:56:08+00:00,20260603T195605Z,ae38f3278b74bf66dd9d53c33269b05a56d129d726685b08aeb908c785feed9a
100072,Sheryl Swoopes,players_directory,wnba,,,/get-all-players-for-league/wnba,{},20260603T195605Z,2026-06-03T19:56:05+00:00,174e74e78aea5fdc4a2cbaa5fc716d8ff87f91dd9d9f93f905373c8886475d95,"[""players""]",100072,Sheryl Swoopes,players_directory,2026-06-03T19:56:08+00:00,20260603T195605Z,5b4e560af772e18cfe6048cf8cb5a4ba393e2c37d402d175c3d3db7fa6b344c5
100076,Tina Thompson,players_directory,wnba,,,/get-all-players-for-league/wnba,{},20260603T195605Z,2026-06-03T19:56:05+00:00,a011df28870c8d38bf91f869ab436931aec37d7eb7d8860a64771bfccc7ea25d,"[""players""]",100076,Tina Thompson,players_directory,2026-06-03T19:56:08+00:00,20260603T195605Z,c573da03f8ea7b9e9571a35b2db112b938de7457eed48bfdc71a7062e1aa7414
100103,Vickie Johnson,players_directory,wnba,,,/get-all-players-for-league/wnba,{},20260603T195605Z,2026-06-03T19:56:05+00:00,ee045bc67f9edc218d7927976852e41eef9496085b5ab8d3102d95165abc351b,"[""players""]",100103,Vickie Johnson,players_directory,2026-06-03T19:56:08+00:00,20260603T195605Z,6753c5d948e6a42020c123240af61a4e776b8139c2abbd21c1b71dc485f0164f
100222,Kristi Harrower,players_directory,wnba,,,/get-all-players-for-league/wnba,{},20260603T195605Z,2026-06-03T19:56:05+00:00,ffcf65ca774985320c9b68c4bf01a44a03ae610506c7f77ab0c7da5ff728b28c,"[""players""]",100222,Kristi Harrower,players_directory,2026-06-03T19:56:08+00:00,20260603T195605Z,acfca3245fa1ea1288ea85160446de986edf88b1232ba33aff4def54634c0f35
100234,Ticha Penicheiro,players_directory,wnba,,,/get-all-players-for-league/wnba,{},20260603T195605Z,2026-06-03T19:56:05+00:00,f8c9fc461a8de10eae4b78af6b5ee0d4e4bf891b525f3767bb983eac731050e0,"[""players""]",100234,Ticha Penicheiro,players_directory,2026-06-03T19:56:08+00:00,20260603T195605Z,4a9609cccd6e150d56369b5f55dbb747039fbea3700a82d40944b4d9b3b77d9f
100236,Tangela Smith,players_directory,wnba,,,/get-all-players-for-league/wnba,{},20260603T195605Z,2026-06-03T19:56:05+00:00,97c4337f0ad69e884448fd96736904423cb261446e2c7203449d2573ebbd50f8,"[""players""]",100236,Tangela Smith,players_directory,2026-06-03T19:56:08+00:00,20260603T195605Z,256779fd8dde38d11d0ca8a11c9525ac57c27d2754cfc4a5ac4d9e3411a07994
100284,Tully Bevilaqua,players_directory,wnba,,,/get-all-players-for-league/wnba,{},20260603T195605Z,2026-06-03T19:56:05+00:00,ed1efbafe6edf959587cb59d12f48e4bf111e376bdd65a4d2a54396df4b29e13,"[""players""]",100284,Tully Bevilaqua,players_directory,2026-06-03T19:56:08+00:00,20260603T195605Z,6f8f187ce97fb6874241ad8483a6ad45ab3bae2888b147393944b1a281f547fa
100342,Becky Hammon,players_directory,wnba,,,/get-all-players-for-league/wnba,{},20260603T195605Z,2026-06-03T19:56:05+00:00,0f3aca9f47a4ed1ec1effa6e48ec94028f5402d59d9142415378c3c41003105f,"[""players""]",100342,Becky Hammon,players_directory,2026-06-03T19:56:08+00:00,20260603T195605Z,14c82097fb5e0236fca02da7bad5d095205e354bc49c7b0e2d56112ea6719a11
100347,Tamika Whitmore,players_directory,wnba,,,/get-all-players-for-league/wnba,{},20260603T195605Z,2026-06-03T19:56:05+00:00,3cae7e5b0f232be3fc710320fb56e5e0af481f638a80cd7fb658af63632903c7,"[""players""]",100347,Tamika Whitmore,players_directory,2026-06-03T19:56:08+00:00,20260603T195605Z,4015470844ee73638f463c017ce20837073496f873acd180ddfaf9012501b69f
100356,Chamique Holdsclaw,players_directory,wnba,,,/get-all-players-for-league/wnba,{},20260603T195605Z,2026-06-03T19:56:05+00:00,7545e0c9155013c583c2282a30333048e0ce559645c664aca7c0c0a066ecf969,"[""players""]",100356,Chamique Holdsclaw,players_directory,2026-06-03T19:56:08+00:00,20260603T195605Z,1c2b08da5f391f32feb803c1ed21ed156ff534c26b781de3effe7616dd107de6
100384,Dominique Canty,players_directory,wnba,,,/get-all-players-for-league/wnba,{},20260603T195605Z,2026-06-03T19:56:05+00:00,189991b316d44d9a5e4189b33db66a581eff9d9ad075548ffae670d262a0440d,"[""players""]",100384,Dominique Canty,players_directory,2026-06-03T19:56:08+00:00,20260603T195605Z,930b7bb256abc3d6abdcc232be85c912f29b47763b28ad8d75c95a570e6889d6
100396,DeLisha Milton-Jones,players_directory,wnba,,,/get-all-players-for-league/wnba,{},20260603T195605Z,2026-06-03T19:56:05+00:00,8bc71cdafafaf54c3892e2019fdda155c0a2f71725e13a990ed2ed4f5d4407fa,"[""players""]",100396,DeLisha Milton-Jones,players_directory,2026-06-03T19:56:08+00:00,20260603T195605Z,b02f275300dcf249f9ed5e1fef1e2777f83aac01d12ddbc3b0db9443bb0479b9
100404,Katie Smith,players_directory,wnba,,,/get-all-players-for-league/wnba,{},20260603T195605Z,2026-06-03T19:56:05+00:00,70082bac9a9a7b4f7c9d606e2d37e6d101db0fa9d963dc280ca20d397025c881,"[""players""]",100404,Katie Smith,players_directory,2026-06-03T19:56:08+00:00,20260603T195605Z,69f00825563a24f7aba0cbe9adaa7bfaf5f718648a455d46061043ed461a02e6
100410,Shannon Johnson,players_directory,wnba,,,/get-all-players-for-league/wnba,{},20260603T195605Z,2026-06-03T19:56:05+00:00,0cbce71bdfb6d130035c634b03c4a4ee17ed9794c54c6f20ff43d579fb496ea0,"[""players""]",100410,Shannon Johnson,players_directory,2026-06-03T19:56:08+00:00,20260603T195605Z,b5a833ea30d820456851e527a648da8819090e4d6b094c6a57acf4677bf4c44a
100412,Taj McWilliams-Franklin,players_directory,wnba,,,/get-all-players-for-league/wnba,{},20260603T195605Z,2026-06-03T19:56:05+00:00,7d66b814b05c54cacd4a1dbc75baf3be5d3cd77f669a246522e3e7d574a8def8,"[""players""]",100412,Taj McWilliams-Franklin,players_directory,2026-06-03T19:56:08+00:00,20260603T195605Z,763c54c5ac369c409ae5ba58f1112ef380394361bacb695bfd9c0e1310a6f646
100419,Yolanda Griffith,players_directory,wnba,,,/get-all-players-for-league/wnba,{},20260603T195605Z,2026-06-03T19:56:05+00:00,bc5f493b436543df62ca64c9da8482b7a7ce01016b6cff7218f36bc3bb7d3960,"[""players""]",100419,Yolanda Griffith,players_directory,2026-06-03T19:56:08+00:00,20260603T195605Z,bf6940f2bc83bbd6b4df92821b519b87236e7bd1917f57d6b4e037d1674baf1c
100433,Chasity Melvin,players_directory,wnba,,,/get-all-players-for-league/wnba,{},20260603T195605Z,2026-06-03T19:56:05+00:00,9607118492ce33572c3978d10814c081007683c8ed6de2fc42e945e8d4873e25,"[""players""]",100433,Chasity Melvin,players_directory,2026-06-03T19:56:08+00:00,20260603T195605Z,f65fefd1af1496f605293c3600944e02ab2977b0e0073480a89aa77a286eb760
100445,Ann Wauters,players_directory,wnba,,,/get-all-players-for-league/wnba,{},20260603T195605Z,2026-06-03T19:56:05+00:00,82755a2821c818d5e6018c5649ab577b8f544dd621d78fdb5030b3ab6979d51e,"[""players""]",100445,Ann Wauters,players_directory,2026-06-03T19:56:08+00:00,20260603T195605Z,8c73c687a9a76f4b5f04a3f34f49ed012c17ca3c59e3fad9c568906329b8c847
100457,Helen Darling,players_directory,wnba,,,/get-all-players-for-league/wnba,{},20260603T195605Z,2026-06-03T19:56:05+00:00,e8e4a7b8066837fae7bdfbd416db17f8b444bfb37fe6b00d9853e06fcac224a8,"[""players""]",100457,Helen Darling,players_directory,2026-06-03T19:56:08+00:00,20260603T195605Z,ebf730dc7f4f9935b6b976358b4e4a3b6f2bfc70c0ef52211253e46c72617396
100484,Betty Lennox,players_directory,wnba,,,/get-all-players-for-league/wnba,{},20260603T195605Z,2026-06-03T19:56:05+00:00,1f96ea6f2be22f28d363728733c40433b5a53b8b9a98ad31642a2904fccd543f,"[""players""]",100484,Betty Lennox,players_directory,2026-06-03T19:56:08+00:00,20260603T195605Z,8a94d7b0b6379727faa07da71fb5807a5f8cf0e5dd348fffc0bab406b23274f1
100493,Anna DeForge,players_directory,wnba,,,/get-all-players-for-league/wnba,{},20260603T195605Z,2026-06-03T19:56:05+00:00,2f8aed2b3acf58ddd3b4a897fe849ad89a10ec2fe816bc02a531cb9b5abe4b86,"[""players""]",100493,Anna DeForge,players_directory,2026-06-03T19:56:08+00:00,20260603T195605Z,6bbdc43c65dac869f8a138de7c66a11b7db31c937b35333f9f78984effc37d77
100494,Barbara Farris,players_directory,wnba,,,/get-all-players-for-league/wnba,{},20260603T195605Z,2026-06-03T19:56:05+00:00,bf651c688eaf18dc2cc446f6d3bd8bd0c44b2b3890bc6b428712fef059dc9863,"[""players""]",100494,Barbara Farris,players_directory,2026-06-03T19:56:08+00:00,20260603T195605Z,30c45b57ffdea46580e377f63e828f7aa6e3d73d84417596ba8921beb4b3e8b2
100533,DeMya Walker,players_directory,wnba,,,/get-all-players-for-league/wnba,{},20260603T195605Z,2026-06-03T19:56:05+00:00,d701081787b851e239e38edc877afad64200a65b1cd7e38954b3ae2687bfa8cf,"[""players""]",100533,DeMya Walker,players_directory,2026-06-03T19:56:08+00:00,20260603T195605Z,2317bf21abd34b931d91f6c49459b75d3d3c82e478279795e111b76491777d5e
100556,Nakia Sanford,players_directory,wnba,,,/get-all-players-for-league/wnba,{},20260603T195605Z,2026-06-03T19:56:05+00:00,109267f571d66a6be9c4e71eff60dfc040fc58e72797a62bb04fecd0f0797756,"[""players""]",100556,Nakia Sanford,players_directory,2026-06-03T19:56:08+00:00,20260603T195605Z,c380b10a0475b6c01deb10a59eda5214ad41c54813e4acd8daae6f4eb29932be
100627,Kelly Miller,players_directory,wnba,,,/get-all-players-for-league/wnba,{},20260603T195605Z,2026-06-03T19:56:05+00:00,d729fc0d1ee768b212c8ac79b8361cfe0ed057aa2ae1255d5b1789f79e615fb3,"[""players""]",100627,Kelly Miller,players_directory,2026-06-03T19:56:08+00:00,20260603T195605Z,fb24f2dd023fca821ed9ba963c13e1183afbf5cf938a8e4fb1c55424aded66f3
100628,Tammy Sutton-Brown,players_directory,wnba,,,/get-all-players-for-league/wnba,{},20260603T195605Z,2026-06-03T19:56:05+00:00,71d9603911fc172405a6ebc4e8ff5d08f1e4d40ac33caf81b50c2b7e470f3ce2,"[""players""]",100628,Tammy Sutton-Brown,players_directory,2026-06-03T19:56:08+00:00,20260603T195605Z,91cf099b11df2c8eb573802efaf655ef7dc233d17c14b346df809dec2d1751bc
100634,Penny Taylor,players_directory,wnba,,,/get-all-players-for-league/wnba,{},20260603T195605Z,2026-06-03T19:56:05+00:00,9c29f81d90a80696aff47098afe87c591919f92699ae007ceb30e22d7ca1975a,"[""players""]",100634,Penny Taylor,players_directory,2026-06-03T19:56:08+00:00,20260603T195605Z,7bf52fe23a392886df89cdb382028079c1773b2dd6db3bace9c61c87bb64ac16
100639,Deanna Nolan,players_directory,wnba,,,/get-all-players-for-league/wnba,{},20260603T195605Z,2026-06-03T19:56:05+00:00,7be2ad1d04aaeee72415592d6cb0fcb1e1f1e2bdb76b5c7a73bced135e4d9ad0,"[""players""]",100639,Deanna Nolan,players_directory,2026-06-03T19:56:08+00:00,20260603T195605Z,af8a8893505065f70f0afaf858e88aab47d2893cd1c6eac05f1008605551e404
100646,Tamika Catchings,players_directory,wnba,,,/get-all-players-for-league/wnba,{},20260603T195605Z,2026-06-03T19:56:05+00:00,54e9b2aa982de6ea4cc3787d5544dbb8abc3cbafb80ea164b74051cfb776b963,"[""players""]",100646,Tamika Catchings,players_directory,2026-06-03T19:56:08+00:00,20260603T195605Z,c932fb22ea827a98209cbd175e453fd23d91b93d1f073800ef00818db93623a5
100648,Kelly Schumacher,players_directory,wnba,,,/get-all-players-for-league/wnba,{},20260603T195605Z,2026-06-03T19:56:05+00:00,284ba8536dd10c9010ece1b9e4cef5fcfc89181d411dda6d96c2e5115277e826,"[""players""]",100648,Kelly Schumacher,players_directory,2026-06-03T19:56:08+00:00,20260603T195605Z,c936b019105fc2ffb355b929d4225bbbd60769fb0cf50807077b15b4d79e0a8f
100651,Kiesha Brown,players_directory,wnba,,,/get-all-players-for-league/wnba,{},20260603T195605Z,2026-06-03T19:56:05+00:00,6265bb52dbdf444d39bc7ac7af4930d4e7b9c864b1daa4603f83e84f93809e60,"[""players""]",100651,Kiesha Brown,players_directory,2026-06-03T19:56:08+00:00,20260603T195605Z,ee8f281db9dbb222af197910a404bc9928485b8b35f0e758b565ec4613deab24
100656,Ruth Riley,players_directory,wnba,,,/get-all-players-for-league/wnba,{},20260603T195605Z,2026-06-03T19:56:05+00:00,e4e12bbd766abf2729bd702e5eae50045271c501d1e2a7c88347ec6c83fbf8e8,"[""players""]",100656,Ruth Riley,players_directory,2026-06-03T19:56:08+00:00,20260603T195605Z,643c466331d198a5a385e87c5979d826b0054f666d76c511d61be052ce12525c
100658,Svetlana Abrosimova,players_directory,wnba,,,/get-all-players-for-league/wnba,{},20260603T195605Z,2026-06-03T19:56:05+00:00,99f21f8c0d387cd7d8c7d80ffba6364a42626284663de46999a91525d2c0b68b,"[""players""]",100658,Svetlana Abrosimova,players_directory,2026-06-03T19:56:08+00:00,20260603T195605Z,f4c2d4c3f13c8ab4069d270248808c31f1da579111f1682e2f6363bc241a8353
100659,Erin Perperoglou,players_directory,wnba,,,/get-all-players-for-league/wnba,{},20260603T195605Z,2026-06-03T19:56:05+00:00,dfd6f9c5c8115d0ac7e945d4abd466da481d033e5a8d3355dde17fd16ce4d6ee,"[""players""]",100659,Erin Perperoglou,players_directory,2026-06-03T19:56:08+00:00,20260603T195605Z,0d1953acec4bb11d0fa03cf6c9af9e9cfaeb6115005260296007000baf201f91
100660,Janell Burse,players_directory,wnba,,,/get-all-players-for-league/wnba,{},20260603T195605Z,2026-06-03T19:56:05+00:00,97c435c7ca6874f4d6e503da92240a169df12c411772a1f343998ab4e46a135f,"[""players""]",100660,Janell Burse,players_directory,2026-06-03T19:56:08+00:00,20260603T195605Z,2f4818bb23a513a1bd2acfd2458ea71db183c9a5d32ac90f2460bf80309322b8
100666,Katie Douglas,players_directory,wnba,,,/get-all-players-for-league/wnba,{},20260603T195605Z,2026-06-03T19:56:05+00:00,f72422ee4a19b07af5e1071d727e06a081fbbe4fa1beafe2b32394dfea9b01f3,"[""players""]",100666,Katie Douglas,players_directory,2026-06-03T19:56:08+00:00,20260603T195605Z,f2c740e29a9fa6cf4e7c9aaf6c7752aa892a531ea2037b49dffd6a574cd1f834
100667,Brooke Wyckoff,players_directory,wnba,,,/get-all-players-for-league/wnba,{},20260603T195605Z,2026-06-03T19:56:05+00:00,7392c30cb826f16f8251f2466a2a72d26d5cf3ed85b82016319244a979cd7ad8,"[""players""]",100667,Brooke Wyckoff,players_directory,2026-06-03T19:56:08+00:00,20260603T195605Z,60577800f22917420e2c2ec0a1374b8c90428972cfbb827abf8fdeb7d7247bc0
100682,Lauren Jackson,players_directory,wnba,,,/get-all-players-for-league/wnba,{},20260603T195605Z,2026-06-03T19:56:05+00:00,d6130c4b8308a618c3c1427580e269037b9c05788bd480d67c493e9280594798,"[""players""]",100682,Lauren Jackson,players_directory,2026-06-03T19:56:08+00:00,20260603T195605Z,3ae69ad82aa446bd5bf361af1bfe55580c41f10c3998208b9641d145e81c15b5
100685,Marie Ferdinand-Harris,players_directory,wnba,,,/get-all-players-for-league/wnba,{},20260603T195605Z,2026-06-03T19:56:05+00:00,ca90e9ec5ae4fe73f23de1d8873e6b7cc474f7eefec91e123b3c74dcfbbe1da2,"[""players""]",100685,Marie Ferdinand-Harris,players_directory,2026-06-03T19:56:08+00:00,20260603T195605Z,b577315debe28e7a2ea6b4eb35931dee8a746c66a04a6f680385841b3ef5ee24
100690,Coco Miller,players_directory,wnba,,,/get-all-players-for-league/wnba,{},20260603T195605Z,2026-06-03T19:56:05+00:00,997e6b23b676dbe2b7b476c494ff809f4c4324e8bc1dbffeab014d88313cfc90,"[""players""]",100690,Coco Miller,players_directory,2026-06-03T19:56:08+00:00,20260603T195605Z,b5c03f765cdc2cd56f3c7d8aaf787d46a71ed5399ce0df95846e7c9237b99c2f
100696,Belinda Snell,players_directory,wnba,,,/get-all-players-for-league/wnba,{},20260603T195605Z,2026-06-03T19:56:05+00:00,5df96bf6a4d3ab106c6c658a06ff65305c03b47a4e3daedb03e6caaedf394807,"[""players""]",100696,Belinda Snell,players_directory,2026-06-03T19:56:08+00:00,20260603T195605Z,cd04f84c26c6270c5e035c242293161ba6f07519737b08e43d4abeabfcf046a2
100720,Sue Bird,players_directory,wnba,,,/get-all-players-for-league/wnba,{},20260603T195605Z,2026-06-03T19:56:05+00:00,73739a1d76f67e4b15aa7d45910e99d6b7f387029f08e6dbdca8f76d39b35713,"[""players""]",100720,Sue Bird,players_directory,2026-06-03T19:56:08+00:00,20260603T195605Z,50a81252a0405c302603e9d3fdaa21eb7967bae50b4656ce0bfa63e1c2a787f4
100721,Swin Cash,players_directory,wnba,,,/get-all-players-for-league/wnba,{},20260603T195605Z,2026-06-03T19:56:05+00:00,0d28818e9f218904eed0dcb75a8dafc1c8bddb5d31dd2fd72b9f42635d9a8df3,"[""players""]",100721,Swin Cash,players_directory,2026-06-03T19:56:08+00:00,20260603T195605Z,056aae9348ac5f33c34e4c80208b298eba1f1b643de5117ae50a6fea9ed75e0e
100723,Asjha Jones,players_directory,wnba,,,/get-all-players-for-league/wnba,{},20260603T195605Z,2026-06-03T19:56:05+00:00,3dbad153367d1e89547d2214c217d38d059bfe5a508a8f5cdfd977479523dd20,"[""players""]",100723,Asjha Jones,players_directory,2026-06-03T19:56:08+00:00,20260603T195605Z,27617bab5b7325f3252b9660770ffb33a37825ce965e6118f9f940e8727aec61
100724,Nikki Teasley,players_directory,wnba,,,/get-all-players-for-league/wnba,{},20260603T195605Z,2026-06-03T19:56:05+00:00,ec2135233cbc181ce77de1f26a40d101f093920ccede58599838e3d4c259871e,"[""players""]",100724,Nikki Teasley,players_directory,2026-06-03T19:56:08+00:00,20260603T195605Z,ca067b401cc4c33f5c3a3ac110f187c78d17f1b72c79ee79bd811e6bf3601065
100729,Michelle Snow,players_directory,wnba,,,/get-all-players-for-league/wnba,{},20260603T195605Z,2026-06-03T19:56:05+00:00,682710cfb02fce9df31b2a529fae76d469f800ee32bc4515412260f3a76dfd6f,"[""players""]",100729,Michelle Snow,players_directory,2026-06-03T19:56:08+00:00,20260603T195605Z,8613c0af5296b92a5261bb5938c70a54d468364e4838ecd044ba9592cd8964c4
100731,Hamchetou Maiga-Ba,players_directory,wnba,,,/get-all-players-for-league/wnba,{},20260603T195605Z,2026-06-03T19:56:05+00:00,6d74475fc605c3ee0a202f2403453f083cb18a60314e68b653bf818022dae9b5,"[""players""]",100731,Hamchetou Maiga-Ba,players_directory,2026-06-03T19:56:08+00:00,20260603T195605Z,6ad5571f750280f01abb50ab19cbeaf1d888b5beca3be1641788cecaa0632a01
100796,Iziane Castro Marques,players_directory,wnba,,,/get-all-players-for-league/wnba,{},20260603T195605Z,2026-06-03T19:56:05+00:00,54534cb80354360c832e8ef47df8bbf568fb48121b26192fff491a17b41ad15c,"[""players""]",100796,Iziane Castro Marques,players_directory,2026-06-03T19:56:08+00:00,20260603T195605Z,65148cb73eae0799d4791a5ce7ac69c5e87d0b34cb24962a892f8083639d9532
100812,Erika de Souza,players_directory,wnba,,,/get-all-players-for-league/wnba,{},20260603T195605Z,2026-06-03T19:56:05+00:00,74c943e4b49032d3d24133639df284da206a0b813158d5585c3a20eab019135f,"[""players""]",100812,Erika de Souza,players_directory,2026-06-03T19:56:08+00:00,20260603T195605Z,8b8e40e6d1ab85398cda06edd72299041a1059ae13814ce5b92450c6130fcf69
100834,K.B. Sharp,players_directory,wnba,,,/get-all-players-for-league/wnba,{},20260603T195605Z,2026-06-03T19:56:05+00:00,4ff6cce98f47643704f74105b7908f0cde0487c285ea451d1a837ced43373e7e,"[""players""]",100834,K.B. Sharp,players_directory,2026-06-03T19:56:08+00:00,20260603T195605Z,550a577886c2fb2f1ca3edb37590f2f48641f9e61acb2e4e94b81da623d0d7ef
100835,Erin Thorn,players_directory,wnba,,,/get-all-players-for-league/wnba,{},20260603T195605Z,2026-06-03T19:56:05+00:00,454490032b65684a70e7cab031cd0ec37dd894859f235fb79a6b199193870825,"[""players""]",100835,Erin Thorn,players_directory,2026-06-03T19:56:08+00:00,20260603T195605Z,91b27bcb1531621db30e8914b4dbfeeaa0250803b38792c47ece9969da3b2b66
100843,Cheryl Ford,players_directory,wnba,,,/get-all-players-for-league/wnba,{},20260603T195605Z,2026-06-03T19:56:05+00:00,b1db427b8d034a77f3878ec08af3d44a3b7ba6935b9369ba36e6e8504423a55f,"[""players""]",100843,Cheryl Ford,players_directory,2026-06-03T19:56:08+00:00,20260603T195605Z,98801a30a9abbe27fb715099977a737d7109d2fa18d11b9522edf88b7a97f4c2
100874,Kara Lawson,players_directory,wnba,,,/get-all-players-for-league/wnba,{},20260603T195605Z,2026-06-03T19:56:05+00:00,8d6e66cb7e760101a1af14926392e1cc5ae1e815aee0b4fbdaa5197a69cb0e65,"[""players""]",100874,Kara Lawson,players_directory,2026-06-03T19:56:08+00:00,20260603T195605Z,8692961ebc0fbce8f9bddf5cbfb6d1da35ce8e8d7a48e87c7d5710cf97506ea2
100878,Suzy Batkovic-Brown,players_directory,wnba,,,/get-all-players-for-league/wnba,{},20260603T195605Z,2026-06-03T19:56:05+00:00,da71b325fac30ffc94601a98809b53a36c788f4892a4c91c0a154826929b0b9c,"[""players""]",100878,Suzy Batkovic-Brown,players_directory,2026-06-03T19:56:08+00:00,20260603T195605Z,42495f338f2737b4c4c6ba624a27dbda25f190918f9dcf65adf125d362cd2e45
100887,Marion Jones,players_directory,wnba,,,/get-all-players-for-league/wnba,{},20260603T195605Z,2026-06-03T19:56:05+00:00,964d1d60eaa19e743e91b5fc400776057508e2f23c85efb572662d3aae981ced,"[""players""]",100887,Marion Jones,players_directory,2026-06-03T19:56:08+00:00,20260603T195605Z,f39dbf7386e69cb31c131c712e4bc406bac086bcd7923362cf698e1a02984950
100888,Plenette Pierson,players_directory,wnba,,,/get-all-players-for-league/wnba,{},20260603T195605Z,2026-06-03T19:56:05+00:00,a3779282a211e0252ee7672e8720df4ccda353864deb5903ebe62ba3122afcfa,"[""players""]",100888,Plenette Pierson,players_directory,2026-06-03T19:56:08+00:00,20260603T195605Z,b53a978327ae5133a4c15e9bd46a2d23f5769d3d9fc15e4e6e7ace9078673d17
100915,Lindsay Whalen,players_directory,wnba,,,/get-all-players-for-league/wnba,{},20260603T195605Z,2026-06-03T19:56:05+00:00,2d5695125a3cbf81eae1d5931d37b9a49180a8f29d344c43136b68f778293d22,"[""players""]",100915,Lindsay Whalen,players_directory,2026-06-03T19:56:08+00:00,20260603T195605Z,3ddac5a2dfd1bb3187320aa44b2b546b2af82a2804d05f3c51915e1f17a4cf2a
100919,Nicole Powell,players_directory,wnba,,,/get-all-players-for-league/wnba,{},20260603T195605Z,2026-06-03T19:56:05+00:00,792c6062d86798be873ca18aa8a993b1429359cef36b61cd2584da5ecc48750b,"[""players""]",100919,Nicole Powell,players_directory,2026-06-03T19:56:08+00:00,20260603T195605Z,ac61f4e8df3559b267f2d08618fe93c035b0ed77a61033da71508f13d87db545
100920,Kelly Mazzante,players_directory,wnba,,,/get-all-players-for-league/wnba,{},20260603T195605Z,2026-06-03T19:56:05+00:00,62eb3f4f2d11e5d1d077ce06baf5307e2a83daf4a8af01ae9700a83b31555389,"[""players""]",100920,Kelly Mazzante,players_directory,2026-06-03T19:56:08+00:00,20260603T195605Z,cb5dda82f6406fa375896d87efc14d3c6e1dc089ce1111b16b1b8a9a2c01b086
100928,Ebony Hoffman,players_directory,wnba,,,/get-all-players-for-league/wnba,{},20260603T195605Z,2026-06-03T19:56:05+00:00,a92d65c286689c85d6b18b392e199fe1caea0e6c16196571840d3a075ae28f87,"[""players""]",100928,Ebony Hoffman,players_directory,2026-06-03T19:56:08+00:00,20260603T195605Z,fc0231d34e8c64446ad1be7fed34f8176444007ce6d3541bcce3ff839f7f2f46
100930,Christi Thomas,players_directory,wnba,,,/get-all-players-for-league/wnba,{},20260603T195605Z,2026-06-03T19:56:05+00:00,0369d64e7d554364112f9fba5db050629a4083e1c978ab9cc9bf71ca716dff78,"[""players""]",100930,Christi Thomas,players_directory,2026-06-03T19:56:08+00:00,20260603T195605Z,770e19eed95af279162b277d8e04a9020df471621c53d70dff3af5af838e32a9
100931,Doneeka Lewis,players_directory,wnba,,,/get-all-players-for-league/wnba,{},20260603T195605Z,2026-06-03T19:56:05+00:00,81d6d6d0aa391681b66836522c298828cddecd3249369a3f42a874405fc5385c,"[""players""]",100931,Doneeka Lewis,players_directory,2026-06-03T19:56:08+00:00,20260603T195605Z,a2a73983adb0c3c6c989c68fe5dbd0fcb71e617a3d9a53ef66ff5f81a08bd691
100932,Nicole Ohlde,players_directory,wnba,,,/get-all-players-for-league/wnba,{},20260603T195605Z,2026-06-03T19:56:05+00:00,9705c716306c635b70ef82ce4b246b7466d5beac7df517c31b6c04c1fdcff929,"[""players""]",100932,Nicole Ohlde,players_directory,2026-06-03T19:56:08+00:00,20260603T195605Z,e7d314b0b7801234f4447a830a4d08cc32460f8aa10f42d56627eb89ad5e512c
100933,Vanessa Hayden,players_directory,wnba,,,/get-all-players-for-league/wnba,{},20260603T195605Z,2026-06-03T19:56:05+00:00,41f8a9ca04b36325a7edbe3d0c71146881729e0f0bba9ac43b29e15fad8b7c36,"[""players""]",100933,Vanessa Hayden,players_directory,2026-06-03T19:56:08+00:00,20260603T195605Z,4de57b2ee02c45cf3cd6cf70ccac2e2fd3cddec5cd287a3f086889ab5ae08b48
100937,Shameka Christon,players_directory,wnba,,,/get-all-players-for-league/wnba,{},20260603T195605Z,2026-06-03T19:56:05+00:00,a82ce96002f594d387e867aa6e9ea17a21c99d528adccabeda7dd928fcf9a701,"[""players""]",100937,Shameka Christon,players_directory,2026-06-03T19:56:08+00:00,20260603T195605Z,d9be3ce9ba84cb688c2f5f0833a0ae46dd489f2402af0d7de95a7a28886945fb
100940,Diana Taurasi,players_directory,wnba,,,/get-all-players-for-league/wnba,{},20260603T195605Z,2026-06-03T19:56:05+00:00,db58466171478874d15627575c53e0205d75d3bc6eb4186de18f0b4b6e6544ac,"[""players""]",100940,Diana Taurasi,players_directory,2026-06-03T19:56:08+00:00,20260603T195605Z,640ab88c4323e21eee89f10460f2fe74ba54a139936adafa3ba35ada45d90505
100942,Ashley Robinson,players_directory,wnba,,,/get-all-players-for-league/wnba,{},20260603T195605Z,2026-06-03T19:56:05+00:00,d5016049258026ddc0467410bdeca11273eb64fbe2900f501b48b9e2ecd852dc,"[""players""]",100942,Ashley Robinson,players_directory,2026-06-03T19:56:08+00:00,20260603T195605Z,b53ab9ddb5798a2dfffa07707b5b39885c4346727443064e54d0b60fe2d08a46
100944,Rebekkah Brunson,players_directory,wnba,,,/get-all-players-for-league/wnba,{},20260603T195605Z,2026-06-03T19:56:05+00:00,fbe1eb6a74fe7efa905fe180cdf7b0d717987385afbbd0d974b20b9ad3574daf,"[""players""]",100944,Rebekkah Brunson,players_directory,2026-06-03T19:56:08+00:00,20260603T195605Z,462d76d10413bb8bb4cbea437d662bb1ff1a9855c9e1627df23dc5b50d107cd7
100945,Nuria Martinez,players_directory,wnba,,,/get-all-players-for-league/wnba,{},20260603T195605Z,2026-06-03T19:56:05+00:00,7177a027e8bc93c3c52c1b427624084c5d6cc2a478a2f1e8fb796a3d6860f1ab,"[""players""]",100945,Nuria Martinez,players_directory,2026-06-03T19:56:08+00:00,20260603T195605Z,97fe548b8d91612781ff01e1e5da7e8baf968e8d862bcb6aa66eaba69a80027b
100949,Alana Beard,players_directory,wnba,,,/get-all-players-for-league/wnba,{},20260603T195605Z,2026-06-03T19:56:05+00:00,f58c1887dcf1479275f8c2773c8c4b19dae40f52ce52fbf1177ee836cf81781b,"[""players""]",100949,Alana Beard,players_directory,2026-06-03T19:56:08+00:00,20260603T195605Z,47f84dc7d41d0f3fdefa3e254cc36e98e70734b1d6048c4191033014334142f9
100952,Jia Perkins,players_directory,wnba,,,/get-all-players-for-league/wnba,{},20260603T195605Z,2026-06-03T19:56:05+00:00,933f0a46d985708c46ef251f06d1d572f9dbe67203e30015f7faede3318bb0fa,"[""players""]",100952,Jia Perkins,players_directory,2026-06-03T19:56:08+00:00,20260603T195605Z,32923eaa04e1896d223784a2720934c6fd925def04229d32f0d7132a82b2869f
100973,Le'coe Willingham,players_directory,wnba,,,/get-all-players-for-league/wnba,{},20260603T195605Z,2026-06-03T19:56:05+00:00,00f06ac0b7eab8c2cf4764cc8aa7664211b6135271260105f69cd67740f96e61,"[""players""]",100973,Le'coe Willingham,players_directory,2026-06-03T19:56:08+00:00,20260603T195605Z,2f550831a9b15dea6a7e10bb68b1a945a16c9b135753d11dabf009ebc0a24667
101018,Edwige Lawson-Wade,players_directory,wnba,,,/get-all-players-for-league/wnba,{},20260603T195605Z,2026-06-03T19:56:05+00:00,fdb2a66004b05be34b5cfc34028c6b05c26bce33d757002b272dffd8f9cf53ed,"[""players""]",101018,Edwige Lawson-Wade,players_directory,2026-06-03T19:56:08+00:00,20260603T195605Z,edd1e98e63235917c2bdc82b99c2051f54a2216e28c378e715ed43dc58ed2b04
101019,Janel McCarville,players_directory,wnba,,,/get-all-players-for-league/wnba,{},20260603T195605Z,2026-06-03T19:56:05+00:00,b06e71a2c20a96bf8c13076a808bf5dea6f892c8228441495a2c7c46a1050169,"[""players""]",101019,Janel McCarville,players_directory,2026-06-03T19:56:08+00:00,20260603T195605Z,020aec9d6b77011c3d89b3a063cfe71bf56eb7d3f8a11ff1cb9f45cb60e24648
101020,Tan White,players_directory,wnba,,,/get-all-players-for-league/wnba,{},20260603T195605Z,2026-06-03T19:56:05+00:00,386232fc31d79fc068b4bb3d5e558ae34be0109588a51312ad9c07b85ec9e4eb,"[""players""]",101020,Tan White,players_directory,2026-06-03T19:56:08+00:00,20260603T195605Z,afecd95c6c3ef0a55c3e9aaf58b9ee51bc2e7dc19910630f7c997dd7b5f21093
101021,Sandora Irvin,players_directory,wnba,,,/get-all-players-for-league/wnba,{},20260603T195605Z,2026-06-03T19:56:05+00:00,710088956239c816275bc0a858836ee54c15833c100dc421e62048c973b2f1ea,"[""players""]",101021,Sandora Irvin,players_directory,2026-06-03T19:56:08+00:00,20260603T195605Z,6f9f4a548b78f5e16b356ab0e42421e9ce217f314f67b9349f311163410648df
101023,Sancho Lyttle,players_directory,wnba,,,/get-all-players-for-league/wnba,{},20260603T195605Z,2026-06-03T19:56:05+00:00,561102d60e4279887c6c3251e4868d93d873b8eff44010beb06616504acc5362,"[""players""]",101023,Sancho Lyttle,players_directory,2026-06-03T19:56:08+00:00,20260603T195605Z,95e881ba46b832c66e64419dc3d2df1fcd07f38caeb9a4a9b2ba84d50d8c1472
101024,Temeka Johnson,players_directory,wnba,,,/get-all-players-for-league/wnba,{},20260603T195605Z,2026-06-03T19:56:05+00:00,9699c93223106ba273bc426bd74bfa3a51064459c9f146fd055166a75528b6ba,"[""players""]",101024,Temeka Johnson,players_directory,2026-06-03T19:56:08+00:00,20260603T195605Z,8620f3bc61bca69b8e38622b3b366c7f8562efd649a560724d90207cce228fc4
101025,Kara Braxton,players_directory,wnba,,,/get-all-players-for-league/wnba,{},20260603T195605Z,2026-06-03T19:56:05+00:00,a6128e4a0280c27a24342aab2ce050bfeba41d8befda6f39679dad0f15834c4b,"[""players""]",101025,Kara Braxton,players_directory,2026-06-03T19:56:08+00:00,20260603T195605Z,04ac8d13cf71839923855fa5f5f725fc7140d4714a7f05933cd63104fc757992
101026,Katie Mattera,players_directory,wnba,,,/get-all-players-for-league/wnba,{},20260603T195605Z,2026-06-03T19:56:05+00:00,95f7fa08035ab298e6ce670cd8c8b4633f88d5425d7acf22b5a7e36ba9e29101,"[""players""]",101026,Katie Mattera,players_directory,2026-06-03T19:56:08+00:00,20260603T195605Z,f0321c01f9a12597f186cc11636576093adcad918b04e8ddfdedd89cdc135eab
101027,Kristin Haynie,players_directory,wnba,,,/get-all-players-for-league/wnba,{},20260603T195605Z,2026-06-03T19:56:05+00:00,d9cc4c94b587af6ca98a11e3c50118c206b4435c60a9da05782ef5e66fc632b7,"[""players""]",101027,Kristin Haynie,players_directory,2026-06-03T19:56:08+00:00,20260603T195605Z,de22e8e077e606885b05daeb22e47f3fe1941899cc787dd4a5748f3f71c8a348
101028,Loree Moore,players_directory,wnba,,,/get-all-players-for-league/wnba,{},20260603T195605Z,2026-06-03T19:56:05+00:00,81586033ae2965d824f8429ee85399c09c7210a4632c3af96673b14da9bdb304,"[""players""]",101028,Loree Moore,players_directory,2026-06-03T19:56:08+00:00,20260603T195605Z,336ee97bd8e4dcb97d1164cb9724d586a28100a9afdaa8a890b466d8866939ec
101029,Kristen Mann,players_directory,wnba,,,/get-all-players-for-league/wnba,{},20260603T195605Z,2026-06-03T19:56:05+00:00,a4f2c599e0774bdd6a1d217c9590bf4461a9dbfeb11639aff2168b9ad30a4587,"[""players""]",101029,Kristen Mann,players_directory,2026-06-03T19:56:08+00:00,20260603T195605Z,99834de12800bffd158cf4da4ca48802a6a885e14fc75c6e3425aa80d0f44229
101030,Tanisha Wright,players_directory,wnba,,,/get-all-players-for-league/wnba,{},20260603T195605Z,2026-06-03T19:56:05+00:00,17e6829f6c6de616edf9f94846be5dfc26cb7bc99442b0719d35c0849d804c12,"[""players""]",101030,Tanisha Wright,players_directory,2026-06-03T19:56:08+00:00,20260603T195605Z,bcd622586e0ddc4748c913227732c6c69712da8016a20cadd879d43a07df8133
101032,Shyra Ely-Gash,players_directory,wnba,,,/get-all-players-for-league/wnba,{},20260603T195605Z,2026-06-03T19:56:05+00:00,ba4d29d2ed4f12a6219f8b73bf82f7999af8d55fcc4dc8bf29e4ec102ce46179,"[""players""]",101032,Shyra Ely-Gash,players_directory,2026-06-03T19:56:08+00:00,20260603T195605Z,3506b10661ac05c43101e1ca861e596e496887ef368a438a4ea4ee3ac624137e
101033,Roneeka Hodges,players_directory,wnba,,,/get-all-players-for-league/wnba,{},20260603T195605Z,2026-06-03T19:56:05+00:00,756fe060b06e7feb4c94c61eaa6bd753917a0c3f9c4090e5657bb3b60689ea03,"[""players""]",101033,Roneeka Hodges,players_directory,2026-06-03T19:56:08+00:00,20260603T195605Z,a30fc05d531e308881590ed36f8522484ddd1469996169a5b5a927a2636483cd
101039,Erin Phillips,players_directory,wnba,,,/get-all-players-for-league/wnba,{},20260603T195605Z,2026-06-03T19:56:05+00:00,11b7a8b1e3969792e130012756f691485510308bf6c3b42a1272311d8caf9d9b,"[""players""]",101039,Erin Phillips,players_directory,2026-06-03T19:56:08+00:00,20260603T195605Z,9d3076fa1e8142a779a6c975d9aa20bce7974c47ec505d782785ee8bac07063d
101040,Chelsea Newton,players_directory,wnba,,,/get-all-players-for-league/wnba,{},20260603T195605Z,2026-06-03T19:56:05+00:00,caa67c3bdf560bfc9d4e6fb0993d8258cbf3c451c89d7072913fd10999e5add1,"[""players""]",101040,Chelsea Newton,players_directory,2026-06-03T19:56:08+00:00,20260603T195605Z,e49753ecf9fc75f9c9093fd1c7937a16b56c111fcd014c8fbca0ccd00ad6efe1
101042,Jessica Moore,players_directory,wnba,,,/get-all-players-for-league/wnba,{},20260603T195605Z,2026-06-03T19:56:05+00:00,b49e8cff940eba51e686b6611521f7dc1490a0913c95a409bf6e66cebb5376ac,"[""players""]",101042,Jessica Moore,players_directory,2026-06-03T19:56:08+00:00,20260603T195605Z,81b609a199c2d63715a2ddf8a53dcbef1643767fe5a15e4bdc07ef821d1f3df9
101047,Ashley Battle,players_directory,wnba,,,/get-all-players-for-league/wnba,{},20260603T195605Z,2026-06-03T19:56:05+00:00,fc4d026a803f08c8b446b34ef29adb83e759e9031c9dc59ce42e19faff8398d1,"[""players""]",101047,Ashley Battle,players_directory,2026-06-03T19:56:08+00:00,20260603T195605Z,80425f7e3c254f01dde721a6f7909c0d608ccc345e6ead4aa0444d78d5ce7a81
101049,Cathrine Kraayeveld,players_directory,wnba,,,/get-all-players-for-league/wnba,{},20260603T195605Z,2026-06-03T19:56:05+00:00,818c63e54422b8955c8b948e17b9a129773827895f10497b59407838e8d59425,"[""players""]",101049,Cathrine Kraayeveld,players_directory,2026-06-03T19:56:08+00:00,20260603T195605Z,5f6cf80c3163281e8c5b03273b047bf3772b73d3b3efb2ec4e041ba5c2789faf
101065,Anna Montanana,players_directory,wnba,,,/get-all-players-for-league/wnba,{},20260603T195605Z,2026-06-03T19:56:05+00:00,63d4613ca739df8544004a8f9358967683f85972a7c20a906e508c2e71507020,"[""players""]",101065,Anna Montanana,players_directory,2026-06-03T19:56:08+00:00,20260603T195605Z,7485e08b01371cea5f7c7d12b0376548c86a7844d40f89adbaebb7aadc6497ab
101075,Chen Nan,players_directory,wnba,,,/get-all-players-for-league/wnba,{},20260603T195605Z,2026-06-03T19:56:05+00:00,dead4cdb7ce0dc94df19c0ed8945c8b8b5c3cd1b03223d82500905417eb9dc9c,"[""players""]",101075,Chen Nan,players_directory,2026-06-03T19:56:08+00:00,20260603T195605Z,1eb540293f17ae0073f474bc1472d863172ed9b5670bad93016e2278d84069b5
101080,Jennifer Lacy,players_directory,wnba,,,/get-all-players-for-league/wnba,{},20260603T195605Z,2026-06-03T19:56:05+00:00,81331cece30fea75c9ffa9944e43a0c9b0972ea0af9d36b085916f7f97575887,"[""players""]",101080,Jennifer Lacy,players_directory,2026-06-03T19:56:08+00:00,20260603T195605Z,9ae310c82cd199a4a7afae3b59335e4b6373d7a47e408e7deb072741d931380c
101084,Laurie Koehn,players_directory,wnba,,,/get-all-players-for-league/wnba,{},20260603T195605Z,2026-06-03T19:56:05+00:00,b6030eae0bf4762cb4c7dc67f0edca435aabfe5c02505023ee41605bc18f1ffb,"[""players""]",101084,Laurie Koehn,players_directory,2026-06-03T19:56:08+00:00,20260603T195605Z,f435f17952553472e8556a704955c9ff63e133f8365595896e875a3f3a6c9cf0
200665,Cappie Pondexter,players_directory,wnba,,,/get-all-players-for-league/wnba,{},20260603T195605Z,2026-06-03T19:56:05+00:00,75aaa82368dd0bb72d7517cbf74a8e1568bed1c817911dfc0876b3588ee8169a,"[""players""]",200665,Cappie Pondexter,players_directory,2026-06-03T19:56:08+00:00,20260603T195605Z,b8c97e696e55fd85d471b1887de3d50c9ae4e2c133973df84fba13d4ecdcf268
200671,Seimone Augustus,players_directory,wnba,,,/get-all-players-for-league/wnba,{},20260603T195605Z,2026-06-03T19:56:05+00:00,cd1e9adb95f1a2dcd09c25a41da1e5462caa6474afb482b7b124d66a62cea955,"[""players""]",200671,Seimone Augustus,players_directory,2026-06-03T19:56:08+00:00,20260603T195605Z,027fb7541f81a841a583319d4f6b2ff42863eb2921588ea60f98d83932bb0be9
200673,Monique Currie,players_directory,wnba,,,/get-all-players-for-league/wnba,{},20260603T195605Z,2026-06-03T19:56:05+00:00,cff30c37753b0ea43aab6211b36a712e08295786b29f3b88035aaa34f95eccbb,"[""players""]",200673,Monique Currie,players_directory,2026-06-03T19:56:08+00:00,20260603T195605Z,eb1f487f8d5759203131d90d8b79ba2dece56826d3a7457c245a485289448d9d
200674,Sophia Young-Malcolm,players_directory,wnba,,,/get-all-players-for-league/wnba,{},20260603T195605Z,2026-06-03T19:56:05+00:00,f8d11a74d9b00c34ae20115f2697a55f3c64f68f375acffb2aed75636cfc1892,"[""players""]",200674,Sophia Young-Malcolm,players_directory,2026-06-03T19:56:08+00:00,20260603T195605Z,17ee114eb2fb04b4ff0c58c78a61591fcf92254319e1271331ea52020e8f17c4
200675,Lisa Willis,players_directory,wnba,,,/get-all-players-for-league/wnba,{},20260603T195605Z,2026-06-03T19:56:05+00:00,67e5cc448e3aff44e4b5eb29b943b4fe8ba952a3e674c1e6c084e4a049451bcf,"[""players""]",200675,Lisa Willis,players_directory,2026-06-03T19:56:08+00:00,20260603T195605Z,53cac96658e62d8c867868030f520b59c13704c2eecd4a2d04c8abd05a3319b0
200676,Candice Dupree,players_directory,wnba,,,/get-all-players-for-league/wnba,{},20260603T195605Z,2026-06-03T19:56:05+00:00,75c492f8d26bd23643191b0c2ae06c5d8dbbf7a1adac2a3bd27e2bc124cf5b62,"[""players""]",200676,Candice Dupree,players_directory,2026-06-03T19:56:08+00:00,20260603T195605Z,5f40fce4c74a5a2a65d0addd1f65d594e05ad0d6450ea09178842e4ccf2b509b
200679,La'Tangela Atkinson,players_directory,wnba,,,/get-all-players-for-league/wnba,{},20260603T195605Z,2026-06-03T19:56:05+00:00,b2c24bef040397122a2a57636cebd1e3900d5accea8bf9ffc5ec13d118b78091,"[""players""]",200679,La'Tangela Atkinson,players_directory,2026-06-03T19:56:08+00:00,20260603T195605Z,dbfe08cf9ca690ac30e713c4c2e1fce61a347438f77eb7934ecd4512b7f843b4
200681,Barbara Turner,players_directory,wnba,,,/get-all-players-for-league/wnba,{},20260603T195605Z,2026-06-03T19:56:05+00:00,aaac83e3477059252a640cf7e847e19a16e5bbe63cefb2b21628dc9411730922,"[""players""]",200681,Barbara Turner,players_directory,2026-06-03T19:56:08+00:00,20260603T195605Z,4acad41811dda81c5351ec99ad071cd7bd9bb3b2dd9dbd03e73d0e88a1aff66d
200682,Sherill Baker,players_directory,wnba,,,/get-all-players-for-league/wnba,{},20260603T195605Z,2026-06-03T19:56:05+00:00,0fccf4c9771255eaf43b2a150bc5bb9866f02637324b50b5577e125444a67479,"[""players""]",200682,Sherill Baker,players_directory,2026-06-03T19:56:08+00:00,20260603T195605Z,fb1b480ddb69d555763ff4bc61cc71dbc0b9f0fcf0a2c5d617fc74854dcefd59
200684,Scholanda Dorrell,players_directory,wnba,,,/get-all-players-for-league/wnba,{},20260603T195605Z,2026-06-03T19:56:05+00:00,7e7fa7906f9809a54870807b61436b4c4479c422b82e49bc8e81ab561cf1152c,"[""players""]",200684,Scholanda Dorrell,players_directory,2026-06-03T19:56:08+00:00,20260603T195605Z,6d13cd709d230893e0912bba3903f2b386aa98cd392f9078db94ab979bda910f
200686,Shanna Zolman,players_directory,wnba,,,/get-all-players-for-league/wnba,{},20260603T195605Z,2026-06-03T19:56:05+00:00,07d67d879fbd9f92e920c8d00b7b645f8377087fdb2f2e4097d284f57423b04d,"[""players""]",200686,Shanna Zolman,players_directory,2026-06-03T19:56:08+00:00,20260603T195605Z,9e4fde3f12c7ce65f790ea032381a82b509cf1097b3d0d2357c86c14b43a2556
200689,Nikki Blue,players_directory,wnba,,,/get-all-players-for-league/wnba,{},20260603T195605Z,2026-06-03T19:56:05+00:00,5e547757382451f8014145e1c8d27514631e6eba4aa0aa8a5dc6beb793a38741,"[""players""]",200689,Nikki Blue,players_directory,2026-06-03T19:56:08+00:00,20260603T195605Z,f34aa0b9e2de3c60786bbea6b40e159311d226366797b5123007f2b96f44e5f0
200691,Mistie Bass,players_directory,wnba,,,/get-all-players-for-league/wnba,{},20260603T195605Z,2026-06-03T19:56:05+00:00,b79d01ab5bb615aee8c79438306128827c657ae9c7480b955c0b1767ed731157,"[""players""]",200691,Mistie Bass,players_directory,2026-06-03T19:56:08+00:00,20260603T195605Z,2e67c14d0549ee1499692084e50d34b1e7a7a7be684371dc0729624d22178fe5
200699,Tiffany Stansbury,players_directory,wnba,,,/get-all-players-for-league/wnba,{},20260603T195605Z,2026-06-03T19:56:05+00:00,3ee7c384ecce67e71715b91cb5cfd28cb9c6fa2369f956af8eeeed5dd3d3a304,"[""players""]",200699,Tiffany Stansbury,players_directory,2026-06-03T19:56:08+00:00,20260603T195605Z,d531ff93eb55d4689736a76a3db433037614692ff60ffec0631bad9781dc6a3b
200704,Kerri Gardin,players_directory,wnba,,,/get-all-players-for-league/wnba,{},20260603T195605Z,2026-06-03T19:56:05+00:00,cbf881eb447452a3959ae35b599bbfe4bf355dff845e4d39c7a452de839c1343,"[""players""]",200704,Kerri Gardin,players_directory,2026-06-03T19:56:08+00:00,20260603T195605Z,2befe85fb5b48f886c483232a14645c9600f32d4eae2083e80d3bbd08de0f5d7
200705,Zane Tamane,players_directory,wnba,,,/get-all-players-for-league/wnba,{},20260603T195605Z,2026-06-03T19:56:05+00:00,a98e6e5669c7919aae67e3f6cd3e2e6b30b8d9e6ef4faa86ca2b2aad9d352497,"[""players""]",200705,Zane Tamane,players_directory,2026-06-03T19:56:08+00:00,20260603T195605Z,fcfb036a1fbc8e793347123b78757185d30ce196ad1b40c791841ed59ab85198
200715,Yelena Leuchanka,players_directory,wnba,,,/get-all-players-for-league/wnba,{},20260603T195605Z,2026-06-03T19:56:05+00:00,10eff848403cd3eb7949bc5073196b05d61e91ef4850027d5899bab4c042a193,"[""players""]",200715,Yelena Leuchanka,players_directory,2026-06-03T19:56:08+00:00,20260603T195605Z,0ebb0c8bd9d16f74d306f662a2f781b87d9e21440b98ed4655897e04d16ba53f
201046,Lindsey Harding,players_directory,wnba,,,/get-all-players-for-league/wnba,{},20260603T195605Z,2026-06-03T19:56:05+00:00,b4465b57412d39130ca79883986d6de724508f2a13544fe1377c4d8b3b8911fe,"[""players""]",201046,Lindsey Harding,players_directory,2026-06-03T19:56:08+00:00,20260603T195605Z,fc183611ab5fe92b2f8bcad9ec5d9941878b3f23eb70be6495aa2c728af01c52
201047,Jessica Davenport,players_directory,wnba,,,/get-all-players-for-league/wnba,{},20260603T195605Z,2026-06-03T19:56:05+00:00,51dd1419c25f141a50eedeff6676dfb4ff68633fba2881b54e037aaa2e998453,"[""players""]",201047,Jessica Davenport,players_directory,2026-06-03T19:56:08+00:00,20260603T195605Z,b98607d8fa4370a16320100ce71d707daac9b7d61a3b0734528179c536c3df2e
201048,Armintie Herrington,players_directory,wnba,,,/get-all-players-for-league/wnba,{},20260603T195605Z,2026-06-03T19:56:05+00:00,d60b18a223a027ff55f621653e7ed85183bb047b5785d3d724ed53540c7b69c3,"[""players""]",201048,Armintie Herrington,players_directory,2026-06-03T19:56:08+00:00,20260603T195605Z,d782f75c96d78b6c60fb7a86870c8b8bcd44197962abad6aee3a5ec7a3cf184e
201049,Noelle Quinn,players_directory,wnba,,,/get-all-players-for-league/wnba,{},20260603T195605Z,2026-06-03T19:56:05+00:00,3f0db166c9d1f4de851fb004f76bc39b8c2f235d24f807940767dfc658185244,"[""players""]",201049,Noelle Quinn,players_directory,2026-06-03T19:56:08+00:00,20260603T195605Z,46f9bed3e14903b6c6009d49e6f2366cb3498fac61403b8895475fa9ecf2cf7d
201050,Tiffany Jackson,players_directory,wnba,,,/get-all-players-for-league/wnba,{},20260603T195605Z,2026-06-03T19:56:05+00:00,31675900e3ac987a01ad7fb14be404182d23cf9544ed302609553b900640ee7d,"[""players""]",201050,Tiffany Jackson,players_directory,2026-06-03T19:56:08+00:00,20260603T195605Z,a8f21781238750ae73c0d07ffa118ff6eb7be1074c0ff6a672a41d4e894565e8
201051,Bernice Mosby,players_directory,wnba,,,/get-all-players-for-league/wnba,{},20260603T195605Z,2026-06-03T19:56:05+00:00,c3cc4180c2b72ff2b761acb27cdfdcf15bbf761e574c9f228a6eca1f2a95ffad,"[""players""]",201051,Bernice Mosby,players_directory,2026-06-03T19:56:08+00:00,20260603T195605Z,c7f3a881be1c091ee13b38c961c13de3e831c6be5e838512c0474fa0115ced78
201052,Katie Gearlds,players_directory,wnba,,,/get-all-players-for-league/wnba,{},20260603T195605Z,2026-06-03T19:56:05+00:00,6dd325934c84b2fe5465180ecb596b3d818cc80374ce70ebce90528201f499b2,"[""players""]",201052,Katie Gearlds,players_directory,2026-06-03T19:56:08+00:00,20260603T195605Z,8fad6550ac4c67282df277742531159d34e44c271765958c4166e033e615f9cc
201054,Alison Bales,players_directory,wnba,,,/get-all-players-for-league/wnba,{},20260603T195605Z,2026-06-03T19:56:05+00:00,ae4c333c39da279dc9a24f63dc5b88dc2d050299f21cc33348bba29b070eb0e5,"[""players""]",201054,Alison Bales,players_directory,2026-06-03T19:56:08+00:00,20260603T195605Z,031fcd58d0a627876da744ffe6bbc82136fe1ad95c0d8a8731dc2312dff67193
201056,Ivory Latta,players_directory,wnba,,,/get-all-players-for-league/wnba,{},20260603T195605Z,2026-06-03T19:56:05+00:00,ac0f768c418f6feaeedbcfab0ce6e290762f1949184a2e884c85c7d82840555e,"[""players""]",201056,Ivory Latta,players_directory,2026-06-03T19:56:08+00:00,20260603T195605Z,e5da406f51e02915fb002775ddf8dc7327a14d23f6acbe5b5d06101a2db67e1c
201058,Sandrine Gruda,players_directory,wnba,,,/get-all-players-for-league/wnba,{},20260603T195605Z,2026-06-03T19:56:05+00:00,1f0163f3c71aa8cac82a68cb3bfcf6a232ee4f2f14100e4491c2afe7392c0e5a,"[""players""]",201058,Sandrine Gruda,players_directory,2026-06-03T19:56:08+00:00,20260603T195605Z,2bebc44e3d8157b7e69b69380752d643be33f7170cc1d5db7b02fbbe2199cf13
201062,Shay Murphy,players_directory,wnba,,,/get-all-players-for-league/wnba,{},20260603T195605Z,2026-06-03T19:56:05+00:00,18c12790ae3496153609ee9524f39c195f8e4bfa94b685e51e8bea1f82f7cab0,"[""players""]",201062,Shay Murphy,players_directory,2026-06-03T19:56:08+00:00,20260603T195605Z,24295c01d2df4d83a7fe1cd98fdf72bfd9f5eafdced17fa3788d38e1b8d1aff3
201067,Camille Little,players_directory,wnba,,,/get-all-players-for-league/wnba,{},20260603T195605Z,2026-06-03T19:56:05+00:00,51b1e2f2306b5c68ff76930903326d7ddbd32b037e4ce4486cc80a3460dbafd8,"[""players""]",201067,Camille Little,players_directory,2026-06-03T19:56:08+00:00,20260603T195605Z,ed07b331dcee6819470e24061c48956d6abc87195cf0ed08efd43d1e8f33188b
201084,Brooke Smith,players_directory,wnba,,,/get-all-players-for-league/wnba,{},20260603T195605Z,2026-06-03T19:56:05+00:00,35bfa7348607edebbcc9f80a5bb3b203ce28e3155aa6bba7ca41be46f01889eb,"[""players""]",201084,Brooke Smith,players_directory,2026-06-03T19:56:08+00:00,20260603T195605Z,428543bcab786b6a12f8c24cad4c8ce5044a4aa3614b3a585c3347054fca9c9d
201086,Sidney Spencer,players_directory,wnba,,,/get-all-players-for-league/wnba,{},20260603T195605Z,2026-06-03T19:56:05+00:00,bf871c9f6ddc43307e32292dea64d541c0970853df6abdf20466770349bb3777,"[""players""]",201086,Sidney Spencer,players_directory,2026-06-03T19:56:08+00:00,20260603T195605Z,4d4903812a47873012e9f6d99f8149e1705b3738b8021d9bb84f7ed5e3dc40ee
201477,Tamera Young,players_directory,wnba,,,/get-all-players-for-league/wnba,{},20260603T195605Z,2026-06-03T19:56:05+00:00,8ad2f37b57b554b55646245a38b16ddd7f393d408c5dc20d05599de8d4be9bf3,"[""players""]",201477,Tamera Young,players_directory,2026-06-03T19:56:08+00:00,20260603T195605Z,dcaf9b86a7fcb5eef79e8d88f93a6dadac3298084f241b8ab5196305dd2c17af
201480,Sylvia Fowles,players_directory,wnba,,,/get-all-players-for-league/wnba,{},20260603T195605Z,2026-06-03T19:56:05+00:00,401075df3da929be79f166509893ff580d9dbbe0fc1ca0506ac0e7fdea064818,"[""players""]",201480,Sylvia Fowles,players_directory,2026-06-03T19:56:08+00:00,20260603T195605Z,9444260406d40dcff184d93bc9a57921af91a14f90773acebb14f70fc6ab5eae
201483,Amber Holt,players_directory,wnba,,,/get-all-players-for-league/wnba,{},20260603T195605Z,2026-06-03T19:56:05+00:00,271fa4f120cdbb8762d5b14169ee0568db5b45811746d46c8f5fc3256f645470,"[""players""]",201483,Amber Holt,players_directory,2026-06-03T19:56:08+00:00,20260603T195605Z,f5b02d8ba0c09b3346169ea820311e4d9e1bedcc54e7a6717414dda90f88c9ec
201484,Ketia Swanier,players_directory,wnba,,,/get-all-players-for-league/wnba,{},20260603T195605Z,2026-06-03T19:56:05+00:00,dcd001769b2c441841f654d6001c1526171c4628ab2289d8bcb384e509b7d423,"[""players""]",201484,Ketia Swanier,players_directory,2026-06-03T19:56:08+00:00,20260603T195605Z,db576e11c45cde385c31c9368bbfeef9d825fecadec9df31e48ab994d8e81009
201486,Lauren Ervin,players_directory,wnba,,,/get-all-players-for-league/wnba,{},20260603T195605Z,2026-06-03T19:56:05+00:00,80290dab5a21b0723a7bf419e3b5e235e78a142d9f1b3efe327e81732b9d81b9,"[""players""]",201486,Lauren Ervin,players_directory,2026-06-03T19:56:08+00:00,20260603T195605Z,65b3fbdd7f1c369e8ca284e4b160addcb900286b110b8e140a682db32b30b8e4
201487,Alexis Hornbuckle,players_directory,wnba,,,/get-all-players-for-league/wnba,{},20260603T195605Z,2026-06-03T19:56:05+00:00,0ee4abca43bb4f4a876b7b64e139dd4b8c2a98337f93570ceeeafaa055b5d88e,"[""players""]",201487,Alexis Hornbuckle,players_directory,2026-06-03T19:56:08+00:00,20260603T195605Z,a7501f5817421f9a3db9ba3d404030382271b1a8746b67d00c493181a8c2a21e
201488,Tasha Humphrey,players_directory,wnba,,,/get-all-players-for-league/wnba,{},20260603T195605Z,2026-06-03T19:56:05+00:00,46f9f95def04d64a1de00ff6b1f3e11bf5fd4fa26c3fa2fad942a9aaa9b3166e,"[""players""]",201488,Tasha Humphrey,players_directory,2026-06-03T19:56:08+00:00,20260603T195605Z,372594a6c2bbdf1b559598b5de57df9304f9469f56cae209efc072a888e2df56
201489,Olayinka Sanni,players_directory,wnba,,,/get-all-players-for-league/wnba,{},20260603T195605Z,2026-06-03T19:56:05+00:00,293c1eb70c13dcd9694a4c54f2048e8347092729de173a5b3f2a86a7c93f6857,"[""players""]",201489,Olayinka Sanni,players_directory,2026-06-03T19:56:08+00:00,20260603T195605Z,6c98bd0a70286133dbed6468b1908ff8e52519624fd4e317ddb0a29ca4a775e2
201490,Natasha Lacy,players_directory,wnba,,,/get-all-players-for-league/wnba,{},20260603T195605Z,2026-06-03T19:56:05+00:00,5db480282208e294130025253c9664eb40f75377de21d9e63569ab8344db5a59,"[""players""]",201490,Natasha Lacy,players_directory,2026-06-03T19:56:08+00:00,20260603T195605Z,5cb80463a4d21c06e1d40223b9d66e094e892c62a520693d5a03d3a9cebe939f
201492,Matee Ajavon,players_directory,wnba,,,/get-all-players-for-league/wnba,{},20260603T195605Z,2026-06-03T19:56:05+00:00,1a81daf94c2d3d4e9f678062b03f888040cd96a268726fe7f9eaa1ec5edb4d3c,"[""players""]",201492,Matee Ajavon,players_directory,2026-06-03T19:56:08+00:00,20260603T195605Z,bc375c13f763d40bc4598fe91b39ee78623940949198a8dde70163fd594549a2
201493,Erica White,players_directory,wnba,,,/get-all-players-for-league/wnba,{},20260603T195605Z,2026-06-03T19:56:05+00:00,4e672d93c0141be948308291225220aa509956a877ba11da456ebdab1efdd2b0,"[""players""]",201493,Erica White,players_directory,2026-06-03T19:56:08+00:00,20260603T195605Z,252b06176d9481b6b721ccb4c22fdf929fadfba94cf0aa4344ffea1fe00551db
201494,Crystal Kelly,players_directory,wnba,,,/get-all-players-for-league/wnba,{},20260603T195605Z,2026-06-03T19:56:05+00:00,b94969fe9c38370ae1a8f58407e366aa30944877eeb6a9c88b949ef782f1c2ea,"[""players""]",201494,Crystal Kelly,players_directory,2026-06-03T19:56:08+00:00,20260603T195605Z,17bd5e80d9b8673fc450388491a22a21b74331f8d107516b8cbed39aef9fca21
201495,Khadijah Whittington,players_directory,wnba,,,/get-all-players-for-league/wnba,{},20260603T195605Z,2026-06-03T19:56:05+00:00,024a073044e8d1cd9afb45ac59e7138312517b67e8e4b9ae1565344d8e6ab988,"[""players""]",201495,Khadijah Whittington,players_directory,2026-06-03T19:56:08+00:00,20260603T195605Z,e69634485824327ee7cea03ea89c9ab2f38f337f73eee5f4c0362e69f6a3f4d1
201496,Candace Parker,players_directory,wnba,,,/get-all-players-for-league/wnba,{},20260603T195605Z,2026-06-03T19:56:05+00:00,510602af52aed4a0f300f35353ad50e747eac930d1bb5917071ce44b5963b4dc,"[""players""]",201496,Candace Parker,players_directory,2026-06-03T19:56:08+00:00,20260603T195605Z,6461a455c1d9fbf4577f5a59d5a08837cd879db97ce29397c2696978fc4105ca
201497,Shannon Bobbitt,players_directory,wnba,,,/get-all-players-for-league/wnba,{},20260603T195605Z,2026-06-03T19:56:05+00:00,1885e9962b80645117ac46d92b44c04b01aeb427aae2b833cfebd7d7016c4fe6,"[""players""]",201497,Shannon Bobbitt,players_directory,2026-06-03T19:56:08+00:00,20260603T195605Z,9813910713377052dc4112660a7730f3866090a01924850bdbee2cc0e9638bec
201498,Sharnee Zoll-Norman,players_directory,wnba,,,/get-all-players-for-league/wnba,{},20260603T195605Z,2026-06-03T19:56:05+00:00,ac518a4dc64432c8c1de2c37e5aa0820e83e6e00fe5e6218f267e0fe7ff342df,"[""players""]",201498,Sharnee Zoll-Norman,players_directory,2026-06-03T19:56:08+00:00,20260603T195605Z,e220ce9924b4e1dadd5524ea958ffc3fc8e59790ae67fb706b934ba5e490e988
201499,Candice Wiggins,players_directory,wnba,,,/get-all-players-for-league/wnba,{},20260603T195605Z,2026-06-03T19:56:05+00:00,f042337ef987d4b449852abe57b6c71934c745e70a536134c479582e6da9b98e,"[""players""]",201499,Candice Wiggins,players_directory,2026-06-03T19:56:08+00:00,20260603T195605Z,bc97b95d4def5dedab9ef903db2388fe08cf36a7425033411dcde89e4e1eba9e
201500,Nicky Anosike,players_directory,wnba,,,/get-all-players-for-league/wnba,{},20260603T195605Z,2026-06-03T19:56:05+00:00,2a89b8c054f5de5c240725111be3006f192d349ef4d6eb684e1dd1bae74262d6,"[""players""]",201500,Nicky Anosike,players_directory,2026-06-03T19:56:08+00:00,20260603T195605Z,72e01e50b4aeba090e4cf0280dca6ecd7e50ac973658e415ba883fb355f4a8ef
201501,Charde Houston,players_directory,wnba,,,/get-all-players-for-league/wnba,{},20260603T195605Z,2026-06-03T19:56:05+00:00,9ba1bdb2037b968e7753dd5f515f4e107e8b2d438865ba2b4002c21ff016fcbf,"[""players""]",201501,Charde Houston,players_directory,2026-06-03T19:56:08+00:00,20260603T195605Z,4cb458aa2a275223c06e577225ea92a10cc83c9ccd19e8a26d81a4ece5467c33
201502,Essence Carson,players_directory,wnba,,,/get-all-players-for-league/wnba,{},20260603T195605Z,2026-06-03T19:56:05+00:00,1e3fb8573f16042041fa822169fb876d897a114c222c41bdee9e312838ed6e27,"[""players""]",201502,Essence Carson,players_directory,2026-06-03T19:56:08+00:00,20260603T195605Z,8c59940177229ad13b1b8637d110050744551eda3683cb5b8c23f722e152dbf5
201503,Erlana Larkins,players_directory,wnba,,,/get-all-players-for-league/wnba,{},20260603T195605Z,2026-06-03T19:56:05+00:00,5bf7aa8194da5e696fbe49f3dad72837cd365add69bf55d348f4b49a58472af8,"[""players""]",201503,Erlana Larkins,players_directory,2026-06-03T19:56:08+00:00,20260603T195605Z,f3cea74db6787b05c814ffa6ea13fec96a00ed61a1a6c59dd4befc19132b67cc
201506,LaToya Sanders,players_directory,wnba,,,/get-all-players-for-league/wnba,{},20260603T195605Z,2026-06-03T19:56:05+00:00,d4bc136dcabd49291723b8f2e6a21c0b770293e7c1283b78ecde9ace50e89877,"[""players""]",201506,LaToya Sanders,players_directory,2026-06-03T19:56:08+00:00,20260603T195605Z,f6e4e5fc975c1be13c10c48f50041992c7a5f7cdf2d0ba5815fa89365f992fe7
201507,Leilani Mitchell,players_directory,wnba,,,/get-all-players-for-league/wnba,{},20260603T195605Z,2026-06-03T19:56:05+00:00,0d5630c297d9214646b80b8a30515b8a839614a1ec8cd15992c22ef3c1f8446d,"[""players""]",201507,Leilani Mitchell,players_directory,2026-06-03T19:56:08+00:00,20260603T195605Z,1e834eef177749aec7ae59f9aa983bf6d6626170eaaa74421869b0e782db172f
201509,Laura Harper,players_directory,wnba,,,/get-all-players-for-league/wnba,{},20260603T195605Z,2026-06-03T19:56:05+00:00,4531f9af4c93e972bcddc15d21c4b73d8413cf1944713dad20c24db0832b7e43,"[""players""]",201509,Laura Harper,players_directory,2026-06-03T19:56:08+00:00,20260603T195605Z,1f04cd00123a0e891e6ca3042ccee00dd81aa9bd395dfa77acabb66b115b9809
201510,A'Quonesia Franklin,players_directory,wnba,,,/get-all-players-for-league/wnba,{},20260603T195605Z,2026-06-03T19:56:05+00:00,6abefe4a404e4d9675206c6659dedcd0a2476f80860becf21142a16ff35fd06c,"[""players""]",201510,A'Quonesia Franklin,players_directory,2026-06-03T19:56:08+00:00,20260603T195605Z,bb4488751e20e29834643b38ba5a999921c453fa3c8baf48c5484ebe1a33a679
201516,Allie Quigley,players_directory,wnba,,,/get-all-players-for-league/wnba,{},20260603T195605Z,2026-06-03T19:56:05+00:00,b42a597115543abce494a6adb6888bd85701d7fdb3963dbf4f82e30d6102807d,"[""players""]",201516,Allie Quigley,players_directory,2026-06-03T19:56:08+00:00,20260603T195605Z,e89cb1f9a513a17989054bc337e863db4fc6773a78cea36c585f75eea9c81a20
201518,Crystal Langhorne,players_directory,wnba,,,/get-all-players-for-league/wnba,{},20260603T195605Z,2026-06-03T19:56:05+00:00,8fa3923d08f866662920eeeed4b96b0f2f636b041a12f520aad5d9d3b2fb1085,"[""players""]",201518,Crystal Langhorne,players_directory,2026-06-03T19:56:08+00:00,20260603T195605Z,11ead1de71312b56ca138f88c707ae9c38ed15762c1d6136b12b7bac7da1ad46
201530,Sequoia Holmes,players_directory,wnba,,,/get-all-players-for-league/wnba,{},20260603T195605Z,2026-06-03T19:56:05+00:00,9ea816f6cc29af96bc4b9315602726daf679a87482ef73f16ebe926b7a66b690,"[""players""]",201530,Sequoia Holmes,players_directory,2026-06-03T19:56:08+00:00,20260603T195605Z,a78b465e0f990c7f7738b39336db7f675d5be25b3b1ae7e36e0e071f904e8318
201869,Anete Jekabsone-Zogota,players_directory,wnba,,,/get-all-players-for-league/wnba,{},20260603T195605Z,2026-06-03T19:56:05+00:00,94eb6cda337eaf5fbbc976dfc04f12a356d227ed1bce7e1a94d3c0b0434890bf,"[""players""]",201869,Anete Jekabsone-Zogota,players_directory,2026-06-03T19:56:08+00:00,20260603T195605Z,a10399b4f35f6310454fefb9e949ea4deae2a5fab7d495393e9aad1b81737a95
201881,Angel McCoughtry,players_directory,wnba,,,/get-all-players-for-league/wnba,{},20260603T195605Z,2026-06-03T19:56:05+00:00,65a8269d396a2dbda08f87a483924537d2f75677003b890883d634a87c8dd248,"[""players""]",201881,Angel McCoughtry,players_directory,2026-06-03T19:56:08+00:00,20260603T195605Z,7a232768c5f0e28e48d3df2e7ef6acdfee40d81ca4ade02d4ee1c00471ed8fc0
201882,Jessica Adair,players_directory,wnba,,,/get-all-players-for-league/wnba,{},20260603T195605Z,2026-06-03T19:56:05+00:00,78c1910332a8bc33c91f44b202853c0ab321bd4d13d4fc6669f15b166e674ceb,"[""players""]",201882,Jessica Adair,players_directory,2026-06-03T19:56:08+00:00,20260603T195605Z,5b75c586097661421e1ee434c8e3aa5dabf65a267ecff07693adbe815ee37202
201884,Chante Black,players_directory,wnba,,,/get-all-players-for-league/wnba,{},20260603T195605Z,2026-06-03T19:56:05+00:00,9763eb7610f78e779f1a5ba975fc94b2de531c8f5d19d8efff02439f809bb067,"[""players""]",201884,Chante Black,players_directory,2026-06-03T19:56:08+00:00,20260603T195605Z,2eb21f8903768c095ae36d23fb452f1ccf799656322d16b012e97a8470596e11
201885,Whitney Boddie,players_directory,wnba,,,/get-all-players-for-league/wnba,{},20260603T195605Z,2026-06-03T19:56:05+00:00,7e5cbd5dce08851c36e1d2930422e3bc5cb9c06f40790a37a437475adb7322c6,"[""players""]",201885,Whitney Boddie,players_directory,2026-06-03T19:56:08+00:00,20260603T195605Z,57b0f480b36493238a06d1e3a784aecc0d407b607c9968afc56f4b743edffb5e
201886,DeWanna Bonner,players_directory,wnba,,,/get-all-players-for-league/wnba,{},20260603T195605Z,2026-06-03T19:56:05+00:00,c2c653704abba51d9f4a3f185a9f824e2c0849bb6946d73a987afd3a413cdcd9,"[""players""]",201886,DeWanna Bonner,players_directory,2026-06-03T19:56:08+00:00,20260603T195605Z,c07ba3620a4f1c4adacb420c38df9d68c7e0a7bbc0cac68d560e695140736a36
201889,Marissa Coleman,players_directory,wnba,,,/get-all-players-for-league/wnba,{},20260603T195605Z,2026-06-03T19:56:05+00:00,bc964f090ebe9d7ed1f762357c52b76b684c6f574bda1b7a128b421a51412f40,"[""players""]",201889,Marissa Coleman,players_directory,2026-06-03T19:56:08+00:00,20260603T195605Z,622bc0cff583c0f299be2dfbb220ff324ad827b1cf8221c6a36df0d9b982606b
201890,Tenae Davis-Cain,players_directory,wnba,,,/get-all-players-for-league/wnba,{},20260603T195605Z,2026-06-03T19:56:05+00:00,926231e96b88707eadfb82ca4b39fcf701e510e4ed0544830a6aa85f49691cb3,"[""players""]",201890,Tenae Davis-Cain,players_directory,2026-06-03T19:56:08+00:00,20260603T195605Z,3b5052386aab6d3429a6d45a28906131315872c1f45c3fbd4d4dee3db1591a1b
201892,Megan Frazee,players_directory,wnba,,,/get-all-players-for-league/wnba,{},20260603T195605Z,2026-06-03T19:56:05+00:00,27cedc5d7b62f663e56a1fca0d603bf8dcb75f3f88a8954029a1a7f391497fdd,"[""players""]",201892,Megan Frazee,players_directory,2026-06-03T19:56:08+00:00,20260603T195605Z,f116f8d3e804950ca55e0404b6920c90170c5b2959cfa71eb9f1f5a28cba2284
201895,Quanitra Hollingsworth,players_directory,wnba,,,/get-all-players-for-league/wnba,{},20260603T195605Z,2026-06-03T19:56:05+00:00,a61488c65db6beb20b0907257acadffd0585fdccd5878cdd770f1c302a1420ad,"[""players""]",201895,Quanitra Hollingsworth,players_directory,2026-06-03T19:56:08+00:00,20260603T195605Z,96813f33e2616f0e4c6954c03d0b012e5b596fc609e278a5c1ca45caf793478f
201896,Briann January,players_directory,wnba,,,/get-all-players-for-league/wnba,{},20260603T195605Z,2026-06-03T19:56:05+00:00,d8086258dba91bc1509e9d984fec7414426eb4027aaa8b37dad6855108b44177,"[""players""]",201896,Briann January,players_directory,2026-06-03T19:56:08+00:00,20260603T195605Z,cb6e1bbb462243162a162ed5cda16865baf2bee853cb4e992683624472b409fa
201898,Shalee Lehning,players_directory,wnba,,,/get-all-players-for-league/wnba,{},20260603T195605Z,2026-06-03T19:56:05+00:00,b4a71c314bb9caa10e3e55f017ac3c0b573180ccaafd5ad092024b13f5fbbc3d,"[""players""]",201898,Shalee Lehning,players_directory,2026-06-03T19:56:08+00:00,20260603T195605Z,fb3e41cce342f2c8037b90b9371805f408bda2202528f5e489f538de621dcebb
201901,Rashanda McCants,players_directory,wnba,,,/get-all-players-for-league/wnba,{},20260603T195605Z,2026-06-03T19:56:05+00:00,6cf5ab56b441639dc517d57a9deace1ee47d3698508b612f2c596d4da84969cc,"[""players""]",201901,Rashanda McCants,players_directory,2026-06-03T19:56:08+00:00,20260603T195605Z,6939d1f9137811ce735f6663cf8891d19dfc8d870f0f7c7a56354cd9eebe7d95
201902,Britany Miller,players_directory,wnba,,,/get-all-players-for-league/wnba,{},20260603T195605Z,2026-06-03T19:56:05+00:00,003e5a4a7167ba281044b004b99d37d3c4450714a7cf33a23d2aba36e6b09028,"[""players""]",201902,Britany Miller,players_directory,2026-06-03T19:56:08+00:00,20260603T195605Z,b52b8a06308641fde7f2b6901ce888f3d8ed341866197890f22ae72c26ed313d
201903,Jelena Milovanovic,players_directory,wnba,,,/get-all-players-for-league/wnba,{},20260603T195605Z,2026-06-03T19:56:05+00:00,e2a1199c8d080c067a84ae245ee6623a5eeabf17d4b99c9aebf0717ddb378b3e,"[""players""]",201903,Jelena Milovanovic,players_directory,2026-06-03T19:56:08+00:00,20260603T195605Z,e88387ab532b18c99a3f599015be1fdafa4dcae697222cacd637df695a6ed99d
201904,Renee Montgomery,players_directory,wnba,,,/get-all-players-for-league/wnba,{},20260603T195605Z,2026-06-03T19:56:05+00:00,a313d3a161295c4e7e9fff42fca6e64e8d29b988778682eea6502b4e06453a71,"[""players""]",201904,Renee Montgomery,players_directory,2026-06-03T19:56:08+00:00,20260603T195605Z,3effdf390a4a51c6a0a72a456cd76339f5b769bdaefa0a4eb4848e7481335ec8
201907,Courtney Paris,players_directory,wnba,,,/get-all-players-for-league/wnba,{},20260603T195605Z,2026-06-03T19:56:05+00:00,2ac8b42b2ceff91dbf7e7d155bcb10678e1969610168438591bbfd3a440c95a3,"[""players""]",201907,Courtney Paris,players_directory,2026-06-03T19:56:08+00:00,20260603T195605Z,480029c210a1d77f45662d20e1ecf747076525db7d3232d182d51a3a8bc69d0f
201909,Sonja Petrovic,players_directory,wnba,,,/get-all-players-for-league/wnba,{},20260603T195605Z,2026-06-03T19:56:05+00:00,a91a2a1d07bd6369a0074ec2c26ae127b04f2f02dfe59104b3988c68d6298a85,"[""players""]",201909,Sonja Petrovic,players_directory,2026-06-03T19:56:08+00:00,20260603T195605Z,19235164ab70367e330abfb3a9e98ed724ad0364905e02c51ac28c497320c608
201911,Kristi Toliver,players_directory,wnba,,,/get-all-players-for-league/wnba,{},20260603T195605Z,2026-06-03T19:56:05+00:00,b18b5c659e0ba4c98cc6d88aa2b87f26ad5efe42ac106787c42020a6f4d7b5b8,"[""players""]",201911,Kristi Toliver,players_directory,2026-06-03T19:56:08+00:00,20260603T195605Z,ba308c70b149ef8fa26f49b6531b0becdf835a473ba20773b3cefc353090bd8a
201913,Kia Vaughn,players_directory,wnba,,,/get-all-players-for-league/wnba,{},20260603T195605Z,2026-06-03T19:56:05+00:00,d363a95bf1bd11337334e407cfc3069b017031e792dadf784220c89ce97a3597,"[""players""]",201913,Kia Vaughn,players_directory,2026-06-03T19:56:08+00:00,20260603T195605Z,99ffe1533153dcf23d2a3ac9b538b2b08d7accd81f6966dde63e0518eb23826e
201914,Ashley Walker,players_directory,wnba,,,/get-all-players-for-league/wnba,{},20260603T195605Z,2026-06-03T19:56:05+00:00,b69c6dccec98fc0e27645489db8ede00abb117da29259947f8f665c7e4d163d3,"[""players""]",201914,Ashley Walker,players_directory,2026-06-03T19:56:08+00:00,20260603T195605Z,2b20c97af0599dbdd438d623c61ce8f978af1296cbb90141bd92f580bb903343
201917,Christina Wirth,players_directory,wnba,,,/get-all-players-for-league/wnba,{},20260603T195605Z,2026-06-03T19:56:05+00:00,9a0976f2611f0ff5b13c76e3e483de7aa09377af3ebbaade58ee4ca8b776cb23,"[""players""]",201917,Christina Wirth,players_directory,2026-06-03T19:56:08+00:00,20260603T195605Z,3565f06c61c86e89034e60c90fd96b6ec32c2fc0a1d2a131992bde34b6557c98
201918,Lindsay Wisdom-Hylton,players_directory,wnba,,,/get-all-players-for-league/wnba,{},20260603T195605Z,2026-06-03T19:56:05+00:00,a0ad651565192772d8dda2543fa07f5564f8d66d4a14b21d28cd63cf094e13ad,"[""players""]",201918,Lindsay Wisdom-Hylton,players_directory,2026-06-03T19:56:08+00:00,20260603T195605Z,354c279c216eb86c71257b189bfa5b406ef76a5951081912bdc7cbebc47bbf2e
201919,Shavonte Zellous,players_directory,wnba,,,/get-all-players-for-league/wnba,{},20260603T195605Z,2026-06-03T19:56:05+00:00,0f82cf1d311f28b22071c7e6339daf20106621ace826aa1dd8202ee509cd2ac2,"[""players""]",201919,Shavonte Zellous,players_directory,2026-06-03T19:56:08+00:00,20260603T195605Z,4544c1c2d2ab10d932d3ee750aff9addd2e14acc6086ca8aaeefdaa94f665806
201922,Kristi Cirone,players_directory,wnba,,,/get-all-players-for-league/wnba,{},20260603T195605Z,2026-06-03T19:56:05+00:00,f4ed62c65ca2dfa4b4e78b69c8b10a5b124d7f1824a5e0df63e7cb75f095f778,"[""players""]",201922,Kristi Cirone,players_directory,2026-06-03T19:56:08+00:00,20260603T195605Z,85dd4f9c08af2436ef4369c336230d48e1ea4e260f81e29c211fad398b70835d
202239,Jana Vesela,players_directory,wnba,,,/get-all-players-for-league/wnba,{},20260603T195605Z,2026-06-03T19:56:05+00:00,1855e95c79b3641f9c49a41e443527acbf6bcf4363f0d46a440fee74d8d013dc,"[""players""]",202239,Jana Vesela,players_directory,2026-06-03T19:56:08+00:00,20260603T195605Z,e3c013774955a7c295f9e25639feb9d2f0eac44b81de87462d9a5300aea6a027
202249,Abby Bishop,players_directory,wnba,,,/get-all-players-for-league/wnba,{},20260603T195605Z,2026-06-03T19:56:05+00:00,973af8e8a6acd429a79aa72b42b1cae1c40ffe86ea308aed5adbb4027195d191,"[""players""]",202249,Abby Bishop,players_directory,2026-06-03T19:56:08+00:00,20260603T195605Z,a1b30a06aae8020be9fe17b7e9d70f67ed2e06917e59172492a893b442fb6d5b
202250,Tina Charles,players_directory,wnba,,,/get-all-players-for-league/wnba,{},20260603T195605Z,2026-06-03T19:56:05+00:00,ba4e60b3912fabb46c7e0198a3dacca65c06fc005dc4b875d63015e7f2894d12,"[""players""]",202250,Tina Charles,players_directory,2026-06-03T19:56:08+00:00,20260603T195605Z,a72160cc45415f31f7f04d96f72548c61a53e1cbd28b28f4f0ab7f0a60709f76
202251,Jayne Appel Marinelli,players_directory,wnba,,,/get-all-players-for-league/wnba,{},20260603T195605Z,2026-06-03T19:56:05+00:00,1f231420c2ed61ae428ebd148aac0b1413229bfb6120b7cf8535c63ab3343da7,"[""players""]",202251,Jayne Appel Marinelli,players_directory,2026-06-03T19:56:08+00:00,20260603T195605Z,770f723b27ba85098656022e55f64c3a81027a767915499d9ea7c33a792fe118
202252,Alysha Clark,players_directory,wnba,,,/get-all-players-for-league/wnba,{},20260603T195605Z,2026-06-03T19:56:05+00:00,19c5c9c58b6cef67d8f9c58c5f11d9e262fada13aba02ce7a072285ca9f7cac1,"[""players""]",202252,Alysha Clark,players_directory,2026-06-03T19:56:08+00:00,20260603T195605Z,df6b6e9d8308c86b57a90772082d0c941d42cb27231b1b81adbaee2d87753971
202253,Kalana Greene,players_directory,wnba,,,/get-all-players-for-league/wnba,{},20260603T195605Z,2026-06-03T19:56:05+00:00,42a495610d8a8cc25cf5081d5b0696eaa502c1f07f536a3002d33c38d776393a,"[""players""]",202253,Kalana Greene,players_directory,2026-06-03T19:56:08+00:00,20260603T195605Z,eac2896c5e158419d9334880680bc9240d036a70cecd49063abee080cc5c6537
202254,Kelsey Griffin,players_directory,wnba,,,/get-all-players-for-league/wnba,{},20260603T195605Z,2026-06-03T19:56:05+00:00,4f17967f2ebdfd28ba1b02e9ae9140ef4eb6df11ccccf5eff4a97cd4832633d6,"[""players""]",202254,Kelsey Griffin,players_directory,2026-06-03T19:56:08+00:00,20260603T195605Z,81c79465a45a62748c79b0f1dbc9f254a92230268865ab5fc84a08e439584149
202255,Allison Hightower,players_directory,wnba,,,/get-all-players-for-league/wnba,{},20260603T195605Z,2026-06-03T19:56:05+00:00,2cde3e33bc53a893a8c44ffdb2e68137478836f0dcec2703ff6bc5a1e7bbd91c,"[""players""]",202255,Allison Hightower,players_directory,2026-06-03T19:56:08+00:00,20260603T195605Z,81e0cf5419e4e30f492fd042adea8fcd7ba343e18a6620f4b5bb7f4a74057802
202256,Alison Lacey,players_directory,wnba,,,/get-all-players-for-league/wnba,{},20260603T195605Z,2026-06-03T19:56:05+00:00,ee71c5f193d6efce2e31ddbb1dd4bb3354fe1094a0db71465205b5a395d0cf86,"[""players""]",202256,Alison Lacey,players_directory,2026-06-03T19:56:08+00:00,20260603T195605Z,9b344bd2b8c72f452244575efe6350b1943066e8f29afc35f5ed54db154d740d
202257,Monica Wright,players_directory,wnba,,,/get-all-players-for-league/wnba,{},20260603T195605Z,2026-06-03T19:56:05+00:00,5e9bfeed50b644722804605a1453109aa1119ce4bfd07dd2f8a6ef82265f3ad3,"[""players""]",202257,Monica Wright,players_directory,2026-06-03T19:56:08+00:00,20260603T195605Z,5bafbf4469deac3a5b8270c61b41757ea9d9dd306aae63d1fa04c374f6077aab
202259,Epiphanny Prince,players_directory,wnba,,,/get-all-players-for-league/wnba,{},20260603T195605Z,2026-06-03T19:56:05+00:00,11721a73c80e69a29c913f540049f4555e25248876bd7f3b83fa6a880d2d750a,"[""players""]",202259,Epiphanny Prince,players_directory,2026-06-03T19:56:08+00:00,20260603T195605Z,13b08fb752c075dd3d559460be941c7ffc8b11cc77ccfdf0749044512a3eb482
202261,Jacinta Monroe,players_directory,wnba,,,/get-all-players-for-league/wnba,{},20260603T195605Z,2026-06-03T19:56:05+00:00,b2592db2560f367f4a1d8bb92eb05b04b9c43579513caa44a1ea312d43b45518,"[""players""]",202261,Jacinta Monroe,players_directory,2026-06-03T19:56:08+00:00,20260603T195605Z,08e349e41b2b62bf28c72d757f1ef68b9426bc708f6c3c2d5c90ade3ce2070ec
202262,Ashley Houts,players_directory,wnba,,,/get-all-players-for-league/wnba,{},20260603T195605Z,2026-06-03T19:56:05+00:00,40c7fb0debe8f2f53b1641b4b773f41a5ef955574690b5586edea57a4329523c,"[""players""]",202262,Ashley Houts,players_directory,2026-06-03T19:56:08+00:00,20260603T195605Z,e9d12849ecf8e47c5ebedd6668fa56a6d7cdfcce535d1426ef0aa95daa0d508a
202263,Danielle McCray,players_directory,wnba,,,/get-all-players-for-league/wnba,{},20260603T195605Z,2026-06-03T19:56:05+00:00,a18f3bd78bf797b26362ec22e785a664f91d1502188fc823d9859764c492a166,"[""players""]",202263,Danielle McCray,players_directory,2026-06-03T19:56:08+00:00,20260603T195605Z,36cacbfbe0dd6d95e3ffa25755a0b55441a93bcc3751f8c59186c5b6b593127e
202264,Chanel Mokango,players_directory,wnba,,,/get-all-players-for-league/wnba,{},20260603T195605Z,2026-06-03T19:56:05+00:00,db07df3a89ad21dfe273de0b8563b55fd45637006d25c317d344b521cfe67031,"[""players""]",202264,Chanel Mokango,players_directory,2026-06-03T19:56:08+00:00,20260603T195605Z,65c2a355d09c871b58a5bfe45bb8b586ebcf656c2d730183433f76ef8870ab93
202265,Jene Morris,players_directory,wnba,,,/get-all-players-for-league/wnba,{},20260603T195605Z,2026-06-03T19:56:05+00:00,2313e0e914d2d554cac593102ab8aa8d59a3bbae969334f6c6195456fe1856cc,"[""players""]",202265,Jene Morris,players_directory,2026-06-03T19:56:08+00:00,20260603T195605Z,f5c32f448fab951890b6b007352918e68d0d6d0f35b7c0d37b53c497953eb5a3
202269,Amanda Thompson,players_directory,wnba,,,/get-all-players-for-league/wnba,{},20260603T195605Z,2026-06-03T19:56:05+00:00,747849053c9c96da35e78876e202949813271bc05e3407aff75b72a30e5034ba,"[""players""]",202269,Amanda Thompson,players_directory,2026-06-03T19:56:08+00:00,20260603T195605Z,687f8ca685c954b4b0a3ea8301b4211bb9f5a421c75bb9a1d9ce264973f252ba
202270,Angel Robinson,players_directory,wnba,,,/get-all-players-for-league/wnba,{},20260603T195605Z,2026-06-03T19:56:05+00:00,3dadc35a41011d62b7bf6b3a6500e2f79c24700b2e0c9d5a1f02fa1e21d473bb,"[""players""]",202270,Angel Robinson,players_directory,2026-06-03T19:56:08+00:00,20260603T195605Z,3f6d7476b9c3b1435f3cb12e3d578b27688eaa6ee39fbda9c0da0730dfae37b7
202276,Gabriela Marginean,players_directory,wnba,,,/get-all-players-for-league/wnba,{},20260603T195605Z,2026-06-03T19:56:05+00:00,be599c3b2ddbee19d36268ab0fb70ee5a57d5a10596c9a090a8a2ee21cad77a0,"[""players""]",202276,Gabriela Marginean,players_directory,2026-06-03T19:56:08+00:00,20260603T195605Z,e68493e0346c591f270c9b73d8637db10e8b75024e2881d1ff4b1d4406301da4
202278,Abi Olajuwon,players_directory,wnba,,,/get-all-players-for-league/wnba,{},20260603T195605Z,2026-06-03T19:56:05+00:00,fc89e463cdb5dae938993ea4d7448d0f131083e8a30aeb620d9c049c69a4b97f,"[""players""]",202278,Abi Olajuwon,players_directory,2026-06-03T19:56:08+00:00,20260603T195605Z,ac82a2964f96d447528e833dd4935238250aa5440a034d09d526ab49f0f763bf
202280,Alexis Gray-Lawson,players_directory,wnba,,,/get-all-players-for-league/wnba,{},20260603T195605Z,2026-06-03T19:56:05+00:00,add9835fc29f9900aab4db9f666ae617b39519a6ce32322f88da4c69ea81160d,"[""players""]",202280,Alexis Gray-Lawson,players_directory,2026-06-03T19:56:08+00:00,20260603T195605Z,3d9f9abe4f75ce60353752bbd850c1470358bbb84fbb3d0cad57a6b5582f220b
202283,Brittainey Raven,players_directory,wnba,,,/get-all-players-for-league/wnba,{},20260603T195605Z,2026-06-03T19:56:05+00:00,2c92c9bf75127a212e6233a3549e4f4ba4632b0e8b537ebf1953699615bcc9e8,"[""players""]",202283,Brittainey Raven,players_directory,2026-06-03T19:56:08+00:00,20260603T195605Z,9a7c3623eafecf699ebda8f8a2defac34bdb0825f7bc25d6c487d640f4ff05b6
202285,Joy Cheek,players_directory,wnba,,,/get-all-players-for-league/wnba,{},20260603T195605Z,2026-06-03T19:56:05+00:00,4ad87f090e3deb1be212ff9e38bd98144e80a5a3fd813574ace270f209e0bf0e,"[""players""]",202285,Joy Cheek,players_directory,2026-06-03T19:56:08+00:00,20260603T195605Z,e6fee4695fd3123f4466192fbbcef70a04ddfc91dbf3af2ddca8a95151a0a181
202314,Michelle Campbell,players_directory,wnba,,,/get-all-players-for-league/wnba,{},20260603T195605Z,2026-06-03T19:56:05+00:00,b6daaedc0470167353df6bedacb63784cd31abcb1a273b03b69c3823158e3016,"[""players""]",202314,Michelle Campbell,players_directory,2026-06-03T19:56:08+00:00,20260603T195605Z,8990c7de112a0f06b82cf62918ed1386a2b68855bc216ae54be1fa00a8284d58
202315,Andrea Riley,players_directory,wnba,,,/get-all-players-for-league/wnba,{},20260603T195605Z,2026-06-03T19:56:05+00:00,e7d2978c041d019b47c29a68a4c8e19d7aa83bc936e888351d984ff2ba868457,"[""players""]",202315,Andrea Riley,players_directory,2026-06-03T19:56:08+00:00,20260603T195605Z,cd4fb54226f02010ebce313d7beb3aed02519e3dda19e6786ba82b9532ff60aa
202316,Taylor Lilley,players_directory,wnba,,,/get-all-players-for-league/wnba,{},20260603T195605Z,2026-06-03T19:56:05+00:00,5eae747cb95d199b868469c7f8f433011efe3bc076c27c469a7b20998f0b8d92,"[""players""]",202316,Taylor Lilley,players_directory,2026-06-03T19:56:08+00:00,20260603T195605Z,e07a05a1f130b5560ab57d2dba2ff48d40797aaf51c47cd6497c39d4c74447b1
202318,Ewelina Kobryn,players_directory,wnba,,,/get-all-players-for-league/wnba,{},20260603T195605Z,2026-06-03T19:56:05+00:00,623f55883398c9704045431e0bd57394919d1e8f22504d46a052f16419af3cf4,"[""players""]",202318,Ewelina Kobryn,players_directory,2026-06-03T19:56:08+00:00,20260603T195605Z,bc22cb2eef0dac1ab11d96e98e8531fd6ca06c286d4a80169c7ee23b4b3cce65
202623,Aneika Morello,players_directory,wnba,,,/get-all-players-for-league/wnba,{},20260603T195605Z,2026-06-03T19:56:05+00:00,c9ff89561ad3ea29ec982a4fdc6bfed005040f3a6a9bbbcf137299402d849094,"[""players""]",202623,Aneika Morello,players_directory,2026-06-03T19:56:08+00:00,20260603T195605Z,7f1a2168e7570a5a1a35331ba1c4df442cbfe0b84e25effb949b2ac71359a10c
202626,Jenna O'Hea,players_directory,wnba,,,/get-all-players-for-league/wnba,{},20260603T195605Z,2026-06-03T19:56:05+00:00,37876fa35eba28b01b7b2fd429569a0da2c5bc728b3093da499a8b46127da16f,"[""players""]",202626,Jenna O'Hea,players_directory,2026-06-03T19:56:08+00:00,20260603T195605Z,de7aef48219b6fd74fcebc5bf8e43b2bb74d1679a63a345991cf5bc8821c3633
202629,Miranda Ayim,players_directory,wnba,,,/get-all-players-for-league/wnba,{},20260603T195605Z,2026-06-03T19:56:05+00:00,b4b0007fdc867f104de02bdce5d5cf38d0b3034d00e4fd418cb0967a554186d1,"[""players""]",202629,Miranda Ayim,players_directory,2026-06-03T19:56:08+00:00,20260603T195605Z,9a5394e713395905a65f48effe561bc9e327c13f1c88d99eb8c35fb614d3fe3c
202632,Maya Moore,players_directory,wnba,,,/get-all-players-for-league/wnba,{},20260603T195605Z,2026-06-03T19:56:05+00:00,aa708af58c96bdd31960cadd46e8780750a1d506ebe44c1d11b9fd539e71e4b6,"[""players""]",202632,Maya Moore,players_directory,2026-06-03T19:56:08+00:00,20260603T195605Z,08923b1d50c285f79a9c435fde89d247e0f5ceeb2cc5a3c3a35f52bc474afe63
202633,Liz Cambage,players_directory,wnba,,,/get-all-players-for-league/wnba,{},20260603T195605Z,2026-06-03T19:56:05+00:00,a69e30c56fb709cf537495a5ce75c0e5d8a19f32eb8c92d4e91bd97834f499bb,"[""players""]",202633,Liz Cambage,players_directory,2026-06-03T19:56:08+00:00,20260603T195605Z,17416b3b6f25e315cc2c567a1e2fb97d291ecb551e6b8b455f8b93ddebe4c864
202634,Danielle Adams,players_directory,wnba,,,/get-all-players-for-league/wnba,{},20260603T195605Z,2026-06-03T19:56:05+00:00,af5119a3b50e5265aeca0a3a95ec928b43798f51c75b7a5f5e77cfd59e523ec7,"[""players""]",202634,Danielle Adams,players_directory,2026-06-03T19:56:08+00:00,20260603T195605Z,499471a8b05a40cea93f2b9e338a866bed0bdf9fbae80801b6262d94aa540600
202637,Angie Bjorklund,players_directory,wnba,,,/get-all-players-for-league/wnba,{},20260603T195605Z,2026-06-03T19:56:05+00:00,2529832f4c63d00a30519af9f4230dbe078e6a7cb3340f9c7246b70f7693efc7,"[""players""]",202637,Angie Bjorklund,players_directory,2026-06-03T19:56:08+00:00,20260603T195605Z,3d29bd997f5ae2325bb26dd99413492077586e7a9e490f01107cc43d941767bc
202638,Jessica Breland,players_directory,wnba,,,/get-all-players-for-league/wnba,{},20260603T195605Z,2026-06-03T19:56:05+00:00,546238376b3c11316a85a908c11af05059560b7ecdd5632c2744cc28dea6af38,"[""players""]",202638,Jessica Breland,players_directory,2026-06-03T19:56:08+00:00,20260603T195605Z,e1498c8a5d6987cf0b835501125e417425539b170218e7a3465380d3690f95bb
202639,Felicia Chester-Wootton,players_directory,wnba,,,/get-all-players-for-league/wnba,{},20260603T195605Z,2026-06-03T19:56:05+00:00,fe71a60fd7c0767b9256e7ccbd561b510000e29bac10b644b8edb2088e2d3ba0,"[""players""]",202639,Felicia Chester-Wootton,players_directory,2026-06-03T19:56:08+00:00,20260603T195605Z,814d65781c9affa6cd9c1107aeef5fbf3d24e0643129e0cdb20d65d472125d80
202640,Karima Christmas-Kelly,players_directory,wnba,,,/get-all-players-for-league/wnba,{},20260603T195605Z,2026-06-03T19:56:05+00:00,8ae5777b81a5071c0b44acd59274280c08570db0bf905dd27747a3d30a996e31,"[""players""]",202640,Karima Christmas-Kelly,players_directory,2026-06-03T19:56:08+00:00,20260603T195605Z,178e1219a9de65914c3495295ea5d5b12d6528a379588b9b5bf27d1c2d328f9e
202641,Sydney Colson,players_directory,wnba,,,/get-all-players-for-league/wnba,{},20260603T195605Z,2026-06-03T19:56:05+00:00,973e998523b93c7495ca746431884abbe6d8a653309adae451bfe1bc202291b9,"[""players""]",202641,Sydney Colson,players_directory,2026-06-03T19:56:08+00:00,20260603T195605Z,a037b7db179ec81a0201119e36b2b96c9ba5153b81a67fe0ec46414b73395875
202643,Victoria Dunlap,players_directory,wnba,,,/get-all-players-for-league/wnba,{},20260603T195605Z,2026-06-03T19:56:05+00:00,06c74146c66d261c2b520305000379baada7087e162722f8dbbf5ea067cafc04,"[""players""]",202643,Victoria Dunlap,players_directory,2026-06-03T19:56:08+00:00,20260603T195605Z,d5e1488e718de4e005521c35680fef1789d12d1e514ee0b034a12bd4cce6c244
202644,Amber Harris,players_directory,wnba,,,/get-all-players-for-league/wnba,{},20260603T195605Z,2026-06-03T19:56:05+00:00,2e3e0b46b02c10b19c3bee942cd10a50bcbaadda99180059068011f9d7d8f448,"[""players""]",202644,Amber Harris,players_directory,2026-06-03T19:56:08+00:00,20260603T195605Z,767104120be86ce88dc01fd86def3388d0b85c6231a3dea2198328b5bc64cca9
202645,Ify Ibekwe,players_directory,wnba,,,/get-all-players-for-league/wnba,{},20260603T195605Z,2026-06-03T19:56:05+00:00,ffc44894ee8bd547f1be865725b9bb7a7bbdbd924873ab93cfd53f6188b23a59,"[""players""]",202645,Ify Ibekwe,players_directory,2026-06-03T19:56:08+00:00,20260603T195605Z,5718b9b16d933d551fdd2e93605800754573e0de9624c755f145235a7257c3fe
202647,Rachel Jarry,players_directory,wnba,,,/get-all-players-for-league/wnba,{},20260603T195605Z,2026-06-03T19:56:05+00:00,ad16c533d8484bd09f607c573a1d08be6b08ea48996b90157f357c93fbe90654,"[""players""]",202647,Rachel Jarry,players_directory,2026-06-03T19:56:08+00:00,20260603T195605Z,cac53c403a898b98ef74b4192bb5cccaec3a82eab586dc99d99d0a8e09874694
202650,Jantel Lavender,players_directory,wnba,,,/get-all-players-for-league/wnba,{},20260603T195605Z,2026-06-03T19:56:05+00:00,7058d80a57df377b7d92d6ab64cb55a0105d46480a829438ab398973c2f1cb9c,"[""players""]",202650,Jantel Lavender,players_directory,2026-06-03T19:56:08+00:00,20260603T195605Z,44a249f233147eb22fa9420a8cc06fa97b567c227ce55d35ca5a0c1408b1a0be
202652,Alex Montgomery,players_directory,wnba,,,/get-all-players-for-league/wnba,{},20260603T195605Z,2026-06-03T19:56:05+00:00,1df5dbad872884118ba2e5aa9542961d5412c97fb829ad010e633cd0b31f3cc7,"[""players""]",202652,Alex Montgomery,players_directory,2026-06-03T19:56:08+00:00,20260603T195605Z,519895bf5b8eddd25c544a8c5fa881d684c2429407f5430580e68344d2e472cb
202653,Kayla Pedersen,players_directory,wnba,,,/get-all-players-for-league/wnba,{},20260603T195605Z,2026-06-03T19:56:05+00:00,c68f6305af69f4555ac5bd8f81cc8062e5d916846179e70b549e057478c555c1,"[""players""]",202653,Kayla Pedersen,players_directory,2026-06-03T19:56:08+00:00,20260603T195605Z,8d0f902770283dab2012fb98838b65e54fffc7d0805d321d5bea02350e9c4a22
202654,Porsha Phillips,players_directory,wnba,,,/get-all-players-for-league/wnba,{},20260603T195605Z,2026-06-03T19:56:05+00:00,0f2ccdb9c2d567e2904b0e274fd122cbfdc6f126b703b40c384353e61af0a589,"[""players""]",202654,Porsha Phillips,players_directory,2026-06-03T19:56:08+00:00,20260603T195605Z,ec0bb072a071a951942626c6d6b0f492fc8b453d86782c5d106130a83e606b65
202655,Ta'Shia Phillips,players_directory,wnba,,,/get-all-players-for-league/wnba,{},20260603T195605Z,2026-06-03T19:56:05+00:00,499a672157cef034e8d35febc38758e6252ce2b85cd09c7cad4573c20af9190b,"[""players""]",202655,Ta'Shia Phillips,players_directory,2026-06-03T19:56:08+00:00,20260603T195605Z,bcf05adf1c76375cf04b8d28acd5bc803b4b363ea5c4d93c4ce0eaa7b20d5e98
202656,Jeanette Pohlen-Mavunga,players_directory,wnba,,,/get-all-players-for-league/wnba,{},20260603T195605Z,2026-06-03T19:56:05+00:00,72dbda2abcecb45c53af6dd3293ed67f7b979f4f26403041f07cc84371c8b6ea,"[""players""]",202656,Jeanette Pohlen-Mavunga,players_directory,2026-06-03T19:56:08+00:00,20260603T195605Z,dee7131fc0429524b671a38256299bd2839107040b091f5c8269ad90c6b7b1d9
202657,Angel Robinson,players_directory,wnba,,,/get-all-players-for-league/wnba,{},20260603T195605Z,2026-06-03T19:56:05+00:00,4e44c8ffb09db550a187b31d0a4b7ae4072b2a6af0199516960b07b1984bca59,"[""players""]",202657,Angel Robinson,players_directory,2026-06-03T19:56:08+00:00,20260603T195605Z,df2ccd0eaa3b32817c1cc0e2d9ded75b1e739add6e99a872485e97303d5d43f2
202658,Danielle Robinson,players_directory,wnba,,,/get-all-players-for-league/wnba,{},20260603T195605Z,2026-06-03T19:56:05+00:00,12a3bd425a165d8f9f168245a1d796373d2069689bc3e014d4ffeb506a597919,"[""players""]",202658,Danielle Robinson,players_directory,2026-06-03T19:56:08+00:00,20260603T195605Z,930b131b3bd328197589d37cefd70360922ca36d57c9d5f3609783dd1b4e1ef9
202662,Jasmine Thomas,players_directory,wnba,,,/get-all-players-for-league/wnba,{},20260603T195605Z,2026-06-03T19:56:05+00:00,542b71126268d4d70e83c55f0742ccbf1abb689ea0865be26b0ae91382f639b4,"[""players""]",202662,Jasmine Thomas,players_directory,2026-06-03T19:56:08+00:00,20260603T195605Z,7deadc7f3cb2e2f2c0fba2a7c5f97edda9fcdd7e41cc75b098bcce957218158c
202663,Krystal Thomas,players_directory,wnba,,,/get-all-players-for-league/wnba,{},20260603T195605Z,2026-06-03T19:56:05+00:00,297fbd71a954a49dd4c7518c28f72ca0095d544a3dbe527b8e8027c475c3ac58,"[""players""]",202663,Krystal Thomas,players_directory,2026-06-03T19:56:08+00:00,20260603T195605Z,a036a1526a5e01fe6ddbeb6ac6180cb3a8bd7bac03dccf22a009a6523e10cacc
202664,Courtney Vandersloot,players_directory,wnba,,,/get-all-players-for-league/wnba,{},20260603T195605Z,2026-06-03T19:56:05+00:00,08645c3c8c6baa366ee7b949a223ddb9f1375ffb3e968a157f16af5dac01c183,"[""players""]",202664,Courtney Vandersloot,players_directory,2026-06-03T19:56:08+00:00,20260603T195605Z,31866585386b28e0e26d39c95db9d68c9cdb434092c884c8262e0dbf24d16327
202665,Chastity Reed,players_directory,wnba,,,/get-all-players-for-league/wnba,{},20260603T195605Z,2026-06-03T19:56:05+00:00,67b44f87d11f03dae5c5b11fc42ce5e24e1e531bc8600ffacc550afb6a2cd053,"[""players""]",202665,Chastity Reed,players_directory,2026-06-03T19:56:08+00:00,20260603T195605Z,e165bbb66200d63aaed51f4a02e751ace6d7c592160bf8cfba6229fd93185577
202670,Carolyn Swords,players_directory,wnba,,,/get-all-players-for-league/wnba,{},20260603T195605Z,2026-06-03T19:56:05+00:00,dce0bb5ece3028b2513d303ea1fbecb46e38237601384c7f3971369c53bad6b0,"[""players""]",202670,Carolyn Swords,players_directory,2026-06-03T19:56:08+00:00,20260603T195605Z,72fa91a0fd7f87052d58df73657c7c78bcd762796f8c4fb7f6d41216259eda13
202680,Darxia Morris,players_directory,wnba,,,/get-all-players-for-league/wnba,{},20260603T195605Z,2026-06-03T19:56:05+00:00,83bc267225efd64357665ce755a865d6b802365940044f8f413f13a16e02a237,"[""players""]",202680,Darxia Morris,players_directory,2026-06-03T19:56:08+00:00,20260603T195605Z,20b1f016a32c0f1938f629f293968053abfa7209511ae6a729567a706315a6fe
202999,Dawn Evans,players_directory,wnba,,,/get-all-players-for-league/wnba,{},20260603T195605Z,2026-06-03T19:56:05+00:00,3ef9acddc4ee18bc8903384dcb113bdc3be3fcd1c707d102e7239619da30fc3a,"[""players""]",202999,Dawn Evans,players_directory,2026-06-03T19:56:08+00:00,20260603T195605Z,97b9ad705f8c763d8f4fa0692ce468c859c933f145d7a511a92fc2b6bd4eae5a
203001,Ziomara Morrison,players_directory,wnba,,,/get-all-players-for-league/wnba,{},20260603T195605Z,2026-06-03T19:56:05+00:00,f0e6c6e1f79d3a512151f01940659e96ecc60b58e0f0de7337f982b83faa070a,"[""players""]",203001,Ziomara Morrison,players_directory,2026-06-03T19:56:08+00:00,20260603T195605Z,0e85c16f357d2549ed6917213c7e4ae1e2506b12552e617855df1bdc9d717d6b
203013,Dymond Simon,players_directory,wnba,,,/get-all-players-for-league/wnba,{},20260603T195605Z,2026-06-03T19:56:05+00:00,cc51eaf18ae1f41ce2df09c82f8fad92b42f11d74def8581c944481014474e12,"[""players""]",203013,Dymond Simon,players_directory,2026-06-03T19:56:08+00:00,20260603T195605Z,4bda8a85731720400e9c1563376996051cf1dc4ecb1fb33eeee199c7b682fedc
203014,Nneka Ogwumike,players_directory,wnba,,,/get-all-players-for-league/wnba,{},20260603T195605Z,2026-06-03T19:56:05+00:00,d0ef087bf0d146e7de4d689c08f50e3108008f9911b49f0694c77a20c933e4ea,"[""players""]",203014,Nneka Ogwumike,players_directory,2026-06-03T19:56:08+00:00,20260603T195605Z,04ba585aeb5217de0d5cb917d0acde0eb558ee6383e62462efd8547de0f4ab10
203015,Shekinna Stricklen,players_directory,wnba,,,/get-all-players-for-league/wnba,{},20260603T195605Z,2026-06-03T19:56:05+00:00,ed3efb3cb5120465980511a12a0000df4caba42f3f02832a69d87214fc8abd67,"[""players""]",203015,Shekinna Stricklen,players_directory,2026-06-03T19:56:08+00:00,20260603T195605Z,47a5efde41efe927eae709ebece6a0a7bfe976619a9bdaac00f40d52624cbc15
203016,Devereaux Peters,players_directory,wnba,,,/get-all-players-for-league/wnba,{},20260603T195605Z,2026-06-03T19:56:05+00:00,52ce737cd84b14522e376f7af44b1451873b4dbd433cd8d7f9e3ac70e53ac360,"[""players""]",203016,Devereaux Peters,players_directory,2026-06-03T19:56:08+00:00,20260603T195605Z,3d588330afe621efee02ae4af81f07430026c120cac331642ef99329d0a79712
203017,Glory Johnson,players_directory,wnba,,,/get-all-players-for-league/wnba,{},20260603T195605Z,2026-06-03T19:56:05+00:00,413381d6f5be868ff8da1ed22500bdb4bfc865f599d5a67401ecf58ab7ef2752,"[""players""]",203017,Glory Johnson,players_directory,2026-06-03T19:56:08+00:00,20260603T195605Z,2e6d10d494673e9ba4b54d48eba02dbcc8154dbd586711e0d3ca0e6a37bdb95b
203018,Shenise Johnson,players_directory,wnba,,,/get-all-players-for-league/wnba,{},20260603T195605Z,2026-06-03T19:56:05+00:00,30b1f3f56a55be5a71546f785414a003e23d6efc927634a99b072e32690edd9f,"[""players""]",203018,Shenise Johnson,players_directory,2026-06-03T19:56:08+00:00,20260603T195605Z,e21c917c2b2fba56dbcdd28b780251422a13cb870b5731f76841dd962e951b16
203019,Samantha Prahalis,players_directory,wnba,,,/get-all-players-for-league/wnba,{},20260603T195605Z,2026-06-03T19:56:05+00:00,61f0c94c3235c3f264efd36a02355b93cb45b3fc40ac8c85e343953bd52f0d1c,"[""players""]",203019,Samantha Prahalis,players_directory,2026-06-03T19:56:08+00:00,20260603T195605Z,a42d669ab01fceabd55a9ce482b1a14676c05f199810b64ecc5f35dad30d1acc
203020,Kelley Cain,players_directory,wnba,,,/get-all-players-for-league/wnba,{},20260603T195605Z,2026-06-03T19:56:05+00:00,92ff376b919df64cc9aa26e06eb35cdde42f0c0086ff868f10f9fb873f39aece,"[""players""]",203020,Kelley Cain,players_directory,2026-06-03T19:56:08+00:00,20260603T195605Z,ee9fa343da431f5cba1b92f1014d42aa77e12be3ee70750c41c95ed92faa6895
203021,Natalie Novosel,players_directory,wnba,,,/get-all-players-for-league/wnba,{},20260603T195605Z,2026-06-03T19:56:05+00:00,a966d5b43076565f3ec5f400c1fdb05c95bc0c33e50a5cdaad24529618729b6d,"[""players""]",203021,Natalie Novosel,players_directory,2026-06-03T19:56:08+00:00,20260603T195605Z,5ac9a5df6c0ab903d759a8e6b5b44dce5057e125a892b05186ce43e3015fcd03
203024,Damiris Dantas,players_directory,wnba,,,/get-all-players-for-league/wnba,{},20260603T195605Z,2026-06-03T19:56:05+00:00,25a5ac28f2e39502b530c4a83711e638941d78bdefc8c6ce50d51a3f986467c2,"[""players""]",203024,Damiris Dantas,players_directory,2026-06-03T19:56:08+00:00,20260603T195605Z,f83d5cbffdc049670b37689c316a83d501d226302d69bab6addb6fdcc18e4a6f
203025,Farhiya Abdi,players_directory,wnba,,,/get-all-players-for-league/wnba,{},20260603T195605Z,2026-06-03T19:56:05+00:00,9f8ebd58851e951d9d741f61c10be3abed0798c8e8610edada19a92b49db8f19,"[""players""]",203025,Farhiya Abdi,players_directory,2026-06-03T19:56:08+00:00,20260603T195605Z,3593fc98ffe09dc36af0cd1b2f3a38e0fae58913d11c4b8dba62e30187fb6ce1
203026,Tiffany Hayes,players_directory,wnba,,,/get-all-players-for-league/wnba,{},20260603T195605Z,2026-06-03T19:56:05+00:00,18921a3e57e09da38d906a9e9e7a65fbeb3ebea6d1b8680d788e98305a885ce3,"[""players""]",203026,Tiffany Hayes,players_directory,2026-06-03T19:56:08+00:00,20260603T195605Z,7af02cf1059dcd1e006b2435ba716f509472b1498c63a73a1494a527a4bad950
203029,Riquna Williams,players_directory,wnba,,,/get-all-players-for-league/wnba,{},20260603T195605Z,2026-06-03T19:56:05+00:00,f77ef372dba39068c7ed7ac9cf145e508bf6b972954dfcb663816986451ec6ff,"[""players""]",203029,Riquna Williams,players_directory,2026-06-03T19:56:08+00:00,20260603T195605Z,625ed3e409304255baf779ab52e94486c6dfc067bcf0cd0caabea2046a27eabd
203030,Julie Wojta,players_directory,wnba,,,/get-all-players-for-league/wnba,{},20260603T195605Z,2026-06-03T19:56:05+00:00,07998818ffe788059a2d791a59777636ae6d9a16de746b69709a197e1ba826f0,"[""players""]",203030,Julie Wojta,players_directory,2026-06-03T19:56:08+00:00,20260603T195605Z,3cd4cdba30ca6a3870ac328bbb39d0ed1e248c7295b3619ae0567548b10d73ca
203033,Chay Shegog,players_directory,wnba,,,/get-all-players-for-league/wnba,{},20260603T195605Z,2026-06-03T19:56:05+00:00,0e7eac76f7610fbd74043dc729d61e9be24d14707518be9eb0eee183708b190c,"[""players""]",203033,Chay Shegog,players_directory,2026-06-03T19:56:08+00:00,20260603T195605Z,9b8ae6c74cd06eeb4dff123200e5c8669deb00d2259764a8af0fb3deadcf57bc
203034,Keisha Hampton,players_directory,wnba,,,/get-all-players-for-league/wnba,{},20260603T195605Z,2026-06-03T19:56:05+00:00,b961c2601413fab55e2495c35e0d789d7ac3702b9b9778da6222c5361abd9626,"[""players""]",203034,Keisha Hampton,players_directory,2026-06-03T19:56:08+00:00,20260603T195605Z,1743728a0df0459430a560b4193cc49cb108b89b2166c92c7d808344c13c3407
203035,Shey Peddy,players_directory,wnba,,,/get-all-players-for-league/wnba,{},20260603T195605Z,2026-06-03T19:56:05+00:00,dfd97bbf59f3f78e431204484aaa4bc7c1c2c80adbba8aaccf63828f7578de25,"[""players""]",203035,Shey Peddy,players_directory,2026-06-03T19:56:08+00:00,20260603T195605Z,aeee44e05a1b57c3e61feae0b6d418403c3ef86763d13e533e716a599ac504bb
203037,Vicki Baugh,players_directory,wnba,,,/get-all-players-for-league/wnba,{},20260603T195605Z,2026-06-03T19:56:05+00:00,8a36a0e41c55f80784cc2341f7bf0f55d9d2a193bcb0f4e60312c4d10f9f8291,"[""players""]",203037,Vicki Baugh,players_directory,2026-06-03T19:56:08+00:00,20260603T195605Z,f3ec350b5e6f319edbecf52e6cf21868dbb12cab518d4d541299aca7485dbcaa
203039,Sydney Carter,players_directory,wnba,,,/get-all-players-for-league/wnba,{},20260603T195605Z,2026-06-03T19:56:05+00:00,23e722dac707b255b11765ac192ebaf141e7c0b05ace1c2068dde5e0cb4bb62a,"[""players""]",203039,Sydney Carter,players_directory,2026-06-03T19:56:08+00:00,20260603T195605Z,d4a51c1c411ec2e50f5e0ff410dac4cd62a5d2b0634b20202e89feb0b7c98f1d
203040,April Sykes,players_directory,wnba,,,/get-all-players-for-league/wnba,{},20260603T195605Z,2026-06-03T19:56:05+00:00,2d4297c228e74364f017903844867be8bfff26f0f3c0c352c22a7757454b4da3,"[""players""]",203040,April Sykes,players_directory,2026-06-03T19:56:08+00:00,20260603T195605Z,717c9b227bed82d947cada9a1b8daabf3b95deb900a21d24b3e6f415c6ddef64
203041,Lynetta Kizer,players_directory,wnba,,,/get-all-players-for-league/wnba,{},20260603T195605Z,2026-06-03T19:56:05+00:00,d633676f072562292ae47770a446337e517e5aebc55f9a61a26ae965d208ab23,"[""players""]",203041,Lynetta Kizer,players_directory,2026-06-03T19:56:08+00:00,20260603T195605Z,f2c91440a1a8db72b6ec8c98d859e691267a17003f786bcf6bc06f6a363d12ee
203043,Jacki Gemelos,players_directory,wnba,,,/get-all-players-for-league/wnba,{},20260603T195605Z,2026-06-03T19:56:05+00:00,a38057dd99bd832c52a6464fa0446c2a51b8b81ce6809be5dbaddaa22c6bb782,"[""players""]",203043,Jacki Gemelos,players_directory,2026-06-03T19:56:08+00:00,20260603T195605Z,a1a7eba39326542b0dd0f4ca8346df328f76ac8d977b5a56bca977e65e75e453
203046,Briana Butler,players_directory,wnba,,,/get-all-players-for-league/wnba,{},20260603T195605Z,2026-06-03T19:56:05+00:00,f305d67805fee156d8905a905266c122ee9fa8ae313556bbeb850ebade6b3557,"[""players""]",203046,Briana Butler,players_directory,2026-06-03T19:56:08+00:00,20260603T195605Z,8d5a9392dd07e6ac2740954ef316e5620b8cde167cdf2ec4411a6209ff0f288d
203047,Katelan Redmon,players_directory,wnba,,,/get-all-players-for-league/wnba,{},20260603T195605Z,2026-06-03T19:56:05+00:00,21f25b32e3f61c37fab3703ce10a7f3786d833de4909e5f6e74189ce8d2b7759,"[""players""]",203047,Katelan Redmon,players_directory,2026-06-03T19:56:08+00:00,20260603T195605Z,59494b1363ec0bea84dcaea209e3c8bcbe0b529040d80c7d7b090c1152860e14
203067,Sasha Goodlett,players_directory,wnba,,,/get-all-players-for-league/wnba,{},20260603T195605Z,2026-06-03T19:56:05+00:00,98c79c7291053ef22ad6adb778e1eed29365ecfe4abcccaa33ee80aebdc35e50,"[""players""]",203067,Sasha Goodlett,players_directory,2026-06-03T19:56:08+00:00,20260603T195605Z,187f157d28b9fbbee87dd564313ea56644ec57b7e04c3c5ccc1051fa437405a7
203069,Avery Warley-Talbert,players_directory,wnba,,,/get-all-players-for-league/wnba,{},20260603T195605Z,2026-06-03T19:56:05+00:00,28026487a075e666a449f31c8d46d79f257d2526275d3b5a3d333a9e1bd8b77a,"[""players""]",203069,Avery Warley-Talbert,players_directory,2026-06-03T19:56:08+00:00,20260603T195605Z,3fe93fdf196cd56878986e401903aa8ab257d45b682d6ed28e7afc069a4833f4
203070,Cierra Bravard,players_directory,wnba,,,/get-all-players-for-league/wnba,{},20260603T195605Z,2026-06-03T19:56:05+00:00,a177b487f57e2d92d111110a4757698239b6c66410e23819a4d2fb7441038f58,"[""players""]",203070,Cierra Bravard,players_directory,2026-06-03T19:56:08+00:00,20260603T195605Z,0a54c0d2211403644502020605cf83d3eb2801afcc88beae186117d6a21ef2b7
203389,Yvonne Turner,players_directory,wnba,,,/get-all-players-for-league/wnba,{},20260603T195605Z,2026-06-03T19:56:05+00:00,72cd88b1843006cd6858b24298ca47be7917aca1a1d81dbbe15b7e03b36b11aa,"[""players""]",203389,Yvonne Turner,players_directory,2026-06-03T19:56:08+00:00,20260603T195605Z,7ba3ddbc96181bacebff61fe47e6c1f4ae14b3055586a0d58de99dc0f681615f
203398,Brittney Griner,players_directory,wnba,,,/get-all-players-for-league/wnba,{},20260603T195605Z,2026-06-03T19:56:05+00:00,27220bb612deadb8106e2af1919dbb47f4f02d0dcac86abc520dce4fa5661585,"[""players""]",203398,Brittney Griner,players_directory,2026-06-03T19:56:08+00:00,20260603T195605Z,fbcb9c71a61e54e477b72e4fd5ae9d0ca8d11f0fb2e70de080cad5a99350b65e
203399,Elena Delle Donne,players_directory,wnba,,,/get-all-players-for-league/wnba,{},20260603T195605Z,2026-06-03T19:56:05+00:00,d0ba64e79d6c66d40dfc4b008c0bea41ea9078b9b3c23e64e292dcc1ac243b65,"[""players""]",203399,Elena Delle Donne,players_directory,2026-06-03T19:56:08+00:00,20260603T195605Z,af920453be84f42c33b15261b8dcb73861bacdda40a926a2d9f522748487f123
203400,Skylar Diggins-Smith,players_directory,wnba,,,/get-all-players-for-league/wnba,{},20260603T195605Z,2026-06-03T19:56:05+00:00,5ac329c838febd8ee9ceb7064e02baeee3f24415280631b9dce4d259ea1f0b8f,"[""players""]",203400,Skylar Diggins-Smith,players_directory,2026-06-03T19:56:08+00:00,20260603T195605Z,650da782cc39e363a7c134ec1be8407f28d5384dd08fb74d736456e5062c6d67
203401,Tayler Hill,players_directory,wnba,,,/get-all-players-for-league/wnba,{},20260603T195605Z,2026-06-03T19:56:05+00:00,e81c33f1162c700af16e29b0370769b4000a2f3ec736df586397263db5c9e9d9,"[""players""]",203401,Tayler Hill,players_directory,2026-06-03T19:56:08+00:00,20260603T195605Z,73640fae413132893a9ca5eb92632024823b035de275799fd408933ffb01e53b
203402,Kelsey Bone,players_directory,wnba,,,/get-all-players-for-league/wnba,{},20260603T195605Z,2026-06-03T19:56:05+00:00,1f7b5c3d33473120d81b944f0d3cdcc38c7b4385eb1f9f1dfa6304ee8c25ecad,"[""players""]",203402,Kelsey Bone,players_directory,2026-06-03T19:56:08+00:00,20260603T195605Z,dbc0d004290671c85136fc818b5ee7d34f1072e0c82c6a90d509a11cb41f5de8
203403,Tianna Hawkins,players_directory,wnba,,,/get-all-players-for-league/wnba,{},20260603T195605Z,2026-06-03T19:56:05+00:00,00f0ac4ab1e8055b32b93685eda88527895e05417198f262ce120adb81f7bf6a,"[""players""]",203403,Tianna Hawkins,players_directory,2026-06-03T19:56:08+00:00,20260603T195605Z,3b0b446102e2b183033f006b1d0962a12f8f70387c0fe3c2968eb1dbb834731b
203404,Toni Young,players_directory,wnba,,,/get-all-players-for-league/wnba,{},20260603T195605Z,2026-06-03T19:56:05+00:00,0d7e00a8b7e66673a559928a5adac9c5d9af0acb1c27d6d3f4de9eb23b5684a3,"[""players""]",203404,Toni Young,players_directory,2026-06-03T19:56:08+00:00,20260603T195605Z,62b820153f1ca2c2659b33384085743d3b4c6dd8ecb1c904f1881b0feeba0fc4
203405,Kayla Alexander,players_directory,wnba,,,/get-all-players-for-league/wnba,{},20260603T195605Z,2026-06-03T19:56:05+00:00,8f20cf441f83d99dbf91fd77e605a1cc219fbf5e93c03996bbec6765d6ac7fc4,"[""players""]",203405,Kayla Alexander,players_directory,2026-06-03T19:56:08+00:00,20260603T195605Z,0f3c089e8ee68a2e1fea45aa9a81f8e422b0994c6cada95ea148119e21ecd0f0
203406,Layshia Clarendon,players_directory,wnba,,,/get-all-players-for-league/wnba,{},20260603T195605Z,2026-06-03T19:56:05+00:00,d4fdbf9b72f39ea1e01ea0394771a3196ccf6f7620e0e90d3711be60201173b5,"[""players""]",203406,Layshia Clarendon,players_directory,2026-06-03T19:56:08+00:00,20260603T195605Z,4b635a046a5a87117c0e8df351017c6b7e1fa29765f0bc215721b1aad7936e0f
203407,A'dia Mathies,players_directory,wnba,,,/get-all-players-for-league/wnba,{},20260603T195605Z,2026-06-03T19:56:05+00:00,2e7c1d7411620e8220e52e34dbf75b01f041f7d85c4d2b0c49aaaa9fadccb950,"[""players""]",203407,A'dia Mathies,players_directory,2026-06-03T19:56:08+00:00,20260603T195605Z,abdf4e59846ce1cfa9c1141a0bc67739b1e6612634432fea1ee434ebb1acb944
203408,Kelly Faris,players_directory,wnba,,,/get-all-players-for-league/wnba,{},20260603T195605Z,2026-06-03T19:56:05+00:00,726843ae9ea595e95715f3aa7524197d898c920ea028188b18eb9a61d1faa6af,"[""players""]",203408,Kelly Faris,players_directory,2026-06-03T19:56:08+00:00,20260603T195605Z,93b53adefe56932bc6df9a1087ece238e3e40a14dbc2b8f89b3a1e1b69cfc9d2
203409,Lindsey Moore,players_directory,wnba,,,/get-all-players-for-league/wnba,{},20260603T195605Z,2026-06-03T19:56:05+00:00,17df9b425491a33c7d23d690305503fe0e766dd03a1d8045ca86760abd047137,"[""players""]",203409,Lindsey Moore,players_directory,2026-06-03T19:56:08+00:00,20260603T195605Z,90d3590cbede8edf498a7c6e8be6853e38811349465439a627262951a79b8707
203410,Alex Bentley,players_directory,wnba,,,/get-all-players-for-league/wnba,{},20260603T195605Z,2026-06-03T19:56:05+00:00,bdd3b74089999894032db1958332ce5dd452ec1cb2062b0ca26bb090353f5c09,"[""players""]",203410,Alex Bentley,players_directory,2026-06-03T19:56:08+00:00,20260603T195605Z,39657fb82aaeecd9e92f586058f34d7bbe70b6a38b7c7600c5ec66fe1f1d539c
203411,Sugar Rodgers,players_directory,wnba,,,/get-all-players-for-league/wnba,{},20260603T195605Z,2026-06-03T19:56:05+00:00,4780b75a81bfab0a4cf5603f7de8ec905672d1dea6811630fbe594a517aa3c51,"[""players""]",203411,Sugar Rodgers,players_directory,2026-06-03T19:56:08+00:00,20260603T195605Z,3d58ef4887f1dd67966fa319ad49185da46f0d50eec30e15b56f211fbb05629a
203412,Kamiko Williams,players_directory,wnba,,,/get-all-players-for-league/wnba,{},20260603T195605Z,2026-06-03T19:56:05+00:00,09e9676f20d6a2a642be76953fe4598fcecc9b11dbb0ec7857160b620956ddbd,"[""players""]",203412,Kamiko Williams,players_directory,2026-06-03T19:56:08+00:00,20260603T195605Z,1ad22be300a9f4142fb0c26a6c8c5328d53384ce05853fd7daffc26158ad2bc8
203413,Davellyn Whyte,players_directory,wnba,,,/get-all-players-for-league/wnba,{},20260603T195605Z,2026-06-03T19:56:05+00:00,a78f6e5e829eba44c022197b7f40a4d084acc5120ba38fc6f5f61b5ac0b53005,"[""players""]",203413,Davellyn Whyte,players_directory,2026-06-03T19:56:08+00:00,20260603T195605Z,71a5644bae86dbba758c389376d9eb01b31d96bcf22a38eec0f47da9098488d9
203414,Nadirah McKenith,players_directory,wnba,,,/get-all-players-for-league/wnba,{},20260603T195605Z,2026-06-03T19:56:05+00:00,e072ad32980ab45990abb59d02ce6d1a75317ee7b1a17116230b0490a3be1515,"[""players""]",203414,Nadirah McKenith,players_directory,2026-06-03T19:56:08+00:00,20260603T195605Z,637e5e6c122de8887abc1b7d7100378043d1243f64c6a8de7219979cb6cd38c0
203415,Chelsea Poppens,players_directory,wnba,,,/get-all-players-for-league/wnba,{},20260603T195605Z,2026-06-03T19:56:05+00:00,7c6ea1e875aa7ba42f3ae3d86f8a62fe2069e275ab9157ab8e8c173fa8db6ff2,"[""players""]",203415,Chelsea Poppens,players_directory,2026-06-03T19:56:08+00:00,20260603T195605Z,17c7753065c366d82dcaa36b4cebb3ebc2546035a38f045a45998fa7bf0b3369
203416,Emma Meesseman,players_directory,wnba,,,/get-all-players-for-league/wnba,{},20260603T195605Z,2026-06-03T19:56:05+00:00,b0bb1e396d1b98a61ed7acd81718bcb3b6cd10b81657caf1a4499d2673887d29,"[""players""]",203416,Emma Meesseman,players_directory,2026-06-03T19:56:08+00:00,20260603T195605Z,a5e4ae2053b217b12668a2d58341a399864e3dcd3078db5e152a829d2bf03e37
203418,Jasmine Hassell,players_directory,wnba,,,/get-all-players-for-league/wnba,{},20260603T195605Z,2026-06-03T19:56:05+00:00,ebe05e52ebc5d1f4e147bae17ea9cbcd43b32a63bc6ca1529cef9c07a794c0eb,"[""players""]",203418,Jasmine Hassell,players_directory,2026-06-03T19:56:08+00:00,20260603T195605Z,0549216aeeafa20477d14a5eaa1bbd916a871922f209e6385fa053689474a0b4
203421,Chucky Jeffery,players_directory,wnba,,,/get-all-players-for-league/wnba,{},20260603T195605Z,2026-06-03T19:56:05+00:00,de34bcd33c04999cebcf5c17000bd10632b003c3cce7a20c0c2bec14aa97172c,"[""players""]",203421,Chucky Jeffery,players_directory,2026-06-03T19:56:08+00:00,20260603T195605Z,b7c3a176e2c04457e60c85cb601f66e01320f9c02f683edd5568a5b9ddd7d660
203423,Nikki Greene,players_directory,wnba,,,/get-all-players-for-league/wnba,{},20260603T195605Z,2026-06-03T19:56:05+00:00,522251ce86adb5a87306669ada1d05e38f4c250680a4bbdec3d9c111e209c2b2,"[""players""]",203423,Nikki Greene,players_directory,2026-06-03T19:56:08+00:00,20260603T195605Z,ada50a96cd80dad15ec4c306b1f29ae6e275b6559c8cc7664b5f0afcb3b8d695
203426,Angel Goodrich,players_directory,wnba,,,/get-all-players-for-league/wnba,{},20260603T195605Z,2026-06-03T19:56:05+00:00,fb2d68de999c2a2f013fafb6e807c8ab09518737f5f333084c0418946a42dc07,"[""players""]",203426,Angel Goodrich,players_directory,2026-06-03T19:56:08+00:00,20260603T195605Z,e44768a7046d6a5a7e8aa19d88c2e2a1398fb49472d289e3e9c2b46cfbd45231
203427,Jasmine James,players_directory,wnba,,,/get-all-players-for-league/wnba,{},20260603T195605Z,2026-06-03T19:56:05+00:00,0f721bbf78eebcf988c2b36ffc61e0d08848f8d887207999bacc242ce78e0894,"[""players""]",203427,Jasmine James,players_directory,2026-06-03T19:56:08+00:00,20260603T195605Z,23b1b2b3dbd2633bdfb1dec35aaebe89c1c1fc26ad773e5b5f42a71c92e0918b
203428,Anne Marie Armstrong,players_directory,wnba,,,/get-all-players-for-league/wnba,{},20260603T195605Z,2026-06-03T19:56:05+00:00,f40f11e57cffce64756a55dbfa6ea0a2e40e546aad1ff1302d8d113d3684bb43,"[""players""]",203428,Anne Marie Armstrong,players_directory,2026-06-03T19:56:08+00:00,20260603T195605Z,3fe5b09b5d608d0f29962adb81e09174136125b18f06960d10836f0f2a6c64bc
203432,Waltiea Rolle,players_directory,wnba,,,/get-all-players-for-league/wnba,{},20260603T195605Z,2026-06-03T19:56:05+00:00,de7b535655f94b6b360da31c1e05fac048ac45037fc21e2b98e184d7191470d3,"[""players""]",203432,Waltiea Rolle,players_directory,2026-06-03T19:56:08+00:00,20260603T195605Z,95c8363e2cf162ed8d131cd1a856f00ed1c31b0d038aea9366523b9cc20d2559
203437,Tierra Ruffin-Pratt,players_directory,wnba,,,/get-all-players-for-league/wnba,{},20260603T195605Z,2026-06-03T19:56:05+00:00,e561463bab2fc427e70836ae4eaff6c759eb9fbbcc6abb9c068adf79d1da0357,"[""players""]",203437,Tierra Ruffin-Pratt,players_directory,2026-06-03T19:56:08+00:00,20260603T195605Z,a5b6f40cd055ef23d8c2cd40114fc179d6cb283435afa7a1684d2b29c0fb3f9a
203451,Courtney Clements,players_directory,wnba,,,/get-all-players-for-league/wnba,{},20260603T195605Z,2026-06-03T19:56:05+00:00,7a680178a6589bf89f2ec4732037323e223a1095c90a4caace34f815b683c6cc,"[""players""]",203451,Courtney Clements,players_directory,2026-06-03T19:56:08+00:00,20260603T195605Z,7f6e8e87381b1f8595c1a0a9cd057e46a41aec3aa32f3f3c4a299570ce48af3a
203555,Joslyn Tinkle,players_directory,wnba,,,/get-all-players-for-league/wnba,{},20260603T195605Z,2026-06-03T19:56:05+00:00,d3746cefe48433590d8c45ba1d56b434db4675746ea40d71052d3b5c0c8cbae5,"[""players""]",203555,Joslyn Tinkle,players_directory,2026-06-03T19:56:08+00:00,20260603T195605Z,c49886bb79201f250068587291a44c6381e1e5dd4f2dcafef7293f26cbccfeab
203563,Chelsea Hopkins,players_directory,wnba,,,/get-all-players-for-league/wnba,{},20260603T195605Z,2026-06-03T19:56:05+00:00,d32068e140769c684cba0b90c46046077e6495ed3be7f9dc0091441d32b7be66,"[""players""]",203563,Chelsea Hopkins,players_directory,2026-06-03T19:56:08+00:00,20260603T195605Z,6e706d2493486def0ba4da5ead687aa4eb04684ef79b1dab9809c0e7ed82a91d
203813,Anna Cruz,players_directory,wnba,,,/get-all-players-for-league/wnba,{},20260603T195605Z,2026-06-03T19:56:05+00:00,3e13905be09c5c02268c1716a1cabb18cea2bda685d6789ef83fdae834ddd8fb,"[""players""]",203813,Anna Cruz,players_directory,2026-06-03T19:56:08+00:00,20260603T195605Z,2f248cc417218a05e606b2d5608a236bcc041e0887dd61101629b0798d154f4b
203814,Nadia Colhado,players_directory,wnba,,,/get-all-players-for-league/wnba,{},20260603T195605Z,2026-06-03T19:56:05+00:00,a480cea9428b515a7dac21c3248ff2fc6a8e1df25cc6a9a3b9ab890fcabaa079,"[""players""]",203814,Nadia Colhado,players_directory,2026-06-03T19:56:08+00:00,20260603T195605Z,e56556f58564cf5742f8bee28dde6eb60e31e328557e7fbef35429d7155d769e
203820,Celine Dumerc,players_directory,wnba,,,/get-all-players-for-league/wnba,{},20260603T195605Z,2026-06-03T19:56:05+00:00,9ac97107fcc86b2dbf794712f36735162a49748c9b8d7a89701559cfff1d834a,"[""players""]",203820,Celine Dumerc,players_directory,2026-06-03T19:56:08+00:00,20260603T195605Z,d8137d031d9828f490cd9fc9ae1b69fcac494a57d5f865cf10d003e3d057bde2
203822,Rebekah Gardner,players_directory,wnba,,,/get-all-players-for-league/wnba,{},20260603T195605Z,2026-06-03T19:56:05+00:00,048fc92af8d8683226160ec48826f3df6426642bee24c965c15e8caa9f4b69ea,"[""players""]",203822,Rebekah Gardner,players_directory,2026-06-03T19:56:08+00:00,20260603T195605Z,c6b70483abf128ac4c2748c987a3e55eef65e8aa29e1c84f94a7570981faaa5a
203823,Chiney Ogwumike,players_directory,wnba,,,/get-all-players-for-league/wnba,{},20260603T195605Z,2026-06-03T19:56:05+00:00,5f067da49f383ea43914ffec9b8a76e76c89a3d662faf720753b792138bd1886,"[""players""]",203823,Chiney Ogwumike,players_directory,2026-06-03T19:56:08+00:00,20260603T195605Z,1db34ebba053aa65426e3e89906be94f1836ad463dad6c0cccf3f91740fc1e19
203824,Odyssey Sims,players_directory,wnba,,,/get-all-players-for-league/wnba,{},20260603T195605Z,2026-06-03T19:56:05+00:00,df2da05db6b5a79a2b62ecb165e8c57db33d446e8363c4db59a050abf5db2555,"[""players""]",203824,Odyssey Sims,players_directory,2026-06-03T19:56:08+00:00,20260603T195605Z,04f158dc0ca3306a8ed433ed27ece9835c4dcd72b9b3d9c7f87f8fd57762c1a5
203825,Kayla McBride,players_directory,wnba,,,/get-all-players-for-league/wnba,{},20260603T195605Z,2026-06-03T19:56:05+00:00,42cd3b2c3088a4c16af2fe28400049ffa4f8340e44f9aea2827611a0e3fcd9dc,"[""players""]",203825,Kayla McBride,players_directory,2026-06-03T19:56:08+00:00,20260603T195605Z,72a26b2e8dc6b2f5e740b70f2a18014860f9ae3f2b79234509680e0207604da2
203826,Alyssa Thomas,players_directory,wnba,,,/get-all-players-for-league/wnba,{},20260603T195605Z,2026-06-03T19:56:05+00:00,d2e38f1d066fa7e65c9e60cbfe721c19f53d93178719e070eb086f7f96e978d0,"[""players""]",203826,Alyssa Thomas,players_directory,2026-06-03T19:56:08+00:00,20260603T195605Z,351fa7061bab4e0a17edbe419864b7b1c0f91e384f050317853a5d78cc911265
203827,Natasha Howard,players_directory,wnba,,,/get-all-players-for-league/wnba,{},20260603T195605Z,2026-06-03T19:56:05+00:00,92b48f4a9adf31a276b1ce750efc67cfc596fa916f00ec6ac45496c407846614,"[""players""]",203827,Natasha Howard,players_directory,2026-06-03T19:56:08+00:00,20260603T195605Z,74372bc1767a1a40ee80ba3e7eb411cb4ec4a6659875438b89c3e33288cd73e2
203828,Stefanie Dolson,players_directory,wnba,,,/get-all-players-for-league/wnba,{},20260603T195605Z,2026-06-03T19:56:05+00:00,5e5e42a089b056d5e176734691204ca8d1589282316e33ad9961769998b0e587,"[""players""]",203828,Stefanie Dolson,players_directory,2026-06-03T19:56:08+00:00,20260603T195605Z,8dc39ec85767fd78deadb0b523db6ff167e187109032305689af7f547b3785a3
203829,Bria Hartley,players_directory,wnba,,,/get-all-players-for-league/wnba,{},20260603T195605Z,2026-06-03T19:56:05+00:00,136b061dd53c8c714daf5d9d41ca95f718eb08eb076327833c09dceed7cc3fe4,"[""players""]",203829,Bria Hartley,players_directory,2026-06-03T19:56:08+00:00,20260603T195605Z,85a30ee7a2a0d5c4993a6131486cdf6572a2a2182fd8656c6ba0bc85037fe876
203830,Shoni Schimmel,players_directory,wnba,,,/get-all-players-for-league/wnba,{},20260603T195605Z,2026-06-03T19:56:05+00:00,a78733347feac064dc226e2399d18e003ebf25b2e595d6d2d9189c0b8c422f66,"[""players""]",203830,Shoni Schimmel,players_directory,2026-06-03T19:56:08+00:00,20260603T195605Z,0dca7bfff9593dbdc56b56738cedd4a2f4dcb4e93e7fc933bb6f481ca6650b21
203831,Natalie Achonwa,players_directory,wnba,,,/get-all-players-for-league/wnba,{},20260603T195605Z,2026-06-03T19:56:05+00:00,af693b912ee3362e912dc340cd7471a30a462f2402f9643258ba93c72a9e1ed8,"[""players""]",203831,Natalie Achonwa,players_directory,2026-06-03T19:56:08+00:00,20260603T195605Z,1b360b0df0110ca2d6c1c831a950e8731b4ff4db6e9ddc8c62362f7e4d23f6aa
203832,Markeisha Gatling,players_directory,wnba,,,/get-all-players-for-league/wnba,{},20260603T195605Z,2026-06-03T19:56:05+00:00,c063ee013a7bcfa75048d3c668a4f7531ab01edb31f2bc5212f9bf0da7c7bee3,"[""players""]",203832,Markeisha Gatling,players_directory,2026-06-03T19:56:08+00:00,20260603T195605Z,9f79bd140ff835942947a5b37b3a1361eb87100950c676d00c7fe25436f7df3b
203833,Chelsea Gray,players_directory,wnba,,,/get-all-players-for-league/wnba,{},20260603T195605Z,2026-06-03T19:56:05+00:00,c52652bfc58254d74bf0f5f5b73582de8115361eb1025b8f49bb5be428f7faa0,"[""players""]",203833,Chelsea Gray,players_directory,2026-06-03T19:56:08+00:00,20260603T195605Z,b38cff21027e8089b5a4b48db969c33fffdaf646abc8122269b3f5953bfb8c54
203834,Tricia Liston,players_directory,wnba,,,/get-all-players-for-league/wnba,{},20260603T195605Z,2026-06-03T19:56:05+00:00,ee8d391ad8944d80d1a645538116b7efb73728dd829a66a2b48bffac257bfe42,"[""players""]",203834,Tricia Liston,players_directory,2026-06-03T19:56:08+00:00,20260603T195605Z,c11782990e24bcd58760475cc601dc4fe772e75e738d6074402eb4a2a007d49d
203835,Jordan Hooper,players_directory,wnba,,,/get-all-players-for-league/wnba,{},20260603T195605Z,2026-06-03T19:56:05+00:00,8aa544762bc90ef9c1afa23ca62126a6df256a2a75f44406e5fb69217466b39e,"[""players""]",203835,Jordan Hooper,players_directory,2026-06-03T19:56:08+00:00,20260603T195605Z,73306e7331b9033d39f3b9b90fc9d08cbd8e58e1edbf145ada6a8a45d3ccabee
203838,Astou Ndour,players_directory,wnba,,,/get-all-players-for-league/wnba,{},20260603T195605Z,2026-06-03T19:56:05+00:00,1975d408abd2f180b47f8fdd3accfb16e54cb769dd49b7ea63290069e55fdc86,"[""players""]",203838,Astou Ndour,players_directory,2026-06-03T19:56:08+00:00,20260603T195605Z,89c352da7b2696884c15cda16dedfb6d8df36915865881ca6cf59a68c9f37c0f
203839,Tiffany Bias,players_directory,wnba,,,/get-all-players-for-league/wnba,{},20260603T195605Z,2026-06-03T19:56:05+00:00,6d6e754909f5882035998093753d099d690bd3eeb7faa272c1c3536a9929f1c7,"[""players""]",203839,Tiffany Bias,players_directory,2026-06-03T19:56:08+00:00,20260603T195605Z,8a4083f09e0e12be11d9833774f1c81fe057a0493c3f9ff804f473a8a266555d
203840,Inga Orekhova,players_directory,wnba,,,/get-all-players-for-league/wnba,{},20260603T195605Z,2026-06-03T19:56:05+00:00,4b8d227a6f36f4707c08f2b758e4c08e7a89499038ae835ac1476cde1d6bdf5e,"[""players""]",203840,Inga Orekhova,players_directory,2026-06-03T19:56:08+00:00,20260603T195605Z,4061ae80a96f379945b9aaa15f5af5f20a57e3d6f65097a9c959dd7ee27f7f61
203843,Maggie Lucas,players_directory,wnba,,,/get-all-players-for-league/wnba,{},20260603T195605Z,2026-06-03T19:56:05+00:00,e05e688c2237fe4c2c5a57c20614bf1d21ff3d6e3920ccb9db8ce90ee6272ce9,"[""players""]",203843,Maggie Lucas,players_directory,2026-06-03T19:56:08+00:00,20260603T195605Z,2ba7babf96a5d4eb1cf1af046ceae45fe123fe4514ebe86ff567da99e61cb648
203844,Gennifer Brandon,players_directory,wnba,,,/get-all-players-for-league/wnba,{},20260603T195605Z,2026-06-03T19:56:05+00:00,81c9c3caa9cf31d219aff5b923a4567ed6a5d5665d37e2c37b8488e2045b65dc,"[""players""]",203844,Gennifer Brandon,players_directory,2026-06-03T19:56:08+00:00,20260603T195605Z,7ab7c6745df3cf0d159a4786fd8c7cf8908463f28223bdc6487a5c18e33a2ef0
203845,Jennifer Hamson,players_directory,wnba,,,/get-all-players-for-league/wnba,{},20260603T195605Z,2026-06-03T19:56:05+00:00,911b376e0c3df1db6e49b4b911909bcca0317dd0081396ddd3a4a9834b4b77ab,"[""players""]",203845,Jennifer Hamson,players_directory,2026-06-03T19:56:08+00:00,20260603T195605Z,2ddfc7e8060b8092855c216e637a4874401ffca8a82eb99554495eb31dc57ed3
203848,Meighan Simmons,players_directory,wnba,,,/get-all-players-for-league/wnba,{},20260603T195605Z,2026-06-03T19:56:05+00:00,97f52f239f11719005e42de1065e56dd11ee8c1cf4a179d189e7dfaa8f8ca2c9,"[""players""]",203848,Meighan Simmons,players_directory,2026-06-03T19:56:08+00:00,20260603T195605Z,9bb65e32ce172a6a3c20d075fdcbcceef23be7653e658029ca49318379e3228f
203849,Theresa Plaisance,players_directory,wnba,,,/get-all-players-for-league/wnba,{},20260603T195605Z,2026-06-03T19:56:05+00:00,681820f4646f922274171f444d14fdf01e18ff55f648f0ec0d473efee3b88bbd,"[""players""]",203849,Theresa Plaisance,players_directory,2026-06-03T19:56:08+00:00,20260603T195605Z,27404c6b1b175f1884d39031f3a976a9a6c7853fc266c714e4c9d83a83033bdf
203855,Stephanie Talbot,players_directory,wnba,,,/get-all-players-for-league/wnba,{},20260603T195605Z,2026-06-03T19:56:05+00:00,1e6e50642f6b8e132f27711cf4f35d4f8bbc62ef8bbea2797a12db4c95da79dc,"[""players""]",203855,Stephanie Talbot,players_directory,2026-06-03T19:56:08+00:00,20260603T195605Z,1237b41942cf4dbe5d98429fb81d7c35d668a378ffa3a17d3dbdba823416508f
203857,Jamierra Faulkner,players_directory,wnba,,,/get-all-players-for-league/wnba,{},20260603T195605Z,2026-06-03T19:56:05+00:00,2d2764a7f00198d26015fe7649f9069c81eb179e34c142296bec8584de20415b,"[""players""]",203857,Jamierra Faulkner,players_directory,2026-06-03T19:56:08+00:00,20260603T195605Z,4cb676427d5f442688b45e64bd0ebf8465d6e90b65419a0ad27b45c83c83a017
203859,Asia Taylor,players_directory,wnba,,,/get-all-players-for-league/wnba,{},20260603T195605Z,2026-06-03T19:56:05+00:00,d653863bbefdc0c83d3c833bd20efa609a792a88473a653ff9eba2afacb7a682,"[""players""]",203859,Asia Taylor,players_directory,2026-06-03T19:56:08+00:00,20260603T195605Z,dcc78f8bb6bd2f08009025a32b688a76893420f7e1652f222b4cb5ce9f23abc2
203863,Haley Peters,players_directory,wnba,,,/get-all-players-for-league/wnba,{},20260603T195605Z,2026-06-03T19:56:05+00:00,fb6750b05db8bd8f4976067a5b8c75d53bff5a3cbfbb0975bcf9e1a5db853ed7,"[""players""]",203863,Haley Peters,players_directory,2026-06-03T19:56:08+00:00,20260603T195605Z,4c130652011c5b699b33d8ebe84cc57fcd33d0648dc3475d24399fb1ebffe219
203866,Kayla Thornton,players_directory,wnba,,,/get-all-players-for-league/wnba,{},20260603T195605Z,2026-06-03T19:56:05+00:00,1f0a740e9eb2a9c682667f42a923d8e9d0169231e95209c0bc11360145b34646,"[""players""]",203866,Kayla Thornton,players_directory,2026-06-03T19:56:08+00:00,20260603T195605Z,7ad0bda5fda0471d7b84965c7b47ad3466413e5f80f078a1f50c3e25171c3b5c
203870,Jasmine Lister,players_directory,wnba,,,/get-all-players-for-league/wnba,{},20260603T195605Z,2026-06-03T19:56:05+00:00,adfff08b5fda46f54a9b04b95b5d1b0ea8b4ea385f8a52d565ebc50d3fc17d03,"[""players""]",203870,Jasmine Lister,players_directory,2026-06-03T19:56:08+00:00,20260603T195605Z,9154d115384b4da38f88b6eeb65025ee47678ccd6a63d612dfe15cd07c764ac6
203874,Heather Butler,players_directory,wnba,,,/get-all-players-for-league/wnba,{},20260603T195605Z,2026-06-03T19:56:05+00:00,efb47ef8018b2ce874700791ef6805a59008dba5ea6dc57117441a6bfedb112c,"[""players""]",203874,Heather Butler,players_directory,2026-06-03T19:56:08+00:00,20260603T195605Z,956caea67d0027535758352055daf2e89e4eec858d3804a9e479685f38fda489
203876,Aaryn Ellenberg,players_directory,wnba,,,/get-all-players-for-league/wnba,{},20260603T195605Z,2026-06-03T19:56:05+00:00,6ecbc0dfab79a38b246f6c7b29a1aa7a9c43b2dec41dfa6f6135da00188c4ec4,"[""players""]",203876,Aaryn Ellenberg,players_directory,2026-06-03T19:56:08+00:00,20260603T195605Z,32e11bba31a58f75104de6731a27231b02e6abd4750363e554020bcb58bd1b1d
203881,Shanece McKinney,players_directory,wnba,,,/get-all-players-for-league/wnba,{},20260603T195605Z,2026-06-03T19:56:05+00:00,264d2b308cbd2c5a9b9e17e3f339f7f0eaf8a97a53f79c5162cb08e7a1ad78f7,"[""players""]",203881,Shanece McKinney,players_directory,2026-06-03T19:56:08+00:00,20260603T195605Z,cc3fab52c702873c160a2feffe87507eb7396a426d1c73bdaaace95776b6bc99
203887,Victoria Macaulay,players_directory,wnba,,,/get-all-players-for-league/wnba,{},20260603T195605Z,2026-06-03T19:56:05+00:00,710d47777a9471ea9171859784bd436cf5a6186942451825040e3fdaa376133f,"[""players""]",203887,Victoria Macaulay,players_directory,2026-06-03T19:56:08+00:00,20260603T195605Z,5963e5ba24b7c1909499497ff90d5021d95590b9e22dfe2b7b07941eafd67f59
204296,Rebecca Allen,players_directory,wnba,,,/get-all-players-for-league/wnba,{},20260603T195605Z,2026-06-03T19:56:05+00:00,ffc23eaae1f19d78a8887eff485cfb51e22df3c4e2d188822008ff4b0de87673,"[""players""]",204296,Rebecca Allen,players_directory,2026-06-03T19:56:08+00:00,20260603T195605Z,3c6362a1cc4ad22a965b088dc83e3d785ce2c76cb0e6391b3f01960e7821c797
204297,Cayla George,players_directory,wnba,,,/get-all-players-for-league/wnba,{},20260603T195605Z,2026-06-03T19:56:05+00:00,4ecfd8f7fc982d656f824f951e0913473daa93c4d4e17697ef686d3dcc169e97,"[""players""]",204297,Cayla George,players_directory,2026-06-03T19:56:08+00:00,20260603T195605Z,fffa9243115e86e48e0794f95af8d54b85a13ddb7cba9e89c8402524c903b182
204298,Tess Madgen,players_directory,wnba,,,/get-all-players-for-league/wnba,{},20260603T195605Z,2026-06-03T19:56:05+00:00,a2febda192a4e901b5ffe29e7340c55ed777458ecde9f39d5f66ef60b9d92e17,"[""players""]",204298,Tess Madgen,players_directory,2026-06-03T19:56:08+00:00,20260603T195605Z,58fb4752461ed30ae4f329d34d6acc647ed8c5e2d0118108ead2238bc5ac76c8
204299,Marianna Tolo,players_directory,wnba,,,/get-all-players-for-league/wnba,{},20260603T195605Z,2026-06-03T19:56:05+00:00,333ec58835e096d53d56caee76fca5d2a08dd91bcaf66641031f709757d4426d,"[""players""]",204299,Marianna Tolo,players_directory,2026-06-03T19:56:08+00:00,20260603T195605Z,0ced91d13d5d5f9370650ada9f367584c1978cbc41df432b27a2753cf92e0843
204300,Marta Xargay,players_directory,wnba,,,/get-all-players-for-league/wnba,{},20260603T195605Z,2026-06-03T19:56:05+00:00,d9fab31a28cffa87d2721857b9c4ff2f0d2a351dbff894d3751b420607c94a84,"[""players""]",204300,Marta Xargay,players_directory,2026-06-03T19:56:08+00:00,20260603T195605Z,c3e1208931830bbe3928bdf3a24bdbb7f0d1aa01aa63813dc6b8ea548cc15ad6
204302,Ana Dabovic,players_directory,wnba,,,/get-all-players-for-league/wnba,{},20260603T195605Z,2026-06-03T19:56:05+00:00,077a865c6a8b73a9b7c35915d1731c5ec7f3b6a06fb6c81dcdfb4a1c517331a9,"[""players""]",204302,Ana Dabovic,players_directory,2026-06-03T19:56:08+00:00,20260603T195605Z,d10d9cc425cdb9b038321543efb2cb572b99f4046d33535809dfed1488da5cae
204309,Clarissa Dos Santos,players_directory,wnba,,,/get-all-players-for-league/wnba,{},20260603T195605Z,2026-06-03T19:56:05+00:00,5e4eb20ce8b1a837d564c75089699abacef8990c5061876d2880572ad24e42b7,"[""players""]",204309,Clarissa Dos Santos,players_directory,2026-06-03T19:56:08+00:00,20260603T195605Z,10f4ce757e839664a21033dd7d61609c340bab266a1dc32ca99aa54d15e6fcf3
204317,Ramu Tokashiki,players_directory,wnba,,,/get-all-players-for-league/wnba,{},20260603T195605Z,2026-06-03T19:56:05+00:00,9ce78501c17993fc4742cb04d8744d0b48c8b2b673185ac575ffe8b388c933b0,"[""players""]",204317,Ramu Tokashiki,players_directory,2026-06-03T19:56:08+00:00,20260603T195605Z,efbe0c1672421bf7b7ced1b42173db6b25fd7d1962b62d2d47980f57b157f94e
204319,Jewell Loyd,players_directory,wnba,,,/get-all-players-for-league/wnba,{},20260603T195605Z,2026-06-03T19:56:05+00:00,938f6a2d4f390030d4ab4f1d3038613294979899727c1c87df7c5bb1995acb2f,"[""players""]",204319,Jewell Loyd,players_directory,2026-06-03T19:56:08+00:00,20260603T195605Z,63e13348078c065d79dacafd0f47809f62b0b4009d91261e4e01c938bc3d0ba8
204320,Amanda Zahui B,players_directory,wnba,,,/get-all-players-for-league/wnba,{},20260603T195605Z,2026-06-03T19:56:05+00:00,5fa5865518d93ea2b8eec19e103e3a0dafaf9eb26580599f89309c5980c98f44,"[""players""]",204320,Amanda Zahui B,players_directory,2026-06-03T19:56:08+00:00,20260603T195605Z,30ae9b17392f19278bb6bc10fb8dc6c7273b12e4aee5b64ccd8e3a8597adfd34
204321,Kaleena Mosqueda-Lewis,players_directory,wnba,,,/get-all-players-for-league/wnba,{},20260603T195605Z,2026-06-03T19:56:05+00:00,5f7e047d5ef1f6fc3304e523cb0de9d04cb200e5c3c2b929c45f5876a7f46a0e,"[""players""]",204321,Kaleena Mosqueda-Lewis,players_directory,2026-06-03T19:56:08+00:00,20260603T195605Z,bab3252533fd318f8c120690476eadd8ae133018fa52385a5feba7bb52677763
204322,Elizabeth Williams,players_directory,wnba,,,/get-all-players-for-league/wnba,{},20260603T195605Z,2026-06-03T19:56:05+00:00,8f0d3bf9b6980fab38ed18fc77096908d86303916e9533d75e63963ebb649a23,"[""players""]",204322,Elizabeth Williams,players_directory,2026-06-03T19:56:08+00:00,20260603T195605Z,c9ababec666f7d1aca20ce0dcf7d23b09c756fc48d2aea47317193ef08ab1946
204323,Cheyenne Parker,players_directory,wnba,,,/get-all-players-for-league/wnba,{},20260603T195605Z,2026-06-03T19:56:05+00:00,bc8c0c5c4e04ae8a7f49e3370c2feb6f11fb76803bc8e5060ddaa773c85dca4b,"[""players""]",204323,Cheyenne Parker,players_directory,2026-06-03T19:56:08+00:00,20260603T195605Z,7a699cab0469c843cb93b68ca6e935f129df60580234b20f4a5a229942ede3a7
204324,Dearica Hamby,players_directory,wnba,,,/get-all-players-for-league/wnba,{},20260603T195605Z,2026-06-03T19:56:05+00:00,a24d6799baeb756921f503a4e7b675b87ca9c74c8f849e034a71c060d0315973,"[""players""]",204324,Dearica Hamby,players_directory,2026-06-03T19:56:08+00:00,20260603T195605Z,38d0012f8cfb0df47ab9ca17bd944a29ed58d40e6d32bdc3bdd8870915d82aa5
204325,Crystal Bradford,players_directory,wnba,,,/get-all-players-for-league/wnba,{},20260603T195605Z,2026-06-03T19:56:05+00:00,528fcf64893c222055a9100ffbefc9fb96be38455cfac10b8f449705ca22d207,"[""players""]",204325,Crystal Bradford,players_directory,2026-06-03T19:56:08+00:00,20260603T195605Z,2ab117a430b4c767d25966e19c87f9d58fcd6d263842f338482c0c3a2a8c9851
204326,Ally Malott,players_directory,wnba,,,/get-all-players-for-league/wnba,{},20260603T195605Z,2026-06-03T19:56:05+00:00,80edf774955a00af32ba65fd31b0c1c0fe9dff279f7fe66cef9e6c0a07f23042,"[""players""]",204326,Ally Malott,players_directory,2026-06-03T19:56:08+00:00,20260603T195605Z,5b3d1629a3d0a484b661cd7f23df6de4809718ea1345e5b15ffcb3bcad543367
204327,Brittany Boyd,players_directory,wnba,,,/get-all-players-for-league/wnba,{},20260603T195605Z,2026-06-03T19:56:05+00:00,747eb92ac4b8c9679fcbececa159b4bb37fb882b858aca4bfaaf24848fd644d2,"[""players""]",204327,Brittany Boyd,players_directory,2026-06-03T19:56:08+00:00,20260603T195605Z,44680b7b264c1c871ee98298171a796d7e3e4340e64973f85bba088526d8c830
204328,Samantha Logic,players_directory,wnba,,,/get-all-players-for-league/wnba,{},20260603T195605Z,2026-06-03T19:56:05+00:00,6bbfa8a75b53021fdbb716957be3e089770606ebb3219afa2b3cd0f1024a5a61,"[""players""]",204328,Samantha Logic,players_directory,2026-06-03T19:56:08+00:00,20260603T195605Z,20ba953db3753eacec7c94032b15f596a2ef264c50384ae42680c557b3209c63
204329,Kiah Stokes,players_directory,wnba,,,/get-all-players-for-league/wnba,{},20260603T195605Z,2026-06-03T19:56:05+00:00,b5238a39100c5513705e1ba912e24de4161a8a2bb1050bb83d1db5525ec90286,"[""players""]",204329,Kiah Stokes,players_directory,2026-06-03T19:56:08+00:00,20260603T195605Z,3ace2037d5405d8356f785e92e9e908fecb7eca4e2e87205d8ec0ae295d1a11c
204330,Isabelle Harrison,players_directory,wnba,,,/get-all-players-for-league/wnba,{},20260603T195605Z,2026-06-03T19:56:05+00:00,7b87e2d9c51e7c94cc23ecf36741e24aed81a36075c82f82fa93c7080ee4d2ce,"[""players""]",204330,Isabelle Harrison,players_directory,2026-06-03T19:56:08+00:00,20260603T195605Z,0481f790ef31fb65371677fefa9eb93e719c79d124a1b58420ec08e2ace97bac
204331,Brianna Kiesel,players_directory,wnba,,,/get-all-players-for-league/wnba,{},20260603T195605Z,2026-06-03T19:56:05+00:00,bfdeee8583e74b71452843697ee9c72eb8c1dafb53886edd8562cf3356d0d254,"[""players""]",204331,Brianna Kiesel,players_directory,2026-06-03T19:56:08+00:00,20260603T195605Z,4ba08d7de530758a3a85c19b14a0786f2e4808b0c20c761b30dc8e682dd614a1
204332,Cierra Burdick,players_directory,wnba,,,/get-all-players-for-league/wnba,{},20260603T195605Z,2026-06-03T19:56:05+00:00,8953a5669efa1571c6d47164c66712494c0cacaeed7b52ed7fcdbcca95b2856e,"[""players""]",204332,Cierra Burdick,players_directory,2026-06-03T19:56:08+00:00,20260603T195605Z,c0789f8a60aadaf85d806bb834201694dbe2581fccaead9302aff26ad0ded9b8
204333,Natasha Cloud,players_directory,wnba,,,/get-all-players-for-league/wnba,{},20260603T195605Z,2026-06-03T19:56:05+00:00,2bbf48e8bcb263572470569e15b4064981edc1bde6820605a307ee86e7dd6633,"[""players""]",204333,Natasha Cloud,players_directory,2026-06-03T19:56:08+00:00,20260603T195605Z,cdf1acaeb059dbc7dd99ef468f211cde10c37761db25dc620145f653993da34a
204334,Reshanda Gray,players_directory,wnba,,,/get-all-players-for-league/wnba,{},20260603T195605Z,2026-06-03T19:56:05+00:00,7a873fa0d9cfda75eb51a9bebcc86b803e4bbf325159a58b8c993f0b3a4c0ebc,"[""players""]",204334,Reshanda Gray,players_directory,2026-06-03T19:56:08+00:00,20260603T195605Z,3e82d025b50c16e7447a478d6dd1068646ee29d2ca9885db97e7f2c040635181
204335,Betnijah Laney,players_directory,wnba,,,/get-all-players-for-league/wnba,{},20260603T195605Z,2026-06-03T19:56:05+00:00,c22b845966d92734cbddb8baf8ca568672fdbe6134fbe6f828cb26bc590e8342,"[""players""]",204335,Betnijah Laney,players_directory,2026-06-03T19:56:08+00:00,20260603T195605Z,0726e81470dc29e7434c9688257808a9d4ed163bbbbf7ebcb3342d5c6d16a37c
204336,Alex Harden,players_directory,wnba,,,/get-all-players-for-league/wnba,{},20260603T195605Z,2026-06-03T19:56:05+00:00,fdedf6748066df86651d2ec68208c8c4a14a94ea3c5506341651ee1c231bb7a9,"[""players""]",204336,Alex Harden,players_directory,2026-06-03T19:56:08+00:00,20260603T195605Z,b902e70139b3631c380465155d422e5edf8b17edaa2333d08b0a2e310739bebd
204337,Brittany Hrynko,players_directory,wnba,,,/get-all-players-for-league/wnba,{},20260603T195605Z,2026-06-03T19:56:05+00:00,13bb33d07c1cee8ef803d7039dfbc3a3dd741f4b467f3895a579b2c387a95367,"[""players""]",204337,Brittany Hrynko,players_directory,2026-06-03T19:56:08+00:00,20260603T195605Z,07101a5d0e6b6b6f0573ab64c6f69028c29bde463eb750630add0efbcba64640
204348,Andrea Hoover,players_directory,wnba,,,/get-all-players-for-league/wnba,{},20260603T195605Z,2026-06-03T19:56:05+00:00,fc764cd5478b5c6b66b483d1120738b254957a6ae9ff4f5290f7b89b8f94f174,"[""players""]",204348,Andrea Hoover,players_directory,2026-06-03T19:56:08+00:00,20260603T195605Z,a4a6801ffd44d41ec1eb5cc3ae0605e7182696e09b43ab4d297d5d922850a1bb
204352,Shae Kelley,players_directory,wnba,,,/get-all-players-for-league/wnba,{},20260603T195605Z,2026-06-03T19:56:05+00:00,3e170bd2172dd46acf9849a9471931ecdb9f86fd6cecad595a1a1f5f784cf0a9,"[""players""]",204352,Shae Kelley,players_directory,2026-06-03T19:56:08+00:00,20260603T195605Z,0bb46f14982e52517ba27e06be035511a7f4619b8a581de130df4518239f0091
204355,Blake Dietrick,players_directory,wnba,,,/get-all-players-for-league/wnba,{},20260603T195605Z,2026-06-03T19:56:05+00:00,e7df9c976b50191ca142a4dada27e3eb59f506d68beec935920ce791ed2bc943,"[""players""]",204355,Blake Dietrick,players_directory,2026-06-03T19:56:08+00:00,20260603T195605Z,fc2182d7098e6c10fac3db3dc7a164705d653448e6b6c46f137a262a78453553
204362,Jennifer O'Neill,players_directory,wnba,,,/get-all-players-for-league/wnba,{},20260603T195605Z,2026-06-03T19:56:05+00:00,34e6e1f00a097ff61b861ce96746ebbdae74cd0c7620a1e3e87d3367890ebfbd,"[""players""]",204362,Jennifer O'Neill,players_directory,2026-06-03T19:56:08+00:00,20260603T195605Z,4c68f97497f25e15cb0bcd62c717782399d0c4c8c533f74ea1a5ea00ba51bcc8
204365,Erica Wheeler,players_directory,wnba,,,/get-all-players-for-league/wnba,{},20260603T195605Z,2026-06-03T19:56:05+00:00,2e8ad23a0069e9d33beec99b01892c9ee3b8dcae374a1c16590475fb7e227074,"[""players""]",204365,Erica Wheeler,players_directory,2026-06-03T19:56:08+00:00,20260603T195605Z,4ea3274beb72edfd32015112b3d653e2cfe9e3df31bf4eb8d00bb16a8d77d110
204468,Valeriane Ayayi,players_directory,wnba,,,/get-all-players-for-league/wnba,{},20260603T195605Z,2026-06-03T19:56:05+00:00,dfe26989a9650948c905e073263b11578717d0ca3cf20581e957fd1bb23939f7,"[""players""]",204468,Valeriane Ayayi,players_directory,2026-06-03T19:56:08+00:00,20260603T195605Z,159c7a22a58c97c16ec17e9e073873d8917c9ff286fad319c2168c02b7140771
1627635,Carla Cortijo,players_directory,wnba,,,/get-all-players-for-league/wnba,{},20260603T195605Z,2026-06-03T19:56:05+00:00,ff0db438b189fb3f5e8b50dacad42f7ad510115a9b4446b77f016f93ece84b5f,"[""players""]",1627635,Carla Cortijo,players_directory,2026-06-03T19:56:08+00:00,20260603T195605Z,d160fdfc6928d7740ab4185d8ff3f2c78542104290ca0fcbffc8b8ed1d5fc003
1627639,Zoi Dimitrakou,players_directory,wnba,,,/get-all-players-for-league/wnba,{},20260603T195605Z,2026-06-03T19:56:05+00:00,0a5c2386b031473e98cf294d522fee2804bd2dfaeb5a537012a42ab97dbadf38,"[""players""]",1627639,Zoi Dimitrakou,players_directory,2026-06-03T19:56:08+00:00,20260603T195605Z,3e91c25ec99a0198c02a620e0fabcd217eb0df1410bcb0ac78f150a125f66181
1627643,Cyesha Goree,players_directory,wnba,,,/get-all-players-for-league/wnba,{},20260603T195605Z,2026-06-03T19:56:05+00:00,005031d961a4bf9d56eebd72971f755f7c8dd3c30d508297f0819f3660f655af,"[""players""]",1627643,Cyesha Goree,players_directory,2026-06-03T19:56:08+00:00,20260603T195605Z,f5d4bf73851113229293d192a524bda3e00135405f0affdb16b64a237b00e568
1627644,Jelena Dubljevic,players_directory,wnba,,,/get-all-players-for-league/wnba,{},20260603T195605Z,2026-06-03T19:56:05+00:00,297a3a431e886b6fca1864ed5701633717a9e16320bd9ba4d2d3a0b474834648,"[""players""]",1627644,Jelena Dubljevic,players_directory,2026-06-03T19:56:08+00:00,20260603T195605Z,01b2b486d5df1b1369d4dcc82823efe29316c86960fc091c2c1d29e14a7bec78
1627645,Frida Eldebrink,players_directory,wnba,,,/get-all-players-for-league/wnba,{},20260603T195605Z,2026-06-03T19:56:05+00:00,c4e4fd7e08c12bd018ea38ae980f41e48ac1928635a47e1a8d28b494f57663e9,"[""players""]",1627645,Frida Eldebrink,players_directory,2026-06-03T19:56:08+00:00,20260603T195605Z,244849193e4e2091cbfe42e00d2bc267409988a275b6badc5862af335ac78e99
1627648,Evgeniia Belyakova,players_directory,wnba,,,/get-all-players-for-league/wnba,{},20260603T195605Z,2026-06-03T19:56:05+00:00,e91795d3ecf297d3234f88ae90dfcbacad6f75c9b58929e32e875fd6926a302c,"[""players""]",1627648,Evgeniia Belyakova,players_directory,2026-06-03T19:56:08+00:00,20260603T195605Z,16cce081bca383f7fb7e5d9c109b0294da639ab0cb6cc1f7a97c2edf73e476da
1627668,Breanna Stewart,players_directory,wnba,,,/get-all-players-for-league/wnba,{},20260603T195605Z,2026-06-03T19:56:05+00:00,e52b83e9f77d6f43b165171c2636a5af6a3ca3b3117615f63e0e8b4f24d16e37,"[""players""]",1627668,Breanna Stewart,players_directory,2026-06-03T19:56:08+00:00,20260603T195605Z,3141996324c88ae4adb2a9c6476c3342cd682463e60463fa401519d21080b3ca
1627669,Moriah Jefferson,players_directory,wnba,,,/get-all-players-for-league/wnba,{},20260603T195605Z,2026-06-03T19:56:05+00:00,db8139ea0975ac4109f6aa4293e6ac9120c6fec44d9213f18a6f4e47c9fcce06,"[""players""]",1627669,Moriah Jefferson,players_directory,2026-06-03T19:56:08+00:00,20260603T195605Z,5d08358faeb389e984a3550a0aa3ddce7a625d2a08dc711212b36680ab31a35d
1627670,Morgan Tuck,players_directory,wnba,,,/get-all-players-for-league/wnba,{},20260603T195605Z,2026-06-03T19:56:05+00:00,0a2ce2aff85cce92cdc52313ff14b17272655d859aeb509cda22513c8aad1cc0,"[""players""]",1627670,Morgan Tuck,players_directory,2026-06-03T19:56:08+00:00,20260603T195605Z,74efed1a909f69a7e24f796e0b94926de506160b1edd82e3ddf1db3902b3a3ab
1627671,Rachel Banham,players_directory,wnba,,,/get-all-players-for-league/wnba,{},20260603T195605Z,2026-06-03T19:56:05+00:00,011bb8ba0c0530e0bec83fd3f84b17b2f730a3458995e9bd2c695eaa3dc498a8,"[""players""]",1627671,Rachel Banham,players_directory,2026-06-03T19:56:08+00:00,20260603T195605Z,04fa1d27704656788de15a3a9ead54c1ddc473a521f808d7bafe69e50d6c7eb8
1627672,Aerial Powers,players_directory,wnba,,,/get-all-players-for-league/wnba,{},20260603T195605Z,2026-06-03T19:56:05+00:00,20f031ec6a003398b4820e4b300301addbf07dbc26c4c00bf8019a84be16f6f1,"[""players""]",1627672,Aerial Powers,players_directory,2026-06-03T19:56:08+00:00,20260603T195605Z,d029db4087a48c75fa5bbd58b5040533e54a57e666a169e9182a1788b455c365
1627673,Jonquel Jones,players_directory,wnba,,,/get-all-players-for-league/wnba,{},20260603T195605Z,2026-06-03T19:56:05+00:00,14b26ec4bc8411b2e8bde4799079a8a8110cd0e1624b0bb029b6792c4fd3d778,"[""players""]",1627673,Jonquel Jones,players_directory,2026-06-03T19:56:08+00:00,20260603T195605Z,c653aab5fd59c10ca7be7c1223fcfa3ba10effbc9cce0cadb675530c07d1e1d4
1627674,Kahleah Copper,players_directory,wnba,,,/get-all-players-for-league/wnba,{},20260603T195605Z,2026-06-03T19:56:05+00:00,3df5e06cc7b1c6351705eca8c439ae2f6d1e07588e4dbe81a9832d144c5f34b9,"[""players""]",1627674,Kahleah Copper,players_directory,2026-06-03T19:56:08+00:00,20260603T195605Z,d15e555c4c4b0abda7689ee5af8ec65cad6b25698be5ee16b849dcaeb4b7a773
1627675,Courtney Williams,players_directory,wnba,,,/get-all-players-for-league/wnba,{},20260603T195605Z,2026-06-03T19:56:05+00:00,37aa33d6948548492a83af45c27a2908b7a13837f60f94a37220bc145fcdf245,"[""players""]",1627675,Courtney Williams,players_directory,2026-06-03T19:56:08+00:00,20260603T195605Z,a48e38e27b11d33f735389d79271de4d8b5db9fe946d882ba0b9def507a1a74a
1627676,Tiffany Mitchell,players_directory,wnba,,,/get-all-players-for-league/wnba,{},20260603T195605Z,2026-06-03T19:56:05+00:00,edcdd073f9e496e389c06b2c031645e711558d9e6c13f712e2d35419e2390ef2,"[""players""]",1627676,Tiffany Mitchell,players_directory,2026-06-03T19:56:08+00:00,20260603T195605Z,d1640c154e820ba9f27797eef4ded0f3809ff7c72e839940bd5df30a60976936
1627677,Imani McGee-Stafford,players_directory,wnba,,,/get-all-players-for-league/wnba,{},20260603T195605Z,2026-06-03T19:56:05+00:00,52a97dd28e0d99f4bba50cb1dc8e6ef508ca0b5f58a2f7f39e1471ad31630423,"[""players""]",1627677,Imani McGee-Stafford,players_directory,2026-06-03T19:56:08+00:00,20260603T195605Z,ef7092a2d5e937f148deba274e400a4acb781332f6feded45161552a9c3f17d1
1627678,Bria Holmes,players_directory,wnba,,,/get-all-players-for-league/wnba,{},20260603T195605Z,2026-06-03T19:56:05+00:00,7367c72b71ff725a14140e5a204839b4549d65ef06fd336ff75ec6996886c064,"[""players""]",1627678,Bria Holmes,players_directory,2026-06-03T19:56:08+00:00,20260603T195605Z,4be2745bcbb184f141cec2ae5ccac9a562bf0aabe19dbb22c7cb281c0cca0bab
1627679,Adut Bulgak,players_directory,wnba,,,/get-all-players-for-league/wnba,{},20260603T195605Z,2026-06-03T19:56:05+00:00,8b0414db1041afdf6cb111b81f9d8c4695e20268f792aed79fe40fe9986c2fbe,"[""players""]",1627679,Adut Bulgak,players_directory,2026-06-03T19:56:08+00:00,20260603T195605Z,aa1472c776f66da655d4458c18cc84080e891663fad6e54da9d75512fd030712
1627680,Rachel Hollivay,players_directory,wnba,,,/get-all-players-for-league/wnba,{},20260603T195605Z,2026-06-03T19:56:05+00:00,351b9139c7c3ede7853f671ca849bc82f07f2c9d84f5ba187f16fe143416a4b8,"[""players""]",1627680,Rachel Hollivay,players_directory,2026-06-03T19:56:08+00:00,20260603T195605Z,938cf1b2bc293d8cf24bbae388f6da21c11ffa2919cbc352aac78ff0bce9fc04
1627681,Jazmon Gwathmey,players_directory,wnba,,,/get-all-players-for-league/wnba,{},20260603T195605Z,2026-06-03T19:56:05+00:00,2601fe7bd7c075188ee3f67887e0951f2f054486847f7f90ab492e45355e12fc,"[""players""]",1627681,Jazmon Gwathmey,players_directory,2026-06-03T19:56:08+00:00,20260603T195605Z,c82a50540fe8ba912441870154ac651f050f3e8a1450d2813ceffea767ee66ed
1627682,Whitney Knight,players_directory,wnba,,,/get-all-players-for-league/wnba,{},20260603T195605Z,2026-06-03T19:56:05+00:00,33677107e0af7d4bfa23c2987cd52de795fd807d04b74444ca158343ed7b50d9,"[""players""]",1627682,Whitney Knight,players_directory,2026-06-03T19:56:08+00:00,20260603T195605Z,4c82f0aef16539b3807c87f4ebf748bc24c3b545e1095edc821a6f14722d0982
1627684,Jamie Weisner,players_directory,wnba,,,/get-all-players-for-league/wnba,{},20260603T195605Z,2026-06-03T19:56:05+00:00,139915a2b1eb240ca75a83c55062f94db048d501ab90f933dc02d0fe34831d61,"[""players""]",1627684,Jamie Weisner,players_directory,2026-06-03T19:56:08+00:00,20260603T195605Z,7c4435ad676ed12952e610d1f5f9883878c1b98ecb736ff3c2f1ffb8072c91cd
1627685,Ruth Hamblin,players_directory,wnba,,,/get-all-players-for-league/wnba,{},20260603T195605Z,2026-06-03T19:56:05+00:00,fcf4254fc7177bc752cf7dcb7d44efcfa8bc3f9835ce2578fc40c3472bb2dce1,"[""players""]",1627685,Ruth Hamblin,players_directory,2026-06-03T19:56:08+00:00,20260603T195605Z,5ffa66b323a29d06a3ec614e55a4a7dc9cc2619a2eefc317f0ea567fc1d0b353
1627687,Jillian Alleyne,players_directory,wnba,,,/get-all-players-for-league/wnba,{},20260603T195605Z,2026-06-03T19:56:05+00:00,642355483ff45522c88588a815065fbf50d2e40d38396a2929d48f20aaefd922,"[""players""]",1627687,Jillian Alleyne,players_directory,2026-06-03T19:56:08+00:00,20260603T195605Z,06afb878ef25b59583b3852430a95c354e31d232e680b2bc45be82b016641256
1627688,Brene Moseley,players_directory,wnba,,,/get-all-players-for-league/wnba,{},20260603T195605Z,2026-06-03T19:56:05+00:00,59509af979b004a678a8b266eb2308ac0357be6755f6b62187c550db898d1f2e,"[""players""]",1627688,Brene Moseley,players_directory,2026-06-03T19:56:08+00:00,20260603T195605Z,85c99e33768fc1049cead9006af9ebcd3b828d238a6704cc1b16c7a7521e94e9
1627689,Bashaara Graves,players_directory,wnba,,,/get-all-players-for-league/wnba,{},20260603T195605Z,2026-06-03T19:56:05+00:00,7be78f4b448cba035a0aac46bdd89731d4c3b26d821e6372ba1cdec2985be2f7,"[""players""]",1627689,Bashaara Graves,players_directory,2026-06-03T19:56:08+00:00,20260603T195605Z,5942de3c8e5df868a8b61b0b371b3b4c696197db8411ddc7d31fde2aee143460
1627691,Ameryst Alston,players_directory,wnba,,,/get-all-players-for-league/wnba,{},20260603T195605Z,2026-06-03T19:56:05+00:00,898f8a8d5816b2ef72b7075db7d328f39bd38f46edddc0d09ebbc3750d29784c,"[""players""]",1627691,Ameryst Alston,players_directory,2026-06-03T19:56:08+00:00,20260603T195605Z,5de91d09ff94a30db6af0239d0337480ae8e68ccd254d52c2a226ea08c7d9456
1627699,Nirra Fields,players_directory,wnba,,,/get-all-players-for-league/wnba,{},20260603T195605Z,2026-06-03T19:56:05+00:00,97133b1708da7a0f97f31dcec87f0ac4e628b7df38b4030ffaaa7a18c68bdad7,"[""players""]",1627699,Nirra Fields,players_directory,2026-06-03T19:56:08+00:00,20260603T195605Z,9ebab696fd39617464bf7cb0331bf4e1d1aaa498aef5c90324dadb2f871d64c1
1627700,Julie Allemand,players_directory,wnba,,,/get-all-players-for-league/wnba,{},20260603T195605Z,2026-06-03T19:56:05+00:00,9448b05491b5a480d3216d5be5f06ef49790d947f3e6bd604f0398372b1f38f3,"[""players""]",1627700,Julie Allemand,players_directory,2026-06-03T19:56:08+00:00,20260603T195605Z,c98d13af0107112adb00e0bef5d8399fbe634357a1e9e1c434178279d66b58c8
1627701,Temi Fagbenle,players_directory,wnba,,,/get-all-players-for-league/wnba,{},20260603T195605Z,2026-06-03T19:56:05+00:00,7d91feada86eca702bcbfd22282b5727ab7ee89ddf694a3dac0f0163527645e0,"[""players""]",1627701,Temi Fagbenle,players_directory,2026-06-03T19:56:08+00:00,20260603T195605Z,35e8ba0c40ce0e166bbc6070ceb315956c52280def84bab35e3bf32414fd0da6
1627704,Alisia Jenkins,players_directory,wnba,,,/get-all-players-for-league/wnba,{},20260603T195605Z,2026-06-03T19:56:05+00:00,867205c4cc5d5716880bfdab25fb8e7176f72f05cd062ec7b8c6246b723fa588,"[""players""]",1627704,Alisia Jenkins,players_directory,2026-06-03T19:56:08+00:00,20260603T195605Z,e3fb89c0c53669b71a4d1b1d56851ab0807c0ff71b068fd5a3f6bc96c301765d
1628242,Emma Cannon,players_directory,wnba,,,/get-all-players-for-league/wnba,{},20260603T195605Z,2026-06-03T19:56:05+00:00,0bf71788de4de982a27906bf8f3f1cf0b5d6ea58118431e4449fead1464615ef,"[""players""]",1628242,Emma Cannon,players_directory,2026-06-03T19:56:08+00:00,20260603T195605Z,fca86398558b066608f5289ea6bc8a1a9f52608032e5c9b3e03121655bfe0152
1628244,Sami Whitcomb,players_directory,wnba,,,/get-all-players-for-league/wnba,{},20260603T195605Z,2026-06-03T19:56:05+00:00,d9693cc27fbc944c0ff6c8f98e79937ebe45c827ada691f59018e470dda94ff8,"[""players""]",1628244,Sami Whitcomb,players_directory,2026-06-03T19:56:08+00:00,20260603T195605Z,6fa2484f8c40e29092a18e5c650690180533c67947dc9c44ad40bb1c6af84b37
1628248,Nayo Raincock-Ekunwe,players_directory,wnba,,,/get-all-players-for-league/wnba,{},20260603T195605Z,2026-06-03T19:56:05+00:00,06fdb3cbd9c43da435c0e4372b73d230b1dd0886ef42e6db333170fd0021d44e,"[""players""]",1628248,Nayo Raincock-Ekunwe,players_directory,2026-06-03T19:56:08+00:00,20260603T195605Z,58e8d4c7ac55fc50e4ca5fd46edd3b62b9a37fbeec97cdaeae2bee220b44ac6e
1628261,Shao Ting,players_directory,wnba,,,/get-all-players-for-league/wnba,{},20260603T195605Z,2026-06-03T19:56:05+00:00,533606bbd0416b3823f6274016de14a021ef0813ef9ad0cb92eb54c61a50e90e,"[""players""]",1628261,Shao Ting,players_directory,2026-06-03T19:56:08+00:00,20260603T195605Z,6b2d3a17d55432e31b1f8a04cd130219e56cd1330fa0ccaadeddc9a4a54594c6
1628262,Evelyn Akhator,players_directory,wnba,,,/get-all-players-for-league/wnba,{},20260603T195605Z,2026-06-03T19:56:05+00:00,d2d2ab8e20b0ce7f34c00e83d081a771908163d4d6c837bfdcded51dbca8ccd2,"[""players""]",1628262,Evelyn Akhator,players_directory,2026-06-03T19:56:08+00:00,20260603T195605Z,12223704a8a4306c0c78a952fecea85f0f5079cc46dddce1dd5222330c7d1bae
1628263,Lindsay Allen,players_directory,wnba,,,/get-all-players-for-league/wnba,{},20260603T195605Z,2026-06-03T19:56:05+00:00,b613463137d33e7c53eb6198f786c5c26d0035efc27334efd8358e887eeadd11,"[""players""]",1628263,Lindsay Allen,players_directory,2026-06-03T19:56:08+00:00,20260603T195605Z,5bd8291982b6ae63c6680c57a07e2f7d096242755b71499f86dcb996520dc57d
1628265,Sophie Brunner,players_directory,wnba,,,/get-all-players-for-league/wnba,{},20260603T195605Z,2026-06-03T19:56:05+00:00,b7ffa2a484ca4428dab2d9d002656c5fa3192de42a3abecec941c70b9aaa13dc,"[""players""]",1628265,Sophie Brunner,players_directory,2026-06-03T19:56:08+00:00,20260603T195605Z,83bcc51a28e887bec29695827d1803fa3b4de62c77fe6af201126e1c015a43ee
1628267,Saniya Chong,players_directory,wnba,,,/get-all-players-for-league/wnba,{},20260603T195605Z,2026-06-03T19:56:05+00:00,b2cbffcb4ede0f3d228b75bc88d3530daa555baf0f4182236b567aad2c4a024d,"[""players""]",1628267,Saniya Chong,players_directory,2026-06-03T19:56:08+00:00,20260603T195605Z,414b04ebffd45a79355ff51214b49494bf86473b3800123dde6addb59f023b65
1628268,Alaina Coates,players_directory,wnba,,,/get-all-players-for-league/wnba,{},20260603T195605Z,2026-06-03T19:56:05+00:00,cef0a9fab512dd907154c6970ebd8acd4d80211031b160064c5c4bea4894e54b,"[""players""]",1628268,Alaina Coates,players_directory,2026-06-03T19:56:08+00:00,20260603T195605Z,22b0ef7001dd7274f1412eb54570a46cf03d01f0d91bfce887a321189c9d9a6c
1628269,Nia Coffey,players_directory,wnba,,,/get-all-players-for-league/wnba,{},20260603T195605Z,2026-06-03T19:56:05+00:00,9d26b4bb8e7452f838e620a5217b80827a94a23ff0a179b63caf68c6e46aebe1,"[""players""]",1628269,Nia Coffey,players_directory,2026-06-03T19:56:08+00:00,20260603T195605Z,9a882069083dca6be6def57e90f403926ca5154645a4599cb324fadf437a0622
1628273,Kaela Davis,players_directory,wnba,,,/get-all-players-for-league/wnba,{},20260603T195605Z,2026-06-03T19:56:05+00:00,a4151cb4e608f2e141f95b4c9a3b7f61a3a828832f9db598fa2eef7e9dbbe29b,"[""players""]",1628273,Kaela Davis,players_directory,2026-06-03T19:56:08+00:00,20260603T195605Z,735cf37d8f3103a7eaec4a411ec26aea064a2160644eaa46df6d47a86bf6ffe1
1628276,Kelsey Plum,players_directory,wnba,,,/get-all-players-for-league/wnba,{},20260603T195605Z,2026-06-03T19:56:05+00:00,b1d3903b50265e710a83a9609400c4923e87a82014c10cc53cd87227b3710cf4,"[""players""]",1628276,Kelsey Plum,players_directory,2026-06-03T19:56:08+00:00,20260603T195605Z,ea612631c7d94fad183062af6bf14bf7eff548460a3da93cd37e88b49b390328
1628277,Allisha Gray,players_directory,wnba,,,/get-all-players-for-league/wnba,{},20260603T195605Z,2026-06-03T19:56:05+00:00,aae73643c6ab2b0c6c9dd59a4951aee1ccd740302e994823b7fb877151846296,"[""players""]",1628277,Allisha Gray,players_directory,2026-06-03T19:56:08+00:00,20260603T195605Z,d711fa17afbbfe82ac075d39d47c21f7b3e79e5c1b385bdc832be11b73edf4e4
1628278,Shatori Walker-Kimbrough,players_directory,wnba,,,/get-all-players-for-league/wnba,{},20260603T195605Z,2026-06-03T19:56:05+00:00,4cfbfa4f8161a4c7a7858ce6b7a40ad1ab798093445fe2208a12bb5d677bb3e4,"[""players""]",1628278,Shatori Walker-Kimbrough,players_directory,2026-06-03T19:56:08+00:00,20260603T195605Z,176607c4e4efa0bd87794236f76c74eeaa6a06216642baee5ed1b93f674d1807
1628279,Brittney Sykes,players_directory,wnba,,,/get-all-players-for-league/wnba,{},20260603T195605Z,2026-06-03T19:56:05+00:00,d1cf43ea7caa93e251081823fc7ab90ac2ddbb516f07054b074a3cc80ede014d,"[""players""]",1628279,Brittney Sykes,players_directory,2026-06-03T19:56:08+00:00,20260603T195605Z,d90a6fcbe6e4f8873a9faeb1e42690177f3ffd5a2652f1b5652e3ef9c2c0ff42
1628280,Brionna Jones,players_directory,wnba,,,/get-all-players-for-league/wnba,{},20260603T195605Z,2026-06-03T19:56:05+00:00,d69b2201ed8550714d1c103e8d5e72e6ae3fa4f798f12f205b03d31f74e414e2,"[""players""]",1628280,Brionna Jones,players_directory,2026-06-03T19:56:08+00:00,20260603T195605Z,a181cca28816df479bc1cd4cb0ed5fb96573dc5b8504bd694afcf7497d16a281
1628282,Sydney Wiese,players_directory,wnba,,,/get-all-players-for-league/wnba,{},20260603T195605Z,2026-06-03T19:56:05+00:00,f22847c907bf98fb5d011114ced9f5439cc2ef124235f16b2bfbb5fdfe430403,"[""players""]",1628282,Sydney Wiese,players_directory,2026-06-03T19:56:08+00:00,20260603T195605Z,5a7e7f42b6ed479e1b2e86f691604956868e1d4127a030daac70a512372183d7
1628283,Alexis Jones,players_directory,wnba,,,/get-all-players-for-league/wnba,{},20260603T195605Z,2026-06-03T19:56:05+00:00,8e409a31d8620b2cad104b208302de8865e8aec7eb17e3cfa189c4d554c6bbcf,"[""players""]",1628283,Alexis Jones,players_directory,2026-06-03T19:56:08+00:00,20260603T195605Z,86d2b1d2e97e0c656fbc70a96ca8645625bacfb625d5bd215d06b11a585be7b3
1628284,Alexis Peterson,players_directory,wnba,,,/get-all-players-for-league/wnba,{},20260603T195605Z,2026-06-03T19:56:05+00:00,8e780d1c663bd137ff005a4abc32c55b4ccdc799170ad783ea5855e888661072,"[""players""]",1628284,Alexis Peterson,players_directory,2026-06-03T19:56:08+00:00,20260603T195605Z,1e1c6f52de38db7352dec0ab4080deb4818ae2bdf0b9d49e84500e54b901da15
1628285,Leticia Romero,players_directory,wnba,,,/get-all-players-for-league/wnba,{},20260603T195605Z,2026-06-03T19:56:05+00:00,1f0d997b0c135e1a297e77dbbd5ebfb7a17ff3281054e3d1f175d8688a48497a,"[""players""]",1628285,Leticia Romero,players_directory,2026-06-03T19:56:08+00:00,20260603T195605Z,1568dfa9c4044d109aefd7cabcacc5f00202db0d25e01da36c08885f234f0870
1628286,Erica McCall,players_directory,wnba,,,/get-all-players-for-league/wnba,{},20260603T195605Z,2026-06-03T19:56:05+00:00,6913d0f5fadc62004649db558d656b8570a483804742690e4084a87995cc05a7,"[""players""]",1628286,Erica McCall,players_directory,2026-06-03T19:56:08+00:00,20260603T195605Z,31261ba46bdbc6811515545d3e7a0bf9be3afa2fcc4d4542e468884dbde7dbc2
1628287,Jennie Simms,players_directory,wnba,,,/get-all-players-for-league/wnba,{},20260603T195605Z,2026-06-03T19:56:05+00:00,cf4248c151f45a15f279862f968cf689b38d1c773f31dd27cc71cfea94d5825c,"[""players""]",1628287,Jennie Simms,players_directory,2026-06-03T19:56:08+00:00,20260603T195605Z,a1dddd9c43efa2d8ed8068d1e3284678d5ea51ec8085de18831cdd5bf23a78d3
1628289,Feyonda Fitzgerald,players_directory,wnba,,,/get-all-players-for-league/wnba,{},20260603T195605Z,2026-06-03T19:56:05+00:00,7b8cd2e86abf472241769dc7dbda17ed6068310660302932467c62b1642658a2,"[""players""]",1628289,Feyonda Fitzgerald,players_directory,2026-06-03T19:56:08+00:00,20260603T195605Z,8c166e9ab88b5cf8bfff650dcd178d2f3e1808dfc22a7f730464d539a4f5d227
1628292,Breanna Lewis,players_directory,wnba,,,/get-all-players-for-league/wnba,{},20260603T195605Z,2026-06-03T19:56:05+00:00,156def59616d1bf49d6181e31088e3d84e3a5834606619140eb74162dd8a1f01,"[""players""]",1628292,Breanna Lewis,players_directory,2026-06-03T19:56:08+00:00,20260603T195605Z,b858acf4b0b1e59d2585e70c4819b0c25a2ae40c391efab85650ecbcadf91379
1628297,Alexis Prince,players_directory,wnba,,,/get-all-players-for-league/wnba,{},20260603T195605Z,2026-06-03T19:56:05+00:00,69464204eddb272333980874229c5a005d8526e3dc42eff731023ec85098d186,"[""players""]",1628297,Alexis Prince,players_directory,2026-06-03T19:56:08+00:00,20260603T195605Z,8c6528a74ce65ef7cd9714a990cc3893c8be1382eb41976df34deee93501d171
1628298,Lanay Montgomery,players_directory,wnba,,,/get-all-players-for-league/wnba,{},20260603T195605Z,2026-06-03T19:56:05+00:00,07536e5f37072df5aac76be39209a8ffa3cbb6c57680e9ce16447ac8d29580ad,"[""players""]",1628298,Lanay Montgomery,players_directory,2026-06-03T19:56:08+00:00,20260603T195605Z,1730e2f116b50851ae4e2ed4c8ecc8f370c5dd17e68f327a99faee784f5b2384
1628300,Makayla Epps,players_directory,wnba,,,/get-all-players-for-league/wnba,{},20260603T195605Z,2026-06-03T19:56:05+00:00,67efb0d52b9205efb63c5e36c22b1b2d0de10a638c325b059d9acb21bba9e1c5,"[""players""]",1628300,Makayla Epps,players_directory,2026-06-03T19:56:08+00:00,20260603T195605Z,7b637c13f6cc9cff33e5effcf36e6f666010d21ac4da0628882cdfc68b87acd7
1628304,Yvonne Anderson,players_directory,wnba,,,/get-all-players-for-league/wnba,{},20260603T195605Z,2026-06-03T19:56:05+00:00,a20a0ac4328b25576a358f34d00e457a9243ddeacf0f0a4255c5f47c7843cf02,"[""players""]",1628304,Yvonne Anderson,players_directory,2026-06-03T19:56:08+00:00,20260603T195605Z,bd9d222a689db606f0552cdc7d56b354f33298a52f30f222df7406d91c94188c
1628317,Karlie Samuelson,players_directory,wnba,,,/get-all-players-for-league/wnba,{},20260603T195605Z,2026-06-03T19:56:05+00:00,70018361039024beffeee449739aa8f19f285d30ab60b8a2a412cc99f4dbad92,"[""players""]",1628317,Karlie Samuelson,players_directory,2026-06-03T19:56:08+00:00,20260603T195605Z,3feac89b74c580274fdffeda1702f1e2db5280329e29d1980cc3627a91e1a8d5
1628327,Adaora Elonu,players_directory,wnba,,,/get-all-players-for-league/wnba,{},20260603T195605Z,2026-06-03T19:56:05+00:00,6ca0f2eaa7696edda83417fb8dc1c0d6b64603c24b99e030bac2fa7ae85d3806,"[""players""]",1628327,Adaora Elonu,players_directory,2026-06-03T19:56:08+00:00,20260603T195605Z,5631c23ed043050da908948a02c01ee4030a743b64839dcaae0e2572341791f8
1628358,Maimouna Diarra,players_directory,wnba,,,/get-all-players-for-league/wnba,{},20260603T195605Z,2026-06-03T19:56:05+00:00,19e01f7d6f3d7dffee004a840df9727c893e2535fe9aa12ac20efb1f8bc463f3,"[""players""]",1628358,Maimouna Diarra,players_directory,2026-06-03T19:56:08+00:00,20260603T195605Z,f68559eea206008173012236e2dc2c3d1ebd137a396fd46b293655a43fbe34c6
1628508,Cecilia Zandalasini,players_directory,wnba,,,/get-all-players-for-league/wnba,{},20260603T195605Z,2026-06-03T19:56:05+00:00,33f611ccc525ad99d5288e3fa08a8a108ca76b5953b4d607c8218611e55e3c0a,"[""players""]",1628508,Cecilia Zandalasini,players_directory,2026-06-03T19:56:08+00:00,20260603T195605Z,b9ca4da5cffe9dbd37206ddf3ecd5ed410bc9547f9e59ae548dc8f1b8cda7e64
1628866,Endy Miyem,players_directory,wnba,,,/get-all-players-for-league/wnba,{},20260603T195605Z,2026-06-03T19:56:05+00:00,236bdc80e72cc7bf431c35ac88a928e8fb146e6158ce497e14280dae14c112c4,"[""players""]",1628866,Endy Miyem,players_directory,2026-06-03T19:56:08+00:00,20260603T195605Z,6fd2885098307d20e867aa8df19425356aca0e1bb968da21575de744fc7ca4a6
1628868,Hind Ben Abdelkader,players_directory,wnba,,,/get-all-players-for-league/wnba,{},20260603T195605Z,2026-06-03T19:56:05+00:00,f8cd2b5986553ae73f0326dc7589a457f9b9420055013acb907556e5450f37b5,"[""players""]",1628868,Hind Ben Abdelkader,players_directory,2026-06-03T19:56:08+00:00,20260603T195605Z,26ab397a4aade13b008ec0ebcf0161c2e7444a9fe0e400bc889326f8008d05aa
1628878,Ariel Atkins,players_directory,wnba,,,/get-all-players-for-league/wnba,{},20260603T195605Z,2026-06-03T19:56:05+00:00,c5a3a6754fa6f041b968913a5492ed59635873956f2d238ebccc83113d696c4d,"[""players""]",1628878,Ariel Atkins,players_directory,2026-06-03T19:56:08+00:00,20260603T195605Z,426baece7a4aedc0e24302a45233c07d0482d5f97e0cf5377744a4c4842c36a4
1628881,Monique Billings,players_directory,wnba,,,/get-all-players-for-league/wnba,{},20260603T195605Z,2026-06-03T19:56:05+00:00,c0363f675d661376a15624238e7d3ae205ae4195177fc763aaed736feec31876,"[""players""]",1628881,Monique Billings,players_directory,2026-06-03T19:56:08+00:00,20260603T195605Z,07e45b478f1c61d9e029cd4c46ea3999f210c11fe714d5a73128c961e0532b2a
1628882,Lexie Brown,players_directory,wnba,,,/get-all-players-for-league/wnba,{},20260603T195605Z,2026-06-03T19:56:05+00:00,ac6d3e07612ae8ac1a5f72f7b0c87f50ebb601fb183c77a06b44ef5879f8d46d,"[""players""]",1628882,Lexie Brown,players_directory,2026-06-03T19:56:08+00:00,20260603T195605Z,c66194ca0d317c66e674bed435c87ff29ac6c813b7eb9694a925e5e19f0f3311
1628886,Jordin Canada,players_directory,wnba,,,/get-all-players-for-league/wnba,{},20260603T195605Z,2026-06-03T19:56:05+00:00,8006276247e81969198dbab5a7bee2f6b5ac81b10e7d1621d3066e2de284f575,"[""players""]",1628886,Jordin Canada,players_directory,2026-06-03T19:56:08+00:00,20260603T195605Z,959f0fb59600d4eabd5a9374d595981db510cedd80521d2b9a0d41eebfde79c9
1628890,Diamond DeShields,players_directory,wnba,,,/get-all-players-for-league/wnba,{},20260603T195605Z,2026-06-03T19:56:05+00:00,3d617324fda823531479518671cbfc0f5e08f842ebef62eba824de8368ee57e3,"[""players""]",1628890,Diamond DeShields,players_directory,2026-06-03T19:56:08+00:00,20260603T195605Z,c744950f9ceb37f4959e50447e7e879fb915197aa170d226373ffa4c322b8e31
1628895,Marie Gülich,players_directory,wnba,,,/get-all-players-for-league/wnba,{},20260603T195605Z,2026-06-03T19:56:05+00:00,c3885aeeb4786f7c0bbccf81b6d9f56b95a40a7cf68c5c68776c00f40357d85c,"[""players""]",1628895,Marie Gülich,players_directory,2026-06-03T19:56:08+00:00,20260603T195605Z,838740f7226caee799ba790ee803881cd1f8fc8ff9eb5775fd7505212b849940
1628897,Linnae Harper,players_directory,wnba,,,/get-all-players-for-league/wnba,{},20260603T195605Z,2026-06-03T19:56:05+00:00,10154b6dccd507fde2dafe24326f06543045f617f1e908e4324d38a2f81836f7,"[""players""]",1628897,Linnae Harper,players_directory,2026-06-03T19:56:08+00:00,20260603T195605Z,c74d5dccdd0e41dc0ac4f5f22202a982cf3b3e1ec8198d20fedfbe3a7fa4a451
1628899,Myisha Hines-Allen,players_directory,wnba,,,/get-all-players-for-league/wnba,{},20260603T195605Z,2026-06-03T19:56:05+00:00,601997b9d83dc921f1ea25f584f4aa1af1a3cc4e12d2b36f341610106874dd40,"[""players""]",1628899,Myisha Hines-Allen,players_directory,2026-06-03T19:56:08+00:00,20260603T195605Z,a846396efbb1922c19cdc2614e7f8fc10faf11e98792649d6477341424a88ad4
1628905,Raigyne Louis,players_directory,wnba,,,/get-all-players-for-league/wnba,{},20260603T195605Z,2026-06-03T19:56:05+00:00,a2ef5044eb7ae350d3acd40247a935aa4c5d73b1852d2e558e30ce6b9caa6fba,"[""players""]",1628905,Raigyne Louis,players_directory,2026-06-03T19:56:08+00:00,20260603T195605Z,7d539362f7522eac43c5577cd80a6c7839827b391b8b489d8d0503f7097e6443
1628906,Stephanie Mavunga,players_directory,wnba,,,/get-all-players-for-league/wnba,{},20260603T195605Z,2026-06-03T19:56:05+00:00,de615353bedf811278b428d92fec1fa7583f4d190be41ae1c9aba87209e80046,"[""players""]",1628906,Stephanie Mavunga,players_directory,2026-06-03T19:56:08+00:00,20260603T195605Z,60e992849f8daa4188905b5fc8da789e08b8d986ad27d465fe112bc17c2a5793
1628907,Brooke McCarty-Williams,players_directory,wnba,,,/get-all-players-for-league/wnba,{},20260603T195605Z,2026-06-03T19:56:05+00:00,769a992bbf84408e61820ca03db77cca09bb2a8ef2d45b2c0745846e446efb81,"[""players""]",1628907,Brooke McCarty-Williams,players_directory,2026-06-03T19:56:08+00:00,20260603T195605Z,1bb69e8924b6e2f82fef852621d4b506bd662cf91dd1b7cc1e048ea329f13943
1628909,Kelsey Mitchell,players_directory,wnba,,,/get-all-players-for-league/wnba,{},20260603T195605Z,2026-06-03T19:56:05+00:00,8bfa2dddf13c96bffcc06203f71cfb26991fb4293e60405a24ac2daad9cf503e,"[""players""]",1628909,Kelsey Mitchell,players_directory,2026-06-03T19:56:08+00:00,20260603T195605Z,13c946c2b23d2034ac2369664d1a3b3b4b864780c0ea6f20388eb61e522dfbb3
1628911,Teana Muldrow,players_directory,wnba,,,/get-all-players-for-league/wnba,{},20260603T195605Z,2026-06-03T19:56:05+00:00,5eb8110927e237d3512748ae63df4373730da64d2e8f592648d6ca0c8f38e2a1,"[""players""]",1628911,Teana Muldrow,players_directory,2026-06-03T19:56:08+00:00,20260603T195605Z,129d1673743d068a231785b940eb215f22f630e502defedaa55a39ba87458c82
1628913,Jaime Nared,players_directory,wnba,,,/get-all-players-for-league/wnba,{},20260603T195605Z,2026-06-03T19:56:05+00:00,ff0088e00ec54afff8e71d1ba87d989336091244af616b8f1384b7ba42fab6ff,"[""players""]",1628913,Jaime Nared,players_directory,2026-06-03T19:56:08+00:00,20260603T195605Z,0f199ed64aded225610582ee550bee7322e52bc90160c7ebd3fcab87f65e029a
1628915,Kia Nurse,players_directory,wnba,,,/get-all-players-for-league/wnba,{},20260603T195605Z,2026-06-03T19:56:05+00:00,00e69d8094f6ae4525665cf57b1b0249dc14952f28132c8d29bc92656b7924d0,"[""players""]",1628915,Kia Nurse,players_directory,2026-06-03T19:56:08+00:00,20260603T195605Z,181c841b168edd9ebe592b5045645011384d7827cd41eb4a7006a1cf287ef2a5
1628917,JiSu Park,players_directory,wnba,,,/get-all-players-for-league/wnba,{},20260603T195605Z,2026-06-03T19:56:05+00:00,12b8e975977ae3e1d0ea443b0deaee70a8dc90e5f9e03ff27aa9492aa3753e14,"[""players""]",1628917,JiSu Park,players_directory,2026-06-03T19:56:08+00:00,20260603T195605Z,085b6cc5d3e3306ec7fd63336a71cf686c1817012b3d47cf84fc7096da18a374
1628920,Mercedes Russell,players_directory,wnba,,,/get-all-players-for-league/wnba,{},20260603T195605Z,2026-06-03T19:56:05+00:00,e7a8924fe97337a09bbca76a89bb8b5a6fd7555f43e6ecd5d90e96318b0dfebc,"[""players""]",1628920,Mercedes Russell,players_directory,2026-06-03T19:56:08+00:00,20260603T195605Z,d0e8a38efaf162a778d790c4a1754b1db7cf1aad09aba4bef8f28eab3aa595da
1628922,Azurá Stevens,players_directory,wnba,,,/get-all-players-for-league/wnba,{},20260603T195605Z,2026-06-03T19:56:05+00:00,57297c86d7f4d12e6c908c30d1293ebe88f1efd25bb648aaa9b8055ebc16297f,"[""players""]",1628922,Azurá Stevens,players_directory,2026-06-03T19:56:08+00:00,20260603T195605Z,83a215dcfe97ec82a1ab4b95354a4df82ffd76e2072fe4436ce7296259a1c764
1628926,Maria Kliundikova,players_directory,wnba,,,/get-all-players-for-league/wnba,{},20260603T195605Z,2026-06-03T19:56:05+00:00,7de940b173ee28ab567ebdb077b5adb89781646b258ba0dd73b32b4d4dfe956e,"[""players""]",1628926,Maria Kliundikova,players_directory,2026-06-03T19:56:08+00:00,20260603T195605Z,cd0400e931a9a26d2f8b6a06cc734016a3eac9e4e36659cb903100f32a72c20e
1628927,Victoria Vivians,players_directory,wnba,,,/get-all-players-for-league/wnba,{},20260603T195605Z,2026-06-03T19:56:05+00:00,0d9c5d3b26569cf190ce7d047be75fc781af9083b314816be552e47851cecb34,"[""players""]",1628927,Victoria Vivians,players_directory,2026-06-03T19:56:08+00:00,20260603T195605Z,24364daa8f5c286437eb00c95d80f47735c59f302e636ffe67c50029f53e1de7
1628929,Kristy Wallace,players_directory,wnba,,,/get-all-players-for-league/wnba,{},20260603T195605Z,2026-06-03T19:56:05+00:00,ae931ad6ea0b1606557d43d786315da35943b28a56e60d9f4013ed8abfec463e,"[""players""]",1628929,Kristy Wallace,players_directory,2026-06-03T19:56:08+00:00,20260603T195605Z,25bf566a202a9755a0b61a759ad41c0c0c1047b9ddc3713c6b93612d0e33385f
1628931,Gabby Williams,players_directory,wnba,,,/get-all-players-for-league/wnba,{},20260603T195605Z,2026-06-03T19:56:05+00:00,c8c409a18ddecc8429b4dc504dd20ba40ce7bc6fade5da57a4a607bd13ee4982,"[""players""]",1628931,Gabby Williams,players_directory,2026-06-03T19:56:08+00:00,20260603T195605Z,e9f5983f726dfc24f1c68b8444e120513a62824a6fcf664534adf3fe88a7c60d
1628932,A'ja Wilson,players_directory,wnba,,,/get-all-players-for-league/wnba,{},20260603T195605Z,2026-06-03T19:56:05+00:00,2064bfdf672dd3df58069746faf61467a324c4d654d9b90de69411ece99f3976,"[""players""]",1628932,A'ja Wilson,players_directory,2026-06-03T19:56:08+00:00,20260603T195605Z,1614e840761bd850e5115deb1fc8b68a1300986594dc9a739f19d8ce3bb33a83
1628933,Imani Wright,players_directory,wnba,,,/get-all-players-for-league/wnba,{},20260603T195605Z,2026-06-03T19:56:05+00:00,6860b2d36b634d5058ce7c22c00fc340932fa94d320626c506a5b2fcacbfea08,"[""players""]",1628933,Imani Wright,players_directory,2026-06-03T19:56:08+00:00,20260603T195605Z,0f8061de3ebbe09c55b7a86ad2d596f40874dd33f0b762a5cefb95679d9e9ed2
1628949,Khaalia Hillsman,players_directory,wnba,,,/get-all-players-for-league/wnba,{},20260603T195605Z,2026-06-03T19:56:05+00:00,48ad998a806191f85ef562c25143364048987245ddbf60ea10c590f3ba12f472,"[""players""]",1628949,Khaalia Hillsman,players_directory,2026-06-03T19:56:08+00:00,20260603T195605Z,53c414d8efbd952636424d5e79ee9acf87b787a37abf3ebde9aa693c91075ed8
1628957,Kathryn Westbeld,players_directory,wnba,,,/get-all-players-for-league/wnba,{},20260603T195605Z,2026-06-03T19:56:05+00:00,e3945156e90cb9cbe946ed6033dd371ebad4fcb4de2f62707a0f0ad747a27da6,"[""players""]",1628957,Kathryn Westbeld,players_directory,2026-06-03T19:56:08+00:00,20260603T195605Z,46de34d5eb40d046af61d324112721e1f3a8fa560b7de7ecbd0f5c67f861ba93
1629470,Kim Mestdagh,players_directory,wnba,,,/get-all-players-for-league/wnba,{},20260603T195605Z,2026-06-03T19:56:05+00:00,f310ae1b597c473dd540cd9901eea095fea26260b143473e11a4f7e156c0c154,"[""players""]",1629470,Kim Mestdagh,players_directory,2026-06-03T19:56:08+00:00,20260603T195605Z,9bed9bfbecf40818bdd6bd2da6c6d0c0fcf143a743197fb4cac567ab49dd9493
1629476,Asia (AD) Durr,players_directory,wnba,,,/get-all-players-for-league/wnba,{},20260603T195605Z,2026-06-03T19:56:05+00:00,8bda3f14ec0ed5d83b8b1251c105a26e417032ba65975c49fbd23d49b2fba65f,"[""players""]",1629476,Asia (AD) Durr,players_directory,2026-06-03T19:56:08+00:00,20260603T195605Z,181db6134c0b84280627bffee2c2b607a6b9efe4f5aee2f5c0fa577d29988d6d
1629477,Sabrina Ionescu,players_directory,wnba,,,/get-all-players-for-league/wnba,{},20260603T195605Z,2026-06-03T19:56:05+00:00,28b0ba89f99b4ce1a037664256884fea2f9326d611b4f5eefe00d611f78d789a,"[""players""]",1629477,Sabrina Ionescu,players_directory,2026-06-03T19:56:08+00:00,20260603T195605Z,c9e7c9b6e6401160093edc313fd684b9264cadeb01f00e5cf1ce4a7937ae67ac
1629478,Katie Lou Samuelson,players_directory,wnba,,,/get-all-players-for-league/wnba,{},20260603T195605Z,2026-06-03T19:56:05+00:00,55a2b76e27f2011407d14fac209f6e40b04b779baf6b8e5f4680c2bc0465994d,"[""players""]",1629478,Katie Lou Samuelson,players_directory,2026-06-03T19:56:08+00:00,20260603T195605Z,0ead6841137034578152c2094cacc3667b8b270929fce24e25805a11c9440cf3
1629479,Teaira McCowan,players_directory,wnba,,,/get-all-players-for-league/wnba,{},20260603T195605Z,2026-06-03T19:56:05+00:00,3206f4781012d1f1b1b1b44f0f3a3967569e866b343c106d56c684ecf2af505c,"[""players""]",1629479,Teaira McCowan,players_directory,2026-06-03T19:56:08+00:00,20260603T195605Z,69a9a99752883e989b10fbe495011f6baf33a07e1d3d06386b67d6866d7a524a
1629480,Kalani Brown,players_directory,wnba,,,/get-all-players-for-league/wnba,{},20260603T195605Z,2026-06-03T19:56:05+00:00,a82928acee3ebb42188d89ef1b3cb7ecbee537fa7313b981be2dc9e556131ebc,"[""players""]",1629480,Kalani Brown,players_directory,2026-06-03T19:56:08+00:00,20260603T195605Z,dce5a3a84fba0fce0c45674078add4af20ac181506a61edc4dfcbbb474f55593
1629481,Arike Ogunbowale,players_directory,wnba,,,/get-all-players-for-league/wnba,{},20260603T195605Z,2026-06-03T19:56:05+00:00,9d98cb08288263388d639c74020711f7ac83e2c89c769bb7e04839109d3250bf,"[""players""]",1629481,Arike Ogunbowale,players_directory,2026-06-03T19:56:08+00:00,20260603T195605Z,40dde9bc1094335f7435ce44eea751ca94c2616924210cef5964063d0fdfa2c5
1629482,Sophie Cunningham,players_directory,wnba,,,/get-all-players-for-league/wnba,{},20260603T195605Z,2026-06-03T19:56:05+00:00,10e3e883b9cd29d55946e6f6847e4b64d97253e128c38a4b1777007610134bd9,"[""players""]",1629482,Sophie Cunningham,players_directory,2026-06-03T19:56:08+00:00,20260603T195605Z,ed49a40e17363723d852cce35e0a341a8e8dd0cfdc34a837378d789d8f772817
1629483,Napheesa Collier,players_directory,wnba,,,/get-all-players-for-league/wnba,{},20260603T195605Z,2026-06-03T19:56:05+00:00,9170b1ba74ceda3fe284732b1bf67866b1f24c9ddee279facd7b7a448b40947a,"[""players""]",1629483,Napheesa Collier,players_directory,2026-06-03T19:56:08+00:00,20260603T195605Z,787884045af38af260e412489771cf79abaedada5d971cb83b503156e02b4b4f
1629484,Megan Gustafson,players_directory,wnba,,,/get-all-players-for-league/wnba,{},20260603T195605Z,2026-06-03T19:56:05+00:00,7e2d20b0531548bd9b428d5bf173618c067505e8f26c0952568cbe23a85bfe9e,"[""players""]",1629484,Megan Gustafson,players_directory,2026-06-03T19:56:08+00:00,20260603T195605Z,f227f9e910117f9dd66d318a298cf2b5f985ea6b9d00ed7c11a51777f8b12688
1629485,Kristine Anigwe,players_directory,wnba,,,/get-all-players-for-league/wnba,{},20260603T195605Z,2026-06-03T19:56:05+00:00,1c698c753c35db07c7d5a0773a245ebfe019432f894beecbc9dc7806fade2b5a,"[""players""]",1629485,Kristine Anigwe,players_directory,2026-06-03T19:56:08+00:00,20260603T195605Z,9c9c54869740a0e24b4aa23164628bba5118b3efbfb1595b856a52c958fee53e
1629488,Brianna Turner,players_directory,wnba,,,/get-all-players-for-league/wnba,{},20260603T195605Z,2026-06-03T19:56:05+00:00,6bb2200ad0109416196e9cae2ef0570e1dec1a6931d11cafa1dfc1b6d684672c,"[""players""]",1629488,Brianna Turner,players_directory,2026-06-03T19:56:08+00:00,20260603T195605Z,678288a76f119bf1b5e01a391fdfe595d95ada2e11fd3677c77db42fc968418e
1629490,Kitija Laksa,players_directory,wnba,,,/get-all-players-for-league/wnba,{},20260603T195605Z,2026-06-03T19:56:05+00:00,1152f48a9440e63cd3e7d37c8b7c1b0f8dcd974636493def1427af089290b7b1,"[""players""]",1629490,Kitija Laksa,players_directory,2026-06-03T19:56:08+00:00,20260603T195605Z,79852b083c5285650039a31610954ea3bc518bd9c5521ceac771d2a396633adb
1629491,Jessica Shepard,players_directory,wnba,,,/get-all-players-for-league/wnba,{},20260603T195605Z,2026-06-03T19:56:05+00:00,4741aa43df1502bd1e43d142281c794d30d272920a388d86e47a32aef6c35226,"[""players""]",1629491,Jessica Shepard,players_directory,2026-06-03T19:56:08+00:00,20260603T195605Z,2636da375aeeb5893cb17a32f3020e35af015b50dd26d76963830119b687bc3e
1629492,Beatrice Mompremier,players_directory,wnba,,,/get-all-players-for-league/wnba,{},20260603T195605Z,2026-06-03T19:56:05+00:00,09a16facf2eeea1b04a6ef176ab1f6bf6d3238701e9d88e32b72880d53aed173,"[""players""]",1629492,Beatrice Mompremier,players_directory,2026-06-03T19:56:08+00:00,20260603T195605Z,ae54390dd624d82d499bbefb0351f021d258b4a4f4153f9dc20ed7b9915a4c3f
1629495,Kenisha Bell,players_directory,wnba,,,/get-all-players-for-league/wnba,{},20260603T195605Z,2026-06-03T19:56:05+00:00,7a8558faa64242f8d692569013e58b6739b923ca48808fe9cae627ca53445e6d,"[""players""]",1629495,Kenisha Bell,players_directory,2026-06-03T19:56:08+00:00,20260603T195605Z,66e541769d7c57692a39170f5c9a497124d655b86b325347e7cb63fb9bd0b220
1629496,Ezi Magbegor,players_directory,wnba,,,/get-all-players-for-league/wnba,{},20260603T195605Z,2026-06-03T19:56:05+00:00,c155b76b4ab3e8591dd7e91db3b079b9872b291eebf7e542b36176abafae65e2,"[""players""]",1629496,Ezi Magbegor,players_directory,2026-06-03T19:56:08+00:00,20260603T195605Z,07f15bc819fc73b69274aaeb3704501bde7865e2591659083dc397c8c19e1c62
1629497,Marina Mabrey,players_directory,wnba,,,/get-all-players-for-league/wnba,{},20260603T195605Z,2026-06-03T19:56:05+00:00,27abc2c5f096b0eae4bcbaf81ad1cfe5d2aacf7a03bf2d0cbaf8d33ae73ffb0f,"[""players""]",1629497,Marina Mabrey,players_directory,2026-06-03T19:56:08+00:00,20260603T195605Z,3701ed44d0124b94d11a9c91a5460d203046082ce8b5c7d31b5bfee4ea63609d
1629498,Jackie Young,players_directory,wnba,,,/get-all-players-for-league/wnba,{},20260603T195605Z,2026-06-03T19:56:05+00:00,d87973fc918db0a9f56662a9128df1949ee679f84724b5d69c34240f787541d5,"[""players""]",1629498,Jackie Young,players_directory,2026-06-03T19:56:08+00:00,20260603T195605Z,b4c791b8082b53b131d723e674885c5f065e451d34453741053c569cfb38f9ef
1629500,Anriel Howard,players_directory,wnba,,,/get-all-players-for-league/wnba,{},20260603T195605Z,2026-06-03T19:56:05+00:00,e12eef4bb0fea769a2549b52c936fcf5d4d3a86257a70b666aded1a1ea44da1d,"[""players""]",1629500,Anriel Howard,players_directory,2026-06-03T19:56:08+00:00,20260603T195605Z,f436e09b4972fc7cedad549bf8e081d2966d5584c71cba3b910e2e2c898a2a5e
1629501,Alanna Smith,players_directory,wnba,,,/get-all-players-for-league/wnba,{},20260603T195605Z,2026-06-03T19:56:05+00:00,d2059caad2119197eb72d5198df0d3c61bbd7ea3542a8aa0fcbafb59d800cd37,"[""players""]",1629501,Alanna Smith,players_directory,2026-06-03T19:56:08+00:00,20260603T195605Z,fd348a15a5f21bd7bdff1c1508bd1141dec52dd37fb436d6a4c5aa8068724beb
1629502,Paris Kea,players_directory,wnba,,,/get-all-players-for-league/wnba,{},20260603T195605Z,2026-06-03T19:56:05+00:00,d851dcf78ee4b74784dc026d837b9628d9db152343163c2923a4a0485f98cf3f,"[""players""]",1629502,Paris Kea,players_directory,2026-06-03T19:56:08+00:00,20260603T195605Z,70c7b9709d634dcfe046f6ac97cc91034fe3f31db719605f045055cdbabe9339
1629505,Chloe Jackson,players_directory,wnba,,,/get-all-players-for-league/wnba,{},20260603T195605Z,2026-06-03T19:56:05+00:00,0e1d1fd7c8238e9daa19e3aeb177bbd1671f96470726f9f0501be83411e6b095,"[""players""]",1629505,Chloe Jackson,players_directory,2026-06-03T19:56:08+00:00,20260603T195605Z,1bd20edcf152cbb23f7267664706f4b9ee104fc1140be913f1d7d76a336e9051
1629506,Kiara Leslie,players_directory,wnba,,,/get-all-players-for-league/wnba,{},20260603T195605Z,2026-06-03T19:56:05+00:00,708101e6c50cbfa3dff3e77f256bc225533ff1cb05f4d73fa3a34794f3c5052e,"[""players""]",1629506,Kiara Leslie,players_directory,2026-06-03T19:56:08+00:00,20260603T195605Z,dacabb6c85ece4fc877c919dbfc43715f1871319916ef7bfe3ccd7ac61bc6bc6
1629524,Bridget Carleton,players_directory,wnba,,,/get-all-players-for-league/wnba,{},20260603T195605Z,2026-06-03T19:56:05+00:00,fcba3ed43f89ddabd53b7b0c2b06a5c93c13f997c294799190ab0ceb9cbc0429,"[""players""]",1629524,Bridget Carleton,players_directory,2026-06-03T19:56:08+00:00,20260603T195605Z,fc58419ecac52e5428a05228ef281548181791216f86998370591ef3c7eec848
1629539,Amy Okonkwo,players_directory,wnba,,,/get-all-players-for-league/wnba,{},20260603T195605Z,2026-06-03T19:56:05+00:00,b6b225614f4c67561984d4753047a36901156b798dd44cce20a1933ea3472c4e,"[""players""]",1629539,Amy Okonkwo,players_directory,2026-06-03T19:56:08+00:00,20260603T195605Z,9ac9603c86f426e87fc6105b7774faa6267f9362ee66921e2b519833fb6f0608
1629546,Marine Johannès,players_directory,wnba,,,/get-all-players-for-league/wnba,{},20260603T195605Z,2026-06-03T19:56:05+00:00,e54c879a16a37ed704f37262c14fd6eb6f69e52dc2d6f97d70cbc52fa1fe67ee,"[""players""]",1629546,Marine Johannès,players_directory,2026-06-03T19:56:08+00:00,20260603T195605Z,a47a1f8af05df23e4592848af8b651802263e52563486deefdfa0d8e00cbe233
1629566,Han Xu,players_directory,wnba,,,/get-all-players-for-league/wnba,{},20260603T195605Z,2026-06-03T19:56:05+00:00,a2117080f9ff54cb17aeddc471ab93742883e35109b1443bd8af40c535a47b8b,"[""players""]",1629566,Han Xu,players_directory,2026-06-03T19:56:08+00:00,20260603T195605Z,7353db919bd65e1d6c9b733bc3b0f483f82e7faf52a77da162cb77d1991cd8c9
1629567,Natisha Hiedeman,players_directory,wnba,,,/get-all-players-for-league/wnba,{},20260603T195605Z,2026-06-03T19:56:05+00:00,4e17079730356f17c3ece4e29ab5184abf90bf8ef97360f6bd7b5d844a9e0298,"[""players""]",1629567,Natisha Hiedeman,players_directory,2026-06-03T19:56:08+00:00,20260603T195605Z,194e334f39ecf9c8d76f5f4bdef1cbe236158532db9082d29f47937d72888861
1629568,Kennedy Burke,players_directory,wnba,,,/get-all-players-for-league/wnba,{},20260603T195605Z,2026-06-03T19:56:05+00:00,d9debbe41e6ad286610a33f4cc9a4696a1655c1091088e88198036a725485a62,"[""players""]",1629568,Kennedy Burke,players_directory,2026-06-03T19:56:08+00:00,20260603T195605Z,6ff47885a20ea55def7f50f13039b3f454c4312674a97e82987fe90662f99fa4
1629569,Maite Cazorla,players_directory,wnba,,,/get-all-players-for-league/wnba,{},20260603T195605Z,2026-06-03T19:56:05+00:00,1e731091f67e99c39339889ca0801eb60474b5b6e02843880df2e0b77d7d480e,"[""players""]",1629569,Maite Cazorla,players_directory,2026-06-03T19:56:08+00:00,20260603T195605Z,9c46162d9fa43b822ef0cda494f340baed7cd833bdcf0b51fabe8960954a14b5
1629570,Megan Huff,players_directory,wnba,,,/get-all-players-for-league/wnba,{},20260603T195605Z,2026-06-03T19:56:05+00:00,59eecdacc3789789ffdd712277752c5879099b1cb8054aaa3e6b2fc48fcd2361,"[""players""]",1629570,Megan Huff,players_directory,2026-06-03T19:56:08+00:00,20260603T195605Z,e988134529dac0a61b27c93c7ff5f995feabd05ec0a2db3dfae27b2ea83894ef
1629571,Morgan Bertsch,players_directory,wnba,,,/get-all-players-for-league/wnba,{},20260603T195605Z,2026-06-03T19:56:05+00:00,0b1ea1181e2818622eab3488931148ba0b346b0835f3d1491e863c40a0d100a3,"[""players""]",1629571,Morgan Bertsch,players_directory,2026-06-03T19:56:08+00:00,20260603T195605Z,28585227f470b4901b65f0f396b440c73d5618bb3d0961b43150b2e8a34696f3
1629573,Arica Carter,players_directory,wnba,,,/get-all-players-for-league/wnba,{},20260603T195605Z,2026-06-03T19:56:05+00:00,774a404a2856429d6e2d5ee7668cb40de1411ce0a92eb5d4f8e056919e774c8b,"[""players""]",1629573,Arica Carter,players_directory,2026-06-03T19:56:08+00:00,20260603T195605Z,3a6c217751b3aada17034885083236a2b8627f2f4930c344d6fdf2089a561252
1629574,Li Yueru,players_directory,wnba,,,/get-all-players-for-league/wnba,{},20260603T195605Z,2026-06-03T19:56:05+00:00,ecf04a8b233ab8ceb8998dc3cd72d171d9895a18d620adced59a0208f44bb585,"[""players""]",1629574,Li Yueru,players_directory,2026-06-03T19:56:08+00:00,20260603T195605Z,724f875568c6a06f29fe869facf0ce105b1117f8a01273ff3d4b29ada51d8926
1629576,Maria Conde,players_directory,wnba,,,/get-all-players-for-league/wnba,{},20260603T195605Z,2026-06-03T19:56:05+00:00,d90dfb27e5cfad7b71526e4d27e856ce535d72f45475c5bdc95607365814bfcc,"[""players""]",1629576,Maria Conde,players_directory,2026-06-03T19:56:08+00:00,20260603T195605Z,5c042b698ecbada822f57dfdbc8217b8a60dcf7fb1835b4b4a2d7c8071222510
1629581,Emese Hof,players_directory,wnba,,,/get-all-players-for-league/wnba,{},20260603T195605Z,2026-06-03T19:56:05+00:00,5d96e20972c77f51f247b1e63d7c646a0255964a9dd5450c09bb5b5e9303f131,"[""players""]",1629581,Emese Hof,players_directory,2026-06-03T19:56:08+00:00,20260603T195605Z,54ab31ab4d47bd703f35baf033aaa96c8c9f1ea290554a2bf089268ff206403d
1630043,Bernadett Hatar,players_directory,wnba,,,/get-all-players-for-league/wnba,{},20260603T195605Z,2026-06-03T19:56:05+00:00,a6365a0b875421e8e187f402c12edfdb70582d3b402c8d2f2ee0ac16931d971a,"[""players""]",1630043,Bernadett Hatar,players_directory,2026-06-03T19:56:08+00:00,20260603T195605Z,e7b88bc4ec5338f2b4eff85f96865c0c6739e4f49d761fff25c0803e5cfce533
1630093,Bella Alarie,players_directory,wnba,,,/get-all-players-for-league/wnba,{},20260603T195605Z,2026-06-03T19:56:05+00:00,4375930fe188f7a857cef3c1d68a22eeacd98d9a20e0912e8640ea1ad4cfa56e,"[""players""]",1630093,Bella Alarie,players_directory,2026-06-03T19:56:08+00:00,20260603T195605Z,987f4c91d220ad721862258021e77404aa0bcd644a55110d8752b35878c085fc
1630095,Brittany Brewer,players_directory,wnba,,,/get-all-players-for-league/wnba,{},20260603T195605Z,2026-06-03T19:56:05+00:00,30f1b425b66ae3b9e2e388288fa5f185c6477eb27a5c8071e93cba9720297c66,"[""players""]",1630095,Brittany Brewer,players_directory,2026-06-03T19:56:08+00:00,20260603T195605Z,d39b4a9dea000dc27185e266fb2226eae98fbb9a0afae24bf05fd1eb33d6e191
1630096,DiJonai Carrington,players_directory,wnba,,,/get-all-players-for-league/wnba,{},20260603T195605Z,2026-06-03T19:56:05+00:00,68111ed98288edca06aa0d9924c0cd01acce889965eec5530809bcf7a4f4e551,"[""players""]",1630096,DiJonai Carrington,players_directory,2026-06-03T19:56:08+00:00,20260603T195605Z,ad63707f37e2275225d08ee1d5c78c6c1eff4ff8f77055ecad81fa1b03b23f25
1630097,Kaila Charles,players_directory,wnba,,,/get-all-players-for-league/wnba,{},20260603T195605Z,2026-06-03T19:56:05+00:00,71a1e780de011741a593b0ce548e326031256a40ea7ef8535293ea445768c885,"[""players""]",1630097,Kaila Charles,players_directory,2026-06-03T19:56:08+00:00,20260603T195605Z,3cc41bcc130ab76d73dd883c3e8c518d5f6c94e69364d52fb6ded69576d9d3ea
1630099,Te'a Cooper,players_directory,wnba,,,/get-all-players-for-league/wnba,{},20260603T195605Z,2026-06-03T19:56:05+00:00,f7d8b6c1dc08e040b4d36c6640280e01f9ad981fd1fb13a2f7bc77f34652c63a,"[""players""]",1630099,Te'a Cooper,players_directory,2026-06-03T19:56:08+00:00,20260603T195605Z,80a6bf8b36245cc73dd05e186b785069b58b7dd6102cc9d16b1dc2939b473028
1630100,Lauren Cox,players_directory,wnba,,,/get-all-players-for-league/wnba,{},20260603T195605Z,2026-06-03T19:56:05+00:00,8426cc231d117decbe00bc35b22d8c279dfebac667b4dfceb09d5ceaaade1426,"[""players""]",1630100,Lauren Cox,players_directory,2026-06-03T19:56:08+00:00,20260603T195605Z,8582773b4d697dbfdca60a27adee792e1ad0f475df8451ebc0f8e71da4c4d77e
1630101,Crystal Dangerfield,players_directory,wnba,,,/get-all-players-for-league/wnba,{},20260603T195605Z,2026-06-03T19:56:05+00:00,29978336837c3322051310a3240a73e13d2278f89a619901435961e94a307df9,"[""players""]",1630101,Crystal Dangerfield,players_directory,2026-06-03T19:56:08+00:00,20260603T195605Z,fea4c02f6a8c5a3d02c738937c62ea68c1fb67f6797e33c2f8bc720ad0c12017
1630104,Kathleen Doyle,players_directory,wnba,,,/get-all-players-for-league/wnba,{},20260603T195605Z,2026-06-03T19:56:05+00:00,783bc41062e6bae76f93922f768b62686caf9bedb13620d6b4bf90796da63047,"[""players""]",1630104,Kathleen Doyle,players_directory,2026-06-03T19:56:08+00:00,20260603T195605Z,acb851e8c859cc44043a37c14012c5dfdbf3e4bd388c00372edce883a705d819
1630108,Mariella Fasoula,players_directory,wnba,,,/get-all-players-for-league/wnba,{},20260603T195605Z,2026-06-03T19:56:05+00:00,376ae7c3511c38f0da8b8e9a22f5428d8ddd62e98ec00db58b578014dc9f82af,"[""players""]",1630108,Mariella Fasoula,players_directory,2026-06-03T19:56:08+00:00,20260603T195605Z,39c36e42c6db233398ef9bf91344b90d5e4cb9637b920ea5ef22103a25558007
1630110,Haley Gorecki,players_directory,wnba,,,/get-all-players-for-league/wnba,{},20260603T195605Z,2026-06-03T19:56:05+00:00,fd1130f67293c70006b97346a7825ab89513eb06fa8971ab05d3ede4e801f415,"[""players""]",1630110,Haley Gorecki,players_directory,2026-06-03T19:56:08+00:00,20260603T195605Z,1fda45ee5da1313630aa29b364ced37bf90cd340d7e62b2fa8a5c2b450e4682e
1630112,Tyasha Harris,players_directory,wnba,,,/get-all-players-for-league/wnba,{},20260603T195605Z,2026-06-03T19:56:05+00:00,f8eae326a94ceb61e7af54730af16d1088fea29b7db9429c33ff93ca0fe7c545,"[""players""]",1630112,Tyasha Harris,players_directory,2026-06-03T19:56:08+00:00,20260603T195605Z,581294d551eaf42cd8c810d0e67283cfe3bb1c8a607810b77d52dd66544dccba
1630113,Ruthy Hebard,players_directory,wnba,,,/get-all-players-for-league/wnba,{},20260603T195605Z,2026-06-03T19:56:05+00:00,a509e437848e1b29b25fa4c4aa142d356e47e471386ebbe08cfbe2a81539b219,"[""players""]",1630113,Ruthy Hebard,players_directory,2026-06-03T19:56:08+00:00,20260603T195605Z,7f26b9a75a8b6121799377c5959ea8e2dd39775413e70ebc65391dd730a4ceed
1630114,Mikiah Herbert Harrigan,players_directory,wnba,,,/get-all-players-for-league/wnba,{},20260603T195605Z,2026-06-03T19:56:05+00:00,bee7626c918a3f7abde35e58f68d4a0e76a04e21ada6146ad796f7504b1832c7,"[""players""]",1630114,Mikiah Herbert Harrigan,players_directory,2026-06-03T19:56:08+00:00,20260603T195605Z,8aabdbf99b4a61298941474742bde90288007e162e5d428912e2552cdc41624a
1630115,Joyner Holmes,players_directory,wnba,,,/get-all-players-for-league/wnba,{},20260603T195605Z,2026-06-03T19:56:05+00:00,9416dfdd9afada01f58ddd736655d38a4241fd57a10fa762a06c769fd1354c57,"[""players""]",1630115,Joyner Holmes,players_directory,2026-06-03T19:56:08+00:00,20260603T195605Z,aa0681082b62fc82cf244fa6e8639f97fd09a953c0cce632b98c2fdfa8b73f5a
1630118,Stella Johnson,players_directory,wnba,,,/get-all-players-for-league/wnba,{},20260603T195605Z,2026-06-03T19:56:05+00:00,05b4d9b962d8b2ada612e5b565d9616ad106217d1a0378a5ca97949b46a9a2af,"[""players""]",1630118,Stella Johnson,players_directory,2026-06-03T19:56:08+00:00,20260603T195605Z,3b61d049c26c97ab03e01545250e68fe455fd8488d7695aa6ca28632a6589903
1630119,Jazmine Jones,players_directory,wnba,,,/get-all-players-for-league/wnba,{},20260603T195605Z,2026-06-03T19:56:05+00:00,e1206b8f49f7dc1110db5e1f6b5fbb0efc6ca04f42af2ac2652bd4d664f125d3,"[""players""]",1630119,Jazmine Jones,players_directory,2026-06-03T19:56:08+00:00,20260603T195605Z,380d734f7a2d3e2eda6eb5ab79f60300bd76d8113176d60cd7cf8abe8304d879
1630120,Stephanie Jones,players_directory,wnba,,,/get-all-players-for-league/wnba,{},20260603T195605Z,2026-06-03T19:56:05+00:00,c79af9d033d61003e964c06c3deb75c136e5cb508d7007ba452c9804bd5b9357,"[""players""]",1630120,Stephanie Jones,players_directory,2026-06-03T19:56:08+00:00,20260603T195605Z,a7a761bd6897c05e9f03506cfad57822d5c62f4f326760457ea5db2e753d92e4
1630127,Leaonna Odom,players_directory,wnba,,,/get-all-players-for-league/wnba,{},20260603T195605Z,2026-06-03T19:56:05+00:00,e902705ee0e8a161206b10bd4c7628c3976c7dd14dba8b574d8234705758908b,"[""players""]",1630127,Leaonna Odom,players_directory,2026-06-03T19:56:08+00:00,20260603T195605Z,4f5b2c4d32297e9e0cffcc144810e4c0bb4ddafda13c4531989cf6e9b620dcea
1630131,Kylee Shook,players_directory,wnba,,,/get-all-players-for-league/wnba,{},20260603T195605Z,2026-06-03T19:56:05+00:00,e9479a5269b4e695ef79f76abdd77ce807e3fd0fc7df7a087c51a61cb5511196,"[""players""]",1630131,Kylee Shook,players_directory,2026-06-03T19:56:08+00:00,20260603T195605Z,6bf7bab8b2e4c7b623b4e28360b390973adee1887a8c012b1d683097e869e50e
1630134,Sug Sutton,players_directory,wnba,,,/get-all-players-for-league/wnba,{},20260603T195605Z,2026-06-03T19:56:05+00:00,b0c0008ef32fe8925d8817811a1897bacddc0de235b37b15f62c41a099bab6ce,"[""players""]",1630134,Sug Sutton,players_directory,2026-06-03T19:56:08+00:00,20260603T195605Z,9a87c8cd126f356d69aaa148de1e20258ab652cc0435a422bfcbab3770ab5b8c
1630136,Megan Walker,players_directory,wnba,,,/get-all-players-for-league/wnba,{},20260603T195605Z,2026-06-03T19:56:05+00:00,9b35da7de8ebc917cc93a0739c5806e2678c73d8f0988ec072bdf65b6f0c27d8,"[""players""]",1630136,Megan Walker,players_directory,2026-06-03T19:56:08+00:00,20260603T195605Z,fa581bceb572d2b5102c61f96539d90aedcd4ce3341dea43cb5ad462e40452a6
1630137,Stephanie Watts,players_directory,wnba,,,/get-all-players-for-league/wnba,{},20260603T195605Z,2026-06-03T19:56:05+00:00,e4627419ac870a9e60513c2d1244d63a3f53a01b3f33fdd0ac435a32b36b9739,"[""players""]",1630137,Stephanie Watts,players_directory,2026-06-03T19:56:08+00:00,20260603T195605Z,61c19c775cabb3b2731dfb24161de7569c367f69d4caa66c5c10cc066d12631e
1630138,Peyton Williams,players_directory,wnba,,,/get-all-players-for-league/wnba,{},20260603T195605Z,2026-06-03T19:56:05+00:00,e731afdf880ec6f92d02d959ff3839a9eb7364c7e2393bb2a2fa56a09bee6571,"[""players""]",1630138,Peyton Williams,players_directory,2026-06-03T19:56:08+00:00,20260603T195605Z,44dee607e56c6c411904fb33f168b0daab14c523f36bbd78551202cbcda420a2
1630139,Jocelyn Willoughby,players_directory,wnba,,,/get-all-players-for-league/wnba,{},20260603T195605Z,2026-06-03T19:56:05+00:00,132e99e42f28522debda25cfa1e3962011db299fcfdeaa90f439dcd3b75b5a25,"[""players""]",1630139,Jocelyn Willoughby,players_directory,2026-06-03T19:56:08+00:00,20260603T195605Z,c2195576b1af143cd3b5489389557f06c877dac77f620b5d0cdab849179f8422
1630142,Leonie Fiebich,players_directory,wnba,,,/get-all-players-for-league/wnba,{},20260603T195605Z,2026-06-03T19:56:05+00:00,9788df6b287a69e8d37bed48bfbf8481cf9f789c6fdceafee67963698dc691eb,"[""players""]",1630142,Leonie Fiebich,players_directory,2026-06-03T19:56:08+00:00,20260603T195605Z,95979f868bde39349c6670496d42e7bf1496cfb10cc0ff64ed7a8d668ceb49c4
1630143,Luisa Geiselsöder,players_directory,wnba,,,/get-all-players-for-league/wnba,{},20260603T195605Z,2026-06-03T19:56:05+00:00,490161f121ff21f6946b6c7e9db28c8d689146aacfb680340bec7b08beb4a9f2,"[""players""]",1630143,Luisa Geiselsöder,players_directory,2026-06-03T19:56:08+00:00,20260603T195605Z,05672feeed8b1e5622a14790977842c24ff1b104727f19908295aa6086b6ae84
1630148,Jihyun Park,players_directory,wnba,,,/get-all-players-for-league/wnba,{},20260603T195605Z,2026-06-03T19:56:05+00:00,71fc4b0725adea837b74f9a69349871bb3a4397d8c16c2b4c4c49915c8706dde,"[""players""]",1630148,Jihyun Park,players_directory,2026-06-03T19:56:08+00:00,20260603T195605Z,80f61fa30ac291d1b222f810e45b1d004333ae4295dcec7face7c9e32e0ac8a4
1630149,Satou Sabally,players_directory,wnba,,,/get-all-players-for-league/wnba,{},20260603T195605Z,2026-06-03T19:56:05+00:00,2ebe0bd92e5c8dcb70f525ddfd8704477ca90bf8cee3dae4e4612f07ecd82965,"[""players""]",1630149,Satou Sabally,players_directory,2026-06-03T19:56:08+00:00,20260603T195605Z,76fe220e3cb93e6ab6965d4d288a2009aac0f85738d1b214df68b3ed49318eb2
1630150,Chennedy Carter,players_directory,wnba,,,/get-all-players-for-league/wnba,{},20260603T195605Z,2026-06-03T19:56:05+00:00,9650b7468759a08680928519fdfb2365b1a80b041d07447b62d1920b52543bd9,"[""players""]",1630150,Chennedy Carter,players_directory,2026-06-03T19:56:08+00:00,20260603T195605Z,b15ef8aa266a244d89054985fa57d0d14cf6c3830849cd55080c762a2c563d6e
1630151,Olivia Époupa,players_directory,wnba,,,/get-all-players-for-league/wnba,{},20260603T195605Z,2026-06-03T19:56:05+00:00,371699ac908b8bda026237114e12083d2e72c6d6612fcb6a9d448937e3e144eb,"[""players""]",1630151,Olivia Époupa,players_directory,2026-06-03T19:56:08+00:00,20260603T195605Z,bb24c314a472b2f310a036ca1eccd0f936d0110feb5548ce78353dded9d415a8
1630153,Jaylyn Agnew,players_directory,wnba,,,/get-all-players-for-league/wnba,{},20260603T195605Z,2026-06-03T19:56:05+00:00,d57050a1582b2ef1d56096fadaf15a4e2cb45849e9b3a2614dd44bbadc115ac8,"[""players""]",1630153,Jaylyn Agnew,players_directory,2026-06-03T19:56:08+00:00,20260603T195605Z,6639bab1a410c88097b8811aee57f5b2d7aa6f1c03157f31384e17a27ed51450
1630154,Kamiah Smalls,players_directory,wnba,,,/get-all-players-for-league/wnba,{},20260603T195605Z,2026-06-03T19:56:05+00:00,213baf565281dc50fb5a55be9436353d660efd701b5d4e6b27f2ca9fcfb9536a,"[""players""]",1630154,Kamiah Smalls,players_directory,2026-06-03T19:56:08+00:00,20260603T195605Z,25f37dada1ab72e0212c998b792efc087b41f9d0682edcc771b638198a20acb0
1630384,Raquel Carrera,players_directory,wnba,,,/get-all-players-for-league/wnba,{},20260603T195605Z,2026-06-03T19:56:05+00:00,a58821ab5fb879dbedbc5d2667f178491dade8c632318cbfc0044aba4d272e1c,"[""players""]",1630384,Raquel Carrera,players_directory,2026-06-03T19:56:08+00:00,20260603T195605Z,8fbf53999170336fe30ea6408b906ee9a8b003ed477cbbbc74b13c18e7d81415
1630385,Shyla Heal,players_directory,wnba,,,/get-all-players-for-league/wnba,{},20260603T195605Z,2026-06-03T19:56:05+00:00,d23b4b7862722f704be834561d1ce332df867a51c36c8ff9c852dbecc773c594,"[""players""]",1630385,Shyla Heal,players_directory,2026-06-03T19:56:08+00:00,20260603T195605Z,9b02ed9833281be21fd424baedeabe358eac628eb2ed6c55748b84c6e2290cd4
1630386,Awak Kuier,players_directory,wnba,,,/get-all-players-for-league/wnba,{},20260603T195605Z,2026-06-03T19:56:05+00:00,bb026cd09d588e8b4f68b403d04a124f9af7667a8d7d7fb4945ff3e0f712c46e,"[""players""]",1630386,Awak Kuier,players_directory,2026-06-03T19:56:08+00:00,20260603T195605Z,e5ffd9317fb6d55cf51c1b40fba06350cf92249e779f0947f35c055e30569879
1630387,Iliana Rupert,players_directory,wnba,,,/get-all-players-for-league/wnba,{},20260603T195605Z,2026-06-03T19:56:05+00:00,8037cf8c29452a96133c8a66094c873282f2c6ae5c6d1a38bc7b8a3550683537,"[""players""]",1630387,Iliana Rupert,players_directory,2026-06-03T19:56:08+00:00,20260603T195605Z,70efad7efac14cf346f5c0643da8b24d7c66ece5b2883c84f9baaca0ce591ec4
1630389,Dana Evans,players_directory,wnba,,,/get-all-players-for-league/wnba,{},20260603T195605Z,2026-06-03T19:56:05+00:00,632f20a358aae30f8cb6fe769c89c54fb1e4b9278b6970e7b80fbaaa9830999d,"[""players""]",1630389,Dana Evans,players_directory,2026-06-03T19:56:08+00:00,20260603T195605Z,b21a968c41ff05fff6eb4d1dc4e83a2eb17bc7aa6d5b9a6ffc260a170addcf00
1630435,Destiny Slocum,players_directory,wnba,,,/get-all-players-for-league/wnba,{},20260603T195605Z,2026-06-03T19:56:05+00:00,e9e554adc2a45bbf7ca98256b0940a77d7bfa52b4a3c5cd93ce442f0a500fa34,"[""players""]",1630435,Destiny Slocum,players_directory,2026-06-03T19:56:08+00:00,20260603T195605Z,3f4b15a879a0cc0b9270b5d285aa2fa1c8eecf8a67d3a174ae5a22e9fab7ba29
1630437,Chelsey Perry,players_directory,wnba,,,/get-all-players-for-league/wnba,{},20260603T195605Z,2026-06-03T19:56:05+00:00,607222ad15e44daacd01edb58ff9cd8433258a12e6a5457b6a9028adf3e6da8f,"[""players""]",1630437,Chelsey Perry,players_directory,2026-06-03T19:56:08+00:00,20260603T195605Z,1c0b44fb5c9e04f476bc9495ba831e8d0ae798cedfa1274f58b185fe946ee195
1630438,Kysre Gondrezick,players_directory,wnba,,,/get-all-players-for-league/wnba,{},20260603T195605Z,2026-06-03T19:56:05+00:00,c34a6bc2e986e4af7a522be1e77fb8125b8045c5ef05437f3696748da28ff56d,"[""players""]",1630438,Kysre Gondrezick,players_directory,2026-06-03T19:56:08+00:00,20260603T195605Z,233e68d284b6b9a589cf0e68d1e01de2ed35304fd6a25afd743dff412016dede
1630440,Chelsea Dungee,players_directory,wnba,,,/get-all-players-for-league/wnba,{},20260603T195605Z,2026-06-03T19:56:05+00:00,10587ad48740a9e71c11553afc17e7bf061b71039806a11fdfebdea3b2350294,"[""players""]",1630440,Chelsea Dungee,players_directory,2026-06-03T19:56:08+00:00,20260603T195605Z,3a5a6b1606de3d3db6dea33e8df3ac0c16d62e040d13610576fe81050af5a12a
1630441,Arella Guirantes,players_directory,wnba,,,/get-all-players-for-league/wnba,{},20260603T195605Z,2026-06-03T19:56:05+00:00,004372f30e80945bd7ace2f2a1f52f7d1ccdded704765017d5e1b66dd75fb662,"[""players""]",1630441,Arella Guirantes,players_directory,2026-06-03T19:56:08+00:00,20260603T195605Z,9a2b113b0bd86b1b75b5c278d8774e8a3972dc40381858a6f33bc944be7df5f3
1630442,Natasha Mack,players_directory,wnba,,,/get-all-players-for-league/wnba,{},20260603T195605Z,2026-06-03T19:56:05+00:00,1c7b3283b4f6883df8af56bb865e68d68b616d14ea0a21cdb234a683084c4e76,"[""players""]",1630442,Natasha Mack,players_directory,2026-06-03T19:56:08+00:00,20260603T195605Z,a7eabb2f7cf5af5ee83a35c571ca95b10c6d0c5a731af37c3948a01d16f8fc1e
1630444,Jasmine Walker,players_directory,wnba,,,/get-all-players-for-league/wnba,{},20260603T195605Z,2026-06-03T19:56:05+00:00,8dbeaa34510e1ba42ffb43b83e5eedeac2437b48c832e329ff733452d35124ff,"[""players""]",1630444,Jasmine Walker,players_directory,2026-06-03T19:56:08+00:00,20260603T195605Z,c6d2332382f466461ca885ed6aa1c94fa0bb8e7f51bb7cdfb3b197c56d6ca62c
1630446,Michaela Onyenwere,players_directory,wnba,,,/get-all-players-for-league/wnba,{},20260603T195605Z,2026-06-03T19:56:05+00:00,6cacf8a18968044879fa5e01e921d2c6b32b0f601ad7488c221156a134d974b0,"[""players""]",1630446,Michaela Onyenwere,players_directory,2026-06-03T19:56:08+00:00,20260603T195605Z,66f2f83f572099bf877cc57b26f5d85e232bda0837117b018b56d8dc049225d0
1630452,Rennia Davis,players_directory,wnba,,,/get-all-players-for-league/wnba,{},20260603T195605Z,2026-06-03T19:56:05+00:00,061996a7fabd8f4ff49e4320d0906bc08d33bb6a0f0ba8817e29ccb653c177e3,"[""players""]",1630452,Rennia Davis,players_directory,2026-06-03T19:56:08+00:00,20260603T195605Z,f944f79c5258645546c39af7b6ada827060f44a028c5efadda28eeb8e4c601f6
1630453,Aleah Goodman,players_directory,wnba,,,/get-all-players-for-league/wnba,{},20260603T195605Z,2026-06-03T19:56:05+00:00,5e36343170a20288a5ba100c138919c82cfd5cac7f104fba3cd401866c90a031,"[""players""]",1630453,Aleah Goodman,players_directory,2026-06-03T19:56:08+00:00,20260603T195605Z,4fea9123bfbbcc916f84fc12f7a3ab3c37d96c637bbbe030c0d3ac45d0b1f78d
1630454,Charli Collier,players_directory,wnba,,,/get-all-players-for-league/wnba,{},20260603T195605Z,2026-06-03T19:56:05+00:00,a6c7adb194dd4c7269456f1bd02c930c148db998ff7af5cd98957f027d23f532,"[""players""]",1630454,Charli Collier,players_directory,2026-06-03T19:56:08+00:00,20260603T195605Z,accfd26d10b2a55a796c9879c9a145d52bffb933e12f15dadee8f204b0e2d8ff
1630458,Aaliyah Wilson,players_directory,wnba,,,/get-all-players-for-league/wnba,{},20260603T195605Z,2026-06-03T19:56:05+00:00,02835e5c3d14ae6a0952e93f1321eefd99652dc26a9a35e01693cacca954d748,"[""players""]",1630458,Aaliyah Wilson,players_directory,2026-06-03T19:56:08+00:00,20260603T195605Z,c5126339527e029ab99dc29134ea25710222f3aedcc2a7ba258e9a71ce3350a3
1630459,DiDi Richards,players_directory,wnba,,,/get-all-players-for-league/wnba,{},20260603T195605Z,2026-06-03T19:56:05+00:00,5e8ae1487e88b5c6e1ac2af37006925dd83bb5d9191260af06462e5becaea0a5,"[""players""]",1630459,DiDi Richards,players_directory,2026-06-03T19:56:08+00:00,20260603T195605Z,c5c4f8b09d8918f72b463b3f4898ef65b20ee4e91b96bb9ff097b141e0e3142e
1630461,Kiana Williams,players_directory,wnba,,,/get-all-players-for-league/wnba,{},20260603T195605Z,2026-06-03T19:56:05+00:00,083a31092aa4dc8e6c6c53c777f2f1263553d1c03e22cd728144bfeaf16318ab,"[""players""]",1630461,Kiana Williams,players_directory,2026-06-03T19:56:08+00:00,20260603T195605Z,ae48d211366fae5945a569009d0b3cf2212202a50aceefdfdc0cda58f73f6931
1630462,Aari McDonald,players_directory,wnba,,,/get-all-players-for-league/wnba,{},20260603T195605Z,2026-06-03T19:56:05+00:00,0318610451732704228f773d21e99b7ca753bd723b0aa49a9672219d1f50f9e7,"[""players""]",1630462,Aari McDonald,players_directory,2026-06-03T19:56:08+00:00,20260603T195605Z,089410720dda55e4f979bb8139d7f576f3a167ae11329ef20aa436d90737227b
1630469,Marine Fauthoux,players_directory,wnba,,,/get-all-players-for-league/wnba,{},20260603T195605Z,2026-06-03T19:56:05+00:00,124e341dcf64ac619d74bf82bc3a19a2aab497c7746fd0ac2ac33c78a3eeddfe,"[""players""]",1630469,Marine Fauthoux,players_directory,2026-06-03T19:56:08+00:00,20260603T195605Z,68f57590ecf0a31a7d7a3818ea5f7445efb480687ade4bcdf096390fc6e05e58
1630471,Maya Caldwell,players_directory,wnba,,,/get-all-players-for-league/wnba,{},20260603T195605Z,2026-06-03T19:56:05+00:00,0816affab5a449aeb59ac2a31cc126c1a20cb895739c2a55958691e4bd12d127,"[""players""]",1630471,Maya Caldwell,players_directory,2026-06-03T19:56:08+00:00,20260603T195605Z,002a2ae58875c1f165bc47ccefeb796799a0d9682589b963554d25955bf7c29f
1630479,Sparkle Taylor,players_directory,wnba,,,/get-all-players-for-league/wnba,{},20260603T195605Z,2026-06-03T19:56:05+00:00,51c5879e4c723ae167b1dde2aef856eca4b13361d6a644d2b0b3fe197b304257,"[""players""]",1630479,Sparkle Taylor,players_directory,2026-06-03T19:56:08+00:00,20260603T195605Z,2f4264232ad55f362bef6863fa11c0e13bee32cd3c22dff64c75843b6145b963
1630957,Rui Machida,players_directory,wnba,,,/get-all-players-for-league/wnba,{},20260603T195605Z,2026-06-03T19:56:05+00:00,f2547e23ec9b2bd4a83d5fe11dc0bde5d465226b253bde26225e553b64a27fbb,"[""players""]",1630957,Rui Machida,players_directory,2026-06-03T19:56:08+00:00,20260603T195605Z,8e3fd06937a9ddca763020347265c71269be8ffecdd93b5b90b5a25d8ac99b97
1630961,Tina Krajisnik,players_directory,wnba,,,/get-all-players-for-league/wnba,{},20260603T195605Z,2026-06-03T19:56:05+00:00,37f0ed88f1c4306d96d190861685a139a024d348c84357c120f7b13db3da34f8,"[""players""]",1630961,Tina Krajisnik,players_directory,2026-06-03T19:56:08+00:00,20260603T195605Z,0b434b4933aafb071a627a83d392acb8356754e944a8d06ca2dbe410f6493cca
1630993,Anneli Maley,players_directory,wnba,,,/get-all-players-for-league/wnba,{},20260603T195605Z,2026-06-03T19:56:05+00:00,aaad2a445f3c5aa5d30488677beb2f34d5c64b62e2fcb694dd02f37d78581e60,"[""players""]",1630993,Anneli Maley,players_directory,2026-06-03T19:56:08+00:00,20260603T195605Z,66efc5447624e2a645ffb58339070f9df1684c961ad4620da0974d620466539a
1630996,Rae Burrell,players_directory,wnba,,,/get-all-players-for-league/wnba,{},20260603T195605Z,2026-06-03T19:56:05+00:00,717aef53f2c0b2a4c3389b2fe5798410f513a4eb7dcbd5acde31093b06aca5dc,"[""players""]",1630996,Rae Burrell,players_directory,2026-06-03T19:56:08+00:00,20260603T195605Z,d26c40192c0b65dcdab8eeaa4a99b38826635fa82184873c212ff0a6e1ecbf01
1631002,Nia Clouden,players_directory,wnba,,,/get-all-players-for-league/wnba,{},20260603T195605Z,2026-06-03T19:56:05+00:00,27cb298b5b89d9d272e7a508daf654e04271ef22e11d91d881bdd8a8b6f1abff,"[""players""]",1631002,Nia Clouden,players_directory,2026-06-03T19:56:08+00:00,20260603T195605Z,4837dec992bed2727054f630cd03a8dc7fced687c6013b30fe99dcbf94ef887e
1631006,Kierstan Bell,players_directory,wnba,,,/get-all-players-for-league/wnba,{},20260603T195605Z,2026-06-03T19:56:05+00:00,018febd90bc4096265878b6d4e44c0fbc054f6d0ab250e9c31f4b04a426954ab,"[""players""]",1631006,Kierstan Bell,players_directory,2026-06-03T19:56:08+00:00,20260603T195605Z,da66baf7c8553c54d81e063db01f7cc99242dee1292fe514d05050f0c6e3849c
1631007,Veronica Burton,players_directory,wnba,,,/get-all-players-for-league/wnba,{},20260603T195605Z,2026-06-03T19:56:05+00:00,f4baccb674a7cc5e52d0a2ae2b7f7363f6f0edb3876df4177f8293f2315d1d1c,"[""players""]",1631007,Veronica Burton,players_directory,2026-06-03T19:56:08+00:00,20260603T195605Z,09c63462b497f94480a1da19716da5fbd2cb4e72f20de49cba14e49bda9006d5
1631009,Rhyne Howard,players_directory,wnba,,,/get-all-players-for-league/wnba,{},20260603T195605Z,2026-06-03T19:56:05+00:00,3cfebe4e8cb8dbeb0cf03cb1b8bc468ffbed490da22cc6c7000a9facba95a17e,"[""players""]",1631009,Rhyne Howard,players_directory,2026-06-03T19:56:08+00:00,20260603T195605Z,c3d803b08ca94033a4dee69c9fe9cc3772f6b08bbca488782b44109dd3a07d0b
1631013,Aisha Sheppard,players_directory,wnba,,,/get-all-players-for-league/wnba,{},20260603T195605Z,2026-06-03T19:56:05+00:00,b215b6df0f0109097c9d64e8a6391f26f930a0e7c3fcdecf257901a7c286e1dd,"[""players""]",1631013,Aisha Sheppard,players_directory,2026-06-03T19:56:08+00:00,20260603T195605Z,5901c2d88dbd4f9afc856b0854c21705a50c18c148102ac6dac42ffe56098995
1631019,NaLyssa Smith,players_directory,wnba,,,/get-all-players-for-league/wnba,{},20260603T195605Z,2026-06-03T19:56:05+00:00,3f672c71ae8355bee679550f0ec5b726b806689f31402bc6728f75c19e4680ef,"[""players""]",1631019,NaLyssa Smith,players_directory,2026-06-03T19:56:08+00:00,20260603T195605Z,4581cc127abb81bc6506d1debf1f6df5adee86cc05444ca59d107915a6135a1c
1631021,Sika Koné,players_directory,wnba,,,/get-all-players-for-league/wnba,{},20260603T195605Z,2026-06-03T19:56:05+00:00,78c480d7ec577e274fe6dc56742db39dc94543f8f5d36c6699776c34be067576,"[""players""]",1631021,Sika Koné,players_directory,2026-06-03T19:56:08+00:00,20260603T195605Z,79001dcba5e0f44254976f82bb302b0503e5db2145a8a11c4c8d3e34ed5f5dfd
1631022,Shakira Austin,players_directory,wnba,,,/get-all-players-for-league/wnba,{},20260603T195605Z,2026-06-03T19:56:05+00:00,aa3dd0a306d4178ac2e18887472496f59c40e13c5276706313bd98bd9a5b1e81,"[""players""]",1631022,Shakira Austin,players_directory,2026-06-03T19:56:08+00:00,20260603T195605Z,9fa1444f4efb5ac97a2835537d85f3e9a4475b7bf0afcd04c5b2587407318875
1631029,Jasmine Dickey,players_directory,wnba,,,/get-all-players-for-league/wnba,{},20260603T195605Z,2026-06-03T19:56:05+00:00,3fef6fbe930639655ab5427f4b2e839cb5d069c70583d77fcb6a0fa400100b20,"[""players""]",1631029,Jasmine Dickey,players_directory,2026-06-03T19:56:08+00:00,20260603T195605Z,d922ee20bf7565f1bc285e29c03d588beab6bd7a86d72fa9b7b9b4809458f331
1631031,Queen Egbo,players_directory,wnba,,,/get-all-players-for-league/wnba,{},20260603T195605Z,2026-06-03T19:56:05+00:00,5cd9a34e65c68b0bc4add931a9f985d36aded8f536e917d5fa0d15e3068f58be,"[""players""]",1631031,Queen Egbo,players_directory,2026-06-03T19:56:08+00:00,20260603T195605Z,2657cee686b459253ee2505e73749b89324aa5e687cfb4eb7e23464dbbbbed9f
1631032,Lorela Cubaj,players_directory,wnba,,,/get-all-players-for-league/wnba,{},20260603T195605Z,2026-06-03T19:56:05+00:00,1bff5e9488e8780baca53ca420c703c3c9169c45b295c97628784cc41b1af198,"[""players""]",1631032,Lorela Cubaj,players_directory,2026-06-03T19:56:08+00:00,20260603T195605Z,6b718192333bb2b2b3d05510c41a58182ca4ad92347c737bd9d588d0aeedd082
1631039,Miela Sowah,players_directory,wnba,,,/get-all-players-for-league/wnba,{},20260603T195605Z,2026-06-03T19:56:05+00:00,2ea613a1fa2d2b1fd7a38c738a8a98e3b9db33199bcd7f98614bf42bbfa50e9f,"[""players""]",1631039,Miela Sowah,players_directory,2026-06-03T19:56:08+00:00,20260603T195605Z,b8ca968a5490a39392e8ce86fc530c0c122c47340d4c60ee4443c4756e166d9d
1631044,Naz Hillmon,players_directory,wnba,,,/get-all-players-for-league/wnba,{},20260603T195605Z,2026-06-03T19:56:05+00:00,357fc17b8a17ce5a3c3cd0c4d8e512f2afc723f3a56239b4b83e6cf6de6a7e3e,"[""players""]",1631044,Naz Hillmon,players_directory,2026-06-03T19:56:08+00:00,20260603T195605Z,b28284b3bf72f3c04c3d4bd50884d56a7438ed28d2bade68636a211d8256d0c2
1631046,Hannah Sjerven,players_directory,wnba,,,/get-all-players-for-league/wnba,{},20260603T195605Z,2026-06-03T19:56:05+00:00,4deda2edadcb55e09ad01f28f2eff7ec8900f400d0a9f90a087db0aadc37a799,"[""players""]",1631046,Hannah Sjerven,players_directory,2026-06-03T19:56:08+00:00,20260603T195605Z,7d48b731887c6275080f0f56fb18d9fe9b9f6cf2e94da3f3894a49866a5f15bd
1631055,Nyara Sabally,players_directory,wnba,,,/get-all-players-for-league/wnba,{},20260603T195605Z,2026-06-03T19:56:05+00:00,a7c5b18629b36943eef090b5e944b1a91b23a07e3caf1ac2d799b59f3693fabb,"[""players""]",1631055,Nyara Sabally,players_directory,2026-06-03T19:56:08+00:00,20260603T195605Z,74813e1db06c84667b1b0c8994b245ca884e7bd1c3b6cf95888334310de172e6
1631056,Amy Atwell,players_directory,wnba,,,/get-all-players-for-league/wnba,{},20260603T195605Z,2026-06-03T19:56:05+00:00,ea7b32ae584f37de2dd801f38b803ffad4b02a1da1ac2e03fe30defcb96fb0e9,"[""players""]",1631056,Amy Atwell,players_directory,2026-06-03T19:56:08+00:00,20260603T195605Z,e3e3a8789594242631d35b6da3e31715eaf861a91f97e40ce8f56d306d1ac56b
1631062,Khayla Pointer,players_directory,wnba,,,/get-all-players-for-league/wnba,{},20260603T195605Z,2026-06-03T19:56:05+00:00,0a52fe9d18e79f761f1bbc37aa42bf4f9bdfcca05e8857d63daab69cb1328c5c,"[""players""]",1631062,Khayla Pointer,players_directory,2026-06-03T19:56:08+00:00,20260603T195605Z,fd5f2abc01a3691688200fe950d30733bf8a254807497c2b4a5869f3ab2eae26
1631064,Chloe Bibby,players_directory,wnba,,,/get-all-players-for-league/wnba,{},20260603T195605Z,2026-06-03T19:56:05+00:00,6eaf8b4226505cd8cc58121836e26411adc8b9f2e4a2f427f3f5cdce97a7e646,"[""players""]",1631064,Chloe Bibby,players_directory,2026-06-03T19:56:08+00:00,20260603T195605Z,1e39bdb447ab9c22e2f9d38184ea2c4ac1179b08e1a6e7753632ca69f82510f3
1631068,Sam Thomas,players_directory,wnba,,,/get-all-players-for-league/wnba,{},20260603T195605Z,2026-06-03T19:56:05+00:00,d9641bbe8a6b12b28d1d6dc7d3e0d928670056a2ebe7d7f4be688a324690d701,"[""players""]",1631068,Sam Thomas,players_directory,2026-06-03T19:56:08+00:00,20260603T195605Z,99d2f32e816b241dade06ceb4a789fedfd4b449f62e382a6b61daaa91a40684e
1631072,Elissa Cunane,players_directory,wnba,,,/get-all-players-for-league/wnba,{},20260603T195605Z,2026-06-03T19:56:05+00:00,7ff55ee931f61cf1359207b0f0d5766e87e5a0e5f11a21c9ef8efb8cfa407bbf,"[""players""]",1631072,Elissa Cunane,players_directory,2026-06-03T19:56:08+00:00,20260603T195605Z,de2197e5faf92ef5346d06d626ad0b9433c3c02da7cd80b5178027133663897f
1631073,Raina Perez,players_directory,wnba,,,/get-all-players-for-league/wnba,{},20260603T195605Z,2026-06-03T19:56:05+00:00,401b837cdd89463c7f6821b5b9424e3ca290c6eea343d7623fbf1ed010ea4797,"[""players""]",1631073,Raina Perez,players_directory,2026-06-03T19:56:08+00:00,20260603T195605Z,d9c38c980059a33e0c8fc1597690e9bff34b33cb8fea3eaa61577d6b8e4fc433
1631081,Katie Benzan,players_directory,wnba,,,/get-all-players-for-league/wnba,{},20260603T195605Z,2026-06-03T19:56:05+00:00,797d2efe0c774befbd644a7a6ea775169a9ec34d620233b61b666705f6413957,"[""players""]",1631081,Katie Benzan,players_directory,2026-06-03T19:56:08+00:00,20260603T195605Z,b1f09ac1462699f2b3c0e6aa909ec7ab9068235c6209a8f8d22029e1fa37aeb4
1631083,Emily Engstler,players_directory,wnba,,,/get-all-players-for-league/wnba,{},20260603T195605Z,2026-06-03T19:56:05+00:00,dd0e2e76981c88edbd18d646f1a0e0030d8c6886d458947f708be4d9025d968e,"[""players""]",1631083,Emily Engstler,players_directory,2026-06-03T19:56:08+00:00,20260603T195605Z,5ee9fc8d09250229a1e45f30264b2e42696a34f2635c4b8d19d6fb176f0d237e
1631086,Lexie Hull,players_directory,wnba,,,/get-all-players-for-league/wnba,{},20260603T195605Z,2026-06-03T19:56:05+00:00,89d361278b5be274b79afff7839ef89814a375170eeca833cd4a4d61b7dc49e7,"[""players""]",1631086,Lexie Hull,players_directory,2026-06-03T19:56:08+00:00,20260603T195605Z,cf366a317f0635edfa2253e2c6ff96f858d19999dcf4a5a3d486ef8fe25f267a
1631089,Destanni Henderson,players_directory,wnba,,,/get-all-players-for-league/wnba,{},20260603T195605Z,2026-06-03T19:56:05+00:00,a174a7a89979eaace3d51b79383cc9d220da710320d723c83c92aa493352ecb6,"[""players""]",1631089,Destanni Henderson,players_directory,2026-06-03T19:56:08+00:00,20260603T195605Z,9b82d199313a40fc20b522f64389b28972a880d9c1a4f3dcd2695e9b48be7b05
1631090,Christyn Williams,players_directory,wnba,,,/get-all-players-for-league/wnba,{},20260603T195605Z,2026-06-03T19:56:05+00:00,0480fc83de6746de7bc3a2c882a3b87335737454f882b44dd6a49e2aebbe8611,"[""players""]",1631090,Christyn Williams,players_directory,2026-06-03T19:56:08+00:00,20260603T195605Z,ae2f086585757bff35f31e996921ce61b9f691606f97c1118040c3e5fec5d708
1631091,Evina Westbrook,players_directory,wnba,,,/get-all-players-for-league/wnba,{},20260603T195605Z,2026-06-03T19:56:05+00:00,b3a066b283dabd1ac7de4e034bd22fc62975dbf6b38a4a8ad26d5aa67e12e70b,"[""players""]",1631091,Evina Westbrook,players_directory,2026-06-03T19:56:08+00:00,20260603T195605Z,3f3a150adf8351142dde26e0748b322033d865824b3f25dfdfdf053dd815817c
1631118,Lexi Held,players_directory,wnba,,,/get-all-players-for-league/wnba,{},20260603T195605Z,2026-06-03T19:56:05+00:00,8a5bd7ace5e0eb233ea34394b7bd7ebf0b2bf37351a78a258426c5d6d886473b,"[""players""]",1631118,Lexi Held,players_directory,2026-06-03T19:56:08+00:00,20260603T195605Z,990a1afa7e285ae2a698a57f8f987e44ffe56b6c718d1da218d5601d59923104
1631135,Olivia Nelson-Ododa,players_directory,wnba,,,/get-all-players-for-league/wnba,{},20260603T195605Z,2026-06-03T19:56:05+00:00,b42ffc6f17e732f0b93d7c7630c1a4b8c056c5f3a0d88d744b3edb79dced684f,"[""players""]",1631135,Olivia Nelson-Ododa,players_directory,2026-06-03T19:56:08+00:00,20260603T195605Z,b791ef47e89ef2df34aa4d30de3658aa51a652d7635c115a6599224bee9e656d
1631136,Pauline Astier,players_directory,wnba,,,/get-all-players-for-league/wnba,{},20260603T195605Z,2026-06-03T19:56:05+00:00,44ea2634dc6fbe78338f763fcf8101288d2553cd4c3a0349e8c11f400a52292b,"[""players""]",1631136,Pauline Astier,players_directory,2026-06-03T19:56:08+00:00,20260603T195605Z,1c9342dbcd39cbdcdf50138df3163559f4cf37d4d304db2e5d6aa26cfd03abfa
1631141,Jade Melbourne,players_directory,wnba,,,/get-all-players-for-league/wnba,{},20260603T195605Z,2026-06-03T19:56:05+00:00,e7a01f22e476c751e57e6ad425eeab4c7b04f0239a7bbdcf5f123a527054d0ba,"[""players""]",1631141,Jade Melbourne,players_directory,2026-06-03T19:56:08+00:00,20260603T195605Z,6f43c59ae05fb622e6d40198976a86ee3aacbd250b398d99940a28e217513d2f
1631147,Kianna Smith,players_directory,wnba,,,/get-all-players-for-league/wnba,{},20260603T195605Z,2026-06-03T19:56:05+00:00,72cb203dcbb8041998d00ea27c2b46e8e2b81c6c0373d230bca6d9d6cc291e25,"[""players""]",1631147,Kianna Smith,players_directory,2026-06-03T19:56:08+00:00,20260603T195605Z,b7038ef8c37f1d739cb909461cbc847e5863d2a0b7a532a5483e4dd9d4ed3fdc
1631263,Nikolina Milic,players_directory,wnba,,,/get-all-players-for-league/wnba,{},20260603T195605Z,2026-06-03T19:56:05+00:00,aafd7e700718473e0442824ec776805723d7b537509155de58069b261fc1cb1a,"[""players""]",1631263,Nikolina Milic,players_directory,2026-06-03T19:56:08+00:00,20260603T195605Z,b592dce71bc01df245baed8b9dd4f1d524fa1915b89e97330e2ef8d199028545
1641602,Ivana Dojkic,players_directory,wnba,,,/get-all-players-for-league/wnba,{},20260603T195605Z,2026-06-03T19:56:05+00:00,b46db477b81c48f3002e38a48da5e451800ce02a12f9d50a83d736fc6f72571a,"[""players""]",1641602,Ivana Dojkic,players_directory,2026-06-03T19:56:08+00:00,20260603T195605Z,1573f17c36c59224120a5abc900505a2d883f4ef24bc94fe1adb86e3b5c1466c
1641641,Robyn Parks,players_directory,wnba,,,/get-all-players-for-league/wnba,{},20260603T195605Z,2026-06-03T19:56:05+00:00,bcfc9204cad12ffaf076ab18dfbc41707202f903b27ee926e62a9bed4aea706f,"[""players""]",1641641,Robyn Parks,players_directory,2026-06-03T19:56:08+00:00,20260603T195605Z,842c5e3890700291eed5eb255fe4b8c16c006569da402bbd11fcd34d18afa829
1641642,Li Meng,players_directory,wnba,,,/get-all-players-for-league/wnba,{},20260603T195605Z,2026-06-03T19:56:05+00:00,d3ec732cdb66376f46f3891fea6366a77d02c8c686304971bd41d5e2a678870b,"[""players""]",1641642,Li Meng,players_directory,2026-06-03T19:56:08+00:00,20260603T195605Z,8e7536d2251a364f43ebde261ce480ee3b9a62eba307df9167eb3758fabcd71e
1641648,Aliyah Boston,players_directory,wnba,,,/get-all-players-for-league/wnba,{},20260603T195605Z,2026-06-03T19:56:05+00:00,f3bcb1f940e3d6752bf5bc12da5aa68d8dd120f7ebdc9adb7d8883946e6f6af2,"[""players""]",1641648,Aliyah Boston,players_directory,2026-06-03T19:56:08+00:00,20260603T195605Z,650d538624190f4ada69e6eab24c7a29f54667a03abd0b2e7cdb9b504e794f6a
1641649,Diamond Miller,players_directory,wnba,,,/get-all-players-for-league/wnba,{},20260603T195605Z,2026-06-03T19:56:05+00:00,a72489bdc40f0b22234056ee59196dfd49103f4f204e2c5b3034414e0f24e70b,"[""players""]",1641649,Diamond Miller,players_directory,2026-06-03T19:56:08+00:00,20260603T195605Z,50d8c72645b7c46f33f5913633f8f2f9334722e3ff482375b18cf04fcbb8bb42
1641650,Haley Jones,players_directory,wnba,,,/get-all-players-for-league/wnba,{},20260603T195605Z,2026-06-03T19:56:05+00:00,151904359e1c69c3377e383e6954ef4468242b3fa9888750f9902dfdcff3d346,"[""players""]",1641650,Haley Jones,players_directory,2026-06-03T19:56:08+00:00,20260603T195605Z,b63556443e7e9f55e3c526ce05b264fa365e15346902a3ef74f7e8d21f159eea
1641651,Jordan Horston,players_directory,wnba,,,/get-all-players-for-league/wnba,{},20260603T195605Z,2026-06-03T19:56:05+00:00,ba1754c25e2c970297a3f54a996906711b8e57dc35a778e3b03378e04b395868,"[""players""]",1641651,Jordan Horston,players_directory,2026-06-03T19:56:08+00:00,20260603T195605Z,26e6efe3ec288a28fd2961f3fa6cf5d84b4c3ab902e361fc26b1180c7e94a7a1
1641652,Maddy Siegrist,players_directory,wnba,,,/get-all-players-for-league/wnba,{},20260603T195605Z,2026-06-03T19:56:05+00:00,0a99d4a5f5748f68c47eb5dd9cbcece91c0a987a3f3941689721c729abc51370,"[""players""]",1641652,Maddy Siegrist,players_directory,2026-06-03T19:56:08+00:00,20260603T195605Z,c08bcf0dd310449c171a1ba4dd2c139ac0be2041f019aca15734175c53f0da09
1641653,Ashley Joens,players_directory,wnba,,,/get-all-players-for-league/wnba,{},20260603T195605Z,2026-06-03T19:56:05+00:00,97ae2ce92752a31dc5f19c440eb211f5b4f6c73da06636fc5593e1cfce47c200,"[""players""]",1641653,Ashley Joens,players_directory,2026-06-03T19:56:08+00:00,20260603T195605Z,617bd51605a34219d6e385b2af6c237819060bece55d3bd70236f9fec676bcfe
1641654,Stephanie Soares,players_directory,wnba,,,/get-all-players-for-league/wnba,{},20260603T195605Z,2026-06-03T19:56:05+00:00,6e2af0e2e67064260d375fb803d422f28351b5705a097ce932bb9e5f235b203c,"[""players""]",1641654,Stephanie Soares,players_directory,2026-06-03T19:56:08+00:00,20260603T195605Z,e51628ed110954a7acc9bd3f7594aa90047b9fc58359d31f268bbfcb3f42e674
1641656,Laeticia Amihere,players_directory,wnba,,,/get-all-players-for-league/wnba,{},20260603T195605Z,2026-06-03T19:56:05+00:00,b40d441657b57b3656f2beb71b0ab027541f8e44575154a01bcee2532e038f61,"[""players""]",1641656,Laeticia Amihere,players_directory,2026-06-03T19:56:08+00:00,20260603T195605Z,7e0a92e4e28c342646a18fd5abe9b097cf71bd5a131d4b84c7ed647459bb9a33
1641657,Dorka Juhász,players_directory,wnba,,,/get-all-players-for-league/wnba,{},20260603T195605Z,2026-06-03T19:56:05+00:00,f2f6d069d0e1acc4b419252cae90fe7ec3a212e52c6316d022a2d553fd2b1707,"[""players""]",1641657,Dorka Juhász,players_directory,2026-06-03T19:56:08+00:00,20260603T195605Z,ea06b3c6dd80d776b929383ae49d8f4f91dd7f9d04deec658bc96f6ec11aadbb
1641658,Grace Berger,players_directory,wnba,,,/get-all-players-for-league/wnba,{},20260603T195605Z,2026-06-03T19:56:05+00:00,5f13d92bded93cf839f382716e9fbd015b44634391750a173e5d7a38f507734d,"[""players""]",1641658,Grace Berger,players_directory,2026-06-03T19:56:08+00:00,20260603T195605Z,52d7c96761cf6b40e979c01110110b99f51b2f6fabaf8e4bb5baf2f6d38a02ab
1641659,Taylor Mikesell,players_directory,wnba,,,/get-all-players-for-league/wnba,{},20260603T195605Z,2026-06-03T19:56:05+00:00,95a458c95fed13dcc28b29ce6182b08a6dafc45dfec2b4a52ef1f48faac4c24b,"[""players""]",1641659,Taylor Mikesell,players_directory,2026-06-03T19:56:08+00:00,20260603T195605Z,313a375ed355032d5dd3462db59bc0359d13215be896d7a25491c2a739fa5715
1641660,Zia Cooke,players_directory,wnba,,,/get-all-players-for-league/wnba,{},20260603T195605Z,2026-06-03T19:56:05+00:00,451125865a2d06025745a8016fdb6156d5413f95c389a4f9fb21b8f4d5b2652c,"[""players""]",1641660,Zia Cooke,players_directory,2026-06-03T19:56:08+00:00,20260603T195605Z,3e9179b82e8a88735fdd83936e76b943813dc42b7bd0942c7e8db448d54cff50
1641661,Lou Lopez Sénéchal,players_directory,wnba,,,/get-all-players-for-league/wnba,{},20260603T195605Z,2026-06-03T19:56:05+00:00,2e2313c55845eb3646b53ae46b5be7c74d4674cf179e7ae0a4580f6e1825aed5,"[""players""]",1641661,Lou Lopez Sénéchal,players_directory,2026-06-03T19:56:08+00:00,20260603T195605Z,89269e84737d73596174680b2b3673a800616dddb90c9015a0403848665536c1
1641665,Leigha Brown,players_directory,wnba,,,/get-all-players-for-league/wnba,{},20260603T195605Z,2026-06-03T19:56:05+00:00,e114bec9d53647b12f32aaafa33a057bbba6dbe8a2829a35536414b2c4dfc366,"[""players""]",1641665,Leigha Brown,players_directory,2026-06-03T19:56:08+00:00,20260603T195605Z,f572fb5daf0a86c7b34cd34f5a3170da11e66b45f7f7016d28521d6230bf8afe
1641667,Taylor Soule,players_directory,wnba,,,/get-all-players-for-league/wnba,{},20260603T195605Z,2026-06-03T19:56:05+00:00,db2b6951e52b44b8325453f1c5de6dc631c01db929609b2b678883ccba0e35d8,"[""players""]",1641667,Taylor Soule,players_directory,2026-06-03T19:56:08+00:00,20260603T195605Z,7f33fd1ccbe2e44c769a1c4bf2f8ea5383f228aa6ffffea96ecf2611656f8af8
1641670,Madi Williams,players_directory,wnba,,,/get-all-players-for-league/wnba,{},20260603T195605Z,2026-06-03T19:56:05+00:00,8433696ad8a798bca0b824e07d52623465ed47e9bc853b54d4fa703596c4d912,"[""players""]",1641670,Madi Williams,players_directory,2026-06-03T19:56:08+00:00,20260603T195605Z,4f93a188f87a1c0b4679ad1418e6e263fb4d0509e22953fb7be1eb3260b779f9
1641671,Abby Meyers,players_directory,wnba,,,/get-all-players-for-league/wnba,{},20260603T195605Z,2026-06-03T19:56:05+00:00,9f3708822e73c565a0027c9a76de6725fe9d729b48b33992bd1eec0e9ceb0958,"[""players""]",1641671,Abby Meyers,players_directory,2026-06-03T19:56:08+00:00,20260603T195605Z,d994da8f7331e9c1870302afb0463380250f4c58fede55df54394fcdf9f158cc
1641672,Kayana Traylor,players_directory,wnba,,,/get-all-players-for-league/wnba,{},20260603T195605Z,2026-06-03T19:56:05+00:00,fbc3dc89fb3c5c829e0c98aab62cee36aacb596ba8aab6de4607055a6d28b83a,"[""players""]",1641672,Kayana Traylor,players_directory,2026-06-03T19:56:08+00:00,20260603T195605Z,5b1213966278a2a4214e1d3594ce3602db304be6bb75c18a749b7d3682c13451
1641675,Dulcy Fankam Mendjiadeu,players_directory,wnba,,,/get-all-players-for-league/wnba,{},20260603T195605Z,2026-06-03T19:56:05+00:00,029684825cb29e6489486d05434a8638eb7ce766bd2f6dfd2d609ff06f3ad792,"[""players""]",1641675,Dulcy Fankam Mendjiadeu,players_directory,2026-06-03T19:56:08+00:00,20260603T195605Z,3fda7bfa14b3bd5deaea00fc92d04fbb455f4d44d34ab47d55fef2401bc4393e
1641683,Holly Winterburn,players_directory,wnba,,,/get-all-players-for-league/wnba,{},20260603T195605Z,2026-06-03T19:56:05+00:00,93584d6de3d25dbc4d41d6daf895b60e45e2b1917a8585c3a7175d810c05ec1f,"[""players""]",1641683,Holly Winterburn,players_directory,2026-06-03T19:56:08+00:00,20260603T195605Z,ff50afb295f460e791d2e0f0a9cdff241d6985be5ec76ac2da97843c3cc5dcc1
1641687,Victaria Saxton,players_directory,wnba,,,/get-all-players-for-league/wnba,{},20260603T195605Z,2026-06-03T19:56:05+00:00,f4a7c50ee0666c8832e12f50648439c1b4b742f57270357e1e45789545a751bd,"[""players""]",1641687,Victaria Saxton,players_directory,2026-06-03T19:56:08+00:00,20260603T195605Z,c701ae1d720cf36453f8b84d74d65ef4265214462a2499f1aee7bd675eb90e73
1641690,Kadi Sissoko,players_directory,wnba,,,/get-all-players-for-league/wnba,{},20260603T195605Z,2026-06-03T19:56:05+00:00,132a7aed2d263a3b19ae1c74a8e36a3c281872d0916daee94053a990b43e5b6e,"[""players""]",1641690,Kadi Sissoko,players_directory,2026-06-03T19:56:08+00:00,20260603T195605Z,45cdb74eaac29d766d305cdad036478280fbba065061535c76775cdfcd3d5fbc
1641695,Ashten Prechtel,players_directory,wnba,,,/get-all-players-for-league/wnba,{},20260603T195605Z,2026-06-03T19:56:05+00:00,cdff07af1d7a7369f6d527c488b4ac6d3233cbcd1833c64928048412083780d3,"[""players""]",1641695,Ashten Prechtel,players_directory,2026-06-03T19:56:08+00:00,20260603T195605Z,6abd9e30e747abd35c01021d863c65b134765f9d28749ae3e247ecfc0c3c6034
1641698,Caitlin Bickle,players_directory,wnba,,,/get-all-players-for-league/wnba,{},20260603T195605Z,2026-06-03T19:56:05+00:00,e2cd2a537c6b8816c6e93cba7e11fc9c576dfb2f4b65694ea79ff7913468c0bc,"[""players""]",1641698,Caitlin Bickle,players_directory,2026-06-03T19:56:08+00:00,20260603T195605Z,effc0a5005f42fce735448d68e1a88648ea8a8ce4f473c70d9abae8ddad615ab
1641700,Liz Dixon,players_directory,wnba,,,/get-all-players-for-league/wnba,{},20260603T195605Z,2026-06-03T19:56:05+00:00,64051751756559926ae6c03baaa7eb4e9797c71941409c138178a9d999a767f9,"[""players""]",1641700,Liz Dixon,players_directory,2026-06-03T19:56:08+00:00,20260603T195605Z,cd0d785c9474702eab795faaa0116d901039c61de1500667991aab5a33a00705
1642210,Julie Vanloo,players_directory,wnba,,,/get-all-players-for-league/wnba,{},20260603T195605Z,2026-06-03T19:56:05+00:00,ebd56a3cb1a22f570a13dafcb71d328e532179293ad16106f0a1cc488569d5a7,"[""players""]",1642210,Julie Vanloo,players_directory,2026-06-03T19:56:08+00:00,20260603T195605Z,c7d7a57c15666568e036b572f3c29795d370a945d417b79705a60d73ec5851b3
1642240,Jaelyn Brown,players_directory,wnba,,,/get-all-players-for-league/wnba,{},20260603T195605Z,2026-06-03T19:56:05+00:00,45f9cf9a5ed2c4f5fa895394c3b180a7fc5d468efdd6d3a029c2e262f2c3dd88,"[""players""]",1642240,Jaelyn Brown,players_directory,2026-06-03T19:56:08+00:00,20260603T195605Z,9e54e4fe0887c86dfaf944b64ef1514b54e83f334f61a076ff151b23a7ec6c3c
1642244,Sevgi Uzun,players_directory,wnba,,,/get-all-players-for-league/wnba,{},20260603T195605Z,2026-06-03T19:56:05+00:00,e3e1165ec3c61b4524cce7de319f4c76ac84d029767950975dcc5506d6ea3092,"[""players""]",1642244,Sevgi Uzun,players_directory,2026-06-03T19:56:08+00:00,20260603T195605Z,265da8a856b074a3be11ae1f64c45943d56527dfaa0c6245bcd8a3cea548e51c
1642286,Caitlin Clark,players_directory,wnba,,,/get-all-players-for-league/wnba,{},20260603T195605Z,2026-06-03T19:56:05+00:00,7c399df6694607bb54a8a787fff87d27975353e99030ff26a404f5049029bc6e,"[""players""]",1642286,Caitlin Clark,players_directory,2026-06-03T19:56:08+00:00,20260603T195605Z,dd98a34268edb88e25192f83cb87c3f573c722e3b8d6ea2a71d3e4c347909df9
1642287,Cameron Brink,players_directory,wnba,,,/get-all-players-for-league/wnba,{},20260603T195605Z,2026-06-03T19:56:05+00:00,81942753ad50162e83006353f903aaf6e4b11e0c83fb4a911c198f0820748edc,"[""players""]",1642287,Cameron Brink,players_directory,2026-06-03T19:56:08+00:00,20260603T195605Z,54a8b99851dd92d7fb3c245d2806399a4e0a9710204ad138d8ce668244a97665
1642288,Rickea Jackson,players_directory,wnba,,,/get-all-players-for-league/wnba,{},20260603T195605Z,2026-06-03T19:56:05+00:00,f24e4dddba054346a34baf701ec6d58f1ad95124b798cbf9f497e07e81b9483c,"[""players""]",1642288,Rickea Jackson,players_directory,2026-06-03T19:56:08+00:00,20260603T195605Z,26c97217ba9f8cdd280edb735fc03e48a0ab5efd6732b079bfdf0fe819d9b648
1642289,Kamilla Cardoso,players_directory,wnba,,,/get-all-players-for-league/wnba,{},20260603T195605Z,2026-06-03T19:56:05+00:00,fb4ed2ad1f2f29b8b040ba377b9e7b07076c2986203a6d40852b9ff97841a66f,"[""players""]",1642289,Kamilla Cardoso,players_directory,2026-06-03T19:56:08+00:00,20260603T195605Z,a8852b38225046c1da2c0dcbc76e125d37e37bb0c038787e429769aa64bb9320
1642290,Aaliyah Edwards,players_directory,wnba,,,/get-all-players-for-league/wnba,{},20260603T195605Z,2026-06-03T19:56:05+00:00,0a0c0c2f0fccf9a3d395dc4c42eb78a3be8998016e761924d0392e6c74f2424b,"[""players""]",1642290,Aaliyah Edwards,players_directory,2026-06-03T19:56:08+00:00,20260603T195605Z,fe5ee689662c68b69c7c862101dc7ccf3a46a6ce83ae20039bfd5627a5772cdd
1642291,Angel Reese,players_directory,wnba,,,/get-all-players-for-league/wnba,{},20260603T195605Z,2026-06-03T19:56:05+00:00,58595591da653e503fd40e642904af89d2f75fc3d3ee04c1fd044ef28aac005f,"[""players""]",1642291,Angel Reese,players_directory,2026-06-03T19:56:08+00:00,20260603T195605Z,6af4f67f6174861109d72f70e1e2f49ebea0657298b975d80846739352ca6f45
1642292,Jacy Sheldon,players_directory,wnba,,,/get-all-players-for-league/wnba,{},20260603T195605Z,2026-06-03T19:56:05+00:00,b52422625abced518d5b42c5b41324462d98a26243690d998c8e3e7a52cf9cef,"[""players""]",1642292,Jacy Sheldon,players_directory,2026-06-03T19:56:08+00:00,20260603T195605Z,01129ff68528d5ab9959c92ce585505ba0cada1f891750f8829de07392fae787
1642293,Alissa Pili,players_directory,wnba,,,/get-all-players-for-league/wnba,{},20260603T195605Z,2026-06-03T19:56:05+00:00,8f6ae6abdd68fbcfed4a79d6548cce48227332bbf3e474112071f2e2826fee13,"[""players""]",1642293,Alissa Pili,players_directory,2026-06-03T19:56:08+00:00,20260603T195605Z,65617d96c792f26ff05ea49f766f79e7cf99addf5ee42fa89d1a91efc60ffd81
1642294,Charisma Osborne,players_directory,wnba,,,/get-all-players-for-league/wnba,{},20260603T195605Z,2026-06-03T19:56:05+00:00,5ca4d9ae9e72fe3ceaaa558cd8266c81a310de4d3cfe8e4366817e421f7de99b,"[""players""]",1642294,Charisma Osborne,players_directory,2026-06-03T19:56:08+00:00,20260603T195605Z,fd3ebee5876e0d0e1e8db3a65fcce90f54346d22ee60cf891f561b7e96ec505c
1642295,Elizabeth Kitley,players_directory,wnba,,,/get-all-players-for-league/wnba,{},20260603T195605Z,2026-06-03T19:56:05+00:00,cab3bdbff96c6baea0e19fa6a4d69f7238185cd8913bad59ea21f5c88fc1849c,"[""players""]",1642295,Elizabeth Kitley,players_directory,2026-06-03T19:56:08+00:00,20260603T195605Z,90865c96be376bba82855ec05eaa7775eb0d8b283ccf43ba126dd4effe498b89
1642296,Nyadiew Puoch,players_directory,wnba,,,/get-all-players-for-league/wnba,{},20260603T195605Z,2026-06-03T19:56:05+00:00,830a298d5384e7f5c903f1a53ad1619f4f47c74d05111bffca36d7d34a924c46,"[""players""]",1642296,Nyadiew Puoch,players_directory,2026-06-03T19:56:08+00:00,20260603T195605Z,ed133fc53b6778b0726d00435ddac3e21cc644d6391fc53b851dff591a1f06b3
1642298,Celeste Taylor,players_directory,wnba,,,/get-all-players-for-league/wnba,{},20260603T195605Z,2026-06-03T19:56:05+00:00,1e7c07be0f705e576a4742bcc148086d6c071c6732129d309b8c48889904b0e7,"[""players""]",1642298,Celeste Taylor,players_directory,2026-06-03T19:56:08+00:00,20260603T195605Z,84307e09f513ed00dc17802e35b7effeb724cf0c6395dfe2956a73e22112c70b
1642299,Nika Mühl,players_directory,wnba,,,/get-all-players-for-league/wnba,{},20260603T195605Z,2026-06-03T19:56:05+00:00,6be33766aefe2e46a9e370867602c6be6e86b42d6aa7480bf830e595ae618d92,"[""players""]",1642299,Nika Mühl,players_directory,2026-06-03T19:56:08+00:00,20260603T195605Z,ffeb52400628b458442205ac1f289aca05d1e9fc785bdc2a75b59ecc95d8145e
1642300,Dyaisha Fair,players_directory,wnba,,,/get-all-players-for-league/wnba,{},20260603T195605Z,2026-06-03T19:56:05+00:00,fba8b59a7375fe25313b04596b7b9c42858abea6ac07084dba7b3b29a705b2ed,"[""players""]",1642300,Dyaisha Fair,players_directory,2026-06-03T19:56:08+00:00,20260603T195605Z,854d4efb797f11856ac268d9911187a4ad3bb6c29b54f1531fb95dc0b494dab6
1642301,Marquesha Davis,players_directory,wnba,,,/get-all-players-for-league/wnba,{},20260603T195605Z,2026-06-03T19:56:05+00:00,c78db1f19ccb4600ce7ae6ec38c6e79d11a75a092c26cfae7d1a27c0217e5345,"[""players""]",1642301,Marquesha Davis,players_directory,2026-06-03T19:56:08+00:00,20260603T195605Z,298274b5aa1ace6aa72e5bff5315d72b54c54c6a4f7a25161e0b4d4397927531
1642302,Isobel Borlase,players_directory,wnba,,,/get-all-players-for-league/wnba,{},20260603T195605Z,2026-06-03T19:56:05+00:00,fee7c989d020d7e56fe871515732b8d6ddb3284493c41400469f105d63bfbfb6,"[""players""]",1642302,Isobel Borlase,players_directory,2026-06-03T19:56:08+00:00,20260603T195605Z,a221d3a70f98258e03d83aa6e42e6c898ede4f91d4e28ca3fce26396b0043eba
1642303,Leila Lacan,players_directory,wnba,,,/get-all-players-for-league/wnba,{},20260603T195605Z,2026-06-03T19:56:05+00:00,3b19474d382ae5470271e2b4f5fb64e671eb76b50c4215ab0bcb923de95fa9da,"[""players""]",1642303,Leila Lacan,players_directory,2026-06-03T19:56:08+00:00,20260603T195605Z,5a09f7dabe1600b240a2f8c5f7cbb90bd481140da47776953f1b8061148fe2fe
1642304,Carla Leite,players_directory,wnba,,,/get-all-players-for-league/wnba,{},20260603T195605Z,2026-06-03T19:56:05+00:00,0c9d52414ada0cab013d54506db7df2128cc8ac711e3f2e2542496a51ab3216a,"[""players""]",1642304,Carla Leite,players_directory,2026-06-03T19:56:08+00:00,20260603T195605Z,73b81bfd453d24b3b91d8f1b3a222e1c589967f61922b35d433c1d4e60ec9395
1642305,Jessika Carter,players_directory,wnba,,,/get-all-players-for-league/wnba,{},20260603T195605Z,2026-06-03T19:56:05+00:00,210e93f7c01c9c7a95b544288a820c1035160c8b92a668919a72f9d6c80f1009,"[""players""]",1642305,Jessika Carter,players_directory,2026-06-03T19:56:08+00:00,20260603T195605Z,3f6f4a2c97c3a282b55a93d650379c7f5aab7731f5103ced91cbed861545ca7d
1642307,Mackenzie Holmes,players_directory,wnba,,,/get-all-players-for-league/wnba,{},20260603T195605Z,2026-06-03T19:56:05+00:00,924f259b0b59858e4c3b6221aad29140449b6809a4a498cfd176825633ab22b8,"[""players""]",1642307,Mackenzie Holmes,players_directory,2026-06-03T19:56:08+00:00,20260603T195605Z,4970c25542b93070d95735fb45370f4f7a784282f0dfe22e76cffb7529ff96d8
1642309,Jakia Brown-Turner,players_directory,wnba,,,/get-all-players-for-league/wnba,{},20260603T195605Z,2026-06-03T19:56:05+00:00,287a6dd0930cad377517a6059607f4c4614313ef8efe411870a0b9958a746305,"[""players""]",1642309,Jakia Brown-Turner,players_directory,2026-06-03T19:56:08+00:00,20260603T195605Z,6429fd9a58ed9492d8c66c1c985cb72d604eec5548bba40683f74a7d99f66be3
1642320,Jaylyn Sherrod,players_directory,wnba,,,/get-all-players-for-league/wnba,{},20260603T195605Z,2026-06-03T19:56:05+00:00,e4205cfda7980eab1a81765594619ad5c961fe2447789d9df60e33c132bd5405,"[""players""]",1642320,Jaylyn Sherrod,players_directory,2026-06-03T19:56:08+00:00,20260603T195605Z,9f98822501751c47f9a3f9d45d5e6fece76ba7e9395ca4fcb25e4f9e8cbf03f1
1642321,Sydney Taylor,players_directory,wnba,,,/get-all-players-for-league/wnba,{},20260603T195605Z,2026-06-03T19:56:05+00:00,e8c9bb0e318fabfee3f82098c7b175ed4a0d021d7aee243460c4494c8ed54c01,"[""players""]",1642321,Sydney Taylor,players_directory,2026-06-03T19:56:08+00:00,20260603T195605Z,4c33e20ae93bbc8f8b212f598faba8aa1cddae76c42eb76f04c2428834698d84
1642324,Kate Martin,players_directory,wnba,,,/get-all-players-for-league/wnba,{},20260603T195605Z,2026-06-03T19:56:05+00:00,db901707957113dd69e5f9a36e77b38370bf438e0ec609a4735a9324c273af75,"[""players""]",1642324,Kate Martin,players_directory,2026-06-03T19:56:08+00:00,20260603T195605Z,a5e982b56318e08352bccb86e17ef292b57fcbc34ff017251b7ead45d27a7458
1642344,Camryn Taylor,players_directory,wnba,,,/get-all-players-for-league/wnba,{},20260603T195605Z,2026-06-03T19:56:05+00:00,e8157e94e63cac2f7b998a8efe13a3b824226752addb91bccf3979ef9d39f8eb,"[""players""]",1642344,Camryn Taylor,players_directory,2026-06-03T19:56:08+00:00,20260603T195605Z,8f341217daea4f69721cc160f87299dece5681cff508247f9eef881fb28aec47
1642534,Ezinne Kalu,players_directory,wnba,,,/get-all-players-for-league/wnba,{},20260603T195605Z,2026-06-03T19:56:05+00:00,7d8f6817baeb6c95bb3ba3804ff35a7056dd095d135a3c918fda6e4079e307ee,"[""players""]",1642534,Ezinne Kalu,players_directory,2026-06-03T19:56:08+00:00,20260603T195605Z,aa97cbbb32e916102aad53a6eaef12d07c41bd4150c96664514c0a1a242bc7c3
1642763,Marième Badiane,players_directory,wnba,,,/get-all-players-for-league/wnba,{},20260603T195605Z,2026-06-03T19:56:05+00:00,12960493d2c24d6e48d4c5d2e25530ea14b6381bdd03e168223db353cd9d6bf7,"[""players""]",1642763,Marième Badiane,players_directory,2026-06-03T19:56:08+00:00,20260603T195605Z,bb06949f8059643c2235fd71f610095b44f607ed3c7182b05bc3669356121012
1642767,Janelle Salaün,players_directory,wnba,,,/get-all-players-for-league/wnba,{},20260603T195605Z,2026-06-03T19:56:05+00:00,594c43b2ed8d1d72e2fa21e2ec01b5716ddb2ee7f21fe631da6bef6790655f39,"[""players""]",1642767,Janelle Salaün,players_directory,2026-06-03T19:56:08+00:00,20260603T195605Z,eeda35f02e0dc48c427b4feb412fe9ab23175d0e7df0e025334793c49116d460
1642768,Kyara Linskens,players_directory,wnba,,,/get-all-players-for-league/wnba,{},20260603T195605Z,2026-06-03T19:56:05+00:00,f96af20b0722cf27a82a58153fb175761b28c55e1c31ed78d3078d378437ec9e,"[""players""]",1642768,Kyara Linskens,players_directory,2026-06-03T19:56:08+00:00,20260603T195605Z,a7b659cdfb6d54765bf4f1c9eb9b1cc2bc77a45d8a9e5cea216fd8a927977217
1642773,Kariata Diaby,players_directory,wnba,,,/get-all-players-for-league/wnba,{},20260603T195605Z,2026-06-03T19:56:05+00:00,eb2649327e1267bb69388967544dbea0851c723f5ed1e9cac9e030c992ef61a9,"[""players""]",1642773,Kariata Diaby,players_directory,2026-06-03T19:56:08+00:00,20260603T195605Z,ae234d3b4ddb5763c578adc24141601717ce8c7162c11775cfa2ee1ebe40ada4
1642774,Murjanatu Musa,players_directory,wnba,,,/get-all-players-for-league/wnba,{},20260603T195605Z,2026-06-03T19:56:05+00:00,6a60161fd7f52dfbe0ec42a4ac0fdf9acb57ebc893998dc432b8a6ca0e525a41,"[""players""]",1642774,Murjanatu Musa,players_directory,2026-06-03T19:56:08+00:00,20260603T195605Z,1dc3eef46e034fdacbc2eac51608ce9a8520b7cc3196613f907313fc36baa86e
1642775,Alex Wilson,players_directory,wnba,,,/get-all-players-for-league/wnba,{},20260603T195605Z,2026-06-03T19:56:05+00:00,69275abbebce3fe681f4afdfb71440c1d6a8a539a948dcef6c3bdb93d1f3b06f,"[""players""]",1642775,Alex Wilson,players_directory,2026-06-03T19:56:08+00:00,20260603T195605Z,4e902cf427cf7fa600bb8d2f4c86d253e8461592f8d95a2170f53dfdd410204e
1642777,Monique Akoa Makani,players_directory,wnba,,,/get-all-players-for-league/wnba,{},20260603T195605Z,2026-06-03T19:56:05+00:00,e0387c53aa9c27e0ea2246a2e2906dbe15c976508e82cedfac24a604e443fcb4,"[""players""]",1642777,Monique Akoa Makani,players_directory,2026-06-03T19:56:08+00:00,20260603T195605Z,5a68465310d85633431ce02ba9ffff300ba24fea5ca742133a8f294029f88176
1642781,Georgia Amoore,players_directory,wnba,,,/get-all-players-for-league/wnba,{},20260603T195605Z,2026-06-03T19:56:05+00:00,c8552ccdafceeddb74bf249f30735af3685096fbda97e02a4f260bc2f79c2661,"[""players""]",1642781,Georgia Amoore,players_directory,2026-06-03T19:56:08+00:00,20260603T195605Z,254827b62a584b7be50916f65a84308a68fdc05d140ab25b36feef1a392bceb9
1642782,Sarah Ashlee Barker,players_directory,wnba,,,/get-all-players-for-league/wnba,{},20260603T195605Z,2026-06-03T19:56:05+00:00,63f2d1677bfb5051eadb8bee90377bbbe2da8a0280bf130c1a45daf313700535,"[""players""]",1642782,Sarah Ashlee Barker,players_directory,2026-06-03T19:56:08+00:00,20260603T195605Z,4c632c12e6909bfd2ab8a610fed9073788888a13fdc509b403e63b29b4fedb70
1642784,Paige Bueckers,players_directory,wnba,,,/get-all-players-for-league/wnba,{},20260603T195605Z,2026-06-03T19:56:05+00:00,7f587a5ac2b1731176ac2dc8413dee3de8c69961a70c31722319662c860d2956,"[""players""]",1642784,Paige Bueckers,players_directory,2026-06-03T19:56:08+00:00,20260603T195605Z,4ce6357f30c698491b96c5b6ea343e0548630ba47f2ad1aa4b86f96f99974254
1642785,Sonia Citron,players_directory,wnba,,,/get-all-players-for-league/wnba,{},20260603T195605Z,2026-06-03T19:56:05+00:00,2368b55cc2e64fb34b583ca7f5d643c34d1134fcc741c4cbb7a6245de3703457,"[""players""]",1642785,Sonia Citron,players_directory,2026-06-03T19:56:08+00:00,20260603T195605Z,42cf3996ee8aa2e331b8aa493c66fab36eebdab064fcf010a1475b440ef08b88
1642786,Aicha Coulibaly,players_directory,wnba,,,/get-all-players-for-league/wnba,{},20260603T195605Z,2026-06-03T19:56:05+00:00,05cd090d4fb83c10592976b6e967dcf004315a47a2a579a123caed3e5590f2b3,"[""players""]",1642786,Aicha Coulibaly,players_directory,2026-06-03T19:56:08+00:00,20260603T195605Z,c86f6a209da78417a2d71ec47123377f23c4d8e285cbc4367edc3fc9f6855054
1642788,Bree Hall,players_directory,wnba,,,/get-all-players-for-league/wnba,{},20260603T195605Z,2026-06-03T19:56:05+00:00,c5510b23e5c3e886d9c1b9debb8b911041781bca24a0ec01a11c26e9aac54261,"[""players""]",1642788,Bree Hall,players_directory,2026-06-03T19:56:08+00:00,20260603T195605Z,b4664936eb8573e5f5d16da5f266197b48ba9afd3480c1aa6f88daecdcdd0de0
1642790,Sania Feagin,players_directory,wnba,,,/get-all-players-for-league/wnba,{},20260603T195605Z,2026-06-03T19:56:05+00:00,12c52e32e7e02f8a87950afd07d1704cc853f6bd159a4a5e9f3b34b93919e912,"[""players""]",1642790,Sania Feagin,players_directory,2026-06-03T19:56:08+00:00,20260603T195605Z,b62ece4e685596d009f90d03667173e11907db81278ff1733f3f45b647fd79fe
1642792,Kiki Iriafen,players_directory,wnba,,,/get-all-players-for-league/wnba,{},20260603T195605Z,2026-06-03T19:56:05+00:00,0223459dae3cba12708b79d927c3893934a2fd29d37da29d756c48cbf477c6d8,"[""players""]",1642792,Kiki Iriafen,players_directory,2026-06-03T19:56:08+00:00,20260603T195605Z,051bed029d1fd929f73172a78cf9c94f9d538886cab05f02c2625017774b6b30
1642793,Aziaha James,players_directory,wnba,,,/get-all-players-for-league/wnba,{},20260603T195605Z,2026-06-03T19:56:05+00:00,aba86fd1eaa9b17bd5a7ba3276311084bd8f75d9af9cfbe9e63aaae493db37cc,"[""players""]",1642793,Aziaha James,players_directory,2026-06-03T19:56:08+00:00,20260603T195605Z,53274b0dc201ec439b9bdd0899c32fd30de22abbd485e606d3e09b2bdabbb4eb
1642794,Juste Jocyte,players_directory,wnba,,,/get-all-players-for-league/wnba,{},20260603T195605Z,2026-06-03T19:56:05+00:00,f87f656bf266710c7f1636b2e54f165ea010c968a89aaaec3313cc21bf722cab,"[""players""]",1642794,Juste Jocyte,players_directory,2026-06-03T19:56:08+00:00,20260603T195605Z,8d2ec43d27a834a0131feb5c7324c878291edc4ef173b6c239b6f8035b1f2509
1642796,Rayah Marshall,players_directory,wnba,,,/get-all-players-for-league/wnba,{},20260603T195605Z,2026-06-03T19:56:05+00:00,f8593d30a0e62b8ffa44967ebda9aa06cd8e43ba8a520e0860e432dc860a429d,"[""players""]",1642796,Rayah Marshall,players_directory,2026-06-03T19:56:08+00:00,20260603T195605Z,9244e77a588a673d884659a7bf56910c3bae7bd7050d7cae1f35d5748742b6ae
1642797,Anastasiia Olairi Kosu,players_directory,wnba,,,/get-all-players-for-league/wnba,{},20260603T195605Z,2026-06-03T19:56:05+00:00,66e571b8ce56a1c25aee5685adca20cb2baeb8b695df8ac37832bfad83ce9c13,"[""players""]",1642797,Anastasiia Olairi Kosu,players_directory,2026-06-03T19:56:08+00:00,20260603T195605Z,ff070297d31722ed4e137357d61cee5ee0964d53dae74e1c398f157dc15aea04
1642798,Dominique Malonga,players_directory,wnba,,,/get-all-players-for-league/wnba,{},20260603T195605Z,2026-06-03T19:56:05+00:00,417c41d99034f72fc18ac84c6459d188c82acdc9d9ebdc4f91703d88601611b0,"[""players""]",1642798,Dominique Malonga,players_directory,2026-06-03T19:56:08+00:00,20260603T195605Z,f1ed39d3dbf720026c0bfc75564e4694c18153821ba51026d181bcfd14b73648
1642799,Megan McConnell,players_directory,wnba,,,/get-all-players-for-league/wnba,{},20260603T195605Z,2026-06-03T19:56:05+00:00,e2f0dd42498040e4b26266ca505139ffb55a5103afd92954fe3ec9223cbaca8b,"[""players""]",1642799,Megan McConnell,players_directory,2026-06-03T19:56:08+00:00,20260603T195605Z,0eee71ce3bb09b081480503a9a3bc7c0c392458dd42c386fff7370d7b3dbc3f2
1642800,Aneesah Morrow,players_directory,wnba,,,/get-all-players-for-league/wnba,{},20260603T195605Z,2026-06-03T19:56:05+00:00,290b2e8b770a2accf9bffe2b0178f292a712896ceb5d6f7a8c0de8b9dfb1be2f,"[""players""]",1642800,Aneesah Morrow,players_directory,2026-06-03T19:56:08+00:00,20260603T195605Z,e840a2c67a12b08ad6eaf8b0f997a889089e98fb8d81c71a678d19f5ad0a07c8
1642801,Aaliyah Nye,players_directory,wnba,,,/get-all-players-for-league/wnba,{},20260603T195605Z,2026-06-03T19:56:05+00:00,d5a0b4639acc39cdb86a87587952010328a667053c0fb0da7609dedcd0a65d2a,"[""players""]",1642801,Aaliyah Nye,players_directory,2026-06-03T19:56:08+00:00,20260603T195605Z,09c3a8c136534f36aaae9f2f57561fdc84e80e7865bd8c3a162be80414586191
1642802,Lucy Olsen,players_directory,wnba,,,/get-all-players-for-league/wnba,{},20260603T195605Z,2026-06-03T19:56:05+00:00,3c1d1e9379d09383e5ab70001ae15ca5f6daa9bb68c2c39d4c3380304a7f5ec7,"[""players""]",1642802,Lucy Olsen,players_directory,2026-06-03T19:56:08+00:00,20260603T195605Z,94a18e8bfe6e3e2e2230ba3bf300d67515b705523cbb5c1db7f51a2e73a6ab2f
1642804,Te-Hina Paopao,players_directory,wnba,,,/get-all-players-for-league/wnba,{},20260603T195605Z,2026-06-03T19:56:05+00:00,a1b1fec66071901c9693ef9c6102267ea45a0c4bb61e546aa2566140800e0710,"[""players""]",1642804,Te-Hina Paopao,players_directory,2026-06-03T19:56:08+00:00,20260603T195605Z,01f95ee766bf2382bbb1142c6386974125e3f48c7049c0df9de15468c1a24aef
1642808,JJ Quinerly,players_directory,wnba,,,/get-all-players-for-league/wnba,{},20260603T195605Z,2026-06-03T19:56:05+00:00,7ff5e04fbfa1190d1ef313cf4fcd47f94f0c2e947ed0a9372aacf7d4f3e1d7cb,"[""players""]",1642808,JJ Quinerly,players_directory,2026-06-03T19:56:08+00:00,20260603T195605Z,25c3fd75dfa5a0202f574a94a3ff6927a379c465a6bb469f5de18bdc99960401
1642809,Saniya Rivers,players_directory,wnba,,,/get-all-players-for-league/wnba,{},20260603T195605Z,2026-06-03T19:56:05+00:00,c4a793d50ef59cffc34cb2d5db9ba37b1383f9b475e15113488789be5255d636,"[""players""]",1642809,Saniya Rivers,players_directory,2026-06-03T19:56:08+00:00,20260603T195605Z,6f08b369612b991c9bf63fd9826dc8902f173ab8cc3f6da007b49ac9e4938155
1642810,Madison Scott,players_directory,wnba,,,/get-all-players-for-league/wnba,{},20260603T195605Z,2026-06-03T19:56:05+00:00,f63ea03ed9548f8436c3a312c83d500924fb8911502ecbdde00650c51332093c,"[""players""]",1642810,Madison Scott,players_directory,2026-06-03T19:56:08+00:00,20260603T195605Z,554a4a1a3ae7a4b5c898e5ed7c9d0984f5af9f2522ee3163e66b6a74f12c4625
1642813,Serena Sundell,players_directory,wnba,,,/get-all-players-for-league/wnba,{},20260603T195605Z,2026-06-03T19:56:05+00:00,bec562f43cda5120a9b836977714137f0eb6518e8a3ecd225f1d9b566266bbec,"[""players""]",1642813,Serena Sundell,players_directory,2026-06-03T19:56:08+00:00,20260603T195605Z,719c44960a9b90207bcfe98f9cc32405db3a473d58e87df84b81407d3e576e66
1642814,Taylor Thierry,players_directory,wnba,,,/get-all-players-for-league/wnba,{},20260603T195605Z,2026-06-03T19:56:05+00:00,89881a0f1f87a0a7400e7d0c60922ca5e96e54fee8451966f519f4ce6a13e94c,"[""players""]",1642814,Taylor Thierry,players_directory,2026-06-03T19:56:08+00:00,20260603T195605Z,31ef9464920909784d30eb4f2dbf9c2cc81642691131520e0de7b0ec23a4f249
1642815,Makayla Timpson,players_directory,wnba,,,/get-all-players-for-league/wnba,{},20260603T195605Z,2026-06-03T19:56:05+00:00,3b1afa92f577cb0c19693b6c75b5be681ff1ddaa87818c2aa15051627098d4b8,"[""players""]",1642815,Makayla Timpson,players_directory,2026-06-03T19:56:08+00:00,20260603T195605Z,dc28069c5df63a541953694ad7d393032b4829e0b352d46508254965dfca5724
1642817,Hailey Van Lith,players_directory,wnba,,,/get-all-players-for-league/wnba,{},20260603T195605Z,2026-06-03T19:56:05+00:00,90efa3b46c4fbb22e6b42766e19582a00c15df410bd432712a3caa1737afddd3,"[""players""]",1642817,Hailey Van Lith,players_directory,2026-06-03T19:56:08+00:00,20260603T195605Z,7d2ad70f8f13a14b02e1e34d0464401f2a9d7858efc72deec3754d8138e6c031
1642818,Maddy Westbeld,players_directory,wnba,,,/get-all-players-for-league/wnba,{},20260603T195605Z,2026-06-03T19:56:05+00:00,11a9b1a7dfef75170cba97308902b7600f57230fa03d5abb7ae3a66bd9dadf69,"[""players""]",1642818,Maddy Westbeld,players_directory,2026-06-03T19:56:08+00:00,20260603T195605Z,eff989c58f1ec15bd634a4196824100804331995040209e86dc1805de74d52d3
1642820,Liatu King,players_directory,wnba,,,/get-all-players-for-league/wnba,{},20260603T195605Z,2026-06-03T19:56:05+00:00,a722361b0f2ed5884573f3350a192592ea329d845d4c42951327b64c09b4a352,"[""players""]",1642820,Liatu King,players_directory,2026-06-03T19:56:08+00:00,20260603T195605Z,bf34728e4b739fa91c534cadb803e883342d55b84e078febf25ff34c605242df
1642822,Kaitlyn Chen,players_directory,wnba,,,/get-all-players-for-league/wnba,{},20260603T195605Z,2026-06-03T19:56:05+00:00,ce8f24dbfab022d4db1bfdeffcf10e42938b779e0551c4d804bbb2de89bc7a7e,"[""players""]",1642822,Kaitlyn Chen,players_directory,2026-06-03T19:56:08+00:00,20260603T195605Z,8602105288166897d108ac827804bc00be3ad1ca83373c8d812220a32ca54ebf
1642826,Aubrey Griffin,players_directory,wnba,,,/get-all-players-for-league/wnba,{},20260603T195605Z,2026-06-03T19:56:05+00:00,7d58234da3aa09faa6e1188ec3f24770a841cf06f1e0029cce2707fc991a9a1c,"[""players""]",1642826,Aubrey Griffin,players_directory,2026-06-03T19:56:08+00:00,20260603T195605Z,02c8d97af830265687df98af525a890d7725913a95f8e1a923f528f74d927431
1642828,Ajae Petty,players_directory,wnba,,,/get-all-players-for-league/wnba,{},20260603T195605Z,2026-06-03T19:56:05+00:00,92043a8d236d4f10b77fa36f6fc2e7459efd7f08a70731ac1c4254e0637d4b48,"[""players""]",1642828,Ajae Petty,players_directory,2026-06-03T19:56:08+00:00,20260603T195605Z,ae2f169f7a815b04c92ff62115d5b6e2e7877baf6c6b23cdba1fb49263875100
1642841,Mamignan Touré,players_directory,wnba,,,/get-all-players-for-league/wnba,{},20260603T195605Z,2026-06-03T19:56:05+00:00,685e0ad5fc694fb8040559b9b36e3491a176d9189fc5e191275dbc740707ef0c,"[""players""]",1642841,Mamignan Touré,players_directory,2026-06-03T19:56:08+00:00,20260603T195605Z,c9cc51c970f84f369d78a6bdb0d76b551dc0a628e236db94ae0640b32e750368
1643154,Kyra Lambert,players_directory,wnba,,,/get-all-players-for-league/wnba,{},20260603T195605Z,2026-06-03T19:56:05+00:00,9c4376762bd9638b81fd8f76c67097395415d4edd8487be3fc56110615fdc0f9,"[""players""]",1643154,Kyra Lambert,players_directory,2026-06-03T19:56:08+00:00,20260603T195605Z,29734f2111207ece82472f2ddd7a1624592c3382b33aa4ab53fa8627d6f42d86
1643420,Laura Juskaite,players_directory,wnba,,,/get-all-players-for-league/wnba,{},20260603T195605Z,2026-06-03T19:56:05+00:00,a7b3f39678ed12e8ed2679ecd622e78501069a08052964fd97b6caf3d7d0ff29,"[""players""]",1643420,Laura Juskaite,players_directory,2026-06-03T19:56:08+00:00,20260603T195605Z,2acb5e08bae1cf30d343907fae759eff1310de13f0c0e2ffe38f49d04710e4eb
1643424,Costanza Verona,players_directory,wnba,,,/get-all-players-for-league/wnba,{},20260603T195605Z,2026-06-03T19:56:05+00:00,7ecc3bfdabdca56f9b19b940a126d130b45f623dc029e5c5c725e284b2422e99,"[""players""]",1643424,Costanza Verona,players_directory,2026-06-03T19:56:08+00:00,20260603T195605Z,24dc9a5466c7555e4f2a5f813e15a1a4a54da0f5aed66f491b305a65e16a3c2b
1643425,Azzi Fudd,players_directory,wnba,,,/get-all-players-for-league/wnba,{},20260603T195605Z,2026-06-03T19:56:05+00:00,373c7e6136ae368dd33d0e23e7b58caf190966d8e1515065d999afdbeb57ef97,"[""players""]",1643425,Azzi Fudd,players_directory,2026-06-03T19:56:08+00:00,20260603T195605Z,9097fd7249f9de6b5a114d765fc2aa6daf17f8601b4c5063b06e042869163d33
1643426,Olivia Miles,players_directory,wnba,,,/get-all-players-for-league/wnba,{},20260603T195605Z,2026-06-03T19:56:05+00:00,50c878bda93564a9313f5050674cbbc13151760dd2475c03b5cb9dea78440e9a,"[""players""]",1643426,Olivia Miles,players_directory,2026-06-03T19:56:08+00:00,20260603T195605Z,14c7ae5e1e2acd05e3f7d24f406d4f6646534e08c93587819b6e8630415495a9
1643427,Lauren Betts,players_directory,wnba,,,/get-all-players-for-league/wnba,{},20260603T195605Z,2026-06-03T19:56:05+00:00,d5619ccea06a8a97b62f997cc4b84e00b0d1f34b01c2b7fb9471f88a9b355d97,"[""players""]",1643427,Lauren Betts,players_directory,2026-06-03T19:56:08+00:00,20260603T195605Z,3cc9745250d904c449594c241b2649f8dba9aea5f6b8423fe847111b57d5b42a
1643428,Flau'jae Johnson,players_directory,wnba,,,/get-all-players-for-league/wnba,{},20260603T195605Z,2026-06-03T19:56:05+00:00,54b57e039a54d37fdb07e68c603c3e750a8c77ab9196bcd609d6d608869f9480,"[""players""]",1643428,Flau'jae Johnson,players_directory,2026-06-03T19:56:08+00:00,20260603T195605Z,e664f5af6c0b1ea76625f1f29c26770d6d1d4dedf2bf87547ce4b5f35e28d56d
1643429,Gianna Kneepkens,players_directory,wnba,,,/get-all-players-for-league/wnba,{},20260603T195605Z,2026-06-03T19:56:05+00:00,7613633fd9054f562fd99ad8e712412ec8a3373693394ae54dde04310509991b,"[""players""]",1643429,Gianna Kneepkens,players_directory,2026-06-03T19:56:08+00:00,20260603T195605Z,9b73ce52dd8eb654d47d4d1f3f188ee453fbc84a63c0a5020bbcb0dfe6318379
1643430,Cotie McMahon,players_directory,wnba,,,/get-all-players-for-league/wnba,{},20260603T195605Z,2026-06-03T19:56:05+00:00,caeca49d54521b3d4c3df076ffbbbcf344a844f63922a651dfe8d805a3e71185,"[""players""]",1643430,Cotie McMahon,players_directory,2026-06-03T19:56:08+00:00,20260603T195605Z,a1c1ee0854ca4278c367d4a9f036d27bcb604b5c2cde3e68b47bf78f34c86a3b
1643431,Madina Okot,players_directory,wnba,,,/get-all-players-for-league/wnba,{},20260603T195605Z,2026-06-03T19:56:05+00:00,bfd0e9c8f9f8ab9ab418bd1843a587e89eddfea53f129200711ace3a15c1e5de,"[""players""]",1643431,Madina Okot,players_directory,2026-06-03T19:56:08+00:00,20260603T195605Z,7322d0a0a8cfa3df56b2a52dc0c2a63b5011dda11dbe423684e99097da4f1ce6
1643433,Raven Johnson,players_directory,wnba,,,/get-all-players-for-league/wnba,{},20260603T195605Z,2026-06-03T19:56:05+00:00,a3ef7c0bfa90f54773f1aedcdc44eee7608882286bcbc625e1e1c9d8ee58a6dc,"[""players""]",1643433,Raven Johnson,players_directory,2026-06-03T19:56:08+00:00,20260603T195605Z,29209655200a630e8f4fdecd37f2c5453970c4e7a54afb1f982fa3bc86802249
1643434,Janiah Barker,players_directory,wnba,,,/get-all-players-for-league/wnba,{},20260603T195605Z,2026-06-03T19:56:05+00:00,4eccc523b4205d3554ba7b45c44706598dc224e9148b7a1f868c58b24666a79f,"[""players""]",1643434,Janiah Barker,players_directory,2026-06-03T19:56:08+00:00,20260603T195605Z,809f966025a4952099f0935f6b7b659a2d182c9473d6f60e6e1b3414ec35b6d4
1643436,Serah Williams,players_directory,wnba,,,/get-all-players-for-league/wnba,{},20260603T195605Z,2026-06-03T19:56:05+00:00,bba8506b35588133abe24bc3636b9e387cffcae542ee2b9d2ca0b615d57ada6f,"[""players""]",1643436,Serah Williams,players_directory,2026-06-03T19:56:08+00:00,20260603T195605Z,ce438ba472be288aeb05c2e52f40505575e2b4b60106c240736dd492722be866
1643437,Ashlon Jackson,players_directory,wnba,,,/get-all-players-for-league/wnba,{},20260603T195605Z,2026-06-03T19:56:05+00:00,28a146e58b2ce8f89cf7ac131f5a9b8d900185ddc548fade17a600c3b0fe0c99,"[""players""]",1643437,Ashlon Jackson,players_directory,2026-06-03T19:56:08+00:00,20260603T195605Z,d0069750569d67e693b65ee61cb278089d92d062da7e92ef6791327488b765b2
1643438,Marta Suarez,players_directory,wnba,,,/get-all-players-for-league/wnba,{},20260603T195605Z,2026-06-03T19:56:05+00:00,69ab3d4d14b404b59578706669b4a9f9f7587e9f560e8f1d07149e69bc3c8262,"[""players""]",1643438,Marta Suarez,players_directory,2026-06-03T19:56:08+00:00,20260603T195605Z,38dccfa5cb1a7acd0a9af0fa533c1e9cae478507d43bef1117c1d23ffb47ebc2
1643440,Darianna Littlepage-Buggs,players_directory,wnba,,,/get-all-players-for-league/wnba,{},20260603T195605Z,2026-06-03T19:56:05+00:00,247d9746e1157e59fbdf11d64f982e5c9606843b2ed67cdbaf2a42f695940ff4,"[""players""]",1643440,Darianna Littlepage-Buggs,players_directory,2026-06-03T19:56:08+00:00,20260603T195605Z,cc578f8ef8d6261c8e0da258dd38cd070a6751e6383bfc8b8502d852a599e379
1643441,Raegan Beers,players_directory,wnba,,,/get-all-players-for-league/wnba,{},20260603T195605Z,2026-06-03T19:56:05+00:00,2874eb841fbda1a0a84638bc551e55f1e47df7be04e3a418361b7adf0129455a,"[""players""]",1643441,Raegan Beers,players_directory,2026-06-03T19:56:08+00:00,20260603T195605Z,e314dcbf46afe38a6b00c2f94686bac5bbbf40ef7aa73ff382b02feef8744f76
1643443,Awa Fam,players_directory,wnba,,,/get-all-players-for-league/wnba,{},20260603T195605Z,2026-06-03T19:56:05+00:00,3360dbc506d1d04007520317c9eece5ec5779a61556e5a37827ed7f371540317,"[""players""]",1643443,Awa Fam,players_directory,2026-06-03T19:56:08+00:00,20260603T195605Z,42d6508d15d0ac47fa5c9012f507b9379fc5c9b0ca3b89e9b327f89c9e4cd6a3
1643444,Ta'Niya Latson,players_directory,wnba,,,/get-all-players-for-league/wnba,{},20260603T195605Z,2026-06-03T19:56:05+00:00,dca47144aada4ce815d88871f5e399d791333d162b22abf8f262159829922545,"[""players""]",1643444,Ta'Niya Latson,players_directory,2026-06-03T19:56:08+00:00,20260603T195605Z,2ef00df68398a0a2167a8c9dab25d18fc0550b0912e25d4418e4f308660d1802
1643445,Kiki Rice,players_directory,wnba,,,/get-all-players-for-league/wnba,{},20260603T195605Z,2026-06-03T19:56:05+00:00,b2a85219b32675b72c537c29fae0a47e9a5fca7f13101eaf201fe96d0ee940e8,"[""players""]",1643445,Kiki Rice,players_directory,2026-06-03T19:56:08+00:00,20260603T195605Z,d5d15f4ca3a311a6b45de8e1929bec11392765d83fbadedeb3356b51cadfc76a
1643447,Gabriela Jaquez,players_directory,wnba,,,/get-all-players-for-league/wnba,{},20260603T195605Z,2026-06-03T19:56:05+00:00,62564af8a615b489153483247cd6b70d071a9ed70e25807e216b2eb51e30678c,"[""players""]",1643447,Gabriela Jaquez,players_directory,2026-06-03T19:56:08+00:00,20260603T195605Z,b2dde4e9c584e3505ec018efb51041d0d4ae3b1bed33c4baea2c32a090d5d48e
1643448,Nell Angloma,players_directory,wnba,,,/get-all-players-for-league/wnba,{},20260603T195605Z,2026-06-03T19:56:05+00:00,c53e8b344d75df79bf515895189e4092bdb0dac28e8f145aa281213ca8ff53e8,"[""players""]",1643448,Nell Angloma,players_directory,2026-06-03T19:56:08+00:00,20260603T195605Z,c8b000259384dd8242145848ac8ccef5e854538189b770642c253550bbda64e2
1643449,Charlisse Leger-Walker,players_directory,wnba,,,/get-all-players-for-league/wnba,{},20260603T195605Z,2026-06-03T19:56:05+00:00,0638a035d9d7e8518c3724147f6916bb48bfa77c220b099395e88c648bbda215,"[""players""]",1643449,Charlisse Leger-Walker,players_directory,2026-06-03T19:56:08+00:00,20260603T195605Z,c68962fa933a66fdb8a9bde7d3a266a704bff68946ab6d38f8a085677d5ca66d
1643450,Rori Harmon,players_directory,wnba,,,/get-all-players-for-league/wnba,{},20260603T195605Z,2026-06-03T19:56:05+00:00,3377c4aeb5df29f53adcfdd05416f82146abf8ff8dd19b3ecd7abfb7a08d7e9b,"[""players""]",1643450,Rori Harmon,players_directory,2026-06-03T19:56:08+00:00,20260603T195605Z,1334b9a903b6e8239d961390f25947e5c00d5c017d9b29818a937764f3eb0fa6
1643453,Grace VanSlooten,players_directory,wnba,,,/get-all-players-for-league/wnba,{},20260603T195605Z,2026-06-03T19:56:05+00:00,c505237cd3116e7e24b65d4d6ad5bea74392b31cedadb5037863847aabc2036e,"[""players""]",1643453,Grace VanSlooten,players_directory,2026-06-03T19:56:08+00:00,20260603T195605Z,5dd22ae9b4f20eb8ab7791ff8f801f503e1dcc1b0f5ef04147cc07577acea993
1643455,Angela Dugalic,players_directory,wnba,,,/get-all-players-for-league/wnba,{},20260603T195605Z,2026-06-03T19:56:05+00:00,5803841964b8c17f9de4ae59fa1526c9d04cecf228985d1a606c9bcc2c2aac09,"[""players""]",1643455,Angela Dugalic,players_directory,2026-06-03T19:56:08+00:00,20260603T195605Z,9b6fca09c1ed0624be7e945bfbab9f3a83e4b7f28a6d8006ef6b4b316e6b2921
1643457,Teonni Key,players_directory,wnba,,,/get-all-players-for-league/wnba,{},20260603T195605Z,2026-06-03T19:56:05+00:00,6ef6ac4a9c70ac9aa8072d2edb3438dfb4e7cc10709f340bad7d6ca49e14a6dc,"[""players""]",1643457,Teonni Key,players_directory,2026-06-03T19:56:08+00:00,20260603T195605Z,8f4f42e4fc6e6a88e587e1f472e1cd235b13cd743185bbd7ce519af26ebd0c7c
1643458,Saylor Poffenbarger,players_directory,wnba,,,/get-all-players-for-league/wnba,{},20260603T195605Z,2026-06-03T19:56:05+00:00,1227e5bde1eb7f0268eed1c352cd18d4222d69e737b9fbfe86417858e7dc4a79,"[""players""]",1643458,Saylor Poffenbarger,players_directory,2026-06-03T19:56:08+00:00,20260603T195605Z,1d8151eca8bfb2bf2f3201ece9983880cba5ef522bbf04db3bde4d6296c38754
1643461,Laura Ziegler,players_directory,wnba,,,/get-all-players-for-league/wnba,{},20260603T195605Z,2026-06-03T19:56:05+00:00,ad96f7c2965f3f181683e0532378751a815a8953b7a75b8a9c19b3ea244e6cb8,"[""players""]",1643461,Laura Ziegler,players_directory,2026-06-03T19:56:08+00:00,20260603T195605Z,532fe5ac9337adb5588e6fad7f16eae14b2d799479ce20591ef95db178be1dc3
1643462,Chance Gray,players_directory,wnba,,,/get-all-players-for-league/wnba,{},20260603T195605Z,2026-06-03T19:56:05+00:00,fc27377ac2959f3a9a7ae9b8bae1addf780925c2f4fa19a43b7fa0fa39d3b5d7,"[""players""]",1643462,Chance Gray,players_directory,2026-06-03T19:56:08+00:00,20260603T195605Z,c40b55a3613edb4b254ee165fd979010a762c9fbbcb90fa79f59821eaf7ad0ad
1643467,Cassandre Prosper,players_directory,wnba,,,/get-all-players-for-league/wnba,{},20260603T195605Z,2026-06-03T19:56:05+00:00,5f1306d61dc1be811a1a7837b163cefdce7140d84334270eda2c4b1ec110e832,"[""players""]",1643467,Cassandre Prosper,players_directory,2026-06-03T19:56:08+00:00,20260603T195605Z,bb79974c7d2d68757c329d08bc47e20daf6098773b081e4800c1499ffad8d827
1643469,Indya Nivar,players_directory,wnba,,,/get-all-players-for-league/wnba,{},20260603T195605Z,2026-06-03T19:56:05+00:00,f77622ce756f1995729b0fd32b08e83e4015f1b5ffa490a86443227a1bf113c2,"[""players""]",1643469,Indya Nivar,players_directory,2026-06-03T19:56:08+00:00,20260603T195605Z,eddcd6df9cdbc31793adad19bee5c0fe2b765d0ab2c81e8593e41371307fe72a
1643470,Shay Ciezki,players_directory,wnba,,,/get-all-players-for-league/wnba,{},20260603T195605Z,2026-06-03T19:56:05+00:00,8da37affc9fb69981ae3ed154e53581bda77a56a5dd287c41ae547d302f8b6b9,"[""players""]",1643470,Shay Ciezki,players_directory,2026-06-03T19:56:08+00:00,20260603T195605Z,fa4281ba0ec2bff22582ac8aeb60ee1c012ad5dd2d3e97b468cb90661d9c23a3
1643473,Taina Mair,players_directory,wnba,,,/get-all-players-for-league/wnba,{},20260603T195605Z,2026-06-03T19:56:05+00:00,18d5509ae3e5a6b72eb7f558c163fd2b4fe123730300a6a33a5bbde95d0b9f1b,"[""players""]",1643473,Taina Mair,players_directory,2026-06-03T19:56:08+00:00,20260603T195605Z,6fe86d5b4a7a9ef3cf92d9616bfae65ee66b54086008075a27301bc4d09e545d
1643479,Ndjakalenga Mwenentanda,players_directory,wnba,,,/get-all-players-for-league/wnba,{},20260603T195605Z,2026-06-03T19:56:05+00:00,eeacd27fbd725c0b35c0411c3df91090241c9110d22badbb8f7146084c348bfa,"[""players""]",1643479,Ndjakalenga Mwenentanda,players_directory,2026-06-03T19:56:08+00:00,20260603T195605Z,8264be002d1c315ec9ab674051839f4c711f396118a8731e53440b92d1c64791
1643487,Quionche Carter,players_directory,wnba,,,/get-all-players-for-league/wnba,{},20260603T195605Z,2026-06-03T19:56:05+00:00,9910dd332c121256afab52b431c467ecdabfee2b16704e29dd94eeec4f5964f9,"[""players""]",1643487,Quionche Carter,players_directory,2026-06-03T19:56:08+00:00,20260603T195605Z,55c4d724c4d7d834ce461e7f2c608542b338e9a4fb10687d878410bd4f14c53c
1643488,Emma Cechova,players_directory,wnba,,,/get-all-players-for-league/wnba,{},20260603T195605Z,2026-06-03T19:56:05+00:00,d08ec3b48091d7d0689605f7384b8f52f7660db004762bfe6135ca91224be20e,"[""players""]",1643488,Emma Cechova,players_directory,2026-06-03T19:56:08+00:00,20260603T195605Z,7378184a2a16d89d17698fb594b3d74394e6ebbca9764f54cf2abeb56f3d51ce
1643489,Antonia Delaere,players_directory,wnba,,,/get-all-players-for-league/wnba,{},20260603T195605Z,2026-06-03T19:56:05+00:00,91a04db9b4419b1d4c8147f80f3c716aeaa636ef2d537fcc7c7d1912f980fa6a,"[""players""]",1643489,Antonia Delaere,players_directory,2026-06-03T19:56:08+00:00,20260603T195605Z,9659d15dd661f1a3357df70f94af6cab968066e18b8c7a61ee7c27b9d989becb
1643490,Eliska Hamzova,players_directory,wnba,,,/get-all-players-for-league/wnba,{},20260603T195605Z,2026-06-03T19:56:05+00:00,654d5d4b10348cf61865a559e31e802909a9b12d29084c46994f3766c51e09fa,"[""players""]",1643490,Eliska Hamzova,players_directory,2026-06-03T19:56:08+00:00,20260603T195605Z,75d3f9f34358419bad43367d741d57d09af6e795310be3c342e7fd2d9b65777d
1643493,Noemie Brochant,players_directory,wnba,,,/get-all-players-for-league/wnba,{},20260603T195605Z,2026-06-03T19:56:05+00:00,dd6453bb781b6b426ebb33d66fcbf9aea86bcb4b8e5cb6df428a4cc77abe9651,"[""players""]",1643493,Noemie Brochant,players_directory,2026-06-03T19:56:08+00:00,20260603T195605Z,489a35f3811740a3e36e89dfc728f4f5a7a00e359dd09c01c2b258fce88510e4
1643494,Frieda Buhner,players_directory,wnba,,,/get-all-players-for-league/wnba,{},20260603T195605Z,2026-06-03T19:56:05+00:00,951d101f65c973021208e49a03a0620bb419fdb85064d56270f3a781c09d6d4f,"[""players""]",1643494,Frieda Buhner,players_directory,2026-06-03T19:56:08+00:00,20260603T195605Z,bd03db9fefc9c686708628e1f5bdbd0626bfcb3bf3efd8036c46ae83aebfc319
1643495,Justine Pissott,players_directory,wnba,,,/get-all-players-for-league/wnba,{},20260603T195605Z,2026-06-03T19:56:05+00:00,c44c4616ee161e6321f750c61a8581bc0699bf4946afbdcc92144dbbe1425f05,"[""players""]",1643495,Justine Pissott,players_directory,2026-06-03T19:56:08+00:00,20260603T195605Z,3f2b173bf5647c57d38ecdaf98c7b7ffd4a4385126ab818bad007c8d8297497a
1643505,Jovana Nogic,players_directory,wnba,,,/get-all-players-for-league/wnba,{},20260603T195605Z,2026-06-03T19:56:05+00:00,98bb876adf826e4ab7ee0b9939d6d3196d40025ab136c526b1342690238805a1,"[""players""]",1643505,Jovana Nogic,players_directory,2026-06-03T19:56:08+00:00,20260603T195605Z,a04ea13c665a2bf5305603814ee64bd3612df5c7cd22be4962deb905a409ccf5
1643506,Teja Oblak,players_directory,wnba,,,/get-all-players-for-league/wnba,{},20260603T195605Z,2026-06-03T19:56:05+00:00,b9ca2ed2fa84293c2a4120d97658dd84334861440c534fb4eaafc24b3e7522e0,"[""players""]",1643506,Teja Oblak,players_directory,2026-06-03T19:56:08+00:00,20260603T195605Z,08c40d631e80cd770baf30578028ae6fc78e43256ea3d93579f096090926f0d5
1643525,Alex Fowler,players_directory,wnba,,,/get-all-players-for-league/wnba,{},20260603T195605Z,2026-06-03T19:56:05+00:00,f7b52980bfdab23248703e28970c2e6b3e9daf4b11774d5084675cf25d1eb430,"[""players""]",1643525,Alex Fowler,players_directory,2026-06-03T19:56:08+00:00,20260603T195605Z,c4fec42b593f4fb84942f6f4c92b62120e325a6c98dddb0be971ed29ec1c3c8f
1643527,Jordan Harrison,players_directory,wnba,,,/get-all-players-for-league/wnba,{},20260603T195605Z,2026-06-03T19:56:05+00:00,7dac2ed65df55d930ff1dc7087e51de1cd8fb61e9806acc6839a6c3772528a55,"[""players""]",1643527,Jordan Harrison,players_directory,2026-06-03T19:56:08+00:00,20260603T195605Z,1e60b09e6b0e5c31ec631c113dd0cead9406a5ca6fe5f16175526158ec625b36
1643644,Alicia Florez Getino,players_directory,wnba,,,/get-all-players-for-league/wnba,{},20260603T195605Z,2026-06-03T19:56:05+00:00,2e7f9ea86aecbd24b76f1deee47d010fdd22e12c4ff2c3b9321558a735443fd0,"[""players""]",1643644,Alicia Florez Getino,players_directory,2026-06-03T19:56:08+00:00,20260603T195605Z,04f809c9ff05cd20e92b8a1d06b155c01b6ad6344b6ed2e823119621309fee4a
1643647,Tima Pouye,players_directory,wnba,,,/get-all-players-for-league/wnba,{},20260603T195605Z,2026-06-03T19:56:05+00:00,81d5b50d7a5f43cec5a52f6d3478ee94e6e879bbbe5db86daa89f02020fb0b84,"[""players""]",1643647,Tima Pouye,players_directory,2026-06-03T19:56:08+00:00,20260603T195605Z,d4223bc9420ddce6880f0aa3c20489469c22b41315033932ba2852259e97cc63
196295930,Teja Oblak,players_directory,wnba,,,/get-all-players-for-league/wnba,{},20260603T195605Z,2026-06-03T19:56:05+00:00,c1494f6d7a53fa2cd88a08471b822548c069565536f30c297184e5cf1b9af73f,"[""players""]",196295930,Teja Oblak,players_directory,2026-06-03T19:56:08+00:00,20260603T195605Z,21a98f36de931b71082cf09a85d8fc6530420e6e4dfd722e6f48eccbeee1c00d
