Minutes,OffPoss,DefPoss,PenaltyOffPoss,SecondChanceOffPoss,TotalPoss,AtRimFGM,AtRimFGA,SecondChanceAtRimFGM,SecondChanceAtRimFGA,ShortMidRangeFGM,ShortMidRangeFGA,LongMidRangeFGM,LongMidRangeFGA,Corner3FGA,Arc3FGM,Arc3FGA,SecondChanceArc3FGM,SecondChanceArc3FGA,PenaltyArc3FGM,PenaltyArc3FGA,FG2M,FG2A,FG3M,FG3A,FtPoints,Points,SecondChanceFG2M,SecondChanceFG2A,SecondChanceFG3M,SecondChanceFG3A,SecondChanceFtPoints,SecondChancePoints,PenaltyFG2M,PenaltyFG2A,PenaltyFG3M,PenaltyFG3A,PenaltyFtPoints,PenaltyPoints,PtsAssisted2s,PtsUnassisted2s,PtsAssisted3s,PtsUnassisted3s,PtsPutbacks,NonHeaveArc3FGA,NonHeaveArc3FGM,Fg2aBlocked,TwoPtAssists,ThreePtAssists,Assists,Arc3Assists,AtRimAssists,ShortMidRangeAssists,LongMidRangeAssists,AssistPoints,OffThreePtRebounds,OffTwoPtRebounds,DefThreePtRebounds,DefTwoPtRebounds,FTDefRebounds,DefRebounds,OffRebounds,Rebounds,Steals,BadPassSteals,LostBallSteals,LiveBallTurnovers,BadPassOutOfBoundsTurnovers,BadPassTurnovers,DeadBallTurnovers,LostBallTurnovers,Turnovers,PenaltyTurnovers,ShootingFouls,Fouls,Offensive Fouls,FoulsDrawn,Offensive Fouls Drawn,FTA,2pt And 1 Free Throw Trips,TwoPtShootingFoulsDrawn,ThreePtShootingFoulsDrawn,Blocked2s,Blocked3s,BlockedArc3,BlockedAtRim,BlockedShortMidRange,Blocks,RecoveredBlocks,FirstChancePoints,PenaltyPointsExcludingTakeFouls,PenaltyOffPossExcludingTakeFouls,Assisted2sPct,NonPutbacksAssisted2sPct,Assisted3sPct,Fg3Pct,SecondChanceFg3Pct,PenaltyFg3Pct,NonHeaveFg3Pct,Fg2Pct,SecondChanceFg2Pct,PenaltyFg2Pct,EfgPct,SecondChanceEfgPct,PenaltyEfgPct,TsPct,SecondChanceTsPct,PenaltyTsPct,FG3APct,FG2APctBlocked,ShortMidRangePctBlocked,LongMidRangePctBlocked,LiveBallTurnoverPct,DefFTReboundPct,DefTwoPtReboundPct,OffTwoPtReboundPct,DefThreePtReboundPct,OffThreePtReboundPct,DefFGReboundPct,OffFGReboundPct,OffShortMidRangeReboundPct,OffLongMidRangeReboundPct,OffArc3ReboundPct,DefAtRimReboundPct,DefShortMidRangeReboundPct,DefLongMidRangeReboundPct,DefArc3ReboundPct,DefCorner3ReboundPct,Pace,BlocksRecoveredPct,SecondsPerPossOff,SecondsPerPossDef,SecondsExcludingORebsPerPossOff,SecondsExcludingORebsPerPossDef,AtRimFrequency,AtRimAccuracy,UnblockedAtRimAccuracy,AtRimPctAssisted,ShortMidRangeFrequency,ShortMidRangeAccuracy,UnblockedShortMidRangeAccuracy,ShortMidRangePctAssisted,LongMidRangeFrequency,LongMidRangeAccuracy,UnblockedLongMidRangeAccuracy,LongMidRangePctAssisted,Corner3Frequency,Arc3Frequency,Arc3Accuracy,UnblockedArc3Accuracy,Arc3PctAssisted,SecondChanceAtRimFrequency,SecondChanceAtRimAccuracy,SecondChanceArc3Frequency,SecondChanceArc3Accuracy,PenaltyArc3Frequency,PenaltyArc3Accuracy,AtRimFG3AFrequency,NonHeaveArc3Accuracy,ShotQualityAvg,SecondChanceShotQualityAvg,PenaltyShotQualityAvg,ShootingFoulsDrawnPct,TwoPtShootingFoulsDrawnPct,ThreePtShootingFoulsDrawnPct,SecondChancePointsPct,PenaltyPointsPct,Avg2ptShotDistance,Avg3ptShotDistance,PenaltyOffPossPct,Date,GameId,Opponent,TeamId,TeamName,TeamAbbreviation,PenaltyDefPoss,PenaltyAtRimFGM,PenaltyAtRimFGA,Corner3FGM,PenaltyCorner3FGM,PenaltyCorner3FGA,Fg3aBlocked,Corner3Assists,StepOutOfBoundsTurnovers,Travels,SecondChanceTurnovers,Charge Fouls,Loose Ball Fouls,Charge Fouls Drawn,Loose Ball Fouls Drawn,NonShootingFoulsDrawn,NonShootingPenaltyNonTakeFoulsDrawn,FG3APctBlocked,AtRimPctBlocked,Arc3PctBlocked,Corner3Accuracy,UnblockedCorner3Accuracy,Corner3PctAssisted,PenaltyAtRimFrequency,PenaltyAtRimAccuracy,PenaltyCorner3Frequency,PenaltyCorner3Accuracy,SecondChanceCorner3FGM,SecondChanceCorner3FGA,FTOffRebounds,SelfOReb,LostBallOutOfBoundsTurnovers,NonShootingPenaltyNonTakeFouls,Corner3PctBlocked,OffFTReboundPct,OffAtRimReboundPct,OffCorner3ReboundPct,SelfORebPct,SecondChanceAtRimPctAssisted,SecondChanceCorner3Frequency,SecondChanceCorner3Accuracy,SecondChanceCorner3PctAssisted,Technical Free Throw Trips,Defensive 3 Seconds Violations,BlockedCorner3,SecondChanceArc3PctAssisted,3pt And 1 Free Throw Trips,BlockedLongMidRange,OffensiveGoaltends,Clear Path Fouls
40:00,82,83,13.0,9,165,12.0,12.0,3.0,3.0,11.0,32,4.0,9.0,1.0,11,23,1.0,1.0,2.0,4.0,27,53,11,24,12,99,4.0,7.0,1.0,1.0,1.0,12.0,3.0,7.0,2.0,4.0,1.0,13.0,32,22,21.0,12.0,4.0,23,11,8.0,16,7.0,23,7.0,7.0,7.0,2.0,53,1.0,8.0,10,21,1.0,32,9,41,11,6.0,5.0,5,1.0,4.0,3.0,1.0,8,2.0,3,10,1.0,15,3.0,15,2.0,7,1.0,3.0,1.0,1.0,1.0,2.0,4.0,3.0,87,13.0,13.0,0.5925925925925926,0.64,0.6363636363636364,0.4583333333333333,1.0,0.5,0.4583333333333333,0.5094339622641509,0.5714285714285714,0.42857142857142855,0.564935064935065,0.6875,0.5454545454545454,0.5963855421686747,0.6666666666666666,0.5416666666666666,0.3116883116883117,0.1509433962264151,0.21875,0.1111111111111111,0.625,1.0,0.8076923076923077,0.3076923076923077,0.7692307692307693,0.07692307692307693,0.7948717948717948,0.23076923076923078,0.3333333333333333,0.2,0.08333333333333333,1.0,0.7272727272727273,0.8333333333333334,0.8,0.6666666666666666,99.0,0.75,15.25731707317073,13.842168674698796,14.598780487804877,13.449397590361448,0.15584415584415584,1.0,1.0,0.5833333333333334,0.4155844155844156,0.34375,0.44,0.6363636363636364,0.11688311688311688,0.4444444444444444,0.5,0.5,0.012987012987012988,0.2987012987012987,0.4782608695652174,0.4782608695652174,0.6363636363636364,0.375,1.0,0.125,1.0,0.36363636363636365,0.5,0.4675324675324675,0.4782608695652174,0.46792142857142854,0.5116142857142857,0.3926318181818182,0.0963855421686747,0.1206896551724138,0.04,0.12121212121212122,0.13131313131313133,8.281132075471698,26.3875,0.15853658536585366,2026-05-09,1022600005,LVA,1611661317,PHX,PHX,,,,,,,,,,,,,,,,,,,,,,,,,,,,,,,,,,,,,,,,,,,,,,,,,,
39:59,76,76,23.0,4,152,4.0,8.0,,,9.0,16,2.0,8.0,7.0,6,15,,1.0,3.0,7.0,15,32,11,22,16,79,1.0,2.0,,1.0,,2.0,5.0,7.0,4.0,9.0,5.0,27.0,20,10,30.0,3.0,2.0,15,6,3.0,10,10.0,20,5.0,2.0,7.0,1.0,50,,4.0,13,10,,23,4,27,2,1.0,1.0,10,1.0,8.0,7.0,2.0,17,4.0,10,21,2.0,21,2.0,19,1.0,8,,3.0,,,1.0,2.0,3.0,2.0,77,27.0,23.0,0.6666666666666666,0.7142857142857143,0.9090909090909091,0.5,,0.4444444444444444,0.5,0.46875,0.5,0.7142857142857143,0.5833333333333334,0.3333333333333333,0.6875,0.626984126984127,0.3333333333333333,0.7105263157894737,0.4074074074074074,0.09375,0.0625,,0.5882352941176471,,0.7692307692307693,0.23529411764705882,0.6842105263157895,,0.71875,0.14285714285714285,0.14285714285714285,0.5,,1.0,0.625,1.0,0.6666666666666666,0.75,91.20000000000006,0.6666666666666666,14.224999999999975,17.353947368421053,13.93552631578945,16.46578947368421,0.14814814814814814,0.5,0.6666666666666666,0.5,0.2962962962962963,0.5625,0.6,0.7777777777777778,0.14814814814814814,0.25,0.25,0.5,0.12962962962962962,0.2777777777777778,0.4,0.42857142857142855,0.8333333333333334,,,0.3333333333333333,,0.4375,0.42857142857142855,0.5555555555555556,0.4,0.49527499999999997,0.46423333333333333,0.53128125,0.13114754098360656,0.20512820512820512,,0.02531645569620253,0.34177215189873417,8.375,25.245454545454546,0.3026315789473684,2026-05-10,1022600011,GSV,1611661317,PHX,PHX,14.0,2.0,3.0,5.0,1.0,2.0,1.0,5.0,1.0,1.0,1.0,1.0,1.0,1.0,2.0,2.0,1.0,0.045454545454545456,0.25,0.06666666666666667,0.7142857142857143,0.7142857142857143,1.0,0.1875,0.6666666666666666,0.125,0.5,,,,,,,,,,,,,,,,,,,,,,,
40:00,81,80,25.0,13,161,14.0,26.0,3.0,5.0,2.0,10,1.0,6.0,8.0,6,21,,1.0,,7.0,17,42,9,29,23,84,3.0,7.0,1.0,4.0,4.0,13.0,4.0,12.0,1.0,10.0,12.0,23.0,22,12,27.0,,4.0,21,6,3.0,11,9.0,20,6.0,8.0,2.0,1.0,49,7.0,7.0,7,14,3.0,24,15,39,11,6.0,5.0,5,2.0,3.0,6.0,2.0,11,3.0,10,22,3.0,28,4.0,33,4.0,12,1.0,3.0,1.0,1.0,3.0,,4.0,2.0,71,23.0,25.0,0.6470588235294118,0.7333333333333333,1.0,0.3103448275862069,0.25,0.1,0.3103448275862069,0.40476190476190477,0.42857142857142855,0.3333333333333333,0.4295774647887324,0.4090909090909091,0.25,0.49411764705882355,0.43333333333333335,0.38333333333333336,0.4084507042253521,0.07142857142857142,,0.16666666666666666,0.45454545454545453,1.0,0.7,0.2916666666666667,0.5833333333333334,0.3684210526315789,0.65625,0.32558139534883723,0.2857142857142857,,0.2857142857142857,0.6,0.75,0.8333333333333334,0.5454545454545454,1.0,96.6,0.5,15.469135802469136,14.3375,14.604938271604938,13.8125,0.36619718309859156,0.5384615384615384,0.5833333333333334,0.5714285714285714,0.14084507042253522,0.2,0.2,1.0,0.08450704225352113,0.16666666666666666,0.2,1.0,0.11267605633802817,0.29577464788732394,0.2857142857142857,0.2857142857142857,1.0,0.45454545454545453,0.6,0.09090909090909091,,0.3181818181818182,,0.7746478873239436,0.2857142857142857,0.5600885714285715,0.5578071428571428,0.5491,0.1625,0.24,0.03333333333333333,0.15476190476190477,0.27380952380952384,5.264285714285714,25.582758620689653,0.30864197530864196,2026-05-12,1022600013,MIN,1611661317,PHX,PHX,23.0,4.0,8.0,3.0,1.0,3.0,1.0,3.0,,,,,1.0,,4.0,5.0,5.0,0.034482758620689655,0.07692307692307693,,0.375,0.42857142857142855,1.0,0.36363636363636365,0.5,0.13636363636363635,0.3333333333333333,1.0,3.0,1.0,1.0,1.0,1.0,0.125,0.16666666666666666,0.4166666666666667,0.6,0.02564102564102564,0.3333333333333333,0.2727272727272727,0.3333333333333333,1.0,,,,,,,,
40:00,82,83,43.0,13,165,4.0,6.0,2.0,3.0,14.0,32,,3.0,2.0,5,19,,3.0,2.0,12.0,18,41,6,21,37,91,5.0,8.0,,3.0,2.0,12.0,10.0,21.0,3.0,13.0,20.0,49.0,16,20,12.0,6.0,6.0,19,5,7.0,8,4.0,12,3.0,1.0,7.0,,28,4.0,9.0,12,19,2.0,33,14,47,5,5.0,,5,3.0,4.0,10.0,1.0,15,8.0,14,22,3.0,30,3.0,41,1.0,10,1.0,6.0,1.0,1.0,1.0,5.0,7.0,4.0,79,46.0,41.0,0.4444444444444444,0.5333333333333333,0.6666666666666666,0.2857142857142857,,0.23076923076923078,0.2857142857142857,0.43902439024390244,0.625,0.47619047619047616,0.43548387096774194,0.45454545454545453,0.4264705882352941,0.5555555555555556,0.5,0.5454545454545454,0.3387096774193548,0.17073170731707318,0.15625,,0.3333333333333333,0.5,0.8260869565217391,0.391304347826087,0.8571428571428571,0.26666666666666666,0.8378378378378378,0.34210526315789475,0.3888888888888889,0.3333333333333333,0.21428571428571427,1.0,0.7857142857142857,0.8333333333333334,0.9166666666666666,0.5,99.0,0.5714285714285714,15.012195121951219,14.08433734939759,14.146341463414634,13.698795180722891,0.0967741935483871,0.6666666666666666,1.0,0.25,0.5161290322580645,0.4375,0.5185185185185185,0.5,0.04838709677419355,,,,0.03225806451612903,0.3064516129032258,0.2631578947368421,0.2631578947368421,0.6,0.2727272727272727,0.6666666666666666,0.2727272727272727,,0.35294117647058826,0.16666666666666666,0.43548387096774194,0.2631578947368421,0.45153688524590163,0.46633888888888886,0.45470303030303033,0.1527777777777778,0.2,0.045454545454545456,0.13186813186813187,0.5384615384615384,7.3341463414634145,25.87142857142857,0.524390243902439,2026-05-15,1022600024,CHI,1611661317,PHX,PHX,15.0,3.0,5.0,1.0,1.0,1.0,,1.0,1.0,1.0,1.0,,1.0,1.0,2.0,9.0,6.0,,0.3333333333333333,,0.5,0.5,1.0,0.14705882352941177,0.6,0.029411764705882353,1.0,,,1.0,3.0,2.0,1.0,,0.5,0.5,1.0,0.0967741935483871,,,,,1.0,,,,,,,
40:00,81,83,26.0,11,164,21.0,31.0,5.0,5.0,6.0,12,1.0,5.0,5.0,2,17,,,1.0,7.0,28,48,4,22,22,90,5.0,9.0,,,3.0,13.0,5.0,12.0,2.0,10.0,9.0,25.0,32,24,12.0,,6.0,17,2,2.0,16,4.0,20,2.0,11.0,4.0,1.0,44,5.0,6.0,17,10,2.0,29,11,40,6,3.0,3.0,4,2.0,3.0,5.0,1.0,9,2.0,9,17,,26,3.0,28,1.0,9,,1.0,,,1.0,,1.0,,77,25.0,26.0,0.5714285714285714,0.64,1.0,0.18181818181818182,,0.2,0.18181818181818182,0.5833333333333334,0.5555555555555556,0.4166666666666667,0.4857142857142857,0.5555555555555556,0.36363636363636365,0.536144578313253,0.5909090909090909,0.43103448275862066,0.3142857142857143,0.041666666666666664,0.08333333333333333,,0.4444444444444444,1.0,0.5555555555555556,0.3,0.8095238095238095,0.2777777777777778,0.6923076923076923,0.2894736842105263,0.3333333333333333,0.25,0.3333333333333333,0.625,0.6666666666666666,0.25,0.7894736842105263,1.0,98.4,,14.662962962962963,14.606024096385541,14.359259259259261,13.891566265060241,0.44285714285714284,0.6774193548387096,0.7,0.5238095238095238,0.17142857142857143,0.5,0.5454545454545454,0.6666666666666666,0.07142857142857142,0.2,0.2,1.0,0.07142857142857142,0.24285714285714285,0.11764705882352941,0.11764705882352941,1.0,0.5555555555555556,1.0,,,0.3181818181818182,0.14285714285714285,0.7571428571428571,0.11764705882352941,0.5588442857142858,0.5175333333333333,0.4859363636363636,0.11538461538461539,0.16071428571428573,,0.14444444444444443,0.2777777777777778,4.635416666666667,25.14090909090909,0.32098765432098764,2026-05-19,1022600031,TOR,1611661317,PHX,PHX,16.0,3.0,5.0,2.0,1.0,3.0,,2.0,,2.0,,1.0,3.0,,4.0,5.0,5.0,,0.03225806451612903,,0.4,0.4,1.0,0.22727272727272727,0.6,0.13636363636363635,0.3333333333333333,,,,,,2.0,,,0.3,,,0.4,,,,1.0,,,,,,,
40:00,81,81,29.0,12,162,18.0,31.0,4.0,6.0,2.0,9,1.0,4.0,6.0,6,19,,2.0,3.0,7.0,21,44,8,25,22,88,4.0,8.0,,2.0,6.0,14.0,6.0,16.0,3.0,8.0,12.0,33.0,18,24,24.0,,4.0,19,6,4.0,9,8.0,17,6.0,8.0,1.0,,42,5.0,8.0,13,11,1.0,25,15,40,9,5.0,4.0,8,,6.0,5.0,2.0,13,2.0,7,24,2.0,25,2.0,29,3.0,9,,1.0,1.0,1.0,,1.0,2.0,2.0,74,33.0,29.0,0.42857142857142855,0.47368421052631576,1.0,0.32,,0.375,0.32,0.4772727272727273,0.5,0.375,0.4782608695652174,0.4,0.4375,0.5365853658536586,0.5384615384615384,0.515625,0.36231884057971014,0.09090909090909091,0.1111111111111111,,0.6153846153846154,1.0,0.6875,0.36363636363636365,0.7647058823529411,0.29411764705882354,0.7272727272727273,0.3333333333333333,0.2857142857142857,,0.3076923076923077,0.7,0.6666666666666666,,0.7692307692307693,0.75,97.19999999999993,1.0,14.169135802469137,15.46049382716052,13.362962962962964,15.102469135802494,0.4492753623188406,0.5806451612903226,0.6428571428571429,0.4444444444444444,0.13043478260869565,0.2222222222222222,0.25,0.5,0.057971014492753624,0.25,0.25,,0.08695652173913043,0.2753623188405797,0.3157894736842105,0.3157894736842105,1.0,0.6,0.6666666666666666,0.2,,0.2916666666666667,0.42857142857142855,0.8115942028985508,0.3157894736842105,0.5651963768115942,0.56522,0.5311083333333334,0.12,0.18,,0.1590909090909091,0.375,4.795454545454546,25.011999999999997,0.35802469135802467,2026-05-21,1022600037,LAS,1611661317,PHX,PHX,29.0,4.0,9.0,2.0,,1.0,,2.0,,,1.0,,1.0,,1.0,7.0,7.0,,0.0967741935483871,,0.3333333333333333,0.3333333333333333,1.0,0.375,0.4444444444444444,0.041666666666666664,,,,2.0,1.0,1.0,4.0,,0.5,0.46153846153846156,0.25,0.02857142857142857,0.5,,,,,,,,,,,
40:00,75,74,6.0,10,149,13.0,18.0,5.0,5.0,7.0,18,5.0,9.0,8.0,3,13,,1.0,1.0,1.0,25,45,4,21,18,80,7.0,8.0,,1.0,2.0,16.0,,2.0,1.0,1.0,4.0,7.0,22,28,9.0,3.0,8.0,13,3,3.0,11,3.0,14,2.0,5.0,3.0,3.0,31,7.0,3.0,11,14,4.0,29,11,40,8,5.0,3.0,9,1.0,5.0,6.0,4.0,15,1.0,9,19,1.0,16,3.0,19,1.0,5,2.0,6.0,,,4.0,2.0,6.0,4.0,64,7.0,6.0,0.44,0.5238095238095238,0.75,0.19047619047619047,,1.0,0.19047619047619047,0.5555555555555556,0.875,,0.4696969696969697,0.7777777777777778,0.5,0.5342465753424658,0.8,0.7,0.3181818181818182,0.06666666666666667,0.1111111111111111,,0.6,0.5714285714285714,0.6086956521739131,0.15,0.7333333333333333,0.4117647058823529,0.6578947368421053,0.2702702702702703,0.09090909090909091,0.25,0.5,0.5833333333333334,0.7,,0.75,0.6666666666666666,89.4,0.6666666666666666,16.628,15.579729729729731,15.951999999999998,14.252702702702702,0.2727272727272727,0.7222222222222222,0.7647058823529411,0.38461538461538464,0.2727272727272727,0.3888888888888889,0.4375,0.42857142857142855,0.13636363636363635,0.5555555555555556,0.5555555555555556,0.6,0.12121212121212122,0.19696969696969696,0.23076923076923078,0.23076923076923078,0.6666666666666666,0.5555555555555556,1.0,0.1111111111111111,,0.3333333333333333,1.0,0.5909090909090909,0.23076923076923078,0.49196060606060604,0.5846,0.4287666666666667,0.08450704225352113,0.10204081632653061,0.045454545454545456,0.2,0.0875,7.5088888888888885,23.91904761904762,0.08,2026-05-24,1022600044,ATL,1611661317,PHX,PHX,13.0,,1.0,1.0,,,,1.0,,1.0,1.0,1.0,1.0,,,1.0,,,0.05555555555555555,,0.125,0.125,1.0,0.3333333333333333,,,,,,1.0,,2.0,,,1.0,0.2,0.2857142857142857,,0.2,,,,2.0,1.0,,,,,,
40:00,76,78,10.0,7,154,10.0,14.0,1.0,2.0,4.0,12,1.0,3.0,11.0,5,19,1.0,4.0,1.0,3.0,15,29,10,30,14,74,1.0,2.0,1.0,5.0,1.0,6.0,1.0,3.0,2.0,5.0,4.0,12.0,20,10,27.0,3.0,2.0,19,5,,10,9.0,19,4.0,6.0,3.0,1.0,47,7.0,2.0,12,17,,29,9,38,7,2.0,5.0,9,2.0,8.0,8.0,1.0,17,,5,21,3.0,18,2.0,22,1.0,9,,4.0,1.0,,2.0,2.0,5.0,2.0,68,12.0,10.0,0.6666666666666666,0.7142857142857143,0.9,0.3333333333333333,0.2,0.4,0.3333333333333333,0.5172413793103449,0.5,0.3333333333333333,0.5084745762711864,0.35714285714285715,0.5,0.5367647058823529,0.375,0.5454545454545454,0.5084745762711864,,,,0.5294117647058824,,0.7727272727272727,0.14285714285714285,0.8,0.35,0.7837837837837838,0.2647058823529412,0.25,,0.21428571428571427,0.42857142857142855,1.0,0.8,0.7777777777777778,0.8333333333333334,92.4,0.4,14.885526315789473,16.265384615384615,14.477631578947367,15.719230769230771,0.23728813559322035,0.7142857142857143,0.7142857142857143,0.6,0.2033898305084746,0.3333333333333333,0.3333333333333333,0.75,0.05084745762711865,0.3333333333333333,0.3333333333333333,1.0,0.1864406779661017,0.3220338983050847,0.2631578947368421,0.2777777777777778,0.8,0.2857142857142857,0.5,0.5714285714285714,0.25,0.375,0.3333333333333333,0.7457627118644068,0.2631578947368421,0.5198915254237289,0.604,0.493775,0.13432835820895522,0.24324324324324326,,0.08108108108108109,0.16216216216216217,6.320689655172414,24.71333333333333,0.13157894736842105,2026-05-27,1022600049,NYL,1611661317,PHX,PHX,16.0,,1.0,5.0,1.0,2.0,2.0,5.0,,,1.0,,1.0,,,1.0,1.0,0.06666666666666667,,0.05263157894736842,0.45454545454545453,0.5,1.0,0.125,,0.25,0.5,,1.0,,1.0,1.0,3.0,0.09090909090909091,,,0.6666666666666666,0.03125,,0.14285714285714285,,,1.0,,1.0,1.0,,,,
40:00,75,76,19.0,6,151,4.0,8.0,2.0,2.0,9.0,22,2.0,8.0,8.0,5,16,,,2.0,4.0,15,38,6,24,20,68,3.0,5.0,,,2.0,8.0,3.0,8.0,2.0,7.0,10.0,22.0,20,10,12.0,6.0,4.0,16,5,5.0,10,4.0,14,3.0,1.0,7.0,2.0,32,1.0,5.0,12,10,1.0,23,6,29,11,7.0,4.0,5,2.0,4.0,4.0,1.0,9,,6,20,1.0,20,1.0,22,1.0,5,1.0,3.0,,,,3.0,3.0,1.0,60,22.0,19.0,0.6666666666666666,0.7692307692307693,0.6666666666666666,0.25,,0.2857142857142857,0.25,0.39473684210526316,0.6,0.375,0.3870967741935484,0.6,0.4,0.47183098591549294,0.6666666666666666,0.5238095238095238,0.3870967741935484,0.13157894736842105,0.13636363636363635,,0.5555555555555556,1.0,0.6666666666666666,0.21739130434782608,0.75,0.05555555555555555,0.7096774193548387,0.14634146341463414,0.23076923076923078,0.3333333333333333,0.09090909090909091,1.0,0.5833333333333334,1.0,0.7692307692307693,0.6666666666666666,90.6,0.3333333333333333,14.828,16.946052631578947,14.441333333333333,16.689473684210526,0.12903225806451613,0.5,0.6666666666666666,0.25,0.3548387096774194,0.4090909090909091,0.47368421052631576,0.7777777777777778,0.12903225806451613,0.25,0.25,1.0,0.12903225806451613,0.25806451612903225,0.3125,0.3125,0.6,0.4,1.0,,,0.26666666666666666,0.5,0.5161290322580645,0.3125,0.46588306451612904,0.48334,0.49756,0.08955223880597014,0.11904761904761904,0.04,0.11764705882352941,0.3235294117647059,8.121052631578948,25.462500000000002,0.25333333333333335,2026-05-29,1022600056,NYL,1611661317,PHX,PHX,25.0,3.0,4.0,1.0,,3.0,,1.0,,1.0,,,,,3.0,4.0,3.0,,0.25,,0.125,0.125,1.0,0.26666666666666666,0.75,0.2,,,,,1.0,,1.0,,,,,0.027777777777777776,,,,,1.0,,,,,,,
40:00,78,79,21.0,11,157,4.0,8.0,1.0,4.0,5.0,20,3.0,9.0,9.0,7,18,,,1.0,4.0,12,37,10,27,23,77,1.0,9.0,,,6.0,8.0,2.0,7.0,1.0,6.0,8.0,15.0,20,4,24.0,6.0,2.0,18,7,5.0,10,8.0,18,5.0,3.0,5.0,2.0,44,4.0,10.0,5,10,,15,14,29,6,5.0,1.0,10,3.0,10.0,4.0,,14,5.0,5,12,,22,2.0,27,,10,,,,,,,,,69,15.0,21.0,0.8333333333333334,0.9090909090909091,0.8,0.37037037037037035,,0.16666666666666666,0.37037037037037035,0.32432432432432434,0.1111111111111111,0.2857142857142857,0.421875,0.1111111111111111,0.2692307692307692,0.4935064935064935,0.3333333333333333,0.4166666666666667,0.421875,0.13513513513513514,0.25,,0.7142857142857143,,0.5555555555555556,0.4,0.7142857142857143,0.23529411764705882,0.6,0.3333333333333333,0.4,0.3333333333333333,0.2727272727272727,1.0,0.42857142857142855,0.5,0.7142857142857143,,94.2,,16.07051282051282,14.512658227848101,15.082051282051284,13.677215189873417,0.125,0.5,0.5,0.75,0.3125,0.25,0.3333333333333333,1.0,0.140625,0.3333333333333333,0.3333333333333333,0.6666666666666666,0.140625,0.28125,0.3888888888888889,0.3888888888888889,0.7142857142857143,0.4444444444444444,0.25,,,0.3076923076923077,0.25,0.546875,0.3888888888888889,0.49615703125,0.5120285714285714,0.4763230769230769,0.13513513513513514,0.2127659574468085,,0.1038961038961039,0.19480519480519481,8.683783783783785,24.451851851851853,0.2692307692307692,2026-06-01,1022600065,MIN,1611661317,PHX,PHX,9.0,1.0,2.0,3.0,,2.0,,3.0,,,2.0,,2.0,,1.0,3.0,3.0,,,,0.3333333333333333,0.3333333333333333,1.0,0.15384615384615385,0.5,0.15384615384615385,,,,,1.0,,1.0,,,0.5,0.16666666666666666,0.02702702702702703,,,,,1.0,,,,,,,
40:00,79,80,21.0,10,159,15.0,20.0,4.0,6.0,2.0,12,4.0,10.0,7.0,1,15,,1.0,,5.0,21,42,3,22,21,72,4.0,8.0,,1.0,4.0,12.0,2.0,3.0,1.0,7.0,8.0,15.0,28,14,9.0,,6.0,15,1,5.0,14,3.0,17,1.0,9.0,2.0,3.0,37,4.0,7.0,17,16,2.0,35,12,47,11,4.0,7.0,10,,8.0,4.0,2.0,14,8.0,3,15,2.0,18,,27,2.0,10,1.0,6.0,,,3.0,3.0,6.0,4.0,60,15.0,21.0,0.6666666666666666,0.7777777777777778,1.0,0.13636363636363635,,0.14285714285714285,0.13636363636363635,0.5,0.5,0.6666666666666666,0.3984375,0.4444444444444444,0.35,0.47368421052631576,0.5454545454545454,0.5357142857142857,0.34375,0.11904761904761904,0.3333333333333333,,0.7142857142857143,1.0,0.8,0.3333333333333333,0.7391304347826086,0.21052631578947367,0.7674418604651163,0.275,0.2,0.16666666666666666,0.21428571428571427,0.7142857142857143,0.9,0.6666666666666666,0.7777777777777778,0.6,95.4,0.6666666666666666,14.132911392405063,16.04375,13.48354430379747,15.169999999999998,0.3125,0.75,0.7894736842105263,0.6,0.1875,0.16666666666666666,0.25,1.0,0.15625,0.4,0.4,0.75,0.109375,0.234375,0.06666666666666667,0.06666666666666667,1.0,0.6666666666666666,0.6666666666666666,0.1111111111111111,,0.5,,0.65625,0.06666666666666667,0.51669296875,0.49251428571428574,0.5219750000000001,0.1506849315068493,0.2,0.043478260869565216,0.16666666666666666,0.20833333333333334,7.576190476190476,24.345454545454547,0.26582278481012656,2026-06-03,1022600071,SEA,1611661317,PHX,PHX,15.0,2.0,2.0,2.0,1.0,2.0,,2.0,,1.0,1.0,,2.0,,1.0,3.0,3.0,,0.05,,0.2857142857142857,0.2857142857142857,1.0,0.2,1.0,0.2,0.5,,,1.0,1.0,,,,0.25,0.8,0.2,0.02857142857142857,0.25,,,,,,,,,,,
40:00,73,76,11.0,8,149,6.0,13.0,,3.0,9.0,21,4.0,7.0,6.0,4,15,,2.0,,1.0,19,41,7,21,19,78,2.0,7.0,,3.0,2.0,6.0,3.0,6.0,,3.0,9.0,15.0,28,10,21.0,,,15,4,2.0,14,7.0,21,4.0,4.0,7.0,3.0,49,3.0,7.0,9,11,,20,11,31,10,7.0,3.0,3,5.0,2.0,9.0,1.0,12,,5,19,2.0,18,2.0,22,1.0,6,,3.0,2.0,1.0,,3.0,5.0,2.0,72,15.0,11.0,0.7368421052631579,0.7368421052631579,1.0,0.3333333333333333,,,0.3333333333333333,0.4634146341463415,0.2857142857142857,0.5,0.47580645161290325,0.2,0.3333333333333333,0.5416666666666666,0.2727272727272727,0.5357142857142857,0.3387096774193548,0.04878048780487805,0.09523809523809523,,0.25,,0.6875,0.3181818181818182,0.6428571428571429,0.21428571428571427,0.6666666666666666,0.2777777777777778,0.4166666666666667,0.3333333333333333,0.2727272727272727,1.0,0.5,1.0,0.6153846153846154,1.0,89.4,0.4,16.583561643835615,15.65,15.460273972602739,15.130263157894738,0.20967741935483872,0.46153846153846156,0.46153846153846156,0.6666666666666666,0.3387096774193548,0.42857142857142855,0.47368421052631576,0.7777777777777778,0.11290322580645161,0.5714285714285714,0.5714285714285714,0.75,0.0967741935483871,0.24193548387096775,0.26666666666666666,0.26666666666666666,1.0,0.3,,0.2,,0.1111111111111111,,0.5483870967741935,0.26666666666666666,0.4779709677419355,0.4878611111111111,0.5370166666666667,0.08955223880597014,0.13043478260869565,,0.07692307692307693,0.19230769230769232,7.890243902439025,25.461904761904766,0.1506849315068493,2026-06-05,1022600076,PDX,1611661317,PHX,PHX,12.0,2.0,3.0,3.0,,2.0,,3.0,,,,1.0,,,1.0,5.0,5.0,,,,0.5,0.5,1.0,0.3333333333333333,0.6666666666666666,0.2222222222222222,,,1.0,1.0,1.0,1.0,2.0,,1.0,0.14285714285714285,,0.029411764705882353,,0.1,,,,1.0,1.0,,,,,
40:00,73,74,29.0,11,147,10.0,14.0,2.0,3.0,7.0,19,4.0,7.0,5.0,8,20,,2.0,3.0,8.0,21,40,9,25,12,81,2.0,4.0,,4.0,2.0,6.0,6.0,13.0,3.0,11.0,5.0,26.0,28,14,27.0,,2.0,20,8,2.0,14,9.0,23,8.0,6.0,5.0,3.0,55,7.0,6.0,15,11,1.0,27,13,40,7,4.0,3.0,8,2.0,7.0,8.0,1.0,16,7.0,8,20,1.0,20,1.0,18,5.0,8,,2.0,,,2.0,,2.0,2.0,75,26.0,29.0,0.6666666666666666,0.7,1.0,0.36,,0.2727272727272727,0.36,0.525,0.5,0.46153846153846156,0.5307692307692308,0.25,0.4375,0.5704225352112676,0.3333333333333333,0.48148148148148145,0.38461538461538464,0.05,0.05263157894736842,,0.5,1.0,0.7333333333333333,0.35294117647058826,0.7894736842105263,0.4666666666666667,0.7647058823529411,0.40625,0.36363636363636365,0.3333333333333333,0.6363636363636364,1.0,0.625,0.8,0.8125,0.6666666666666666,88.2,1.0,15.546575342465754,17.095945945945946,14.57260273972603,16.263513513513512,0.2153846153846154,0.7142857142857143,0.7692307692307693,0.6,0.2923076923076923,0.3684210526315789,0.3888888888888889,0.7142857142857143,0.1076923076923077,0.5714285714285714,0.5714285714285714,0.75,0.07692307692307693,0.3076923076923077,0.4,0.4,1.0,0.375,0.6666666666666666,0.25,,0.3333333333333333,0.375,0.6,0.4,0.4737669230769231,0.59268,0.41886249999999997,0.11764705882352941,0.18604651162790697,,0.07407407407407407,0.32098765432098764,7.945,24.724,0.3972602739726027,2026-06-09,1022600088,GSV,1611661317,PHX,PHX,26.0,1.0,2.0,1.0,,3.0,,1.0,,1.0,3.0,,2.0,,3.0,3.0,2.0,,0.07142857142857142,,0.2,0.2,1.0,0.08333333333333333,0.5,0.125,,,2.0,,2.0,,6.0,,,0.3333333333333333,,0.06451612903225806,,0.25,,,,,,,,,,
40:00,80,83,19.0,9,163,6.0,15.0,1.0,2.0,8.0,20,5.0,11.0,5.0,6,13,,,3.0,5.0,19,46,6,18,14,70,3.0,7.0,,,2.0,8.0,1.0,8.0,3.0,7.0,6.0,17.0,30,8,18.0,,2.0,13,6,4.0,15,6.0,21,6.0,4.0,7.0,4.0,48,2.0,7.0,9,14,1.0,24,9,33,10,7.0,3.0,9,2.0,8.0,7.0,1.0,16,2.0,5,15,4.0,17,3.0,18,,7,,1.0,,,,1.0,1.0,,62,17.0,19.0,0.7894736842105263,0.8333333333333334,1.0,0.3333333333333333,,0.42857142857142855,0.3333333333333333,0.41304347826086957,0.42857142857142855,0.125,0.4375,0.42857142857142855,0.36666666666666664,0.4794520547945205,0.5,0.4473684210526316,0.28125,0.08695652173913043,0.2,,0.5625,1.0,0.7,0.25925925925925924,0.6923076923076923,0.16666666666666666,0.696969696969697,0.23076923076923078,0.25,,0.14285714285714285,0.5,0.75,1.0,0.6666666666666666,1.0,97.8,,15.726249999999999,13.757831325301206,15.136249999999999,13.242168674698798,0.234375,0.4,0.4,0.6666666666666666,0.3125,0.4,0.5,0.875,0.171875,0.45454545454545453,0.45454545454545453,0.8,0.078125,0.203125,0.46153846153846156,0.46153846153846156,1.0,0.2857142857142857,0.5,,,0.3333333333333333,0.6,0.515625,0.46153846153846156,0.48178046875,0.45966666666666667,0.49632666666666664,0.09859154929577464,0.1320754716981132,,0.11428571428571428,0.24285714285714285,8.4,24.927777777777777,0.2375,2026-06-11,1022600093,DAL,1611661317,PHX,PHX,9.0,,3.0,,,2.0,,,,1.0,1.0,,2.0,,1.0,2.0,2.0,,,,,,,0.2,,0.13333333333333333,,,,,1.0,,,,,0.4444444444444444,0.2,0.02857142857142857,,,,,,,,,,,,
45:00,86,89,10.0,10,175,10.0,14.0,1.0,2.0,13.0,23,4.0,8.0,11.0,10,24,,3.0,,4.0,27,45,13,35,9,102,4.0,6.0,,3.0,3.0,11.0,1.0,3.0,,6.0,5.0,7.0,30,24,33.0,6.0,,24,10,6.0,15,11.0,26,8.0,4.0,9.0,2.0,63,9.0,6.0,14,15,2.0,31,15,46,6,5.0,1.0,8,3.0,6.0,7.0,2.0,15,3.0,9,23,,19,2.0,15,4.0,6,1.0,5.0,,,1.0,4.0,5.0,3.0,91,7.0,10.0,0.5555555555555556,0.5555555555555556,0.8461538461538461,0.37142857142857144,,,0.37142857142857144,0.6,0.6666666666666666,0.3333333333333333,0.58125,0.4444444444444444,0.1111111111111111,0.6,0.5,0.2692307692307692,0.4375,0.13333333333333333,0.17391304347826086,0.125,0.5333333333333333,0.6666666666666666,0.6818181818181818,0.3333333333333333,0.7777777777777778,0.4090909090909091,0.725,0.375,0.5,,0.35714285714285715,0.6,0.6666666666666666,1.0,0.7333333333333333,1.0,93.33333333333327,0.6,15.29069767441863,15.561797752808989,14.451162790697698,14.892134831460675,0.175,0.7142857142857143,0.7692307692307693,0.4,0.2875,0.5652173913043478,0.6842105263157895,0.6923076923076923,0.1,0.5,0.5714285714285714,0.5,0.1375,0.3,0.4166666666666667,0.4166666666666667,0.8,0.2222222222222222,0.5,0.3333333333333333,,0.4444444444444444,,0.6125,0.4166666666666667,0.4798664556962025,0.45335,0.45175000000000004,0.08536585365853659,0.1276595744680851,0.02857142857142857,0.10784313725490197,0.06862745098039216,7.455555555555556,24.34,0.11627906976744186,2026-06-13,1022600100,LAS,1611661317,PHX,PHX,35.0,,1.0,3.0,,2.0,2.0,3.0,2.0,,2.0,,2.0,,1.0,3.0,3.0,0.05714285714285714,0.07142857142857142,,0.2727272727272727,0.3333333333333333,1.0,0.1111111111111111,,0.2222222222222222,,,,,2.0,2.0,5.0,0.18181818181818182,,0.25,0.5,0.0625,1.0,,,,,,,,1.0,,,
40:00,77,77,11.0,8,154,9.0,14.0,,1.0,6.0,14,3.0,8.0,4.0,6,17,,1.0,,3.0,18,36,9,21,13,76,1.0,4.0,,1.0,,2.0,,4.0,,3.0,4.0,4.0,20,16,24.0,3.0,,17,6,5.0,10,8.0,18,5.0,3.0,5.0,2.0,44,3.0,4.0,12,14,4.0,30,8,38,5,3.0,2.0,18,2.0,15.0,4.0,3.0,22,5.0,9,19,,13,,14,1.0,5,1.0,2.0,,,,2.0,2.0,1.0,74,4.0,11.0,0.5555555555555556,0.5555555555555556,0.8888888888888888,0.42857142857142855,,,0.42857142857142855,0.5,0.25,,0.5526315789473685,0.2,,0.6031746031746031,0.2,0.2222222222222222,0.3684210526315789,0.1388888888888889,0.21428571428571427,,0.8181818181818182,0.8,0.6666666666666666,0.25,0.75,0.25,0.7027027027027027,0.25,0.25,,0.2727272727272727,0.75,0.5384615384615384,1.0,0.7692307692307693,0.6666666666666666,92.4,0.5,15.372727272727273,15.796103896103896,15.054545454545455,14.814285714285715,0.24561403508771928,0.6428571428571429,0.75,0.3333333333333333,0.24561403508771928,0.42857142857142855,0.5454545454545454,0.8333333333333334,0.14035087719298245,0.375,0.375,0.6666666666666666,0.07017543859649122,0.2982456140350877,0.35294117647058826,0.375,0.8333333333333334,0.2,,0.2,,0.42857142857142855,,0.6140350877192983,0.35294117647058826,0.4761675438596491,0.3864375,0.3480714285714286,0.0967741935483871,0.125,0.045454545454545456,0.02631578947368421,0.05263157894736842,7.711111111111112,25.833333333333332,0.14285714285714285,2026-06-17,1022600111,LVA,1611661317,PHX,PHX,32.0,,1.0,3.0,,,1.0,3.0,,,3.0,,1.0,,,1.0,1.0,0.047619047619047616,0.14285714285714285,0.058823529411764705,0.75,0.75,1.0,0.14285714285714285,,,,,,1.0,,,3.0,,1.0,0.4,,,,,,,,1.0,,,,,,
39:59,78,79,26.0,10,157,3.0,3.0,2.0,2.0,16.0,23,2.0,8.0,13.0,5,16,,1.0,1.0,4.0,21,34,10,29,21,93,4.0,4.0,,1.0,6.0,14.0,4.0,9.0,4.0,9.0,11.0,31.0,32,10,30.0,,4.0,16,5,,16,10.0,26,5.0,,14.0,2.0,62,6.0,3.0,16,17,1.0,34,11,45,4,3.0,1.0,7,3.0,5.0,9.0,2.0,16,6.0,7,13,1.0,23,,26,3.0,10,,8.0,,,2.0,6.0,8.0,3.0,79,31.0,26.0,0.7619047619047619,0.8421052631578947,1.0,0.3448275862068966,,0.4444444444444444,0.3448275862068966,0.6176470588235294,1.0,0.4444444444444444,0.5714285714285714,0.8,0.5555555555555556,0.6283783783783784,0.875,0.6458333333333334,0.4603174603174603,,,,0.4375,1.0,0.68,0.25,0.8421052631578947,0.35294117647058826,0.75,0.3103448275862069,0.2857142857142857,0.2,0.4444444444444444,1.0,0.5294117647058824,1.0,0.875,0.6666666666666666,94.20000000000007,0.375,16.46794871794872,14.120253164556937,16.043589743589745,13.708860759493644,0.047619047619047616,1.0,1.0,,0.36507936507936506,0.6956521739130435,0.6956521739130435,0.875,0.12698412698412698,0.25,0.25,1.0,0.20634920634920634,0.25396825396825395,0.3125,0.3333333333333333,1.0,0.4,1.0,0.2,,0.2222222222222222,0.25,0.5079365079365079,0.3125,0.46280079365079363,0.60755,0.4504138888888889,0.14285714285714285,0.24390243902439024,,0.15053763440860216,0.3333333333333333,9.323529411764707,23.986206896551725,0.3333333333333333,2026-06-20,1022600118,SEA,1611661317,PHX,PHX,17.0,,,5.0,3.0,5.0,2.0,5.0,,1.0,2.0,,,,3.0,4.0,3.0,0.06896551724137931,,0.0625,0.38461538461538464,0.4166666666666667,1.0,,,0.2777777777777778,0.6,,,2.0,,,1.0,0.07692307692307693,0.6666666666666666,,0.25,,,,,,,,,,,,,
40:00,79,81,20.0,7,160,13.0,22.0,2.0,4.0,8.0,12,2.0,9.0,5.0,5,20,,1.0,1.0,3.0,23,43,5,25,16,77,3.0,7.0,,2.0,1.0,7.0,5.0,9.0,1.0,4.0,12.0,25.0,30,16,12.0,3.0,,20,5,2.0,15,4.0,19,4.0,11.0,3.0,1.0,42,4.0,5.0,15,7,3.0,25,9,34,5,3.0,2.0,6,2.0,5.0,7.0,1.0,13,3.0,8,25,2.0,23,4.0,21,2.0,4,,2.0,,,2.0,,2.0,,70,25.0,20.0,0.6521739130434783,0.6521739130434783,0.8,0.2,,0.25,0.2,0.5348837209302325,0.42857142857142855,0.5555555555555556,0.4485294117647059,0.3333333333333333,0.5,0.4934210526315789,0.3888888888888889,0.631578947368421,0.36764705882352944,0.046511627906976744,0.16666666666666666,,0.46153846153846156,1.0,0.5384615384615384,0.2631578947368421,0.6818181818181818,0.2,0.6285714285714286,0.23076923076923078,0.25,0.16666666666666666,0.2,0.42857142857142855,0.6666666666666666,0.6666666666666666,0.6666666666666666,0.75,96.0,,15.772151898734178,14.246913580246913,15.253164556962025,13.701234567901235,0.3235294117647059,0.5909090909090909,0.5909090909090909,0.8461538461538461,0.17647058823529413,0.6666666666666666,0.8,0.375,0.1323529411764706,0.2222222222222222,0.2222222222222222,0.5,0.07352941176470588,0.29411764705882354,0.25,0.25,0.8,0.4444444444444444,0.5,0.1111111111111111,,0.23076923076923078,0.3333333333333333,0.6911764705882353,0.25,0.5039904411764705,0.51435,0.5259769230769231,0.05714285714285714,0.08888888888888889,,0.09090909090909091,0.3246753246753247,6.955813953488373,25.64,0.25316455696202533,2026-06-22,1022600125,IND,1611661317,PHX,PHX,32.0,3.0,7.0,,,1.0,,,,,1.0,,2.0,,3.0,6.0,6.0,,,,,,,0.5384615384615384,0.42857142857142855,0.07692307692307693,,,1.0,,2.0,,7.0,,,0.3333333333333333,0.2,0.05405405405405406,1.0,0.1111111111111111,,,3.0,,,,,,,
40:00,83,84,31.0,6,167,23.0,29.0,3.0,4.0,3.0,9,6.0,8.0,3.0,6,17,,,1.0,5.0,32,46,7,20,26,111,3.0,4.0,,,5.0,11.0,8.0,15.0,2.0,7.0,15.0,37.0,30,34,18.0,3.0,4.0,17,6,1.0,15,6.0,21,5.0,10.0,1.0,4.0,48,4.0,2.0,11,10,,21,7,28,8,7.0,1.0,6,,5.0,7.0,1.0,13,6.0,8,19,2.0,29,3.0,33,5.0,12,1.0,1.0,2.0,1.0,1.0,,3.0,3.0,100,36.0,30.0,0.46875,0.5,0.8571428571428571,0.35,,0.2857142857142857,0.35,0.6956521739130435,0.75,0.5333333333333333,0.6439393939393939,0.75,0.5,0.7025316455696202,0.9166666666666666,0.6166666666666667,0.30303030303030304,0.021739130434782608,,,0.46153846153846156,,0.7692307692307693,0.14285714285714285,0.7857142857142857,0.36363636363636365,0.7777777777777778,0.24,0.16666666666666666,,0.3333333333333333,0.8571428571428571,0.3333333333333333,1.0,0.8,0.75,100.19999999999993,1.0,14.131325301204843,14.608333333333333,13.878313253012072,14.345238095238095,0.4393939393939394,0.7931034482758621,0.8214285714285714,0.43478260869565216,0.13636363636363635,0.3333333333333333,0.3333333333333333,0.3333333333333333,0.12121212121212122,0.75,0.75,0.6666666666666666,0.045454545454545456,0.25757575757575757,0.35294117647058826,0.35294117647058826,0.8333333333333334,1.0,0.75,,,0.22727272727272727,0.2,0.7424242424242424,0.35294117647058826,0.5263684615384615,0.57495,0.5551452380952381,0.17567567567567569,0.22641509433962265,0.047619047619047616,0.0990990990990991,0.3333333333333333,5.8304347826086955,27.805,0.37349397590361444,2026-06-24,1022600128,IND,1611661317,PHX,PHX,22.0,7.0,11.0,1.0,1.0,2.0,,1.0,,1.0,1.0,1.0,1.0,1.0,2.0,5.0,3.0,,0.034482758620689655,,0.3333333333333333,0.3333333333333333,1.0,0.5,0.6363636363636364,0.09090909090909091,0.5,,,1.0,1.0,,1.0,,0.25,0.16666666666666666,0.5,0.041666666666666664,0.3333333333333333,,,,,1.0,1.0,,,,,
40:00,77,79,27.0,9,156,17.0,28.0,2.0,4.0,2.0,7,,5.0,7.0,7,20,2.0,2.0,2.0,5.0,19,40,10,27,21,89,2.0,6.0,2.0,3.0,3.0,13.0,8.0,15.0,3.0,8.0,8.0,33.0,14,24,27.0,3.0,2.0,20,7,2.0,7,9.0,16,6.0,6.0,1.0,,41,3.0,6.0,15,13,3.0,31,11,42,10,5.0,5.0,4,1.0,2.0,5.0,2.0,9,4.0,6,16,1.0,24,1.0,29,2.0,11,1.0,2.0,,,1.0,1.0,2.0,1.0,76,33.0,27.0,0.3684210526315789,0.3888888888888889,0.9,0.37037037037037035,0.6666666666666666,0.375,0.37037037037037035,0.475,0.3333333333333333,0.5333333333333333,0.5074626865671642,0.5555555555555556,0.5434782608695652,0.55625,0.5909090909090909,0.5892857142857143,0.40298507462686567,0.05,,,0.4444444444444444,1.0,0.7222222222222222,0.3,0.8333333333333334,0.17647058823529413,0.7777777777777778,0.24324324324324326,0.2,,0.23076923076923078,0.8,0.5,0.8571428571428571,0.8235294117647058,1.0,93.6,0.5,15.815584415584414,14.964556962025316,14.719480519480518,14.406329113924052,0.417910447761194,0.6071428571428571,0.6538461538461539,0.35294117647058826,0.1044776119402985,0.2857142857142857,0.2857142857142857,0.5,0.07462686567164178,,,,0.1044776119402985,0.29850746268656714,0.35,0.35,0.8571428571428571,0.4444444444444444,0.5,0.2222222222222222,1.0,0.21739130434782608,0.4,0.8208955223880597,0.35,0.5323776119402985,0.4835142857142857,0.5303608695652173,0.15789473684210525,0.22448979591836735,0.037037037037037035,0.14606741573033707,0.3707865168539326,5.2075000000000005,24.788888888888888,0.35064935064935066,2026-06-27,1022600138,TOR,1611661317,PHX,PHX,25.0,8.0,11.0,3.0,1.0,3.0,,3.0,1.0,1.0,1.0,,2.0,,3.0,4.0,4.0,,0.07142857142857142,,0.42857142857142855,0.42857142857142855,1.0,0.4782608695652174,0.7272727272727273,0.13043478260869565,0.3333333333333333,,1.0,2.0,,,,,0.3333333333333333,0.45454545454545453,,,0.5,0.1111111111111111,,,,,,1.0,1.0,,,
39:59,75,76,14.0,15,151,17.0,22.0,4.0,5.0,3.0,19,2.0,6.0,8.0,9,18,2.0,3.0,,4.0,22,47,11,26,13,90,4.0,7.0,3.0,6.0,3.0,20.0,3.0,7.0,,4.0,7.0,13.0,24,20,33.0,,2.0,18,9,6.0,12,11.0,23,9.0,9.0,2.0,1.0,57,2.0,13.0,15,15,2.0,32,16,48,9,4.0,5.0,5,1.0,1.0,6.0,4.0,11,1.0,6,13,3.0,17,1.0,19,3.0,7,,4.0,,,,4.0,4.0,2.0,70,13.0,14.0,0.5454545454545454,0.5714285714285714,1.0,0.4230769230769231,0.5,,0.4230769230769231,0.46808510638297873,0.5714285714285714,0.42857142857142855,0.5273972602739726,0.6538461538461539,0.2727272727272727,0.55625,0.6666666666666666,0.43333333333333335,0.3561643835616438,0.1276595744680851,0.2631578947368421,,0.45454545454545453,0.6666666666666666,0.7894736842105263,0.5416666666666666,0.8823529411764706,0.13333333333333333,0.8333333333333334,0.38461538461538464,0.5625,0.3333333333333333,0.1111111111111111,1.0,0.7692307692307693,0.75,0.9333333333333333,0.5,90.60000000000007,0.5,16.1,15.690789473684184,14.993333333333334,15.347368421052606,0.3013698630136986,0.7727272727272727,0.8095238095238095,0.5294117647058824,0.2602739726027397,0.15789473684210525,0.21428571428571427,0.6666666666666666,0.0821917808219178,0.3333333333333333,0.3333333333333333,0.5,0.1095890410958904,0.2465753424657534,0.5,0.5,1.0,0.38461538461538464,0.8,0.23076923076923078,0.6666666666666666,0.36363636363636365,,0.6575342465753424,0.5,0.5101410958904109,0.5680541666666666,0.48110909090909093,0.09090909090909091,0.13725490196078433,,0.2222222222222222,0.14444444444444443,6.085106382978723,24.926923076923078,0.18666666666666668,2026-07-02,1022600147,SEA,1611661317,PHX,PHX,2.0,2.0,4.0,2.0,,,,2.0,,,1.0,,,,,3.0,3.0,,0.045454545454545456,,0.25,0.25,1.0,0.36363636363636365,0.5,,,1.0,3.0,1.0,2.0,1.0,,,0.3333333333333333,0.6,0.16666666666666666,0.06060606060606061,0.5,0.23076923076923078,0.3333333333333333,1.0,2.0,,,1.0,,,,
40:00,78,80,37.0,7,158,10.0,23.0,1.0,1.0,2.0,3,1.0,4.0,7.0,4,17,,1.0,2.0,6.0,13,30,7,24,19,66,2.0,2.0,,1.0,,4.0,6.0,17.0,2.0,8.0,8.0,26.0,4,22,21.0,,2.0,17,4,5.0,2,7.0,9,4.0,2.0,,,25,3.0,4.0,10,14,3.0,27,7,34,11,8.0,3.0,11,5.0,7.0,9.0,4.0,20,8.0,8,19,3.0,22,1.0,24,1.0,8,,3.0,,,3.0,,3.0,2.0,62,26.0,37.0,0.15384615384615385,0.16666666666666666,1.0,0.2916666666666667,,0.25,0.2916666666666667,0.43333333333333335,1.0,0.35294117647058826,0.4351851851851852,0.6666666666666666,0.36,0.5076923076923077,0.6666666666666666,0.41935483870967744,0.4444444444444444,0.16666666666666666,,,0.55,1.0,0.7,0.23529411764705882,0.6666666666666666,0.17647058823529413,0.6857142857142857,0.20588235294117646,1.0,0.3333333333333333,0.23076923076923078,0.6666666666666666,0.875,0.3333333333333333,0.7272727272727273,0.5,94.8,0.6666666666666666,15.003846153846153,15.37125,14.644871794871793,14.43125,0.42592592592592593,0.43478260869565216,0.5555555555555556,0.2,0.05555555555555555,0.6666666666666666,0.6666666666666666,,0.07407407407407407,0.25,0.25,,0.12962962962962962,0.3148148148148148,0.23529411764705882,0.23529411764705882,1.0,0.3333333333333333,1.0,0.3333333333333333,,0.24,0.3333333333333333,0.8703703703703703,0.23529411764705882,0.5665601851851851,0.43355,0.5680499999999999,0.13114754098360656,0.21621621621621623,,0.06060606060606061,0.3939393939393939,4.223333333333334,24.691666666666666,0.47435897435897434,2026-07-07,1022600158,CHI,1611661317,PHX,PHX,24.0,4.0,14.0,3.0,,2.0,,3.0,,,4.0,,2.0,,1.0,4.0,4.0,,0.21739130434782608,,0.42857142857142855,0.42857142857142855,1.0,0.56,0.2857142857142857,0.08,,,,,1.0,,2.0,,,0.15384615384615385,,0.034482758620689655,,,,,,,,,,,,
40:00,77,78,20.0,6,155,7.0,12.0,,,14.0,27,3.0,5.0,5.0,9,22,1.0,2.0,,5.0,24,44,11,27,8,89,3.0,4.0,1.0,3.0,,9.0,6.0,11.0,1.0,6.0,,15.0,28,20,27.0,6.0,2.0,22,9,4.0,14,9.0,23,7.0,4.0,9.0,1.0,55,2.0,5.0,12,13,,25,7,32,4,1.0,3.0,8,2.0,5.0,4.0,3.0,12,4.0,4,14,,16,3.0,10,2.0,4,1.0,1.0,,,1.0,,1.0,,80,15.0,20.0,0.5833333333333334,0.6086956521739131,0.8181818181818182,0.4074074074074074,0.3333333333333333,0.16666666666666666,0.4074074074074074,0.5454545454545454,0.75,0.5454545454545454,0.5704225352112676,0.6428571428571429,0.4411764705882353,0.6013513513513513,0.6428571428571429,0.4411764705882353,0.38028169014084506,0.09090909090909091,0.07407407407407407,,0.6666666666666666,,0.65,0.25,0.8571428571428571,0.15384615384615385,0.7352941176470589,0.21212121212121213,0.23076923076923078,0.5,,0.5,0.6666666666666666,0.6666666666666666,0.9090909090909091,0.6666666666666666,93.0,,14.796103896103896,16.162820512820513,14.28961038961039,15.50897435897436,0.16901408450704225,0.5833333333333334,0.7,0.5714285714285714,0.38028169014084506,0.5185185185185185,0.56,0.6428571428571429,0.07042253521126761,0.6,0.6,0.3333333333333333,0.07042253521126761,0.30985915492957744,0.4090909090909091,0.4090909090909091,0.7777777777777778,,,0.2857142857142857,0.5,0.29411764705882354,,0.5492957746478874,0.4090909090909091,0.4499035211267606,0.48196666666666665,0.4040735294117647,0.06756756756756757,0.08695652173913043,0.03571428571428571,0.10112359550561797,0.16853932584269662,7.140909090909091,24.96666666666667,0.2597402597402597,2026-07-09,1022600163,IND,1611661317,PHX,PHX,8.0,3.0,3.0,2.0,1.0,1.0,,2.0,,,1.0,,2.0,,1.0,,,,0.16666666666666666,,0.4,0.4,1.0,0.17647058823529413,1.0,0.058823529411764705,1.0,,1.0,,2.0,1.0,1.0,,,0.2,0.6666666666666666,0.06896551724137931,,0.14285714285714285,,,1.0,,,1.0,,,,
40:00,81,81,5.0,6,162,9.0,12.0,1.0,1.0,5.0,17,2.0,6.0,10.0,4,21,,1.0,,1.0,16,35,7,31,5,58,2.0,3.0,,1.0,,4.0,1.0,2.0,,2.0,,2.0,16,16,18.0,3.0,2.0,21,4,2.0,8,6.0,14,4.0,4.0,2.0,2.0,34,3.0,4.0,14,10,2.0,26,7,33,3,3.0,,8,3.0,7.0,10.0,1.0,18,2.0,5,16,3.0,14,4.0,8,1.0,3,1.0,,,,,,,,54,2.0,5.0,0.5,0.5333333333333333,0.8571428571428571,0.22580645161290322,,,0.22580645161290322,0.45714285714285713,0.6666666666666666,0.5,0.4015151515151515,0.5,0.25,0.42028985507246375,0.5,0.25,0.4696969696969697,0.05714285714285714,0.11764705882352941,,0.4444444444444444,1.0,0.5882352941176471,0.21052631578947367,0.6666666666666666,0.13043478260869565,0.631578947368421,0.16666666666666666,0.3333333333333333,,0.0625,0.6666666666666666,0.5833333333333334,0.5,0.6875,0.6,97.2,,14.204938271604938,15.424691358024692,13.704938271604938,14.52962962962963,0.18181818181818182,0.75,0.75,0.4444444444444444,0.25757575757575757,0.29411764705882354,0.3333333333333333,0.4,0.09090909090909091,0.3333333333333333,0.3333333333333333,1.0,0.15151515151515152,0.3181818181818182,0.19047619047619047,0.19047619047619047,1.0,0.25,1.0,0.25,,0.25,,0.6515151515151515,0.19047619047619047,0.5037553846153847,0.5937,0.34695000000000004,0.057971014492753624,0.08108108108108109,0.03125,0.06896551724137931,0.034482758620689655,7.445714285714287,25.835483870967742,0.06172839506172839,2026-07-11,1022600169,LVA,1611661317,PHX,PHX,12.0,,,3.0,,1.0,,2.0,1.0,1.0,2.0,,,,,,,,,,0.3,0.3,0.6666666666666666,,,0.25,,,,,1.0,1.0,3.0,,,,0.2857142857142857,0.025,,,,,,,,,,,,
40:00,81,82,33.0,5,163,18.0,23.0,2.0,2.0,2.0,9,4.0,6.0,9.0,7,16,,1.0,2.0,8.0,24,38,11,25,19,100,2.0,3.0,1.0,3.0,,7.0,11.0,16.0,3.0,13.0,9.0,40.0,36,12,30.0,3.0,,16,7,2.0,18,10.0,28,6.0,13.0,2.0,3.0,66,5.0,2.0,13,9,1.0,23,7,30,5,4.0,1.0,9,3.0,7.0,5.0,2.0,14,5.0,11,18,1.0,21,2.0,21,1.0,7,,,,,,,,,93,40.0,33.0,0.75,0.75,0.9090909090909091,0.44,0.3333333333333333,0.23076923076923078,0.44,0.631578947368421,0.6666666666666666,0.6875,0.6428571428571429,0.5833333333333334,0.5344827586206896,0.684931506849315,0.5833333333333334,0.5882352941176471,0.3968253968253968,0.05263157894736842,,,0.6428571428571429,1.0,0.9,0.14285714285714285,0.7647058823529411,0.35714285714285715,0.8148148148148148,0.25,0.14285714285714285,,0.4444444444444444,1.0,0.8,,0.75,0.8,97.8,,15.707407407407407,13.752439024390245,15.45185185185185,13.40609756097561,0.36507936507936506,0.782608695652174,0.8571428571428571,0.7222222222222222,0.14285714285714285,0.2222222222222222,0.2222222222222222,1.0,0.09523809523809523,0.6666666666666666,0.6666666666666666,0.75,0.14285714285714285,0.25396825396825395,0.4375,0.4375,0.8571428571428571,0.3333333333333333,1.0,0.16666666666666666,,0.27586206896551724,0.25,0.7619047619047619,0.4375,0.5212373015873015,0.4230666666666667,0.49828275862068966,0.10144927536231885,0.1590909090909091,,0.07,0.4,6.621052631578947,23.811999999999998,0.4074074074074074,2026-07-13,1022600176,MIN,1611661317,PHX,PHX,12.0,7.0,8.0,4.0,1.0,5.0,2.0,4.0,,,,1.0,,,,4.0,4.0,0.08,0.08695652173913043,,0.4444444444444444,0.5714285714285714,1.0,0.27586206896551724,0.875,0.1724137931034483,0.2,1.0,2.0,,,,2.0,0.2222222222222222,,0.2,0.2,,1.0,0.3333333333333333,0.5,1.0,,,,,,,,
40:00,83,84,17.0,5,167,14.0,16.0,1.0,2.0,10.0,27,2.0,7.0,2.0,3,13,,1.0,,3.0,26,50,4,15,19,83,1.0,4.0,1.0,2.0,,5.0,3.0,9.0,1.0,5.0,7.0,16.0,28,24,12.0,,,13,3,4.0,14,4.0,18,3.0,8.0,4.0,2.0,40,1.0,5.0,11,13,3.0,27,6,33,5,4.0,1.0,7,2.0,4.0,8.0,3.0,15,1.0,13,18,1.0,21,2.0,23,2.0,7,1.0,2.0,,,1.0,1.0,2.0,1.0,78,16.0,17.0,0.5384615384615384,0.5384615384615384,1.0,0.26666666666666666,0.5,0.2,0.26666666666666666,0.52,0.25,0.3333333333333333,0.49230769230769234,0.4166666666666667,0.32142857142857145,0.5533333333333333,0.4166666666666667,0.4444444444444444,0.23076923076923078,0.08,0.1111111111111111,,0.4666666666666667,1.0,0.7222222222222222,0.20833333333333334,0.7857142857142857,0.1111111111111111,0.75,0.18181818181818182,0.23529411764705882,,,0.6666666666666666,0.8571428571428571,0.6,0.8181818181818182,0.6666666666666666,100.2,0.5,14.885542168674698,13.863095238095237,14.5,13.767857142857142,0.24615384615384617,0.875,0.9333333333333333,0.5714285714285714,0.4153846153846154,0.37037037037037035,0.4166666666666667,0.4,0.1076923076923077,0.2857142857142857,0.2857142857142857,1.0,0.03076923076923077,0.2,0.23076923076923078,0.25,1.0,0.3333333333333333,0.5,0.16666666666666666,,0.21428571428571427,,0.47692307692307695,0.23076923076923078,0.4574623076923077,0.45342000000000005,0.4653964285714286,0.11267605633802817,0.12727272727272726,0.0625,0.060240963855421686,0.1927710843373494,7.138,26.12,0.20481927710843373,2026-07-17,1022600187,CON,1611661317,PHX,PHX,22.0,2.0,2.0,1.0,1.0,2.0,1.0,1.0,2.0,,1.0,,,,,4.0,4.0,0.06666666666666667,0.0625,0.07692307692307693,0.5,0.5,1.0,0.14285714285714285,1.0,0.14285714285714285,0.5,1.0,1.0,,1.0,1.0,,,,0.5,1.0,0.03571428571428571,,0.16666666666666666,1.0,1.0,,,,,,,,
40:00,76,79,23.0,10,155,9.0,14.0,,,13.0,27,2.0,7.0,5.0,1,10,,,,1.0,24,48,2,15,18,72,1.0,3.0,,3.0,6.0,8.0,6.0,12.0,,3.0,11.0,23.0,34,14,6.0,,,10,1,1.0,17,2.0,19,1.0,9.0,6.0,2.0,40,2.0,9.0,5,19,2.0,26,11,37,11,8.0,3.0,6,3.0,4.0,8.0,2.0,14,5.0,8,17,1.0,25,2.0,23,3.0,8,,3.0,,,,3.0,3.0,1.0,64,23.0,23.0,0.7083333333333334,0.7083333333333334,1.0,0.13333333333333333,,,0.13333333333333333,0.5,0.3333333333333333,0.5,0.42857142857142855,0.16666666666666666,0.4,0.4931506849315068,0.4,0.5476190476190477,0.23809523809523808,0.020833333333333332,,,0.42857142857142855,1.0,0.7307692307692307,0.375,0.5,0.15384615384615385,0.6666666666666666,0.2972972972972973,0.2857142857142857,0.2,0.1111111111111111,0.75,0.6428571428571429,0.875,0.5,,93.0,0.3333333333333333,16.939473684210526,14.083544303797467,16.026315789473685,13.851898734177215,0.2222222222222222,0.6428571428571429,0.6923076923076923,1.0,0.42857142857142855,0.48148148148148145,0.48148148148148145,0.46153846153846156,0.1111111111111111,0.2857142857142857,0.2857142857142857,1.0,0.07936507936507936,0.15873015873015872,0.1,0.14285714285714285,1.0,,,,,0.06666666666666667,,0.4603174603174603,0.1,0.4603595238095238,0.5080416666666666,0.4702,0.11764705882352941,0.1509433962264151,,0.1111111111111111,0.3194444444444444,7.770833333333333,24.42,0.3026315789473684,2026-07-19,1022600193,CON,1611661317,PHX,PHX,25.0,2.0,6.0,1.0,,2.0,3.0,1.0,,3.0,1.0,,,,1.0,5.0,5.0,0.2,0.07142857142857142,0.3,0.2,0.2,1.0,0.4,0.3333333333333333,0.13333333333333333,,,3.0,,4.0,1.0,2.0,,,0.8,0.25,0.12121212121212122,,0.5,,,,,,,,,,
40:00,82,83,19.0,9,165,20.0,23.0,1.0,1.0,7.0,16,1.0,8.0,5.0,7,22,,3.0,1.0,1.0,28,47,7,27,9,86,2.0,5.0,,5.0,,4.0,7.0,13.0,1.0,1.0,6.0,23.0,44,12,18.0,3.0,,22,7,5.0,22,6.0,28,6.0,15.0,6.0,1.0,62,7.0,3.0,10,18,2.0,30,10,40,10,6.0,4.0,5,2.0,5.0,7.0,,12,2.0,10,23,2.0,21,3.0,13,1.0,4,,4.0,1.0,1.0,3.0,1.0,5.0,3.0,82,23.0,19.0,0.7857142857142857,0.7857142857142857,0.8571428571428571,0.25925925925925924,,1.0,0.25925925925925924,0.5957446808510638,0.4,0.5384615384615384,0.5202702702702703,0.2,0.6071428571428571,0.5375,0.2,0.6388888888888888,0.36486486486486486,0.10638297872340426,0.125,,0.4166666666666667,0.6666666666666666,0.782608695652174,0.16666666666666666,0.5263157894736842,0.35,0.6666666666666666,0.2631578947368421,,0.16666666666666666,0.4,1.0,0.6,0.6666666666666666,0.5,1.0,99.0,0.6,15.035365853658538,14.061445783132529,14.23658536585366,13.149397590361444,0.3108108108108108,0.8695652173913043,1.0,0.75,0.21621621621621623,0.4375,0.5,0.8571428571428571,0.10810810810810811,0.125,0.125,1.0,0.06756756756756757,0.2972972972972973,0.3181818181818182,0.3181818181818182,0.8571428571428571,0.1,1.0,0.3,,0.07142857142857142,1.0,0.6756756756756757,0.3181818181818182,0.5347344594594594,0.555125,0.5088464285714286,0.05194805194805195,0.08,,0.046511627906976744,0.26744186046511625,6.457446808510638,24.385185185185183,0.23170731707317074,2026-07-22,1022600197,LAS,1611661317,PHX,PHX,31.0,4.0,5.0,,,,,,,2.0,,,1.0,1.0,4.0,3.0,3.0,,0.13043478260869565,,,,,0.35714285714285715,0.8,,,,2.0,,1.0,1.0,2.0,,,0.6666666666666666,0.2,0.030303030303030304,1.0,0.2,,,,,,,,,,
40:00,77,76,46.0,8,153,12.0,13.0,1.0,1.0,8.0,17,2.0,9.0,2.0,5,14,1.0,1.0,5.0,11.0,22,39,5,16,32,91,4.0,5.0,1.0,1.0,2.0,13.0,11.0,17.0,5.0,12.0,26.0,63.0,30,14,12.0,3.0,4.0,14,5,1.0,15,4.0,19,4.0,7.0,6.0,2.0,42,4.0,3.0,13,16,2.0,31,8,39,3,2.0,1.0,7,2.0,5.0,3.0,2.0,10,4.0,8,23,1.0,34,,43,3.0,12,1.0,7.0,,,3.0,4.0,7.0,4.0,78,59.0,43.0,0.6818181818181818,0.75,0.8,0.3125,1.0,0.4166666666666667,0.3125,0.5641025641025641,0.8,0.6470588235294118,0.5363636363636364,0.9166666666666666,0.6379310344827587,0.6066666666666667,0.8125,0.6847826086956522,0.2909090909090909,0.02564102564102564,0.058823529411764705,,0.7,0.6666666666666666,0.6956521739130435,0.17647058823529413,0.65,0.4444444444444444,0.6744186046511628,0.2692307692307692,0.2222222222222222,0.14285714285714285,0.5714285714285714,1.0,0.5,0.75,0.6666666666666666,0.5,91.8,0.5714285714285714,13.61038961038961,17.789473684210527,13.142857142857142,16.67105263157895,0.23636363636363636,0.9230769230769231,0.9230769230769231,0.5833333333333334,0.3090909090909091,0.47058823529411764,0.5,0.75,0.16363636363636364,0.2222222222222222,0.2222222222222222,1.0,0.03636363636363636,0.2545454545454545,0.35714285714285715,0.35714285714285715,0.8,0.16666666666666666,1.0,0.16666666666666666,1.0,0.3793103448275862,0.45454545454545453,0.5272727272727272,0.35714285714285715,0.45852592592592595,0.453925,0.4953089285714286,0.2,0.25,0.058823529411764705,0.14285714285714285,0.6923076923076923,7.748717948717949,26.025,0.5974025974025974,2026-07-29,1022600209,GSV,1611661317,PHX,PHX,28.0,7.0,8.0,,,1.0,,,,,,,1.0,,4.0,10.0,7.0,,,,,,,0.27586206896551724,0.875,0.034482758620689655,,,,1.0,1.0,,2.0,,0.2,,,0.04,,,,,,,,1.0,,,,
40:00,81,82,19.0,5,163,17.0,20.0,2.0,3.0,6.0,14,3.0,10.0,4.0,3,15,,,2.0,4.0,26,44,6,19,22,92,2.0,3.0,,,1.0,5.0,4.0,8.0,2.0,4.0,9.0,23.0,34,18,12.0,6.0,2.0,15,3,2.0,17,4.0,21,1.0,11.0,5.0,1.0,46,2.0,3.0,14,8,,22,5,27,7,3.0,4.0,2,7.0,2.0,8.0,,10,2.0,8,20,1.0,23,2.0,28,2.0,9,,2.0,,,1.0,1.0,2.0,,87,23.0,19.0,0.6538461538461539,0.68,0.6666666666666666,0.3157894736842105,,0.5,0.3157894736842105,0.5909090909090909,0.6666666666666666,0.5,0.5555555555555556,0.6666666666666666,0.5833333333333334,0.6066666666666667,0.625,0.6388888888888888,0.30158730158730157,0.045454545454545456,0.14285714285714285,,0.2,,0.5,0.16666666666666666,0.7777777777777778,0.15384615384615385,0.6470588235294118,0.16129032258064516,0.375,,0.16666666666666666,0.6666666666666666,0.4444444444444444,0.5,0.7647058823529411,1.0,97.8,,13.561728395061728,15.871951219512194,13.338271604938273,15.067073170731707,0.31746031746031744,0.85,0.85,0.6470588235294118,0.2222222222222222,0.42857142857142855,0.5,0.8333333333333334,0.15873015873015872,0.3,0.3,0.3333333333333333,0.06349206349206349,0.23809523809523808,0.2,0.21428571428571427,0.3333333333333333,1.0,0.6666666666666666,,,0.3333333333333333,0.5,0.6190476190476191,0.2,0.5008290322580645,0.5826,0.4855227272727273,0.12857142857142856,0.17647058823529413,,0.05434782608695652,0.25,7.463636363636363,25.942105263157895,0.2345679012345679,2026-08-01,1022600217,NYL,1611661317,PHX,PHX,23.0,3.0,4.0,3.0,,,1.0,3.0,,,,,2.0,,2.0,5.0,4.0,0.05263157894736842,,0.06666666666666667,0.75,0.75,1.0,0.3333333333333333,0.75,,,,,,1.0,,1.0,,,,,0.03571428571428571,0.5,,,,1.0,,,,,,,
40:00,84,85,31.0,5,169,14.0,21.0,2.0,2.0,6.0,11,1.0,5.0,10.0,4,16,,1.0,3.0,11.0,21,37,11,26,31,106,2.0,3.0,1.0,2.0,1.0,8.0,5.0,9.0,6.0,16.0,14.0,42.0,34,8,27.0,6.0,2.0,16,4,1.0,17,9.0,26,3.0,12.0,4.0,1.0,61,4.0,2.0,10,18,4.0,32,7,39,5,4.0,1.0,5,1.0,4.0,7.0,1.0,12,5.0,11,21,1.0,26,,40,2.0,16,2.0,5.0,,,4.0,1.0,5.0,4.0,98,42.0,31.0,0.8095238095238095,0.85,0.8181818181818182,0.4230769230769231,0.5,0.375,0.4230769230769231,0.5675675675675675,0.6666666666666666,0.5555555555555556,0.5952380952380952,0.7,0.56,0.65625,0.8,0.65625,0.4126984126984127,0.02702702702702703,0.09090909090909091,,0.4166666666666667,0.8,0.782608695652174,0.13333333333333333,0.6666666666666666,0.26666666666666666,0.7368421052631579,0.2,0.2,,0.3333333333333333,0.8181818181818182,0.6666666666666666,1.0,0.5833333333333334,1.0,101.4,0.8,14.967857142857142,13.443529411764706,14.652380952380952,12.631764705882354,0.3333333333333333,0.6666666666666666,0.6666666666666666,0.8571428571428571,0.1746031746031746,0.5454545454545454,0.6,0.6666666666666666,0.07936507936507936,0.2,0.2,1.0,0.15873015873015872,0.25396825396825395,0.25,0.25,0.75,0.4,1.0,0.2,,0.44,0.2727272727272727,0.746031746031746,0.25,0.5225619047619048,0.4019,0.511952,0.23376623376623376,0.3137254901960784,0.07692307692307693,0.07547169811320754,0.39622641509433965,5.508108108108108,24.565384615384616,0.36904761904761907,2026-08-03,1022600224,CHI,1611661317,PHX,PHX,20.0,2.0,4.0,7.0,3.0,5.0,,6.0,1.0,1.0,1.0,,1.0,,2.0,3.0,3.0,,,,0.7,0.7,0.8571428571428571,0.16,0.5,0.2,0.6,1.0,1.0,1.0,,3.0,3.0,,0.2,0.16666666666666666,,,0.5,0.2,1.0,1.0,1.0,,,,2.0,,,
40:00,82,82,20.0,6,164,13.0,24.0,,1.0,5.0,13,1.0,3.0,7.0,5,17,,1.0,1.0,2.0,19,40,7,24,23,82,,2.0,,1.0,4.0,4.0,6.0,12.0,1.0,4.0,10.0,25.0,30,8,21.0,,,17,5,5.0,15,7.0,22,5.0,12.0,3.0,,51,2.0,4.0,14,14,,28,6,34,4,2.0,2.0,3,3.0,2.0,7.0,1.0,10,,8,13,2.0,22,3.0,26,2.0,13,,2.0,,,1.0,1.0,2.0,2.0,78,25.0,20.0,0.7894736842105263,0.7894736842105263,1.0,0.2916666666666667,,0.25,0.2916666666666667,0.475,,0.5,0.4609375,,0.46875,0.5394736842105263,0.4,0.5952380952380952,0.375,0.125,0.15384615384615385,,0.3,,0.7777777777777778,0.19047619047619047,0.7368421052631579,0.11764705882352941,0.7567567567567568,0.15789473684210525,0.125,,0.08333333333333333,0.8,0.7272727272727273,1.0,0.7857142857142857,0.6,98.4,1.0,14.051219512195123,15.217073170731707,13.645121951219513,14.65609756097561,0.375,0.5416666666666666,0.6190476190476191,0.9230769230769231,0.203125,0.38461538461538464,0.45454545454545453,0.6,0.046875,0.3333333333333333,0.3333333333333333,,0.109375,0.265625,0.29411764705882354,0.29411764705882354,1.0,0.3333333333333333,,0.3333333333333333,,0.125,0.5,0.75,0.29411764705882354,0.5499703125,0.451325,0.611278125,0.17333333333333334,0.2549019607843137,,0.04878048780487805,0.3048780487804878,4.6,24.02916666666667,0.24390243902439024,2026-08-05,1022600226,ATL,1611661317,PHX,PHX,3.0,5.0,10.0,2.0,,2.0,1.0,2.0,,,1.0,1.0,,,1.0,1.0,1.0,0.041666666666666664,0.125,,0.2857142857142857,0.3333333333333333,1.0,0.625,0.5,0.125,,,,,2.0,,,0.14285714285714285,,0.2727272727272727,0.2,0.0625,,,,,,,,,,,,
40:00,77,78,23.0,11,155,16.0,23.0,2.0,3.0,4.0,13,2.0,4.0,10.0,2,18,,4.0,1.0,7.0,22,40,5,28,13,72,2.0,3.0,,5.0,3.0,7.0,6.0,15.0,1.0,9.0,4.0,19.0,32,12,9.0,6.0,4.0,18,2,4.0,16,3.0,19,2.0,12.0,3.0,1.0,41,4.0,7.0,9,13,3.0,25,12,37,10,6.0,4.0,5,2.0,3.0,6.0,2.0,11,3.0,6,20,,24,,23,2.0,10,,1.0,,,,1.0,1.0,,65,19.0,23.0,0.7272727272727273,0.8,0.6,0.17857142857142858,,0.1111111111111111,0.17857142857142858,0.55,0.6666666666666666,0.4,0.4338235294117647,0.25,0.3125,0.46153846153846156,0.3181818181818182,0.3392857142857143,0.4117647058823529,0.1,0.23076923076923078,,0.45454545454545453,1.0,0.7647058823529411,0.3888888888888889,0.75,0.17391304347826086,0.7586206896551724,0.2682926829268293,0.2222222222222222,0.5,0.125,1.0,0.7,0.8,0.7777777777777778,0.6666666666666666,93.0,,15.823376623376625,15.148717948717948,14.975324675324677,14.715384615384615,0.3382352941176471,0.6956521739130435,0.7272727272727273,0.75,0.19117647058823528,0.3076923076923077,0.4,0.75,0.058823529411764705,0.5,0.5,0.5,0.14705882352941177,0.2647058823529412,0.1111111111111111,0.11764705882352941,1.0,0.375,0.6666666666666666,0.5,,0.2916666666666667,0.14285714285714285,0.75,0.1111111111111111,0.5021808823529411,0.51354,0.4818166666666666,0.13157894736842105,0.20833333333333334,,0.09722222222222222,0.2638888888888889,5.1775,25.47142857142857,0.2987012987012987,2026-08-07,1022600233,CON,1611661317,PHX,PHX,26.0,5.0,9.0,3.0,,2.0,1.0,1.0,,2.0,1.0,,2.0,2.0,2.0,2.0,2.0,0.03571428571428571,0.043478260869565216,0.05555555555555555,0.3,0.3,0.3333333333333333,0.375,0.5555555555555556,0.08333333333333333,,,1.0,1.0,,,3.0,,0.25,0.5714285714285714,0.2857142857142857,,,0.125,,,,,,,,,,
40:00,79,80,20.0,6,159,9.0,12.0,1.0,1.0,6.0,16,3.0,12.0,8.0,8,21,,1.0,2.0,6.0,18,40,11,29,6,75,2.0,5.0,,1.0,,4.0,5.0,10.0,3.0,8.0,1.0,20.0,26,10,27.0,6.0,2.0,21,8,3.0,13,9.0,22,6.0,6.0,5.0,2.0,53,3.0,5.0,12,14,3.0,29,8,37,5,3.0,2.0,11,2.0,7.0,5.0,4.0,16,4.0,9,15,2.0,17,1.0,8,1.0,2,1.0,3.0,,,1.0,2.0,3.0,2.0,71,20.0,20.0,0.7222222222222222,0.7647058823529411,0.8181818181818182,0.3793103448275862,,0.375,0.3793103448275862,0.45,0.4,0.5,0.5,0.3333333333333333,0.5277777777777778,0.5208333333333334,0.3333333333333333,0.5263157894736842,0.42028985507246375,0.075,,0.08333333333333333,0.6875,1.0,0.7777777777777778,0.23809523809523808,0.6666666666666666,0.17647058823529413,0.7222222222222222,0.21052631578947367,0.3333333333333333,0.1111111111111111,0.25,0.5714285714285714,0.8888888888888888,1.0,0.8333333333333334,0.3333333333333333,95.4,0.6666666666666666,15.269620253164556,14.92125,14.784810126582279,14.132500000000002,0.17391304347826086,0.75,0.9,0.6666666666666666,0.2318840579710145,0.375,0.375,0.8333333333333334,0.17391304347826086,0.25,0.2727272727272727,0.6666666666666666,0.11594202898550725,0.30434782608695654,0.38095238095238093,0.4,0.75,0.16666666666666666,1.0,0.16666666666666666,,0.3333333333333333,0.3333333333333333,0.5942028985507246,0.38095238095238093,0.48480955882352944,0.4121375,0.4470147058823529,0.04225352112676056,0.04878048780487805,0.03333333333333333,0.05333333333333334,0.26666666666666666,9.33,25.648275862068964,0.25316455696202533,2026-08-09,1022600240,WAS,1611661317,PHX,PHX,12.0,3.0,3.0,3.0,1.0,2.0,1.0,3.0,,,2.0,,,,1.0,1.0,1.0,0.034482758620689655,0.16666666666666666,0.047619047619047616,0.375,0.375,1.0,0.16666666666666666,1.0,0.1111111111111111,0.5,,,,1.0,1.0,1.0,,,0.3333333333333333,,0.029411764705882353,,,,,,,,,,,,
40:00,87,89,28.0,6,176,16.0,19.0,1.0,1.0,6.0,14,,2.0,5.0,7,20,,1.0,1.0,4.0,22,35,9,25,23,94,2.0,4.0,,2.0,1.0,5.0,3.0,9.0,2.0,7.0,16.0,28.0,26,18,27.0,,2.0,20,7,1.0,13,9.0,22,7.0,9.0,4.0,,53,2.0,4.0,20,9,4.0,33,7,40,12,6.0,6.0,11,7.0,7.0,13.0,4.0,24,7.0,11,23,4.0,25,2.0,30,5.0,11,,5.0,,,2.0,3.0,5.0,2.0,89,26.0,27.0,0.5909090909090909,0.6190476190476191,1.0,0.36,,0.2857142857142857,0.36,0.6285714285714286,0.5,0.3333333333333333,0.5916666666666667,0.3333333333333333,0.375,0.6527777777777778,0.35714285714285715,0.56,0.4166666666666667,0.02857142857142857,0.07142857142857142,,0.4583333333333333,1.0,0.5625,0.3076923076923077,0.8,0.14285714285714285,0.7073170731707317,0.2222222222222222,0.25,,0.09090909090909091,0.6666666666666666,0.6363636363636364,,0.8181818181818182,0.6666666666666666,105.6,0.4,13.742528735632183,13.532584269662923,13.225287356321838,12.81685393258427,0.31666666666666665,0.8421052631578947,0.8421052631578947,0.5625,0.23333333333333334,0.42857142857142855,0.46153846153846156,0.6666666666666666,0.03333333333333333,,,,0.08333333333333333,0.3333333333333333,0.35,0.3684210526315789,1.0,0.16666666666666666,1.0,0.16666666666666666,,0.25,0.25,0.7333333333333333,0.35,0.5195601694915255,0.4435875,0.4973966666666667,0.16666666666666666,0.2682926829268293,,0.05319148936170213,0.2978723404255319,5.274285714285714,25.936,0.3218390804597701,2026-08-11,1022600247,LAS,1611661317,PHX,PHX,38.0,3.0,3.0,2.0,1.0,3.0,1.0,2.0,,1.0,,,1.0,,,6.0,5.0,0.04,,0.05,0.4,0.4,1.0,0.1875,1.0,0.1875,0.3333333333333333,,1.0,1.0,1.0,,,,0.2,0.6666666666666666,0.3333333333333333,0.04,,0.16666666666666666,,,,,,,,,,
40:00,79,79,31.0,10,158,10.0,16.0,2.0,3.0,8.0,18,1.0,6.0,8.0,8,19,2.0,2.0,1.0,3.0,19,40,9,27,20,85,4.0,5.0,2.0,2.0,4.0,18.0,7.0,16.0,1.0,5.0,10.0,27.0,20,18,24.0,3.0,4.0,19,8,4.0,10,8.0,18,7.0,4.0,5.0,1.0,44,7.0,5.0,20,8,4.0,32,13,45,5,4.0,1.0,6,2.0,5.0,7.0,1.0,13,7.0,7,19,2.0,23,1.0,25,2.0,9,,1.0,,,,1.0,1.0,,67,27.0,31.0,0.5263157894736842,0.5882352941176471,0.8888888888888888,0.3333333333333333,1.0,0.2,0.3333333333333333,0.475,0.8,0.4375,0.48507462686567165,1.0,0.40476190476190477,0.5384615384615384,1.0,0.48148148148148145,0.40298507462686567,0.1,0.16666666666666666,,0.46153846153846156,1.0,0.6666666666666666,0.23809523809523808,0.7407407407407407,0.3888888888888889,0.717948717948718,0.3076923076923077,0.2,0.2,0.36363636363636365,0.75,0.4,1.0,0.7619047619047619,0.6666666666666666,94.79999999999993,,15.792405063291138,14.587341772151923,15.156962025316455,13.916455696202556,0.23880597014925373,0.625,0.6666666666666666,0.4,0.26865671641791045,0.4444444444444444,0.5333333333333333,0.625,0.08955223880597014,0.16666666666666666,0.16666666666666666,1.0,0.11940298507462686,0.2835820895522388,0.42105263157894735,0.42105263157894735,0.875,0.42857142857142855,0.6666666666666666,0.2857142857142857,1.0,0.14285714285714285,0.3333333333333333,0.6417910447761194,0.42105263157894735,0.4716268656716418,0.48694,0.41509761904761905,0.12162162162162163,0.19148936170212766,,0.21176470588235294,0.3176470588235294,6.6625,24.925925925925927,0.3924050632911392,2026-08-16,1022600260,PDX,1611661317,PHX,PHX,27.0,4.0,6.0,1.0,,2.0,,1.0,,1.0,2.0,,1.0,,3.0,4.0,4.0,,0.0625,,0.125,0.125,1.0,0.2857142857142857,0.6666666666666666,0.09523809523809523,,,,1.0,1.0,1.0,2.0,,0.5,0.3333333333333333,0.42857142857142855,0.02857142857142857,0.5,,,,1.0,,,1.0,,,,
40:00,88,88,26.0,5,176,13.0,16.0,,1.0,12.0,22,2.0,5.0,6.0,9,17,1.0,1.0,1.0,1.0,27,43,12,23,17,107,1.0,3.0,1.0,1.0,2.0,7.0,7.0,10.0,3.0,4.0,6.0,29.0,30,24,33.0,3.0,,17,9,2.0,15,11.0,26,8.0,9.0,5.0,1.0,63,2.0,3.0,8,15,2.0,25,5,30,9,6.0,3.0,4,3.0,2.0,13.0,2.0,17,7.0,6,28,4.0,25,4.0,24,4.0,8,1.0,2.0,,,1.0,1.0,2.0,2.0,100,28.0,24.0,0.5555555555555556,0.5555555555555556,0.9166666666666666,0.5217391304347826,1.0,0.75,0.5217391304347826,0.627906976744186,0.3333333333333333,0.7,0.6818181818181818,0.625,0.8214285714285714,0.7066666666666667,0.7,0.7631578947368421,0.3484848484848485,0.046511627906976744,0.09090909090909091,,0.23529411764705882,1.0,0.75,0.1875,0.5,0.18181818181818182,0.6388888888888888,0.18518518518518517,0.1,0.3333333333333333,,0.875,0.7777777777777778,0.3333333333333333,0.5,0.5,105.6,1.0,13.643181818181818,13.629545454545456,13.328409090909089,12.976136363636364,0.24242424242424243,0.8125,0.8125,0.6923076923076923,0.3333333333333333,0.5454545454545454,0.6,0.4166666666666667,0.07575757575757576,0.4,0.4,0.5,0.09090909090909091,0.25757575757575757,0.5294117647058824,0.5294117647058824,0.8888888888888888,0.25,,0.25,1.0,0.07142857142857142,1.0,0.5909090909090909,0.5294117647058824,0.4971765151515152,0.4607666666666667,0.493025,0.12857142857142856,0.1702127659574468,0.043478260869565216,0.06542056074766354,0.27102803738317754,6.8023255813953485,24.339130434782607,0.29545454545454547,2026-05-09,1022600004,IND,1611661321,DAL,DAL,30.0,3.0,4.0,3.0,2.0,3.0,,3.0,,1.0,,1.0,3.0,,2.0,5.0,3.0,,,,0.5,0.5,1.0,0.2857142857142857,0.75,0.21428571428571427,0.6666666666666666,,,,1.0,,5.0,,,0.3333333333333333,0.6666666666666666,0.04,,,,,1.0,,,1.0,1.0,,,
40:00,76,77,13.0,10,153,10.0,20.0,,1.0,9.0,20,5.0,7.0,2.0,4,24,1.0,4.0,1.0,3.0,24,47,4,26,12,72,3.0,5.0,1.0,4.0,3.0,12.0,6.0,10.0,1.0,3.0,5.0,20.0,24,24,9.0,3.0,2.0,24,4,2.0,12,3.0,15,3.0,7.0,2.0,3.0,33,3.0,8.0,20,11,1.0,32,11,43,3,2.0,1.0,5,1.0,3.0,5.0,2.0,10,,8,17,2.0,18,3.0,14,4.0,7,,4.0,,,2.0,2.0,4.0,2.0,60,20.0,13.0,0.5,0.5217391304347826,0.75,0.15384615384615385,0.25,0.3333333333333333,0.15384615384615385,0.5106382978723404,0.6,0.6,0.410958904109589,0.5,0.5769230769230769,0.46153846153846156,0.6,0.625,0.3561643835616438,0.0425531914893617,0.05,,0.5,1.0,0.5789473684210527,0.34782608695652173,0.8333333333333334,0.14285714285714285,0.7209302325581395,0.25,0.2727272727272727,,0.15789473684210525,0.6,0.7142857142857143,,0.8695652173913043,,91.8,0.5,15.665789473684208,15.706493506493509,14.985526315789471,15.254545454545456,0.273972602739726,0.5,0.5263157894736842,0.7,0.273972602739726,0.45,0.47368421052631576,0.2222222222222222,0.0958904109589041,0.7142857142857143,0.7142857142857143,0.6,0.0273972602739726,0.3287671232876712,0.16666666666666666,0.17391304347826086,0.75,0.1111111111111111,,0.4444444444444444,0.25,0.23076923076923078,0.3333333333333333,0.6301369863013698,0.16666666666666666,0.48230205479452054,0.44240625,0.4765961538461539,0.09210526315789473,0.14,,0.16666666666666666,0.2777777777777778,7.070212765957447,26.092307692307692,0.17105263157894737,2026-05-12,1022600012,ATL,1611661321,DAL,DAL,15.0,2.0,3.0,,,,1.0,,,,1.0,,,1.0,1.0,2.0,2.0,0.038461538461538464,0.05,0.041666666666666664,,,,0.23076923076923078,0.6666666666666666,,,,,,2.0,,2.0,,,0.5,,0.04878048780487805,,,,,,,,1.0,,,,
39:59,77,76,14.0,9,153,15.0,25.0,2.0,6.0,6.0,16,5.0,9.0,4.0,4,13,,,1.0,2.0,26,50,5,17,19,86,3.0,8.0,,1.0,3.0,9.0,2.0,7.0,1.0,2.0,8.0,15.0,36,16,12.0,3.0,,13,4,5.0,18,4.0,22,3.0,12.0,3.0,3.0,48,5.0,6.0,7,9,3.0,19,11,30,9,5.0,4.0,6,4.0,4.0,7.0,2.0,13,2.0,8,18,,19,1.0,22,3.0,8,,3.0,,,2.0,1.0,3.0,3.0,77,15.0,14.0,0.6923076923076923,0.6923076923076923,0.8,0.29411764705882354,,0.5,0.29411764705882354,0.52,0.375,0.2857142857142857,0.5,0.3333333333333333,0.3888888888888889,0.5592105263157895,0.45,0.5357142857142857,0.2537313432835821,0.1,0.0625,,0.46153846153846156,1.0,0.5625,0.2608695652173913,1.0,0.4166666666666667,0.6956521739130435,0.3142857142857143,0.2222222222222222,,0.3333333333333333,0.8333333333333334,0.3333333333333333,0.5,1.0,,91.80000000000007,1.0,17.01688311688309,14.338157894736844,16.166233766233738,14.206578947368422,0.373134328358209,0.6,0.7142857142857143,0.8,0.23880597014925373,0.375,0.4,0.5,0.13432835820895522,0.5555555555555556,0.5555555555555556,0.6,0.05970149253731343,0.19402985074626866,0.3076923076923077,0.3076923076923077,0.75,0.6666666666666666,0.3333333333333333,,,0.2222222222222222,0.5,0.6268656716417911,0.3076923076923077,0.48625447761194035,0.469125,0.30752222222222225,0.1111111111111111,0.14545454545454545,,0.10465116279069768,0.1744186046511628,7.352,25.094117647058823,0.18181818181818182,2026-05-14,1022600019,MIN,1611661321,DAL,DAL,15.0,,1.0,1.0,,,2.0,1.0,1.0,,1.0,,,2.0,1.0,4.0,4.0,0.11764705882352941,0.16,,0.25,0.5,1.0,0.1111111111111111,,,,,1.0,,,,1.0,0.5,,0.4,0.6666666666666666,,1.0,0.1111111111111111,,,1.0,,,,,,,
40:00,73,74,6.0,10,147,11.0,16.0,,2.0,8.0,17,3.0,13.0,3.0,9,21,1.0,4.0,1.0,1.0,22,46,11,24,15,92,1.0,5.0,1.0,4.0,1.0,6.0,,1.0,2.0,2.0,4.0,10.0,38,6,33.0,,,21,9,1.0,19,11.0,30,9.0,10.0,6.0,3.0,71,3.0,9.0,7,13,2.0,22,12,34,10,8.0,2.0,3,,2.0,6.0,1.0,9,1.0,10,20,3.0,17,3.0,17,3.0,9,,1.0,,,,1.0,1.0,1.0,86,10.0,6.0,0.8636363636363636,0.8636363636363636,1.0,0.4583333333333333,0.25,1.0,0.4583333333333333,0.4782608695652174,0.2,,0.55,0.2777777777777778,1.0,0.5974025974025974,0.3,1.0,0.34285714285714286,0.021739130434782608,0.058823529411764705,,0.3333333333333333,1.0,0.7222222222222222,0.4090909090909091,1.0,0.25,0.8,0.35294117647058826,0.375,0.3333333333333333,0.2727272727272727,0.875,0.5555555555555556,1.0,1.0,1.0,88.2,1.0,16.775342465753422,15.883783783783786,15.515068493150684,15.47837837837838,0.22857142857142856,0.6875,0.6875,0.9090909090909091,0.24285714285714285,0.47058823529411764,0.5,0.75,0.18571428571428572,0.23076923076923078,0.23076923076923078,1.0,0.04285714285714286,0.3,0.42857142857142855,0.42857142857142855,1.0,0.2222222222222222,,0.4444444444444444,0.25,0.3333333333333333,1.0,0.5714285714285714,0.42857142857142855,0.47699500000000006,0.5320714285714285,0.43344999999999995,0.11842105263157894,0.17307692307692307,,0.06521739130434782,0.10869565217391304,8.828260869565218,24.825,0.0821917808219178,2026-05-18,1022600029,WAS,1611661321,DAL,DAL,11.0,,,2.0,1.0,1.0,,2.0,,,3.0,1.0,3.0,,,1.0,1.0,,,,0.6666666666666666,0.6666666666666666,1.0,,,0.3333333333333333,1.0,,,,2.0,,,,,0.6,,0.06060606060606061,,,,,,,,1.0,,,,
40:00,79,79,20.0,11,158,13.0,21.0,3.0,4.0,4.0,12,10.0,18.0,2.0,9,19,1.0,2.0,2.0,4.0,27,51,9,21,18,99,4.0,7.0,1.0,2.0,2.0,13.0,6.0,9.0,2.0,4.0,10.0,28.0,40,14,24.0,3.0,,19,9,4.0,20,8.0,28,8.0,8.0,2.0,10.0,64,2.0,9.0,12,15,1.0,28,12,40,5,4.0,1.0,4,1.0,2.0,5.0,2.0,9,4.0,12,20,,23,1.0,23,2.0,8,,,1.0,1.0,,,1.0,1.0,86,28.0,20.0,0.7407407407407407,0.7407407407407407,0.8888888888888888,0.42857142857142855,0.5,0.5,0.42857142857142855,0.5294117647058824,0.5714285714285714,0.6666666666666666,0.5625,0.6111111111111112,0.6923076923076923,0.5975609756097561,0.65,0.7368421052631579,0.2916666666666667,0.0784313725490196,0.16666666666666666,,0.4444444444444444,1.0,0.8333333333333334,0.4090909090909091,0.75,0.16666666666666666,0.7941176470588235,0.3235294117647059,0.42857142857142855,0.2857142857142857,0.2,0.8,0.8571428571428571,1.0,0.7857142857142857,0.5,94.8,1.0,15.750632911392405,14.629113924050634,14.634177215189872,14.311392405063293,0.2916666666666667,0.6190476190476191,0.6842105263157895,0.6153846153846154,0.16666666666666666,0.3333333333333333,0.4,0.5,0.25,0.5555555555555556,0.5555555555555556,1.0,0.027777777777777776,0.2638888888888889,0.47368421052631576,0.5,0.8888888888888888,0.4444444444444444,0.75,0.2222222222222222,0.5,0.3076923076923077,0.5,0.5833333333333334,0.47368421052631576,0.49125915492957745,0.5058666666666667,0.49245416666666664,0.10256410256410256,0.14035087719298245,,0.13131313131313133,0.2828282828282828,8.20392156862745,25.914285714285718,0.25316455696202533,2026-05-20,1022600033,CHI,1611661321,DAL,DAL,26.0,4.0,5.0,,,,1.0,,,1.0,1.0,,,,2.0,4.0,4.0,0.047619047619047616,0.09523809523809523,0.05263157894736842,,,,0.38461538461538464,0.8,,,,,1.0,,2.0,1.0,,0.3333333333333333,0.5,,,0.3333333333333333,,,,1.0,1.0,,1.0,,,,
40:00,77,78,8.0,13,155,13.0,20.0,1.0,5.0,8.0,19,,7.0,7.0,5,21,1.0,3.0,1.0,4.0,21,46,7,28,6,69,1.0,7.0,2.0,5.0,2.0,10.0,1.0,2.0,1.0,4.0,3.0,8.0,28,14,21.0,,,21,5,4.0,14,7.0,21,5.0,8.0,6.0,,49,9.0,8.0,5,13,,18,17,35,9,6.0,3.0,6,1.0,6.0,9.0,,15,,5,18,2.0,12,,12,2.0,6,,7.0,1.0,,6.0,1.0,8.0,3.0,59,8.0,8.0,0.6666666666666666,0.6666666666666666,1.0,0.25,0.4,0.25,0.25,0.45652173913043476,0.14285714285714285,0.5,0.42567567567567566,0.3333333333333333,0.4166666666666667,0.43670886075949367,0.38461538461538464,0.4444444444444444,0.3783783783783784,0.08695652173913043,0.10526315789473684,,0.4,,0.6842105263157895,0.3333333333333333,0.5555555555555556,0.42857142857142855,0.6428571428571429,0.37777777777777777,0.3,0.2857142857142857,0.4375,0.6363636363636364,0.6666666666666666,1.0,0.7142857142857143,,93.0,0.375,16.057142857142857,14.917948717948716,15.150649350649353,14.352564102564102,0.2702702702702703,0.65,0.7222222222222222,0.6153846153846154,0.25675675675675674,0.42105263157894735,0.47058823529411764,0.75,0.0945945945945946,,,,0.0945945945945946,0.28378378378378377,0.23809523809523808,0.23809523809523808,1.0,0.4166666666666667,0.2,0.25,0.3333333333333333,0.6666666666666666,0.25,0.6486486486486487,0.23809523809523808,0.5214746575342466,0.6006714285714285,0.3794,0.07692307692307693,0.12,,0.14492753623188406,0.11594202898550725,6.858695652173913,24.710714285714285,0.1038961038961039,2026-05-22,1022600038,ATL,1611661321,DAL,DAL,26.0,,,2.0,,,,2.0,,3.0,2.0,1.0,1.0,1.0,2.0,1.0,1.0,,0.1,,0.2857142857142857,0.2857142857142857,1.0,,,,,1.0,2.0,,1.0,1.0,1.0,,,0.42857142857142855,0.4,0.024390243902439025,,0.16666666666666666,0.5,1.0,,,1.0,1.0,,,,
40:00,75,77,18.0,8,152,7.0,14.0,,,6.0,10,2.0,6.0,5.0,14,30,1.0,5.0,1.0,5.0,15,30,15,35,16,91,,1.0,2.0,6.0,2.0,8.0,4.0,6.0,1.0,6.0,9.0,20.0,18,12,39.0,6.0,,30,14,,9,13.0,22,12.0,5.0,3.0,1.0,57,5.0,5.0,13,18,,31,10,41,6,3.0,3.0,4,1.0,1.0,7.0,3.0,11,4.0,7,16,2.0,18,,19,1.0,6,,5.0,,,3.0,2.0,5.0,3.0,83,20.0,18.0,0.6,0.6,0.8666666666666667,0.42857142857142855,0.3333333333333333,0.16666666666666666,0.42857142857142855,0.5,,0.6666666666666666,0.5769230769230769,0.42857142857142855,0.4583333333333333,0.6148648648648649,0.5,0.5882352941176471,0.5384615384615384,,,,0.36363636363636365,,0.6923076923076923,0.3333333333333333,0.7647058823529411,0.25,0.7209302325581395,0.2857142857142857,0.75,0.25,0.25,0.6153846153846154,0.7,1.0,0.7857142857142857,0.6666666666666666,91.2,0.6,15.962666666666667,15.62077922077922,15.372000000000002,14.775324675324676,0.2153846153846154,0.5,0.5,0.7142857142857143,0.15384615384615385,0.6,0.6,0.5,0.09230769230769231,0.3333333333333333,0.3333333333333333,0.5,0.07692307692307693,0.46153846153846156,0.4666666666666667,0.4666666666666667,0.8571428571428571,,,0.7142857142857143,0.2,0.4166666666666667,0.2,0.7538461538461538,0.4666666666666667,0.5025285714285714,0.44797000000000003,0.57293,0.08571428571428572,0.17142857142857143,,0.08791208791208792,0.21978021978021978,7.46,26.057142857142857,0.24,2026-05-24,1022600045,NYL,1611661321,DAL,DAL,7.0,4.0,6.0,1.0,,1.0,,1.0,,1.0,,,1.0,,3.0,4.0,4.0,,,,0.2,0.2,1.0,0.5,0.6666666666666666,0.08333333333333333,,1.0,1.0,,1.0,,1.0,,,0.14285714285714285,0.25,0.02857142857142857,,0.14285714285714285,1.0,1.0,,,,,,,,
40:00,77,79,15.0,9,156,11.0,16.0,4.0,4.0,9.0,16,3.0,13.0,3.0,8,19,1.0,1.0,1.0,2.0,23,45,10,22,19,95,5.0,6.0,1.0,1.0,4.0,17.0,4.0,8.0,1.0,2.0,6.0,17.0,28,18,27.0,3.0,,19,8,2.0,14,9.0,23,7.0,8.0,4.0,2.0,55,3.0,5.0,8,23,3.0,34,9,43,1,,1.0,5,2.0,4.0,5.0,1.0,10,3.0,3,16,1.0,15,,22,3.0,11,,3.0,2.0,1.0,1.0,2.0,5.0,4.0,78,17.0,15.0,0.6086956521739131,0.6086956521739131,0.9,0.45454545454545453,1.0,0.5,0.45454545454545453,0.5111111111111111,0.8333333333333334,0.5,0.5671641791044776,0.9285714285714286,0.55,0.618421052631579,0.9444444444444444,0.6538461538461539,0.3283582089552239,0.044444444444444446,0.0625,0.07692307692307693,0.5,1.0,0.6764705882352942,0.22727272727272727,0.7272727272727273,0.25,0.6888888888888889,0.23529411764705882,0.2857142857142857,0.2,0.2727272727272727,0.75,0.6842105263157895,0.6363636363636364,0.75,0.6666666666666666,93.6,0.8,15.812987012987012,14.967088607594938,15.436363636363636,14.436708860759493,0.23880597014925373,0.6875,0.6875,0.7272727272727273,0.23880597014925373,0.5625,0.6,0.4444444444444444,0.19402985074626866,0.23076923076923078,0.25,0.6666666666666666,0.04477611940298507,0.2835820895522388,0.42105263157894735,0.4444444444444444,0.875,0.5714285714285714,1.0,0.14285714285714285,1.0,0.2,0.5,0.5671641791044776,0.42105263157894735,0.5051634328358209,0.581675,0.5096149999999999,0.14666666666666667,0.20754716981132076,,0.17894736842105263,0.17894736842105263,8.37111111111111,24.731818181818184,0.19480519480519481,2026-05-28,1022600054,LVA,1611661321,DAL,DAL,16.0,2.0,5.0,2.0,,,1.0,2.0,,,,,1.0,,,1.0,1.0,0.045454545454545456,,0.05263157894736842,0.6666666666666666,0.6666666666666666,1.0,0.5,0.4,,,,,1.0,2.0,,2.0,,1.0,0.2,,0.06451612903225806,0.75,,,,1.0,,1.0,1.0,,,,
40:00,78,80,14.0,18,158,12.0,17.0,5.0,6.0,7.0,28,5.0,11.0,4.0,5,21,,3.0,,3.0,24,56,5,25,16,79,10.0,16.0,,3.0,5.0,25.0,6.0,8.0,,4.0,5.0,17.0,30,18,12.0,3.0,8.0,21,5,7.0,15,4.0,19,4.0,9.0,2.0,4.0,42,6.0,15.0,13,19,2.0,34,23,57,7,5.0,2.0,6,1.0,5.0,5.0,1.0,11,3.0,8,15,1.0,22,3.0,24,4.0,12,,1.0,,,,1.0,1.0,,54,17.0,14.0,0.625,0.75,0.8,0.2,,,0.2,0.42857142857142855,0.625,0.75,0.3888888888888889,0.5263157894736842,0.5,0.4340659340659341,0.5681818181818182,0.6071428571428571,0.30864197530864196,0.125,0.17857142857142858,0.09090909090909091,0.5454545454545454,1.0,0.76,0.4838709677419355,0.9285714285714286,0.3157894736842105,0.8205128205128205,0.42,0.6190476190476191,,0.2,0.6666666666666666,0.7857142857142857,0.8,1.0,0.5,94.8,,15.85897435897436,14.5375,14.374358974358975,14.148750000000001,0.20987654320987653,0.7058823529411765,0.75,0.75,0.345679012345679,0.25,0.30434782608695654,0.2857142857142857,0.13580246913580246,0.45454545454545453,0.5,0.8,0.04938271604938271,0.25925925925925924,0.23809523809523808,0.23809523809523808,0.8,0.3157894736842105,0.8333333333333334,0.15789473684210525,,0.25,,0.5185185185185185,0.23809523809523808,0.4887222222222222,0.497964705882353,0.47949166666666665,0.1348314606741573,0.1875,,0.31645569620253167,0.21518987341772153,8.219642857142857,24.928,0.1794871794871795,2026-06-01,1022600064,SEA,1611661321,DAL,DAL,18.0,3.0,3.0,,,1.0,,,,,1.0,,,1.0,2.0,2.0,2.0,,0.058823529411764705,,,,,0.25,1.0,0.08333333333333333,,,,2.0,3.0,,,,0.2857142857142857,0.5,0.75,0.06976744186046512,0.6,,,,,,,,,,,
40:00,83,84,15.0,12,167,20.0,25.0,4.0,5.0,6.0,15,5.0,12.0,9.0,6,16,,1.0,,,31,52,10,25,12,104,5.0,8.0,,2.0,,10.0,4.0,9.0,1.0,3.0,3.0,14.0,42,20,27.0,3.0,8.0,16,6,1.0,21,9.0,30,5.0,16.0,3.0,2.0,69,6.0,7.0,11,8,2.0,21,14,35,10,7.0,3.0,5,3.0,4.0,7.0,1.0,12,3.0,8,17,2.0,16,2.0,18,3.0,8,,2.0,,,2.0,,2.0,1.0,94,13.0,14.0,0.6774193548387096,0.7777777777777778,0.9,0.4,,0.3333333333333333,0.4,0.5961538461538461,0.625,0.4444444444444444,0.5974025974025974,0.5,0.4583333333333333,0.6130952380952381,0.5,0.5,0.3246753246753247,0.019230769230769232,0.06666666666666667,,0.4166666666666667,1.0,0.6666666666666666,0.3333333333333333,0.6470588235294118,0.4,0.6551724137931034,0.3611111111111111,0.1111111111111111,0.42857142857142855,0.4,0.6666666666666666,0.75,0.5,0.6428571428571429,0.6666666666666666,100.2,0.5,15.72289156626506,13.035714285714286,15.03734939759036,12.391666666666667,0.3246753246753247,0.8,0.8,0.8,0.19480519480519481,0.4,0.42857142857142855,0.5,0.15584415584415584,0.4166666666666667,0.4166666666666667,0.4,0.11688311688311688,0.2077922077922078,0.375,0.375,0.8333333333333334,0.5,0.8,0.1,,,,0.6493506493506493,0.375,0.5177415584415584,0.59626875,0.4853791666666667,0.0975609756097561,0.14035087719298245,,0.09615384615384616,0.1346153846153846,7.621153846153846,24.244,0.18072289156626506,2026-06-05,1022600075,LAS,1611661321,DAL,DAL,19.0,3.0,4.0,4.0,1.0,3.0,1.0,4.0,,,4.0,,,,2.0,2.0,1.0,0.04,,,0.4444444444444444,0.5,1.0,0.3333333333333333,0.75,0.25,0.3333333333333333,,1.0,1.0,3.0,2.0,3.0,0.1111111111111111,0.25,0.6,0.4,0.08823529411764706,,0.1,,,1.0,,,,,,,
40:00,82,82,5.0,11,164,8.0,16.0,2.0,3.0,5.0,15,8.0,18.0,4.0,8,24,1.0,4.0,,2.0,21,49,8,28,10,76,4.0,6.0,1.0,4.0,,11.0,1.0,2.0,,2.0,,2.0,24,18,21.0,3.0,4.0,24,8,3.0,12,7.0,19,7.0,6.0,1.0,5.0,45,5.0,8.0,7,18,,25,13,38,9,4.0,5.0,9,2.0,6.0,4.0,3.0,13,1.0,8,18,1.0,11,,10,,5,,3.0,,,2.0,,3.0,3.0,65,2.0,5.0,0.5714285714285714,0.631578947368421,0.875,0.2857142857142857,0.25,,0.2857142857142857,0.42857142857142855,0.6666666666666666,0.5,0.42857142857142855,0.55,0.25,0.4634146341463415,0.55,0.25,0.36363636363636365,0.061224489795918366,0.06666666666666667,0.05555555555555555,0.6923076923076923,,0.6923076923076923,0.2857142857142857,1.0,0.25,0.7575757575757576,0.2708333333333333,0.4,0.4,0.3125,0.75,0.5,0.7,1.0,1.0,98.4,1.0,15.813414634146342,13.454878048780488,14.819512195121952,13.085365853658537,0.2077922077922078,0.5,0.5333333333333333,0.75,0.19480519480519481,0.3333333333333333,0.35714285714285715,0.2,0.23376623376623376,0.4444444444444444,0.47058823529411764,0.625,0.05194805194805195,0.3116883116883117,0.3333333333333333,0.3333333333333333,0.875,0.3,0.6666666666666666,0.4,0.25,0.5,,0.5714285714285714,0.3333333333333333,0.48924285714285715,0.5403428571428571,0.44775,0.06097560975609756,0.09259259259259259,,0.14473684210526316,0.02631578947368421,9.306122448979592,24.232142857142858,0.06097560975609756,2026-06-09,1022600087,MIN,1611661321,DAL,DAL,14.0,,,,,,,,,,3.0,,1.0,,1.0,,,,0.0625,,,,,,,,,,,,1.0,,1.0,,,,,0.022222222222222223,,,,,,,,1.0,,1.0,,
40:00,82,81,9.0,9,163,17.0,23.0,1.0,1.0,10.0,22,6.0,8.0,1.0,4,17,2.0,2.0,,2.0,33,53,4,18,7,85,3.0,5.0,2.0,2.0,1.0,13.0,6.0,7.0,,2.0,,12.0,42,24,9.0,3.0,,17,4,1.0,21,3.0,24,3.0,12.0,5.0,4.0,51,4.0,6.0,10,20,1.0,31,10,41,9,8.0,1.0,10,2.0,7.0,8.0,3.0,18,,7,17,3.0,15,4.0,8,2.0,5,,4.0,,,,4.0,4.0,3.0,72,12.0,9.0,0.6363636363636364,0.6363636363636364,0.75,0.2222222222222222,1.0,,0.2222222222222222,0.6226415094339622,0.6,0.8571428571428571,0.5492957746478874,0.8571428571428571,0.6666666666666666,0.5743243243243243,0.8125,0.6666666666666666,0.2535211267605634,0.018867924528301886,0.045454545454545456,,0.5555555555555556,1.0,0.7407407407407407,0.3,0.8333333333333334,0.3076923076923077,0.7692307692307693,0.30303030303030304,0.25,,0.3333333333333333,0.5555555555555556,0.75,1.0,0.8571428571428571,0.8,97.8,0.75,13.925609756097563,15.532098765432098,13.403658536585368,14.949382716049382,0.323943661971831,0.7391304347826086,0.7391304347826086,0.7058823529411765,0.30985915492957744,0.45454545454545453,0.47619047619047616,0.5,0.11267605633802817,0.75,0.75,0.6666666666666666,0.014084507042253521,0.23943661971830985,0.23529411764705882,0.23529411764705882,0.75,0.14285714285714285,1.0,0.2857142857142857,1.0,0.2222222222222222,,0.5774647887323944,0.23529411764705882,0.5034171428571428,0.479525,0.48336875,0.06756756756756757,0.08928571428571429,,0.15294117647058825,0.1411764705882353,7.547169811320755,25.927777777777777,0.10975609756097561,2026-06-11,1022600093,PHX,1611661321,DAL,DAL,19.0,2.0,3.0,,,,,,,,2.0,,1.0,,2.0,,,,,,,,,0.3333333333333333,0.6666666666666666,,,,,,,1.0,2.0,,,0.5,,,,,,,,,,0.5,,,,
40:00,77,78,24.0,16,155,9.0,14.0,2.0,3.0,11.0,25,2.0,7.0,6.0,6,22,1.0,4.0,1.0,7.0,22,46,7,28,18,83,5.0,9.0,1.0,5.0,1.0,14.0,8.0,17.0,1.0,9.0,4.0,23.0,24,20,18.0,3.0,6.0,22,6,5.0,12,6.0,18,5.0,5.0,6.0,1.0,42,9.0,8.0,13,16,,29,17,46,7,3.0,4.0,5,2.0,4.0,5.0,1.0,10,2.0,5,15,1.0,24,3.0,26,4.0,15,,4.0,,,,4.0,4.0,1.0,69,23.0,24.0,0.5454545454545454,0.631578947368421,0.8571428571428571,0.25,0.2,0.1111111111111111,0.25,0.4782608695652174,0.5555555555555556,0.47058823529411764,0.4391891891891892,0.4642857142857143,0.36538461538461536,0.48823529411764705,0.4666666666666667,0.42592592592592593,0.3783783783783784,0.10869565217391304,0.12,,0.5,,0.7619047619047619,0.3333333333333333,0.7647058823529411,0.47368421052631576,0.7631578947368421,0.3953488372093023,0.42857142857142855,0.2,0.42857142857142855,1.0,0.7058823529411765,1.0,0.7857142857142857,0.6666666666666666,93.0,0.25,14.787012987012986,16.171794871794873,13.567532467532466,15.619230769230771,0.1891891891891892,0.6428571428571429,0.75,0.5555555555555556,0.33783783783783783,0.44,0.5,0.5454545454545454,0.0945945945945946,0.2857142857142857,0.2857142857142857,0.5,0.08108108108108109,0.2972972972972973,0.2727272727272727,0.2727272727272727,0.8333333333333334,0.21428571428571427,0.6666666666666666,0.2857142857142857,0.25,0.2692307692307692,0.14285714285714285,0.5675675675675675,0.2727272727272727,0.47501824324324327,0.5356555555555556,0.43104615384615386,0.17647058823529413,0.2631578947368421,,0.1686746987951807,0.27710843373493976,6.995652173913044,24.932142857142857,0.3116883116883117,2026-06-13,1022600099,PDX,1611661321,DAL,DAL,22.0,2.0,4.0,1.0,,2.0,,1.0,,1.0,2.0,,3.0,1.0,1.0,,1.0,,0.14285714285714285,,0.16666666666666666,0.16666666666666666,1.0,0.15384615384615385,0.5,0.07692307692307693,,,1.0,,1.0,1.0,1.0,,,0.2,0.6,0.02631578947368421,,0.07142857142857142,,,,,,1.0,,,,
40:00,79,79,13.0,10,158,13.0,20.0,2.0,4.0,9.0,18,3.0,5.0,6.0,7,22,1.0,3.0,1.0,6.0,25,43,10,28,16,96,2.0,4.0,1.0,4.0,3.0,10.0,2.0,4.0,2.0,8.0,2.0,12.0,42,8,27.0,3.0,2.0,22,7,3.0,21,9.0,30,6.0,10.0,8.0,3.0,69,9.0,2.0,11,22,1.0,34,11,45,10,5.0,5.0,5,1.0,4.0,3.0,1.0,8,1.0,3,14,,18,1.0,21,2.0,10,,3.0,,,1.0,2.0,3.0,2.0,86,12.0,13.0,0.84,0.875,0.9,0.35714285714285715,0.25,0.25,0.35714285714285715,0.5813953488372093,0.5,0.5,0.5633802816901409,0.4375,0.4166666666666667,0.59375,0.5555555555555556,0.42857142857142855,0.39436619718309857,0.06976744186046512,,,0.625,1.0,0.88,0.1111111111111111,0.6875,0.5,0.8048780487804879,0.3055555555555556,0.1111111111111111,,0.4,1.0,0.9230769230769231,0.6666666666666666,0.7692307692307693,0.3333333333333333,94.8,0.6666666666666666,15.168354430379747,15.211392405063291,14.197468354430379,14.656962025316457,0.28169014084507044,0.65,0.7647058823529411,0.7692307692307693,0.2535211267605634,0.5,0.5,0.8888888888888888,0.07042253521126761,0.6,0.6,1.0,0.08450704225352113,0.30985915492957744,0.3181818181818182,0.3181818181818182,0.8571428571428571,0.5,0.5,0.375,0.3333333333333333,0.5,0.16666666666666666,0.676056338028169,0.3181818181818182,0.5026621428571428,0.6355,0.49095,0.12658227848101267,0.19607843137254902,,0.10416666666666667,0.125,6.495348837209303,25.339285714285715,0.16455696202531644,2026-06-15,1022600103,LVA,1611661321,DAL,DAL,12.0,1.0,1.0,3.0,1.0,2.0,,3.0,,1.0,1.0,,1.0,,1.0,1.0,1.0,,0.15,,0.5,0.5,1.0,0.08333333333333333,1.0,0.16666666666666666,0.5,,1.0,,,,1.0,,,0.14285714285714285,1.0,,0.5,0.125,,,1.0,1.0,,,,,,
40:00,77,76,8.0,2,153,7.0,10.0,,1.0,10.0,23,4.0,9.0,5.0,7,17,,1.0,1.0,5.0,21,42,9,22,11,80,,1.0,,1.0,,,1.0,3.0,1.0,5.0,,5.0,22,20,24.0,3.0,,17,7,2.0,11,8.0,19,6.0,3.0,4.0,4.0,46,,2.0,7,17,2.0,26,2,28,10,7.0,3.0,4,3.0,3.0,4.0,1.0,8,,11,20,,14,1.0,16,2.0,9,,3.0,,,2.0,1.0,3.0,2.0,80,5.0,8.0,0.5238095238095238,0.5238095238095238,0.8888888888888888,0.4090909090909091,,0.2,0.4090909090909091,0.5,,0.3333333333333333,0.5390625,,0.3125,0.5633802816901409,,0.3125,0.34375,0.047619047619047616,0.08695652173913043,,0.5,0.5,0.8095238095238095,0.09523809523809523,0.5384615384615384,,0.7058823529411765,0.06060606060606061,0.15384615384615385,,,0.8571428571428571,0.8,0.75,0.5454545454545454,0.5,91.8,0.6666666666666666,14.592207792207791,16.794736842105266,14.358441558441557,15.978947368421053,0.15625,0.7,0.7,0.42857142857142855,0.359375,0.43478260869565216,0.47619047619047616,0.4,0.140625,0.4444444444444444,0.4444444444444444,1.0,0.078125,0.265625,0.4117647058823529,0.4375,0.8571428571428571,0.5,,0.5,,0.625,0.2,0.5,0.4117647058823529,0.46836484375,0.608925,0.4067625,0.1267605633802817,0.1836734693877551,,,0.0625,8.721428571428572,24.986363636363638,0.1038961038961039,2026-06-17,1022600109,GSV,1611661321,DAL,DAL,19.0,,1.0,2.0,,,1.0,2.0,1.0,,,,1.0,,1.0,,,0.045454545454545456,,0.058823529411764705,0.4,0.4,1.0,0.125,,,,,,,,,1.0,,,,,,,,,,,,,,,,,
40:00,83,83,27.0,13,166,11.0,18.0,6.0,7.0,8.0,21,4.0,9.0,2.0,8,23,,1.0,2.0,8.0,23,48,10,25,17,93,7.0,8.0,,1.0,4.0,18.0,8.0,13.0,2.0,8.0,11.0,33.0,16,30,27.0,3.0,4.0,23,8,3.0,8,9.0,17,7.0,5.0,2.0,1.0,43,7.0,6.0,12,10,6.0,28,13,41,7,5.0,2.0,9,1.0,5.0,5.0,4.0,14,3.0,13,23,1.0,24,3.0,21,3.0,9,1.0,6.0,1.0,1.0,4.0,2.0,7.0,2.0,75,33.0,27.0,0.34782608695652173,0.38095238095238093,0.9,0.4,,0.25,0.4,0.4791666666666667,0.875,0.6153846153846154,0.5205479452054794,0.7777777777777778,0.5238095238095238,0.5740740740740741,0.8181818181818182,0.6111111111111112,0.3424657534246575,0.0625,0.047619047619047616,,0.6428571428571429,1.0,0.47619047619047616,0.24,0.75,0.5,0.5945945945945946,0.3333333333333333,0.23076923076923078,0.4,0.5,0.2222222222222222,0.6666666666666666,0.6666666666666666,0.75,0.75,99.6,0.2857142857142857,15.237349397590362,13.678313253012048,14.37710843373494,13.157831325301204,0.2465753424657534,0.6111111111111112,0.6875,0.45454545454545453,0.2876712328767123,0.38095238095238093,0.4,0.25,0.1232876712328767,0.4444444444444444,0.4444444444444444,0.25,0.0273972602739726,0.3150684931506849,0.34782608695652173,0.34782608695652173,0.875,0.7777777777777778,0.8571428571428571,0.1111111111111111,,0.38095238095238093,0.25,0.589041095890411,0.34782608695652173,0.4735243055555556,0.5421333333333334,0.49336250000000004,0.12658227848101267,0.16666666666666666,0.04,0.1935483870967742,0.3548387096774194,7.9624999999999995,25.84,0.3253012048192771,2026-06-20,1022600119,CHI,1611661321,DAL,DAL,22.0,3.0,7.0,2.0,,,,2.0,,1.0,1.0,,,,3.0,2.0,2.0,,0.1111111111111111,,1.0,1.0,1.0,0.3333333333333333,0.42857142857142855,,,,,,2.0,1.0,2.0,,,0.14285714285714285,,0.05555555555555555,0.5,,,,,,,,1.0,,,
45:00,91,91,8.0,9,182,21.0,28.0,4.0,6.0,9.0,19,9.0,18.0,4.0,7,20,,1.0,2.0,3.0,39,65,9,24,7,112,6.0,9.0,,2.0,,12.0,2.0,3.0,3.0,4.0,1.0,14.0,44,34,24.0,3.0,2.0,20,7,6.0,22,8.0,30,6.0,14.0,3.0,5.0,68,5.0,7.0,13,15,2.0,30,12,42,9,5.0,4.0,5,2.0,4.0,4.0,1.0,9,1.0,11,14,,12,,9,1.0,4,,2.0,,,1.0,1.0,2.0,1.0,100,13.0,7.0,0.5641025641025641,0.5789473684210527,0.8888888888888888,0.375,,0.75,0.375,0.6,0.6666666666666666,0.6666666666666666,0.5898876404494382,0.5454545454545454,0.9285714285714286,0.6021505376344086,0.5454545454545454,0.875,0.2696629213483146,0.09230769230769231,0.15789473684210525,,0.5555555555555556,1.0,0.7142857142857143,0.2692307692307692,0.8666666666666667,0.3333333333333333,0.7777777777777778,0.2926829268292683,0.4,0.1111111111111111,0.3076923076923077,0.5555555555555556,0.875,0.75,0.8461538461538461,1.0,97.0666666666666,0.5,15.073626373626373,14.59670329670332,14.068131868131868,14.245054945054967,0.3146067415730337,0.75,0.84,0.6666666666666666,0.21348314606741572,0.47368421052631576,0.5625,0.3333333333333333,0.20224719101123595,0.5,0.5,0.5555555555555556,0.0449438202247191,0.2247191011235955,0.35,0.35,0.8571428571428571,0.5454545454545454,0.6666666666666666,0.09090909090909091,,0.42857142857142855,0.6666666666666666,0.5842696629213483,0.35,0.48139550561797756,0.465425,0.3668571428571429,0.043478260869565216,0.058823529411764705,,0.10714285714285714,0.125,8.68153846153846,24.8,0.08791208791208792,2026-06-22,1022600126,SEA,1611661321,DAL,DAL,14.0,1.0,1.0,2.0,1.0,1.0,,2.0,,1.0,1.0,,,1.0,,1.0,,,0.10714285714285714,,0.5,0.5,1.0,0.14285714285714285,1.0,0.14285714285714285,1.0,,1.0,,,,1.0,,,0.2857142857142857,0.5,,0.5,0.09090909090909091,,,,,,,,,,
40:00,83,84,16.0,4,167,9.0,11.0,1.0,1.0,20.0,33,3.0,5.0,4.0,2,17,,1.0,,3.0,32,49,2,21,14,84,3.0,4.0,,1.0,1.0,7.0,8.0,12.0,,3.0,3.0,19.0,32,32,6.0,,4.0,17,2,2.0,16,2.0,18,2.0,6.0,10.0,,38,3.0,2.0,7,12,4.0,23,5,28,7,6.0,1.0,5,6.0,5.0,8.0,,13,,13,25,1.0,20,4.0,16,6.0,11,,2.0,,,1.0,1.0,2.0,,77,19.0,16.0,0.5,0.5333333333333333,1.0,0.09523809523809523,,,0.09523809523809523,0.6530612244897959,0.75,0.6666666666666666,0.5,0.6,0.5333333333333333,0.56,0.7,0.59375,0.3,0.04081632653061224,0.030303030303030304,,0.38461538461538464,1.0,0.6666666666666666,0.125,0.875,0.15789473684210525,0.7307692307692307,0.14285714285714285,0.08333333333333333,0.5,0.13333333333333333,0.5,0.6666666666666666,1.0,0.8571428571428571,1.0,100.2,,15.4,13.354761904761904,14.857831325301206,13.164285714285715,0.15714285714285714,0.8181818181818182,0.9,0.6666666666666666,0.4714285714285714,0.6060606060606061,0.625,0.5,0.07142857142857142,0.6,0.6,,0.05714285714285714,0.24285714285714285,0.11764705882352941,0.11764705882352941,1.0,0.2,1.0,0.2,,0.2,,0.45714285714285713,0.11764705882352941,0.44028214285714284,0.36533333333333334,0.41895666666666664,0.14666666666666667,0.2037037037037037,,0.08333333333333333,0.2261904761904762,7.5632653061224495,25.966666666666665,0.1927710843373494,2026-06-25,1022600133,LVA,1611661321,DAL,DAL,42.0,3.0,4.0,,,,,,,,,,1.0,,1.0,,,,0.09090909090909091,,,,,0.26666666666666666,0.75,,,,,,1.0,,3.0,,,,0.25,0.030303030303030304,,,,,,,,,,,,
40:00,81,81,6.0,10,162,9.0,13.0,1.0,3.0,7.0,27,5.0,11.0,2.0,7,21,,1.0,,1.0,21,51,7,23,14,77,1.0,9.0,,1.0,4.0,6.0,2.0,2.0,,1.0,1.0,5.0,16,26,15.0,6.0,,21,7,5.0,8,5.0,13,5.0,4.0,3.0,1.0,31,3.0,12.0,9,22,1.0,32,15,47,7,6.0,1.0,9,3.0,7.0,7.0,2.0,16,2.0,8,15,1.0,15,1.0,15,2.0,8,,3.0,,,,3.0,3.0,2.0,71,5.0,6.0,0.38095238095238093,0.38095238095238093,0.7142857142857143,0.30434782608695654,,,0.30434782608695654,0.4117647058823529,0.1111111111111111,1.0,0.42567567567567566,0.1,0.6666666666666666,0.475,0.25,0.625,0.3108108108108108,0.09803921568627451,0.14814814814814814,,0.5625,1.0,0.8148148148148148,0.41379310344827586,0.6428571428571429,0.1875,0.7560975609756098,0.3333333333333333,0.47368421052631576,0.16666666666666666,0.21428571428571427,1.0,0.6875,1.0,0.5833333333333334,1.0,97.2,0.6666666666666666,15.196296296296298,14.433333333333332,14.335802469135803,13.75185185185185,0.17567567567567569,0.6923076923076923,0.75,0.4444444444444444,0.36486486486486486,0.25925925925925924,0.30434782608695654,0.42857142857142855,0.14864864864864866,0.45454545454545453,0.45454545454545453,0.2,0.02702702702702703,0.28378378378378377,0.3333333333333333,0.3333333333333333,0.7142857142857143,0.3,0.3333333333333333,0.1,,0.3333333333333333,,0.4864864864864865,0.3333333333333333,0.46864594594594594,0.488375,0.36801666666666666,0.1,0.14035087719298245,,0.07792207792207792,0.06493506493506493,8.509803921568627,24.691304347826087,0.07407407407407407,2026-06-28,1022600141,MIN,1611661321,DAL,DAL,20.0,,,,,,,,1.0,1.0,2.0,,,,1.0,,,,0.07692307692307693,,,,,,,,,,,,,,,,,0.5,,,,,,,1.0,,,,,,,
40:00,80,79,11.0,9,159,12.0,15.0,1.0,1.0,7.0,20,5.0,7.0,5.0,8,21,1.0,3.0,,3.0,24,42,9,26,11,86,3.0,3.0,1.0,3.0,1.0,10.0,3.0,5.0,1.0,5.0,4.0,13.0,22,26,21.0,6.0,,21,8,3.0,11,7.0,18,6.0,6.0,3.0,2.0,43,5.0,5.0,5,19,6.0,30,10,40,4,3.0,1.0,7,2.0,5.0,8.0,2.0,15,1.0,15,25,1.0,23,3.0,16,3.0,7,1.0,3.0,,,2.0,1.0,3.0,2.0,76,11.0,10.0,0.4583333333333333,0.4583333333333333,0.7777777777777778,0.34615384615384615,0.3333333333333333,0.2,0.34615384615384615,0.5714285714285714,1.0,0.6,0.5514705882352942,0.75,0.45,0.581081081081081,0.8333333333333334,0.5416666666666666,0.38235294117647056,0.07142857142857142,0.1,0.14285714285714285,0.4666666666666667,0.8571428571428571,0.6551724137931034,0.2777777777777778,0.8333333333333334,0.3125,0.6857142857142857,0.29411764705882354,0.23076923076923078,0.5,0.25,0.6363636363636364,0.6923076923076923,0.6,0.8333333333333334,,95.4,0.6666666666666666,15.5875,14.594936708860759,14.99,14.234177215189874,0.22058823529411764,0.8,0.8,0.5,0.29411764705882354,0.35,0.3888888888888889,0.42857142857142855,0.10294117647058823,0.7142857142857143,0.8333333333333334,0.4,0.07352941176470588,0.3088235294117647,0.38095238095238093,0.38095238095238093,0.75,0.16666666666666666,1.0,0.5,0.3333333333333333,0.3,,0.6029411764705882,0.38095238095238093,0.47023014705882354,0.505225,0.42790999999999996,0.1095890410958904,0.15217391304347827,0.037037037037037035,0.11627906976744186,0.1511627906976744,7.1380952380952385,24.93846153846154,0.1375,2026-07-02,1022600146,CON,1611661321,DAL,DAL,37.0,,1.0,1.0,1.0,2.0,1.0,1.0,,2.0,2.0,,2.0,3.0,3.0,1.0,,0.038461538461538464,,,0.2,0.25,1.0,0.1,,0.2,0.5,,,,,1.0,3.0,0.2,,0.3333333333333333,0.5,,,,,,,,,1.0,,,,
40:00,74,77,5.0,13,151,16.0,25.0,5.0,6.0,4.0,13,3.0,9.0,6.0,8,22,1.0,6.0,1.0,1.0,23,47,10,28,13,89,5.0,6.0,2.0,7.0,4.0,20.0,,2.0,1.0,2.0,,3.0,14,32,27.0,3.0,8.0,22,8,3.0,7,9.0,16,7.0,6.0,,1.0,41,7.0,10.0,10,19,,29,17,46,7,5.0,2.0,5,1.0,3.0,6.0,2.0,11,1.0,7,22,,14,1.0,14,3.0,8,,6.0,,,1.0,4.0,6.0,3.0,69,3.0,5.0,0.30434782608695654,0.3684210526315789,0.9,0.35714285714285715,0.2857142857142857,0.5,0.35714285714285715,0.48936170212765956,0.8333333333333334,,0.5066666666666667,0.6153846153846154,0.375,0.55625,0.6666666666666666,0.375,0.37333333333333335,0.06382978723404255,0.15384615384615385,,0.45454545454545453,,0.76,0.4166666666666667,0.5555555555555556,0.3888888888888889,0.6744186046511628,0.40476190476190477,0.3333333333333333,0.3333333333333333,0.5,0.7142857142857143,0.7272727272727273,0.8571428571428571,0.5294117647058824,1.0,90.6,0.5,16.267567567567568,15.535064935064936,15.456756756756755,14.202597402597405,0.3333333333333333,0.64,0.6666666666666666,0.375,0.17333333333333334,0.3076923076923077,0.36363636363636365,,0.12,0.3333333333333333,0.3333333333333333,0.3333333333333333,0.08,0.29333333333333333,0.36363636363636365,0.36363636363636365,0.875,0.46153846153846156,0.8333333333333334,0.46153846153846156,0.16666666666666666,0.25,1.0,0.7066666666666667,0.36363636363636365,0.537616,0.5873,0.429975,0.1,0.15384615384615385,,0.2247191011235955,0.033707865168539325,6.623404255319149,25.560714285714287,0.06756756756756757,2026-07-05,1022600152,TOR,1611661321,DAL,DAL,25.0,,,2.0,,1.0,,2.0,,2.0,2.0,,3.0,,2.0,,,,0.04,,0.3333333333333333,0.3333333333333333,1.0,,,0.25,,1.0,1.0,,3.0,3.0,1.0,,,0.5555555555555556,,0.07692307692307693,,0.07692307692307693,1.0,1.0,1.0,,,1.0,,1.0,,
40:00,80,80,16.0,9,160,13.0,19.0,1.0,3.0,11.0,24,5.0,10.0,6.0,4,17,1.0,2.0,1.0,5.0,29,53,6,23,12,88,3.0,6.0,2.0,4.0,3.0,15.0,2.0,5.0,1.0,6.0,8.0,15.0,48,10,15.0,3.0,,17,4,4.0,24,5.0,29,4.0,12.0,8.0,4.0,63,4.0,7.0,15,15,1.0,31,11,42,3,1.0,2.0,3,3.0,3.0,8.0,,11,3.0,8,17,1.0,18,5.0,12,2.0,2,,5.0,,,1.0,4.0,5.0,3.0,73,13.0,15.0,0.8275862068965517,0.8275862068965517,0.8333333333333334,0.2608695652173913,0.5,0.16666666666666666,0.2608695652173913,0.5471698113207547,0.5,0.4,0.5,0.6,0.3181818181818182,0.5370370370370371,0.625,0.5,0.3026315789473684,0.07547169811320754,0.041666666666666664,0.1,0.2727272727272727,0.5,0.8333333333333334,0.2916666666666667,0.7142857142857143,0.25,0.7692307692307693,0.275,0.46153846153846156,,0.25,0.8,0.8333333333333334,1.0,0.8125,0.4,96.0,0.6,14.711250000000001,15.288749999999999,14.05625,14.85625,0.25,0.6842105263157895,0.7647058823529411,0.9230769230769231,0.3157894736842105,0.4583333333333333,0.4782608695652174,0.7272727272727273,0.13157894736842105,0.5,0.5555555555555556,0.8,0.07894736842105263,0.2236842105263158,0.23529411764705882,0.23529411764705882,1.0,0.3,0.3333333333333333,0.2,0.5,0.45454545454545453,0.2,0.5526315789473685,0.23529411764705882,0.4921666666666667,0.5378666666666666,0.4793,0.02631578947368421,0.03773584905660377,,0.17045454545454544,0.17045454545454544,7.7433962264150935,25.85217391304348,0.2,2026-07-07,1022600157,NYL,1611661321,DAL,DAL,18.0,,1.0,2.0,,1.0,,1.0,,1.0,,,1.0,1.0,3.0,5.0,3.0,,0.10526315789473684,,0.3333333333333333,0.3333333333333333,0.5,0.09090909090909091,,0.09090909090909091,,1.0,2.0,,1.0,,3.0,,,0.16666666666666666,0.25,0.027777777777777776,1.0,0.2,0.5,,1.0,,,1.0,,,,
40:00,78,78,15.0,11,156,12.0,19.0,3.0,3.0,6.0,14,10.0,16.0,4.0,10,21,1.0,2.0,2.0,4.0,28,49,11,25,19,108,4.0,6.0,1.0,3.0,4.0,15.0,5.0,9.0,2.0,4.0,4.0,20.0,26,30,27.0,6.0,4.0,21,10,2.0,13,9.0,22,8.0,8.0,3.0,2.0,53,4.0,8.0,12,11,3.0,26,12,38,5,3.0,2.0,3,2.0,2.0,4.0,1.0,7,1.0,7,17,,19,2.0,21,3.0,12,,1.0,,,1.0,,1.0,,93,20.0,15.0,0.4642857142857143,0.5,0.8181818181818182,0.44,0.3333333333333333,0.5,0.44,0.5714285714285714,0.6666666666666666,0.5555555555555556,0.6013513513513513,0.6111111111111112,0.6153846153846154,0.6506024096385542,0.6818181818181818,0.6666666666666666,0.33783783783783783,0.04081632653061224,0.07142857142857142,,0.42857142857142855,1.0,0.8461538461538461,0.38095238095238093,0.75,0.3076923076923077,0.7931034482758621,0.35294117647058826,0.375,0.5,0.4,0.8333333333333334,0.8333333333333334,1.0,0.6923076923076923,1.0,93.6,,16.615384615384617,14.153846153846153,15.576923076923077,13.90128205128205,0.25675675675675674,0.631578947368421,0.6666666666666666,0.6666666666666666,0.1891891891891892,0.42857142857142855,0.46153846153846156,0.5,0.21621621621621623,0.625,0.625,0.2,0.05405405405405406,0.28378378378378377,0.47619047619047616,0.47619047619047616,0.8,0.3333333333333333,1.0,0.2222222222222222,0.5,0.3076923076923077,0.5,0.5945945945945946,0.47619047619047616,0.4911568493150685,0.5766142857142856,0.4235166666666667,0.14457831325301204,0.20689655172413793,,0.1388888888888889,0.18518518518518517,8.424489795918367,25.508000000000003,0.19230769230769232,2026-07-10,1022600166,TOR,1611661321,DAL,DAL,12.0,1.0,2.0,1.0,,,,1.0,,,1.0,,1.0,,2.0,,,,0.05263157894736842,,0.25,0.25,1.0,0.15384615384615385,0.5,,,,1.0,,1.0,,1.0,,,0.2857142857142857,,0.03125,0.6666666666666666,0.1111111111111111,,,,,,1.0,,,,
40:00,77,77,10.0,11,154,15.0,18.0,5.0,5.0,8.0,22,4.0,10.0,9.0,9,16,,,1.0,4.0,27,50,9,25,15,96,7.0,8.0,,2.0,3.0,17.0,3.0,3.0,1.0,6.0,7.0,16.0,28,26,27.0,,6.0,16,9,1.0,14,9.0,23,9.0,6.0,5.0,3.0,55,5.0,6.0,13,17,1.0,31,11,42,4,3.0,1.0,3,1.0,3.0,2.0,,5,1.0,8,13,,16,1.0,19,5.0,10,,3.0,,,1.0,2.0,3.0,1.0,79,14.0,9.0,0.5185185185185185,0.5833333333333334,1.0,0.36,,0.16666666666666666,0.36,0.54,0.875,1.0,0.54,0.7,0.5,0.5853658536585366,0.7727272727272727,0.6666666666666666,0.3333333333333333,0.02,,,0.6,1.0,0.7083333333333334,0.2608695652173913,0.8666666666666667,0.3125,0.7692307692307693,0.28205128205128205,0.21428571428571427,0.3333333333333333,0.5714285714285714,0.7,0.6666666666666666,1.0,0.8571428571428571,1.0,92.4,0.3333333333333333,16.38051948051948,14.788311688311689,15.644155844155843,14.245454545454546,0.24,0.8333333333333334,0.8823529411764706,0.4,0.29333333333333333,0.36363636363636365,0.36363636363636365,0.625,0.13333333333333333,0.4,0.4,0.75,0.12,0.21333333333333335,0.5625,0.5625,1.0,0.5,1.0,,,0.4444444444444444,0.25,0.5733333333333334,0.5625,0.4686666666666666,0.45515625,0.38175000000000003,0.125,0.18181818181818182,,0.17708333333333334,0.16666666666666666,8.792,24.504,0.12987012987012986,2026-07-12,1022600173,CHI,1611661321,DAL,DAL,11.0,,,,,2.0,,,,,,,1.0,,2.0,2.0,1.0,,0.05555555555555555,,,,,,,0.2222222222222222,,,2.0,,,1.0,1.0,,,0.3333333333333333,0.1111111111111111,,,0.2,,,,,,,,,,
40:00,79,80,19.0,10,159,16.0,23.0,5.0,5.0,7.0,19,4.0,8.0,4.0,6,15,1.0,1.0,1.0,3.0,27,50,7,19,15,90,7.0,8.0,1.0,1.0,1.0,18.0,5.0,12.0,1.0,3.0,6.0,19.0,30,24,18.0,3.0,6.0,15,6,5.0,15,6.0,21,5.0,7.0,5.0,3.0,48,5.0,6.0,12,16,,28,12,40,8,8.0,,9,1.0,7.0,8.0,2.0,17,5.0,4,20,4.0,23,2.0,19,6.0,11,,2.0,,,2.0,,2.0,1.0,72,19.0,19.0,0.5555555555555556,0.625,0.8571428571428571,0.3684210526315789,1.0,0.3333333333333333,0.3684210526315789,0.54,0.875,0.4166666666666667,0.5434782608695652,0.9444444444444444,0.43333333333333335,0.6,1.0,0.5277777777777778,0.2753623188405797,0.1,0.10526315789473684,,0.5294117647058824,,0.8,0.2608695652173913,0.8,0.4166666666666667,0.8,0.3142857142857143,0.08333333333333333,0.5,0.4444444444444444,0.8333333333333334,0.7692307692307693,1.0,0.7692307692307693,1.0,95.4,0.5,15.903797468354432,14.294999999999998,15.310126582278482,13.73125,0.3333333333333333,0.6956521739130435,0.8,0.4375,0.2753623188405797,0.3684210526315789,0.4117647058823529,0.7142857142857143,0.11594202898550725,0.5,0.5,0.75,0.057971014492753624,0.21739130434782608,0.4,0.42857142857142855,0.8333333333333334,0.5555555555555556,1.0,0.1111111111111111,1.0,0.2,0.3333333333333333,0.6086956521739131,0.4,0.5078904411764705,0.6012833333333333,0.49786785714285714,0.14864864864864866,0.2,,0.2,0.2111111111111111,7.452000000000001,25.99473684210526,0.24050632911392406,2026-07-19,1022600191,LAS,1611661321,DAL,DAL,12.0,2.0,6.0,1.0,,,1.0,1.0,,,3.0,,1.0,,2.0,1.0,1.0,0.05263157894736842,0.13043478260869565,0.06666666666666667,0.25,0.25,1.0,0.4,0.3333333333333333,,,,,1.0,4.0,2.0,,,0.25,0.42857142857142855,0.3333333333333333,0.13793103448275862,0.4,,,,,,,1.0,,,,
45:00,82,83,16.0,6,165,12.0,18.0,2.0,3.0,7.0,22,6.0,15.0,1.0,10,20,,,1.0,1.0,25,55,11,21,15,98,2.0,5.0,,,2.0,6.0,4.0,13.0,1.0,1.0,3.0,14.0,32,18,33.0,,,20,10,5.0,16,11.0,27,10.0,8.0,4.0,4.0,65,1.0,6.0,12,17,1.0,30,8,38,1,,1.0,3,,1.0,5.0,2.0,8,2.0,8,26,3.0,17,1.0,19,2.0,9,,7.0,,,4.0,3.0,7.0,2.0,92,14.0,16.0,0.64,0.64,1.0,0.5238095238095238,,1.0,0.5238095238095238,0.45454545454545453,0.4,0.3076923076923077,0.5460526315789473,0.4,0.39285714285714285,0.5773809523809523,0.5,0.4375,0.27631578947368424,0.09090909090909091,0.18181818181818182,,0.375,0.5,0.6538461538461539,0.21428571428571427,0.5454545454545454,0.1,0.6041666666666666,0.18421052631578946,0.2857142857142857,0.125,0.1,0.6153846153846154,0.7272727272727273,0.5,0.5882352941176471,0.4,87.99999999999994,0.2857142857142857,16.4890243902439,16.2397590361446,16.22073170731707,15.368674698795203,0.23684210526315788,0.6666666666666666,0.7058823529411765,0.6666666666666666,0.2894736842105263,0.3181818181818182,0.3888888888888889,0.5714285714285714,0.19736842105263158,0.4,0.4,0.6666666666666666,0.013157894736842105,0.2631578947368421,0.5,0.5263157894736842,1.0,0.6,0.6666666666666666,,,0.07142857142857142,1.0,0.5131578947368421,0.5,0.4579776315789474,0.5292399999999999,0.4063392857142857,0.10843373493975904,0.14516129032258066,,0.061224489795918366,0.14285714285714285,8.636363636363637,24.652380952380955,0.1951219512195122,2026-07-20,1022600183,NYL,1611661321,DAL,DAL,24.0,1.0,1.0,1.0,,,1.0,1.0,1.0,,2.0,,2.0,,1.0,1.0,1.0,0.047619047619047616,0.05555555555555555,0.05,1.0,1.0,1.0,0.07142857142857142,1.0,,,,,1.0,2.0,,4.0,,0.3333333333333333,0.16666666666666666,,0.0625,1.0,,,,1.0,,,,,,,
40:00,82,80,32.0,13,162,9.0,12.0,2.0,5.0,8.0,18,6.0,12.0,4.0,11,26,1.0,3.0,2.0,5.0,23,42,12,30,19,101,3.0,6.0,2.0,4.0,4.0,16.0,8.0,17.0,2.0,6.0,9.0,31.0,34,12,33.0,3.0,2.0,26,11,2.0,17,11.0,28,10.0,7.0,5.0,5.0,67,7.0,7.0,13,11,2.0,26,14,40,7,5.0,2.0,6,3.0,2.0,7.0,4.0,13,8.0,8,18,1.0,21,2.0,24,2.0,8,,2.0,,,,2.0,2.0,1.0,85,31.0,32.0,0.7391304347826086,0.7727272727272727,0.9166666666666666,0.4,0.5,0.3333333333333333,0.4,0.5476190476190477,0.5,0.47058823529411764,0.5694444444444444,0.6,0.4782608695652174,0.6097560975609756,0.6666666666666666,0.5535714285714286,0.4166666666666667,0.047619047619047616,0.1111111111111111,,0.46153846153846156,1.0,0.9166666666666666,0.3888888888888889,0.8125,0.3888888888888889,0.8571428571428571,0.3888888888888889,0.6,0.16666666666666666,0.4666666666666667,1.0,0.875,1.0,0.8,1.0,97.2,0.5,15.491463414634145,14.12125,14.729268292682926,13.79625,0.16666666666666666,0.75,0.75,0.7777777777777778,0.25,0.4444444444444444,0.5,0.625,0.16666666666666666,0.5,0.5,0.8333333333333334,0.05555555555555555,0.3611111111111111,0.4230769230769231,0.4230769230769231,0.9090909090909091,0.5,0.4,0.3,0.3333333333333333,0.21739130434782608,0.4,0.5833333333333334,0.4230769230769231,0.4645756944444444,0.4907083333333333,0.45434130434782605,0.10256410256410256,0.16666666666666666,,0.15841584158415842,0.3069306930693069,9.795238095238094,25.433333333333334,0.3902439024390244,2026-07-22,1022600202,PDX,1611661321,DAL,DAL,18.0,5.0,7.0,1.0,,1.0,,1.0,1.0,,,1.0,5.0,,,4.0,3.0,,,,0.25,0.25,1.0,0.30434782608695654,0.7142857142857143,0.043478260869565216,,1.0,1.0,,,,1.0,,,,,,0.5,0.1,1.0,1.0,2.0,,,1.0,,,,
40:00,82,83,24.0,8,165,13.0,23.0,4.0,6.0,9.0,19,8.0,12.0,2.0,4,13,1.0,2.0,1.0,3.0,30,54,4,15,9,81,4.0,6.0,1.0,2.0,,11.0,7.0,15.0,1.0,4.0,6.0,23.0,34,26,6.0,6.0,2.0,13,4,4.0,17,2.0,19,2.0,5.0,9.0,3.0,40,4.0,6.0,9,16,4.0,29,10,39,9,5.0,4.0,11,2.0,7.0,7.0,4.0,18,5.0,11,19,3.0,20,1.0,14,2.0,5,,5.0,,,1.0,4.0,5.0,2.0,70,21.0,22.0,0.5666666666666667,0.5862068965517241,0.5,0.26666666666666666,0.5,0.25,0.26666666666666666,0.5555555555555556,0.6666666666666666,0.4666666666666667,0.5217391304347826,0.6875,0.4473684210526316,0.5337837837837838,0.6875,0.4772727272727273,0.21739130434782608,0.07407407407407407,0.10526315789473684,,0.6111111111111112,0.8,0.6956521739130435,0.2608695652173913,0.6428571428571429,0.36363636363636365,0.6756756756756757,0.29411764705882354,0.3,,0.2222222222222222,0.625,0.6923076923076923,1.0,0.6153846153846154,1.0,98.99999999999993,0.4,15.12439024390244,13.973493975903638,14.582926829268292,13.222891566265085,0.3333333333333333,0.5652173913043478,0.6190476190476191,0.38461538461538464,0.2753623188405797,0.47368421052631576,0.5294117647058824,1.0,0.17391304347826086,0.6666666666666666,0.6666666666666666,0.375,0.028985507246376812,0.18840579710144928,0.3076923076923077,0.3076923076923077,0.5,0.75,0.6666666666666666,0.25,0.5,0.15789473684210525,0.3333333333333333,0.5507246376811594,0.3076923076923077,0.4869289855072464,0.589675,0.4668605263157895,0.06944444444444445,0.08771929824561403,,0.13580246913580246,0.2839506172839506,7.811111111111111,25.459999999999997,0.2926829268292683,2026-07-29,1022600208,ATL,1611661321,DAL,DAL,18.0,3.0,5.0,,,1.0,,,,,2.0,,,,5.0,2.0,,,0.08695652173913043,,,,,0.2631578947368421,0.6,0.05263157894736842,,,,,2.0,,1.0,,,0.3333333333333333,1.0,0.06666666666666667,0.25,,,,2.0,,,,,,,
40:00,72,75,13.0,6,147,9.0,10.0,1.0,1.0,4.0,11,7.0,16.0,12.0,5,21,1.0,2.0,,4.0,20,37,8,33,11,75,3.0,5.0,1.0,2.0,,9.0,3.0,4.0,,6.0,5.0,11.0,22,18,24.0,,,21,5,4.0,11,8.0,19,5.0,7.0,1.0,3.0,46,4.0,4.0,9,15,2.0,26,8,34,3,2.0,1.0,1,3.0,1.0,6.0,,7,2.0,15,23,1.0,15,1.0,13,,5,,7.0,,,,7.0,7.0,1.0,66,11.0,13.0,0.55,0.55,1.0,0.24242424242424243,0.5,,0.24242424242424243,0.5405405405405406,0.6,0.75,0.45714285714285713,0.6428571428571429,0.3,0.4868421052631579,0.6428571428571429,0.4166666666666667,0.4714285714285714,0.10810810810810811,0.18181818181818182,0.125,0.14285714285714285,1.0,0.5172413793103449,0.23529411764705882,0.6428571428571429,0.17391304347826086,0.5581395348837209,0.2,0.2857142857142857,0.2222222222222222,0.13333333333333333,0.42857142857142855,0.5789473684210527,0.3333333333333333,0.6666666666666666,0.5,88.2,0.14285714285714285,15.683333333333334,16.944,15.043055555555558,15.282666666666668,0.14285714285714285,0.9,0.9,0.7777777777777778,0.15714285714285714,0.36363636363636365,0.4444444444444444,0.25,0.22857142857142856,0.4375,0.5,0.42857142857142855,0.17142857142857143,0.3,0.23809523809523808,0.23809523809523808,1.0,0.14285714285714285,1.0,0.2857142857142857,0.5,0.4,,0.6142857142857143,0.23809523809523808,0.47266521739130435,0.40105,0.45010500000000003,0.06666666666666667,0.11904761904761904,,0.12,0.14666666666666667,10.151351351351352,25.62121212121212,0.18055555555555555,2026-07-31,1022600214,WAS,1611661321,DAL,DAL,26.0,2.0,3.0,3.0,,2.0,,3.0,,1.0,1.0,,2.0,,2.0,1.0,,,,,0.25,0.25,1.0,0.3,0.6666666666666666,0.2,,,,,2.0,,2.0,,,,0.25,0.05555555555555555,1.0,,,,1.0,,,1.0,,,,
40:00,77,79,14.0,9,156,16.0,26.0,3.0,4.0,8.0,16,2.0,9.0,3.0,5,15,,2.0,1.0,2.0,26,51,7,18,10,83,3.0,6.0,,2.0,,6.0,6.0,8.0,1.0,2.0,6.0,21.0,30,22,21.0,,2.0,15,5,3.0,15,7.0,22,5.0,12.0,2.0,1.0,51,3.0,7.0,11,20,2.0,33,10,43,10,6.0,4.0,6,,2.0,8.0,4.0,14,3.0,7,15,3.0,18,2.0,12,2.0,5,,4.0,,,3.0,,4.0,3.0,77,21.0,14.0,0.5769230769230769,0.6,1.0,0.3888888888888889,,0.5,0.3888888888888889,0.5098039215686274,0.5,0.75,0.5289855072463768,0.375,0.75,0.5608108108108109,0.375,0.8076923076923077,0.2608695652173913,0.058823529411764705,0.0625,,0.42857142857142855,1.0,0.7407407407407407,0.28,0.7857142857142857,0.2727272727272727,0.7560975609756098,0.2777777777777778,0.25,0.14285714285714285,0.3,0.625,0.7777777777777778,0.8,0.75,1.0,93.6,0.75,15.28051948051948,15.48607594936709,14.579220779220778,15.096202531645572,0.37681159420289856,0.6153846153846154,0.6666666666666666,0.75,0.2318840579710145,0.5,0.5333333333333333,0.25,0.13043478260869565,0.2222222222222222,0.2222222222222222,0.5,0.043478260869565216,0.21739130434782608,0.3333333333333333,0.3333333333333333,1.0,0.5,0.75,0.25,,0.2,0.5,0.6376811594202898,0.3333333333333333,0.5108101449275362,0.5186285714285714,0.5117,0.06944444444444445,0.09259259259259259,,0.07228915662650602,0.25301204819277107,6.501960784313726,24.316666666666666,0.18181818181818182,2026-08-02,1022600220,CON,1611661321,DAL,DAL,7.0,3.0,5.0,2.0,,,,2.0,,,2.0,,,,2.0,2.0,2.0,,0.07692307692307693,,0.6666666666666666,0.6666666666666666,1.0,0.5,0.6,,,,,,2.0,1.0,,,,0.4,,0.06060606060606061,0.3333333333333333,,,,,,,,,1.0,,
40:00,78,80,23.0,7,158,14.0,20.0,2.0,2.0,6.0,12,5.0,13.0,7.0,5,16,,1.0,,2.0,25,45,9,23,15,92,4.0,5.0,1.0,3.0,,11.0,5.0,14.0,1.0,5.0,8.0,21.0,32,18,21.0,6.0,6.0,16,5,3.0,16,7.0,23,4.0,9.0,4.0,3.0,53,3.0,5.0,10,15,2.0,27,8,35,6,5.0,1.0,6,1.0,2.0,4.0,4.0,10,1.0,13,26,1.0,21,1.0,21,2.0,6,1.0,5.0,1.0,1.0,4.0,1.0,6.0,4.0,81,21.0,23.0,0.64,0.7272727272727273,0.7777777777777778,0.391304347826087,0.3333333333333333,0.2,0.391304347826087,0.5555555555555556,0.8,0.35714285714285715,0.5661764705882353,0.6875,0.34210526315789475,0.5974025974025974,0.6875,0.4375,0.3382352941176471,0.06666666666666667,0.16666666666666666,,0.6,0.6666666666666666,0.7894736842105263,0.2631578947368421,0.7142857142857143,0.21428571428571427,0.7575757575757576,0.24242424242424243,0.16666666666666666,0.14285714285714285,0.18181818181818182,0.5,1.0,1.0,0.8888888888888888,0.4,94.8,0.6666666666666666,13.856410256410255,16.490000000000002,13.228205128205127,15.7025,0.29411764705882354,0.7,0.7368421052631579,0.6428571428571429,0.17647058823529413,0.5,0.6,0.6666666666666666,0.19117647058823528,0.38461538461538464,0.38461538461538464,0.6,0.10294117647058823,0.23529411764705882,0.3125,0.3125,0.8,0.25,1.0,0.125,,0.10526315789473684,,0.6323529411764706,0.3125,0.4956551470588235,0.5323083333333333,0.4327342105263158,0.0958904109589041,0.12244897959183673,0.041666666666666664,0.11956521739130435,0.22826086956521738,8.397777777777778,25.334782608695654,0.2948717948717949,2026-08-05,1022600228,WAS,1611661321,DAL,DAL,27.0,2.0,2.0,4.0,1.0,3.0,,3.0,1.0,,,,,,3.0,4.0,4.0,,0.05,,0.5714285714285714,0.5714285714285714,0.75,0.10526315789473684,1.0,0.15789473684210525,0.3333333333333333,1.0,2.0,,,,3.0,,,0.5,0.3333333333333333,,,0.25,0.5,1.0,,,,,,,,
40:00,76,76,32.0,16,152,10.0,15.0,4.0,5.0,4.0,19,,3.0,3.0,7,22,,2.0,2.0,8.0,14,37,7,25,27,76,4.0,7.0,,3.0,9.0,17.0,8.0,19.0,2.0,9.0,13.0,35.0,6,22,15.0,6.0,8.0,22,7,5.0,3,5.0,8,5.0,2.0,1.0,,21,7.0,12.0,16,11,,27,20,47,7,3.0,4.0,8,1.0,3.0,5.0,5.0,13,5.0,7,15,1.0,24,,38,2.0,15,,2.0,1.0,1.0,1.0,1.0,3.0,2.0,59,35.0,32.0,0.21428571428571427,0.3,0.7142857142857143,0.28,,0.2222222222222222,0.28,0.3783783783783784,0.5714285714285714,0.42105263157894735,0.3951612903225806,0.4,0.39285714285714285,0.475,0.53125,0.5,0.4032258064516129,0.13513513513513514,0.15789473684210525,,0.6153846153846154,,0.6875,0.5217391304347826,0.7272727272727273,0.3888888888888889,0.7105263157894737,0.4634146341463415,0.4666666666666667,0.3333333333333333,0.4,0.6666666666666666,0.6666666666666666,0.75,0.7777777777777778,0.5,91.2,0.6666666666666666,14.976315789473684,16.602631578947367,14.147368421052633,15.378947368421052,0.24193548387096775,0.6666666666666666,0.7692307692307693,0.2,0.3064516129032258,0.21052631578947367,0.25,0.25,0.04838709677419355,,,,0.04838709677419355,0.3548387096774194,0.3181818181818182,0.3181818181818182,0.7142857142857143,0.5,0.8,0.2,,0.2857142857142857,0.25,0.6451612903225806,0.3181818181818182,0.4851508064516129,0.58055,0.46390535714285713,0.2,0.3,,0.2236842105263158,0.4605263157894737,7.245945945945946,25.676,0.42105263157894735,2026-08-07,1022600235,GSV,1611661321,DAL,DAL,10.0,4.0,7.0,,,1.0,,,,,1.0,1.0,,,1.0,5.0,5.0,,0.13333333333333333,,,,,0.25,0.5714285714285714,0.03571428571428571,,,1.0,1.0,4.0,1.0,3.0,,0.125,0.8,0.3333333333333333,0.1111111111111111,,0.1,,,,,,,,,,
40:00,81,82,8.0,11,163,14.0,21.0,3.0,5.0,12.0,19,5.0,8.0,3.0,5,17,,1.0,1.0,2.0,31,48,6,20,10,90,5.0,7.0,,2.0,2.0,12.0,3.0,4.0,1.0,2.0,4.0,13.0,36,26,18.0,,4.0,17,5,3.0,18,6.0,24,5.0,8.0,6.0,4.0,54,4.0,6.0,17,8,3.0,28,11,39,5,5.0,,12,1.0,6.0,7.0,6.0,19,1.0,5,8,1.0,12,2.0,11,1.0,5,,,,,,,,,78,13.0,8.0,0.5806451612903226,0.6206896551724138,1.0,0.3,,0.5,0.3,0.6458333333333334,0.7142857142857143,0.75,0.5882352941176471,0.5555555555555556,0.75,0.6164383561643836,0.6,0.8125,0.29411764705882354,0.0625,0.05263157894736842,,0.631578947368421,1.0,0.7272727272727273,0.35294117647058826,0.8095238095238095,0.2857142857142857,0.78125,0.3225806451612903,0.2857142857142857,1.0,0.3333333333333333,0.75,0.5,0.8,0.8888888888888888,0.3333333333333333,97.8,,15.45432098765432,14.002439024390245,14.75185185185185,13.681707317073172,0.3088235294117647,0.6666666666666666,0.7368421052631579,0.5714285714285714,0.27941176470588236,0.631578947368421,0.6666666666666666,0.5,0.11764705882352941,0.625,0.625,0.8,0.04411764705882353,0.25,0.29411764705882354,0.29411764705882354,1.0,0.5555555555555556,0.6,0.1111111111111111,,0.3333333333333333,0.5,0.6029411764705882,0.29411764705882354,0.48551691176470585,0.49623999999999996,0.419175,0.06944444444444445,0.09615384615384616,,0.13333333333333333,0.14444444444444443,7.460416666666667,24.455000000000002,0.09876543209876543,2026-08-09,1022600241,MIN,1611661321,DAL,DAL,4.0,,1.0,1.0,,,,1.0,1.0,,1.0,1.0,,,,1.0,,,0.09523809523809523,,0.3333333333333333,0.3333333333333333,1.0,0.16666666666666666,,,,,1.0,1.0,1.0,2.0,,,1.0,0.14285714285714285,,0.03571428571428571,0.3333333333333333,0.1111111111111111,,,,,,,,,,
40:00,79,80,23.0,11,159,12.0,21.0,1.0,3.0,5.0,15,5.0,8.0,5.0,7,21,1.0,2.0,,3.0,22,44,9,26,23,94,2.0,6.0,1.0,2.0,5.0,12.0,7.0,14.0,,4.0,12.0,26.0,32,12,24.0,3.0,2.0,21,7,4.0,16,8.0,24,6.0,8.0,5.0,3.0,56,7.0,6.0,16,11,,27,13,40,9,5.0,4.0,6,1.0,5.0,3.0,1.0,9,4.0,8,21,1.0,23,1.0,26,2.0,10,,5.0,,,4.0,1.0,5.0,2.0,82,26.0,23.0,0.7272727272727273,0.7619047619047619,0.8888888888888888,0.34615384615384615,0.5,,0.34615384615384615,0.5,0.3333333333333333,0.5,0.5071428571428571,0.4375,0.3888888888888889,0.5740740740740741,0.55,0.5652173913043478,0.37142857142857144,0.09090909090909091,0.13333333333333333,,0.6666666666666666,,0.5,0.2727272727272727,0.7272727272727273,0.4117647058823529,0.6136363636363636,0.3333333333333333,0.2,0.3333333333333333,0.42857142857142855,0.5555555555555556,0.4444444444444444,0.5,0.7222222222222222,0.75,95.4,0.4,15.183544303797468,15.00625,14.134177215189872,13.592500000000001,0.3,0.5714285714285714,0.631578947368421,0.6666666666666666,0.21428571428571427,0.3333333333333333,0.38461538461538464,1.0,0.11428571428571428,0.625,0.625,0.6,0.07142857142857142,0.3,0.3333333333333333,0.3333333333333333,0.8571428571428571,0.375,0.3333333333333333,0.25,0.5,0.16666666666666666,,0.6714285714285714,0.3333333333333333,0.5019078571428571,0.4748625,0.48868055555555556,0.1282051282051282,0.19230769230769232,,0.1276595744680851,0.2765957446808511,7.443181818181818,24.86923076923077,0.2911392405063291,2026-08-12,1022600248,TOR,1611661321,DAL,DAL,30.0,5.0,8.0,2.0,,1.0,,2.0,,,1.0,,2.0,1.0,3.0,3.0,3.0,,0.09523809523809523,,0.4,0.4,1.0,0.4444444444444444,0.625,0.05555555555555555,,,,,1.0,1.0,2.0,,,0.3333333333333333,0.3333333333333333,0.02857142857142857,,,,,1.0,,,1.0,,,,
40:00,80,82,20.0,11,162,7.0,12.0,1.0,1.0,13.0,23,4.0,8.0,11.0,3,18,,1.0,,4.0,24,43,7,29,18,87,3.0,4.0,1.0,3.0,2.0,11.0,8.0,11.0,1.0,6.0,7.0,26.0,26,22,15.0,6.0,,18,3,2.0,13,5.0,18,1.0,5.0,5.0,3.0,41,9.0,2.0,12,13,,25,11,36,3,2.0,1.0,4,2.0,3.0,8.0,1.0,12,1.0,6,19,3.0,21,2.0,20,3.0,8,,6.0,,,4.0,2.0,6.0,4.0,76,26.0,20.0,0.5416666666666666,0.5416666666666666,0.7142857142857143,0.2413793103448276,0.3333333333333333,0.16666666666666666,0.2413793103448276,0.5581395348837209,0.75,0.7272727272727273,0.4791666666666667,0.6428571428571429,0.5588235294117647,0.5375,0.6875,0.65,0.4027777777777778,0.046511627906976744,0.043478260869565216,0.125,0.3333333333333333,,0.65,0.1111111111111111,0.8,0.42857142857142855,0.7142857142857143,0.28205128205128205,0.2,,0.5,0.5454545454545454,0.7142857142857143,1.0,0.7692307692307693,1.0,97.2,0.6666666666666666,17.232499999999998,12.456097560975609,16.42375,12.271951219512195,0.16666666666666666,0.5833333333333334,0.5833333333333334,0.7142857142857143,0.3194444444444444,0.5652173913043478,0.5909090909090909,0.38461538461538464,0.1111111111111111,0.5,0.5714285714285714,0.75,0.1527777777777778,0.25,0.16666666666666666,0.16666666666666666,0.3333333333333333,0.14285714285714285,1.0,0.14285714285714285,,0.23529411764705882,,0.5694444444444444,0.16666666666666666,0.47536805555555556,0.3927,0.47052941176470586,0.1038961038961039,0.16666666666666666,,0.12643678160919541,0.2988505747126437,8.044186046511628,24.837931034482757,0.25,2026-08-14,1022600254,IND,1611661321,DAL,DAL,24.0,3.0,4.0,4.0,1.0,2.0,,4.0,,,3.0,,1.0,,2.0,3.0,3.0,,,,0.36363636363636365,0.36363636363636365,1.0,0.23529411764705882,0.75,0.11764705882352941,0.5,1.0,2.0,,1.0,1.0,,,,,0.2857142857142857,0.02631578947368421,1.0,0.2857142857142857,0.5,1.0,1.0,,,,,,,
40:00,77,75,16.0,7,152,8.0,8.0,,,10.0,19,3.0,9.0,,5,22,,2.0,1.0,6.0,21,36,5,22,13,70,1.0,2.0,,2.0,,2.0,3.0,8.0,1.0,6.0,4.0,13.0,20,22,15.0,,,22,5,1.0,10,5.0,15,5.0,5.0,4.0,1.0,35,4.0,4.0,15,15,2.0,32,8,40,7,4.0,3.0,7,6.0,5.0,11.0,2.0,18,2.0,1,16,2.0,14,,15,1.0,7,,4.0,,,,4.0,4.0,2.0,68,13.0,16.0,0.47619047619047616,0.47619047619047616,1.0,0.22727272727272727,,0.16666666666666666,0.22727272727272727,0.5833333333333334,0.5,0.375,0.49137931034482757,0.25,0.32142857142857145,0.5384615384615384,0.25,0.40625,0.3793103448275862,0.027777777777777776,0.05263157894736842,,0.3888888888888889,1.0,0.7142857142857143,0.26666666666666666,0.625,0.25,0.6666666666666666,0.25806451612903225,0.4444444444444444,,0.25,1.0,0.6153846153846154,0.8333333333333334,0.6190476190476191,0.6666666666666666,91.2,0.5,14.866233766233767,16.737333333333332,14.361038961038961,15.461333333333332,0.13793103448275862,1.0,1.0,0.625,0.3275862068965517,0.5263157894736842,0.5555555555555556,0.4,0.15517241379310345,0.3333333333333333,0.3333333333333333,0.3333333333333333,,0.3793103448275862,0.22727272727272727,0.22727272727272727,1.0,,,0.5,,0.42857142857142855,0.16666666666666666,0.5172413793103449,0.22727272727272727,0.44515344827586206,0.42535,0.34893928571428573,0.109375,0.16666666666666666,,0.02857142857142857,0.18571428571428572,8.930555555555555,25.977272727272727,0.2077922077922078,2026-08-17,1022600262,GSV,1611661321,DAL,DAL,8.0,,,,,,,,,,2.0,,2.0,1.0,1.0,1.0,1.0,,,,,,,,,,,,,,1.0,,2.0,,,,,0.03333333333333333,,,,,,,,,,,,
40:00,82,81,8.0,5,163,12.0,20.0,2.0,2.0,8.0,21,,1.0,7.0,6,22,,1.0,1.0,2.0,20,42,9,29,16,83,2.0,3.0,,1.0,2.0,6.0,2.0,5.0,1.0,3.0,4.0,11.0,24,16,24.0,3.0,2.0,22,6,7.0,12,8.0,20,6.0,7.0,5.0,,48,2.0,4.0,9,13,2.0,24,6,30,6,6.0,,4,2.0,3.0,4.0,1.0,8,,16,24,1.0,17,3.0,20,1.0,9,,5.0,2.0,2.0,1.0,4.0,7.0,3.0,77,11.0,8.0,0.6,0.631578947368421,0.8888888888888888,0.3103448275862069,,0.3333333333333333,0.3103448275862069,0.47619047619047616,0.6666666666666666,0.4,0.47183098591549294,0.5,0.4375,0.51875,0.6,0.55,0.4084507042253521,0.16666666666666666,0.14285714285714285,,0.5,0.6666666666666666,0.52,0.19047619047619047,0.8181818181818182,0.1111111111111111,0.6111111111111112,0.15384615384615385,0.25,,0.06666666666666667,0.5384615384615384,0.5,0.5,0.7777777777777778,1.0,97.8,0.42857142857142855,15.71951219512195,13.716049382716049,15.497560975609755,13.209876543209877,0.28169014084507044,0.6,0.75,0.5833333333333334,0.29577464788732394,0.38095238095238093,0.4444444444444444,0.625,0.014084507042253521,,,,0.09859154929577464,0.30985915492957744,0.2727272727272727,0.2857142857142857,1.0,0.5,1.0,0.25,,0.25,0.5,0.6901408450704225,0.2727272727272727,0.49923169014084506,0.6023875,0.4576625,0.11392405063291139,0.18,,0.07228915662650602,0.13253012048192772,5.140476190476191,25.044827586206896,0.0975609756097561,2026-05-09,1022600006,CHI,1611661327,PDX,PDX,20.0,1.0,2.0,3.0,,1.0,1.0,2.0,,,1.0,,,,2.0,1.0,1.0,0.034482758620689655,0.2,0.045454545454545456,0.42857142857142855,0.42857142857142855,0.6666666666666666,0.25,0.5,0.125,,,,,1.0,,3.0,,,0.125,0.3333333333333333,0.03125,0.5,,,,1.0,,,,,,,
40:00,79,78,15.0,9,157,7.0,15.0,2.0,4.0,10.0,16,2.0,4.0,6.0,11,27,1.0,2.0,1.0,4.0,19,35,15,33,15,98,2.0,4.0,2.0,4.0,,10.0,6.0,7.0,3.0,6.0,1.0,22.0,8,30,33.0,12.0,4.0,27,11,3.0,4,11.0,15,7.0,2.0,1.0,1.0,41,4.0,5.0,8,10,1.0,19,9,28,8,6.0,2.0,7,3.0,3.0,7.0,4.0,14,3.0,7,21,2.0,16,3.0,15,1.0,6,1.0,4.0,,,1.0,3.0,4.0,2.0,88,22.0,15.0,0.21052631578947367,0.23529411764705882,0.7333333333333333,0.45454545454545453,0.5,0.5,0.45454545454545453,0.5428571428571428,0.5,0.8571428571428571,0.6102941176470589,0.625,0.8076923076923077,0.6554054054054054,0.625,0.8461538461538461,0.4852941176470588,0.08571428571428572,0.125,,0.5,1.0,0.7142857142857143,0.3125,0.5333333333333333,0.23529411764705882,0.6206896551724138,0.2727272727272727,0.3333333333333333,0.5,0.26666666666666666,0.6666666666666666,0.5714285714285714,1.0,0.5833333333333334,0.3333333333333333,94.19999999999993,0.5,15.830379746835467,14.735897435897437,15.129113924050657,14.07948717948718,0.22058823529411764,0.4666666666666667,0.5,0.2857142857142857,0.23529411764705882,0.625,0.7142857142857143,0.1,0.058823529411764705,0.5,0.5,0.5,0.08823529411764706,0.39705882352941174,0.4074074074074074,0.4074074074074074,0.6363636363636364,0.5,0.5,0.25,0.5,0.3076923076923077,0.25,0.7058823529411765,0.4074074074074074,0.4852941176470588,0.56291,0.45214615384615386,0.0945945945945946,0.15,0.029411764705882353,0.10204081632653061,0.22448979591836735,6.694285714285715,24.357575757575756,0.189873417721519,2026-05-12,1022600014,NYL,1611661327,PDX,PDX,28.0,2.0,3.0,4.0,2.0,2.0,,4.0,,1.0,1.0,,,,2.0,,,,0.06666666666666667,,0.6666666666666666,0.6666666666666666,1.0,0.23076923076923078,0.6666666666666666,0.15384615384615385,1.0,1.0,2.0,,1.0,,3.0,,,0.25,,0.03333333333333333,,0.25,0.5,1.0,1.0,,,1.0,,,,
40:00,86,85,25.0,7,171,15.0,19.0,1.0,1.0,5.0,17,1.0,1.0,8.0,5,23,,,,3.0,21,37,9,31,13,82,1.0,2.0,1.0,1.0,2.0,7.0,4.0,9.0,2.0,6.0,6.0,20.0,26,16,27.0,,,23,5,,13,9.0,22,5.0,10.0,2.0,1.0,53,6.0,1.0,19,9,2.0,30,7,37,7,6.0,1.0,7,4.0,7.0,9.0,,16,7.0,5,22,2.0,19,3.0,20,2.0,10,,1.0,1.0,1.0,,1.0,2.0,2.0,75,20.0,25.0,0.6190476190476191,0.6190476190476191,1.0,0.2903225806451613,1.0,0.3333333333333333,0.2903225806451613,0.5675675675675675,0.5,0.4444444444444444,0.5073529411764706,0.8333333333333334,0.4666666666666667,0.5324675324675324,0.875,0.5,0.45588235294117646,,,,0.4375,1.0,0.9,0.0625,0.8260869565217391,0.3,0.8484848484848485,0.19444444444444445,0.08333333333333333,,0.25,0.8571428571428571,1.0,1.0,0.8235294117647058,0.8333333333333334,102.6,1.0,14.388372093023257,13.677647058823528,13.958139534883722,13.512941176470587,0.27941176470588236,0.7894736842105263,0.7894736842105263,0.6666666666666666,0.25,0.29411764705882354,0.29411764705882354,0.4,0.014705882352941176,1.0,1.0,1.0,0.11764705882352941,0.3382352941176471,0.21739130434782608,0.21739130434782608,1.0,0.3333333333333333,1.0,,,0.2,,0.7352941176470589,0.21739130434782608,0.5194500000000001,0.6728,0.4996333333333334,0.13157894736842105,0.2222222222222222,,0.08536585365853659,0.24390243902439024,5.727027027027027,24.561290322580643,0.29069767441860467,2026-05-14,1022600020,NYL,1611661327,PDX,PDX,29.0,3.0,4.0,4.0,2.0,3.0,,4.0,,,3.0,,3.0,,2.0,1.0,1.0,,,,0.5,0.5,1.0,0.26666666666666666,0.75,0.2,0.6666666666666666,1.0,1.0,,,,5.0,,,,0.5,,1.0,0.3333333333333333,1.0,1.0,,,,,,,,
40:00,74,74,26.0,10,148,10.0,19.0,2.0,3.0,10.0,19,1.0,2.0,3.0,7,19,,2.0,2.0,7.0,21,40,7,22,20,83,4.0,7.0,,2.0,4.0,12.0,6.0,9.0,2.0,8.0,12.0,30.0,32,10,21.0,,,19,7,6.0,16,7.0,23,7.0,8.0,7.0,1.0,53,6.0,7.0,8,12,1.0,21,14,35,11,5.0,6.0,9,,5.0,6.0,4.0,15,5.0,7,23,1.0,25,2.0,26,6.0,10,,3.0,,,1.0,2.0,3.0,3.0,71,28.0,25.0,0.7619047619047619,0.7619047619047619,1.0,0.3181818181818182,,0.25,0.3181818181818182,0.525,0.5714285714285714,0.6666666666666666,0.5080645161290323,0.4444444444444444,0.5294117647058824,0.5763888888888888,0.5,0.6521739130434783,0.3548387096774194,0.15,0.10526315789473684,,0.6,0.25,0.6666666666666666,0.3684210526315789,0.6666666666666666,0.4,0.6666666666666666,0.38235294117647056,0.4444444444444444,,0.3333333333333333,0.6666666666666666,0.7,0.5,0.6666666666666666,0.6666666666666666,88.8,1.0,15.563513513513515,16.86891891891892,14.431081081081082,15.73108108108108,0.3064516129032258,0.5263157894736842,0.6666666666666666,0.8,0.3064516129032258,0.5263157894736842,0.5882352941176471,0.7,0.03225806451612903,0.5,0.5,1.0,0.04838709677419355,0.3064516129032258,0.3684210526315789,0.3684210526315789,1.0,0.3333333333333333,0.6666666666666666,0.2222222222222222,,0.4117647058823529,0.2857142857142857,0.6612903225806451,0.3684210526315789,0.5198064516129033,0.47417,0.5343647058823529,0.15151515151515152,0.22727272727272727,,0.14457831325301204,0.3614457831325301,4.835,24.79090909090909,0.35135135135135137,2026-05-18,1022600030,CON,1611661327,PDX,PDX,32.0,2.0,4.0,,,1.0,,,,1.0,2.0,1.0,2.0,,1.0,6.0,5.0,,0.21052631578947367,,,,,0.23529411764705882,0.5,0.058823529411764705,,,,1.0,2.0,,4.0,,0.25,0.3333333333333333,0.6666666666666666,0.07142857142857142,1.0,,,,,1.0,,,,,,
40:00,81,82,35.0,3,163,14.0,26.0,1.0,1.0,10.0,18,,2.0,5.0,3,11,,,1.0,5.0,24,46,3,16,16,73,3.0,3.0,,,,6.0,11.0,16.0,1.0,7.0,7.0,32.0,12,36,9.0,,4.0,11,3,5.0,6,3.0,9,3.0,4.0,2.0,,21,2.0,1.0,14,10,2.0,26,3,29,8,5.0,3.0,6,3.0,6.0,8.0,,14,9.0,7,26,2.0,21,3.0,17,1.0,6,,3.0,,,3.0,,3.0,2.0,67,32.0,35.0,0.25,0.2727272727272727,1.0,0.1875,,0.14285714285714285,0.1875,0.5217391304347826,1.0,0.6875,0.4596774193548387,1.0,0.5434782608695652,0.5144927536231884,1.0,0.5961538461538461,0.25806451612903225,0.10869565217391304,,0.5,0.42857142857142855,1.0,0.6666666666666666,0.045454545454545456,0.8235294117647058,0.15384615384615385,0.75,0.08571428571428572,,0.5,0.25,0.5555555555555556,0.6666666666666666,1.0,0.8333333333333334,0.8,97.8,0.6666666666666666,15.783950617283951,13.676829268292684,15.648148148148149,13.315853658536586,0.41935483870967744,0.5384615384615384,0.6363636363636364,0.2857142857142857,0.2903225806451613,0.5555555555555556,0.5555555555555556,0.2,0.03225806451612903,,,,0.08064516129032258,0.1774193548387097,0.2727272727272727,0.2727272727272727,1.0,0.3333333333333333,1.0,,,0.21739130434782608,0.2,0.6774193548387096,0.2727272727272727,0.515233064516129,0.4178,0.4816152173913043,0.08955223880597014,0.11764705882352941,,0.0821917808219178,0.4383561643835616,4.8826086956521735,25.40625,0.43209876543209874,2026-05-20,1022600032,IND,1611661327,PDX,PDX,33.0,6.0,7.0,,,2.0,,,,1.0,,,1.0,,,2.0,2.0,,0.15384615384615385,,,,,0.30434782608695654,0.8571428571428571,0.08695652173913043,,,,,,,7.0,,,,,,,,,,2.0,,,,,,,
40:00,79,79,14.0,13,158,20.0,30.0,3.0,5.0,2.0,13,2.0,4.0,12.0,4,11,,1.0,1.0,2.0,24,47,11,23,18,99,4.0,9.0,2.0,5.0,1.0,15.0,4.0,7.0,1.0,2.0,8.0,19.0,28,20,30.0,3.0,4.0,11,4,4.0,14,10.0,24,3.0,12.0,,2.0,58,4.0,11.0,12,13,1.0,26,15,41,7,4.0,3.0,3,6.0,2.0,11.0,1.0,14,2.0,9,22,4.0,21,4.0,21,3.0,10,,6.0,1.0,1.0,3.0,3.0,7.0,4.0,84,19.0,14.0,0.5833333333333334,0.6363636363636364,0.9090909090909091,0.4782608695652174,0.4,0.5,0.4782608695652174,0.5106382978723404,0.4444444444444444,0.5714285714285714,0.5785714285714286,0.5,0.6111111111111112,0.6265822784810127,0.5357142857142857,0.7307692307692307,0.32857142857142857,0.0851063829787234,0.07692307692307693,,0.21428571428571427,0.3333333333333333,0.7647058823529411,0.4782608695652174,0.631578947368421,0.3333333333333333,0.6944444444444444,0.42857142857142855,0.5454545454545454,0.5,0.42857142857142855,0.5,1.0,0.6,0.6,0.75,94.8,0.5714285714285714,15.982278481012656,14.39746835443038,14.856962025316454,13.48354430379747,0.42857142857142855,0.6666666666666666,0.7407407407407407,0.6,0.18571428571428572,0.15384615384615385,0.16666666666666666,,0.05714285714285714,0.5,0.5,1.0,0.17142857142857143,0.15714285714285714,0.36363636363636365,0.36363636363636365,0.75,0.35714285714285715,0.6,0.07142857142857142,,0.2222222222222222,0.5,0.7571428571428571,0.36363636363636365,0.5407833333333334,0.5333833333333333,0.5576666666666666,0.12987012987012986,0.18518518518518517,,0.15151515151515152,0.1919191919191919,5.248936170212766,24.96521739130435,0.17721518987341772,2026-05-23,1022600042,TOR,1611661327,PDX,PDX,16.0,4.0,6.0,7.0,,,,7.0,,1.0,,,2.0,1.0,3.0,2.0,2.0,,0.1,,0.5833333333333334,0.5833333333333334,1.0,0.6666666666666666,0.6666666666666666,,,2.0,4.0,,3.0,,1.0,,,0.4,0.2,0.0967741935483871,0.3333333333333333,0.2857142857142857,0.5,1.0,,,,,,,,
39:59,77,78,24.0,16,155,14.0,29.0,1.0,3.0,4.0,12,4.0,8.0,9.0,6,17,,1.0,1.0,5.0,22,49,9,26,10,81,3.0,8.0,1.0,5.0,,9.0,6.0,12.0,2.0,7.0,7.0,25.0,22,22,21.0,6.0,,17,6,6.0,11,7.0,18,5.0,8.0,2.0,1.0,43,5.0,9.0,11,13,,24,16,40,12,10.0,2.0,8,2.0,7.0,6.0,1.0,14,6.0,8,22,,20,1.0,14,1.0,5,,5.0,1.0,1.0,5.0,,6.0,5.0,72,21.0,22.0,0.5,0.5,0.7777777777777778,0.34615384615384615,0.2,0.2857142857142857,0.34615384615384615,0.4489795918367347,0.375,0.5,0.47333333333333333,0.34615384615384615,0.47368421052631576,0.49382716049382713,0.34615384615384615,0.5217391304347826,0.3466666666666667,0.12244897959183673,0.25,,0.5714285714285714,,0.8666666666666667,0.375,0.6875,0.29411764705882354,0.7741935483870968,0.34146341463414637,0.7142857142857143,,0.2727272727272727,0.9,1.0,,0.7333333333333333,,93.00000000000007,0.8333333333333334,17.5012987012987,13.492307692307667,15.779220779220779,13.125641025641,0.38666666666666666,0.4827586206896552,0.5384615384615384,0.5714285714285714,0.16,0.3333333333333333,0.4444444444444444,0.5,0.10666666666666667,0.5,0.5,0.25,0.12,0.22666666666666666,0.35294117647058826,0.4,0.8333333333333334,0.23076923076923078,0.3333333333333333,0.07692307692307693,,0.2631578947368421,0.2,0.7333333333333333,0.35294117647058826,0.4963766666666667,0.4699818181818182,0.47628947368421054,0.06329113924050633,0.09433962264150944,,0.1111111111111111,0.30864197530864196,6.2326530612244895,24.31153846153846,0.3116883116883117,2026-05-25,1022600047,NYL,1611661327,PDX,PDX,32.0,6.0,8.0,3.0,1.0,2.0,2.0,2.0,,1.0,3.0,,1.0,2.0,1.0,2.0,,0.07692307692307693,0.10344827586206896,0.11764705882352941,0.3333333333333333,0.3333333333333333,0.6666666666666666,0.42105263157894735,0.75,0.10526315789473684,0.5,1.0,4.0,2.0,,1.0,5.0,,1.0,0.26666666666666666,0.3333333333333333,,1.0,0.3076923076923077,0.25,,1.0,,,,,,,
40:00,74,74,20.0,8,148,9.0,14.0,2.0,3.0,7.0,13,1.0,3.0,6.0,5,16,,,1.0,4.0,17,30,7,22,16,71,2.0,4.0,,1.0,1.0,5.0,4.0,8.0,2.0,6.0,11.0,25.0,18,16,21.0,,,16,5,2.0,9,7.0,16,5.0,6.0,3.0,,39,4.0,4.0,11,9,3.0,23,9,32,10,7.0,3.0,9,2.0,7.0,12.0,2.0,21,3.0,8,21,2.0,22,,24,,7,,1.0,2.0,1.0,1.0,,3.0,1.0,66,25.0,20.0,0.5294117647058824,0.5294117647058824,1.0,0.3181818181818182,,0.3333333333333333,0.3181818181818182,0.5666666666666667,0.5,0.5,0.5288461538461539,0.4,0.5,0.5546875,0.35714285714285715,0.5681818181818182,0.4230769230769231,0.06666666666666667,0.15384615384615385,,0.42857142857142855,0.6,0.5294117647058824,0.3076923076923077,0.5789473684210527,0.2857142857142857,0.5555555555555556,0.2962962962962963,0.16666666666666666,0.5,0.3,0.4444444444444444,0.5,0.75,0.7333333333333333,,88.8,0.3333333333333333,16.335135135135136,16.0972972972973,15.5,14.705405405405406,0.2692307692307692,0.6428571428571429,0.6428571428571429,0.6666666666666666,0.25,0.5384615384615384,0.6363636363636364,0.42857142857142855,0.057692307692307696,0.3333333333333333,0.3333333333333333,,0.11538461538461539,0.3076923076923077,0.3125,0.3125,1.0,0.6,0.6666666666666666,,,0.2857142857142857,0.25,0.6923076923076923,0.3125,0.5073721153846154,0.46728333333333333,0.4872714285714285,0.11864406779661017,0.1891891891891892,,0.07042253521126761,0.352112676056338,5.8533333333333335,24.886363636363637,0.2702702702702703,2026-05-27,1022600052,CON,1611661327,PDX,PDX,20.0,3.0,4.0,2.0,1.0,2.0,1.0,2.0,1.0,1.0,3.0,,3.0,1.0,4.0,5.0,5.0,0.045454545454545456,,,0.3333333333333333,0.4,1.0,0.2857142857142857,0.75,0.14285714285714285,0.5,,1.0,1.0,,1.0,1.0,0.16666666666666666,0.25,0.4,0.25,,0.5,0.2,,,1.0,,1.0,,,,,
40:00,76,77,2.0,8,153,7.0,11.0,,2.0,8.0,16,1.0,2.0,10.0,6,17,2.0,2.0,1.0,2.0,16,29,9,27,7,66,,3.0,3.0,4.0,,9.0,,,1.0,3.0,,3.0,20,12,24.0,3.0,,17,6,1.0,10,8.0,18,5.0,5.0,5.0,,44,3.0,6.0,14,8,2.0,24,10,34,4,3.0,1.0,16,4.0,12.0,12.0,4.0,28,,10,22,2.0,14,,8,,3,,3.0,1.0,,2.0,1.0,4.0,1.0,57,3.0,2.0,0.625,0.625,0.8888888888888888,0.3333333333333333,0.75,0.3333333333333333,0.3333333333333333,0.5517241379310345,,,0.5267857142857143,0.6428571428571429,0.5,0.5423728813559322,0.6428571428571429,0.5,0.48214285714285715,0.034482758620689655,0.0625,,0.5714285714285714,1.0,0.5,0.46153846153846156,0.7,0.17647058823529413,0.6111111111111112,0.3,0.375,1.0,0.2,0.2,0.5,1.0,0.7142857142857143,0.6666666666666666,91.8,0.25,15.94342105263158,15.432467532467532,15.051315789473685,14.705194805194804,0.19642857142857142,0.6363636363636364,0.6363636363636364,0.7142857142857143,0.2857142857142857,0.5,0.5333333333333333,0.625,0.03571428571428571,0.5,0.5,,0.17857142857142858,0.30357142857142855,0.35294117647058826,0.35294117647058826,0.8333333333333334,0.2857142857142857,,0.2857142857142857,1.0,0.6666666666666666,0.5,0.6785714285714286,0.35294117647058826,0.4745963636363636,0.5319583333333333,0.40875,0.05084745762711865,0.09375,,0.13636363636363635,0.045454545454545456,6.19655172413793,25.55925925925926,0.02631578947368421,2026-05-29,1022600059,ATL,1611661327,PDX,PDX,30.0,,,3.0,,1.0,,3.0,,1.0,3.0,1.0,3.0,3.0,4.0,,,,,,0.3,0.3,1.0,,,0.3333333333333333,,1.0,2.0,1.0,1.0,2.0,2.0,,1.0,0.5,0.14285714285714285,0.034482758620689655,,0.2857142857142857,0.5,1.0,2.0,,1.0,1.0,,,,
40:00,79,80,30.0,8,159,13.0,13.0,2.0,2.0,13.0,31,1.0,3.0,8.0,6,15,,2.0,4.0,8.0,27,47,9,23,19,100,6.0,9.0,,3.0,1.0,13.0,12.0,18.0,4.0,12.0,8.0,44.0,34,20,27.0,,8.0,15,6,3.0,17,9.0,26,6.0,9.0,7.0,1.0,61,5.0,7.0,12,9,,21,12,33,8,2.0,6.0,6,2.0,4.0,6.0,2.0,12,3.0,9,25,,23,2.0,20,3.0,8,,4.0,1.0,1.0,2.0,2.0,5.0,2.0,87,44.0,30.0,0.6296296296296297,0.7391304347826086,1.0,0.391304347826087,,0.3333333333333333,0.391304347826087,0.574468085106383,0.6666666666666666,0.6666666666666666,0.5785714285714286,0.5,0.6,0.6410256410256411,0.5416666666666666,0.6470588235294118,0.32857142857142857,0.06382978723404255,0.0967741935483871,,0.5,,0.5294117647058824,0.35,0.7058823529411765,0.35714285714285715,0.6176470588235294,0.35294117647058826,0.3333333333333333,0.5,0.2222222222222222,0.4,0.6666666666666666,0.3333333333333333,0.6666666666666666,0.8,95.4,0.4,16.81772151898734,13.392500000000002,16.056962025316455,12.85875,0.18571428571428572,1.0,1.0,0.6923076923076923,0.44285714285714284,0.41935483870967744,0.4642857142857143,0.5384615384615384,0.04285714285714286,0.3333333333333333,0.3333333333333333,1.0,0.11428571428571428,0.21428571428571427,0.4,0.4,1.0,0.16666666666666666,1.0,0.16666666666666666,,0.26666666666666666,0.5,0.5142857142857142,0.4,0.47392428571428574,0.45245625,0.48277000000000003,0.10666666666666667,0.15384615384615385,,0.13,0.44,6.506382978723405,24.708695652173912,0.379746835443038,2026-05-30,1022600062,IND,1611661327,PDX,PDX,29.0,6.0,6.0,3.0,,4.0,,3.0,1.0,1.0,,,3.0,2.0,1.0,3.0,3.0,,,,0.375,0.375,1.0,0.2,1.0,0.13333333333333333,,,1.0,,1.0,,8.0,,,,0.6,0.03225806451612903,,0.08333333333333333,,,,,,,,,,
40:00,71,73,18.0,10,144,6.0,12.0,,1.0,12.0,23,1.0,2.0,8.0,4,16,,2.0,1.0,3.0,19,37,9,24,12,77,1.0,5.0,,2.0,4.0,6.0,4.0,6.0,3.0,6.0,2.0,19.0,20,18,27.0,,,16,4,3.0,10,9.0,19,4.0,4.0,6.0,,47,7.0,4.0,15,10,1.0,26,11,37,3,1.0,2.0,9,1.0,6.0,6.0,3.0,15,6.0,8,18,2.0,16,,16,2.0,7,,1.0,1.0,,1.0,,2.0,,71,19.0,18.0,0.5263157894736842,0.5263157894736842,1.0,0.375,,0.5,0.375,0.5135135135135135,0.2,0.6666666666666666,0.5327868852459017,0.14285714285714285,0.7083333333333334,0.5661764705882353,0.3,0.6785714285714286,0.39344262295081966,0.08108108108108109,0.043478260869565216,,0.6,1.0,0.6666666666666666,0.2222222222222222,0.6818181818181818,0.4666666666666667,0.6756756756756757,0.3333333333333333,0.09090909090909091,1.0,0.4166666666666667,0.5,0.8571428571428571,0.5,0.7333333333333333,0.5714285714285714,86.4,,16.56056338028169,16.769863013698632,15.307042253521127,16.21917808219178,0.19672131147540983,0.5,0.6,0.6666666666666666,0.3770491803278688,0.5217391304347826,0.5454545454545454,0.5,0.03278688524590164,0.5,0.5,,0.13114754098360656,0.26229508196721313,0.25,0.25,1.0,0.14285714285714285,,0.2857142857142857,,0.25,0.3333333333333333,0.5901639344262295,0.25,0.48286885245901634,0.6176333333333334,0.4523875,0.10606060606060606,0.16666666666666666,,0.07792207792207792,0.24675324675324675,5.921621621621622,24.6875,0.2535211267605634,2026-06-02,1022600068,GSV,1611661327,PDX,PDX,13.0,,,5.0,2.0,3.0,1.0,5.0,,1.0,1.0,,3.0,,2.0,2.0,2.0,0.041666666666666664,0.16666666666666666,,0.625,0.7142857142857143,1.0,,,0.25,0.6666666666666666,,,,1.0,,1.0,0.125,,0.3333333333333333,0.6666666666666666,0.034482758620689655,,,,,,,1.0,,,,,
40:00,75,74,11.0,9,149,6.0,11.0,1.0,1.0,8.0,19,,1.0,3.0,8,23,1.0,4.0,1.0,6.0,14,31,10,26,14,72,2.0,4.0,1.0,4.0,1.0,8.0,1.0,2.0,1.0,6.0,3.0,8.0,18,10,27.0,3.0,2.0,23,8,3.0,9,9.0,18,7.0,3.0,6.0,,45,5.0,5.0,11,15,,26,10,36,3,2.0,1.0,10,3.0,7.0,12.0,3.0,22,3.0,6,18,2.0,19,2.0,17,1.0,4,1.0,2.0,,,,2.0,2.0,1.0,64,8.0,11.0,0.6428571428571429,0.6923076923076923,0.9,0.38461538461538464,0.25,0.16666666666666666,0.38461538461538464,0.45161290322580644,0.5,0.5,0.5087719298245614,0.4375,0.3125,0.5546875,0.4444444444444444,0.4,0.45614035087719296,0.0967741935483871,0.15789473684210525,,0.45454545454545453,,0.6818181818181818,0.3125,0.7857142857142857,0.35714285714285715,0.7222222222222222,0.3333333333333333,0.5,,0.38461538461538464,0.8571428571428571,0.5833333333333334,0.6666666666666666,0.7272727272727273,1.0,89.4,0.5,15.858666666666668,16.35945945945946,15.332,15.25135135135135,0.19298245614035087,0.5454545454545454,0.5454545454545454,0.5,0.3333333333333333,0.42105263157894735,0.5,0.75,0.017543859649122806,,,,0.05263157894736842,0.40350877192982454,0.34782608695652173,0.36363636363636365,0.875,0.125,1.0,0.5,0.25,0.75,0.16666666666666666,0.6491228070175439,0.34782608695652173,0.469875,0.5078583333333333,0.4275357142857143,0.08196721311475409,0.11764705882352941,0.037037037037037035,0.1111111111111111,0.1111111111111111,5.512903225806451,25.911538461538463,0.14666666666666667,2026-06-05,1022600076,PHX,1611661327,PDX,PDX,12.0,,,2.0,,,2.0,2.0,,1.0,1.0,,1.0,1.0,,3.0,2.0,0.07692307692307693,,0.043478260869565216,0.6666666666666666,1.0,1.0,,,,,,,,1.0,3.0,5.0,0.3333333333333333,,,,0.038461538461538464,,,,,1.0,,,1.0,,,,
40:00,80,79,31.0,15,159,15.0,27.0,2.0,6.0,7.0,15,1.0,2.0,7.0,2,21,1.0,3.0,2.0,11.0,23,44,3,28,17,72,3.0,8.0,1.0,4.0,9.0,18.0,12.0,19.0,2.0,15.0,6.0,36.0,32,14,9.0,,2.0,21,2,4.0,16,3.0,19,2.0,10.0,5.0,1.0,41,9.0,10.0,13,14,3.0,30,19,49,5,5.0,,11,1.0,7.0,6.0,4.0,17,3.0,9,21,1.0,22,3.0,22,2.0,9,,5.0,,,3.0,2.0,5.0,3.0,54,36.0,31.0,0.6956521739130435,0.7272727272727273,1.0,0.10714285714285714,0.25,0.13333333333333333,0.10714285714285714,0.5227272727272727,0.375,0.631578947368421,0.3819444444444444,0.375,0.4411764705882353,0.43902439024390244,0.5625,0.4864864864864865,0.3888888888888889,0.09090909090909091,0.06666666666666667,,0.6470588235294118,0.75,0.6666666666666666,0.47619047619047616,0.5909090909090909,0.375,0.627906976744186,0.4222222222222222,0.25,,0.3888888888888889,0.5,0.8181818181818182,,0.5625,0.6666666666666666,95.4,0.6,16.18625,13.988607594936708,15.34875,13.232911392405061,0.375,0.5555555555555556,0.625,0.6666666666666666,0.20833333333333334,0.4666666666666667,0.5,0.7142857142857143,0.027777777777777776,0.5,0.5,1.0,0.09722222222222222,0.2916666666666667,0.09523809523809523,0.09523809523809523,1.0,0.5,0.3333333333333333,0.25,0.3333333333333333,0.3235294117647059,0.18181818181818182,0.7638888888888888,0.09523809523809523,0.5179583333333333,0.5398571428571428,0.5086205882352941,0.11392405063291139,0.17647058823529413,,0.25,0.5,4.993181818181818,24.349999999999998,0.3875,2026-06-07,1022600082,LAS,1611661327,PDX,PDX,22.0,7.0,11.0,1.0,,4.0,,1.0,1.0,1.0,3.0,,2.0,,3.0,3.0,3.0,,0.1111111111111111,,0.14285714285714285,0.14285714285714285,1.0,0.3235294117647059,0.6363636363636364,0.11764705882352941,,,1.0,,,,3.0,,,0.6666666666666666,0.3333333333333333,,0.5,0.08333333333333333,,,,1.0,,1.0,,,,
40:00,79,78,13.0,3,157,19.0,23.0,1.0,1.0,8.0,15,1.0,4.0,9.0,5,17,,1.0,1.0,3.0,28,42,8,26,9,89,1.0,1.0,,1.0,,2.0,2.0,4.0,2.0,4.0,2.0,12.0,30,26,21.0,3.0,,17,5,4.0,15,7.0,22,4.0,10.0,5.0,,51,1.0,2.0,6,10,3.0,19,3,22,7,5.0,2.0,6,,5.0,4.0,1.0,10,3.0,13,25,,14,,12,1.0,4,,3.0,,,,3.0,3.0,1.0,87,12.0,13.0,0.5357142857142857,0.5357142857142857,0.875,0.3076923076923077,,0.5,0.3076923076923077,0.6666666666666666,1.0,0.5,0.5882352941176471,0.5,0.625,0.6095890410958904,0.5,0.6,0.38235294117647056,0.09523809523809523,0.13333333333333333,,0.6,0.75,0.45454545454545453,0.15384615384615385,0.42857142857142855,0.05555555555555555,0.4444444444444444,0.0967741935483871,0.14285714285714285,,0.08333333333333333,0.5,0.5,0.3333333333333333,0.36363636363636365,0.6666666666666666,94.2,0.3333333333333333,14.61012658227848,15.971794871794872,14.444303797468356,15.044871794871796,0.3382352941176471,0.8260869565217391,0.9047619047619048,0.5263157894736842,0.22058823529411764,0.5333333333333333,0.6153846153846154,0.625,0.058823529411764705,0.25,0.25,,0.1323529411764706,0.25,0.29411764705882354,0.29411764705882354,0.8,0.5,1.0,0.5,,0.375,0.3333333333333333,0.7205882352941176,0.29411764705882354,0.49292500000000006,0.5591,0.443375,0.056338028169014086,0.08888888888888889,,0.02247191011235955,0.1348314606741573,6.071428571428571,25.04615384615385,0.16455696202531644,2026-06-11,1022600094,LVA,1611661327,PDX,PDX,30.0,1.0,2.0,3.0,1.0,1.0,,3.0,,2.0,,1.0,4.0,2.0,1.0,2.0,1.0,,0.08695652173913043,,0.3333333333333333,0.3333333333333333,1.0,0.25,0.5,0.125,1.0,,,,,,2.0,,,0.25,,,1.0,,,,,1.0,,,,,,
40:00,78,77,22.0,9,155,6.0,8.0,1.0,2.0,8.0,25,2.0,4.0,6.0,11,25,1.0,2.0,5.0,9.0,16,37,14,31,10,84,3.0,4.0,1.0,2.0,,9.0,5.0,10.0,6.0,10.0,1.0,29.0,26,6,39.0,3.0,,25,11,4.0,13,13.0,26,10.0,4.0,7.0,2.0,65,4.0,5.0,10,16,4.0,30,9,39,5,4.0,1.0,7,,3.0,6.0,4.0,13,2.0,14,24,3.0,15,1.0,13,1.0,5,,5.0,,,2.0,3.0,5.0,2.0,75,29.0,22.0,0.8125,0.8125,0.9285714285714286,0.45161290322580644,0.5,0.6,0.45161290322580644,0.43243243243243246,0.75,0.5,0.5441176470588235,0.75,0.7,0.5675675675675675,0.75,0.6904761904761905,0.45588235294117646,0.10810810810810811,0.16,,0.5384615384615384,1.0,0.6666666666666666,0.23809523809523808,0.5263157894736842,0.23529411764705882,0.6046511627906976,0.23684210526315788,0.29411764705882354,,0.21428571428571427,0.8,0.5714285714285714,0.8,0.5714285714285714,0.4,93.0,0.4,16.171794871794873,14.787012987012986,15.619230769230771,13.567532467532466,0.11764705882352941,0.75,0.75,0.6666666666666666,0.36764705882352944,0.32,0.38095238095238093,0.875,0.058823529411764705,0.5,0.5,1.0,0.08823529411764706,0.36764705882352944,0.44,0.44,0.9090909090909091,0.3333333333333333,0.5,0.3333333333333333,0.5,0.45,0.5555555555555556,0.5735294117647058,0.44,0.45789779411764703,0.42119999999999996,0.4454625,0.06944444444444445,0.12195121951219512,,0.10714285714285714,0.34523809523809523,6.908108108108108,25.125806451612902,0.28205128205128205,2026-06-13,1022600099,DAL,1611661327,PDX,PDX,24.0,4.0,4.0,3.0,1.0,1.0,,3.0,,1.0,2.0,1.0,1.0,,3.0,2.0,1.0,,,,0.5,0.5,1.0,0.2,1.0,0.05,1.0,,,,,,1.0,,,,0.3333333333333333,,1.0,,,,,,,1.0,,,,
40:00,80,81,6.0,11,161,10.0,18.0,1.0,3.0,8.0,20,,1.0,9.0,8,21,1.0,4.0,,1.0,18,39,10,30,8,74,1.0,9.0,1.0,4.0,1.0,6.0,2.0,4.0,,2.0,1.0,5.0,22,14,30.0,,2.0,21,8,5.0,11,10.0,21,8.0,7.0,4.0,,52,8.0,6.0,4,13,3.0,20,14,34,7,5.0,2.0,14,2.0,9.0,8.0,5.0,22,1.0,11,24,4.0,14,3.0,11,1.0,4,,2.0,,,2.0,,2.0,,68,5.0,6.0,0.6111111111111112,0.6470588235294118,1.0,0.3333333333333333,0.25,,0.3333333333333333,0.46153846153846156,0.1111111111111111,0.5,0.4782608695652174,0.19230769230769232,0.3333333333333333,0.5,0.21428571428571427,0.35714285714285715,0.43478260869565216,0.1282051282051282,0.1,,0.6363636363636364,0.6,0.5909090909090909,0.3157894736842105,0.3076923076923077,0.4,0.4857142857142857,0.358974358974359,0.3,1.0,0.3076923076923077,0.5714285714285714,0.5,1.0,0.2857142857142857,0.3333333333333333,96.6,,15.63125,14.191358024691358,14.257499999999999,13.076543209876544,0.2608695652173913,0.5555555555555556,0.6666666666666666,0.7,0.2898550724637681,0.4,0.4444444444444444,0.5,0.014492753623188406,,,,0.13043478260869565,0.30434782608695654,0.38095238095238093,0.38095238095238093,1.0,0.23076923076923078,0.3333333333333333,0.3076923076923077,0.25,0.16666666666666666,,0.6956521739130435,0.38095238095238093,0.5186847826086957,0.50153,0.47364999999999996,0.05555555555555555,0.09523809523809523,,0.08108108108108109,0.06756756756756757,5.3999999999999995,23.583333333333332,0.075,2026-06-15,1022600104,MIN,1611661327,PDX,PDX,22.0,1.0,1.0,2.0,,1.0,,2.0,,,1.0,,4.0,,1.0,1.0,1.0,,0.16666666666666666,,0.2222222222222222,0.2222222222222222,1.0,0.16666666666666666,1.0,0.16666666666666666,,,,,,,1.0,,,0.25,0.5714285714285714,,,,,,2.0,,,1.0,,,,
40:00,74,74,14.0,18,148,5.0,10.0,1.0,3.0,4.0,16,1.0,2.0,11.0,11,31,1.0,3.0,2.0,8.0,10,28,17,42,23,94,2.0,8.0,2.0,6.0,5.0,15.0,2.0,6.0,2.0,8.0,5.0,15.0,8,12,48.0,3.0,4.0,31,11,3.0,4,16.0,20,11.0,3.0,1.0,,56,14.0,7.0,9,9,1.0,19,22,41,7,6.0,1.0,5,1.0,4.0,9.0,1.0,14,2.0,8,18,2.0,18,1.0,27,3.0,13,,6.0,1.0,,1.0,5.0,7.0,1.0,79,15.0,14.0,0.4,0.5,0.9411764705882353,0.40476190476190477,0.3333333333333333,0.25,0.40476190476190477,0.35714285714285715,0.25,0.3333333333333333,0.5071428571428571,0.35714285714285715,0.35714285714285715,0.573170731707317,0.4411764705882353,0.4411764705882353,0.6,0.10714285714285714,0.0625,,0.35714285714285715,1.0,0.47368421052631576,0.4117647058823529,0.6428571428571429,0.56,0.5454545454545454,0.5,0.2727272727272727,1.0,0.55,0.5,0.42857142857142855,0.6666666666666666,0.6363636363636364,0.6666666666666666,88.8,0.14285714285714285,16.344594594594593,16.08783783783784,14.832432432432432,15.005405405405407,0.14285714285714285,0.5,0.625,0.6,0.22857142857142856,0.25,0.26666666666666666,0.25,0.02857142857142857,0.5,0.5,,0.15714285714285714,0.44285714285714284,0.3548387096774194,0.3548387096774194,1.0,0.21428571428571427,0.3333333333333333,0.21428571428571427,0.3333333333333333,0.5714285714285714,0.25,0.7428571428571429,0.3548387096774194,0.49249642857142856,0.4724285714285714,0.4789392857142857,0.1625,0.34210526315789475,,0.1595744680851064,0.1595744680851064,5.746428571428572,24.890476190476193,0.1891891891891892,2026-06-17,1022600112,SEA,1611661327,PDX,PDX,13.0,,3.0,6.0,,,,5.0,1.0,1.0,4.0,,3.0,,1.0,2.0,1.0,,0.2,,0.5454545454545454,0.5454545454545454,0.8333333333333334,0.21428571428571427,,,,1.0,3.0,1.0,,1.0,2.0,,0.3333333333333333,0.6,0.6,,,0.21428571428571427,0.3333333333333333,1.0,,,1.0,1.0,,,,
40:00,78,79,27.0,10,157,12.0,29.0,1.0,4.0,3.0,12,1.0,3.0,6.0,8,19,1.0,1.0,1.0,8.0,16,44,10,25,16,78,2.0,8.0,1.0,1.0,,7.0,6.0,16.0,2.0,9.0,5.0,23.0,20,12,30.0,,2.0,19,8,6.0,10,10.0,20,8.0,8.0,2.0,,50,4.0,9.0,7,12,2.0,21,13,34,7,6.0,1.0,6,1.0,5.0,6.0,1.0,12,3.0,14,23,1.0,18,,20,2.0,9,,5.0,,,3.0,2.0,5.0,2.0,71,23.0,27.0,0.625,0.6666666666666666,1.0,0.4,1.0,0.2222222222222222,0.4,0.36363636363636365,0.25,0.375,0.4492753623188406,0.3888888888888889,0.36,0.5,0.35,0.4107142857142857,0.36231884057971014,0.13636363636363635,,,0.5,0.5,0.6,0.32142857142857145,0.5833333333333334,0.26666666666666666,0.59375,0.3023255813953488,0.3333333333333333,,0.2727272727272727,0.5,0.625,1.0,0.6,0.5,94.2,0.4,16.129487179487178,14.454430379746837,15.258974358974356,13.741772151898736,0.42028985507246375,0.41379310344827586,0.5217391304347826,0.6666666666666666,0.17391304347826086,0.25,0.25,0.6666666666666666,0.043478260869565216,0.3333333333333333,0.3333333333333333,,0.08695652173913043,0.2753623188405797,0.42105263157894735,0.42105263157894735,1.0,0.4444444444444444,0.25,0.1111111111111111,1.0,0.32,0.125,0.782608695652174,0.42105263157894735,0.5480224637681159,0.5845416666666666,0.540556,0.11842105263157894,0.17647058823529413,,0.08974358974358974,0.2948717948717949,4.454545454545454,23.816,0.34615384615384615,2026-06-24,1022600130,CHI,1611661327,PDX,PDX,22.0,4.0,9.0,2.0,1.0,1.0,,2.0,,1.0,2.0,,2.0,,1.0,2.0,2.0,,0.20689655172413793,,0.3333333333333333,0.3333333333333333,1.0,0.36,0.4444444444444444,0.04,1.0,,,,2.0,2.0,1.0,,,0.35294117647058826,0.25,0.05405405405405406,,,,,,,,1.0,,,,
40:00,83,83,22.0,14,166,19.0,35.0,4.0,10.0,4.0,12,,2.0,5.0,7,25,,3.0,,4.0,23,49,9,30,21,94,4.0,11.0,,3.0,6.0,14.0,8.0,12.0,1.0,5.0,6.0,25.0,26,20,18.0,9.0,4.0,25,7,8.0,13,6.0,19,4.0,9.0,4.0,,44,8.0,9.0,9,5,2.0,16,18,34,10,8.0,2.0,2,5.0,1.0,7.0,1.0,9,3.0,12,23,1.0,19,,27,3.0,14,,4.0,,,3.0,1.0,4.0,1.0,80,25.0,22.0,0.5652173913043478,0.6190476190476191,0.6666666666666666,0.3,,0.2,0.3,0.46938775510204084,0.36363636363636365,0.6666666666666666,0.4620253164556962,0.2857142857142857,0.5588235294117647,0.5111111111111111,0.4117647058823529,0.6,0.379746835443038,0.16326530612244897,,,0.2222222222222222,0.6666666666666666,0.5,0.34615384615384615,0.75,0.38095238095238093,0.6363636363636364,0.3617021276595745,0.25,0.5,0.3888888888888889,0.5,0.5,,0.7777777777777778,0.6666666666666666,99.6,0.25,15.210843373493976,13.704819277108435,14.05421686746988,13.248192771084335,0.4430379746835443,0.5428571428571428,0.7037037037037037,0.47368421052631576,0.1518987341772152,0.3333333333333333,0.3333333333333333,1.0,0.02531645569620253,,,,0.06329113924050633,0.31645569620253167,0.28,0.2916666666666667,0.5714285714285714,0.7142857142857143,0.4,0.21428571428571427,,0.23529411764705882,,0.8227848101265823,0.28,0.5835647435897436,0.66634,0.580746875,0.15555555555555556,0.23333333333333334,,0.14893617021276595,0.26595744680851063,3.538775510204082,24.603333333333335,0.26506024096385544,2026-06-26,1022600136,CHI,1611661327,PDX,PDX,33.0,6.0,7.0,2.0,1.0,1.0,1.0,2.0,,,,,3.0,,1.0,,,0.03333333333333333,0.22857142857142856,0.04,0.4,0.4,1.0,0.4117647058823529,0.8571428571428571,0.058823529411764705,1.0,,,1.0,3.0,1.0,3.0,,0.3333333333333333,0.375,0.3333333333333333,0.07894736842105263,0.25,,,,2.0,,,,,,,
60:00,115,118,37.0,13,233,11.0,14.0,1.0,1.0,19.0,44,1.0,4.0,4.0,10,35,1.0,3.0,4.0,9.0,31,62,14,39,19,123,6.0,13.0,1.0,3.0,,15.0,12.0,24.0,5.0,10.0,10.0,49.0,34,28,36.0,6.0,2.0,35,10,7.0,17,12.0,29,8.0,7.0,10.0,,70,6.0,12.0,15,20,5.0,40,19,59,12,8.0,4.0,10,1.0,8.0,14.0,2.0,24,3.0,12,39,4.0,23,2.0,21,1.0,7,2.0,8.0,,,2.0,6.0,8.0,3.0,108,49.0,37.0,0.5483870967741935,0.5666666666666667,0.8571428571428571,0.358974358974359,0.3333333333333333,0.5,0.358974358974359,0.5,0.46153846153846156,0.5,0.5148514851485149,0.46875,0.5735294117647058,0.5590909090909091,0.46875,0.6282051282051282,0.38613861386138615,0.11290322580645161,0.1590909090909091,,0.4166666666666667,0.8333333333333334,0.5555555555555556,0.4,0.7894736842105263,0.25,0.6363636363636364,0.3333333333333333,0.375,0.3333333333333333,0.25,0.7777777777777778,0.43478260869565216,0.75,0.7692307692307693,0.8333333333333334,93.2,0.375,15.395652173913044,15.504237288135593,14.270434782608694,14.310169491525423,0.13861386138613863,0.7857142857142857,0.7857142857142857,0.6363636363636364,0.43564356435643564,0.4318181818181818,0.5135135135135135,0.5263157894736842,0.039603960396039604,0.25,0.25,,0.039603960396039604,0.3465346534653465,0.2857142857142857,0.30303030303030304,0.8,0.0625,1.0,0.1875,0.3333333333333333,0.2647058823529412,0.4444444444444444,0.5247524752475248,0.2857142857142857,0.4507861386138614,0.3668892857142857,0.3831485294117647,0.08256880733944955,0.10294117647058823,0.04878048780487805,0.12195121951219512,0.3983739837398374,5.830645161290323,24.78205128205128,0.3217391304347826,2026-06-28,1022600142,WAS,1611661327,PDX,PDX,36.0,4.0,4.0,4.0,1.0,1.0,2.0,4.0,,,1.0,1.0,5.0,1.0,2.0,1.0,1.0,0.05128205128205128,,0.05714285714285714,1.0,1.0,1.0,0.11764705882352941,1.0,0.029411764705882353,1.0,,,1.0,2.0,3.0,7.0,,1.0,0.6666666666666666,,0.043478260869565216,,,,,,,,1.0,,,,
40:00,83,84,30.0,14,167,13.0,22.0,3.0,3.0,6.0,18,2.0,3.0,5.0,4,20,1.0,3.0,,5.0,21,43,4,25,23,77,3.0,3.0,1.0,3.0,5.0,14.0,7.0,13.0,,6.0,11.0,25.0,26,16,12.0,,4.0,20,4,3.0,13,4.0,17,4.0,7.0,4.0,2.0,38,9.0,6.0,16,21,2.0,39,15,54,9,6.0,3.0,14,2.0,10.0,6.0,4.0,20,10.0,8,19,1.0,22,,25,7.0,11,,3.0,,,1.0,2.0,3.0,2.0,63,25.0,30.0,0.6190476190476191,0.6842105263157895,1.0,0.16,0.3333333333333333,,0.16,0.4883720930232558,1.0,0.5384615384615384,0.39705882352941174,0.75,0.3684210526315789,0.5,0.7777777777777778,0.5208333333333334,0.36764705882352944,0.06976744186046512,0.05555555555555555,,0.7,1.0,0.8076923076923077,0.2857142857142857,0.7619047619047619,0.42857142857142855,0.7872340425531915,0.35714285714285715,0.25,,0.5,0.75,0.8461538461538461,0.8,0.7894736842105263,0.5,100.2,0.6666666666666666,14.657831325301204,14.088095238095239,13.102409638554217,13.854761904761906,0.3235294117647059,0.5909090909090909,0.65,0.5384615384615384,0.2647058823529412,0.3333333333333333,0.35294117647058826,0.6666666666666666,0.04411764705882353,0.6666666666666666,0.6666666666666666,1.0,0.07352941176470588,0.29411764705882354,0.2,0.2,1.0,0.5,1.0,0.5,0.3333333333333333,0.2631578947368421,,0.6911764705882353,0.2,0.5065191176470588,0.5560333333333333,0.48919210526315793,0.1527777777777778,0.23404255319148937,,0.18181818181818182,0.3246753246753247,5.816279069767441,24.592,0.3614457831325301,2026-07-04,1022600151,SEA,1611661327,PDX,PDX,29.0,4.0,6.0,,,1.0,,,,,5.0,,6.0,,2.0,5.0,5.0,,0.09090909090909091,,,,,0.3157894736842105,0.6666666666666666,0.05263157894736842,,,,,1.0,1.0,2.0,,,0.3333333333333333,0.2,0.02564102564102564,,,,,,,,1.0,,,,
40:00,76,77,25.0,8,153,6.0,11.0,4.0,5.0,8.0,15,2.0,3.0,4.0,10,28,1.0,1.0,4.0,11.0,16,29,11,32,15,80,5.0,7.0,1.0,1.0,2.0,15.0,5.0,9.0,4.0,11.0,2.0,24.0,18,14,24.0,9.0,4.0,28,10,3.0,9,8.0,17,7.0,3.0,5.0,1.0,42,4.0,5.0,9,14,3.0,26,10,36,8,8.0,,13,3.0,10.0,4.0,3.0,17,8.0,11,19,,16,,20,2.0,9,1.0,3.0,,,2.0,1.0,3.0,1.0,65,24.0,25.0,0.5625,0.6428571428571429,0.7272727272727273,0.34375,1.0,0.36363636363636365,0.34375,0.5517241379310345,0.7142857142857143,0.5555555555555556,0.5327868852459017,0.8125,0.55,0.5797101449275363,0.8333333333333334,0.5714285714285714,0.5245901639344263,0.10344827586206896,0.13333333333333333,,0.7647058823529411,1.0,0.7777777777777778,0.38461538461538464,0.75,0.2,0.7666666666666667,0.2727272727272727,0.42857142857142855,1.0,0.23529411764705882,0.8,0.7,1.0,0.8,0.5,91.8,0.3333333333333333,15.360526315789475,16.007792207792207,14.505263157894738,15.397402597402596,0.18032786885245902,0.5454545454545454,0.6,0.5,0.2459016393442623,0.5333333333333333,0.6153846153846154,0.625,0.04918032786885246,0.6666666666666666,0.6666666666666666,0.5,0.06557377049180328,0.45901639344262296,0.35714285714285715,0.37037037037037035,0.7,0.625,0.8,0.125,1.0,0.55,0.36363636363636365,0.7049180327868853,0.35714285714285715,0.4775566666666667,0.39371999999999996,0.44898421052631576,0.14492753623188406,0.25,0.030303030303030304,0.1875,0.3,5.93448275862069,25.553125,0.32894736842105265,2026-07-09,1022600164,LVA,1611661327,PDX,PDX,20.0,2.0,4.0,1.0,,,2.0,1.0,,,,1.0,1.0,,,,,0.0625,0.09090909090909091,0.03571428571428571,0.25,0.3333333333333333,1.0,0.2,0.5,,,,,1.0,1.0,,1.0,0.25,0.5,0.2,,0.03571428571428571,0.25,,,,,,,,,,,
40:00,81,82,18.0,4,163,17.0,23.0,1.0,1.0,3.0,6,2.0,2.0,6.0,10,23,1.0,2.0,3.0,4.0,22,31,14,29,16,102,1.0,1.0,2.0,3.0,,8.0,6.0,6.0,3.0,4.0,11.0,32.0,32,12,36.0,6.0,,23,10,1.0,16,12.0,28,8.0,15.0,,1.0,68,1.0,3.0,17,8,3.0,28,4,32,7,3.0,4.0,8,1.0,7.0,9.0,1.0,17,3.0,11,26,6.0,23,1.0,19,2.0,6,1.0,4.0,,,4.0,,4.0,2.0,94,32.0,18.0,0.7272727272727273,0.7272727272727273,0.8571428571428571,0.4827586206896552,0.6666666666666666,0.75,0.4827586206896552,0.7096774193548387,1.0,1.0,0.7166666666666667,1.0,1.05,0.75,1.0,1.0666666666666667,0.48333333333333334,0.03225806451612903,,,0.47058823529411764,1.0,0.4444444444444444,0.3333333333333333,0.7083333333333334,0.06666666666666667,0.5952380952380952,0.16666666666666666,0.3333333333333333,,0.07692307692307693,0.4117647058823529,1.0,,0.6666666666666666,1.0,97.8,0.5,14.692592592592591,14.754878048780489,14.445679012345678,13.886585365853659,0.38333333333333336,0.7391304347826086,0.7727272727272727,0.8823529411764706,0.1,0.5,0.5,,0.03333333333333333,1.0,1.0,0.5,0.1,0.38333333333333336,0.43478260869565216,0.47619047619047616,0.8,0.25,1.0,0.5,0.5,0.4,0.75,0.8666666666666667,0.43478260869565216,0.5455941666666667,0.5854833333333334,0.5439499999999999,0.1076923076923077,0.17142857142857143,0.03333333333333333,0.0784313725490196,0.3137254901960784,4.119354838709677,25.74137931034483,0.2222222222222222,2026-07-11,1022600170,ATL,1611661327,PDX,PDX,24.0,5.0,5.0,4.0,,,2.0,4.0,,1.0,,,2.0,1.0,3.0,3.0,3.0,0.06896551724137931,0.043478260869565216,0.08695652173913043,0.6666666666666666,0.6666666666666666,1.0,0.5,1.0,,,1.0,1.0,,1.0,,3.0,,,0.3333333333333333,,0.047619047619047616,1.0,0.25,1.0,1.0,,,,1.0,,,,
40:00,78,80,15.0,5,158,16.0,24.0,,,3.0,9,1.0,1.0,3.0,8,23,,1.0,2.0,5.0,20,34,9,26,20,87,2.0,2.0,,1.0,3.0,7.0,1.0,4.0,2.0,5.0,9.0,17.0,20,20,27.0,,,23,8,4.0,10,9.0,19,8.0,8.0,2.0,,47,1.0,4.0,5,14,2.0,21,5,26,10,6.0,4.0,11,3.0,6.0,5.0,5.0,16,2.0,8,14,,21,3.0,21,3.0,8,1.0,3.0,,,3.0,,3.0,1.0,80,17.0,15.0,0.5,0.5,1.0,0.34615384615384615,,0.4,0.34615384615384615,0.5882352941176471,1.0,0.25,0.5583333333333333,0.6666666666666666,0.4444444444444444,0.6397058823529411,0.875,0.6538461538461539,0.43333333333333335,0.11764705882352941,0.1111111111111111,,0.6875,1.0,0.6666666666666666,0.2857142857142857,0.5,0.0625,0.6129032258064516,0.16666666666666666,0.16666666666666666,,0.06666666666666667,0.6923076923076923,0.6666666666666666,0.6,0.5555555555555556,,94.8,0.3333333333333333,14.90128205128205,15.471250000000001,14.503846153846153,14.982500000000002,0.4,0.6666666666666666,0.7619047619047619,0.5,0.15,0.3333333333333333,0.375,0.6666666666666666,0.016666666666666666,1.0,1.0,,0.05,0.38333333333333336,0.34782608695652173,0.34782608695652173,1.0,,,0.3333333333333333,,0.5555555555555556,0.4,0.8333333333333334,0.34782608695652173,0.5290366666666667,0.4154,0.49067777777777777,0.13846153846153847,0.20512820512820512,0.038461538461538464,0.08045977011494253,0.19540229885057472,4.061764705882353,24.542307692307695,0.19230769230769232,2026-07-14,1022600177,CON,1611661327,PDX,PDX,11.0,1.0,2.0,1.0,,,,1.0,,,1.0,,,,1.0,3.0,3.0,,0.125,,0.3333333333333333,0.3333333333333333,1.0,0.2222222222222222,0.5,,,,,,,,2.0,,,0.375,,,,,,,,,,,1.0,,,
40:00,73,76,10.0,6,149,12.0,15.0,1.0,1.0,6.0,13,1.0,3.0,9.0,8,27,,2.0,1.0,5.0,19,31,10,36,7,75,2.0,4.0,,3.0,2.0,6.0,3.0,4.0,1.0,5.0,2.0,11.0,24,14,24.0,6.0,,27,8,4.0,12,8.0,20,6.0,8.0,4.0,,48,4.0,4.0,10,14,1.0,25,9,34,10,8.0,2.0,4,2.0,4.0,7.0,,11,1.0,11,26,4.0,15,2.0,9,3.0,6,,2.0,,,,2.0,2.0,1.0,69,11.0,10.0,0.631578947368421,0.631578947368421,0.8,0.2777777777777778,,0.2,0.2777777777777778,0.6129032258064516,0.5,0.75,0.5074626865671642,0.2857142857142857,0.5,0.5357142857142857,0.375,0.55,0.5373134328358209,0.12903225806451613,0.15384615384615385,,0.36363636363636365,0.5,0.56,0.3333333333333333,0.5555555555555556,0.15384615384615385,0.5581395348837209,0.21052631578947367,0.42857142857142855,,0.21052631578947367,0.3333333333333333,0.7058823529411765,0.2,0.5714285714285714,0.5,89.4,0.5,16.493150684931507,15.736842105263158,15.342465753424657,14.417105263157895,0.22388059701492538,0.8,0.9230769230769231,0.6666666666666666,0.19402985074626866,0.46153846153846156,0.5454545454545454,0.6666666666666666,0.04477611940298507,0.3333333333333333,0.3333333333333333,,0.13432835820895522,0.40298507462686567,0.2962962962962963,0.2962962962962963,0.75,0.14285714285714285,1.0,0.2857142857142857,,0.5555555555555556,0.2,0.7611940298507462,0.2962962962962963,0.5200402985074627,0.4952125,0.5524444444444445,0.08571428571428572,0.17647058823529413,,0.08,0.14666666666666667,6.374193548387097,25.563888888888886,0.136986301369863,2026-07-16,1022600182,WAS,1611661327,PDX,PDX,23.0,2.0,2.0,2.0,,,,2.0,1.0,,1.0,,2.0,,2.0,,,,0.13333333333333333,,0.2222222222222222,0.2222222222222222,1.0,0.2222222222222222,1.0,,,,1.0,1.0,2.0,,2.0,,1.0,0.3333333333333333,,0.058823529411764705,1.0,0.14285714285714285,,,,,,,,,,
40:00,81,82,3.0,11,163,17.0,31.0,2.0,3.0,7.0,14,,2.0,13.0,7,17,3.0,4.0,,1.0,24,47,13,30,6,93,3.0,4.0,4.0,5.0,,18.0,,1.0,,2.0,,,24,24,39.0,,4.0,17,7,9.0,12,13.0,25,7.0,10.0,2.0,,63,4.0,6.0,11,14,2.0,27,11,38,7,5.0,2.0,6,3.0,4.0,5.0,2.0,11,,5,16,,9,1.0,7,1.0,4,,2.0,,,,2.0,2.0,,75,,3.0,0.5,0.5454545454545454,1.0,0.43333333333333335,0.8,,0.43333333333333335,0.5106382978723404,0.75,,0.564935064935065,1.0,,0.58125,1.0,,0.38961038961038963,0.19148936170212766,0.21428571428571427,,0.5454545454545454,1.0,0.7,0.2608695652173913,0.7857142857142857,0.23529411764705882,0.7352941176470589,0.25,0.2857142857142857,0.5,0.2,0.9,0.5,0.5,0.8571428571428571,0.7142857142857143,97.8,,15.08395061728395,14.36829268292683,14.561728395061728,13.834146341463416,0.4025974025974026,0.5483870967741935,0.68,0.5882352941176471,0.18181818181818182,0.5,0.6363636363636364,0.2857142857142857,0.025974025974025976,,,,0.16883116883116883,0.22077922077922077,0.4117647058823529,0.4117647058823529,1.0,0.3333333333333333,0.6666666666666666,0.4444444444444444,0.75,0.3333333333333333,,0.7922077922077922,0.4117647058823529,0.5288558441558441,0.548925,0.4527666666666667,0.05,0.08,,0.1935483870967742,,4.870212765957447,23.73,0.037037037037037035,2026-07-18,1022600189,MIN,1611661327,PDX,PDX,13.0,,,6.0,,1.0,,6.0,,,1.0,,4.0,,,,,,0.1935483870967742,,0.46153846153846156,0.46153846153846156,1.0,,,0.3333333333333333,,1.0,1.0,1.0,,,1.0,,1.0,0.21428571428571427,0.2857142857142857,,0.5,0.1111111111111111,1.0,1.0,,,,1.0,,,,
40:00,80,82,18.0,3,162,12.0,13.0,1.0,1.0,12.0,20,3.0,6.0,1.0,10,25,,1.0,4.0,4.0,27,39,10,26,13,97,2.0,3.0,,1.0,,4.0,6.0,10.0,4.0,5.0,2.0,26.0,32,22,24.0,6.0,,25,10,2.0,16,8.0,24,8.0,7.0,8.0,1.0,56,3.0,1.0,11,11,1.0,23,4,27,6,2.0,4.0,7,2.0,5.0,4.0,2.0,11,2.0,8,21,2.0,18,1.0,17,1.0,8,,2.0,,,,2.0,2.0,1.0,93,26.0,18.0,0.5925925925925926,0.5925925925925926,0.8,0.38461538461538464,,0.8,0.38461538461538464,0.6923076923076923,0.6666666666666666,0.6,0.6461538461538462,0.5,0.8,0.6643835616438356,0.5,0.8125,0.4,0.05128205128205128,0.1,,0.6363636363636364,1.0,0.6111111111111112,0.08333333333333333,0.6111111111111112,0.1875,0.6111111111111112,0.14285714285714285,0.125,,0.2,1.0,0.4,0.8333333333333334,0.5333333333333333,1.0,97.2,0.5,14.12125,15.491463414634145,13.79625,14.729268292682926,0.2,0.9230769230769231,0.9230769230769231,0.5833333333333334,0.3076923076923077,0.6,0.6666666666666666,0.6666666666666666,0.09230769230769231,0.5,0.5,0.3333333333333333,0.015384615384615385,0.38461538461538464,0.4,0.4,0.8,0.25,1.0,0.25,,0.26666666666666666,1.0,0.6,0.4,0.4846869230769231,0.468925,0.49237333333333333,0.1111111111111111,0.17391304347826086,,0.041237113402061855,0.26804123711340205,6.6641025641025635,25.6,0.225,2026-07-22,1022600202,DAL,1611661327,PDX,PDX,32.0,3.0,3.0,,,1.0,,,,,,,,1.0,5.0,1.0,1.0,,,,,,,0.2,1.0,0.06666666666666667,,,,,,,3.0,,,,,,,,,,,2.0,,,,,,
40:00,79,79,35.0,11,158,9.0,13.0,1.0,2.0,8.0,20,1.0,4.0,8.0,7,23,1.0,3.0,1.0,10.0,18,37,9,31,20,83,3.0,8.0,1.0,3.0,3.0,12.0,5.0,15.0,2.0,13.0,7.0,23.0,22,14,21.0,6.0,4.0,23,7,3.0,11,7.0,18,5.0,6.0,4.0,1.0,43,5.0,9.0,11,11,2.0,24,14,38,5,4.0,1.0,7,3.0,5.0,6.0,2.0,13,7.0,11,23,3.0,21,2.0,25,3.0,12,,1.0,,,,,1.0,1.0,71,23.0,35.0,0.6111111111111112,0.6875,0.7777777777777778,0.2903225806451613,0.3333333333333333,0.15384615384615385,0.2903225806451613,0.4864864864864865,0.375,0.3333333333333333,0.4632352941176471,0.4090909090909091,0.2857142857142857,0.5253164556962026,0.5,0.3382352941176471,0.45588235294117646,0.08108108108108109,0.05,,0.5384615384615384,1.0,1.0,0.47368421052631576,0.8461538461538461,0.23809523809523808,0.9166666666666666,0.35,0.5,0.3333333333333333,0.2,1.0,1.0,1.0,0.875,0.8,94.8,1.0,16.28354430379747,14.096202531645568,15.343037974683545,14.007594936708859,0.19117647058823528,0.6923076923076923,0.8181818181818182,0.6666666666666666,0.29411764705882354,0.4,0.42105263157894735,0.5,0.058823529411764705,0.25,0.25,1.0,0.11764705882352941,0.3382352941176471,0.30434782608695654,0.30434782608695654,0.7142857142857143,0.18181818181818182,0.5,0.2727272727272727,0.3333333333333333,0.35714285714285715,0.1,0.6470588235294118,0.30434782608695654,0.4930448529411765,0.4809,0.4795232142857143,0.15584415584415584,0.2608695652173913,,0.14457831325301204,0.27710843373493976,6.324324324324325,25.23225806451613,0.4430379746835443,2026-07-28,1022600206,LVA,1611661327,PDX,PDX,25.0,3.0,5.0,2.0,1.0,3.0,,2.0,,,2.0,,,,1.0,2.0,2.0,,0.15384615384615385,,0.25,0.25,1.0,0.17857142857142858,0.6,0.10714285714285714,0.3333333333333333,,,,2.0,,3.0,,,0.5,0.3333333333333333,0.05405405405405406,,,,,,1.0,,1.0,,1.0,,
40:00,86,87,18.0,8,173,17.0,24.0,2.0,3.0,4.0,11,,1.0,11.0,9,20,1.0,2.0,1.0,3.0,21,36,14,31,14,98,2.0,4.0,1.0,3.0,,7.0,3.0,7.0,1.0,3.0,7.0,16.0,26,16,39.0,3.0,4.0,20,9,3.0,13,13.0,26,8.0,12.0,1.0,,65,6.0,3.0,12,7,1.0,20,9,29,8,2.0,6.0,14,2.0,10.0,6.0,4.0,20,4.0,11,24,2.0,21,4.0,18,2.0,7,,3.0,,,1.0,2.0,3.0,1.0,91,16.0,18.0,0.6190476190476191,0.6842105263157895,0.9285714285714286,0.45161290322580644,0.3333333333333333,0.3333333333333333,0.45161290322580644,0.5833333333333334,0.5,0.42857142857142855,0.6268656716417911,0.5,0.45,0.6533333333333333,0.5,0.5714285714285714,0.4626865671641791,0.08333333333333333,0.18181818181818182,,0.7,1.0,0.5384615384615384,0.2,0.631578947368421,0.35294117647058826,0.59375,0.28125,,,0.18181818181818182,0.6666666666666666,0.5,0.3333333333333333,0.625,0.6666666666666666,103.8,0.3333333333333333,14.103488372093024,13.644827586206896,13.619767441860468,12.97816091954023,0.3582089552238806,0.7083333333333334,0.7391304347826086,0.7058823529411765,0.16417910447761194,0.36363636363636365,0.4444444444444444,0.25,0.014925373134328358,,,,0.16417910447761194,0.29850746268656714,0.45,0.47368421052631576,0.8888888888888888,0.42857142857142855,0.6666666666666666,0.2857142857142857,0.5,0.3,0.3333333333333333,0.8208955223880597,0.45,0.5226179104477612,0.5103625,0.50666,0.09722222222222222,0.17073170731707318,,0.07142857142857142,0.16326530612244897,4.580555555555556,24.190322580645162,0.20930232558139536,2026-07-31,1022600215,IND,1611661327,PDX,PDX,27.0,2.0,3.0,5.0,,,1.0,5.0,1.0,1.0,2.0,,3.0,,1.0,3.0,3.0,0.03225806451612903,0.041666666666666664,0.05,0.45454545454545453,0.45454545454545453,1.0,0.3,0.6666666666666666,,,,1.0,,2.0,,6.0,,,0.42857142857142855,0.6666666666666666,0.07142857142857142,,0.14285714285714285,,,,,,1.0,,,,
40:00,86,86,16.0,12,172,16.0,23.0,2.0,2.0,2.0,11,2.0,6.0,8.0,13,29,3.0,5.0,2.0,5.0,20,40,15,37,16,101,3.0,4.0,3.0,9.0,1.0,16.0,3.0,6.0,3.0,8.0,3.0,18.0,18,22,36.0,9.0,4.0,29,13,4.0,9,12.0,21,10.0,6.0,2.0,1.0,54,6.0,7.0,9,16,1.0,26,13,39,8,6.0,2.0,8,2.0,7.0,6.0,1.0,14,2.0,3,21,2.0,16,1.0,18,2.0,8,,2.0,,,1.0,1.0,2.0,,85,18.0,16.0,0.45,0.5,0.8,0.40540540540540543,0.3333333333333333,0.375,0.40540540540540543,0.5,0.75,0.5,0.551948051948052,0.5769230769230769,0.5357142857142857,0.5941176470588235,0.6153846153846154,0.5625,0.4805194805194805,0.1,0.18181818181818182,,0.5714285714285714,1.0,0.6956521739130435,0.35,0.75,0.3,0.7142857142857143,0.325,0.3333333333333333,0.75,0.2857142857142857,0.7,0.6666666666666666,0.75,0.7777777777777778,0.6666666666666666,103.19999999999993,,14.406976744186046,13.500000000000023,13.386046511627908,12.863953488372116,0.2987012987012987,0.6956521739130435,0.7619047619047619,0.375,0.14285714285714285,0.18181818181818182,0.2222222222222222,1.0,0.07792207792207792,0.3333333333333333,0.3333333333333333,0.5,0.1038961038961039,0.37662337662337664,0.4482758620689655,0.4642857142857143,0.7692307692307693,0.15384615384615385,1.0,0.38461538461538464,0.6,0.35714285714285715,0.4,0.7792207792207793,0.4482758620689655,0.5010038961038961,0.516325,0.4700642857142857,0.0963855421686747,0.17391304347826086,,0.15841584158415842,0.1782178217821782,6.584999999999999,24.945945945945947,0.18604651162790697,2026-08-02,1022600219,LAS,1611661327,PDX,PDX,15.0,2.0,3.0,2.0,1.0,3.0,1.0,2.0,,1.0,,,1.0,,1.0,2.0,2.0,0.02702702702702703,0.08695652173913043,0.034482758620689655,0.25,0.25,1.0,0.21428571428571427,0.6666666666666666,0.21428571428571427,0.3333333333333333,,4.0,,2.0,1.0,4.0,,,0.14285714285714285,0.3333333333333333,0.05714285714285714,,0.3076923076923077,,,,,,1.0,,,,
40:00,86,86,8.0,7,172,12.0,17.0,3.0,4.0,8.0,19,2.0,3.0,7.0,10,20,,,,2.0,22,39,11,27,20,97,4.0,6.0,,,,8.0,1.0,3.0,,2.0,2.0,4.0,32,12,21.0,12.0,6.0,20,10,3.0,16,7.0,23,6.0,8.0,7.0,1.0,53,5.0,3.0,13,16,1.0,30,8,38,7,4.0,3.0,7,4.0,3.0,9.0,4.0,16,3.0,13,22,1.0,17,4.0,24,,8,1.0,3.0,1.0,,2.0,1.0,4.0,2.0,89,4.0,8.0,0.7272727272727273,0.8421052631578947,0.6363636363636364,0.4074074074074074,,,0.4074074074074074,0.5641025641025641,0.6666666666666666,0.3333333333333333,0.5833333333333334,0.6666666666666666,0.2,0.6298701298701299,0.6666666666666666,0.3333333333333333,0.4090909090909091,0.07692307692307693,0.15789473684210525,,0.4375,0.5,0.7619047619047619,0.17647058823529413,0.5909090909090909,0.3125,0.6744186046511628,0.24242424242424243,0.18181818181818182,1.0,0.3,0.8888888888888888,0.6666666666666666,,0.6666666666666666,0.42857142857142855,103.2,0.5,13.46046511627907,14.446511627906977,13.083720930232555,13.60232558139535,0.25757575757575757,0.7058823529411765,0.7058823529411765,0.6666666666666666,0.2878787878787879,0.42105263157894735,0.5,0.875,0.045454545454545456,0.6666666666666666,0.6666666666666666,0.5,0.10606060606060606,0.30303030303030304,0.5,0.5,0.6,0.6666666666666666,0.75,,,0.4,,0.6666666666666666,0.5,0.5286023076923076,0.6998333333333333,0.44145,0.12,0.1702127659574468,0.03571428571428571,0.08247422680412371,0.041237113402061855,5.743589743589744,25.333333333333332,0.09302325581395349,2026-08-06,1022600232,TOR,1611661327,PDX,PDX,23.0,,1.0,1.0,,,,1.0,,1.0,1.0,1.0,2.0,,2.0,2.0,1.0,,,,0.14285714285714285,0.14285714285714285,1.0,0.2,,,,,,,1.0,,,,,,0.3333333333333333,0.03333333333333333,0.3333333333333333,,,,,,1.0,,,,,
40:00,81,81,10.0,7,162,10.0,14.0,,1.0,8.0,14,1.0,2.0,12.0,8,24,,3.0,,4.0,19,30,15,36,17,100,,2.0,,4.0,2.0,2.0,2.0,3.0,,5.0,4.0,8.0,22,16,42.0,3.0,,24,8,5.0,11,14.0,25,7.0,6.0,5.0,,64,5.0,4.0,17,9,2.0,28,9,37,6,6.0,,6,1.0,4.0,6.0,2.0,12,1.0,8,17,1.0,20,1.0,20,1.0,7,1.0,,1.0,1.0,,,1.0,,98,8.0,10.0,0.5789473684210527,0.5789473684210527,0.9333333333333333,0.4166666666666667,,,0.4166666666666667,0.6333333333333333,,0.6666666666666666,0.6287878787878788,,0.25,0.6666666666666666,0.14285714285714285,0.4,0.5454545454545454,0.16666666666666666,0.21428571428571427,,0.5,1.0,0.6923076923076923,0.36363636363636365,0.7391304347826086,0.23809523809523808,0.7222222222222222,0.28125,0.5,,0.3125,0.3333333333333333,0.8571428571428571,0.6666666666666666,0.7142857142857143,1.0,97.2,,15.182716049382716,14.446913580246914,14.516049382716048,13.750617283950616,0.21212121212121213,0.7142857142857143,0.8333333333333334,0.6,0.21212121212121213,0.5714285714285714,0.7272727272727273,0.625,0.030303030303030304,0.5,0.5,,0.18181818181818182,0.36363636363636365,0.3333333333333333,0.34782608695652173,0.875,0.16666666666666666,,0.5,,0.5,,0.7575757575757576,0.3333333333333333,0.5079704545454545,0.49821,0.429775,0.1095890410958904,0.19444444444444445,0.02702702702702703,0.02,0.08,5.8100000000000005,24.380555555555556,0.12345679012345678,2026-08-08,1022600238,SEA,1611661327,PDX,PDX,7.0,1.0,1.0,7.0,,1.0,1.0,7.0,,,,1.0,3.0,3.0,1.0,2.0,2.0,0.027777777777777776,0.14285714285714285,0.041666666666666664,0.5833333333333334,0.5833333333333334,1.0,0.125,1.0,0.125,,,1.0,,,1.0,1.0,,,0.25,,,,0.16666666666666666,,,,,,,,,,
40:00,79,80,17.0,12,159,10.0,15.0,4.0,6.0,14.0,23,,2.0,7.0,8,24,2.0,3.0,3.0,5.0,24,40,8,31,9,81,5.0,8.0,2.0,4.0,1.0,17.0,1.0,3.0,3.0,7.0,4.0,15.0,26,22,24.0,,4.0,24,8,5.0,13,8.0,21,8.0,6.0,7.0,,50,8.0,5.0,10,17,5.0,32,13,45,7,2.0,5.0,9,2.0,4.0,5.0,5.0,14,4.0,12,19,2.0,15,,16,,6,,4.0,,,,4.0,4.0,2.0,64,15.0,17.0,0.5416666666666666,0.5909090909090909,1.0,0.25806451612903225,0.5,0.42857142857142855,0.25806451612903225,0.6,0.625,0.3333333333333333,0.5070422535211268,0.6666666666666666,0.55,0.5128205128205128,0.6538461538461539,0.5769230769230769,0.43661971830985913,0.125,0.17391304347826086,,0.6428571428571429,1.0,0.8095238095238095,0.3125,0.7142857142857143,0.34782608695652173,0.7714285714285715,0.3333333333333333,0.4444444444444444,,0.375,1.0,0.75,0.75,0.7,0.75,95.4,0.5,15.201265822784812,14.98875,14.429113924050634,14.61375,0.2112676056338028,0.6666666666666666,0.7142857142857143,0.6,0.323943661971831,0.6086956521739131,0.7368421052631579,0.5,0.028169014084507043,,,,0.09859154929577464,0.3380281690140845,0.3333333333333333,0.3333333333333333,1.0,0.5,0.6666666666666666,0.25,0.6666666666666666,0.5,0.6,0.647887323943662,0.3333333333333333,0.49351267605633803,0.5752,0.441015,0.07792207792207792,0.13043478260869565,,0.20987654320987653,0.18518518518518517,6.25,25.08709677419355,0.21518987341772153,2026-08-12,1022600250,MIN,1611661327,PDX,PDX,21.0,,,,,2.0,,,,,,,,,,1.0,1.0,,0.06666666666666667,,,,,,,0.2,,,1.0,,3.0,1.0,,,,0.2,0.2857142857142857,0.08823529411764706,0.5,0.08333333333333333,,,1.0,,,1.0,,,,
40:00,80,81,18.0,12,161,12.0,18.0,2.0,3.0,7.0,16,,1.0,8.0,12,29,1.0,4.0,1.0,7.0,19,35,12,37,10,84,3.0,7.0,1.0,5.0,1.0,10.0,4.0,5.0,1.0,9.0,5.0,16.0,24,14,30.0,6.0,2.0,29,12,4.0,12,10.0,22,10.0,8.0,4.0,,54,9.0,4.0,17,18,,35,14,49,8,6.0,2.0,5,2.0,4.0,10.0,1.0,15,4.0,8,17,2.0,17,1.0,17,3.0,8,,4.0,,,,4.0,4.0,1.0,74,16.0,18.0,0.631578947368421,0.6666666666666666,0.8333333333333334,0.32432432432432434,0.2,0.1111111111111111,0.32432432432432434,0.5428571428571428,0.42857142857142855,0.8,0.5138888888888888,0.375,0.39285714285714285,0.5316455696202531,0.38461538461538464,0.4444444444444444,0.5138888888888888,0.11428571428571428,0.1875,,0.3333333333333333,,0.6428571428571429,0.25,0.68,0.36,0.660377358490566,0.3170731707317073,0.3333333333333333,,0.35294117647058826,0.7,0.6111111111111112,,0.625,0.7777777777777778,96.6,0.25,15.257499999999999,14.560493827160496,14.058749999999998,13.749382716049384,0.25,0.6666666666666666,0.7058823529411765,0.6666666666666666,0.2222222222222222,0.4375,0.5384615384615384,0.5714285714285714,0.013888888888888888,,,,0.1111111111111111,0.4027777777777778,0.41379310344827586,0.41379310344827586,0.8333333333333334,0.25,0.6666666666666666,0.3333333333333333,0.25,0.5,0.14285714285714285,0.7638888888888888,0.41379310344827586,0.5148507042253522,0.49901428571428574,0.520423076923077,0.1038961038961039,0.2,,0.11904761904761904,0.19047619047619047,5.634285714285714,25.705405405405408,0.225,2026-08-14,1022600255,SEA,1611661327,PDX,PDX,14.0,3.0,4.0,,,2.0,,,1.0,,,,,,1.0,2.0,2.0,,0.05555555555555555,,,,,0.2857142857142857,0.75,0.14285714285714285,,,1.0,1.0,,4.0,,,0.25,0.16666666666666666,0.375,,0.5,0.08333333333333333,,,,,,,,,,
40:00,78,80,26.0,9,158,8.0,12.0,2.0,3.0,11.0,16,3.0,6.0,8.0,8,29,1.0,5.0,2.0,7.0,22,34,10,37,14,88,5.0,6.0,1.0,5.0,,13.0,8.0,12.0,3.0,9.0,8.0,33.0,12,32,27.0,3.0,4.0,29,8,1.0,6,9.0,15,7.0,3.0,2.0,1.0,39,7.0,4.0,11,16,1.0,28,11,39,6,5.0,1.0,5,4.0,4.0,6.0,1.0,11,4.0,9,23,1.0,19,2.0,21,3.0,6,1.0,4.0,,,1.0,3.0,4.0,3.0,75,29.0,24.0,0.2727272727272727,0.3,0.9,0.2702702702702703,0.2,0.3333333333333333,0.2702702702702703,0.6470588235294118,0.8333333333333334,0.6666666666666666,0.5211267605633803,0.5909090909090909,0.5952380952380952,0.5569620253164557,0.5909090909090909,0.66,0.5211267605633803,0.029411764705882353,0.0625,,0.45454545454545453,0.5,0.7619047619047619,0.3333333333333333,0.6111111111111112,0.25925925925925924,0.6923076923076923,0.28205128205128205,0.6,,0.23809523809523808,0.6666666666666666,0.8,0.8,0.6363636363636364,0.5714285714285714,94.8,0.75,14.774358974358975,15.594999999999999,14.094871794871796,14.967499999999998,0.16901408450704225,0.6666666666666666,0.6666666666666666,0.375,0.22535211267605634,0.6875,0.7333333333333333,0.18181818181818182,0.08450704225352113,0.5,0.5,0.3333333333333333,0.11267605633802817,0.4084507042253521,0.27586206896551724,0.27586206896551724,0.875,0.2727272727272727,0.6666666666666666,0.45454545454545453,0.2,0.3333333333333333,0.2857142857142857,0.6901408450704225,0.27586206896551724,0.49359366197183097,0.49573,0.45811666666666667,0.0945945945945946,0.16216216216216217,0.02702702702702703,0.14772727272727273,0.375,7.858823529411764,24.783783783783782,0.3333333333333333,2026-08-16,1022600260,PHX,1611661327,PDX,PDX,32.0,3.0,4.0,2.0,1.0,2.0,,2.0,,,,,3.0,,1.0,5.0,2.0,,,,0.25,0.25,1.0,0.19047619047619047,0.75,0.09523809523809523,0.5,,,,1.0,1.0,4.0,,,0.25,0.3333333333333333,0.02631578947368421,,,,,,,,1.0,1.0,,,
40:00,74,76,20.0,13,150,9.0,14.0,3.0,3.0,5.0,13,3.0,10.0,5.0,8,21,1.0,4.0,,4.0,17,37,9,26,19,80,6.0,6.0,1.0,4.0,3.0,18.0,6.0,9.0,,5.0,8.0,20.0,18,16,21.0,6.0,4.0,21,8,5.0,9,7.0,16,6.0,4.0,3.0,2.0,39,4.0,10.0,14,13,3.0,30,14,44,4,1.0,3.0,5,,4.0,9.0,1.0,14,4.0,8,22,5.0,23,2.0,27,3.0,11,1.0,5.0,,,3.0,2.0,5.0,3.0,62,20.0,20.0,0.5294117647058824,0.6,0.7777777777777778,0.34615384615384615,0.25,,0.34615384615384615,0.4594594594594595,1.0,0.6666666666666666,0.48412698412698413,0.75,0.42857142857142855,0.5405405405405406,0.75,0.5263157894736842,0.4126984126984127,0.13513513513513514,0.15384615384615385,0.1,0.35714285714285715,0.6,0.65,0.5,0.6363636363636364,0.23529411764705882,0.6428571428571429,0.3783783783783784,0.625,0.42857142857142855,0.23076923076923078,0.6666666666666666,0.6666666666666666,0.5,0.6190476190476191,1.0,90.0,0.6,14.854054054054055,17.11578947368421,13.883783783783786,15.44078947368421,0.2222222222222222,0.6428571428571429,0.75,0.4444444444444444,0.20634920634920634,0.38461538461538464,0.45454545454545453,0.6,0.15873015873015872,0.3,0.3333333333333333,0.6666666666666666,0.07936507936507936,0.3333333333333333,0.38095238095238093,0.38095238095238093,0.75,0.3,1.0,0.4,0.25,0.2857142857142857,,0.6349206349206349,0.38095238095238093,0.49183095238095237,0.45949999999999996,0.49736071428571427,0.16666666666666666,0.24444444444444444,0.037037037037037035,0.225,0.25,8.943243243243243,24.78076923076923,0.2702702702702703,2026-05-08,1022600003,GSV,1611661328,SEA,SEA,20.0,4.0,5.0,1.0,,1.0,,1.0,,2.0,2.0,,2.0,,1.0,2.0,2.0,,0.14285714285714285,,0.2,0.2,1.0,0.35714285714285715,0.8,0.07142857142857142,,,,,,,2.0,,,0.4,0.25,,,,,,1.0,,,1.0,,,,
40:00,85,86,29.0,6,171,12.0,20.0,2.0,2.0,5.0,14,,5.0,6.0,7,16,,,,4.0,17,39,10,22,25,89,2.0,4.0,,,1.0,5.0,2.0,8.0,1.0,7.0,13.0,20.0,8,26,30.0,,2.0,16,7,2.0,4,10.0,14,7.0,3.0,1.0,,38,1.0,6.0,11,17,2.0,30,7,37,10,8.0,2.0,7,2.0,2.0,8.0,5.0,15,7.0,7,22,2.0,28,4.0,33,1.0,12,,8.0,,,6.0,1.0,8.0,4.0,84,18.0,27.0,0.23529411764705882,0.25,1.0,0.45454545454545453,,0.14285714285714285,0.45454545454545453,0.4358974358974359,0.5,0.25,0.5245901639344263,0.5,0.23333333333333334,0.577922077922078,0.5,0.4166666666666667,0.36065573770491804,0.05128205128205128,,,0.4666666666666667,0.6666666666666666,0.6296296296296297,0.2727272727272727,0.7333333333333333,0.08333333333333333,0.6666666666666666,0.20588235294117646,0.3333333333333333,0.4,0.1111111111111111,0.6153846153846154,0.6363636363636364,0.6666666666666666,0.7333333333333333,,102.6,0.5,14.165882352941175,13.905813953488373,13.645882352941175,13.045348837209303,0.32786885245901637,0.6,0.6666666666666666,0.25,0.22950819672131148,0.35714285714285715,0.35714285714285715,0.2,0.08196721311475409,,,,0.09836065573770492,0.26229508196721313,0.4375,0.4666666666666667,1.0,0.5,1.0,,,0.26666666666666666,,0.6885245901639344,0.4375,0.5176459016393442,0.514475,0.4818233333333334,0.16666666666666666,0.24,,0.056179775280898875,0.2247191011235955,6.515384615384615,24.36818181818182,0.3411764705882353,2026-05-10,1022600007,CON,1611661328,SEA,SEA,30.0,2.0,3.0,3.0,1.0,3.0,1.0,3.0,,,1.0,,1.0,,1.0,5.0,3.0,0.045454545454545456,0.1,0.0625,0.5,0.5,1.0,0.2,0.6666666666666666,0.2,0.3333333333333333,,,,,2.0,3.0,,,0.125,,,,,,,,,,,,1.0,,
40:00,80,80,14.0,5,160,13.0,16.0,1.0,1.0,7.0,19,,3.0,2.0,6,18,1.0,1.0,,4.0,20,38,7,20,12,73,1.0,2.0,2.0,2.0,,8.0,1.0,3.0,,4.0,3.0,5.0,26,14,15.0,6.0,2.0,18,6,4.0,13,5.0,18,4.0,7.0,6.0,,41,1.0,4.0,14,15,2.0,31,6,37,6,5.0,1.0,11,2.0,7.0,8.0,4.0,19,5.0,10,21,4.0,17,3.0,17,1.0,8,,4.0,1.0,1.0,3.0,1.0,5.0,3.0,65,5.0,14.0,0.65,0.6842105263157895,0.7142857142857143,0.35,1.0,,0.35,0.5263157894736842,0.5,0.3333333333333333,0.5258620689655172,1.0,0.14285714285714285,0.553030303030303,1.0,0.2777777777777778,0.3448275862068966,0.10526315789473684,0.10526315789473684,,0.5789473684210527,1.0,0.7142857142857143,0.2222222222222222,0.7777777777777778,0.07692307692307693,0.7435897435897436,0.16129032258064516,0.16666666666666666,,0.08333333333333333,0.8571428571428571,0.6666666666666666,0.6,0.8571428571428571,0.5,96.0,0.6,14.54125,15.45875,14.351249999999999,14.93375,0.27586206896551724,0.8125,0.9285714285714286,0.5384615384615384,0.3275862068965517,0.3684210526315789,0.4117647058823529,0.8571428571428571,0.05172413793103448,,,,0.034482758620689655,0.3103448275862069,0.3333333333333333,0.3333333333333333,0.6666666666666666,0.25,1.0,0.25,1.0,0.5714285714285714,,0.6206896551724138,0.3333333333333333,0.4791166666666667,0.5248375,0.38814166666666666,0.12307692307692308,0.17777777777777778,,0.1095890410958904,0.0684931506849315,6.828947368421052,26.175,0.175,2026-05-13,1022600015,TOR,1611661328,SEA,SEA,16.0,,,1.0,,,,1.0,,,,,,,,1.0,1.0,,0.125,,0.5,0.5,1.0,,,,,1.0,1.0,1.0,1.0,2.0,,,0.3333333333333333,0.6666666666666666,,0.037037037037037035,,0.25,1.0,1.0,,,,1.0,,,,
40:00,83,84,32.0,7,167,14.0,30.0,1.0,4.0,2.0,7,3.0,11.0,6.0,5,17,1.0,1.0,1.0,7.0,19,48,6,23,22,78,1.0,7.0,1.0,1.0,1.0,6.0,8.0,15.0,2.0,10.0,10.0,32.0,24,14,15.0,3.0,,17,5,6.0,12,5.0,17,4.0,10.0,1.0,1.0,39,2.0,7.0,11,12,,23,9,32,9,8.0,1.0,5,2.0,3.0,3.0,2.0,8,2.0,11,22,,23,1.0,27,,11,,6.0,2.0,1.0,5.0,1.0,8.0,4.0,72,32.0,32.0,0.631578947368421,0.631578947368421,0.8333333333333334,0.2608695652173913,1.0,0.2,0.2608695652173913,0.3958333333333333,0.14285714285714285,0.5333333333333333,0.39436619718309857,0.3125,0.44,0.4642857142857143,0.375,0.5161290322580645,0.323943661971831,0.125,0.14285714285714285,,0.625,,0.631578947368421,0.25,0.6875,0.11764705882352941,0.6571428571428571,0.2,0.2,0.2857142857142857,0.16666666666666666,0.5454545454545454,1.0,0.6666666666666666,0.7272727272727273,0.6,100.2,0.5,15.162650602409638,13.589285714285714,14.433734939759036,12.976190476190476,0.4225352112676056,0.4666666666666667,0.56,0.7142857142857143,0.09859154929577464,0.2857142857142857,0.3333333333333333,0.5,0.15492957746478872,0.2727272727272727,0.2727272727272727,0.3333333333333333,0.08450704225352113,0.23943661971830985,0.29411764705882354,0.29411764705882354,0.8,0.5,0.25,0.125,1.0,0.28,0.14285714285714285,0.7464788732394366,0.29411764705882354,0.5379866197183099,0.48850000000000005,0.544896,0.13414634146341464,0.1864406779661017,,0.07692307692307693,0.41025641025641024,6.14375,25.608695652173914,0.3855421686746988,2026-05-17,1022600027,IND,1611661328,SEA,SEA,22.0,6.0,10.0,1.0,1.0,3.0,,1.0,,1.0,1.0,,3.0,,3.0,2.0,2.0,,0.16666666666666666,,0.16666666666666666,0.16666666666666666,1.0,0.4,0.6,0.12,0.3333333333333333,,,,,,2.0,,,0.25,,,,,,,,,1.0,1.0,,,,
40:00,76,79,21.0,11,155,10.0,13.0,1.0,1.0,9.0,22,,5.0,9.0,5,14,1.0,4.0,2.0,6.0,19,40,6,23,22,78,1.0,5.0,1.0,4.0,4.0,9.0,5.0,14.0,2.0,7.0,6.0,22.0,18,20,18.0,,2.0,14,5,3.0,9,6.0,15,5.0,5.0,4.0,,36,3.0,8.0,9,17,1.0,27,11,38,8,8.0,,10,1.0,6.0,7.0,4.0,17,4.0,9,15,2.0,19,1.0,25,4.0,11,,6.0,,,1.0,4.0,6.0,2.0,69,22.0,21.0,0.47368421052631576,0.5,1.0,0.2608695652173913,0.25,0.2857142857142857,0.2608695652173913,0.475,0.2,0.35714285714285715,0.4444444444444444,0.2777777777777778,0.38095238095238093,0.5273972602739726,0.4,0.4583333333333333,0.36507936507936506,0.075,0.09090909090909091,,0.5882352941176471,0.3333333333333333,0.7083333333333334,0.4,0.6923076923076923,0.1875,0.7027027027027027,0.3055555555555556,0.3333333333333333,0.6,0.125,0.5,0.6923076923076923,1.0,0.6,1.0,93.0,0.3333333333333333,16.71578947368421,14.298734177215188,15.847368421052632,13.50126582278481,0.20634920634920634,0.7692307692307693,0.8333333333333334,0.5,0.3492063492063492,0.4090909090909091,0.45,0.4444444444444444,0.07936507936507936,,,,0.14285714285714285,0.2222222222222222,0.35714285714285715,0.35714285714285715,1.0,0.1111111111111111,1.0,0.4444444444444444,0.25,0.2857142857142857,0.3333333333333333,0.5714285714285714,0.35714285714285715,0.47836666666666666,0.4786375,0.4292952380952381,0.15714285714285714,0.23404255319148937,,0.11538461538461539,0.28205128205128205,6.8950000000000005,24.55652173913043,0.27631578947368424,2026-05-20,1022600034,CON,1611661328,SEA,SEA,11.0,3.0,3.0,1.0,,1.0,,1.0,,,2.0,,1.0,,2.0,3.0,2.0,,0.07692307692307693,,0.1111111111111111,0.1111111111111111,1.0,0.14285714285714285,1.0,0.047619047619047616,,,,,1.0,,1.0,,,0.3333333333333333,0.25,0.030303030303030304,,,,,1.0,,,1.0,,1.0,,
40:00,75,74,20.0,7,149,7.0,12.0,,,12.0,22,1.0,5.0,7.0,7,14,,2.0,1.0,4.0,20,39,8,21,13,77,,1.0,,5.0,2.0,2.0,3.0,9.0,2.0,7.0,1.0,13.0,30,10,21.0,3.0,,14,7,3.0,15,7.0,22,6.0,2.0,12.0,1.0,51,1.0,7.0,10,19,3.0,32,8,40,7,3.0,4.0,9,3.0,7.0,6.0,2.0,15,3.0,8,18,1.0,18,2.0,17,3.0,10,,7.0,,,1.0,5.0,7.0,4.0,75,13.0,20.0,0.75,0.75,0.875,0.38095238095238093,,0.2857142857142857,0.38095238095238093,0.5128205128205128,,0.3333333333333333,0.5333333333333333,,0.375,0.5746268656716418,0.14285714285714285,0.38235294117647056,0.35,0.07692307692307693,0.09090909090909091,,0.6,1.0,0.7307692307692307,0.4117647058823529,0.7692307692307693,0.07692307692307693,0.7435897435897436,0.26666666666666666,0.4,0.5,,0.5,0.7142857142857143,0.875,0.6666666666666666,1.0,89.39999999999993,0.5714285714285714,16.230666666666693,15.982432432432432,15.548000000000027,15.306756756756757,0.2,0.5833333333333334,0.6363636363636364,0.2857142857142857,0.36666666666666664,0.5454545454545454,0.6,1.0,0.08333333333333333,0.2,0.2,1.0,0.11666666666666667,0.23333333333333334,0.5,0.5,0.8571428571428571,,,0.3333333333333333,,0.25,0.25,0.55,0.5,0.48401416666666663,0.55165,0.498234375,0.14925373134328357,0.21739130434782608,,0.025974025974025976,0.16883116883116883,6.766666666666666,24.276190476190475,0.26666666666666666,2026-05-22,1022600040,CON,1611661328,SEA,SEA,22.0,2.0,4.0,1.0,1.0,3.0,,1.0,,1.0,1.0,,,,,,,,0.08333333333333333,,0.14285714285714285,0.14285714285714285,1.0,0.25,0.5,0.1875,0.3333333333333333,,3.0,,1.0,,,,,0.4,0.16666666666666666,0.037037037037037035,,0.5,,,,,,,,1.0,,
40:00,79,79,40.0,9,158,5.0,12.0,,,4.0,10,4.0,9.0,4.0,12,24,1.0,2.0,6.0,10.0,13,31,13,28,32,97,1.0,4.0,1.0,3.0,5.0,10.0,5.0,14.0,7.0,11.0,17.0,48.0,18,8,33.0,6.0,,24,12,4.0,9,11.0,20,10.0,4.0,2.0,3.0,51,3.0,8.0,12,12,1.0,25,11,36,10,8.0,2.0,9,3.0,7.0,6.0,2.0,15,11.0,16,28,1.0,26,1.0,34,,9,2.0,3.0,,,1.0,2.0,3.0,1.0,87,48.0,40.0,0.6923076923076923,0.6923076923076923,0.8461538461538461,0.4642857142857143,0.3333333333333333,0.6363636363636364,0.4642857142857143,0.41935483870967744,0.25,0.35714285714285715,0.5508474576271186,0.35714285714285715,0.62,0.6466666666666666,0.5555555555555556,0.7058823529411765,0.4745762711864407,0.12903225806451613,0.2,,0.6,0.5,0.6666666666666666,0.4444444444444444,0.8,0.2,0.7272727272727273,0.3333333333333333,0.5,0.6,0.25,0.6,0.8,0.3333333333333333,0.8,,94.8,0.3333333333333333,15.60506329113924,14.774683544303798,15.029113924050632,14.205063291139242,0.2033898305084746,0.4166666666666667,0.5,0.8,0.1694915254237288,0.4,0.5,0.5,0.15254237288135594,0.4444444444444444,0.4444444444444444,0.75,0.06779661016949153,0.4067796610169492,0.5,0.5217391304347826,0.8333333333333334,,,0.2857142857142857,0.5,0.4,0.6,0.6779661016949152,0.5,0.4918406779661017,0.4745166666666667,0.499494,0.15714285714285714,0.225,0.06666666666666667,0.10309278350515463,0.4948453608247423,8.503225806451614,24.760714285714283,0.5063291139240507,2026-05-24,1022600046,WAS,1611661328,SEA,SEA,34.0,3.0,7.0,1.0,1.0,1.0,1.0,1.0,,,2.0,,2.0,,3.0,5.0,5.0,0.03571428571428571,0.16666666666666666,0.041666666666666664,0.25,0.25,1.0,0.28,0.42857142857142855,0.04,1.0,,1.0,,1.0,,6.0,,,0.2857142857142857,,0.03571428571428571,,0.14285714285714285,,,,,,1.0,,,,
40:00,71,72,22.0,11,143,3.0,5.0,1.0,3.0,14.0,28,,7.0,3.0,4,20,1.0,4.0,1.0,5.0,17,40,5,23,15,64,3.0,8.0,1.0,5.0,2.0,11.0,6.0,17.0,1.0,7.0,5.0,20.0,18,16,15.0,,2.0,20,4,2.0,9,5.0,14,4.0,2.0,7.0,,33,7.0,7.0,11,13,,24,14,38,7,5.0,2.0,4,,2.0,8.0,2.0,12,1.0,7,21,3.0,22,1.0,19,,5,,1.0,2.0,2.0,,1.0,3.0,2.0,53,20.0,22.0,0.5294117647058824,0.5625,1.0,0.21739130434782608,0.2,0.14285714285714285,0.21739130434782608,0.425,0.375,0.35294117647058826,0.3888888888888889,0.34615384615384615,0.3125,0.4375,0.39285714285714285,0.35714285714285715,0.36507936507936506,0.05,0.03571428571428571,,0.3333333333333333,,0.5416666666666666,0.30434782608695654,0.7857142857142857,0.3888888888888889,0.631578947368421,0.34146341463414637,0.14285714285714285,0.5714285714285714,0.375,0.5,0.6,,0.7272727272727273,1.0,85.8,0.6666666666666666,16.864788732394366,16.702777777777776,15.52112676056338,15.354166666666666,0.07936507936507936,0.6,0.75,0.6666666666666666,0.4444444444444444,0.5,0.5185185185185185,0.5,0.1111111111111111,,,,0.047619047619047616,0.31746031746031744,0.2,0.2,1.0,0.23076923076923078,0.3333333333333333,0.3076923076923077,0.25,0.20833333333333334,0.2,0.4444444444444444,0.2,0.44569047619047614,0.5062125,0.4376395833333333,0.07352941176470588,0.1111111111111111,,0.171875,0.3125,8.485,25.282608695652176,0.30985915492957744,2026-05-27,1022600053,WAS,1611661328,SEA,SEA,15.0,1.0,3.0,1.0,,2.0,,1.0,,3.0,,,1.0,1.0,3.0,4.0,4.0,,0.2,,0.3333333333333333,0.3333333333333333,1.0,0.125,0.3333333333333333,0.08333333333333333,,,1.0,,,1.0,2.0,,,0.5,0.5,,,0.07692307692307693,,,1.0,,,1.0,,,,
40:00,80,82,14.0,9,162,13.0,22.0,3.0,7.0,5.0,16,4.0,6.0,8.0,3,19,,1.0,,3.0,22,44,7,27,7,72,3.0,8.0,,1.0,2.0,8.0,4.0,6.0,,3.0,4.0,12.0,28,16,21.0,,4.0,19,3,1.0,14,7.0,21,3.0,7.0,4.0,3.0,49,5.0,5.0,15,10,1.0,26,10,36,7,7.0,,12,3.0,6.0,6.0,6.0,18,4.0,17,19,1.0,13,1.0,8,3.0,4,,3.0,1.0,1.0,2.0,1.0,4.0,1.0,64,12.0,14.0,0.6363636363636364,0.7,1.0,0.25925925925925924,,,0.25925925925925924,0.5,0.375,0.6666666666666666,0.45774647887323944,0.3333333333333333,0.4444444444444444,0.4863013698630137,0.4,0.6,0.38028169014084506,0.022727272727272728,,,0.6666666666666666,1.0,0.7142857142857143,0.22727272727272727,0.8333333333333334,0.2631578947368421,0.78125,0.24390243902439024,0.36363636363636365,,0.2,0.6666666666666666,,1.0,0.7692307692307693,1.0,97.2,0.25,16.317500000000003,13.348780487804877,15.767500000000002,13.063414634146339,0.30985915492957744,0.5909090909090909,0.6190476190476191,0.5384615384615384,0.22535211267605634,0.3125,0.3125,0.8,0.08450704225352113,0.6666666666666666,0.6666666666666666,0.75,0.11267605633802817,0.2676056338028169,0.15789473684210525,0.15789473684210525,1.0,0.7777777777777778,0.42857142857142855,0.1111111111111111,,0.3333333333333333,,0.6901408450704225,0.15789473684210525,0.5182112676056337,0.6049,0.5023111111111112,0.05555555555555555,0.08888888888888889,,0.1111111111111111,0.16666666666666666,6.056818181818182,24.674074074074074,0.175,2026-05-30,1022600060,TOR,1611661328,SEA,SEA,19.0,2.0,3.0,4.0,,,,4.0,,1.0,,,,,,1.0,1.0,,0.045454545454545456,,0.5,0.5,1.0,0.3333333333333333,0.6666666666666666,,,,,,2.0,,,,,0.1111111111111111,0.5,0.05,,,,,1.0,,,,,,,
40:00,79,79,17.0,7,158,10.0,16.0,3.0,4.0,3.0,18,3.0,8.0,4.0,2,15,,,1.0,5.0,16,42,4,19,12,56,3.0,5.0,,,,6.0,2.0,7.0,2.0,6.0,2.0,12.0,16,16,9.0,3.0,4.0,15,2,1.0,8,3.0,11,1.0,6.0,1.0,1.0,25,1.0,6.0,13,16,5.0,34,7,41,6,5.0,1.0,7,3.0,5.0,10.0,2.0,17,5.0,12,22,3.0,15,1.0,17,,7,1.0,7.0,,,1.0,5.0,7.0,2.0,50,12.0,17.0,0.5,0.5714285714285714,0.75,0.21052631578947367,,0.3333333333333333,0.21052631578947367,0.38095238095238093,0.6,0.2857142857142857,0.36065573770491804,0.6,0.38461538461538464,0.4057971014492754,0.6,0.42857142857142855,0.3114754098360656,0.023809523809523808,0.05555555555555555,,0.4117647058823529,0.7142857142857143,0.5161290322580645,0.24,0.6842105263157895,0.07142857142857142,0.58,0.1794871794871795,0.21428571428571427,0.2,,0.5,0.38095238095238093,1.0,0.8,0.25,94.8,0.2857142857142857,14.721518987341772,15.658227848101266,14.327848101265824,14.19240506329114,0.26229508196721313,0.625,0.625,0.6,0.29508196721311475,0.16666666666666666,0.17647058823529413,0.3333333333333333,0.13114754098360656,0.375,0.375,0.3333333333333333,0.06557377049180328,0.2459016393442623,0.13333333333333333,0.13333333333333333,0.5,0.8,0.75,,,0.38461538461538464,0.2,0.5737704918032787,0.13333333333333333,0.484205737704918,0.5851,0.4125423076923077,0.11594202898550725,0.14285714285714285,0.05,0.10714285714285714,0.21428571428571427,7.89047619047619,25.310526315789474,0.21518987341772153,2026-06-01,1022600064,DAL,1611661328,SEA,SEA,15.0,1.0,1.0,2.0,1.0,1.0,,2.0,,1.0,2.0,1.0,2.0,,,,,,,,0.5,0.5,1.0,0.07692307692307693,1.0,0.07692307692307693,1.0,,,,1.0,,2.0,,,0.3333333333333333,0.5,0.02631578947368421,0.3333333333333333,,,,,,,,,1.0,1.0,
40:00,79,80,14.0,9,159,10.0,17.0,1.0,2.0,4.0,14,5.0,9.0,6.0,8,27,2.0,5.0,2.0,6.0,19,40,9,33,3,68,2.0,4.0,2.0,5.0,,10.0,4.0,8.0,3.0,7.0,,17.0,22,16,18.0,9.0,,27,8,6.0,11,6.0,17,6.0,8.0,,3.0,40,6.0,4.0,15,14,3.0,32,10,42,10,8.0,2.0,11,,4.0,3.0,7.0,14,2.0,11,18,,15,2.0,5,1.0,3,,5.0,,,1.0,4.0,5.0,4.0,58,17.0,14.0,0.5789473684210527,0.5789473684210527,0.6666666666666666,0.2727272727272727,0.4,0.42857142857142855,0.2727272727272727,0.475,0.5,0.5,0.4452054794520548,0.5555555555555556,0.5666666666666667,0.4533333333333333,0.5555555555555556,0.5666666666666667,0.4520547945205479,0.15,0.21428571428571427,,0.7857142857142857,0.75,0.6666666666666666,0.2,0.7894736842105263,0.2608695652173913,0.725,0.23255813953488372,0.1,0.3333333333333333,0.2222222222222222,0.2,0.8,0.8333333333333334,0.7857142857142857,0.8,95.4,0.8,16.246835443037973,13.95625,15.362025316455695,13.315000000000001,0.2328767123287671,0.5882352941176471,0.7142857142857143,0.8,0.1917808219178082,0.2857142857142857,0.36363636363636365,,0.1232876712328767,0.5555555555555556,0.5555555555555556,0.6,0.0821917808219178,0.3698630136986301,0.2962962962962963,0.2962962962962963,0.75,0.2222222222222222,0.5,0.5555555555555556,0.4,0.4,0.3333333333333333,0.684931506849315,0.2962962962962963,0.49118698630136987,0.5387428571428571,0.4582333333333333,0.04,0.07142857142857142,,0.14705882352941177,0.25,8.584999999999999,25.15757575757576,0.17721518987341772,2026-06-03,1022600071,PHX,1611661328,SEA,SEA,22.0,1.0,4.0,1.0,1.0,1.0,,,,2.0,,,1.0,,2.0,,,,0.17647058823529413,,0.16666666666666666,0.16666666666666666,,0.26666666666666666,0.25,0.06666666666666667,1.0,,,,,1.0,3.0,,,0.2857142857142857,0.4,,1.0,,,,,,,1.0,,,,
40:00,79,80,10.0,9,159,10.0,18.0,2.0,2.0,,5,1.0,4.0,8.0,9,28,1.0,4.0,,4.0,11,27,11,36,13,68,2.0,2.0,2.0,6.0,3.0,13.0,2.0,3.0,,5.0,5.0,9.0,12,10,30.0,3.0,,28,9,4.0,6,10.0,16,8.0,6.0,,,42,8.0,4.0,10,14,1.0,25,12,37,7,6.0,1.0,13,3.0,10.0,10.0,3.0,23,1.0,4,11,1.0,16,3.0,16,1.0,5,1.0,1.0,,,,1.0,1.0,1.0,55,9.0,10.0,0.5454545454545454,0.5454545454545454,0.9090909090909091,0.3055555555555556,0.3333333333333333,,0.3055555555555556,0.4074074074074074,1.0,0.6666666666666666,0.4365079365079365,0.625,0.25,0.4857142857142857,0.65,0.4090909090909091,0.5714285714285714,0.14814814814814814,,,0.5652173913043478,1.0,0.6666666666666666,0.26666666666666666,0.5882352941176471,0.3333333333333333,0.631578947368421,0.3076923076923077,0.6,,0.3888888888888889,0.5555555555555556,0.6666666666666666,0.8333333333333334,0.6153846153846154,0.5,95.4,1.0,15.484810126582278,14.70875,14.763291139240506,13.846250000000001,0.2857142857142857,0.5555555555555556,0.7142857142857143,0.6,0.07936507936507936,,,,0.06349206349206349,0.25,0.25,,0.12698412698412698,0.4444444444444444,0.32142857142857145,0.32142857142857145,0.8888888888888888,0.25,1.0,0.5,0.25,0.5,,0.8571428571428571,0.32142857142857145,0.531536507936508,0.5513625,0.4962,0.08823529411764706,0.16129032258064516,0.02702702702702703,0.19117647058823528,0.1323529411764706,6.262962962962963,23.775,0.12658227848101267,2026-06-06,1022600077,MIN,1611661328,SEA,SEA,9.0,2.0,2.0,2.0,,1.0,,2.0,,2.0,2.0,,2.0,,,2.0,2.0,,0.2222222222222222,,0.25,0.25,1.0,0.25,1.0,0.125,,1.0,2.0,,1.0,1.0,,,,0.125,0.16666666666666666,0.02857142857142857,0.5,0.25,0.5,1.0,,,,1.0,,,,
40:00,81,80,14.0,8,161,2.0,5.0,,1.0,17.0,35,2.0,7.0,4.0,10,23,,1.0,2.0,6.0,21,47,12,27,13,91,3.0,7.0,,1.0,2.0,8.0,3.0,6.0,3.0,7.0,1.0,16.0,24,18,30.0,6.0,4.0,23,10,4.0,12,10.0,22,8.0,1.0,9.0,2.0,54,1.0,8.0,11,11,1.0,23,9,32,10,7.0,3.0,4,2.0,2.0,5.0,2.0,9,,10,23,3.0,13,,15,1.0,8,,1.0,,,,1.0,1.0,,83,16.0,14.0,0.5714285714285714,0.631578947368421,0.8333333333333334,0.4444444444444444,,0.42857142857142855,0.4444444444444444,0.44680851063829785,0.42857142857142855,0.5,0.527027027027027,0.375,0.5769230769230769,0.5617283950617284,0.4444444444444444,0.5714285714285714,0.36486486486486486,0.0851063829787234,0.08571428571428572,,0.4444444444444444,1.0,0.6470588235294118,0.3076923076923077,0.6470588235294118,0.07142857142857142,0.6470588235294118,0.225,0.2222222222222222,0.4,0.08333333333333333,,0.5833333333333334,0.8,0.5833333333333334,0.8,96.6,,14.816049382716049,14.998750000000001,14.532098765432098,14.445000000000002,0.06756756756756757,0.4,0.5,0.5,0.47297297297297297,0.4857142857142857,0.53125,0.5294117647058824,0.0945945945945946,0.2857142857142857,0.2857142857142857,1.0,0.05405405405405406,0.3108108108108108,0.43478260869565216,0.43478260869565216,0.8,0.125,,0.125,,0.46153846153846156,0.3333333333333333,0.43243243243243246,0.43478260869565216,0.44068851351351357,0.42764375,0.3946038461538462,0.09876543209876543,0.14814814814814814,,0.08791208791208792,0.17582417582417584,7.8255319148936175,25.97407407407407,0.1728395061728395,2026-06-08,1022600085,LVA,1611661328,SEA,SEA,34.0,,,2.0,1.0,1.0,1.0,2.0,,,,,,,,,,0.037037037037037035,0.2,,0.5,0.6666666666666666,1.0,,,0.07692307692307693,1.0,,,,1.0,,3.0,0.25,,0.6666666666666666,,0.02857142857142857,,,,,,1.0,,,,,,
40:00,80,80,23.0,6,160,12.0,15.0,1.0,2.0,6.0,14,3.0,6.0,5.0,8,24,,,1.0,4.0,21,35,9,29,14,83,2.0,4.0,,,2.0,6.0,8.0,12.0,1.0,4.0,8.0,27.0,36,6,24.0,3.0,2.0,24,8,2.0,18,8.0,26,7.0,10.0,5.0,3.0,60,4.0,3.0,20,11,2.0,33,7,40,5,3.0,2.0,10,2.0,8.0,5.0,2.0,15,3.0,10,20,2.0,17,,16,2.0,6,,4.0,,,1.0,3.0,4.0,2.0,77,27.0,23.0,0.8571428571428571,0.9,0.8888888888888888,0.3103448275862069,,0.25,0.3103448275862069,0.6,0.5,0.6666666666666666,0.5390625,0.5,0.59375,0.5845070422535211,0.6,0.675,0.453125,0.05714285714285714,0.14285714285714285,,0.6666666666666666,1.0,0.55,0.21428571428571427,0.7692307692307693,0.2,0.6739130434782609,0.20588235294117646,0.25,0.3333333333333333,0.0625,0.5,0.5454545454545454,1.0,0.7391304347826086,1.0,96.0,0.5,14.36,15.64,13.87,14.727500000000001,0.234375,0.8,0.8,0.8333333333333334,0.21875,0.42857142857142855,0.5,0.8333333333333334,0.09375,0.5,0.5,1.0,0.078125,0.375,0.3333333333333333,0.34782608695652173,0.875,0.5,0.5,,,0.25,0.25,0.6875,0.3333333333333333,0.47792734375,0.43335,0.439303125,0.08823529411764706,0.15384615384615385,,0.07228915662650602,0.3253012048192771,7.574285714285715,24.479310344827585,0.2875,2026-06-10,1022600090,LAS,1611661328,SEA,SEA,15.0,3.0,5.0,1.0,,,2.0,1.0,,1.0,1.0,,2.0,1.0,3.0,3.0,3.0,0.06896551724137931,,0.041666666666666664,0.2,0.25,1.0,0.3125,0.6,,,,,,1.0,,2.0,0.2,,,0.75,0.03333333333333333,,,,,,,,,,,,
40:00,74,75,16.0,10,149,10.0,21.0,1.0,2.0,4.0,18,1.0,4.0,1.0,10,22,1.0,1.0,2.0,8.0,15,43,10,23,12,72,2.0,6.0,1.0,2.0,3.0,10.0,4.0,8.0,2.0,8.0,4.0,18.0,16,14,27.0,3.0,4.0,22,10,4.0,8,9.0,17,9.0,7.0,,1.0,43,3.0,7.0,17,9,3.0,29,10,39,6,4.0,2.0,6,2.0,1.0,6.0,5.0,12,,8,23,1.0,18,2.0,18,1.0,8,,4.0,1.0,1.0,3.0,1.0,5.0,3.0,62,18.0,16.0,0.5333333333333333,0.6153846153846154,0.9,0.43478260869565216,0.5,0.25,0.43478260869565216,0.3488372093023256,0.3333333333333333,0.5,0.45454545454545453,0.4375,0.4375,0.4797297297297297,0.5555555555555556,0.47368421052631576,0.3484848484848485,0.09302325581395349,0.05555555555555555,,0.5,1.0,0.75,0.25,0.6071428571428571,0.3,0.65,0.2631578947368421,0.42857142857142855,,0.3,0.625,1.0,1.0,0.5833333333333334,0.75,89.4,0.6,14.931081081081082,17.267999999999997,14.386486486486488,16.017333333333333,0.3181818181818182,0.47619047619047616,0.5555555555555556,0.7,0.2727272727272727,0.2222222222222222,0.23529411764705882,,0.06060606060606061,0.25,0.25,1.0,0.015151515151515152,0.3333333333333333,0.45454545454545453,0.5,0.9,0.25,0.5,0.125,1.0,0.5,0.25,0.6666666666666666,0.45454545454545453,0.494209375,0.46501666666666663,0.5014285714285714,0.1095890410958904,0.16,,0.1388888888888889,0.25,5.72093023255814,27.97391304347826,0.21621621621621623,2026-06-12,1022600096,GSV,1611661328,SEA,SEA,28.0,3.0,5.0,,,,2.0,,,2.0,2.0,,2.0,,3.0,1.0,1.0,0.08695652173913043,0.14285714285714285,0.09090909090909091,,,,0.3125,0.6,,,,1.0,,1.0,,4.0,,,0.09090909090909091,,0.03125,,0.125,,,1.0,,,1.0,,,,
40:00,74,74,13.0,13,148,11.0,13.0,3.0,3.0,10.0,25,2.0,5.0,5.0,8,19,,1.0,,5.0,23,43,9,24,16,89,6.0,9.0,1.0,2.0,3.0,18.0,5.0,7.0,,7.0,3.0,13.0,28,18,24.0,3.0,6.0,19,8,6.0,14,8.0,22,7.0,6.0,6.0,2.0,52,5.0,10.0,11,10,2.0,23,15,38,5,4.0,1.0,7,1.0,6.0,7.0,1.0,14,2.0,13,18,1.0,18,2.0,19,,8,,3.0,,,2.0,1.0,3.0,1.0,71,13.0,13.0,0.6086956521739131,0.7,0.8888888888888888,0.375,0.5,,0.375,0.5348837209302325,0.6666666666666666,0.7142857142857143,0.5447761194029851,0.6818181818181818,0.35714285714285715,0.5855263157894737,0.75,0.43333333333333335,0.3582089552238806,0.13953488372093023,0.2,,0.5,0.6666666666666666,0.5882352941176471,0.5263157894736842,0.44,0.35714285714285715,0.5,0.45454545454545453,0.5714285714285714,0.3333333333333333,0.36363636363636365,0.4,0.7272727272727273,,0.45,0.4,88.8,0.3333333333333333,16.08783783783784,16.344594594594593,15.005405405405407,14.832432432432432,0.19402985074626866,0.8461538461538461,0.9166666666666666,0.5454545454545454,0.373134328358209,0.4,0.5,0.6,0.07462686567164178,0.4,0.4,1.0,0.07462686567164178,0.2835820895522388,0.42105263157894735,0.42105263157894735,0.875,0.2727272727272727,1.0,0.09090909090909091,,0.35714285714285715,,0.5522388059701493,0.42105263157894735,0.44736818181818183,0.4637,0.4292346153846154,0.10666666666666667,0.1568627450980392,,0.20224719101123595,0.14606741573033707,7.46046511627907,26.2,0.17567567567567569,2026-06-17,1022600112,PDX,1611661328,SEA,SEA,14.0,1.0,2.0,1.0,,2.0,1.0,1.0,,,2.0,,1.0,,3.0,1.0,2.0,0.041666666666666664,0.07692307692307693,,0.2,0.25,1.0,0.14285714285714285,0.5,0.14285714285714285,,1.0,1.0,,1.0,1.0,1.0,0.2,,0.5,0.3333333333333333,0.037037037037037035,0.3333333333333333,0.09090909090909091,1.0,1.0,,,,,,,,
40:00,78,79,16.0,11,157,4.0,8.0,2.0,2.0,11.0,28,2.0,6.0,4.0,7,24,,1.0,3.0,5.0,17,42,8,28,15,73,5.0,7.0,,1.0,2.0,12.0,5.0,10.0,3.0,6.0,4.0,23.0,20,14,21.0,3.0,4.0,24,7,8.0,10,7.0,17,6.0,2.0,7.0,1.0,41,3.0,8.0,11,9,1.0,21,11,32,7,5.0,2.0,4,3.0,3.0,7.0,1.0,11,,10,23,,13,1.0,17,,7,,,2.0,1.0,,,2.0,2.0,61,23.0,16.0,0.5882352941176471,0.6666666666666666,0.875,0.2857142857142857,,0.5,0.2857142857142857,0.40476190476190477,0.7142857142857143,0.5,0.4142857142857143,0.625,0.59375,0.46153846153846156,0.6111111111111112,0.6111111111111112,0.4,0.19047619047619047,0.21428571428571427,,0.36363636363636365,0.3333333333333333,0.75,0.32,0.6470588235294118,0.15789473684210525,0.6896551724137931,0.25,0.47058823529411764,,0.125,,0.7142857142857143,0.8,0.5555555555555556,0.75,94.2,1.0,14.301282051282051,16.259493670886076,13.884615384615385,15.840506329113925,0.11428571428571428,0.5,0.6666666666666666,0.5,0.4,0.39285714285714285,0.5,0.6363636363636364,0.08571428571428572,0.3333333333333333,0.3333333333333333,0.5,0.05714285714285714,0.34285714285714286,0.2916666666666667,0.2916666666666667,0.8571428571428571,0.25,1.0,0.125,,0.3125,0.6,0.5142857142857142,0.2916666666666667,0.477395,0.41868333333333335,0.451778125,0.09090909090909091,0.14285714285714285,,0.1643835616438356,0.3150684931506849,7.509523809523809,24.650000000000002,0.20512820512820512,2026-06-20,1022600118,PHX,1611661328,SEA,SEA,27.0,1.0,1.0,1.0,,1.0,,1.0,,1.0,2.0,,3.0,,,1.0,1.0,,0.25,,0.25,0.25,1.0,0.0625,1.0,0.0625,,,,,1.0,1.0,3.0,,,,0.3333333333333333,0.027777777777777776,,,,,1.0,,1.0,,,,,
45:00,91,91,14.0,6,182,10.0,19.0,1.0,3.0,12.0,21,4.0,8.0,6.0,9,23,,,2.0,6.0,26,48,13,29,19,110,4.0,6.0,,,2.0,10.0,6.0,7.0,2.0,6.0,2.0,20.0,34,18,36.0,3.0,,23,9,2.0,17,12.0,29,8.0,8.0,7.0,2.0,70,2.0,6.0,10,19,1.0,30,8,38,5,4.0,1.0,9,1.0,5.0,4.0,4.0,13,2.0,4,12,,14,,21,3.0,11,,6.0,,,3.0,3.0,6.0,3.0,100,20.0,14.0,0.6538461538461539,0.6538461538461539,0.9230769230769231,0.4482758620689655,,0.3333333333333333,0.4482758620689655,0.5416666666666666,0.6666666666666666,0.8571428571428571,0.5909090909090909,0.6666666666666666,0.6923076923076923,0.6395348837209303,0.7142857142857143,0.7142857142857143,0.37662337662337664,0.041666666666666664,0.047619047619047616,,0.6923076923076923,1.0,0.7307692307692307,0.2857142857142857,0.6666666666666666,0.13333333333333333,0.7073170731707317,0.2222222222222222,0.125,0.25,0.15384615384615385,0.7142857142857143,0.6,0.8888888888888888,0.6923076923076923,0.5,97.06666666666666,0.5,14.596703296703296,15.073626373626373,14.245054945054944,14.068131868131868,0.24675324675324675,0.5263157894736842,0.5555555555555556,0.8,0.2727272727272727,0.5714285714285714,0.6,0.5833333333333334,0.1038961038961039,0.5,0.5,0.5,0.07792207792207792,0.2987012987012987,0.391304347826087,0.391304347826087,0.8888888888888888,0.5,0.3333333333333333,,,0.46153846153846156,0.3333333333333333,0.6233766233766234,0.391304347826087,0.48605454545454546,0.51008,0.4123346153846154,0.12941176470588237,0.19642857142857142,,0.09090909090909091,0.18181818181818182,7.391666666666667,24.948275862068964,0.15384615384615385,2026-06-22,1022600126,DAL,1611661328,SEA,SEA,8.0,2.0,2.0,4.0,,,,4.0,1.0,,,1.0,,,,1.0,1.0,,0.05263157894736842,,0.6666666666666666,0.6666666666666666,1.0,0.15384615384615385,1.0,,,,,,1.0,,,,,0.4444444444444444,,0.029411764705882353,1.0,,,,,,,,,,,
40:00,83,83,20.0,12,166,25.0,33.0,7.0,8.0,2.0,9,3.0,5.0,3.0,7,25,,1.0,1.0,4.0,30,47,9,28,12,99,8.0,10.0,,1.0,4.0,20.0,9.0,11.0,2.0,5.0,5.0,29.0,22,38,21.0,6.0,8.0,25,7,2.0,11,7.0,18,5.0,10.0,,1.0,43,8.0,5.0,18,9,2.0,29,13,42,8,8.0,,9,3.0,7.0,7.0,2.0,16,2.0,6,21,2.0,14,,15,4.0,6,,2.0,1.0,,,2.0,3.0,2.0,79,29.0,20.0,0.36666666666666664,0.4230769230769231,0.7777777777777778,0.32142857142857145,,0.4,0.32142857142857145,0.6382978723404256,0.8,0.8181818181818182,0.58,0.7272727272727273,0.75,0.61875,0.8333333333333334,0.7631578947368421,0.37333333333333335,0.0425531914893617,0.1111111111111111,,0.5625,0.6666666666666666,0.6923076923076923,0.29411764705882354,0.72,0.47058823529411764,0.7105263157894737,0.38235294117647056,0.2857142857142857,,0.4375,0.3333333333333333,0.7777777777777778,1.0,0.7647058823529411,0.625,99.6,0.6666666666666666,13.755421686746988,15.16024096385542,13.418072289156626,14.810843373493976,0.44,0.7575757575757576,0.78125,0.4,0.12,0.2222222222222222,0.25,,0.06666666666666667,0.6,0.6,0.3333333333333333,0.04,0.3333333333333333,0.28,0.2916666666666667,0.7142857142857143,0.7272727272727273,0.875,0.09090909090909091,,0.25,0.25,0.8133333333333334,0.28,0.5470939189189189,0.6366333333333333,0.5443366666666667,0.07792207792207792,0.12244897959183673,,0.20202020202020202,0.29292929292929293,5.025531914893617,25.539285714285715,0.24096385542168675,2026-06-25,1022600134,NYL,1611661328,SEA,SEA,20.0,7.0,8.0,2.0,1.0,1.0,1.0,2.0,,1.0,1.0,,2.0,,,3.0,3.0,0.03571428571428571,0.030303030303030304,0.04,0.6666666666666666,0.6666666666666666,1.0,0.5,0.875,0.0625,1.0,,,,2.0,,6.0,,,0.375,1.0,0.06451612903225806,0.2857142857142857,,,,,,1.0,,,,,
40:00,81,84,16.0,8,165,18.0,25.0,3.0,4.0,4.0,12,2.0,3.0,5.0,10,18,,,1.0,3.0,24,40,14,23,15,105,3.0,5.0,2.0,2.0,2.0,14.0,6.0,7.0,2.0,4.0,4.0,22.0,30,18,36.0,6.0,2.0,18,10,,15,12.0,27,8.0,13.0,,2.0,66,4.0,4.0,16,10,1.0,27,8,35,5,2.0,3.0,7,1.0,5.0,11.0,2.0,18,3.0,10,21,3.0,18,1.0,20,2.0,9,1.0,4.0,,,2.0,2.0,4.0,3.0,91,22.0,16.0,0.625,0.6521739130434783,0.8571428571428571,0.6086956521739131,1.0,0.5,0.6086956521739131,0.6,0.6,0.8571428571428571,0.7142857142857143,0.8571428571428571,0.8181818181818182,0.7394366197183099,0.875,0.7857142857142857,0.36507936507936506,,,,0.3888888888888889,1.0,0.5555555555555556,0.25,0.7272727272727273,0.4444444444444444,0.65,0.32,0.5,,0.375,0.5714285714285714,0.4444444444444444,1.0,0.8333333333333334,0.25,99.0,0.75,15.588888888888889,13.539285714285715,15.125925925925927,12.933333333333332,0.3968253968253968,0.72,0.72,0.7222222222222222,0.19047619047619047,0.3333333333333333,0.3333333333333333,,0.047619047619047616,0.6666666666666666,0.6666666666666666,1.0,0.07936507936507936,0.2857142857142857,0.5555555555555556,0.5555555555555556,0.8,0.5714285714285714,0.75,,,0.2727272727272727,0.3333333333333333,0.7619047619047619,0.5555555555555556,0.5126968253968254,0.5215375,0.5212727272727272,0.14285714285714285,0.19148936170212766,0.043478260869565216,0.13333333333333333,0.20952380952380953,5.205,24.64782608695652,0.19753086419753085,2026-06-27,1022600140,ATL,1611661328,SEA,SEA,17.0,4.0,5.0,4.0,1.0,1.0,,4.0,,2.0,,,3.0,1.0,,1.0,1.0,,,,0.8,0.8,1.0,0.45454545454545453,0.8,0.09090909090909091,1.0,2.0,2.0,,,2.0,3.0,,,,1.0,,0.6666666666666666,0.2857142857142857,1.0,1.0,,1.0,,,1.0,,,
39:59,75,76,2.0,7,151,7.0,9.0,1.0,2.0,7.0,20,4.0,8.0,3.0,7,22,,1.0,,1.0,18,37,8,25,7,67,3.0,5.0,,1.0,,6.0,,,,1.0,,,26,10,18.0,6.0,4.0,22,7,4.0,13,6.0,19,5.0,5.0,5.0,3.0,44,2.0,4.0,13,11,2.0,26,7,33,5,1.0,4.0,9,2.0,4.0,4.0,5.0,13,1.0,7,17,1.0,13,3.0,12,,6,,6.0,,,1.0,5.0,6.0,2.0,61,,2.0,0.7222222222222222,0.8125,0.75,0.32,,,0.32,0.4864864864864865,0.6,,0.4838709677419355,0.5,,0.49264705882352944,0.5,,0.4032258064516129,0.10810810810810811,0.2,,0.6923076923076923,0.6666666666666666,0.4583333333333333,0.21052631578947367,0.8666666666666667,0.11764705882352941,0.6153846153846154,0.16666666666666666,0.23076923076923078,0.25,0.06666666666666667,0.4,0.4375,0.6666666666666666,0.8888888888888888,0.8333333333333334,90.60000000000007,0.3333333333333333,15.9,15.888157894736816,15.552000000000001,14.79605263157892,0.14516129032258066,0.7777777777777778,0.7777777777777778,0.7142857142857143,0.3225806451612903,0.35,0.4375,0.7142857142857143,0.12903225806451613,0.5,0.5,0.75,0.04838709677419355,0.3548387096774194,0.3181818181818182,0.3181818181818182,0.7142857142857143,0.3333333333333333,0.5,0.16666666666666666,,1.0,,0.5483870967741935,0.3181818181818182,0.4657483870967742,0.47431999999999996,0.2142,0.08823529411764706,0.13953488372093023,,0.08955223880597014,,9.227027027027026,24.704,0.02666666666666667,2026-07-02,1022600147,PHX,1611661328,SEA,SEA,14.0,,,1.0,,,,1.0,1.0,,,,,,,,,,,,0.3333333333333333,0.3333333333333333,1.0,,,,,,,1.0,1.0,,3.0,,0.3333333333333333,,0.5,0.03125,,,,,,,,,,,,
39:59,83,84,28.0,10,167,11.0,19.0,2.0,5.0,5.0,18,,5.0,3.0,7,26,1.0,1.0,4.0,13.0,16,42,8,29,16,72,2.0,6.0,1.0,1.0,4.0,11.0,3.0,9.0,4.0,14.0,7.0,25.0,18,14,21.0,3.0,4.0,26,7,3.0,9,7.0,16,6.0,8.0,1.0,,39,5.0,5.0,12,15,1.0,28,10,38,14,10.0,4.0,9,3.0,6.0,5.0,3.0,14,4.0,11,22,,19,1.0,18,2.0,8,,3.0,,,2.0,1.0,3.0,3.0,61,25.0,28.0,0.5625,0.6428571428571429,0.875,0.27586206896551724,1.0,0.2857142857142857,0.27586206896551724,0.38095238095238093,0.3333333333333333,0.3333333333333333,0.39436619718309857,0.5,0.391304347826087,0.45569620253164556,0.6111111111111112,0.46296296296296297,0.4084507042253521,0.07142857142857142,0.1111111111111111,,0.6428571428571429,1.0,0.7142857142857143,0.19230769230769232,0.5714285714285714,0.23809523809523808,0.6428571428571429,0.2127659574468085,0.15384615384615385,0.2,0.21052631578947367,0.6666666666666666,0.75,,0.5,0.8,100.20000000000007,1.0,14.257831325301206,14.483333333333311,14.021686746987953,12.94642857142855,0.2676056338028169,0.5789473684210527,0.6111111111111112,0.7272727272727273,0.2535211267605634,0.2777777777777778,0.3125,0.2,0.07042253521126761,,,,0.04225352112676056,0.36619718309859156,0.2692307692307692,0.2692307692307692,0.8571428571428571,0.7142857142857143,0.4,0.14285714285714285,1.0,0.5652173913043478,0.3076923076923077,0.676056338028169,0.2692307692307692,0.4956169014084507,0.50685,0.4861804347826087,0.1038961038961039,0.16666666666666666,,0.1527777777777778,0.3472222222222222,6.54047619047619,24.70689655172414,0.3373493975903614,2026-07-04,1022600151,PDX,1611661328,SEA,SEA,31.0,3.0,3.0,1.0,,1.0,,1.0,,1.0,1.0,,2.0,,6.0,2.0,2.0,,0.05263157894736842,,0.3333333333333333,0.3333333333333333,1.0,0.13043478260869565,1.0,0.043478260869565216,,,,,3.0,,5.0,,,0.25,0.5,0.06818181818181818,,,,,,,,1.0,,,,
39:59,84,85,17.0,9,169,11.0,14.0,2.0,2.0,9.0,22,2.0,6.0,6.0,6,27,2.0,4.0,1.0,5.0,22,42,10,33,8,82,2.0,4.0,3.0,5.0,,13.0,6.0,10.0,2.0,6.0,,18.0,18,26,27.0,3.0,4.0,27,6,1.0,9,9.0,18,5.0,4.0,3.0,2.0,45,5.0,4.0,19,15,5.0,39,9,48,14,9.0,5.0,7,3.0,4.0,6.0,3.0,13,2.0,8,20,2.0,13,1.0,9,1.0,5,,3.0,,,,3.0,3.0,2.0,69,18.0,17.0,0.4090909090909091,0.45,0.9,0.30303030303030304,0.6,0.3333333333333333,0.30303030303030304,0.5238095238095238,0.5,0.6,0.49333333333333335,0.7222222222222222,0.5625,0.5189873417721519,0.7222222222222222,0.5625,0.44,0.023809523809523808,0.045454545454545456,,0.5384615384615384,1.0,0.8333333333333334,0.2,0.7916666666666666,0.21739130434782608,0.8095238095238095,0.20930232558139536,0.3076923076923077,,0.23809523809523808,0.6666666666666666,0.8666666666666667,,0.8181818181818182,0.5,101.40000000000008,0.6666666666666666,13.921428571428573,14.477647058823507,13.525000000000002,14.159999999999977,0.18666666666666668,0.7857142857142857,0.7857142857142857,0.36363636363636365,0.29333333333333333,0.4090909090909091,0.42857142857142855,0.3333333333333333,0.08,0.3333333333333333,0.3333333333333333,1.0,0.08,0.36,0.2222222222222222,0.2222222222222222,0.8333333333333334,0.2222222222222222,1.0,0.4444444444444444,0.5,0.3125,0.2,0.6266666666666667,0.2222222222222222,0.5021446666666667,0.48409,0.531628125,0.06329113924050633,0.10869565217391304,,0.15853658536585366,0.21951219512195122,7.338095238095238,25.172727272727276,0.20238095238095238,2026-07-06,1022600156,LAS,1611661328,SEA,SEA,23.0,5.0,5.0,4.0,1.0,1.0,,4.0,,1.0,,,3.0,,2.0,,,,,,0.6666666666666666,0.6666666666666666,1.0,0.3125,1.0,0.0625,1.0,1.0,1.0,,3.0,,2.0,,,,,0.07142857142857142,,0.1111111111111111,1.0,1.0,,,,1.0,,,,
40:00,89,89,10.0,7,178,20.0,28.0,3.0,4.0,6.0,14,1.0,4.0,1.0,3,19,,1.0,,4.0,27,46,3,20,15,78,3.0,5.0,,1.0,2.0,8.0,2.0,3.0,,4.0,3.0,7.0,38,16,6.0,3.0,6.0,19,3,4.0,19,2.0,21,2.0,13.0,5.0,1.0,44,2.0,6.0,15,15,,30,8,38,6,5.0,1.0,14,3.0,11.0,9.0,3.0,23,1.0,10,20,3.0,18,3.0,19,2.0,10,,3.0,,,3.0,,3.0,2.0,70,7.0,10.0,0.7037037037037037,0.7916666666666666,0.6666666666666666,0.15,,,0.15,0.5869565217391305,0.6,0.6666666666666666,0.4772727272727273,0.5,0.2857142857142857,0.5202702702702703,0.5714285714285714,0.3888888888888889,0.30303030303030304,0.08695652173913043,0.07142857142857142,,0.6086956521739131,,0.6818181818181818,0.3157894736842105,0.75,0.125,0.7142857142857143,0.22857142857142856,0.25,,0.13333333333333333,0.6666666666666666,0.7,,0.7647058823529411,0.6666666666666666,106.8,0.6666666666666666,13.351685393258427,13.614606741573034,13.013483146067417,12.68988764044944,0.42424242424242425,0.7142857142857143,0.8,0.65,0.21212121212121213,0.42857142857142855,0.46153846153846156,0.8333333333333334,0.06060606060606061,0.25,0.25,1.0,0.015151515151515152,0.2878787878787879,0.15789473684210525,0.15789473684210525,0.6666666666666666,0.6666666666666666,0.75,0.16666666666666666,,0.5714285714285714,,0.7272727272727273,0.15789473684210525,0.5094818181818181,0.59222,0.4763928571428572,0.13513513513513514,0.18518518518518517,,0.10256410256410256,0.08974358974358974,5.465217391304348,25.330000000000002,0.11235955056179775,2026-07-09,1022600162,ATL,1611661328,SEA,SEA,26.0,2.0,3.0,,,,,,,1.0,1.0,,2.0,,,,,,0.10714285714285714,,,,,0.42857142857142855,0.6666666666666666,,,,,,1.0,,3.0,,,0.5,,0.03225806451612903,,,,,1.0,,,,,,,1.0
40:00,81,80,26.0,15,161,10.0,14.0,4.0,5.0,14.0,32,1.0,5.0,3.0,4,16,,1.0,,4.0,25,51,5,19,14,79,5.0,11.0,,1.0,2.0,12.0,9.0,16.0,1.0,5.0,8.0,29.0,14,36,15.0,,4.0,16,4,3.0,7,5.0,12,4.0,4.0,3.0,,29,7.0,9.0,7,20,4.0,31,17,48,12,8.0,4.0,10,2.0,5.0,10.0,5.0,20,6.0,12,24,3.0,17,,18,2.0,8,,4.0,,,1.0,3.0,4.0,3.0,67,29.0,26.0,0.28,0.30434782608695654,1.0,0.2631578947368421,,0.2,0.2631578947368421,0.49019607843137253,0.45454545454545453,0.5625,0.4642857142857143,0.4166666666666667,0.5,0.5064102564102564,0.46153846153846156,0.5576923076923077,0.2714285714285714,0.058823529411764705,0.09375,,0.5,0.8,0.7407407407407407,0.34615384615384615,0.5,0.5384615384615384,0.6585365853658537,0.41025641025641024,0.4444444444444444,0.25,0.5454545454545454,0.6,0.7619047619047619,1.0,0.5454545454545454,0.3333333333333333,96.6,0.75,13.412345679012347,16.419999999999998,12.381481481481483,15.1975,0.2,0.7142857142857143,0.7142857142857143,0.4,0.45714285714285713,0.4375,0.4827586206896552,0.21428571428571427,0.07142857142857142,0.2,0.2,,0.04285714285714286,0.22857142857142856,0.25,0.25,1.0,0.4166666666666667,0.8,0.08333333333333333,,0.19047619047619047,,0.4714285714285714,0.25,0.46589492753623185,0.5124,0.42088749999999997,0.10526315789473684,0.14035087719298245,,0.1518987341772152,0.3670886075949367,6.531372549019609,27.099999999999998,0.32098765432098764,2026-07-12,1022600172,WAS,1611661328,SEA,SEA,22.0,2.0,2.0,1.0,1.0,1.0,,1.0,,3.0,3.0,,,,3.0,2.0,2.0,,,,0.3333333333333333,0.3333333333333333,1.0,0.09523809523809523,1.0,0.047619047619047616,1.0,,,1.0,,,2.0,,0.5,,0.5,,0.5,,,,,,,,,,,
40:00,84,85,7.0,14,169,23.0,30.0,3.0,3.0,5.0,13,4.0,10.0,4.0,3,21,1.0,6.0,,4.0,32,53,4,25,14,90,4.0,6.0,1.0,6.0,5.0,16.0,4.0,6.0,,4.0,,8.0,40,24,12.0,,2.0,21,3,3.0,20,4.0,24,3.0,14.0,3.0,3.0,52,7.0,10.0,16,13,4.0,33,18,51,10,4.0,6.0,11,2.0,9.0,5.0,2.0,16,1.0,11,17,,16,1.0,23,4.0,12,1.0,3.0,1.0,1.0,2.0,1.0,4.0,3.0,74,8.0,7.0,0.625,0.6451612903225806,1.0,0.16,0.16666666666666666,,0.16,0.6037735849056604,0.6666666666666666,0.6666666666666666,0.48717948717948717,0.4583333333333333,0.4,0.5172413793103449,0.47058823529411764,0.4,0.32051282051282054,0.05660377358490566,0.15384615384615385,0.1,0.6875,0.8,0.7647058823529411,0.47619047619047616,0.8,0.3684210526315789,0.7837837837837838,0.425,0.625,0.3333333333333333,0.3125,0.5555555555555556,1.0,1.0,0.6923076923076923,1.0,101.4,0.75,13.654761904761905,14.741176470588234,12.628571428571428,14.249411764705883,0.38461538461538464,0.7666666666666667,0.7666666666666667,0.6086956521739131,0.16666666666666666,0.38461538461538464,0.45454545454545453,0.6,0.1282051282051282,0.4,0.4444444444444444,0.75,0.05128205128205128,0.2692307692307692,0.14285714285714285,0.14285714285714285,1.0,0.25,1.0,0.5,0.16666666666666666,0.4,,0.7051282051282052,0.14285714285714285,0.5473512987012987,0.5443571428571429,0.5064722222222222,0.14942528735632185,0.19672131147540983,0.038461538461538464,0.17777777777777778,0.08888888888888889,6.288679245283019,25.268,0.08333333333333333,2026-07-15,1022600179,CHI,1611661328,SEA,SEA,15.0,3.0,4.0,1.0,,,1.0,1.0,,1.0,1.0,,2.0,,1.0,,,0.04,,,0.25,0.3333333333333333,1.0,0.4,0.75,,,,,1.0,1.0,2.0,,0.25,0.3333333333333333,0.42857142857142855,0.6666666666666666,0.027777777777777776,0.3333333333333333,,,,,,,1.0,,,,
40:00,83,86,7.0,12,169,28.0,45.0,5.0,7.0,5.0,8,2.0,2.0,3.0,6,18,,1.0,,2.0,35,55,8,21,13,107,7.0,10.0,,2.0,2.0,16.0,3.0,4.0,1.0,3.0,2.0,11.0,38,32,24.0,,8.0,18,6,3.0,19,8.0,27,6.0,14.0,3.0,2.0,62,5.0,10.0,9,12,2.0,23,15,38,8,7.0,1.0,12,1.0,9.0,6.0,3.0,18,,12,24,3.0,17,2.0,18,5.0,9,,2.0,1.0,1.0,1.0,1.0,3.0,3.0,91,10.0,6.0,0.5428571428571428,0.6129032258064516,1.0,0.38095238095238093,,0.3333333333333333,0.38095238095238093,0.6363636363636364,0.7,0.75,0.618421052631579,0.5833333333333334,0.6428571428571429,0.6463414634146342,0.6153846153846154,0.6111111111111112,0.27631578947368424,0.05454545454545454,,,0.6666666666666666,1.0,0.5454545454545454,0.5,0.6923076923076923,0.45454545454545453,0.6,0.4838709677419355,0.3333333333333333,,0.5,0.3,1.0,0.5714285714285714,0.7272727272727273,0.5,101.4,1.0,14.13012048192771,14.269767441860466,13.401204819277108,13.450000000000001,0.5921052631578947,0.6222222222222222,0.6666666666666666,0.5,0.10526315789473684,0.625,0.625,0.6,0.02631578947368421,1.0,1.0,1.0,0.039473684210526314,0.23684210526315788,0.3333333333333333,0.3333333333333333,1.0,0.5833333333333334,0.7142857142857143,0.08333333333333333,,0.2857142857142857,,0.868421052631579,0.3333333333333333,0.5816655405405405,0.6037428571428572,0.58305,0.1125,0.15254237288135594,,0.14953271028037382,0.102803738317757,3.3036363636363633,29.24761904761905,0.08433734939759036,2026-07-17,1022600184,IND,1611661328,SEA,SEA,32.0,3.0,4.0,2.0,1.0,1.0,,2.0,,1.0,2.0,,1.0,,,2.0,1.0,,0.06666666666666667,,0.6666666666666666,0.6666666666666666,1.0,0.5714285714285714,0.75,0.14285714285714285,1.0,,1.0,,2.0,,2.0,,,0.5294117647058824,,0.07142857142857142,0.2,0.08333333333333333,,,1.0,,,,,,,
40:00,81,82,13.0,10,163,13.0,22.0,2.0,2.0,6.0,15,3.0,5.0,3.0,12,25,1.0,3.0,2.0,4.0,22,42,13,28,19,102,4.0,4.0,1.0,3.0,4.0,15.0,3.0,7.0,3.0,5.0,5.0,20.0,24,20,33.0,6.0,8.0,25,12,2.0,12,11.0,23,10.0,8.0,2.0,2.0,57,5.0,5.0,10,14,,24,10,34,4,1.0,3.0,10,2.0,9.0,5.0,1.0,15,2.0,9,15,1.0,18,1.0,22,2.0,9,1.0,3.0,1.0,1.0,1.0,2.0,4.0,2.0,87,20.0,13.0,0.5454545454545454,0.6666666666666666,0.8461538461538461,0.4642857142857143,0.3333333333333333,0.6,0.4642857142857143,0.5238095238095238,1.0,0.42857142857142855,0.5928571428571429,0.7857142857142857,0.625,0.6455696202531646,0.8333333333333334,0.7142857142857143,0.4,0.047619047619047616,0.06666666666666667,,0.6666666666666666,,0.56,0.25,0.8333333333333334,0.35714285714285715,0.6486486486486487,0.29411764705882354,0.1111111111111111,,0.3333333333333333,0.6666666666666666,0.4444444444444444,0.5714285714285714,0.8181818181818182,1.0,97.8,0.5,15.334567901234566,14.120731707317074,15.037037037037036,13.517073170731708,0.3142857142857143,0.5909090909090909,0.6190476190476191,0.6153846153846154,0.21428571428571427,0.4,0.42857142857142855,0.3333333333333333,0.07142857142857142,0.6,0.6,0.6666666666666666,0.04285714285714286,0.35714285714285715,0.48,0.48,0.8333333333333334,0.2857142857142857,1.0,0.42857142857142855,0.3333333333333333,0.3333333333333333,0.5,0.7142857142857143,0.48,0.5151950000000001,0.5577333333333333,0.47615416666666666,0.11688311688311688,0.1836734693877551,,0.14705882352941177,0.19607843137254902,6.240476190476191,25.00714285714286,0.16049382716049382,2026-07-20,1022600196,MIN,1611661328,SEA,SEA,10.0,2.0,3.0,1.0,1.0,1.0,,1.0,2.0,,1.0,,,,1.0,1.0,1.0,,0.045454545454545456,,0.3333333333333333,0.3333333333333333,1.0,0.25,0.6666666666666666,0.08333333333333333,1.0,,,,1.0,,,,,0.4444444444444444,0.5,0.03125,,,,,,,,1.0,,,,
40:00,81,82,15.0,16,163,20.0,29.0,4.0,4.0,4.0,8,1.0,5.0,5.0,4,27,1.0,6.0,,7.0,25,42,5,32,11,76,5.0,9.0,1.0,6.0,3.0,16.0,4.0,7.0,,8.0,1.0,9.0,26,24,15.0,,4.0,27,4,3.0,13,5.0,18,4.0,10.0,2.0,1.0,41,10.0,9.0,8,23,1.0,32,19,51,7,5.0,2.0,13,3.0,9.0,6.0,4.0,19,3.0,6,12,1.0,13,,15,1.0,6,1.0,6.0,1.0,1.0,3.0,2.0,7.0,7.0,60,9.0,15.0,0.52,0.5652173913043478,1.0,0.15625,0.16666666666666666,,0.15625,0.5952380952380952,0.5555555555555556,0.5714285714285714,0.4391891891891892,0.43333333333333335,0.26666666666666666,0.475,0.5,0.3,0.43243243243243246,0.07142857142857142,0.125,,0.6842105263157895,1.0,0.6764705882352942,0.5294117647058824,0.5714285714285714,0.38461538461538464,0.6458333333333334,0.4418604651162791,1.0,0.25,0.4090909090909091,0.6666666666666666,0.6363636363636364,0.75,0.6363636363636364,0.3333333333333333,97.8,1.0,15.435802469135801,14.020731707317074,14.38888888888889,13.084146341463416,0.3918918918918919,0.6896551724137931,0.7407407407407407,0.5,0.10810810810810811,0.5,0.5714285714285714,0.5,0.06756756756756757,0.2,0.2,1.0,0.06756756756756757,0.36486486486486486,0.14814814814814814,0.14814814814814814,1.0,0.26666666666666666,1.0,0.4,0.16666666666666666,0.4666666666666667,,0.8243243243243243,0.14814814814814814,0.5132493243243242,0.4700944444444445,0.47441,0.0875,0.1276595744680851,0.030303030303030304,0.21052631578947367,0.11842105263157894,5.595238095238095,24.825,0.18518518518518517,2026-07-22,1022600198,MIN,1611661328,SEA,SEA,7.0,4.0,7.0,1.0,,1.0,,1.0,,1.0,1.0,,,,2.0,,,,0.06896551724137931,,0.2,0.2,1.0,0.4666666666666667,0.5714285714285714,0.06666666666666667,,,,,2.0,,2.0,,,0.4444444444444444,0.25,0.05,0.5,,,,,,,1.0,,1.0,,
40:00,78,81,20.0,14,159,12.0,23.0,4.0,7.0,8.0,19,1.0,3.0,7.0,8,27,1.0,7.0,1.0,7.0,21,45,11,34,20,95,4.0,7.0,1.0,8.0,3.0,14.0,2.0,9.0,2.0,9.0,11.0,21.0,20,22,21.0,12.0,4.0,27,8,3.0,10,7.0,17,4.0,8.0,1.0,1.0,41,8.0,9.0,7,14,,21,17,38,6,5.0,1.0,3,,3.0,2.0,,5,1.0,11,22,1.0,21,2.0,27,1.0,9,2.0,2.0,,,,2.0,2.0,1.0,81,21.0,20.0,0.47619047619047616,0.5263157894736842,0.6363636363636364,0.3235294117647059,0.125,0.2222222222222222,0.3235294117647059,0.4666666666666667,0.5714285714285714,0.2222222222222222,0.47468354430379744,0.36666666666666664,0.2777777777777778,0.521978021978022,0.4375,0.4375,0.43037974683544306,0.06666666666666667,0.05263157894736842,,0.6,,0.7,0.375,0.6363636363636364,0.36363636363636365,0.6774193548387096,0.3695652173913043,0.5454545454545454,,0.2222222222222222,1.0,0.6923076923076923,0.6,0.7,,95.4,0.5,16.142307692307693,14.085185185185185,14.792307692307691,13.57777777777778,0.2911392405063291,0.5217391304347826,0.5714285714285714,0.6666666666666666,0.24050632911392406,0.42105263157894735,0.4444444444444444,0.125,0.0379746835443038,0.3333333333333333,0.3333333333333333,1.0,0.08860759493670886,0.34177215189873417,0.2962962962962963,0.2962962962962963,0.5,0.4666666666666667,0.5714285714285714,0.4666666666666667,0.14285714285714285,0.3888888888888889,0.14285714285714285,0.7215189873417721,0.2962962962962963,0.5127993670886076,0.5634,0.4810277777777778,0.125,0.16981132075471697,0.05714285714285714,0.14736842105263157,0.22105263157894736,6.364444444444444,24.86470588235294,0.2564102564102564,2026-07-28,1022600205,IND,1611661328,SEA,SEA,22.0,1.0,3.0,3.0,1.0,2.0,,3.0,,,1.0,,1.0,,,3.0,3.0,,0.08695652173913043,,0.42857142857142855,0.42857142857142855,1.0,0.16666666666666666,0.3333333333333333,0.1111111111111111,0.5,,1.0,,3.0,,3.0,,,0.2727272727272727,1.0,0.06976744186046512,0.5,0.06666666666666667,,,,,,1.0,1.0,,,
40:00,86,88,23.0,12,174,12.0,19.0,1.0,1.0,10.0,19,3.0,7.0,5.0,5,18,,2.0,3.0,10.0,25,45,5,23,24,89,3.0,6.0,,2.0,2.0,8.0,2.0,9.0,3.0,13.0,5.0,18.0,24,26,15.0,,2.0,18,5,6.0,12,5.0,17,5.0,5.0,6.0,1.0,39,6.0,6.0,11,11,3.0,25,13,38,10,5.0,5.0,14,3.0,11.0,6.0,3.0,20,4.0,16,26,1.0,19,1.0,30,1.0,13,1.0,5.0,,,3.0,2.0,5.0,1.0,81,18.0,23.0,0.48,0.5,1.0,0.21739130434782608,,0.23076923076923078,0.21739130434782608,0.5555555555555556,0.5,0.2222222222222222,0.47794117647058826,0.375,0.29545454545454547,0.5426829268292683,0.4444444444444444,0.36,0.3382352941176471,0.13333333333333333,0.15789473684210525,,0.7,1.0,0.55,0.3157894736842105,0.7333333333333333,0.35294117647058826,0.6285714285714286,0.3333333333333333,0.2222222222222222,0.3333333333333333,0.3333333333333333,0.45454545454545453,0.5714285714285714,1.0,0.8571428571428571,0.625,104.4,0.2,14.422093023255814,13.178409090909092,13.804651162790698,12.576136363636364,0.27941176470588236,0.631578947368421,0.75,0.4166666666666667,0.27941176470588236,0.5263157894736842,0.625,0.6,0.10294117647058823,0.42857142857142855,0.42857142857142855,0.3333333333333333,0.07352941176470588,0.2647058823529412,0.2777777777777778,0.29411764705882354,1.0,0.125,1.0,0.25,,0.45454545454545453,0.3,0.6176470588235294,0.2777777777777778,0.4993169117647059,0.34453333333333336,0.43825454545454545,0.1625,0.22807017543859648,,0.0898876404494382,0.20224719101123595,6.94,24.13478260869565,0.26744186046511625,2026-07-31,1022600213,ATL,1611661328,SEA,SEA,35.0,1.0,2.0,,,3.0,1.0,,1.0,,5.0,,,,,1.0,1.0,0.043478260869565216,0.15789473684210525,0.05555555555555555,,,,0.09090909090909091,0.5,0.13636363636363635,,,,1.0,1.0,,3.0,,1.0,0.42857142857142855,0.4,0.034482758620689655,,,,,,,,,,,,
40:00,77,80,15.0,6,157,9.0,14.0,2.0,3.0,9.0,21,2.0,7.0,9.0,6,20,,3.0,,,20,42,9,29,16,83,2.0,4.0,1.0,5.0,1.0,8.0,7.0,13.0,1.0,1.0,,17.0,28,12,21.0,6.0,2.0,20,6,5.0,14,7.0,21,4.0,7.0,5.0,2.0,49,4.0,6.0,12,11,,23,10,33,7,3.0,4.0,2,1.0,1.0,6.0,1.0,8,1.0,9,18,3.0,14,1.0,19,1.0,10,,3.0,,,1.0,2.0,3.0,3.0,75,17.0,15.0,0.7,0.7368421052631579,0.7777777777777778,0.3103448275862069,0.2,1.0,0.3103448275862069,0.47619047619047616,0.5,0.5384615384615384,0.47183098591549294,0.3888888888888889,0.6071428571428571,0.51875,0.4,0.6071428571428571,0.4084507042253521,0.11904761904761904,0.14285714285714285,,0.25,,0.7857142857142857,0.2727272727272727,0.631578947368421,0.21052631578947367,0.696969696969697,0.24390243902439024,0.25,0.2,0.21428571428571427,0.8,0.7777777777777778,,0.6666666666666666,0.5,94.2,1.0,14.655844155844155,15.89375,14.058441558441558,14.905000000000001,0.19718309859154928,0.6428571428571429,0.75,0.7777777777777778,0.29577464788732394,0.42857142857142855,0.5,0.5555555555555556,0.09859154929577464,0.2857142857142857,0.2857142857142857,1.0,0.1267605633802817,0.28169014084507044,0.3,0.3157894736842105,0.6666666666666666,0.3333333333333333,0.6666666666666666,0.3333333333333333,,,,0.6056338028169014,0.3,0.4904105633802817,0.5366,0.4604,0.125,0.19607843137254902,,0.0963855421686747,0.20481927710843373,6.504761904761905,24.162068965517243,0.19480519480519481,2026-08-03,1022600223,NYL,1611661328,SEA,SEA,14.0,2.0,3.0,3.0,1.0,1.0,1.0,3.0,,,1.0,,1.0,,,,,0.034482758620689655,0.14285714285714285,0.05,0.3333333333333333,0.3333333333333333,1.0,0.21428571428571427,0.6666666666666666,0.07142857142857142,1.0,1.0,2.0,,2.0,,,,,0.4,0.2,0.05714285714285714,0.5,0.2222222222222222,0.5,1.0,,,,,,,,
40:00,79,81,19.0,13,160,17.0,29.0,2.0,4.0,9.0,22,3.0,6.0,3.0,6,19,,1.0,3.0,4.0,29,57,7,22,7,86,5.0,9.0,,2.0,1.0,11.0,7.0,13.0,3.0,4.0,3.0,26.0,32,26,21.0,,4.0,19,6,3.0,16,7.0,23,6.0,7.0,6.0,3.0,53,5.0,8.0,10,14,,24,14,38,7,6.0,1.0,7,3.0,6.0,3.0,1.0,10,2.0,10,19,,13,,11,3.0,7,,3.0,,,1.0,2.0,3.0,2.0,75,26.0,19.0,0.5517241379310345,0.5925925925925926,1.0,0.3181818181818182,,0.75,0.3181818181818182,0.5087719298245614,0.5555555555555556,0.5384615384615384,0.5,0.45454545454545453,0.6764705882352942,0.5180722891566265,0.4583333333333333,0.6842105263157895,0.27848101265822783,0.05263157894736842,0.045454545454545456,,0.7,,0.8235294117647058,0.2857142857142857,0.5,0.3333333333333333,0.6486486486486487,0.3023255813953488,0.3076923076923077,,0.3076923076923077,0.75,0.8181818181818182,1.0,0.35714285714285715,0.8333333333333334,96.0,0.6666666666666666,15.2873417721519,14.719753086419752,14.569620253164556,13.866666666666667,0.3670886075949367,0.5862068965517241,0.6296296296296297,0.4117647058823529,0.27848101265822783,0.4090909090909091,0.42857142857142855,0.6666666666666666,0.0759493670886076,0.5,0.5,1.0,0.0379746835443038,0.24050632911392406,0.3157894736842105,0.3157894736842105,1.0,0.36363636363636365,0.5,0.09090909090909091,,0.23529411764705882,0.75,0.6455696202531646,0.3157894736842105,0.5066930379746836,0.5638833333333334,0.49425882352941175,0.08433734939759036,0.11475409836065574,,0.12790697674418605,0.3023255813953488,5.661403508771929,25.154545454545453,0.24050632911392406,2026-08-05,1022600227,NYL,1611661328,SEA,SEA,23.0,4.0,7.0,1.0,,,,1.0,,,2.0,,1.0,,,,,,0.06896551724137931,,0.3333333333333333,0.3333333333333333,1.0,0.4117647058823529,0.5714285714285714,,,,1.0,1.0,3.0,,2.0,,0.5,0.3333333333333333,0.5,0.075,0.5,0.09090909090909091,,,,,,,,,,
40:00,80,82,6.0,9,162,9.0,12.0,2.0,3.0,8.0,15,2.0,5.0,3.0,12,33,2.0,4.0,2.0,4.0,19,32,13,36,16,93,4.0,5.0,2.0,4.0,,14.0,,,2.0,4.0,3.0,9.0,20,18,27.0,12.0,6.0,33,12,,10,9.0,19,8.0,4.0,5.0,1.0,47,6.0,4.0,16,7,2.0,25,10,35,6,4.0,2.0,6,2.0,6.0,8.0,,14,1.0,8,20,1.0,17,1.0,19,2.0,8,,5.0,1.0,1.0,2.0,3.0,6.0,4.0,79,9.0,6.0,0.5263157894736842,0.625,0.6923076923076923,0.3611111111111111,0.5,0.5,0.3611111111111111,0.59375,0.8,,0.5661764705882353,0.7777777777777778,0.75,0.6118421052631579,0.7777777777777778,0.75,0.5294117647058824,,,,0.42857142857142855,1.0,0.6363636363636364,0.3076923076923077,0.7619047619047619,0.2608695652173913,0.71875,0.2777777777777778,0.14285714285714285,0.3333333333333333,0.2857142857142857,0.75,0.5,1.0,0.6875,1.0,97.2,0.6666666666666666,14.627500000000001,14.997560975609755,13.9225,14.339024390243901,0.17647058823529413,0.75,0.75,0.4444444444444444,0.22058823529411764,0.5333333333333333,0.5333333333333333,0.625,0.07352941176470588,0.4,0.4,0.5,0.04411764705882353,0.4852941176470588,0.36363636363636365,0.375,0.6666666666666666,0.3333333333333333,0.6666666666666666,0.4444444444444444,0.5,1.0,0.5,0.7058823529411765,0.36363636363636365,0.4932441176470588,0.54916,0.410475,0.10810810810810811,0.21052631578947367,,0.15053763440860216,0.0967741935483871,7.0,25.12777777777778,0.075,2026-08-08,1022600238,PDX,1611661328,SEA,SEA,11.0,,,1.0,,,1.0,1.0,,,1.0,3.0,1.0,1.0,3.0,2.0,1.0,0.027777777777777776,,0.030303030303030304,0.3333333333333333,0.3333333333333333,1.0,,,,,,,,1.0,,2.0,,,0.6666666666666666,,0.02857142857142857,,,,,,,,1.0,,,,
40:00,85,86,28.0,8,171,10.0,17.0,1.0,2.0,10.0,24,4.0,9.0,4.0,7,17,2.0,3.0,2.0,6.0,24,50,8,21,25,97,3.0,8.0,2.0,3.0,1.0,13.0,6.0,14.0,2.0,7.0,14.0,32.0,30,18,21.0,3.0,2.0,17,7,3.0,15,7.0,22,6.0,8.0,4.0,3.0,51,2.0,9.0,5,22,2.0,29,12,41,9,8.0,1.0,9,2.0,8.0,5.0,1.0,14,4.0,14,20,1.0,22,1.0,28,4.0,9,,4.0,,,3.0,1.0,4.0,3.0,84,28.0,26.0,0.625,0.6521739130434783,0.875,0.38095238095238093,0.6666666666666666,0.2857142857142857,0.38095238095238093,0.48,0.375,0.42857142857142855,0.5070422535211268,0.5454545454545454,0.42857142857142855,0.5843373493975904,0.5909090909090909,0.5714285714285714,0.29577464788732394,0.06,0.08333333333333333,,0.6428571428571429,1.0,0.7857142857142857,0.34615384615384615,0.35714285714285715,0.15384615384615385,0.6428571428571429,0.28205128205128205,0.2857142857142857,0.4,0.2,0.9,0.7142857142857143,0.75,0.36363636363636365,0.3333333333333333,102.6,0.75,14.756470588235294,13.322093023255814,14.01764705882353,12.897674418604652,0.23943661971830985,0.5882352941176471,0.625,0.8,0.3380281690140845,0.4166666666666667,0.45454545454545453,0.4,0.1267605633802817,0.4444444444444444,0.4444444444444444,0.75,0.056338028169014086,0.23943661971830985,0.4117647058823529,0.4117647058823529,0.8571428571428571,0.18181818181818182,0.5,0.2727272727272727,0.6666666666666666,0.2857142857142857,0.3333333333333333,0.5352112676056338,0.4117647058823529,0.4891753521126761,0.510575,0.46271666666666667,0.11842105263157894,0.16363636363636364,,0.13402061855670103,0.32989690721649484,7.736000000000001,24.804761904761904,0.32941176470588235,2026-08-10,1022600244,CHI,1611661328,SEA,SEA,16.0,1.0,2.0,1.0,,1.0,,1.0,,1.0,1.0,,3.0,,2.0,7.0,5.0,,0.058823529411764705,,0.25,0.25,1.0,0.09523809523809523,0.5,0.047619047619047616,,,,1.0,1.0,,2.0,,1.0,0.42857142857142855,,0.027777777777777776,,,,,,,,1.0,,,,
40:00,80,81,13.0,14,161,10.0,20.0,2.0,6.0,2.0,20,1.0,2.0,10.0,13,29,1.0,2.0,1.0,5.0,13,42,14,39,14,82,3.0,11.0,1.0,3.0,7.0,16.0,4.0,11.0,1.0,7.0,,11.0,12,14,36.0,6.0,4.0,29,13,4.0,6,12.0,18,11.0,6.0,,,48,8.0,10.0,16,12,3.0,31,19,50,5,4.0,1.0,8,1.0,6.0,4.0,2.0,12,1.0,8,17,1.0,17,2.0,17,2.0,8,,4.0,,,1.0,3.0,4.0,3.0,66,11.0,13.0,0.46153846153846156,0.5454545454545454,0.8571428571428571,0.358974358974359,0.3333333333333333,0.14285714285714285,0.358974358974359,0.30952380952380953,0.2727272727272727,0.36363636363636365,0.41975308641975306,0.32142857142857145,0.3055555555555556,0.4659090909090909,0.4444444444444444,0.3055555555555556,0.48148148148148145,0.09523809523809523,0.2,,0.6666666666666666,0.75,0.75,0.35714285714285715,0.64,0.32,0.6829268292682927,0.33962264150943394,0.3888888888888889,,0.375,0.8333333333333334,0.6666666666666666,1.0,0.6470588235294118,0.625,96.6,0.75,14.742500000000001,15.069135802469134,13.92125,13.885185185185183,0.24691358024691357,0.5,0.5,0.6,0.24691358024691357,0.1,0.125,,0.024691358024691357,0.5,0.5,,0.12345679012345678,0.35802469135802467,0.4482758620689655,0.4482758620689655,0.8461538461538461,0.42857142857142855,0.3333333333333333,0.14285714285714285,0.5,0.2777777777777778,0.2,0.7283950617283951,0.4482758620689655,0.49445625,0.5167333333333333,0.42956176470588237,0.09195402298850575,0.16666666666666666,,0.1951219512195122,0.13414634146341464,6.090476190476191,25.18974358974359,0.1625,2026-08-14,1022600255,PDX,1611661328,SEA,SEA,19.0,3.0,4.0,1.0,,2.0,,1.0,,,,,1.0,,,1.0,,,,,0.1,0.1,1.0,0.2222222222222222,0.75,0.1111111111111111,,,1.0,1.0,4.0,1.0,2.0,,1.0,0.3,0.2222222222222222,0.08163265306122448,0.5,0.07142857142857142,,,,,,1.0,,,,
40:00,89,92,23.0,7,181,15.0,23.0,1.0,2.0,8.0,23,,2.0,7.0,5,17,,2.0,3.0,4.0,23,48,6,24,16,80,1.0,4.0,,2.0,,2.0,5.0,10.0,3.0,6.0,11.0,30.0,30,16,18.0,,2.0,17,5,7.0,15,6.0,21,5.0,10.0,5.0,,48,2.0,7.0,11,21,1.0,33,9,42,7,5.0,2.0,11,4.0,8.0,7.0,3.0,18,2.0,12,17,,23,3.0,20,1.0,6,,12.0,1.0,1.0,6.0,6.0,13.0,7.0,78,30.0,23.0,0.6521739130434783,0.6818181818181818,1.0,0.25,,0.5,0.25,0.4791666666666667,0.25,0.5,0.4444444444444444,0.16666666666666666,0.59375,0.49382716049382713,0.16666666666666666,0.6521739130434783,0.3333333333333333,0.14583333333333334,0.2608695652173913,,0.6111111111111112,1.0,0.7241379310344828,0.2916666666666667,0.6470588235294118,0.1111111111111111,0.6956521739130435,0.21428571428571427,0.21428571428571427,,0.08333333333333333,0.8461538461538461,0.7142857142857143,,0.75,0.4,108.6,0.5384615384615384,13.30561797752809,13.215217391304348,12.8,12.592391304347826,0.3194444444444444,0.6521739130434783,0.6818181818181818,0.6666666666666666,0.3194444444444444,0.34782608695652173,0.47058823529411764,0.625,0.027777777777777776,,,,0.09722222222222222,0.2361111111111111,0.29411764705882354,0.29411764705882354,1.0,0.3333333333333333,0.5,0.3333333333333333,,0.25,0.75,0.6527777777777778,0.29411764705882354,0.5133035211267606,0.49915,0.5148,0.07792207792207792,0.11320754716981132,,0.025,0.375,5.633333333333333,26.145833333333332,0.25842696629213485,2026-08-16,1022600259,CHI,1611661328,SEA,SEA,15.0,4.0,5.0,1.0,,2.0,,1.0,,3.0,2.0,,,,,4.0,4.0,,0.043478260869565216,,0.14285714285714285,0.14285714285714285,1.0,0.3125,0.8,0.125,,,,,1.0,,3.0,,,0.5,0.16666666666666666,0.02857142857142857,,,,,,,,,,,,
40:00,87,89,31.0,10,176,15.0,18.0,1.0,2.0,7.0,14,3.0,4.0,9.0,10,22,2.0,4.0,2.0,9.0,25,36,10,31,26,106,2.0,4.0,2.0,4.0,3.0,13.0,9.0,11.0,2.0,12.0,16.0,40.0,38,12,21.0,9.0,,22,10,2.0,19,7.0,26,7.0,12.0,4.0,3.0,59,8.0,4.0,15,19,4.0,38,12,50,9,8.0,1.0,5,5.0,1.0,13.0,4.0,18,4.0,5,23,3.0,25,,31,2.0,9,,5.0,,,,5.0,5.0,1.0,93,40.0,31.0,0.76,0.76,0.7,0.3225806451612903,0.5,0.16666666666666666,0.3225806451612903,0.6944444444444444,0.5,0.8181818181818182,0.5970149253731343,0.625,0.5217391304347826,0.6481481481481481,0.6666666666666666,0.625,0.4626865671641791,0.05555555555555555,0.07142857142857142,,0.2777777777777778,0.6666666666666666,0.59375,0.36363636363636365,0.8333333333333334,0.4,0.68,0.3870967741935484,0.14285714285714285,1.0,0.36363636363636365,0.5,0.6111111111111112,0.6,0.8666666666666667,0.6666666666666666,105.6,0.2,12.528735632183908,14.719101123595506,11.711494252873562,13.86179775280899,0.26865671641791045,0.8333333333333334,0.8823529411764706,0.8,0.208955223880597,0.5,0.5384615384615384,0.5714285714285714,0.05970149253731343,0.75,0.75,1.0,0.13432835820895522,0.3283582089552239,0.45454545454545453,0.45454545454545453,0.7,0.25,0.5,0.5,0.5,0.391304347826087,0.2222222222222222,0.7313432835820896,0.45454545454545453,0.5227590909090909,0.4765125,0.5404795454545455,0.12162162162162163,0.20930232558139536,,0.12264150943396226,0.37735849056603776,5.852777777777778,25.374193548387098,0.3563218390804598,2026-05-08,1022600001,CON,1611661313,NYL,NYL,24.0,7.0,7.0,,,3.0,,,,1.0,2.0,,3.0,,7.0,7.0,7.0,,0.05555555555555555,,,,,0.30434782608695654,1.0,0.13043478260869565,,,,,,2.0,4.0,,,0.6666666666666666,0.4444444444444444,,,,,,1.0,,,0.5,,,,
45:00,87,85,29.0,10,172,15.0,17.0,3.0,3.0,8.0,23,1.0,2.0,10.0,6,17,1.0,4.0,2.0,5.0,24,42,9,27,23,98,3.0,4.0,1.0,4.0,5.0,14.0,5.0,9.0,2.0,7.0,16.0,32.0,24,24,21.0,6.0,6.0,17,6,1.0,12,7.0,19,4.0,7.0,5.0,,45,5.0,4.0,11,15,4.0,30,10,40,7,6.0,1.0,7,3.0,3.0,9.0,4.0,16,6.0,11,31,4.0,27,,28,2.0,6,1.0,4.0,1.0,,1.0,3.0,5.0,5.0,84,32.0,29.0,0.5,0.5714285714285714,0.7777777777777778,0.3333333333333333,0.25,0.2857142857142857,0.3333333333333333,0.5714285714285714,0.75,0.5555555555555556,0.5434782608695652,0.5625,0.5,0.6049382716049383,0.7,0.6153846153846154,0.391304347826087,0.023809523809523808,0.043478260869565216,,0.4375,0.8,0.6,0.23529411764705882,0.55,0.29411764705882354,0.5777777777777777,0.2647058823529412,0.21428571428571427,,0.3,0.5,0.6666666666666666,0.5,0.5384615384615384,0.5714285714285714,91.73333333333333,1.0,15.077011494252874,16.332941176470587,14.317241379310346,15.154117647058822,0.2463768115942029,0.8823529411764706,0.8823529411764706,0.4666666666666667,0.3333333333333333,0.34782608695652173,0.36363636363636365,0.625,0.028985507246376812,0.5,0.5,,0.14492753623188406,0.2463768115942029,0.35294117647058826,0.35294117647058826,0.6666666666666666,0.375,1.0,0.5,0.25,0.3125,0.4,0.6376811594202898,0.35294117647058826,0.4920427536231884,0.5255375,0.484121875,0.0945945945945946,0.13043478260869565,0.03571428571428571,0.14285714285714285,0.32653061224489793,6.2714285714285705,24.392592592592592,0.3333333333333333,2026-05-10,1022600008,WAS,1611661313,NYL,NYL,33.0,3.0,4.0,3.0,,2.0,,3.0,1.0,,,,1.0,,3.0,7.0,7.0,,,,0.3,0.3,1.0,0.25,0.75,0.125,,,,1.0,1.0,,5.0,,0.3333333333333333,0.5,0.2857142857142857,0.030303030303030304,,,,,,,1.0,,,,,
40:00,78,79,28.0,10,157,10.0,13.0,2.0,3.0,7.0,14,3.0,7.0,8.0,8,20,,1.0,3.0,7.0,20,34,13,28,17,96,3.0,6.0,,1.0,3.0,9.0,7.0,12.0,4.0,8.0,6.0,32.0,22,18,36.0,3.0,2.0,20,8,4.0,11,12.0,23,7.0,5.0,3.0,3.0,58,7.0,4.0,13,11,,24,11,35,7,3.0,4.0,8,3.0,6.0,10.0,2.0,18,7.0,7,16,3.0,21,2.0,18,2.0,7,,3.0,,,1.0,2.0,3.0,2.0,87,32.0,28.0,0.55,0.5789473684210527,0.9230769230769231,0.4642857142857143,,0.5,0.4642857142857143,0.5882352941176471,0.5,0.5833333333333334,0.6370967741935484,0.42857142857142855,0.65,0.6857142857142857,0.5625,0.6956521739130435,0.45161290322580644,0.11764705882352941,0.21428571428571427,,0.4444444444444444,,0.6875,0.2857142857142857,0.7647058823529411,0.4666666666666667,0.7272727272727273,0.3793103448275862,0.42857142857142855,,0.4166666666666667,0.75,0.6666666666666666,0.5,0.7333333333333333,1.0,94.2,0.6666666666666666,14.735897435897437,15.830379746835442,14.07948717948718,15.12911392405063,0.20967741935483872,0.7692307692307693,0.8333333333333334,0.5,0.22580645161290322,0.5,0.6363636363636364,0.42857142857142855,0.11290322580645161,0.42857142857142855,0.42857142857142855,1.0,0.12903225806451613,0.3225806451612903,0.4,0.4,0.875,0.42857142857142855,0.6666666666666666,0.14285714285714285,,0.35,0.42857142857142855,0.6612903225806451,0.4,0.49937096774193546,0.510875,0.4613325,0.1044776119402985,0.1794871794871795,,0.09375,0.3333333333333333,8.24705882352941,24.053571428571427,0.358974358974359,2026-05-12,1022600014,PDX,1611661313,NYL,NYL,15.0,2.0,4.0,5.0,1.0,1.0,,5.0,,3.0,3.0,,2.0,,,3.0,3.0,,0.07692307692307693,,0.625,0.625,1.0,0.2,0.5,0.05,1.0,,,,,,,,,0.3333333333333333,0.6666666666666666,,0.5,,,,,1.0,,,,,,
40:00,85,86,29.0,5,171,14.0,21.0,1.0,2.0,5.0,7,,1.0,11.0,10,27,,,3.0,9.0,19,29,15,38,17,100,2.0,3.0,,,4.0,8.0,5.0,6.0,4.0,13.0,9.0,31.0,34,4,45.0,,,27,10,1.0,17,15.0,32,10.0,12.0,5.0,,79,4.0,1.0,14,15,3.0,32,5,37,7,7.0,,7,2.0,6.0,5.0,1.0,12,6.0,10,19,3.0,22,2.0,20,,5,,,,,,,,,92,31.0,29.0,0.8947368421052632,0.8947368421052632,1.0,0.39473684210526316,,0.3076923076923077,0.39473684210526316,0.6551724137931034,0.6666666666666666,0.8333333333333334,0.6194029850746269,0.6666666666666666,0.5789473684210527,0.6493506493506493,0.8,0.6458333333333334,0.5671641791044776,0.034482758620689655,0.14285714285714285,,0.5833333333333334,1.0,0.9375,0.1,0.7,0.17391304347826086,0.8055555555555556,0.15151515151515152,,,0.17647058823529413,1.0,0.9166666666666666,,0.75,0.5,102.6,,13.677647058823528,14.388372093023257,13.512941176470587,13.958139534883722,0.31343283582089554,0.6666666666666666,0.6666666666666666,0.8571428571428571,0.1044776119402985,0.7142857142857143,0.8333333333333334,1.0,0.014925373134328358,,,,0.16417910447761194,0.40298507462686567,0.37037037037037035,0.38461538461538464,1.0,0.6666666666666666,0.5,,,0.47368421052631576,0.3333333333333333,0.8805970149253731,0.37037037037037035,0.5447320895522388,0.6141,0.5361263157894737,0.06944444444444445,0.14705882352941177,,0.08,0.31,4.344827586206897,24.218421052631577,0.3411764705882353,2026-05-14,1022600020,PDX,1611661313,NYL,NYL,25.0,3.0,3.0,5.0,1.0,4.0,1.0,5.0,,,,,2.0,,3.0,5.0,5.0,0.02631578947368421,,0.037037037037037035,0.45454545454545453,0.45454545454545453,1.0,0.15789473684210525,1.0,0.21052631578947367,0.25,,,,1.0,,1.0,,,0.14285714285714285,0.16666666666666666,0.03225806451612903,1.0,,,,,,,,,,,
40:00,75,75,16.0,8,150,11.0,17.0,3.0,4.0,7.0,18,2.0,3.0,7.0,4,17,,,2.0,4.0,20,38,6,24,12,70,4.0,5.0,,,3.0,11.0,4.0,7.0,2.0,4.0,6.0,20.0,28,12,18.0,,6.0,17,4,3.0,14,6.0,20,4.0,7.0,6.0,1.0,46,7.0,2.0,17,16,2.0,35,9,44,2,1.0,1.0,5,1.0,4.0,10.0,1.0,15,2.0,8,22,2.0,17,,16,4.0,8,,3.0,1.0,1.0,1.0,2.0,4.0,2.0,59,20.0,16.0,0.7,0.8235294117647058,1.0,0.25,,0.5,0.25,0.5263157894736842,0.8,0.5714285714285714,0.46774193548387094,0.8,0.6363636363636364,0.5147058823529411,0.9166666666666666,0.6666666666666666,0.3870967741935484,0.07894736842105263,0.1111111111111111,,0.3333333333333333,0.5,0.8,0.1111111111111111,0.7727272727272727,0.3888888888888889,0.7857142857142857,0.25,0.09090909090909091,,0.38461538461538464,0.6666666666666666,0.8888888888888888,0.75,0.7692307692307693,0.7777777777777778,90.0,0.5,14.730666666666666,17.269333333333336,14.541333333333332,16.252000000000002,0.27419354838709675,0.6470588235294118,0.6875,0.6363636363636364,0.2903225806451613,0.3888888888888889,0.4375,0.8571428571428571,0.04838709677419355,0.6666666666666666,0.6666666666666666,0.5,0.11290322580645161,0.27419354838709675,0.23529411764705882,0.23529411764705882,1.0,0.8,0.75,,,0.36363636363636365,0.5,0.6612903225806451,0.23529411764705882,0.4947909836065574,0.5280666666666667,0.4469772727272728,0.12121212121212122,0.19047619047619047,,0.15714285714285714,0.2857142857142857,6.086842105263158,26.175,0.21333333333333335,2026-05-21,1022600035,GSV,1611661313,NYL,NYL,19.0,3.0,3.0,2.0,,,,2.0,,3.0,1.0,2.0,1.0,,,2.0,1.0,,0.058823529411764705,,0.2857142857142857,0.2857142857142857,1.0,0.2727272727272727,1.0,,,,,,,1.0,4.0,,,0.16666666666666666,0.4,,0.3333333333333333,,,,,1.0,,,,,,
40:00,76,76,7.0,9,152,13.0,26.0,2.0,4.0,7.0,17,,3.0,4.0,7,22,1.0,4.0,1.0,4.0,20,46,8,26,12,76,2.0,6.0,1.0,5.0,1.0,8.0,1.0,2.0,1.0,4.0,3.0,8.0,28,12,21.0,3.0,4.0,22,7,5.0,14,7.0,21,6.0,8.0,6.0,,49,4.0,8.0,15,10,2.0,27,13,40,4,1.0,3.0,6,1.0,3.0,5.0,3.0,11,,6,18,,16,2.0,14,2.0,7,,,,,,,,,68,8.0,7.0,0.7,0.7777777777777778,0.875,0.3076923076923077,0.2,0.25,0.3076923076923077,0.43478260869565216,0.3333333333333333,0.5,0.4444444444444444,0.3181818181818182,0.4166666666666667,0.48717948717948717,0.3333333333333333,0.5,0.3611111111111111,0.10869565217391304,0.11764705882352941,,0.5454545454545454,1.0,0.6666666666666666,0.3076923076923077,0.75,0.23529411764705882,0.7142857142857143,0.27906976744186046,0.3,,0.21428571428571427,0.8571428571428571,0.25,0.75,0.75,0.75,91.2,,15.826315789473684,15.75263157894737,14.969736842105263,15.169736842105264,0.3611111111111111,0.5,0.5652173913043478,0.6153846153846154,0.2361111111111111,0.4117647058823529,0.4666666666666667,0.8571428571428571,0.041666666666666664,,,,0.05555555555555555,0.3055555555555556,0.3181818181818182,0.3181818181818182,0.8571428571428571,0.36363636363636365,0.5,0.36363636363636365,0.25,0.6666666666666666,0.25,0.7222222222222222,0.3181818181818182,0.5146756944444444,0.5248722222222222,0.5437666666666666,0.09090909090909091,0.13725490196078433,,0.10526315789473684,0.10526315789473684,5.782608695652174,24.61923076923077,0.09210526315789473,2026-05-24,1022600045,DAL,1611661313,NYL,NYL,18.0,1.0,2.0,1.0,,,,1.0,1.0,,1.0,,3.0,,1.0,1.0,1.0,,0.11538461538461539,,0.25,0.25,1.0,0.3333333333333333,0.5,,,,1.0,1.0,2.0,1.0,4.0,,1.0,0.38461538461538464,0.3333333333333333,0.05263157894736842,,0.09090909090909091,,,,,,1.0,,,,
40:00,77,78,31.0,6,155,10.0,20.0,1.0,4.0,3.0,7,,1.0,5.0,4,19,,,2.0,8.0,13,28,8,24,24,74,3.0,6.0,,,2.0,8.0,5.0,11.0,3.0,9.0,14.0,33.0,22,4,18.0,6.0,2.0,19,4,5.0,11,6.0,17,3.0,8.0,3.0,,40,5.0,2.0,12,15,,27,7,34,8,7.0,1.0,12,1.0,10.0,7.0,2.0,19,7.0,5,20,1.0,22,,26,1.0,8,,6.0,2.0,2.0,3.0,3.0,8.0,3.0,66,33.0,31.0,0.8461538461538461,0.9166666666666666,0.75,0.3333333333333333,,0.3333333333333333,0.3333333333333333,0.4642857142857143,0.5,0.45454545454545453,0.4807692307692308,0.5,0.475,0.578125,0.5714285714285714,0.6111111111111112,0.46153846153846156,0.17857142857142858,,,0.631578947368421,,0.625,0.13333333333333333,0.7058823529411765,0.3125,0.6585365853658537,0.22580645161290322,,1.0,0.26666666666666666,0.7333333333333333,0.2857142857142857,1.0,0.7272727272727273,0.6666666666666666,93.0,0.375,13.66753246753247,17.276923076923076,13.296103896103897,15.576923076923077,0.38461538461538464,0.5,0.6666666666666666,0.8,0.1346153846153846,0.42857142857142855,0.42857142857142855,1.0,0.019230769230769232,,,,0.09615384615384616,0.36538461538461536,0.21052631578947367,0.2222222222222222,0.75,0.6666666666666666,0.25,,,0.4,0.25,0.8461538461538461,0.21052631578947367,0.5236778846153846,0.56138,0.516005,0.13559322033898305,0.22857142857142856,,0.10810810810810811,0.44594594594594594,4.5285714285714285,24.3875,0.4025974025974026,2026-05-25,1022600047,PDX,1611661313,NYL,NYL,25.0,4.0,9.0,4.0,1.0,1.0,1.0,3.0,,2.0,,2.0,1.0,,1.0,5.0,5.0,0.041666666666666664,0.25,0.05263157894736842,0.8,0.8,0.75,0.45,0.4444444444444444,0.05,1.0,,,,1.0,1.0,,,,0.1,1.0,0.04,,,,,,,,,,,,
40:00,77,77,15.0,6,154,8.0,15.0,3.0,6.0,3.0,14,3.0,8.0,10.0,10,20,,,1.0,4.0,14,37,14,30,14,84,3.0,7.0,,1.0,2.0,8.0,4.0,7.0,2.0,5.0,8.0,22.0,12,16,39.0,3.0,4.0,20,10,4.0,6,13.0,19,9.0,3.0,1.0,2.0,51,3.0,5.0,13,12,4.0,29,8,37,9,8.0,1.0,7,1.0,2.0,6.0,5.0,13,2.0,9,18,2.0,21,3.0,14,3.0,5,,,2.0,1.0,,,2.0,1.0,76,22.0,15.0,0.42857142857142855,0.5,0.9285714285714286,0.4666666666666667,,0.4,0.4666666666666667,0.3783783783783784,0.42857142857142855,0.5714285714285714,0.5223880597014925,0.375,0.5833333333333334,0.5833333333333334,0.5,0.7333333333333333,0.44776119402985076,0.10810810810810811,0.14285714285714285,,0.5384615384615384,1.0,0.8571428571428571,0.22727272727272727,0.65,0.2,0.7352941176470589,0.21621621621621623,,0.2,0.2222222222222222,1.0,0.75,1.0,0.7857142857142857,0.3333333333333333,92.4,0.5,16.476623376623376,14.692207792207792,15.923376623376624,14.28961038961039,0.22388059701492538,0.5333333333333333,0.6153846153846154,0.375,0.208955223880597,0.21428571428571427,0.25,0.3333333333333333,0.11940298507462686,0.375,0.375,0.6666666666666666,0.14925373134328357,0.29850746268656714,0.5,0.5,0.9,0.75,0.5,,,0.3333333333333333,0.25,0.6716417910447762,0.5,0.47911641791044773,0.522075,0.45569166666666666,0.07246376811594203,0.1282051282051282,,0.09523809523809523,0.2619047619047619,7.918918918918919,24.483333333333334,0.19480519480519481,2026-05-27,1022600049,PHX,1611661313,NYL,NYL,11.0,3.0,4.0,4.0,1.0,1.0,1.0,4.0,,,,,,,1.0,3.0,3.0,0.03333333333333333,0.13333333333333333,,0.4,0.4444444444444444,1.0,0.3333333333333333,0.75,0.08333333333333333,1.0,,1.0,,1.0,,1.0,0.1,,0.5714285714285714,0.16666666666666666,0.030303030303030304,,0.125,,,,1.0,1.0,,,,,
40:00,76,75,25.0,8,151,8.0,10.0,1.0,1.0,9.0,23,1.0,2.0,4.0,7,21,2.0,2.0,3.0,8.0,18,35,8,25,15,75,1.0,4.0,2.0,3.0,2.0,10.0,6.0,11.0,4.0,10.0,7.0,31.0,20,16,24.0,,2.0,21,7,3.0,10,8.0,18,7.0,5.0,4.0,1.0,44,4.0,5.0,17,18,,35,9,44,5,4.0,1.0,11,3.0,7.0,8.0,4.0,19,4.0,6,20,1.0,20,1.0,17,1.0,6,,5.0,,,2.0,3.0,5.0,4.0,65,27.0,23.0,0.5555555555555556,0.5882352941176471,1.0,0.32,0.6666666666666666,0.4,0.32,0.5142857142857142,0.25,0.5454545454545454,0.5,0.5714285714285714,0.5714285714285714,0.5514705882352942,0.625,0.62,0.4166666666666667,0.08571428571428572,0.13043478260869565,,0.5789473684210527,,0.782608695652174,0.3333333333333333,0.9444444444444444,0.25,0.8536585365853658,0.2903225806451613,0.4166666666666667,,0.23076923076923078,1.0,0.7692307692307693,0.6666666666666666,0.9090909090909091,1.0,90.6,0.8,16.946052631578947,14.828,16.689473684210526,14.441333333333333,0.16666666666666666,0.8,0.8,0.625,0.38333333333333336,0.391304347826087,0.45,0.4444444444444444,0.03333333333333333,0.5,0.5,1.0,0.06666666666666667,0.35,0.3333333333333333,0.3333333333333333,1.0,0.14285714285714285,1.0,0.2857142857142857,1.0,0.38095238095238093,0.375,0.5833333333333334,0.3333333333333333,0.46030333333333334,0.3065375,0.45182380952380957,0.09230769230769231,0.15,,0.13333333333333333,0.41333333333333333,6.917142857142857,25.5,0.32894736842105265,2026-05-29,1022600056,PHX,1611661313,NYL,NYL,19.0,2.0,2.0,1.0,1.0,2.0,,1.0,,,1.0,,3.0,,,3.0,1.0,,,,0.25,0.25,1.0,0.09523809523809523,1.0,0.09523809523809523,0.5,,1.0,,1.0,,3.0,,,,0.3333333333333333,0.03571428571428571,,0.14285714285714285,,,,1.0,,1.0,,,,
39:59,78,78,13.0,11,156,11.0,13.0,2.0,3.0,7.0,23,1.0,3.0,14.0,7,18,,2.0,,1.0,19,39,14,32,17,97,4.0,8.0,2.0,4.0,1.0,15.0,4.0,7.0,1.0,2.0,4.0,15.0,20,18,42.0,,4.0,18,7,3.0,10,14.0,24,7.0,6.0,4.0,,62,7.0,6.0,11,20,,31,13,44,3,2.0,1.0,7,1.0,4.0,5.0,3.0,12,2.0,6,13,1.0,17,,20,3.0,9,1.0,4.0,,,1.0,3.0,4.0,2.0,82,15.0,13.0,0.5263157894736842,0.5882352941176471,1.0,0.4375,0.5,0.5,0.4375,0.48717948717948717,0.5,0.5714285714285714,0.5633802816901409,0.5833333333333334,0.6111111111111112,0.6139240506329114,0.625,0.6818181818181818,0.4507042253521127,0.07692307692307693,0.13043478260869565,,0.5833333333333334,,0.7142857142857143,0.3,0.8461538461538461,0.4117647058823529,0.7560975609756098,0.35135135135135137,0.3125,,0.45454545454545453,0.6666666666666666,0.8,0.4,0.8333333333333334,1.0,93.60000000000007,0.5,16.855128205128178,13.914102564102564,16.073076923076897,13.483333333333334,0.18309859154929578,0.8461538461538461,0.8461538461538461,0.5454545454545454,0.323943661971831,0.30434782608695654,0.35,0.5714285714285714,0.04225352112676056,0.3333333333333333,0.3333333333333333,,0.19718309859154928,0.2535211267605634,0.3888888888888889,0.3888888888888889,1.0,0.25,0.6666666666666666,0.16666666666666666,,0.1111111111111111,,0.6338028169014085,0.3888888888888889,0.48423591549295775,0.45235000000000003,0.49872222222222223,0.1282051282051282,0.2,0.030303030303030304,0.15463917525773196,0.15463917525773196,5.969230769230769,24.75,0.16666666666666666,2026-06-03,1022600070,TOR,1611661313,NYL,NYL,16.0,3.0,3.0,7.0,1.0,1.0,,7.0,,,1.0,1.0,,,1.0,1.0,1.0,,,,0.5,0.5,1.0,0.3333333333333333,1.0,0.1111111111111111,1.0,2.0,2.0,,1.0,,,,,0.5,0.3333333333333333,0.029411764705882353,0.5,0.16666666666666666,1.0,1.0,,,,,,,,
40:00,84,85,29.0,11,169,10.0,13.0,3.0,4.0,10.0,32,2.0,3.0,5.0,1,13,,,,3.0,22,48,2,18,33,83,3.0,7.0,,,8.0,14.0,8.0,16.0,,5.0,22.0,38.0,26,18,3.0,3.0,4.0,13,1,5.0,13,1.0,14,1.0,5.0,6.0,2.0,29,5.0,7.0,13,21,2.0,36,13,49,9,3.0,6.0,4,2.0,4.0,7.0,,11,2.0,7,19,3.0,27,,40,2.0,12,1.0,2.0,,,,1.0,2.0,2.0,69,33.0,26.0,0.5909090909090909,0.65,0.5,0.1111111111111111,,,0.1111111111111111,0.4583333333333333,0.42857142857142855,0.5,0.3787878787878788,0.42857142857142855,0.38095238095238093,0.4880952380952381,0.6363636363636364,0.59375,0.2727272727272727,0.10416666666666667,0.125,,0.36363636363636365,0.6666666666666666,0.84,0.2692307692307692,0.7647058823529411,0.3125,0.8095238095238095,0.2857142857142857,0.3181818181818182,,0.3333333333333333,1.0,0.8125,0.8333333333333334,0.8571428571428571,0.3333333333333333,101.4,1.0,13.352380952380951,15.040000000000001,13.084523809523809,14.398823529411766,0.19696969696969696,0.7692307692307693,0.8333333333333334,0.5,0.48484848484848486,0.3125,0.35714285714285715,0.6,0.045454545454545456,0.6666666666666666,0.6666666666666666,1.0,0.07575757575757576,0.19696969696969696,0.07692307692307693,0.07692307692307693,1.0,0.5714285714285714,0.75,,,0.14285714285714285,,0.4696969696969697,0.07692307692307693,0.47313560606060606,0.5609000000000001,0.47120000000000006,0.16883116883116883,0.20689655172413793,0.05263157894736842,0.1686746987951807,0.4578313253012048,5.929166666666667,25.094444444444445,0.34523809523809523,2026-06-06,1022600080,IND,1611661313,NYL,NYL,24.0,4.0,4.0,1.0,,2.0,,,,,2.0,,,,1.0,7.0,3.0,,0.07692307692307693,,0.2,0.2,,0.19047619047619047,1.0,0.09523809523809523,,,,1.0,3.0,1.0,2.0,,0.25,,0.25,0.08108108108108109,0.3333333333333333,,,,1.0,,,,,1.0,,
40:00,81,81,33.0,10,162,15.0,20.0,2.0,4.0,6.0,16,2.0,3.0,6.0,2,16,,,,5.0,23,39,6,22,25,89,2.0,5.0,2.0,2.0,2.0,12.0,9.0,15.0,1.0,7.0,16.0,37.0,22,24,18.0,,4.0,16,2,3.0,11,6.0,17,2.0,5.0,4.0,2.0,40,5.0,6.0,8,23,4.0,35,11,46,4,2.0,2.0,8,2.0,4.0,11.0,4.0,19,8.0,8,23,5.0,28,2.0,29,2.0,8,,4.0,,,3.0,1.0,4.0,3.0,77,37.0,33.0,0.4782608695652174,0.5238095238095238,1.0,0.2727272727272727,1.0,0.14285714285714285,0.2727272727272727,0.5897435897435898,0.4,0.6,0.5245901639344263,0.7142857142857143,0.4772727272727273,0.6013513513513513,0.6666666666666666,0.5967741935483871,0.36065573770491804,0.07692307692307693,0.1875,,0.42105263157894735,0.8,0.8214285714285714,0.375,0.8,0.3125,0.8157894736842105,0.34375,0.3,,0.35714285714285715,0.6,0.9285714285714286,1.0,0.8888888888888888,,97.2,0.75,15.316049382716049,14.313580246913581,14.874074074074073,14.165432098765434,0.32786885245901637,0.75,0.75,0.3333333333333333,0.26229508196721313,0.375,0.46153846153846156,0.6666666666666666,0.04918032786885246,0.6666666666666666,0.6666666666666666,1.0,0.09836065573770492,0.26229508196721313,0.125,0.125,1.0,0.5714285714285714,0.5,,,0.22727272727272727,,0.6885245901639344,0.125,0.4956090163934426,0.51359,0.48300909090909094,0.11940298507462686,0.17777777777777778,,0.1348314606741573,0.4157303370786517,5.607692307692307,24.613636363636363,0.4074074074074074,2026-06-08,1022600083,CON,1611661313,NYL,NYL,29.0,7.0,9.0,4.0,1.0,2.0,,4.0,1.0,2.0,2.0,,,,3.0,7.0,6.0,,,,0.6666666666666666,0.6666666666666666,1.0,0.4090909090909091,0.7777777777777778,0.09090909090909091,0.5,2.0,2.0,,2.0,,3.0,,,0.6,,0.06896551724137931,,0.2857142857142857,1.0,1.0,,1.0,,,,,,
40:00,81,80,30.0,9,161,12.0,17.0,,,4.0,8,,3.0,7.0,12,24,1.0,3.0,6.0,10.0,16,28,16,31,24,104,1.0,2.0,3.0,5.0,,11.0,7.0,10.0,7.0,11.0,10.0,45.0,22,10,39.0,9.0,,24,12,2.0,11,13.0,24,9.0,9.0,2.0,,61,6.0,4.0,16,15,4.0,35,10,45,2,2.0,,11,3.0,6.0,9.0,5.0,20,6.0,13,21,3.0,21,1.0,28,1.0,10,1.0,4.0,,,3.0,1.0,4.0,2.0,93,45.0,30.0,0.6875,0.6875,0.8125,0.5161290322580645,0.6,0.6363636363636364,0.5161290322580645,0.5714285714285714,0.5,0.7,0.6779661016949152,0.7857142857142857,0.8333333333333334,0.7183098591549296,0.7857142857142857,0.9,0.5254237288135594,0.07142857142857142,0.125,,0.55,0.8,0.6818181818181818,0.36363636363636365,0.8,0.4,0.7380952380952381,0.38461538461538464,0.5,,0.3333333333333333,0.5,0.7272727272727273,1.0,0.7333333333333333,1.0,96.6,0.5,14.374074074074073,15.446250000000001,13.52716049382716,14.633750000000001,0.288135593220339,0.7058823529411765,0.75,0.75,0.13559322033898305,0.5,0.5714285714285714,0.5,0.05084745762711865,,,,0.11864406779661017,0.4067796610169492,0.5,0.5,0.75,,,0.42857142857142855,0.3333333333333333,0.47619047619047616,0.6,0.8135593220338984,0.5,0.5336844827586207,0.4251625,0.5125775,0.15942028985507245,0.2702702702702703,0.03125,0.10576923076923077,0.4326923076923077,5.310714285714285,25.135483870967743,0.37037037037037035,2026-06-11,1022600092,ATL,1611661313,NYL,NYL,15.0,6.0,7.0,4.0,1.0,1.0,,4.0,,1.0,3.0,1.0,1.0,,2.0,2.0,1.0,,0.058823529411764705,,0.5714285714285714,0.5714285714285714,1.0,0.3333333333333333,0.8571428571428571,0.047619047619047616,1.0,2.0,2.0,,1.0,,,,,0.4,0.6666666666666666,0.041666666666666664,,0.2857142857142857,1.0,1.0,2.0,,,1.0,,,,
40:00,77,78,20.0,7,155,9.0,14.0,,1.0,7.0,14,1.0,3.0,5.0,10,21,2.0,4.0,3.0,5.0,17,31,11,26,19,86,,1.0,2.0,4.0,4.0,10.0,6.0,9.0,3.0,5.0,9.0,30.0,22,12,33.0,,,21,10,2.0,11,11.0,22,10.0,6.0,4.0,1.0,55,2.0,5.0,15,12,3.0,30,8,38,9,9.0,,6,6.0,2.0,13.0,4.0,19,4.0,7,16,1.0,19,1.0,22,2.0,9,,10.0,,,3.0,6.0,10.0,3.0,76,30.0,20.0,0.6470588235294118,0.6470588235294118,1.0,0.4230769230769231,0.5,0.6,0.4230769230769231,0.5483870967741935,,0.6666666666666666,0.5877192982456141,0.6,0.75,0.6417910447761194,0.7142857142857143,0.7894736842105263,0.45614035087719296,0.06451612903225806,0.07142857142857142,,0.3157894736842105,1.0,0.42857142857142855,0.35714285714285715,0.8333333333333334,0.14285714285714285,0.5869565217391305,0.25,0.2857142857142857,0.5,0.1,0.625,0.46153846153846156,0.14285714285714285,0.8666666666666667,0.6666666666666666,93.0,0.3,15.063636363636364,15.898717948717948,14.764935064935067,14.887179487179484,0.24561403508771928,0.6428571428571429,0.6923076923076923,0.6666666666666666,0.24561403508771928,0.5,0.5384615384615384,0.5714285714285714,0.05263157894736842,0.3333333333333333,0.3333333333333333,1.0,0.08771929824561403,0.3684210526315789,0.47619047619047616,0.5,1.0,0.2,,0.8,0.5,0.35714285714285715,0.6,0.7017543859649122,0.47619047619047616,0.5029508771929825,0.53148,0.4572107142857143,0.140625,0.23684210526315788,,0.11627906976744186,0.3488372093023256,5.803225806451613,25.23076923076923,0.2597402597402597,2026-06-14,1022600101,WAS,1611661313,NYL,NYL,23.0,2.0,3.0,1.0,,,1.0,1.0,,2.0,2.0,,1.0,,1.0,3.0,3.0,0.038461538461538464,0.07142857142857142,0.047619047619047616,0.2,0.2,1.0,0.21428571428571427,0.6666666666666666,,,,,1.0,2.0,,2.0,,0.5,0.4,0.25,0.08,,,,,,,,1.0,,1.0,,
40:00,79,80,35.0,11,159,16.0,24.0,4.0,4.0,8.0,15,,,2.0,9,25,1.0,2.0,6.0,14.0,24,39,9,27,21,96,5.0,5.0,1.0,2.0,,13.0,11.0,18.0,6.0,14.0,13.0,53.0,26,22,21.0,6.0,6.0,25,9,4.0,13,7.0,20,7.0,8.0,5.0,,47,8.0,3.0,7,18,1.0,26,11,37,7,5.0,2.0,10,2.0,5.0,4.0,5.0,14,3.0,8,12,,22,,23,1.0,6,,5.0,,,4.0,1.0,5.0,2.0,83,53.0,35.0,0.5416666666666666,0.6190476190476191,0.7777777777777778,0.3333333333333333,0.5,0.42857142857142855,0.3333333333333333,0.6153846153846154,1.0,0.6111111111111112,0.5681818181818182,0.9285714285714286,0.625,0.6168831168831169,0.9285714285714286,0.6794871794871795,0.4090909090909091,0.10256410256410256,,,0.7142857142857143,1.0,0.782608695652174,0.2,0.6363636363636364,0.4444444444444444,0.7352941176470589,0.3333333333333333,0.14285714285714285,,0.4375,0.7272727272727273,0.8333333333333334,0.8333333333333334,0.5555555555555556,1.0,95.4,0.4,16.336708860759494,13.867500000000001,15.551898734177215,13.257500000000002,0.36363636363636365,0.6666666666666666,0.8,0.5,0.22727272727272727,0.5333333333333333,0.5333333333333333,0.625,,,,,0.030303030303030304,0.3787878787878788,0.36,0.36,0.7777777777777778,0.5714285714285714,1.0,0.2857142857142857,0.5,0.4375,0.42857142857142855,0.7727272727272727,0.36,0.5251136363636364,0.609925,0.512996875,0.08450704225352113,0.13636363636363635,,0.13541666666666666,0.5520833333333334,4.01025641025641,24.96666666666667,0.4430379746835443,2026-06-17,1022600108,CHI,1611661313,NYL,NYL,7.0,8.0,11.0,,,,,,1.0,,4.0,,1.0,,1.0,6.0,6.0,,0.16666666666666666,,,,,0.34375,0.7272727272727273,,,,,,,,,,,0.25,0.5,,0.5,,,,1.0,,,1.0,,,,
39:59,78,80,34.0,8,158,12.0,15.0,2.0,2.0,7.0,17,,,13.0,4,21,1.0,3.0,1.0,9.0,19,32,10,34,15,83,2.0,3.0,1.0,5.0,4.0,11.0,8.0,14.0,5.0,13.0,9.0,40.0,20,18,30.0,,4.0,21,4,2.0,10,10.0,20,4.0,7.0,3.0,,50,10.0,3.0,9,15,4.0,28,13,41,5,3.0,2.0,9,1.0,6.0,5.0,3.0,14,6.0,11,26,3.0,23,1.0,20,,5,,6.0,,,2.0,3.0,6.0,5.0,72,40.0,34.0,0.5263157894736842,0.5882352941176471,1.0,0.29411764705882354,0.2,0.38461538461538464,0.29411764705882354,0.59375,0.6666666666666666,0.5714285714285714,0.5151515151515151,0.4375,0.5740740740740741,0.5460526315789473,0.55,0.6060606060606061,0.5151515151515151,0.0625,0.11764705882352941,,0.6428571428571429,0.6666666666666666,0.8333333333333334,0.23076923076923078,0.6428571428571429,0.4166666666666667,0.75,0.35135135135135137,0.2,,0.29411764705882354,1.0,0.7777777777777778,0.8,0.7272727272727273,0.3333333333333333,94.80000000000007,0.8333333333333334,14.875641025641025,15.496249999999975,14.01923076923077,14.819999999999975,0.22727272727272727,0.8,0.8,0.5833333333333334,0.25757575757575757,0.4117647058823529,0.4666666666666667,0.42857142857142855,,,,,0.19696969696969696,0.3181818181818182,0.19047619047619047,0.19047619047619047,1.0,0.25,1.0,0.375,0.3333333333333333,0.3333333333333333,0.1111111111111111,0.7424242424242424,0.19047619047619047,0.5065069230769231,0.5332399999999999,0.49285192307692305,0.07042253521126761,0.13513513513513514,,0.13253012048192772,0.4819277108433735,4.7375,25.041176470588233,0.4358974358974359,2026-06-19,1022600115,WAS,1611661313,NYL,NYL,26.0,8.0,9.0,6.0,4.0,4.0,,6.0,,1.0,1.0,,1.0,,5.0,5.0,5.0,,,,0.46153846153846156,0.46153846153846156,1.0,0.3333333333333333,0.8888888888888888,0.14814814814814814,1.0,,2.0,,1.0,,4.0,,,0.3333333333333333,0.7142857142857143,0.02857142857142857,,0.25,,,,,,1.0,,1.0,,
40:00,82,83,19.0,13,165,18.0,23.0,2.0,3.0,3.0,10,,,8.0,11,28,2.0,5.0,1.0,6.0,21,33,13,36,16,97,2.0,3.0,2.0,5.0,3.0,13.0,4.0,4.0,1.0,7.0,8.0,19.0,26,16,30.0,9.0,2.0,28,11,2.0,13,10.0,23,8.0,10.0,3.0,,56,12.0,2.0,12,17,2.0,31,14,45,7,5.0,2.0,5,4.0,3.0,12.0,2.0,17,5.0,5,21,4.0,20,,19,1.0,5,,2.0,1.0,1.0,2.0,,3.0,1.0,84,18.0,18.0,0.6190476190476191,0.65,0.7692307692307693,0.3611111111111111,0.4,0.14285714285714285,0.3611111111111111,0.6363636363636364,0.6666666666666666,1.0,0.5869565217391305,0.625,0.5,0.6217948717948718,0.65,0.59375,0.5217391304347826,0.06060606060606061,0.2,,0.29411764705882354,1.0,0.8947368421052632,0.16666666666666666,0.6666666666666666,0.5217391304347826,0.7837837837837838,0.4,0.2857142857142857,,0.5294117647058824,0.7777777777777778,1.0,1.0,0.7142857142857143,0.5,99.0,0.3333333333333333,15.273170731707317,13.826506024096384,14.482926829268294,13.585542168674698,0.3333333333333333,0.782608695652174,0.782608695652174,0.5555555555555556,0.14492753623188406,0.3,0.375,1.0,,,,,0.11594202898550725,0.4057971014492754,0.39285714285714285,0.39285714285714285,0.7272727272727273,0.375,0.6666666666666666,0.625,0.4,0.5454545454545454,0.16666666666666666,0.855072463768116,0.39285714285714285,0.5515898550724637,0.44239999999999996,0.5454,0.0684931506849315,0.13513513513513514,,0.13402061855670103,0.1958762886597938,4.018181818181818,24.319444444444443,0.23170731707317074,2026-06-21,1022600122,LAS,1611661313,NYL,NYL,10.0,4.0,4.0,2.0,,1.0,,2.0,,,4.0,,4.0,,3.0,5.0,4.0,,,,0.25,0.25,1.0,0.36363636363636365,1.0,0.09090909090909091,,,,,1.0,2.0,3.0,,,,0.5,0.030303030303030304,,,,,,,,1.0,,,,
40:00,77,77,9.0,5,154,11.0,17.0,1.0,1.0,6.0,16,,1.0,6.0,9,25,,1.0,2.0,5.0,17,34,13,31,14,87,2.0,2.0,,2.0,,4.0,,4.0,2.0,5.0,,6.0,16,18,33.0,6.0,2.0,25,9,3.0,8,11.0,19,7.0,5.0,3.0,,49,1.0,4.0,15,19,,34,5,39,3,2.0,1.0,9,,6.0,3.0,3.0,12,1.0,3,12,1.0,14,1.0,16,4.0,8,1.0,5.0,,,3.0,2.0,5.0,4.0,83,6.0,9.0,0.47058823529411764,0.5,0.8461538461538461,0.41935483870967744,,0.4,0.41935483870967744,0.5,1.0,,0.5615384615384615,0.5,0.3333333333333333,0.6214285714285714,0.5,0.3333333333333333,0.47692307692307695,0.08823529411764706,0.125,,0.75,,0.9047619047619048,0.25,0.7894736842105263,0.058823529411764705,0.85,0.15151515151515152,0.1,1.0,0.06666666666666667,0.8,0.9166666666666666,1.0,0.6923076923076923,1.0,92.4,0.8,16.86103896103896,14.307792207792208,16.464935064935066,13.884415584415587,0.26153846153846155,0.6470588235294118,0.6875,0.45454545454545453,0.24615384615384617,0.375,0.42857142857142855,0.5,0.015384615384615385,,,,0.09230769230769231,0.38461538461538464,0.36,0.36,0.7777777777777778,0.25,1.0,0.25,,0.5555555555555556,0.4,0.7384615384615385,0.36,0.4974607692307692,0.4980166666666667,0.40097777777777777,0.12857142857142856,0.21052631578947367,0.03125,0.04597701149425287,0.06896551724137931,6.023529411764706,25.503225806451614,0.11688311688311688,2026-06-23,1022600127,LVA,1611661313,NYL,NYL,9.0,,2.0,4.0,,,1.0,4.0,,1.0,1.0,,1.0,,1.0,,,0.03225806451612903,0.058823529411764705,,0.6666666666666666,0.8,1.0,0.2222222222222222,,,,,1.0,,,,1.0,0.16666666666666666,,0.4,,,,0.25,,,1.0,1.0,,,,,,
40:00,82,84,19.0,11,166,18.0,21.0,5.0,5.0,4.0,13,,1.0,9.0,9,27,,2.0,2.0,7.0,22,35,10,36,14,88,5.0,5.0,,2.0,4.0,14.0,2.0,6.0,2.0,7.0,8.0,18.0,26,18,24.0,6.0,8.0,27,9,2.0,13,8.0,21,7.0,11.0,2.0,,50,7.0,4.0,9,12,1.0,22,12,34,9,7.0,2.0,8,3.0,8.0,8.0,,16,3.0,6,14,,21,2.0,20,4.0,6,,2.0,1.0,1.0,1.0,1.0,3.0,1.0,74,18.0,19.0,0.5909090909090909,0.7222222222222222,0.8,0.2777777777777778,,0.2857142857142857,0.2777777777777778,0.6285714285714286,1.0,0.3333333333333333,0.5211267605633803,0.7142857142857143,0.38461538461538464,0.5569620253164557,0.7,0.45,0.5070422535211268,0.05714285714285714,0.15384615384615385,,0.5,1.0,0.7058823529411765,0.3076923076923077,0.5294117647058824,0.28,0.6176470588235294,0.2894736842105263,0.2222222222222222,,0.23529411764705882,0.625,0.7142857142857143,1.0,0.5625,,99.6,0.3333333333333333,15.345121951219511,13.591666666666667,14.991463414634145,13.258333333333335,0.29577464788732394,0.8571428571428571,0.8571428571428571,0.6111111111111112,0.18309859154929578,0.3076923076923077,0.36363636363636365,0.5,0.014084507042253521,,,,0.1267605633802817,0.38028169014084506,0.3333333333333333,0.3333333333333333,0.7777777777777778,0.7142857142857143,1.0,0.2857142857142857,,0.5384615384615384,0.2857142857142857,0.8028169014084507,0.3333333333333333,0.5278443661971831,0.624275,0.49587692307692305,0.0821917808219178,0.16216216216216217,,0.1590909090909091,0.20454545454545456,4.2942857142857145,24.674999999999997,0.23170731707317074,2026-06-25,1022600134,SEA,1611661313,NYL,NYL,21.0,1.0,3.0,1.0,,,1.0,1.0,,2.0,2.0,,,,2.0,6.0,6.0,0.027777777777777776,,,0.1111111111111111,0.125,1.0,0.23076923076923078,0.3333333333333333,,,,,1.0,,,3.0,0.1111111111111111,0.3333333333333333,0.6666666666666666,0.375,,0.2,,,,,,,,,,,
40:00,67,69,30.0,6,136,4.0,8.0,,1.0,7.0,17,1.0,2.0,2.0,9,23,2.0,2.0,5.0,10.0,12,27,9,25,16,67,2.0,3.0,2.0,3.0,1.0,11.0,2.0,10.0,5.0,11.0,11.0,30.0,14,10,21.0,6.0,,23,9,2.0,7,7.0,14,7.0,3.0,4.0,,35,2.0,4.0,12,11,2.0,25,7,32,5,2.0,3.0,5,2.0,4.0,7.0,1.0,12,8.0,7,21,2.0,24,2.0,21,,4,,2.0,,,1.0,1.0,2.0,2.0,56,30.0,30.0,0.5833333333333334,0.5833333333333334,0.7777777777777778,0.36,0.6666666666666666,0.45454545454545453,0.36,0.4444444444444444,0.6666666666666666,0.2,0.49038461538461536,0.8333333333333334,0.4523809523809524,0.5403225806451613,0.7857142857142857,0.5357142857142857,0.4807692307692308,0.07407407407407407,0.058823529411764705,,0.4166666666666667,1.0,0.7333333333333333,0.26666666666666666,0.5714285714285714,0.125,0.6388888888888888,0.1935483870967742,0.1,1.0,0.14285714285714285,1.0,0.7272727272727273,0.6666666666666666,0.6923076923076923,0.375,81.6,1.0,14.782089552238805,20.428985507246374,14.291044776119403,19.130434782608695,0.15384615384615385,0.5,0.5714285714285714,0.75,0.3269230769230769,0.4117647058823529,0.4375,0.5714285714285714,0.038461538461538464,0.5,0.5,,0.038461538461538464,0.4423076923076923,0.391304347826087,0.391304347826087,0.7777777777777778,0.16666666666666666,,0.3333333333333333,1.0,0.47619047619047616,0.5,0.6346153846153846,0.391304347826087,0.49417115384615384,0.5629299999999999,0.5524476190476191,0.07142857142857142,0.12903225806451613,,0.16417910447761194,0.44776119402985076,6.033333333333333,25.124000000000002,0.44776119402985076,2026-06-28,1022600144,GSV,1611661313,NYL,NYL,20.0,1.0,4.0,,,1.0,,,,1.0,,1.0,3.0,,3.0,6.0,6.0,,0.125,,,,,0.19047619047619047,0.25,0.047619047619047616,,,1.0,1.0,1.0,,2.0,,0.5,0.5,,0.034482758620689655,,0.16666666666666666,,,,2.0,,1.0,,,,
40:00,77,75,13.0,7,152,17.0,19.0,3.0,5.0,9.0,17,,1.0,8.0,6,17,,,1.0,3.0,26,37,10,25,17,99,4.0,7.0,,,3.0,11.0,3.0,5.0,2.0,4.0,5.0,17.0,32,20,30.0,,4.0,17,6,1.0,16,10.0,26,6.0,9.0,7.0,,62,3.0,5.0,13,17,1.0,31,8,39,8,6.0,2.0,8,4.0,6.0,9.0,2.0,17,3.0,6,13,2.0,15,,18,4.0,9,,4.0,2.0,1.0,1.0,3.0,6.0,3.0,88,17.0,13.0,0.6153846153846154,0.6666666666666666,1.0,0.4,,0.5,0.4,0.7027027027027027,0.5714285714285714,0.6,0.6612903225806451,0.5714285714285714,0.6666666666666666,0.717391304347826,0.6875,0.7083333333333334,0.4032258064516129,0.02702702702702703,0.058823529411764705,,0.47058823529411764,1.0,0.5666666666666667,0.45454545454545453,0.6190476190476191,0.21428571428571427,0.5882352941176471,0.32,0.5,,0.2,0.4444444444444444,0.5882352941176471,0.75,0.5625,0.8,91.2,0.5,14.755844155844157,16.850666666666665,14.405194805194807,15.817333333333332,0.3064516129032258,0.8947368421052632,0.8947368421052632,0.5294117647058824,0.27419354838709675,0.5294117647058824,0.5625,0.7777777777777778,0.016129032258064516,,,,0.12903225806451613,0.27419354838709675,0.35294117647058826,0.35294117647058826,1.0,0.7142857142857143,0.6,,,0.3333333333333333,0.3333333333333333,0.7096774193548387,0.35294117647058826,0.5259129032258064,0.571225,0.4513611111111111,0.13432835820895522,0.21428571428571427,,0.1111111111111111,0.1717171717171717,4.321621621621622,24.804000000000002,0.16883116883116883,2026-07-03,1022600148,MIN,1611661313,NYL,NYL,16.0,1.0,1.0,4.0,1.0,1.0,,4.0,,1.0,,,,,1.0,2.0,2.0,,,,0.5,0.5,1.0,0.1111111111111111,1.0,0.1111111111111111,1.0,,,,2.0,,,,,0.5,0.25,0.08333333333333333,,,,,,,1.0,,,,,
40:00,79,81,17.0,9,160,12.0,17.0,1.0,1.0,9.0,21,,1.0,8.0,2,18,,1.0,,4.0,21,39,5,26,20,77,2.0,3.0,1.0,4.0,4.0,11.0,3.0,9.0,,5.0,6.0,12.0,22,20,15.0,,4.0,18,2,5.0,11,5.0,16,2.0,7.0,4.0,,37,6.0,3.0,12,17,,29,10,39,3,3.0,,3,2.0,1.0,11.0,2.0,14,2.0,2,18,5.0,17,1.0,22,1.0,7,1.0,4.0,,,2.0,1.0,4.0,3.0,66,12.0,17.0,0.5238095238095238,0.5789473684210527,1.0,0.19230769230769232,0.25,,0.19230769230769232,0.5384615384615384,0.6666666666666666,0.3333333333333333,0.43846153846153846,0.5,0.21428571428571427,0.5133333333333333,0.6111111111111112,0.3333333333333333,0.4,0.1282051282051282,0.19047619047619047,,0.21428571428571427,,0.7083333333333334,0.16666666666666666,0.75,0.2857142857142857,0.725,0.23076923076923078,0.16666666666666666,,0.1875,0.8333333333333334,0.5384615384615384,1.0,0.75,0.75,96.0,0.75,15.482278481012656,14.52962962962963,15.044303797468354,13.882716049382717,0.26153846153846155,0.7058823529411765,0.75,0.5833333333333334,0.3230769230769231,0.42857142857142855,0.5294117647058824,0.4444444444444444,0.015384615384615385,,,,0.12307692307692308,0.27692307692307694,0.1111111111111111,0.1111111111111111,1.0,0.14285714285714285,1.0,0.14285714285714285,,0.2857142857142857,,0.6615384615384615,0.1111111111111111,0.49636923076923084,0.507825,0.44706071428571426,0.1111111111111111,0.15555555555555556,0.037037037037037035,0.14285714285714285,0.15584415584415584,5.292307692307692,24.596153846153847,0.21518987341772153,2026-07-07,1022600157,DAL,1611661313,NYL,NYL,17.0,1.0,3.0,3.0,,1.0,,3.0,,,1.0,1.0,3.0,,1.0,3.0,3.0,,0.058823529411764705,,0.375,0.375,1.0,0.21428571428571427,0.3333333333333333,0.07142857142857142,,1.0,3.0,1.0,2.0,2.0,3.0,,0.5,0.2,0.6,0.058823529411764705,,0.42857142857142855,0.3333333333333333,1.0,,,,,,1.0,,
40:00,76,78,16.0,11,154,14.0,24.0,1.0,4.0,2.0,6,3.0,7.0,7.0,11,31,2.0,4.0,3.0,6.0,19,37,13,38,8,85,2.0,8.0,3.0,6.0,,13.0,5.0,9.0,4.0,7.0,2.0,24.0,20,18,30.0,9.0,2.0,31,11,3.0,10,10.0,20,8.0,9.0,1.0,,50,7.0,9.0,10,15,2.0,27,16,43,8,6.0,2.0,9,,7.0,5.0,2.0,14,3.0,9,16,1.0,18,1.0,9,2.0,5,,2.0,,,2.0,,2.0,1.0,72,24.0,16.0,0.5263157894736842,0.5555555555555556,0.7692307692307693,0.34210526315789475,0.5,0.5714285714285714,0.34210526315789475,0.5135135135135135,0.25,0.5555555555555556,0.5133333333333333,0.4642857142857143,0.6875,0.5384615384615384,0.4642857142857143,0.7058823529411765,0.5066666666666667,0.08108108108108109,,,0.6428571428571429,0.6666666666666666,0.6,0.5,0.7142857142857143,0.28,0.6410256410256411,0.37209302325581395,0.5,0.5,0.35,0.5,1.0,0.6666666666666666,0.6666666666666666,1.0,92.4,0.5,15.928947368421051,15.24871794871795,14.705263157894736,14.053846153846154,0.32,0.5833333333333334,0.6666666666666666,0.6428571428571429,0.08,0.3333333333333333,0.3333333333333333,0.5,0.09333333333333334,0.42857142857142855,0.42857142857142855,,0.09333333333333334,0.41333333333333333,0.3548387096774194,0.3548387096774194,0.7272727272727273,0.2857142857142857,0.25,0.2857142857142857,0.5,0.375,0.5,0.8266666666666667,0.3548387096774194,0.524384,0.5250863636363636,0.4833875,0.0641025641025641,0.125,,0.15294117647058825,0.2823529411764706,5.835135135135135,24.38684210526316,0.21052631578947367,2026-07-11,1022600168,MIN,1611661313,NYL,NYL,12.0,3.0,6.0,2.0,1.0,1.0,,2.0,1.0,1.0,2.0,,1.0,,1.0,,,,0.125,,0.2857142857142857,0.2857142857142857,1.0,0.375,0.5,0.0625,1.0,1.0,2.0,,4.0,,1.0,,,0.5,,0.1,,0.14285714285714285,0.5,1.0,1.0,1.0,,1.0,,,,
40:00,88,89,37.0,14,177,20.0,29.0,6.0,7.0,5.0,16,3.0,5.0,7.0,2,19,,,1.0,8.0,28,50,5,26,20,91,6.0,12.0,1.0,1.0,3.0,18.0,11.0,23.0,2.0,9.0,14.0,42.0,24,32,12.0,3.0,2.0,19,2,3.0,12,4.0,16,1.0,10.0,1.0,1.0,36,6.0,9.0,12,12,,24,16,40,11,8.0,3.0,10,1.0,9.0,8.0,1.0,18,4.0,8,19,3.0,28,3.0,22,2.0,7,,4.0,,,3.0,1.0,4.0,1.0,73,42.0,37.0,0.42857142857142855,0.4444444444444444,0.8,0.19230769230769232,1.0,0.2222222222222222,0.19230769230769232,0.56,0.5,0.4782608695652174,0.46710526315789475,0.5769230769230769,0.4375,0.5290697674418605,0.6428571428571429,0.525,0.34210526315789475,0.06,0.0625,,0.5555555555555556,,0.7058823529411765,0.4090909090909091,0.8571428571428571,0.3,0.7741935483870968,0.35714285714285715,0.2727272727272727,,0.3125,0.5714285714285714,0.7142857142857143,1.0,0.8571428571428571,,106.2,0.25,14.1125,13.012359550561797,12.913636363636364,12.506741573033707,0.3815789473684211,0.6896551724137931,0.7407407407407407,0.5,0.21052631578947367,0.3125,0.3333333333333333,0.2,0.06578947368421052,0.6,0.6,0.3333333333333333,0.09210526315789473,0.25,0.10526315789473684,0.10526315789473684,0.5,0.5384615384615384,0.8571428571428571,,,0.25,0.125,0.7236842105263158,0.10526315789473684,0.5440519736842105,0.5322555555555556,0.53723125,0.08641975308641975,0.12727272727272726,,0.1978021978021978,0.46153846153846156,5.093999999999999,24.799999999999997,0.42045454545454547,2026-07-12,1022600171,TOR,1611661313,NYL,NYL,19.0,10.0,13.0,3.0,1.0,1.0,,3.0,1.0,,2.0,,,2.0,1.0,5.0,5.0,,0.06896551724137931,,0.42857142857142855,0.42857142857142855,1.0,0.40625,0.7692307692307693,0.03125,1.0,1.0,1.0,1.0,1.0,1.0,,,1.0,0.6666666666666666,0.25,0.02564102564102564,0.6666666666666666,0.07692307692307693,1.0,1.0,,,,,,,,
40:00,82,84,29.0,9,166,11.0,20.0,2.0,2.0,5.0,10,1.0,5.0,8.0,10,24,,1.0,2.0,6.0,17,35,13,32,15,88,5.0,6.0,,2.0,3.0,13.0,8.0,14.0,2.0,9.0,5.0,27.0,18,16,30.0,9.0,4.0,24,10,5.0,9,10.0,19,7.0,4.0,4.0,1.0,48,3.0,5.0,9,10,3.0,22,10,32,8,4.0,4.0,7,2.0,7.0,10.0,,17,7.0,14,24,3.0,24,3.0,25,3.0,11,1.0,5.0,1.0,1.0,5.0,,6.0,3.0,75,27.0,29.0,0.5294117647058824,0.6,0.7692307692307693,0.40625,,0.2222222222222222,0.40625,0.4857142857142857,0.8333333333333334,0.5714285714285714,0.5447761194029851,0.625,0.4782608695652174,0.564935064935065,0.65,0.5192307692307693,0.47761194029850745,0.14285714285714285,,,0.4117647058823529,1.0,0.5555555555555556,0.2777777777777778,0.75,0.17647058823529413,0.6333333333333333,0.22857142857142856,0.2,0.25,0.25,0.7,0.25,0.5,0.7272727272727273,1.0,99.6,0.5,15.510975609756098,13.429761904761904,14.910975609756099,12.921428571428569,0.29850746268656714,0.55,0.7333333333333333,0.36363636363636365,0.14925373134328357,0.5,0.5,0.8,0.07462686567164178,0.2,0.2,1.0,0.11940298507462686,0.3582089552238806,0.4166666666666667,0.4166666666666667,0.7,0.25,1.0,0.125,,0.2608695652173913,0.3333333333333333,0.7761194029850746,0.4166666666666667,0.509684090909091,0.39207000000000003,0.5196173913043478,0.15789473684210525,0.2558139534883721,0.030303030303030304,0.14772727272727273,0.3068181818181818,5.562857142857142,26.690625,0.35365853658536583,2026-07-18,1022600188,IND,1611661313,NYL,NYL,31.0,5.0,9.0,3.0,,3.0,,3.0,,,,,3.0,,,1.0,1.0,,0.25,,0.375,0.375,1.0,0.391304347826087,0.5555555555555556,0.13043478260869565,,,1.0,2.0,2.0,,1.0,,0.4,0.3333333333333333,,0.06666666666666667,,0.125,,,1.0,,,,,,,
45:00,82,83,24.0,16,165,11.0,24.0,6.0,8.0,12.0,23,3.0,5.0,5.0,9,27,2.0,4.0,2.0,9.0,26,52,9,32,20,99,9.0,12.0,2.0,5.0,6.0,30.0,7.0,9.0,2.0,12.0,12.0,32.0,22,30,18.0,9.0,14.0,27,9,7.0,11,6.0,17,6.0,4.0,5.0,2.0,40,10.0,9.0,9,22,2.0,33,20,53,3,1.0,2.0,1,3.0,,7.0,1.0,8,2.0,9,17,1.0,26,3.0,23,2.0,8,,5.0,1.0,1.0,1.0,4.0,6.0,5.0,69,32.0,24.0,0.4230769230769231,0.5789473684210527,0.6666666666666666,0.28125,0.4,0.16666666666666666,0.28125,0.5,0.75,0.7777777777777778,0.47023809523809523,0.7058823529411765,0.47619047619047616,0.5212765957446809,0.75,0.5740740740740741,0.38095238095238093,0.1346153846153846,0.13043478260869565,,0.125,0.6666666666666666,0.7857142857142857,0.34615384615384615,0.9,0.45454545454545453,0.8157894736842105,0.3958333333333333,0.2727272727272727,0.5,0.4117647058823529,0.8333333333333334,0.7142857142857143,0.875,0.9,,88.0,0.8333333333333334,16.43780487804878,16.29036144578313,15.556097560975612,16.025301204819275,0.2857142857142857,0.4583333333333333,0.55,0.36363636363636365,0.27380952380952384,0.5217391304347826,0.6,0.4166666666666667,0.05952380952380952,0.6,0.6,0.6666666666666666,0.05952380952380952,0.32142857142857145,0.3333333333333333,0.3333333333333333,0.6666666666666666,0.47058823529411764,0.75,0.23529411764705882,0.5,0.42857142857142855,0.2222222222222222,0.6666666666666666,0.3333333333333333,0.4815321428571429,0.49007500000000004,0.49539999999999995,0.08888888888888889,0.13793103448275862,,0.30303030303030304,0.32323232323232326,6.119230769230769,25.146875,0.2926829268292683,2026-07-20,1022600183,DAL,1611661313,NYL,NYL,16.0,3.0,5.0,,,3.0,,,,,,,1.0,,2.0,4.0,4.0,,0.16666666666666666,,,,,0.23809523809523808,0.6,0.14285714285714285,,,1.0,1.0,3.0,1.0,1.0,,0.5,0.38461538461538464,0.6,0.07317073170731707,,0.058823529411764705,,,1.0,1.0,,0.5,,,,
40:00,83,82,17.0,10,165,9.0,18.0,1.0,4.0,8.0,23,1.0,2.0,7.0,9,21,2.0,3.0,1.0,3.0,18,43,11,28,26,95,2.0,6.0,2.0,3.0,3.0,13.0,3.0,8.0,1.0,3.0,7.0,16.0,18,18,24.0,9.0,4.0,21,9,5.0,9,8.0,17,6.0,5.0,3.0,1.0,42,4.0,8.0,11,18,1.0,30,12,42,1,1.0,,8,2.0,7.0,5.0,1.0,13,3.0,7,16,2.0,20,1.0,28,3.0,13,1.0,6.0,,,3.0,3.0,6.0,4.0,82,16.0,17.0,0.5,0.5625,0.7272727272727273,0.39285714285714285,0.6666666666666666,0.3333333333333333,0.39285714285714285,0.4186046511627907,0.3333333333333333,0.375,0.4859154929577465,0.5555555555555556,0.4090909090909091,0.5670731707317073,0.65,0.5714285714285714,0.39436619718309857,0.11627906976744186,0.08695652173913043,,0.6153846153846154,1.0,0.782608695652174,0.32,0.8461538461538461,0.25,0.8055555555555556,0.2926829268292683,0.26666666666666666,,0.2727272727272727,0.6,0.9230769230769231,0.6,0.8,1.0,99.0,0.6666666666666666,15.327710843373495,13.753658536585366,14.803614457831326,13.278048780487804,0.2535211267605634,0.5,0.6,0.5555555555555556,0.323943661971831,0.34782608695652173,0.38095238095238093,0.375,0.028169014084507043,0.5,0.5,1.0,0.09859154929577464,0.29577464788732394,0.42857142857142855,0.45,0.6666666666666666,0.4444444444444444,0.25,0.3333333333333333,0.6666666666666666,0.2727272727272727,0.3333333333333333,0.647887323943662,0.42857142857142855,0.46744788732394366,0.471925,0.4552545454545454,0.1728395061728395,0.24528301886792453,0.03571428571428571,0.1368421052631579,0.16842105263157894,6.0162790697674415,24.72142857142857,0.20481927710843373,2026-07-22,1022600199,CHI,1611661313,NYL,NYL,16.0,1.0,2.0,2.0,,,1.0,2.0,,1.0,2.0,,1.0,,1.0,1.0,1.0,0.03571428571428571,0.16666666666666666,0.047619047619047616,0.2857142857142857,0.2857142857142857,1.0,0.18181818181818182,0.5,,,,,,3.0,,1.0,,,0.4444444444444444,0.2,0.08571428571428572,,,,,2.0,,,0.5,1.0,,,
40:00,84,86,7.0,8,170,18.0,21.0,2.0,2.0,6.0,13,,4.0,7.0,13,25,2.0,2.0,1.0,2.0,24,38,17,32,14,113,2.0,2.0,4.0,5.0,2.0,18.0,,2.0,2.0,3.0,7.0,13.0,28,20,39.0,12.0,2.0,25,13,,14,13.0,27,9.0,10.0,4.0,,67,7.0,2.0,11,11,1.0,23,9,32,10,8.0,2.0,10,4.0,8.0,8.0,2.0,18,,4,13,1.0,16,2.0,16,1.0,4,,7.0,,,6.0,1.0,7.0,4.0,95,10.0,5.0,0.5833333333333334,0.6086956521739131,0.7647058823529411,0.53125,0.8,0.6666666666666666,0.53125,0.631578947368421,1.0,,0.7071428571428572,1.1428571428571428,0.6,0.7337662337662337,1.125,0.7222222222222222,0.45714285714285713,,,,0.5555555555555556,1.0,0.7857142857142857,0.14285714285714285,0.7857142857142857,0.5,0.7857142857142857,0.32142857142857145,0.2857142857142857,,0.36363636363636365,0.8,0.6666666666666666,1.0,0.6666666666666666,1.0,102.0,0.5714285714285714,15.100000000000001,13.15813953488372,14.423809523809526,12.869767441860464,0.3,0.8571428571428571,0.8571428571428571,0.5555555555555556,0.18571428571428572,0.46153846153846156,0.46153846153846156,0.6666666666666666,0.05714285714285714,,,,0.1,0.35714285714285715,0.52,0.5416666666666666,0.6923076923076923,0.2857142857142857,1.0,0.2857142857142857,1.0,0.4,0.5,0.7571428571428571,0.52,0.518135,0.505575,0.42866,0.0547945205479452,0.0975609756097561,,0.1592920353982301,0.11504424778761062,5.557894736842105,24.8625,0.08333333333333333,2026-07-28,1022600207,LAS,1611661313,NYL,NYL,21.0,,,4.0,1.0,1.0,1.0,4.0,,1.0,1.0,,,,,4.0,1.0,0.03125,,0.04,0.5714285714285714,0.5714285714285714,1.0,,,0.2,1.0,2.0,3.0,,1.0,1.0,,,,,1.0,0.037037037037037035,,0.42857142857142855,0.6666666666666666,1.0,,,,1.0,,,,
40:00,83,82,30.0,10,165,16.0,20.0,2.0,3.0,11.0,26,,,5.0,4,17,1.0,1.0,,9.0,27,46,8,22,21,99,4.0,6.0,1.0,1.0,4.0,15.0,10.0,16.0,1.0,10.0,8.0,31.0,28,26,18.0,6.0,2.0,17,4,4.0,14,6.0,20,2.0,8.0,6.0,,46,5.0,4.0,12,14,1.0,27,10,37,9,7.0,2.0,5,2.0,4.0,8.0,1.0,13,4.0,8,20,3.0,21,1.0,25,2.0,10,1.0,1.0,,,,1.0,1.0,,84,31.0,30.0,0.5185185185185185,0.5384615384615384,0.75,0.36363636363636365,1.0,0.1,0.36363636363636365,0.5869565217391305,0.6666666666666666,0.625,0.5735294117647058,0.7857142857142857,0.4423076923076923,0.6265822784810127,0.8333333333333334,0.5166666666666667,0.3235294117647059,0.08695652173913043,0.11538461538461539,,0.38461538461538464,1.0,0.875,0.21052631578947367,0.8,0.35714285714285715,0.8387096774193549,0.2727272727272727,0.2,,0.38461538461538464,1.0,0.7777777777777778,1.0,0.75,1.0,99.0,,14.551807228915662,14.539024390243902,14.025301204819277,14.402439024390244,0.29411764705882354,0.8,0.8421052631578947,0.5,0.38235294117647056,0.4230769230769231,0.4782608695652174,0.5454545454545454,,,,,0.07352941176470588,0.25,0.23529411764705882,0.23529411764705882,0.5,0.42857142857142855,0.6666666666666666,0.14285714285714285,1.0,0.34615384615384615,,0.6176470588235294,0.23529411764705882,0.4789783582089552,0.42235,0.46322,0.14285714285714285,0.18518518518518517,0.043478260869565216,0.15151515151515152,0.31313131313131315,5.217391304347826,25.845454545454547,0.3614457831325301,2026-07-30,1022600212,LVA,1611661313,NYL,NYL,18.0,4.0,6.0,4.0,1.0,1.0,,4.0,,,,,2.0,,,2.0,2.0,,0.05,,0.8,0.8,1.0,0.23076923076923078,0.6666666666666666,0.038461538461538464,1.0,,,1.0,1.0,1.0,5.0,,0.3333333333333333,0.25,,0.034482758620689655,0.5,,,,,,,1.0,,,,
40:00,81,82,22.0,12,163,18.0,21.0,5.0,5.0,5.0,14,1.0,5.0,4.0,6,24,,1.0,2.0,9.0,24,40,9,28,19,94,6.0,7.0,,1.0,4.0,16.0,4.0,7.0,4.0,11.0,10.0,30.0,36,12,24.0,3.0,6.0,24,6,2.0,18,8.0,26,5.0,13.0,4.0,1.0,60,4.0,8.0,11,15,4.0,30,12,42,2,2.0,,7,2.0,3.0,10.0,4.0,17,2.0,9,23,2.0,20,1.0,19,1.0,8,,2.0,1.0,1.0,,2.0,3.0,3.0,78,28.0,21.0,0.75,0.8571428571428571,0.8888888888888888,0.32142857142857145,,0.36363636363636365,0.32142857142857145,0.6,0.8571428571428571,0.5714285714285714,0.5514705882352942,0.75,0.5555555555555556,0.6103896103896104,0.8,0.6521739130434783,0.4117647058823529,0.05,0.07142857142857142,,0.4117647058823529,1.0,0.8333333333333334,0.5,0.8461538461538461,0.2222222222222222,0.8387096774193549,0.35294117647058826,0.5555555555555556,0.5,0.23529411764705882,1.0,0.625,1.0,0.8333333333333334,1.0,97.8,1.0,16.067901234567902,13.396341463414634,15.253086419753087,13.175609756097563,0.3088235294117647,0.8571428571428571,0.9,0.7222222222222222,0.20588235294117646,0.35714285714285715,0.38461538461538464,0.8,0.07352941176470588,0.2,0.2,1.0,0.058823529411764705,0.35294117647058826,0.25,0.25,0.8333333333333334,0.625,1.0,0.125,,0.5,0.2222222222222222,0.7205882352941176,0.25,0.5091125,0.5419833333333334,0.4798027777777778,0.10666666666666667,0.1702127659574468,,0.1702127659574468,0.3191489361702128,6.0649999999999995,24.557142857142857,0.2716049382716049,2026-08-01,1022600217,PHX,1611661313,NYL,NYL,20.0,4.0,4.0,3.0,2.0,2.0,,3.0,,2.0,2.0,,2.0,,2.0,2.0,1.0,,0.047619047619047616,,0.75,0.75,1.0,0.2222222222222222,1.0,0.1111111111111111,1.0,,,,1.0,,4.0,,,0.3333333333333333,,0.03125,0.4,,,,,,,,,,,
40:00,79,78,14.0,10,157,9.0,14.0,1.0,1.0,10.0,19,1.0,1.0,5.0,13,29,3.0,5.0,1.0,3.0,20,34,14,34,13,95,1.0,3.0,3.0,5.0,,11.0,3.0,4.0,1.0,3.0,3.0,12.0,28,12,27.0,15.0,,29,13,3.0,14,9.0,23,8.0,9.0,4.0,1.0,55,7.0,3.0,15,16,1.0,32,11,43,2,1.0,1.0,7,3.0,3.0,8.0,4.0,15,4.0,10,14,1.0,18,3.0,16,2.0,7,2.0,5.0,1.0,1.0,2.0,3.0,6.0,4.0,84,12.0,14.0,0.7,0.7,0.6428571428571429,0.4117647058823529,0.6,0.3333333333333333,0.4117647058823529,0.5882352941176471,0.3333333333333333,0.75,0.6029411764705882,0.6875,0.6428571428571429,0.6418918918918919,0.6875,0.6666666666666666,0.5,0.08823529411764706,0.10526315789473684,,0.4666666666666667,1.0,0.7272727272727273,0.21428571428571427,0.7894736842105263,0.3684210526315789,0.7560975609756098,0.30303030303030304,0.2222222222222222,,0.3333333333333333,0.6,0.75,0.8,0.7857142857142857,0.8,94.2,0.6666666666666666,16.09493670886076,14.467948717948717,15.09367088607595,13.878205128205128,0.20588235294117646,0.6428571428571429,0.6923076923076923,1.0,0.27941176470588236,0.5263157894736842,0.5882352941176471,0.4,0.014705882352941176,1.0,1.0,1.0,0.07352941176470588,0.4264705882352941,0.4482758620689655,0.4482758620689655,0.6153846153846154,0.125,1.0,0.625,0.6,0.42857142857142855,0.3333333333333333,0.7058823529411765,0.4482758620689655,0.49727164179104477,0.5324125,0.48390833333333333,0.12162162162162163,0.1794871794871795,0.05714285714285714,0.11578947368421053,0.12631578947368421,5.302941176470589,25.58235294117647,0.17721518987341772,2026-08-03,1022600223,SEA,1611661313,NYL,NYL,15.0,1.0,1.0,1.0,,,,1.0,,1.0,2.0,,,,1.0,,,,0.07142857142857142,,0.2,0.2,1.0,0.14285714285714285,1.0,,,,,1.0,,,,,1.0,0.2,0.5,,1.0,,,,,,,0.3333333333333333,1.0,,,
40:00,80,80,22.0,10,160,21.0,26.0,3.0,5.0,4.0,16,1.0,4.0,9.0,4,20,,4.0,1.0,7.0,26,46,7,29,19,92,4.0,8.0,,4.0,3.0,11.0,5.0,10.0,1.0,7.0,9.0,22.0,38,14,18.0,3.0,2.0,20,4,3.0,19,6.0,25,3.0,16.0,2.0,1.0,56,10.0,3.0,10,20,1.0,31,13,44,7,6.0,1.0,7,1.0,6.0,5.0,1.0,12,2.0,7,13,,19,,21,5.0,10,,3.0,,,2.0,1.0,3.0,3.0,81,20.0,21.0,0.7307692307692307,0.76,0.8571428571428571,0.2413793103448276,,0.14285714285714285,0.2413793103448276,0.5652173913043478,0.5,0.5,0.4866666666666667,0.3333333333333333,0.38235294117647056,0.5542168674698795,0.4230769230769231,0.5,0.38666666666666666,0.06521739130434782,0.125,,0.5833333333333334,0.5,0.7142857142857143,0.17647058823529413,0.6666666666666666,0.5,0.6976744186046512,0.35135135135135137,0.18181818181818182,,0.6428571428571429,0.6666666666666666,0.6923076923076923,1.0,0.6923076923076923,0.5,96.0,1.0,14.903749999999999,15.096250000000001,14.040000000000001,14.3875,0.3466666666666667,0.8076923076923077,0.84,0.7619047619047619,0.21333333333333335,0.25,0.2857142857142857,0.5,0.05333333333333334,0.25,0.25,1.0,0.12,0.26666666666666666,0.2,0.2,0.75,0.4166666666666667,0.6,0.3333333333333333,,0.4117647058823529,0.14285714285714285,0.7333333333333333,0.2,0.4992087837837838,0.5023571428571428,0.439925,0.125,0.19607843137254902,,0.11956521739130435,0.2391304347826087,6.017391304347826,26.355172413793102,0.275,2026-08-05,1022600227,SEA,1611661313,NYL,NYL,20.0,5.0,6.0,3.0,,,,3.0,,,1.0,,,,1.0,3.0,2.0,,0.038461538461538464,,0.3333333333333333,0.3333333333333333,1.0,0.35294117647058826,0.8333333333333334,,,,,,1.0,1.0,,,,0.25,0.16666666666666666,0.02857142857142857,0.3333333333333333,,,,,,,,,,,
40:00,81,81,22.0,15,162,20.0,28.0,3.0,6.0,6.0,15,,,5.0,14,27,1.0,3.0,2.0,7.0,26,43,14,32,17,111,4.0,9.0,1.0,5.0,2.0,13.0,6.0,12.0,2.0,8.0,6.0,24.0,26,26,36.0,6.0,6.0,27,14,2.0,13,12.0,25,12.0,12.0,1.0,,62,11.0,7.0,16,17,2.0,35,18,53,8,7.0,1.0,6,3.0,5.0,7.0,1.0,13,2.0,6,13,2.0,18,1.0,21,3.0,9,,3.0,1.0,1.0,2.0,1.0,4.0,4.0,98,24.0,22.0,0.5,0.5652173913043478,0.8571428571428571,0.4375,0.2,0.25,0.4375,0.6046511627906976,0.4444444444444444,0.5,0.6266666666666667,0.39285714285714285,0.45,0.6607142857142857,0.43333333333333335,0.5,0.4266666666666667,0.046511627906976744,0.06666666666666667,,0.46153846153846156,1.0,0.8947368421052632,0.4117647058823529,0.8421052631578947,0.6111111111111112,0.868421052631579,0.5142857142857142,0.4444444444444444,,0.7692307692307693,1.0,0.8571428571428571,0.75,0.8823529411764706,0.5,97.2,1.0,14.97283950617284,14.65679012345679,13.775308641975307,14.298765432098765,0.37333333333333335,0.7142857142857143,0.7407407407407407,0.6,0.2,0.4,0.42857142857142855,0.16666666666666666,,,,,0.06666666666666667,0.36,0.5185185185185185,0.5185185185185185,0.8571428571428571,0.42857142857142855,0.5,0.21428571428571427,0.3333333333333333,0.35,0.2857142857142857,0.8,0.5185185185185185,0.5302373333333333,0.5136571428571429,0.47684249999999995,0.1111111111111111,0.1836734693877551,,0.11711711711711711,0.21621621621621623,3.5674418604651166,25.490625,0.2716049382716049,2026-08-09,1022600239,LVA,1611661313,NYL,NYL,18.0,4.0,6.0,,,1.0,,,1.0,,1.0,,,,2.0,3.0,3.0,,0.03571428571428571,,,,,0.3,0.6666666666666666,0.05,,,2.0,,1.0,1.0,1.0,,,0.375,0.2,0.030303030303030304,,0.14285714285714285,,,,,,1.0,,,,
40:00,82,82,16.0,11,164,15.0,20.0,4.0,5.0,7.0,17,2.0,3.0,11.0,7,25,1.0,6.0,1.0,5.0,24,40,11,36,11,92,4.0,7.0,1.0,7.0,1.0,12.0,3.0,5.0,2.0,10.0,3.0,15.0,24,24,33.0,,6.0,25,7,2.0,12,11.0,23,7.0,7.0,4.0,1.0,57,9.0,5.0,7,18,1.0,26,14,40,7,3.0,4.0,7,2.0,7.0,6.0,,13,2.0,7,18,,17,1.0,13,1.0,7,,5.0,,,2.0,3.0,5.0,5.0,80,15.0,16.0,0.5,0.5714285714285714,1.0,0.3055555555555556,0.14285714285714285,0.2,0.3055555555555556,0.6,0.5714285714285714,0.6,0.5328947368421053,0.39285714285714285,0.4,0.5609756097560976,0.42857142857142855,0.4411764705882353,0.47368421052631576,0.05,0.058823529411764705,,0.5384615384615384,1.0,0.782608695652174,0.3125,0.7777777777777778,0.391304347826087,0.78125,0.358974358974359,0.3,,0.35294117647058826,0.8333333333333334,0.6923076923076923,1.0,0.7142857142857143,1.0,98.4,1.0,14.835365853658537,14.432926829268293,13.946341463414633,13.981707317073171,0.2631578947368421,0.75,0.7894736842105263,0.4666666666666667,0.2236842105263158,0.4117647058823529,0.4375,0.5714285714285714,0.039473684210526314,0.6666666666666666,0.6666666666666666,0.5,0.14473684210526316,0.32894736842105265,0.28,0.30434782608695654,1.0,0.35714285714285715,0.8,0.42857142857142855,0.16666666666666666,0.3333333333333333,0.2,0.7368421052631579,0.28,0.4986625,0.44387999999999994,0.43434,0.08536585365853659,0.15217391304347827,,0.13043478260869565,0.16304347826086957,5.8825,24.47222222222222,0.1951219512195122,2026-08-11,1022600245,IND,1611661313,NYL,NYL,18.0,1.0,2.0,4.0,1.0,5.0,2.0,4.0,1.0,3.0,,,1.0,1.0,,,,0.05555555555555555,0.05,0.08,0.36363636363636365,0.36363636363636365,1.0,0.13333333333333333,0.5,0.3333333333333333,0.2,,1.0,,1.0,,3.0,,,0.4,0.5,0.027777777777777776,0.25,0.07142857142857142,,,,,,1.0,,,,
40:00,80,80,31.0,13,160,18.0,27.0,6.0,9.0,7.0,23,,,9.0,4,18,1.0,3.0,2.0,9.0,25,50,7,27,14,85,6.0,11.0,1.0,4.0,3.0,18.0,9.0,16.0,3.0,12.0,6.0,33.0,34,16,15.0,6.0,4.0,18,4,4.0,17,5.0,22,2.0,13.0,4.0,,49,9.0,8.0,14,13,3.0,30,17,47,12,8.0,4.0,7,2.0,5.0,4.0,2.0,11,4.0,5,17,,20,,18,2.0,5,,1.0,,,,1.0,1.0,1.0,67,32.0,30.0,0.68,0.7391304347826086,0.7142857142857143,0.25925925925925924,0.25,0.25,0.25925925925925924,0.5,0.5454545454545454,0.5625,0.461038961038961,0.5,0.48214285714285715,0.5,0.5625,0.515625,0.35064935064935066,0.08,0.13043478260869565,,0.6363636363636364,0.75,0.8125,0.32,0.7,0.45,0.75,0.37777777777777777,0.3125,,0.42857142857142855,0.6666666666666666,0.875,1.0,0.6842105263157895,1.0,96.0,1.0,15.127500000000001,14.872499999999999,14.235,14.49375,0.35064935064935066,0.6666666666666666,0.6923076923076923,0.7222222222222222,0.2987012987012987,0.30434782608695654,0.35,0.5714285714285714,,,,,0.11688311688311688,0.23376623376623376,0.2222222222222222,0.23529411764705882,0.5,0.6,0.6666666666666666,0.2,0.3333333333333333,0.32142857142857145,0.2222222222222222,0.7012987012987013,0.2222222222222222,0.532566883116883,0.5865444444444444,0.5483732142857143,0.0625,0.09433962264150944,,0.21176470588235294,0.38823529411764707,4.72,24.544444444444448,0.3875,2026-08-13,1022600252,LAS,1611661313,NYL,NYL,29.0,7.0,9.0,3.0,1.0,3.0,1.0,3.0,,,,1.0,,1.0,2.0,4.0,3.0,0.037037037037037035,0.037037037037037035,0.05555555555555555,0.3333333333333333,0.3333333333333333,1.0,0.32142857142857145,0.7777777777777778,0.10714285714285714,0.3333333333333333,,1.0,,4.0,1.0,2.0,,,0.3333333333333333,0.5,0.1,0.6666666666666666,0.06666666666666667,,,2.0,,,1.0,,,,
40:00,76,77,20.0,7,153,10.0,19.0,,,7.0,18,,1.0,7.0,10,20,2.0,2.0,2.0,4.0,17,38,13,27,9,82,1.0,3.0,2.0,2.0,,8.0,6.0,9.0,3.0,8.0,3.0,24.0,16,18,30.0,9.0,,20,10,6.0,8,10.0,18,7.0,4.0,4.0,,46,1.0,6.0,13,16,1.0,30,7,37,3,2.0,1.0,4,3.0,2.0,8.0,2.0,12,1.0,9,21,2.0,17,1.0,11,,4,1.0,3.0,1.0,1.0,2.0,1.0,4.0,1.0,74,24.0,20.0,0.47058823529411764,0.47058823529411764,0.7692307692307693,0.48148148148148145,1.0,0.375,0.48148148148148145,0.4473684210526316,0.3333333333333333,0.6666666666666666,0.5615384615384615,0.8,0.6176470588235294,0.5857142857142857,0.8,0.631578947368421,0.4153846153846154,0.15789473684210525,,,0.3333333333333333,1.0,0.7272727272727273,0.2857142857142857,0.6190476190476191,0.07142857142857142,0.6744186046511628,0.2,0.2727272727272727,,0.1,0.8181818181818182,0.75,0.5714285714285714,0.6666666666666666,0.5,91.8,0.25,15.75263157894737,15.62077922077922,15.132894736842108,14.799999999999999,0.2923076923076923,0.5263157894736842,0.7692307692307693,0.4,0.27692307692307694,0.3888888888888889,0.3888888888888889,0.5714285714285714,0.015384615384615385,,,,0.1076923076923077,0.3076923076923077,0.5,0.5263157894736842,0.7,,,0.4,1.0,0.23529411764705882,0.5,0.7076923076923077,0.5,0.50784,0.46107,0.45746470588235294,0.07246376811594203,0.09523809523809523,0.037037037037037035,0.0975609756097561,0.2926829268292683,4.821052631578947,25.255555555555556,0.2631578947368421,2026-08-15,1022600256,CON,1611661313,NYL,NYL,17.0,2.0,3.0,3.0,1.0,4.0,1.0,3.0,1.0,,1.0,,1.0,,1.0,1.0,1.0,0.037037037037037035,0.3157894736842105,0.05,0.42857142857142855,0.42857142857142855,1.0,0.17647058823529413,0.6666666666666666,0.23529411764705882,0.25,,,,,,3.0,,,0.3333333333333333,,,,,,,,,,0.5,1.0,,,
40:00,88,87,18.0,6,175,19.0,25.0,2.0,4.0,5.0,10,,1.0,10.0,6,26,,,,6.0,24,36,9,36,11,86,3.0,5.0,,,,6.0,6.0,8.0,,7.0,3.0,15.0,32,16,24.0,3.0,4.0,26,6,2.0,16,8.0,24,5.0,13.0,3.0,,56,4.0,3.0,14,15,2.0,31,7,38,7,5.0,2.0,8,4.0,6.0,9.0,2.0,17,2.0,9,18,,15,,13,1.0,6,,4.0,,,2.0,2.0,4.0,3.0,80,15.0,18.0,0.6666666666666666,0.7272727272727273,0.8888888888888888,0.25,,,0.25,0.6666666666666666,0.6,0.75,0.5208333333333334,0.6,0.4,0.5512820512820513,0.6,0.4411764705882353,0.5,0.05555555555555555,0.1,,0.47058823529411764,1.0,0.6521739130434783,0.25,0.6666666666666666,0.16,0.6590909090909091,0.1891891891891892,0.2,,0.16666666666666666,0.5555555555555556,0.75,0.6666666666666666,0.7857142857142857,0.42857142857142855,105.0,0.75,12.515909090909092,14.926436781609194,12.422727272727274,14.241379310344827,0.3472222222222222,0.76,0.7916666666666666,0.6842105263157895,0.1388888888888889,0.5,0.5555555555555556,0.6,0.013888888888888888,,,,0.1388888888888889,0.3611111111111111,0.23076923076923078,0.23076923076923078,0.8333333333333334,0.8,0.5,,,0.4,,0.8472222222222222,0.23076923076923078,0.5471027777777777,0.5791333333333334,0.51051,0.07792207792207792,0.14634146341463414,,0.06976744186046512,0.1744186046511628,3.538888888888889,24.330555555555556,0.20454545454545456,2026-08-18,1022600265,CHI,1611661313,NYL,NYL,23.0,5.0,6.0,3.0,,1.0,,3.0,1.0,2.0,1.0,,,,1.0,1.0,1.0,,0.04,,0.3,0.3,1.0,0.4,0.8333333333333334,0.06666666666666667,,,,,1.0,,1.0,,,0.3333333333333333,0.14285714285714285,0.02857142857142857,0.5,,,,,1.0,,,,,,
40:00,82,83,,8,165,5.0,8.0,1.0,1.0,15.0,27,5.0,17.0,3.0,4,16,1.0,1.0,,,25,52,4,19,4,66,3.0,5.0,1.0,2.0,1.0,10.0,,,,,,,30,20,12.0,,2.0,16,4,3.0,15,4.0,19,4.0,3.0,10.0,2.0,42,3.0,5.0,12,18,2.0,32,8,40,5,4.0,1.0,11,2.0,6.0,6.0,5.0,17,,8,15,3.0,10,1.0,8,,3,,8.0,,,,7.0,8.0,3.0,56,,,0.6,0.625,1.0,0.21052631578947367,0.5,,0.21052631578947367,0.4807692307692308,0.6,,0.43661971830985913,0.6428571428571429,,0.44,0.625,,0.2676056338028169,0.057692307692307696,0.07407407407407407,,0.6470588235294118,1.0,0.6923076923076923,0.19230769230769232,0.9230769230769231,0.23076923076923078,0.7692307692307693,0.20512820512820512,0.2727272727272727,0.16666666666666666,0.2,,0.6666666666666666,0.8,0.9166666666666666,1.0,99.0,0.375,14.010975609756098,15.073493975903613,13.613414634146343,14.42289156626506,0.11267605633802817,0.625,0.7142857142857143,0.6,0.38028169014084506,0.5555555555555556,0.6,0.6666666666666666,0.23943661971830985,0.29411764705882354,0.29411764705882354,0.4,0.04225352112676056,0.22535211267605634,0.25,0.26666666666666666,1.0,0.14285714285714285,1.0,0.14285714285714285,1.0,,,0.38028169014084506,0.25,0.44576714285714286,0.45533,,0.04054054054054054,0.05454545454545454,,0.15151515151515152,,9.98653846153846,26.642105263157895,,2026-05-09,1022600005,PHX,1611661319,LVA,LVA,13.0,,,,,,1.0,,,,,,,,,1.0,,0.05263157894736842,0.125,0.0625,,,,,,,,,1.0,,1.0,,,,,,0.3333333333333333,0.02857142857142857,,0.14285714285714285,,,,,,1.0,,1.0,,
40:00,82,83,15.0,8,165,20.0,23.0,2.0,2.0,12.0,19,4.0,7.0,2.0,7,18,2.0,2.0,,3.0,36,49,7,20,12,105,4.0,6.0,2.0,2.0,,14.0,7.0,7.0,,3.0,3.0,17.0,42,30,21.0,,,18,7,,21,7.0,28,7.0,10.0,9.0,2.0,63,3.0,5.0,14,13,2.0,29,8,37,11,9.0,2.0,8,2.0,7.0,7.0,1.0,15,4.0,9,16,2.0,17,1.0,17,1.0,5,,10.0,,,7.0,3.0,10.0,4.0,91,17.0,15.0,0.5833333333333334,0.5833333333333334,1.0,0.35,1.0,,0.35,0.7346938775510204,0.6666666666666666,1.0,0.6739130434782609,0.875,0.7,0.6818181818181818,0.875,0.6538461538461539,0.2898550724637681,,,,0.5333333333333333,0.6666666666666666,0.48148148148148145,0.38461538461538464,0.6666666666666666,0.25,0.5625,0.32,0.2857142857142857,0.3333333333333333,0.2,0.35714285714285715,0.7,0.3333333333333333,0.7222222222222222,0.3333333333333333,99.0,0.4,14.376829268292685,14.712048192771084,13.917073170731708,13.468674698795178,0.3333333333333333,0.8695652173913043,0.8695652173913043,0.5,0.2753623188405797,0.631578947368421,0.631578947368421,0.75,0.10144927536231885,0.5714285714285714,0.5714285714285714,0.5,0.028985507246376812,0.2608695652173913,0.3888888888888889,0.3888888888888889,1.0,0.25,1.0,0.25,1.0,0.3,,0.6231884057971014,0.3888888888888889,0.5049913043478261,0.5004857142857143,0.49765,0.0684931506849315,0.09433962264150944,,0.13333333333333333,0.1619047619047619,6.169387755102041,24.45,0.18292682926829268,2026-05-10,1022600009,LAS,1611661319,LVA,LVA,15.0,5.0,5.0,,,,,,,,,,2.0,1.0,3.0,4.0,3.0,,,,,,,0.5,1.0,,,,,,1.0,2.0,,,,0.6666666666666666,0.5,0.04,1.0,,,,,,,1.0,,,,
40:00,83,83,28.0,12,166,22.0,25.0,5.0,6.0,7.0,20,5.0,11.0,2.0,4,14,1.0,1.0,,3.0,34,56,5,16,15,98,6.0,8.0,1.0,1.0,8.0,23.0,15.0,18.0,,3.0,7.0,37.0,32,36,15.0,,4.0,14,4,3.0,16,5.0,21,4.0,9.0,5.0,2.0,47,3.0,9.0,7,27,1.0,35,13,48,9,8.0,1.0,6,4.0,3.0,10.0,3.0,16,6.0,12,19,,20,,21,4.0,9,,6.0,,,1.0,5.0,6.0,3.0,75,37.0,28.0,0.47058823529411764,0.5,1.0,0.3125,1.0,,0.3125,0.6071428571428571,0.75,0.8333333333333334,0.5763888888888888,0.8333333333333334,0.7142857142857143,0.60625,0.8461538461538461,0.7708333333333334,0.2222222222222222,0.05357142857142857,0.1,0.09090909090909091,0.375,1.0,0.75,0.4090909090909091,0.7777777777777778,0.3,0.7555555555555555,0.375,0.38461538461538464,0.3333333333333333,0.3333333333333333,0.8,0.6111111111111112,1.0,0.75,1.0,99.6,0.5,14.332530120481927,14.583132530120483,13.621686746987951,14.197590361445783,0.3472222222222222,0.88,0.88,0.4090909090909091,0.2777777777777778,0.35,0.3888888888888889,0.7142857142857143,0.1527777777777778,0.45454545454545453,0.5,0.4,0.027777777777777776,0.19444444444444445,0.2857142857142857,0.2857142857142857,1.0,0.6666666666666666,0.8333333333333334,0.1111111111111111,1.0,0.14285714285714285,,0.5694444444444444,0.2857142857142857,0.5085131944444444,0.54811875,0.5240928571428571,0.11688311688311688,0.14754098360655737,,0.23469387755102042,0.37755102040816324,6.9750000000000005,24.80625,0.3373493975903614,2026-05-13,1022600016,CON,1611661319,LVA,LVA,21.0,11.0,12.0,1.0,,,,1.0,,1.0,,3.0,,1.0,1.0,3.0,3.0,,,,0.5,0.5,1.0,0.5714285714285714,0.9166666666666666,,,,,1.0,2.0,1.0,1.0,,0.25,0.6666666666666666,,0.06896551724137931,,,,,1.0,,,1.0,,,,
40:00,84,85,37.0,5,169,22.0,31.0,1.0,2.0,5.0,12,2.0,2.0,3.0,6,10,,,3.0,6.0,29,45,6,13,25,101,1.0,2.0,,1.0,1.0,3.0,9.0,17.0,3.0,8.0,10.0,37.0,38,20,15.0,3.0,,10,6,2.0,19,5.0,24,5.0,13.0,5.0,1.0,53,,4.0,7,20,1.0,28,5,33,6,3.0,3.0,11,1.0,9.0,7.0,2.0,18,8.0,7,18,3.0,25,3.0,32,5.0,15,,5.0,1.0,1.0,5.0,,6.0,3.0,98,37.0,37.0,0.6551724137931034,0.6551724137931034,0.8333333333333334,0.46153846153846156,,0.375,0.46153846153846156,0.6444444444444445,0.5,0.5294117647058824,0.6551724137931034,0.3333333333333333,0.54,0.7112676056338029,0.5,0.6166666666666667,0.22413793103448276,0.044444444444444446,0.08333333333333333,,0.6111111111111112,1.0,0.6896551724137931,0.26666666666666666,0.4375,,0.6,0.18181818181818182,0.2857142857142857,,,0.5,1.0,0.75,0.5,0.25,101.4,0.5,13.533333333333333,14.861176470588235,13.211904761904762,13.787058823529414,0.5344827586206896,0.7096774193548387,0.7333333333333333,0.5909090909090909,0.20689655172413793,0.4166666666666667,0.45454545454545453,1.0,0.034482758620689655,1.0,1.0,0.5,0.05172413793103448,0.1724137931034483,0.6,0.6,0.8333333333333334,0.6666666666666666,0.5,,,0.24,0.5,0.7586206896551724,0.6,0.5481715517241379,0.6187333333333334,0.51349,0.22058823529411764,0.2727272727272727,,0.0297029702970297,0.36633663366336633,4.34,24.45384615384615,0.44047619047619047,2026-05-15,1022600021,CON,1611661319,LVA,LVA,14.0,6.0,10.0,,,2.0,,,,1.0,3.0,,2.0,,,3.0,3.0,,0.03225806451612903,,,,,0.4,0.6,0.08,,,1.0,1.0,1.0,,1.0,,0.25,0.25,,0.05,1.0,0.3333333333333333,,,,,,,,,,
40:00,84,85,24.0,8,169,14.0,26.0,4.0,5.0,5.0,14,2.0,6.0,3.0,9,24,2.0,2.0,1.0,6.0,21,46,10,27,13,85,5.0,6.0,2.0,2.0,1.0,17.0,5.0,11.0,1.0,8.0,8.0,21.0,24,18,27.0,3.0,2.0,24,9,5.0,12,9.0,21,8.0,8.0,2.0,2.0,51,5.0,4.0,13,16,7.0,36,9,45,5,4.0,1.0,9,1.0,2.0,4.0,7.0,13,2.0,19,23,2.0,23,3.0,17,4.0,9,,8.0,,,6.0,2.0,8.0,3.0,68,21.0,24.0,0.5714285714285714,0.6,0.9,0.37037037037037035,1.0,0.125,0.37037037037037035,0.45652173913043476,0.8333333333333334,0.45454545454545453,0.4931506849315068,1.0,0.34210526315789475,0.53125,0.9444444444444444,0.45652173913043476,0.3698630136986301,0.10869565217391304,0.14285714285714285,,0.6923076923076923,0.7777777777777778,0.5925925925925926,0.16,0.7222222222222222,0.29411764705882354,0.6444444444444445,0.21428571428571427,0.1111111111111111,,0.3333333333333333,0.55,0.75,0.6666666666666666,0.7058823529411765,1.0,101.4,0.375,14.325,14.078823529411766,13.860714285714286,13.208235294117648,0.3561643835616438,0.5384615384615384,0.6086956521739131,0.5714285714285714,0.1917808219178082,0.35714285714285715,0.4166666666666667,0.4,0.0821917808219178,0.3333333333333333,0.3333333333333333,1.0,0.0410958904109589,0.3287671232876712,0.375,0.375,0.8888888888888888,0.625,0.8,0.25,1.0,0.3157894736842105,0.16666666666666666,0.726027397260274,0.375,0.5184849315068494,0.58458,0.49341842105263156,0.11538461538461539,0.17647058823529413,,0.2,0.24705882352941178,6.482608695652174,25.25925925925926,0.2857142857142857,2026-05-17,1022600026,ATL,1611661319,LVA,LVA,26.0,2.0,4.0,1.0,,2.0,,1.0,,,,,1.0,1.0,1.0,2.0,1.0,,0.11538461538461539,,0.3333333333333333,0.3333333333333333,1.0,0.21052631578947367,0.5,0.10526315789473684,,,,,,1.0,1.0,,,0.25,,,0.25,,,,,,,1.0,,,,
40:00,84,84,24.0,14,168,5.0,7.0,3.0,3.0,16.0,31,3.0,9.0,4.0,10,25,1.0,3.0,3.0,7.0,24,47,10,29,17,95,6.0,9.0,1.0,4.0,4.0,19.0,8.0,10.0,3.0,7.0,7.0,32.0,24,24,27.0,3.0,8.0,25,10,1.0,12,9.0,21,9.0,1.0,8.0,3.0,51,5.0,11.0,13,11,1.0,25,16,41,6,4.0,2.0,8,3.0,7.0,6.0,1.0,14,4.0,6,20,3.0,24,4.0,21,3.0,9,,8.0,1.0,1.0,,7.0,9.0,7.0,76,32.0,24.0,0.5,0.6,0.9,0.3448275862068966,0.25,0.42857142857142855,0.3448275862068966,0.5106382978723404,0.6666666666666666,0.8,0.5131578947368421,0.5769230769230769,0.7352941176470589,0.5588235294117647,0.59375,0.7619047619047619,0.3815789473684211,0.02127659574468085,0.03225806451612903,,0.5714285714285714,0.5,0.7333333333333333,0.4782608695652174,0.8666666666666667,0.2777777777777778,0.8,0.3902439024390244,0.5333333333333333,0.3333333333333333,0.35714285714285715,,0.6363636363636364,1.0,0.9,0.8,100.8,0.7777777777777778,14.566666666666666,14.004761904761907,13.689285714285713,13.600000000000001,0.09210526315789473,0.7142857142857143,0.7142857142857143,0.2,0.40789473684210525,0.5161290322580645,0.5333333333333333,0.5,0.11842105263157894,0.3333333333333333,0.3333333333333333,1.0,0.05263157894736842,0.32894736842105265,0.4,0.4,0.9,0.23076923076923078,1.0,0.23076923076923078,0.3333333333333333,0.4117647058823529,0.42857142857142855,0.47368421052631576,0.4,0.46863866666666665,0.528725,0.472809375,0.10975609756097561,0.16981132075471697,,0.2,0.3368421052631579,8.940425531914894,25.658620689655173,0.2857142857142857,2026-05-23,1022600043,LAS,1611661319,LVA,LVA,19.0,1.0,2.0,,,,,,,,,,2.0,,1.0,3.0,3.0,,,,,,,0.11764705882352941,0.5,,,,1.0,,1.0,,2.0,,,0.5,,0.025,,0.07692307692307693,,,,,,1.0,,1.0,,
40:00,78,78,15.0,11,156,14.0,18.0,1.0,1.0,11.0,30,3.0,14.0,5.0,6,15,1.0,2.0,1.0,3.0,28,62,8,20,7,87,3.0,6.0,1.0,2.0,4.0,13.0,7.0,12.0,1.0,4.0,6.0,23.0,28,28,21.0,3.0,6.0,15,6,3.0,14,7.0,21,5.0,10.0,3.0,1.0,49,3.0,11.0,9,17,,26,14,40,5,4.0,1.0,1,1.0,,4.0,1.0,5,,11,15,,16,1.0,12,1.0,3,,2.0,1.0,1.0,,1.0,3.0,2.0,74,23.0,15.0,0.5,0.56,0.875,0.4,0.5,0.25,0.4,0.45161290322580644,0.5,0.5833333333333334,0.4878048780487805,0.5625,0.53125,0.4942528735632184,0.5454545454545454,0.575,0.24390243902439024,0.04838709677419355,0.06666666666666667,,0.2,,0.7727272727272727,0.3235294117647059,0.75,0.2727272727272727,0.7647058823529411,0.3111111111111111,0.3157894736842105,0.36363636363636365,0.25,0.8,0.7142857142857143,0.8,0.7272727272727273,1.0,93.6,0.6666666666666666,15.15897435897436,15.61025641025641,14.621794871794872,15.238461538461538,0.21951219512195122,0.7777777777777778,0.8235294117647058,0.7142857142857143,0.36585365853658536,0.36666666666666664,0.39285714285714285,0.2727272727272727,0.17073170731707318,0.21428571428571427,0.21428571428571427,0.3333333333333333,0.06097560975609756,0.18292682926829268,0.4,0.42857142857142855,0.8333333333333334,0.125,1.0,0.25,0.5,0.1875,0.3333333333333333,0.4634146341463415,0.4,0.4607463414634146,0.4091857142857143,0.43494375,0.03571428571428571,0.046875,,0.14942528735632185,0.26436781609195403,8.92741935483871,24.565,0.19230769230769232,2026-05-28,1022600054,DAL,1611661319,LVA,LVA,16.0,3.0,4.0,2.0,,1.0,2.0,2.0,1.0,,1.0,,,,1.0,3.0,2.0,0.1,0.05555555555555555,0.06666666666666667,0.4,0.5,1.0,0.25,0.75,0.0625,,,,,2.0,1.0,1.0,0.2,,0.25,0.3333333333333333,0.05,,,,,1.0,,,1.0,,1.0,,
40:00,79,81,18.0,13,160,12.0,17.0,5.0,7.0,10.0,20,3.0,10.0,6.0,4,16,1.0,1.0,,2.0,25,47,8,22,17,91,7.0,9.0,1.0,2.0,3.0,20.0,3.0,10.0,,4.0,6.0,12.0,36,14,24.0,,8.0,16,4,,18,8.0,26,4.0,8.0,8.0,2.0,60,7.0,8.0,13,21,1.0,35,15,50,5,3.0,2.0,9,1.0,4.0,6.0,5.0,15,4.0,7,18,3.0,20,2.0,21,1.0,6,1.0,8.0,,,2.0,6.0,8.0,2.0,71,12.0,18.0,0.72,0.8571428571428571,1.0,0.36363636363636365,0.5,,0.36363636363636365,0.5319148936170213,0.7777777777777778,0.3,0.5362318840579711,0.7727272727272727,0.21428571428571427,0.5833333333333334,0.8333333333333334,0.35294117647058826,0.3188405797101449,,,,0.6,1.0,0.7,0.36363636363636365,0.6842105263157895,0.5,0.6938775510204082,0.4166666666666667,0.5,0.14285714285714285,0.5,0.7142857142857143,0.7058823529411765,0.6666666666666666,0.6470588235294118,1.0,96.0,0.25,15.621518987341771,14.393827160493828,14.851898734177215,13.566666666666668,0.2463768115942029,0.7058823529411765,0.7058823529411765,0.6666666666666666,0.2898550724637681,0.5,0.5,0.8,0.14492753623188406,0.3,0.3,0.6666666666666666,0.08695652173913043,0.2318840579710145,0.25,0.25,1.0,0.6363636363636364,0.7142857142857143,0.09090909090909091,1.0,0.14285714285714285,,0.5652173913043478,0.25,0.4992536231884058,0.5132714285714286,0.5021035714285714,0.09333333333333334,0.11538461538461539,0.043478260869565216,0.21978021978021978,0.13186813186813187,8.485106382978724,24.29090909090909,0.22784810126582278,2026-05-31,1022600063,GSV,1611661319,LVA,LVA,21.0,2.0,4.0,4.0,,2.0,,4.0,,,2.0,,,1.0,1.0,3.0,2.0,,,,0.6666666666666666,0.6666666666666666,1.0,0.2857142857142857,0.5,0.14285714285714285,,,1.0,,2.0,1.0,1.0,,,0.4,0.5,0.05555555555555555,0.2,0.09090909090909091,,,,,,1.0,,,,
40:00,77,79,7.0,8,156,11.0,14.0,1.0,2.0,9.0,22,3.0,9.0,5.0,7,19,,3.0,1.0,2.0,23,45,8,24,9,79,1.0,3.0,,3.0,,2.0,2.0,3.0,1.0,2.0,3.0,10.0,32,14,24.0,,2.0,19,7,3.0,16,8.0,24,7.0,9.0,6.0,1.0,56,6.0,4.0,13,22,3.0,38,10,48,7,4.0,3.0,4,1.0,2.0,6.0,2.0,10,1.0,14,23,4.0,16,,16,2.0,8,,8.0,,,4.0,4.0,8.0,6.0,77,10.0,7.0,0.6956521739130435,0.7272727272727273,1.0,0.3333333333333333,,0.5,0.3333333333333333,0.5111111111111111,0.3333333333333333,0.6666666666666666,0.5072463768115942,0.16666666666666666,0.7,0.5197368421052632,0.14285714285714285,0.7142857142857143,0.34782608695652173,0.06666666666666667,0.13636363636363635,,0.4,1.0,0.7857142857142857,0.18181818181818182,0.7647058823529411,0.375,0.7777777777777778,0.2631578947368421,0.23076923076923078,0.16666666666666666,0.5,0.9090909090909091,0.6666666666666666,0.8,0.8,0.5,93.6,0.75,15.816883116883117,14.963291139240505,15.161038961038962,14.484810126582278,0.2028985507246377,0.7857142857142857,0.7857142857142857,0.8181818181818182,0.3188405797101449,0.4090909090909091,0.47368421052631576,0.6666666666666666,0.13043478260869565,0.3333333333333333,0.3333333333333333,0.3333333333333333,0.07246376811594203,0.2753623188405797,0.3684210526315789,0.3888888888888889,1.0,0.3333333333333333,0.5,0.5,,0.4,0.5,0.5507246376811594,0.3684210526315789,0.4983702898550724,0.50755,0.43520000000000003,0.10666666666666667,0.1568627450980392,,0.02531645569620253,0.12658227848101267,8.393333333333333,24.2375,0.09090909090909091,2026-06-02,1022600069,LAS,1611661319,LVA,LVA,23.0,1.0,1.0,1.0,,,1.0,1.0,,1.0,2.0,,,,1.0,1.0,1.0,0.041666666666666664,,0.05263157894736842,0.2,0.2,1.0,0.2,1.0,,,,,,1.0,,1.0,,,,,0.029411764705882353,,,,,,,,,,,,
40:00,75,77,22.0,8,152,,,,,12.0,28,2.0,5.0,9.0,10,21,1.0,2.0,3.0,4.0,14,33,13,30,17,84,2.0,4.0,1.0,4.0,3.0,10.0,5.0,10.0,3.0,5.0,9.0,28.0,24,4,30.0,9.0,,21,10,1.0,12,10.0,22,7.0,,10.0,2.0,54,3.0,5.0,18,12,4.0,34,9,43,3,3.0,,4,,4.0,7.0,,11,4.0,10,19,4.0,19,2.0,22,,7,1.0,2.0,,,,2.0,2.0,1.0,74,28.0,22.0,0.8571428571428571,0.8571428571428571,0.7692307692307693,0.43333333333333335,0.25,0.6,0.43333333333333335,0.42424242424242425,0.5,0.5,0.5317460317460317,0.4375,0.6333333333333333,0.5684931506849316,0.5,0.7105263157894737,0.47619047619047616,0.030303030303030304,0.03571428571428571,,0.36363636363636365,1.0,0.6,0.2631578947368421,0.8181818181818182,0.17647058823529413,0.7142857142857143,0.2222222222222222,0.25,0.3333333333333333,0.09090909090909091,1.0,0.4666666666666667,1.0,0.7142857142857143,1.0,91.2,0.5,16.453333333333333,15.142857142857142,15.125333333333334,14.35064935064935,,,,,0.4444444444444444,0.42857142857142855,0.4444444444444444,0.8333333333333334,0.07936507936507936,0.4,0.4,1.0,0.14285714285714285,0.3333333333333333,0.47619047619047616,0.47619047619047616,0.7,,,0.25,0.5,0.26666666666666666,0.75,0.47619047619047616,0.47619047619047616,0.4534230158730159,0.44557857142857143,0.3998233333333333,0.11267605633802817,0.175,0.03225806451612903,0.11904761904761904,0.3333333333333333,8.463636363636365,24.529999999999998,0.29333333333333333,2026-06-06,1022600078,GSV,1611661319,LVA,LVA,16.0,,,3.0,,1.0,,3.0,,,,1.0,1.0,,2.0,2.0,2.0,,,,0.3333333333333333,0.3333333333333333,1.0,,,0.06666666666666667,,,2.0,1.0,1.0,2.0,,,0.5,,0.3333333333333333,0.02857142857142857,,0.25,,,1.0,,,,,,,
40:00,80,81,34.0,10,161,1.0,1.0,,,19.0,31,5.0,10.0,9.0,6,19,2.0,4.0,4.0,10.0,25,42,10,28,21,101,2.0,4.0,3.0,5.0,4.0,17.0,8.0,14.0,4.0,12.0,12.0,40.0,34,16,30.0,,2.0,19,6,1.0,17,10.0,27,6.0,1.0,12.0,4.0,64,6.0,6.0,13,18,,31,12,43,4,2.0,2.0,10,2.0,7.0,3.0,3.0,13,5.0,8,13,,23,3.0,24,4.0,9,1.0,4.0,1.0,,1.0,3.0,5.0,2.0,84,40.0,34.0,0.68,0.7083333333333334,1.0,0.35714285714285715,0.6,0.3333333333333333,0.35714285714285715,0.5952380952380952,0.5,0.5714285714285714,0.5714285714285714,0.7222222222222222,0.5384615384615384,0.6329113924050633,0.7727272727272727,0.625,0.4,0.023809523809523808,0.03225806451612903,,0.7692307692307693,,0.6923076923076923,0.35294117647058826,0.9285714285714286,0.35294117647058826,0.775,0.35294117647058826,0.4166666666666667,0.2,0.4166666666666667,0.3333333333333333,0.7777777777777778,0.6,0.9166666666666666,1.0,96.6,0.4,14.998750000000001,14.816049382716049,14.445000000000002,14.532098765432098,0.014285714285714285,1.0,1.0,1.0,0.44285714285714284,0.6129032258064516,0.6333333333333333,0.631578947368421,0.14285714285714285,0.5,0.5,0.8,0.12857142857142856,0.2714285714285714,0.3157894736842105,0.3157894736842105,1.0,,,0.4444444444444444,0.5,0.38461538461538464,0.4,0.4142857142857143,0.3157894736842105,0.4470340579710145,0.4816875,0.4679326923076923,0.13157894736842105,0.19148936170212766,0.034482758620689655,0.16831683168316833,0.39603960396039606,9.954761904761906,26.2,0.425,2026-06-08,1022600085,SEA,1611661319,LVA,LVA,14.0,,,4.0,,2.0,,4.0,,,,,,,,3.0,3.0,,,,0.4444444444444444,0.4444444444444444,1.0,,,0.07692307692307693,,1.0,1.0,,1.0,,,,,,0.2,0.030303030303030304,,0.1111111111111111,1.0,1.0,1.0,,1.0,1.0,,,,
40:00,78,79,30.0,17,157,10.0,14.0,3.0,5.0,7.0,19,5.0,11.0,5.0,12,23,5.0,8.0,4.0,10.0,22,44,14,28,19,105,5.0,10.0,5.0,8.0,3.0,28.0,7.0,13.0,5.0,12.0,9.0,38.0,28,16,33.0,9.0,6.0,23,12,3.0,14,11.0,25,9.0,6.0,4.0,4.0,61,8.0,12.0,17,11,2.0,30,21,51,6,5.0,1.0,7,3.0,5.0,7.0,2.0,14,3.0,4,14,,25,,29,2.0,12,,4.0,,,2.0,2.0,4.0,2.0,77,38.0,30.0,0.6363636363636364,0.7368421052631579,0.7857142857142857,0.5,0.625,0.4166666666666667,0.5,0.5,0.5,0.5384615384615384,0.5972222222222222,0.6944444444444444,0.58,0.6176470588235294,0.7,0.59375,0.3888888888888889,0.06818181818181818,0.15789473684210525,,0.5,1.0,0.8461538461538461,0.5454545454545454,0.9444444444444444,0.5714285714285714,0.9032258064516129,0.5555555555555556,0.5,0.6666666666666666,0.6363636363636364,0.75,0.8571428571428571,1.0,0.9166666666666666,1.0,94.19999999999993,0.5,15.971794871794897,14.61012658227848,15.04487179487182,14.444303797468356,0.19444444444444445,0.7142857142857143,0.7142857142857143,0.6,0.2638888888888889,0.3684210526315789,0.4375,0.5714285714285714,0.1527777777777778,0.45454545454545453,0.45454545454545453,0.8,0.06944444444444445,0.3194444444444444,0.5217391304347826,0.5217391304347826,0.75,0.2777777777777778,0.6,0.4444444444444444,0.625,0.4,0.4,0.5833333333333334,0.5217391304347826,0.4756069444444444,0.5371384615384616,0.4758,0.14634146341463414,0.2222222222222222,,0.26666666666666666,0.3619047619047619,8.665909090909091,25.15357142857143,0.38461538461538464,2026-06-11,1022600094,PDX,1611661319,LVA,LVA,13.0,5.0,7.0,2.0,1.0,2.0,,2.0,,,,2.0,1.0,1.0,4.0,3.0,2.0,,,,0.4,0.4,1.0,0.28,0.7142857142857143,0.08,0.5,,,1.0,4.0,1.0,1.0,,0.25,0.5,0.3333333333333333,0.12121212121212122,0.3333333333333333,,,,1.0,,,1.0,,,,
40:00,77,77,23.0,11,154,12.0,16.0,3.0,3.0,11.0,22,2.0,4.0,3.0,10,22,3.0,3.0,1.0,2.0,25,42,11,25,17,100,5.0,6.0,3.0,3.0,,19.0,6.0,12.0,1.0,3.0,11.0,26.0,28,22,30.0,3.0,6.0,22,10,2.0,14,10.0,24,9.0,7.0,6.0,1.0,58,4.0,7.0,7,16,1.0,24,11,35,8,6.0,2.0,8,1.0,6.0,3.0,2.0,11,3.0,10,15,1.0,19,,19,1.0,5,1.0,2.0,1.0,1.0,1.0,1.0,3.0,2.0,81,26.0,23.0,0.56,0.6363636363636364,0.9090909090909091,0.44,1.0,0.3333333333333333,0.44,0.5952380952380952,0.8333333333333334,0.5,0.6194029850746269,1.0555555555555556,0.5,0.66,1.0555555555555556,0.65,0.373134328358209,0.047619047619047616,0.045454545454545456,,0.7272727272727273,1.0,0.6153846153846154,0.4117647058823529,0.6363636363636364,0.2857142857142857,0.6216216216216216,0.3548387096774194,0.45454545454545453,0.5,0.3333333333333333,0.6,0.5454545454545454,0.7,0.7,,92.4,0.6666666666666666,15.938961038961038,15.22987012987013,15.496103896103897,14.35974025974026,0.23880597014925373,0.75,0.8,0.5833333333333334,0.3283582089552239,0.5,0.5238095238095238,0.5454545454545454,0.05970149253731343,0.5,0.5,0.5,0.04477611940298507,0.3283582089552239,0.45454545454545453,0.45454545454545453,0.9,0.3333333333333333,1.0,0.3333333333333333,1.0,0.13333333333333333,0.5,0.6119402985074627,0.45454545454545453,0.4816388059701492,0.44476000000000004,0.46385333333333334,0.08333333333333333,0.10869565217391304,0.038461538461538464,0.19,0.26,7.2023809523809526,25.151999999999997,0.2987012987012987,2026-06-13,1022600098,MIN,1611661319,LVA,LVA,16.0,3.0,5.0,1.0,,1.0,1.0,1.0,,1.0,1.0,,,,,3.0,3.0,0.04,0.0625,,0.3333333333333333,0.5,1.0,0.3333333333333333,0.6,0.06666666666666667,,,,,1.0,,1.0,0.3333333333333333,,0.25,,0.03571428571428571,,,,,1.0,,,1.0,,,,
40:00,78,80,11.0,8,158,14.0,20.0,3.0,5.0,6.0,19,2.0,8.0,6.0,2,15,,2.0,,2.0,22,47,5,21,7,66,3.0,6.0,,2.0,,6.0,3.0,6.0,,3.0,3.0,9.0,38,6,15.0,,2.0,15,2,3.0,19,5.0,24,2.0,11.0,6.0,2.0,53,5.0,3.0,9,16,2.0,27,8,35,5,4.0,1.0,10,3.0,5.0,4.0,5.0,14,1.0,10,18,1.0,14,,9,,3,,3.0,,,3.0,,3.0,3.0,60,9.0,11.0,0.8636363636363636,0.9047619047619048,1.0,0.23809523809523808,,,0.23809523809523808,0.46808510638297873,0.5,0.5,0.4338235294117647,0.375,0.3333333333333333,0.4513888888888889,0.375,0.4090909090909091,0.3088235294117647,0.06382978723404255,0.10526315789473684,,0.7142857142857143,1.0,0.8888888888888888,0.12,0.5,0.3125,0.6944444444444444,0.1951219512195122,0.07692307692307693,0.3333333333333333,0.23076923076923078,0.8571428571428571,0.8888888888888888,1.0,0.6,,94.8,1.0,15.406410256410258,14.97875,14.844871794871796,14.02,0.29411764705882354,0.7,0.7368421052631579,0.7857142857142857,0.27941176470588236,0.3157894736842105,0.35294117647058826,1.0,0.11764705882352941,0.25,0.25,1.0,0.08823529411764706,0.22058823529411764,0.13333333333333333,0.13333333333333333,1.0,0.625,0.6,0.25,,0.2222222222222222,,0.6029411764705882,0.13333333333333333,0.47957647058823527,0.6199875,0.47276111111111113,0.04225352112676056,0.06,,0.09090909090909091,0.13636363636363635,7.857446808510638,23.823809523809523,0.14102564102564102,2026-06-15,1022600103,DAL,1611661319,LVA,LVA,14.0,1.0,3.0,3.0,,1.0,,3.0,,,,,1.0,,1.0,1.0,1.0,,0.05,,0.5,0.5,1.0,0.3333333333333333,0.3333333333333333,0.1111111111111111,,,,,2.0,,1.0,,,,0.6666666666666666,0.05263157894736842,0.6666666666666666,,,,1.0,,,,,,,
40:00,76,78,31.0,11,154,10.0,14.0,3.0,5.0,11.0,24,5.0,9.0,4.0,4,17,,2.0,2.0,10.0,26,47,5,21,19,86,5.0,9.0,,2.0,3.0,13.0,6.0,17.0,3.0,12.0,4.0,25.0,44,8,9.0,6.0,2.0,17,4,2.0,22,3.0,25,2.0,9.0,8.0,5.0,53,4.0,7.0,9,12,,21,12,33,18,15.0,3.0,5,3.0,3.0,4.0,2.0,9,2.0,6,13,,19,,25,2.0,8,1.0,5.0,1.0,1.0,2.0,3.0,6.0,4.0,73,25.0,31.0,0.8461538461538461,0.88,0.6,0.23809523809523808,,0.25,0.23809523809523808,0.5531914893617021,0.5555555555555556,0.35294117647058826,0.49264705882352944,0.45454545454545453,0.3620689655172414,0.5448717948717948,0.5416666666666666,0.390625,0.3088235294117647,0.0425531914893617,0.08333333333333333,,0.5555555555555556,,0.75,0.3333333333333333,0.75,0.25,0.75,0.2972972972972973,0.46153846153846156,,0.23076923076923078,0.6,0.75,1.0,0.7272727272727273,1.0,92.4,0.6666666666666666,16.003947368421052,15.175641025641026,15.00921052631579,14.861538461538462,0.20588235294117646,0.7142857142857143,0.7142857142857143,0.9,0.35294117647058826,0.4583333333333333,0.5,0.7272727272727273,0.1323529411764706,0.5555555555555556,0.5555555555555556,1.0,0.058823529411764705,0.25,0.23529411764705882,0.23529411764705882,0.5,0.45454545454545453,0.6,0.18181818181818182,,0.3448275862068966,0.2,0.5147058823529411,0.23529411764705882,0.4844448529411765,0.51088125,0.46519310344827586,0.12,0.1509433962264151,0.045454545454545456,0.1511627906976744,0.29069767441860467,8.306382978723404,24.757142857142856,0.40789473684210525,2026-06-17,1022600111,PHX,1611661319,LVA,LVA,12.0,1.0,3.0,1.0,1.0,2.0,,1.0,,,,,,,1.0,3.0,3.0,,,,0.25,0.25,1.0,0.10344827586206896,0.3333333333333333,0.06896551724137931,0.5,,,1.0,2.0,1.0,1.0,,0.2,0.25,0.3333333333333333,0.05714285714285714,0.6666666666666666,,,,1.0,,,,,,,
40:00,71,72,12.0,2,143,2.0,2.0,1.0,1.0,23.0,29,,3.0,6.0,8,18,,,2.0,4.0,25,34,11,24,9,92,2.0,2.0,,,,4.0,4.0,4.0,4.0,6.0,3.0,23.0,24,26,27.0,6.0,4.0,18,8,1.0,12,9.0,21,6.0,1.0,11.0,,51,1.0,1.0,18,7,2.0,27,2,29,5,4.0,1.0,7,,6.0,4.0,1.0,11,,7,18,2.0,15,2.0,10,1.0,4,,3.0,,,2.0,1.0,3.0,2.0,88,23.0,12.0,0.48,0.5217391304347826,0.8181818181818182,0.4583333333333333,,0.6666666666666666,0.4583333333333333,0.7352941176470589,1.0,1.0,0.7155172413793104,1.0,1.0,0.7338709677419355,1.0,0.9583333333333334,0.41379310344827586,0.029411764705882353,0.034482758620689655,,0.6363636363636364,1.0,0.5,0.1111111111111111,0.75,0.07692307692307693,0.6578947368421053,0.09090909090909091,,0.3333333333333333,,1.0,0.3333333333333333,0.5,0.6842105263157895,1.0,85.8,0.6666666666666666,15.138028169014083,18.405555555555555,15.12394366197183,17.405555555555555,0.034482758620689655,1.0,1.0,0.5,0.5,0.7931034482758621,0.8214285714285714,0.4782608695652174,0.05172413793103448,,,,0.10344827586206896,0.3103448275862069,0.4444444444444444,0.4444444444444444,0.75,0.5,1.0,,,0.4,0.5,0.4482758620689655,0.4444444444444444,0.43923965517241376,0.4171,0.429655,0.06557377049180328,0.10810810810810811,,0.043478260869565216,0.25,7.844117647058823,25.1125,0.16901408450704225,2026-06-21,1022600120,GSV,1611661319,LVA,LVA,20.0,,,3.0,2.0,2.0,,3.0,,,,,,,2.0,1.0,1.0,,,,0.5,0.5,1.0,,,0.2,1.0,,,,,1.0,3.0,,,,0.3333333333333333,,,,,,1.0,,,,,,,
40:00,76,78,8.0,6,154,10.0,15.0,2.0,3.0,7.0,20,6.0,10.0,10.0,4,17,,1.0,,4.0,23,45,8,27,6,76,2.0,3.0,1.0,3.0,,7.0,2.0,5.0,1.0,5.0,2.0,9.0,32,14,21.0,3.0,,17,4,5.0,16,7.0,23,3.0,8.0,4.0,4.0,53,4.0,2.0,16,12,,28,6,34,9,6.0,3.0,3,3.0,2.0,5.0,1.0,8,,9,14,1.0,12,1.0,8,1.0,3,,3.0,1.0,,1.0,2.0,4.0,3.0,69,9.0,8.0,0.6956521739130435,0.6956521739130435,0.875,0.2962962962962963,0.3333333333333333,0.2,0.2962962962962963,0.5111111111111111,0.6666666666666666,0.4,0.4861111111111111,0.5833333333333334,0.35,0.5,0.5833333333333334,0.4090909090909091,0.375,0.1111111111111111,0.1,,0.375,,0.75,0.09523809523809523,0.9411764705882353,0.21052631578947367,0.8484848484848485,0.15,0.08333333333333333,,0.3076923076923077,0.6,0.9,,0.9333333333333333,1.0,92.4,0.75,14.496052631578948,16.644871794871793,14.067105263157897,16.253846153846155,0.20833333333333334,0.6666666666666666,0.8333333333333334,0.8,0.2777777777777778,0.35,0.3888888888888889,0.5714285714285714,0.1388888888888889,0.6,0.6,0.6666666666666666,0.1388888888888889,0.2361111111111111,0.23529411764705882,0.23529411764705882,0.75,0.5,0.6666666666666666,0.16666666666666666,,0.4,,0.5833333333333334,0.23529411764705882,0.48726875000000003,0.5317,0.528235,0.04054054054054054,0.06382978723404255,,0.09210526315789473,0.11842105263157894,8.76888888888889,24.962962962962962,0.10526315789473684,2026-06-23,1022600127,NYL,1611661319,LVA,LVA,10.0,2.0,3.0,4.0,1.0,1.0,,4.0,,,,,1.0,,1.0,1.0,1.0,,0.2,,0.4,0.4,1.0,0.3,0.6666666666666666,0.1,1.0,1.0,2.0,,,,,,,0.2,,,0.5,0.3333333333333333,0.5,1.0,1.0,,1.0,,,,,
40:00,83,84,41.0,7,167,9.0,11.0,2.0,3.0,12.0,27,3.0,4.0,3.0,6,15,1.0,1.0,3.0,8.0,24,42,8,18,27,99,3.0,4.0,1.0,1.0,1.0,10.0,11.0,19.0,3.0,9.0,15.0,46.0,28,20,18.0,6.0,4.0,15,6,2.0,14,6.0,20,4.0,5.0,7.0,2.0,46,1.0,6.0,16,14,1.0,31,7,38,5,5.0,,7,4.0,6.0,9.0,1.0,16,10.0,11,20,4.0,25,1.0,33,1.0,11,2.0,2.0,,,1.0,1.0,2.0,2.0,89,46.0,41.0,0.5833333333333334,0.6363636363636364,0.75,0.4444444444444444,1.0,0.3333333333333333,0.4444444444444444,0.5714285714285714,0.75,0.5789473684210527,0.6,0.9,0.5535714285714286,0.66,0.7142857142857143,0.6571428571428571,0.3,0.047619047619047616,0.037037037037037035,,0.4375,1.0,0.875,0.3333333333333333,0.8421052631578947,0.125,0.8571428571428571,0.2692307692307692,0.3333333333333333,,0.14285714285714285,1.0,0.9166666666666666,0.5,0.8666666666666667,0.75,100.19999999999993,1.0,13.515662650602408,15.216666666666692,13.32289156626506,14.680952380952405,0.18333333333333332,0.8181818181818182,0.9,0.5555555555555556,0.45,0.4444444444444444,0.46153846153846156,0.5833333333333334,0.06666666666666667,0.75,0.75,0.6666666666666666,0.05,0.25,0.4,0.4,0.6666666666666666,0.6,0.6666666666666666,0.2,1.0,0.2857142857142857,0.375,0.48333333333333334,0.4,0.479001724137931,0.558425,0.5142153846153846,0.18309859154929578,0.21153846153846154,0.10526315789473684,0.10101010101010101,0.46464646464646464,7.333333333333333,27.605555555555554,0.4939759036144578,2026-06-25,1022600133,DAL,1611661319,LVA,LVA,17.0,7.0,8.0,2.0,,1.0,,2.0,,,,,1.0,,1.0,4.0,3.0,,0.09090909090909091,,0.6666666666666666,0.6666666666666666,1.0,0.2857142857142857,0.875,0.03571428571428571,,,,,3.0,,,,,0.5,,0.125,,,,,,,,1.0,1.0,,,
40:00,85,86,40.0,5,171,15.0,18.0,1.0,1.0,7.0,15,1.0,5.0,4.0,9,21,1.0,3.0,8.0,16.0,23,38,10,25,31,107,1.0,1.0,1.0,3.0,1.0,6.0,5.0,13.0,8.0,17.0,16.0,50.0,24,22,24.0,6.0,2.0,21,9,1.0,12,8.0,20,7.0,11.0,1.0,,48,5.0,1.0,13,14,4.0,31,6,37,9,7.0,2.0,8,1.0,5.0,3.0,3.0,11,4.0,12,21,1.0,26,,37,3.0,14,1.0,4.0,,,3.0,1.0,4.0,3.0,101,50.0,40.0,0.5217391304347826,0.5454545454545454,0.8,0.4,0.3333333333333333,0.47058823529411764,0.4,0.6052631578947368,1.0,0.38461538461538464,0.6031746031746031,0.625,0.5666666666666667,0.6708860759493671,0.75,0.6410256410256411,0.3968253968253968,0.02631578947368421,,,0.7272727272727273,0.8,0.5,0.06666666666666667,0.8666666666666667,0.3333333333333333,0.627906976744186,0.2,0.125,,0.3333333333333333,0.5,0.6,0.4,0.8333333333333334,1.0,102.59999999999992,0.75,14.28,13.793023255813978,13.938823529411764,13.116279069767465,0.2857142857142857,0.8333333333333334,0.8823529411764706,0.7333333333333333,0.23809523809523808,0.4666666666666667,0.4666666666666667,0.14285714285714285,0.07936507936507936,0.2,0.2,,0.06349206349206349,0.3333333333333333,0.42857142857142855,0.42857142857142855,0.7777777777777778,0.25,1.0,0.75,0.3333333333333333,0.5333333333333333,0.5,0.6825396825396826,0.42857142857142855,0.5226880952380952,0.6707,0.49631000000000003,0.20270270270270271,0.2857142857142857,0.04,0.056074766355140186,0.4672897196261682,6.8842105263157904,24.311999999999998,0.47058823529411764,2026-06-28,1022600143,CHI,1611661319,LVA,LVA,25.0,3.0,5.0,1.0,,1.0,,1.0,1.0,,2.0,,3.0,,,5.0,5.0,,0.05555555555555555,,0.25,0.25,1.0,0.16666666666666666,0.6,0.03333333333333333,,,,,,,2.0,,,,0.3333333333333333,,,,,,1.0,,,,1.0,,,
45:00,90,91,40.0,8,181,14.0,19.0,,,12.0,21,5.0,7.0,3.0,3,19,,1.0,1.0,10.0,31,47,4,22,24,98,,2.0,,1.0,4.0,4.0,10.0,20.0,1.0,10.0,14.0,37.0,26,36,12.0,,,19,3,4.0,13,4.0,17,3.0,9.0,3.0,1.0,38,6.0,3.0,10,17,3.0,30,9,39,10,9.0,1.0,8,4.0,6.0,5.0,2.0,13,8.0,13,19,1.0,29,3.0,30,1.0,8,1.0,6.0,,,3.0,3.0,6.0,4.0,94,35.0,39.0,0.41935483870967744,0.41935483870967744,1.0,0.18181818181818182,,0.1,0.18181818181818182,0.6595744680851063,,0.5,0.5362318840579711,,0.38333333333333336,0.5903614457831325,0.3333333333333333,0.4868421052631579,0.3188405797101449,0.0851063829787234,0.14285714285714285,,0.6153846153846154,1.0,0.7083333333333334,0.1875,0.7692307692307693,0.3333333333333333,0.7297297297297297,0.2647058823529412,0.2222222222222222,0.5,0.375,0.6666666666666666,0.7272727272727273,0.75,0.7142857142857143,0.8333333333333334,96.53333333333333,0.6666666666666666,16.13888888888889,13.708791208791208,15.98777777777778,13.256043956043955,0.2753623188405797,0.7368421052631579,0.7777777777777778,0.6428571428571429,0.30434782608695654,0.5714285714285714,0.6666666666666666,0.25,0.10144927536231885,0.7142857142857143,0.7142857142857143,0.2,0.043478260869565216,0.2753623188405797,0.15789473684210525,0.15789473684210525,1.0,,,0.3333333333333333,,0.3333333333333333,0.1,0.5942028985507246,0.15789473684210525,0.48534338235294117,0.4089,0.4475896551724138,0.11688311688311688,0.14814814814814814,0.043478260869565216,0.04081632653061224,0.37755102040816324,7.519148936170212,26.29090909090909,0.4444444444444444,2026-07-03,1022600149,CHI,1611661319,LVA,LVA,23.0,3.0,5.0,1.0,,,,1.0,,,1.0,,,,3.0,6.0,5.0,,0.05263157894736842,,0.3333333333333333,0.3333333333333333,1.0,0.16666666666666666,0.6,,,,,,,,3.0,,,,,,,,,,,1.0,,,,,,
40:00,72,73,21.0,7,145,4.0,6.0,1.0,2.0,12.0,22,2.0,8.0,8.0,1,11,,,,3.0,18,36,4,19,20,68,1.0,6.0,,,,2.0,5.0,13.0,1.0,5.0,6.0,19.0,20,16,12.0,,,11,1,3.0,10,4.0,14,1.0,3.0,6.0,1.0,32,4.0,4.0,8,18,1.0,27,8,35,5,3.0,2.0,5,2.0,5.0,8.0,,13,3.0,9,17,1.0,20,1.0,25,1.0,10,,1.0,,,1.0,,1.0,1.0,66,19.0,21.0,0.5555555555555556,0.5555555555555556,1.0,0.21052631578947367,,0.2,0.21052631578947367,0.5,0.16666666666666666,0.38461538461538464,0.43636363636363634,0.16666666666666666,0.3611111111111111,0.5074626865671642,0.14285714285714285,0.4318181818181818,0.34545454545454546,0.08333333333333333,0.09090909090909091,,0.38461538461538464,0.5,0.6923076923076923,0.2222222222222222,0.5714285714285714,0.2857142857142857,0.65,0.25,0.2,0.16666666666666666,0.2222222222222222,0.8,0.625,0.8,0.5454545454545454,0.6666666666666666,87.0,1.0,16.618055555555557,16.486301369863014,15.870833333333334,15.554794520547945,0.10909090909090909,0.6666666666666666,0.8,0.75,0.4,0.5454545454545454,0.6,0.5,0.14545454545454545,0.25,0.25,0.5,0.14545454545454545,0.2,0.09090909090909091,0.09090909090909091,1.0,0.3333333333333333,0.5,,,0.16666666666666666,,0.45454545454545453,0.09090909090909091,0.43840454545454544,0.4215,0.4232194444444445,0.15625,0.2222222222222222,,0.029411764705882353,0.27941176470588236,8.786111111111111,25.07894736842105,0.2916666666666667,2026-07-05,1022600153,IND,1611661319,LVA,LVA,18.0,1.0,3.0,3.0,1.0,2.0,,3.0,,1.0,1.0,,,,2.0,3.0,3.0,,0.16666666666666666,,0.375,0.375,1.0,0.16666666666666666,0.3333333333333333,0.1111111111111111,0.5,,,,,3.0,1.0,,,0.5,0.4,,,,,,,,,,,,,
40:00,76,77,19.0,5,153,8.0,13.0,,,13.0,23,2.0,5.0,5.0,5,15,,2.0,1.0,4.0,23,41,8,20,18,88,2.0,3.0,,2.0,4.0,8.0,5.0,8.0,2.0,5.0,3.0,19.0,32,14,21.0,3.0,,15,5,3.0,16,7.0,23,4.0,7.0,8.0,1.0,53,3.0,4.0,16,8,1.0,25,7,32,13,10.0,3.0,8,2.0,8.0,4.0,,12,4.0,10,16,,19,,22,3.0,10,1.0,3.0,2.0,1.0,1.0,2.0,5.0,3.0,80,19.0,19.0,0.6956521739130435,0.6956521739130435,0.875,0.4,,0.4,0.4,0.5609756097560976,0.6666666666666666,0.625,0.5737704918032787,0.4,0.6153846153846154,0.6285714285714286,0.5714285714285714,0.6785714285714286,0.32786885245901637,0.07317073170731707,0.043478260869565216,,0.6666666666666666,0.5,0.6153846153846154,0.2222222222222222,0.8,0.25,0.7272727272727273,0.23333333333333334,0.3,,0.2,0.8,0.5714285714285714,,0.7647058823529411,1.0,91.79999999999994,0.6,16.218421052631605,15.161038961038962,15.600000000000026,14.316883116883117,0.21311475409836064,0.6153846153846154,0.7272727272727273,0.875,0.3770491803278688,0.5652173913043478,0.5909090909090909,0.6153846153846154,0.08196721311475409,0.4,0.4,0.5,0.08196721311475409,0.2459016393442623,0.3333333333333333,0.3333333333333333,0.8,,,0.4,,0.3076923076923077,0.25,0.5409836065573771,0.3333333333333333,0.48405081967213115,0.4569125,0.5271461538461538,0.15942028985507245,0.20833333333333334,0.047619047619047616,0.09090909090909091,0.2159090909090909,7.712195121951219,24.544999999999998,0.25,2026-07-09,1022600164,PDX,1611661319,LVA,LVA,26.0,3.0,5.0,3.0,1.0,1.0,,3.0,,,,,,1.0,1.0,1.0,1.0,,0.15384615384615385,,0.6,0.6,1.0,0.38461538461538464,0.6,0.07692307692307693,1.0,,,,1.0,2.0,,,,0.2,0.5,0.037037037037037035,,,,,,,1.0,,,,,
40:00,80,82,12.0,12,162,12.0,15.0,4.0,5.0,10.0,22,3.0,5.0,10.0,9,25,,3.0,1.0,1.0,25,42,14,35,14,106,5.0,9.0,1.0,4.0,,13.0,3.0,4.0,2.0,2.0,8.0,20.0,38,12,36.0,6.0,6.0,25,9,,19,12.0,31,7.0,8.0,9.0,2.0,74,7.0,7.0,20,15,1.0,36,14,50,8,7.0,1.0,3,1.0,3.0,6.0,,9,1.0,4,14,4.0,16,3.0,16,,5,,2.0,,,,2.0,2.0,,93,20.0,12.0,0.76,0.8636363636363636,0.8571428571428571,0.4,0.25,1.0,0.4,0.5952380952380952,0.5555555555555556,0.75,0.5974025974025974,0.5,1.0,0.6235294117647059,0.5,0.9090909090909091,0.45454545454545453,,,,0.3333333333333333,1.0,0.7894736842105263,0.4117647058823529,0.8695652173913043,0.3333333333333333,0.8333333333333334,0.3684210526315789,0.4166666666666667,0.5,0.3125,1.0,0.6666666666666666,1.0,0.9375,0.7142857142857143,97.2,,15.617500000000001,14.03170731707317,14.711250000000001,13.53780487804878,0.19480519480519481,0.8,0.8,0.6666666666666666,0.2857142857142857,0.45454545454545453,0.45454545454545453,0.9,0.06493506493506493,0.6,0.6,0.6666666666666666,0.12987012987012986,0.3246753246753247,0.36,0.36,0.7777777777777778,0.38461538461538464,0.8,0.23076923076923078,,0.16666666666666666,1.0,0.6493506493506493,0.36,0.4192441558441558,0.46995000000000003,0.53155,0.06097560975609756,0.10638297872340426,,0.12264150943396226,0.18867924528301888,7.009523809523809,24.968571428571426,0.15,2026-07-11,1022600169,PHX,1611661319,LVA,LVA,5.0,3.0,4.0,5.0,1.0,1.0,,5.0,,,1.0,,,,,3.0,3.0,,,,0.5,0.5,1.0,0.6666666666666666,0.75,0.16666666666666666,1.0,1.0,1.0,,4.0,,,,,0.3333333333333333,0.4,0.10526315789473684,0.25,0.07692307692307693,1.0,1.0,,,,,,,,
40:00,79,79,12.0,10,158,10.0,13.0,3.0,4.0,12.0,31,1.0,8.0,1.0,4,16,,2.0,,1.0,23,52,4,17,17,75,6.0,9.0,,2.0,2.0,14.0,2.0,5.0,,1.0,6.0,10.0,26,20,12.0,,8.0,16,4,1.0,13,4.0,17,4.0,3.0,9.0,1.0,38,2.0,9.0,10,11,,21,12,33,4,2.0,2.0,6,3.0,4.0,5.0,2.0,11,1.0,9,19,1.0,17,1.0,20,,7,,4.0,,,3.0,1.0,4.0,2.0,61,10.0,12.0,0.5652173913043478,0.6842105263157895,1.0,0.23529411764705882,,,0.23529411764705882,0.4423076923076923,0.6666666666666666,0.4,0.42028985507246375,0.5454545454545454,0.3333333333333333,0.47468354430379744,0.5833333333333334,0.5,0.2463768115942029,0.019230769230769232,0.03225806451612903,,0.5454545454545454,,0.7857142857142857,0.3103448275862069,0.6666666666666666,0.16666666666666666,0.7241379310344828,0.2682926829268293,0.3157894736842105,0.14285714285714285,0.09090909090909091,0.75,0.7142857142857143,1.0,0.6428571428571429,1.0,94.8,0.5,15.494936708860758,14.884810126582279,14.773417721518987,14.453164556962028,0.18840579710144928,0.7692307692307693,0.7692307692307693,0.3,0.4492753623188406,0.3870967741935484,0.4,0.75,0.11594202898550725,0.125,0.125,1.0,0.014492753623188406,0.2318840579710145,0.25,0.25,1.0,0.36363636363636365,0.75,0.18181818181818182,,0.16666666666666666,,0.43478260869565216,0.25,0.4479913043478261,0.4942666666666667,0.444,0.09210526315789473,0.11864406779661017,,0.18666666666666668,0.13333333333333333,8.101923076923077,26.623529411764707,0.1518987341772152,2026-07-12,1022600174,IND,1611661319,LVA,LVA,12.0,,1.0,,,,,,,,,,,,1.0,3.0,3.0,,,,,,,0.16666666666666666,,,,,,1.0,2.0,1.0,1.0,,0.5,0.6666666666666666,1.0,0.05,,,,,,,,,,,,
40:00,79,82,4.0,7,161,17.0,20.0,2.0,2.0,12.0,16,2.0,4.0,10.0,11,28,1.0,2.0,,1.0,31,40,14,38,5,109,3.0,4.0,2.0,3.0,,12.0,2.0,2.0,1.0,2.0,,7.0,42,20,24.0,18.0,2.0,28,11,1.0,21,8.0,29,5.0,13.0,7.0,1.0,66,5.0,2.0,16,11,1.0,28,7,35,6,4.0,2.0,6,1.0,5.0,1.0,1.0,7,,7,12,,13,3.0,6,2.0,2,1.0,6.0,1.0,1.0,5.0,1.0,7.0,3.0,97,7.0,4.0,0.6774193548387096,0.7,0.5714285714285714,0.3684210526315789,0.6666666666666666,0.5,0.3684210526315789,0.775,0.75,1.0,0.6666666666666666,0.8571428571428571,0.875,0.6835443037974683,0.8571428571428571,0.875,0.48717948717948717,0.025,0.0625,,0.8571428571428571,1.0,0.5,0.2222222222222222,0.7619047619047619,0.20833333333333334,0.627906976744186,0.21212121212121213,0.25,,0.17647058823529413,0.36363636363636365,0.6,1.0,0.6666666666666666,0.8888888888888888,96.6,0.42857142857142855,14.70632911392405,15.100000000000001,14.174683544303797,14.399999999999999,0.2564102564102564,0.85,0.85,0.7647058823529411,0.20512820512820512,0.75,0.8,0.5833333333333334,0.05128205128205128,0.5,0.5,0.5,0.1282051282051282,0.358974358974359,0.39285714285714285,0.39285714285714285,0.45454545454545453,0.2857142857142857,1.0,0.2857142857142857,0.5,0.25,,0.7435897435897436,0.39285714285714285,0.5160051282051281,0.5109625,0.5161,0.0379746835443038,0.05,0.02564102564102564,0.11009174311926606,0.06422018348623854,6.782500000000001,24.650000000000002,0.05063291139240506,2026-07-20,1022600194,TOR,1611661319,LVA,LVA,9.0,2.0,2.0,3.0,1.0,1.0,,3.0,,,,,1.0,,1.0,,,,,,0.3,0.3,1.0,0.5,1.0,0.25,1.0,1.0,1.0,,1.0,,2.0,,,0.3333333333333333,0.2857142857142857,0.03125,,0.14285714285714285,1.0,1.0,1.0,,,1.0,,,,
40:00,78,79,22.0,4,157,12.0,18.0,1.0,1.0,9.0,17,8.0,13.0,3.0,3,11,1.0,1.0,1.0,3.0,29,48,5,14,26,99,2.0,2.0,1.0,1.0,2.0,9.0,7.0,11.0,2.0,4.0,13.0,33.0,26,32,15.0,,,11,3,1.0,13,5.0,18,3.0,8.0,2.0,3.0,41,1.0,2.0,3,15,3.0,21,4,25,10,6.0,4.0,3,,3.0,6.0,,9,2.0,12,25,2.0,21,,29,5.0,11,1.0,6.0,,,1.0,5.0,6.0,2.0,90,33.0,22.0,0.4482758620689655,0.4482758620689655,1.0,0.35714285714285715,1.0,0.5,0.35714285714285715,0.6041666666666666,1.0,0.6363636363636364,0.5887096774193549,1.1666666666666667,0.6666666666666666,0.678082191780822,1.125,0.7857142857142857,0.22580645161290322,0.020833333333333332,,0.07692307692307693,0.3333333333333333,0.6,0.5,0.10526315789473684,0.5,0.125,0.5,0.1111111111111111,0.125,,0.14285714285714285,0.5,0.4444444444444444,1.0,0.4,1.0,94.2,0.3333333333333333,14.95,15.618987341772153,14.783333333333331,14.58987341772152,0.2903225806451613,0.6666666666666666,0.6666666666666666,0.6666666666666666,0.27419354838709675,0.5294117647058824,0.5294117647058824,0.2222222222222222,0.20967741935483872,0.6153846153846154,0.6666666666666666,0.375,0.04838709677419355,0.1774193548387097,0.2727272727272727,0.2727272727272727,1.0,0.3333333333333333,1.0,0.3333333333333333,1.0,0.2,0.3333333333333333,0.5161290322580645,0.2727272727272727,0.4685411290322581,0.5880833333333334,0.46810333333333337,0.17391304347826086,0.2037037037037037,0.06666666666666667,0.09090909090909091,0.3333333333333333,8.691666666666666,24.192857142857143,0.28205128205128205,2026-07-22,1022600200,WAS,1611661319,LVA,LVA,35.0,3.0,3.0,2.0,1.0,1.0,,2.0,1.0,,,,1.0,,,4.0,4.0,,,,0.6666666666666666,0.6666666666666666,1.0,0.2,1.0,0.06666666666666667,1.0,,,1.0,1.0,1.0,4.0,,1.0,0.16666666666666666,,0.038461538461538464,,,,,,,,1.0,,,,
40:00,78,80,24.0,2,158,6.0,7.0,,,16.0,23,2.0,5.0,8.0,6,14,,1.0,,3.0,24,35,9,22,23,98,,,,1.0,2.0,2.0,9.0,14.0,1.0,5.0,9.0,30.0,26,22,24.0,3.0,,14,6,1.0,13,8.0,21,5.0,6.0,6.0,1.0,50,2.0,,16,10,2.0,28,2,30,7,5.0,2.0,5,4.0,4.0,7.0,1.0,12,2.0,12,21,2.0,23,3.0,26,3.0,11,,3.0,,,2.0,1.0,3.0,3.0,96,30.0,24.0,0.5416666666666666,0.5416666666666666,0.8888888888888888,0.4090909090909091,,0.2,0.4090909090909091,0.6857142857142857,,0.6428571428571429,0.6578947368421053,,0.5526315789473685,0.7132352941176471,0.5,0.6521739130434783,0.38596491228070173,0.02857142857142857,,0.2,0.4166666666666667,1.0,0.5263157894736842,,0.7619047619047619,0.15384615384615385,0.65,0.08333333333333333,,,0.125,0.5,0.5,0.6666666666666666,0.8,0.6666666666666666,94.8,1.0,14.276923076923076,16.080000000000002,14.187179487179487,15.151250000000001,0.12280701754385964,0.8571428571428571,0.8571428571428571,1.0,0.40350877192982454,0.6956521739130435,0.6956521739130435,0.375,0.08771929824561403,0.4,0.5,0.5,0.14035087719298245,0.24561403508771928,0.42857142857142855,0.42857142857142855,0.8333333333333334,,,1.0,,0.15789473684210525,,0.5087719298245614,0.42857142857142855,0.48216754385964916,,0.47517631578947367,0.16923076923076924,0.2558139534883721,,0.02040816326530612,0.30612244897959184,7.251428571428572,24.277272727272727,0.3076923076923077,2026-07-28,1022600206,PDX,1611661319,LVA,LVA,36.0,3.0,4.0,3.0,1.0,2.0,,3.0,,,,,1.0,,,3.0,3.0,,,,0.375,0.375,1.0,0.21052631578947367,0.75,0.10526315789473684,0.5,,,,,,2.0,,,,0.2,,,,,,1.0,,,,,,,
40:00,82,83,18.0,4,165,5.0,6.0,1.0,1.0,11.0,20,4.0,10.0,6.0,10,22,,1.0,2.0,3.0,20,36,13,28,25,104,1.0,2.0,,1.0,,2.0,1.0,5.0,3.0,6.0,13.0,24.0,26,14,36.0,3.0,,22,10,1.0,13,12.0,25,9.0,4.0,7.0,2.0,62,3.0,2.0,9,15,2.0,26,5,31,5,4.0,1.0,9,,7.0,1.0,2.0,10,1.0,11,21,1.0,20,3.0,27,1.0,7,1.0,4.0,,,1.0,3.0,4.0,3.0,102,24.0,18.0,0.65,0.65,0.9230769230769231,0.4642857142857143,,0.5,0.4642857142857143,0.5555555555555556,0.5,0.2,0.6171875,0.3333333333333333,0.5,0.6776315789473685,0.3333333333333333,0.7058823529411765,0.4375,0.027777777777777776,0.05,,0.9,0.6666666666666666,0.7894736842105263,0.125,0.6428571428571429,0.2,0.7272727272727273,0.16129032258064516,0.2222222222222222,,0.25,0.75,0.8,,0.6153846153846154,1.0,99.0,0.75,14.539024390243902,14.551807228915662,14.402439024390244,14.025301204819277,0.09375,0.8333333333333334,0.8333333333333334,0.8,0.3125,0.55,0.5789473684210527,0.6363636363636364,0.15625,0.4,0.4,0.5,0.09375,0.34375,0.45454545454545453,0.45454545454545453,0.9,0.3333333333333333,1.0,0.3333333333333333,,0.2727272727272727,0.6666666666666666,0.53125,0.45454545454545453,0.48498709677419355,0.5269,0.49166999999999994,0.11267605633802817,0.16666666666666666,0.034482758620689655,0.019230769230769232,0.23076923076923078,8.916666666666666,26.210714285714285,0.21951219512195122,2026-07-30,1022600212,NYL,1611661319,LVA,LVA,30.0,,1.0,3.0,1.0,3.0,,3.0,,,,,,,2.0,5.0,5.0,,,,0.5,0.5,1.0,0.09090909090909091,,0.2727272727272727,0.3333333333333333,,,,1.0,,2.0,,,,,0.03333333333333333,1.0,,,,1.0,,,,,,,
40:00,84,85,19.0,13,169,12.0,17.0,5.0,7.0,9.0,21,6.0,14.0,3.0,5,19,,1.0,,3.0,27,52,5,22,14,83,8.0,11.0,,1.0,2.0,18.0,9.0,12.0,,5.0,5.0,23.0,34,20,12.0,3.0,10.0,19,5,3.0,17,4.0,21,4.0,7.0,6.0,4.0,46,8.0,6.0,8,23,2.0,33,14,47,5,3.0,2.0,9,2.0,9.0,8.0,,17,3.0,12,19,4.0,20,3.0,18,2.0,9,,8.0,,,8.0,,8.0,4.0,65,23.0,19.0,0.6296296296296297,0.7727272727272727,0.8,0.22727272727272727,,,0.22727272727272727,0.5192307692307693,0.7272727272727273,0.75,0.46621621621621623,0.6666666666666666,0.5294117647058824,0.5060975609756098,0.6923076923076923,0.575,0.2972972972972973,0.057692307692307696,0.14285714285714285,,0.5294117647058824,0.6666666666666666,0.6764705882352942,0.24,0.6666666666666666,0.5333333333333333,0.6739130434782609,0.35,0.25,0.125,0.5833333333333334,0.5789473684210527,0.7777777777777778,0.8333333333333334,0.6666666666666666,0.6666666666666666,101.4,0.5,14.890476190476189,13.520000000000001,14.291666666666666,12.75529411764706,0.22972972972972974,0.7058823529411765,0.7058823529411765,0.5833333333333334,0.28378378378378377,0.42857142857142855,0.5,0.6666666666666666,0.1891891891891892,0.42857142857142855,0.42857142857142855,0.6666666666666666,0.04054054054054054,0.25675675675675674,0.2631578947368421,0.2777777777777778,0.8,0.5833333333333334,0.7142857142857143,0.08333333333333333,,0.17647058823529413,,0.527027027027027,0.2631578947368421,0.48604246575342464,0.538775,0.4617375,0.1111111111111111,0.15254237288135594,,0.21686746987951808,0.27710843373493976,8.938461538461539,26.204545454545453,0.2261904761904762,2026-08-01,1022600216,CHI,1611661319,LVA,LVA,21.0,4.0,4.0,,,2.0,1.0,,,,1.0,,2.0,1.0,,1.0,1.0,0.045454545454545456,,0.05263157894736842,,,,0.23529411764705882,1.0,0.11764705882352941,,,,,1.0,1.0,,,,0.4,0.3333333333333333,0.02702702702702703,0.2,,,,,,,,,,,
40:00,80,81,11.0,6,161,20.0,27.0,2.0,3.0,13.0,18,1.0,7.0,,10,19,,2.0,4.0,4.0,34,52,10,19,11,109,2.0,3.0,,2.0,2.0,6.0,3.0,5.0,4.0,4.0,1.0,19.0,34,34,21.0,9.0,2.0,19,10,2.0,17,7.0,24,7.0,13.0,4.0,,55,1.0,6.0,15,12,,27,7,34,5,3.0,2.0,5,2.0,5.0,4.0,,9,2.0,10,16,2.0,14,1.0,14,2.0,8,,6.0,,,5.0,1.0,6.0,3.0,103,19.0,11.0,0.5,0.5151515151515151,0.7,0.5263157894736842,,1.0,0.5263157894736842,0.6538461538461539,0.6666666666666666,0.6,0.6901408450704225,0.4,1.0,0.7077922077922078,0.5,0.95,0.2676056338028169,0.038461538461538464,,,0.5555555555555556,,0.5454545454545454,0.3333333333333333,0.7894736842105263,0.1111111111111111,0.6585365853658537,0.25925925925925924,0.2,0.3333333333333333,0.1111111111111111,0.5384615384615384,0.5,0.6666666666666666,0.7333333333333333,1.0,96.6,0.5,15.309999999999999,14.508641975308642,15.133750000000001,13.977777777777778,0.38028169014084506,0.7407407407407407,0.8,0.65,0.2535211267605634,0.7222222222222222,0.7222222222222222,0.3076923076923077,0.09859154929577464,0.14285714285714285,0.14285714285714285,,,0.2676056338028169,0.5263157894736842,0.5263157894736842,0.7,0.6,0.6666666666666666,0.4,,0.4444444444444444,1.0,0.647887323943662,0.5263157894736842,0.5145,0.58683,0.5841444444444445,0.1038961038961039,0.13793103448275862,,0.05504587155963303,0.1743119266055046,6.2711538461538465,24.426315789473687,0.1375,2026-08-03,1022600222,ATL,1611661319,LVA,LVA,10.0,2.0,4.0,,,,,,,,,,,,,,,,0.07407407407407407,,,,,0.4444444444444444,0.5,,,,,,1.0,,,,,0.42857142857142855,,0.04,0.5,,,,,,,,,,,
45:00,92,91,18.0,11,183,11.0,20.0,2.0,6.0,11.0,24,8.0,20.0,1.0,5,21,,3.0,2.0,6.0,30,64,5,22,11,86,3.0,9.0,,3.0,2.0,8.0,5.0,9.0,2.0,6.0,2.0,18.0,40,20,12.0,3.0,2.0,21,5,4.0,20,4.0,24,4.0,8.0,8.0,4.0,52,3.0,13.0,12,16,2.0,30,16,46,9,8.0,1.0,10,1.0,10.0,6.0,,16,2.0,7,24,3.0,16,2.0,14,4.0,8,,4.0,,,3.0,1.0,4.0,4.0,78,18.0,18.0,0.6666666666666666,0.6896551724137931,0.8,0.22727272727272727,,0.3333333333333333,0.22727272727272727,0.46875,0.3333333333333333,0.5555555555555556,0.436046511627907,0.25,0.5333333333333333,0.4725274725274725,0.3076923076923077,0.5625,0.2558139534883721,0.0625,0.08333333333333333,,0.625,0.6666666666666666,0.6956521739130435,0.38235294117647056,0.9230769230769231,0.17647058823529413,0.7777777777777778,0.3137254901960784,0.23076923076923078,0.3333333333333333,0.1875,0.75,0.5714285714285714,0.75,0.9230769230769231,,97.6,1.0,15.799999999999999,13.696703296703298,15.166304347826086,13.163736263736265,0.23255813953488372,0.55,0.6111111111111112,0.7272727272727273,0.27906976744186046,0.4583333333333333,0.5,0.7272727272727273,0.23255813953488372,0.4,0.4,0.5,0.011627906976744186,0.2441860465116279,0.23809523809523808,0.23809523809523808,0.8,0.5,0.3333333333333333,0.25,,0.4,0.3333333333333333,0.4883720930232558,0.23809523809523808,0.46094651162790695,0.5377863636363637,0.44159333333333334,0.08888888888888889,0.11764705882352941,,0.09302325581395349,0.20930232558139536,9.321875,26.027272727272727,0.1956521739130435,2026-08-06,1022600230,IND,1611661319,LVA,LVA,18.0,2.0,2.0,,,,,,,,2.0,,3.0,,1.0,1.0,1.0,,0.1,,,,,0.13333333333333333,1.0,,,,,,1.0,,2.0,,,0.6666666666666666,,0.02127659574468085,0.5,,,,,,,,,,,
40:00,80,81,20.0,13,161,10.0,16.0,3.0,5.0,6.0,15,4.0,11.0,11.0,6,16,1.0,1.0,1.0,5.0,20,42,10,27,17,87,4.0,6.0,1.0,2.0,7.0,18.0,5.0,8.0,2.0,7.0,7.0,23.0,22,18,18.0,12.0,6.0,16,6,4.0,11,6.0,17,2.0,7.0,3.0,1.0,40,5.0,8.0,10,16,,26,13,39,3,2.0,1.0,10,2.0,7.0,6.0,3.0,16,4.0,4,11,2.0,20,1.0,18,1.0,7,1.0,4.0,,,4.0,,4.0,,69,23.0,20.0,0.55,0.6470588235294118,0.6,0.37037037037037035,0.5,0.2857142857142857,0.37037037037037035,0.47619047619047616,0.6666666666666666,0.625,0.5072463768115942,0.6875,0.5333333333333333,0.564935064935065,0.8181818181818182,0.6052631578947368,0.391304347826087,0.09523809523809523,0.06666666666666667,0.09090909090909091,0.625,,0.64,0.36363636363636365,0.7142857142857143,0.29411764705882354,0.6666666666666666,0.3333333333333333,0.4444444444444444,0.2857142857142857,0.3,0.6,0.8,0.6,0.6923076923076923,1.0,96.6,,16.6175,13.217283950617283,16.126250000000002,12.661728395061727,0.2318840579710145,0.625,0.7142857142857143,0.7,0.21739130434782608,0.4,0.42857142857142855,0.5,0.15942028985507245,0.36363636363636365,0.4,0.25,0.15942028985507245,0.2318840579710145,0.375,0.375,0.3333333333333333,0.625,0.6,0.125,1.0,0.3333333333333333,0.2,0.6231884057971014,0.375,0.4965536231884058,0.62425,0.46194,0.10526315789473684,0.14583333333333334,0.03571428571428571,0.20689655172413793,0.26436781609195403,8.55952380952381,23.807407407407407,0.25,2026-08-08,1022600236,MIN,1611661319,LVA,LVA,1.0,,2.0,4.0,1.0,2.0,,4.0,,1.0,2.0,,,,,1.0,1.0,,0.125,,0.36363636363636365,0.36363636363636365,1.0,0.13333333333333333,,0.13333333333333333,0.5,,1.0,,,1.0,,,,0.3333333333333333,0.2857142857142857,,,0.125,,,,,,1.0,,,,
40:00,80,82,18.0,4,162,13.0,21.0,,2.0,1.0,8,1.0,5.0,5.0,7,24,1.0,2.0,2.0,5.0,15,34,10,29,11,71,,2.0,1.0,2.0,1.0,4.0,5.0,8.0,3.0,6.0,2.0,21.0,18,12,24.0,6.0,,24,7,3.0,9,8.0,17,5.0,9.0,,,42,3.0,2.0,7,10,2.0,19,5,24,6,5.0,1.0,8,4.0,7.0,6.0,1.0,14,2.0,9,18,1.0,13,2.0,14,,6,,2.0,,,1.0,1.0,2.0,1.0,67,21.0,18.0,0.6,0.6,0.8,0.3448275862068966,0.5,0.5,0.3448275862068966,0.4411764705882353,,0.625,0.47619047619047616,0.375,0.6785714285714286,0.5071428571428571,0.4,0.7,0.4603174603174603,0.08823529411764706,0.125,,0.5714285714285714,1.0,0.5882352941176471,0.10526315789473684,0.3888888888888889,0.15789473684210525,0.4857142857142857,0.13157894736842105,0.14285714285714285,0.25,0.11764705882352941,0.625,0.5555555555555556,,0.23076923076923078,0.8,97.19999999999993,0.5,14.840000000000027,14.790243902439023,14.477500000000026,13.607317073170732,0.3333333333333333,0.6190476190476191,0.6842105263157895,0.6923076923076923,0.12698412698412698,0.125,0.14285714285714285,,0.07936507936507936,0.2,0.2,,0.07936507936507936,0.38095238095238093,0.2916666666666667,0.30434782608695654,0.7142857142857143,0.5,,0.5,0.5,0.35714285714285715,0.4,0.7936507936507936,0.2916666666666667,0.5454515873015873,0.6015,0.5389571428571428,0.08695652173913043,0.15,,0.056338028169014086,0.29577464788732394,6.138235294117647,24.782758620689656,0.225,2026-08-09,1022600239,NYL,1611661319,LVA,LVA,22.0,4.0,6.0,3.0,1.0,1.0,1.0,3.0,,,,,2.0,,,1.0,1.0,0.034482758620689655,0.09523809523809523,0.041666666666666664,0.6,0.6,1.0,0.42857142857142855,0.6666666666666666,0.07142857142857142,1.0,,,,1.0,1.0,3.0,,,,0.5,0.029411764705882353,,,,,,,,1.0,,,,
40:00,74,76,6.0,10,150,4.0,10.0,2.0,2.0,12.0,26,7.0,11.0,8.0,4,15,,,,1.0,23,47,9,23,13,86,5.0,6.0,1.0,1.0,3.0,16.0,3.0,6.0,,1.0,3.0,9.0,22,24,27.0,,4.0,15,4,2.0,11,9.0,20,4.0,2.0,6.0,3.0,49,4.0,6.0,5,16,2.0,23,10,33,9,7.0,2.0,5,2.0,4.0,3.0,1.0,8,,8,15,1.0,17,3.0,14,2.0,6,2.0,4.0,1.0,,3.0,1.0,5.0,3.0,70,9.0,6.0,0.4782608695652174,0.5238095238095238,1.0,0.391304347826087,1.0,,0.391304347826087,0.48936170212765956,0.8333333333333334,0.5,0.5214285714285715,0.9285714285714286,0.42857142857142855,0.5733333333333334,0.8888888888888888,0.5625,0.32857142857142857,0.0425531914893617,0.038461538461538464,,0.625,0.6666666666666666,0.6153846153846154,0.25,0.38461538461538464,0.2857142857142857,0.5384615384615384,0.2631578947368421,0.21428571428571427,,0.2727272727272727,0.6666666666666666,0.6,0.5,0.45454545454545453,,90.0,0.6,16.155405405405407,15.848684210526315,15.543243243243245,14.880263157894738,0.14285714285714285,0.4,0.4444444444444444,0.5,0.37142857142857144,0.46153846153846156,0.48,0.5,0.15714285714285714,0.6363636363636364,0.6363636363636364,0.42857142857142855,0.11428571428571428,0.21428571428571427,0.26666666666666666,0.26666666666666666,1.0,0.2857142857142857,1.0,,,0.14285714285714285,,0.4714285714285714,0.26666666666666666,0.46025214285714283,0.464975,0.40704285714285715,0.10666666666666667,0.11764705882352941,0.08333333333333333,0.18604651162790697,0.10465116279069768,8.48723404255319,24.38695652173913,0.08108108108108109,2026-08-11,1022600246,WAS,1611661319,LVA,LVA,12.0,,1.0,5.0,,,,5.0,,,,,,,,,,,0.1,,0.625,0.625,1.0,0.14285714285714285,,,,1.0,1.0,,2.0,,,,,0.5,0.3333333333333333,0.05555555555555555,0.5,0.14285714285714285,1.0,1.0,,,1.0,,1.0,,,1.0
40:00,78,80,12.0,5,158,5.0,6.0,,1.0,6.0,21,3.0,7.0,6.0,8,19,,,1.0,1.0,14,34,10,25,25,83,2.0,5.0,,,,4.0,2.0,4.0,2.0,2.0,8.0,18.0,22,6,24.0,6.0,2.0,19,8,1.0,11,8.0,19,6.0,5.0,3.0,3.0,46,1.0,4.0,7,16,3.0,26,5,31,3,3.0,,5,,5.0,7.0,,12,2.0,6,21,6.0,20,3.0,27,,7,2.0,3.0,1.0,1.0,,3.0,4.0,4.0,79,18.0,12.0,0.7857142857142857,0.8461538461538461,0.8,0.4,,1.0,0.4,0.4117647058823529,0.4,0.5,0.4915254237288136,0.4,0.8333333333333334,0.5845070422535211,0.4,0.9,0.423728813559322,0.029411764705882353,0.047619047619047616,,0.4166666666666667,0.75,0.8,0.2,0.7777777777777778,0.06666666666666667,0.7931034482758621,0.14285714285714285,0.26666666666666666,,0.09090909090909091,0.6666666666666666,0.9230769230769231,,0.7142857142857143,1.0,94.8,1.0,15.746153846153847,14.647499999999999,15.4,14.24625,0.1016949152542373,0.8333333333333334,0.8333333333333334,1.0,0.3559322033898305,0.2857142857142857,0.3,0.5,0.11864406779661017,0.42857142857142855,0.42857142857142855,1.0,0.1016949152542373,0.3220338983050847,0.42105263157894735,0.42105263157894735,0.75,0.2,,,,0.16666666666666666,1.0,0.5254237288135594,0.42105263157894735,0.46853898305084746,0.493925,0.47184166666666666,0.1323529411764706,0.17073170731707318,0.07407407407407407,0.04819277108433735,0.21686746987951808,8.411764705882353,24.6,0.15384615384615385,2026-08-13,1022600253,WAS,1611661319,LVA,LVA,21.0,,,2.0,1.0,1.0,,2.0,,,,,1.0,,,3.0,3.0,,,,0.3333333333333333,0.3333333333333333,1.0,,,0.16666666666666666,1.0,,,,1.0,1.0,3.0,,,,,0.029411764705882353,,,,,,,,,,,,
40:00,77,77,27.0,14,154,5.0,7.0,1.0,3.0,15.0,26,2.0,8.0,5.0,9,23,1.0,3.0,3.0,10.0,22,41,9,28,16,87,4.0,7.0,1.0,3.0,1.0,12.0,4.0,9.0,3.0,11.0,11.0,28.0,26,18,21.0,6.0,4.0,23,9,1.0,13,7.0,20,7.0,3.0,8.0,2.0,47,5.0,9.0,10,11,,21,14,35,7,7.0,,9,3.0,5.0,4.0,4.0,13,5.0,6,14,1.0,22,3.0,18,2.0,6,,1.0,1.0,1.0,,1.0,2.0,1.0,75,28.0,27.0,0.5909090909090909,0.65,0.7777777777777778,0.32142857142857145,0.3333333333333333,0.2727272727272727,0.32142857142857145,0.5365853658536586,0.5714285714285714,0.4444444444444444,0.5144927536231884,0.55,0.425,0.564935064935065,0.6,0.5384615384615384,0.4057971014492754,0.024390243902439025,0.038461538461538464,,0.6923076923076923,,0.6470588235294118,0.47368421052631576,0.6666666666666666,0.2631578947368421,0.65625,0.3684210526315789,0.6363636363636364,0.3333333333333333,0.21428571428571427,,0.5833333333333334,0.8,0.6,0.8,92.4,0.5,16.6,14.568831168831169,16.001298701298705,14.0012987012987,0.10144927536231885,0.7142857142857143,0.7142857142857143,0.6,0.37681159420289856,0.5769230769230769,0.6,0.5333333333333333,0.11594202898550725,0.25,0.25,1.0,0.07246376811594203,0.3333333333333333,0.391304347826087,0.391304347826087,0.7777777777777778,0.3,0.3333333333333333,0.3,0.3333333333333333,0.5,0.3,0.5072463768115942,0.391304347826087,0.4479927536231884,0.45779166666666665,0.41346499999999997,0.0821917808219178,0.13333333333333333,,0.13793103448275862,0.3218390804597701,8.658536585365853,24.964285714285715,0.35064935064935066,2026-08-15,1022600258,MIN,1611661319,LVA,LVA,14.0,,1.0,,,1.0,,,,,3.0,,,,,4.0,3.0,,,,,,,0.05,,0.05,,,,,1.0,,1.0,,,,0.4,0.02702702702702703,,,,,,,,1.0,,,,
40:00,84,85,36.0,7,169,3.0,7.0,1.0,1.0,9.0,24,3.0,4.0,4.0,10,24,,1.0,5.0,12.0,15,35,10,28,22,82,4.0,4.0,,1.0,3.0,11.0,4.0,11.0,5.0,15.0,10.0,33.0,16,14,21.0,9.0,4.0,24,10,2.0,8,7.0,15,7.0,1.0,5.0,2.0,37,4.0,3.0,10,19,,29,7,36,4,2.0,2.0,15,,9.0,2.0,6.0,17,6.0,13,22,2.0,22,2.0,25,3.0,9,,11.0,1.0,1.0,4.0,7.0,12.0,7.0,71,33.0,36.0,0.5333333333333333,0.6153846153846154,0.7,0.35714285714285715,,0.3333333333333333,0.35714285714285715,0.42857142857142855,1.0,0.36363636363636365,0.47619047619047616,0.8,0.4423076923076923,0.5540540540540541,0.7857142857142857,0.532258064516129,0.4444444444444444,0.05714285714285714,0.08333333333333333,,0.8823529411764706,,0.7916666666666666,0.15,0.6666666666666666,0.23529411764705882,0.7435897435897436,0.1891891891891892,0.13333333333333333,1.0,0.3076923076923077,0.7142857142857143,0.8,1.0,0.5454545454545454,1.0,101.4,0.5833333333333334,14.702380952380953,13.705882352941176,14.386904761904763,12.97529411764706,0.1111111111111111,0.42857142857142855,0.42857142857142855,0.3333333333333333,0.38095238095238093,0.375,0.4090909090909091,0.5555555555555556,0.06349206349206349,0.75,0.75,0.6666666666666666,0.06349206349206349,0.38095238095238093,0.4166666666666667,0.43478260869565216,0.7,0.2,1.0,0.2,,0.46153846153846156,0.4166666666666667,0.5555555555555556,0.4166666666666667,0.46531349206349204,0.5114833333333334,0.4526576923076923,0.13043478260869565,0.21951219512195122,,0.13414634146341464,0.4024390243902439,7.3742857142857146,24.889285714285712,0.42857142857142855,2026-08-18,1022600266,ATL,1611661319,LVA,LVA,31.0,,2.0,,,3.0,1.0,,,,,,,,1.0,5.0,4.0,0.03571428571428571,,0.041666666666666664,,,,0.07692307692307693,,0.11538461538461539,,,,,,,,,,,,,,,,,,,,,,,,
40:00,83,82,15.0,17,165,17.0,31.0,4.0,7.0,3.0,13,,3.0,5.0,7,26,,3.0,1.0,5.0,20,47,9,31,11,78,6.0,13.0,,3.0,2.0,14.0,7.0,12.0,1.0,6.0,,17.0,14,26,12.0,15.0,10.0,26,7,10.0,7,4.0,11,2.0,7.0,,,26,7.0,14.0,9,8,1.0,18,22,40,8,7.0,1.0,11,2.0,9.0,8.0,2.0,19,2.0,5,17,1.0,16,2.0,16,2.0,9,,,,,,,,,64,17.0,15.0,0.35,0.4666666666666667,0.4444444444444444,0.2903225806451613,,0.16666666666666666,0.2903225806451613,0.425531914893617,0.46153846153846156,0.5833333333333334,0.42948717948717946,0.375,0.4722222222222222,0.4588235294117647,0.4117647058823529,0.4722222222222222,0.3974358974358974,0.2127659574468085,0.23076923076923078,,0.5789473684210527,1.0,0.6153846153846154,0.5185185185185185,0.75,0.3333333333333333,0.68,0.4375,0.3,0.6666666666666666,0.2777777777777778,0.3333333333333333,0.7142857142857143,0.6666666666666666,0.8,0.5,99.0,,14.712048192771084,14.376829268292685,13.468674698795178,13.917073170731708,0.3974358974358974,0.5483870967741935,0.7083333333333334,0.4117647058823529,0.16666666666666666,0.23076923076923078,0.3,,0.038461538461538464,,,,0.0641025641025641,0.3333333333333333,0.2692307692307692,0.2692307692307692,0.2857142857142857,0.4375,0.5714285714285714,0.1875,,0.2777777777777778,0.2,0.7948717948717948,0.2692307692307692,0.5316929487179488,0.5114538461538461,0.5360277777777778,0.10588235294117647,0.16666666666666666,,0.1794871794871795,0.21794871794871795,4.829787234042553,25.19677419354839,0.18072289156626506,2026-05-10,1022600009,LVA,1611661320,LAS,LAS,15.0,7.0,9.0,2.0,,1.0,,2.0,,,4.0,1.0,3.0,,2.0,,,,0.22580645161290322,,0.4,0.4,1.0,0.5,0.7777777777777778,0.05555555555555555,,,,1.0,,3.0,3.0,,0.3333333333333333,0.6428571428571429,0.6666666666666666,,0.25,,,,,,,,,,,
40:00,81,82,24.0,6,163,21.0,25.0,2.0,2.0,3.0,12,2.0,5.0,6.0,2,9,,,,,26,42,2,15,20,78,2.0,2.0,,,1.0,5.0,10.0,14.0,,3.0,7.0,27.0,26,26,,6.0,,9,2,3.0,13,,13,,12.0,1.0,,26,1.0,5.0,15,8,2.0,25,6,31,12,7.0,5.0,7,4.0,4.0,12.0,3.0,19,3.0,6,24,4.0,24,3.0,25,1.0,9,,4.0,,,1.0,2.0,4.0,2.0,73,27.0,24.0,0.5,0.5,,0.13333333333333333,,,0.13333333333333333,0.6190476190476191,1.0,0.7142857142857143,0.5087719298245614,1.0,0.5882352941176471,0.5588235294117647,0.8333333333333334,0.5909090909090909,0.2631578947368421,0.07142857142857142,0.08333333333333333,,0.3684210526315789,1.0,0.7272727272727273,0.3125,0.7142857142857143,0.08333333333333333,0.71875,0.21428571428571427,0.4444444444444444,0.3333333333333333,0.14285714285714285,0.3333333333333333,1.0,0.6666666666666666,0.7777777777777778,0.3333333333333333,97.8,0.5,13.481481481481481,15.951219512195122,13.11111111111111,15.25,0.43859649122807015,0.84,0.9130434782608695,0.5714285714285714,0.21052631578947367,0.25,0.2727272727272727,0.3333333333333333,0.08771929824561403,0.4,0.4,,0.10526315789473684,0.15789473684210525,0.2222222222222222,0.2222222222222222,,1.0,1.0,,,,,0.7017543859649122,0.2222222222222222,0.5339964912280701,0.67555,0.4990029411764706,0.13846153846153847,0.18,,0.0641025641025641,0.34615384615384615,5.595238095238095,23.826666666666664,0.2962962962962963,2026-05-13,1022600018,IND,1611661320,LAS,LAS,28.0,9.0,9.0,,,3.0,,,1.0,,3.0,1.0,,,3.0,3.0,3.0,,0.08,,,,,0.5294117647058824,1.0,0.17647058823529413,,,,,2.0,2.0,4.0,,,,,0.08,1.0,,,,2.0,,,,,1.0,,
40:00,78,80,22.0,6,158,21.0,25.0,3.0,3.0,6.0,11,1.0,1.0,7.0,6,14,,1.0,1.0,2.0,28,37,9,21,16,99,4.0,4.0,,2.0,,8.0,8.0,11.0,1.0,3.0,8.0,27.0,38,18,21.0,6.0,,14,6,4.0,19,7.0,26,4.0,14.0,4.0,1.0,59,3.0,3.0,18,9,,27,6,33,6,4.0,2.0,13,1.0,8.0,3.0,5.0,16,4.0,8,18,1.0,24,3.0,20,2.0,8,,1.0,,,1.0,,1.0,,91,27.0,22.0,0.6785714285714286,0.6785714285714286,0.7777777777777778,0.42857142857142855,,0.3333333333333333,0.42857142857142855,0.7567567567567568,1.0,0.7272727272727273,0.7155172413793104,0.6666666666666666,0.6785714285714286,0.7388059701492538,0.6666666666666666,0.7105263157894737,0.3620689655172414,0.10810810810810811,0.09090909090909091,,0.8125,,0.5294117647058824,0.3333333333333333,0.8571428571428571,0.25,0.7105263157894737,0.2857142857142857,0.4,,0.25,0.6,0.25,0.6666666666666666,0.8125,1.0,94.8,,15.661538461538461,14.73,15.183333333333334,13.838750000000001,0.43103448275862066,0.84,0.9545454545454546,0.6666666666666666,0.1896551724137931,0.5454545454545454,0.6,0.6666666666666666,0.017241379310344827,1.0,1.0,1.0,0.1206896551724138,0.2413793103448276,0.42857142857142855,0.42857142857142855,0.6666666666666666,0.5,1.0,0.16666666666666666,,0.14285714285714285,0.5,0.7931034482758621,0.42857142857142855,0.5311508620689656,0.464475,0.5269142857142858,0.125,0.18604651162790697,,0.08080808080808081,0.2727272727272727,4.405405405405405,24.74761904761905,0.28205128205128205,2026-05-15,1022600023,TOR,1611661320,LAS,LAS,19.0,5.0,6.0,3.0,,1.0,,3.0,,1.0,,,,1.0,3.0,3.0,3.0,,0.12,,0.42857142857142855,0.42857142857142855,1.0,0.42857142857142855,0.8333333333333334,0.07142857142857142,,,1.0,,,,,,,0.25,0.25,,0.6666666666666666,0.16666666666666666,,,,1.0,,,,,,
40:00,80,79,40.0,12,159,22.0,28.0,4.0,4.0,3.0,10,1.0,3.0,9.0,5,14,2.0,2.0,3.0,8.0,26,41,7,23,23,96,5.0,6.0,2.0,2.0,4.0,20.0,14.0,24.0,3.0,11.0,12.0,49.0,38,14,21.0,,2.0,14,5,3.0,19,7.0,26,5.0,18.0,1.0,,59,5.0,8.0,10,12,1.0,23,13,36,6,4.0,2.0,8,2.0,8.0,6.0,,14,2.0,10,32,1.0,27,2.0,30,1.0,12,,3.0,,,,3.0,3.0,3.0,76,49.0,40.0,0.7307692307692307,0.76,1.0,0.30434782608695654,1.0,0.2727272727272727,0.30434782608695654,0.6341463414634146,0.8333333333333334,0.5833333333333334,0.5703125,1.0,0.5285714285714286,0.6089743589743589,0.9090909090909091,0.5581395348837209,0.359375,0.07317073170731707,0.3,,0.5714285714285714,0.5,0.7058823529411765,0.5333333333333333,0.6666666666666666,0.3333333333333333,0.6875,0.43333333333333335,0.42857142857142855,1.0,0.4444444444444444,0.25,0.8181818181818182,1.0,0.6363636363636364,0.75,95.4,1.0,14.5975,15.597468354430381,14.048749999999998,14.989873417721519,0.4375,0.7857142857142857,0.7857142857142857,0.8181818181818182,0.15625,0.3,0.42857142857142855,0.3333333333333333,0.046875,0.3333333333333333,0.3333333333333333,,0.140625,0.21875,0.35714285714285715,0.35714285714285715,1.0,0.5,1.0,0.25,1.0,0.22857142857142856,0.375,0.796875,0.35714285714285715,0.5417174603174603,0.5611,0.5425161764705883,0.16,0.23076923076923078,,0.20833333333333334,0.5104166666666666,4.534146341463415,24.900000000000002,0.5,2026-05-17,1022600028,TOR,1611661320,LAS,LAS,42.0,13.0,19.0,2.0,,3.0,,2.0,1.0,,,,4.0,,4.0,3.0,3.0,,,,0.2222222222222222,0.2222222222222222,1.0,0.5428571428571428,0.6842105263157895,0.08571428571428572,,,,,3.0,,11.0,,,0.5,0.16666666666666666,0.1111111111111111,0.75,,,,1.0,2.0,,1.0,,,,
40:00,80,82,28.0,9,162,12.0,22.0,4.0,5.0,1.0,7,3.0,3.0,7.0,12,25,,,1.0,10.0,16,32,15,32,20,97,4.0,5.0,,1.0,5.0,13.0,6.0,11.0,2.0,13.0,12.0,30.0,20,12,39.0,6.0,6.0,25,12,1.0,10,13.0,23,10.0,6.0,1.0,3.0,59,4.0,5.0,12,14,2.0,28,9,37,8,6.0,2.0,9,4.0,5.0,8.0,4.0,17,3.0,9,25,2.0,24,2.0,22,3.0,7,,4.0,,,3.0,1.0,4.0,2.0,84,30.0,28.0,0.625,0.7692307692307693,0.8666666666666667,0.46875,,0.15384615384615385,0.46875,0.5,0.8,0.5454545454545454,0.6015625,0.6666666666666666,0.375,0.6643835616438356,0.8125,0.5,0.5,0.03125,0.14285714285714285,,0.5294117647058824,0.5,0.6363636363636364,0.3125,0.7058823529411765,0.23529411764705882,0.6666666666666666,0.2727272727272727,0.3333333333333333,,0.23076923076923078,0.5384615384615384,0.7142857142857143,1.0,0.6923076923076923,0.75,97.2,0.5,15.653749999999999,13.996341463414634,15.29125,13.200000000000001,0.34375,0.5454545454545454,0.5454545454545454,0.5,0.109375,0.14285714285714285,0.16666666666666666,1.0,0.046875,1.0,1.0,1.0,0.109375,0.390625,0.48,0.5,0.8333333333333334,0.8333333333333334,0.8,,,0.4166666666666667,0.1,0.84375,0.48,0.53550625,0.50485,0.5328520833333333,0.10294117647058823,0.19444444444444445,,0.13402061855670103,0.30927835051546393,4.48125,25.290625,0.35,2026-05-21,1022600037,PHX,1611661320,LAS,LAS,30.0,5.0,10.0,3.0,1.0,3.0,1.0,3.0,1.0,1.0,1.0,,1.0,,1.0,5.0,4.0,0.03125,,0.04,0.42857142857142855,0.42857142857142855,1.0,0.4166666666666667,0.5,0.125,0.3333333333333333,,1.0,,1.0,,7.0,,,0.3,0.25,0.03225806451612903,,0.16666666666666666,,,1.0,,,,,,,
40:00,83,85,18.0,7,168,5.0,5.0,1.0,1.0,16.0,27,2.0,6.0,6.0,13,23,1.0,1.0,3.0,7.0,23,38,14,29,13,101,3.0,4.0,1.0,2.0,,9.0,2.0,5.0,3.0,7.0,6.0,19.0,32,14,30.0,12.0,4.0,23,13,8.0,16,10.0,26,9.0,2.0,13.0,1.0,62,2.0,4.0,13,12,4.0,29,7,36,8,7.0,1.0,6,2.0,4.0,11.0,2.0,17,4.0,9,24,4.0,20,3.0,15,2.0,5,1.0,1.0,,,,1.0,1.0,1.0,92,19.0,18.0,0.6956521739130435,0.7619047619047619,0.7142857142857143,0.4827586206896552,0.5,0.42857142857142855,0.4827586206896552,0.6052631578947368,0.75,0.4,0.6567164179104478,0.75,0.5416666666666666,0.6917808219178082,0.75,0.6333333333333333,0.43283582089552236,0.21052631578947367,0.25925925925925924,0.16666666666666666,0.35294117647058826,1.0,0.5217391304347826,0.26666666666666666,0.7222222222222222,0.13333333333333333,0.6097560975609756,0.2,0.36363636363636365,,0.1,0.5,0.4666666666666667,0.6666666666666666,0.6428571428571429,1.0,100.8,1.0,14.173493975903616,14.395294117647058,13.763855421686747,13.528235294117646,0.07462686567164178,1.0,1.0,0.4,0.40298507462686567,0.5925925925925926,0.8,0.8125,0.08955223880597014,0.3333333333333333,0.4,0.5,0.08955223880597014,0.34328358208955223,0.5652173913043478,0.5909090909090909,0.6923076923076923,0.16666666666666666,1.0,0.16666666666666666,1.0,0.5833333333333334,0.42857142857142855,0.5074626865671642,0.5652173913043478,0.45679328358208954,0.48986999999999997,0.4548208333333333,0.08450704225352113,0.12195121951219512,0.03333333333333333,0.0891089108910891,0.18811881188118812,7.555263157894737,25.106896551724137,0.21686746987951808,2026-05-23,1022600043,LVA,1611661320,LAS,LAS,25.0,1.0,1.0,1.0,,,1.0,1.0,1.0,2.0,1.0,,1.0,,2.0,2.0,2.0,0.034482758620689655,,0.043478260869565216,0.16666666666666666,0.16666666666666666,1.0,0.08333333333333333,1.0,,,,1.0,1.0,,2.0,3.0,,0.5,,0.2,,,0.16666666666666666,,,,,,,,,,
40:00,80,80,37.0,11,160,7.0,8.0,3.0,3.0,18.0,34,2.0,4.0,4.0,4,16,,1.0,3.0,8.0,27,46,6,20,20,92,6.0,9.0,,1.0,3.0,15.0,11.0,17.0,4.0,9.0,15.0,49.0,36,18,15.0,3.0,4.0,16,4,3.0,18,5.0,23,3.0,4.0,12.0,2.0,51,7.0,6.0,11,10,3.0,24,13,37,8,6.0,2.0,4,2.0,3.0,10.0,1.0,14,5.0,12,24,4.0,27,3.0,28,2.0,6,,2.0,,,1.0,1.0,2.0,2.0,77,45.0,35.0,0.6666666666666666,0.72,0.8333333333333334,0.3,,0.4444444444444444,0.3,0.5869565217391305,0.6666666666666666,0.6470588235294118,0.5454545454545454,0.6,0.6538461538461539,0.5822784810126582,0.6818181818181818,0.6805555555555556,0.30303030303030304,0.06521739130434782,0.058823529411764705,,0.2857142857142857,1.0,0.7692307692307693,0.3157894736842105,0.6875,0.5,0.7241379310344828,0.3939393939393939,0.3125,,0.5,0.6,0.8571428571428571,1.0,0.7857142857142857,,96.0,1.0,15.538749999999999,14.461250000000001,14.77625,14.061250000000001,0.12121212121212122,0.875,1.0,0.5714285714285714,0.5151515151515151,0.5294117647058824,0.5625,0.6666666666666666,0.06060606060606061,0.5,0.5,1.0,0.06060606060606061,0.24242424242424243,0.25,0.26666666666666666,0.75,0.3,1.0,0.1,,0.3076923076923077,0.375,0.42424242424242425,0.25,0.446675,0.4605166666666667,0.4412,0.08571428571428572,0.12,,0.16304347826086957,0.532608695652174,6.395652173913043,24.45,0.4625,2026-05-29,1022600057,WAS,1611661320,LAS,LAS,29.0,3.0,3.0,2.0,1.0,1.0,1.0,2.0,,2.0,2.0,,,,4.0,9.0,7.0,0.05,0.125,0.0625,0.5,0.5,1.0,0.11538461538461539,1.0,0.038461538461538464,1.0,,,,2.0,,2.0,,,1.0,0.5,0.06896551724137931,0.3333333333333333,,,,,,,,,,,
40:00,82,83,48.0,12,165,16.0,30.0,4.0,7.0,2.0,8,1.0,3.0,3.0,6,22,,4.0,5.0,15.0,19,41,8,25,19,81,4.0,9.0,,4.0,2.0,10.0,11.0,24.0,6.0,17.0,12.0,52.0,16,22,24.0,,4.0,22,6,7.0,8,8.0,16,6.0,8.0,,,40,7.0,8.0,11,12,1.0,24,15,39,9,6.0,3.0,11,,9.0,6.0,2.0,17,6.0,12,24,2.0,29,4.0,26,,5,,7.0,,,5.0,2.0,7.0,2.0,71,52.0,48.0,0.42105263157894735,0.47058823529411764,1.0,0.32,,0.35294117647058826,0.32,0.4634146341463415,0.4444444444444444,0.4583333333333333,0.4696969696969697,0.3076923076923077,0.4878048780487805,0.5126582278481012,0.3333333333333333,0.52,0.3787878787878788,0.17073170731707318,0.25,,0.6470588235294118,0.5,0.5217391304347826,0.36363636363636365,0.6875,0.4117647058823529,0.5897435897435898,0.38461538461538464,0.5,,0.4375,0.4444444444444444,0.4444444444444444,0.8,0.6875,,99.0,0.2857142857142857,14.614634146341464,14.477108433734939,13.509756097560977,13.090361445783133,0.45454545454545453,0.5333333333333333,0.64,0.5,0.12121212121212122,0.25,0.3333333333333333,,0.045454545454545456,0.3333333333333333,0.3333333333333333,,0.045454545454545456,0.3333333333333333,0.2727272727272727,0.3,1.0,0.5384615384615384,0.5714285714285714,0.3076923076923077,,0.36585365853658536,0.3333333333333333,0.8333333333333334,0.2727272727272727,0.5223401515151515,0.512135,0.5281451219512194,0.07042253521126761,0.10869565217391304,,0.12345679012345678,0.6419753086419753,4.253658536585366,24.752,0.5853658536585366,2026-05-30,1022600061,CON,1611661320,LAS,LAS,26.0,10.0,19.0,2.0,1.0,2.0,2.0,2.0,,1.0,,,,,5.0,8.0,8.0,0.08,0.16666666666666666,0.09090909090909091,0.6666666666666666,0.6666666666666666,1.0,0.4634146341463415,0.5263157894736842,0.04878048780487805,0.5,,,,1.0,,1.0,,,0.35714285714285715,,0.03333333333333333,0.25,,,,1.0,,,,,,,
40:00,78,78,22.0,10,156,10.0,21.0,2.0,5.0,4.0,16,,5.0,3.0,5,20,,2.0,3.0,8.0,14,42,6,23,23,69,2.0,6.0,,2.0,2.0,6.0,4.0,10.0,3.0,9.0,7.0,24.0,14,14,18.0,,4.0,20,5,8.0,7,6.0,13,5.0,6.0,1.0,,32,4.0,6.0,10,18,2.0,30,10,40,4,2.0,2.0,7,3.0,4.0,4.0,3.0,11,2.0,8,16,,23,4.0,27,4.0,14,,3.0,1.0,1.0,,3.0,4.0,3.0,63,24.0,22.0,0.5,0.5833333333333334,1.0,0.2608695652173913,,0.3333333333333333,0.2608695652173913,0.3333333333333333,0.3333333333333333,0.4,0.35384615384615387,0.25,0.4473684210526316,0.45394736842105265,0.3333333333333333,0.5217391304347826,0.35384615384615387,0.19047619047619047,0.25,,0.6363636363636364,1.0,0.8181818181818182,0.21428571428571427,0.625,0.23529411764705882,0.7368421052631579,0.2222222222222222,0.3333333333333333,0.2,0.2,1.0,0.7692307692307693,0.8333333333333334,0.5,1.0,93.6,0.75,15.155128205128204,15.614102564102565,14.67051282051282,14.966666666666669,0.3230769230769231,0.47619047619047616,0.5882352941176471,0.6,0.24615384615384617,0.25,0.3333333333333333,0.25,0.07692307692307693,,,,0.046153846153846156,0.3076923076923077,0.25,0.25,1.0,0.625,0.4,0.25,,0.42105263157894735,0.375,0.676923076923077,0.25,0.5029546153846154,0.6140083333333334,0.464771052631579,0.18666666666666668,0.2692307692307692,,0.08695652173913043,0.34782608695652173,5.988095238095238,25.395652173913046,0.28205128205128205,2026-06-02,1022600069,LVA,1611661320,LAS,LAS,8.0,3.0,4.0,1.0,,1.0,,1.0,,,,,1.0,,,1.0,1.0,,0.19047619047619047,,0.3333333333333333,0.3333333333333333,1.0,0.21052631578947367,0.75,0.05263157894736842,,,,,3.0,1.0,1.0,,,0.09090909090909091,0.5,0.08108108108108109,,,,,1.0,,,,,,,
40:00,83,84,18.0,9,167,19.0,25.0,2.0,2.0,8.0,12,,2.0,7.0,5,21,,2.0,,5.0,27,39,9,28,15,96,3.0,4.0,,3.0,3.0,9.0,5.0,8.0,,5.0,5.0,15.0,34,20,24.0,3.0,4.0,21,5,2.0,17,8.0,25,4.0,12.0,5.0,,58,6.0,4.0,9,14,3.0,26,10,36,5,4.0,1.0,10,3.0,7.0,7.0,3.0,17,4.0,8,16,2.0,17,2.0,21,2.0,8,,1.0,1.0,,,1.0,2.0,1.0,87,15.0,18.0,0.6296296296296297,0.68,0.8888888888888888,0.32142857142857145,,,0.32142857142857145,0.6923076923076923,0.75,0.625,0.6044776119402985,0.42857142857142855,0.38461538461538464,0.631578947368421,0.5,0.4411764705882353,0.417910447761194,0.05128205128205128,,,0.5882352941176471,0.75,0.6666666666666666,0.3333333333333333,0.6,0.35294117647058826,0.6388888888888888,0.3448275862068966,0.25,0.5,0.35714285714285715,0.4,0.8888888888888888,0.5714285714285714,0.6,0.6,100.2,0.5,13.19277108433735,15.535714285714286,12.540963855421689,14.858333333333333,0.373134328358209,0.76,0.8260869565217391,0.631578947368421,0.1791044776119403,0.6666666666666666,0.6666666666666666,0.625,0.029850746268656716,,,,0.1044776119402985,0.31343283582089554,0.23809523809523808,0.23809523809523808,0.8,0.2857142857142857,1.0,0.2857142857142857,,0.38461538461538464,,0.7910447761194029,0.23809523809523808,0.5395399999999999,0.4604625,0.5491541666666667,0.1095890410958904,0.17777777777777778,,0.09375,0.15625,4.482051282051282,25.599999999999998,0.21686746987951808,2026-06-05,1022600075,DAL,1611661320,LAS,LAS,16.0,5.0,7.0,4.0,,,,4.0,1.0,,1.0,,2.0,,,3.0,3.0,,0.08,,0.5714285714285714,0.5714285714285714,1.0,0.5384615384615384,0.7142857142857143,,,,1.0,,2.0,1.0,1.0,,,0.3333333333333333,0.3333333333333333,0.07407407407407407,,0.14285714285714285,,,,1.0,1.0,,,,,
40:00,79,80,22.0,13,159,17.0,27.0,4.0,6.0,5.0,16,2.0,2.0,9.0,5,21,,2.0,,6.0,24,45,8,30,17,89,7.0,12.0,,2.0,3.0,17.0,4.0,11.0,2.0,8.0,8.0,22.0,22,26,18.0,6.0,10.0,21,5,5.0,11,6.0,17,3.0,9.0,1.0,1.0,40,9.0,7.0,15,11,3.0,29,17,46,11,7.0,4.0,5,2.0,5.0,7.0,,12,4.0,9,22,3.0,21,1.0,22,3.0,9,,4.0,,,3.0,1.0,4.0,1.0,72,22.0,22.0,0.4583333333333333,0.5789473684210527,0.75,0.26666666666666666,,0.25,0.26666666666666666,0.5333333333333333,0.5833333333333334,0.36363636363636365,0.48,0.5,0.3684210526315789,0.5238095238095238,0.53125,0.4583333333333333,0.4,0.1111111111111111,0.125,,0.4166666666666667,1.0,0.5238095238095238,0.3333333333333333,0.625,0.4090909090909091,0.5777777777777777,0.37209302325581395,0.18181818181818182,,0.4375,0.3333333333333333,0.75,1.0,0.6111111111111112,0.6666666666666666,95.4,0.25,13.988607594936708,16.18625,13.232911392405061,15.34875,0.36,0.6296296296296297,0.7083333333333334,0.5294117647058824,0.21333333333333335,0.3125,0.35714285714285715,0.2,0.02666666666666667,1.0,1.0,0.5,0.12,0.28,0.23809523809523808,0.23809523809523808,0.6,0.42857142857142855,0.6666666666666666,0.14285714285714285,,0.3157894736842105,,0.76,0.23809523809523808,0.5427173333333334,0.50245,0.4933184210526315,0.1111111111111111,0.17647058823529413,,0.19101123595505617,0.24719101123595505,4.564444444444445,24.083333333333332,0.27848101265822783,2026-06-07,1022600082,PDX,1611661320,LAS,LAS,31.0,2.0,6.0,3.0,2.0,2.0,,3.0,1.0,,1.0,,3.0,,2.0,3.0,3.0,,0.1111111111111111,,0.3333333333333333,0.3333333333333333,1.0,0.3157894736842105,0.3333333333333333,0.10526315789473684,1.0,,,1.0,2.0,,3.0,,0.25,0.5,0.3333333333333333,0.05263157894736842,,,,,1.0,,,,,,,
40:00,80,80,15.0,13,160,12.0,20.0,3.0,5.0,8.0,19,,1.0,6.0,6,29,,4.0,2.0,4.0,20,40,9,35,21,88,4.0,7.0,1.0,5.0,2.0,13.0,4.0,5.0,2.0,5.0,8.0,22.0,26,14,21.0,6.0,4.0,29,6,4.0,13,7.0,20,4.0,9.0,4.0,,47,6.0,9.0,16,11,2.0,29,15,44,10,8.0,2.0,5,1.0,3.0,5.0,2.0,10,3.0,6,17,,20,2.0,25,3.0,9,1.0,2.0,2.0,1.0,,2.0,4.0,3.0,75,22.0,15.0,0.65,0.7222222222222222,0.7777777777777778,0.2571428571428571,0.2,0.4,0.2571428571428571,0.5,0.5714285714285714,0.8,0.44666666666666666,0.4583333333333333,0.7,0.5176470588235295,0.5,0.7857142857142857,0.4666666666666667,0.1,0.15789473684210525,,0.5,1.0,0.7857142857142857,0.45,0.8,0.23076923076923078,0.7941176470588235,0.32608695652173914,0.45454545454545453,,0.2608695652173913,1.0,0.75,0.6666666666666666,0.9375,0.25,96.0,0.75,15.64,14.36,14.727500000000001,13.87,0.26666666666666666,0.6,0.631578947368421,0.75,0.25333333333333335,0.42105263157894735,0.5,0.5,0.013333333333333334,,,,0.08,0.38666666666666666,0.20689655172413793,0.20689655172413793,0.6666666666666666,0.4166666666666667,0.6,0.3333333333333333,,0.4,0.5,0.7333333333333333,0.20689655172413793,0.491972,0.53508125,0.41669999999999996,0.12195121951219512,0.1956521739130435,0.027777777777777776,0.14772727272727273,0.25,5.8825,24.63142857142857,0.1875,2026-06-10,1022600090,SEA,1611661320,LAS,LAS,23.0,1.0,1.0,3.0,,1.0,,3.0,,,2.0,1.0,3.0,,2.0,3.0,2.0,,0.05,,0.5,0.5,1.0,0.1,1.0,0.1,,1.0,1.0,,2.0,1.0,3.0,,,0.5,,0.047619047619047616,0.3333333333333333,0.08333333333333333,1.0,1.0,,,1.0,,,,,
45:00,88,87,34.0,8,175,11.0,16.0,3.0,4.0,9.0,24,3.0,5.0,5.0,13,29,,3.0,5.0,12.0,23,45,15,34,20,111,4.0,5.0,,3.0,8.0,16.0,8.0,19.0,6.0,13.0,10.0,44.0,18,28,36.0,9.0,4.0,29,13,5.0,9,12.0,21,10.0,6.0,3.0,,54,4.0,7.0,13,12,3.0,28,12,40,8,6.0,2.0,6,2.0,5.0,6.0,1.0,12,4.0,7,19,2.0,23,,23,4.0,8,1.0,6.0,2.0,,1.0,4.0,8.0,1.0,95,44.0,34.0,0.391304347826087,0.42857142857142855,0.8,0.4411764705882353,,0.46153846153846156,0.4411764705882353,0.5111111111111111,0.8,0.42105263157894735,0.5759493670886076,0.5,0.53125,0.6306818181818182,0.6666666666666666,0.5945945945945946,0.43037974683544306,0.1111111111111111,0.16666666666666666,,0.5,1.0,0.6666666666666666,0.3181818181818182,0.5909090909090909,0.2222222222222222,0.625,0.275,0.3333333333333333,,0.26666666666666666,0.75,0.5,1.0,0.6428571428571429,0.5,93.33333333333333,0.125,15.738636363636363,15.114942528735632,15.061363636363637,14.285057471264368,0.20253164556962025,0.6875,0.7333333333333333,0.5454545454545454,0.3037974683544304,0.375,0.45,0.3333333333333333,0.06329113924050633,0.6,0.6,,0.06329113924050633,0.3670886075949367,0.4482758620689655,0.4482758620689655,0.7692307692307693,0.5,0.75,0.375,,0.375,0.4166666666666667,0.6329113924050633,0.4482758620689655,0.48322564102564103,0.5438999999999999,0.4710645161290323,0.10843373493975904,0.16326530612244897,0.029411764705882353,0.14414414414414414,0.3963963963963964,7.064444444444444,25.079411764705885,0.38636363636363635,2026-06-13,1022600100,PHX,1611661320,LAS,LAS,11.0,3.0,6.0,2.0,1.0,1.0,,2.0,,1.0,,,1.0,,2.0,5.0,5.0,,0.0625,,0.4,0.4,1.0,0.1875,0.5,0.03125,1.0,,,1.0,,,3.0,,0.3333333333333333,0.4,,,0.3333333333333333,,,,,,2.0,,1.0,1.0,,
40:00,72,73,23.0,11,145,1.0,4.0,1.0,1.0,16.0,34,,1.0,4.0,3,17,,5.0,1.0,5.0,17,39,3,21,15,58,2.0,5.0,,5.0,3.0,7.0,4.0,12.0,1.0,6.0,8.0,19.0,26,8,9.0,,4.0,17,3,4.0,13,3.0,16,3.0,,13.0,,35,6.0,8.0,9,16,2.0,27,14,41,4,2.0,2.0,13,1.0,7.0,3.0,6.0,16,6.0,5,17,,20,2.0,20,1.0,7,,3.0,1.0,,,3.0,4.0,1.0,51,19.0,23.0,0.7647058823529411,0.8666666666666667,1.0,0.14285714285714285,,0.16666666666666666,0.14285714285714285,0.4358974358974359,0.4,0.3333333333333333,0.35833333333333334,0.2,0.3055555555555556,0.41304347826086957,0.2916666666666667,0.3958333333333333,0.35,0.10256410256410256,0.11764705882352941,,0.8125,1.0,0.6956521739130435,0.36363636363636365,0.6428571428571429,0.3333333333333333,0.6756756756756757,0.35,0.4444444444444444,,0.2857142857142857,1.0,0.7272727272727273,0.6363636363636364,0.6666666666666666,0.6,87.0,0.25,15.844444444444443,17.24931506849315,14.781944444444443,16.035616438356165,0.06666666666666667,0.25,0.25,,0.5666666666666667,0.47058823529411764,0.5333333333333333,0.8125,0.016666666666666666,,,,0.06666666666666667,0.2833333333333333,0.17647058823529413,0.17647058823529413,1.0,0.1,1.0,0.5,,0.2777777777777778,0.2,0.4166666666666667,0.17647058823529413,0.443795,0.518825,0.44643055555555555,0.10606060606060606,0.15555555555555556,,0.1206896551724138,0.3275862068965517,7.8307692307692305,24.857142857142858,0.3194444444444444,2026-06-15,1022600105,GSV,1611661320,LAS,LAS,19.0,1.0,2.0,,,1.0,,,,,1.0,1.0,2.0,,1.0,3.0,3.0,,,,,,,0.1111111111111111,0.5,0.05555555555555555,,,,,2.0,,3.0,,,,0.5,0.05555555555555555,,,,,1.0,,1.0,,,,,
40:00,86,87,33.0,9,173,14.0,19.0,1.0,3.0,3.0,11,1.0,4.0,2.0,7,24,1.0,3.0,2.0,9.0,18,34,7,26,26,83,1.0,3.0,1.0,3.0,1.0,6.0,4.0,10.0,2.0,9.0,18.0,32.0,26,10,21.0,,,24,7,2.0,13,7.0,20,7.0,11.0,1.0,1.0,47,6.0,3.0,9,13,2.0,24,9,33,8,5.0,3.0,11,4.0,8.0,8.0,3.0,19,6.0,9,18,,27,3.0,32,1.0,6,1.0,1.0,,,,1.0,1.0,1.0,77,32.0,33.0,0.7222222222222222,0.7222222222222222,1.0,0.2692307692307692,0.3333333333333333,0.2222222222222222,0.2692307692307692,0.5294117647058824,0.3333333333333333,0.4,0.475,0.4166666666666667,0.3684210526315789,0.5533333333333333,0.42857142857142855,0.5517241379310345,0.43333333333333335,0.058823529411764705,,0.25,0.5789473684210527,1.0,0.65,0.1875,0.75,0.3157894736842105,0.6875,0.2571428571428571,0.125,0.3333333333333333,0.29411764705882354,0.4,0.7,0.8,0.75,0.75,103.8,1.0,14.043023255813955,13.704597701149424,13.69767441860465,13.532183908045976,0.31666666666666665,0.7368421052631579,0.7777777777777778,0.7857142857142857,0.18333333333333332,0.2727272727272727,0.2727272727272727,0.3333333333333333,0.06666666666666667,0.25,0.3333333333333333,1.0,0.03333333333333333,0.4,0.2916666666666667,0.30434782608695654,1.0,0.5,0.3333333333333333,0.5,0.3333333333333333,0.47368421052631576,0.2222222222222222,0.75,0.2916666666666667,0.5152211864406779,0.5575833333333333,0.48973421052631577,0.09230769230769231,0.15384615384615385,,0.07228915662650602,0.3855421686746988,5.7558823529411764,25.807692307692307,0.38372093023255816,2026-06-17,1022600110,MIN,1611661320,LAS,LAS,33.0,3.0,5.0,,,,1.0,,,1.0,,,2.0,1.0,3.0,9.0,9.0,0.038461538461538464,0.05263157894736842,0.041666666666666664,,,,0.2631578947368421,0.6,,,,,,,2.0,,,,0.2,0.5,,1.0,,,,,,,1.0,,,,
40:00,83,82,10.0,8,165,21.0,30.0,2.0,2.0,10.0,18,,2.0,5.0,8,22,1.0,1.0,1.0,4.0,31,50,9,27,9,98,4.0,6.0,1.0,1.0,2.0,13.0,2.0,4.0,1.0,4.0,6.0,13.0,38,24,27.0,,2.0,22,8,2.0,19,9.0,28,8.0,15.0,4.0,,65,6.0,2.0,11,10,,21,8,29,5,3.0,2.0,7,1.0,5.0,2.0,2.0,9,,5,20,,21,4.0,12,4.0,5,,2.0,,,,2.0,2.0,1.0,85,13.0,10.0,0.6129032258064516,0.6333333333333333,1.0,0.3333333333333333,1.0,0.25,0.3333333333333333,0.62,0.6666666666666666,0.5,0.577922077922078,0.7857142857142857,0.4375,0.6049382716049383,0.8125,0.5416666666666666,0.35064935064935066,0.04,,,0.7777777777777778,,0.8333333333333334,0.10526315789473684,0.4782608695652174,0.3333333333333333,0.6,0.21621621621621623,,,0.2857142857142857,1.0,0.7142857142857143,,0.47058823529411764,0.5,99.0,0.5,13.826506024096384,15.273170731707317,13.585542168674698,14.482926829268294,0.38961038961038963,0.7,0.75,0.7142857142857143,0.23376623376623376,0.5555555555555556,0.5555555555555556,0.4,0.025974025974025976,,,,0.06493506493506493,0.2857142857142857,0.36363636363636365,0.38095238095238093,1.0,0.2857142857142857,1.0,0.14285714285714285,1.0,0.5,0.25,0.7402597402597403,0.36363636363636365,0.5297487012987013,0.42645,0.48054375,0.0641025641025641,0.09803921568627451,,0.1326530612244898,0.1326530612244898,4.692,24.562962962962963,0.12048192771084337,2026-06-21,1022600122,NYL,1611661320,LAS,LAS,19.0,2.0,2.0,1.0,,,1.0,1.0,,1.0,,,3.0,,4.0,3.0,3.0,0.037037037037037035,0.06666666666666667,0.045454545454545456,0.2,0.2,1.0,0.25,1.0,,,,,,1.0,,4.0,,,0.2222222222222222,0.5,0.029411764705882353,1.0,,,,,,,1.0,,,,
40:00,85,85,20.0,10,170,17.0,29.0,3.0,4.0,3.0,7,2.0,3.0,9.0,10,29,2.0,3.0,5.0,9.0,22,39,11,38,20,97,3.0,5.0,2.0,3.0,2.0,14.0,4.0,7.0,5.0,11.0,6.0,29.0,22,22,27.0,6.0,6.0,29,10,4.0,11,9.0,20,8.0,10.0,1.0,,49,7.0,3.0,11,12,1.0,24,10,34,7,6.0,1.0,5,,3.0,3.0,2.0,8,1.0,11,23,2.0,23,1.0,26,4.0,14,,1.0,1.0,,1.0,,2.0,1.0,83,29.0,20.0,0.5,0.5789473684210527,0.8181818181818182,0.2894736842105263,0.6666666666666666,0.45454545454545453,0.2894736842105263,0.5641025641025641,0.6,0.5714285714285714,0.5,0.75,0.6388888888888888,0.5449438202247191,0.7,0.6304347826086957,0.4935064935064935,0.10256410256410256,,,0.625,0.3333333333333333,0.7058823529411765,0.17647058823529413,0.55,0.25925925925925924,0.6216216216216216,0.22727272727272727,0.25,,0.21052631578947367,0.6153846153846154,1.0,1.0,0.3333333333333333,0.875,102.0,0.5,13.952941176470588,14.282352941176471,13.450588235294116,13.31058823529412,0.37662337662337664,0.5862068965517241,0.68,0.5882352941176471,0.09090909090909091,0.42857142857142855,0.42857142857142855,0.3333333333333333,0.03896103896103896,0.6666666666666666,0.6666666666666666,,0.11688311688311688,0.37662337662337664,0.3448275862068966,0.3448275862068966,0.8,0.5,0.75,0.375,0.6666666666666666,0.5,0.5555555555555556,0.8701298701298701,0.3448275862068966,0.5556162337662337,0.6343,0.5584666666666667,0.16091954022988506,0.2857142857142857,,0.14432989690721648,0.29896907216494845,4.648717948717949,23.852631578947367,0.23529411764705882,2026-06-25,1022600132,TOR,1611661320,LAS,LAS,29.0,3.0,6.0,1.0,,2.0,,1.0,,,,,1.0,1.0,3.0,2.0,2.0,,0.13793103448275862,,0.1111111111111111,0.1111111111111111,1.0,0.3333333333333333,0.5,0.1111111111111111,,,,,,1.0,2.0,,,0.16666666666666666,0.375,,,,,,,,1.0,1.0,,,,
40:00,85,85,24.0,9,170,21.0,32.0,1.0,1.0,3.0,15,5.0,10.0,5.0,2,15,,1.0,,4.0,29,57,4,20,17,87,2.0,5.0,,1.0,4.0,8.0,9.0,13.0,1.0,6.0,12.0,33.0,34,24,12.0,,2.0,15,2,6.0,17,4.0,21,2.0,14.0,1.0,2.0,46,4.0,6.0,7,13,4.0,24,10,34,4,3.0,1.0,6,1.0,6.0,4.0,,10,1.0,14,23,,24,3.0,21,4.0,8,,4.0,,,2.0,2.0,4.0,3.0,79,33.0,24.0,0.5862068965517241,0.6071428571428571,1.0,0.2,,0.16666666666666666,0.2,0.5087719298245614,0.4,0.6923076923076923,0.45454545454545453,0.3333333333333333,0.5526315789473685,0.5058823529411764,0.5,0.66,0.2597402597402597,0.10526315789473684,0.2,,0.6,1.0,0.65,0.2222222222222222,0.7777777777777778,0.25,0.6896551724137931,0.23255813953488372,0.18181818181818182,0.2,0.15384615384615385,0.6666666666666666,0.5714285714285714,1.0,0.8571428571428571,0.5,102.0,0.75,14.415294117647058,13.82,13.544705882352941,13.478823529411764,0.4155844155844156,0.65625,0.7241379310344828,0.6666666666666666,0.19480519480519481,0.2,0.25,0.3333333333333333,0.12987012987012986,0.5,0.5,0.4,0.06493506493506493,0.19480519480519481,0.13333333333333333,0.13333333333333333,1.0,0.16666666666666666,1.0,0.16666666666666666,,0.21052631578947367,,0.6753246753246753,0.13333333333333333,0.5269311688311689,0.40385,0.5197552631578947,0.09876543209876543,0.13114754098360656,,0.09195402298850575,0.3793103448275862,6.517543859649122,26.195,0.2823529411764706,2026-06-27,1022600139,IND,1611661320,LAS,LAS,27.0,7.0,7.0,2.0,1.0,2.0,,2.0,,,2.0,,,1.0,2.0,4.0,4.0,,0.09375,,0.4,0.4,1.0,0.3684210526315789,1.0,0.10526315789473684,0.5,,,,,,5.0,,,0.2727272727272727,0.6666666666666666,,,,,,1.0,,,,,,,
40:00,84,85,22.0,6,169,5.0,8.0,1.0,2.0,10.0,26,2.0,2.0,2.0,5,27,,1.0,,8.0,17,36,5,29,15,64,3.0,4.0,,1.0,2.0,8.0,9.0,10.0,,9.0,6.0,24.0,28,6,12.0,3.0,2.0,27,5,3.0,14,4.0,18,4.0,3.0,9.0,2.0,40,5.0,3.0,18,16,1.0,35,8,43,7,4.0,3.0,14,1.0,9.0,5.0,5.0,19,4.0,5,13,1.0,20,2.0,20,2.0,7,1.0,1.0,,,,1.0,1.0,1.0,56,24.0,22.0,0.8235294117647058,0.875,0.8,0.1724137931034483,,,0.1724137931034483,0.4722222222222222,0.75,0.9,0.3769230769230769,0.6,0.47368421052631576,0.4315068493150685,0.6666666666666666,0.5454545454545454,0.4461538461538462,0.08333333333333333,0.11538461538461539,,0.7368421052631579,1.0,0.8,0.16666666666666666,0.782608695652174,0.20833333333333334,0.7906976744186046,0.19047619047619047,0.13333333333333333,,0.18181818181818182,1.0,0.6923076923076923,1.0,0.7619047619047619,1.0,101.4,1.0,14.649999999999999,13.757647058823531,14.328571428571427,13.365882352941178,0.12307692307692308,0.625,0.625,0.6,0.4,0.38461538461538464,0.43478260869565216,0.9,0.03076923076923077,1.0,1.0,1.0,0.03076923076923077,0.4153846153846154,0.18518518518518517,0.18518518518518517,0.8,0.4,0.5,0.2,,0.42105263157894735,,0.5692307692307692,0.18518518518518517,0.47016984126984124,0.576275,0.48782647058823525,0.11267605633802817,0.17073170731707318,0.03333333333333333,0.125,0.375,5.8694444444444445,27.42413793103448,0.2619047619047619,2026-07-06,1022600156,SEA,1611661320,LAS,LAS,18.0,2.0,3.0,,,1.0,,,,1.0,1.0,,2.0,,3.0,2.0,2.0,,,,,,,0.15789473684210525,0.6666666666666666,0.05263157894736842,,,,,,,,,,0.3333333333333333,0.5,,,,,,1.0,,,,,,,
40:00,90,92,27.0,8,182,16.0,19.0,3.0,3.0,15.0,35,,5.0,6.0,7,14,1.0,2.0,5.0,10.0,31,59,9,20,17,106,5.0,6.0,1.0,2.0,,13.0,9.0,18.0,5.0,10.0,8.0,41.0,34,28,24.0,3.0,4.0,14,7,5.0,17,8.0,25,6.0,7.0,10.0,,58,3.0,4.0,16,14,4.0,34,8,42,11,9.0,2.0,8,1.0,6.0,4.0,2.0,12,2.0,9,18,1.0,22,3.0,20,2.0,8,,,,,,,,,93,41.0,27.0,0.5483870967741935,0.5862068965517241,0.8888888888888888,0.45,0.5,0.5,0.45,0.5254237288135594,0.8333333333333334,0.5,0.5632911392405063,0.8125,0.5892857142857143,0.6091954022988506,0.8125,0.6212121212121212,0.25316455696202533,0.0847457627118644,0.14285714285714285,,0.6666666666666666,1.0,0.6666666666666666,0.14814814814814814,0.6956521739130435,0.3,0.6818181818181818,0.1891891891891892,0.15,,0.3333333333333333,0.5,0.6666666666666666,0.75,0.6111111111111112,1.0,109.2,,12.644444444444444,13.717391304347826,12.389999999999999,12.91304347826087,0.24050632911392406,0.8421052631578947,0.8421052631578947,0.4375,0.4430379746835443,0.42857142857142855,0.5,0.6666666666666666,0.06329113924050633,,,,0.0759493670886076,0.17721518987341772,0.5,0.5,0.8571428571428571,0.375,1.0,0.25,0.5,0.35714285714285715,0.5,0.4936708860759494,0.5,0.48261202531645575,0.46418,0.44481964285714287,0.09411764705882353,0.12307692307692308,,0.12264150943396226,0.3867924528301887,5.893220338983051,25.095,0.3,2026-07-08,1022600161,IND,1611661320,LAS,LAS,15.0,4.0,5.0,2.0,,,,2.0,,,,1.0,1.0,1.0,1.0,2.0,2.0,,,,0.3333333333333333,0.3333333333333333,1.0,0.17857142857142858,0.8,,,,,1.0,1.0,,2.0,,0.5,0.3333333333333333,0.25,0.03125,0.3333333333333333,,,,,,,1.0,,,,
40:00,86,87,23.0,7,173,16.0,23.0,,1.0,7.0,19,2.0,3.0,8.0,9,23,1.0,1.0,,4.0,25,45,14,31,10,102,1.0,2.0,1.0,1.0,3.0,8.0,7.0,14.0,1.0,7.0,2.0,19.0,40,10,36.0,6.0,2.0,23,9,3.0,20,12.0,32,7.0,13.0,6.0,1.0,76,4.0,3.0,17,13,,30,7,37,11,6.0,5.0,5,2.0,3.0,7.0,2.0,12,2.0,10,20,1.0,20,1.0,15,4.0,9,1.0,3.0,1.0,,2.0,,4.0,2.0,94,19.0,23.0,0.8,0.8333333333333334,0.8571428571428571,0.45161290322580644,1.0,0.14285714285714285,0.45161290322580644,0.5555555555555556,0.5,0.5,0.6052631578947368,0.8333333333333334,0.40476190476190477,0.6296296296296297,0.8,0.41304347826086957,0.40789473684210525,0.06666666666666667,0.10526315789473684,,0.4166666666666667,,0.6190476190476191,0.15,0.8947368421052632,0.25,0.75,0.19444444444444445,0.16666666666666666,,0.3076923076923077,0.5,0.8,0.6666666666666666,0.8823529411764706,1.0,103.8,0.5,14.487209302325583,13.265517241379309,14.133720930232558,12.799999999999999,0.3026315789473684,0.6956521739130435,0.7272727272727273,0.8125,0.25,0.3684210526315789,0.4117647058823529,0.8571428571428571,0.039473684210526314,0.6666666666666666,0.6666666666666666,0.5,0.10526315789473684,0.3026315789473684,0.391304347826087,0.391304347826087,0.7777777777777778,0.3333333333333333,,0.3333333333333333,1.0,0.19047619047619047,,0.7105263157894737,0.391304347826087,0.5151846666666666,,0.4956675,0.12345679012345678,0.18,0.03225806451612903,0.0784313725490196,0.18627450980392157,5.984444444444445,25.238709677419354,0.26744186046511625,2026-07-10,1022600167,CHI,1611661320,LAS,LAS,26.0,6.0,7.0,5.0,1.0,3.0,,5.0,,,1.0,,5.0,,,,,,0.043478260869565216,,0.625,0.625,1.0,0.3333333333333333,0.8571428571428571,0.14285714285714285,0.3333333333333333,,,,1.0,1.0,3.0,,,0.14285714285714285,,0.030303030303030304,,,,,,,1.0,1.0,1.0,1.0,,
40:00,83,84,17.0,7,167,18.0,29.0,,2.0,6.0,8,2.0,6.0,3.0,8,21,,1.0,2.0,4.0,26,43,9,24,13,92,1.0,3.0,,2.0,4.0,6.0,6.0,9.0,3.0,5.0,2.0,23.0,24,28,18.0,9.0,,21,8,1.0,12,6.0,18,5.0,9.0,2.0,1.0,42,5.0,4.0,13,8,1.0,22,9,31,11,6.0,5.0,11,3.0,6.0,7.0,5.0,18,6.0,10,23,2.0,17,2.0,16,1.0,7,1.0,3.0,,,3.0,,3.0,,86,23.0,17.0,0.46153846153846156,0.46153846153846156,0.6666666666666666,0.375,,0.6,0.375,0.6046511627906976,0.3333333333333333,0.6666666666666666,0.5895522388059702,0.2,0.75,0.6216216216216216,0.42857142857142855,0.7666666666666667,0.3582089552238806,0.023255813953488372,,,0.6111111111111112,0.5,0.4444444444444444,0.23529411764705882,0.6842105263157895,0.3333333333333333,0.5675675675675675,0.28125,,,0.3076923076923077,0.2727272727272727,0.7142857142857143,,0.7222222222222222,,100.2,,14.289156626506024,14.452380952380953,13.487951807228916,13.391666666666667,0.43283582089552236,0.6206896551724138,0.6428571428571429,0.5,0.11940298507462686,0.75,0.75,0.3333333333333333,0.08955223880597014,0.3333333333333333,0.3333333333333333,0.5,0.04477611940298507,0.31343283582089554,0.38095238095238093,0.38095238095238093,0.625,0.4,,0.2,,0.2857142857142857,0.5,0.7910447761194029,0.38095238095238093,0.5242716417910447,0.475325,0.4949571428571429,0.10810810810810811,0.14285714285714285,0.04,0.06521739130434782,0.25,5.832558139534884,25.741666666666664,0.20481927710843373,2026-07-13,1022600175,ATL,1611661320,LAS,LAS,17.0,4.0,6.0,1.0,1.0,1.0,,1.0,,,2.0,2.0,1.0,1.0,2.0,,,,0.034482758620689655,,0.3333333333333333,0.3333333333333333,1.0,0.42857142857142855,0.6666666666666666,0.07142857142857142,1.0,,1.0,,1.0,,2.0,,,0.36363636363636365,0.5,0.03225806451612903,,0.2,,,,,,,,,,
40:00,83,83,13.0,10,166,12.0,19.0,2.0,2.0,5.0,10,5.0,8.0,6.0,5,22,,3.0,1.0,3.0,22,37,9,28,16,87,3.0,3.0,,3.0,5.0,11.0,4.0,6.0,2.0,4.0,8.0,22.0,28,16,24.0,3.0,2.0,22,5,4.0,14,8.0,22,4.0,7.0,3.0,4.0,52,8.0,3.0,14,11,3.0,28,11,39,6,5.0,1.0,13,,12.0,7.0,1.0,20,1.0,8,16,,17,,19,1.0,7,,,1.0,1.0,,,1.0,1.0,76,22.0,13.0,0.6363636363636364,0.6666666666666666,0.8888888888888888,0.32142857142857145,,0.5,0.32142857142857145,0.5945945945945946,1.0,0.6666666666666666,0.5461538461538461,0.5,0.7,0.5878378378378378,0.6111111111111112,0.7333333333333333,0.4307692307692308,0.10810810810810811,0.1,,0.65,1.0,0.6875,0.2,0.875,0.47058823529411764,0.78125,0.34375,0.2,,0.5333333333333333,0.6,1.0,0.75,0.8461538461538461,1.0,99.6,1.0,14.893975903614459,14.021686746987951,14.203614457831327,13.625301204819275,0.2923076923076923,0.631578947368421,0.75,0.5833333333333334,0.15384615384615385,0.5,0.5555555555555556,0.6,0.12307692307692308,0.625,0.625,0.8,0.09230769230769231,0.3384615384615385,0.22727272727272727,0.22727272727272727,0.8,0.3333333333333333,1.0,0.5,,0.3,0.3333333333333333,0.7230769230769231,0.22727272727272727,0.52687,0.433875,0.49180999999999997,0.09859154929577464,0.16279069767441862,,0.12643678160919541,0.25287356321839083,6.767567567567568,24.167857142857144,0.1566265060240964,2026-07-15,1022600180,MIN,1611661320,LAS,LAS,20.0,2.0,3.0,4.0,1.0,1.0,,4.0,1.0,1.0,1.0,,,,2.0,3.0,3.0,,0.15789473684210525,,0.6666666666666666,0.6666666666666666,1.0,0.3,0.6666666666666666,0.1,1.0,,,,1.0,2.0,3.0,,,0.2857142857142857,,0.03571428571428571,0.5,,,,,1.0,,,,,,
40:00,85,85,33.0,7,170,16.0,19.0,3.0,3.0,6.0,12,1.0,8.0,5.0,6,21,,1.0,4.0,7.0,23,39,6,26,18,82,3.0,4.0,,1.0,2.0,8.0,8.0,13.0,4.0,10.0,10.0,38.0,30,16,15.0,3.0,4.0,21,6,2.0,15,5.0,20,5.0,10.0,4.0,1.0,45,4.0,3.0,15,16,1.0,32,7,39,4,4.0,,5,4.0,4.0,13.0,1.0,18,9.0,8,17,3.0,22,1.0,23,2.0,9,,5.0,,,3.0,2.0,5.0,3.0,74,38.0,33.0,0.6521739130434783,0.7142857142857143,0.8333333333333334,0.23076923076923078,,0.4,0.23076923076923078,0.5897435897435898,0.75,0.6153846153846154,0.49230769230769234,0.6,0.6086956521739131,0.54,0.6666666666666666,0.6607142857142857,0.4,0.05128205128205128,,,0.2777777777777778,0.5,0.7272727272727273,0.1875,0.75,0.23529411764705882,0.7380952380952381,0.21212121212121213,0.3333333333333333,0.14285714285714285,0.16666666666666666,0.7142857142857143,0.6666666666666666,0.8,0.8125,0.5,102.0,0.6,13.74705882352941,14.488235294117647,13.5,13.876470588235295,0.2923076923076923,0.8421052631578947,0.9411764705882353,0.625,0.18461538461538463,0.5,0.5,0.6666666666666666,0.12307692307692308,0.125,0.125,1.0,0.07692307692307693,0.3230769230769231,0.2857142857142857,0.3,0.8333333333333334,0.6,1.0,0.2,,0.30434782608695654,0.5714285714285714,0.6923076923076923,0.2857142857142857,0.52207421875,0.51675,0.5279613636363636,0.125,0.1956521739130435,,0.0975609756097561,0.4634146341463415,7.0487179487179485,25.126923076923074,0.38823529411764707,2026-07-17,1022600186,CHI,1611661320,LAS,LAS,25.0,6.0,6.0,,,3.0,1.0,,,1.0,1.0,,3.0,,2.0,3.0,3.0,0.038461538461538464,0.10526315789473684,0.047619047619047616,,,,0.2608695652173913,1.0,0.13043478260869565,,,,,,2.0,1.0,,,,0.4,,0.3333333333333333,,,,1.0,,,,,,,
40:00,79,80,11.0,7,159,21.0,27.0,2.0,3.0,5.0,18,1.0,2.0,2.0,6,19,,,,3.0,27,47,6,21,10,82,4.0,6.0,,,2.0,10.0,4.0,7.0,,3.0,2.0,10.0,36,18,15.0,3.0,4.0,19,6,2.0,18,5.0,23,5.0,14.0,4.0,,51,3.0,4.0,7,17,3.0,27,7,34,9,7.0,2.0,8,2.0,8.0,5.0,,13,,11,23,2.0,20,4.0,11,,4,,5.0,1.0,1.0,3.0,2.0,6.0,5.0,72,10.0,11.0,0.6666666666666666,0.72,0.8333333333333334,0.2857142857142857,,,0.2857142857142857,0.574468085106383,0.6666666666666666,0.5714285714285714,0.5294117647058824,0.6666666666666666,0.4,0.5616438356164384,0.7142857142857143,0.45454545454545453,0.3088235294117647,0.0425531914893617,,,0.6153846153846154,0.75,0.7391304347826086,0.2,0.5833333333333334,0.2,0.6857142857142857,0.2,0.23076923076923078,,0.23076923076923078,0.5714285714285714,0.9166666666666666,0.5,0.5555555555555556,0.6666666666666666,95.4,0.8333333333333334,14.475949367088607,15.705000000000002,13.905063291139241,15.11875,0.39705882352941174,0.7777777777777778,0.84,0.6666666666666666,0.2647058823529412,0.2777777777777778,0.2777777777777778,0.8,0.029411764705882353,0.5,0.5,,0.029411764705882353,0.27941176470588236,0.3157894736842105,0.3157894736842105,0.8333333333333334,0.5,0.6666666666666666,,,0.3,,0.7058823529411765,0.3157894736842105,0.5073764705882353,0.456875,0.51745,0.05555555555555555,0.0784313725490196,,0.12195121951219512,0.12195121951219512,5.1617021276595745,25.333333333333332,0.13924050632911392,2026-07-19,1022600191,DAL,1611661320,LAS,LAS,20.0,4.0,5.0,,,,,,,,,,2.0,,1.0,1.0,,,0.07407407407407407,,,,,0.5,0.8,,,,,,1.0,1.0,1.0,,,0.16666666666666666,,0.030303030303030304,,,,,,,,,,,,
40:00,82,83,30.0,12,165,12.0,22.0,3.0,5.0,5.0,15,2.0,5.0,3.0,7,25,,3.0,4.0,11.0,19,42,9,28,17,82,5.0,10.0,,3.0,5.0,15.0,4.0,8.0,5.0,12.0,8.0,31.0,22,16,27.0,,4.0,25,7,4.0,11,9.0,20,7.0,7.0,2.0,2.0,49,9.0,5.0,13,15,1.0,29,15,44,5,5.0,,10,1.0,6.0,8.0,4.0,18,9.0,4,21,3.0,23,2.0,21,3.0,10,,5.0,,,3.0,2.0,5.0,3.0,67,31.0,30.0,0.5789473684210527,0.6470588235294118,1.0,0.32142857142857145,,0.4166666666666667,0.32142857142857145,0.4523809523809524,0.5,0.5,0.4642857142857143,0.38461538461538464,0.575,0.5189873417721519,0.5,0.62,0.4,0.09523809523809523,0.06666666666666667,,0.5555555555555556,1.0,0.8333333333333334,0.21739130434782608,0.65,0.47368421052631576,0.7368421052631579,0.3333333333333333,0.4,0.3333333333333333,0.5,0.3333333333333333,1.0,0.8333333333333334,0.6,0.8,99.0,0.6,14.232926829268292,14.85421686746988,13.309756097560975,14.065060240963856,0.3142857142857143,0.5454545454545454,0.631578947368421,0.5833333333333334,0.21428571428571427,0.3333333333333333,0.35714285714285715,0.4,0.07142857142857142,0.4,0.4,1.0,0.04285714285714286,0.35714285714285715,0.28,0.2916666666666667,1.0,0.38461538461538464,0.6,0.23076923076923078,,0.55,0.36363636363636365,0.7142857142857143,0.28,0.5209192857142858,0.5060928571428571,0.49255250000000006,0.12987012987012986,0.20408163265306123,,0.18292682926829268,0.3780487804878049,5.623809523809523,24.57857142857143,0.36585365853658536,2026-07-22,1022600197,PHX,1611661320,LAS,LAS,20.0,1.0,3.0,2.0,1.0,1.0,1.0,2.0,,,,1.0,4.0,,1.0,2.0,2.0,0.03571428571428571,0.13636363636363635,0.04,0.6666666666666666,0.6666666666666666,1.0,0.15,0.3333333333333333,0.05,1.0,,,1.0,,2.0,3.0,,0.3333333333333333,,,,0.3333333333333333,,,,,,,,,,,
40:00,86,84,21.0,6,170,17.0,27.0,1.0,1.0,8.0,11,3.0,4.0,10.0,11,21,1.0,2.0,2.0,8.0,28,42,16,31,5,109,1.0,2.0,1.0,3.0,,5.0,7.0,11.0,2.0,10.0,,20.0,44,12,39.0,9.0,,21,11,7.0,22,13.0,35,8.0,14.0,6.0,2.0,83,3.0,3.0,7,12,,19,6,25,10,8.0,2.0,10,1.0,8.0,5.0,2.0,15,3.0,4,16,2.0,13,1.0,7,1.0,4,,,1.0,1.0,,,1.0,1.0,104,20.0,21.0,0.7857142857142857,0.7857142857142857,0.8125,0.5161290322580645,0.3333333333333333,0.2,0.5161290322580645,0.6666666666666666,0.5,0.6363636363636364,0.7123287671232876,0.5,0.47619047619047616,0.7171052631578947,0.5,0.47619047619047616,0.4246575342465753,0.16666666666666666,0.09090909090909091,,0.6666666666666666,,0.8571428571428571,0.21428571428571427,0.5,0.21428571428571427,0.6785714285714286,0.21428571428571427,0.3333333333333333,,0.3333333333333333,1.0,0.7142857142857143,1.0,0.6363636363636364,,102.0,1.0,13.15813953488372,15.100000000000001,12.869767441860464,14.423809523809526,0.3698630136986301,0.6296296296296297,0.8095238095238095,0.8235294117647058,0.1506849315068493,0.7272727272727273,0.8,0.75,0.0547945205479452,0.75,0.75,0.6666666666666666,0.136986301369863,0.2876712328767123,0.5238095238095238,0.5238095238095238,0.7272727272727273,0.2,1.0,0.4,0.5,0.38095238095238093,0.25,0.7945205479452054,0.5238095238095238,0.5302673611111112,0.4843375,0.4904825,0.05263157894736842,0.08888888888888889,,0.045871559633027525,0.1834862385321101,5.516666666666667,25.293548387096774,0.2441860465116279,2026-07-28,1022600207,NYL,1611661320,LAS,LAS,7.0,3.0,6.0,5.0,,2.0,,5.0,1.0,,1.0,,,,,,,,0.2222222222222222,,0.5,0.5,1.0,0.2857142857142857,0.5,0.09523809523809523,,,1.0,,,1.0,1.0,,,0.2,,,1.0,0.2,,,,,,1.0,,,,1.0
40:00,85,87,14.0,8,172,19.0,29.0,3.0,5.0,4.0,13,,4.0,10.0,9,19,,1.0,1.0,3.0,23,46,16,29,12,106,4.0,7.0,,2.0,,8.0,2.0,7.0,1.0,4.0,9.0,16.0,36,10,45.0,3.0,4.0,19,9,2.0,18,15.0,33,9.0,16.0,2.0,,81,3.0,7.0,14,13,,27,10,37,8,7.0,1.0,8,4.0,6.0,6.0,2.0,14,3.0,8,16,1.0,21,2.0,14,,3,,4.0,1.0,1.0,2.0,2.0,5.0,3.0,98,16.0,14.0,0.782608695652174,0.8571428571428571,0.9375,0.5517241379310345,,0.25,0.5517241379310345,0.5,0.5714285714285714,0.2857142857142857,0.6266666666666667,0.4444444444444444,0.3181818181818182,0.6463414634146342,0.4444444444444444,0.5,0.38666666666666666,0.043478260869565216,0.07692307692307693,,0.5714285714285714,,0.65,0.30434782608695654,0.7,0.25,0.675,0.2857142857142857,0.3333333333333333,0.25,0.2222222222222222,0.8571428571428571,0.6666666666666666,0.25,0.7142857142857143,0.6666666666666666,103.2,0.6,13.658823529411764,14.241379310344827,13.01529411764706,13.232183908045977,0.38666666666666666,0.6551724137931034,0.6785714285714286,0.8421052631578947,0.17333333333333334,0.3076923076923077,0.3333333333333333,0.5,0.05333333333333334,,,,0.13333333333333333,0.25333333333333335,0.47368421052631576,0.47368421052631576,1.0,0.5555555555555556,0.6,0.1111111111111111,,0.2727272727272727,0.3333333333333333,0.7733333333333333,0.47368421052631576,0.511068,0.5178214285714285,0.48213181818181816,0.038461538461538464,0.061224489795918366,,0.07547169811320754,0.1509433962264151,5.602173913043478,24.475862068965515,0.16470588235294117,2026-08-02,1022600219,PDX,1611661320,LAS,LAS,17.0,1.0,4.0,7.0,,1.0,,6.0,,,1.0,,1.0,,1.0,4.0,4.0,,0.034482758620689655,,0.7,0.7,0.8571428571428571,0.36363636363636365,0.25,0.09090909090909091,,,1.0,,1.0,,2.0,,,0.3,0.3333333333333333,0.030303030303030304,0.6666666666666666,0.1111111111111111,,,,,,,,,,
39:59,82,82,17.0,10,164,14.0,19.0,2.0,3.0,6.0,17,3.0,8.0,7.0,8,17,,,2.0,3.0,23,44,9,24,15,88,2.0,5.0,1.0,1.0,4.0,11.0,6.0,8.0,2.0,5.0,5.0,23.0,38,8,24.0,3.0,2.0,17,8,5.0,19,8.0,27,7.0,10.0,6.0,3.0,62,4.0,6.0,10,16,1.0,27,10,37,6,5.0,1.0,7,2.0,5.0,9.0,2.0,16,1.0,11,19,3.0,18,3.0,20,4.0,9,,5.0,,,4.0,1.0,5.0,3.0,77,23.0,17.0,0.8260869565217391,0.8636363636363636,0.8888888888888888,0.375,1.0,0.4,0.375,0.5227272727272727,0.4,0.75,0.5367647058823529,0.5833333333333334,0.6923076923076923,0.5789473684210527,0.6875,0.6764705882352942,0.35294117647058826,0.11363636363636363,0.058823529411764705,0.125,0.4375,0.5,0.8,0.2857142857142857,0.9090909090909091,0.2857142857142857,0.8387096774193549,0.2857142857142857,0.2727272727272727,0.4,0.375,0.5714285714285714,1.0,0.8,0.9,1.0,98.40000000000008,0.6,15.151219512195098,14.117073170731706,14.83902439024388,13.859756097560975,0.27941176470588236,0.7368421052631579,0.875,0.7142857142857143,0.25,0.35294117647058826,0.375,1.0,0.11764705882352941,0.375,0.42857142857142855,1.0,0.10294117647058823,0.25,0.47058823529411764,0.5,0.875,0.5,0.6666666666666666,,,0.23076923076923078,0.6666666666666666,0.6323529411764706,0.47058823529411764,0.5185686567164179,0.5638,0.5245923076923077,0.1232876712328767,0.1836734693877551,,0.125,0.26136363636363635,7.088636363636363,25.045833333333334,0.2073170731707317,2026-08-05,1022600229,CHI,1611661320,LAS,LAS,11.0,4.0,5.0,1.0,,2.0,1.0,1.0,,,2.0,,1.0,,,3.0,3.0,0.041666666666666664,0.15789473684210525,0.058823529411764705,0.14285714285714285,0.14285714285714285,1.0,0.38461538461538464,0.8,0.15384615384615385,,1.0,1.0,,1.0,2.0,,,,0.2,0.16666666666666666,0.034482758620689655,0.5,0.16666666666666666,1.0,1.0,,,,,,,,
40:00,77,77,15.0,9,154,16.0,20.0,3.0,3.0,7.0,19,2.0,5.0,6.0,6,18,,3.0,1.0,3.0,25,44,9,24,12,89,4.0,5.0,,3.0,1.0,9.0,6.0,7.0,1.0,3.0,2.0,17.0,36,14,27.0,,2.0,18,6,2.0,18,9.0,27,6.0,11.0,5.0,2.0,63,4.0,7.0,9,17,1.0,27,11,38,6,6.0,,7,5.0,5.0,6.0,2.0,13,3.0,7,13,1.0,22,6.0,16,2.0,7,,4.0,,,2.0,2.0,4.0,2.0,80,17.0,15.0,0.72,0.75,1.0,0.375,,0.3333333333333333,0.375,0.5681818181818182,0.8,0.8571428571428571,0.5661764705882353,0.5,0.75,0.5933333333333334,0.5,0.7083333333333334,0.35294117647058826,0.045454545454545456,0.05263157894736842,,0.5384615384615384,1.0,0.7727272727272727,0.3684210526315789,0.47368421052631576,0.2857142857142857,0.6341463414634146,0.3333333333333333,0.3333333333333333,0.6666666666666666,0.36363636363636365,0.8,0.8,0.7142857142857143,0.46153846153846156,0.5,92.4,0.5,16.36103896103896,14.807792207792208,15.555844155844156,13.933766233766235,0.29411764705882354,0.8,0.8421052631578947,0.6875,0.27941176470588236,0.3684210526315789,0.3888888888888889,0.7142857142857143,0.07352941176470588,0.4,0.4,1.0,0.08823529411764706,0.2647058823529412,0.3333333333333333,0.3333333333333333,1.0,0.375,1.0,0.375,,0.3,0.3333333333333333,0.6470588235294118,0.3333333333333333,0.5036402985074626,0.5877833333333333,0.4902722222222222,0.0958904109589041,0.14285714285714285,,0.10112359550561797,0.19101123595505617,6.0613636363636365,24.545833333333334,0.19480519480519481,2026-08-06,1022600231,MIN,1611661320,LAS,LAS,18.0,4.0,4.0,3.0,,,,3.0,,,2.0,,1.0,,2.0,2.0,2.0,,0.05,,0.5,0.5,1.0,0.4,1.0,,,,,,,,,,,0.25,,,,,,,,,,,,,,
40:00,71,72,12.0,15,143,9.0,10.0,4.0,4.0,11.0,23,2.0,6.0,3.0,10,28,1.0,3.0,1.0,6.0,22,39,10,31,4,78,8.0,8.0,1.0,4.0,2.0,21.0,2.0,5.0,1.0,8.0,2.0,9.0,22,22,21.0,9.0,10.0,28,10,2.0,11,7.0,18,7.0,5.0,5.0,1.0,43,8.0,7.0,12,8,1.0,21,15,36,6,4.0,2.0,7,1.0,6.0,4.0,1.0,11,1.0,3,17,3.0,16,2.0,9,2.0,4,,1.0,,,,1.0,1.0,1.0,57,9.0,12.0,0.5,0.6470588235294118,0.7,0.3225806451612903,0.25,0.125,0.3225806451612903,0.5641025641025641,1.0,0.4,0.5285714285714286,0.7916666666666666,0.2692307692307692,0.5273972602739726,0.8076923076923077,0.32142857142857145,0.44285714285714284,0.05128205128205128,0.08695652173913043,,0.6363636363636364,1.0,0.5333333333333333,0.4117647058823529,0.5714285714285714,0.38095238095238093,0.5555555555555556,0.39473684210526316,0.5,,0.4444444444444444,,0.6363636363636364,0.3333333333333333,0.6153846153846154,0.5,85.8,1.0,15.150704225352113,18.393055555555556,14.366197183098592,16.904166666666665,0.14285714285714285,0.9,0.9,0.5555555555555556,0.32857142857142857,0.4782608695652174,0.5238095238095238,0.45454545454545453,0.08571428571428572,0.3333333333333333,0.3333333333333333,0.5,0.04285714285714286,0.4,0.35714285714285715,0.35714285714285715,0.7,0.3333333333333333,1.0,0.25,0.3333333333333333,0.46153846153846156,0.16666666666666666,0.5857142857142857,0.35714285714285715,0.45974785714285715,0.54075625,0.40850000000000003,0.05555555555555555,0.0975609756097561,,0.2692307692307692,0.11538461538461539,7.7615384615384615,25.429032258064513,0.16901408450704225,2026-08-09,1022600242,GSV,1611661320,LAS,LAS,14.0,1.0,1.0,,,2.0,,,,,1.0,,1.0,,2.0,1.0,1.0,,,,,,,0.07692307692307693,1.0,0.15384615384615385,,,1.0,,2.0,,3.0,,,1.0,,0.05555555555555555,,0.08333333333333333,,,1.0,,,1.0,,,,
40:00,88,88,37.0,10,176,13.0,17.0,2.0,4.0,11.0,22,1.0,3.0,4.0,6,28,1.0,3.0,3.0,14.0,25,42,7,32,16,87,3.0,6.0,1.0,3.0,2.0,11.0,8.0,14.0,3.0,15.0,6.0,31.0,36,14,21.0,,4.0,28,6,5.0,18,7.0,25,6.0,8.0,9.0,1.0,57,5.0,7.0,12,9,4.0,25,12,37,11,7.0,4.0,12,2.0,6.0,5.0,6.0,17,8.0,11,25,2.0,23,4.0,22,2.0,11,,1.0,1.0,1.0,,1.0,2.0,1.0,76,31.0,37.0,0.72,0.782608695652174,1.0,0.21875,0.3333333333333333,0.2,0.21875,0.5952380952380952,0.5,0.5714285714285714,0.4797297297297297,0.5,0.43103448275862066,0.5119047619047619,0.5,0.4696969696969697,0.43243243243243246,0.11904761904761904,0.13636363636363635,,0.7058823529411765,0.8,0.6923076923076923,0.4375,0.8571428571428571,0.2,0.7777777777777778,0.2926829268292683,0.36363636363636365,1.0,0.18181818181818182,0.3333333333333333,0.75,1.0,0.9090909090909091,0.6666666666666666,105.6,0.5,13.686363636363637,13.586363636363636,12.9625,13.075,0.22972972972972974,0.7647058823529411,0.8666666666666667,0.6153846153846154,0.2972972972972973,0.5,0.5789473684210527,0.8181818181818182,0.04054054054054054,0.3333333333333333,0.3333333333333333,1.0,0.05405405405405406,0.3783783783783784,0.21428571428571427,0.21428571428571427,1.0,0.4444444444444444,0.5,0.3333333333333333,0.3333333333333333,0.4827586206896552,0.21428571428571427,0.6621621621621622,0.21428571428571427,0.4981871621621622,0.63811,0.4807586206896552,0.13253012048192772,0.21568627450980393,,0.12643678160919541,0.3563218390804598,6.226190476190476,24.853125,0.42045454545454547,2026-08-11,1022600247,PHX,1611661320,LAS,LAS,29.0,5.0,7.0,1.0,,1.0,,1.0,,,1.0,,,,1.0,1.0,,,0.11764705882352941,,0.25,0.25,1.0,0.2413793103448276,0.7142857142857143,0.034482758620689655,,,,,3.0,,5.0,,,0.3333333333333333,0.3333333333333333,0.08333333333333333,,,,,1.0,,,1.0,,,,
40:00,79,81,28.0,8,160,11.0,17.0,1.0,2.0,9.0,17,2.0,4.0,5.0,6,25,,1.0,3.0,11.0,22,38,10,30,7,81,3.0,6.0,,1.0,1.0,7.0,8.0,13.0,4.0,13.0,2.0,30.0,24,20,30.0,,6.0,25,6,1.0,12,10.0,22,6.0,7.0,4.0,1.0,54,6.0,3.0,11,17,1.0,29,10,39,7,5.0,2.0,12,1.0,8.0,3.0,4.0,15,3.0,5,20,,17,,13,2.0,5,,4.0,1.0,1.0,1.0,3.0,5.0,1.0,74,30.0,28.0,0.5454545454545454,0.631578947368421,1.0,0.3333333333333333,,0.3076923076923077,0.3333333333333333,0.5789473684210527,0.5,0.6153846153846154,0.5441176470588235,0.42857142857142855,0.5384615384615384,0.5547945205479452,0.4375,0.5172413793103449,0.4411764705882353,0.02631578947368421,0.058823529411764705,,0.8,1.0,0.68,0.1875,0.55,0.3,0.6222222222222222,0.25,0.125,,0.3157894736842105,0.6666666666666666,0.6875,,0.5714285714285714,0.5,96.0,0.2,15.060759493670885,14.940740740740742,14.677215189873417,14.059259259259258,0.25,0.6470588235294118,0.6470588235294118,0.6363636363636364,0.25,0.5294117647058824,0.5625,0.4444444444444444,0.058823529411764705,0.5,0.5,0.5,0.07352941176470588,0.36764705882352944,0.24,0.24,1.0,0.2857142857142857,0.5,0.14285714285714285,,0.4230769230769231,0.2727272727272727,0.6911764705882353,0.24,0.48928529411764704,0.6247666666666667,0.5109807692307693,0.07042253521126761,0.12195121951219512,,0.08641975308641975,0.37037037037037035,6.342105263157895,25.363333333333333,0.35443037974683544,2026-08-13,1022600252,NYL,1611661320,LAS,LAS,32.0,7.0,9.0,4.0,1.0,2.0,,4.0,,,1.0,1.0,2.0,1.0,,2.0,2.0,,,,0.8,0.8,1.0,0.34615384615384615,0.7777777777777778,0.07692307692307693,0.5,,,1.0,1.0,,3.0,,0.25,0.3333333333333333,,0.02857142857142857,,,,,,,,,,,,
40:00,77,79,20.0,5,156,12.0,19.0,,1.0,3.0,14,,2.0,5.0,8,21,,,3.0,9.0,15,35,9,26,13,70,1.0,3.0,,1.0,2.0,4.0,2.0,7.0,3.0,11.0,3.0,16.0,22,8,27.0,,2.0,21,8,4.0,11,9.0,20,8.0,9.0,2.0,,49,1.0,4.0,12,13,2.0,27,5,32,11,8.0,3.0,10,1.0,8.0,4.0,2.0,14,2.0,4,18,2.0,17,,16,2.0,8,,2.0,,,1.0,1.0,2.0,1.0,66,16.0,20.0,0.7333333333333333,0.7857142857142857,1.0,0.34615384615384615,,0.2727272727272727,0.34615384615384615,0.42857142857142855,0.3333333333333333,0.2857142857142857,0.4672131147540984,0.25,0.3611111111111111,0.5147058823529411,0.4,0.4,0.4262295081967213,0.11428571428571428,0.07142857142857142,,0.7142857142857143,1.0,0.6190476190476191,0.2,0.7058823529411765,0.058823529411764705,0.6578947368421053,0.13513513513513514,0.18181818181818182,,,0.5384615384615384,0.75,,0.7272727272727273,0.6666666666666666,93.6,0.5,15.098701298701297,15.663291139240508,14.788311688311685,14.764556962025317,0.3114754098360656,0.631578947368421,0.75,0.75,0.22950819672131148,0.21428571428571427,0.23076923076923078,0.6666666666666666,0.03278688524590164,,,,0.08196721311475409,0.3442622950819672,0.38095238095238093,0.38095238095238093,1.0,0.25,,,,0.5,0.3333333333333333,0.7377049180327869,0.38095238095238093,0.501544262295082,0.40746666666666664,0.4438666666666667,0.11940298507462686,0.1951219512195122,,0.05714285714285714,0.22857142857142856,5.137142857142858,25.78076923076923,0.2597402597402597,2026-08-15,1022600257,WAS,1611661320,LAS,LAS,12.0,1.0,4.0,1.0,,2.0,,1.0,,1.0,,,,,,1.0,1.0,,0.15789473684210525,,0.2,0.2,1.0,0.2222222222222222,0.25,0.1111111111111111,,,1.0,,1.0,,2.0,,,0.2857142857142857,0.25,0.030303030303030304,,0.25,,,,,,,,,,
40:00,81,81,10.0,11,162,17.0,23.0,1.0,1.0,7.0,21,3.0,4.0,1.0,2,15,,2.0,,2.0,27,48,2,16,17,77,1.0,3.0,,2.0,3.0,5.0,2.0,5.0,,2.0,7.0,11.0,32,22,6.0,,2.0,15,2,3.0,16,2.0,18,2.0,11.0,2.0,3.0,38,7.0,5.0,5,17,,22,12,34,12,10.0,2.0,12,1.0,9.0,4.0,3.0,16,,6,15,2.0,19,2.0,23,1.0,10,,4.0,,,,4.0,4.0,2.0,72,11.0,10.0,0.5925925925925926,0.6153846153846154,1.0,0.125,,,0.125,0.5625,0.3333333333333333,0.4,0.46875,0.2,0.2857142857142857,0.5133333333333333,0.3125,0.5,0.25,0.0625,0.14285714285714285,,0.75,,0.6538461538461539,0.23809523809523808,0.625,0.5,0.6470588235294118,0.34285714285714286,0.21428571428571427,1.0,0.46153846153846156,0.4444444444444444,0.75,0.8,0.625,,97.2,0.5,14.855555555555554,14.774074074074075,14.345679012345679,13.965432098765433,0.359375,0.7391304347826086,0.7391304347826086,0.6470588235294118,0.328125,0.3333333333333333,0.3888888888888889,0.2857142857142857,0.0625,0.75,0.75,1.0,0.015625,0.234375,0.13333333333333333,0.13333333333333333,1.0,0.2,1.0,0.4,,0.2857142857142857,,0.609375,0.13333333333333333,0.48791484375,0.3872,0.4266142857142857,0.136986301369863,0.17543859649122806,,0.06493506493506493,0.14285714285714285,5.395833333333333,25.3625,0.12345679012345678,2026-08-18,1022600263,CON,1611661320,LAS,LAS,11.0,2.0,3.0,,,,,,,,3.0,,,,,2.0,2.0,,,,,,,0.42857142857142855,0.6666666666666666,,,,,,2.0,1.0,,,,0.16666666666666666,1.0,0.0625,,,,,,1.0,,,,,,
40:00,88,88,24.0,15,176,10.0,14.0,3.0,4.0,10.0,28,8.0,19.0,4.0,3,18,,1.0,,4.0,28,61,4,22,7,75,6.0,13.0,1.0,2.0,1.0,16.0,6.0,15.0,,5.0,5.0,17.0,34,22,12.0,,6.0,18,3,5.0,17,4.0,21,3.0,7.0,5.0,5.0,46,3.0,13.0,12,7,3.0,22,18,40,5,1.0,4.0,9,3.0,8.0,8.0,1.0,17,3.0,9,25,,23,3.0,15,3.0,5,,2.0,,,1.0,1.0,2.0,,59,17.0,24.0,0.6071428571428571,0.68,1.0,0.18181818181818182,0.5,,0.18181818181818182,0.45901639344262296,0.46153846153846156,0.4,0.40963855421686746,0.5,0.3,0.42134831460674155,0.5,0.34,0.26506024096385544,0.08196721311475409,0.17857142857142858,,0.5294117647058824,1.0,0.6363636363636364,0.40625,0.6,0.16666666666666666,0.6129032258064516,0.32,0.3888888888888889,0.4,0.13333333333333333,0.3333333333333333,0.8571428571428571,,0.6363636363636364,0.5555555555555556,105.6,,14.886363636363637,12.386363636363637,14.019318181818182,11.57840909090909,0.1686746987951807,0.7142857142857143,0.7142857142857143,0.7,0.3373493975903614,0.35714285714285715,0.43478260869565216,0.5,0.2289156626506024,0.42105263157894735,0.42105263157894735,0.625,0.04819277108433735,0.21686746987951808,0.16666666666666666,0.16666666666666666,1.0,0.26666666666666666,0.75,0.06666666666666667,,0.2,,0.43373493975903615,0.16666666666666666,0.47363493975903614,0.5439535714285715,0.47959250000000003,0.058823529411764705,0.07936507936507936,,0.21333333333333335,0.22666666666666666,9.073770491803279,25.36818181818182,0.2727272727272727,2026-05-08,1022600001,NYL,1611661323,CON,CON,31.0,2.0,4.0,1.0,,1.0,,1.0,,1.0,2.0,,7.0,,3.0,4.0,4.0,,,,0.25,0.25,1.0,0.2,0.5,0.05,,1.0,1.0,2.0,1.0,1.0,7.0,,0.3333333333333333,0.5,0.3333333333333333,0.022222222222222223,0.3333333333333333,0.06666666666666667,1.0,1.0,,,,,,,,
40:00,85,86,29.0,14,171,13.0,27.0,2.0,5.0,6.0,17,2.0,6.0,,8,23,2.0,4.0,3.0,7.0,21,50,8,23,16,82,4.0,9.0,2.0,4.0,3.0,17.0,8.0,16.0,3.0,7.0,6.0,31.0,24,18,18.0,6.0,2.0,23,8,8.0,12,6.0,18,6.0,9.0,3.0,,42,4.0,10.0,11,16,5.0,32,15,47,7,2.0,5.0,10,,8.0,8.0,2.0,18,5.0,12,28,4.0,22,2.0,22,,7,,2.0,1.0,1.0,2.0,,3.0,2.0,65,31.0,29.0,0.5714285714285714,0.6,0.75,0.34782608695652173,0.5,0.42857142857142855,0.34782608695652173,0.42,0.4444444444444444,0.5,0.4520547945205479,0.5384615384615384,0.5434782608695652,0.4819277108433735,0.5666666666666667,0.5555555555555556,0.3150684931506849,0.16,0.058823529411764705,0.16666666666666666,0.5555555555555556,1.0,0.7272727272727273,0.37037037037037035,0.9166666666666666,0.26666666666666666,0.7941176470588235,0.3333333333333333,0.36363636363636365,0.3333333333333333,0.26666666666666666,0.875,0.6666666666666666,0.6,0.8888888888888888,1.0,102.6,0.6666666666666666,14.069411764705883,14.001162790697673,13.198823529411765,13.48720930232558,0.3698630136986301,0.48148148148148145,0.6190476190476191,0.6923076923076923,0.2328767123287671,0.35294117647058826,0.375,0.5,0.0821917808219178,0.3333333333333333,0.4,,,0.3150684931506849,0.34782608695652173,0.34782608695652173,0.75,0.38461538461538464,0.4,0.3076923076923077,0.5,0.30434782608695654,0.42857142857142855,0.684931506849315,0.34782608695652173,0.5249493150684932,0.54051,0.4956130434782609,0.0875,0.12280701754385964,,0.2073170731707317,0.3780487804878049,6.05,24.52173913043478,0.3411764705882353,2026-05-10,1022600007,SEA,1611661323,CON,CON,30.0,6.0,8.0,,,,,,,2.0,,,1.0,,1.0,3.0,3.0,,0.2222222222222222,,,,,0.34782608695652173,0.75,,,,,1.0,3.0,,3.0,,0.3333333333333333,0.38461538461538464,,0.08823529411764706,0.5,,,,2.0,,,1.0,,,,
40:00,82,84,21.0,9,166,10.0,20.0,2.0,4.0,9.0,28,1.0,9.0,1.0,3,12,,1.0,1.0,3.0,20,57,3,13,20,69,4.0,10.0,,1.0,2.0,10.0,5.0,18.0,1.0,3.0,5.0,18.0,26,14,9.0,,6.0,12,3,6.0,13,3.0,16,3.0,6.0,6.0,1.0,35,2.0,9.0,7,13,3.0,23,11,34,6,3.0,3.0,9,2.0,8.0,5.0,1.0,14,2.0,9,20,,19,,24,3.0,11,1.0,3.0,,,,2.0,3.0,1.0,59,18.0,21.0,0.65,0.7647058823529411,1.0,0.23076923076923078,,0.3333333333333333,0.23076923076923078,0.3508771929824561,0.4,0.2777777777777778,0.35,0.36363636363636365,0.30952380952380953,0.43125,0.45454545454545453,0.391304347826087,0.18571428571428572,0.10526315789473684,0.17857142857142858,,0.6428571428571429,0.75,0.5909090909090909,0.25,0.7,0.2222222222222222,0.625,0.24444444444444444,0.3888888888888889,,0.25,0.3333333333333333,0.6153846153846154,0.6666666666666666,0.6666666666666666,1.0,99.6,0.3333333333333333,14.760975609756098,14.161904761904761,14.370731707317074,13.459523809523809,0.2857142857142857,0.5,0.5263157894736842,0.6,0.4,0.32142857142857145,0.391304347826087,0.6666666666666666,0.12857142857142856,0.1111111111111111,0.1111111111111111,1.0,0.014285714285714285,0.17142857142857143,0.25,0.25,1.0,0.36363636363636365,0.5,0.09090909090909091,,0.14285714285714285,0.3333333333333333,0.4714285714285714,0.25,0.48152246376811597,0.5317111111111111,0.476825,0.1518987341772152,0.16923076923076924,0.07142857142857142,0.14492753623188406,0.2608695652173913,7.528070175438597,26.084615384615386,0.25609756097560976,2026-05-13,1022600016,LVA,1611661323,CON,CON,28.0,2.0,6.0,,,,,,,,,1.0,1.0,3.0,,1.0,1.0,,0.05,,,,,0.2857142857142857,0.3333333333333333,,,,,,1.0,1.0,3.0,,,0.2,,0.02564102564102564,,,,,,,,,,1.0,,
40:00,84,85,13.0,14,169,18.0,32.0,5.0,8.0,5.0,12,4.0,12.0,7.0,6,18,1.0,1.0,2.0,3.0,27,56,9,25,13,94,6.0,14.0,1.0,1.0,1.0,16.0,4.0,10.0,3.0,4.0,5.0,22.0,30,24,27.0,,4.0,18,6,5.0,15,9.0,24,6.0,10.0,2.0,3.0,57,9.0,9.0,7,11,3.0,21,18,39,11,9.0,2.0,6,2.0,3.0,7.0,3.0,13,,15,25,3.0,18,3.0,15,2.0,7,,2.0,,,1.0,1.0,2.0,2.0,78,22.0,13.0,0.5555555555555556,0.6,1.0,0.36,1.0,0.75,0.36,0.48214285714285715,0.42857142857142855,0.4,0.5,0.5,0.6071428571428571,0.5344827586206896,0.5333333333333333,0.6470588235294118,0.30864197530864196,0.08928571428571429,,,0.46153846153846156,0.75,0.7333333333333333,0.3103448275862069,1.0,0.5625,0.8181818181818182,0.4,,0.25,0.5,0.75,0.7142857142857143,,1.0,1.0,101.4,1.0,15.038095238095215,13.374117647058847,13.951190476190453,13.056470588235317,0.3950617283950617,0.5625,0.6666666666666666,0.5555555555555556,0.14814814814814814,0.4166666666666667,0.4166666666666667,0.4,0.14814814814814814,0.3333333333333333,0.3333333333333333,0.75,0.08641975308641975,0.2222222222222222,0.3333333333333333,0.35294117647058826,1.0,0.5333333333333333,0.625,0.06666666666666667,1.0,0.21428571428571427,0.6666666666666666,0.7037037037037037,0.3333333333333333,0.5259132911392406,0.548485,0.5974961538461538,0.08139534883720931,0.11475409836065574,,0.1702127659574468,0.23404255319148937,6.339285714285714,26.131999999999998,0.15476190476190477,2026-05-15,1022600021,LVA,1611661323,CON,CON,38.0,4.0,8.0,3.0,1.0,1.0,1.0,3.0,,1.0,,,,,2.0,1.0,1.0,0.04,0.15625,0.05555555555555555,0.42857142857142855,0.42857142857142855,1.0,0.5714285714285714,0.5,0.07142857142857142,1.0,,,,2.0,1.0,3.0,,,0.5,0.75,0.05128205128205128,,,,,1.0,,,1.0,,,,
39:59,74,74,32.0,12,148,15.0,21.0,3.0,5.0,5.0,15,5.0,7.0,5.0,5,15,,3.0,4.0,10.0,25,43,7,20,11,82,4.0,7.0,,4.0,1.0,9.0,7.0,13.0,5.0,14.0,5.0,34.0,32,18,21.0,,6.0,15,5,3.0,16,7.0,23,5.0,9.0,3.0,4.0,53,4.0,6.0,9,12,3.0,24,13,37,9,5.0,4.0,11,1.0,5.0,7.0,6.0,18,6.0,10,25,2.0,23,1.0,20,5.0,7,,6.0,,,4.0,2.0,6.0,3.0,73,34.0,32.0,0.64,0.7272727272727273,1.0,0.35,,0.35714285714285715,0.35,0.5813953488372093,0.5714285714285714,0.5384615384615384,0.5634920634920635,0.36363636363636365,0.5370370370370371,0.5785714285714286,0.4090909090909091,0.53125,0.31746031746031744,0.06976744186046512,0.13333333333333333,,0.6111111111111112,0.75,0.631578947368421,0.3333333333333333,0.6,0.3333333333333333,0.6176470588235294,0.3333333333333333,0.3,0.5,0.3333333333333333,0.6666666666666666,0.5555555555555556,1.0,0.6666666666666666,0.3333333333333333,88.80000000000007,0.5,16.86891891891889,15.563513513513515,15.731081081081053,14.431081081081082,0.3333333333333333,0.7142857142857143,0.75,0.6,0.23809523809523808,0.3333333333333333,0.38461538461538464,0.6,0.1111111111111111,0.7142857142857143,0.7142857142857143,0.8,0.07936507936507936,0.23809523809523808,0.3333333333333333,0.3333333333333333,1.0,0.45454545454545453,0.6,0.2727272727272727,,0.37037037037037035,0.4,0.6507936507936508,0.3333333333333333,0.4731354838709677,0.45414444444444446,0.4724519230769231,0.1076923076923077,0.15555555555555556,,0.10975609756097561,0.4146341463414634,6.73953488372093,25.445,0.43243243243243246,2026-05-18,1022600030,PDX,1611661323,CON,CON,26.0,4.0,6.0,2.0,1.0,4.0,,2.0,,2.0,2.0,,1.0,1.0,2.0,5.0,4.0,,0.047619047619047616,,0.4,0.4,1.0,0.2222222222222222,0.6666666666666666,0.14814814814814814,0.25,,1.0,3.0,,1.0,5.0,,0.75,0.3333333333333333,0.3333333333333333,,,0.09090909090909091,,,1.0,,,,,,,
40:00,78,77,10.0,11,155,16.0,22.0,3.0,4.0,10.0,24,1.0,6.0,4.0,4,16,1.0,4.0,2.0,3.0,27,52,5,20,11,80,4.0,7.0,1.0,4.0,1.0,12.0,4.0,7.0,2.0,3.0,2.0,16.0,18,36,15.0,,6.0,16,4,6.0,9,5.0,14,4.0,6.0,2.0,1.0,33,4.0,7.0,13,12,2.0,27,13,40,10,6.0,4.0,8,,8.0,5.0,,13,,11,19,1.0,15,2.0,17,3.0,9,,3.0,,,1.0,2.0,3.0,2.0,68,16.0,10.0,0.3333333333333333,0.375,1.0,0.25,0.25,0.6666666666666666,0.25,0.5192307692307693,0.5714285714285714,0.5714285714285714,0.4791666666666667,0.5,0.7,0.5063291139240507,0.5,0.7272727272727273,0.2777777777777778,0.11538461538461539,0.16666666666666666,0.16666666666666666,0.6153846153846154,1.0,0.6,0.2916666666666667,0.8125,0.3076923076923077,0.6944444444444444,0.2972972972972973,0.3076923076923077,,0.4,0.6666666666666666,0.6666666666666666,0.4,0.875,0.75,93.0,0.6666666666666666,14.48205128205128,16.4987012987013,13.674358974358974,15.641558441558443,0.3055555555555556,0.7272727272727273,0.7619047619047619,0.375,0.3333333333333333,0.4166666666666667,0.5,0.2,0.08333333333333333,0.16666666666666666,0.2,1.0,0.05555555555555555,0.2222222222222222,0.25,0.25,1.0,0.36363636363636365,0.75,0.36363636363636365,0.25,0.3,0.6666666666666666,0.5833333333333334,0.25,0.48183873239436614,0.45746875,0.5385833333333333,0.11538461538461539,0.15517241379310345,,0.15,0.2,6.230769230769231,25.72,0.1282051282051282,2026-05-20,1022600034,SEA,1611661323,CON,CON,22.0,3.0,4.0,1.0,,,,1.0,,,2.0,,2.0,,1.0,1.0,1.0,,0.045454545454545456,,0.25,0.25,1.0,0.4,0.75,,,,,2.0,2.0,2.0,2.0,,0.6666666666666666,0.5,,0.0625,,,,,,,,1.0,,,,
40:00,73,76,21.0,7,149,7.0,11.0,1.0,2.0,9.0,23,3.0,11.0,5.0,3,12,1.0,1.0,,3.0,19,45,4,17,9,59,2.0,7.0,1.0,1.0,1.0,8.0,4.0,9.0,,5.0,1.0,9.0,22,16,12.0,,2.0,12,3,7.0,11,4.0,15,3.0,5.0,3.0,3.0,34,3.0,7.0,12,10,3.0,25,10,35,9,7.0,2.0,7,1.0,3.0,8.0,4.0,15,9.0,10,18,2.0,18,1.0,14,2.0,8,,3.0,,,1.0,2.0,3.0,1.0,51,9.0,21.0,0.5789473684210527,0.6111111111111112,1.0,0.23529411764705882,1.0,,0.23529411764705882,0.4222222222222222,0.2857142857142857,0.4444444444444444,0.4032258064516129,0.4375,0.2857142857142857,0.4338235294117647,0.4444444444444444,0.28125,0.27419354838709675,0.15555555555555556,0.21739130434782608,0.09090909090909091,0.4666666666666667,1.0,0.5882352941176471,0.2692307692307692,0.9230769230769231,0.23076923076923078,0.7333333333333333,0.2564102564102564,0.2857142857142857,0.125,0.3333333333333333,0.6,0.6,0.5,1.0,0.8333333333333334,89.4,0.3333333333333333,16.2013698630137,16.017105263157895,15.516438356164384,15.343421052631578,0.1774193548387097,0.6363636363636364,0.7,0.7142857142857143,0.3709677419354839,0.391304347826087,0.5,0.3333333333333333,0.1774193548387097,0.2727272727272727,0.3,1.0,0.08064516129032258,0.1935483870967742,0.25,0.25,1.0,0.25,0.5,0.125,1.0,0.21428571428571427,,0.45161290322580644,0.25,0.4938556451612903,0.47195000000000004,0.5834678571428571,0.11764705882352941,0.1568627450980392,,0.13559322033898305,0.15254237288135594,8.148888888888889,24.141176470588235,0.2876712328767123,2026-05-22,1022600040,SEA,1611661323,CON,CON,21.0,3.0,6.0,1.0,,2.0,,1.0,1.0,,1.0,,,,,,,,0.09090909090909091,,0.2,0.2,1.0,0.42857142857142855,0.5,0.14285714285714285,,,,,2.0,,,,,0.5,,0.0625,,,,,,,,1.0,,,,
40:00,79,80,36.0,9,159,8.0,19.0,2.0,3.0,3.0,12,5.0,8.0,2.0,5,16,1.0,1.0,2.0,7.0,16,39,6,18,20,70,2.0,3.0,1.0,1.0,5.0,12.0,10.0,23.0,2.0,7.0,10.0,36.0,16,16,15.0,3.0,4.0,16,5,2.0,8,5.0,13,4.0,4.0,,4.0,31,2.0,7.0,12,10,5.0,27,9,36,10,7.0,3.0,7,4.0,5.0,11.0,2.0,18,6.0,5,26,1.0,25,1.0,28,2.0,13,,3.0,1.0,,3.0,,4.0,2.0,58,36.0,36.0,0.5,0.5714285714285714,0.8333333333333334,0.3333333333333333,1.0,0.2857142857142857,0.3333333333333333,0.41025641025641024,0.6666666666666666,0.43478260869565216,0.43859649122807015,0.875,0.43333333333333335,0.5,0.8571428571428571,0.5,0.3157894736842105,0.05128205128205128,0.16666666666666666,,0.3888888888888889,1.0,0.5263157894736842,0.30434782608695654,0.6,0.16666666666666666,0.5641025641025641,0.2571428571428571,0.3333333333333333,0.3333333333333333,0.09090909090909091,0.6666666666666666,0.42857142857142855,0.3333333333333333,0.5333333333333333,0.8,95.4,0.5,15.384810126582279,14.8075,15.034177215189874,13.867499999999998,0.3333333333333333,0.42105263157894735,0.42105263157894735,0.5,0.21052631578947367,0.25,0.3,,0.14035087719298245,0.625,0.625,0.8,0.03508771929824561,0.2807017543859649,0.3125,0.3125,0.8,0.75,0.6666666666666666,0.25,1.0,0.23333333333333334,0.2857142857142857,0.6491228070175439,0.3125,0.504611403508772,0.5553375,0.4805433333333333,0.19117647058823528,0.26,,0.17142857142857143,0.5142857142857142,7.174358974358975,24.583333333333332,0.45569620253164556,2026-05-25,1022600048,GSV,1611661323,CON,CON,34.0,6.0,10.0,1.0,,,,1.0,1.0,2.0,2.0,2.0,4.0,,1.0,2.0,2.0,,,,0.5,0.5,1.0,0.3333333333333333,0.6,,,,,,2.0,,6.0,,,0.2727272727272727,1.0,0.06060606060606061,,,,,,,1.0,1.0,,,,
39:59,74,74,20.0,14,148,16.0,26.0,4.0,6.0,4.0,8,3.0,7.0,4.0,1,17,,7.0,,4.0,23,41,1,21,12,61,6.0,10.0,,7.0,3.0,15.0,7.0,12.0,,6.0,7.0,21.0,32,14,3.0,,6.0,17,1,1.0,16,1.0,17,1.0,11.0,2.0,3.0,35,8.0,8.0,10,9,3.0,22,18,40,9,7.0,2.0,10,,7.0,12.0,3.0,22,4.0,7,22,,21,2.0,22,1.0,7,1.0,2.0,1.0,,,2.0,3.0,2.0,46,21.0,20.0,0.6956521739130435,0.8,1.0,0.047619047619047616,,,0.047619047619047616,0.5609756097560976,0.6,0.5833333333333334,0.3951612903225806,0.35294117647058826,0.3888888888888889,0.4236111111111111,0.4166666666666667,0.4772727272727273,0.3387096774193548,0.024390243902439025,,,0.45454545454545453,0.75,0.6923076923076923,0.47058823529411764,0.7142857142857143,0.42105263157894735,0.7037037037037037,0.4444444444444444,0.5,0.25,0.26666666666666666,0.6,0.8333333333333334,0.5,0.7,0.75,88.80000000000007,0.6666666666666666,16.09729729729727,16.335135135135136,14.705405405405378,15.5,0.41935483870967744,0.6153846153846154,0.64,0.6875,0.12903225806451613,0.5,0.5,0.5,0.11290322580645161,0.42857142857142855,0.42857142857142855,1.0,0.06451612903225806,0.27419354838709675,0.058823529411764705,0.0625,1.0,0.35294117647058826,0.6666666666666666,0.4117647058823529,,0.2222222222222222,,0.7580645161290323,0.058823529411764705,0.5056306451612903,0.5330666666666667,0.5072944444444444,0.11594202898550725,0.14893617021276595,0.045454545454545456,0.2459016393442623,0.3442622950819672,6.070731707317074,24.876190476190477,0.2702702702702703,2026-05-27,1022600052,PDX,1611661323,CON,CON,20.0,6.0,9.0,,,2.0,2.0,,,,1.0,1.0,4.0,,3.0,3.0,1.0,0.09523809523809523,0.038461538461538464,0.058823529411764705,,,,0.5,0.6666666666666666,0.1111111111111111,,,,2.0,2.0,2.0,5.0,0.25,0.4,0.5555555555555556,1.0,0.058823529411764705,0.25,,,,,,1.0,,,,,
40:00,82,83,25.0,11,165,16.0,25.0,2.0,6.0,1.0,10,5.0,10.0,1.0,5,21,1.0,4.0,1.0,3.0,22,45,6,22,22,84,4.0,10.0,1.0,4.0,3.0,14.0,5.0,8.0,1.0,3.0,10.0,23.0,26,18,15.0,3.0,,21,5,7.0,13,5.0,18,4.0,9.0,1.0,3.0,41,5.0,11.0,10,14,2.0,26,17,43,11,9.0,2.0,9,,6.0,7.0,3.0,16,6.0,5,29,4.0,24,2.0,31,1.0,12,,7.0,2.0,2.0,5.0,2.0,9.0,3.0,70,20.0,23.0,0.5909090909090909,0.5909090909090909,0.8333333333333334,0.2727272727272727,0.25,0.3333333333333333,0.2727272727272727,0.4888888888888889,0.4,0.625,0.4626865671641791,0.39285714285714285,0.5909090909090909,0.5121951219512195,0.4666666666666667,0.6052631578947368,0.3283582089552239,0.15555555555555556,0.2,,0.5625,1.0,0.6363636363636364,0.4782608695652174,0.5882352941176471,0.3125,0.6153846153846154,0.41025641025641024,0.5555555555555556,0.2,0.3125,0.6428571428571429,0.5,1.0,0.5625,1.0,99.0,0.3333333333333333,14.653658536585365,14.438554216867471,13.25,13.34698795180723,0.373134328358209,0.64,0.8,0.5625,0.14925373134328357,0.1,0.125,1.0,0.14925373134328357,0.5,0.5,0.6,0.014925373134328358,0.31343283582089554,0.23809523809523808,0.23809523809523808,0.8,0.42857142857142855,0.3333333333333333,0.2857142857142857,0.25,0.2727272727272727,0.3333333333333333,0.7014925373134329,0.23809523809523808,0.5297265151515151,0.506125,0.5486136363636364,0.15384615384615385,0.21428571428571427,,0.16666666666666666,0.27380952380952384,6.815555555555555,25.55,0.3048780487804878,2026-05-30,1022600061,LAS,1611661323,CON,CON,49.0,5.0,6.0,1.0,,,,1.0,1.0,2.0,1.0,,5.0,,,4.0,1.0,,0.2,,1.0,1.0,1.0,0.5454545454545454,0.8333333333333334,,,,,1.0,1.0,,8.0,,0.5,0.5555555555555556,,0.03125,,,,,,,,1.0,,,,
40:00,76,77,19.0,6,153,15.0,17.0,1.0,1.0,5.0,15,2.0,6.0,3.0,3,14,,1.0,,3.0,22,38,4,17,19,75,1.0,2.0,,1.0,1.0,3.0,4.0,6.0,,3.0,8.0,16.0,28,16,9.0,3.0,,14,3,1.0,14,3.0,17,2.0,9.0,3.0,2.0,37,3.0,4.0,17,7,3.0,27,7,34,8,4.0,4.0,10,,7.0,4.0,3.0,14,5.0,7,18,1.0,20,,29,2.0,11,,5.0,,,3.0,2.0,5.0,2.0,72,16.0,19.0,0.6363636363636364,0.6363636363636364,0.75,0.23529411764705882,,,0.23529411764705882,0.5789473684210527,0.5,0.6666666666666666,0.509090909090909,0.3333333333333333,0.4444444444444444,0.5441176470588235,0.375,0.5,0.3090909090909091,0.02631578947368421,,,0.7142857142857143,0.75,0.5384615384615384,0.25,0.7727272727272727,0.23076923076923078,0.6857142857142857,0.2413793103448276,0.2,0.25,0.18181818181818182,0.2857142857142857,0.75,1.0,0.7777777777777778,0.75,91.8,0.4,14.647368421052633,16.71168831168831,13.935526315789476,15.568831168831169,0.3090909090909091,0.8823529411764706,0.9375,0.6,0.2727272727272727,0.3333333333333333,0.3333333333333333,0.6,0.10909090909090909,0.3333333333333333,0.3333333333333333,1.0,0.05454545454545454,0.2545454545454545,0.21428571428571427,0.21428571428571427,0.6666666666666666,0.3333333333333333,1.0,0.3333333333333333,,0.3333333333333333,,0.6181818181818182,0.21428571428571427,0.5008953703703704,0.40809999999999996,0.50073125,0.171875,0.23404255319148937,,0.04,0.21333333333333335,7.555263157894737,25.66470588235294,0.25,2026-06-02,1022600066,ATL,1611661323,CON,CON,20.0,3.0,3.0,1.0,,,,1.0,,1.0,2.0,1.0,1.0,,2.0,4.0,4.0,,0.058823529411764705,,0.3333333333333333,0.3333333333333333,1.0,0.3333333333333333,1.0,,,,,,1.0,1.0,1.0,,,0.5,0.5,0.03571428571428571,1.0,,,,1.0,1.0,,,,,,
40:00,77,76,27.0,15,153,17.0,29.0,7.0,9.0,7.0,17,2.0,7.0,2.0,3,16,,,,6.0,26,53,4,18,16,80,9.0,14.0,,,1.0,19.0,7.0,14.0,1.0,7.0,9.0,26.0,30,22,12.0,,8.0,16,3,7.0,15,4.0,19,3.0,10.0,4.0,1.0,42,5.0,12.0,7,19,2.0,28,17,45,6,5.0,1.0,9,1.0,9.0,6.0,,15,5.0,10,21,1.0,22,2.0,21,4.0,7,1.0,7.0,,,6.0,1.0,7.0,4.0,61,26.0,27.0,0.5769230769230769,0.6818181818181818,1.0,0.2222222222222222,,0.14285714285714285,0.2222222222222222,0.49056603773584906,0.6428571428571429,0.5,0.4507042253521127,0.6428571428571429,0.40476190476190477,0.5,0.6333333333333333,0.48148148148148145,0.2535211267605634,0.1320754716981132,0.11764705882352941,,0.6,0.6666666666666666,0.7307692307692307,0.4444444444444444,0.7777777777777778,0.38461538461538464,0.7428571428571429,0.425,0.3,0.6,0.4166666666666667,0.7333333333333333,0.75,0.6666666666666666,0.7142857142857143,1.0,91.8,0.5714285714285714,15.2987012987013,16.07894736842105,14.545454545454545,15.403947368421052,0.4084507042253521,0.5862068965517241,0.7083333333333334,0.5882352941176471,0.23943661971830985,0.4117647058823529,0.4666666666666667,0.5714285714285714,0.09859154929577464,0.2857142857142857,0.2857142857142857,0.5,0.028169014084507043,0.22535211267605634,0.1875,0.1875,1.0,0.6428571428571429,0.7777777777777778,,,0.2857142857142857,,0.6619718309859155,0.1875,0.5291901408450704,0.61403,0.5224809523809524,0.10666666666666667,0.125,0.05263157894736842,0.2375,0.325,5.9245283018867925,25.116666666666667,0.35064935064935066,2026-06-05,1022600074,CHI,1611661323,CON,CON,25.0,4.0,8.0,1.0,1.0,1.0,,1.0,1.0,1.0,2.0,,1.0,,2.0,3.0,3.0,,0.1724137931034483,,0.5,0.5,1.0,0.38095238095238093,0.5,0.047619047619047616,1.0,,,,1.0,1.0,2.0,,,0.5,,0.030303030303030304,0.42857142857142855,,,,2.0,,,,,,,
40:00,80,82,28.0,7,162,15.0,25.0,2.0,4.0,10.0,24,4.0,8.0,1.0,3,12,1.0,1.0,1.0,6.0,29,57,3,13,13,80,2.0,4.0,1.0,1.0,,7.0,10.0,17.0,1.0,7.0,7.0,30.0,36,22,9.0,,2.0,12,3,4.0,18,3.0,21,3.0,10.0,6.0,2.0,45,2.0,5.0,11,10,2.0,23,8,31,8,4.0,4.0,4,,2.0,6.0,2.0,10,4.0,8,28,2.0,23,5.0,23,4.0,7,1.0,3.0,,,,3.0,3.0,,73,30.0,28.0,0.6206896551724138,0.6428571428571429,1.0,0.23076923076923078,1.0,0.14285714285714285,0.23076923076923078,0.5087719298245614,0.5,0.5882352941176471,0.4785714285714286,0.7,0.4791666666666667,0.5064102564102564,0.5833333333333334,0.5178571428571429,0.18571428571428572,0.07017543859649122,0.041666666666666664,,0.4,1.0,0.625,0.17857142857142858,0.6875,0.2,0.65625,0.18421052631578946,0.07142857142857142,,0.1111111111111111,0.4,0.7,1.0,0.6428571428571429,1.0,97.2,,14.492500000000001,15.129268292682926,14.342500000000001,14.692682926829267,0.35714285714285715,0.6,0.6818181818181818,0.6666666666666666,0.34285714285714286,0.4166666666666667,0.43478260869565216,0.6,0.11428571428571428,0.5,0.5,0.5,0.014285714285714285,0.17142857142857143,0.25,0.25,1.0,0.8,0.5,0.2,1.0,0.25,0.16666666666666666,0.5428571428571428,0.25,0.47952214285714284,0.5577,0.4986770833333333,0.10810810810810811,0.11666666666666667,0.07142857142857142,0.0875,0.375,7.042105263157894,26.023076923076925,0.35,2026-06-08,1022600083,NYL,1611661323,CON,CON,34.0,8.0,11.0,,,1.0,,,1.0,,2.0,,3.0,,,4.0,3.0,,0.12,,,,,0.4583333333333333,0.7272727272727273,0.041666666666666664,,,,1.0,3.0,1.0,6.0,,0.2,0.4,1.0,0.08823529411764706,0.5,,,,1.0,,,1.0,,,,
45:00,88,87,39.0,15,175,12.0,18.0,4.0,7.0,8.0,19,5.0,12.0,7.0,6,18,1.0,4.0,4.0,10.0,25,49,9,25,25,102,6.0,12.0,1.0,5.0,4.0,19.0,5.0,14.0,5.0,11.0,18.0,43.0,28,22,21.0,6.0,6.0,18,6,2.0,14,7.0,21,4.0,6.0,7.0,1.0,49,8.0,11.0,10,15,2.0,27,22,49,3,2.0,1.0,12,2.0,11.0,7.0,1.0,19,10.0,17,29,3.0,32,3.0,37,1.0,13,,6.0,,,3.0,3.0,6.0,4.0,83,43.0,39.0,0.56,0.6363636363636364,0.7777777777777778,0.36,0.2,0.45454545454545453,0.36,0.5102040816326531,0.5,0.35714285714285715,0.5202702702702703,0.4411764705882353,0.5,0.5543478260869565,0.5,0.5972222222222222,0.33783783783783783,0.04081632653061224,0.10526315789473684,,0.631578947368421,0.6666666666666666,0.6818181818181818,0.4583333333333333,0.6666666666666666,0.5333333333333333,0.6756756756756757,0.48717948717948717,0.45454545454545453,0.5714285714285714,0.5454545454545454,0.8571428571428571,0.6363636363636364,0.5,0.6153846153846154,1.0,93.33333333333319,0.6666666666666666,16.560227272727296,14.283908045977036,15.420454545454568,13.716091954023012,0.24324324324324326,0.6666666666666666,0.6666666666666666,0.5,0.25675675675675674,0.42105263157894735,0.47058823529411764,0.875,0.16216216216216217,0.4166666666666667,0.4166666666666667,0.2,0.0945945945945946,0.24324324324324326,0.3333333333333333,0.3333333333333333,0.6666666666666666,0.4117647058823529,0.5714285714285714,0.23529411764705882,0.25,0.4,0.4,0.581081081081081,0.3333333333333333,0.46148219178082195,0.47798076923076926,0.38621041666666667,0.1511627906976744,0.21311475409836064,,0.18627450980392157,0.4215686274509804,8.402040816326531,24.908,0.4431818181818182,2026-06-10,1022600089,TOR,1611661323,CON,CON,45.0,1.0,3.0,3.0,1.0,1.0,1.0,3.0,,,3.0,,2.0,,1.0,6.0,6.0,0.04,,,0.42857142857142855,0.5,1.0,0.12,0.3333333333333333,0.04,1.0,,1.0,3.0,4.0,1.0,4.0,0.14285714285714285,0.5,0.3333333333333333,0.5,0.1111111111111111,0.25,0.058823529411764705,,,,,,1.0,,,,
40:00,76,76,10.0,10,152,13.0,26.0,,2.0,9.0,20,5.0,12.0,3.0,4,14,,1.0,,1.0,27,58,5,17,6,75,,8.0,,2.0,1.0,1.0,5.0,7.0,,3.0,4.0,14.0,40,14,12.0,3.0,,14,4,5.0,20,4.0,24,3.0,10.0,8.0,2.0,52,4.0,8.0,8,9,2.0,19,12,31,7,4.0,3.0,4,1.0,3.0,5.0,1.0,9,1.0,8,22,2.0,16,3.0,9,1.0,4,,4.0,,,2.0,2.0,4.0,2.0,74,14.0,10.0,0.7407407407407407,0.7407407407407407,0.8,0.29411764705882354,,,0.29411764705882354,0.46551724137931033,,0.7142857142857143,0.46,,0.5,0.46794871794871795,,0.5454545454545454,0.22666666666666666,0.08620689655172414,,,0.4444444444444444,1.0,0.6923076923076923,0.25806451612903225,0.47058823529411764,0.3333333333333333,0.5666666666666667,0.27906976744186046,0.18181818181818182,0.2857142857142857,0.3,0.25,0.875,1.0,0.5833333333333334,0.2,91.2,0.5,15.225,16.353947368421053,14.33815789473684,15.407894736842104,0.3466666666666667,0.5,0.6190476190476191,0.7692307692307693,0.26666666666666666,0.45,0.45,0.8888888888888888,0.16,0.4166666666666667,0.4166666666666667,0.4,0.04,0.18666666666666668,0.2857142857142857,0.2857142857142857,0.75,0.2,,0.1,,0.1,,0.5733333333333334,0.2857142857142857,0.4695593333333333,0.43829999999999997,0.40856000000000003,0.05128205128205128,0.06557377049180328,,0.013333333333333334,0.18666666666666668,7.687931034482758,25.48235294117647,0.13157894736842105,2026-06-13,1022600097,IND,1611661323,CON,CON,16.0,3.0,3.0,1.0,,2.0,,1.0,,1.0,,,2.0,,3.0,,,,0.19230769230769232,,0.3333333333333333,0.3333333333333333,1.0,0.3,1.0,0.2,,,1.0,,1.0,1.0,1.0,,,0.3076923076923077,0.5,0.02631578947368421,,0.1,,,2.0,1.0,,,,,,
40:00,75,76,21.0,8,151,20.0,25.0,3.0,3.0,4.0,10,3.0,13.0,2.0,4,18,3.0,4.0,3.0,8.0,27,48,4,20,15,81,3.0,3.0,3.0,4.0,1.0,16.0,5.0,13.0,3.0,8.0,5.0,24.0,26,28,9.0,3.0,6.0,18,4,1.0,13,3.0,16,3.0,8.0,3.0,2.0,35,1.0,6.0,8,12,1.0,21,8,29,8,5.0,3.0,2,1.0,1.0,3.0,1.0,5,1.0,8,25,1.0,20,,23,2.0,10,,3.0,,,2.0,1.0,3.0,2.0,65,24.0,21.0,0.48148148148148145,0.5416666666666666,0.75,0.2,0.75,0.375,0.2,0.5625,1.0,0.38461538461538464,0.4852941176470588,1.0714285714285714,0.4523809523809524,0.5192307692307693,1.0,0.5,0.29411764705882354,0.020833333333333332,,0.07692307692307693,0.4,1.0,0.7058823529411765,0.2857142857142857,0.7272727272727273,0.0625,0.7142857142857143,0.1891891891891892,,0.2,0.07142857142857142,0.6666666666666666,1.0,0.5,0.8,,90.6,0.6666666666666666,14.302666666666667,17.464473684210525,13.985333333333335,16.643421052631577,0.36764705882352944,0.8,0.8,0.4,0.14705882352941177,0.4,0.4,0.75,0.19117647058823528,0.23076923076923078,0.25,0.6666666666666666,0.029411764705882353,0.2647058823529412,0.2222222222222222,0.2222222222222222,0.75,0.42857142857142855,1.0,0.5714285714285714,0.75,0.38095238095238093,0.375,0.6617647058823529,0.2222222222222222,0.4971691176470588,0.6026999999999999,0.4850904761904762,0.13157894736842105,0.17857142857142858,,0.19753086419753085,0.2962962962962963,7.504166666666666,25.785000000000004,0.28,2026-06-17,1022600107,WAS,1611661323,CON,CON,38.0,4.0,6.0,,,,,,,,,,1.0,1.0,1.0,2.0,2.0,,,,,,,0.2857142857142857,0.6666666666666666,,,,,1.0,2.0,1.0,7.0,,0.25,0.8,,0.05555555555555555,,,,,,,,0.6666666666666666,,,,
40:00,82,83,36.0,11,165,21.0,36.0,4.0,5.0,5.0,11,3.0,7.0,4.0,5,18,1.0,1.0,2.0,9.0,29,54,6,22,21,97,6.0,8.0,1.0,2.0,,15.0,12.0,22.0,3.0,13.0,10.0,43.0,30,28,18.0,,8.0,18,5,4.0,15,6.0,21,5.0,13.0,1.0,1.0,48,6.0,7.0,9,16,,25,13,38,9,7.0,2.0,5,2.0,3.0,3.0,2.0,8,2.0,3,13,1.0,23,1.0,26,4.0,11,,3.0,1.0,1.0,3.0,,4.0,2.0,82,43.0,36.0,0.5172413793103449,0.6,1.0,0.2727272727272727,0.5,0.23076923076923078,0.2727272727272727,0.5370370370370371,0.75,0.5454545454545454,0.5,0.75,0.4714285714285714,0.5574712643678161,0.75,0.524390243902439,0.2894736842105263,0.07407407407407407,0.2727272727272727,,0.625,,0.6666666666666666,0.28,0.6428571428571429,0.375,0.6578947368421053,0.3170731707317073,0.5,0.25,0.3076923076923077,0.7692307692307693,0.42857142857142855,0.75,0.6428571428571429,,99.0,0.5,14.139024390243904,14.946987951807229,13.417073170731708,14.296385542168673,0.47368421052631576,0.5833333333333334,0.6,0.6190476190476191,0.14473684210526316,0.45454545454545453,0.625,0.2,0.09210526315789473,0.42857142857142855,0.42857142857142855,0.3333333333333333,0.05263157894736842,0.23684210526315788,0.2777777777777778,0.2777777777777778,1.0,0.5,0.8,0.1,1.0,0.2571428571428571,0.2222222222222222,0.7631578947368421,0.2777777777777778,0.5476653333333333,0.5515100000000001,0.5410014705882353,0.13253012048192772,0.18032786885245902,,0.15463917525773196,0.44329896907216493,5.061111111111111,25.254545454545454,0.43902439024390244,2026-06-19,1022600114,TOR,1611661323,CON,CON,18.0,11.0,16.0,1.0,1.0,4.0,,1.0,,,2.0,,1.0,,2.0,4.0,4.0,,0.027777777777777776,,0.25,0.25,1.0,0.45714285714285713,0.6875,0.11428571428571428,0.25,,1.0,,3.0,,,,,0.2,0.6666666666666666,0.08108108108108109,0.25,0.1,,,,,,1.0,,,,
40:00,83,85,24.0,9,168,20.0,32.0,3.0,6.0,8.0,17,2.0,5.0,3.0,3,10,,,1.0,3.0,30,54,4,13,20,92,5.0,8.0,,,,10.0,12.0,18.0,1.0,4.0,7.0,34.0,36,24,9.0,3.0,8.0,10,3,2.0,18,3.0,21,2.0,12.0,5.0,1.0,45,3.0,9.0,18,20,4.0,42,12,54,10,8.0,2.0,6,2.0,5.0,11.0,1.0,17,4.0,11,29,5.0,21,,26,3.0,11,,8.0,1.0,1.0,4.0,3.0,9.0,4.0,82,34.0,24.0,0.6,0.6923076923076923,0.75,0.3076923076923077,,0.25,0.3076923076923077,0.5555555555555556,0.625,0.6666666666666666,0.5373134328358209,0.625,0.6136363636363636,0.5822784810126582,0.625,0.6538461538461539,0.19402985074626866,0.037037037037037035,0.058823529411764705,,0.35294117647058826,1.0,0.6666666666666666,0.375,0.72,0.375,0.6909090909090909,0.375,0.1111111111111111,0.3333333333333333,0.2857142857142857,0.5,0.8461538461538461,0.6666666666666666,0.7222222222222222,0.7142857142857143,100.8,0.4444444444444444,12.73132530120482,15.803529411764705,12.538554216867471,14.803529411764705,0.47761194029850745,0.625,0.6451612903225806,0.6,0.2537313432835821,0.47058823529411764,0.5,0.625,0.07462686567164178,0.4,0.4,0.5,0.04477611940298507,0.14925373134328357,0.3,0.3,0.6666666666666666,0.75,0.5,,,0.13636363636363635,0.3333333333333333,0.6716417910447762,0.3,0.525810447761194,0.6766714285714286,0.5118477272727273,0.14666666666666667,0.1774193548387097,,0.10869565217391304,0.3695652173913043,5.101851851851852,25.0,0.2891566265060241,2026-06-22,1022600123,CHI,1611661323,CON,CON,37.0,8.0,11.0,1.0,,1.0,,1.0,,,3.0,,3.0,,2.0,4.0,4.0,,0.03125,,0.3333333333333333,0.3333333333333333,1.0,0.5,0.7272727272727273,0.045454545454545456,,,,,2.0,3.0,6.0,,,0.5833333333333334,1.0,0.06666666666666667,,,,,,,,,,1.0,,
40:00,76,77,17.0,7,153,11.0,23.0,2.0,4.0,10.0,22,2.0,11.0,,5,12,1.0,1.0,,2.0,23,56,5,12,7,68,2.0,5.0,1.0,1.0,,7.0,2.0,10.0,,2.0,,4.0,26,20,15.0,,4.0,12,5,4.0,13,5.0,18,5.0,5.0,7.0,1.0,41,2.0,5.0,8,14,4.0,26,7,33,12,9.0,3.0,3,2.0,2.0,7.0,1.0,10,5.0,10,20,1.0,15,3.0,10,1.0,4,1.0,5.0,1.0,1.0,3.0,2.0,6.0,3.0,61,4.0,17.0,0.5652173913043478,0.6190476190476191,1.0,0.4166666666666667,1.0,,0.4166666666666667,0.4107142857142857,0.4,0.2,0.4485294117647059,0.5833333333333334,0.16666666666666666,0.4722222222222222,0.5833333333333334,0.16666666666666666,0.17647058823529413,0.07142857142857142,0.18181818181818182,,0.3,1.0,0.6086956521739131,0.15151515151515152,0.6153846153846154,0.2857142857142857,0.6111111111111112,0.175,0.08333333333333333,0.1111111111111111,0.2857142857142857,0.5833333333333334,0.6666666666666666,0.5,0.5714285714285714,0.6666666666666666,91.8,0.5,14.706578947368422,16.65324675324675,14.389473684210529,16.163636363636364,0.3382352941176471,0.4782608695652174,0.4782608695652174,0.45454545454545453,0.3235294117647059,0.45454545454545453,0.5555555555555556,0.7,0.16176470588235295,0.18181818181818182,0.18181818181818182,0.5,,0.17647058823529413,0.4166666666666667,0.4166666666666667,1.0,0.6666666666666666,0.5,0.16666666666666666,1.0,0.16666666666666666,,0.5147058823529411,0.4166666666666667,0.4911088235294118,0.6171666666666666,0.4354291666666667,0.06944444444444445,0.06779661016949153,0.07692307692307693,0.10294117647058823,0.058823529411764705,6.716071428571429,25.233333333333334,0.2236842105263158,2026-06-26,1022600135,WAS,1611661323,CON,CON,20.0,1.0,2.0,,,,,,,3.0,,,1.0,,3.0,,,,,,,,,0.16666666666666666,0.5,,,,,,2.0,,2.0,,,0.25,,0.05555555555555555,,,,,,,,1.0,,,,
40:00,78,81,36.0,8,159,12.0,23.0,1.0,4.0,9.0,22,5.0,10.0,1.0,2,8,,,2.0,4.0,26,55,3,9,22,83,2.0,8.0,,,2.0,6.0,10.0,27.0,2.0,4.0,10.0,36.0,28,24,6.0,3.0,4.0,8,2,3.0,14,2.0,16,1.0,8.0,6.0,,34,1.0,10.0,11,13,2.0,26,12,38,7,5.0,2.0,4,2.0,3.0,10.0,1.0,14,7.0,8,23,3.0,25,1.0,35,5.0,15,1.0,3.0,1.0,,,2.0,4.0,1.0,77,36.0,36.0,0.5384615384615384,0.5833333333333334,0.6666666666666666,0.3333333333333333,,0.5,0.3333333333333333,0.4727272727272727,0.25,0.37037037037037035,0.4765625,0.25,0.41935483870967744,0.5256410256410257,0.3333333333333333,0.47368421052631576,0.140625,0.05454545454545454,0.045454545454545456,,0.2857142857142857,1.0,0.7222222222222222,0.3448275862068966,0.6875,0.16666666666666666,0.7058823529411765,0.3142857142857143,0.3076923076923077,0.4,0.16666666666666666,0.6666666666666666,0.7692307692307693,0.5,0.75,0.5,95.39999999999993,0.25,14.782051282051283,15.395061728395087,14.416666666666666,14.804938271604964,0.359375,0.5217391304347826,0.5714285714285714,0.6666666666666666,0.34375,0.4090909090909091,0.42857142857142855,0.6666666666666666,0.15625,0.5,0.5,,0.015625,0.125,0.25,0.25,0.5,0.5,0.25,,,0.12903225806451613,0.5,0.5,0.25,0.48301328125,0.5664875,0.49175645161290327,0.20270270270270271,0.23076923076923078,,0.07228915662650602,0.43373493975903615,6.716363636363636,24.788888888888888,0.46153846153846156,2026-07-02,1022600146,DAL,1611661323,CON,CON,12.0,6.0,13.0,1.0,,,,1.0,,,3.0,3.0,3.0,,2.0,3.0,3.0,,0.08695652173913043,,1.0,1.0,1.0,0.41935483870967744,0.46153846153846156,,,,,1.0,2.0,1.0,,,0.14285714285714285,0.36363636363636365,,0.0625,,,,,1.0,,1.0,,,1.0,,
40:00,79,78,25.0,10,157,16.0,26.0,4.0,4.0,8.0,19,2.0,6.0,7.0,5,8,1.0,1.0,2.0,3.0,26,51,7,15,17,90,5.0,7.0,2.0,5.0,1.0,17.0,8.0,12.0,2.0,4.0,9.0,31.0,32,20,15.0,6.0,4.0,8,5,5.0,16,5.0,21,3.0,10.0,5.0,1.0,47,4.0,8.0,12,14,,26,12,38,11,8.0,3.0,5,5.0,1.0,7.0,4.0,12,2.0,8,20,1.0,23,1.0,29,3.0,10,,5.0,1.0,,4.0,1.0,6.0,3.0,73,30.0,24.0,0.6153846153846154,0.6666666666666666,0.7142857142857143,0.4666666666666667,0.4,0.5,0.4666666666666667,0.5098039215686274,0.7142857142857143,0.6666666666666666,0.553030303030303,0.6666666666666666,0.6875,0.569620253164557,0.7083333333333334,0.6458333333333334,0.22727272727272727,0.09803921568627451,0.10526315789473684,,0.4166666666666667,,0.7368421052631579,0.32,0.6,0.5,0.6666666666666666,0.36363636363636365,0.36363636363636365,,0.3333333333333333,0.5714285714285714,0.7142857142857143,1.0,0.5454545454545454,0.6666666666666666,94.2,0.5,14.896202531645569,15.682051282051283,14.086075949367087,14.76794871794872,0.3939393939393939,0.6153846153846154,0.6956521739130435,0.625,0.2878787878787879,0.42105263157894735,0.47058823529411764,0.625,0.09090909090909091,0.3333333333333333,0.3333333333333333,0.5,0.10606060606060606,0.12121212121212122,0.625,0.7142857142857143,0.6,0.3333333333333333,1.0,0.08333333333333333,1.0,0.1875,0.6666666666666666,0.6212121212121212,0.625,0.48257272727272726,0.4844222222222222,0.474725,0.136986301369863,0.1724137931034483,,0.18888888888888888,0.34444444444444444,6.8313725490196076,23.413333333333334,0.31645569620253167,2026-07-06,1022600155,MIN,1611661323,CON,CON,24.0,4.0,6.0,2.0,,1.0,2.0,2.0,,,,,,,,6.0,5.0,0.13333333333333333,0.11538461538461539,0.125,0.2857142857142857,0.3333333333333333,1.0,0.375,0.6666666666666666,0.0625,,1.0,4.0,,1.0,1.0,3.0,0.14285714285714285,,0.4,0.6,0.038461538461538464,,0.3333333333333333,0.25,1.0,,,1.0,,,,,
40:00,77,80,18.0,14,157,13.0,24.0,2.0,4.0,5.0,14,2.0,4.0,4.0,5,19,1.0,4.0,1.0,4.0,20,42,6,23,22,80,3.0,6.0,1.0,4.0,6.0,15.0,4.0,10.0,1.0,5.0,9.0,20.0,28,12,18.0,,,19,5,7.0,14,6.0,20,5.0,8.0,4.0,2.0,46,8.0,9.0,9,12,5.0,26,17,43,9,5.0,4.0,8,5.0,5.0,10.0,3.0,18,4.0,12,20,,20,,27,5.0,12,,7.0,,,1.0,5.0,7.0,4.0,65,20.0,18.0,0.7,0.7,1.0,0.2608695652173913,0.25,0.2,0.2608695652173913,0.47619047619047616,0.5,0.4,0.4461538461538462,0.45,0.36666666666666664,0.5263157894736842,0.5769230769230769,0.5,0.35384615384615387,0.16666666666666666,0.21428571428571427,,0.4444444444444444,1.0,0.6,0.4090909090909091,0.75,0.47058823529411764,0.65625,0.4358974358974359,0.2222222222222222,0.5,0.42857142857142855,0.6666666666666666,0.5,0.8,0.8,0.5,94.19999999999993,0.5714285714285714,15.166233766233793,15.4025,13.977922077922104,14.4725,0.36923076923076925,0.5416666666666666,0.65,0.6153846153846154,0.2153846153846154,0.35714285714285715,0.45454545454545453,0.8,0.06153846153846154,0.5,0.5,1.0,0.06153846153846154,0.2923076923076923,0.2631578947368421,0.2631578947368421,1.0,0.4,0.5,0.4,0.25,0.26666666666666666,0.25,0.7230769230769231,0.2631578947368421,0.4993830769230769,0.505475,0.47599,0.16666666666666666,0.24489795918367346,,0.1875,0.25,5.364285714285715,25.043478260869566,0.23376623376623376,2026-07-08,1022600160,MIN,1611661323,CON,CON,20.0,3.0,6.0,1.0,,1.0,,1.0,1.0,1.0,3.0,2.0,,1.0,,4.0,4.0,,0.16666666666666666,,0.25,0.25,1.0,0.4,0.5,0.06666666666666667,,,,,1.0,,1.0,,,0.5454545454545454,0.6666666666666666,0.03125,,,,,,,,1.0,,1.0,,
40:00,72,74,20.0,10,146,15.0,21.0,1.0,3.0,4.0,13,1.0,8.0,2.0,3,14,,3.0,,3.0,20,42,4,16,12,64,2.0,4.0,,4.0,1.0,5.0,7.0,11.0,,4.0,6.0,20.0,30,10,12.0,,,14,3,6.0,15,4.0,19,3.0,11.0,3.0,1.0,42,5.0,7.0,6,11,2.0,19,12,31,10,6.0,4.0,11,,8.0,11.0,3.0,22,6.0,6,20,3.0,20,2.0,17,4.0,8,,3.0,,,2.0,1.0,3.0,2.0,59,20.0,20.0,0.75,0.75,1.0,0.25,,,0.25,0.47619047619047616,0.5,0.6363636363636364,0.4482758620689655,0.25,0.4666666666666667,0.5,0.25,0.5882352941176471,0.27586206896551724,0.14285714285714285,0.07692307692307693,0.125,0.5,1.0,0.6111111111111112,0.35,0.6,0.4166666666666667,0.6071428571428571,0.375,0.2857142857142857,0.42857142857142855,0.36363636363636365,0.6,0.5714285714285714,0.6666666666666666,0.5555555555555556,1.0,87.6,0.6666666666666666,14.881944444444445,17.9527027027027,13.730555555555556,16.767567567567568,0.3620689655172414,0.7142857142857143,0.8823529411764706,0.7333333333333333,0.22413793103448276,0.3076923076923077,0.3333333333333333,0.75,0.13793103448275862,0.125,0.14285714285714285,1.0,0.034482758620689655,0.2413793103448276,0.21428571428571427,0.21428571428571427,1.0,0.375,0.3333333333333333,0.375,,0.2,,0.6379310344827587,0.21428571428571427,0.5005706896551725,0.5434583333333333,0.5015633333333334,0.12903225806451613,0.17391304347826086,,0.078125,0.3125,7.147619047619047,25.24375,0.2777777777777778,2026-07-10,1022600165,GSV,1611661323,CON,CON,17.0,6.0,8.0,1.0,,1.0,,1.0,,1.0,2.0,2.0,1.0,1.0,2.0,2.0,1.0,,0.19047619047619047,,0.5,0.5,1.0,0.5333333333333333,0.75,0.06666666666666667,,,1.0,,1.0,2.0,1.0,,,0.3333333333333333,1.0,0.038461538461538464,1.0,0.125,,,,,,,,,,
40:00,79,79,10.0,9,158,20.0,33.0,2.0,4.0,6.0,9,6.0,11.0,2.0,2,12,,1.0,,1.0,32,53,3,14,17,90,4.0,7.0,,1.0,2.0,10.0,3.0,5.0,,1.0,3.0,9.0,50,14,9.0,,4.0,12,2,3.0,25,3.0,28,2.0,15.0,5.0,5.0,59,5.0,7.0,15,10,,25,12,37,11,6.0,5.0,10,,6.0,6.0,4.0,16,2.0,9,21,3.0,14,,20,2.0,8,,4.0,,,3.0,1.0,4.0,2.0,80,9.0,10.0,0.78125,0.8333333333333334,1.0,0.21428571428571427,,,0.21428571428571427,0.6037735849056604,0.5714285714285714,0.6,0.5447761194029851,0.5,0.5,0.5933333333333334,0.5555555555555556,0.5625,0.208955223880597,0.05660377358490566,,,0.625,,0.7142857142857143,0.3333333333333333,0.9375,0.5,0.8333333333333334,0.3870967741935484,0.3333333333333333,0.4,0.4444444444444444,0.625,0.8333333333333334,,0.9333333333333333,1.0,94.8,0.5,15.667088607594938,14.7126582278481,15.172151898734178,14.320253164556961,0.4925373134328358,0.6060606060606061,0.6666666666666666,0.75,0.13432835820895522,0.6666666666666666,0.6666666666666666,0.8333333333333334,0.16417910447761194,0.5454545454545454,0.5454545454545454,0.8333333333333334,0.029850746268656716,0.1791044776119403,0.16666666666666666,0.16666666666666666,1.0,0.5,0.5,0.125,,0.16666666666666666,,0.7014925373134329,0.16666666666666666,0.5440856060606061,0.60966,0.52808,0.1095890410958904,0.13559322033898305,,0.1111111111111111,0.1,5.966037735849056,25.7,0.12658227848101267,2026-07-14,1022600177,PDX,1611661323,CON,CON,16.0,2.0,4.0,1.0,,,,1.0,,1.0,2.0,,1.0,,,2.0,2.0,,0.09090909090909091,,0.5,0.5,1.0,0.6666666666666666,0.5,,,,,,2.0,,3.0,,,0.3076923076923077,1.0,0.07142857142857142,,,,,1.0,,,,,,,
40:00,83,84,21.0,7,167,14.0,20.0,2.0,4.0,10.0,17,6.0,12.0,5.0,4,15,,,1.0,3.0,30,49,6,20,18,96,3.0,5.0,,,2.0,8.0,6.0,10.0,2.0,4.0,7.0,25.0,36,24,18.0,,4.0,15,4,2.0,18,6.0,24,4.0,6.0,7.0,5.0,54,3.0,5.0,8,19,1.0,28,8,36,7,4.0,3.0,5,,4.0,6.0,1.0,11,4.0,8,21,2.0,18,1.0,23,3.0,13,,4.0,1.0,1.0,1.0,3.0,5.0,2.0,88,25.0,21.0,0.6,0.6428571428571429,1.0,0.3,,0.5,0.3,0.6122448979591837,0.6,0.6,0.5652173913043478,0.6,0.6428571428571429,0.6075949367088608,0.6666666666666666,0.7352941176470589,0.2898550724637681,0.04081632653061224,0.058823529411764705,,0.45454545454545453,1.0,0.7916666666666666,0.2777777777777778,0.8888888888888888,0.21428571428571427,0.8181818181818182,0.25,0.14285714285714285,0.4,0.18181818181818182,0.5,0.7647058823529411,1.0,1.0,,100.2,0.4,14.03012048192771,14.708333333333334,13.933734939759036,14.327380952380953,0.2898550724637681,0.7,0.7368421052631579,0.42857142857142855,0.2463768115942029,0.5882352941176471,0.625,0.7,0.17391304347826086,0.5,0.5,0.8333333333333334,0.07246376811594203,0.21739130434782608,0.26666666666666666,0.26666666666666666,1.0,0.8,0.5,,,0.21428571428571427,0.3333333333333333,0.5797101449275363,0.26666666666666666,0.5130507246376812,0.6453,0.53095,0.16455696202531644,0.22033898305084745,,0.08333333333333333,0.2604166666666667,7.295918367346939,24.419999999999998,0.25301204819277107,2026-07-17,1022600187,PHX,1611661323,CON,CON,18.0,3.0,5.0,2.0,1.0,1.0,,2.0,,2.0,2.0,,,,,,,,0.05,,0.4,0.4,1.0,0.35714285714285715,0.6,0.07142857142857142,1.0,,,,1.0,1.0,4.0,,,0.3333333333333333,0.3333333333333333,0.03333333333333333,,,,,,,,,,,,
40:00,78,77,24.0,11,155,5.0,9.0,3.0,3.0,13.0,27,,8.0,1.0,3,13,,,1.0,5.0,18,44,4,14,15,63,4.0,7.0,,,3.0,11.0,3.0,13.0,1.0,5.0,5.0,14.0,18,18,12.0,,6.0,13,3,3.0,9,4.0,13,3.0,2.0,7.0,,30,5.0,7.0,11,15,3.0,29,12,41,6,4.0,2.0,11,4.0,8.0,10.0,3.0,21,6.0,8,25,2.0,17,1.0,19,3.0,8,,1.0,3.0,3.0,1.0,,4.0,3.0,52,14.0,24.0,0.5,0.6,1.0,0.2857142857142857,,0.2,0.2857142857142857,0.4090909090909091,0.5714285714285714,0.23076923076923078,0.41379310344827586,0.5714285714285714,0.25,0.4772727272727273,0.6875,0.35,0.2413793103448276,0.06818181818181818,0.1111111111111111,,0.5238095238095238,1.0,0.625,0.2692307692307692,0.8461538461538461,0.5,0.7027027027027027,0.3333333333333333,0.35714285714285715,0.125,0.5,0.2,0.7142857142857143,0.8,0.8888888888888888,0.75,93.0,0.75,14.264102564102563,16.71948051948052,14.029487179487178,15.818181818181818,0.15517241379310345,0.5555555555555556,0.5555555555555556,0.4,0.46551724137931033,0.48148148148148145,0.5416666666666666,0.5384615384615384,0.13793103448275862,,,,0.017241379310344827,0.22413793103448276,0.23076923076923078,0.23076923076923078,1.0,0.42857142857142855,1.0,,,0.2777777777777778,0.2,0.39655172413793105,0.23076923076923078,0.45151379310344825,0.44942000000000004,0.4008027777777778,0.12698412698412698,0.16326530612244897,,0.1746031746031746,0.2222222222222222,7.6909090909090905,24.564285714285713,0.3076923076923077,2026-07-19,1022600193,PHX,1611661323,CON,CON,24.0,,,1.0,,,,1.0,2.0,1.0,1.0,,1.0,,,3.0,2.0,,,,1.0,1.0,1.0,,,,,,,,3.0,1.0,5.0,,,0.25,,0.09090909090909091,0.3333333333333333,,,,,,,,,,,
40:00,85,87,18.0,14,172,18.0,27.0,5.0,5.0,8.0,23,1.0,9.0,3.0,6,17,,1.0,1.0,5.0,27,59,8,20,10,88,7.0,9.0,1.0,2.0,1.0,18.0,6.0,14.0,2.0,6.0,3.0,21.0,26,28,24.0,,12.0,17,6,7.0,13,8.0,21,6.0,7.0,6.0,,50,4.0,12.0,6,10,1.0,17,16,33,8,5.0,3.0,7,2.0,7.0,8.0,,15,2.0,9,25,1.0,18,3.0,15,2.0,7,,4.0,,,2.0,2.0,4.0,2.0,70,21.0,18.0,0.48148148148148145,0.6190476190476191,1.0,0.4,0.5,0.3333333333333333,0.4,0.4576271186440678,0.7777777777777778,0.42857142857142855,0.4936708860759494,0.7727272727272727,0.45,0.5176470588235295,0.75,0.4772727272727273,0.25316455696202533,0.11864406779661017,0.17391304347826086,,0.4666666666666667,1.0,0.6666666666666666,0.375,0.5454545454545454,0.3333333333333333,0.6153846153846154,0.36363636363636365,0.26666666666666666,0.5,0.36363636363636365,0.8,0.6666666666666666,,0.625,0.3333333333333333,103.2,0.5,14.587058823529413,13.33448275862069,13.983529411764707,12.885057471264368,0.34177215189873417,0.6666666666666666,0.75,0.3888888888888889,0.2911392405063291,0.34782608695652173,0.42105263157894735,0.75,0.11392405063291139,0.1111111111111111,0.1111111111111111,,0.0379746835443038,0.21518987341772153,0.35294117647058826,0.35294117647058826,1.0,0.45454545454545453,1.0,0.09090909090909091,,0.25,0.2,0.5949367088607594,0.35294117647058826,0.505598051948052,0.5258499999999999,0.5168305555555555,0.08333333333333333,0.109375,,0.20454545454545456,0.23863636363636365,6.942372881355933,28.639999999999997,0.21176470588235294,2026-07-22,1022600201,IND,1611661323,CON,CON,32.0,4.0,7.0,2.0,1.0,1.0,,2.0,2.0,,2.0,,2.0,,,1.0,1.0,,0.1111111111111111,,0.6666666666666666,0.6666666666666666,1.0,0.35,0.5714285714285714,0.05,1.0,1.0,1.0,,2.0,2.0,6.0,,,0.4444444444444444,,0.05405405405405406,,0.09090909090909091,1.0,1.0,,,,,,,,
40:00,78,78,19.0,12,156,7.0,12.0,2.0,3.0,11.0,30,2.0,8.0,7.0,8,18,1.0,3.0,4.0,6.0,20,50,11,25,11,84,3.0,10.0,2.0,4.0,,12.0,3.0,14.0,4.0,8.0,3.0,21.0,26,14,33.0,,2.0,18,8,6.0,13,11.0,24,8.0,5.0,7.0,1.0,59,3.0,11.0,4,17,1.0,22,16,38,6,,6.0,5,3.0,4.0,7.0,1.0,12,3.0,15,26,2.0,17,1.0,18,1.0,8,1.0,8.0,,,4.0,4.0,8.0,2.0,72,21.0,19.0,0.65,0.6842105263157895,1.0,0.44,0.5,0.5,0.44,0.4,0.3,0.21428571428571427,0.4866666666666667,0.42857142857142855,0.4090909090909091,0.5060240963855421,0.42857142857142855,0.4375,0.3333333333333333,0.12,0.13333333333333333,,0.4166666666666667,0.3333333333333333,0.53125,0.3793103448275862,0.6666666666666666,0.21428571428571427,0.5526315789473685,0.32558139534883723,0.3888888888888889,0.16666666666666666,0.1,0.4666666666666667,0.5333333333333333,1.0,,1.0,93.6,0.25,14.846153846153847,15.923076923076923,13.828205128205127,14.825641025641026,0.16,0.5833333333333334,0.7,0.7142857142857143,0.4,0.36666666666666664,0.4230769230769231,0.6363636363636364,0.10666666666666667,0.25,0.25,0.5,0.09333333333333334,0.24,0.4444444444444444,0.4444444444444444,1.0,0.21428571428571427,0.6666666666666666,0.21428571428571427,0.3333333333333333,0.2727272727272727,0.6666666666666666,0.49333333333333335,0.4444444444444444,0.478254,0.5195583333333333,0.4446977272727273,0.10975609756097561,0.14035087719298245,0.04,0.14285714285714285,0.25,7.934,24.54,0.24358974358974358,2026-07-28,1022600203,WAS,1611661323,CON,CON,22.0,,2.0,3.0,,2.0,1.0,3.0,,,3.0,,1.0,,1.0,1.0,1.0,0.04,0.16666666666666666,,0.42857142857142855,0.5,1.0,0.09090909090909091,,0.09090909090909091,,1.0,1.0,2.0,3.0,,2.0,0.14285714285714285,0.5,0.6,0.5,0.08333333333333333,0.5,0.07142857142857142,1.0,1.0,,,,1.0,1.0,,,
40:00,85,84,30.0,10,169,19.0,30.0,4.0,6.0,2.0,9,3.0,9.0,8.0,4,14,1.0,1.0,1.0,4.0,24,48,7,22,19,88,4.0,6.0,1.0,1.0,5.0,16.0,9.0,21.0,2.0,6.0,7.0,31.0,26,22,21.0,,2.0,14,4,4.0,13,7.0,20,4.0,11.0,,2.0,47,4.0,7.0,11,15,1.0,27,11,38,10,7.0,3.0,10,1.0,7.0,6.0,3.0,16,3.0,8,26,2.0,17,,24,1.0,8,,6.0,,,6.0,,6.0,5.0,72,31.0,30.0,0.5416666666666666,0.5652173913043478,1.0,0.3181818181818182,1.0,0.3333333333333333,0.3181818181818182,0.5,0.6666666666666666,0.42857142857142855,0.4928571428571429,0.7857142857142857,0.4444444444444444,0.5370370370370371,0.7272727272727273,0.5,0.3142857142857143,0.08333333333333333,0.1111111111111111,,0.625,1.0,0.75,0.3181818181818182,0.7857142857142857,0.26666666666666666,0.7647058823529411,0.2972972972972973,0.3333333333333333,0.2,0.2,0.6923076923076923,0.5,1.0,0.9090909090909091,0.3333333333333333,101.4,0.8333333333333334,14.678823529411765,13.717857142857142,13.911764705882353,13.223809523809523,0.42857142857142855,0.6333333333333333,0.7037037037037037,0.5789473684210527,0.12857142857142856,0.2222222222222222,0.25,,0.12857142857142856,0.3333333333333333,0.3333333333333333,0.6666666666666666,0.11428571428571428,0.2,0.2857142857142857,0.2857142857142857,1.0,0.8571428571428571,0.6666666666666666,0.14285714285714285,1.0,0.14814814814814814,0.25,0.7428571428571429,0.2857142857142857,0.5476564285714285,0.6603600000000001,0.5450611111111111,0.1038961038961039,0.14545454545454545,,0.18181818181818182,0.3522727272727273,5.3687499999999995,24.122727272727275,0.35294117647058826,2026-07-30,1022600211,CHI,1611661323,CON,CON,29.0,8.0,13.0,3.0,1.0,2.0,,3.0,,1.0,,,3.0,,,4.0,3.0,,0.1,,0.375,0.375,1.0,0.48148148148148145,0.6153846153846154,0.07407407407407407,0.5,,,,3.0,1.0,6.0,,,0.36363636363636365,0.4,0.09090909090909091,0.5,,,,1.0,,,1.0,,,,
40:00,79,77,7.0,8,156,9.0,17.0,1.0,3.0,4.0,15,1.0,12.0,3.0,8,20,1.0,3.0,1.0,3.0,14,44,9,23,8,63,1.0,4.0,1.0,3.0,1.0,6.0,,4.0,1.0,3.0,,3.0,10,18,27.0,,2.0,20,8,4.0,5,9.0,14,8.0,2.0,3.0,,37,3.0,7.0,8,18,1.0,27,10,37,6,2.0,4.0,10,,6.0,7.0,4.0,17,2.0,5,18,2.0,15,3.0,13,,6,1.0,3.0,,,2.0,1.0,3.0,2.0,57,3.0,7.0,0.35714285714285715,0.38461538461538464,1.0,0.391304347826087,0.3333333333333333,0.3333333333333333,0.391304347826087,0.3181818181818182,0.25,,0.41044776119402987,0.35714285714285715,0.21428571428571427,0.4315068493150685,0.375,0.21428571428571427,0.34328358208955223,0.09090909090909091,,0.08333333333333333,0.5882352941176471,1.0,0.72,0.25925925925925924,0.7272727272727273,0.21428571428571427,0.7222222222222222,0.24390243902439024,0.2222222222222222,0.2,0.25,0.6,0.75,0.8571428571428571,0.7,1.0,93.6,0.6666666666666666,15.48607594936709,15.28051948051948,15.096202531645572,14.579220779220778,0.2537313432835821,0.5294117647058824,0.6428571428571429,0.2222222222222222,0.22388059701492538,0.26666666666666666,0.26666666666666666,0.75,0.1791044776119403,0.08333333333333333,0.09090909090909091,,0.04477611940298507,0.29850746268656714,0.4,0.4,1.0,0.42857142857142855,0.3333333333333333,0.42857142857142855,0.3333333333333333,0.42857142857142855,0.3333333333333333,0.5970149253731343,0.4,0.48201716417910445,0.52798,0.44211428571428574,0.0958904109589041,0.12,0.043478260869565216,0.09523809523809523,0.047619047619047616,8.386363636363637,24.517391304347825,0.08860759493670886,2026-08-02,1022600220,DAL,1611661323,CON,CON,14.0,,1.0,1.0,,,,1.0,1.0,,1.0,,2.0,,,,,,0.17647058823529413,,0.3333333333333333,0.3333333333333333,1.0,0.14285714285714285,,,,,,,1.0,1.0,2.0,,,0.375,,0.02702702702702703,,,,,,,,1.0,1.0,,,
40:00,78,77,26.0,7,155,11.0,13.0,1.0,1.0,6.0,16,3.0,8.0,3.0,7,17,,1.0,3.0,8.0,20,37,7,20,14,75,2.0,2.0,,1.0,,4.0,6.0,9.0,3.0,8.0,9.0,30.0,26,14,18.0,3.0,2.0,17,7,1.0,13,6.0,19,6.0,7.0,5.0,1.0,44,3.0,4.0,19,11,3.0,33,7,40,5,3.0,2.0,10,1.0,6.0,8.0,4.0,18,5.0,10,24,,20,,20,1.0,6,,4.0,1.0,1.0,1.0,3.0,5.0,3.0,71,28.0,25.0,0.65,0.6842105263157895,0.8571428571428571,0.35,,0.375,0.35,0.5405405405405406,1.0,0.6666666666666666,0.5350877192982456,0.6666666666666666,0.6176470588235294,0.5681818181818182,0.6666666666666666,0.6818181818181818,0.3508771929824561,0.02702702702702703,0.0625,,0.5555555555555556,0.75,0.6111111111111112,0.23529411764705882,0.8260869565217391,0.25,0.7317073170731707,0.2413793103448276,0.3,0.2,0.2222222222222222,0.42857142857142855,0.7777777777777778,0.5,0.875,0.7142857142857143,93.0,0.6,15.148717948717948,15.823376623376625,14.715384615384615,14.975324675324677,0.22807017543859648,0.8461538461538461,0.8461538461538461,0.6363636363636364,0.2807017543859649,0.375,0.4,0.8333333333333334,0.14035087719298245,0.375,0.375,0.3333333333333333,0.05263157894736842,0.2982456140350877,0.4117647058823529,0.4117647058823529,0.8571428571428571,0.3333333333333333,1.0,0.3333333333333333,,0.47058823529411764,0.375,0.5789473684210527,0.4117647058823529,0.463540350877193,0.50985,0.4519294117647059,0.0967741935483871,0.14285714285714285,,0.05333333333333334,0.4,8.235135135135135,25.810000000000002,0.3333333333333333,2026-08-07,1022600233,PHX,1611661323,CON,CON,23.0,4.0,4.0,,,,,,,2.0,3.0,2.0,2.0,,2.0,4.0,3.0,,,,,,,0.23529411764705882,1.0,,,,,,,3.0,2.0,,,,0.3333333333333333,,,,,,,,,,,,,
40:00,75,76,18.0,12,151,7.0,11.0,,1.0,3.0,30,3.0,9.0,7.0,4,13,1.0,3.0,2.0,5.0,13,50,8,20,19,69,,7.0,2.0,4.0,2.0,8.0,2.0,7.0,3.0,6.0,10.0,23.0,16,10,21.0,3.0,,13,4,9.0,8,7.0,15,3.0,5.0,,3.0,37,4.0,12.0,8,14,1.0,23,17,40,6,3.0,3.0,8,2.0,6.0,2.0,2.0,10,1.0,11,25,,22,,25,1.0,10,,8.0,,,3.0,5.0,8.0,4.0,61,23.0,18.0,0.6153846153846154,0.6153846153846154,0.875,0.4,0.5,0.5,0.4,0.26,,0.2857142857142857,0.35714285714285715,0.2727272727272727,0.5,0.42073170731707316,0.3076923076923077,0.6052631578947368,0.2857142857142857,0.18,0.23333333333333334,,0.8,1.0,0.56,0.32432432432432434,0.6666666666666666,0.3333333333333333,0.5945945945945946,0.32653061224489793,0.2962962962962963,0.5,0.3333333333333333,0.375,0.625,1.0,0.6666666666666666,,90.6,0.5,15.589333333333334,16.19473684210526,14.401333333333335,15.234210526315788,0.15714285714285714,0.6363636363636364,0.7777777777777778,0.7142857142857143,0.42857142857142855,0.1,0.13043478260869565,,0.12857142857142856,0.3333333333333333,0.3333333333333333,1.0,0.1,0.18571428571428572,0.3076923076923077,0.3076923076923077,0.75,0.09090909090909091,,0.2727272727272727,0.3333333333333333,0.38461538461538464,0.4,0.44285714285714284,0.3076923076923077,0.4699623188405797,0.5073666666666666,0.48437916666666664,0.12658227848101267,0.1694915254237288,,0.11594202898550725,0.3333333333333333,8.24,25.689999999999998,0.24,2026-08-13,1022600251,ATL,1611661323,CON,CON,35.0,1.0,2.0,4.0,1.0,1.0,,4.0,,,3.0,,1.0,1.0,,3.0,3.0,,0.18181818181818182,,0.5714285714285714,0.5714285714285714,1.0,0.15384615384615385,0.5,0.07692307692307693,1.0,1.0,1.0,1.0,,,4.0,,0.25,0.25,0.3333333333333333,,,0.09090909090909091,1.0,1.0,,,,1.0,,,,
40:00,76,77,16.0,12,153,10.0,21.0,2.0,4.0,6.0,10,,7.0,9.0,5,20,,2.0,1.0,4.0,16,38,8,29,19,75,3.0,7.0,,2.0,,6.0,3.0,5.0,2.0,6.0,9.0,21.0,18,14,24.0,,2.0,20,5,3.0,9,8.0,17,5.0,6.0,3.0,,42,8.0,6.0,13,15,1.0,29,14,43,4,2.0,2.0,3,4.0,2.0,9.0,1.0,12,2.0,5,17,1.0,21,2.0,22,2.0,9,,6.0,1.0,1.0,6.0,,7.0,5.0,69,21.0,16.0,0.5625,0.6,1.0,0.27586206896551724,,0.3333333333333333,0.27586206896551724,0.42105263157894735,0.42857142857142855,0.6,0.417910447761194,0.3333333333333333,0.5454545454545454,0.487012987012987,0.3333333333333333,0.65625,0.43283582089552236,0.07894736842105263,0.1,,0.25,1.0,0.7142857142857143,0.2727272727272727,0.9285714285714286,0.38095238095238093,0.8,0.32558139534883723,0.25,0.42857142857142855,0.3333333333333333,0.6666666666666666,0.7272727272727273,1.0,0.9,1.0,91.8,0.7142857142857143,15.826315789473684,15.548051948051949,14.994736842105262,14.936363636363637,0.31343283582089554,0.47619047619047616,0.5263157894736842,0.6,0.14925373134328357,0.6,0.6666666666666666,0.5,0.1044776119402985,,,,0.13432835820895522,0.29850746268656714,0.25,0.2631578947368421,1.0,0.4444444444444444,0.5,0.2222222222222222,,0.36363636363636365,0.25,0.746268656716418,0.25,0.5025,0.579525,0.4606454545454545,0.12162162162162163,0.2,,0.08,0.28,6.739473684210527,24.979310344827585,0.21052631578947367,2026-08-15,1022600256,NYL,1611661323,CON,CON,21.0,2.0,4.0,3.0,1.0,2.0,1.0,3.0,1.0,,3.0,,1.0,,1.0,3.0,3.0,0.034482758620689655,0.09523809523809523,0.05,0.3333333333333333,0.3333333333333333,1.0,0.36363636363636365,0.5,0.18181818181818182,0.5,,,,,1.0,1.0,,,0.18181818181818182,0.5,,0.5,,,,,,,,,,,
40:00,80,82,10.0,10,162,20.0,30.0,,4.0,8.0,20,4.0,9.0,,4,12,,,,,32,59,4,12,9,85,,8.0,,,2.0,2.0,3.0,6.0,,,1.0,7.0,40,24,9.0,3.0,,12,4,4.0,20,3.0,23,3.0,13.0,4.0,3.0,49,3.0,9.0,7,16,2.0,25,12,37,12,9.0,3.0,12,3.0,10.0,6.0,2.0,18,3.0,10,19,2.0,15,2.0,11,3.0,6,,3.0,,,,3.0,3.0,3.0,83,7.0,10.0,0.625,0.625,0.75,0.3333333333333333,,,0.3333333333333333,0.5423728813559322,,0.5,0.5352112676056338,,0.5,0.5675675675675675,0.1111111111111111,0.5,0.16901408450704225,0.06779661016949153,0.2,,0.6666666666666666,1.0,0.7619047619047619,0.34615384615384615,0.5,0.375,0.6571428571428571,0.35294117647058826,0.25,0.2,0.375,0.8333333333333334,0.7857142857142857,,0.5384615384615384,,97.2,1.0,14.95875,14.674390243902439,14.14,14.170731707317072,0.4225352112676056,0.6666666666666666,0.6666666666666666,0.65,0.28169014084507044,0.4,0.5,0.5,0.1267605633802817,0.4444444444444444,0.4444444444444444,0.75,,0.16901408450704225,0.3333333333333333,0.3333333333333333,0.75,0.5,,,,,,0.5915492957746479,0.3333333333333333,0.5233852112676056,0.4645333333333333,0.4676166666666666,0.08108108108108109,0.0967741935483871,,0.023529411764705882,0.08235294117647059,6.201694915254237,25.541666666666668,0.125,2026-08-18,1022600263,LAS,1611661323,CON,CON,11.0,2.0,2.0,,,,,,,,3.0,,,,,,,,,,,,,0.3333333333333333,1.0,,,,,,2.0,,2.0,,,0.5555555555555556,,0.06666666666666667,,,,,2.0,,,,,,,
39:59,88,88,30.0,13,176,25.0,33.0,8.0,9.0,6.0,15,2.0,5.0,3.0,6,21,1.0,2.0,1.0,9.0,33,53,7,24,17,104,8.0,9.0,1.0,2.0,3.0,22.0,9.0,13.0,1.0,10.0,11.0,32.0,34,32,18.0,3.0,6.0,21,6,2.0,17,6.0,23,5.0,13.0,3.0,1.0,52,8.0,5.0,9,13,3.0,25,13,38,4,2.0,2.0,9,1.0,6.0,5.0,3.0,14,4.0,9,25,4.0,28,4.0,21,1.0,6,,2.0,,,,2.0,2.0,2.0,82,32.0,30.0,0.5151515151515151,0.5666666666666667,0.8571428571428571,0.2916666666666667,0.5,0.1,0.2916666666666667,0.6226415094339622,0.8888888888888888,0.6923076923076923,0.564935064935065,0.8636363636363636,0.45652173913043476,0.5977011494252874,0.9166666666666666,0.5333333333333333,0.3116883116883117,0.03773584905660377,0.06666666666666667,,0.6428571428571429,1.0,0.8125,0.25,0.8181818181818182,0.5,0.8148148148148148,0.3611111111111111,0.2222222222222222,0.6666666666666666,0.5,0.6666666666666666,0.9,0.6666666666666666,1.0,0.3333333333333333,105.60000000000008,1.0,13.629545454545433,13.643181818181818,12.976136363636341,13.328409090909089,0.42857142857142855,0.7575757575757576,0.78125,0.52,0.19480519480519481,0.4,0.42857142857142855,0.5,0.06493506493506493,0.4,0.4,0.5,0.03896103896103896,0.2727272727272727,0.2857142857142857,0.2857142857142857,0.8333333333333334,0.8181818181818182,0.8888888888888888,0.18181818181818182,0.5,0.391304347826087,0.1111111111111111,0.7402597402597403,0.2857142857142857,0.4904435064935065,0.5413642857142857,0.4757869565217391,0.07317073170731707,0.10344827586206896,,0.21153846153846154,0.3076923076923077,5.5396226415094345,25.854166666666668,0.3409090909090909,2026-05-09,1022600004,DAL,1611661325,IND,IND,26.0,8.0,9.0,1.0,,1.0,,1.0,,,1.0,,2.0,1.0,3.0,5.0,5.0,,0.030303030303030304,,0.3333333333333333,0.3333333333333333,1.0,0.391304347826087,0.8888888888888888,0.043478260869565216,,,,,2.0,,3.0,,,0.125,0.5,0.058823529411764705,0.625,,,,,,,1.0,,,,
40:00,81,82,27.0,8,163,14.0,17.0,3.0,3.0,5.0,10,3.0,6.0,4.0,8,26,,3.0,1.0,10.0,22,33,9,30,16,87,3.0,4.0,,4.0,,6.0,7.0,9.0,1.0,11.0,9.0,26.0,28,16,27.0,,,26,8,4.0,14,9.0,23,8.0,11.0,2.0,1.0,55,6.0,3.0,11,11,4.0,26,9,35,7,4.0,3.0,12,1.0,7.0,5.0,5.0,17,4.0,9,24,3.0,24,4.0,19,1.0,6,,3.0,,,2.0,1.0,3.0,3.0,81,26.0,27.0,0.6363636363636364,0.6363636363636364,1.0,0.3,,0.09090909090909091,0.3,0.6666666666666666,0.75,0.7777777777777778,0.5634920634920635,0.375,0.425,0.6041666666666666,0.375,0.52,0.47619047619047616,0.12121212121212122,0.2,0.16666666666666666,0.7058823529411765,1.0,0.6875,0.2727272727272727,0.9166666666666666,0.2857142857142857,0.7857142857142857,0.28125,,0.3333333333333333,0.2222222222222222,1.0,0.5555555555555556,0.6666666666666666,0.8571428571428571,1.0,97.8,1.0,16.14814814814815,13.317073170731707,15.438271604938272,12.951219512195122,0.2698412698412698,0.8235294117647058,0.875,0.7857142857142857,0.15873015873015872,0.5,0.625,0.4,0.09523809523809523,0.5,0.6,0.3333333333333333,0.06349206349206349,0.4126984126984127,0.3076923076923077,0.3076923076923077,1.0,0.375,1.0,0.375,,0.5,0.1,0.746031746031746,0.3076923076923077,0.5252333333333333,0.4432833333333333,0.5263825,0.08823529411764706,0.15789473684210525,,0.06896551724137931,0.2988505747126437,6.433333333333334,24.986666666666668,0.3333333333333333,2026-05-13,1022600018,LAS,1611661325,IND,IND,25.0,3.0,3.0,1.0,,1.0,,1.0,,,1.0,,3.0,1.0,,4.0,4.0,,0.058823529411764705,,0.25,0.25,1.0,0.15,1.0,0.05,,,1.0,,1.0,,3.0,,,0.6666666666666666,0.6666666666666666,0.03571428571428571,1.0,0.125,,,,1.0,,,,,,
45:00,92,95,37.0,16,187,13.0,32.0,3.0,5.0,2.0,9,4.0,9.0,6.0,15,36,1.0,5.0,4.0,14.0,19,50,17,42,13,102,6.0,9.0,2.0,7.0,2.0,20.0,6.0,17.0,5.0,18.0,11.0,38.0,18,20,36.0,15.0,6.0,36,15,8.0,9,12.0,21,11.0,6.0,1.0,2.0,54,8.0,10.0,8,13,,21,19,40,13,6.0,7.0,3,5.0,3.0,8.0,,11,4.0,7,25,2.0,28,2.0,19,,4,,4.0,,,3.0,1.0,4.0,3.0,82,38.0,37.0,0.47368421052631576,0.5625,0.7058823529411765,0.40476190476190477,0.2857142857142857,0.2777777777777778,0.40476190476190477,0.38,0.6666666666666666,0.35294117647058826,0.483695652173913,0.5625,0.38571428571428573,0.5,0.5263157894736842,0.4418604651162791,0.45652173913043476,0.16,0.1111111111111111,,0.2727272727272727,,0.65,0.3333333333333333,0.8,0.32,0.7,0.32727272727272727,0.5714285714285714,0.25,0.3333333333333333,0.46153846153846156,1.0,1.0,0.8,,99.73333333333333,0.75,13.914130434782608,14.946315789473685,12.729347826086956,14.477894736842106,0.34782608695652173,0.40625,0.52,0.46153846153846156,0.09782608695652174,0.2222222222222222,0.25,0.5,0.09782608695652174,0.4444444444444444,0.4444444444444444,0.5,0.06521739130434782,0.391304347826087,0.4166666666666667,0.4166666666666667,0.7333333333333333,0.3125,0.6,0.3125,0.2,0.4,0.2857142857142857,0.8043478260869565,0.4166666666666667,0.5280516304347826,0.4992375,0.4883971428571429,0.041666666666666664,0.07407407407407407,,0.19607843137254902,0.37254901960784315,5.972,26.530952380952378,0.40217391304347827,2026-05-15,1022600022,WAS,1611661325,IND,IND,27.0,4.0,9.0,2.0,1.0,4.0,,1.0,,,,,1.0,,3.0,5.0,5.0,,0.21875,,0.3333333333333333,0.3333333333333333,0.5,0.2571428571428571,0.4444444444444444,0.11428571428571428,0.25,1.0,2.0,1.0,2.0,,6.0,,0.3333333333333333,0.2631578947368421,0.25,0.0425531914893617,0.3333333333333333,0.125,0.5,1.0,1.0,,,,,,,
39:59,83,84,21.0,10,167,20.0,31.0,2.0,4.0,5.0,8,1.0,7.0,5.0,5,16,,1.0,2.0,4.0,26,46,5,21,22,89,2.0,7.0,,1.0,,4.0,5.0,10.0,2.0,6.0,10.0,26.0,36,16,12.0,3.0,2.0,16,5,6.0,18,4.0,22,4.0,15.0,3.0,,48,5.0,7.0,15,21,2.0,38,12,50,5,3.0,2.0,9,5.0,8.0,11.0,1.0,20,5.0,11,23,1.0,22,,22,4.0,11,,6.0,,,5.0,1.0,6.0,3.0,85,26.0,21.0,0.6923076923076923,0.72,0.8,0.23809523809523808,,0.3333333333333333,0.23809523809523808,0.5652173913043478,0.2857142857142857,0.5,0.5,0.25,0.5,0.5855263157894737,0.25,0.65,0.31343283582089554,0.13043478260869565,0.125,,0.45,1.0,0.75,0.3684210526315789,0.8823529411764706,0.3125,0.8,0.34285714285714286,,0.3333333333333333,0.2727272727272727,0.75,0.8,0.7142857142857143,0.8333333333333334,1.0,100.20000000000007,0.5,13.75301204819277,14.982142857142833,13.132530120481928,14.261904761904738,0.4626865671641791,0.6451612903225806,0.7692307692307693,0.75,0.11940298507462686,0.625,0.7142857142857143,0.6,0.1044776119402985,0.14285714285714285,0.14285714285714285,,0.07462686567164178,0.23880597014925373,0.3125,0.3333333333333333,0.8,0.5,0.5,0.125,,0.25,0.5,0.7761194029850746,0.3125,0.5685977611940298,0.5632714285714285,0.540175,0.14864864864864866,0.20754716981132076,,0.0449438202247191,0.29213483146067415,4.967391304347826,25.81904761904762,0.25301204819277107,2026-05-17,1022600027,SEA,1611661325,IND,IND,33.0,3.0,6.0,,,2.0,2.0,,1.0,,5.0,,3.0,,3.0,2.0,2.0,0.09523809523809523,0.16129032258064516,0.0625,,,,0.375,0.5,0.125,,,,,,,2.0,0.2,,0.45454545454545453,0.4,,0.5,,,,,,,,,,,
40:00,82,81,33.0,6,163,16.0,25.0,2.0,3.0,1.0,4,2.0,5.0,9.0,5,19,,2.0,2.0,10.0,19,34,9,28,25,90,2.0,3.0,1.0,4.0,4.0,11.0,8.0,11.0,3.0,13.0,15.0,40.0,24,14,27.0,,,19,5,3.0,12,9.0,21,5.0,10.0,,2.0,51,3.0,5.0,11,21,1.0,33,8,41,6,6.0,,8,,5.0,8.0,3.0,16,4.0,6,21,3.0,26,2.0,29,2.0,7,1.0,5.0,,,4.0,,5.0,5.0,79,40.0,33.0,0.631578947368421,0.631578947368421,1.0,0.32142857142857145,0.25,0.23076923076923078,0.32142857142857145,0.5588235294117647,0.6666666666666666,0.7272727272727273,0.5241935483870968,0.5,0.5208333333333334,0.6,0.6111111111111112,0.625,0.45161290322580644,0.08823529411764706,,,0.5,1.0,0.9545454545454546,0.3333333333333333,0.8461538461538461,0.17647058823529413,0.9142857142857143,0.25,0.3333333333333333,,0.16666666666666666,1.0,1.0,0.5,0.75,1.0,97.8,1.0,13.676829268292684,15.783950617283951,13.315853658536586,15.648148148148149,0.4032258064516129,0.64,0.7272727272727273,0.625,0.06451612903225806,0.25,0.25,,0.08064516129032258,0.4,0.4,1.0,0.14516129032258066,0.3064516129032258,0.2631578947368421,0.2631578947368421,1.0,0.42857142857142855,0.6666666666666666,0.2857142857142857,,0.4166666666666667,0.2,0.8548387096774194,0.2631578947368421,0.5714983606557378,0.6660583333333333,0.5392195652173912,0.1044776119402985,0.1794871794871795,,0.12222222222222222,0.4444444444444444,4.661764705882353,26.532142857142855,0.4024390243902439,2026-05-20,1022600032,PDX,1611661325,IND,IND,35.0,7.0,8.0,4.0,1.0,3.0,,4.0,1.0,,,,,,1.0,7.0,7.0,,0.12,,0.4444444444444444,0.4444444444444444,1.0,0.3333333333333333,0.875,0.125,0.3333333333333333,1.0,2.0,,,1.0,2.0,,,0.4444444444444444,0.2,,1.0,0.2857142857142857,0.5,1.0,,1.0,,,,1.0,,
40:00,82,83,28.0,11,165,12.0,25.0,,2.0,5.0,9,2.0,3.0,6.0,8,20,3.0,4.0,2.0,4.0,19,37,10,26,22,90,1.0,4.0,3.0,5.0,,11.0,4.0,9.0,4.0,7.0,14.0,34.0,26,12,27.0,3.0,,20,8,3.0,13,9.0,22,7.0,8.0,4.0,1.0,53,2.0,9.0,8,22,2.0,32,12,44,7,6.0,1.0,9,2.0,8.0,10.0,1.0,19,8.0,8,26,1.0,24,1.0,29,2.0,6,,2.0,,,2.0,,2.0,1.0,79,32.0,27.0,0.6842105263157895,0.6842105263157895,0.9,0.38461538461538464,0.6,0.5714285714285714,0.38461538461538464,0.5135135135135135,0.25,0.4444444444444444,0.5396825396825397,0.6111111111111112,0.625,0.5855263157894737,0.6111111111111112,0.68,0.4126984126984127,0.08108108108108109,,,0.47368421052631576,1.0,0.7586206896551724,0.5294117647058824,0.5714285714285714,0.13333333333333333,0.6976744186046512,0.34375,1.0,1.0,0.18181818181818182,0.7333333333333333,0.7777777777777778,0.8,0.4,1.0,99.0,0.5,13.174390243902439,15.9,12.467073170731707,14.837349397590362,0.3968253968253968,0.48,0.5454545454545454,0.6666666666666666,0.14285714285714285,0.5555555555555556,0.5555555555555556,0.8,0.047619047619047616,0.6666666666666666,0.6666666666666666,0.5,0.09523809523809523,0.31746031746031744,0.4,0.4,0.875,0.2222222222222222,,0.4444444444444444,0.75,0.25,0.5,0.8095238095238095,0.4,0.5246338709677418,0.5391555555555556,0.50596875,0.08955223880597014,0.14634146341463414,,0.12222222222222222,0.37777777777777777,4.789189189189189,26.54615384615385,0.34146341463414637,2026-05-22,1022600039,GSV,1611661325,IND,IND,33.0,2.0,6.0,2.0,2.0,3.0,,2.0,1.0,,4.0,1.0,7.0,,5.0,9.0,8.0,,0.12,,0.3333333333333333,0.3333333333333333,1.0,0.375,0.3333333333333333,0.1875,0.6666666666666666,,1.0,1.0,,,5.0,,0.25,0.38461538461538464,,,,0.1111111111111111,,,1.0,,,1.0,,,,
40:00,81,82,26.0,9,163,12.0,19.0,1.0,2.0,8.0,18,1.0,8.0,12.0,6,16,1.0,2.0,1.0,3.0,21,45,9,28,19,88,2.0,6.0,1.0,3.0,2.0,9.0,10.0,17.0,3.0,5.0,6.0,35.0,26,16,27.0,,2.0,16,6,11.0,13,9.0,22,6.0,9.0,4.0,,53,6.0,6.0,10,18,3.0,31,12,43,7,6.0,1.0,5,1.0,4.0,6.0,1.0,11,4.0,11,25,1.0,21,,21,1.0,7,2.0,5.0,,,3.0,2.0,5.0,3.0,79,35.0,26.0,0.6190476190476191,0.65,1.0,0.32142857142857145,0.3333333333333333,0.6,0.32142857142857145,0.4666666666666667,0.3333333333333333,0.5882352941176471,0.4726027397260274,0.3888888888888889,0.6590909090909091,0.5365853658536586,0.45,0.7,0.3835616438356164,0.24444444444444444,0.2222222222222222,0.25,0.45454545454545453,0.75,0.75,0.2608695652173913,0.7692307692307693,0.3157894736842105,0.7567567567567568,0.2857142857142857,0.3333333333333333,,0.5,0.5714285714285714,0.8461538461538461,0.75,0.7,1.0,97.8,0.6,14.270370370370372,15.171951219512193,13.87037037037037,14.671951219512193,0.2602739726027397,0.631578947368421,0.8571428571428571,0.75,0.2465753424657534,0.4444444444444444,0.5714285714285714,0.5,0.1095890410958904,0.125,0.16666666666666666,,0.1643835616438356,0.2191780821917808,0.375,0.375,1.0,0.2222222222222222,0.5,0.2222222222222222,0.5,0.13636363636363635,0.3333333333333333,0.6438356164383562,0.375,0.4920650684931507,0.43289,0.48777954545454544,0.1111111111111111,0.13725490196078433,0.06666666666666667,0.10227272727272728,0.3977272727272727,7.1866666666666665,23.817857142857143,0.32098765432098764,2026-05-28,1022600055,GSV,1611661325,IND,IND,26.0,6.0,9.0,3.0,2.0,2.0,,3.0,1.0,,1.0,2.0,1.0,2.0,2.0,1.0,1.0,,0.2631578947368421,,0.25,0.25,1.0,0.4090909090909091,0.6666666666666666,0.09090909090909091,1.0,,1.0,,1.0,,4.0,,,0.42857142857142855,0.1111111111111111,0.03225806451612903,,0.1111111111111111,,,,,,1.0,,,,
40:00,79,80,28.0,12,159,11.0,16.0,1.0,2.0,7.0,16,1.0,4.0,5.0,5,17,1.0,2.0,1.0,2.0,19,36,5,22,31,84,3.0,6.0,1.0,2.0,11.0,20.0,5.0,15.0,1.0,2.0,19.0,32.0,32,6,15.0,,2.0,17,5,4.0,16,5.0,21,5.0,10.0,6.0,,47,5.0,8.0,9,13,,22,14,36,6,4.0,2.0,8,2.0,2.0,10.0,6.0,18,5.0,8,23,2.0,25,,35,1.0,9,,3.0,,,,3.0,3.0,,64,32.0,28.0,0.8421052631578947,0.8888888888888888,1.0,0.22727272727272727,0.5,0.5,0.22727272727272727,0.5277777777777778,0.5,0.3333333333333333,0.45689655172413796,0.5625,0.38235294117647056,0.5675675675675675,0.7692307692307693,0.5925925925925926,0.3793103448275862,0.1111111111111111,0.125,,0.4444444444444444,,0.65,0.47058823529411764,0.6428571428571429,0.29411764705882354,0.6470588235294118,0.38235294117647056,0.3333333333333333,0.6666666666666666,0.3333333333333333,,0.6666666666666666,0.5,0.7777777777777778,0.4,95.4,,13.562025316455697,16.607499999999998,13.021518987341773,15.85625,0.27586206896551724,0.6875,0.7857142857142857,0.9090909090909091,0.27586206896551724,0.4375,0.5,0.8571428571428571,0.06896551724137931,0.25,0.25,,0.08620689655172414,0.29310344827586204,0.29411764705882354,0.3125,1.0,0.25,0.5,0.25,0.5,0.11764705882352941,0.5,0.6551724137931034,0.29411764705882354,0.4995077586206897,0.46444,0.46693235294117647,0.13636363636363635,0.20454545454545456,,0.23809523809523808,0.38095238095238093,6.449999999999999,24.927272727272726,0.35443037974683544,2026-05-30,1022600062,PDX,1611661325,IND,IND,31.0,3.0,6.0,,,,1.0,,,2.0,1.0,2.0,1.0,,3.0,8.0,8.0,0.045454545454545456,0.125,0.058823529411764705,,,,0.35294117647058826,0.5,,,,,1.0,2.0,1.0,3.0,,1.0,0.6,0.2,0.06896551724137931,,,,,,,,1.0,,,,
40:00,77,78,10.0,7,155,9.0,16.0,,,7.0,16,3.0,6.0,4.0,10,21,,1.0,1.0,3.0,19,38,11,25,12,83,2.0,6.0,,1.0,1.0,5.0,,,2.0,5.0,9.0,15.0,18,20,21.0,12.0,,21,10,3.0,9,7.0,16,6.0,7.0,2.0,,39,3.0,6.0,12,17,2.0,31,9,40,6,3.0,3.0,9,1.0,7.0,6.0,2.0,15,2.0,7,22,2.0,18,1.0,15,,3,,7.0,,,4.0,3.0,7.0,3.0,78,15.0,10.0,0.47368421052631576,0.47368421052631576,0.6363636363636364,0.44,,0.4,0.44,0.5,0.3333333333333333,,0.5634920634920635,0.2857142857142857,0.6,0.5928571428571429,0.3125,0.75,0.3968253968253968,0.07894736842105263,0.0625,,0.6,0.6666666666666666,0.6296296296296297,0.3157894736842105,0.8,0.23076923076923078,0.6904761904761905,0.28125,0.2222222222222222,0.3333333333333333,0.18181818181818182,0.5454545454545454,0.6153846153846154,1.0,0.7272727272727273,1.0,93.0,0.42857142857142855,14.862337662337664,16.097435897435897,14.011688311688314,15.157692307692306,0.25396825396825395,0.5625,0.6428571428571429,0.7777777777777778,0.25396825396825395,0.4375,0.4666666666666667,0.2857142857142857,0.09523809523809523,0.5,0.5,,0.06349206349206349,0.3333333333333333,0.47619047619047616,0.47619047619047616,0.6,,,0.14285714285714285,,0.6,0.3333333333333333,0.6507936507936508,0.47619047619047616,0.48438095238095236,0.32562,0.41274,0.045454545454545456,0.07317073170731707,,0.060240963855421686,0.18072289156626506,7.0131578947368425,25.011999999999997,0.12987012987012986,2026-06-04,1022600072,ATL,1611661325,IND,IND,16.0,,,1.0,1.0,2.0,,1.0,,,1.0,,2.0,,2.0,4.0,4.0,,0.125,,0.25,0.25,1.0,,,0.4,0.5,,,,1.0,1.0,5.0,,,0.42857142857142855,0.5,0.034482758620689655,,,,,,,,,,,,
40:00,84,85,23.0,9,169,4.0,7.0,,,15.0,32,2.0,8.0,6.0,5,19,1.0,3.0,2.0,6.0,21,47,8,25,9,75,2.0,4.0,1.0,3.0,,7.0,4.0,11.0,2.0,7.0,5.0,19.0,24,18,24.0,,2.0,19,5,2.0,12,8.0,20,5.0,3.0,8.0,1.0,48,4.0,4.0,11,19,3.0,33,9,42,4,4.0,,9,2.0,3.0,6.0,6.0,15,4.0,13,27,,19,3.0,15,2.0,6,,5.0,,,1.0,4.0,5.0,3.0,68,19.0,23.0,0.5714285714285714,0.6,1.0,0.32,0.3333333333333333,0.2857142857142857,0.32,0.44680851063829785,0.5,0.36363636363636365,0.4583333333333333,0.5,0.3888888888888889,0.47468354430379744,0.5,0.4523809523809524,0.3472222222222222,0.0425531914893617,0.03125,0.125,0.6,0.75,0.7307692307692307,0.16,0.6875,0.23529411764705882,0.7142857142857143,0.19047619047619047,0.1875,0.16666666666666666,0.14285714285714285,1.0,0.6818181818181818,1.0,0.6666666666666666,0.75,101.4,0.6,15.21904761904762,13.195294117647057,14.570238095238096,12.930588235294117,0.09722222222222222,0.5714285714285714,0.5714285714285714,0.75,0.4444444444444444,0.46875,0.4838709677419355,0.5333333333333333,0.1111111111111111,0.25,0.2857142857142857,0.5,0.08333333333333333,0.2638888888888889,0.2631578947368421,0.2631578947368421,1.0,,,0.42857142857142855,0.3333333333333333,0.3333333333333333,0.3333333333333333,0.4444444444444444,0.2631578947368421,0.4556458333333333,0.4753125,0.46104999999999996,0.07894736842105263,0.11764705882352941,,0.09333333333333334,0.25333333333333335,7.929787234042553,24.836,0.27380952380952384,2026-06-06,1022600080,NYL,1611661325,IND,IND,30.0,1.0,2.0,3.0,,1.0,,3.0,,1.0,2.0,,1.0,,,3.0,2.0,,,,0.5,0.5,1.0,0.1111111111111111,0.5,0.05555555555555555,,,,1.0,3.0,,3.0,,0.3333333333333333,,0.6666666666666666,0.075,,,,,,,,1.0,,,,
40:00,80,80,25.0,11,160,12.0,18.0,1.0,2.0,6.0,17,1.0,2.0,9.0,7,20,,,2.0,4.0,19,37,10,29,10,78,2.0,5.0,,,4.0,8.0,3.0,11.0,2.0,5.0,5.0,17.0,26,12,18.0,12.0,,20,7,5.0,13,6.0,19,3.0,8.0,4.0,1.0,44,7.0,4.0,7,20,2.0,29,11,40,8,3.0,5.0,5,3.0,3.0,15.0,2.0,20,9.0,10,26,6.0,23,3.0,14,1.0,5,1.0,4.0,,,3.0,1.0,4.0,4.0,70,17.0,25.0,0.6842105263157895,0.6842105263157895,0.6,0.3448275862068966,,0.4,0.3448275862068966,0.5135135135135135,0.4,0.2727272727272727,0.5151515151515151,0.4,0.375,0.5416666666666666,0.5714285714285714,0.425,0.4393939393939394,0.13513513513513514,0.17647058823529413,,0.25,0.6666666666666666,0.8695652173913043,0.23529411764705882,0.875,0.3684210526315789,0.8709677419354839,0.3055555555555556,0.36363636363636365,,0.23076923076923078,0.9230769230769231,0.7777777777777778,1.0,1.0,0.75,96.0,1.0,14.694999999999999,15.305000000000001,13.825,15.085000000000003,0.2727272727272727,0.6666666666666666,0.75,0.6666666666666666,0.25757575757575757,0.35294117647058826,0.42857142857142855,0.6666666666666666,0.030303030303030304,0.5,0.5,1.0,0.13636363636363635,0.30303030303030304,0.35,0.35,0.42857142857142855,0.4,0.5,,,0.25,0.5,0.7121212121212122,0.35,0.5083204545454545,0.47945,0.459684375,0.08571428571428572,0.12195121951219512,0.034482758620689655,0.10256410256410256,0.21794871794871795,5.551351351351352,25.42758620689655,0.3125,2026-06-08,1022600084,WAS,1611661325,IND,IND,35.0,3.0,6.0,3.0,,1.0,1.0,3.0,,1.0,4.0,1.0,1.0,,4.0,2.0,2.0,0.034482758620689655,0.1111111111111111,,0.3333333333333333,0.375,1.0,0.375,0.5,0.0625,,,,,,,2.0,0.1111111111111111,,,0.6666666666666666,,,,,,,,,,1.0,,,
45:00,95,96,29.0,16,191,27.0,45.0,6.0,11.0,3.0,8,2.0,6.0,10.0,5,18,,4.0,1.0,4.0,32,59,7,28,29,114,6.0,12.0,1.0,9.0,4.0,19.0,5.0,11.0,1.0,5.0,15.0,28.0,34,30,15.0,6.0,6.0,18,5,6.0,17,5.0,22,3.0,14.0,1.0,2.0,49,11.0,13.0,10,17,3.0,30,25,55,8,7.0,1.0,6,1.0,6.0,12.0,,18,8.0,17,27,3.0,25,2.0,31,2.0,9,,6.0,,,3.0,3.0,6.0,1.0,95,21.0,25.0,0.53125,0.5862068965517241,0.7142857142857143,0.25,0.1111111111111111,0.2,0.25,0.5423728813559322,0.5,0.45454545454545453,0.4885057471264368,0.35714285714285715,0.40625,0.5594059405940595,0.41304347826086957,0.5833333333333334,0.3218390804597701,0.1016949152542373,,,0.3333333333333333,1.0,0.6538461538461539,0.48148148148148145,0.5882352941176471,0.5238095238095238,0.627906976744186,0.5,0.6,0.5,0.5384615384615384,0.6666666666666666,0.6,1.0,0.6428571428571429,0.3333333333333333,101.86666666666666,0.16666666666666666,14.598947368421054,13.678125,13.17684210526316,13.136458333333332,0.5172413793103449,0.6,0.6923076923076923,0.5185185185185185,0.09195402298850575,0.375,0.375,0.3333333333333333,0.06896551724137931,0.3333333333333333,0.3333333333333333,1.0,0.11494252873563218,0.20689655172413793,0.2777777777777778,0.2777777777777778,0.6,0.5238095238095238,0.5454545454545454,0.19047619047619047,,0.25,0.25,0.8390804597701149,0.2777777777777778,0.5658011494252874,0.5785961538461538,0.533284375,0.09574468085106383,0.13636363636363635,,0.16666666666666666,0.24561403508771928,4.286440677966102,25.964285714285715,0.30526315789473685,2026-06-11,1022600091,CHI,1611661325,IND,IND,41.0,5.0,9.0,2.0,,1.0,1.0,2.0,,2.0,1.0,,,,2.0,7.0,3.0,0.03571428571428571,0.13333333333333333,,0.2,0.2222222222222222,1.0,0.5625,0.5555555555555556,0.0625,,1.0,5.0,1.0,3.0,2.0,2.0,0.1,1.0,0.4444444444444444,0.5,0.07317073170731707,0.3333333333333333,0.23809523809523808,0.2,1.0,1.0,,,,,,,
40:00,75,77,15.0,10,152,12.0,17.0,3.0,3.0,5.0,13,1.0,2.0,5.0,12,24,1.0,4.0,3.0,5.0,18,32,12,29,13,85,3.0,4.0,1.0,6.0,4.0,13.0,3.0,5.0,3.0,7.0,7.0,22.0,20,16,27.0,9.0,2.0,24,12,4.0,10,9.0,19,9.0,7.0,3.0,,47,9.0,4.0,8,23,1.0,32,13,45,4,3.0,1.0,7,5.0,4.0,12.0,3.0,19,3.0,4,16,3.0,22,2.0,19,1.0,7,1.0,5.0,,,5.0,,5.0,4.0,72,22.0,15.0,0.5555555555555556,0.5882352941176471,0.75,0.41379310344827586,0.16666666666666666,0.42857142857142855,0.41379310344827586,0.5625,0.75,0.6,0.5901639344262295,0.45,0.625,0.6086956521739131,0.5416666666666666,0.6875,0.47540983606557374,0.125,0.15384615384615385,,0.3684210526315789,1.0,0.7419354838709677,0.3076923076923077,0.6666666666666666,0.5294117647058824,0.7209302325581395,0.43333333333333335,0.125,,0.4166666666666667,0.6923076923076923,0.8181818181818182,0.7142857142857143,0.7,0.5,91.2,0.8,16.572000000000003,15.027272727272726,15.613333333333333,14.15194805194805,0.2786885245901639,0.7058823529411765,0.8,0.5833333333333334,0.21311475409836064,0.38461538461538464,0.45454545454545453,0.6,0.03278688524590164,0.5,0.5,,0.08196721311475409,0.39344262295081966,0.5,0.5,0.75,0.3,1.0,0.4,0.25,0.4166666666666667,0.6,0.7540983606557377,0.5,0.491283606557377,0.53274,0.48412916666666667,0.11764705882352941,0.18421052631578946,0.03333333333333333,0.15294117647058825,0.25882352941176473,4.790625,25.02758620689655,0.2,2026-06-13,1022600097,CON,1611661325,IND,IND,11.0,2.0,4.0,,,2.0,,,,,,,3.0,,2.0,1.0,1.0,,0.11764705882352941,,,,,0.3333333333333333,0.5,0.16666666666666666,,,2.0,,2.0,2.0,,,,0.75,0.8,0.07407407407407407,0.6666666666666666,0.2,,,1.0,,,1.0,,,,
40:00,87,89,49.0,11,176,21.0,33.0,5.0,9.0,1.0,4,1.0,2.0,4.0,12,26,1.0,1.0,11.0,18.0,23,39,13,30,28,113,5.0,9.0,1.0,2.0,4.0,17.0,12.0,18.0,11.0,20.0,15.0,72.0,28,18,33.0,6.0,6.0,26,12,1.0,14,11.0,25,10.0,13.0,,1.0,61,6.0,7.0,11,23,4.0,38,13,51,4,3.0,1.0,9,2.0,4.0,8.0,5.0,17,7.0,11,18,1.0,27,2.0,33,2.0,11,1.0,5.0,,,4.0,1.0,5.0,4.0,96,72.0,49.0,0.6086956521739131,0.7,0.8461538461538461,0.43333333333333335,0.5,0.55,0.43333333333333335,0.5897435897435898,0.5555555555555556,0.6666666666666666,0.6159420289855072,0.5909090909090909,0.75,0.6726190476190477,0.6538461538461539,0.7659574468085106,0.43478260869565216,0.02564102564102564,,,0.5294117647058824,1.0,0.8518518518518519,0.4375,0.8461538461538461,0.375,0.85,0.40625,0.6666666666666666,,0.38461538461538464,0.8333333333333334,0.8333333333333334,0.8888888888888888,0.9090909090909091,0.5,105.6,0.8,13.116091954022988,14.14494382022472,12.598850574712642,13.997752808988766,0.4782608695652174,0.6363636363636364,0.65625,0.6190476190476191,0.057971014492753624,0.25,0.25,,0.028985507246376812,0.5,0.5,1.0,0.057971014492753624,0.37681159420289856,0.46153846153846156,0.46153846153846156,0.8333333333333334,0.8181818181818182,0.5555555555555556,0.09090909090909091,1.0,0.47368421052631576,0.6111111111111112,0.9130434782608695,0.46153846153846156,0.6020419117647059,0.67724375,0.5781472972972973,0.1518987341772152,0.22916666666666666,0.03225806451612903,0.1504424778761062,0.6371681415929203,2.6615384615384614,27.740000000000002,0.5632183908045977,2026-06-16,1022600106,TOR,1611661325,IND,IND,15.0,10.0,14.0,1.0,,2.0,,1.0,,1.0,,,,,3.0,5.0,5.0,,0.030303030303030304,,0.25,0.25,1.0,0.3684210526315789,0.7142857142857143,0.05263157894736842,,,1.0,,1.0,1.0,1.0,,,0.4166666666666667,0.3333333333333333,0.03225806451612903,0.4,0.09090909090909091,,,,,,1.0,,,,
40:00,85,86,40.0,8,171,14.0,18.0,,,9.0,21,4.0,7.0,2.0,7,15,,1.0,4.0,9.0,27,46,8,17,23,101,1.0,1.0,,1.0,9.0,11.0,10.0,18.0,5.0,10.0,16.0,51.0,24,30,12.0,12.0,,15,7,3.0,12,4.0,16,4.0,8.0,2.0,2.0,36,2.0,6.0,7,14,3.0,24,8,32,7,4.0,3.0,10,2.0,6.0,7.0,4.0,17,5.0,15,26,2.0,27,1.0,29,,8,1.0,3.0,,,3.0,,3.0,1.0,90,51.0,40.0,0.4444444444444444,0.4444444444444444,0.5,0.47058823529411764,,0.5,0.47058823529411764,0.5869565217391305,1.0,0.5555555555555556,0.6190476190476191,0.5,0.625,0.6578947368421053,0.7857142857142857,0.6710526315789473,0.2698412698412698,0.06521739130434782,0.14285714285714285,,0.5882352941176471,0.75,0.6666666666666666,0.3157894736842105,0.7,0.2222222222222222,0.6774193548387096,0.2857142857142857,0.25,0.3333333333333333,0.25,0.5714285714285714,0.8333333333333334,1.0,0.7,,102.6,0.3333333333333333,15.109411764705882,12.97325581395349,14.827058823529411,12.505813953488373,0.2857142857142857,0.7777777777777778,0.7777777777777778,0.5714285714285714,0.3333333333333333,0.42857142857142855,0.5,0.2222222222222222,0.1111111111111111,0.5714285714285714,0.5714285714285714,0.5,0.031746031746031744,0.23809523809523808,0.4666666666666667,0.4666666666666667,0.5714285714285714,,,0.5,,0.32142857142857145,0.4444444444444444,0.5555555555555556,0.4666666666666667,0.4687873015873016,0.573825,0.4464392857142857,0.125,0.14814814814814814,0.05555555555555555,0.10891089108910891,0.504950495049505,6.828260869565218,26.176470588235293,0.47058823529411764,2026-06-18,1022600113,ATL,1611661325,IND,IND,28.0,6.0,6.0,1.0,1.0,1.0,,,,1.0,1.0,,2.0,,2.0,4.0,4.0,,,,0.5,0.5,,0.21428571428571427,1.0,0.03571428571428571,1.0,,,,1.0,,3.0,,,0.5,,0.04,,,,,2.0,,,,,,,
40:00,83,83,41.0,10,166,14.0,23.0,3.0,4.0,3.0,9,3.0,5.0,5.0,10,25,1.0,2.0,4.0,11.0,20,37,13,30,17,96,3.0,4.0,1.0,2.0,4.0,13.0,9.0,16.0,5.0,14.0,11.0,44.0,18,22,33.0,6.0,2.0,25,10,5.0,9,11.0,20,8.0,4.0,3.0,2.0,51,5.0,5.0,9,16,3.0,28,10,38,1,,1.0,10,4.0,8.0,9.0,2.0,19,10.0,12,29,3.0,24,1.0,21,3.0,8,1.0,3.0,,,1.0,2.0,3.0,1.0,83,44.0,41.0,0.45,0.47368421052631576,0.8461538461538461,0.43333333333333335,0.5,0.35714285714285715,0.43333333333333335,0.5405405405405406,0.75,0.5625,0.5895522388059702,0.75,0.55,0.6333333333333333,0.8125,0.6285714285714286,0.44776119402985076,0.13513513513513514,0.1111111111111111,,0.5263157894736842,0.5,0.6153846153846154,0.29411764705882354,0.6428571428571429,0.29411764705882354,0.625,0.29411764705882354,0.16666666666666666,0.5,0.26666666666666666,0.6923076923076923,0.5,1.0,0.7272727272727273,0.3333333333333333,99.6,0.3333333333333333,14.68433734939759,14.23132530120482,14.156626506024097,13.148192771084338,0.34328358208955223,0.6086956521739131,0.7368421052631579,0.2857142857142857,0.13432835820895522,0.3333333333333333,0.375,1.0,0.07462686567164178,0.6,0.6,0.6666666666666666,0.07462686567164178,0.373134328358209,0.4,0.4,0.8,0.6666666666666666,0.75,0.3333333333333333,0.5,0.36666666666666664,0.36363636363636365,0.7910447761194029,0.4,0.5267365671641792,0.6890375,0.5164533333333333,0.125,0.19047619047619047,0.03333333333333333,0.13541666666666666,0.4583333333333333,5.45945945945946,24.166666666666668,0.4939759036144578,2026-06-20,1022600117,ATL,1611661325,IND,IND,43.0,6.0,12.0,3.0,1.0,3.0,,3.0,,1.0,2.0,,3.0,,2.0,3.0,2.0,,0.17391304347826086,,0.6,0.6,1.0,0.4,0.5,0.1,0.3333333333333333,,,,1.0,1.0,5.0,,,0.3333333333333333,0.5,0.034482758620689655,0.3333333333333333,,,,1.0,,,1.0,1.0,,,
40:00,80,80,31.0,11,160,10.0,17.0,1.0,2.0,3.0,6,4.0,7.0,9.0,5,25,,3.0,3.0,9.0,17,30,10,34,22,86,1.0,2.0,1.0,4.0,3.0,8.0,8.0,11.0,4.0,11.0,13.0,41.0,12,22,27.0,3.0,2.0,25,5,2.0,6,9.0,15,4.0,6.0,,,39,7.0,6.0,16,14,2.0,32,13,45,6,5.0,1.0,5,2.0,3.0,10.0,2.0,15,3.0,4,23,4.0,25,2.0,29,1.0,8,,2.0,,,,2.0,2.0,1.0,78,41.0,31.0,0.35294117647058826,0.375,0.9,0.29411764705882354,0.25,0.36363636363636365,0.29411764705882354,0.5666666666666667,0.5,0.7272727272727273,0.5,0.4166666666666667,0.6363636363636364,0.5512820512820513,0.5,0.6612903225806451,0.53125,0.06666666666666667,,,0.3333333333333333,1.0,0.7368421052631579,0.46153846153846156,0.8,0.3181818181818182,0.7692307692307693,0.37142857142857144,0.3333333333333333,0.3333333333333333,0.3333333333333333,0.6666666666666666,0.75,0.8333333333333334,0.8,0.8,96.0,0.5,14.425,15.575,13.872499999999999,15.0625,0.265625,0.5882352941176471,0.6666666666666666,0.6,0.09375,0.5,0.5,,0.109375,0.5714285714285714,0.5714285714285714,,0.140625,0.390625,0.2,0.2,0.8,0.3333333333333333,0.5,0.5,,0.4090909090909091,0.3333333333333333,0.796875,0.2,0.5027190476190476,0.63525,0.5015,0.11267605633802817,0.21621621621621623,,0.09302325581395349,0.47674418604651164,6.736666666666666,27.11176470588235,0.3875,2026-06-22,1022600125,PHX,1611661325,IND,IND,21.0,4.0,7.0,5.0,1.0,2.0,,5.0,,1.0,5.0,,3.0,,2.0,7.0,7.0,,0.11764705882352941,,0.5555555555555556,0.5555555555555556,1.0,0.3181818181818182,0.5714285714285714,0.09090909090909091,0.5,1.0,1.0,,2.0,2.0,6.0,,,0.5714285714285714,0.25,0.06060606060606061,,0.16666666666666666,1.0,1.0,,,,,,,,
40:00,83,84,21.0,6,167,23.0,30.0,4.0,5.0,2.0,5,1.0,4.0,4.0,13,23,,,2.0,3.0,26,39,13,27,18,109,4.0,5.0,,,1.0,9.0,8.0,10.0,2.0,4.0,5.0,27.0,42,10,27.0,12.0,4.0,23,13,1.0,21,9.0,30,9.0,18.0,2.0,1.0,69,3.0,3.0,7,12,3.0,22,6,28,6,5.0,1.0,8,3.0,7.0,8.0,1.0,16,6.0,13,29,3.0,19,2.0,19,2.0,6,2.0,1.0,,,1.0,,1.0,1.0,100,27.0,21.0,0.8076923076923077,0.875,0.6923076923076923,0.48148148148148145,,0.5,0.48148148148148145,0.6666666666666666,0.8,0.8,0.6893939393939394,0.8,0.7857142857142857,0.7397260273972602,0.9,0.8125,0.4090909090909091,0.02564102564102564,,,0.5,0.75,0.8571428571428571,0.23076923076923078,0.6363636363636364,0.21428571428571427,0.76,0.2222222222222222,0.6666666666666666,,0.2,0.8333333333333334,0.8333333333333334,1.0,0.6666666666666666,0.5,100.2,1.0,14.784337349397589,13.963095238095239,14.518072289156626,13.713095238095239,0.45454545454545453,0.7666666666666667,0.7931034482758621,0.782608695652174,0.07575757575757576,0.4,0.4,1.0,0.06060606060606061,0.25,0.25,1.0,0.06060606060606061,0.3484848484848485,0.5652173913043478,0.5909090909090909,0.6923076923076923,1.0,0.8,,,0.21428571428571427,0.6666666666666666,0.8636363636363636,0.5652173913043478,0.5568454545454546,0.6860666666666666,0.5569285714285714,0.1111111111111111,0.13953488372093023,0.06896551724137931,0.08256880733944955,0.24770642201834864,3.7846153846153845,26.33703703703704,0.25301204819277107,2026-06-24,1022600128,PHX,1611661325,IND,IND,32.0,6.0,8.0,,,1.0,2.0,,,,1.0,1.0,2.0,1.0,1.0,1.0,1.0,0.07407407407407407,0.03333333333333333,0.043478260869565216,,,,0.5714285714285714,0.75,0.07142857142857142,,,,,1.0,,3.0,0.25,,0.14285714285714285,0.25,0.041666666666666664,0.5,,,,1.0,,,,,,,
40:00,84,86,26.0,8,170,25.0,37.0,3.0,6.0,1.0,8,1.0,3.0,5.0,7,14,,1.0,1.0,3.0,27,48,10,19,27,111,3.0,7.0,,1.0,2.0,8.0,6.0,12.0,2.0,4.0,16.0,34.0,28,26,27.0,3.0,6.0,14,7,4.0,14,9.0,23,6.0,14.0,,,55,2.0,7.0,12,21,3.0,36,9,45,6,6.0,,4,4.0,3.0,8.0,1.0,12,3.0,7,24,3.0,23,,33,5.0,14,,6.0,,,3.0,3.0,6.0,3.0,103,34.0,26.0,0.5185185185185185,0.5833333333333334,0.9,0.5263157894736842,,0.5,0.5263157894736842,0.5625,0.42857142857142855,0.5,0.6268656716417911,0.375,0.5625,0.6851851851851852,0.4444444444444444,0.7083333333333334,0.2835820895522388,0.08333333333333333,0.25,,0.3333333333333333,1.0,0.7777777777777778,0.35,0.75,0.2222222222222222,0.7674418604651163,0.3103448275862069,0.42857142857142855,,0.14285714285714285,0.7272727272727273,0.8181818181818182,0.8,0.8461538461538461,0.3333333333333333,102.0,0.5,13.984523809523811,14.247674418604651,13.639285714285714,13.38720930232558,0.5522388059701493,0.6756756756756757,0.7142857142857143,0.56,0.11940298507462686,0.125,0.16666666666666666,,0.04477611940298507,0.3333333333333333,0.3333333333333333,,0.07462686567164178,0.208955223880597,0.5,0.5,0.8571428571428571,0.75,0.5,0.125,,0.1875,0.3333333333333333,0.835820895522388,0.5,0.5741917910447761,0.6310916666666667,0.486528125,0.18421052631578946,0.24561403508771928,,0.07207207207207207,0.3063063063063063,3.6750000000000003,25.49473684210526,0.30952380952380953,2026-06-27,1022600139,LAS,1611661325,IND,IND,25.0,5.0,7.0,3.0,1.0,1.0,,3.0,,,,1.0,2.0,,,5.0,5.0,,0.05405405405405406,,0.6,0.6,1.0,0.4375,0.7142857142857143,0.0625,1.0,,,,,,4.0,,,0.3333333333333333,0.5,,,,,,,1.0,,,,,,
40:00,72,73,17.0,13,145,6.0,11.0,2.0,2.0,12.0,28,3.0,8.0,4.0,8,19,1.0,4.0,2.0,4.0,21,47,9,23,15,84,5.0,8.0,1.0,4.0,,13.0,4.0,9.0,2.0,6.0,4.0,18.0,20,22,24.0,3.0,6.0,19,8,1.0,10,8.0,18,7.0,3.0,5.0,2.0,44,6.0,8.0,10,14,4.0,28,15,43,5,5.0,,5,1.0,3.0,2.0,2.0,7,1.0,10,20,1.0,17,1.0,20,1.0,8,1.0,3.0,,,1.0,2.0,3.0,2.0,71,18.0,17.0,0.47619047619047616,0.5555555555555556,0.8888888888888888,0.391304347826087,0.25,0.3333333333333333,0.391304347826087,0.44680851063829785,0.625,0.4444444444444444,0.4928571428571429,0.5416666666666666,0.4666666666666667,0.5316455696202531,0.5416666666666666,0.5,0.32857142857142857,0.02127659574468085,,,0.7142857142857143,1.0,0.7777777777777778,0.3076923076923077,0.7142857142857143,0.42857142857142855,0.75,0.35,0.375,0.2,0.45454545454545453,0.5,0.8,0.8333333333333334,0.7777777777777778,0.6,87.0,0.6666666666666666,16.71527777777778,16.39041095890411,15.770833333333334,15.653424657534247,0.15714285714285714,0.5454545454545454,0.6,0.5,0.4,0.42857142857142855,0.42857142857142855,0.4166666666666667,0.11428571428571428,0.375,0.375,0.6666666666666666,0.05714285714285714,0.2714285714285714,0.42105263157894735,0.42105263157894735,0.875,0.16666666666666666,1.0,0.3333333333333333,0.25,0.26666666666666666,0.5,0.4857142857142857,0.42105263157894735,0.47466642857142854,0.5272555555555556,0.5112099999999999,0.11538461538461539,0.14814814814814814,0.041666666666666664,0.15476190476190477,0.21428571428571427,7.659574468085107,24.982608695652175,0.2361111111111111,2026-07-05,1022600153,LVA,1611661325,IND,IND,22.0,2.0,6.0,1.0,,2.0,,1.0,,,3.0,,2.0,,,1.0,1.0,,0.09090909090909091,,0.25,0.25,1.0,0.4,0.3333333333333333,0.13333333333333333,,,,1.0,6.0,,3.0,,0.5,0.2,0.3333333333333333,0.15384615384615385,,,,,,,,,,,,
40:00,91,91,14.0,12,182,8.0,10.0,2.0,3.0,10.0,25,4.0,8.0,6.0,10,28,,,3.0,5.0,22,43,11,34,15,92,5.0,9.0,,,5.0,15.0,2.0,4.0,3.0,7.0,4.0,17.0,24,20,18.0,15.0,2.0,28,10,,12,6.0,18,6.0,5.0,4.0,3.0,42,7.0,7.0,7,23,1.0,31,14,45,8,6.0,2.0,11,1.0,9.0,6.0,2.0,17,1.0,8,22,3.0,18,1.0,21,1.0,9,,5.0,,,,5.0,5.0,4.0,77,17.0,14.0,0.5454545454545454,0.5714285714285714,0.5454545454545454,0.3235294117647059,,0.42857142857142855,0.3235294117647059,0.5116279069767442,0.5555555555555556,0.5,0.5,0.5555555555555556,0.5909090909090909,0.5287356321839081,0.5769230769230769,0.6538461538461539,0.44155844155844154,,,,0.6470588235294118,0.5,0.8518518518518519,0.3333333333333333,0.7,0.30434782608695654,0.8108108108108109,0.3181818181818182,0.3333333333333333,0.25,0.3888888888888889,0.6666666666666666,0.85,1.0,0.6666666666666666,0.75,109.2,0.8,13.868131868131869,12.505494505494505,13.054945054945055,12.253846153846153,0.12987012987012986,0.8,0.8,0.625,0.3246753246753247,0.4,0.4,0.4,0.1038961038961039,0.5,0.5,0.75,0.07792207792207792,0.36363636363636365,0.35714285714285715,0.35714285714285715,0.6,0.3333333333333333,0.6666666666666666,,,0.45454545454545453,0.6,0.5714285714285714,0.35714285714285715,0.4868383116883117,0.43365,0.49578181818181816,0.10588235294117647,0.17647058823529413,,0.16304347826086957,0.18478260869565216,7.597674418604651,25.070588235294117,0.15384615384615385,2026-07-08,1022600161,LAS,1611661325,IND,IND,28.0,1.0,1.0,1.0,,2.0,,,,,1.0,1.0,1.0,1.0,1.0,2.0,2.0,,,,0.16666666666666666,0.16666666666666666,,0.09090909090909091,1.0,0.18181818181818182,,,,,2.0,,2.0,,,0.5,,0.045454545454545456,0.5,,,,,,,,,,,
40:00,77,78,7.0,6,155,3.0,5.0,,,15.0,27,5.0,11.0,5.0,10,22,1.0,2.0,,,23,43,12,27,10,92,1.0,6.0,1.0,2.0,,5.0,3.0,5.0,,,4.0,10.0,14,32,33.0,3.0,2.0,22,10,1.0,7,11.0,18,9.0,2.0,3.0,2.0,47,2.0,7.0,11,15,1.0,27,9,36,8,5.0,3.0,4,1.0,1.0,8.0,3.0,12,,5,16,3.0,14,,10,,4,,4.0,,,2.0,2.0,4.0,3.0,87,10.0,7.0,0.30434782608695654,0.3181818181818182,0.9166666666666666,0.4444444444444444,0.5,,0.4444444444444444,0.5348837209302325,0.16666666666666666,0.6,0.5857142857142857,0.3125,0.6,0.6133333333333333,0.3125,0.7142857142857143,0.38571428571428573,0.023255813953488372,,,0.3333333333333333,1.0,0.75,0.35,0.8461538461538461,0.14285714285714285,0.7878787878787878,0.2647058823529412,0.3333333333333333,0.3333333333333333,0.09090909090909091,0.8,0.7692307692307693,0.5,1.0,0.3333333333333333,93.0,0.75,16.372727272727275,14.606410256410255,15.71038961038961,14.106410256410255,0.07142857142857142,0.6,0.75,0.6666666666666666,0.38571428571428573,0.5555555555555556,0.5555555555555556,0.2,0.15714285714285714,0.45454545454545453,0.45454545454545453,0.4,0.07142857142857142,0.3142857142857143,0.45454545454545453,0.45454545454545453,0.9,,,0.25,0.5,,,0.45714285714285713,0.45454545454545453,0.45289714285714283,0.39771875,0.31802,0.05405405405405406,0.0851063829787234,,0.05434782608695652,0.10869565217391304,9.127906976744185,24.65555555555556,0.09090909090909091,2026-07-09,1022600163,PHX,1611661325,IND,IND,21.0,,,2.0,,,,2.0,,,1.0,,1.0,,2.0,1.0,1.0,,0.2,,0.4,0.4,1.0,,,,,,,,3.0,1.0,,,,0.5,0.3333333333333333,0.09090909090909091,,,,,,1.0,,1.0,,,,
40:00,78,80,11.0,8,158,8.0,12.0,,1.0,11.0,18,4.0,7.0,3.0,13,28,2.0,2.0,4.0,7.0,23,37,15,31,18,109,2.0,3.0,3.0,3.0,,13.0,2.0,2.0,4.0,7.0,6.0,22.0,16,30,30.0,15.0,4.0,28,13,4.0,8,10.0,18,8.0,5.0,3.0,,46,5.0,3.0,10,20,1.0,31,8,39,6,4.0,2.0,4,2.0,2.0,6.0,2.0,10,,7,17,1.0,19,1.0,19,2.0,8,1.0,1.0,,,,1.0,1.0,,96,22.0,11.0,0.34782608695652173,0.38095238095238093,0.6666666666666666,0.4838709677419355,1.0,0.5714285714285714,0.4838709677419355,0.6216216216216216,0.6666666666666666,1.0,0.6691176470588235,1.0833333333333333,0.8888888888888888,0.7171052631578947,1.0833333333333333,0.9166666666666666,0.45588235294117646,0.10810810810810811,0.05555555555555555,,0.4,0.5,0.6896551724137931,0.21428571428571427,0.8333333333333334,0.3333333333333333,0.7317073170731707,0.27586206896551724,0.2857142857142857,,0.35714285714285715,0.3333333333333333,0.6842105263157895,0.8571428571428571,0.9090909090909091,,94.8,,15.075641025641026,15.30125,14.638461538461542,14.58875,0.17647058823529413,0.6666666666666666,0.8888888888888888,0.625,0.2647058823529412,0.6111111111111112,0.6470588235294118,0.2727272727272727,0.10294117647058823,0.5714285714285714,0.5714285714285714,,0.04411764705882353,0.4117647058823529,0.4642857142857143,0.4642857142857143,0.6153846153846154,0.16666666666666666,,0.3333333333333333,1.0,0.7777777777777778,0.5714285714285714,0.6323529411764706,0.4642857142857143,0.4805507462686567,0.46285,0.4441777777777778,0.12,0.18604651162790697,0.03125,0.11926605504587157,0.2018348623853211,7.4270270270270276,26.283870967741933,0.14102564102564102,2026-07-12,1022600174,LVA,1611661325,IND,IND,13.0,,,2.0,,,,2.0,,1.0,2.0,,1.0,,,1.0,1.0,,0.25,,0.6666666666666666,0.6666666666666666,1.0,,,,,1.0,1.0,,,,3.0,,,0.25,,,,0.16666666666666666,1.0,1.0,,,,1.0,,,,
40:00,77,78,13.0,11,155,13.0,23.0,1.0,3.0,3.0,9,2.0,10.0,6.0,7,19,1.0,3.0,,,18,42,9,25,12,75,2.0,8.0,2.0,4.0,2.0,12.0,3.0,7.0,,2.0,3.0,9.0,16,20,18.0,9.0,,19,7,4.0,8,6.0,14,4.0,6.0,2.0,,34,6.0,8.0,9,11,1.0,21,14,35,8,4.0,4.0,9,1.0,6.0,7.0,3.0,16,1.0,7,19,2.0,15,,16,,6,,2.0,,,,2.0,2.0,2.0,63,9.0,13.0,0.4444444444444444,0.4444444444444444,0.6666666666666666,0.36,0.5,,0.36,0.42857142857142855,0.25,0.42857142857142855,0.4701492537313433,0.4166666666666667,0.3333333333333333,0.5067567567567568,0.46153846153846156,0.4090909090909091,0.373134328358209,0.09523809523809523,,0.2,0.5625,1.0,0.9166666666666666,0.3333333333333333,0.5625,0.375,0.7142857142857143,0.35,0.16666666666666666,0.625,0.3333333333333333,1.0,0.8333333333333334,1.0,0.6666666666666666,0.25,93.0,1.0,14.074025974025975,16.875641025641023,13.202597402597403,15.875641025641025,0.34328358208955223,0.5652173913043478,0.6190476190476191,0.46153846153846156,0.13432835820895522,0.3333333333333333,0.3333333333333333,0.6666666666666666,0.14925373134328357,0.2,0.25,,0.08955223880597014,0.2835820895522388,0.3684210526315789,0.3684210526315789,0.5714285714285714,0.25,0.3333333333333333,0.25,0.3333333333333333,,,0.7164179104477612,0.3684210526315789,0.5065231343283582,0.4188642857142857,0.5153666666666666,0.0821917808219178,0.125,,0.16,0.12,7.371428571428572,26.372,0.16883116883116883,2026-07-15,1022600181,GSV,1611661325,IND,IND,15.0,2.0,4.0,2.0,,2.0,,2.0,1.0,,1.0,,,,3.0,1.0,1.0,,0.08695652173913043,,0.3333333333333333,0.3333333333333333,1.0,0.4444444444444444,0.5,0.2222222222222222,,1.0,1.0,,3.0,2.0,2.0,,,0.2,0.5,0.08333333333333333,,0.08333333333333333,1.0,1.0,,1.0,,1.0,,,,
39:59,85,84,31.0,13,169,20.0,30.0,4.0,7.0,2.0,7,4.0,12.0,2.0,10,21,,,6.0,11.0,26,49,10,23,28,110,5.0,10.0,,1.0,2.0,12.0,8.0,17.0,6.0,12.0,9.0,43.0,34,18,12.0,18.0,4.0,21,10,2.0,17,4.0,21,4.0,15.0,1.0,1.0,46,4.0,10.0,6,10,2.0,18,14,32,12,9.0,3.0,8,1.0,7.0,5.0,1.0,13,3.0,9,17,2.0,24,3.0,31,3.0,10,2.0,3.0,,,3.0,,3.0,1.0,98,39.0,29.0,0.6538461538461539,0.7083333333333334,0.4,0.43478260869565216,,0.5,0.43478260869565216,0.5306122448979592,0.5,0.47058823529411764,0.5694444444444444,0.45454545454545453,0.5862068965517241,0.6470588235294118,0.5,0.6323529411764706,0.3194444444444444,0.04081632653061224,0.14285714285714285,,0.6153846153846154,1.0,0.5,0.45454545454545453,0.5454545454545454,0.3076923076923077,0.5161290322580645,0.4,,0.42857142857142855,0.2727272727272727,0.47058823529411764,0.6666666666666666,,0.5,1.0,101.40000000000008,0.3333333333333333,14.43764705882353,13.961904761904737,13.608235294117648,13.241666666666642,0.4166666666666667,0.6666666666666666,0.6896551724137931,0.75,0.09722222222222222,0.2857142857142857,0.3333333333333333,0.5,0.16666666666666666,0.3333333333333333,0.3333333333333333,0.25,0.027777777777777776,0.2916666666666667,0.47619047619047616,0.5,0.4,0.6363636363636364,0.5714285714285714,,,0.3793103448275862,0.5454545454545454,0.7361111111111112,0.47619047619047616,0.5311895833333333,0.55305,0.5130413793103448,0.14814814814814814,0.17857142857142858,0.08,0.10909090909090909,0.39090909090909093,6.2693877551020405,27.308695652173913,0.36470588235294116,2026-07-17,1022600184,SEA,1611661325,IND,IND,8.0,7.0,10.0,,,1.0,1.0,,,,2.0,,,,1.0,4.0,2.0,0.043478260869565216,0.03333333333333333,0.047619047619047616,,,,0.3448275862068966,0.7,0.034482758620689655,,,1.0,,3.0,1.0,1.0,,,0.7,0.5,0.09375,0.5,0.09090909090909091,,,,1.0,,,,,,
40:00,83,83,30.0,10,166,18.0,28.0,4.0,6.0,2.0,6,3.0,7.0,6.0,9,22,3.0,4.0,5.0,8.0,23,41,14,28,20,108,4.0,6.0,3.0,5.0,1.0,18.0,5.0,16.0,6.0,9.0,10.0,38.0,18,28,39.0,3.0,2.0,22,9,5.0,9,13.0,22,8.0,8.0,,1.0,57,3.0,8.0,14,13,3.0,30,11,41,7,7.0,,8,2.0,4.0,9.0,4.0,17,4.0,12,24,3.0,24,3.0,27,6.0,12,3.0,5.0,,,5.0,,5.0,2.0,90,38.0,30.0,0.391304347826087,0.4090909090909091,0.9285714285714286,0.5,0.6,0.6666666666666666,0.5,0.5609756097560976,0.6666666666666666,0.3125,0.6376811594202898,0.7727272727272727,0.56,0.6923076923076923,0.8181818181818182,0.6129032258064516,0.4057971014492754,0.12195121951219512,,,0.47058823529411764,0.6,0.7222222222222222,0.4444444444444444,0.8235294117647058,0.25,0.7714285714285715,0.36666666666666664,0.75,0.5,0.2727272727272727,0.6666666666666666,0.8,0.75,0.75,1.0,99.6,0.4,13.59156626506024,15.32409638554217,13.077108433734939,14.73132530120482,0.4057971014492754,0.6428571428571429,0.782608695652174,0.4444444444444444,0.08695652173913043,0.3333333333333333,0.3333333333333333,,0.10144927536231885,0.42857142857142855,0.42857142857142855,0.3333333333333333,0.08695652173913043,0.3188405797101449,0.4090909090909091,0.42857142857142855,0.8888888888888888,0.5454545454545454,0.6666666666666666,0.36363636363636365,0.75,0.32,0.625,0.8115942028985508,0.4090909090909091,0.5521492647058823,0.59252,0.5276729166666666,0.18421052631578946,0.2553191489361702,0.06896551724137931,0.16666666666666666,0.35185185185185186,5.170731707317073,27.150000000000002,0.3614457831325301,2026-07-18,1022600188,NYL,1611661325,IND,IND,30.0,3.0,8.0,5.0,1.0,1.0,1.0,5.0,,2.0,,,,,3.0,1.0,1.0,0.03571428571428571,0.17857142857142858,0.045454545454545456,0.8333333333333334,0.8333333333333334,1.0,0.32,0.375,0.04,1.0,,1.0,,3.0,,1.0,,,0.3,,0.125,0.25,0.09090909090909091,,,,,,1.0,1.0,,,
40:00,86,86,31.0,10,172,16.0,21.0,4.0,5.0,17.0,28,1.0,2.0,4.0,10,18,1.0,2.0,1.0,4.0,34,51,11,22,22,123,5.0,7.0,1.0,2.0,,13.0,10.0,15.0,2.0,6.0,15.0,41.0,40,28,27.0,6.0,2.0,18,10,4.0,20,9.0,29,8.0,10.0,9.0,1.0,67,5.0,5.0,8,20,3.0,31,10,41,7,7.0,,8,2.0,5.0,7.0,3.0,15,5.0,7,18,3.0,25,1.0,27,5.0,9,,7.0,,,3.0,4.0,7.0,3.0,110,41.0,31.0,0.5882352941176471,0.6060606060606061,0.8181818181818182,0.5,0.5,0.3333333333333333,0.5,0.6666666666666666,0.7142857142857143,0.6666666666666666,0.6917808219178082,0.7222222222222222,0.6190476190476191,0.7349397590361446,0.7222222222222222,0.7068965517241379,0.3013698630136986,0.0784313725490196,0.07142857142857142,,0.5333333333333333,1.0,0.625,0.3333333333333333,0.6666666666666666,0.45454545454545453,0.6363636363636364,0.38461538461538464,0.3333333333333333,1.0,0.375,0.5555555555555556,0.7333333333333333,0.5,0.6363636363636364,1.0,103.2,0.42857142857142855,13.489534883720928,14.417441860465118,13.034883720930232,13.82093023255814,0.2876712328767123,0.7619047619047619,0.8421052631578947,0.625,0.3835616438356164,0.6071428571428571,0.6538461538461539,0.5294117647058824,0.0273972602739726,0.5,0.5,1.0,0.0547945205479452,0.2465753424657534,0.5555555555555556,0.5555555555555556,0.8,0.5555555555555556,0.8,0.2222222222222222,0.5,0.19047619047619047,0.25,0.589041095890411,0.5555555555555556,0.5089575342465753,0.44471,0.4805857142857143,0.11688311688311688,0.16363636363636364,,0.10569105691056911,0.3333333333333333,5.764705882352941,25.66818181818182,0.36046511627906974,2026-07-22,1022600201,CON,1611661325,IND,IND,19.0,3.0,5.0,1.0,1.0,2.0,,1.0,,,1.0,,,,2.0,6.0,6.0,,0.09523809523809523,,0.25,0.25,1.0,0.23809523809523808,0.6,0.09523809523809523,0.5,,,,4.0,,1.0,,,0.2,0.6666666666666666,0.18181818181818182,0.5,,,,1.0,,,1.0,,,,
40:00,80,79,21.0,10,159,13.0,15.0,2.0,4.0,4.0,17,3.0,8.0,2.0,12,22,,1.0,4.0,8.0,20,40,13,24,26,105,2.0,4.0,,1.0,2.0,6.0,1.0,4.0,5.0,9.0,10.0,27.0,16,24,24.0,15.0,2.0,22,12,2.0,8,8.0,16,7.0,7.0,1.0,,40,4.0,6.0,14,15,5.0,34,10,44,3,3.0,,6,,5.0,7.0,1.0,13,4.0,11,21,2.0,22,1.0,26,2.0,11,,3.0,,,2.0,1.0,3.0,2.0,99,27.0,21.0,0.4,0.42105263157894735,0.6153846153846154,0.5416666666666666,,0.5555555555555556,0.5416666666666666,0.5,0.5,0.25,0.6171875,0.4,0.6538461538461539,0.6907894736842105,0.5,0.75,0.375,0.05,0.11764705882352941,,0.46153846153846156,1.0,0.625,0.3,0.6363636363636364,0.36363636363636365,0.6304347826086957,0.3225806451612903,0.3076923076923077,0.4,0.3,0.7272727272727273,0.45454545454545453,1.0,0.7777777777777778,,95.4,0.6666666666666666,14.26125,15.937974683544303,13.747500000000002,14.60506329113924,0.234375,0.8666666666666667,0.8666666666666667,0.5384615384615384,0.265625,0.23529411764705882,0.26666666666666666,0.25,0.125,0.375,0.375,,0.03125,0.34375,0.5454545454545454,0.5454545454545454,0.5833333333333334,0.8,0.5,0.2,,0.6153846153846154,0.5,0.609375,0.5454545454545454,0.47739140625,0.5924833333333334,0.4546307692307692,0.1506849315068493,0.22448979591836735,,0.05714285714285714,0.2571428571428571,8.16,25.058333333333334,0.2625,2026-07-28,1022600205,SEA,1611661325,IND,IND,21.0,1.0,1.0,1.0,1.0,1.0,,1.0,,1.0,3.0,,,,1.0,3.0,3.0,,,,0.5,0.5,1.0,0.07692307692307693,1.0,0.07692307692307693,1.0,,,,,2.0,3.0,,,,1.0,,0.5,,,,,,,,,,,
40:00,86,87,26.0,11,173,14.0,20.0,1.0,1.0,11.0,15,1.0,4.0,4.0,9,25,2.0,5.0,5.0,9.0,26,39,10,29,30,112,1.0,2.0,2.0,5.0,8.0,16.0,7.0,9.0,5.0,9.0,11.0,40.0,36,16,18.0,12.0,,25,9,3.0,18,6.0,24,5.0,12.0,6.0,,54,7.0,6.0,11,12,2.0,25,13,38,14,10.0,4.0,8,,2.0,7.0,6.0,15,5.0,7,21,4.0,24,2.0,34,1.0,10,1.0,3.0,1.0,1.0,1.0,2.0,4.0,3.0,96,40.0,26.0,0.6923076923076923,0.6923076923076923,0.6,0.3448275862068966,0.4,0.5555555555555556,0.3448275862068966,0.6666666666666666,0.5,0.7777777777777778,0.6029411764705882,0.5714285714285714,0.8055555555555556,0.6666666666666666,0.7272727272727273,0.8333333333333334,0.4264705882352941,0.07692307692307693,0.13333333333333333,,0.5333333333333333,1.0,0.8,0.46153846153846156,0.6470588235294118,0.3684210526315789,0.71875,0.40625,0.5,0.6666666666666666,0.375,0.5714285714285714,1.0,1.0,0.8181818181818182,0.3333333333333333,103.8,0.75,13.803488372093023,13.941379310344828,13.129069767441859,13.4632183908046,0.29411764705882354,0.7,0.7368421052631579,0.8571428571428571,0.22058823529411764,0.7333333333333333,0.8461538461538461,0.5454545454545454,0.058823529411764705,0.25,0.25,,0.058823529411764705,0.36764705882352944,0.36,0.36,0.5555555555555556,0.14285714285714285,1.0,0.7142857142857143,0.4,0.5,0.5555555555555556,0.7205882352941176,0.36,0.5038801470588234,0.46287,0.5021222222222222,0.14102564102564102,0.20833333333333334,0.03333333333333333,0.14285714285714285,0.35714285714285715,5.994871794871795,24.53793103448276,0.3023255813953488,2026-07-31,1022600215,PDX,1611661325,IND,IND,19.0,3.0,5.0,1.0,,,,1.0,,,2.0,,1.0,,3.0,6.0,6.0,,0.05,,0.25,0.25,1.0,0.2777777777777778,0.6,,,,,,,,3.0,,,0.3333333333333333,0.3333333333333333,,1.0,,,,,,,1.0,,,,
40:00,79,80,20.0,5,159,19.0,26.0,1.0,2.0,5.0,10,4.0,8.0,2.0,11,22,2.0,3.0,4.0,7.0,28,44,11,24,11,100,2.0,3.0,2.0,3.0,,10.0,4.0,8.0,4.0,8.0,2.0,22.0,34,22,30.0,3.0,2.0,22,11,3.0,17,10.0,27,10.0,11.0,4.0,2.0,64,3.0,3.0,8,12,3.0,23,6,29,4,2.0,2.0,6,2.0,5.0,6.0,1.0,12,6.0,7,15,1.0,16,,15,3.0,7,1.0,2.0,,,1.0,1.0,2.0,1.0,90,22.0,20.0,0.6071428571428571,0.6296296296296297,0.9090909090909091,0.4583333333333333,0.6666666666666666,0.5,0.4583333333333333,0.6363636363636364,0.6666666666666666,0.5,0.6544117647058824,0.8333333333333334,0.625,0.678082191780822,0.8333333333333334,0.6470588235294118,0.35294117647058826,0.06818181818181818,,0.125,0.5,1.0,0.6666666666666666,0.1875,0.6153846153846154,0.23076923076923078,0.6451612903225806,0.20689655172413793,0.2,0.25,0.18181818181818182,0.5714285714285714,0.8,0.6666666666666666,0.6,0.6666666666666666,95.39999999999993,0.5,15.575949367088633,14.61875,15.24430379746838,14.27625,0.38235294117647056,0.7307692307692307,0.7916666666666666,0.5789473684210527,0.14705882352941177,0.5,0.5,0.8,0.11764705882352941,0.5,0.5714285714285714,0.5,0.029411764705882353,0.3235294117647059,0.5,0.5,0.9090909090909091,0.3333333333333333,0.5,0.5,0.6666666666666666,0.4375,0.5714285714285714,0.7352941176470589,0.5,0.534114705882353,0.4953875,0.519109375,0.1095890410958904,0.14583333333333334,0.04,0.1,0.22,6.3931818181818185,25.016666666666666,0.25316455696202533,2026-08-02,1022600218,MIN,1611661325,IND,IND,16.0,3.0,6.0,,,1.0,,,1.0,1.0,,,1.0,,1.0,,,,0.07692307692307693,,,,,0.375,0.5,0.0625,,,,,1.0,,,,,0.14285714285714285,0.5,0.038461538461538464,,,,,1.0,,,1.0,,,,
45:00,91,92,18.0,9,183,14.0,26.0,2.0,3.0,7.0,14,3.0,7.0,1.0,6,19,,2.0,,3.0,24,47,7,20,15,84,2.0,5.0,,2.0,2.0,6.0,3.0,9.0,,3.0,5.0,11.0,26,22,9.0,12.0,4.0,19,6,4.0,13,3.0,16,2.0,6.0,6.0,1.0,35,1.0,7.0,14,21,2.0,37,9,46,10,10.0,,9,5.0,8.0,13.0,1.0,22,4.0,8,16,2.0,24,3.0,20,,7,,4.0,,,2.0,2.0,4.0,2.0,78,11.0,17.0,0.5416666666666666,0.5909090909090909,0.42857142857142855,0.35,,,0.35,0.5106382978723404,0.4,0.3333333333333333,0.5149253731343284,0.2857142857142857,0.25,0.5454545454545454,0.3333333333333333,0.34375,0.29850746268656714,0.0851063829787234,0.07142857142857142,,0.4090909090909091,1.0,0.6176470588235294,0.30434782608695654,0.8235294117647058,0.07692307692307693,0.6862745098039216,0.2222222222222222,0.42857142857142855,0.25,0.07692307692307693,0.3333333333333333,0.7692307692307693,0.6666666666666666,0.8125,1.0,97.6,0.5,13.696703296703298,15.799999999999999,13.163736263736265,15.166304347826086,0.3880597014925373,0.5384615384615384,0.6086956521739131,0.42857142857142855,0.208955223880597,0.5,0.5384615384615384,0.8571428571428571,0.1044776119402985,0.42857142857142855,0.42857142857142855,0.3333333333333333,0.014925373134328358,0.2835820895522388,0.3157894736842105,0.3157894736842105,0.3333333333333333,0.42857142857142855,0.6666666666666666,0.2857142857142857,,0.25,,0.6865671641791045,0.3157894736842105,0.5197589552238806,0.46421666666666667,0.48468333333333335,0.0945945945945946,0.12962962962962962,,0.07142857142857142,0.13095238095238096,6.321276595744681,27.135,0.1978021978021978,2026-08-06,1022600230,LVA,1611661325,IND,IND,18.0,2.0,4.0,1.0,,,,1.0,1.0,3.0,,,1.0,,3.0,3.0,2.0,,0.11538461538461539,,1.0,1.0,1.0,0.3333333333333333,0.5,,,,,1.0,4.0,1.0,1.0,,0.3333333333333333,0.25,,0.125,,,,,,,,,,,,
40:00,80,79,29.0,7,159,19.0,26.0,1.0,2.0,5.0,13,2.0,7.0,5.0,7,17,,3.0,3.0,5.0,26,46,9,22,11,90,1.0,3.0,,3.0,,2.0,11.0,18.0,3.0,6.0,8.0,39.0,32,20,21.0,6.0,,17,7,2.0,16,7.0,23,5.0,12.0,3.0,1.0,53,1.0,7.0,11,17,1.0,29,8,37,8,6.0,2.0,10,1.0,9.0,4.0,1.0,14,5.0,8,18,,22,2.0,16,2.0,4,,7.0,,,6.0,1.0,7.0,6.0,88,39.0,29.0,0.6153846153846154,0.6153846153846154,0.7777777777777778,0.4090909090909091,,0.5,0.4090909090909091,0.5652173913043478,0.3333333333333333,0.6111111111111112,0.5808823529411765,0.16666666666666666,0.6458333333333334,0.6013513513513513,0.16666666666666666,0.6964285714285714,0.3235294117647059,0.043478260869565216,0.07692307692307693,,0.7142857142857143,0.3333333333333333,0.7083333333333334,0.3684210526315789,0.9166666666666666,0.08333333333333333,0.7777777777777778,0.25806451612903225,0.42857142857142855,0.2,0.1111111111111111,0.6875,0.8333333333333334,0.5,0.8888888888888888,1.0,95.39999999999993,0.8571428571428571,15.0425,15.146835443037999,14.291250000000002,14.759493670886101,0.38235294117647056,0.7307692307692307,0.76,0.631578947368421,0.19117647058823528,0.38461538461538464,0.4166666666666667,0.6,0.10294117647058823,0.2857142857142857,0.2857142857142857,0.5,0.07352941176470588,0.25,0.4117647058823529,0.4117647058823529,0.7142857142857143,0.3333333333333333,0.5,0.5,,0.20833333333333334,0.6,0.7058823529411765,0.4117647058823529,0.5271676470588236,0.524075,0.5008666666666667,0.05714285714285714,0.08333333333333333,,0.022222222222222223,0.43333333333333335,5.923913043478261,25.077272727272728,0.3625,2026-08-08,1022600237,CHI,1611661325,IND,IND,18.0,6.0,8.0,2.0,,1.0,,2.0,2.0,,1.0,,1.0,,1.0,4.0,4.0,,0.038461538461538464,,0.4,0.4,1.0,0.3333333333333333,0.75,0.041666666666666664,,,,,1.0,,2.0,,,0.42857142857142855,,0.034482758620689655,1.0,,,,1.0,,,,,,,
40:00,81,83,17.0,7,164,10.0,16.0,2.0,2.0,8.0,21,3.0,7.0,8.0,10,17,1.0,2.0,1.0,2.0,21,44,16,25,16,106,2.0,3.0,3.0,4.0,,13.0,4.0,7.0,2.0,4.0,9.0,23.0,22,20,33.0,15.0,2.0,17,10,5.0,11,11.0,22,5.0,6.0,4.0,1.0,55,2.0,5.0,14,11,1.0,26,7,33,7,7.0,,7,,3.0,4.0,4.0,11,1.0,7,17,1.0,18,,19,2.0,7,,2.0,2.0,2.0,1.0,1.0,4.0,3.0,93,23.0,17.0,0.5238095238095238,0.55,0.6875,0.64,0.75,0.5,0.64,0.4772727272727273,0.6666666666666666,0.5714285714285714,0.6521739130434783,0.9285714285714286,0.6363636363636364,0.6883116883116883,0.9285714285714286,0.71875,0.36231884057971014,0.11363636363636363,0.14285714285714285,,0.6363636363636364,1.0,0.6875,0.21739130434782608,0.6086956521739131,0.2222222222222222,0.6410256410256411,0.21875,0.3076923076923077,,0.2857142857142857,0.6,0.7,1.0,0.6470588235294118,0.5,98.4,0.75,14.61111111111111,14.656626506024097,14.154320987654321,13.778313253012048,0.2318840579710145,0.625,0.7142857142857143,0.6,0.30434782608695654,0.38095238095238093,0.4444444444444444,0.5,0.10144927536231885,0.42857142857142855,0.42857142857142855,0.3333333333333333,0.11594202898550725,0.2463768115942029,0.5882352941176471,0.5882352941176471,0.5,0.2857142857142857,1.0,0.2857142857142857,0.5,0.18181818181818182,0.5,0.5942028985507246,0.5882352941176471,0.48551376811594205,0.529975,0.5024454545454545,0.0945945945945946,0.14285714285714285,,0.12264150943396226,0.2169811320754717,7.6909090909090905,25.108,0.20987654320987653,2026-08-11,1022600245,NYL,1611661325,IND,IND,17.0,4.0,6.0,6.0,1.0,2.0,,6.0,,,,1.0,,,1.0,3.0,3.0,,0.125,,0.75,0.75,1.0,0.5454545454545454,0.6666666666666666,0.18181818181818182,0.5,2.0,2.0,,2.0,1.0,,,,0.16666666666666666,,0.07407407407407407,0.5,0.2857142857142857,1.0,1.0,1.0,,,,,,,
40:00,81,81,23.0,10,162,14.0,25.0,4.0,4.0,13.0,20,3.0,5.0,2.0,9,22,,,3.0,4.0,30,50,9,24,11,98,5.0,6.0,,,,10.0,7.0,13.0,3.0,6.0,3.0,26.0,22,38,9.0,18.0,10.0,22,9,6.0,11,3.0,14,3.0,6.0,5.0,,31,3.0,7.0,12,16,1.0,29,10,39,4,3.0,1.0,3,3.0,2.0,6.0,1.0,9,3.0,8,21,2.0,19,3.0,13,,5,1.0,2.0,,,,1.0,2.0,1.0,88,26.0,23.0,0.36666666666666664,0.44,0.3333333333333333,0.375,,0.5,0.375,0.6,0.8333333333333334,0.5384615384615384,0.5878378378378378,0.8333333333333334,0.6052631578947368,0.6125,0.8333333333333334,0.6190476190476191,0.32432432432432434,0.12,0.1,,0.3333333333333333,1.0,0.8888888888888888,0.35,0.5714285714285714,0.2,0.717948717948718,0.2857142857142857,0.2857142857142857,,0.23076923076923078,1.0,0.8,1.0,0.5,0.7142857142857143,97.2,0.5,12.609876543209877,17.01975308641975,12.423456790123456,16.220987654320986,0.33783783783783783,0.56,0.6666666666666666,0.42857142857142855,0.2702702702702703,0.65,0.7222222222222222,0.38461538461538464,0.06756756756756757,0.6,0.6,,0.02702702702702703,0.2972972972972973,0.4090909090909091,0.4090909090909091,0.3333333333333333,0.6666666666666666,1.0,,,0.21052631578947367,0.75,0.6621621621621622,0.4090909090909091,0.505270945945946,0.50786,0.4727394736842105,0.075,0.09090909090909091,0.04,0.10204081632653061,0.2653061224489796,5.9,25.791666666666668,0.2839506172839506,2026-08-14,1022600254,DAL,1611661325,IND,IND,21.0,2.0,5.0,,,2.0,,,,1.0,3.0,,2.0,,1.0,,,,0.16,,,,,0.2631578947368421,0.4,0.10526315789473684,,,,,2.0,,3.0,,,0.45454545454545453,,0.06896551724137931,,,,,,1.0,,,,1.0,,
45:00,89,91,20.0,13,180,20.0,31.0,6.0,6.0,4.0,13,6.0,13.0,3.0,5,21,,,,5.0,30,57,6,24,17,95,8.0,10.0,,,4.0,20.0,5.0,13.0,1.0,6.0,6.0,19.0,30,30,9.0,9.0,10.0,21,5,4.0,15,3.0,18,3.0,9.0,2.0,4.0,39,4.0,9.0,18,15,,33,13,46,8,5.0,3.0,2,2.0,1.0,7.0,1.0,9,2.0,13,19,3.0,24,3.0,23,1.0,11,,6.0,,,4.0,2.0,6.0,2.0,75,17.0,19.0,0.5,0.6,0.5,0.25,,0.16666666666666666,0.25,0.5263157894736842,0.8,0.38461538461538464,0.48148148148148145,0.8,0.34210526315789475,0.5163043478260869,0.8333333333333334,0.4318181818181818,0.2962962962962963,0.07017543859649122,0.15384615384615385,,0.2222222222222222,,0.5172413793103449,0.3333333333333333,0.75,0.2222222222222222,0.6226415094339622,0.28888888888888886,0.2222222222222222,0.14285714285714285,0.25,0.5294117647058824,0.5454545454545454,,0.75,0.75,96.0,0.3333333333333333,14.67303370786517,15.319780219780219,14.358426966292136,14.346153846153847,0.38271604938271603,0.6451612903225806,0.6896551724137931,0.45,0.16049382716049382,0.3076923076923077,0.36363636363636365,0.5,0.16049382716049382,0.46153846153846156,0.46153846153846156,0.6666666666666666,0.037037037037037035,0.25925925925925924,0.23809523809523808,0.23809523809523808,0.6,0.6,1.0,,,0.2631578947368421,,0.6790123456790124,0.23809523809523808,0.524099375,0.5144,0.5331657894736842,0.12087912087912088,0.16417910447761194,,0.21052631578947367,0.2,6.980701754385964,24.941666666666666,0.2247191011235955,2026-08-16,1022600261,ATL,1611661325,IND,IND,15.0,4.0,8.0,1.0,1.0,1.0,,,,,,,1.0,,1.0,1.0,,,0.06451612903225806,,0.3333333333333333,0.3333333333333333,,0.42105263157894735,0.5,0.05263157894736842,1.0,,,,1.0,2.0,,,,0.5454545454545454,,0.024390243902439025,0.16666666666666666,,,,,,,,,,,
40:00,84,86,35.0,9,170,15.0,26.0,2.0,3.0,10.0,15,1.0,4.0,4.0,9,21,1.0,3.0,4.0,7.0,26,45,11,25,16,101,3.0,4.0,1.0,3.0,,9.0,8.0,17.0,6.0,10.0,7.0,41.0,26,26,21.0,12.0,4.0,21,9,6.0,13,7.0,20,5.0,9.0,3.0,1.0,47,4.0,5.0,14,15,3.0,32,10,42,7,4.0,3.0,6,1.0,5.0,11.0,1.0,17,5.0,9,22,3.0,20,1.0,19,2.0,5,1.0,3.0,,,2.0,1.0,3.0,1.0,92,41.0,35.0,0.5,0.5416666666666666,0.6363636363636364,0.44,0.3333333333333333,0.6,0.44,0.5777777777777777,0.75,0.47058823529411764,0.6071428571428571,0.6428571428571429,0.6296296296296297,0.6474358974358975,0.6428571428571429,0.6612903225806451,0.35714285714285715,0.13333333333333333,0.06666666666666667,,0.35294117647058826,1.0,0.5555555555555556,0.2777777777777778,0.5833333333333334,0.2857142857142857,0.5686274509803921,0.28125,,,0.25,0.5333333333333333,0.6666666666666666,0.3333333333333333,0.5789473684210527,0.6,102.0,0.3333333333333333,13.448809523809524,14.77093023255814,12.933333333333334,13.669767441860465,0.37142857142857144,0.5769230769230769,0.7142857142857143,0.6,0.21428571428571427,0.6666666666666666,0.7142857142857143,0.3,0.05714285714285714,0.25,0.25,1.0,0.05714285714285714,0.3,0.42857142857142855,0.42857142857142855,0.5555555555555556,0.42857142857142855,0.6666666666666666,0.42857142857142855,0.3333333333333333,0.25925925925925924,0.5714285714285714,0.7285714285714285,0.42857142857142855,0.5342492857142856,0.59587,0.538675925925926,0.08108108108108109,0.10416666666666667,0.038461538461538464,0.0891089108910891,0.40594059405940597,5.322222222222222,24.691999999999997,0.4166666666666667,2026-08-18,1022600264,TOR,1611661325,IND,IND,22.0,6.0,11.0,2.0,2.0,3.0,,2.0,,,4.0,,1.0,,1.0,4.0,4.0,,0.19230769230769232,,0.5,0.5,1.0,0.4074074074074074,0.5454545454545454,0.1111111111111111,0.6666666666666666,,,1.0,,4.0,2.0,,0.3333333333333333,0.5,0.5,,,,,,,,,,,,,
40:00,80,83,19.0,13,163,17.0,30.0,3.0,8.0,7.0,17,3.0,5.0,4.0,4,13,,1.0,1.0,3.0,27,52,6,17,26,98,6.0,11.0,,1.0,3.0,15.0,6.0,13.0,2.0,5.0,11.0,29.0,34,20,15.0,3.0,6.0,13,4,5.0,17,5.0,22,3.0,10.0,6.0,1.0,49,2.0,12.0,16,17,1.0,34,15,49,4,3.0,1.0,6,,6.0,5.0,,11,1.0,9,17,3.0,24,1.0,34,4.0,16,,7.0,1.0,1.0,4.0,3.0,8.0,5.0,83,29.0,19.0,0.6296296296296297,0.7083333333333334,0.8333333333333334,0.35294117647058826,,0.4,0.35294117647058826,0.5192307692307693,0.5454545454545454,0.46153846153846156,0.5217391304347826,0.5,0.5,0.5833333333333334,0.5,0.58,0.2463768115942029,0.09615384615384616,0.23529411764705882,,0.5454545454545454,1.0,0.8095238095238095,0.48,0.8888888888888888,0.18181818181818182,0.8461538461538461,0.3888888888888889,0.5,0.5,0.2222222222222222,0.875,0.75,1.0,0.9333333333333333,0.6666666666666666,97.8,0.625,13.8875,15.53012048192771,13.375,15.310843373493976,0.43478260869565216,0.5666666666666667,0.5862068965517241,0.5882352941176471,0.2463768115942029,0.4117647058823529,0.5384615384615384,0.8571428571428571,0.07246376811594203,0.6,0.6,0.3333333333333333,0.057971014492753624,0.18840579710144928,0.3076923076923077,0.36363636363636365,0.75,0.6666666666666666,0.375,0.08333333333333333,,0.16666666666666666,0.3333333333333333,0.6811594202898551,0.3076923076923077,0.5366797101449275,0.5477090909090909,0.48611944444444444,0.19753086419753085,0.25,,0.15306122448979592,0.29591836734693877,4.994230769230769,24.370588235294118,0.2375,2026-05-09,1022600006,PDX,1611661329,CHI,CHI,9.0,2.0,5.0,2.0,1.0,2.0,2.0,2.0,,,,,2.0,,,3.0,3.0,0.11764705882352941,0.03333333333333333,0.15384615384615385,0.5,0.5,1.0,0.2777777777777778,0.4,0.1111111111111111,0.5,,,1.0,4.0,,1.0,,0.3333333333333333,0.46153846153846156,,0.13793103448275862,,,,,,1.0,,,,,,
40:00,75,75,15.0,12,150,10.0,20.0,,2.0,6.0,21,3.0,8.0,4.0,4,16,,1.0,1.0,3.0,19,49,6,20,13,69,2.0,7.0,,1.0,3.0,7.0,5.0,10.0,2.0,4.0,5.0,21.0,28,10,15.0,3.0,,16,4,8.0,14,5.0,19,3.0,8.0,4.0,2.0,43,6.0,8.0,13,21,1.0,35,14,49,7,5.0,2.0,3,2.0,2.0,6.0,1.0,9,,5,19,1.0,19,,21,1.0,11,,7.0,1.0,,4.0,3.0,8.0,3.0,62,21.0,15.0,0.7368421052631579,0.7368421052631579,0.8333333333333334,0.3,,0.5,0.3,0.3877551020408163,0.2857142857142857,0.5,0.4057971014492754,0.25,0.5714285714285714,0.43670886075949367,0.3181818181818182,0.6176470588235294,0.2898550724637681,0.16326530612244897,0.09523809523809523,,0.3333333333333333,1.0,0.6176470588235294,0.26666666666666666,0.6842105263157895,0.46153846153846156,0.6415094339622641,0.32558139534883723,0.3333333333333333,0.2,0.45454545454545453,0.2857142857142857,0.6666666666666666,0.8333333333333334,0.8461538461538461,0.3333333333333333,90.0,0.375,14.857333333333333,17.142666666666667,13.824,15.856,0.2898550724637681,0.5,0.7142857142857143,0.8,0.30434782608695654,0.2857142857142857,0.3157894736842105,0.6666666666666666,0.11594202898550725,0.375,0.375,0.6666666666666666,0.057971014492753624,0.2318840579710145,0.25,0.26666666666666666,0.75,0.25,,0.125,,0.21428571428571427,0.3333333333333333,0.5797101449275363,0.25,0.4756050724637681,0.3658,0.46922499999999995,0.13924050632911392,0.1864406779661017,,0.10144927536231885,0.30434782608695654,7.2673469387755105,23.985,0.2,2026-05-13,1022600017,GSV,1611661329,CHI,CHI,24.0,4.0,6.0,2.0,1.0,1.0,1.0,2.0,,,1.0,2.0,2.0,1.0,,,,0.05,0.3,0.0625,0.5,0.5,1.0,0.42857142857142855,0.6666666666666666,0.07142857142857142,1.0,,,,2.0,,3.0,,,0.2,0.5,0.058823529411764705,,,,,,,1.0,,,,,
40:00,82,83,15.0,8,165,4.0,7.0,1.0,1.0,16.0,30,3.0,9.0,6.0,2,16,1.0,1.0,1.0,3.0,23,46,6,22,19,83,3.0,5.0,1.0,1.0,1.0,10.0,5.0,8.0,1.0,3.0,8.0,21.0,22,24,15.0,3.0,4.0,16,2,6.0,11,5.0,16,1.0,2.0,7.0,2.0,37,2.0,4.0,11,14,1.0,26,8,34,5,4.0,1.0,5,,5.0,8.0,,13,1.0,11,30,3.0,22,3.0,26,5.0,14,,7.0,,,2.0,5.0,7.0,3.0,73,21.0,15.0,0.4782608695652174,0.5238095238095238,0.8333333333333334,0.2727272727272727,1.0,0.3333333333333333,0.2727272727272727,0.5,0.6,0.625,0.47058823529411764,0.75,0.5909090909090909,0.5256410256410257,0.7142857142857143,0.7,0.3235294117647059,0.13043478260869565,0.16666666666666666,,0.38461538461538464,0.5,0.6086956521739131,0.17391304347826086,0.7333333333333333,0.14285714285714285,0.6578947368421053,0.16216216216216217,0.21428571428571427,0.16666666666666666,0.08333333333333333,0.5,0.6111111111111112,0.6666666666666666,0.7857142857142857,,99.0,0.42857142857142855,14.25609756097561,14.831325301204819,13.865853658536585,13.975903614457831,0.10294117647058823,0.5714285714285714,0.6666666666666666,0.5,0.4411764705882353,0.5333333333333333,0.64,0.4375,0.1323529411764706,0.3333333333333333,0.3333333333333333,0.6666666666666666,0.08823529411764706,0.23529411764705882,0.125,0.13333333333333333,0.5,0.16666666666666666,1.0,0.16666666666666666,1.0,0.2727272727272727,0.3333333333333333,0.4264705882352941,0.125,0.4465661764705882,0.41767000000000004,0.43979545454545454,0.18181818181818182,0.2545454545454545,,0.12048192771084337,0.25301204819277107,8.369565217391305,24.745454545454546,0.18292682926829268,2026-05-15,1022600024,PHX,1611661329,CHI,CHI,43.0,2.0,3.0,4.0,,,1.0,4.0,,1.0,1.0,1.0,2.0,,1.0,1.0,1.0,0.045454545454545456,0.14285714285714285,0.0625,0.6666666666666666,0.6666666666666666,1.0,0.2727272727272727,0.6666666666666666,,,,,2.0,,1.0,6.0,,0.5,,0.5,,,,,,1.0,,,1.0,,,,
40:00,83,83,22.0,8,166,17.0,29.0,4.0,6.0,3.0,11,4.0,7.0,4.0,5,16,1.0,1.0,1.0,4.0,24,47,6,20,20,86,4.0,7.0,1.0,2.0,,11.0,5.0,10.0,1.0,5.0,9.0,22.0,24,24,15.0,3.0,6.0,16,5,3.0,12,5.0,17,4.0,8.0,1.0,3.0,39,2.0,6.0,11,19,2.0,32,9,41,7,5.0,2.0,10,,5.0,5.0,5.0,15,3.0,4,16,1.0,21,2.0,25,1.0,8,,4.0,,,3.0,1.0,4.0,4.0,75,22.0,22.0,0.5,0.5714285714285714,0.8333333333333334,0.3,0.5,0.2,0.3,0.5106382978723404,0.5714285714285714,0.5,0.4925373134328358,0.6111111111111112,0.43333333333333335,0.5448717948717948,0.6111111111111112,0.55,0.29850746268656714,0.06382978723404255,,,0.6666666666666666,1.0,0.7307692307692307,0.2727272727272727,0.7333333333333333,0.14285714285714285,0.7317073170731707,0.2222222222222222,0.125,0.5,0.18181818181818182,0.8181818181818182,0.5714285714285714,0.75,0.8,0.6,99.6,1.0,14.939759036144578,13.975903614457831,14.486746987951808,13.608433734939759,0.43283582089552236,0.5862068965517241,0.6538461538461539,0.47058823529411764,0.16417910447761194,0.2727272727272727,0.2727272727272727,0.3333333333333333,0.1044776119402985,0.5714285714285714,0.5714285714285714,0.75,0.05970149253731343,0.23880597014925373,0.3125,0.3125,0.8,0.6666666666666666,0.6666666666666666,0.1111111111111111,1.0,0.26666666666666666,0.25,0.7313432835820896,0.3125,0.5207582089552238,0.6041785714285715,0.5108833333333334,0.10810810810810811,0.14814814814814814,,0.12790697674418605,0.2558139534883721,5.748936170212766,24.69,0.26506024096385544,2026-05-17,1022600025,MIN,1611661329,CHI,CHI,11.0,2.0,5.0,1.0,,1.0,,1.0,,1.0,,,1.0,,1.0,4.0,4.0,,0.10344827586206896,,0.25,0.25,1.0,0.3333333333333333,0.4,0.06666666666666667,,,1.0,1.0,1.0,2.0,1.0,,0.3333333333333333,0.3333333333333333,,0.030303030303030304,,0.1111111111111111,,,1.0,,,1.0,,,,
40:00,78,80,25.0,6,158,16.0,26.0,2.0,3.0,9.0,17,2.0,3.0,3.0,4,18,,,1.0,7.0,27,46,5,21,20,89,2.0,4.0,,,4.0,8.0,6.0,13.0,1.0,9.0,6.0,21.0,30,24,15.0,,4.0,18,4,,15,5.0,20,4.0,8.0,7.0,,45,4.0,3.0,10,13,2.0,25,7,32,4,2.0,2.0,5,2.0,4.0,5.0,1.0,10,4.0,8,23,1.0,20,,24,3.0,11,1.0,4.0,1.0,1.0,2.0,2.0,5.0,1.0,81,21.0,25.0,0.5555555555555556,0.6,1.0,0.23809523809523808,,0.1111111111111111,0.23809523809523808,0.5869565217391305,0.5,0.46153846153846156,0.5149253731343284,0.5,0.3409090909090909,0.5789473684210527,0.8,0.42,0.31343283582089554,,,,0.5,0.6666666666666666,0.5909090909090909,0.16666666666666666,0.8333333333333334,0.25,0.6764705882352942,0.20588235294117646,0.14285714285714285,,0.21428571428571427,0.5,0.5714285714285714,0.7142857142857143,0.8,1.0,94.8,0.2,14.816666666666666,15.553749999999999,14.494871794871797,14.451249999999998,0.3880597014925373,0.6153846153846154,0.6153846153846154,0.5,0.2537313432835821,0.5294117647058824,0.5294117647058824,0.7777777777777778,0.04477611940298507,0.6666666666666666,0.6666666666666666,,0.04477611940298507,0.26865671641791045,0.2222222222222222,0.23529411764705882,1.0,0.75,0.6666666666666666,,,0.3181818181818182,0.14285714285714285,0.7014925373134329,0.2222222222222222,0.5244985074626866,0.5542,0.5118568181818182,0.16,0.2037037037037037,0.047619047619047616,0.0898876404494382,0.23595505617977527,4.982608695652174,24.985714285714288,0.32051282051282054,2026-05-20,1022600033,DAL,1611661329,CHI,CHI,21.0,3.0,8.0,1.0,,2.0,1.0,1.0,,,2.0,,2.0,,,1.0,1.0,0.047619047619047616,,0.05555555555555555,0.3333333333333333,0.3333333333333333,1.0,0.36363636363636365,0.375,0.09090909090909091,,,,,2.0,1.0,4.0,,,0.2,0.5,0.06060606060606061,,,,,1.0,,,,1.0,,,
40:00,86,87,30.0,10,173,13.0,29.0,4.0,6.0,2.0,10,2.0,5.0,5.0,4,24,,1.0,,9.0,17,44,6,29,23,75,4.0,7.0,,1.0,2.0,10.0,6.0,13.0,,10.0,9.0,21.0,18,16,15.0,3.0,6.0,24,4,6.0,9,5.0,14,3.0,7.0,1.0,1.0,33,1.0,10.0,4,17,2.0,23,11,34,11,10.0,1.0,7,1.0,6.0,4.0,1.0,11,5.0,10,22,1.0,24,2.0,30,2.0,12,2.0,1.0,1.0,1.0,1.0,,2.0,1.0,65,21.0,30.0,0.5294117647058824,0.6428571428571429,0.8333333333333334,0.20689655172413793,,,0.20689655172413793,0.38636363636363635,0.5714285714285714,0.46153846153846156,0.3561643835616438,0.5,0.2608695652173913,0.436046511627907,0.5,0.375,0.3972602739726027,0.13636363636363635,0.1,,0.6363636363636364,1.0,0.5666666666666667,0.37037037037037035,0.4444444444444444,0.043478260869565216,0.5384615384615384,0.22,0.75,0.3333333333333333,0.05,0.6363636363636364,0.6,0.5,0.8,,103.8,0.5,13.549999999999999,14.191954022988506,13.013953488372094,13.191954022988506,0.3972602739726027,0.4482758620689655,0.5416666666666666,0.5384615384615384,0.136986301369863,0.2,0.2222222222222222,0.5,0.0684931506849315,0.4,0.4,0.5,0.0684931506849315,0.3287671232876712,0.16666666666666666,0.16666666666666666,0.75,0.75,0.6666666666666666,0.125,,0.391304347826087,,0.7945205479452054,0.16666666666666666,0.5484301369863014,0.64594375,0.5542065217391304,0.15476190476190477,0.2222222222222222,0.03333333333333333,0.13333333333333333,0.28,4.6431818181818185,23.74827586206897,0.3488372093023256,2026-05-23,1022600041,MIN,1611661329,CHI,CHI,34.0,6.0,11.0,2.0,,1.0,1.0,2.0,,,,,3.0,2.0,1.0,1.0,1.0,0.034482758620689655,0.1724137931034483,,0.4,0.5,1.0,0.4782608695652174,0.5454545454545454,0.043478260869565216,,,,,2.0,2.0,3.0,0.2,,0.1875,,0.046511627906976744,0.25,,,,,1.0,,,,,,
40:00,82,84,34.0,11,166,20.0,28.0,3.0,4.0,7.0,14,2.0,2.0,10.0,5,21,,2.0,2.0,11.0,29,44,7,31,25,104,5.0,6.0,,4.0,2.0,12.0,12.0,19.0,2.0,15.0,10.0,40.0,50,8,18.0,3.0,4.0,21,5,3.0,25,6.0,31,4.0,17.0,6.0,2.0,68,5.0,7.0,9,8,2.0,19,13,32,7,4.0,3.0,6,1.0,3.0,3.0,3.0,9,4.0,14,24,,25,,29,4.0,14,1.0,3.0,,,1.0,2.0,3.0,3.0,92,40.0,34.0,0.8620689655172413,0.9259259259259259,0.8571428571428571,0.22580645161290322,,0.13333333333333333,0.22580645161290322,0.6590909090909091,0.8333333333333334,0.631578947368421,0.5266666666666666,0.5,0.4411764705882353,0.5977011494252874,0.5,0.5128205128205128,0.41333333333333333,0.06818181818181818,0.14285714285714285,,0.6666666666666666,1.0,0.5333333333333333,0.4666666666666667,0.6923076923076923,0.20833333333333334,0.6071428571428571,0.3076923076923077,0.42857142857142855,,0.25,0.5714285714285714,0.5,0.5,0.6923076923076923,,99.6,1.0,14.890243902439025,14.035714285714286,14.13048780487805,13.585714285714285,0.37333333333333335,0.7142857142857143,0.7407407407407407,0.85,0.18666666666666668,0.5,0.5833333333333334,0.8571428571428571,0.02666666666666667,1.0,1.0,1.0,0.13333333333333333,0.28,0.23809523809523808,0.23809523809523808,0.8,0.4,0.75,0.2,,0.3235294117647059,0.18181818181818182,0.7866666666666666,0.23809523809523808,0.5477168918918919,0.5156928571428571,0.5387242424242424,0.16470588235294117,0.25925925925925924,,0.11538461538461539,0.38461538461538464,4.004545454545454,25.383870967741935,0.4146341463414634,2026-05-27,1022600050,TOR,1611661329,CHI,CHI,33.0,8.0,12.0,2.0,,4.0,1.0,2.0,,,,,1.0,2.0,1.0,1.0,1.0,0.03225806451612903,0.03571428571428571,,0.2,0.2222222222222222,1.0,0.35294117647058826,0.6666666666666666,0.11764705882352941,,,2.0,1.0,1.0,1.0,,0.1,0.3333333333333333,0.5,0.125,0.02857142857142857,0.3333333333333333,0.2,,,,,,,,,,
40:00,86,86,13.0,12,172,11.0,26.0,,5.0,3.0,12,1.0,2.0,11.0,3,19,,,1.0,6.0,15,40,5,30,13,58,1.0,7.0,,,,2.0,,2.0,1.0,6.0,2.0,5.0,20,10,15.0,,,19,3,6.0,10,5.0,15,3.0,8.0,1.0,1.0,35,3.0,10.0,18,16,,34,13,47,6,5.0,1.0,13,1.0,8.0,5.0,5.0,18,3.0,7,18,,17,3.0,18,,8,,6.0,,,3.0,2.0,6.0,4.0,56,5.0,13.0,0.6666666666666666,0.6666666666666666,1.0,0.16666666666666666,,0.16666666666666666,0.16666666666666666,0.375,0.14285714285714285,,0.32142857142857145,0.14285714285714285,0.1875,0.3670886075949367,0.14285714285714285,0.25,0.42857142857142855,0.15,0.08333333333333333,0.5,0.7222222222222222,,0.6956521739130435,0.4,0.9473684210526315,0.12,0.8095238095238095,0.26,0.5555555555555556,,0.125,0.75,0.7142857142857143,0.625,0.9375,1.0,103.2,0.6666666666666666,14.501162790697673,13.405813953488373,14.034883720930232,12.882558139534884,0.37142857142857144,0.4230769230769231,0.5,0.7272727272727273,0.17142857142857143,0.25,0.2727272727272727,0.3333333333333333,0.02857142857142857,0.5,1.0,1.0,0.15714285714285714,0.2714285714285714,0.15789473684210525,0.15789473684210525,1.0,0.7142857142857143,,,,0.75,0.16666666666666666,0.8,0.15789473684210525,0.5590107142857142,0.5728714285714286,0.5304875,0.10256410256410256,0.16666666666666666,,0.034482758620689655,0.08620689655172414,4.41,24.116666666666667,0.1511627906976744,2026-05-29,1022600058,MIN,1611661329,CHI,CHI,17.0,,2.0,2.0,,,1.0,2.0,,1.0,5.0,1.0,1.0,,1.0,1.0,1.0,0.03333333333333333,0.15384615384615385,,0.18181818181818182,0.2,1.0,0.25,,,,,,,5.0,1.0,1.0,0.09090909090909091,,0.3333333333333333,0.1111111111111111,0.11627906976744186,,,,,,,,,,1.0,,
40:00,81,82,17.0,5,163,8.0,13.0,,3.0,12.0,28,2.0,7.0,6.0,4,10,,,2.0,3.0,22,48,6,16,10,72,1.0,4.0,,2.0,2.0,4.0,5.0,9.0,2.0,3.0,2.0,18.0,28,16,15.0,3.0,,10,4,2.0,14,5.0,19,3.0,6.0,7.0,1.0,43,3.0,3.0,5,17,5.0,27,7,34,9,7.0,2.0,11,4.0,8.0,8.0,3.0,19,4.0,16,22,1.0,16,1.0,16,1.0,7,,10.0,,,4.0,6.0,10.0,4.0,68,18.0,17.0,0.6363636363636364,0.6363636363636364,0.8333333333333334,0.375,,0.6666666666666666,0.375,0.4583333333333333,0.25,0.5555555555555556,0.484375,0.16666666666666666,0.6666666666666666,0.5,0.21428571428571427,0.6923076923076923,0.25,0.041666666666666664,0.03571428571428571,,0.5789473684210527,0.7142857142857143,0.5666666666666667,0.12,0.5,0.3333333333333333,0.55,0.17647058823529413,0.06666666666666667,,0.4,0.6,0.47058823529411764,1.0,0.5,0.5,97.8,0.4,14.424691358024692,15.01951219512195,13.864197530864198,14.00121951219512,0.203125,0.6153846153846154,0.6666666666666666,0.75,0.4375,0.42857142857142855,0.4444444444444444,0.5833333333333334,0.109375,0.2857142857142857,0.2857142857142857,0.5,0.09375,0.15625,0.4,0.4,0.75,0.5,,,,0.25,0.6666666666666666,0.453125,0.4,0.46043253968253967,0.4972625,0.4059,0.1,0.12962962962962962,,0.05555555555555555,0.25,7.352083333333333,27.275,0.20987654320987653,2026-06-02,1022600067,WAS,1611661329,CHI,CHI,27.0,1.0,1.0,2.0,,,,2.0,1.0,,,,,,,1.0,,,0.07692307692307693,,0.3333333333333333,0.3333333333333333,1.0,0.08333333333333333,1.0,,,,2.0,1.0,1.0,1.0,2.0,,0.2,0.4,0.25,0.03125,,0.3333333333333333,,,1.0,,,,,,,
40:00,75,78,24.0,7,153,16.0,31.0,1.0,2.0,6.0,14,3.0,6.0,2.0,6,14,1.0,1.0,2.0,4.0,25,51,6,16,17,85,2.0,5.0,1.0,2.0,3.0,10.0,11.0,17.0,2.0,4.0,8.0,36.0,32,18,15.0,3.0,,14,6,7.0,16,5.0,21,5.0,11.0,4.0,1.0,47,2.0,7.0,8,15,1.0,24,10,34,9,9.0,,6,2.0,5.0,6.0,1.0,12,2.0,8,22,2.0,21,1.0,22,5.0,10,,7.0,,,5.0,2.0,7.0,4.0,75,36.0,24.0,0.64,0.64,0.8333333333333334,0.375,0.5,0.5,0.375,0.49019607843137253,0.4,0.6470588235294118,0.5074626865671642,0.5,0.6666666666666666,0.56,0.5555555555555556,0.6923076923076923,0.23880597014925373,0.13725490196078433,0.07142857142857142,,0.5,1.0,0.5555555555555556,0.2692307692307692,0.6153846153846154,0.2222222222222222,0.575,0.2571428571428571,0.25,0.3333333333333333,0.2857142857142857,0.5,0.7,0.4,0.5833333333333334,1.0,91.8,0.5714285714285714,16.293333333333333,15.102564102564102,15.609333333333334,14.35897435897436,0.4626865671641791,0.5161290322580645,0.64,0.6875,0.208955223880597,0.42857142857142855,0.46153846153846156,0.6666666666666666,0.08955223880597014,0.5,0.5,0.3333333333333333,0.029850746268656716,0.208955223880597,0.42857142857142855,0.42857142857142855,0.8333333333333334,0.2857142857142857,0.5,0.14285714285714285,1.0,0.19047619047619047,0.5,0.7014925373134329,0.42857142857142855,0.5279783582089552,0.48662500000000003,0.5232333333333333,0.1388888888888889,0.17857142857142858,,0.11764705882352941,0.4235294117647059,5.4450980392156865,24.6375,0.32,2026-06-05,1022600074,CON,1611661329,CHI,CHI,28.0,7.0,12.0,,,,,,,,1.0,,2.0,,1.0,3.0,2.0,,0.1935483870967742,,,,,0.5714285714285714,0.5833333333333334,,,,1.0,1.0,3.0,2.0,3.0,,0.3333333333333333,0.26666666666666666,,0.10714285714285714,,0.14285714285714285,,,1.0,1.0,,1.0,,,,
40:00,84,84,21.0,9,168,13.0,20.0,1.0,1.0,2.0,13,2.0,7.0,8.0,4,17,,1.0,1.0,5.0,17,40,6,25,16,68,1.0,4.0,,1.0,5.0,7.0,3.0,10.0,1.0,6.0,6.0,15.0,20,14,15.0,3.0,2.0,17,4,4.0,10,5.0,15,3.0,9.0,1.0,,35,4.0,5.0,12,18,5.0,35,10,45,4,3.0,1.0,7,5.0,5.0,9.0,2.0,16,4.0,11,24,3.0,22,2.0,26,2.0,13,,4.0,1.0,1.0,3.0,1.0,5.0,1.0,61,15.0,21.0,0.5882352941176471,0.625,0.8333333333333334,0.24,,0.16666666666666666,0.24,0.425,0.25,0.3,0.4,0.2,0.28125,0.44155844155844154,0.35,0.375,0.38461538461538464,0.1,0.07692307692307693,0.14285714285714285,0.4375,1.0,0.6206896551724138,0.21739130434782608,0.6666666666666666,0.21052631578947367,0.6382978723404256,0.21428571428571427,0.2727272727272727,0.2,0.23076923076923078,0.5,0.75,0.6666666666666666,0.8333333333333334,0.3333333333333333,100.8,0.2,14.314285714285715,14.257142857142856,13.75,13.053571428571429,0.3076923076923077,0.65,0.7222222222222222,0.6923076923076923,0.2,0.15384615384615385,0.16666666666666666,0.5,0.1076923076923077,0.2857142857142857,0.3333333333333333,,0.12307692307692308,0.26153846153846155,0.23529411764705882,0.23529411764705882,0.75,0.2,1.0,0.2,,0.3125,0.2,0.6923076923076923,0.23529411764705882,0.5101376923076922,0.517025,0.534515625,0.17105263157894737,0.2549019607843137,,0.10294117647058823,0.22058823529411764,6.709999999999999,24.432,0.25,2026-06-07,1022600081,TOR,1611661329,CHI,CHI,29.0,2.0,6.0,2.0,,1.0,,2.0,1.0,,,,,,1.0,1.0,1.0,,0.1,,0.25,0.25,1.0,0.375,0.3333333333333333,0.0625,,,,1.0,1.0,,4.0,,0.3333333333333333,0.14285714285714285,0.16666666666666666,0.02631578947368421,,,,,,,,,,,,
40:00,76,77,4.0,4,153,8.0,17.0,,2.0,6.0,17,2.0,4.0,3.0,6,12,,,,1.0,16,38,8,15,19,75,,2.0,,,1.0,1.0,2.0,2.0,,1.0,2.0,6.0,22,10,18.0,6.0,,12,6,,11,6.0,17,5.0,6.0,4.0,1.0,40,1.0,2.0,12,9,1.0,22,4,26,6,3.0,3.0,9,1.0,7.0,7.0,2.0,16,,7,20,3.0,15,1.0,25,1.0,13,,5.0,2.0,2.0,4.0,1.0,7.0,1.0,74,6.0,4.0,0.6875,0.6875,0.75,0.5333333333333333,,,0.5333333333333333,0.42105263157894735,,1.0,0.5283018867924528,,0.6666666666666666,0.5769230769230769,0.16666666666666666,0.75,0.2830188679245283,,,,0.5625,1.0,0.5294117647058824,0.09523809523809523,0.631578947368421,0.16666666666666666,0.5833333333333334,0.1111111111111111,0.1,,0.2,0.46153846153846156,0.75,,0.6,0.75,91.8,0.14285714285714285,14.585526315789474,16.772727272727273,14.44078947368421,15.720779220779221,0.32075471698113206,0.47058823529411764,0.47058823529411764,0.75,0.32075471698113206,0.35294117647058826,0.35294117647058826,0.6666666666666666,0.07547169811320754,0.5,0.5,0.5,0.05660377358490566,0.22641509433962265,0.5,0.5,0.8333333333333334,1.0,,,,0.3333333333333333,,0.6037735849056604,0.5,0.49729716981132077,0.69325,0.28718333333333335,0.2,0.26,,0.013333333333333334,0.08,5.860526315789474,24.21333333333333,0.05263157894736842,2026-06-09,1022600086,ATL,1611661329,CHI,CHI,18.0,,,2.0,,,,1.0,,2.0,1.0,,,,,,,,,,0.6666666666666666,0.6666666666666666,0.5,,,,,,,1.0,2.0,,1.0,,0.25,0.1111111111111111,,0.07407407407407407,,,,,,,,,,,,
45:00,95,96,40.0,14,191,20.0,35.0,4.0,7.0,5.0,15,2.0,3.0,3.0,7,21,1.0,4.0,4.0,9.0,27,53,7,24,31,106,4.0,9.0,1.0,5.0,4.0,15.0,13.0,19.0,4.0,11.0,19.0,57.0,30,24,21.0,,4.0,21,7,6.0,15,7.0,22,7.0,12.0,2.0,1.0,51,7.0,9.0,10,14,,24,16,40,6,6.0,,8,3.0,7.0,9.0,1.0,17,5.0,9,25,2.0,27,3.0,38,3.0,16,1.0,6.0,1.0,,6.0,,7.0,5.0,91,57.0,40.0,0.5555555555555556,0.6,1.0,0.2916666666666667,0.2,0.36363636363636365,0.2916666666666667,0.5094339622641509,0.4444444444444444,0.6842105263157895,0.487012987012987,0.39285714285714285,0.6333333333333333,0.5645161290322581,0.5,0.717948717948718,0.3116883116883117,0.11320754716981132,0.2,,0.47058823529411764,,0.5185185185185185,0.34615384615384615,0.47619047619047616,0.4117647058823529,0.5,0.37209302325581395,0.4,,0.35714285714285715,0.5555555555555556,0.4,0.5,0.46153846153846156,0.5,101.86666666666666,0.7142857142857143,13.822105263157894,14.446875,13.274736842105263,13.039583333333335,0.45454545454545453,0.5714285714285714,0.625,0.6,0.19480519480519481,0.3333333333333333,0.4166666666666667,0.4,0.03896103896103896,0.6666666666666666,0.6666666666666666,0.5,0.03896103896103896,0.2727272727272727,0.3333333333333333,0.3333333333333333,1.0,0.5,0.5714285714285714,0.2857142857142857,0.25,0.3,0.4444444444444444,0.7662337662337663,0.3333333333333333,0.561275974025974,0.63759375,0.565625,0.18681318681318682,0.24242424242424243,0.04,0.14150943396226415,0.5377358490566038,4.218867924528301,25.7625,0.42105263157894735,2026-06-11,1022600091,IND,1611661329,CHI,CHI,30.0,10.0,14.0,,,2.0,,,,2.0,1.0,,2.0,,,2.0,2.0,,0.08571428571428572,,,,,0.4666666666666667,0.7142857142857143,0.06666666666666667,,,1.0,,1.0,,3.0,,,0.3333333333333333,0.6666666666666666,0.02702702702702703,0.5,0.07142857142857142,,,2.0,1.0,1.0,1.0,,,,
40:00,79,80,6.0,7,159,15.0,27.0,,,6.0,13,2.0,8.0,3.0,11,20,2.0,5.0,1.0,1.0,23,48,12,23,13,95,1.0,3.0,2.0,5.0,,8.0,,5.0,1.0,1.0,2.0,5.0,26,20,30.0,6.0,2.0,20,11,5.0,13,10.0,23,9.0,9.0,2.0,2.0,56,4.0,5.0,10,12,1.0,23,9,32,10,5.0,5.0,7,2.0,5.0,4.0,2.0,11,,6,22,,12,,15,1.0,8,,4.0,,,4.0,,4.0,2.0,87,5.0,6.0,0.5652173913043478,0.5909090909090909,0.8333333333333334,0.5217391304347826,0.4,1.0,0.5217391304347826,0.4791666666666667,0.3333333333333333,,0.5774647887323944,0.5,0.25,0.6089743589743589,0.5,0.35714285714285715,0.323943661971831,0.10416666666666667,0.07692307692307693,,0.6363636363636364,1.0,0.8,0.21739130434782608,0.5555555555555556,0.36363636363636365,0.6666666666666666,0.2647058823529412,0.16666666666666666,0.16666666666666666,0.4444444444444444,0.75,0.8571428571428571,,0.5625,0.5,95.4,0.5,14.043037974683546,16.1325,13.425316455696205,15.357499999999998,0.38028169014084506,0.5555555555555556,0.6521739130434783,0.6,0.18309859154929578,0.46153846153846156,0.5,0.3333333333333333,0.11267605633802817,0.25,0.25,1.0,0.04225352112676056,0.28169014084507044,0.55,0.55,0.8181818181818182,,,0.625,0.4,0.16666666666666666,1.0,0.704225352112676,0.55,0.5311169014084507,0.44898999999999994,0.3683916666666667,0.10256410256410256,0.14545454545454545,,0.08421052631578947,0.05263157894736842,6.172916666666667,25.17391304347826,0.0759493670886076,2026-06-17,1022600108,NYL,1611661329,CHI,CHI,36.0,,2.0,1.0,,,,1.0,,1.0,1.0,,1.0,,1.0,,,,0.14814814814814814,,0.3333333333333333,0.3333333333333333,1.0,0.3333333333333333,,,,,,,1.0,,6.0,,,0.2727272727272727,,0.034482758620689655,,,,,,,,1.0,,,,
40:00,82,84,21.0,10,166,20.0,29.0,4.0,7.0,5.0,14,1.0,4.0,6.0,5,17,,1.0,2.0,5.0,26,47,7,23,19,92,4.0,9.0,,2.0,2.0,10.0,7.0,13.0,2.0,6.0,8.0,28.0,32,20,18.0,3.0,8.0,17,5,6.0,16,6.0,22,4.0,13.0,3.0,,50,4.0,11.0,7,19,4.0,30,15,45,9,5.0,4.0,7,2.0,5.0,8.0,2.0,15,2.0,10,24,3.0,23,1.0,29,4.0,13,,3.0,,,2.0,1.0,3.0,3.0,82,26.0,20.0,0.6153846153846154,0.7272727272727273,0.8571428571428571,0.30434782608695654,,0.3333333333333333,0.30434782608695654,0.5531914893617021,0.4444444444444444,0.5384615384615384,0.5214285714285715,0.36363636363636365,0.5263157894736842,0.5548780487804879,0.4166666666666667,0.5833333333333334,0.32857142857142857,0.1276595744680851,0.14285714285714285,,0.4666666666666667,1.0,0.76,0.5238095238095238,0.5,0.25,0.6666666666666666,0.40540540540540543,0.3333333333333333,0.3333333333333333,0.25,0.8571428571428571,0.7692307692307693,0.6,0.5,,99.59999999999992,1.0,13.845121951219511,15.055952380952405,13.318292682926828,14.205952380952406,0.4142857142857143,0.6896551724137931,0.8,0.65,0.2,0.35714285714285715,0.4166666666666667,0.6,0.05714285714285714,0.25,0.25,,0.08571428571428572,0.24285714285714285,0.29411764705882354,0.3125,0.8,0.6363636363636364,0.5714285714285714,0.09090909090909091,,0.2631578947368421,0.4,0.7428571428571429,0.29411764705882354,0.5161678571428571,0.51751875,0.46599473684210524,0.16455696202531644,0.23214285714285715,,0.10869565217391304,0.30434782608695654,5.285106382978723,24.065217391304348,0.25609756097560976,2026-06-20,1022600119,DAL,1611661329,CHI,CHI,28.0,4.0,6.0,2.0,,1.0,1.0,2.0,,1.0,2.0,,3.0,,,3.0,2.0,0.043478260869565216,0.13793103448275862,0.058823529411764705,0.3333333333333333,0.3333333333333333,1.0,0.3157894736842105,0.6666666666666666,0.05263157894736842,,,1.0,,3.0,,2.0,,,0.7777777777777778,0.25,0.1,,0.09090909090909091,,,1.0,,,,,,,
40:00,84,84,36.0,16,168,8.0,22.0,3.0,5.0,5.0,18,,3.0,7.0,4,23,1.0,5.0,2.0,12.0,13,43,4,30,25,63,4.0,6.0,1.0,8.0,1.0,12.0,5.0,15.0,2.0,13.0,11.0,27.0,12,14,12.0,,6.0,23,4,8.0,6,4.0,10,4.0,4.0,2.0,,24,7.0,10.0,5,15,2.0,22,17,39,6,5.0,1.0,10,2.0,8.0,4.0,2.0,14,7.0,11,21,,29,5.0,32,3.0,11,,2.0,,,1.0,1.0,2.0,1.0,51,27.0,36.0,0.46153846153846156,0.6,1.0,0.13333333333333333,0.125,0.15384615384615385,0.13333333333333333,0.3023255813953488,0.6666666666666666,0.3333333333333333,0.2602739726027397,0.39285714285714285,0.2857142857142857,0.3563218390804598,0.4,0.38571428571428573,0.410958904109589,0.18604651162790697,0.16666666666666666,0.3333333333333333,0.7142857142857143,1.0,0.625,0.3333333333333333,0.625,0.28,0.625,0.3090909090909091,0.15384615384615385,0.3333333333333333,0.2777777777777778,0.4166666666666667,0.8888888888888888,0.6666666666666666,0.7142857142857143,,100.8,0.5,15.991666666666665,12.579761904761906,14.979761904761904,12.389285714285714,0.3013698630136986,0.36363636363636365,0.4444444444444444,0.5,0.2465753424657534,0.2777777777777778,0.3333333333333333,0.4,0.0410958904109589,,,,0.0958904109589041,0.3150684931506849,0.17391304347826086,0.18181818181818182,1.0,0.35714285714285715,0.6,0.35714285714285715,0.2,0.42857142857142855,0.16666666666666666,0.7123287671232876,0.17391304347826086,0.5222652777777778,0.5605277777777777,0.49230740740740736,0.13580246913580246,0.21568627450980393,,0.19047619047619047,0.42857142857142855,5.988372093023256,25.623333333333335,0.42857142857142855,2026-06-22,1022600123,CON,1611661329,CHI,CHI,25.0,4.0,7.0,,,1.0,1.0,,,1.0,2.0,,2.0,,3.0,6.0,6.0,0.03333333333333333,0.18181818181818182,0.043478260869565216,,,,0.25,0.5714285714285714,0.03571428571428571,,,3.0,,3.0,,4.0,,,0.5,0.2857142857142857,0.06521739130434782,,0.21428571428571427,,,1.0,,,1.0,,,,
40:00,79,78,22.0,12,157,23.0,33.0,3.0,5.0,4.0,12,3.0,5.0,4.0,4,15,1.0,1.0,3.0,4.0,30,50,6,19,23,101,3.0,8.0,2.0,2.0,10.0,22.0,5.0,9.0,4.0,5.0,10.0,32.0,42,18,18.0,,4.0,15,4,5.0,21,6.0,27,4.0,20.0,,1.0,60,5.0,8.0,11,19,1.0,31,15,46,6,5.0,1.0,7,2.0,6.0,7.0,1.0,14,4.0,9,18,,23,1.0,29,4.0,13,1.0,6.0,,,6.0,,6.0,2.0,79,32.0,22.0,0.7,0.75,1.0,0.3157894736842105,1.0,0.8,0.3157894736842105,0.6,0.375,0.5555555555555556,0.5652173913043478,0.6,0.7857142857142857,0.6234567901234568,0.7857142857142857,0.8,0.2753623188405797,0.1,0.16666666666666666,,0.5,1.0,0.6785714285714286,0.4,0.7333333333333333,0.4166666666666667,0.6976744186046512,0.40625,0.375,,0.4,0.6470588235294118,0.6666666666666666,1.0,0.7272727272727273,0.75,94.2,0.3333333333333333,14.454430379746837,16.129487179487178,13.741772151898736,15.258974358974356,0.4782608695652174,0.696969696969697,0.7666666666666667,0.8695652173913043,0.17391304347826086,0.3333333333333333,0.4,,0.07246376811594203,0.6,0.6,0.3333333333333333,0.057971014492753624,0.21739130434782608,0.26666666666666666,0.26666666666666666,1.0,0.5,0.6,0.1,1.0,0.2857142857142857,0.75,0.7536231884057971,0.26666666666666666,0.5750376811594202,0.6074583333333333,0.54055,0.17721518987341772,0.22033898305084745,0.05,0.21782178217821782,0.31683168316831684,4.6080000000000005,23.989473684210527,0.27848101265822783,2026-06-24,1022600130,PDX,1611661329,CHI,CHI,27.0,4.0,5.0,2.0,1.0,1.0,,2.0,,2.0,1.0,,1.0,,2.0,2.0,1.0,,0.09090909090909091,,0.5,0.5,1.0,0.35714285714285715,0.8,0.07142857142857142,1.0,1.0,1.0,2.0,5.0,,2.0,,0.5,0.5,0.5,0.18518518518518517,0.3333333333333333,0.1,1.0,1.0,,,,1.0,,,,
40:00,82,84,32.0,8,166,25.0,31.0,2.0,3.0,4.0,8,1.0,1.0,6.0,12,22,3.0,3.0,1.0,5.0,30,40,15,28,19,124,2.0,3.0,5.0,5.0,2.0,21.0,15.0,18.0,2.0,6.0,10.0,46.0,50,10,39.0,6.0,2.0,22,12,4.0,25,13.0,38,10.0,22.0,2.0,1.0,89,3.0,5.0,13,17,2.0,32,9,41,2,1.0,1.0,10,1.0,8.0,4.0,2.0,14,6.0,14,19,,23,1.0,24,4.0,11,1.0,8.0,1.0,1.0,8.0,,9.0,5.0,103,46.0,32.0,0.8333333333333334,0.8620689655172413,0.8666666666666667,0.5357142857142857,1.0,0.3333333333333333,0.5357142857142857,0.75,0.6666666666666666,0.8333333333333334,0.7720588235294118,1.1875,0.75,0.7948717948717948,1.1666666666666667,0.7931034482758621,0.4117647058823529,0.1,0.125,,0.7142857142857143,0.6666666666666666,0.6538461538461539,0.5,0.6190476190476191,0.25,0.6382978723404256,0.36363636363636365,0.5,,0.2222222222222222,0.625,0.75,0.5,0.6111111111111112,0.6666666666666666,99.59999999999992,0.5555555555555556,13.87195121951222,15.029761904761905,13.409756097560999,13.886904761904763,0.45588235294117646,0.8064516129032258,0.8928571428571429,0.88,0.11764705882352941,0.5,0.5714285714285714,0.5,0.014705882352941176,1.0,1.0,1.0,0.08823529411764706,0.3235294117647059,0.5454545454545454,0.5454545454545454,0.8333333333333334,0.375,0.6666666666666666,0.375,1.0,0.20833333333333334,0.2,0.8676470588235294,0.5454545454545454,0.5531154411764705,0.5230785714285714,0.5827145833333334,0.16,0.23404255319148937,0.03571428571428571,0.1693548387096774,0.3709677419354839,3.56,24.053571428571427,0.3902439024390244,2026-06-26,1022600136,PDX,1611661329,CHI,CHI,23.0,13.0,15.0,3.0,1.0,1.0,,3.0,,1.0,,,1.0,,3.0,3.0,3.0,,0.0967741935483871,,0.5,0.5,1.0,0.625,0.8666666666666667,0.041666666666666664,1.0,2.0,2.0,1.0,1.0,1.0,,,0.3333333333333333,0.5,0.3333333333333333,0.05555555555555555,0.5,0.25,1.0,1.0,,1.0,,0.6666666666666666,1.0,,,
40:00,85,86,24.0,13,171,24.0,42.0,7.0,10.0,4.0,9,,5.0,3.0,9,21,,2.0,3.0,6.0,28,56,9,24,16,99,7.0,12.0,,2.0,4.0,18.0,6.0,12.0,3.0,7.0,5.0,26.0,42,14,18.0,9.0,6.0,21,9,4.0,21,6.0,27,6.0,18.0,3.0,,60,2.0,14.0,10,14,1.0,25,17,42,8,5.0,3.0,9,2.0,7.0,2.0,2.0,11,3.0,15,26,,21,1.0,25,4.0,11,1.0,1.0,,,1.0,,1.0,1.0,81,26.0,24.0,0.75,0.84,0.6666666666666666,0.375,,0.42857142857142855,0.375,0.5,0.5833333333333334,0.5,0.51875,0.5,0.5526315789473685,0.55,0.5625,0.5652173913043478,0.3,0.07142857142857142,0.1111111111111111,,0.8181818181818182,1.0,0.9333333333333333,0.5,0.6666666666666666,0.13333333333333333,0.8,0.37209302325581395,0.4,0.6,0.16666666666666666,1.0,0.875,1.0,0.6666666666666666,0.6666666666666666,102.6,1.0,13.955294117647059,14.113953488372092,13.270588235294118,13.77674418604651,0.525,0.5714285714285714,0.6153846153846154,0.75,0.1125,0.4444444444444444,0.5,0.75,0.0625,,,,0.0375,0.2625,0.42857142857142855,0.42857142857142855,0.6666666666666666,0.7142857142857143,0.7,0.14285714285714285,,0.3157894736842105,0.5,0.825,0.42857142857142855,0.567583125,0.5918666666666667,0.5474868421052632,0.13636363636363635,0.1746031746031746,0.04,0.18181818181818182,0.26262626262626265,4.3125,24.474999999999998,0.2823529411764706,2026-06-28,1022600143,LVA,1611661329,CHI,CHI,41.0,6.0,10.0,,,1.0,,,,,1.0,,,,3.0,2.0,2.0,,0.07142857142857142,,,,,0.5263157894736842,0.6,0.05263157894736842,,,,1.0,3.0,,5.0,,0.2,0.5,,0.07692307692307693,0.42857142857142855,,,,,,,,,,,
45:00,90,91,23.0,10,181,18.0,27.0,1.0,3.0,3.0,14,,4.0,9.0,4,11,,,1.0,3.0,21,45,7,20,27,90,1.0,3.0,,1.0,7.0,9.0,6.0,10.0,2.0,6.0,8.0,26.0,26,16,21.0,,,11,4,6.0,13,7.0,20,4.0,12.0,1.0,,47,3.0,7.0,12,13,3.0,28,10,38,8,6.0,2.0,10,3.0,9.0,8.0,1.0,18,4.0,9,29,3.0,19,1.0,31,2.0,13,,4.0,,,1.0,3.0,4.0,3.0,81,26.0,23.0,0.6190476190476191,0.6190476190476191,1.0,0.35,,0.3333333333333333,0.35,0.4666666666666667,0.3333333333333333,0.6,0.4846153846153846,0.25,0.5625,0.5632911392405063,0.6428571428571429,0.6190476190476191,0.3076923076923077,0.13333333333333333,0.21428571428571427,,0.5555555555555556,1.0,0.8125,0.2916666666666667,0.6666666666666666,0.23076923076923078,0.7352941176470589,0.2702702702702703,0.2727272727272727,0.25,0.2857142857142857,1.0,0.7777777777777778,0.5,0.625,1.0,96.53333333333333,0.75,13.86111111111111,15.961538461538462,13.403333333333332,15.812087912087913,0.4153846153846154,0.6666666666666666,0.75,0.6666666666666666,0.2153846153846154,0.21428571428571427,0.2727272727272727,0.3333333333333333,0.06153846153846154,,,,0.13846153846153847,0.16923076923076924,0.36363636363636365,0.36363636363636365,1.0,0.75,0.3333333333333333,,,0.1875,0.3333333333333333,0.7230769230769231,0.36363636363636365,0.5044661538461539,0.49845,0.531403125,0.17105263157894737,0.23214285714285715,,0.1,0.28888888888888886,5.657777777777778,24.134999999999998,0.25555555555555554,2026-07-03,1022600149,LVA,1611661329,CHI,CHI,40.0,6.0,10.0,3.0,1.0,3.0,,3.0,,,1.0,,3.0,,,3.0,3.0,,0.1111111111111111,,0.3333333333333333,0.3333333333333333,1.0,0.625,0.6,0.1875,0.3333333333333333,,1.0,,3.0,,5.0,,,0.3333333333333333,0.16666666666666666,0.0967741935483871,1.0,0.25,,,1.0,,,,,,,
40:00,79,79,23.0,11,158,12.0,21.0,,2.0,3.0,11,,3.0,6.0,9,21,1.0,2.0,1.0,5.0,15,35,11,27,14,77,2.0,5.0,1.0,3.0,1.0,8.0,2.0,6.0,2.0,7.0,3.0,13.0,26,4,24.0,9.0,,21,9,3.0,13,8.0,21,6.0,10.0,3.0,,50,5.0,6.0,14,13,3.0,30,11,41,11,7.0,4.0,11,3.0,8.0,8.0,3.0,19,9.0,8,22,1.0,19,3.0,20,1.0,8,,5.0,,,5.0,,5.0,3.0,69,13.0,23.0,0.8666666666666667,0.8666666666666667,0.7272727272727273,0.4074074074074074,0.3333333333333333,0.2857142857142857,0.4074074074074074,0.42857142857142855,0.4,0.3333333333333333,0.5080645161290323,0.4375,0.38461538461538464,0.5352112676056338,0.4444444444444444,0.40625,0.43548387096774194,0.08571428571428572,,,0.5789473684210527,1.0,0.7647058823529411,0.3,0.8235294117647058,0.3333333333333333,0.7941176470588235,0.3142857142857143,0.125,0.6666666666666666,0.2727272727272727,0.8461538461538461,,0.6666666666666666,0.7692307692307693,1.0,94.8,0.6,15.565822784810127,14.813924050632911,14.613924050632912,14.459493670886076,0.3387096774193548,0.5714285714285714,0.6666666666666666,0.8333333333333334,0.1774193548387097,0.2727272727272727,0.2727272727272727,1.0,0.04838709677419355,,,,0.0967741935483871,0.3387096774193548,0.42857142857142855,0.42857142857142855,0.6666666666666666,0.25,,0.25,0.5,0.38461538461538464,0.2,0.7741935483870968,0.42857142857142855,0.5329516129032258,0.4419416666666667,0.5211653846153846,0.11594202898550725,0.19047619047619047,,0.1038961038961039,0.16883116883116883,4.765714285714286,25.4,0.2911392405063291,2026-07-07,1022600158,PHX,1611661329,CHI,CHI,38.0,2.0,4.0,2.0,1.0,2.0,,2.0,,1.0,2.0,,1.0,,2.0,2.0,2.0,,0.14285714285714285,,0.3333333333333333,0.3333333333333333,1.0,0.3076923076923077,0.5,0.15384615384615385,0.5,,1.0,,1.0,1.0,4.0,,,0.3333333333333333,0.5,0.03125,,0.125,,,1.0,,,1.0,,,,
40:00,86,87,25.0,7,173,18.0,28.0,1.0,3.0,7.0,12,,6.0,4.0,4,21,1.0,3.0,2.0,8.0,25,46,6,25,19,87,2.0,6.0,1.0,3.0,,7.0,6.0,9.0,3.0,9.0,7.0,28.0,32,18,15.0,3.0,2.0,21,4,3.0,16,5.0,21,3.0,10.0,6.0,,47,2.0,8.0,12,17,3.0,32,10,42,5,3.0,2.0,11,2.0,6.0,4.0,5.0,15,5.0,10,20,1.0,20,1.0,22,4.0,10,,3.0,,,1.0,2.0,3.0,2.0,80,28.0,25.0,0.64,0.6666666666666666,0.8333333333333334,0.24,0.3333333333333333,0.3333333333333333,0.24,0.5434782608695652,0.3333333333333333,0.6666666666666666,0.4788732394366197,0.3888888888888889,0.5833333333333334,0.54375,0.3888888888888889,0.6363636363636364,0.352112676056338,0.06521739130434782,,0.16666666666666666,0.7333333333333333,1.0,0.85,0.38095238095238093,0.75,0.10526315789473684,0.8055555555555556,0.25,0.2,0.3333333333333333,0.11764705882352941,0.8571428571428571,0.8333333333333334,1.0,0.6923076923076923,1.0,103.8,0.6666666666666666,13.419767441860465,14.320689655172416,12.948837209302324,13.971264367816092,0.39436619718309857,0.6428571428571429,0.6923076923076923,0.5555555555555556,0.16901408450704225,0.5833333333333334,0.5833333333333334,0.8571428571428571,0.08450704225352113,,,,0.056338028169014086,0.29577464788732394,0.19047619047619047,0.19047619047619047,0.75,0.3333333333333333,0.3333333333333333,0.3333333333333333,0.3333333333333333,0.4444444444444444,0.25,0.7464788732394366,0.19047619047619047,0.5366302816901408,0.4779875,0.5214722222222222,0.12987012987012986,0.19230769230769232,,0.08045977011494253,0.3218390804597701,5.543478260869565,24.552,0.29069767441860467,2026-07-10,1022600167,LAS,1611661329,CHI,CHI,24.0,3.0,4.0,2.0,1.0,1.0,1.0,2.0,,,,,,,5.0,3.0,3.0,0.04,0.07142857142857142,,0.5,0.6666666666666666,1.0,0.2222222222222222,0.75,0.05555555555555555,1.0,,,,1.0,1.0,,0.25,,0.5,,0.027777777777777776,,,,,,,,1.0,,,,
40:00,77,77,11.0,9,154,19.0,29.0,2.0,2.0,9.0,21,1.0,3.0,2.0,6,20,,4.0,1.0,1.0,29,53,7,22,12,91,2.0,3.0,1.0,5.0,2.0,9.0,2.0,5.0,1.0,1.0,6.0,13.0,24,34,12.0,9.0,4.0,20,6,3.0,12,4.0,16,4.0,9.0,3.0,,36,2.0,7.0,11,17,3.0,31,9,40,3,3.0,,4,1.0,3.0,3.0,1.0,7,3.0,10,16,1.0,13,,13,5.0,8,,1.0,,,1.0,,1.0,1.0,82,13.0,11.0,0.41379310344827586,0.4444444444444444,0.5714285714285714,0.3181818181818182,0.2,1.0,0.3181818181818182,0.5471698113207547,0.6666666666666666,0.4,0.5266666666666666,0.4375,0.5833333333333334,0.5759493670886076,0.5,0.7222222222222222,0.29333333333333333,0.05660377358490566,0.09523809523809523,,0.5714285714285714,1.0,0.7391304347826086,0.2916666666666667,0.6875,0.13333333333333333,0.717948717948718,0.23076923076923078,0.3333333333333333,,0.14285714285714285,0.6666666666666666,0.7857142857142857,0.6666666666666666,0.42857142857142855,0.8888888888888888,92.4,1.0,14.788311688311689,16.38051948051948,14.245454545454546,15.644155844155843,0.38666666666666666,0.6551724137931034,0.6785714285714286,0.47368421052631576,0.28,0.42857142857142855,0.47368421052631576,0.3333333333333333,0.04,0.3333333333333333,0.3333333333333333,,0.02666666666666667,0.26666666666666666,0.3,0.3,0.6666666666666666,0.25,1.0,0.5,,0.16666666666666666,1.0,0.68,0.3,0.5094333333333334,0.5611916666666666,0.5696916666666666,0.10256410256410256,0.14285714285714285,,0.0989010989010989,0.14285714285714285,5.169811320754717,24.59090909090909,0.14285714285714285,2026-07-12,1022600173,DAL,1611661329,CHI,CHI,10.0,2.0,3.0,1.0,,,,,,,,,2.0,,1.0,1.0,1.0,,0.034482758620689655,,0.5,0.5,,0.5,0.6666666666666666,,,1.0,1.0,,3.0,,1.0,,,0.3,,0.08333333333333333,,0.125,1.0,,,,,,,,,
40:00,84,85,14.0,9,169,22.0,31.0,2.0,2.0,,5,2.0,6.0,11.0,7,21,1.0,4.0,,3.0,24,42,11,32,14,95,2.0,2.0,2.0,6.0,1.0,11.0,6.0,7.0,,3.0,6.0,18.0,34,14,30.0,3.0,,21,7,3.0,17,10.0,27,6.0,16.0,,1.0,64,4.0,4.0,12,11,2.0,25,9,34,11,9.0,2.0,10,,4.0,4.0,6.0,14,1.0,13,16,1.0,17,,19,6.0,11,,3.0,1.0,,,2.0,4.0,1.0,84,16.0,13.0,0.7083333333333334,0.7083333333333334,0.9090909090909091,0.34375,0.3333333333333333,,0.34375,0.5714285714285714,1.0,0.8571428571428571,0.5472972972972973,0.625,0.6,0.59375,0.6875,0.6923076923076923,0.43243243243243246,0.07142857142857142,0.2,,0.7142857142857143,0.6666666666666666,0.5238095238095238,0.23529411764705882,0.631578947368421,0.2,0.575,0.21621621621621623,,,0.3076923076923077,0.5714285714285714,0.375,0.6666666666666666,0.6875,0.3333333333333333,101.4,0.25,14.916666666666666,13.494117647058824,14.41904761904762,12.479999999999999,0.4189189189189189,0.7096774193548387,0.7586206896551724,0.7272727272727273,0.06756756756756757,,,,0.08108108108108109,0.3333333333333333,0.3333333333333333,0.5,0.14864864864864866,0.28378378378378377,0.3333333333333333,0.35,0.8571428571428571,0.25,1.0,0.5,0.25,0.3,,0.8513513513513513,0.3333333333333333,0.5568333333333333,0.54183,0.5969722222222222,0.13924050632911392,0.23404255319148937,,0.11578947368421053,0.18947368421052632,4.392857142857143,26.13125,0.16666666666666666,2026-07-15,1022600179,SEA,1611661329,CHI,CHI,8.0,6.0,7.0,4.0,,,1.0,4.0,,,,,1.0,,2.0,1.0,,0.03125,0.06451612903225806,0.047619047619047616,0.36363636363636365,0.36363636363636365,1.0,0.7,0.8571428571428571,,,1.0,2.0,1.0,1.0,1.0,,,0.2,0.4444444444444444,,0.030303030303030304,1.0,0.25,0.5,1.0,,,1.0,1.0,,1.0,,
40:00,84,86,24.0,9,170,18.0,32.0,2.0,6.0,4.0,7,4.0,9.0,6.0,9,26,,3.0,3.0,8.0,26,48,11,32,11,96,2.0,8.0,1.0,4.0,,7.0,9.0,19.0,3.0,8.0,3.0,30.0,38,14,24.0,9.0,4.0,26,9,5.0,19,8.0,27,6.0,15.0,1.0,3.0,62,5.0,6.0,13,13,3.0,29,12,41,5,4.0,1.0,4,1.0,4.0,5.0,,9,2.0,9,22,1.0,17,3.0,16,2.0,8,,2.0,1.0,1.0,2.0,,3.0,2.0,89,30.0,24.0,0.7307692307692307,0.7916666666666666,0.7272727272727273,0.34375,0.25,0.375,0.34375,0.5416666666666666,0.25,0.47368421052631576,0.53125,0.2916666666666667,0.5,0.5517241379310345,0.2916666666666667,0.5357142857142857,0.4,0.10416666666666667,0.2857142857142857,,0.4444444444444444,1.0,0.8125,0.2727272727272727,0.7647058823529411,0.25,0.7878787878787878,0.2619047619047619,0.3333333333333333,0.2,0.1875,1.0,0.6666666666666666,0.8571428571428571,0.8333333333333334,0.6,102.0,0.6666666666666666,14.660714285714286,13.587209302325581,14.041666666666666,13.343023255813954,0.4,0.5625,0.6206896551724138,0.8333333333333334,0.0875,0.5714285714285714,0.8,0.25,0.1125,0.4444444444444444,0.4444444444444444,0.75,0.075,0.325,0.34615384615384615,0.34615384615384615,0.6666666666666666,0.5,0.3333333333333333,0.25,,0.2962962962962963,0.375,0.8,0.34615384615384615,0.5540170886075949,0.5711611111111111,0.555725,0.09302325581395349,0.14814814814814814,,0.07291666666666667,0.3125,5.585416666666667,25.43125,0.2857142857142857,2026-07-17,1022600186,LAS,1611661329,CHI,CHI,34.0,6.0,14.0,2.0,,,,2.0,,1.0,,,2.0,,3.0,1.0,1.0,,0.09375,,0.3333333333333333,0.3333333333333333,1.0,0.5185185185185185,0.42857142857142855,,,1.0,1.0,1.0,1.0,1.0,3.0,,0.5,0.2857142857142857,0.5,0.02702702702702703,,0.08333333333333333,1.0,1.0,,,,,,,,
40:00,79,80,19.0,6,159,28.0,42.0,2.0,2.0,1.0,3,,1.0,5.0,4,16,1.0,3.0,2.0,5.0,29,46,6,21,15,91,2.0,2.0,2.0,4.0,1.0,11.0,6.0,11.0,2.0,5.0,6.0,24.0,28,30,12.0,6.0,,16,4,5.0,14,4.0,18,2.0,14.0,,,40,1.0,4.0,11,13,1.0,25,7,32,9,7.0,2.0,5,4.0,4.0,6.0,1.0,11,2.0,10,20,1.0,19,,21,4.0,9,,4.0,,,4.0,,4.0,2.0,80,24.0,19.0,0.4827586206896552,0.4827586206896552,0.6666666666666666,0.2857142857142857,0.5,0.4,0.2857142857142857,0.6304347826086957,1.0,0.5454545454545454,0.5671641791044776,0.8333333333333334,0.5625,0.6066666666666667,0.7857142857142857,0.6,0.31343283582089554,0.10869565217391304,,,0.45454545454545453,0.5,0.5652173913043478,0.23529411764705882,0.5789473684210527,0.06666666666666667,0.5714285714285714,0.15625,,,0.08333333333333333,0.5238095238095238,,1.0,0.5294117647058824,1.0,95.4,0.5,13.359493670886078,16.807499999999997,12.926582278481014,15.354999999999999,0.6268656716417911,0.6666666666666666,0.7567567567567568,0.5,0.04477611940298507,0.3333333333333333,0.3333333333333333,,0.014925373134328358,,,,0.07462686567164178,0.23880597014925373,0.25,0.25,0.5,0.3333333333333333,1.0,0.5,0.3333333333333333,0.3125,0.4,0.9402985074626866,0.25,0.5666335820895523,0.5296416666666667,0.559478125,0.125,0.17647058823529413,,0.12087912087912088,0.26373626373626374,2.7,25.304761904761904,0.24050632911392406,2026-07-19,1022600192,ATL,1611661329,CHI,CHI,26.0,6.0,11.0,2.0,,,,2.0,,,,,2.0,,3.0,3.0,2.0,,0.11904761904761904,,0.4,0.4,1.0,0.6875,0.5454545454545454,,,1.0,1.0,2.0,1.0,1.0,1.0,,0.5,0.2857142857142857,,0.037037037037037035,,0.16666666666666666,1.0,1.0,1.0,1.0,,1.0,,,,
40:00,82,83,16.0,7,165,11.0,16.0,1.0,2.0,11.0,24,5.0,10.0,4.0,6,17,1.0,3.0,,2.0,27,50,7,21,19,94,2.0,3.0,2.0,4.0,,10.0,3.0,7.0,,4.0,3.0,9.0,44,10,15.0,6.0,,17,6,6.0,22,5.0,27,4.0,10.0,10.0,2.0,59,2.0,5.0,12,17,1.0,30,7,37,8,7.0,1.0,1,4.0,1.0,9.0,,10,4.0,14,20,1.0,16,2.0,21,,6,1.0,5.0,1.0,1.0,3.0,2.0,6.0,3.0,84,8.0,15.0,0.8148148148148148,0.8148148148148148,0.7142857142857143,0.3333333333333333,0.5,,0.3333333333333333,0.54,0.6666666666666666,0.42857142857142855,0.528169014084507,0.7142857142857143,0.2727272727272727,0.5875,0.7142857142857143,0.34615384615384615,0.29577464788732394,0.12,0.125,,0.1,1.0,0.68,0.21739130434782608,0.75,0.15384615384615385,0.7073170731707317,0.19444444444444445,0.07692307692307693,0.4,0.2,0.5555555555555556,0.7333333333333333,1.0,0.7272727272727273,0.8,99.0,0.5,13.753658536585366,15.327710843373495,13.278048780487804,14.803614457831326,0.22535211267605634,0.6875,0.8461538461538461,0.9090909090909091,0.3380281690140845,0.4583333333333333,0.5238095238095238,0.9090909090909091,0.14084507042253522,0.5,0.5,0.4,0.056338028169014086,0.23943661971830985,0.35294117647058826,0.35294117647058826,0.6666666666666666,0.2857142857142857,0.5,0.42857142857142855,0.3333333333333333,0.18181818181818182,,0.5211267605633803,0.35294117647058826,0.49358857142857143,0.5267083333333333,0.46468,0.08974358974358974,0.10714285714285714,0.045454545454545456,0.10638297872340426,0.09574468085106383,7.888,25.614285714285714,0.1951219512195122,2026-07-22,1022600199,NYL,1611661329,CHI,CHI,17.0,2.0,2.0,1.0,,2.0,,1.0,,,,,1.0,,1.0,2.0,1.0,,0.1875,,0.25,0.25,1.0,0.18181818181818182,1.0,0.18181818181818182,,1.0,1.0,,1.0,2.0,1.0,,,0.4,,0.03333333333333333,1.0,0.14285714285714285,1.0,1.0,1.0,,,1.0,,,,
40:00,83,86,28.0,8,169,24.0,37.0,1.0,2.0,,2,1.0,6.0,5.0,6,17,2.0,2.0,1.0,4.0,25,45,7,22,23,94,1.0,4.0,2.0,3.0,,8.0,6.0,13.0,1.0,8.0,16.0,31.0,30,20,18.0,3.0,2.0,17,6,6.0,15,6.0,21,5.0,15.0,,,48,3.0,5.0,11,15,1.0,27,8,35,10,7.0,3.0,10,2.0,7.0,4.0,3.0,14,5.0,8,17,,26,2.0,26,4.0,8,,4.0,,,3.0,1.0,4.0,3.0,86,29.0,27.0,0.6,0.625,0.8571428571428571,0.3181818181818182,0.6666666666666666,0.125,0.3181818181818182,0.5555555555555556,0.25,0.46153846153846156,0.5298507462686567,0.5714285714285714,0.35714285714285715,0.6025641025641025,0.5714285714285714,0.5344827586206896,0.3283582089552239,0.13333333333333333,,,0.7142857142857143,1.0,0.6818181818181818,0.25,0.7333333333333333,0.21428571428571427,0.7027027027027027,0.23529411764705882,0.5,,0.09090909090909091,0.6363636363636364,0.6666666666666666,0.8,0.8,0.6,101.4,0.75,13.88313253012048,14.508139534883721,13.38313253012048,13.75,0.5522388059701493,0.6486486486486487,0.7741935483870968,0.625,0.029850746268656716,,,,0.08955223880597014,0.16666666666666666,0.16666666666666666,,0.07462686567164178,0.2537313432835821,0.35294117647058826,0.35294117647058826,0.8333333333333334,0.2857142857142857,0.5,0.2857142857142857,1.0,0.19047619047619047,0.25,0.8805970149253731,0.35294117647058826,0.5857380597014925,0.47015,0.5267714285714286,0.11267605633802817,0.16326530612244897,,0.0851063829787234,0.32978723404255317,4.142222222222222,23.86818181818182,0.3373493975903614,2026-07-30,1022600211,CON,1611661329,CHI,CHI,31.0,5.0,8.0,1.0,,4.0,,1.0,,,2.0,,,,3.0,7.0,6.0,,0.16216216216216217,,0.2,0.2,1.0,0.38095238095238093,0.625,0.19047619047619047,,,1.0,,3.0,1.0,3.0,,,0.3076923076923077,0.6666666666666666,0.10714285714285714,,0.14285714285714285,,,,,,1.0,,,,1.0
40:00,85,84,21.0,13,169,11.0,30.0,3.0,6.0,7.0,16,5.0,11.0,5.0,6,15,2.0,3.0,3.0,6.0,23,57,8,20,14,84,4.0,10.0,2.0,4.0,2.0,16.0,7.0,13.0,3.0,7.0,2.0,25.0,26,20,18.0,6.0,4.0,15,6,8.0,13,6.0,19,5.0,4.0,5.0,4.0,44,4.0,11.0,7,19,,26,16,42,9,9.0,,5,1.0,3.0,9.0,2.0,14,3.0,9,20,3.0,19,4.0,22,2.0,12,,3.0,1.0,1.0,,3.0,4.0,1.0,68,25.0,21.0,0.5652173913043478,0.6190476190476191,0.75,0.4,0.5,0.42857142857142855,0.4,0.40350877192982454,0.4,0.5384615384615384,0.45454545454545453,0.5,0.575,0.4827586206896552,0.5333333333333333,0.5681818181818182,0.2597402597402597,0.14035087719298245,,,0.35714285714285715,,0.76,0.3235294117647059,0.4666666666666667,0.3333333333333333,0.65,0.32608695652173914,0.2222222222222222,0.16666666666666666,0.3333333333333333,0.6,0.75,0.875,0.4166666666666667,0.6666666666666666,101.39999999999993,0.25,13.520000000000001,14.890476190476214,12.75529411764706,14.291666666666691,0.38961038961038963,0.36666666666666664,0.5,0.36363636363636365,0.2077922077922078,0.4375,0.4375,0.7142857142857143,0.14285714285714285,0.45454545454545453,0.45454545454545453,0.8,0.06493506493506493,0.19480519480519481,0.4,0.4,0.8333333333333334,0.42857142857142855,0.5,0.21428571428571427,0.6666666666666666,0.3,0.5,0.6493506493506493,0.4,0.5291084415584415,0.5649590909090909,0.46761749999999996,0.13793103448275862,0.1791044776119403,,0.19047619047619047,0.2976190476190476,6.410526315789474,24.365000000000002,0.24705882352941178,2026-08-01,1022600216,LVA,1611661329,CHI,CHI,19.0,3.0,5.0,2.0,,1.0,,1.0,,1.0,1.0,1.0,,,2.0,,,,0.26666666666666666,,0.4,0.4,0.5,0.25,0.6,0.05,,,1.0,1.0,1.0,1.0,1.0,,0.3333333333333333,0.42105263157894735,0.3333333333333333,0.02631578947368421,0.3333333333333333,0.07142857142857142,,,,,,1.0,,,,
40:00,84,85,19.0,11,169,23.0,34.0,4.0,7.0,1.0,10,3.0,6.0,3.0,10,23,1.0,1.0,1.0,4.0,27,50,10,26,17,101,4.0,7.0,1.0,2.0,1.0,12.0,4.0,9.0,1.0,4.0,6.0,17.0,40,14,27.0,3.0,4.0,23,10,5.0,20,9.0,29,9.0,18.0,1.0,1.0,67,5.0,5.0,11,13,4.0,28,11,39,5,4.0,1.0,5,1.0,4.0,3.0,1.0,8,3.0,18,26,,21,1.0,25,3.0,11,,1.0,,,,1.0,1.0,1.0,89,17.0,19.0,0.7407407407407407,0.8,0.9,0.38461538461538464,0.5,0.25,0.38461538461538464,0.54,0.5714285714285714,0.4444444444444444,0.5526315789473685,0.6111111111111112,0.4230769230769231,0.5804597701149425,0.6,0.4722222222222222,0.34210526315789475,0.1,0.1,,0.625,0.8,0.8666666666666667,0.21739130434782608,0.7333333333333333,0.3333333333333333,0.8,0.2631578947368421,0.3333333333333333,,0.4166666666666667,0.8333333333333334,0.8,1.0,0.6666666666666666,1.0,101.4,1.0,13.60357142857143,14.791764705882352,12.782142857142858,14.479999999999999,0.4473684210526316,0.6764705882352942,0.7666666666666667,0.782608695652174,0.13157894736842105,0.1,0.1111111111111111,1.0,0.07894736842105263,0.5,0.5,0.3333333333333333,0.039473684210526314,0.3026315789473684,0.43478260869565216,0.43478260869565216,0.9,0.7777777777777778,0.5714285714285714,0.1111111111111111,1.0,0.3076923076923077,0.25,0.7894736842105263,0.43478260869565216,0.5530342105263157,0.6393833333333333,0.5024807692307692,0.13095238095238096,0.1896551724137931,,0.1188118811881188,0.16831683168316833,4.8660000000000005,24.53076923076923,0.2261904761904762,2026-08-03,1022600224,PHX,1611661329,CHI,CHI,32.0,2.0,4.0,,,,,,,1.0,1.0,,2.0,,1.0,3.0,3.0,,0.11764705882352941,,,,,0.3076923076923077,0.5,,,,1.0,1.0,2.0,,3.0,,0.2,0.18181818181818182,,0.06060606060606061,0.5,0.1111111111111111,,,,,,1.0,,,,
40:00,81,83,10.0,4,164,18.0,25.0,1.0,2.0,3.0,11,5.0,10.0,3.0,7,17,,,1.0,2.0,26,46,9,20,16,95,2.0,4.0,,,2.0,6.0,2.0,3.0,1.0,2.0,4.0,11.0,40,12,24.0,3.0,2.0,17,7,5.0,20,8.0,28,6.0,12.0,3.0,5.0,64,1.0,4.0,10,15,2.0,27,6,33,7,5.0,2.0,6,3.0,5.0,6.0,1.0,12,3.0,9,18,3.0,19,3.0,19,3.0,11,,5.0,1.0,1.0,3.0,1.0,6.0,4.0,89,11.0,10.0,0.7692307692307693,0.8,0.8888888888888888,0.45,,0.5,0.45,0.5652173913043478,0.5,0.6666666666666666,0.5984848484848485,0.5,0.7,0.6418918918918919,0.6,0.7857142857142857,0.30303030303030304,0.10869565217391304,0.09090909090909091,,0.5,1.0,0.7142857142857143,0.2,0.7142857142857143,0.09090909090909091,0.7142857142857143,0.16129032258064516,,0.2,0.1,0.8,0.7272727272727273,0.6,0.625,0.8333333333333334,98.4,0.6666666666666666,14.291358024691357,14.968674698795182,14.030864197530864,14.660240963855424,0.3787878787878788,0.72,0.8571428571428571,0.6666666666666666,0.16666666666666666,0.2727272727272727,0.3,1.0,0.15151515151515152,0.5,0.5,1.0,0.045454545454545456,0.25757575757575757,0.4117647058823529,0.4117647058823529,0.8571428571428571,0.5,0.5,,,0.4,0.5,0.6818181818181818,0.4117647058823529,0.5345916666666667,0.4887,0.46993,0.14864864864864866,0.2037037037037037,,0.06315789473684211,0.11578947368421053,6.215217391304347,24.195,0.12345679012345678,2026-08-05,1022600229,LAS,1611661329,CHI,CHI,18.0,1.0,2.0,2.0,,,,2.0,,,,,,,1.0,,,,0.16,,0.6666666666666666,0.6666666666666666,1.0,0.4,0.5,,,,,1.0,,,3.0,,0.5,0.42857142857142855,,,,,,,,,,,,1.0,,
39:59,78,81,17.0,8,159,14.0,30.0,2.0,3.0,6.0,12,2.0,4.0,9.0,4,13,,2.0,1.0,3.0,22,46,9,22,15,86,2.0,3.0,1.0,4.0,2.0,9.0,5.0,7.0,2.0,5.0,5.0,21.0,32,12,27.0,,4.0,13,4,7.0,16,9.0,25,4.0,10.0,4.0,2.0,59,1.0,7.0,11,12,1.0,24,10,34,10,9.0,1.0,8,1.0,6.0,5.0,2.0,13,4.0,4,22,2.0,18,,20,2.0,8,,2.0,,,1.0,1.0,2.0,1.0,77,21.0,17.0,0.7272727272727273,0.8,1.0,0.4090909090909091,0.25,0.4,0.4090909090909091,0.4782608695652174,0.6666666666666666,0.7142857142857143,0.5220588235294118,0.5,0.6666666666666666,0.5526315789473685,0.5,0.7,0.3235294117647059,0.15217391304347827,0.08333333333333333,,0.6153846153846154,1.0,0.631578947368421,0.2916666666666667,0.9166666666666666,0.08333333333333333,0.7419354838709677,0.2222222222222222,0.16666666666666666,0.5,0.1111111111111111,0.5714285714285714,0.5714285714285714,0.8,0.8888888888888888,1.0,95.40000000000006,0.5,15.34102564102564,14.856790123456767,14.948717948717949,14.114814814814792,0.4411764705882353,0.4666666666666667,0.5833333333333334,0.7142857142857143,0.17647058823529413,0.5,0.5454545454545454,0.6666666666666666,0.058823529411764705,0.5,0.5,1.0,0.1323529411764706,0.19117647058823528,0.3076923076923077,0.3076923076923077,1.0,0.42857142857142855,0.6666666666666666,0.2857142857142857,,0.25,0.3333333333333333,0.7647058823529411,0.3076923076923077,0.5362110294117647,0.52005,0.5260458333333333,0.10810810810810811,0.15384615384615385,,0.10465116279069768,0.2441860465116279,5.104347826086957,23.89090909090909,0.21794871794871795,2026-08-08,1022600237,IND,1611661329,CHI,CHI,30.0,4.0,5.0,5.0,1.0,2.0,,5.0,,1.0,1.0,,1.0,,1.0,2.0,2.0,,0.2,,0.5555555555555556,0.5555555555555556,1.0,0.4166666666666667,0.8,0.16666666666666666,0.5,1.0,2.0,2.0,1.0,,4.0,,0.6666666666666666,0.3125,,0.034482758620689655,,0.2857142857142857,0.5,1.0,2.0,,,,,,,
40:00,86,85,16.0,13,171,17.0,27.0,4.0,8.0,7.0,21,,4.0,4.0,5,16,1.0,1.0,2.0,6.0,24,52,6,20,22,88,5.0,9.0,1.0,2.0,3.0,16.0,2.0,8.0,2.0,6.0,9.0,19.0,24,24,18.0,,8.0,16,5,4.0,12,6.0,18,5.0,8.0,4.0,,42,9.0,6.0,11,17,,28,15,43,9,8.0,1.0,9,4.0,8.0,6.0,1.0,15,,8,22,1.0,20,1.0,28,4.0,14,,3.0,,,1.0,2.0,3.0,3.0,72,19.0,16.0,0.5,0.6,1.0,0.3,0.5,0.3333333333333333,0.3,0.46153846153846156,0.5555555555555556,0.25,0.4583333333333333,0.5909090909090909,0.35714285714285715,0.5238095238095238,0.6153846153846154,0.5277777777777778,0.2777777777777778,0.07692307692307693,0.047619047619047616,,0.6,,0.6538461538461539,0.21428571428571427,0.8461538461538461,0.6428571428571429,0.717948717948718,0.35714285714285715,0.2857142857142857,0.25,0.6363636363636364,0.5714285714285714,0.7142857142857143,0.6,0.8,1.0,102.6,1.0,13.322093023255814,14.756470588235294,12.897674418604652,14.01764705882353,0.375,0.6296296296296297,0.7083333333333334,0.47058823529411764,0.2916666666666667,0.3333333333333333,0.35,0.5714285714285714,0.05555555555555555,,,,0.05555555555555555,0.2222222222222222,0.3125,0.3125,1.0,0.7272727272727273,0.5,0.09090909090909091,1.0,0.42857142857142855,0.3333333333333333,0.6527777777777778,0.3125,0.503638028169014,0.5496083333333334,0.42207307692307694,0.17073170731707318,0.22580645161290322,,0.18181818181818182,0.2159090909090909,6.290384615384616,26.185000000000002,0.18604651162790697,2026-08-10,1022600244,SEA,1611661329,CHI,CHI,28.0,1.0,2.0,1.0,,,,1.0,1.0,,1.0,,2.0,,3.0,2.0,2.0,,0.1111111111111111,,0.25,0.25,1.0,0.14285714285714285,0.5,,,,1.0,,3.0,,5.0,,,0.1,0.6666666666666666,0.07894736842105263,,0.09090909090909091,,,,,,1.0,,,,
40:00,78,79,16.0,10,157,14.0,17.0,2.0,2.0,4.0,20,3.0,7.0,3.0,5,16,2.0,4.0,2.0,6.0,21,44,6,19,11,71,2.0,5.0,2.0,4.0,,10.0,2.0,10.0,2.0,6.0,,10.0,30,12,12.0,6.0,2.0,16,5,3.0,15,4.0,19,4.0,10.0,3.0,2.0,42,5.0,7.0,9,14,2.0,25,12,37,10,6.0,4.0,16,1.0,12.0,2.0,4.0,18,3.0,11,17,,15,1.0,15,1.0,8,,1.0,1.0,,1.0,,2.0,1.0,61,10.0,16.0,0.7142857142857143,0.75,0.6666666666666666,0.3157894736842105,0.5,0.3333333333333333,0.3157894736842105,0.4772727272727273,0.4,0.2,0.47619047619047616,0.5555555555555556,0.3125,0.5071428571428571,0.5555555555555556,0.3125,0.30158730158730157,0.06818181818181818,0.15,,0.8888888888888888,1.0,0.7777777777777778,0.30434782608695654,0.6923076923076923,0.38461538461538464,0.7419354838709677,0.3333333333333333,0.25,0.25,0.2727272727272727,1.0,0.7272727272727273,0.6666666666666666,0.7,0.6666666666666666,94.2,0.5,13.808974358974357,16.745569620253164,13.042307692307691,16.09746835443038,0.2698412698412698,0.8235294117647058,0.8235294117647058,0.7142857142857143,0.31746031746031744,0.2,0.23529411764705882,0.75,0.1111111111111111,0.42857142857142855,0.42857142857142855,0.6666666666666666,0.047619047619047616,0.25396825396825395,0.3125,0.3125,0.8,0.2222222222222222,1.0,0.4444444444444444,0.5,0.375,0.3333333333333333,0.5714285714285714,0.3125,0.49542661290322576,0.5355833333333333,0.46310333333333337,0.11428571428571428,0.1568627450980392,,0.14084507042253522,0.14084507042253522,7.263636363636365,25.673684210526318,0.20512820512820512,2026-08-12,1022600249,GSV,1611661329,CHI,CHI,15.0,1.0,1.0,1.0,,,,,,,2.0,,,,1.0,,,,,,0.3333333333333333,0.3333333333333333,,0.0625,1.0,,,,,,3.0,,2.0,,,0.6666666666666666,1.0,0.09090909090909091,0.5,,,,,,1.0,1.0,,,,
40:00,91,90,14.0,13,181,13.0,26.0,3.0,5.0,5.0,20,3.0,6.0,6.0,5,17,,,,1.0,21,52,6,23,22,82,4.0,9.0,,,5.0,13.0,2.0,8.0,,1.0,6.0,10.0,24,18,15.0,3.0,2.0,17,5,12.0,12,5.0,17,4.0,8.0,3.0,1.0,39,6.0,8.0,16,17,3.0,36,14,50,11,8.0,3.0,7,3.0,5.0,12.0,2.0,19,2.0,6,23,3.0,17,,27,3.0,12,,7.0,,,1.0,6.0,7.0,5.0,69,10.0,14.0,0.5714285714285714,0.6,0.8333333333333334,0.2608695652173913,,,0.2608695652173913,0.40384615384615385,0.4444444444444444,0.25,0.4,0.4444444444444444,0.2222222222222222,0.47126436781609193,0.5909090909090909,0.38461538461538464,0.30666666666666664,0.23076923076923078,0.3,,0.3684210526315789,1.0,0.7083333333333334,0.27586206896551724,0.8888888888888888,0.35294117647058826,0.7857142857142857,0.30434782608695654,0.2857142857142857,1.0,0.25,0.5,0.7857142857142857,1.0,0.9166666666666666,0.8333333333333334,108.6,0.7142857142857143,13.36043956043956,13.157777777777778,12.73076923076923,12.657777777777778,0.3466666666666667,0.5,0.65,0.6153846153846154,0.26666666666666666,0.25,0.35714285714285715,0.6,0.08,0.5,0.5,0.3333333333333333,0.08,0.22666666666666666,0.29411764705882354,0.3125,0.8,0.5555555555555556,0.6,,,0.1111111111111111,,0.6533333333333333,0.29411764705882354,0.5065406666666666,0.47594000000000003,0.46147777777777776,0.14285714285714285,0.19672131147540983,,0.15853658536585366,0.12195121951219512,5.963461538461539,24.55217391304348,0.15384615384615385,2026-08-16,1022600259,SEA,1611661329,CHI,CHI,24.0,2.0,4.0,1.0,,,1.0,1.0,,1.0,2.0,,,,,3.0,3.0,0.043478260869565216,0.23076923076923078,0.058823529411764705,0.16666666666666666,0.16666666666666666,1.0,0.4444444444444444,0.5,,,,,,2.0,2.0,4.0,,,0.15384615384615385,0.6,0.058823529411764705,0.3333333333333333,,,,,,,,,,,
40:00,87,88,23.0,13,175,18.0,27.0,6.0,9.0,7.0,15,3.0,9.0,9.0,5,19,,1.0,1.0,4.0,28,51,7,28,16,93,8.0,12.0,,1.0,4.0,20.0,9.0,13.0,2.0,8.0,8.0,32.0,36,20,18.0,3.0,6.0,19,5,4.0,18,6.0,24,4.0,12.0,5.0,1.0,54,7.0,8.0,21,9,1.0,31,15,46,8,6.0,2.0,7,2.0,5.0,6.0,2.0,13,2.0,6,15,,18,,22,3.0,9,,2.0,,,1.0,1.0,2.0,1.0,73,29.0,21.0,0.6428571428571429,0.72,0.8571428571428571,0.25,,0.25,0.25,0.5490196078431373,0.6666666666666666,0.6923076923076923,0.4873417721518987,0.6153846153846154,0.5714285714285714,0.5284090909090909,0.6666666666666666,0.64,0.35443037974683544,0.0784313725490196,0.13333333333333333,,0.5384615384615384,1.0,0.75,0.34782608695652173,0.84,0.3333333333333333,0.8108108108108109,0.3409090909090909,0.25,0.3333333333333333,0.21428571428571427,0.6666666666666666,0.8,1.0,0.8333333333333334,0.8571428571428571,105.0,0.5,14.926436781609194,12.515909090909092,14.241379310344827,12.422727272727274,0.34177215189873417,0.6666666666666666,0.72,0.6666666666666666,0.189873417721519,0.4666666666666667,0.5384615384615384,0.7142857142857143,0.11392405063291139,0.3333333333333333,0.3333333333333333,0.3333333333333333,0.11392405063291139,0.24050632911392406,0.2631578947368421,0.2631578947368421,0.8,0.6923076923076923,0.6666666666666666,0.07692307692307693,,0.19047619047619047,0.25,0.6962025316455697,0.2631578947368421,0.5251645569620254,0.56285,0.5176809523809524,0.10588235294117647,0.15789473684210525,,0.21505376344086022,0.34408602150537637,6.543137254901961,24.07857142857143,0.26436781609195403,2026-08-18,1022600265,NYL,1611661329,CHI,CHI,18.0,7.0,8.0,2.0,1.0,4.0,,2.0,,2.0,,,1.0,,,3.0,1.0,,0.07407407407407407,,0.2222222222222222,0.2222222222222222,1.0,0.38095238095238093,0.875,0.19047619047619047,0.25,,,,2.0,,1.0,,,0.4444444444444444,0.5714285714285714,0.05,0.3333333333333333,,,,1.0,,,,,,,
40:00,86,85,27.0,17,171,20.0,30.0,3.0,5.0,3.0,11,1.0,3.0,7.0,5,22,,4.0,,4.0,24,44,7,29,22,91,4.0,10.0,,5.0,4.0,12.0,8.0,14.0,2.0,7.0,11.0,33.0,30,18,21.0,,6.0,22,5,6.0,15,7.0,22,5.0,12.0,2.0,1.0,51,9.0,13.0,10,14,3.0,27,23,50,9,6.0,3.0,10,4.0,5.0,11.0,5.0,21,3.0,11,18,2.0,24,2.0,30,2.0,13,1.0,5.0,1.0,1.0,3.0,2.0,6.0,1.0,79,33.0,27.0,0.625,0.7142857142857143,1.0,0.2413793103448276,,0.2857142857142857,0.2413793103448276,0.5454545454545454,0.4,0.5714285714285714,0.4726027397260274,0.26666666666666666,0.5238095238095238,0.5290697674418605,0.3333333333333333,0.6111111111111112,0.3972602739726027,0.13636363636363635,0.2727272727272727,,0.47619047619047616,1.0,0.6666666666666666,0.65,0.7692307692307693,0.4090909090909091,0.7058823529411765,0.5238095238095238,0.75,0.5,0.47058823529411764,0.2857142857142857,0.6,1.0,0.6666666666666666,1.0,102.6,0.16666666666666666,14.63720930232558,13.425882352941176,13.515116279069767,13.13764705882353,0.410958904109589,0.6666666666666666,0.7407407407407407,0.6,0.1506849315068493,0.2727272727272727,0.375,0.6666666666666666,0.0410958904109589,0.3333333333333333,0.3333333333333333,1.0,0.0958904109589041,0.3013698630136986,0.22727272727272727,0.22727272727272727,1.0,0.3333333333333333,0.6,0.26666666666666666,,0.19047619047619047,,0.8082191780821918,0.22727272727272727,0.5270583333333333,0.4716681818181818,0.5164925,0.16470588235294117,0.23636363636363636,0.03333333333333333,0.13186813186813187,0.3626373626373626,4.736363636363636,25.117241379310343,0.313953488372093,2026-05-09,1022600010,MIN,1611661330,ATL,ATL,13.0,6.0,9.0,2.0,2.0,3.0,1.0,2.0,,4.0,4.0,,,,,1.0,1.0,0.034482758620689655,0.1,,0.2857142857142857,0.3333333333333333,1.0,0.42857142857142855,0.6666666666666666,0.14285714285714285,0.6666666666666666,,1.0,1.0,2.0,,,0.14285714285714285,0.3333333333333333,0.6,0.2,0.05714285714285714,,0.06666666666666667,,,1.0,,,,,,,
40:00,76,77,14.0,11,153,14.0,24.0,5.0,5.0,3.0,10,,2.0,1.0,9,32,,1.0,1.0,6.0,17,36,9,33,16,77,6.0,7.0,,1.0,4.0,16.0,2.0,8.0,1.0,7.0,4.0,11.0,10,24,24.0,3.0,6.0,32,9,4.0,5,8.0,13,8.0,4.0,1.0,,34,4.0,8.0,18,15,1.0,34,12,46,5,3.0,2.0,3,1.0,2.0,9.0,1.0,12,2.0,7,18,3.0,17,2.0,17,2.0,7,1.0,2.0,1.0,1.0,1.0,1.0,3.0,,61,11.0,14.0,0.29411764705882354,0.35714285714285715,0.8888888888888888,0.2727272727272727,,0.14285714285714285,0.2727272727272727,0.4722222222222222,0.8571428571428571,0.25,0.4420289855072464,0.75,0.23333333333333334,0.506578947368421,0.8,0.3235294117647059,0.4782608695652174,0.1111111111111111,0.2,,0.25,1.0,0.6521739130434783,0.42105263157894735,0.8571428571428571,0.16666666666666666,0.75,0.27906976744186046,0.2857142857142857,1.0,0.13043478260869565,0.5,0.7272727272727273,1.0,0.8421052631578947,1.0,91.8,,15.913157894736843,15.462337662337662,15.45526315789474,14.79090909090909,0.34782608695652173,0.5833333333333334,0.6363636363636364,0.2857142857142857,0.14492753623188406,0.3,0.375,0.3333333333333333,0.028985507246376812,,,,0.014492753623188406,0.463768115942029,0.28125,0.28125,0.8888888888888888,0.625,1.0,0.125,,0.4,0.16666666666666666,0.8260869565217391,0.28125,0.5162426470588235,0.5330833333333334,0.47165357142857145,0.10810810810810811,0.17073170731707318,0.030303030303030304,0.2077922077922078,0.14285714285714285,4.422222222222222,25.84242424242424,0.18421052631578946,2026-05-12,1022600012,DAL,1611661330,ATL,ATL,14.0,1.0,3.0,,,1.0,,,,1.0,1.0,1.0,1.0,,,2.0,2.0,,0.08333333333333333,,,,,0.2,0.3333333333333333,0.06666666666666667,,,,,1.0,,2.0,,,0.4,1.0,0.02564102564102564,,,,,,,,,1.0,,,
40:00,84,85,25.0,15,169,21.0,41.0,4.0,9.0,,5,1.0,4.0,2.0,4,21,1.0,3.0,2.0,5.0,22,50,5,23,25,84,4.0,10.0,2.0,4.0,4.0,18.0,9.0,20.0,3.0,6.0,7.0,34.0,22,22,12.0,3.0,4.0,21,4,8.0,11,4.0,15,3.0,11.0,,,34,5.0,11.0,12,21,2.0,35,18,53,9,2.0,7.0,5,,4.0,8.0,1.0,13,2.0,9,23,3.0,23,2.0,37,4.0,18,1.0,5.0,,,3.0,2.0,5.0,4.0,66,34.0,25.0,0.5,0.55,0.8,0.21739130434782608,0.5,0.5,0.21739130434782608,0.44,0.4,0.45,0.4041095890410959,0.5,0.5192307692307693,0.47191011235955055,0.5294117647058824,0.5666666666666667,0.3150684931506849,0.16,0.4,,0.38461538461538464,1.0,0.84,0.4074074074074074,0.7058823529411765,0.2777777777777778,0.7857142857142857,0.35555555555555557,0.25,0.3333333333333333,0.29411764705882354,0.75,0.8888888888888888,1.0,0.6666666666666666,1.0,101.4,0.8,14.246428571428572,14.156470588235294,13.36547619047619,13.697647058823529,0.5616438356164384,0.5121951219512195,0.6,0.5238095238095238,0.0684931506849315,,,,0.0547945205479452,0.25,0.25,,0.0273972602739726,0.2876712328767123,0.19047619047619047,0.19047619047619047,0.75,0.6428571428571429,0.4444444444444444,0.21428571428571427,0.3333333333333333,0.19230769230769232,0.4,0.8767123287671232,0.19047619047619047,0.5747958904109589,0.5885,0.5651307692307692,0.2159090909090909,0.28125,0.041666666666666664,0.21428571428571427,0.40476190476190477,3.46,25.79565217391304,0.2976190476190476,2026-05-17,1022600026,LVA,1611661330,ATL,ATL,25.0,9.0,17.0,1.0,1.0,1.0,,1.0,,3.0,1.0,1.0,1.0,,1.0,1.0,1.0,,0.14634146341463414,,0.5,0.5,1.0,0.6538461538461539,0.5294117647058824,0.038461538461538464,1.0,1.0,1.0,2.0,1.0,1.0,1.0,,0.2222222222222222,0.45,,0.02631578947368421,0.25,0.07142857142857142,1.0,1.0,,,,1.0,,,,
40:00,77,78,25.0,9,155,21.0,32.0,2.0,4.0,6.0,12,1.0,3.0,3.0,5,12,1.0,1.0,3.0,6.0,28,47,6,15,12,86,2.0,5.0,1.0,1.0,2.0,9.0,10.0,17.0,4.0,7.0,1.0,33.0,32,24,18.0,,4.0,12,5,7.0,16,6.0,22,5.0,11.0,4.0,1.0,50,4.0,6.0,12,16,5.0,33,10,43,6,6.0,,9,2.0,6.0,9.0,3.0,18,3.0,6,12,,18,2.0,13,,5,,4.0,,,2.0,2.0,4.0,1.0,77,33.0,25.0,0.5714285714285714,0.6153846153846154,1.0,0.4,1.0,0.5714285714285714,0.4,0.5957446808510638,0.4,0.5882352941176471,0.5967741935483871,0.5833333333333334,0.6666666666666666,0.625,0.6428571428571429,0.66,0.24193548387096775,0.14893617021276595,0.08333333333333333,,0.5,1.0,0.6666666666666666,0.3157894736842105,0.5714285714285714,0.4444444444444444,0.6222222222222222,0.35714285714285715,0.3333333333333333,,0.2857142857142857,0.5714285714285714,0.7,0.7142857142857143,0.5625,0.6,93.0,0.25,15.11168831168831,15.851282051282052,14.53896103896104,14.956410256410258,0.5161290322580645,0.65625,0.8076923076923077,0.5238095238095238,0.1935483870967742,0.5,0.5454545454545454,0.6666666666666666,0.04838709677419355,0.3333333333333333,0.3333333333333333,1.0,0.04838709677419355,0.1935483870967742,0.4166666666666667,0.4166666666666667,1.0,0.6666666666666666,0.5,0.16666666666666666,1.0,0.25,0.5,0.7580645161290323,0.4166666666666667,0.5662147540983606,0.5656125,0.5836782608695652,0.07462686567164178,0.09615384615384616,,0.10465116279069768,0.38372093023255816,4.602127659574468,25.726666666666667,0.3246753246753247,2026-05-22,1022600038,DAL,1611661330,ATL,ATL,9.0,8.0,13.0,1.0,1.0,1.0,1.0,1.0,2.0,2.0,2.0,1.0,2.0,1.0,1.0,1.0,1.0,0.06666666666666667,0.1875,,0.3333333333333333,0.5,1.0,0.5416666666666666,0.6153846153846154,0.041666666666666664,1.0,,,,1.0,,1.0,0.3333333333333333,,0.36363636363636365,1.0,0.05,,,,,1.0,,,1.0,,,,
40:00,74,75,13.0,14,149,17.0,29.0,2.0,3.0,2.0,12,,1.0,4.0,10,22,1.0,4.0,4.0,6.0,19,42,11,26,11,82,2.0,3.0,1.0,5.0,6.0,13.0,3.0,8.0,4.0,7.0,3.0,21.0,22,16,33.0,,2.0,22,10,6.0,11,11.0,22,10.0,10.0,1.0,,55,4.0,9.0,10,17,,27,16,43,9,5.0,4.0,8,1.0,5.0,6.0,3.0,14,1.0,6,16,3.0,19,1.0,21,3.0,9,,3.0,,,1.0,2.0,3.0,2.0,69,18.0,11.0,0.5789473684210527,0.6111111111111112,1.0,0.4230769230769231,0.2,0.5714285714285714,0.4230769230769231,0.4523809523809524,0.6666666666666666,0.375,0.5220588235294118,0.4375,0.6,0.5328947368421053,0.5416666666666666,0.6176470588235294,0.38235294117647056,0.14285714285714285,0.16666666666666666,,0.5714285714285714,,0.85,0.391304347826087,0.5882352941176471,0.26666666666666666,0.7297297297297297,0.34210526315789475,0.3,1.0,0.25,0.8,0.9090909090909091,0.75,0.5,0.7142857142857143,89.4,0.6666666666666666,15.579729729729731,16.628,14.252702702702702,15.951999999999998,0.4264705882352941,0.5862068965517241,0.68,0.5882352941176471,0.17647058823529413,0.16666666666666666,0.2,0.5,0.014705882352941176,,,,0.058823529411764705,0.3235294117647059,0.45454545454545453,0.45454545454545453,1.0,0.375,0.6666666666666666,0.5,0.25,0.4,0.6666666666666666,0.8088235294117647,0.45454545454545453,0.5388661764705882,0.5484642857142857,0.55726,0.12162162162162163,0.1875,,0.15853658536585366,0.25609756097560976,4.002380952380952,24.207692307692305,0.17567567567567569,2026-05-24,1022600044,PHX,1611661330,ATL,ATL,6.0,3.0,7.0,1.0,,1.0,,1.0,,2.0,4.0,,,1.0,1.0,2.0,,,0.13793103448275862,,0.25,0.25,1.0,0.4666666666666667,0.42857142857142855,0.06666666666666667,,,1.0,3.0,2.0,,,,0.42857142857142855,0.4166666666666667,0.3333333333333333,0.0625,0.5,0.125,,,2.0,,,1.0,,,,
40:00,76,78,9.0,9,154,13.0,24.0,1.0,3.0,5.0,10,,,5.0,10,26,2.0,4.0,1.0,2.0,18,34,11,31,12,81,2.0,6.0,2.0,4.0,1.0,11.0,3.0,4.0,1.0,2.0,3.0,12.0,24,12,33.0,,2.0,26,10,2.0,12,11.0,23,10.0,10.0,2.0,,57,7.0,5.0,7,10,,17,14,31,5,5.0,,10,2.0,7.0,8.0,3.0,18,2.0,5,10,1.0,16,2.0,16,,7,,2.0,,,2.0,,2.0,1.0,70,12.0,9.0,0.6666666666666666,0.7058823529411765,1.0,0.3548387096774194,0.5,0.5,0.3548387096774194,0.5294117647058824,0.3333333333333333,0.75,0.5307692307692308,0.5,0.75,0.5547945205479452,0.5,0.6666666666666666,0.47692307692307695,0.058823529411764705,,,0.5555555555555556,,0.6666666666666666,0.3333333333333333,0.6363636363636364,0.35,0.6538461538461539,0.34285714285714286,0.2,,0.4375,0.4444444444444444,1.0,1.0,0.6666666666666666,0.6,92.4,0.5,17.05526315789474,14.15128205128205,16.076315789473682,13.897435897435898,0.36923076923076925,0.5416666666666666,0.5909090909090909,0.7692307692307693,0.15384615384615385,0.5,0.5,0.4,,,,,0.07692307692307693,0.4,0.38461538461538464,0.38461538461538464,1.0,0.3,0.3333333333333333,0.4,0.5,0.3333333333333333,0.5,0.8461538461538461,0.38461538461538464,0.5344969230769231,0.4354,0.50915,0.09722222222222222,0.17073170731707318,,0.13580246913580246,0.14814814814814814,4.017647058823529,23.75483870967742,0.11842105263157894,2026-05-27,1022600051,MIN,1611661330,ATL,ATL,1.0,2.0,3.0,1.0,,,,1.0,,1.0,3.0,,1.0,,,1.0,1.0,,0.08333333333333333,,0.2,0.2,1.0,0.5,0.6666666666666666,,,,,2.0,1.0,1.0,,,1.0,0.4,,0.029411764705882353,,,,,,,,1.0,,,,
40:00,77,76,30.0,10,153,11.0,16.0,5.0,7.0,10.0,19,,3.0,8.0,8,22,,3.0,3.0,7.0,21,38,9,30,17,86,5.0,7.0,,3.0,6.0,16.0,7.0,12.0,3.0,10.0,5.0,28.0,28,14,24.0,3.0,8.0,22,8,3.0,14,8.0,22,7.0,5.0,9.0,,52,6.0,8.0,14,7,,21,14,35,16,12.0,4.0,4,2.0,3.0,12.0,1.0,16,6.0,3,14,,22,2.0,20,5.0,10,,1.0,,,,1.0,1.0,1.0,70,28.0,30.0,0.6666666666666666,0.8235294117647058,0.8888888888888888,0.3,,0.3,0.3,0.5526315789473685,0.7142857142857143,0.5833333333333334,0.5073529411764706,0.5,0.5227272727272727,0.5733333333333334,0.6153846153846154,0.5833333333333334,0.4411764705882353,0.07894736842105263,0.05263157894736842,,0.25,,0.5384615384615384,0.5,0.8235294117647058,0.3,0.7,0.3888888888888889,0.5,,0.2857142857142857,0.5,0.625,,0.8,0.8571428571428571,91.8,1.0,15.432467532467532,15.94342105263158,14.705194805194804,15.051315789473685,0.23529411764705882,0.6875,0.7857142857142857,0.45454545454545453,0.27941176470588236,0.5263157894736842,0.5555555555555556,0.9,0.04411764705882353,,,,0.11764705882352941,0.3235294117647059,0.36363636363636365,0.36363636363636365,0.875,0.7,0.7142857142857143,0.3,,0.3181818181818182,0.42857142857142855,0.6764705882352942,0.36363636363636365,0.5085558823529412,0.6243071428571428,0.45549318181818177,0.136986301369863,0.23255813953488372,,0.18604651162790697,0.32558139534883723,5.776315789473684,24.616666666666667,0.38961038961038963,2026-05-29,1022600059,PDX,1611661330,ATL,ATL,2.0,3.0,3.0,1.0,,3.0,1.0,1.0,1.0,3.0,1.0,3.0,4.0,1.0,3.0,2.0,2.0,0.03333333333333333,0.125,,0.125,0.14285714285714285,1.0,0.13636363636363635,1.0,0.13636363636363635,,,,,2.0,2.0,,0.125,,0.8,0.3333333333333333,0.0625,0.2,,,,1.0,,,,,,,
40:00,76,77,19.0,10,153,13.0,20.0,3.0,4.0,5.0,9,,2.0,7.0,11,30,,3.0,3.0,8.0,18,31,14,37,13,91,3.0,5.0,1.0,4.0,6.0,15.0,2.0,2.0,4.0,9.0,4.0,20.0,16,20,42.0,,,30,11,5.0,8,14.0,22,11.0,8.0,,,58,5.0,6.0,10,12,5.0,27,12,39,10,7.0,3.0,8,2.0,4.0,6.0,4.0,14,6.0,11,20,,18,1.0,18,1.0,7,,1.0,,,1.0,,1.0,,76,20.0,19.0,0.4444444444444444,0.4444444444444444,1.0,0.3783783783783784,0.25,0.4444444444444444,0.3783783783783784,0.5806451612903226,0.6,1.0,0.5735294117647058,0.5,0.7272727272727273,0.5921052631578947,0.5769230769230769,0.7142857142857143,0.5441176470588235,0.16129032258064516,0.2222222222222222,,0.5714285714285714,1.0,0.75,0.46153846153846156,0.7692307692307693,0.22727272727272727,0.7586206896551724,0.3142857142857143,0.25,,0.2222222222222222,0.5,0.8,0.75,0.8181818181818182,0.5,91.8,,16.931578947368422,14.457142857142857,15.773684210526316,13.754545454545456,0.29411764705882354,0.65,0.7647058823529411,0.6153846153846154,0.1323529411764706,0.5555555555555556,0.7142857142857143,,0.029411764705882353,,,,0.10294117647058823,0.4411764705882353,0.36666666666666664,0.36666666666666664,1.0,0.4444444444444444,0.75,0.3333333333333333,,0.7272727272727273,0.375,0.8382352941176471,0.36666666666666664,0.5466204545454545,0.59965625,0.555835,0.0945945945945946,0.1891891891891892,,0.16483516483516483,0.21978021978021978,4.432258064516129,24.74864864864865,0.25,2026-06-02,1022600066,CON,1611661330,ATL,ATL,20.0,2.0,2.0,3.0,1.0,1.0,,3.0,,3.0,,,2.0,1.0,1.0,2.0,1.0,,0.15,,0.42857142857142855,0.42857142857142855,1.0,0.18181818181818182,1.0,0.09090909090909091,1.0,1.0,1.0,1.0,,,4.0,,0.25,0.7142857142857143,0.25,,1.0,0.1111111111111111,1.0,1.0,1.0,,,,,,,
40:00,77,78,15.0,12,155,12.0,24.0,3.0,6.0,5.0,19,,3.0,5.0,5,16,,2.0,,2.0,17,46,6,21,19,71,4.0,9.0,,2.0,2.0,10.0,5.0,11.0,,2.0,9.0,19.0,16,18,18.0,,,16,5,7.0,8,6.0,14,5.0,6.0,2.0,,34,3.0,10.0,10,13,1.0,24,14,38,9,7.0,2.0,6,2.0,3.0,8.0,3.0,14,1.0,3,18,1.0,22,2.0,24,1.0,7,,3.0,,,2.0,1.0,3.0,1.0,61,19.0,15.0,0.47058823529411764,0.47058823529411764,1.0,0.2857142857142857,,,0.2857142857142857,0.3695652173913043,0.4444444444444444,0.45454545454545453,0.3880597014925373,0.36363636363636365,0.38461538461538464,0.4551282051282051,0.4166666666666667,0.5,0.31343283582089554,0.15217391304347827,0.15789473684210525,,0.42857142857142855,1.0,0.6842105263157895,0.37037037037037035,0.7692307692307693,0.2,0.71875,0.30952380952380953,0.38461538461538464,,0.2727272727272727,0.5714285714285714,0.7777777777777778,0.6666666666666666,0.8181818181818182,0.5,93.0,0.3333333333333333,16.306493506493506,14.671794871794873,15.354545454545454,13.832051282051284,0.3582089552238806,0.5,0.6,0.5,0.2835820895522388,0.2631578947368421,0.3125,0.4,0.04477611940298507,,,,0.07462686567164178,0.23880597014925373,0.3125,0.3125,1.0,0.5454545454545454,0.5,0.18181818181818182,,0.15384615384615385,,0.6716417910447762,0.3125,0.49789179104477616,0.434685,0.5261884615384615,0.0958904109589041,0.1346153846153846,,0.14084507042253522,0.2676056338028169,5.0630434782608695,24.81904761904762,0.19480519480519481,2026-06-04,1022600072,IND,1611661330,ATL,ATL,11.0,5.0,9.0,1.0,,,,1.0,,1.0,2.0,,2.0,,2.0,5.0,5.0,,0.16666666666666666,,0.2,0.2,1.0,0.6923076923076923,0.5555555555555556,,,,,1.0,,,4.0,,0.3333333333333333,0.45454545454545453,,,0.6666666666666666,,,,,,,,,,,
40:00,77,77,38.0,15,154,13.0,26.0,3.0,7.0,5.0,14,1.0,1.0,10.0,7,15,2.0,4.0,3.0,6.0,19,41,13,25,32,109,4.0,8.0,2.0,5.0,4.0,18.0,11.0,25.0,6.0,12.0,15.0,55.0,16,22,39.0,,6.0,15,7,4.0,8,13.0,21,7.0,6.0,2.0,,55,2.0,13.0,8,14,4.0,26,19,45,16,13.0,3.0,4,,2.0,8.0,2.0,12,4.0,11,26,3.0,26,1.0,41,3.0,18,1.0,4.0,,,4.0,,4.0,2.0,91,55.0,38.0,0.42105263157894735,0.5,1.0,0.52,0.4,0.5,0.52,0.4634146341463415,0.5,0.44,0.5833333333333334,0.5384615384615384,0.5405405405405406,0.6385542168674698,0.6,0.6136363636363636,0.3787878787878788,0.0975609756097561,,,0.3333333333333333,0.8,0.6666666666666666,0.5909090909090909,0.7272727272727273,0.18181818181818182,0.6875,0.45454545454545453,0.4444444444444444,,0.125,0.5833333333333334,0.75,1.0,0.7777777777777778,0.5,92.4,0.5,15.054545454545455,16.114285714285714,14.092207792207795,15.315584415584414,0.3939393939393939,0.5,0.5909090909090909,0.46153846153846156,0.21212121212121213,0.35714285714285715,0.35714285714285715,0.4,0.015151515151515152,1.0,1.0,,0.15151515151515152,0.22727272727272727,0.4666666666666667,0.4666666666666667,1.0,0.5384615384615384,0.42857142857142855,0.3076923076923077,0.5,0.16216216216216217,0.5,0.7727272727272727,0.4666666666666667,0.5461522727272727,0.6039153846153846,0.5161743243243243,0.23170731707317074,0.32142857142857145,0.038461538461538464,0.1651376146788991,0.5045871559633027,4.212195121951219,24.1,0.4935064935064935,2026-06-06,1022600079,WAS,1611661330,ATL,ATL,27.0,7.0,15.0,6.0,3.0,6.0,,6.0,,2.0,3.0,1.0,1.0,,,1.0,1.0,,0.15384615384615385,,0.6,0.6,1.0,0.40540540540540543,0.4666666666666667,0.16216216216216217,0.5,,1.0,4.0,1.0,,4.0,,0.5714285714285714,0.6923076923076923,0.3333333333333333,0.034482758620689655,,0.07692307692307693,,,3.0,,,1.0,,,,
40:00,76,77,18.0,15,153,17.0,30.0,6.0,7.0,8.0,13,1.0,1.0,6.0,3,20,,1.0,1.0,5.0,26,44,5,26,15,82,8.0,9.0,,1.0,1.0,17.0,4.0,6.0,1.0,6.0,6.0,17.0,26,26,15.0,,6.0,20,3,5.0,13,5.0,18,3.0,10.0,2.0,1.0,41,7.0,8.0,5,19,3.0,27,15,42,9,7.0,2.0,6,2.0,3.0,11.0,3.0,17,7.0,13,15,1.0,20,3.0,16,3.0,7,,,,,,,,,65,17.0,18.0,0.5,0.5652173913043478,1.0,0.19230769230769232,,0.16666666666666666,0.19230769230769232,0.5909090909090909,0.8888888888888888,0.6666666666666666,0.4785714285714286,0.8,0.4583333333333333,0.54,0.85,0.5714285714285714,0.37142857142857144,0.11363636363636363,0.07692307692307693,,0.35294117647058826,0.75,0.9047619047619048,0.47058823529411764,0.8333333333333334,0.3684210526315789,0.8888888888888888,0.4166666666666667,0.25,,0.4,0.8888888888888888,0.9,1.0,0.8,1.0,91.8,,16.99342105263158,14.396103896103897,15.927631578947368,14.253246753246753,0.42857142857142855,0.5666666666666667,0.6538461538461539,0.5882352941176471,0.18571428571428572,0.6153846153846154,0.6666666666666666,0.25,0.014285714285714285,1.0,1.0,1.0,0.08571428571428572,0.2857142857142857,0.15,0.16666666666666666,1.0,0.7,0.8571428571428571,0.1,,0.4166666666666667,0.2,0.8,0.15,0.5379299999999999,0.5471214285714285,0.46176666666666666,0.0945945945945946,0.14583333333333334,,0.2073170731707317,0.2073170731707317,4.2295454545454545,24.411538461538463,0.23684210526315788,2026-06-09,1022600086,CHI,1611661330,ATL,ATL,4.0,2.0,3.0,2.0,,1.0,2.0,2.0,1.0,,5.0,,,,,1.0,1.0,0.07692307692307693,0.13333333333333333,0.1,0.3333333333333333,0.3333333333333333,1.0,0.25,0.6666666666666666,0.08333333333333333,,,,,,5.0,,,,0.5384615384615384,0.25,,0.5,,,,1.0,,,,,,,
40:00,79,82,14.0,10,161,20.0,28.0,4.0,7.0,4.0,15,,3.0,6.0,8,23,,2.0,,2.0,24,46,9,29,15,90,4.0,8.0,,2.0,,8.0,5.0,8.0,,3.0,3.0,13.0,28,20,24.0,3.0,4.0,23,8,4.0,14,8.0,22,7.0,13.0,1.0,,52,4.0,7.0,9,7,1.0,17,12,29,11,6.0,5.0,2,1.0,2.0,3.0,,5,2.0,12,21,1.0,21,3.0,27,2.0,12,1.0,2.0,,,1.0,1.0,2.0,2.0,82,13.0,14.0,0.5833333333333334,0.6363636363636364,0.8888888888888888,0.3103448275862069,,,0.3103448275862069,0.5217391304347826,0.5,0.625,0.5,0.4,0.45454545454545453,0.5174418604651163,0.4,0.5,0.38666666666666666,0.08695652173913043,0.06666666666666667,,0.4,1.0,0.6363636363636364,0.3181818181818182,0.6,0.2,0.6153846153846154,0.2619047619047619,0.2727272727272727,,0.26666666666666666,0.6,0.5,1.0,0.6666666666666666,0.3333333333333333,96.6,1.0,15.641772151898735,14.198780487804877,14.818987341772152,13.36219512195122,0.37333333333333335,0.7142857142857143,0.8,0.65,0.2,0.26666666666666666,0.2857142857142857,0.25,0.04,,,,0.08,0.30666666666666664,0.34782608695652173,0.34782608695652173,0.875,0.7,0.5714285714285714,0.2,,0.18181818181818182,,0.76,0.34782608695652173,0.5543613333333334,0.62015625,0.5145818181818181,0.1511627906976744,0.21428571428571427,0.03333333333333333,0.08888888888888889,0.14444444444444443,4.52391304347826,24.120689655172413,0.17721518987341772,2026-06-11,1022600092,NYL,1611661330,ATL,ATL,31.0,4.0,4.0,1.0,,1.0,,1.0,,1.0,2.0,,2.0,1.0,1.0,,,,0.10714285714285714,,0.16666666666666666,0.16666666666666666,1.0,0.36363636363636365,1.0,0.09090909090909091,,,,1.0,1.0,,1.0,,0.2,0.5,,0.02631578947368421,0.5,,,,1.0,1.0,,,,,,
40:00,80,81,17.0,15,161,19.0,37.0,5.0,8.0,3.0,9,,,7.0,12,29,2.0,6.0,4.0,5.0,22,46,14,36,16,102,5.0,10.0,2.0,7.0,2.0,18.0,4.0,10.0,5.0,7.0,6.0,29.0,20,24,36.0,6.0,8.0,29,12,7.0,10,12.0,22,10.0,10.0,,,56,8.0,12.0,14,16,1.0,31,20,51,8,7.0,1.0,5,,1.0,6.0,4.0,11,2.0,6,18,2.0,19,3.0,20,6.0,11,,4.0,,,3.0,1.0,4.0,2.0,84,29.0,17.0,0.45454545454545453,0.5555555555555556,0.8571428571428571,0.3888888888888889,0.2857142857142857,0.7142857142857143,0.3888888888888889,0.4782608695652174,0.5,0.4,0.524390243902439,0.47058823529411764,0.6764705882352942,0.5730337078651685,0.5294117647058824,0.725,0.43902439024390244,0.15217391304347827,0.1111111111111111,,0.45454545454545453,1.0,0.7272727272727273,0.5,0.9333333333333333,0.36363636363636365,0.8108108108108109,0.43478260869565216,0.6666666666666666,,0.4117647058823529,0.6666666666666666,0.7,1.0,1.0,0.75,96.6,0.5,14.5775,15.232098765432099,13.676250000000001,15.04074074074074,0.45121951219512196,0.5135135135135135,0.6129032258064516,0.5263157894736842,0.10975609756097561,0.3333333333333333,0.375,,,,,,0.08536585365853659,0.35365853658536583,0.41379310344827586,0.41379310344827586,0.8333333333333334,0.47058823529411764,0.625,0.35294117647058826,0.3333333333333333,0.29411764705882354,0.8,0.8902439024390244,0.41379310344827586,0.5498670731707317,0.5272307692307693,0.5462882352941176,0.12643678160919541,0.21568627450980393,,0.17647058823529413,0.28431372549019607,3.002173913043478,24.063888888888886,0.2125,2026-06-14,1022600102,TOR,1611661330,ATL,ATL,32.0,4.0,8.0,2.0,1.0,2.0,,2.0,,,2.0,,1.0,,1.0,2.0,1.0,,0.16216216216216217,,0.2857142857142857,0.2857142857142857,1.0,0.47058823529411764,0.5,0.11764705882352941,0.5,,1.0,,3.0,,2.0,,,0.4444444444444444,0.2,0.07692307692307693,,0.058823529411764705,,,,,,1.0,,,,
40:00,85,86,27.0,9,171,21.0,35.0,2.0,3.0,9.0,15,,1.0,2.0,5,16,1.0,4.0,1.0,5.0,30,51,7,18,27,108,2.0,4.0,1.0,4.0,1.0,8.0,12.0,14.0,1.0,5.0,12.0,39.0,28,32,21.0,,,16,5,3.0,14,7.0,21,5.0,11.0,3.0,,49,3.0,7.0,7,13,2.0,22,11,33,10,6.0,4.0,7,1.0,4.0,5.0,3.0,12,4.0,9,27,1.0,26,2.0,35,5.0,15,,3.0,,,,3.0,3.0,2.0,100,37.0,25.0,0.4666666666666667,0.4666666666666667,1.0,0.3888888888888889,0.25,0.2,0.3888888888888889,0.5882352941176471,0.5,0.8571428571428571,0.5869565217391305,0.4375,0.7105263157894737,0.6428571428571429,0.4444444444444444,0.78,0.2608695652173913,0.058823529411764705,,,0.5833333333333334,1.0,0.6842105263157895,0.3333333333333333,0.7777777777777778,0.3,0.7142857142857143,0.3225806451612903,0.16666666666666666,,0.3,0.5,0.75,0.6666666666666666,0.75,1.0,102.6,0.6666666666666666,13.125882352941177,14.933720930232557,12.652941176470588,14.654651162790698,0.5072463768115942,0.6,0.65625,0.5238095238095238,0.21739130434782608,0.6,0.6,0.3333333333333333,0.014492753623188406,,,,0.028985507246376812,0.2318840579710145,0.3125,0.3125,1.0,0.375,0.6666666666666666,0.5,0.25,0.2631578947368421,0.2,0.7681159420289855,0.3125,0.5226326086956522,0.5317916666666667,0.5288394736842106,0.189873417721519,0.2459016393442623,,0.07407407407407407,0.3611111111111111,4.192156862745098,25.094444444444445,0.3176470588235294,2026-06-18,1022600113,IND,1611661330,ATL,ATL,41.0,9.0,11.0,2.0,,,,2.0,1.0,1.0,2.0,,2.0,,2.0,5.0,3.0,,0.08571428571428572,,1.0,1.0,1.0,0.5789473684210527,0.8181818181818182,,,,,1.0,3.0,,4.0,,0.25,0.42857142857142855,,0.10714285714285714,,,,,,2.0,,1.0,,,,
40:00,82,84,42.0,16,166,23.0,36.0,6.0,9.0,4.0,16,1.0,2.0,3.0,12,23,2.0,3.0,5.0,9.0,28,54,12,26,21,113,6.0,9.0,2.0,3.0,4.0,22.0,15.0,28.0,5.0,10.0,11.0,56.0,30,26,30.0,6.0,8.0,23,12,3.0,15,10.0,25,10.0,13.0,1.0,1.0,60,5.0,10.0,12,12,1.0,25,18,43,10,8.0,2.0,1,,,8.0,1.0,9,6.0,9,24,1.0,29,3.0,31,6.0,12,,5.0,,,4.0,1.0,5.0,2.0,91,56.0,42.0,0.5357142857142857,0.625,0.8333333333333334,0.46153846153846156,0.6666666666666666,0.5,0.46153846153846156,0.5185185185185185,0.6666666666666666,0.5357142857142857,0.575,0.75,0.5921052631578947,0.6098901098901099,0.7857142857142857,0.6111111111111112,0.325,0.05555555555555555,0.125,,0.1111111111111111,1.0,0.7058823529411765,0.38461538461538464,0.7058823529411765,0.35714285714285715,0.7058823529411765,0.375,0.5,,0.2727272727272727,0.6666666666666666,0.8333333333333334,0.5,0.7333333333333333,0.5,99.6,0.4,14.404878048780489,14.50952380952381,13.308536585365854,13.988095238095237,0.45,0.6388888888888888,0.6571428571428571,0.5652173913043478,0.2,0.25,0.2857142857142857,0.25,0.025,0.5,0.5,1.0,0.0375,0.2875,0.5217391304347826,0.5217391304347826,0.8333333333333334,0.75,0.6666666666666666,0.25,0.6666666666666666,0.23684210526315788,0.5555555555555556,0.775,0.5217391304347826,0.5484625000000001,0.6316849999999999,0.5398894736842105,0.13953488372093023,0.2,,0.19469026548672566,0.49557522123893805,4.044444444444444,23.857692307692307,0.5121951219512195,2026-06-20,1022600117,IND,1611661330,ATL,ATL,42.0,13.0,18.0,,,1.0,,,1.0,3.0,3.0,,2.0,,3.0,5.0,5.0,,0.027777777777777776,,,,,0.47368421052631576,0.7222222222222222,0.02631578947368421,,,,3.0,3.0,,2.0,,0.5,0.3076923076923077,0.6666666666666666,0.08108108108108109,0.3333333333333333,,,,2.0,1.0,,1.0,,,,
40:00,83,85,25.0,14,168,20.0,39.0,4.0,6.0,5.0,8,,2.0,7.0,6,22,,2.0,1.0,7.0,25,49,9,29,17,94,5.0,9.0,1.0,3.0,5.0,18.0,5.0,12.0,3.0,10.0,8.0,27.0,30,20,24.0,3.0,2.0,22,6,6.0,15,8.0,23,6.0,13.0,2.0,,54,7.0,8.0,13,12,4.0,29,15,44,8,6.0,2.0,8,1.0,5.0,4.0,3.0,12,3.0,11,26,2.0,23,3.0,21,3.0,10,,1.0,,,1.0,,1.0,1.0,76,27.0,25.0,0.6,0.625,0.8888888888888888,0.3103448275862069,0.3333333333333333,0.3,0.3103448275862069,0.5102040816326531,0.5555555555555556,0.4166666666666667,0.4935897435897436,0.5416666666666666,0.4318181818181818,0.5402298850574713,0.6,0.5,0.3717948717948718,0.12244897959183673,,,0.6666666666666666,1.0,0.8,0.34782608695652173,0.6842105263157895,0.35,0.7352941176470589,0.3488372093023256,,,0.4375,0.625,1.0,1.0,0.6875,0.6666666666666666,100.8,1.0,15.201204819277109,13.391764705882352,14.165060240963856,12.976470588235294,0.5,0.5128205128205128,0.6060606060606061,0.65,0.10256410256410256,0.625,0.625,0.4,0.02564102564102564,,,,0.08974358974358974,0.28205128205128205,0.2727272727272727,0.2727272727272727,1.0,0.5,0.6666666666666666,0.16666666666666666,,0.3181818181818182,0.14285714285714285,0.8717948717948718,0.2727272727272727,0.5717826923076923,0.5209714285714285,0.572975,0.11764705882352941,0.17857142857142858,,0.19148936170212766,0.2872340425531915,3.13265306122449,24.00344827586207,0.30120481927710846,2026-06-22,1022600124,TOR,1611661330,ATL,ATL,32.0,4.0,9.0,3.0,2.0,3.0,,2.0,,,1.0,,2.0,,3.0,2.0,2.0,,0.15384615384615385,,0.42857142857142855,0.42857142857142855,0.6666666666666666,0.4090909090909091,0.4444444444444444,0.13636363636363635,0.6666666666666666,1.0,1.0,,1.0,,4.0,,,0.42105263157894735,,0.02702702702702703,0.25,0.08333333333333333,1.0,,,,,,,,,
40:00,71,72,9.0,8,143,14.0,24.0,2.0,5.0,7.0,21,,1.0,3.0,4,15,1.0,5.0,1.0,3.0,21,46,4,18,12,66,3.0,6.0,1.0,5.0,3.0,12.0,3.0,6.0,1.0,3.0,3.0,12.0,26,16,9.0,3.0,2.0,15,4,7.0,13,3.0,16,3.0,10.0,3.0,,35,5.0,8.0,8,13,2.0,23,14,37,6,3.0,3.0,5,3.0,3.0,8.0,2.0,13,1.0,6,16,1.0,20,1.0,22,4.0,13,,2.0,1.0,1.0,,2.0,3.0,2.0,54,12.0,9.0,0.6190476190476191,0.65,0.75,0.2222222222222222,0.2,0.3333333333333333,0.2222222222222222,0.45652173913043476,0.5,0.5,0.421875,0.4090909090909091,0.5,0.4520547945205479,0.46153846153846156,0.5454545454545454,0.28125,0.15217391304347827,0.19047619047619047,,0.38461538461538464,1.0,0.8125,0.32,0.5714285714285714,0.38461538461538464,0.7,0.34210526315789475,0.14285714285714285,,0.4,0.8571428571428571,0.75,1.0,0.5454545454545454,0.6666666666666666,85.79999999999994,0.6666666666666666,14.253521126760592,19.27777777777778,13.583098591549325,18.44861111111111,0.375,0.5833333333333334,0.6666666666666666,0.7142857142857143,0.328125,0.3333333333333333,0.4117647058823529,0.42857142857142855,0.015625,,,,0.046875,0.234375,0.26666666666666666,0.26666666666666666,0.75,0.45454545454545453,0.4,0.45454545454545453,0.2,0.3333333333333333,0.3333333333333333,0.65625,0.26666666666666666,0.5108968253968255,0.5631625,0.45558125,0.1780821917808219,0.23636363636363636,,0.18181818181818182,0.18181818181818182,4.628260869565217,26.483333333333334,0.1267605633802817,2026-06-24,1022600131,GSV,1611661330,ATL,ATL,20.0,2.0,3.0,,,,,,,,,2.0,2.0,2.0,1.0,,,,0.125,,,,,0.3333333333333333,0.6666666666666666,,,,,1.0,3.0,,,,0.2,0.6,0.3333333333333333,0.0967741935483871,0.5,,,,,,,1.0,,,,
40:00,80,80,35.0,12,160,14.0,25.0,2.0,5.0,3.0,18,,4.0,3.0,5,17,1.0,1.0,3.0,10.0,17,47,6,20,23,75,3.0,8.0,1.0,1.0,2.0,11.0,5.0,12.0,4.0,12.0,12.0,34.0,10,24,15.0,3.0,2.0,17,5,9.0,5,5.0,10,4.0,5.0,,,25,2.0,11.0,10,12,1.0,23,14,37,14,6.0,8.0,6,1.0,5.0,8.0,1.0,14,7.0,8,21,2.0,22,,27,2.0,13,1.0,4.0,,,1.0,3.0,4.0,1.0,64,34.0,35.0,0.29411764705882354,0.3125,0.8333333333333334,0.3,1.0,0.3333333333333333,0.3,0.3617021276595745,0.375,0.4166666666666667,0.3880597014925373,0.5,0.4583333333333333,0.47468354430379744,0.55,0.5666666666666667,0.29850746268656714,0.19148936170212766,0.16666666666666666,,0.42857142857142855,1.0,0.6666666666666666,0.36666666666666664,0.5882352941176471,0.14285714285714285,0.6285714285714286,0.29545454545454547,0.4666666666666667,0.25,0.08333333333333333,0.75,0.6363636363636364,0.6666666666666666,0.75,0.4444444444444444,96.0,0.25,13.997499999999999,16.0025,13.133750000000001,14.89,0.373134328358209,0.56,0.7368421052631579,0.35714285714285715,0.26865671641791045,0.16666666666666666,0.2,,0.05970149253731343,,,,0.04477611940298507,0.2537313432835821,0.29411764705882354,0.29411764705882354,0.8,0.5555555555555556,0.4,0.1111111111111111,1.0,0.4166666666666667,0.3,0.6716417910447762,0.29411764705882354,0.5022257575757576,0.51735625,0.4673434782608696,0.1794871794871795,0.22413793103448276,0.05,0.14666666666666667,0.4533333333333333,5.170212765957447,26.125,0.4375,2026-06-26,1022600137,GSV,1611661330,ATL,ATL,8.0,3.0,4.0,1.0,1.0,2.0,,1.0,,3.0,3.0,1.0,4.0,,3.0,1.0,1.0,,0.24,,0.3333333333333333,0.3333333333333333,1.0,0.16666666666666666,0.75,0.08333333333333333,0.5,,,1.0,1.0,1.0,5.0,,0.3333333333333333,0.2727272727272727,0.5,0.02857142857142857,,,,,,,,1.0,1.0,,,
40:00,83,82,16.0,12,165,16.0,23.0,2.0,4.0,7.0,16,,2.0,5.0,6,24,,2.0,,3.0,23,41,7,29,23,90,3.0,6.0,,3.0,3.0,9.0,3.0,5.0,1.0,5.0,6.0,15.0,30,16,21.0,,,24,6,4.0,15,7.0,22,6.0,13.0,2.0,,51,6.0,8.0,5,12,4.0,21,14,35,7,5.0,2.0,5,1.0,2.0,8.0,3.0,13,4.0,10,18,1.0,21,3.0,26,1.0,10,,,,,,,,,81,15.0,16.0,0.6521739130434783,0.6521739130434783,1.0,0.2413793103448276,,0.2,0.2413793103448276,0.5609756097560976,0.5,0.6,0.4785714285714286,0.3333333333333333,0.45,0.5426829268292683,0.4090909090909091,0.5357142857142857,0.4142857142857143,0.0975609756097561,0.125,,0.38461538461538464,1.0,0.75,0.4444444444444444,0.5555555555555556,0.2727272727272727,0.68,0.35,0.5555555555555556,,0.16666666666666666,1.0,0.5,1.0,0.625,,99.0,,13.702409638554217,15.398780487804878,13.089156626506023,14.941463414634146,0.32857142857142857,0.6956521739130435,0.7619047619047619,0.8125,0.22857142857142856,0.4375,0.5,0.2857142857142857,0.02857142857142857,,,,0.07142857142857142,0.34285714285714286,0.25,0.25,1.0,0.4444444444444444,0.5,0.2222222222222222,,0.3,,0.7428571428571429,0.25,0.515625,0.5624875,0.452735,0.12658227848101267,0.2,,0.1,0.16666666666666666,5.6,24.413793103448278,0.1927710843373494,2026-06-27,1022600140,SEA,1611661330,ATL,ATL,17.0,2.0,3.0,1.0,1.0,2.0,,1.0,,2.0,1.0,1.0,,,3.0,3.0,3.0,,0.08695652173913043,,0.2,0.2,1.0,0.3,0.6666666666666666,0.2,0.5,,1.0,,,1.0,1.0,,,0.42857142857142855,0.75,,1.0,0.1111111111111111,,,1.0,,,,,,,
40:00,81,83,16.0,15,164,13.0,25.0,3.0,5.0,9.0,22,,2.0,4.0,6,27,1.0,3.0,,6.0,22,49,7,31,11,76,6.0,11.0,1.0,3.0,1.0,16.0,3.0,9.0,,7.0,4.0,10.0,28,16,15.0,6.0,,27,6,3.0,14,5.0,19,5.0,9.0,5.0,,43,8.0,12.0,4,11,3.0,18,21,39,13,10.0,3.0,2,3.0,1.0,13.0,1.0,15,2.0,6,23,4.0,22,6.0,18,3.0,8,,3.0,,,3.0,,3.0,1.0,60,10.0,16.0,0.6363636363636364,0.6363636363636364,0.7142857142857143,0.22580645161290322,0.3333333333333333,,0.22580645161290322,0.4489795918367347,0.5454545454545454,0.3333333333333333,0.40625,0.5357142857142857,0.1875,0.43103448275862066,0.5,0.2631578947368421,0.3875,0.061224489795918366,0.13636363636363635,,0.13333333333333333,0.75,0.6111111111111112,0.4444444444444444,0.5714285714285714,0.3333333333333333,0.6,0.39215686274509803,0.3076923076923077,1.0,0.38095238095238093,0.5,0.6,1.0,0.6,0.5,98.39999999999985,0.3333333333333333,14.73950617283953,14.531325301204843,13.170370370370396,13.927710843373518,0.3125,0.52,0.52,0.6923076923076923,0.275,0.4090909090909091,0.47368421052631576,0.5555555555555556,0.025,,,,0.05,0.3375,0.2222222222222222,0.2222222222222222,0.8333333333333334,0.35714285714285715,0.6,0.21428571428571427,0.3333333333333333,0.375,,0.7,0.2222222222222222,0.49685187500000005,0.4570227272727273,0.403396875,0.09411764705882353,0.14814814814814814,,0.21052631578947367,0.13157894736842105,4.985714285714286,25.312903225806455,0.19753086419753085,2026-07-02,1022600145,WAS,1611661330,ATL,ATL,14.0,2.0,4.0,1.0,,1.0,,,,2.0,4.0,1.0,4.0,,1.0,2.0,2.0,,,,0.25,0.25,,0.25,0.5,0.0625,,,,1.0,5.0,2.0,3.0,,0.3333333333333333,0.5,,0.10416666666666667,0.6666666666666666,,,,1.0,,,1.0,,,,
40:00,78,78,33.0,14,156,14.0,25.0,3.0,5.0,4.0,14,,1.0,6.0,6,20,2.0,5.0,2.0,5.0,18,40,8,26,23,83,4.0,6.0,3.0,6.0,7.0,24.0,5.0,13.0,2.0,7.0,13.0,29.0,20,16,24.0,,,20,6,3.0,10,8.0,18,6.0,9.0,1.0,,44,7.0,9.0,14,12,2.0,28,17,45,6,2.0,4.0,15,,10.0,2.0,5.0,17,7.0,9,20,2.0,28,2.0,33,6.0,14,,,1.0,,,,1.0,,59,29.0,33.0,0.5555555555555556,0.5555555555555556,1.0,0.3076923076923077,0.5,0.2857142857142857,0.3076923076923077,0.45,0.6666666666666666,0.38461538461538464,0.45454545454545453,0.7083333333333334,0.4,0.5253164556962026,0.8,0.5,0.3939393939393939,0.075,,,0.8823529411764706,0.6666666666666666,0.8,0.4090909090909091,0.6666666666666666,0.3888888888888889,0.7222222222222222,0.4,0.3,,0.5,0.8333333333333334,0.8333333333333334,0.6666666666666666,0.7333333333333333,0.5,93.6,,14.548717948717949,16.22051282051282,13.356410256410255,15.61794871794872,0.3787878787878788,0.56,0.6363636363636364,0.6428571428571429,0.21212121212121213,0.2857142857142857,0.2857142857142857,0.25,0.015151515151515152,,,,0.09090909090909091,0.30303030303030304,0.3,0.3,1.0,0.4166666666666667,0.6,0.4166666666666667,0.4,0.25,0.4,0.7727272727272727,0.3,0.5398727272727273,0.5741,0.516345,0.1891891891891892,0.2916666666666667,,0.2891566265060241,0.3493975903614458,4.7125,24.096153846153847,0.4230769230769231,2026-07-04,1022600150,GSV,1611661330,ATL,ATL,17.0,4.0,9.0,2.0,,2.0,1.0,2.0,,,2.0,,1.0,,3.0,5.0,4.0,0.038461538461538464,0.12,,0.3333333333333333,0.4,1.0,0.45,0.4444444444444444,0.1,,1.0,1.0,1.0,3.0,,,0.16666666666666666,0.25,0.5454545454545454,,0.08333333333333333,1.0,0.08333333333333333,1.0,1.0,1.0,,1.0,1.0,,,,
40:00,88,90,25.0,12,178,21.0,33.0,2.0,4.0,3.0,13,,,4.0,5,22,1.0,3.0,,4.0,24,46,6,26,23,89,3.0,5.0,1.0,5.0,4.0,13.0,7.0,13.0,,5.0,10.0,24.0,24,24,18.0,,2.0,22,5,3.0,12,6.0,18,5.0,12.0,,,42,5.0,7.0,14,13,1.0,28,13,41,14,11.0,3.0,6,4.0,5.0,10.0,1.0,16,6.0,10,18,3.0,20,3.0,26,2.0,10,,4.0,,,3.0,1.0,4.0,2.0,76,24.0,25.0,0.5,0.5217391304347826,1.0,0.23076923076923078,0.2,,0.23076923076923078,0.5217391304347826,0.6,0.5384615384615384,0.4583333333333333,0.45,0.3888888888888889,0.5297619047619048,0.5416666666666666,0.5217391304347826,0.3611111111111111,0.06521739130434782,,,0.375,1.0,0.6842105263157895,0.3181818181818182,0.875,0.25,0.7714285714285715,0.2857142857142857,0.3,,0.23529411764705882,0.5,0.75,1.0,0.8666666666666667,1.0,106.8,0.5,13.769318181818182,13.203333333333333,12.83409090909091,12.86888888888889,0.4583333333333333,0.6363636363636364,0.7,0.5714285714285714,0.18055555555555555,0.23076923076923078,0.23076923076923078,,,,,,0.05555555555555555,0.3055555555555556,0.22727272727272727,0.22727272727272727,1.0,0.4,0.5,0.3,0.3333333333333333,0.2222222222222222,,0.8194444444444444,0.22727272727272727,0.5616493055555556,0.5345,0.5828777777777777,0.125,0.18518518518518517,,0.14606741573033707,0.2696629213483146,3.682608695652174,24.819230769230767,0.2840909090909091,2026-07-09,1022600162,SEA,1611661330,ATL,ATL,11.0,6.0,11.0,1.0,,1.0,,1.0,,1.0,1.0,,,,2.0,4.0,3.0,,0.09090909090909091,,0.25,0.25,1.0,0.6111111111111112,0.5454545454545454,0.05555555555555555,,,2.0,1.0,4.0,1.0,,,1.0,0.3333333333333333,0.3333333333333333,0.10256410256410256,0.5,0.2,,,,,,1.0,,,,
40:00,81,82,23.0,15,163,22.0,39.0,3.0,8.0,4.0,5,1.0,1.0,6.0,3,24,,3.0,,8.0,27,45,6,30,20,92,4.0,9.0,,3.0,7.0,15.0,4.0,9.0,2.0,11.0,8.0,22.0,38,16,18.0,,2.0,24,3,4.0,19,6.0,25,3.0,16.0,2.0,1.0,56,7.0,10.0,14,6,1.0,21,17,38,8,7.0,1.0,7,2.0,3.0,5.0,4.0,12,5.0,7,23,1.0,26,6.0,24,4.0,11,,1.0,2.0,2.0,1.0,,3.0,2.0,77,22.0,23.0,0.7037037037037037,0.7307692307692307,1.0,0.2,,0.18181818181818182,0.2,0.6,0.4444444444444444,0.4444444444444444,0.48,0.3333333333333333,0.35,0.5411764705882353,0.5,0.4583333333333333,0.4,0.08888888888888889,,,0.5833333333333334,1.0,0.6666666666666666,0.5555555555555556,0.9333333333333333,0.2916666666666667,0.8333333333333334,0.40476190476190477,,,0.3333333333333333,0.6666666666666666,0.6666666666666666,,0.9230769230769231,1.0,97.8,0.6666666666666666,14.937037037037038,14.51341463414634,14.058024691358025,14.26951219512195,0.52,0.5641025641025641,0.6285714285714286,0.7272727272727273,0.06666666666666667,0.8,0.8,0.5,0.013333333333333334,1.0,1.0,1.0,0.08,0.32,0.125,0.125,1.0,0.6666666666666666,0.375,0.25,,0.4,,0.92,0.125,0.5581446666666666,0.559325,0.560075,0.13414634146341464,0.21153846153846154,,0.16304347826086957,0.2391304347826087,3.193333333333333,25.8,0.2839506172839506,2026-07-11,1022600170,PDX,1611661330,ATL,ATL,19.0,4.0,9.0,3.0,2.0,3.0,,3.0,,1.0,1.0,1.0,3.0,,2.0,3.0,3.0,,0.10256410256410256,,0.5,0.5,1.0,0.45,0.4444444444444444,0.15,0.6666666666666666,,,,3.0,,3.0,,,0.5882352941176471,,0.07894736842105263,0.6666666666666666,,,,,,,,,,,
40:00,83,84,16.0,16,167,25.0,36.0,5.0,7.0,2.0,9,,,3.0,7,25,1.0,4.0,1.0,5.0,27,45,9,28,20,101,5.0,8.0,1.0,4.0,3.0,16.0,6.0,8.0,2.0,6.0,9.0,27.0,26,28,27.0,,6.0,25,7,3.0,13,9.0,22,7.0,12.0,1.0,,53,6.0,10.0,10,13,2.0,25,17,42,11,6.0,5.0,11,,6.0,6.0,5.0,17,1.0,8,17,2.0,23,2.0,23,3.0,10,,1.0,,,1.0,,1.0,,85,25.0,15.0,0.48148148148148145,0.5416666666666666,1.0,0.32142857142857145,0.25,0.3333333333333333,0.32142857142857145,0.6,0.625,0.75,0.5547945205479452,0.5416666666666666,0.6428571428571429,0.608433734939759,0.5714285714285714,0.75,0.3835616438356164,0.06666666666666667,,,0.6470588235294118,1.0,0.7647058823529411,0.5555555555555556,0.6666666666666666,0.3157894736842105,0.71875,0.43243243243243246,0.2857142857142857,,0.2777777777777778,0.6363636363636364,1.0,1.0,0.6923076923076923,0.5,100.2,,14.626506024096386,14.119047619047619,13.553012048192771,13.327380952380953,0.4931506849315068,0.6944444444444444,0.7575757575757576,0.48,0.1232876712328767,0.2222222222222222,0.2222222222222222,0.5,,,,,0.0410958904109589,0.3424657534246575,0.28,0.28,1.0,0.5833333333333334,0.7142857142857143,0.3333333333333333,0.25,0.35714285714285715,0.2,0.8767123287671232,0.28,0.5511404109589041,0.56712,0.5409499999999999,0.125,0.19230769230769232,,0.15841584158415842,0.26732673267326734,3.0933333333333333,26.264285714285712,0.1927710843373494,2026-07-13,1022600175,LAS,1611661330,ATL,ATL,18.0,6.0,8.0,2.0,1.0,1.0,,2.0,2.0,,3.0,1.0,2.0,2.0,1.0,3.0,2.0,,0.08333333333333333,,0.6666666666666666,0.6666666666666666,1.0,0.5714285714285714,0.75,0.07142857142857142,1.0,,,1.0,3.0,,,,0.5,0.7272727272727273,1.0,0.08823529411764706,0.2,,,,,,,1.0,,,,
40:00,80,82,17.0,9,162,25.0,33.0,2.0,4.0,5.0,9,,1.0,5.0,6,23,,3.0,1.0,4.0,30,43,9,28,24,111,3.0,5.0,,3.0,9.0,15.0,6.0,9.0,1.0,4.0,7.0,22.0,38,22,27.0,,2.0,23,6,3.0,19,9.0,28,6.0,18.0,1.0,,65,5.0,8.0,8,10,2.0,20,14,34,11,9.0,2.0,3,1.0,1.0,7.0,2.0,10,1.0,9,26,3.0,23,4.0,28,2.0,13,,1.0,,,,1.0,1.0,1.0,96,22.0,17.0,0.6333333333333333,0.6551724137931034,1.0,0.32142857142857145,,0.25,0.32142857142857145,0.6976744186046512,0.6,0.6666666666666666,0.6126760563380281,0.375,0.5769230769230769,0.6607142857142857,0.5769230769230769,0.6470588235294118,0.39436619718309857,0.06976744186046512,0.1111111111111111,,0.3,1.0,0.6666666666666666,0.6153846153846154,0.7272727272727273,0.2777777777777778,0.6923076923076923,0.41935483870967744,0.25,,0.25,0.5555555555555556,1.0,,0.625,1.0,97.2,1.0,16.05875,13.601219512195122,15.04625,13.318292682926828,0.4647887323943662,0.7575757575757576,0.8064516129032258,0.72,0.1267605633802817,0.5555555555555556,0.625,0.2,0.014084507042253521,,,,0.07042253521126761,0.323943661971831,0.2608695652173913,0.2608695652173913,1.0,0.5,0.5,0.375,,0.3076923076923077,0.25,0.8591549295774648,0.2608695652173913,0.550880985915493,0.6173333333333334,0.47993846153846154,0.15853658536585366,0.24074074074074073,,0.13513513513513514,0.1981981981981982,3.269767441860465,24.04642857142857,0.2125,2026-07-17,1022600185,TOR,1611661330,ATL,ATL,34.0,4.0,6.0,3.0,,,,3.0,,2.0,1.0,1.0,3.0,1.0,,2.0,2.0,,0.06060606060606061,,0.6,0.6,1.0,0.46153846153846156,0.6666666666666666,,,,,1.0,2.0,,4.0,,0.3333333333333333,0.875,0.5,0.07142857142857142,0.5,,,,,,,,,,,
40:00,80,79,26.0,16,159,22.0,43.0,4.0,8.0,1.0,1,,2.0,3.0,7,25,1.0,5.0,2.0,6.0,23,46,8,28,23,93,5.0,10.0,1.0,5.0,4.0,17.0,9.0,14.0,2.0,6.0,9.0,33.0,32,14,24.0,,2.0,25,7,4.0,16,8.0,24,7.0,16.0,,,56,8.0,10.0,14,13,2.0,29,19,48,5,4.0,1.0,9,1.0,7.0,3.0,2.0,12,4.0,9,19,,20,1.0,27,,10,,5.0,,,5.0,,5.0,4.0,76,31.0,25.0,0.6956521739130435,0.7272727272727273,1.0,0.2857142857142857,0.2,0.3333333333333333,0.2857142857142857,0.5,0.5,0.6428571428571429,0.47297297297297297,0.43333333333333335,0.6,0.5287356321839081,0.5,0.66,0.3783783783783784,0.08695652173913043,,,0.75,0.5,0.7647058823529411,0.43478260869565216,0.9333333333333333,0.42105263157894735,0.84375,0.42857142857142855,,,0.47058823529411764,0.7142857142857143,1.0,1.0,0.9166666666666666,1.0,95.4,0.8,16.807499999999997,13.359493670886078,15.354999999999999,12.926582278481014,0.581081081081081,0.5116279069767442,0.5641025641025641,0.7272727272727273,0.013513513513513514,1.0,1.0,,0.02702702702702703,,,,0.04054054054054054,0.33783783783783783,0.28,0.28,1.0,0.5333333333333333,0.5,0.3333333333333333,0.2,0.3,0.3333333333333333,0.9594594594594594,0.28,0.5575547297297297,0.552735,0.5369824999999999,0.11904761904761904,0.17857142857142858,,0.1827956989247312,0.3548387096774194,2.8739130434782605,25.75,0.325,2026-07-19,1022600192,CHI,1611661330,ATL,ATL,19.0,8.0,13.0,1.0,,,,1.0,,,2.0,,3.0,,2.0,3.0,1.0,,0.09302325581395349,,0.3333333333333333,0.3333333333333333,1.0,0.65,0.6153846153846154,,,,,1.0,4.0,,2.0,,0.5,0.47619047619047616,,0.10526315789473684,0.75,,,,1.0,,,1.0,,,,
40:00,82,83,17.0,10,165,18.0,26.0,4.0,7.0,12.0,26,,2.0,1.0,1,15,,1.0,1.0,4.0,30,54,1,16,19,82,5.0,10.0,,1.0,2.0,12.0,7.0,12.0,1.0,4.0,8.0,25.0,42,18,3.0,,10.0,15,1,5.0,21,1.0,22,1.0,12.0,9.0,,45,5.0,7.0,7,17,3.0,27,13,40,11,7.0,4.0,9,,5.0,7.0,4.0,16,2.0,5,20,1.0,19,3.0,25,2.0,11,1.0,4.0,,,2.0,2.0,4.0,2.0,70,25.0,17.0,0.7,0.84,1.0,0.0625,,0.25,0.0625,0.5555555555555556,0.5,0.5833333333333334,0.45,0.45454545454545453,0.53125,0.5061728395061729,0.5,0.625,0.22857142857142856,0.09259259259259259,0.15384615384615385,,0.5625,1.0,0.7391304347826086,0.30434782608695654,0.6363636363636364,0.35714285714285715,0.7058823529411765,0.32432432432432434,0.3076923076923077,,0.38461538461538464,0.6666666666666666,0.7,1.0,0.7777777777777778,,98.99999999999993,0.5,14.143902439024389,14.94216867469882,13.384146341463415,14.407228915662674,0.37142857142857144,0.6923076923076923,0.72,0.6666666666666666,0.37142857142857144,0.46153846153846156,0.5454545454545454,0.75,0.02857142857142857,,,,0.014285714285714285,0.21428571428571427,0.06666666666666667,0.06666666666666667,1.0,0.6363636363636364,0.5714285714285714,0.09090909090909091,,0.25,0.25,0.6,0.06666666666666667,0.4935078571428571,0.5518357142857143,0.416675,0.13924050632911392,0.1746031746031746,,0.14634146341463414,0.3048780487804878,5.561111111111111,25.65,0.2073170731707317,2026-07-29,1022600208,DAL,1611661330,ATL,ATL,25.0,4.0,5.0,,,,,,,,1.0,,5.0,,,1.0,1.0,,0.038461538461538464,,,,,0.3125,0.8,,,,,1.0,4.0,2.0,,,0.2,0.375,,0.12121212121212122,,,,,,,,,,,,
40:00,87,87,34.0,13,174,14.0,25.0,3.0,4.0,2.0,9,1.0,4.0,9.0,9,17,3.0,4.0,2.0,4.0,17,38,10,26,34,98,3.0,5.0,3.0,5.0,4.0,19.0,7.0,14.0,3.0,7.0,16.0,39.0,30,4,27.0,3.0,2.0,17,9,5.0,15,9.0,24,8.0,12.0,2.0,1.0,57,4.0,9.0,11,13,,24,13,37,14,11.0,3.0,10,2.0,5.0,7.0,5.0,17,6.0,13,19,1.0,26,1.0,39,1.0,16,,6.0,1.0,1.0,3.0,3.0,7.0,3.0,79,37.0,33.0,0.8823529411764706,0.9375,0.9,0.38461538461538464,0.6,0.42857142857142855,0.38461538461538464,0.4473684210526316,0.6,0.5,0.5,0.75,0.5476190476190477,0.5903614457831325,0.7916666666666666,0.65,0.40625,0.13157894736842105,0.2222222222222222,,0.5882352941176471,,0.6842105263157895,0.45,0.6470588235294118,0.26666666666666666,0.6666666666666666,0.37142857142857144,0.42857142857142855,,0.14285714285714285,0.5714285714285714,0.7777777777777778,0.6666666666666666,0.6666666666666666,0.6,104.4,0.42857142857142855,13.329885057471264,14.25632183908046,12.720689655172414,13.645977011494253,0.390625,0.56,0.6363636363636364,0.8571428571428571,0.140625,0.2222222222222222,0.2857142857142857,1.0,0.0625,0.25,0.25,1.0,0.140625,0.265625,0.5294117647058824,0.5294117647058824,0.8888888888888888,0.4,0.75,0.4,0.75,0.19047619047619047,0.5,0.796875,0.5294117647058824,0.5489796875,0.5596375,0.5212333333333333,0.20253164556962025,0.3018867924528302,,0.19387755102040816,0.3979591836734694,4.376315789473685,24.023076923076925,0.39080459770114945,2026-07-31,1022600213,SEA,1611661330,ATL,ATL,24.0,5.0,9.0,1.0,1.0,3.0,,1.0,,2.0,1.0,,,,,4.0,3.0,,0.12,,0.1111111111111111,0.1111111111111111,1.0,0.42857142857142855,0.5555555555555556,0.14285714285714285,0.3333333333333333,,1.0,,2.0,1.0,1.0,,,0.5454545454545454,0.375,0.06666666666666667,0.6666666666666666,0.1,,,,,,1.0,,,,
40:00,80,81,9.0,13,161,24.0,37.0,7.0,10.0,3.0,9,2.0,5.0,4.0,4,20,,1.0,1.0,2.0,29,51,4,24,17,87,9.0,12.0,,1.0,1.0,19.0,4.0,7.0,1.0,2.0,3.0,14.0,30,28,12.0,,10.0,20,4,6.0,15,4.0,19,4.0,11.0,2.0,2.0,42,4.0,10.0,8,12,2.0,22,14,36,5,5.0,,5,2.0,3.0,6.0,2.0,11,,8,14,1.0,16,2.0,20,3.0,10,1.0,2.0,,,2.0,,2.0,,68,14.0,9.0,0.5172413793103449,0.625,1.0,0.16666666666666666,,0.5,0.16666666666666666,0.5686274509803921,0.75,0.5714285714285714,0.4666666666666667,0.6923076923076923,0.6111111111111112,0.5240963855421686,0.7307692307692307,0.7,0.32,0.11764705882352941,0.1111111111111111,,0.45454545454545453,1.0,0.6666666666666666,0.45454545454545453,0.8888888888888888,0.21052631578947367,0.7407407407407407,0.34146341463414637,0.5,0.3333333333333333,0.26666666666666666,0.5714285714285714,0.8,0.6666666666666666,0.8888888888888888,,96.6,,14.690000000000001,15.120987654320986,14.1525,14.946913580246914,0.49333333333333335,0.6486486486486487,0.75,0.4583333333333333,0.12,0.3333333333333333,0.375,0.6666666666666666,0.06666666666666667,0.4,0.4,1.0,0.05333333333333334,0.26666666666666666,0.2,0.2,1.0,0.7692307692307693,0.7,0.07692307692307693,,0.2222222222222222,0.5,0.8133333333333334,0.2,0.5676033333333333,0.6655227272727273,0.5076833333333333,0.12195121951219512,0.1724137931034483,,0.21839080459770116,0.16091954022988506,4.41764705882353,23.854166666666668,0.1125,2026-08-03,1022600222,LVA,1611661330,ATL,ATL,12.0,4.0,5.0,,,,,,,1.0,1.0,,,,,,,,0.13513513513513514,,,,,0.5555555555555556,0.8,,,,,,4.0,2.0,,,,0.46153846153846156,,0.11428571428571428,0.14285714285714285,,,,,,,,,,,
40:00,81,83,2.0,8,164,15.0,20.0,1.0,3.0,4.0,15,,2.0,7.0,12,26,2.0,4.0,,1.0,19,37,14,33,16,96,1.0,3.0,2.0,5.0,,8.0,,,,1.0,2.0,2.0,34,4,36.0,6.0,2.0,26,12,2.0,17,12.0,29,10.0,13.0,4.0,,70,5.0,4.0,15,17,1.0,33,9,42,3,2.0,1.0,4,3.0,2.0,9.0,2.0,13,,13,22,3.0,13,2.0,17,2.0,8,,5.0,1.0,,3.0,2.0,6.0,5.0,88,,1.0,0.8947368421052632,0.9444444444444444,0.8571428571428571,0.42424242424242425,0.4,,0.42424242424242425,0.5135135135135135,0.3333333333333333,,0.5714285714285714,0.5,,0.6168831168831169,0.5,0.5,0.4714285714285714,0.05405405405405406,0.06666666666666667,,0.3076923076923077,1.0,0.8095238095238095,0.2222222222222222,0.8823529411764706,0.2631578947368421,0.8421052631578947,0.24324324324324326,0.2727272727272727,,0.21428571428571427,0.7272727272727273,0.875,1.0,0.9166666666666666,0.8,98.4,0.8333333333333334,15.404938271604937,13.881927710843375,14.837037037037037,13.480722891566266,0.2857142857142857,0.75,0.7894736842105263,0.8666666666666667,0.21428571428571427,0.26666666666666666,0.2857142857142857,1.0,0.02857142857142857,,,,0.1,0.37142857142857144,0.46153846153846156,0.46153846153846156,0.8333333333333334,0.375,0.3333333333333333,0.5,0.5,1.0,,0.7571428571428571,0.46153846153846156,0.5361199999999999,0.59437,0.65115,0.10526315789473684,0.18604651162790697,,0.08333333333333333,0.020833333333333332,5.672972972972973,23.918181818181818,0.024691358024691357,2026-08-05,1022600226,PHX,1611661330,ATL,ATL,21.0,,,2.0,,,,2.0,,,1.0,,1.0,1.0,,1.0,,,0.05,,0.2857142857142857,0.2857142857142857,1.0,,,,,,1.0,,3.0,1.0,1.0,,,0.2,0.4,0.08571428571428572,,0.125,,,1.0,,1.0,1.0,,,,
40:00,84,85,23.0,16,169,14.0,26.0,2.0,3.0,3.0,23,2.0,7.0,7.0,5,14,1.0,2.0,2.0,6.0,19,56,6,21,18,74,3.0,9.0,1.0,5.0,5.0,14.0,3.0,10.0,2.0,7.0,11.0,23.0,20,18,18.0,,4.0,14,5,12.0,10,6.0,16,5.0,7.0,1.0,2.0,38,5.0,15.0,7,13,9.0,29,22,51,5,2.0,3.0,6,2.0,4.0,12.0,2.0,18,5.0,9,29,3.0,27,3.0,27,5.0,10,,7.0,,,3.0,3.0,7.0,3.0,60,23.0,23.0,0.5263157894736842,0.5882352941176471,1.0,0.2857142857142857,0.2,0.2857142857142857,0.2857142857142857,0.3392857142857143,0.3333333333333333,0.3,0.36363636363636365,0.32142857142857145,0.35294117647058826,0.42045454545454547,0.4117647058823529,0.46,0.2727272727272727,0.21428571428571427,0.391304347826087,,0.3333333333333333,0.9,0.52,0.40540540540540543,0.875,0.3333333333333333,0.6060606060606061,0.38461538461538464,0.45,0.4,0.3333333333333333,0.6153846153846154,0.45454545454545453,,0.8333333333333334,1.0,101.4,0.42857142857142855,14.711904761904762,13.696470588235295,13.49047619047619,13.124705882352943,0.33766233766233766,0.5384615384615384,0.6086956521739131,0.5,0.2987012987012987,0.13043478260869565,0.21428571428571427,0.3333333333333333,0.09090909090909091,0.2857142857142857,0.2857142857142857,1.0,0.09090909090909091,0.18181818181818182,0.35714285714285715,0.35714285714285715,1.0,0.21428571428571427,0.6666666666666666,0.14285714285714285,0.5,0.35294117647058826,0.3333333333333333,0.6103896103896104,0.35714285714285715,0.4953623376623376,0.5233769230769231,0.45944117647058824,0.12195121951219512,0.16393442622950818,,0.1891891891891892,0.3108108108108108,6.151785714285714,25.595238095238095,0.27380952380952384,2026-08-07,1022600234,WAS,1611661330,ATL,ATL,29.0,2.0,4.0,1.0,,1.0,,1.0,,1.0,4.0,1.0,2.0,1.0,3.0,6.0,6.0,,0.11538461538461539,,0.14285714285714285,0.14285714285714285,1.0,0.23529411764705882,0.5,0.058823529411764705,,,3.0,2.0,3.0,2.0,8.0,,0.25,0.3333333333333333,0.3333333333333333,0.075,,0.21428571428571427,,,,,,1.0,,1.0,,
40:00,84,85,35.0,11,169,19.0,30.0,1.0,4.0,3.0,7,,1.0,6.0,11,26,2.0,5.0,4.0,9.0,22,38,14,32,21,107,1.0,5.0,2.0,5.0,3.0,11.0,6.0,13.0,4.0,10.0,10.0,34.0,34,10,36.0,6.0,,26,11,4.0,17,12.0,29,9.0,16.0,1.0,,70,6.0,5.0,14,11,5.0,30,13,43,7,3.0,4.0,7,,5.0,7.0,2.0,14,11.0,10,20,4.0,22,1.0,30,3.0,15,,2.0,1.0,1.0,1.0,1.0,3.0,2.0,96,34.0,35.0,0.7727272727272727,0.7727272727272727,0.8571428571428571,0.4375,0.4,0.4,0.4375,0.5789473684210527,0.2,0.46153846153846156,0.6142857142857143,0.4,0.5217391304347826,0.6445783132530121,0.4583333333333333,0.5862068965517241,0.45714285714285713,0.10526315789473684,0.2857142857142857,,0.5,1.0,0.6875,0.3125,0.875,0.35294117647058826,0.78125,0.3333333333333333,0.5,,0.35714285714285715,0.75,0.5555555555555556,1.0,0.9230769230769231,0.6666666666666666,101.4,0.6666666666666666,15.563095238095238,12.855294117647059,14.754761904761903,12.592941176470589,0.42857142857142855,0.6333333333333333,0.6785714285714286,0.8421052631578947,0.1,0.42857142857142855,0.6,0.3333333333333333,0.014285714285714285,,,,0.08571428571428572,0.37142857142857144,0.4230769230769231,0.4230769230769231,0.8181818181818182,0.4,0.25,0.5,0.4,0.391304347826087,0.4444444444444444,0.8857142857142857,0.4230769230769231,0.5648128571428572,0.6186333333333334,0.5557565217391305,0.18292682926829268,0.3,,0.102803738317757,0.3177570093457944,3.236842105263158,24.315625,0.4166666666666667,2026-08-10,1022600243,TOR,1611661330,ATL,ATL,22.0,6.0,11.0,3.0,,1.0,,3.0,,,,,2.0,,1.0,1.0,1.0,,0.06666666666666667,,0.5,0.5,1.0,0.4782608695652174,0.5454545454545454,0.043478260869565216,,,,2.0,2.0,1.0,2.0,,1.0,0.2727272727272727,0.3333333333333333,0.06896551724137931,1.0,,,,1.0,,,,,,,
40:00,76,75,35.0,12,151,5.0,13.0,3.0,8.0,9.0,26,1.0,2.0,,14,26,1.0,1.0,6.0,11.0,15,41,14,26,32,104,4.0,10.0,1.0,1.0,6.0,17.0,7.0,15.0,6.0,11.0,18.0,50.0,18,12,30.0,12.0,,26,14,8.0,9,10.0,19,10.0,3.0,5.0,1.0,48,4.0,11.0,8,25,3.0,36,15,51,8,6.0,2.0,6,2.0,3.0,6.0,3.0,12,9.0,10,22,,25,,36,2.0,8,3.0,9.0,,,2.0,7.0,9.0,3.0,87,50.0,35.0,0.6,0.6,0.7142857142857143,0.5384615384615384,1.0,0.5454545454545454,0.5384615384615384,0.36585365853658536,0.4,0.4666666666666667,0.5373134328358209,0.5,0.6153846153846154,0.6296296296296297,0.6071428571428571,0.7272727272727273,0.3880597014925373,0.1951219512195122,0.19230769230769232,,0.5,0.75,0.6756756756756757,0.44,0.6666666666666666,0.3333333333333333,0.673469387755102,0.40540540540540543,0.375,,0.3333333333333333,0.75,0.7037037037037037,0.5,0.6666666666666666,0.6666666666666666,90.6,0.3333333333333333,16.19473684210526,15.589333333333334,15.234210526315788,14.401333333333335,0.19402985074626866,0.38461538461538464,0.5,0.6,0.3880597014925373,0.34615384615384615,0.42857142857142855,0.5555555555555556,0.029850746268656716,0.5,0.5,1.0,,0.3880597014925373,0.5384615384615384,0.5384615384615384,0.7142857142857143,0.7272727272727273,0.375,0.09090909090909091,1.0,0.4230769230769231,0.5454545454545454,0.582089552238806,0.5384615384615384,0.4920477611940298,0.5688666666666666,0.48617499999999997,0.14473684210526316,0.1702127659574468,0.10344827586206896,0.16346153846153846,0.4807692307692308,5.802439024390244,26.36923076923077,0.4605263157894737,2026-08-13,1022600251,CON,1611661330,ATL,ATL,18.0,4.0,6.0,,,,,,,,3.0,1.0,,,1.0,5.0,4.0,,0.23076923076923078,,,,,0.23076923076923078,0.6666666666666666,,,,,,3.0,1.0,3.0,,,0.625,,0.10344827586206896,0.3333333333333333,,,,2.0,,,1.0,,,,
45:00,90,90,14.0,16,180,11.0,28.0,4.0,8.0,8.0,19,2.0,3.0,5.0,7,27,,1.0,,2.0,21,50,8,32,25,91,5.0,10.0,,1.0,3.0,13.0,3.0,5.0,1.0,5.0,8.0,17.0,28,14,21.0,3.0,4.0,27,7,6.0,14,7.0,21,6.0,8.0,5.0,1.0,49,6.0,14.0,14,18,3.0,35,20,55,2,1.0,1.0,8,2.0,5.0,7.0,3.0,15,1.0,11,24,3.0,19,3.0,26,2.0,11,2.0,4.0,,,2.0,2.0,4.0,1.0,78,17.0,14.0,0.6666666666666666,0.7368421052631579,0.875,0.25,,0.2,0.25,0.42,0.5,0.6,0.4024390243902439,0.45454545454545453,0.45,0.489247311827957,0.5416666666666666,0.6071428571428571,0.3902439024390244,0.12,0.10526315789473684,,0.5333333333333333,1.0,0.6666666666666666,0.4827586206896552,0.7777777777777778,0.25,0.7111111111111111,0.37735849056603776,0.45454545454545453,1.0,0.25,0.45454545454545453,0.7777777777777778,0.8571428571428571,0.75,1.0,96.0,0.25,15.489999999999998,14.510000000000002,14.505555555555556,14.19888888888889,0.34146341463414637,0.39285714285714285,0.4583333333333333,0.7272727272727273,0.23170731707317074,0.42105263157894735,0.47058823529411764,0.625,0.036585365853658534,0.6666666666666666,0.6666666666666666,0.5,0.06097560975609756,0.32926829268292684,0.25925925925925924,0.25925925925925924,0.8571428571428571,0.7272727272727273,0.5,0.09090909090909091,,0.2,,0.7317073170731707,0.25925925925925924,0.5124888888888889,0.482825,0.5474888888888888,0.13978494623655913,0.1864406779661017,0.058823529411764705,0.14285714285714285,0.18681318681318682,5.402,25.00625,0.15555555555555556,2026-08-16,1022600261,IND,1611661330,ATL,ATL,21.0,3.0,5.0,1.0,1.0,3.0,,1.0,,,6.0,,1.0,,1.0,,,,0.14285714285714285,,0.2,0.2,1.0,0.5,0.6,0.3,0.3333333333333333,,,,2.0,1.0,,,,0.47058823529411764,0.25,0.0425531914893617,0.25,,,,,,,,,,,
40:00,84,85,30.0,9,169,11.0,18.0,,1.0,11.0,26,2.0,4.0,4.0,8,19,,2.0,5.0,11.0,24,48,8,23,25,97,1.0,5.0,,3.0,2.0,4.0,9.0,13.0,5.0,11.0,12.0,45.0,24,24,18.0,6.0,,19,8,11.0,12,6.0,18,6.0,7.0,4.0,1.0,42,5.0,5.0,13,17,1.0,31,10,41,15,9.0,6.0,4,2.0,2.0,7.0,2.0,11,2.0,9,22,2.0,22,2.0,27,2.0,12,1.0,2.0,1.0,1.0,,2.0,3.0,2.0,93,45.0,30.0,0.5,0.5,0.75,0.34782608695652173,,0.45454545454545453,0.34782608695652173,0.5,0.2,0.6923076923076923,0.5070422535211268,0.125,0.6875,0.5792682926829268,0.2222222222222222,0.7413793103448276,0.323943661971831,0.22916666666666666,0.2692307692307692,,0.36363636363636365,1.0,0.85,0.20833333333333334,0.7647058823529411,0.3333333333333333,0.8108108108108109,0.2564102564102564,0.2,,0.45454545454545453,1.0,0.8666666666666667,,0.6923076923076923,1.0,101.4,0.6666666666666666,13.869047619047619,14.529411764705882,13.129761904761907,14.217647058823529,0.2535211267605634,0.6111111111111112,0.7857142857142857,0.6363636363636364,0.36619718309859156,0.4230769230769231,0.5789473684210527,0.36363636363636365,0.056338028169014086,0.5,0.5,0.5,0.056338028169014086,0.2676056338028169,0.42105263157894735,0.4444444444444444,0.75,0.125,,0.25,,0.4583333333333333,0.45454545454545453,0.5774647887323944,0.42105263157894735,0.500262676056338,0.45387500000000003,0.48661875000000004,0.15853658536585366,0.20689655172413793,0.041666666666666664,0.041237113402061855,0.4639175257731959,5.8999999999999995,25.160869565217393,0.35714285714285715,2026-08-18,1022600266,LVA,1611661330,ATL,ATL,37.0,5.0,5.0,,,,1.0,,1.0,1.0,,,1.0,,,,,0.043478260869565216,0.2222222222222222,0.05263157894736842,,,,0.20833333333333334,1.0,,,,1.0,,,,4.0,,,0.2857142857142857,,,,0.125,,,2.0,,,,,,,
40:00,81,81,23.0,10,162,17.0,31.0,4.0,7.0,3.0,9,,,8.0,2,16,,,,4.0,20,40,5,24,13,68,4.0,7.0,,3.0,,8.0,7.0,12.0,,5.0,10.0,24.0,22,18,9.0,6.0,6.0,16,2,2.0,11,3.0,14,,9.0,2.0,,31,5.0,6.0,15,17,4.0,36,12,48,10,8.0,2.0,10,3.0,6.0,8.0,4.0,18,3.0,8,28,2.0,26,5.0,22,3.0,6,,5.0,,,5.0,,5.0,2.0,60,24.0,23.0,0.55,0.6470588235294118,0.6,0.20833333333333334,,,0.20833333333333334,0.5,0.5714285714285714,0.5833333333333334,0.4296875,0.4,0.4117647058823529,0.4657534246575342,0.4,0.5,0.375,0.05,,,0.5555555555555556,1.0,0.6538461538461539,0.3,0.75,0.2631578947368421,0.6956521739130435,0.28205128205128205,0.16666666666666666,,0.2857142857142857,0.5714285714285714,0.6666666666666666,1.0,0.8461538461538461,0.5714285714285714,97.2,0.4,15.419753086419753,14.209876543209877,14.883950617283949,13.016049382716048,0.484375,0.5483870967741935,0.5862068965517241,0.5294117647058824,0.140625,0.3333333333333333,0.3333333333333333,0.6666666666666666,,,,,0.125,0.25,0.125,0.125,,0.7,0.5714285714285714,,,0.23529411764705882,,0.859375,0.125,0.5348444444444445,0.6153571428571428,0.538615625,0.08955223880597014,0.13953488372093023,,0.11764705882352941,0.35294117647058826,3.285,24.7,0.2839506172839506,2026-05-08,1022600002,TOR,1611661322,WAS,WAS,36.0,7.0,10.0,3.0,,1.0,,3.0,,1.0,,,2.0,,1.0,6.0,6.0,,0.06451612903225806,,0.375,0.375,1.0,0.5882352941176471,0.7,0.058823529411764705,,,3.0,1.0,2.0,,8.0,,0.2,0.35714285714285715,0.2,0.05405405405405406,,0.3,,,1.0,,,,,,,
45:00,84,88,32.0,14,172,20.0,24.0,8.0,10.0,8.0,23,1.0,7.0,9.0,3,17,1.0,4.0,,7.0,29,54,5,26,20,93,9.0,13.0,1.0,6.0,2.0,23.0,11.0,18.0,,9.0,11.0,33.0,38,20,15.0,,10.0,17,3,4.0,19,5.0,24,3.0,14.0,4.0,1.0,53,9.0,10.0,12,13,2.0,27,20,47,7,3.0,4.0,7,2.0,6.0,6.0,1.0,13,5.0,7,27,,31,4.0,29,4.0,11,,1.0,,,,1.0,1.0,,70,33.0,32.0,0.6551724137931034,0.7916666666666666,1.0,0.19230769230769232,0.16666666666666666,,0.19230769230769232,0.5370370370370371,0.6923076923076923,0.6111111111111112,0.45625,0.5526315789473685,0.4074074074074074,0.5,0.575,0.47058823529411764,0.325,0.07407407407407407,0.13043478260869565,,0.5384615384615384,0.6666666666666666,0.7647058823529411,0.4,0.7058823529411765,0.45,0.7352941176470589,0.4222222222222222,0.3333333333333333,0.5,0.46153846153846156,0.5,0.7857142857142857,1.0,0.7,0.7142857142857143,91.73333333333333,,16.527380952380952,14.905681818181819,15.334523809523809,14.154545454545456,0.3,0.8333333333333334,0.8695652173913043,0.7,0.2875,0.34782608695652173,0.4,0.5,0.0875,0.14285714285714285,0.14285714285714285,1.0,0.1125,0.2125,0.17647058823529413,0.17647058823529413,1.0,0.5263157894736842,0.8,0.21052631578947367,0.25,0.25925925925925924,,0.625,0.17647058823529413,0.49081125,0.5758045454545454,0.4305074074074074,0.12643678160919541,0.18032786885245902,,0.24731182795698925,0.3548387096774194,6.312962962962962,25.15,0.38095238095238093,2026-05-10,1022600008,NYL,1611661322,WAS,WAS,30.0,7.0,8.0,2.0,,2.0,1.0,2.0,,1.0,,,3.0,,1.0,5.0,5.0,0.038461538461538464,0.041666666666666664,,0.2222222222222222,0.25,1.0,0.2962962962962963,0.875,0.07407407407407407,,,2.0,1.0,3.0,2.0,7.0,0.1111111111111111,0.2,0.5,0.42857142857142855,0.075,0.375,0.10526315789473684,,,1.0,,,1.0,,,,
45:00,94,93,26.0,11,187,22.0,35.0,4.0,4.0,9.0,15,1.0,2.0,2.0,4,14,,1.0,,4.0,32,52,6,16,22,104,4.0,5.0,,1.0,3.0,11.0,4.0,10.0,,4.0,16.0,24.0,24,40,18.0,,6.0,14,4,4.0,12,6.0,18,4.0,9.0,3.0,,42,2.0,7.0,17,20,2.0,39,11,50,3,3.0,,13,2.0,6.0,8.0,7.0,21,5.0,4,28,2.0,25,2.0,28,,7,,8.0,,,7.0,1.0,8.0,4.0,93,23.0,25.0,0.375,0.41379310344827586,1.0,0.375,,,0.375,0.6153846153846154,0.8,0.4,0.6029411764705882,0.6666666666666666,0.2857142857142857,0.6341463414634146,0.6875,0.5,0.23529411764705882,0.07692307692307693,0.06666666666666667,,0.6190476190476191,0.6666666666666666,0.6666666666666666,0.35,0.68,0.2,0.6727272727272727,0.3,,,0.2,0.7368421052631579,0.42857142857142855,0.75,0.6666666666666666,0.75,99.73333333333328,0.5,15.105319148936172,13.764516129032279,14.631914893617022,12.59247311827959,0.5147058823529411,0.6285714285714286,0.6875,0.4090909090909091,0.22058823529411764,0.6,0.6428571428571429,0.3333333333333333,0.029411764705882353,0.5,0.5,,0.029411764705882353,0.20588235294117646,0.2857142857142857,0.2857142857142857,1.0,0.6666666666666666,1.0,0.16666666666666666,,0.2857142857142857,,0.75,0.2857142857142857,0.5503617647058823,0.5418,0.516225,0.09333333333333334,0.11864406779661017,,0.10576923076923077,0.23076923076923078,3.9403846153846156,25.91875,0.2765957446808511,2026-05-15,1022600022,IND,1611661322,WAS,WAS,38.0,2.0,5.0,2.0,,,,2.0,,2.0,3.0,,3.0,,1.0,7.0,6.0,,0.08571428571428572,,1.0,1.0,1.0,0.35714285714285715,0.4,,,,,2.0,2.0,,5.0,,1.0,0.5384615384615384,,0.07692307692307693,0.25,,,,,,,,,,,
40:00,73,74,10.0,5,147,11.0,19.0,,,8.0,17,,1.0,2.0,4,10,,,,1.0,19,37,5,12,16,69,1.0,1.0,,,3.0,5.0,1.0,1.0,,1.0,3.0,5.0,24,14,12.0,3.0,,10,4,1.0,12,4.0,16,3.0,7.0,5.0,,36,,5.0,9,13,1.0,23,5,28,3,2.0,1.0,10,,8.0,9.0,2.0,19,5.0,9,17,3.0,20,3.0,20,1.0,9,1.0,1.0,,,,1.0,1.0,,64,5.0,10.0,0.631578947368421,0.631578947368421,0.8,0.4166666666666667,,,0.4166666666666667,0.5135135135135135,1.0,1.0,0.5408163265306123,1.0,0.5,0.5948275862068966,0.8333333333333334,0.625,0.24489795918367346,0.02702702702702703,0.058823529411764705,,0.5263157894736842,1.0,0.5909090909090909,0.2777777777777778,0.75,,0.6470588235294118,0.2,0.4444444444444444,,,0.4,0.625,0.6666666666666666,0.7272727272727273,1.0,88.2,,16.1013698630137,16.548648648648648,15.690410958904112,15.305405405405404,0.3877551020408163,0.5789473684210527,0.5789473684210527,0.6363636363636364,0.3469387755102041,0.47058823529411764,0.5,0.625,0.02040816326530612,,,,0.04081632653061224,0.20408163265306123,0.4,0.4,0.75,,,,,0.5,,0.6326530612244898,0.4,0.492880612244898,0.3574,0.374225,0.1724137931034483,0.2,0.07692307692307693,0.07246376811594203,0.07246376811594203,5.856756756756757,25.133333333333336,0.136986301369863,2026-05-18,1022600029,DAL,1611661322,WAS,WAS,7.0,,,1.0,,,,1.0,,2.0,2.0,,,1.0,3.0,,,,,,0.5,0.5,1.0,,,,,,,,1.0,2.0,1.0,,,0.125,,0.041666666666666664,,,,,,,,,,,,
40:00,79,79,34.0,8,158,10.0,15.0,2.0,4.0,9.0,19,,3.0,1.0,3,19,,1.0,,5.0,19,37,4,20,35,85,3.0,5.0,,1.0,6.0,12.0,8.0,19.0,,5.0,19.0,35.0,22,16,9.0,3.0,2.0,19,3,3.0,11,3.0,14,3.0,7.0,4.0,,31,3.0,6.0,12,10,1.0,23,10,33,9,7.0,2.0,10,2.0,8.0,4.0,2.0,14,5.0,11,26,1.0,28,1.0,41,3.0,16,,4.0,1.0,1.0,2.0,2.0,5.0,,73,35.0,34.0,0.5789473684210527,0.6111111111111112,0.75,0.2,,,0.2,0.5135135135135135,0.6,0.42105263157894735,0.43859649122807015,0.5,0.3333333333333333,0.5592105263157895,0.6,0.5147058823529411,0.3508771929824561,0.08108108108108109,0.10526315789473684,,0.7142857142857143,1.0,0.5555555555555556,0.3333333333333333,0.8,0.2,0.6666666666666666,0.2727272727272727,0.2,0.6666666666666666,0.2,0.7142857142857143,0.5,0.4,0.75,1.0,94.8,,14.774683544303798,15.60506329113924,14.205063291139242,15.029113924050632,0.2631578947368421,0.6666666666666666,0.7142857142857143,0.7,0.3333333333333333,0.47368421052631576,0.5294117647058824,0.4444444444444444,0.05263157894736842,,,,0.017543859649122806,0.3333333333333333,0.15789473684210525,0.15789473684210525,1.0,0.6666666666666666,0.5,0.16666666666666666,,0.20833333333333334,,0.6140350877192983,0.15789473684210525,0.5012675438596491,0.5641,0.5044479166666667,0.22857142857142856,0.32,,0.1411764705882353,0.4117647058823529,6.313513513513513,24.29,0.43037974683544306,2026-05-24,1022600046,SEA,1611661322,WAS,WAS,40.0,6.0,9.0,1.0,,,,,,,,,3.0,,2.0,6.0,6.0,,0.06666666666666667,,1.0,1.0,,0.375,0.6666666666666666,,,,,1.0,2.0,,5.0,,0.5,0.4,,0.06666666666666667,1.0,,,,,,,,,,,
40:00,71,72,14.0,9,143,5.0,7.0,4.0,5.0,15.0,35,1.0,3.0,6.0,4,15,,,1.0,4.0,21,45,7,21,15,78,6.0,13.0,,,1.0,13.0,4.0,11.0,1.0,4.0,7.0,18.0,24,18,21.0,,8.0,15,4,1.0,12,7.0,19,4.0,1.0,11.0,,45,3.0,11.0,11,16,1.0,28,14,42,4,2.0,2.0,7,1.0,5.0,5.0,2.0,12,2.0,5,22,1.0,21,3.0,16,2.0,7,,2.0,,,1.0,1.0,2.0,,65,18.0,14.0,0.5714285714285714,0.7058823529411765,1.0,0.3333333333333333,,0.25,0.3333333333333333,0.4666666666666667,0.46153846153846156,0.36363636363636365,0.4772727272727273,0.46153846153846156,0.36666666666666664,0.5342465753424658,0.4642857142857143,0.47368421052631576,0.3181818181818182,0.022222222222222223,0.02857142857142857,,0.5833333333333334,1.0,0.6956521739130435,0.4583333333333333,0.6111111111111112,0.21428571428571427,0.6585365853658537,0.3684210526315789,0.4,1.0,0.2727272727272727,0.5,0.8571428571428571,0.42857142857142855,0.625,0.5,85.8,,16.938028169014082,16.630555555555556,15.570422535211268,15.305555555555555,0.10606060606060606,0.7142857142857143,0.7142857142857143,0.2,0.5303030303030303,0.42857142857142855,0.4411764705882353,0.7333333333333333,0.045454545454545456,0.3333333333333333,0.3333333333333333,,0.09090909090909091,0.22727272727272727,0.26666666666666666,0.3076923076923077,1.0,0.38461538461538464,0.8,,,0.26666666666666666,0.25,0.42424242424242425,0.26666666666666666,0.4484212121212121,0.48122,0.4429766666666667,0.09859154929577464,0.14,,0.16666666666666666,0.23076923076923078,7.6688888888888895,24.271428571428572,0.19718309859154928,2026-05-27,1022600053,SEA,1611661322,WAS,WAS,23.0,2.0,3.0,3.0,,,2.0,3.0,,,,1.0,3.0,,1.0,2.0,2.0,0.09523809523809523,,0.13333333333333333,0.5,0.5,1.0,0.2,0.6666666666666666,,,,,,2.0,1.0,4.0,,,0.5,,0.05714285714285714,,,,,,,,,,,,
40:00,79,81,28.0,7,160,15.0,20.0,1.0,2.0,10.0,17,1.0,2.0,3.0,4,19,,2.0,1.0,8.0,26,39,5,22,20,87,1.0,2.0,,3.0,3.0,5.0,8.0,13.0,1.0,8.0,9.0,28.0,42,10,15.0,,2.0,19,4,2.0,21,5.0,26,4.0,13.0,8.0,,57,5.0,3.0,7,13,5.0,25,8,33,4,3.0,1.0,8,2.0,6.0,8.0,2.0,16,4.0,6,27,3.0,24,4.0,29,3.0,12,,3.0,1.0,1.0,1.0,2.0,4.0,1.0,82,28.0,28.0,0.8076923076923077,0.84,1.0,0.22727272727272727,,0.125,0.22727272727272727,0.6666666666666666,0.5,0.6153846153846154,0.5491803278688525,0.2,0.4523809523809524,0.589041095890411,0.4166666666666667,0.5192307692307693,0.36065573770491804,0.05128205128205128,0.058823529411764705,,0.5,1.0,0.6842105263157895,0.23076923076923078,0.5,0.3125,0.6060606060606061,0.27586206896551724,0.14285714285714285,,0.21428571428571427,,0.6875,1.0,0.5,0.5,96.0,0.25,14.644303797468355,15.346913580246913,14.239240506329114,14.593827160493825,0.32786885245901637,0.75,0.7894736842105263,0.8666666666666667,0.2786885245901639,0.5882352941176471,0.625,0.8,0.03278688524590164,0.5,0.5,,0.04918032786885246,0.3114754098360656,0.21052631578947367,0.21052631578947367,1.0,0.4,0.5,0.4,,0.38095238095238093,0.125,0.6885245901639344,0.21052631578947367,0.49616475409836064,0.5415833333333333,0.5080380952380952,0.17142857142857143,0.25,,0.05747126436781609,0.3218390804597701,4.851282051282051,24.122727272727275,0.35443037974683544,2026-05-29,1022600057,LAS,1611661322,WAS,WAS,38.0,7.0,9.0,1.0,,,,1.0,,,2.0,,4.0,,,3.0,2.0,,0.05,,0.3333333333333333,0.3333333333333333,1.0,0.42857142857142855,0.7777777777777778,,,,1.0,,2.0,2.0,7.0,,,0.4,1.0,0.07407407407407407,,0.2,,,1.0,,,,,,,
40:00,81,82,27.0,12,163,20.0,30.0,9.0,11.0,5.0,22,1.0,4.0,9.0,3,8,,,2.0,6.0,26,56,6,17,20,90,9.0,16.0,,1.0,4.0,22.0,6.0,15.0,3.0,10.0,8.0,29.0,26,26,15.0,3.0,12.0,8,3,10.0,13,5.0,18,2.0,10.0,2.0,1.0,41,5.0,13.0,6,22,4.0,32,20,52,11,8.0,3.0,9,4.0,7.0,7.0,2.0,16,3.0,7,16,1.0,22,1.0,32,5.0,16,,2.0,,,1.0,1.0,2.0,1.0,68,29.0,27.0,0.5,0.65,0.8333333333333334,0.35294117647058826,,0.3,0.35294117647058826,0.4642857142857143,0.5625,0.4,0.4794520547945205,0.5294117647058824,0.42,0.5174418604651163,0.55,0.45161290322580644,0.2328767123287671,0.17857142857142858,0.2727272727272727,,0.5625,0.8,0.88,0.43333333333333335,0.6666666666666666,0.5,0.8235294117647058,0.45,0.5294117647058824,,0.5,0.6,0.9333333333333333,1.0,0.6,0.75,97.8,0.5,15.204938271604938,14.24878048780488,14.174074074074072,13.695121951219512,0.410958904109589,0.6666666666666666,0.7692307692307693,0.5,0.3013698630136986,0.22727272727272727,0.3125,0.4,0.0547945205479452,0.25,0.25,1.0,0.1232876712328767,0.1095890410958904,0.375,0.375,0.6666666666666666,0.6470588235294118,0.8181818181818182,,,0.24,0.3333333333333333,0.6438356164383562,0.375,0.5212333333333333,0.5603571428571429,0.53131875,0.19047619047619047,0.23880597014925373,,0.24444444444444444,0.32222222222222224,4.644642857142857,25.61764705882353,0.3333333333333333,2026-06-02,1022600067,CHI,1611661322,WAS,WAS,17.0,6.0,8.0,3.0,1.0,4.0,,3.0,,,,,,,,2.0,2.0,,0.13333333333333333,,0.3333333333333333,0.3333333333333333,1.0,0.32,0.75,0.16,0.25,,1.0,2.0,4.0,1.0,,,0.2857142857142857,0.4,0.5,0.13333333333333333,0.2222222222222222,0.058823529411764705,,,1.0,,,,,,,
40:00,77,77,27.0,10,154,19.0,31.0,2.0,2.0,1.0,9,1.0,2.0,3.0,4,13,,,,3.0,21,42,5,16,20,77,2.0,3.0,,1.0,4.0,8.0,8.0,11.0,1.0,6.0,12.0,31.0,26,16,12.0,3.0,,13,4,4.0,13,4.0,17,3.0,12.0,,1.0,38,3.0,7.0,9,9,3.0,21,11,32,4,2.0,2.0,16,,13.0,1.0,3.0,17,7.0,19,26,1.0,26,3.0,27,3.0,11,,4.0,,,4.0,,4.0,1.0,69,31.0,27.0,0.6190476190476191,0.6190476190476191,0.8,0.3125,,0.16666666666666666,0.3125,0.5,0.6666666666666666,0.7272727272727273,0.49137931034482757,0.5,0.5588235294117647,0.55,0.6666666666666666,0.6458333333333334,0.27586206896551724,0.09523809523809523,,,0.9411764705882353,0.42857142857142855,0.4090909090909091,0.3333333333333333,0.8181818181818182,0.2727272727272727,0.5454545454545454,0.3125,0.25,,0.2222222222222222,0.3076923076923077,0.5555555555555556,,0.875,0.6666666666666666,92.4,0.25,16.114285714285714,15.054545454545455,15.315584415584414,14.092207792207795,0.5344827586206896,0.6129032258064516,0.7037037037037037,0.631578947368421,0.15517241379310345,0.1111111111111111,0.1111111111111111,,0.034482758620689655,0.5,0.5,1.0,0.05172413793103448,0.22413793103448276,0.3076923076923077,0.3076923076923077,0.75,0.5,1.0,,,0.17647058823529413,,0.8103448275862069,0.3076923076923077,0.5559655172413793,0.59955,0.5674382352941176,0.16666666666666666,0.22,,0.1038961038961039,0.4025974025974026,3.6785714285714284,24.025,0.35064935064935066,2026-06-06,1022600079,ATL,1611661322,WAS,WAS,38.0,8.0,9.0,1.0,1.0,3.0,,1.0,,,5.0,,,1.0,1.0,4.0,4.0,,0.12903225806451613,,0.3333333333333333,0.3333333333333333,1.0,0.5294117647058824,0.8888888888888888,0.17647058823529413,0.3333333333333333,,1.0,1.0,,,1.0,,0.2,0.4166666666666667,0.5,,1.0,0.25,,,,1.0,,,,,,
40:00,79,81,34.0,4,160,14.0,27.0,,1.0,2.0,12,,1.0,6.0,7,12,2.0,2.0,2.0,4.0,16,40,9,18,17,76,,2.0,2.0,2.0,,6.0,7.0,20.0,2.0,6.0,8.0,28.0,24,8,27.0,,,12,7,4.0,12,9.0,21,7.0,11.0,1.0,,51,1.0,3.0,12,13,2.0,27,5,32,5,3.0,2.0,8,,3.0,7.0,5.0,15,7.0,6,23,3.0,26,6.0,24,,10,,5.0,1.0,,2.0,3.0,6.0,1.0,70,28.0,34.0,0.75,0.75,1.0,0.5,1.0,0.3333333333333333,0.5,0.4,,0.35,0.5086206896551724,0.75,0.38461538461538464,0.5428571428571428,0.6,0.4666666666666667,0.3103448275862069,0.1,0.08333333333333333,,0.5333333333333333,1.0,0.7647058823529411,0.13043478260869565,0.631578947368421,0.125,0.6944444444444444,0.12903225806451613,0.2222222222222222,,,1.0,0.6363636363636364,1.0,0.7692307692307693,0.3333333333333333,96.0,0.16666666666666666,15.49873417721519,14.513580246913579,15.275949367088609,13.654320987654321,0.46551724137931033,0.5185185185185185,0.5833333333333334,0.7857142857142857,0.20689655172413793,0.16666666666666666,0.18181818181818182,0.5,0.017241379310344827,,,,0.10344827586206896,0.20689655172413793,0.5833333333333334,0.5833333333333334,1.0,0.25,,0.5,1.0,0.15384615384615385,0.5,0.7758620689655172,0.5833333333333334,0.5215859649122807,0.44576666666666664,0.521302,0.14705882352941177,0.2,,0.07894736842105263,0.3684210526315789,4.0024999999999995,25.616666666666667,0.43037974683544306,2026-06-08,1022600084,IND,1611661322,WAS,WAS,26.0,7.0,15.0,2.0,,2.0,,2.0,2.0,,,,4.0,1.0,1.0,2.0,2.0,,0.1111111111111111,,0.3333333333333333,0.3333333333333333,1.0,0.5769230769230769,0.4666666666666667,0.07692307692307693,,,,1.0,,1.0,2.0,,0.3333333333333333,0.07692307692307693,0.25,,,,,,,,1.0,1.0,,,,
40:00,84,84,29.0,11,168,24.0,34.0,6.0,8.0,3.0,11,2.0,2.0,3.0,2,15,,3.0,1.0,3.0,29,47,2,18,22,86,7.0,10.0,,3.0,2.0,16.0,10.0,16.0,1.0,5.0,11.0,34.0,40,18,6.0,,8.0,15,2,5.0,20,2.0,22,2.0,17.0,2.0,1.0,46,5.0,10.0,10,15,1.0,26,15,41,8,8.0,,18,3.0,9.0,4.0,9.0,22,5.0,9,14,1.0,24,2.0,26,1.0,7,,2.0,,,1.0,1.0,2.0,2.0,70,34.0,29.0,0.6896551724137931,0.8,1.0,0.1111111111111111,,0.2,0.1111111111111111,0.6170212765957447,0.7,0.625,0.49230769230769234,0.5384615384615384,0.5476190476190477,0.551948051948052,0.5714285714285714,0.6296296296296297,0.27692307692307694,0.10638297872340426,0.09090909090909091,,0.8181818181818182,1.0,0.8823529411764706,0.5555555555555556,0.7142857142857143,0.3333333333333333,0.8064516129032258,0.45454545454545453,0.5,,0.25,1.0,1.0,0.6,1.0,0.5,100.8,1.0,15.454761904761906,13.116666666666665,14.883333333333335,12.53095238095238,0.5230769230769231,0.7058823529411765,0.8,0.7083333333333334,0.16923076923076924,0.2727272727272727,0.3,0.6666666666666666,0.03076923076923077,1.0,1.0,0.5,0.046153846153846156,0.23076923076923078,0.13333333333333333,0.13333333333333333,1.0,0.6153846153846154,0.75,0.23076923076923078,,0.14285714285714285,0.3333333333333333,0.8,0.13333333333333333,0.5454984615384615,0.56692,0.5359380952380952,0.09859154929577464,0.1320754716981132,,0.18604651162790697,0.3953488372093023,4.004255319148936,24.62777777777778,0.34523809523809523,2026-06-12,1022600095,TOR,1611661322,WAS,WAS,9.0,9.0,12.0,,,2.0,,,,,1.0,,2.0,,2.0,6.0,5.0,,0.11764705882352941,,,,,0.5714285714285714,0.75,0.09523809523809523,,,,,1.0,,,,,0.6,0.6666666666666666,0.03571428571428571,0.3333333333333333,,,,1.0,,,,,,,
40:00,78,77,23.0,16,155,9.0,17.0,3.0,4.0,6.0,20,2.0,9.0,4.0,6,21,,1.0,3.0,10.0,17,46,7,25,9,64,6.0,11.0,1.0,3.0,5.0,20.0,3.0,7.0,3.0,10.0,3.0,18.0,22,12,18.0,3.0,6.0,21,6,10.0,11,6.0,17,5.0,5.0,4.0,2.0,40,3.0,16.0,12,9,1.0,22,19,41,6,2.0,4.0,9,5.0,9.0,9.0,,18,5.0,9,19,1.0,16,1.0,16,2.0,7,,2.0,1.0,1.0,1.0,1.0,3.0,1.0,44,18.0,23.0,0.6470588235294118,0.7857142857142857,0.8571428571428571,0.28,0.3333333333333333,0.3,0.28,0.3695652173913043,0.5454545454545454,0.42857142857142855,0.3873239436619718,0.5357142857142857,0.4411764705882353,0.41025641025641024,0.625,0.42857142857142855,0.352112676056338,0.21739130434782608,0.3,0.1111111111111111,0.5,0.5,0.6428571428571429,0.5714285714285714,0.8571428571428571,0.16666666666666666,0.75,0.41304347826086957,0.5384615384615384,0.8571428571428571,0.13333333333333333,0.6,0.7142857142857143,0.5,0.9,0.75,93.0,0.3333333333333333,15.898717948717948,15.063636363636364,14.887179487179484,14.764935064935067,0.23943661971830985,0.5294117647058824,0.6428571428571429,0.5555555555555556,0.28169014084507044,0.3,0.42857142857142855,0.6666666666666666,0.1267605633802817,0.2222222222222222,0.25,1.0,0.056338028169014086,0.29577464788732394,0.2857142857142857,0.2857142857142857,0.8333333333333334,0.2857142857142857,0.75,0.07142857142857142,,0.5882352941176471,0.3,0.5915492957746479,0.2857142857142857,0.48587112676056343,0.5035458333333334,0.48254705882352944,0.09210526315789473,0.13725490196078433,,0.3125,0.28125,7.378260869565217,24.695999999999998,0.2948717948717949,2026-06-14,1022600101,NYL,1611661322,WAS,WAS,20.0,2.0,3.0,1.0,,,,1.0,,,3.0,,1.0,,1.0,2.0,2.0,,0.17647058823529413,,0.25,0.25,1.0,0.17647058823529413,0.6666666666666666,,,1.0,2.0,,2.0,,3.0,,,0.375,0.3333333333333333,0.05405405405405406,0.3333333333333333,0.14285714285714285,0.5,1.0,,,,,,,,
40:00,75,76,37.0,7,151,9.0,15.0,1.0,1.0,9.0,15,1.0,7.0,1.0,7,17,,2.0,5.0,12.0,19,37,7,18,29,88,1.0,2.0,,2.0,,2.0,9.0,14.0,5.0,12.0,19.0,52.0,24,14,18.0,3.0,,17,7,3.0,12,6.0,18,6.0,5.0,6.0,1.0,42,3.0,5.0,15,15,3.0,33,8,41,2,1.0,1.0,8,3.0,5.0,5.0,3.0,13,3.0,10,20,,25,1.0,30,1.0,8,,1.0,,,,,1.0,1.0,86,52.0,37.0,0.631578947368421,0.631578947368421,0.8571428571428571,0.3888888888888889,,0.4166666666666667,0.3888888888888889,0.5135135135135135,0.5,0.6428571428571429,0.5363636363636364,0.25,0.6346153846153846,0.6304347826086957,0.25,0.7285714285714285,0.32727272727272727,0.08108108108108109,0.06666666666666667,,0.6153846153846154,0.75,0.7142857142857143,0.29411764705882354,0.9375,0.2727272727272727,0.8108108108108109,0.2857142857142857,,0.5,0.2,0.2,1.0,0.8,0.9285714285714286,1.0,90.6,1.0,17.697333333333333,14.114473684210527,16.865333333333332,13.801315789473685,0.2727272727272727,0.6,0.6923076923076923,0.5555555555555556,0.2727272727272727,0.6,0.6428571428571429,0.6666666666666666,0.12727272727272726,0.14285714285714285,0.14285714285714285,1.0,0.01818181818181818,0.3090909090909091,0.4117647058823529,0.4117647058823529,0.8571428571428571,0.25,1.0,0.5,,0.46153846153846156,0.4166666666666667,0.6,0.4117647058823529,0.47661454545454546,0.4899,0.4892288461538462,0.12903225806451613,0.18181818181818182,,0.022727272727272728,0.5909090909090909,6.821621621621622,25.305555555555557,0.49333333333333335,2026-06-17,1022600107,CON,1611661322,WAS,WAS,22.0,5.0,6.0,,,,,,,,4.0,1.0,1.0,,1.0,7.0,7.0,,0.13333333333333333,,,,,0.23076923076923078,0.8333333333333334,,,,,,1.0,,2.0,,,0.3333333333333333,1.0,0.04,1.0,,,,1.0,,,,,1.0,,
40:00,79,79,25.0,8,158,21.0,25.0,1.0,3.0,4.0,13,1.0,6.0,4.0,3,14,,,,3.0,26,44,4,18,22,86,2.0,6.0,,1.0,,4.0,11.0,14.0,,4.0,12.0,34.0,34,18,9.0,3.0,2.0,14,3,6.0,17,3.0,20,2.0,12.0,4.0,1.0,43,5.0,3.0,14,10,1.0,25,10,35,9,6.0,3.0,5,1.0,3.0,6.0,2.0,11,1.0,5,23,1.0,26,3.0,32,2.0,9,2.0,2.0,,,,2.0,2.0,1.0,82,33.0,24.0,0.6538461538461539,0.68,0.75,0.2222222222222222,,,0.2222222222222222,0.5909090909090909,0.3333333333333333,0.7857142857142857,0.5161290322580645,0.2857142857142857,0.6111111111111112,0.5657894736842105,0.2857142857142857,0.6538461538461539,0.2903225806451613,0.13636363636363635,0.23076923076923078,0.16666666666666666,0.45454545454545453,1.0,0.7692307692307693,0.16666666666666666,0.5833333333333334,0.35714285714285715,0.6486486486486487,0.25,0.2222222222222222,0.2,0.2727272727272727,0.6666666666666666,0.8,,0.7058823529411765,0.2857142857142857,94.8,0.5,15.69240506329114,14.687341772151898,15.007594936708863,13.841772151898734,0.4032258064516129,0.84,0.9130434782608695,0.5714285714285714,0.20967741935483872,0.3076923076923077,0.4,1.0,0.0967741935483871,0.16666666666666666,0.2,1.0,0.06451612903225806,0.22580645161290322,0.21428571428571427,0.21428571428571427,0.6666666666666666,0.42857142857142855,0.3333333333333333,,,0.16666666666666666,,0.6935483870967742,0.21428571428571427,0.4958596774193549,0.4713,0.5012166666666666,0.15492957746478872,0.17647058823529413,0.1,0.046511627906976744,0.3953488372093023,5.840909090909091,25.188888888888886,0.31645569620253167,2026-06-19,1022600115,NYL,1611661322,WAS,WAS,35.0,10.0,10.0,1.0,,1.0,,1.0,,,2.0,,5.0,,1.0,5.0,4.0,,0.08,,0.25,0.25,1.0,0.5555555555555556,1.0,0.05555555555555555,,,1.0,2.0,,,5.0,,0.3333333333333333,,0.6666666666666666,,,0.14285714285714285,,,,,,,,,,
40:00,81,81,30.0,10,162,18.0,31.0,3.0,4.0,3.0,11,,,5.0,5,14,1.0,3.0,,2.0,21,42,7,19,21,84,3.0,5.0,1.0,3.0,2.0,11.0,4.0,14.0,2.0,4.0,10.0,24.0,26,16,21.0,,2.0,14,5,6.0,13,7.0,20,5.0,10.0,3.0,,47,4.0,5.0,10,19,1.0,30,12,42,7,4.0,3.0,11,1.0,9.0,7.0,2.0,18,9.0,7,16,2.0,24,2.0,29,2.0,9,,3.0,,,3.0,,3.0,2.0,73,22.0,28.0,0.6190476190476191,0.65,1.0,0.3684210526315789,0.3333333333333333,0.5,0.3684210526315789,0.5,0.6,0.2857142857142857,0.5163934426229508,0.5625,0.3888888888888889,0.5608108108108109,0.55,0.48,0.3114754098360656,0.14285714285714285,0.18181818181818182,,0.6111111111111112,1.0,0.8636363636363636,0.23809523809523808,0.625,0.36363636363636365,0.7631578947368421,0.28125,0.25,,0.125,0.7272727272727273,1.0,1.0,0.5714285714285714,1.0,97.2,0.6666666666666666,15.837037037037037,13.792592592592593,15.085185185185184,13.255555555555556,0.5081967213114754,0.5806451612903226,0.6666666666666666,0.5555555555555556,0.18032786885245902,0.2727272727272727,0.3333333333333333,1.0,,,,,0.08196721311475409,0.22950819672131148,0.35714285714285715,0.35714285714285715,1.0,0.5,0.75,0.375,0.3333333333333333,0.1111111111111111,,0.819672131147541,0.35714285714285715,0.5425350000000001,0.49989999999999996,0.49775,0.1323529411764706,0.1836734693877551,,0.13095238095238096,0.2857142857142857,3.1166666666666667,24.610526315789475,0.37037037037037035,2026-06-21,1022600121,MIN,1611661322,WAS,WAS,13.0,4.0,10.0,2.0,2.0,2.0,1.0,2.0,,,1.0,,,,1.0,6.0,4.0,0.05263157894736842,0.12903225806451613,,0.4,0.5,1.0,0.5555555555555556,0.4,0.1111111111111111,1.0,,,3.0,,1.0,,0.2,1.0,0.23076923076923078,1.0,,0.6666666666666666,,,,1.0,,,1.0,,,,
39:59,84,85,19.0,6,169,8.0,14.0,2.0,4.0,11.0,27,2.0,4.0,3.0,4,13,,1.0,2.0,6.0,21,45,5,16,19,76,3.0,5.0,,1.0,,6.0,3.0,6.0,2.0,6.0,9.0,21.0,26,16,12.0,3.0,6.0,13,4,6.0,13,4.0,17,3.0,5.0,6.0,2.0,38,3.0,4.0,15,19,3.0,37,7,44,4,2.0,2.0,7,2.0,4.0,11.0,3.0,18,2.0,9,22,4.0,25,3.0,27,2.0,11,,2.0,,,,1.0,2.0,1.0,70,21.0,19.0,0.6190476190476191,0.7222222222222222,0.8,0.3125,,0.3333333333333333,0.3125,0.4666666666666667,0.6,0.5,0.4672131147540984,0.5,0.5,0.5136986301369864,0.5,0.5833333333333334,0.26229508196721313,0.13333333333333333,0.1111111111111111,0.25,0.3888888888888889,1.0,0.8636363636363636,0.16666666666666666,0.6818181818181818,0.2727272727272727,0.7727272727272727,0.2,0.1875,,0.3333333333333333,1.0,0.7857142857142857,1.0,0.7222222222222222,0.5,101.40000000000008,0.5,15.264285714285691,13.150588235294117,15.038095238095215,12.464705882352941,0.22950819672131148,0.5714285714285714,0.6666666666666666,0.625,0.4426229508196721,0.4074074074074074,0.4583333333333333,0.5454545454545454,0.06557377049180328,0.5,0.6666666666666666,1.0,0.04918032786885246,0.21311475409836064,0.3076923076923077,0.3076923076923077,0.75,0.6666666666666666,0.5,0.16666666666666666,,0.5,0.3333333333333333,0.4918032786885246,0.3076923076923077,0.4377377049180328,0.4727666666666666,0.4328458333333333,0.15714285714285714,0.2037037037037037,,0.07894736842105263,0.27631578947368424,6.28,24.45625,0.2261904761904762,2026-06-24,1022600129,MIN,1611661322,WAS,WAS,21.0,3.0,3.0,1.0,,,,1.0,,1.0,1.0,,1.0,,,3.0,3.0,,0.14285714285714285,,0.3333333333333333,0.3333333333333333,1.0,0.25,1.0,,,,,,,2.0,3.0,,,0.16666666666666666,,,,,,,1.0,,,,,1.0,,
40:00,76,77,19.0,11,153,12.0,24.0,1.0,7.0,,9,2.0,4.0,7.0,4,11,,1.0,1.0,3.0,14,37,5,18,14,57,1.0,8.0,,1.0,,2.0,3.0,9.0,1.0,4.0,7.0,16.0,24,4,12.0,3.0,,11,4,5.0,12,4.0,16,4.0,11.0,,1.0,36,5.0,9.0,5,28,3.0,36,14,50,3,2.0,1.0,12,1.0,9.0,10.0,3.0,22,5.0,5,15,3.0,20,1.0,25,,10,,4.0,,,,4.0,4.0,4.0,55,16.0,19.0,0.8571428571428571,0.8571428571428571,0.8,0.2777777777777778,,0.25,0.2777777777777778,0.3783783783783784,0.125,0.3333333333333333,0.39090909090909093,0.1111111111111111,0.34615384615384615,0.4253731343283582,0.09090909090909091,0.47058823529411764,0.32727272727272727,0.13513513513513514,0.2222222222222222,,0.5454545454545454,1.0,0.8484848484848485,0.391304347826087,0.7142857142857143,0.38461538461538464,0.825,0.3888888888888889,0.3333333333333333,0.5,0.42857142857142855,0.75,0.9166666666666666,0.8888888888888888,0.7142857142857143,,91.8,1.0,16.87236842105263,14.515584415584415,16.376315789473683,14.202597402597405,0.43636363636363634,0.5,0.5714285714285714,0.9166666666666666,0.16363636363636364,,,,0.07272727272727272,0.5,0.5,0.5,0.12727272727272726,0.2,0.36363636363636365,0.4,1.0,0.7777777777777778,0.14285714285714285,0.1111111111111111,,0.23076923076923078,0.3333333333333333,0.7636363636363637,0.36363636363636365,0.5255190909090909,0.6196,0.47478076923076923,0.15384615384615385,0.2127659574468085,,0.03508771929824561,0.2807017543859649,4.57027027027027,24.438888888888886,0.25,2026-06-26,1022600135,CON,1611661322,WAS,WAS,18.0,2.0,5.0,1.0,,1.0,1.0,,,3.0,2.0,,3.0,,1.0,2.0,2.0,0.05555555555555555,0.125,0.09090909090909091,0.14285714285714285,0.14285714285714285,,0.38461538461538464,0.4,0.07692307692307693,,,,,5.0,1.0,,,,0.4166666666666667,0.3333333333333333,0.16666666666666666,1.0,,,,,,,,,,,
60:00,117,116,36.0,21,233,22.0,31.0,5.0,5.0,10.0,34,,4.0,9.0,7,20,2.0,3.0,,4.0,32,69,10,29,30,124,6.0,9.0,2.0,4.0,7.0,25.0,10.0,21.0,,4.0,16.0,36.0,44,20,30.0,,4.0,20,7,8.0,22,10.0,32,7.0,14.0,8.0,,74,4.0,16.0,18,18,,36,21,57,10,8.0,2.0,12,1.0,8.0,7.0,4.0,19,4.0,9,23,2.0,39,4.0,41,2.0,12,,7.0,2.0,2.0,,7.0,9.0,2.0,99,33.0,34.0,0.6875,0.7333333333333333,1.0,0.3448275862068966,0.5,,0.3448275862068966,0.463768115942029,0.6666666666666666,0.47619047619047616,0.47959183673469385,0.6923076923076923,0.4,0.5299145299145299,0.7352941176470589,0.4864864864864865,0.29591836734693877,0.11594202898550725,0.17647058823529413,,0.631578947368421,,0.6,0.4444444444444444,0.75,0.21052631578947367,0.6666666666666666,0.36363636363636365,0.5652173913043478,0.25,0.23076923076923078,0.3333333333333333,0.625,0.6666666666666666,0.75,,93.2,0.2222222222222222,15.636752136752136,15.262931034482758,14.432478632478631,14.147413793103448,0.3163265306122449,0.7096774193548387,0.7586206896551724,0.6363636363636364,0.3469387755102041,0.29411764705882354,0.35714285714285715,0.8,0.04081632653061224,,,,0.09183673469387756,0.20408163265306123,0.35,0.35,1.0,0.38461538461538464,1.0,0.23076923076923078,0.6666666666666666,0.16,,0.6122448979591837,0.35,0.47112040816326534,0.42420416666666666,0.47045200000000004,0.1111111111111111,0.1518987341772152,,0.20161290322580644,0.2903225806451613,5.0,24.606896551724137,0.3076923076923077,2026-06-28,1022600142,PDX,1611661322,WAS,WAS,37.0,8.0,11.0,3.0,,,,3.0,,1.0,2.0,1.0,2.0,1.0,5.0,9.0,7.0,,0.06451612903225806,,0.3333333333333333,0.3333333333333333,1.0,0.44,0.7272727272727273,,,,1.0,1.0,1.0,,1.0,,0.16666666666666666,0.2222222222222222,0.16666666666666666,0.020833333333333332,0.4,0.07692307692307693,,,,,,1.0,,,,
40:00,83,81,14.0,11,164,17.0,27.0,3.0,4.0,3.0,8,2.0,5.0,4.0,7,12,1.0,1.0,1.0,3.0,22,40,9,16,10,81,3.0,5.0,1.0,1.0,1.0,10.0,3.0,4.0,1.0,3.0,4.0,13.0,24,20,24.0,3.0,2.0,12,7,3.0,12,8.0,20,6.0,10.0,1.0,1.0,48,3.0,7.0,16,15,2.0,33,11,44,2,1.0,1.0,13,4.0,10.0,15.0,3.0,28,3.0,8,22,6.0,23,4.0,19,2.0,6,,3.0,,,,3.0,3.0,2.0,71,13.0,14.0,0.5454545454545454,0.5714285714285714,0.8888888888888888,0.5625,1.0,0.3333333333333333,0.5625,0.55,0.6,0.75,0.6339285714285714,0.75,0.6428571428571429,0.6349206349206349,0.7142857142857143,0.65,0.2857142857142857,0.075,,,0.4642857142857143,0.6666666666666666,0.5555555555555556,0.3888888888888889,0.6666666666666666,0.42857142857142855,0.6078431372549019,0.4,0.4,,0.4,0.5,0.6923076923076923,,0.6190476190476191,1.0,98.4,0.6666666666666666,14.531325301204818,14.739506172839507,13.927710843373495,13.170370370370373,0.48214285714285715,0.6296296296296297,0.7083333333333334,0.5882352941176471,0.14285714285714285,0.375,0.375,0.3333333333333333,0.08928571428571429,0.4,0.4,0.5,0.07142857142857142,0.21428571428571427,0.5833333333333334,0.5833333333333334,0.8571428571428571,0.6666666666666666,0.75,0.16666666666666666,1.0,0.42857142857142855,0.3333333333333333,0.7678571428571429,0.5833333333333334,0.5316563636363636,0.54444,0.5819583333333334,0.1,0.13636363636363635,,0.12345679012345678,0.16049382716049382,5.3100000000000005,25.93125,0.1686746987951807,2026-07-02,1022600145,ATL,1611661322,WAS,WAS,16.0,3.0,4.0,2.0,,,,2.0,,1.0,3.0,,1.0,1.0,4.0,3.0,3.0,,0.1111111111111111,,0.5,0.5,1.0,0.5714285714285714,0.75,,,,,1.0,1.0,1.0,2.0,,0.25,0.5,0.5,0.045454545454545456,0.3333333333333333,,,,2.0,,,,,,,
40:00,67,68,20.0,11,135,11.0,20.0,2.0,4.0,4.0,11,,5.0,7.0,2,17,,1.0,,2.0,15,36,3,24,10,49,3.0,6.0,,3.0,1.0,7.0,4.0,13.0,,4.0,7.0,15.0,22,8,9.0,,2.0,17,2,5.0,11,3.0,14,2.0,7.0,4.0,,31,4.0,10.0,18,15,,33,14,47,1,,1.0,10,2.0,6.0,7.0,4.0,17,6.0,3,13,1.0,16,,15,2.0,8,,3.0,,,3.0,,3.0,2.0,42,15.0,20.0,0.7333333333333333,0.7857142857142857,1.0,0.125,,,0.125,0.4166666666666667,0.5,0.3076923076923077,0.325,0.3333333333333333,0.23529411764705882,0.3712121212121212,0.35,0.35714285714285715,0.4,0.1388888888888889,0.09090909090909091,0.2,0.5882352941176471,,0.75,0.5,0.6666666666666666,0.2222222222222222,0.7021276595744681,0.3684210526315789,0.3333333333333333,0.6,0.23076923076923078,0.8,0.875,0.5714285714285714,0.7222222222222222,0.5555555555555556,81.0,0.6666666666666666,17.13731343283582,18.408823529411762,16.076119402985075,16.645588235294117,0.3333333333333333,0.55,0.6470588235294118,0.6363636363636364,0.18333333333333332,0.36363636363636365,0.4,1.0,0.08333333333333333,,,,0.11666666666666667,0.2833333333333333,0.11764705882352941,0.11764705882352941,1.0,0.4444444444444444,0.5,0.1111111111111111,,0.11764705882352941,,0.7333333333333333,0.11764705882352941,0.4994475,0.54234375,0.4716470588235295,0.12121212121212122,0.19047619047619047,,0.14285714285714285,0.30612244897959184,6.033333333333333,25.037499999999998,0.29850746268656714,2026-07-06,1022600154,GSV,1611661322,WAS,WAS,18.0,3.0,7.0,1.0,,2.0,,1.0,,,3.0,1.0,5.0,,2.0,,,,0.15,,0.14285714285714285,0.14285714285714285,1.0,0.4117647058823529,0.42857142857142855,0.11764705882352941,,,2.0,,1.0,,,,,0.5555555555555556,0.2,0.030303030303030304,0.5,0.2222222222222222,,,,,,,,,,
40:00,80,81,22.0,10,161,12.0,17.0,3.0,5.0,9.0,30,5.0,6.0,3.0,5,16,,2.0,1.0,5.0,26,53,5,19,17,84,6.0,10.0,,3.0,4.0,16.0,7.0,19.0,1.0,7.0,7.0,24.0,36,16,15.0,,2.0,16,5,4.0,18,5.0,23,5.0,9.0,5.0,4.0,51,7.0,7.0,6,17,1.0,24,15,39,10,5.0,5.0,12,,8.0,3.0,4.0,15,1.0,8,17,,24,3.0,23,6.0,12,,3.0,,,,3.0,3.0,1.0,68,24.0,22.0,0.6923076923076923,0.72,1.0,0.2631578947368421,,0.14285714285714285,0.2631578947368421,0.49056603773584906,0.6,0.3684210526315789,0.4652777777777778,0.46153846153846156,0.3269230769230769,0.525,0.5714285714285714,0.4,0.2638888888888889,0.07547169811320754,0.1,,0.8,0.5,0.6538461538461539,0.25925925925925924,0.46153846153846156,0.5,0.5897435897435898,0.34146341463414637,0.23809523809523808,,0.45454545454545453,1.0,0.5555555555555556,0.75,0.45454545454545453,0.5,96.6,0.3333333333333333,16.419999999999998,13.412345679012347,15.1975,12.381481481481483,0.2361111111111111,0.7058823529411765,0.75,0.75,0.4166666666666667,0.3,0.3333333333333333,0.5555555555555556,0.08333333333333333,0.8333333333333334,0.8333333333333334,0.8,0.041666666666666664,0.2222222222222222,0.3125,0.3125,1.0,0.38461538461538464,0.6,0.15384615384615385,,0.19230769230769232,0.2,0.5,0.3125,0.4546281690140845,0.431615,0.45858600000000005,0.15384615384615385,0.2033898305084746,,0.19047619047619047,0.2857142857142857,6.3641509433962264,25.457894736842103,0.275,2026-07-12,1022600172,SEA,1611661322,WAS,WAS,26.0,4.0,6.0,,,2.0,,,1.0,,,,3.0,,,2.0,2.0,,0.058823529411764705,,,,,0.23076923076923078,0.6666666666666666,0.07692307692307693,,,1.0,1.0,1.0,2.0,2.0,,0.2,0.4,0.6666666666666666,0.02702702702702703,0.6666666666666666,0.07692307692307693,,,,,,,,,,
40:00,71,71,23.0,17,142,23.0,42.0,8.0,16.0,3.0,8,,2.0,6.0,2,17,,3.0,1.0,3.0,26,52,4,23,15,79,9.0,18.0,,3.0,2.0,20.0,6.0,19.0,2.0,4.0,9.0,27.0,30,22,9.0,3.0,10.0,17,2,4.0,15,3.0,18,1.0,15.0,,,39,7.0,14.0,13,18,,31,23,54,3,3.0,,3,1.0,1.0,8.0,2.0,11,2.0,3,17,3.0,22,2.0,19,3.0,9,,5.0,1.0,1.0,2.0,3.0,6.0,3.0,59,27.0,23.0,0.5769230769230769,0.7142857142857143,0.75,0.17391304347826086,,0.5,0.17391304347826086,0.5,0.5,0.3157894736842105,0.4266666666666667,0.42857142857142855,0.391304347826087,0.4759036144578313,0.45454545454545453,0.48214285714285715,0.30666666666666664,0.07692307692307693,,,0.2727272727272727,,0.8181818181818182,0.5384615384615384,0.7222222222222222,0.3684210526315789,0.775,0.4666666666666667,0.6,1.0,0.4,0.75,0.8181818181818182,1.0,0.6875,1.0,85.2,0.5,17.86338028169014,15.939436619718311,16.02676056338028,14.939436619718311,0.56,0.5476190476190477,0.6052631578947368,0.6521739130434783,0.10666666666666667,0.375,0.375,,0.02666666666666667,,,,0.08,0.22666666666666666,0.11764705882352941,0.11764705882352941,0.5,0.7619047619047619,0.5,0.14285714285714285,,0.13043478260869565,0.3333333333333333,0.8666666666666667,0.11764705882352941,0.5634926666666666,0.5824607142857143,0.5551934782608696,0.1111111111111111,0.15517241379310345,,0.25316455696202533,0.34177215189873417,3.128846153846154,25.517391304347825,0.323943661971831,2026-07-14,1022600178,TOR,1611661322,WAS,WAS,13.0,6.0,16.0,2.0,1.0,1.0,,2.0,1.0,1.0,1.0,,3.0,,5.0,2.0,2.0,,0.09523809523809523,,0.3333333333333333,0.3333333333333333,1.0,0.6956521739130435,0.375,0.043478260869565216,1.0,,,2.0,4.0,1.0,2.0,,0.6666666666666666,0.47368421052631576,0.25,0.0975609756097561,0.125,,,,,,,,,,,
40:00,75,74,22.0,15,149,13.0,17.0,4.0,5.0,4.0,21,,5.0,5.0,1,16,,3.0,,6.0,17,43,2,21,16,56,5.0,11.0,,4.0,5.0,15.0,2.0,11.0,,6.0,7.0,11.0,18,16,6.0,,6.0,16,1,2.0,9,2.0,11,1.0,7.0,2.0,,24,8.0,11.0,22,8,,30,20,50,4,4.0,,10,5.0,8.0,10.0,2.0,20,7.0,6,15,2.0,26,4.0,23,2.0,11,,4.0,,,2.0,2.0,4.0,2.0,41,11.0,22.0,0.5294117647058824,0.6428571428571429,1.0,0.09523809523809523,,,0.09523809523809523,0.3953488372093023,0.45454545454545453,0.18181818181818182,0.3125,0.3333333333333333,0.11764705882352941,0.37333333333333335,0.4166666666666667,0.25,0.328125,0.046511627906976744,0.09523809523809523,,0.5,,0.6666666666666666,0.44,0.8461538461538461,0.4444444444444444,0.7894736842105263,0.4418604651162791,0.29411764705882354,0.8,0.42857142857142855,0.6666666666666666,0.5714285714285714,1.0,0.7894736842105263,1.0,89.4,0.5,15.946666666666667,16.27027027027027,14.609333333333334,15.135135135135135,0.265625,0.7647058823529411,0.7647058823529411,0.5384615384615384,0.328125,0.19047619047619047,0.21052631578947367,0.5,0.078125,,,,0.078125,0.25,0.0625,0.0625,1.0,0.3333333333333333,0.8,0.2,,0.35294117647058826,,0.59375,0.0625,0.49200390625,0.5007944444444444,0.4663323529411765,0.1506849315068493,0.21153846153846154,,0.26785714285714285,0.19642857142857142,6.013953488372094,24.761904761904763,0.29333333333333333,2026-07-16,1022600182,PDX,1611661322,WAS,WAS,11.0,2.0,4.0,1.0,,,,1.0,,,1.0,,2.0,,2.0,2.0,2.0,,,,0.2,0.2,1.0,0.23529411764705882,0.5,,,,1.0,1.0,2.0,2.0,,,0.5,0.6666666666666666,0.5,0.04878048780487805,0.25,0.06666666666666667,,,,,,,,,,
40:00,68,67,9.0,11,135,,2.0,,,20.0,33,1.0,2.0,6.0,6,17,1.0,3.0,2.0,4.0,21,37,6,23,9,69,3.0,4.0,1.0,4.0,2.0,11.0,4.0,5.0,2.0,5.0,3.0,17.0,26,16,15.0,3.0,2.0,17,6,2.0,13,5.0,18,5.0,,13.0,,41,7.0,6.0,15,10,5.0,30,13,43,5,4.0,1.0,8,3.0,5.0,6.0,3.0,14,,8,17,1.0,16,1.0,11,1.0,6,,5.0,,,1.0,4.0,5.0,3.0,58,17.0,9.0,0.6190476190476191,0.65,0.8333333333333334,0.2608695652173913,0.25,0.4,0.2608695652173913,0.5675675675675675,0.75,0.8,0.5,0.5625,0.7,0.5307692307692308,0.6111111111111112,0.7083333333333334,0.38333333333333336,0.05405405405405406,0.030303030303030304,,0.5714285714285714,1.0,0.7142857142857143,0.375,0.7142857142857143,0.4117647058823529,0.7142857142857143,0.3939393939393939,0.38461538461538464,,0.36363636363636365,1.0,0.6666666666666666,1.0,0.7222222222222222,0.6666666666666666,81.0,0.6,17.201470588235296,18.36268656716418,16.42794117647059,17.51044776119403,0.03333333333333333,,,,0.55,0.6060606060606061,0.625,0.65,0.03333333333333333,0.5,0.5,,0.1,0.2833333333333333,0.35294117647058826,0.35294117647058826,0.8333333333333334,,,0.375,0.3333333333333333,0.4,0.5,0.4166666666666667,0.35294117647058826,0.4277375,0.47280000000000005,0.39994,0.09230769230769231,0.14285714285714285,,0.15942028985507245,0.2463768115942029,7.154054054054054,24.334782608695654,0.1323529411764706,2026-07-18,1022600190,GSV,1611661322,WAS,WAS,13.0,,,,,1.0,,,,,2.0,,1.0,,2.0,,,,0.5,,,,,,,0.1,,,1.0,,2.0,,3.0,,,0.5,0.5,0.06451612903225806,,0.125,,,,,,,,,,
40:00,76,76,11.0,9,152,14.0,20.0,4.0,6.0,6.0,16,3.0,4.0,5.0,6,16,,1.0,,1.0,23,40,9,21,17,90,4.0,7.0,,2.0,3.0,11.0,5.0,5.0,,1.0,8.0,18.0,32,14,27.0,,4.0,16,6,4.0,16,9.0,25,6.0,9.0,4.0,3.0,59,6.0,7.0,14,17,1.0,32,13,45,4,4.0,,10,1.0,6.0,7.0,4.0,17,2.0,5,14,3.0,15,,21,3.0,9,,5.0,,,4.0,,5.0,5.0,79,18.0,11.0,0.6956521739130435,0.7619047619047619,1.0,0.42857142857142855,,,0.42857142857142855,0.575,0.5714285714285714,1.0,0.5983606557377049,0.4444444444444444,0.8333333333333334,0.6428571428571429,0.55,1.0,0.3442622950819672,0.1,0.0625,,0.5882352941176471,1.0,0.85,0.4117647058823529,0.7368421052631579,0.5,0.7948717948717948,0.4482758620689655,0.5,,0.5,0.875,0.8571428571428571,0.8,0.7272727272727273,0.75,91.19999999999993,1.0,14.523684210526316,17.055263157894764,14.046052631578947,16.72500000000003,0.32786885245901637,0.7,0.8235294117647058,0.6428571428571429,0.26229508196721313,0.375,0.4,0.6666666666666666,0.06557377049180328,0.75,0.75,1.0,0.08196721311475409,0.26229508196721313,0.375,0.375,1.0,0.6666666666666666,0.6666666666666666,0.1111111111111111,,0.16666666666666666,,0.6721311475409836,0.375,0.499555737704918,0.4990428571428572,0.44849999999999995,0.13432835820895522,0.1956521739130435,,0.12222222222222222,0.2,5.785,24.114285714285714,0.14473684210526316,2026-07-20,1022600195,GSV,1611661322,WAS,WAS,7.0,2.0,2.0,3.0,,,,3.0,,2.0,1.0,,,,1.0,3.0,3.0,,0.15,,0.6,0.6,1.0,0.3333333333333333,1.0,,,,1.0,,,,,,,0.3333333333333333,0.5,,0.25,0.1111111111111111,,,,,,,,1.0,,
40:00,78,79,34.0,16,157,20.0,30.0,4.0,7.0,6.0,24,2.0,4.0,3.0,5,10,,1.0,3.0,5.0,28,58,7,13,23,100,6.0,12.0,1.0,2.0,4.0,19.0,13.0,24.0,4.0,6.0,11.0,49.0,38,18,15.0,6.0,6.0,10,5,6.0,19,5.0,24,3.0,12.0,5.0,2.0,53,3.0,15.0,7,17,,24,20,44,3,3.0,,10,1.0,6.0,3.0,4.0,13,6.0,12,21,,25,2.0,31,3.0,12,,1.0,,,,,1.0,1.0,81,49.0,34.0,0.6785714285714286,0.76,0.7142857142857143,0.5384615384615384,0.5,0.6666666666666666,0.5384615384615384,0.4827586206896552,0.5,0.5416666666666666,0.5422535211267606,0.5357142857142857,0.6333333333333333,0.5882352941176471,0.59375,0.6805555555555556,0.18309859154929578,0.10344827586206896,0.20833333333333334,,0.7692307692307693,,0.8947368421052632,0.5,0.875,0.5,0.8888888888888888,0.5,0.5555555555555556,,0.6,0.8333333333333334,0.875,1.0,0.8571428571428571,1.0,94.2,1.0,15.81923076923077,14.760759493670886,14.77692307692308,14.596202531645568,0.4225352112676056,0.6666666666666666,0.6896551724137931,0.6,0.3380281690140845,0.25,0.3157894736842105,0.8333333333333334,0.056338028169014086,0.5,0.5,1.0,0.04225352112676056,0.14084507042253522,0.5,0.5,0.6,0.5,0.5714285714285714,0.07142857142857142,,0.16666666666666666,0.6,0.6056338028169014,0.5,0.4864414285714285,0.5374653846153846,0.48631896551724135,0.15,0.1791044776119403,,0.19,0.49,5.605172413793104,27.607692307692307,0.4358974358974359,2026-07-22,1022600200,LVA,1611661322,WAS,WAS,23.0,9.0,14.0,2.0,1.0,1.0,,2.0,,,2.0,,,,1.0,5.0,4.0,,0.03333333333333333,,0.6666666666666666,0.6666666666666666,1.0,0.4666666666666667,0.6428571428571429,0.03333333333333333,1.0,1.0,1.0,2.0,2.0,,4.0,,0.4,0.5,,0.06666666666666667,0.25,0.07142857142857142,1.0,1.0,,,,,,1.0,,
40:00,78,78,22.0,14,156,13.0,28.0,3.0,8.0,9.0,24,1.0,3.0,5.0,5,7,1.0,1.0,1.0,1.0,23,55,6,12,28,92,5.0,15.0,1.0,2.0,1.0,14.0,5.0,8.0,1.0,1.0,11.0,24.0,28,18,18.0,,8.0,7,5,8.0,14,6.0,20,5.0,9.0,5.0,,46,2.0,15.0,11,18,2.0,31,19,50,5,4.0,1.0,6,2.0,,8.0,6.0,14,6.0,9,17,1.0,26,2.0,33,2.0,15,,6.0,1.0,,2.0,4.0,7.0,2.0,78,24.0,22.0,0.6086956521739131,0.7368421052631579,1.0,0.5,0.5,1.0,0.5,0.41818181818181815,0.3333333333333333,0.625,0.47761194029850745,0.38235294117647056,0.7222222222222222,0.5548780487804879,0.4117647058823529,0.7058823529411765,0.1791044776119403,0.14545454545454545,0.16666666666666666,,0.42857142857142855,0.5,0.6206896551724138,0.46875,0.7857142857142857,0.3333333333333333,0.6744186046511628,0.4473684210526316,0.4666666666666667,,1.0,0.4,0.6111111111111112,0.8333333333333334,0.9,0.5,93.6,0.2857142857142857,15.923076923076923,14.846153846153847,14.825641025641026,13.828205128205127,0.417910447761194,0.4642857142857143,0.5416666666666666,0.6923076923076923,0.3582089552238806,0.375,0.45,0.5555555555555556,0.04477611940298507,0.3333333333333333,0.3333333333333333,,0.07462686567164178,0.1044776119402985,0.7142857142857143,0.7142857142857143,1.0,0.47058823529411764,0.375,0.058823529411764705,1.0,0.1111111111111111,1.0,0.5970149253731343,0.7142857142857143,0.49176343283582086,0.47408666666666666,0.5817166666666667,0.1875,0.22058823529411764,,0.15217391304347827,0.2608695652173913,5.3,23.75,0.28205128205128205,2026-07-28,1022600203,CON,1611661322,WAS,WAS,19.0,4.0,6.0,1.0,,,,1.0,,2.0,1.0,,1.0,,1.0,2.0,2.0,,0.14285714285714285,,0.2,0.2,1.0,0.6666666666666666,0.6666666666666666,,,,1.0,2.0,4.0,1.0,1.0,,0.6666666666666666,0.5333333333333333,,0.13333333333333333,0.3333333333333333,0.058823529411764705,,,1.0,,1.0,1.0,,,,
40:00,74,73,25.0,10,147,18.0,25.0,4.0,8.0,4.0,23,2.0,6.0,3.0,1,14,,2.0,1.0,4.0,24,54,2,17,27,81,6.0,14.0,,2.0,5.0,17.0,7.0,19.0,1.0,5.0,13.0,30.0,30,18,6.0,,4.0,14,1,7.0,15,2.0,17,1.0,12.0,2.0,1.0,36,5.0,14.0,19,13,,32,19,51,1,1.0,,3,3.0,2.0,5.0,1.0,8,4.0,5,15,1.0,23,1.0,31,3.0,15,,4.0,,,,2.0,4.0,3.0,64,30.0,25.0,0.625,0.6818181818181818,1.0,0.11764705882352941,,0.2,0.11764705882352941,0.4444444444444444,0.42857142857142855,0.3684210526315789,0.38028169014084506,0.375,0.3541666666666667,0.4764705882352941,0.4473684210526316,0.4838709677419355,0.23943661971830985,0.12962962962962962,0.30434782608695654,,0.375,,0.7647058823529411,0.4827586206896552,0.8260869565217391,0.35714285714285715,0.8,0.4418604651162791,0.42105263157894735,0.6666666666666666,0.3333333333333333,1.0,0.7142857142857143,0.7777777777777778,0.8666666666666667,0.75,88.2,0.75,17.17297297297297,15.468493150684932,15.48918918918919,14.836986301369866,0.352112676056338,0.72,0.72,0.6666666666666666,0.323943661971831,0.17391304347826086,0.25,0.5,0.08450704225352113,0.3333333333333333,0.3333333333333333,0.5,0.04225352112676056,0.19718309859154928,0.07142857142857142,0.07142857142857142,1.0,0.5,0.5,0.125,,0.16666666666666666,0.25,0.5915492957746479,0.07142857142857142,0.4928809859154929,0.5048846153846154,0.46904999999999997,0.18072289156626506,0.22727272727272727,,0.20987654320987653,0.37037037037037035,6.20925925925926,25.15294117647059,0.33783783783783783,2026-07-31,1022600214,DAL,1611661322,WAS,WAS,14.0,5.0,7.0,1.0,,1.0,,1.0,,,,,2.0,,2.0,2.0,2.0,,,,0.3333333333333333,0.3333333333333333,1.0,0.2916666666666667,0.7142857142857143,0.041666666666666664,,,,,1.0,,,,,0.5714285714285714,0.5,0.027777777777777776,0.25,,,,,,,,,2.0,,
40:00,79,79,26.0,9,158,17.0,25.0,3.0,4.0,7.0,16,1.0,3.0,8.0,5,14,,1.0,1.0,2.0,25,44,8,22,22,96,4.0,7.0,,1.0,1.0,9.0,13.0,17.0,1.0,3.0,12.0,41.0,24,26,21.0,3.0,2.0,14,5,5.0,12,7.0,19,4.0,7.0,4.0,1.0,45,4.0,4.0,11,14,3.0,28,9,37,6,2.0,4.0,6,2.0,5.0,6.0,1.0,12,2.0,7,21,1.0,26,1.0,26,6.0,13,,3.0,,,1.0,2.0,3.0,2.0,87,41.0,26.0,0.48,0.5,0.875,0.36363636363636365,,0.3333333333333333,0.36363636363636365,0.5681818181818182,0.5714285714285714,0.7647058823529411,0.5606060606060606,0.5,0.725,0.631578947368421,0.5625,0.82,0.3333333333333333,0.11363636363636363,0.0625,,0.5,1.0,0.7368421052631579,0.21052631578947367,0.7857142857142857,0.2857142857142857,0.7575757575757576,0.24242424242424243,,,0.1111111111111111,0.5,0.8333333333333334,0.8571428571428571,0.8181818181818182,0.6666666666666666,94.8,0.6666666666666666,16.69873417721519,13.681012658227848,15.901265822784811,13.060759493670885,0.3787878787878788,0.68,0.8095238095238095,0.4117647058823529,0.24242424242424243,0.4375,0.4666666666666667,0.5714285714285714,0.045454545454545456,0.3333333333333333,0.3333333333333333,1.0,0.12121212121212122,0.21212121212121213,0.35714285714285715,0.38461538461538464,0.8,0.5,0.75,0.125,,0.1,0.5,0.7121212121212122,0.35714285714285715,0.5074628787878788,0.47800000000000004,0.4902475,0.1780821917808219,0.2549019607843137,,0.09375,0.4270833333333333,5.172727272727273,25.172727272727272,0.3291139240506329,2026-08-05,1022600228,DAL,1611661322,WAS,WAS,24.0,8.0,10.0,3.0,,1.0,1.0,3.0,,,1.0,,3.0,,,3.0,3.0,0.045454545454545456,0.16,0.07142857142857142,0.375,0.375,1.0,0.5,0.8,0.05,,,,1.0,1.0,,4.0,,0.3333333333333333,0.5,0.6,0.037037037037037035,0.3333333333333333,,,,,,,,,,,
40:00,84,85,28.0,12,169,18.0,31.0,6.0,8.0,4.0,15,1.0,2.0,3.0,5,11,,,1.0,2.0,23,48,6,14,15,79,7.0,10.0,1.0,1.0,,17.0,8.0,16.0,2.0,3.0,5.0,27.0,16,30,18.0,,12.0,11,5,7.0,8,6.0,14,5.0,6.0,2.0,,34,1.0,12.0,10,22,6.0,38,14,52,6,4.0,2.0,5,1.0,2.0,13.0,3.0,18,5.0,10,27,3.0,29,3.0,34,,9,,12.0,,,3.0,9.0,12.0,4.0,62,27.0,28.0,0.34782608695652173,0.47058823529411764,1.0,0.42857142857142855,1.0,0.6666666666666666,0.42857142857142855,0.4791666666666667,0.7,0.5,0.5161290322580645,0.7727272727272727,0.5789473684210527,0.5,0.7083333333333334,0.48214285714285715,0.22580645161290322,0.14583333333333334,0.2,0.5,0.2777777777777778,0.75,0.5945945945945946,0.48,0.6666666666666666,0.125,0.6153846153846154,0.3939393939393939,0.5454545454545454,1.0,0.16666666666666666,0.6666666666666666,0.55,0.6,0.6666666666666666,0.6666666666666666,101.4,0.3333333333333333,13.859523809523811,14.538823529411765,13.280952380952382,13.331764705882353,0.5,0.5806451612903226,0.6428571428571429,0.3333333333333333,0.24193548387096775,0.26666666666666666,0.3333333333333333,0.5,0.03225806451612903,0.5,1.0,,0.04838709677419355,0.1774193548387097,0.45454545454545453,0.45454545454545453,1.0,0.7272727272727273,0.75,,,0.10526315789473684,0.5,0.7258064516129032,0.45454545454545453,0.5147104838709677,0.526595,0.5311026315789473,0.1267605633802817,0.15789473684210525,,0.21518987341772153,0.34177215189873417,4.702083333333333,25.164285714285715,0.3333333333333333,2026-08-07,1022600234,ATL,1611661322,WAS,WAS,24.0,6.0,12.0,1.0,1.0,1.0,,1.0,,5.0,2.0,1.0,3.0,1.0,2.0,8.0,8.0,,0.0967741935483871,,0.3333333333333333,0.3333333333333333,1.0,0.631578947368421,0.5,0.05263157894736842,1.0,1.0,1.0,1.0,2.0,1.0,6.0,,0.1,0.38461538461538464,,0.07692307692307693,,0.09090909090909091,1.0,1.0,,,,,,,,
40:00,79,80,11.0,10,159,19.0,26.0,2.0,3.0,3.0,12,3.0,5.0,12.0,5,17,1.0,2.0,1.0,3.0,25,43,11,29,12,95,3.0,7.0,1.0,2.0,2.0,11.0,1.0,4.0,1.0,3.0,,5.0,30,20,27.0,6.0,,17,5,3.0,15,9.0,24,3.0,11.0,1.0,3.0,57,6.0,4.0,14,16,1.0,31,10,41,11,7.0,4.0,5,1.0,3.0,3.0,2.0,8,4.0,3,17,1.0,15,2.0,19,1.0,9,,3.0,1.0,1.0,2.0,,4.0,3.0,84,5.0,11.0,0.6,0.6,0.8181818181818182,0.3793103448275862,0.5,0.3333333333333333,0.3793103448275862,0.5813953488372093,0.42857142857142855,0.25,0.5763888888888888,0.5,0.35714285714285715,0.5864197530864198,0.55,0.3125,0.4027777777777778,0.06976744186046512,0.16666666666666666,,0.625,1.0,0.7619047619047619,0.2222222222222222,0.8235294117647058,0.3333333333333333,0.7894736842105263,0.2777777777777778,0.1111111111111111,,0.16666666666666666,0.6666666666666666,0.6666666666666666,0.8888888888888888,0.75,1.0,95.4,0.75,15.11012658227848,15.07875,14.311392405063293,14.6,0.3611111111111111,0.7307692307692307,0.76,0.5789473684210527,0.16666666666666666,0.25,0.3,0.3333333333333333,0.06944444444444445,0.6,0.6,1.0,0.16666666666666666,0.2361111111111111,0.29411764705882354,0.29411764705882354,0.6,0.3333333333333333,0.6666666666666666,0.2222222222222222,0.5,0.42857142857142855,0.3333333333333333,0.7638888888888888,0.29411764705882354,0.5402965277777778,0.615375,0.5049571428571429,0.1125,0.17647058823529413,,0.11578947368421053,0.05263157894736842,5.716279069767442,24.5,0.13924050632911392,2026-08-09,1022600240,PHX,1611661322,WAS,WAS,21.0,1.0,3.0,6.0,,,,6.0,,,,,1.0,,,1.0,1.0,,0.038461538461538464,,0.5,0.5,1.0,0.42857142857142855,0.3333333333333333,,,,,,2.0,1.0,1.0,,,0.42857142857142855,0.6666666666666666,0.06060606060606061,,,,,,,,,,1.0,,
40:00,75,75,11.0,15,150,13.0,22.0,1.0,1.0,9.0,24,2.0,4.0,5.0,2,13,,2.0,1.0,4.0,24,50,5,18,13,76,5.0,7.0,,2.0,4.0,14.0,3.0,5.0,2.0,5.0,2.0,14.0,30,18,15.0,,6.0,13,2,4.0,15,5.0,20,2.0,9.0,4.0,2.0,45,8.0,10.0,10,18,1.0,29,19,48,5,4.0,1.0,9,3.0,7.0,7.0,2.0,16,2.0,8,17,3.0,15,1.0,18,,8,,2.0,,,1.0,1.0,2.0,2.0,62,14.0,11.0,0.625,0.7142857142857143,1.0,0.2777777777777778,,0.4,0.2777777777777778,0.48,0.7142857142857143,0.6,0.4632352941176471,0.5555555555555556,0.6,0.4935064935064935,0.5384615384615384,0.5833333333333334,0.2647058823529412,0.08,0.041666666666666664,,0.5625,1.0,0.75,0.38461538461538464,0.7142857142857143,0.6153846153846154,0.7368421052631579,0.46153846153846156,0.4,0.5,0.5454545454545454,0.5,0.7857142857142857,1.0,0.7272727272727273,0.6666666666666666,90.0,1.0,16.06,15.94,15.078666666666669,15.336,0.3235294117647059,0.5909090909090909,0.6842105263157895,0.6923076923076923,0.35294117647058826,0.375,0.391304347826087,0.4444444444444444,0.058823529411764705,0.5,0.5,1.0,0.07352941176470588,0.19117647058823528,0.15384615384615385,0.15384615384615385,1.0,0.1111111111111111,1.0,0.2222222222222222,,0.4,0.25,0.5882352941176471,0.15384615384615385,0.47555298507462684,0.4487571428571429,0.4353611111111111,0.10526315789473684,0.13793103448275862,,0.18421052631578946,0.18421052631578946,5.604,25.73888888888889,0.14666666666666667,2026-08-11,1022600246,LVA,1611661322,WAS,WAS,7.0,2.0,3.0,3.0,1.0,1.0,1.0,3.0,1.0,,4.0,,,,,1.0,,0.05555555555555555,0.13636363636363635,,0.6,0.75,1.0,0.3,0.6666666666666666,0.1,1.0,,,1.0,3.0,,,0.2,0.3333333333333333,0.3333333333333333,1.0,0.08823529411764706,,,,,,,,,,,,
40:00,79,79,20.0,7,158,16.0,22.0,,,9.0,23,,1.0,5.0,3,10,,1.0,,3.0,25,46,6,15,8,76,3.0,4.0,1.0,2.0,2.0,11.0,7.0,11.0,,3.0,3.0,17.0,20,30,18.0,,4.0,10,3,3.0,10,6.0,16,3.0,8.0,2.0,,38,2.0,4.0,14,16,1.0,31,7,38,5,5.0,,3,4.0,3.0,14.0,,17,3.0,9,20,3.0,21,6.0,16,2.0,6,,1.0,,,,1.0,1.0,1.0,65,17.0,20.0,0.4,0.43478260869565216,1.0,0.4,0.5,,0.4,0.5434782608695652,0.75,0.6363636363636364,0.5573770491803278,0.75,0.5,0.5588235294117647,0.7857142857142857,0.5,0.2459016393442623,0.06521739130434782,0.13043478260869565,,0.17647058823529413,1.0,0.8,0.2,0.9333333333333333,0.2222222222222222,0.8571428571428571,0.20689655172413793,0.07692307692307693,1.0,0.2857142857142857,1.0,0.7333333333333333,1.0,0.9090909090909091,1.0,94.8,1.0,14.832911392405062,15.546835443037976,14.426582278481014,15.205063291139242,0.36065573770491804,0.7272727272727273,0.7272727272727273,0.5,0.3770491803278688,0.391304347826087,0.45,0.2222222222222222,0.01639344262295082,,,,0.08196721311475409,0.16393442622950818,0.3,0.3333333333333333,1.0,,,0.16666666666666666,,0.21428571428571427,,0.6065573770491803,0.3,0.4842655737704918,0.49291999999999997,0.47850714285714285,0.09230769230769231,0.12,,0.14473684210526316,0.2236842105263158,5.623913043478261,24.653333333333332,0.25316455696202533,2026-08-13,1022600253,LVA,1611661322,WAS,WAS,13.0,5.0,5.0,3.0,,,1.0,3.0,,2.0,,,,,1.0,3.0,3.0,0.06666666666666667,,0.1,0.6,0.6,1.0,0.35714285714285715,1.0,,,1.0,1.0,1.0,,,3.0,,0.25,0.3333333333333333,,,,0.16666666666666666,1.0,1.0,,,,,,,,
40:00,78,78,11.0,10,156,28.0,41.0,5.0,8.0,1.0,9,1.0,1.0,7.0,3,14,,,,2.0,30,51,4,21,8,80,5.0,10.0,,1.0,,10.0,3.0,4.0,,3.0,3.0,9.0,40,20,9.0,3.0,8.0,14,3,2.0,20,3.0,23,2.0,19.0,1.0,,49,5.0,8.0,16,16,1.0,33,13,46,10,8.0,2.0,11,,8.0,1.0,3.0,12,1.0,8,17,,18,2.0,12,1.0,4,,4.0,,,3.0,1.0,4.0,2.0,70,9.0,11.0,0.6666666666666666,0.7692307692307693,0.75,0.19047619047619047,,,0.19047619047619047,0.5882352941176471,0.5,0.75,0.5,0.45454545454545453,0.42857142857142855,0.512987012987013,0.45454545454545453,0.5,0.2916666666666667,0.0392156862745098,0.1111111111111111,,0.9166666666666666,1.0,0.8,0.38095238095238093,0.9411764705882353,0.29411764705882354,0.8648648648648649,0.34210526315789475,0.25,,0.2727272727272727,0.7142857142857143,0.8181818181818182,1.0,1.0,0.75,93.6,0.5,15.864102564102565,14.905128205128204,14.953846153846156,14.598717948717946,0.5694444444444444,0.6829268292682927,0.7,0.6785714285714286,0.125,0.1111111111111111,0.125,1.0,0.013888888888888888,1.0,1.0,,0.09722222222222222,0.19444444444444445,0.21428571428571427,0.21428571428571427,0.6666666666666666,0.7272727272727273,0.625,,,0.2857142857142857,,0.8611111111111112,0.21428571428571427,0.5653513888888889,0.5193,0.5305571428571428,0.05333333333333334,0.07407407407407407,,0.125,0.1125,3.631372549019608,24.566666666666666,0.14102564102564102,2026-08-15,1022600257,LAS,1611661322,WAS,WAS,21.0,3.0,3.0,1.0,,1.0,,1.0,,1.0,2.0,,,,,2.0,2.0,,0.024390243902439025,,0.14285714285714285,0.14285714285714285,1.0,0.42857142857142855,1.0,0.14285714285714285,,,1.0,,4.0,,1.0,,,0.46153846153846156,0.3333333333333333,0.1111111111111111,0.2,0.09090909090909091,,,1.0,,,,,,,
40:00,77,78,23.0,16,155,16.0,26.0,2.0,3.0,5.0,10,,3.0,11.0,4,16,,1.0,,1.0,21,39,9,27,24,93,6.0,8.0,,3.0,11.0,23.0,6.0,9.0,,4.0,11.0,23.0,28,14,27.0,,8.0,16,4,3.0,14,9.0,23,4.0,11.0,3.0,,55,8.0,7.0,12,17,2.0,31,17,48,5,1.0,4.0,5,5.0,3.0,11.0,2.0,16,7.0,8,16,,25,3.0,28,5.0,10,,3.0,1.0,1.0,,3.0,4.0,4.0,70,23.0,23.0,0.6666666666666666,0.8235294117647058,1.0,0.3333333333333333,,,0.3333333333333333,0.5384615384615384,0.75,0.6666666666666666,0.5227272727272727,0.5454545454545454,0.46153846153846156,0.6038961038961039,0.71875,0.6052631578947368,0.4090909090909091,0.07692307692307693,,,0.3125,0.6666666666666666,0.8095238095238095,0.3888888888888889,0.75,0.4444444444444444,0.7837837837837838,0.4166666666666667,,0.6666666666666666,0.4166666666666667,0.8333333333333334,0.9090909090909091,0.5,0.7857142857142857,0.5,93.0,1.0,16.136363636363637,14.83974358974359,15.084415584415584,14.403846153846153,0.3939393939393939,0.6153846153846154,0.6956521739130435,0.6875,0.15151515151515152,0.5,0.5,0.6,0.045454545454545456,,,,0.16666666666666666,0.24242424242424243,0.25,0.25,1.0,0.2727272727272727,0.6666666666666666,0.09090909090909091,,0.07692307692307693,,0.803030303030303,0.25,0.5390090909090909,0.47092,0.5391038461538462,0.14084507042253522,0.22727272727272727,,0.24731182795698925,0.24731182795698925,5.028205128205128,24.585185185185182,0.2987012987012987,2026-08-19,1022600267,TOR,1611661322,WAS,WAS,14.0,5.0,6.0,5.0,,3.0,,5.0,,3.0,1.0,1.0,2.0,,1.0,6.0,6.0,,0.11538461538461539,,0.45454545454545453,0.45454545454545453,1.0,0.46153846153846156,0.8333333333333334,0.23076923076923078,,,2.0,2.0,,,4.0,,0.6666666666666666,0.5,0.5,,,0.18181818181818182,,,,,,,,,,
40:00,84,87,12.0,6,171,18.0,25.0,2.0,5.0,6.0,12,6.0,15.0,4.0,5,14,1.0,1.0,2.0,3.0,30,52,5,18,15,90,3.0,7.0,1.0,1.0,1.0,10.0,4.0,10.0,2.0,4.0,3.0,17.0,34,26,9.0,6.0,4.0,14,5,5.0,17,3.0,20,3.0,10.0,4.0,3.0,43,3.0,7.0,13,7,2.0,22,10,32,10,5.0,5.0,9,2.0,6.0,6.0,3.0,15,3.0,14,24,2.0,18,2.0,22,1.0,11,,6.0,1.0,,3.0,3.0,7.0,1.0,80,17.0,12.0,0.5666666666666667,0.6071428571428571,0.6,0.2777777777777778,1.0,0.5,0.2777777777777778,0.5769230769230769,0.42857142857142855,0.4,0.5357142857142857,0.5625,0.5,0.55625,0.5,0.53125,0.2571428571428571,0.09615384615384616,0.16666666666666666,,0.6,0.6666666666666666,0.35,0.3333333333333333,0.5909090909090909,0.23076923076923078,0.47619047619047616,0.29411764705882354,0.4,,0.3333333333333333,0.4,0.25,0.5,0.5294117647058824,0.8,102.6,0.14285714285714285,13.585714285714285,14.46896551724138,13.29404761904762,13.359770114942528,0.35714285714285715,0.72,0.8181818181818182,0.5555555555555556,0.17142857142857143,0.5,0.6,0.6666666666666666,0.21428571428571427,0.4,0.4,0.5,0.05714285714285714,0.2,0.35714285714285715,0.38461538461538464,0.6,0.625,0.4,0.125,1.0,0.21428571428571427,0.6666666666666666,0.6142857142857143,0.35714285714285715,0.5133685714285714,0.4842,0.5455357142857143,0.1375,0.1774193548387097,,0.1111111111111111,0.18888888888888888,8.069230769230769,23.644444444444446,0.14285714285714285,2026-05-09,1022600010,ATL,1611661324,MIN,MIN,28.0,4.0,8.0,,,1.0,1.0,,1.0,1.0,,,,,,,,0.05555555555555555,0.12,0.07142857142857142,,,,0.5714285714285714,0.5,0.07142857142857142,,,,,1.0,,1.0,,,0.7142857142857143,,0.034482758620689655,0.5,,,,1.0,,1.0,,,,,
40:00,79,82,22.0,11,161,19.0,29.0,5.0,5.0,2.0,6,4.0,10.0,2.0,6,17,,1.0,4.0,5.0,25,45,7,19,17,88,5.0,8.0,,1.0,4.0,14.0,5.0,8.0,4.0,5.0,6.0,28.0,26,24,21.0,,8.0,17,6,3.0,13,7.0,20,6.0,10.0,2.0,1.0,47,5.0,6.0,12,17,5.0,34,11,45,5,3.0,2.0,11,,6.0,4.0,5.0,15,5.0,13,28,4.0,22,3.0,24,1.0,10,,3.0,1.0,,2.0,,4.0,3.0,74,27.0,21.0,0.52,0.6190476190476191,1.0,0.3684210526315789,,0.8,0.3684210526315789,0.5555555555555556,0.625,0.625,0.5546875,0.5555555555555556,0.8461538461538461,0.58,0.5909090909090909,0.7941176470588235,0.296875,0.06666666666666667,,,0.7333333333333333,0.8333333333333334,0.7083333333333334,0.3,0.631578947368421,0.4166666666666667,0.6744186046511628,0.34375,0.25,0.16666666666666666,0.45454545454545453,0.5833333333333334,0.7142857142857143,1.0,0.7142857142857143,0.4,96.59999999999994,0.75,14.518987341772178,15.28048780487805,13.987341772151925,14.426829268292684,0.453125,0.6551724137931034,0.7307692307692307,0.5263157894736842,0.09375,0.3333333333333333,0.3333333333333333,1.0,0.15625,0.4,0.4,0.25,0.03125,0.265625,0.35294117647058826,0.375,1.0,0.5555555555555556,1.0,0.1111111111111111,,0.38461538461538464,0.8,0.75,0.35294117647058826,0.552340625,0.5296833333333334,0.5160038461538462,0.136986301369863,0.18518518518518517,,0.1590909090909091,0.3181818181818182,6.466666666666667,25.394736842105264,0.27848101265822783,2026-05-12,1022600013,PHX,1611661324,MIN,MIN,26.0,3.0,5.0,1.0,,,1.0,1.0,,,,,4.0,,1.0,2.0,1.0,0.05263157894736842,0.10344827586206896,0.058823529411764705,0.5,0.5,1.0,0.38461538461538464,0.6,,,,,,,,5.0,,,0.4,,,,,,,1.0,,1.0,,,1.0,,
40:00,76,77,15.0,7,153,22.0,28.0,4.0,4.0,1.0,7,6.0,10.0,,6,13,3.0,3.0,2.0,3.0,29,45,6,13,14,90,4.0,4.0,3.0,3.0,1.0,18.0,5.0,8.0,2.0,3.0,6.0,22.0,28,30,18.0,,8.0,13,6,3.0,14,6.0,20,6.0,13.0,,1.0,46,,7.0,7,17,2.0,26,7,33,6,4.0,2.0,9,1.0,5.0,8.0,4.0,17,2.0,8,19,1.0,18,,18,3.0,7,1.0,5.0,2.0,,4.0,1.0,7.0,2.0,72,20.0,14.0,0.4827586206896552,0.56,1.0,0.46153846153846156,1.0,0.6666666666666666,0.46153846153846156,0.6444444444444445,1.0,0.625,0.6551724137931034,1.2142857142857142,0.7272727272727273,0.6923076923076923,1.2857142857142858,0.7857142857142857,0.22413793103448276,0.06666666666666667,0.14285714285714285,,0.5294117647058824,1.0,0.7391304347826086,0.4375,0.5833333333333334,,0.6857142857142857,0.30434782608695654,0.6666666666666666,0.5,,0.6,0.7777777777777778,1.0,0.6666666666666666,0.3333333333333333,91.8,0.2857142857142857,14.338157894736844,17.016883116883115,14.206578947368422,16.166233766233766,0.4827586206896552,0.7857142857142857,0.8461538461538461,0.5909090909090909,0.1206896551724138,0.14285714285714285,0.16666666666666666,,0.1724137931034483,0.6,0.6,0.16666666666666666,,0.22413793103448276,0.46153846153846156,0.46153846153846156,1.0,0.5714285714285714,1.0,0.42857142857142855,1.0,0.2727272727272727,0.6666666666666666,0.7068965517241379,0.46153846153846156,0.5052887931034483,0.5924357142857143,0.5145681818181818,0.12698412698412698,0.14285714285714285,0.07142857142857142,0.2,0.24444444444444444,6.891111111111112,25.707692307692305,0.19736842105263158,2026-05-14,1022600019,DAL,1611661324,MIN,MIN,14.0,5.0,5.0,,,,,,,2.0,,2.0,1.0,,,2.0,1.0,,0.07142857142857142,,,,,0.45454545454545453,1.0,,,,,,4.0,,4.0,,,0.16666666666666666,,0.2,,,,,,1.0,2.0,1.0,,,,
40:00,82,84,10.0,10,166,17.0,28.0,6.0,7.0,3.0,10,5.0,13.0,7.0,5,15,,1.0,,3.0,25,51,7,22,8,79,7.0,8.0,,1.0,,14.0,3.0,6.0,,3.0,2.0,8.0,30,20,15.0,6.0,8.0,15,5,4.0,15,5.0,20,3.0,9.0,2.0,4.0,45,4.0,7.0,12,16,2.0,30,11,41,10,5.0,5.0,7,3.0,5.0,8.0,2.0,15,4.0,8,21,2.0,16,1.0,12,,4,,3.0,,,3.0,,3.0,2.0,65,8.0,10.0,0.6,0.7142857142857143,0.7142857142857143,0.3181818181818182,,,0.3181818181818182,0.49019607843137253,0.875,0.5,0.4863013698630137,0.7777777777777778,0.3333333333333333,0.5,0.7777777777777778,0.4,0.3013698630136986,0.0784313725490196,0.1,,0.4666666666666667,0.6666666666666666,0.7272727272727273,0.2692307692307692,0.8571428571428571,0.26666666666666666,0.7777777777777778,0.2682926829268293,0.42857142857142855,0.25,0.2,0.6666666666666666,0.875,0.5,0.8181818181818182,1.0,99.6,0.6666666666666666,14.146341463414634,14.761904761904763,13.774390243902438,14.314285714285715,0.3835616438356164,0.6071428571428571,0.68,0.5294117647058824,0.136986301369863,0.3,0.3333333333333333,0.6666666666666666,0.1780821917808219,0.38461538461538464,0.38461538461538464,0.8,0.0958904109589041,0.2054794520547945,0.3333333333333333,0.3333333333333333,0.6,0.7777777777777778,0.8571428571428571,0.1111111111111111,,0.3333333333333333,,0.684931506849315,0.3333333333333333,0.5334589041095891,0.59833125,0.4844722222222222,0.05194805194805195,0.07272727272727272,,0.17721518987341772,0.10126582278481013,7.594117647058824,23.85,0.12195121951219512,2026-05-17,1022600025,CHI,1611661324,MIN,MIN,23.0,3.0,4.0,2.0,,,,2.0,,2.0,1.0,,1.0,,1.0,1.0,1.0,,0.10714285714285714,,0.2857142857142857,0.2857142857142857,1.0,0.4444444444444444,0.75,,,,,,1.0,,4.0,,,0.18181818181818182,0.4,0.02702702702702703,0.16666666666666666,,,,1.0,,,,,,,
40:00,77,78,19.0,13,155,20.0,29.0,4.0,5.0,1.0,2,7.0,14.0,10.0,6,14,2.0,3.0,1.0,4.0,28,45,10,24,14,100,4.0,5.0,2.0,3.0,4.0,18.0,3.0,7.0,3.0,7.0,7.0,22.0,30,26,27.0,3.0,4.0,14,6,3.0,15,9.0,24,5.0,13.0,,2.0,57,7.0,8.0,23,13,,36,17,53,7,2.0,5.0,5,3.0,4.0,9.0,1.0,14,5.0,5,14,2.0,22,3.0,21,2.0,10,,3.0,,,1.0,2.0,3.0,3.0,82,22.0,19.0,0.5357142857142857,0.5769230769230769,0.9,0.4166666666666667,0.6666666666666666,0.42857142857142855,0.4166666666666667,0.6222222222222222,0.8,0.42857142857142855,0.6231884057971014,0.875,0.5357142857142857,0.6410256410256411,0.75,0.5789473684210527,0.34782608695652173,0.06666666666666667,0.5,,0.35714285714285715,,0.7222222222222222,0.47058823529411764,0.7931034482758621,0.5,0.7659574468085106,0.4838709677419355,1.0,0.5714285714285714,0.5,0.7777777777777778,0.6,0.75,0.7916666666666666,0.8,93.0,1.0,13.949350649350649,16.99871794871795,13.04155844155844,16.31923076923077,0.42028985507246375,0.6896551724137931,0.7407407407407407,0.65,0.028985507246376812,0.5,1.0,,0.2028985507246377,0.5,0.5,0.2857142857142857,0.14492753623188406,0.2028985507246377,0.42857142857142855,0.42857142857142855,0.8333333333333334,0.625,0.8,0.375,0.6666666666666666,0.2857142857142857,0.25,0.7681159420289855,0.42857142857142855,0.5394463768115942,0.631175,0.5108678571428571,0.12987012987012986,0.18867924528301888,,0.18,0.22,7.211111111111111,23.504166666666666,0.24675324675324675,2026-05-21,1022600036,TOR,1611661324,MIN,MIN,20.0,2.0,4.0,4.0,2.0,3.0,,4.0,,1.0,4.0,,,,3.0,1.0,1.0,,0.06896551724137931,,0.4,0.4,1.0,0.2857142857142857,0.5,0.21428571428571427,0.6666666666666666,,,2.0,,2.0,,,0.5,0.3333333333333333,0.5,,0.25,,,,,2.0,,1.0,,,,
40:00,86,87,33.0,17,173,18.0,29.0,4.0,7.0,4.0,9,6.0,20.0,6.0,2,10,,2.0,1.0,2.0,28,58,4,16,17,85,6.0,10.0,,2.0,6.0,18.0,11.0,21.0,1.0,3.0,7.0,32.0,30,26,12.0,,6.0,10,2,1.0,15,4.0,19,2.0,8.0,4.0,3.0,42,5.0,13.0,22,17,3.0,42,18,60,7,6.0,1.0,11,2.0,10.0,13.0,1.0,24,10.0,13,24,2.0,22,1.0,21,6.0,10,,6.0,1.0,,5.0,1.0,7.0,5.0,67,32.0,33.0,0.5357142857142857,0.6,1.0,0.25,,0.3333333333333333,0.25,0.4827586206896552,0.6,0.5238095238095238,0.4594594594594595,0.5,0.5208333333333334,0.5185185185185185,0.6,0.5714285714285714,0.21621621621621623,0.017241379310344827,,,0.4583333333333333,1.0,0.6296296296296297,0.43333333333333335,0.9565217391304348,0.5555555555555556,0.78,0.46153846153846156,0.4,0.5,0.2,0.8125,0.25,0.6666666666666666,0.95,1.0,103.8,0.7142857142857143,14.356976744186047,13.394252873563218,13.345348837209302,12.864367816091955,0.3918918918918919,0.6206896551724138,0.6428571428571429,0.4444444444444444,0.12162162162162163,0.4444444444444444,0.4444444444444444,1.0,0.2702702702702703,0.3,0.3,0.5,0.08108108108108109,0.13513513513513514,0.2,0.2222222222222222,1.0,0.5833333333333334,0.5714285714285714,0.16666666666666666,,0.08333333333333333,0.5,0.6081081081081081,0.2,0.5204398648648648,0.5465333333333333,0.5151791666666666,0.1282051282051282,0.16129032258064516,,0.21176470588235294,0.3764705882352941,8.348275862068965,23.9,0.38372093023255816,2026-05-23,1022600041,CHI,1611661324,MIN,MIN,31.0,6.0,10.0,2.0,,1.0,1.0,2.0,,1.0,4.0,2.0,1.0,,3.0,3.0,3.0,0.0625,0.034482758620689655,0.1,0.3333333333333333,0.3333333333333333,1.0,0.4166666666666667,0.6,0.041666666666666664,,,,,6.0,,1.0,,,0.36363636363636365,1.0,0.15789473684210525,0.25,,,,1.0,,1.0,,,,,
40:00,77,77,,9,154,21.0,30.0,3.0,4.0,3.0,6,9.0,12.0,7.0,5,12,1.0,1.0,,,33,48,7,19,9,96,5.0,6.0,1.0,1.0,2.0,15.0,,,,,,,38,28,21.0,,4.0,12,5,2.0,19,7.0,26,5.0,13.0,1.0,5.0,59,4.0,5.0,13,10,,23,9,32,10,7.0,3.0,5,6.0,5.0,9.0,,14,,7,16,2.0,10,1.0,10,1.0,5,,2.0,,,2.0,,2.0,1.0,81,,,0.5757575757575758,0.6129032258064516,1.0,0.3684210526315789,1.0,,0.3684210526315789,0.6875,0.8333333333333334,,0.6492537313432836,0.9285714285714286,,0.676056338028169,0.9375,,0.2835820895522388,0.041666666666666664,,,0.35714285714285715,,0.6666666666666666,0.3333333333333333,0.65,0.36363636363636365,0.6571428571428571,0.34615384615384615,,,0.3333333333333333,0.6,0.8,,0.5625,1.0,92.4,0.5,14.335064935064961,16.83376623376621,14.077922077922105,15.86753246753244,0.44776119402985076,0.7,0.75,0.6190476190476191,0.08955223880597014,0.5,0.5,0.3333333333333333,0.1791044776119403,0.75,0.75,0.5555555555555556,0.1044776119402985,0.1791044776119403,0.4166666666666667,0.4166666666666667,1.0,0.5714285714285714,0.75,0.14285714285714285,1.0,,,0.7313432835820896,0.4166666666666667,0.5446409090909091,0.5879,,0.07042253521126761,0.09615384615384616,,0.15625,,6.608333333333333,24.957894736842103,,2026-05-27,1022600051,ATL,1611661324,MIN,MIN,10.0,,,2.0,,,,2.0,,,,,,,1.0,,,,0.06666666666666667,,0.2857142857142857,0.2857142857142857,1.0,,,,,,,,1.0,1.0,1.0,,,0.5555555555555556,0.4,0.041666666666666664,0.3333333333333333,,,,,,,1.0,,,,
40:00,85,87,16.0,7,172,14.0,22.0,1.0,2.0,,7,6.0,14.0,5.0,6,23,,2.0,2.0,5.0,20,43,8,28,15,79,1.0,3.0,,3.0,2.0,4.0,3.0,5.0,2.0,6.0,6.0,18.0,24,16,24.0,,,23,6,6.0,12,8.0,20,6.0,9.0,,3.0,48,1.0,7.0,22,15,2.0,39,8,47,13,8.0,5.0,6,2.0,5.0,8.0,1.0,14,3.0,8,17,3.0,18,,18,,7,,6.0,1.0,,4.0,1.0,7.0,5.0,75,18.0,16.0,0.6,0.6,1.0,0.2857142857142857,,0.3333333333333333,0.2857142857142857,0.46511627906976744,0.3333333333333333,0.6,0.4507042253521127,0.16666666666666666,0.5454545454545454,0.5,0.2857142857142857,0.6428571428571429,0.39436619718309857,0.13953488372093023,0.2857142857142857,0.07142857142857142,0.42857142857142855,1.0,0.6,0.30434782608695654,0.88,0.05263157894736842,0.74,0.19047619047619047,0.2857142857142857,0.375,0.0625,0.6666666666666666,0.4444444444444444,1.0,0.875,0.8888888888888888,103.2,0.7142857142857143,13.563529411764707,14.33448275862069,13.034117647058824,13.873563218390805,0.30985915492957744,0.6363636363636364,0.7368421052631579,0.6428571428571429,0.09859154929577464,,,,0.19718309859154928,0.42857142857142855,0.46153846153846156,0.5,0.07042253521126761,0.323943661971831,0.2608695652173913,0.2608695652173913,1.0,0.3333333333333333,0.5,0.3333333333333333,,0.45454545454545453,0.4,0.704225352112676,0.2608695652173913,0.5343169014084508,0.52931,0.6157136363636364,0.08974358974358974,0.14,,0.05063291139240506,0.22784810126582278,8.232558139534884,24.025000000000002,0.18823529411764706,2026-05-29,1022600058,CHI,1611661324,MIN,MIN,14.0,3.0,5.0,2.0,,1.0,,2.0,,1.0,1.0,,1.0,1.0,1.0,1.0,1.0,,0.13636363636363635,,0.4,0.4,1.0,0.45454545454545453,0.6,0.09090909090909091,,,1.0,,2.0,1.0,1.0,,,0.25,,0.05555555555555555,1.0,0.16666666666666666,,,,,1.0,,,1.0,,
40:00,78,79,8.0,9,157,11.0,14.0,3.0,3.0,15.0,22,8.0,16.0,2.0,8,15,1.0,1.0,1.0,1.0,34,52,10,17,13,111,7.0,8.0,1.0,1.0,2.0,19.0,2.0,2.0,1.0,1.0,4.0,11.0,38,30,24.0,6.0,4.0,15,8,,19,8.0,27,6.0,8.0,8.0,3.0,62,2.0,8.0,13,15,2.0,30,10,40,10,10.0,,6,3.0,5.0,7.0,1.0,13,2.0,10,22,2.0,12,,13,3.0,7,,5.0,,,,5.0,5.0,4.0,92,11.0,8.0,0.5588235294117647,0.59375,0.8,0.5882352941176471,1.0,1.0,0.5882352941176471,0.6538461538461539,0.875,1.0,0.7101449275362319,0.9444444444444444,1.1666666666666667,0.75,0.95,1.1,0.2463768115942029,,,,0.46153846153846156,1.0,0.6,0.4444444444444444,0.7647058823529411,0.2857142857142857,0.6666666666666666,0.4,0.5714285714285714,0.5,0.2857142857142857,0.5,0.6,0.6666666666666666,0.7272727272727273,0.8333333333333334,94.2,0.8,14.698717948717949,15.867088607594937,13.852564102564102,14.89113924050633,0.2028985507246377,0.7857142857142857,0.7857142857142857,0.7272727272727273,0.3188405797101449,0.6818181818181818,0.6818181818181818,0.5333333333333333,0.2318840579710145,0.5,0.5,0.375,0.028985507246376812,0.21739130434782608,0.5333333333333333,0.5333333333333333,0.75,0.3333333333333333,1.0,0.1111111111111111,1.0,0.3333333333333333,1.0,0.4492753623188406,0.5333333333333333,0.47518550724637676,0.4033785714285715,0.498,0.0958904109589041,0.125,,0.17117117117117117,0.0990990990990991,9.007692307692308,25.041176470588233,0.10256410256410256,2026-06-01,1022600065,PHX,1611661324,MIN,MIN,22.0,2.0,2.0,2.0,,,,2.0,,,,,1.0,,2.0,1.0,1.0,,,,1.0,1.0,1.0,0.6666666666666666,1.0,,,,,,1.0,,3.0,,,,,0.04,0.3333333333333333,,,,,,,1.0,,,,
40:00,75,74,18.0,16,149,7.0,21.0,1.0,3.0,1.0,8,8.0,18.0,4.0,10,22,2.0,5.0,3.0,6.0,16,47,13,26,16,87,2.0,7.0,4.0,7.0,4.0,20.0,2.0,8.0,3.0,6.0,7.0,20.0,18,14,27.0,12.0,2.0,22,10,7.0,9,9.0,18,6.0,4.0,1.0,4.0,45,5.0,15.0,16,15,,31,20,51,4,3.0,1.0,6,3.0,4.0,6.0,2.0,12,5.0,4,15,2.0,18,1.0,19,,6,,5.0,2.0,2.0,4.0,1.0,7.0,4.0,67,19.0,17.0,0.5625,0.6,0.6923076923076923,0.5,0.5714285714285714,0.5,0.5,0.3404255319148936,0.2857142857142857,0.25,0.4863013698630137,0.5714285714285714,0.4642857142857143,0.524390243902439,0.5882352941176471,0.5555555555555556,0.3561643835616438,0.14893617021276595,0.25,,0.5,,0.6521739130434783,0.4838709677419355,0.6956521739130435,0.38461538461538464,0.6739130434782609,0.45454545454545453,0.5714285714285714,0.2,0.4166666666666667,0.5833333333333334,0.625,1.0,0.6666666666666666,0.8,89.4,0.5714285714285714,14.377333333333333,17.86081081081081,13.145333333333333,16.66891891891892,0.2876712328767123,0.3333333333333333,0.4375,0.5714285714285714,0.1095890410958904,0.125,0.16666666666666666,1.0,0.2465753424657534,0.4444444444444444,0.4444444444444444,0.5,0.0547945205479452,0.3013698630136986,0.45454545454545453,0.45454545454545453,0.6,0.21428571428571427,0.3333333333333333,0.35714285714285715,0.4,0.42857142857142855,0.5,0.6438356164383562,0.45454545454545453,0.49707876712328763,0.5457708333333333,0.5324,0.0759493670886076,0.11320754716981132,,0.22988505747126436,0.22988505747126436,9.629787234042555,24.523076923076925,0.24,2026-06-04,1022600073,GSV,1611661324,MIN,MIN,10.0,1.0,3.0,3.0,,,,3.0,,,2.0,,3.0,,2.0,3.0,2.0,,0.23809523809523808,,0.75,0.75,1.0,0.21428571428571427,0.3333333333333333,,,2.0,2.0,,4.0,1.0,1.0,,,0.6428571428571429,,0.10810810810810811,,0.14285714285714285,1.0,1.0,1.0,,,1.0,,,,
40:00,79,80,8.0,12,159,19.0,28.0,1.0,3.0,6.0,12,4.0,10.0,7.0,6,20,3.0,6.0,,1.0,29,50,8,27,6,88,2.0,5.0,3.0,6.0,,13.0,5.0,7.0,,2.0,,10.0,40,18,21.0,3.0,2.0,20,6,1.0,20,7.0,27,5.0,15.0,3.0,2.0,61,7.0,7.0,16,11,1.0,28,14,42,13,10.0,3.0,7,1.0,6.0,7.0,1.0,14,,6,16,3.0,11,1.0,8,2.0,3,1.0,4.0,,,4.0,,4.0,3.0,75,10.0,8.0,0.6896551724137931,0.7142857142857143,0.875,0.2962962962962963,0.5,,0.2962962962962963,0.58,0.4,0.7142857142857143,0.5324675324675324,0.5909090909090909,0.5555555555555556,0.5569620253164557,0.5909090909090909,0.5555555555555556,0.35064935064935066,0.02,0.08333333333333333,,0.5,1.0,0.7333333333333333,0.3333333333333333,0.6666666666666666,0.4117647058823529,0.6923076923076923,0.3684210526315789,0.3333333333333333,0.16666666666666666,0.38461538461538464,0.875,0.4,1.0,0.6111111111111112,0.8333333333333334,95.4,0.75,14.89493670886076,15.29125,14.021518987341773,14.57875,0.36363636363636365,0.6785714285714286,0.6785714285714286,0.7894736842105263,0.15584415584415584,0.5,0.5454545454545454,0.5,0.12987012987012986,0.4,0.4,0.5,0.09090909090909091,0.2597402597402597,0.3,0.3,0.8333333333333334,0.2727272727272727,0.3333333333333333,0.5454545454545454,0.5,0.1111111111111111,,0.7142857142857143,0.3,0.5359253246753247,0.5687800000000001,0.46749999999999997,0.05063291139240506,0.058823529411764705,0.03571428571428571,0.14772727272727273,0.11363636363636363,6.8020000000000005,23.81851851851852,0.10126582278481013,2026-06-06,1022600077,SEA,1611661324,MIN,MIN,11.0,2.0,3.0,2.0,,1.0,,2.0,,1.0,2.0,,,,2.0,,,,,,0.2857142857142857,0.2857142857142857,1.0,0.3333333333333333,0.6666666666666666,0.1111111111111111,,,,,2.0,,2.0,,,0.4444444444444444,0.5,0.05405405405405406,1.0,,,,,,,0.6666666666666666,,,,
40:00,82,82,14.0,7,164,18.0,30.0,1.0,5.0,5.0,9,8.0,18.0,1.0,7,13,,,,1.0,31,57,7,14,17,100,2.0,7.0,,,,4.0,3.0,10.0,,1.0,5.0,11.0,32,30,15.0,6.0,2.0,13,7,3.0,16,5.0,21,5.0,11.0,4.0,1.0,47,,8.0,15,20,,35,8,43,9,6.0,3.0,9,2.0,4.0,3.0,5.0,12,2.0,5,11,,18,1.0,18,2.0,7,1.0,3.0,,,1.0,1.0,3.0,2.0,96,11.0,14.0,0.5161290322580645,0.5333333333333333,0.7142857142857143,0.5,,,0.5,0.543859649122807,0.2857142857142857,0.3,0.5845070422535211,0.2857142857142857,0.2727272727272727,0.6346153846153846,0.2857142857142857,0.39285714285714285,0.19718309859154928,0.05263157894736842,,0.05555555555555555,0.75,,0.7142857142857143,0.3076923076923077,0.75,,0.7291666666666666,0.24242424242424243,0.5,0.3,,1.0,0.6,0.6,0.6875,1.0,98.4,0.6666666666666666,13.454878048780488,15.813414634146342,13.085365853658537,14.819512195121952,0.4225352112676056,0.6,0.6428571428571429,0.6111111111111112,0.1267605633802817,0.5555555555555556,0.5555555555555556,0.8,0.2535211267605634,0.4444444444444444,0.47058823529411764,0.125,0.014084507042253521,0.18309859154929578,0.5384615384615384,0.5384615384615384,0.7142857142857143,0.7142857142857143,0.2,,,0.09090909090909091,,0.6197183098591549,0.5384615384615384,0.5301288732394366,0.5232428571428571,0.5172,0.1038961038961039,0.11290322580645161,0.06666666666666667,0.04,0.11,7.724561403508772,24.785714285714285,0.17073170731707318,2026-06-09,1022600087,DAL,1611661324,MIN,MIN,5.0,1.0,6.0,,,,,,,,1.0,,1.0,,1.0,1.0,1.0,,0.06666666666666667,,,,,0.5454545454545454,0.16666666666666666,,,,,,4.0,,,,,0.25,,0.13333333333333333,1.0,,,,1.0,,,,,1.0,,
40:00,76,78,15.0,11,154,5.0,10.0,,1.0,17.0,28,5.0,15.0,2.0,8,19,1.0,1.0,3.0,5.0,27,53,9,21,16,97,3.0,8.0,1.0,1.0,5.0,14.0,7.0,8.0,3.0,5.0,3.0,26.0,20,34,18.0,9.0,,19,8,2.0,10,6.0,16,5.0,1.0,9.0,,38,4.0,10.0,10,10,,20,14,34,8,6.0,2.0,8,1.0,6.0,3.0,2.0,11,2.0,6,19,,15,1.0,18,5.0,9,1.0,2.0,1.0,,1.0,1.0,3.0,1.0,83,26.0,15.0,0.37037037037037035,0.37037037037037035,0.6666666666666666,0.42857142857142855,1.0,0.6,0.42857142857142855,0.5094339622641509,0.375,0.875,0.5472972972972973,0.5,0.8846153846153846,0.60625,0.6363636363636364,0.9285714285714286,0.28378378378378377,0.03773584905660377,0.03571428571428571,,0.7272727272727273,,0.5882352941176471,0.38461538461538464,0.7142857142857143,0.36363636363636365,0.6451612903225806,0.3783783783783784,0.45454545454545453,0.3,0.3,0.75,0.5454545454545454,0.5,0.6666666666666666,1.0,92.4,0.3333333333333333,15.430263157894737,15.734615384615385,14.548684210526316,15.297435897435898,0.13513513513513514,0.5,0.5555555555555556,0.2,0.3783783783783784,0.6071428571428571,0.6296296296296297,0.5294117647058824,0.20270270270270271,0.3333333333333333,0.3333333333333333,,0.02702702702702703,0.25675675675675674,0.42105263157894735,0.4444444444444444,0.625,0.1111111111111111,,0.1111111111111111,1.0,0.38461538461538464,0.6,0.4189189189189189,0.42105263157894735,0.4472527397260274,0.488375,0.38923749999999996,0.12658227848101267,0.15789473684210525,0.045454545454545456,0.14432989690721648,0.26804123711340205,8.966037735849056,25.685714285714283,0.19736842105263158,2026-06-13,1022600098,LVA,1611661324,MIN,MIN,24.0,2.0,2.0,1.0,,,1.0,1.0,,,3.0,,,,,1.0,1.0,0.047619047619047616,0.1,0.05263157894736842,0.5,0.5,1.0,0.15384615384615385,1.0,,,,,,1.0,,3.0,,,0.4,1.0,0.029411764705882353,,,,,,1.0,1.0,1.0,,,,
40:00,80,81,21.0,16,161,23.0,37.0,6.0,9.0,7.0,13,2.0,4.0,9.0,7,14,1.0,3.0,3.0,6.0,32,54,10,23,13,107,7.0,11.0,1.0,5.0,2.0,19.0,7.0,14.0,3.0,7.0,9.0,32.0,44,20,27.0,3.0,6.0,14,7,2.0,22,9.0,31,6.0,15.0,6.0,1.0,71,9.0,9.0,12,13,,25,20,45,14,9.0,5.0,7,2.0,5.0,6.0,2.0,13,2.0,4,14,3.0,24,4.0,22,2.0,11,,5.0,,,3.0,2.0,5.0,2.0,88,32.0,21.0,0.6875,0.7586206896551724,0.9,0.43478260869565216,0.2,0.42857142857142855,0.43478260869565216,0.5925925925925926,0.6363636363636364,0.5,0.6103896103896104,0.53125,0.5476190476190477,0.6149425287356322,0.5277777777777778,0.64,0.2987012987012987,0.037037037037037035,,,0.5384615384615384,,0.6842105263157895,0.4090909090909091,0.6,0.6923076923076923,0.6410256410256411,0.5142857142857142,0.5,,0.7142857142857143,0.75,0.7,,0.6923076923076923,0.42857142857142855,96.6,0.4,14.36875,15.438271604938272,13.24,14.08148148148148,0.4805194805194805,0.6216216216216216,0.6571428571428571,0.6521739130434783,0.16883116883116883,0.5384615384615384,0.5384615384615384,0.8571428571428571,0.05194805194805195,0.5,0.5,0.5,0.11688311688311688,0.18181818181818182,0.5,0.5,0.8571428571428571,0.5625,0.6666666666666666,0.1875,0.3333333333333333,0.2857142857142857,0.5,0.7792207792207793,0.5,0.578635064935065,0.6003090909090909,0.6010642857142857,0.12790697674418605,0.1746031746031746,,0.17757009345794392,0.29906542056074764,4.431481481481482,23.52608695652174,0.2625,2026-06-15,1022600104,PDX,1611661324,MIN,MIN,7.0,5.0,10.0,3.0,,1.0,,3.0,,,2.0,,1.0,,4.0,1.0,1.0,,0.05405405405405406,,0.3333333333333333,0.3333333333333333,1.0,0.47619047619047616,0.5,0.047619047619047616,,,2.0,2.0,2.0,1.0,1.0,,0.4,0.42857142857142855,0.6666666666666666,0.06060606060606061,0.6666666666666666,0.125,,,,,,1.0,,,,
40:00,86,87,32.0,10,173,16.0,21.0,2.0,2.0,9.0,19,6.0,11.0,9.0,4,12,,,1.0,5.0,31,51,9,21,10,99,6.0,6.0,1.0,1.0,2.0,17.0,11.0,20.0,2.0,7.0,6.0,34.0,26,36,24.0,3.0,10.0,12,4,1.0,13,8.0,21,3.0,9.0,3.0,1.0,50,3.0,7.0,13,13,2.0,28,10,38,11,8.0,3.0,8,3.0,5.0,12.0,3.0,20,8.0,6,27,3.0,18,,14,6.0,9,,2.0,1.0,1.0,1.0,,3.0,1.0,82,34.0,32.0,0.41935483870967744,0.5,0.8888888888888888,0.42857142857142855,1.0,0.2857142857142857,0.42857142857142855,0.6078431372549019,1.0,0.55,0.6180555555555556,1.0714285714285714,0.5185185185185185,0.6533333333333333,1.0625,0.5892857142857143,0.2916666666666667,0.0196078431372549,0.05263157894736842,,0.4,1.0,0.8125,0.35,0.6842105263157895,0.25,0.7428571428571429,0.3125,0.3,0.2,0.25,0.8,0.875,0.6666666666666666,0.7058823529411765,0.5,103.8,0.3333333333333333,13.863953488372092,13.8816091954023,13.68953488372093,13.540229885057471,0.2916666666666667,0.7619047619047619,0.7619047619047619,0.5625,0.2638888888888889,0.47368421052631576,0.5,0.3333333333333333,0.1527777777777778,0.5454545454545454,0.5454545454545454,0.16666666666666666,0.125,0.16666666666666666,0.3333333333333333,0.3333333333333333,0.75,0.2857142857142857,1.0,,,0.18518518518518517,0.2,0.5833333333333334,0.3333333333333333,0.5070880281690141,0.5330583333333333,0.5459288461538462,0.12,0.16666666666666666,,0.1717171717171717,0.3434343434343434,7.3,25.20952380952381,0.37209302325581395,2026-06-17,1022600110,LAS,1611661324,MIN,MIN,34.0,6.0,11.0,5.0,1.0,2.0,,5.0,,2.0,1.0,1.0,3.0,,2.0,,,,,,0.5555555555555556,0.5555555555555556,1.0,0.4074074074074074,0.5454545454545454,0.07407407407407407,0.5,1.0,1.0,,2.0,1.0,9.0,,,0.6,0.25,0.06451612903225806,,0.14285714285714285,1.0,1.0,1.0,,,,,1.0,,
40:00,77,78,11.0,12,155,4.0,6.0,2.0,2.0,15.0,40,2.0,9.0,4.0,4,9,2.0,3.0,,2.0,21,55,6,13,21,81,4.0,7.0,3.0,5.0,1.0,18.0,1.0,5.0,,2.0,9.0,11.0,24,18,18.0,,2.0,9,4,3.0,12,6.0,18,4.0,3.0,8.0,1.0,42,2.0,12.0,18,11,2.0,31,14,45,8,3.0,5.0,8,2.0,5.0,6.0,3.0,14,1.0,7,17,,16,2.0,23,2.0,4,3.0,8.0,1.0,1.0,,8.0,9.0,7.0,63,11.0,11.0,0.5714285714285714,0.6,1.0,0.46153846153846156,0.6,,0.46153846153846156,0.38181818181818183,0.5714285714285714,0.2,0.4411764705882353,0.7083333333333334,0.14285714285714285,0.525974025974026,0.6923076923076923,0.5,0.19117647058823528,0.05454545454545454,0.075,,0.5714285714285714,1.0,0.55,0.35294117647058826,0.6666666666666666,0.2857142857142857,0.6170212765957447,0.34146341463414637,0.48,,0.4,,0.5789473684210527,,0.6,0.8571428571428571,93.0,0.7777777777777778,14.337662337662337,16.615384615384617,13.697402597402599,15.375641025641025,0.08823529411764706,0.6666666666666666,0.6666666666666666,0.75,0.5882352941176471,0.375,0.40540540540540543,0.5333333333333333,0.1323529411764706,0.2222222222222222,0.2222222222222222,0.5,0.058823529411764705,0.1323529411764706,0.4444444444444444,0.4444444444444444,1.0,0.16666666666666666,1.0,0.25,0.6666666666666666,0.2857142857142857,,0.27941176470588236,0.4444444444444444,0.4330308823529412,0.465465,0.3880071428571429,0.0958904109589041,0.07017543859649122,0.1875,0.2222222222222222,0.13580246913580246,7.9818181818181815,24.484615384615385,0.14285714285714285,2026-06-19,1022600116,GSV,1611661324,MIN,MIN,20.0,,,2.0,,,,2.0,,,1.0,1.0,,,1.0,4.0,3.0,,,,0.5,0.5,1.0,,,,,1.0,2.0,,3.0,2.0,2.0,,,,,0.07894736842105263,0.5,0.16666666666666666,0.5,1.0,,1.0,,1.0,,,,
40:00,80,82,12.0,5,162,20.0,31.0,2.0,2.0,2.0,4,5.0,15.0,3.0,3,18,,3.0,,6.0,27,50,4,21,13,79,2.0,2.0,1.0,4.0,2.0,9.0,1.0,6.0,,6.0,6.0,8.0,30,24,9.0,3.0,,18,3,3.0,15,3.0,18,2.0,13.0,,2.0,39,6.0,3.0,7,16,,23,9,32,11,9.0,2.0,7,2.0,4.0,7.0,3.0,14,4.0,9,26,2.0,14,2.0,14,2.0,6,1.0,6.0,1.0,,4.0,2.0,7.0,3.0,70,8.0,12.0,0.5555555555555556,0.5555555555555556,0.75,0.19047619047619047,0.25,,0.19047619047619047,0.54,1.0,0.16666666666666666,0.4647887323943662,0.5833333333333334,0.08333333333333333,0.5197368421052632,0.6428571428571429,0.2857142857142857,0.29577464788732394,0.06,,,0.5,,0.7619047619047619,0.13636363636363635,0.6363636363636364,0.375,0.71875,0.23684210526315788,,,0.42857142857142855,0.7692307692307693,0.75,,0.875,,97.2,0.42857142857142855,13.965,15.643902439024389,13.42125,14.90121951219512,0.43661971830985913,0.6451612903225806,0.7142857142857143,0.65,0.056338028169014086,0.5,0.5,,0.2112676056338028,0.3333333333333333,0.3333333333333333,0.4,0.04225352112676056,0.2535211267605634,0.16666666666666666,0.16666666666666666,0.6666666666666666,0.3333333333333333,1.0,0.5,,0.5,,0.7323943661971831,0.16666666666666666,0.5424147887323945,0.57525,0.4696916666666667,0.09210526315789473,0.1111111111111111,0.045454545454545456,0.11392405063291139,0.10126582278481013,7.053999999999999,23.976190476190474,0.15,2026-06-21,1022600121,WAS,1611661324,MIN,MIN,31.0,1.0,3.0,1.0,,,,1.0,,1.0,1.0,,1.0,,,,,,0.0967741935483871,,0.3333333333333333,0.3333333333333333,1.0,0.25,0.3333333333333333,,,1.0,1.0,,1.0,,4.0,,,0.2727272727272727,,0.02857142857142857,0.5,0.16666666666666666,1.0,1.0,,,1.0,,,,,
40:00,85,84,21.0,10,169,6.0,7.0,1.0,1.0,12.0,26,1.0,8.0,6.0,6,24,2.0,3.0,2.0,5.0,19,41,8,30,16,78,3.0,4.0,2.0,4.0,3.0,15.0,5.0,10.0,3.0,7.0,5.0,24.0,24,14,21.0,3.0,2.0,24,6,2.0,12,7.0,19,5.0,4.0,8.0,,45,7.0,3.0,8,20,4.0,32,10,42,7,4.0,3.0,4,2.0,2.0,9.0,2.0,13,3.0,11,25,3.0,22,4.0,22,2.0,9,,6.0,,,2.0,3.0,6.0,4.0,63,24.0,21.0,0.631578947368421,0.6666666666666666,0.875,0.26666666666666666,0.5,0.42857142857142855,0.26666666666666666,0.4634146341463415,0.75,0.5,0.43661971830985913,0.75,0.5588235294117647,0.48148148148148145,0.75,0.5454545454545454,0.4225352112676056,0.04878048780487805,0.038461538461538464,0.125,0.3076923076923077,1.0,0.8333333333333334,0.13636363636363635,0.7272727272727273,0.3181818181818182,0.8,0.22727272727272727,0.21428571428571427,,0.2777777777777778,0.8333333333333334,0.8125,1.0,0.6666666666666666,1.0,101.4,0.6666666666666666,13.150588235294117,15.264285714285714,12.464705882352941,15.038095238095238,0.09859154929577464,0.8571428571428571,0.8571428571428571,0.6666666666666666,0.36619718309859156,0.46153846153846156,0.48,0.6666666666666666,0.11267605633802817,0.125,0.14285714285714285,,0.08450704225352113,0.3380281690140845,0.25,0.25,0.8333333333333334,0.125,1.0,0.375,0.6666666666666666,0.29411764705882354,0.4,0.5211267605633803,0.25,0.4599119718309859,0.486325,0.4486529411764706,0.11538461538461539,0.1875,,0.19230769230769232,0.3076923076923077,8.409756097560976,24.543333333333333,0.24705882352941178,2026-06-24,1022600129,WAS,1611661324,MIN,MIN,19.0,2.0,2.0,2.0,1.0,2.0,,2.0,2.0,2.0,,,,,1.0,3.0,3.0,,,,0.3333333333333333,0.3333333333333333,1.0,0.11764705882352941,1.0,0.11764705882352941,0.5,,1.0,,1.0,,3.0,,,,0.5,0.023809523809523808,,0.125,,,,1.0,,0.5,,1.0,,
40:00,80,82,20.0,10,162,9.0,14.0,3.0,7.0,10.0,26,3.0,9.0,4.0,7,19,,,,1.0,22,49,9,23,14,85,4.0,9.0,,1.0,,8.0,8.0,16.0,,1.0,2.0,18.0,22,22,24.0,3.0,4.0,19,7,3.0,11,8.0,19,6.0,3.0,7.0,1.0,46,5.0,5.0,13,17,,30,10,40,9,7.0,2.0,7,,6.0,3.0,1.0,10,3.0,8,15,1.0,15,1.0,17,1.0,8,,5.0,,,1.0,4.0,5.0,2.0,77,18.0,20.0,0.5,0.55,0.8888888888888888,0.391304347826087,,,0.391304347826087,0.4489795918367347,0.4444444444444444,0.5,0.4930555555555556,0.4,0.47058823529411764,0.53125,0.4,0.5,0.3194444444444444,0.061224489795918366,0.11538461538461539,,0.7,,0.5862068965517241,0.18518518518518517,0.8125,0.35714285714285715,0.6666666666666666,0.24390243902439024,0.3125,,0.4166666666666667,0.5,0.5263157894736842,0.8333333333333334,0.7857142857142857,1.0,97.2,0.4,14.61375,15.010975609756098,13.923749999999998,14.160975609756099,0.19444444444444445,0.6428571428571429,0.6428571428571429,0.3333333333333333,0.3611111111111111,0.38461538461538464,0.43478260869565216,0.7,0.125,0.3333333333333333,0.3333333333333333,0.3333333333333333,0.05555555555555555,0.2638888888888889,0.3684210526315789,0.3684210526315789,0.8571428571428571,0.7,0.42857142857142855,,,0.058823529411764705,,0.5138888888888888,0.3684210526315789,0.48174652777777777,0.51684,0.44743529411764704,0.10126582278481013,0.14285714285714285,,0.09411764705882353,0.21176470588235294,7.6938775510204085,24.53478260869565,0.25,2026-06-28,1022600141,DAL,1611661324,MIN,MIN,6.0,3.0,5.0,2.0,,,,2.0,,,,,1.0,,,1.0,,,,,0.5,0.5,1.0,0.29411764705882354,0.6,,,,1.0,,,1.0,,,,,,,,0.1,,,,,,,,,,
40:00,75,77,16.0,17,152,16.0,25.0,6.0,6.0,7.0,24,1.0,5.0,8.0,7,23,2.0,5.0,,4.0,24,54,10,31,8,86,9.0,11.0,2.0,6.0,3.0,27.0,5.0,13.0,2.0,7.0,2.0,18.0,26,22,27.0,3.0,6.0,23,7,4.0,13,9.0,22,6.0,10.0,2.0,1.0,53,8.0,13.0,11,6,,17,21,38,8,6.0,2.0,8,,6.0,,2.0,8,,9,15,,13,2.0,9,3.0,6,,1.0,,,,1.0,1.0,,59,18.0,16.0,0.5416666666666666,0.6190476190476191,0.9,0.3225806451612903,0.3333333333333333,0.2857142857142857,0.3225806451612903,0.4444444444444444,0.8181818181818182,0.38461538461538464,0.4588235294117647,0.7058823529411765,0.4,0.48863636363636365,0.75,0.42857142857142855,0.36470588235294116,0.07407407407407407,0.125,,1.0,,0.5454545454545454,0.43333333333333335,0.7857142857142857,0.38095238095238093,0.68,0.4117647058823529,0.4117647058823529,0.25,0.4375,0.5,0.5,1.0,0.8,0.75,91.2,,16.850666666666665,14.755844155844157,15.817333333333332,14.405194805194807,0.29411764705882354,0.64,0.6666666666666666,0.625,0.2823529411764706,0.2916666666666667,0.3333333333333333,0.2857142857142857,0.058823529411764705,0.2,0.2,1.0,0.09411764705882353,0.27058823529411763,0.30434782608695654,0.3181818181818182,0.8571428571428571,0.35294117647058826,1.0,0.29411764705882354,0.4,0.2,,0.6588235294117647,0.30434782608695654,0.5003277108433735,0.5157041666666666,0.5039657894736842,0.06818181818181818,0.10526315789473684,,0.313953488372093,0.20930232558139536,6.037037037037037,26.322580645161292,0.21333333333333335,2026-07-03,1022600148,NYL,1611661324,MIN,MIN,13.0,2.0,6.0,3.0,2.0,3.0,2.0,3.0,,,1.0,,1.0,,,,,0.06451612903225806,0.04,0.043478260869565216,0.375,0.42857142857142855,1.0,0.3,0.3333333333333333,0.15,0.6666666666666666,,1.0,,3.0,,2.0,0.125,,0.5555555555555556,0.2,0.06666666666666667,0.16666666666666666,0.058823529411764705,,,,,,1.0,,,,
40:00,78,79,24.0,11,157,9.0,17.0,4.0,6.0,8.0,15,4.0,9.0,11.0,8,19,,1.0,4.0,8.0,21,41,10,30,17,89,4.0,8.0,,2.0,2.0,10.0,4.0,11.0,5.0,10.0,7.0,30.0,30,12,27.0,3.0,2.0,19,8,5.0,15,9.0,24,7.0,8.0,5.0,2.0,57,8.0,5.0,4,17,3.0,24,13,37,5,1.0,4.0,11,,8.0,2.0,3.0,13,3.0,10,23,1.0,20,1.0,19,3.0,8,,5.0,2.0,1.0,3.0,2.0,7.0,2.0,79,30.0,24.0,0.7142857142857143,0.75,0.9,0.3333333333333333,,0.5,0.3333333333333333,0.5121951219512195,0.5,0.36363636363636365,0.5070422535211268,0.4,0.5476190476190477,0.5632911392405063,0.45454545454545453,0.625,0.4225352112676056,0.12195121951219512,0.06666666666666667,,0.8461538461538461,1.0,0.68,0.2631578947368421,0.5,0.4,0.6363636363636364,0.3333333333333333,0.2857142857142857,,0.45454545454545453,0.6,0.6363636363636364,1.0,0.6666666666666666,0.4,94.2,0.2857142857142857,15.682051282051283,14.896202531645569,14.76794871794872,14.086075949367087,0.23943661971830985,0.5294117647058824,0.6923076923076923,0.8888888888888888,0.2112676056338028,0.5333333333333333,0.5714285714285714,0.625,0.1267605633802817,0.4444444444444444,0.4444444444444444,0.5,0.15492957746478872,0.2676056338028169,0.42105263157894735,0.42105263157894735,0.875,0.6,0.6666666666666666,0.1,,0.38095238095238093,0.5,0.6619718309859155,0.42105263157894735,0.4927735714285714,0.634275,0.4454225,0.10526315789473684,0.17391304347826086,,0.11235955056179775,0.33707865168539325,7.826829268292682,24.236666666666668,0.3076923076923077,2026-07-06,1022600155,CON,1611661324,MIN,MIN,25.0,1.0,3.0,2.0,1.0,2.0,1.0,2.0,,,1.0,,,,,3.0,3.0,0.03333333333333333,0.23529411764705882,,0.18181818181818182,0.2,1.0,0.14285714285714285,0.3333333333333333,0.09523809523809523,0.5,,1.0,,3.0,,5.0,0.09090909090909091,,0.42857142857142855,0.3333333333333333,0.08823529411764706,0.75,0.1,,,,,1.0,,,,,
40:00,79,78,19.0,10,157,8.0,11.0,1.0,2.0,7.0,19,3.0,8.0,6.0,6,16,1.0,2.0,2.0,3.0,18,38,10,22,20,86,3.0,5.0,1.0,2.0,3.0,12.0,3.0,6.0,2.0,4.0,7.0,19.0,22,14,30.0,,2.0,16,6,7.0,11,10.0,21,6.0,5.0,4.0,2.0,52,3.0,8.0,9,13,3.0,25,11,36,8,5.0,3.0,9,1.0,5.0,5.0,4.0,14,4.0,12,20,,20,,27,,11,1.0,7.0,,,4.0,3.0,7.0,1.0,74,19.0,19.0,0.6111111111111112,0.6470588235294118,1.0,0.45454545454545453,0.5,0.5,0.45454545454545453,0.47368421052631576,0.6,0.5,0.55,0.6428571428571429,0.6,0.589041095890411,0.75,0.6785714285714286,0.36666666666666664,0.18421052631578946,0.2631578947368421,0.125,0.6428571428571429,1.0,0.5909090909090909,0.4,0.5294117647058824,0.25,0.5641025641025641,0.34375,0.5,0.2,0.2,0.45454545454545453,0.7777777777777778,0.5,0.5714285714285714,0.3333333333333333,94.2,0.14285714285714285,15.597468354430381,14.971794871794872,14.655696202531646,13.798717948717949,0.18333333333333332,0.7272727272727273,0.8,0.625,0.31666666666666665,0.3684210526315789,0.5,0.5714285714285714,0.13333333333333333,0.375,0.42857142857142855,0.6666666666666666,0.1,0.26666666666666666,0.375,0.375,1.0,0.2857142857142857,0.5,0.2857142857142857,0.5,0.3,0.6666666666666666,0.55,0.375,0.46214,0.49180999999999997,0.487155,0.16666666666666666,0.22448979591836735,0.043478260869565216,0.13953488372093023,0.22093023255813954,8.007894736842106,24.863636363636363,0.24050632911392406,2026-07-08,1022600160,CON,1611661324,MIN,MIN,19.0,1.0,3.0,4.0,,1.0,,4.0,,2.0,3.0,1.0,,2.0,,1.0,1.0,,0.09090909090909091,,0.6666666666666666,0.6666666666666666,1.0,0.3,0.3333333333333333,0.1,,,,,1.0,1.0,4.0,,,0.3333333333333333,0.5,0.04,,,,,,,,1.0,,,,
40:00,77,77,11.0,12,154,10.0,25.0,2.0,4.0,1.0,3,4.0,13.0,2.0,14,26,1.0,4.0,2.0,4.0,15,41,14,28,18,90,2.0,4.0,1.0,4.0,10.0,17.0,3.0,8.0,2.0,4.0,2.0,14.0,16,14,30.0,12.0,2.0,26,14,2.0,8,10.0,18,10.0,5.0,,3.0,46,4.0,10.0,18,9,1.0,28,15,43,9,7.0,2.0,8,,6.0,6.0,2.0,14,1.0,5,18,1.0,16,1.0,23,2.0,9,,3.0,,,3.0,,3.0,1.0,73,12.0,10.0,0.5333333333333333,0.5714285714285714,0.7142857142857143,0.5,0.25,0.5,0.5,0.36585365853658536,0.5,0.375,0.5217391304347826,0.4375,0.5,0.5576923076923077,0.6153846153846154,0.5,0.4057971014492754,0.04878048780487805,,,0.5714285714285714,1.0,0.5,0.4,0.72,0.2857142857142857,0.627906976744186,0.358974358974359,,0.3333333333333333,0.3333333333333333,0.5,0.5,0.5,0.65,1.0,92.4,0.3333333333333333,15.446753246753248,15.72207792207792,14.236363636363636,14.514285714285712,0.36231884057971014,0.4,0.43478260869565216,0.5,0.043478260869565216,0.3333333333333333,0.3333333333333333,,0.18840579710144928,0.3076923076923077,0.3076923076923077,0.75,0.028985507246376812,0.37681159420289856,0.5384615384615384,0.5384615384615384,0.7142857142857143,0.5,0.5,0.5,0.25,0.3333333333333333,0.5,0.7681159420289855,0.5384615384615384,0.5277376811594202,0.6157,0.4853541666666667,0.11842105263157894,0.1875,,0.18888888888888888,0.15555555555555556,7.426829268292683,24.157142857142855,0.14285714285714285,2026-07-11,1022600168,NYL,1611661324,MIN,MIN,17.0,2.0,5.0,,,,,,,1.0,2.0,,1.0,,1.0,2.0,1.0,,0.08,,,,,0.4166666666666667,0.4,,,,,1.0,2.0,1.0,,,0.3333333333333333,0.5,,0.05405405405405406,,,,,3.0,1.0,,1.0,,,,
40:00,81,82,11.0,4,163,18.0,23.0,,,2.0,7,2.0,2.0,6.0,11,23,2.0,3.0,1.0,3.0,22,32,12,29,24,104,,,3.0,4.0,1.0,10.0,3.0,4.0,2.0,4.0,5.0,17.0,24,20,24.0,12.0,,23,11,,12,8.0,20,7.0,9.0,1.0,2.0,48,4.0,1.0,9,12,1.0,22,5,27,9,7.0,2.0,5,4.0,4.0,7.0,1.0,12,,7,21,2.0,18,1.0,26,2.0,9,2.0,2.0,2.0,,2.0,,4.0,3.0,94,16.0,10.0,0.5454545454545454,0.5454545454545454,0.6666666666666666,0.41379310344827586,0.75,0.5,0.41379310344827586,0.6875,,0.75,0.6557377049180327,1.125,0.75,0.7222222222222222,1.25,0.7727272727272727,0.47540983606557374,,,,0.4166666666666667,1.0,0.8571428571428571,0.1,0.6428571428571429,0.23529411764705882,0.75,0.18518518518518517,0.2,,0.25,0.8,0.8571428571428571,1.0,0.5555555555555556,0.8,97.8,0.75,13.922222222222222,15.515853658536585,13.571604938271605,15.26341463414634,0.3770491803278688,0.782608695652174,0.782608695652174,0.5,0.11475409836065574,0.2857142857142857,0.2857142857142857,0.5,0.03278688524590164,1.0,1.0,1.0,0.09836065573770492,0.3770491803278688,0.4782608695652174,0.4782608695652174,0.6363636363636364,,,0.75,0.6666666666666666,0.375,0.3333333333333333,0.8524590163934426,0.4782608695652174,0.5389116666666667,0.52005,0.5064375,0.15942028985507245,0.23076923076923078,0.06666666666666667,0.09615384615384616,0.16346153846153846,4.759375,25.07586206896552,0.13580246913580246,2026-07-13,1022600176,PHX,1611661324,MIN,MIN,34.0,3.0,3.0,1.0,1.0,1.0,,1.0,,1.0,,,,1.0,,3.0,2.0,,,,0.16666666666666666,0.16666666666666666,1.0,0.375,1.0,0.125,1.0,1.0,1.0,,,,4.0,,,,0.2,,,0.25,1.0,1.0,,,2.0,0.5,1.0,,,
40:00,82,84,20.0,7,166,14.0,24.0,1.0,1.0,5.0,8,7.0,11.0,4.0,7,21,,1.0,,2.0,26,43,8,25,20,96,2.0,3.0,1.0,2.0,5.0,12.0,7.0,12.0,,2.0,6.0,20.0,28,24,21.0,3.0,4.0,21,7,,14,7.0,21,6.0,6.0,5.0,3.0,49,2.0,5.0,9,12,1.0,22,7,29,13,12.0,1.0,6,3.0,5.0,6.0,1.0,12,4.0,7,17,,16,,24,1.0,7,1.0,4.0,,,3.0,1.0,4.0,3.0,84,20.0,20.0,0.5384615384615384,0.5833333333333334,0.875,0.32,0.5,,0.32,0.6046511627906976,0.6666666666666666,0.5833333333333334,0.5588235294117647,0.7,0.5,0.6089743589743589,0.7857142857142857,0.5555555555555556,0.36764705882352944,,,,0.5,1.0,0.8,0.3125,0.5294117647058824,0.125,0.65625,0.21875,,0.25,0.15384615384615385,0.7142857142857143,0.8,1.0,0.4666666666666667,1.0,99.6,0.75,14.192682926829267,14.716666666666667,13.791463414634144,14.03452380952381,0.35294117647058826,0.5833333333333334,0.5833333333333334,0.42857142857142855,0.11764705882352941,0.625,0.625,1.0,0.16176470588235295,0.6363636363636364,0.6363636363636364,0.42857142857142855,0.058823529411764705,0.3088235294117647,0.3333333333333333,0.35,0.8571428571428571,0.2,1.0,0.2,,0.14285714285714285,,0.7205882352941176,0.3333333333333333,0.5401507352941176,0.509325,0.5037785714285714,0.10666666666666667,0.14285714285714285,0.038461538461538464,0.125,0.20833333333333334,7.21860465116279,24.128,0.24390243902439024,2026-07-15,1022600180,LAS,1611661324,MIN,MIN,13.0,3.0,6.0,1.0,,,1.0,1.0,,,,,2.0,,,3.0,3.0,0.04,,0.047619047619047616,0.25,0.25,1.0,0.42857142857142855,0.5,,,1.0,1.0,,1.0,1.0,3.0,,,0.4,,0.03225806451612903,,0.2,1.0,1.0,1.0,,,,,,,
40:00,81,82,13.0,8,163,24.0,34.0,2.0,3.0,4.0,8,4.0,10.0,10.0,6,13,2.0,3.0,,1.0,32,52,9,23,10,101,3.0,5.0,2.0,3.0,1.0,13.0,7.0,11.0,,1.0,4.0,18.0,40,24,27.0,,2.0,13,6,2.0,20,9.0,29,6.0,17.0,1.0,2.0,67,3.0,6.0,13,17,,30,9,39,6,4.0,2.0,7,1.0,5.0,3.0,2.0,10,1.0,4,9,1.0,16,,13,2.0,4,1.0,9.0,,,6.0,3.0,9.0,7.0,88,16.0,12.0,0.625,0.6451612903225806,1.0,0.391304347826087,0.6666666666666666,,0.391304347826087,0.6153846153846154,0.6,0.6363636363636364,0.6066666666666667,0.75,0.5833333333333334,0.63125,0.8125,0.6428571428571429,0.30666666666666664,0.038461538461538464,0.25,,0.7,,0.7391304347826086,0.3,0.7647058823529411,0.21428571428571427,0.75,0.2647058823529412,0.5,0.5,0.14285714285714285,0.7857142857142857,0.7142857142857143,0.5,0.8,0.7142857142857143,97.79999999999993,0.7777777777777778,14.54567901234568,14.900000000000025,14.004938271604939,14.38414634146344,0.4533333333333333,0.7058823529411765,0.7058823529411765,0.7083333333333334,0.10666666666666667,0.5,0.6666666666666666,0.25,0.13333333333333333,0.4,0.4,0.5,0.13333333333333333,0.17333333333333334,0.46153846153846156,0.46153846153846156,1.0,0.375,0.6666666666666666,0.375,0.6666666666666666,0.08333333333333333,,0.76,0.46153846153846156,0.5513680000000001,0.5820166666666667,0.5166791666666667,0.0641025641025641,0.07407407407407407,0.041666666666666664,0.12871287128712872,0.1782178217821782,6.113461538461538,23.7,0.16049382716049382,2026-07-18,1022600189,PDX,1611661324,MIN,MIN,3.0,4.0,7.0,3.0,,,,3.0,,,1.0,,,,4.0,2.0,1.0,,,,0.3,0.3,1.0,0.5833333333333334,0.5714285714285714,,,,,,1.0,,,,,0.1,0.2857142857142857,0.03125,,,,,,,,1.0,,,,
40:00,81,82,9.0,10,163,16.0,25.0,5.0,7.0,5.0,14,6.0,13.0,4.0,7,20,2.0,3.0,,3.0,27,52,10,24,21,105,6.0,8.0,2.0,3.0,2.0,20.0,3.0,5.0,,3.0,4.0,10.0,20,34,30.0,,4.0,20,7,3.0,10,10.0,20,7.0,6.0,2.0,2.0,50,2.0,11.0,9,15,1.0,25,13,38,10,9.0,1.0,4,1.0,1.0,5.0,3.0,9,,9,18,1.0,15,1.0,22,1.0,8,1.0,2.0,,,1.0,1.0,2.0,1.0,85,6.0,7.0,0.37037037037037035,0.4,1.0,0.4166666666666667,0.6666666666666666,,0.4166666666666667,0.5192307692307693,0.75,0.6,0.5526315789473685,0.8181818181818182,0.375,0.6104651162790697,0.8333333333333334,0.5,0.3157894736842105,0.057692307692307696,0.14285714285714285,,0.4444444444444444,1.0,0.75,0.44,0.6428571428571429,0.16666666666666666,0.7058823529411765,0.35135135135135137,0.5555555555555556,0.42857142857142855,0.18181818181818182,0.5555555555555556,0.8888888888888888,1.0,0.6666666666666666,0.5,97.8,0.5,14.295061728395062,15.147560975609755,13.683950617283951,14.853658536585366,0.32894736842105265,0.64,0.6666666666666666,0.375,0.18421052631578946,0.35714285714285715,0.4166666666666667,0.4,0.17105263157894737,0.46153846153846156,0.46153846153846156,0.3333333333333333,0.05263157894736842,0.2631578947368421,0.35,0.3684210526315789,1.0,0.6363636363636364,0.7142857142857143,0.2727272727272727,0.6666666666666666,0.375,,0.6447368421052632,0.35,0.5089680000000001,0.5583444444444444,0.41765714285714284,0.10714285714285714,0.13559322033898305,0.04,0.19047619047619047,0.09523809523809523,7.213461538461539,25.15833333333333,0.1111111111111111,2026-07-20,1022600196,SEA,1611661324,MIN,MIN,14.0,1.0,2.0,3.0,,,1.0,3.0,,3.0,1.0,,1.0,,,2.0,,0.041666666666666664,0.04,0.05,0.75,0.75,1.0,0.25,0.5,,,,,,3.0,,1.0,,,0.3333333333333333,,0.09090909090909091,0.4,,,,,,,1.0,,,,
39:59,81,82,6.0,14,163,14.0,29.0,3.0,5.0,7.0,18,1.0,9.0,5.0,7,18,1.0,3.0,,1.0,22,56,9,23,15,86,4.0,9.0,2.0,5.0,1.0,15.0,1.0,2.0,1.0,2.0,4.0,9.0,28,16,27.0,,6.0,18,7,6.0,14,9.0,23,7.0,9.0,4.0,1.0,55,6.0,11.0,16,8,2.0,26,17,43,13,9.0,4.0,7,4.0,5.0,4.0,2.0,11,1.0,7,13,,12,1.0,17,1.0,4,2.0,3.0,,,2.0,1.0,3.0,,71,9.0,6.0,0.6363636363636364,0.7368421052631579,1.0,0.391304347826087,0.4,0.5,0.391304347826087,0.39285714285714285,0.4444444444444444,0.5,0.44936708860759494,0.5,0.625,0.5,0.5,0.75,0.2911392405063291,0.10714285714285714,0.1111111111111111,0.1111111111111111,0.6363636363636364,1.0,0.47058823529411764,0.3235294117647059,0.6153846153846154,0.42857142857142855,0.5581395348837209,0.3541666666666667,0.36363636363636365,0.25,0.36363636363636365,0.5555555555555556,,0.75,0.5909090909090909,0.75,97.80000000000007,,14.193827160493802,15.247560975609755,13.245679012345654,14.213414634146341,0.3670886075949367,0.4827586206896552,0.5384615384615384,0.6428571428571429,0.22784810126582278,0.3888888888888889,0.4375,0.5714285714285714,0.11392405063291139,0.1111111111111111,0.125,1.0,0.06329113924050633,0.22784810126582278,0.3888888888888889,0.4117647058823529,1.0,0.35714285714285715,0.6,0.21428571428571427,0.3333333333333333,0.25,,0.6582278481012658,0.3888888888888889,0.5147645569620254,0.5171222222222221,0.484625,0.07142857142857142,0.06779661016949153,0.08,0.1744186046511628,0.10465116279069768,7.083928571428571,24.247826086956525,0.07407407407407407,2026-07-22,1022600198,SEA,1611661324,MIN,MIN,16.0,1.0,2.0,2.0,1.0,1.0,1.0,2.0,,,1.0,,2.0,,,2.0,2.0,0.043478260869565216,0.10344827586206896,0.05555555555555555,0.4,0.4,1.0,0.5,0.5,0.25,1.0,1.0,2.0,,4.0,,,,,0.3333333333333333,0.6666666666666666,0.0975609756097561,,0.14285714285714285,0.5,1.0,,,,1.0,,,,
40:00,83,83,13.0,8,166,15.0,20.0,1.0,2.0,8.0,16,,11.0,3.0,11,22,3.0,3.0,1.0,2.0,23,47,14,25,12,100,1.0,2.0,3.0,3.0,2.0,13.0,4.0,8.0,1.0,2.0,2.0,13.0,32,14,30.0,12.0,2.0,22,11,4.0,16,10.0,26,7.0,8.0,8.0,,62,1.0,7.0,12,13,,25,8,33,8,3.0,5.0,7,,6.0,4.0,1.0,11,1.0,7,20,,18,3.0,16,,7,,3.0,1.0,1.0,1.0,2.0,4.0,1.0,87,13.0,13.0,0.6956521739130435,0.7272727272727273,0.7142857142857143,0.56,1.0,0.5,0.56,0.48936170212765956,0.5,0.5,0.6111111111111112,1.1,0.55,0.625,1.0833333333333333,0.5,0.3472222222222222,0.0851063829787234,0.125,,0.6363636363636364,,0.7222222222222222,0.2916666666666667,0.5714285714285714,0.1,0.6410256410256411,0.23529411764705882,0.375,0.2727272727272727,0.1,0.7142857142857143,0.7,1.0,0.625,0.4,99.6,0.25,14.106024096385541,14.809638554216868,13.587951807228915,13.948192771084338,0.2777777777777778,0.75,0.8333333333333334,0.5333333333333333,0.2222222222222222,0.5,0.5714285714285714,1.0,0.1527777777777778,,,,0.041666666666666664,0.3055555555555556,0.5,0.5,0.6363636363636364,0.4,0.5,0.6,1.0,0.2,0.5,0.625,0.5,0.5100084507042253,0.61521,0.53132,0.08860759493670886,0.12962962962962962,,0.13,0.13,7.944680851063829,25.0,0.1566265060240964,2026-07-28,1022600204,TOR,1611661324,MIN,MIN,17.0,2.0,4.0,3.0,,,,3.0,,4.0,2.0,,,,,1.0,1.0,,0.1,,1.0,1.0,1.0,0.4,0.5,,,,,,1.0,,1.0,,,0.2,,0.03333333333333333,,,,,,,,0.6666666666666666,,,,
40:00,81,81,10.0,13,162,16.0,28.0,4.0,7.0,3.0,12,8.0,14.0,8.0,10,21,2.0,4.0,1.0,4.0,27,54,13,29,11,104,5.0,11.0,2.0,5.0,2.0,18.0,2.0,7.0,1.0,4.0,,7.0,28,26,36.0,3.0,4.0,21,10,4.0,14,12.0,26,9.0,11.0,2.0,1.0,64,7.0,10.0,14,11,2.0,27,17,44,14,10.0,4.0,6,2.0,3.0,4.0,3.0,10,3.0,4,13,1.0,11,1.0,13,2.0,7,,5.0,,,1.0,4.0,5.0,3.0,86,7.0,10.0,0.5185185185185185,0.56,0.9230769230769231,0.4482758620689655,0.4,0.25,0.4482758620689655,0.5,0.45454545454545453,0.2857142857142857,0.5602409638554217,0.5,0.3181818181818182,0.5909090909090909,0.5625,0.3181818181818182,0.3493975903614458,0.07407407407407407,0.08333333333333333,,0.6,0.6666666666666666,0.6875,0.37037037037037035,0.8235294117647058,0.5,0.7575757575757576,0.4146341463414634,0.3333333333333333,0.3333333333333333,0.4444444444444444,0.8333333333333334,0.42857142857142855,1.0,0.9090909090909091,0.6666666666666666,97.2,0.6,13.933333333333332,15.696296296296298,13.114814814814814,15.188888888888892,0.3373493975903614,0.5714285714285714,0.64,0.6875,0.14457831325301204,0.25,0.2727272727272727,0.6666666666666666,0.1686746987951807,0.5714285714285714,0.5714285714285714,0.125,0.0963855421686747,0.25301204819277107,0.47619047619047616,0.47619047619047616,0.9,0.4375,0.5714285714285714,0.25,0.5,0.36363636363636365,0.25,0.6867469879518072,0.47619047619047616,0.519095061728395,0.520965,0.47472000000000003,0.07954545454545454,0.11864406779661017,,0.17307692307692307,0.0673076923076923,7.35,27.086206896551722,0.12345679012345678,2026-07-30,1022600210,TOR,1611661324,MIN,MIN,16.0,1.0,3.0,3.0,,,,3.0,,,1.0,,1.0,,,,,,0.10714285714285714,,0.375,0.375,1.0,0.2727272727272727,0.3333333333333333,,,,1.0,,3.0,,2.0,,,0.4166666666666667,0.6,0.08108108108108109,0.75,0.0625,,,,,,0.5,,,,
40:00,79,80,15.0,11,159,21.0,28.0,4.0,5.0,4.0,10,7.0,13.0,7.0,7,18,1.0,2.0,1.0,2.0,32,51,11,25,11,108,5.0,7.0,2.0,3.0,,16.0,6.0,10.0,2.0,4.0,3.0,21.0,40,24,24.0,9.0,6.0,18,7,2.0,20,8.0,28,4.0,13.0,3.0,4.0,64,5.0,6.0,10,13,2.0,25,11,36,6,5.0,1.0,4,1.0,2.0,4.0,2.0,8,,8,16,,15,1.0,15,1.0,7,,3.0,,,2.0,,3.0,3.0,92,20.0,14.0,0.625,0.6896551724137931,0.7272727272727273,0.44,0.6666666666666666,0.5,0.44,0.6274509803921569,0.7142857142857143,0.6,0.6381578947368421,0.8,0.6428571428571429,0.6506024096385542,0.8,0.65625,0.32894736842105265,0.0392156862745098,0.1,,0.5,1.0,0.8125,0.3333333333333333,0.7692307692307693,0.38461538461538464,0.7931034482758621,0.3548387096774194,0.2,0.3333333333333333,0.4,0.8571428571428571,0.8,0.75,0.8181818181818182,0.5,95.39999999999993,1.0,14.80379746835443,15.381250000000026,14.456962025316454,15.053750000000026,0.3684210526315789,0.75,0.7777777777777778,0.6190476190476191,0.13157894736842105,0.4,0.4444444444444444,0.75,0.17105263157894737,0.5384615384615384,0.5384615384615384,0.5714285714285714,0.09210526315789473,0.23684210526315788,0.3888888888888889,0.3888888888888889,0.5714285714285714,0.5,0.8,0.2,0.5,0.14285714285714285,0.5,0.6973684210526315,0.3888888888888889,0.5377625,0.53661,0.5307928571428572,0.08536585365853659,0.12280701754385964,,0.14814814814814814,0.19444444444444445,6.794117647058823,23.851999999999997,0.189873417721519,2026-08-02,1022600218,IND,1611661324,MIN,MIN,21.0,4.0,6.0,4.0,1.0,2.0,,4.0,1.0,,1.0,,1.0,,1.0,1.0,,,0.03571428571428571,,0.5714285714285714,0.5714285714285714,1.0,0.42857142857142855,0.6666666666666666,0.14285714285714285,0.5,1.0,1.0,,1.0,,,,,0.42857142857142855,0.3333333333333333,0.03333333333333333,0.5,0.1,1.0,1.0,,,,1.0,,1.0,,
40:00,77,77,18.0,13,154,10.0,20.0,4.0,4.0,6.0,11,6.0,13.0,8.0,7,21,2.0,5.0,,6.0,22,44,9,29,11,82,4.0,8.0,2.0,7.0,,14.0,6.0,11.0,,9.0,,12.0,22,22,18.0,9.0,8.0,21,7,4.0,11,6.0,17,4.0,3.0,4.0,4.0,40,10.0,5.0,10,12,1.0,23,15,38,7,5.0,2.0,6,1.0,6.0,8.0,,14,5.0,7,22,6.0,13,1.0,13,1.0,7,,2.0,,,1.0,1.0,2.0,1.0,68,12.0,18.0,0.5,0.6111111111111112,0.6666666666666666,0.3103448275862069,0.2857142857142857,,0.3103448275862069,0.5,0.5,0.5454545454545454,0.4863013698630137,0.4666666666666667,0.3,0.5189873417721519,0.4666666666666667,0.3,0.3972602739726027,0.09090909090909091,0.18181818181818182,,0.42857142857142855,1.0,0.631578947368421,0.22727272727272727,0.7142857142857143,0.5263157894736842,0.6666666666666666,0.36585365853658536,0.2,0.2857142857142857,0.5384615384615384,0.75,0.6666666666666666,0.3333333333333333,0.6363636363636364,1.0,92.4,0.5,14.807792207792208,16.36103896103896,13.933766233766235,15.555844155844156,0.273972602739726,0.5,0.5555555555555556,0.3,0.1506849315068493,0.5454545454545454,0.6666666666666666,0.6666666666666666,0.1780821917808219,0.46153846153846156,0.46153846153846156,0.6666666666666666,0.1095890410958904,0.2876712328767123,0.3333333333333333,0.3333333333333333,0.5714285714285714,0.26666666666666666,1.0,0.3333333333333333,0.4,0.3,,0.6712328767123288,0.3333333333333333,0.5020363013698631,0.5689166666666666,0.4937325,0.08860759493670886,0.14,,0.17073170731707318,0.14634146341463414,8.556818181818182,23.57586206896552,0.23376623376623376,2026-08-06,1022600231,LAS,1611661324,MIN,MIN,15.0,2.0,4.0,2.0,,3.0,,2.0,,,,,2.0,,1.0,,,,0.1,,0.25,0.25,1.0,0.2,0.5,0.15,,,2.0,,2.0,,2.0,,,0.2,0.5,0.05405405405405406,,0.13333333333333333,,,,,,0.5,,,,
40:00,80,81,,11,161,15.0,30.0,5.0,7.0,5.0,10,2.0,7.0,5.0,11,24,,2.0,,,22,47,15,29,9,98,7.0,11.0,,2.0,,14.0,,,,,,,24,20,36.0,9.0,8.0,24,11,4.0,12,12.0,24,8.0,8.0,3.0,1.0,60,4.0,9.0,12,14,,26,13,39,10,7.0,3.0,3,8.0,2.0,11.0,1.0,14,,8,20,1.0,11,2.0,10,1.0,4,1.0,4.0,,,2.0,1.0,4.0,2.0,84,,,0.5454545454545454,0.6666666666666666,0.8,0.5172413793103449,,,0.5172413793103449,0.46808510638297873,0.6363636363636364,,0.5855263157894737,0.5384615384615384,,0.6125,0.5384615384615384,,0.3815789473684211,0.0851063829787234,,,0.21428571428571427,,0.6363636363636364,0.36,0.7058823529411765,0.2857142857142857,0.6666666666666666,0.3333333333333333,0.2,0.4,0.3076923076923077,0.6666666666666666,0.5555555555555556,0.7142857142857143,0.7,0.7142857142857143,96.6,0.5,13.382499999999999,16.412345679012347,12.819999999999999,15.927160493827163,0.39473684210526316,0.5,0.5769230769230769,0.5333333333333333,0.13157894736842105,0.5,0.5,0.6,0.09210526315789473,0.2857142857142857,0.2857142857142857,0.5,0.06578947368421052,0.3157894736842105,0.4583333333333333,0.4583333333333333,0.7272727272727273,0.5384615384615384,0.7142857142857143,0.15384615384615385,,,,0.7763157894736842,0.4583333333333333,0.5288393333333333,0.51925,,0.05063291139240506,0.08,,0.14285714285714285,,6.0638297872340425,24.50344827586207,,2026-08-08,1022600236,LVA,1611661324,MIN,MIN,21.0,,,4.0,,,,4.0,,,,,,,,,,,0.13333333333333333,,0.8,0.8,1.0,,,,,,,,2.0,1.0,1.0,,,0.4,,0.05714285714285714,0.4,,,,,,,,,1.0,,
40:00,81,82,4.0,7,163,14.0,18.0,2.0,3.0,3.0,5,5.0,10.0,5.0,16,34,2.0,2.0,1.0,2.0,22,33,18,39,5,103,3.0,4.0,2.0,2.0,,12.0,,,1.0,2.0,,3.0,30,14,42.0,12.0,4.0,34,16,,15,14.0,29,12.0,8.0,2.0,5.0,72,4.0,3.0,10,11,,21,7,28,12,6.0,6.0,5,2.0,5.0,6.0,,11,1.0,5,12,2.0,8,1.0,9,1.0,5,,3.0,,,2.0,1.0,3.0,2.0,91,3.0,4.0,0.6818181818181818,0.75,0.7777777777777778,0.46153846153846156,1.0,0.5,0.46153846153846156,0.6666666666666666,0.75,,0.6805555555555556,1.0,0.75,0.6776315789473685,1.0,0.75,0.5416666666666666,,,,0.45454545454545453,,0.6470588235294118,0.2727272727272727,0.7142857142857143,0.19047619047619047,0.6774193548387096,0.21875,0.5,0.2,0.1111111111111111,0.8571428571428571,0.7142857142857143,,0.6666666666666666,1.0,97.8,0.6666666666666666,14.17530864197531,15.265853658536585,13.85061728395062,14.571951219512194,0.25,0.7777777777777778,0.7777777777777778,0.5714285714285714,0.06944444444444445,0.6,0.6,0.6666666666666666,0.1388888888888889,0.5,0.5,1.0,0.06944444444444445,0.4722222222222222,0.47058823529411764,0.47058823529411764,0.75,0.5,0.6666666666666666,0.3333333333333333,1.0,1.0,0.5,0.7916666666666666,0.47058823529411764,0.5249173611111111,0.5488000000000001,0.438525,0.06578947368421052,0.13513513513513514,,0.11650485436893204,0.02912621359223301,7.733333333333333,23.866666666666667,0.04938271604938271,2026-08-09,1022600241,DAL,1611661324,MIN,MIN,8.0,,,2.0,,,,2.0,,2.0,1.0,,,1.0,,,,,,,0.4,0.4,1.0,,,,,,,,2.0,,,,,0.25,0.6666666666666666,0.0625,,,,,,,,1.0,,,,
40:00,80,79,21.0,7,159,11.0,16.0,2.0,4.0,11.0,23,2.0,6.0,5.0,5,15,,2.0,3.0,4.0,24,45,6,20,19,85,2.0,5.0,,2.0,1.0,5.0,5.0,10.0,4.0,7.0,7.0,29.0,32,16,18.0,,2.0,15,5,4.0,16,6.0,22,5.0,8.0,7.0,1.0,50,4.0,4.0,15,11,4.0,30,8,38,9,4.0,5.0,7,1.0,2.0,4.0,5.0,11,2.0,6,15,,19,2.0,26,2.0,12,,5.0,,,1.0,4.0,5.0,3.0,80,26.0,19.0,0.6666666666666666,0.6956521739130435,1.0,0.3,,0.5714285714285714,0.3,0.5333333333333333,0.4,0.5,0.5076923076923077,0.2857142857142857,0.6470588235294118,0.551948051948052,0.35714285714285715,0.6904761904761905,0.3076923076923077,0.08888888888888889,0.17391304347826086,,0.6363636363636364,1.0,0.6875,0.19047619047619047,0.6521739130434783,0.2857142857142857,0.6666666666666666,0.22857142857142856,0.25,0.25,0.3,0.8,0.5555555555555556,1.0,0.625,0.7142857142857143,95.4,0.6,14.98875,15.201265822784812,14.61375,14.429113924050634,0.24615384615384617,0.6875,0.6875,0.7272727272727273,0.35384615384615387,0.4782608695652174,0.5789473684210527,0.6363636363636364,0.09230769230769231,0.3333333333333333,0.3333333333333333,0.5,0.07692307692307693,0.23076923076923078,0.3333333333333333,0.3333333333333333,1.0,0.5714285714285714,0.5,0.2857142857142857,,0.23529411764705882,0.75,0.5538461538461539,0.3333333333333333,0.47391307692307694,0.49722999999999995,0.49076176470588234,0.16,0.21818181818181817,,0.058823529411764705,0.3411764705882353,6.746666666666667,25.130000000000003,0.2625,2026-08-12,1022600250,PDX,1611661324,MIN,MIN,17.0,2.0,4.0,1.0,1.0,3.0,,1.0,,2.0,1.0,,,,,2.0,,,,,0.2,0.2,1.0,0.23529411764705882,0.5,0.17647058823529413,0.3333333333333333,,,,1.0,,1.0,,,,0.25,0.03225806451612903,0.5,,,,,,,,,,,
40:00,76,78,13.0,10,154,4.0,4.0,1.0,1.0,12.0,24,5.0,10.0,7.0,9,19,2.0,2.0,2.0,4.0,21,38,11,26,17,92,5.0,6.0,2.0,4.0,,16.0,2.0,4.0,2.0,4.0,8.0,18.0,10,32,27.0,6.0,4.0,19,9,1.0,5,9.0,14,7.0,2.0,3.0,,37,5.0,6.0,14,10,1.0,25,11,36,9,5.0,4.0,7,3.0,7.0,9.0,,16,3.0,6,22,3.0,14,1.0,18,1.0,6,1.0,1.0,,,,1.0,1.0,1.0,76,16.0,12.0,0.23809523809523808,0.2631578947368421,0.8181818181818182,0.4230769230769231,0.5,0.5,0.4230769230769231,0.5526315789473685,0.8333333333333334,0.5,0.5859375,0.8,0.625,0.6388888888888888,0.8,0.75,0.40625,0.02631578947368421,0.041666666666666664,,0.4375,1.0,0.5263157894736842,0.35294117647058826,0.7368421052631579,0.3333333333333333,0.631578947368421,0.34375,0.4166666666666667,0.2,0.4,1.0,0.36363636363636365,0.6666666666666666,0.7857142857142857,0.6,92.4,1.0,14.760526315789473,16.387179487179488,14.185526315789472,15.796153846153848,0.0625,1.0,1.0,0.5,0.375,0.5,0.5217391304347826,0.25,0.15625,0.5,0.5,,0.109375,0.296875,0.47368421052631576,0.5,0.7777777777777778,0.1,1.0,0.2,1.0,0.5,0.5,0.46875,0.47368421052631576,0.45134921875,0.4644142857142857,0.39149375,0.08695652173913043,0.13953488372093023,,0.17391304347826086,0.1956521739130435,9.49736842105263,24.926923076923078,0.17105263157894737,2026-08-15,1022600258,LVA,1611661324,MIN,MIN,28.0,,,2.0,,,1.0,2.0,,2.0,,,,,,2.0,1.0,0.038461538461538464,,0.05263157894736842,0.2857142857142857,0.2857142857142857,1.0,,,,,,2.0,,3.0,,3.0,,,,0.2,0.1,,0.2,,,,,,1.0,,,,
40:00,72,73,13.0,8,145,4.0,6.0,1.0,1.0,12.0,22,5.0,9.0,3.0,7,16,,,1.0,2.0,21,37,7,19,14,77,3.0,4.0,,,,6.0,2.0,3.0,1.0,3.0,6.0,13.0,32,10,12.0,9.0,,16,7,2.0,16,4.0,20,4.0,4.0,8.0,4.0,44,1.0,6.0,15,17,,32,8,40,3,2.0,1.0,8,,7.0,7.0,1.0,15,4.0,5,17,4.0,19,2.0,16,,5,,4.0,,,1.0,3.0,4.0,3.0,71,10.0,11.0,0.7619047619047619,0.7619047619047619,0.5714285714285714,0.3684210526315789,,0.3333333333333333,0.3684210526315789,0.5675675675675675,0.75,0.6666666666666666,0.5625,0.75,0.5833333333333334,0.6015625,0.75,0.65,0.3392857142857143,0.05405405405405406,0.045454545454545456,,0.5333333333333333,,0.7727272727272727,0.375,0.5172413793103449,0.08333333333333333,0.6274509803921569,0.25,0.4,,0.1111111111111111,0.6666666666666666,0.8461538461538461,0.6666666666666666,0.5,0.6666666666666666,87.0,0.75,15.829166666666667,17.264383561643836,15.308333333333334,15.745205479452054,0.10714285714285714,0.6666666666666666,0.8,1.0,0.39285714285714285,0.5454545454545454,0.5714285714285714,0.6666666666666666,0.16071428571428573,0.5555555555555556,0.5555555555555556,0.8,0.05357142857142857,0.2857142857142857,0.4375,0.4375,0.5714285714285714,0.25,1.0,,,0.3333333333333333,0.5,0.44642857142857145,0.4375,0.4479017857142857,0.44356666666666666,0.4283666666666666,0.08196721311475409,0.11904761904761904,,0.07792207792207792,0.16883116883116883,8.786486486486487,25.78421052631579,0.18055555555555555,2026-08-19,1022600268,GSV,1611661324,MIN,MIN,18.0,1.0,2.0,,,1.0,,,1.0,,4.0,,2.0,,,3.0,1.0,,0.16666666666666666,,,,,0.3333333333333333,0.5,0.16666666666666666,,,,1.0,,,1.0,,1.0,1.0,,,1.0,,,,,,,,,,,
40:00,75,75,19.0,15,150,6.0,15.0,,2.0,7.0,17,3.0,5.0,4.0,12,33,1.0,4.0,5.0,10.0,16,37,15,37,14,91,2.0,7.0,2.0,5.0,5.0,15.0,,5.0,5.0,10.0,6.0,21.0,16,16,42.0,3.0,,33,12,5.0,8,14.0,22,11.0,4.0,4.0,,58,8.0,7.0,13,10,1.0,24,17,41,5,4.0,1.0,4,1.0,1.0,5.0,3.0,9,3.0,12,23,2.0,22,5.0,22,3.0,8,1.0,5.0,,,2.0,2.0,5.0,2.0,76,21.0,19.0,0.5,0.5,0.9333333333333333,0.40540540540540543,0.4,0.5,0.40540540540540543,0.43243243243243246,0.2857142857142857,,0.5202702702702703,0.4166666666666667,0.5,0.5481927710843374,0.5,0.5526315789473685,0.5,0.13513513513513514,0.11764705882352941,,0.4444444444444444,1.0,0.5,0.35,0.7647058823529411,0.36363636363636365,0.6216216216216216,0.35714285714285715,0.3333333333333333,0.5,0.38095238095238093,0.6,0.375,0.5714285714285714,0.7692307692307693,0.75,90.0,0.4,17.343999999999998,14.656,15.646666666666667,13.698666666666668,0.20270270270270271,0.4,0.5,0.6666666666666666,0.22972972972972974,0.4117647058823529,0.4666666666666667,0.5714285714285714,0.06756756756756757,0.6,0.6,,0.05405405405405406,0.44594594594594594,0.36363636363636365,0.36363636363636365,0.9166666666666666,0.16666666666666666,,0.3333333333333333,0.25,0.6666666666666666,0.5,0.7027027027027027,0.36363636363636365,0.49097905405405406,0.404475,0.48705,0.10126582278481013,0.19047619047619047,,0.16483516483516483,0.23076923076923078,7.781081081081081,24.58108108108108,0.25333333333333335,2026-05-08,1022600003,SEA,1611661331,GSV,GSV,21.0,,3.0,3.0,,,,3.0,1.0,1.0,1.0,,1.0,,2.0,3.0,2.0,,0.2,,0.75,0.75,1.0,0.2,,,,1.0,1.0,2.0,1.0,,2.0,,0.4,0.3333333333333333,,0.02702702702702703,,0.08333333333333333,1.0,1.0,,,,1.0,,1.0,,
40:00,75,77,13.0,8,152,12.0,17.0,1.0,2.0,6.0,14,2.0,3.0,7.0,10,26,1.0,1.0,1.0,4.0,20,34,13,33,16,95,2.0,3.0,1.0,2.0,3.0,10.0,4.0,6.0,1.0,4.0,6.0,17.0,26,14,36.0,3.0,2.0,26,10,3.0,13,12.0,25,9.0,9.0,3.0,1.0,62,6.0,3.0,11,13,1.0,25,9,34,10,8.0,2.0,2,2.0,1.0,9.0,1.0,11,2.0,8,21,2.0,21,2.0,18,3.0,9,1.0,3.0,1.0,1.0,2.0,1.0,4.0,4.0,85,17.0,13.0,0.65,0.6842105263157895,0.9230769230769231,0.3939393939393939,0.5,0.25,0.3939393939393939,0.5882352941176471,0.6666666666666666,0.6666666666666666,0.5895522388059702,0.7,0.55,0.6418918918918919,0.8333333333333334,0.6538461538461539,0.4925373134328358,0.08823529411764706,0.14285714285714285,,0.18181818181818182,1.0,0.7647058823529411,0.23076923076923078,1.0,0.3157894736842105,0.8571428571428571,0.28125,0.375,,0.3333333333333333,1.0,0.8571428571428571,0.5,1.0,1.0,91.2,1.0,17.585333333333335,14.040259740259739,16.685333333333336,13.754545454545454,0.2537313432835821,0.7058823529411765,0.75,0.75,0.208955223880597,0.42857142857142855,0.5,0.5,0.04477611940298507,0.6666666666666666,0.6666666666666666,0.5,0.1044776119402985,0.3880597014925373,0.38461538461538464,0.38461538461538464,0.9,0.4,0.5,0.2,1.0,0.4,0.25,0.746268656716418,0.38461538461538464,0.49227878787878787,0.49879999999999997,0.43925555555555557,0.13513513513513514,0.225,0.029411764705882353,0.10526315789473684,0.17894736842105263,5.776470588235294,25.784848484848485,0.17333333333333334,2026-05-10,1022600011,PHX,1611661331,GSV,GSV,24.0,,,3.0,,,,3.0,,1.0,1.0,1.0,2.0,1.0,1.0,,,,0.058823529411764705,,0.42857142857142855,0.42857142857142855,1.0,,,,,,1.0,,2.0,1.0,1.0,,,,0.25,0.06896551724137931,,0.2,,,,,,1.0,,,,
40:00,74,76,23.0,15,150,7.0,14.0,4.0,7.0,8.0,29,,6.0,7.0,6,19,,5.0,4.0,8.0,15,49,7,26,12,63,4.0,11.0,,6.0,1.0,9.0,2.0,8.0,4.0,8.0,4.0,20.0,10,20,15.0,6.0,8.0,19,6,7.0,5,5.0,10,4.0,2.0,3.0,,25,6.0,13.0,7,22,2.0,31,19,50,3,2.0,1.0,7,2.0,5.0,4.0,2.0,11,6.0,11,19,,19,1.0,16,1.0,5,,8.0,1.0,1.0,6.0,2.0,9.0,6.0,54,20.0,23.0,0.3333333333333333,0.45454545454545453,0.7142857142857143,0.2692307692307692,,0.5,0.2692307692307692,0.30612244897959184,0.36363636363636365,0.25,0.34,0.23529411764705882,0.5,0.38414634146341464,0.25,0.5,0.3466666666666667,0.14285714285714285,0.10344827586206896,,0.6363636363636364,1.0,0.7333333333333333,0.38235294117647056,0.5384615384615384,0.3157894736842105,0.6744186046511628,0.3584905660377358,0.3333333333333333,0.16666666666666666,0.15384615384615385,0.8,0.6666666666666666,0.8,0.5454545454545454,0.5,89.99999999999994,0.6666666666666666,17.374324324324352,14.661842105263156,16.0702702702703,13.642105263157895,0.18666666666666668,0.5,0.7,0.2857142857142857,0.38666666666666666,0.27586206896551724,0.3076923076923077,0.375,0.08,,,,0.09333333333333334,0.25333333333333335,0.3157894736842105,0.3157894736842105,0.6666666666666666,0.4117647058823529,0.5714285714285714,0.29411764705882354,,0.5,0.5,0.5333333333333333,0.3157894736842105,0.4672222972972973,0.5249178571428571,0.4311,0.06329113924050633,0.09433962264150944,,0.14285714285714285,0.31746031746031744,7.497959183673469,26.21153846153846,0.3108108108108108,2026-05-13,1022600017,CHI,1611661331,GSV,GSV,16.0,,,1.0,,,1.0,1.0,1.0,,,1.0,,2.0,2.0,3.0,3.0,0.038461538461538464,0.2857142857142857,,0.14285714285714285,0.16666666666666666,1.0,,,,,,1.0,,4.0,,,0.14285714285714285,,0.7142857142857143,0.6666666666666666,0.08888888888888889,,0.058823529411764705,,,,,,,,,,
40:00,74,76,18.0,9,150,10.0,13.0,1.0,2.0,4.0,13,1.0,10.0,12.0,10,23,,1.0,2.0,5.0,15,36,13,35,18,87,1.0,5.0,1.0,4.0,1.0,6.0,2.0,9.0,2.0,7.0,8.0,18.0,12,18,36.0,3.0,2.0,23,10,3.0,6,12.0,18,9.0,4.0,1.0,1.0,48,5.0,4.0,11,16,2.0,29,11,40,5,4.0,1.0,2,,1.0,4.0,1.0,6,2.0,8,17,,22,2.0,25,3.0,5,3.0,3.0,,,1.0,2.0,3.0,2.0,81,18.0,18.0,0.4,0.42857142857142855,0.9230769230769231,0.37142857142857144,0.25,0.2857142857142857,0.37142857142857144,0.4166666666666667,0.2,0.2222222222222222,0.4859154929577465,0.2777777777777778,0.3125,0.54375,0.3,0.42857142857142855,0.49295774647887325,0.08333333333333333,0.15384615384615385,,0.3333333333333333,1.0,0.8888888888888888,0.2,0.6111111111111112,0.22727272727272727,0.75,0.21428571428571427,0.1111111111111111,0.25,0.23076923076923078,0.8333333333333334,0.9090909090909091,1.0,0.6153846153846154,0.6,90.0,0.6666666666666666,17.502702702702702,14.536842105263156,16.471621621621622,14.35,0.18309859154929578,0.7692307692307693,0.8333333333333334,0.4,0.18309859154929578,0.3076923076923077,0.36363636363636365,0.25,0.14084507042253522,0.1,0.1,1.0,0.16901408450704225,0.323943661971831,0.43478260869565216,0.45454545454545453,0.9,0.2222222222222222,0.5,0.1111111111111111,,0.3125,0.4,0.676056338028169,0.43478260869565216,0.49762676056338023,0.5063916666666667,0.478609375,0.10526315789473684,0.13157894736842105,0.07894736842105263,0.06896551724137931,0.20689655172413793,7.8583333333333325,24.302857142857142,0.24324324324324326,2026-05-21,1022600035,NYL,1611661331,GSV,GSV,17.0,2.0,5.0,3.0,,2.0,1.0,3.0,,,2.0,,,2.0,1.0,4.0,4.0,0.02857142857142857,0.07692307692307693,0.043478260869565216,0.25,0.25,1.0,0.3125,0.4,0.125,,1.0,3.0,2.0,1.0,1.0,1.0,,0.5,0.3333333333333333,0.2222222222222222,0.02631578947368421,,0.3333333333333333,0.3333333333333333,1.0,1.0,,,,,,,
40:00,82,83,32.0,11,165,11.0,26.0,1.0,4.0,5.0,14,3.0,8.0,7.0,5,15,1.0,3.0,,2.0,19,48,7,22,23,82,1.0,5.0,1.0,4.0,6.0,11.0,5.0,20.0,2.0,6.0,13.0,29.0,14,24,12.0,9.0,2.0,15,5,2.0,7,4.0,11,2.0,6.0,,1.0,26,6.0,7.0,13,8,3.0,24,13,37,9,8.0,1.0,7,1.0,6.0,7.0,1.0,14,4.0,6,24,1.0,26,1.0,27,2.0,8,,3.0,,,3.0,,3.0,1.0,71,29.0,32.0,0.3684210526315789,0.3888888888888889,0.5714285714285714,0.3181818181818182,0.25,0.3333333333333333,0.3181818181818182,0.3958333333333333,0.2,0.25,0.42142857142857143,0.2777777777777778,0.3076923076923077,0.49390243902439024,0.38461538461538464,0.4393939393939394,0.3142857142857143,0.041666666666666664,,,0.5,0.75,0.47058823529411764,0.2413793103448276,0.8666666666666667,0.42857142857142855,0.65625,0.3023255813953488,0.2222222222222222,0.2,0.6,0.6153846153846154,,,0.8181818181818182,1.0,99.0,0.3333333333333333,16.09390243902439,13.015662650602408,15.018292682926829,12.316867469879517,0.37142857142857144,0.4230769230769231,0.4583333333333333,0.5454545454545454,0.2,0.35714285714285715,0.35714285714285715,,0.11428571428571428,0.375,0.375,0.3333333333333333,0.1,0.21428571428571427,0.3333333333333333,0.3333333333333333,0.4,0.4444444444444444,0.25,0.3333333333333333,0.3333333333333333,0.07692307692307693,,0.6857142857142857,0.3333333333333333,0.4982592857142857,0.4592,0.4814019230769231,0.10526315789473684,0.14814814814814814,,0.13414634146341464,0.35365853658536583,5.941666666666666,25.727272727272727,0.3902439024390244,2026-05-22,1022600039,IND,1611661331,GSV,GSV,29.0,3.0,13.0,2.0,2.0,4.0,,2.0,1.0,1.0,,,5.0,1.0,7.0,6.0,5.0,,0.07692307692307693,,0.2857142857142857,0.2857142857142857,1.0,0.5,0.23076923076923078,0.15384615384615385,0.5,,1.0,,1.0,3.0,8.0,,,0.26666666666666666,,0.024390243902439025,,0.1111111111111111,,,1.0,1.0,,1.0,,,,
40:00,79,80,33.0,15,159,15.0,24.0,3.0,6.0,2.0,9,4.0,7.0,9.0,9,24,2.0,4.0,3.0,7.0,21,40,13,33,16,97,6.0,9.0,2.0,4.0,,18.0,11.0,17.0,3.0,10.0,13.0,44.0,24,18,36.0,3.0,2.0,24,9,3.0,12,12.0,24,8.0,7.0,2.0,3.0,60,8.0,9.0,10,16,4.0,30,17,47,7,5.0,2.0,10,,7.0,2.0,3.0,12,5.0,13,25,1.0,26,1.0,23,2.0,5,,2.0,,,,2.0,2.0,,79,44.0,33.0,0.5714285714285714,0.6,0.9230769230769231,0.3939393939393939,0.5,0.3,0.3939393939393939,0.525,0.6666666666666666,0.6470588235294118,0.5547945205479452,0.6923076923076923,0.5740740740740741,0.5853658536585366,0.6923076923076923,0.6142857142857143,0.4520547945205479,0.075,,,0.8333333333333334,1.0,0.6956521739130435,0.47368421052631576,0.8333333333333334,0.4,0.7428571428571429,0.4358974358974359,0.5714285714285714,0.6666666666666666,0.4666666666666667,0.7272727272727273,0.6666666666666666,0.6666666666666666,0.9090909090909091,,95.4,,14.994936708860758,15.1925,14.043037974683543,14.846250000000001,0.3287671232876712,0.625,0.7142857142857143,0.4666666666666667,0.1232876712328767,0.2222222222222222,0.2222222222222222,1.0,0.0958904109589041,0.5714285714285714,0.5714285714285714,0.75,0.1232876712328767,0.3287671232876712,0.375,0.375,0.8888888888888888,0.46153846153846156,0.5,0.3076923076923077,0.5,0.25925925925925924,0.42857142857142855,0.7808219178082192,0.375,0.5255047945205479,0.5211125,0.5232462962962963,0.06578947368421052,0.11627906976744186,,0.18556701030927836,0.4536082474226804,6.045,24.12121212121212,0.4177215189873418,2026-05-25,1022600048,CON,1611661331,GSV,GSV,37.0,6.0,9.0,4.0,,3.0,1.0,4.0,,,2.0,,1.0,2.0,4.0,6.0,6.0,0.030303030303030304,0.125,,0.4444444444444444,0.5,1.0,0.3333333333333333,0.6666666666666666,0.1111111111111111,,,,,2.0,,2.0,0.1111111111111111,,0.3333333333333333,0.2,0.05714285714285714,0.6666666666666666,,,,2.0,,,0.5,,,,
40:00,81,82,25.0,9,163,13.0,20.0,1.0,1.0,8.0,21,2.0,6.0,5.0,6,16,1.0,2.0,,4.0,23,47,8,21,20,90,2.0,5.0,1.0,2.0,5.0,12.0,5.0,13.0,1.0,6.0,11.0,24.0,34,12,21.0,3.0,2.0,16,6,5.0,17,7.0,24,5.0,11.0,4.0,2.0,55,3.0,6.0,13,17,1.0,31,10,41,5,4.0,1.0,7,1.0,6.0,4.0,1.0,11,3.0,9,21,,25,1.0,28,3.0,11,,11.0,,,5.0,4.0,11.0,8.0,78,24.0,25.0,0.7391304347826086,0.7727272727272727,0.875,0.38095238095238093,0.5,0.16666666666666666,0.38095238095238093,0.48936170212765956,0.4,0.38461538461538464,0.5147058823529411,0.5,0.34210526315789475,0.5625,0.6,0.46153846153846156,0.3088235294117647,0.10638297872340426,0.09523809523809523,,0.6363636363636364,1.0,0.7391304347826086,0.25,0.6842105263157895,0.23076923076923078,0.7142857142857143,0.24324324324324326,0.15384615384615385,0.25,0.3,0.5714285714285714,0.6666666666666666,1.0,0.5,0.8888888888888888,97.8,0.7272727272727273,15.359259259259257,14.096341463414635,14.853086419753085,13.701219512195122,0.29411764705882354,0.65,0.7647058823529411,0.8461538461538461,0.3088235294117647,0.38095238095238093,0.42105263157894735,0.5,0.08823529411764706,0.3333333333333333,0.3333333333333333,1.0,0.07352941176470588,0.23529411764705882,0.375,0.375,0.8333333333333334,0.14285714285714285,1.0,0.2857142857142857,0.5,0.21052631578947367,,0.6029411764705882,0.375,0.5010772058823529,0.45370999999999995,0.5025894736842106,0.14473684210526316,0.2,,0.13333333333333333,0.26666666666666666,6.804255319148936,24.185714285714283,0.30864197530864196,2026-05-28,1022600055,IND,1611661331,GSV,GSV,27.0,3.0,5.0,2.0,1.0,2.0,,2.0,,,,2.0,2.0,2.0,1.0,4.0,4.0,,0.15,,0.4,0.4,1.0,0.2631578947368421,0.6,0.10526315789473684,0.5,,,1.0,1.0,,1.0,,0.25,0.42857142857142855,,0.03125,,,,,,,,1.0,,2.0,,
40:00,80,80,20.0,13,160,4.0,11.0,,2.0,4.0,21,1.0,7.0,7.0,11,28,1.0,2.0,3.0,8.0,9,39,16,35,15,81,,6.0,2.0,4.0,3.0,9.0,3.0,11.0,4.0,10.0,2.0,20.0,10,8,33.0,15.0,,28,11,8.0,5,11.0,16,6.0,2.0,2.0,1.0,43,6.0,9.0,7,14,3.0,24,15,39,9,4.0,5.0,5,3.0,3.0,7.0,2.0,12,3.0,7,20,2.0,18,3.0,17,1.0,7,,,,,,,,,72,20.0,20.0,0.5555555555555556,0.5555555555555556,0.6875,0.45714285714285713,0.5,0.4,0.45714285714285713,0.23076923076923078,,0.2727272727272727,0.44594594594594594,0.3,0.42857142857142855,0.49390243902439024,0.375,0.45454545454545453,0.47297297297297297,0.20512820512820512,0.2857142857142857,,0.4166666666666667,1.0,0.6363636363636364,0.3,0.5,0.3157894736842105,0.5833333333333334,0.30612244897959184,0.29411764705882354,0.3333333333333333,0.35294117647058826,0.6,0.5,0.8571428571428571,0.5,0.5,96.0,,14.57375,15.42625,13.736250000000002,14.66625,0.14864864864864866,0.36363636363636365,0.4444444444444444,0.5,0.28378378378378377,0.19047619047619047,0.26666666666666666,0.5,0.0945945945945946,0.14285714285714285,0.14285714285714285,1.0,0.0945945945945946,0.3783783783783784,0.39285714285714285,0.39285714285714285,0.5454545454545454,0.2,,0.2,0.5,0.38095238095238093,0.375,0.6216216216216216,0.39285714285714285,0.48517534246575345,0.483575,0.4971525,0.0875,0.15555555555555556,,0.1111111111111111,0.24691358024691357,8.264102564102565,25.805714285714288,0.25,2026-05-31,1022600063,LVA,1611661331,GSV,GSV,19.0,2.0,5.0,5.0,1.0,2.0,,5.0,,1.0,1.0,1.0,1.0,,,2.0,1.0,,0.18181818181818182,,0.7142857142857143,0.7142857142857143,1.0,0.23809523809523808,0.4,0.09523809523809523,0.5,1.0,2.0,,,,2.0,,,0.2857142857142857,,,,0.2,0.5,1.0,,,,1.0,,,,
39:59,72,72,13.0,10,144,10.0,14.0,2.0,4.0,3.0,10,1.0,5.0,14.0,11,26,1.0,2.0,1.0,4.0,14,29,18,40,13,95,2.0,5.0,2.0,3.0,2.0,12.0,2.0,4.0,4.0,8.0,4.0,20.0,18,10,48.0,6.0,2.0,26,11,1.0,9,16.0,25,9.0,7.0,2.0,,66,7.0,5.0,8,14,,22,12,34,9,6.0,3.0,3,2.0,1.0,4.0,2.0,7,2.0,7,16,,18,2.0,18,1.0,8,,3.0,1.0,,2.0,1.0,4.0,2.0,83,20.0,13.0,0.6428571428571429,0.6923076923076923,0.8888888888888888,0.45,0.6666666666666666,0.5,0.45,0.4827586206896552,0.4,0.5,0.5942028985507246,0.625,0.6666666666666666,0.6168831168831169,0.6666666666666666,0.6666666666666666,0.5797101449275363,0.034482758620689655,,,0.42857142857142855,,0.7777777777777778,0.3333333333333333,0.5333333333333333,0.3181818181818182,0.6666666666666666,0.32432432432432434,0.14285714285714285,0.5,0.26666666666666666,0.6666666666666666,0.9090909090909091,,0.5833333333333334,0.3333333333333333,86.40000000000006,0.5,17.00277777777775,16.330555555555556,16.444444444444414,15.094444444444443,0.2028985507246377,0.7142857142857143,0.7692307692307693,0.7,0.14492753623188406,0.3,0.3,0.6666666666666666,0.07246376811594203,0.2,0.2,,0.2028985507246377,0.37681159420289856,0.4230769230769231,0.4230769230769231,0.8181818181818182,0.5,0.5,0.25,0.5,0.3333333333333333,0.25,0.782608695652174,0.4230769230769231,0.5104644927536233,0.6218375,0.5046041666666666,0.10526315789473684,0.2222222222222222,,0.12631578947368421,0.21052631578947367,6.375862068965517,24.509999999999998,0.18055555555555555,2026-06-02,1022600068,PDX,1611661331,GSV,GSV,18.0,1.0,2.0,7.0,3.0,4.0,1.0,7.0,,2.0,2.0,,2.0,,3.0,1.0,1.0,0.025,0.07142857142857142,,0.5,0.5384615384615384,1.0,0.16666666666666666,0.5,0.3333333333333333,0.75,1.0,1.0,,1.0,,2.0,0.07142857142857142,,0.5,0.42857142857142855,0.02857142857142857,0.5,0.125,1.0,1.0,,,1.0,1.0,,,,
40:00,73,76,9.0,11,149,11.0,23.0,1.0,3.0,5.0,13,,3.0,10.0,9,27,3.0,5.0,2.0,3.0,16,39,14,37,10,84,1.0,4.0,5.0,8.0,2.0,19.0,1.0,5.0,2.0,4.0,4.0,12.0,18,14,36.0,6.0,2.0,27,9,5.0,9,12.0,21,8.0,7.0,2.0,,54,7.0,8.0,8,16,2.0,26,15,41,6,4.0,2.0,4,,3.0,3.0,1.0,7,,6,18,1.0,15,2.0,10,,4,,7.0,,,5.0,2.0,7.0,2.0,65,12.0,9.0,0.5625,0.6,0.8571428571428571,0.3783783783783784,0.625,0.5,0.3783783783783784,0.41025641025641024,0.25,0.2,0.4868421052631579,0.7083333333333334,0.4444444444444444,0.5185185185185185,0.7307692307692307,0.5454545454545454,0.4868421052631579,0.1282051282051282,0.07692307692307693,,0.5714285714285714,1.0,0.5161290322580645,0.34782608695652173,0.6153846153846154,0.30434782608695654,0.5454545454545454,0.32608695652173914,0.375,,0.3333333333333333,0.35714285714285715,0.42857142857142855,0.8,0.5833333333333334,1.0,89.4,0.2857142857142857,18.105479452054794,14.188157894736841,16.897260273972602,12.97236842105263,0.3026315789473684,0.4782608695652174,0.5789473684210527,0.6363636363636364,0.17105263157894737,0.38461538461538464,0.4166666666666667,0.4,0.039473684210526314,,,,0.13157894736842105,0.35526315789473684,0.3333333333333333,0.36,0.8888888888888888,0.25,0.3333333333333333,0.4166666666666667,0.6,0.3333333333333333,0.6666666666666666,0.7894736842105263,0.3333333333333333,0.5257233333333334,0.509625,0.44111666666666666,0.05,0.09302325581395349,,0.2261904761904762,0.14285714285714285,5.176923076923077,25.28918918918919,0.1232876712328767,2026-06-04,1022600073,MIN,1611661331,GSV,GSV,19.0,1.0,2.0,5.0,,1.0,2.0,4.0,,1.0,,,2.0,,3.0,1.0,1.0,0.05405405405405406,0.17391304347826086,0.07407407407407407,0.5,0.5,0.8,0.2222222222222222,0.5,0.1111111111111111,,2.0,3.0,,2.0,,2.0,,,0.4166666666666667,0.2,0.05128205128205128,,0.25,0.6666666666666666,0.5,,,,1.0,,,,
40:00,76,76,15.0,9,152,1.0,3.0,,1.0,14.0,29,2.0,5.0,11.0,8,24,,3.0,1.0,3.0,17,37,11,35,12,79,,5.0,1.0,6.0,2.0,5.0,2.0,8.0,2.0,7.0,2.0,12.0,10,24,27.0,6.0,,24,8,2.0,5,9.0,14,6.0,1.0,3.0,1.0,37,4.0,8.0,14,14,1.0,29,12,41,4,4.0,,3,3.0,3.0,6.0,,9,2.0,8,19,2.0,19,4.0,17,3.0,10,,1.0,,,,1.0,1.0,,74,12.0,15.0,0.29411764705882354,0.29411764705882354,0.8181818181818182,0.3142857142857143,0.16666666666666666,0.2857142857142857,0.3142857142857143,0.4594594594594595,,0.25,0.4652777777777778,0.13636363636363635,0.3333333333333333,0.5,0.20833333333333334,0.35294117647058826,0.4861111111111111,0.05405405405405406,0.06896551724137931,,0.3333333333333333,0.5,0.7368421052631579,0.4,0.8235294117647058,0.18181818181818182,0.7777777777777778,0.2857142857142857,0.5333333333333333,,0.2857142857142857,,0.75,0.6666666666666666,0.9090909090909091,0.6666666666666666,91.2,,15.342105263157896,16.236842105263158,14.539473684210526,14.926315789473685,0.041666666666666664,0.3333333333333333,0.3333333333333333,1.0,0.4027777777777778,0.4827586206896552,0.5185185185185185,0.21428571428571427,0.06944444444444445,0.4,0.4,0.5,0.1527777777777778,0.3333333333333333,0.3333333333333333,0.3333333333333333,0.75,0.09090909090909091,,0.2727272727272727,,0.2,0.3333333333333333,0.5277777777777778,0.3333333333333333,0.4597557142857142,0.48118125,0.4358961538461538,0.12658227848101267,0.22727272727272727,,0.06329113924050633,0.1518987341772152,8.52972972972973,26.457142857142856,0.19736842105263158,2026-06-06,1022600078,LVA,1611661331,GSV,GSV,23.0,,1.0,3.0,1.0,4.0,,3.0,1.0,,,,2.0,1.0,1.0,,,,,,0.2727272727272727,0.2727272727272727,1.0,0.06666666666666667,,0.26666666666666666,0.25,1.0,3.0,,,,2.0,,,,,,,0.2727272727272727,0.3333333333333333,1.0,,1.0,,,,,,
40:00,73,74,25.0,7,147,8.0,10.0,2.0,3.0,9.0,17,,5.0,6.0,7,23,,1.0,2.0,7.0,17,32,10,29,23,87,2.0,5.0,,2.0,,4.0,6.0,10.0,3.0,9.0,11.0,32.0,16,18,30.0,,2.0,23,7,2.0,8,10.0,18,7.0,3.0,5.0,,46,4.0,4.0,8,11,3.0,22,8,30,8,7.0,1.0,7,1.0,4.0,2.0,3.0,9,3.0,8,20,1.0,20,1.0,28,3.0,7,1.0,2.0,,,1.0,1.0,2.0,,83,32.0,25.0,0.47058823529411764,0.5,1.0,0.3448275862068966,,0.3333333333333333,0.3448275862068966,0.53125,0.4,0.6,0.5245901639344263,0.2857142857142857,0.5526315789473685,0.5972222222222222,0.2857142857142857,0.62,0.47540983606557374,0.0625,,,0.7777777777777778,1.0,0.6470588235294118,0.26666666666666666,0.5333333333333333,0.21052631578947367,0.59375,0.23529411764705882,0.375,0.2,0.1875,0.6666666666666666,0.6363636363636364,0.6666666666666666,0.36363636363636365,1.0,88.2,,17.33013698630137,15.336486486486487,16.486301369863014,14.375675675675678,0.16393442622950818,0.8,1.0,0.375,0.2786885245901639,0.5294117647058824,0.5294117647058824,0.5555555555555556,0.08196721311475409,,,,0.09836065573770492,0.3770491803278688,0.30434782608695654,0.30434782608695654,1.0,0.42857142857142855,0.6666666666666666,0.14285714285714285,,0.3684210526315789,0.2857142857142857,0.639344262295082,0.30434782608695654,0.4722958333333333,0.48928000000000005,0.4638166666666666,0.12121212121212122,0.19444444444444445,0.03333333333333333,0.04597701149425287,0.367816091954023,7.571875,25.56206896551724,0.3424657534246575,2026-06-09,1022600088,PHX,1611661331,GSV,GSV,30.0,3.0,4.0,3.0,1.0,2.0,,3.0,,,1.0,,3.0,,2.0,6.0,6.0,,0.2,,0.5,0.5,1.0,0.21052631578947367,0.75,0.10526315789473684,0.5,,1.0,,1.0,,2.0,,,,0.3333333333333333,0.03125,0.5,0.14285714285714285,,,2.0,,,,,,,
40:00,74,75,27.0,11,149,8.0,16.0,,2.0,4.0,7,4.0,6.0,5.0,7,32,,3.0,1.0,9.0,16,29,8,37,20,76,1.0,6.0,1.0,4.0,4.0,9.0,6.0,11.0,2.0,10.0,11.0,29.0,22,10,21.0,3.0,,32,7,4.0,11,7.0,18,6.0,4.0,3.0,4.0,43,11.0,3.0,7,21,1.0,29,14,43,6,1.0,5.0,6,1.0,4.0,8.0,2.0,14,6.0,8,18,2.0,23,1.0,23,3.0,6,2.0,4.0,2.0,2.0,3.0,1.0,6.0,4.0,67,27.0,26.0,0.6875,0.6875,0.875,0.21621621621621623,0.25,0.2,0.21621621621621623,0.5517241379310345,0.16666666666666666,0.5454545454545454,0.42424242424242425,0.25,0.42857142857142855,0.5066666666666667,0.375,0.5370370370370371,0.5606060606060606,0.13793103448275862,0.14285714285714285,,0.42857142857142855,1.0,0.75,0.25,0.7,0.39285714285714285,0.7368421052631579,0.35,,,0.4166666666666667,0.9090909090909091,0.5714285714285714,1.0,0.7,,89.4,0.6666666666666666,17.50135135135135,14.732000000000001,16.23378378378378,14.194666666666668,0.24242424242424243,0.5,0.6153846153846154,0.5,0.10606060606060606,0.5714285714285714,0.6666666666666666,0.75,0.09090909090909091,0.6666666666666666,0.6666666666666666,1.0,0.07575757575757576,0.48484848484848486,0.21875,0.22580645161290322,0.8571428571428571,0.2,,0.3,,0.42857142857142855,0.1111111111111111,0.803030303030303,0.21875,0.49605230769230774,0.2868,0.4526,0.11428571428571428,0.1875,0.05263157894736842,0.11842105263157894,0.3815789473684211,7.444827586206896,26.037837837837838,0.36486486486486486,2026-06-12,1022600096,SEA,1611661331,GSV,GSV,17.0,2.0,5.0,1.0,1.0,1.0,1.0,1.0,,,2.0,,3.0,,2.0,5.0,4.0,0.02702702702702703,0.1875,0.03125,0.2,0.2,1.0,0.23809523809523808,0.4,0.047619047619047616,1.0,1.0,1.0,,1.0,1.0,1.0,,,0.375,0.25,0.02857142857142857,,0.1,1.0,1.0,,,,,1.0,,,
39:59,72,73,18.0,11,145,2.0,3.0,,,18.0,29,1.0,13.0,7.0,5,14,,,,3.0,21,45,7,21,15,78,3.0,8.0,,1.0,5.0,11.0,4.0,12.0,1.0,6.0,4.0,15.0,28,14,15.0,6.0,2.0,14,5,3.0,14,5.0,19,3.0,2.0,12.0,,43,5.0,7.0,12,14,3.0,29,12,41,13,7.0,6.0,4,1.0,2.0,6.0,2.0,10,3.0,7,20,2.0,17,,19,,5,,4.0,,,,4.0,4.0,2.0,67,15.0,18.0,0.6666666666666666,0.7,0.7142857142857143,0.3333333333333333,,0.16666666666666666,0.3333333333333333,0.4666666666666667,0.375,0.3333333333333333,0.4772727272727273,0.3333333333333333,0.3055555555555556,0.52,0.4583333333333333,0.35714285714285715,0.3181818181818182,0.06666666666666667,0.10344827586206896,,0.4,1.0,0.6363636363636364,0.30434782608695654,0.6666666666666666,0.35714285714285715,0.65,0.32432432432432434,0.2727272727272727,0.36363636363636365,0.3333333333333333,1.0,0.5555555555555556,1.0,0.7142857142857143,0.5,87.00000000000006,0.5,17.48888888888889,15.627397260273945,16.258333333333336,14.579452054794492,0.045454545454545456,0.6666666666666666,0.6666666666666666,1.0,0.4393939393939394,0.6206896551724138,0.6923076923076923,0.6666666666666666,0.19696969696969696,0.07692307692307693,0.07692307692307693,,0.10606060606060606,0.21212121212121213,0.35714285714285715,0.35714285714285715,0.6,,,,,0.16666666666666666,,0.36363636363636365,0.35714285714285715,0.4343651515151515,0.3998857142857143,0.42365277777777777,0.07042253521126761,0.1,,0.14102564102564102,0.19230769230769232,10.12888888888889,25.052380952380954,0.25,2026-06-15,1022600105,LAS,1611661331,GSV,GSV,24.0,,1.0,2.0,1.0,3.0,1.0,2.0,,,1.0,,1.0,1.0,2.0,4.0,3.0,0.047619047619047616,,,0.2857142857142857,0.3333333333333333,1.0,0.05555555555555555,,0.16666666666666666,0.3333333333333333,,1.0,,,2.0,3.0,0.14285714285714285,,,0.4,,,0.1111111111111111,,,,,,,,,,
40:00,75,78,18.0,11,153,10.0,17.0,2.0,4.0,6.0,16,1.0,5.0,4.0,10,21,2.0,2.0,2.0,3.0,17,38,12,25,21,91,2.0,8.0,2.0,2.0,3.0,13.0,3.0,9.0,2.0,3.0,11.0,23.0,20,14,30.0,6.0,4.0,21,10,3.0,10,10.0,20,8.0,5.0,4.0,1.0,50,6.0,4.0,12,19,2.0,33,12,45,4,3.0,1.0,10,,7.0,3.0,3.0,13,4.0,9,14,1.0,20,,27,4.0,10,1.0,2.0,1.0,1.0,,2.0,3.0,2.0,78,19.0,15.0,0.5882352941176471,0.6666666666666666,0.8333333333333334,0.48,1.0,0.6666666666666666,0.48,0.4473684210526316,0.25,0.3333333333333333,0.5555555555555556,0.5,0.5,0.6148648648648649,0.5909090909090909,0.6388888888888888,0.3968253968253968,0.07894736842105263,0.0625,,0.7692307692307693,1.0,0.9047619047619048,0.19047619047619047,1.0,0.46153846153846156,0.9393939393939394,0.29411764705882354,0.2,0.25,0.45454545454545453,1.0,0.8461538461538461,1.0,1.0,1.0,91.8,0.6666666666666666,17.018666666666668,14.405128205128204,16.192,14.174358974358974,0.2698412698412698,0.5882352941176471,0.6666666666666666,0.5,0.25396825396825395,0.375,0.4,0.6666666666666666,0.07936507936507936,0.2,0.2,1.0,0.06349206349206349,0.3333333333333333,0.47619047619047616,0.47619047619047616,0.8,0.4,0.5,0.2,1.0,0.25,0.6666666666666666,0.6666666666666666,0.47619047619047616,0.47461349206349207,0.49556666666666666,0.43277499999999997,0.15714285714285714,0.22727272727272727,0.038461538461538464,0.14285714285714285,0.25274725274725274,7.473684210526316,25.064,0.24,2026-06-17,1022600109,DAL,1611661331,GSV,GSV,9.0,3.0,4.0,2.0,,,,2.0,,1.0,1.0,,1.0,,1.0,4.0,1.0,,0.11764705882352941,,0.5,0.5,1.0,0.3333333333333333,0.75,,,,,2.0,,1.0,,,0.5,0.14285714285714285,0.5,,,,,,,,,1.0,,,,
40:00,78,77,20.0,17,155,4.0,4.0,2.0,2.0,9.0,28,1.0,2.0,10.0,9,30,3.0,6.0,2.0,9.0,14,34,12,40,11,75,6.0,6.0,4.0,7.0,4.0,28.0,3.0,5.0,2.0,11.0,4.0,16.0,10,18,36.0,,4.0,30,9,8.0,5,12.0,17,9.0,2.0,2.0,1.0,46,9.0,9.0,5,22,,27,18,45,8,5.0,3.0,8,1.0,3.0,6.0,5.0,14,4.0,7,16,2.0,17,,17,2.0,7,,3.0,,,,3.0,3.0,1.0,47,16.0,20.0,0.35714285714285715,0.4166666666666667,1.0,0.3,0.5714285714285714,0.18181818181818182,0.3,0.4117647058823529,1.0,0.6,0.43243243243243246,0.9230769230769231,0.375,0.46296296296296297,0.875,0.42105263157894735,0.5405405405405406,0.23529411764705882,0.2857142857142857,,0.5714285714285714,,0.6470588235294118,0.45,0.7142857142857143,0.3333333333333333,0.6585365853658537,0.3829787234042553,0.42105263157894735,1.0,0.4,1.0,0.52,1.0,0.6,1.0,93.0,0.3333333333333333,16.615384615384617,14.337662337662337,15.375641025641025,13.697402597402599,0.05405405405405406,1.0,1.0,0.5,0.3783783783783784,0.32142857142857145,0.45,0.2222222222222222,0.02702702702702703,0.5,0.5,1.0,0.13513513513513514,0.40540540540540543,0.3,0.3103448275862069,1.0,0.15384615384615385,1.0,0.46153846153846156,0.5,0.5625,0.2222222222222222,0.5945945945945946,0.3,0.45603783783783786,0.480395,0.442246875,0.08860759493670886,0.1794871794871795,,0.37333333333333335,0.21333333333333335,6.785294117647059,24.642500000000002,0.2564102564102564,2026-06-19,1022600116,MIN,1611661331,GSV,GSV,11.0,2.0,2.0,3.0,,2.0,1.0,3.0,1.0,1.0,1.0,,1.0,1.0,,2.0,2.0,0.025,,0.03333333333333333,0.3,0.3,1.0,0.125,1.0,0.125,,1.0,1.0,,2.0,,3.0,,,,0.14285714285714285,0.05263157894736842,,0.07692307692307693,1.0,1.0,1.0,,,1.0,,,,
40:00,71,72,19.0,12,143,5.0,8.0,,3.0,13.0,22,5.0,7.0,6.0,4,24,,2.0,1.0,7.0,23,37,5,30,12,73,2.0,5.0,,3.0,4.0,8.0,3.0,8.0,1.0,8.0,5.0,14.0,10,36,15.0,,2.0,24,4,3.0,5,5.0,10,4.0,1.0,2.0,2.0,25,6.0,7.0,12,8,,20,13,33,7,6.0,1.0,5,3.0,4.0,5.0,1.0,10,5.0,4,15,2.0,18,2.0,18,3.0,7,,1.0,,,,1.0,1.0,1.0,65,14.0,19.0,0.21739130434782608,0.22727272727272727,1.0,0.16666666666666666,,0.125,0.16666666666666666,0.6216216216216216,0.4,0.375,0.4552238805970149,0.25,0.28125,0.49324324324324326,0.4,0.3684210526315789,0.44776119402985076,0.08108108108108109,0.045454545454545456,,0.5,,0.8888888888888888,0.5,0.9230769230769231,0.25,0.9090909090909091,0.34210526315789475,0.6666666666666666,0.5,0.3157894736842105,,1.0,0.6666666666666666,1.0,0.6666666666666666,85.8,1.0,18.664788732394367,14.927777777777777,17.650704225352115,14.913888888888888,0.11940298507462686,0.625,0.8333333333333334,0.2,0.3283582089552239,0.5909090909090909,0.6190476190476191,0.15384615384615385,0.1044776119402985,0.7142857142857143,0.7142857142857143,0.4,0.08955223880597014,0.3582089552238806,0.16666666666666666,0.16666666666666666,1.0,0.375,,0.25,,0.4375,0.14285714285714285,0.5671641791044776,0.16666666666666666,0.45362878787878785,0.542275,0.4367766666666667,0.09859154929577464,0.17073170731707318,,0.1095890410958904,0.1917808219178082,8.521621621621621,25.21333333333333,0.2676056338028169,2026-06-21,1022600120,LVA,1611661331,GSV,GSV,13.0,,,1.0,,1.0,,1.0,,,3.0,,2.0,,,3.0,3.0,,0.25,,0.16666666666666666,0.16666666666666666,1.0,,,0.0625,,,1.0,,,,1.0,,,,,,,0.125,,,1.0,,,,,,,
40:00,71,72,19.0,8,143,7.0,14.0,2.0,2.0,4.0,12,1.0,2.0,8.0,10,24,1.0,3.0,4.0,11.0,12,28,15,32,8,77,2.0,2.0,1.0,5.0,,7.0,2.0,2.0,5.0,14.0,1.0,20.0,12,12,42.0,3.0,2.0,24,10,2.0,6,14.0,20,9.0,3.0,2.0,1.0,54,6.0,3.0,8,17,4.0,29,9,38,5,3.0,2.0,6,2.0,3.0,11.0,3.0,17,7.0,13,20,1.0,16,1.0,12,,6,,7.0,,,3.0,4.0,7.0,6.0,70,20.0,19.0,0.5,0.5454545454545454,0.9333333333333333,0.46875,0.2,0.35714285714285715,0.46875,0.42857142857142855,1.0,1.0,0.575,0.5,0.59375,0.5833333333333334,0.5,0.5882352941176471,0.5333333333333333,0.07142857142857142,0.16666666666666666,,0.35294117647058826,0.8,0.68,0.1875,0.6153846153846154,0.42857142857142855,0.6578947368421053,0.3,0.25,,0.45454545454545453,0.4,0.8571428571428571,1.0,0.6,0.6666666666666666,85.8,0.8571428571428571,19.549295774647888,14.055555555555555,18.708450704225353,13.394444444444444,0.23333333333333334,0.5,0.5,0.42857142857142855,0.2,0.3333333333333333,0.4,0.5,0.03333333333333333,0.5,0.5,1.0,0.13333333333333333,0.4,0.4166666666666667,0.43478260869565216,0.9,0.2857142857142857,1.0,0.42857142857142855,0.3333333333333333,0.6875,0.36363636363636365,0.7666666666666667,0.4166666666666667,0.4897708333333333,0.5417375,0.54070625,0.09090909090909091,0.17647058823529413,,0.09090909090909091,0.2597402597402597,6.246428571428572,24.8125,0.2676056338028169,2026-06-24,1022600131,ATL,1611661331,GSV,GSV,10.0,2.0,2.0,5.0,1.0,3.0,1.0,5.0,1.0,,3.0,2.0,1.0,2.0,2.0,,,0.03125,,0.041666666666666664,0.625,0.625,1.0,0.125,1.0,0.1875,0.3333333333333333,,2.0,,1.0,,,,,0.14285714285714285,0.3333333333333333,0.037037037037037035,0.5,0.2857142857142857,,,,,,1.0,,,,
40:00,79,81,7.0,10,160,14.0,18.0,2.0,3.0,8.0,19,,3.0,10.0,4,12,,1.0,,1.0,22,40,5,22,19,78,3.0,6.0,1.0,3.0,2.0,11.0,1.0,1.0,,1.0,7.0,9.0,18,26,15.0,,,12,4,4.0,9,5.0,14,4.0,6.0,3.0,,33,7.0,6.0,12,19,2.0,33,13,46,6,5.0,1.0,14,1.0,6.0,4.0,8.0,18,,14,22,,21,2.0,25,1.0,8,,9.0,,,6.0,3.0,9.0,7.0,67,9.0,7.0,0.4090909090909091,0.4090909090909091,1.0,0.22727272727272727,0.3333333333333333,,0.22727272727272727,0.55,0.5,1.0,0.47580645161290325,0.5,0.5,0.527027027027027,0.55,0.6428571428571429,0.3548387096774194,0.1,0.15789473684210525,,0.7777777777777778,0.6666666666666666,0.6333333333333333,0.3333333333333333,0.8571428571428571,0.4117647058823529,0.7045454545454546,0.37142857142857144,0.36363636363636365,0.3333333333333333,0.25,0.7272727272727273,0.5333333333333333,0.75,0.9166666666666666,0.5,96.0,0.7777777777777778,16.20506329113924,13.82469135802469,15.078481012658228,12.971604938271605,0.2903225806451613,0.7777777777777778,0.8235294117647058,0.42857142857142855,0.3064516129032258,0.42105263157894735,0.5,0.375,0.04838709677419355,,,,0.16129032258064516,0.1935483870967742,0.3333333333333333,0.3333333333333333,1.0,0.3333333333333333,0.6666666666666666,0.1111111111111111,,0.5,,0.6451612903225806,0.3333333333333333,0.49588548387096776,0.5228428571428572,0.537675,0.11594202898550725,0.1702127659574468,,0.14102564102564102,0.11538461538461539,5.8225,24.11818181818182,0.08860759493670886,2026-06-26,1022600137,ATL,1611661331,GSV,GSV,36.0,1.0,1.0,1.0,,,,1.0,1.0,2.0,3.0,,3.0,1.0,4.0,5.0,5.0,,0.05555555555555555,,0.1,0.1,1.0,0.5,1.0,,,1.0,2.0,,,,1.0,,,0.25,0.5555555555555556,,0.5,0.2222222222222222,0.5,1.0,,,,,,,,
40:00,68,68,19.0,11,136,5.0,7.0,,,11.0,22,5.0,8.0,10.0,5,18,,2.0,2.0,4.0,21,37,7,28,13,76,5.0,7.0,1.0,4.0,2.0,15.0,7.0,10.0,3.0,6.0,6.0,29.0,26,16,21.0,,,18,5,2.0,13,7.0,20,5.0,3.0,7.0,3.0,47,9.0,4.0,14,11,1.0,26,13,39,5,4.0,1.0,5,1.0,2.0,3.0,3.0,8,,4,24,2.0,21,2.0,18,1.0,6,1.0,2.0,,,1.0,1.0,2.0,1.0,61,29.0,19.0,0.6190476190476191,0.6190476190476191,1.0,0.25,0.25,0.5,0.25,0.5675675675675675,0.7142857142857143,0.7,0.4846153846153846,0.5909090909090909,0.71875,0.5208333333333334,0.625,0.7631578947368421,0.4307692307692308,0.05405405405405406,0.045454545454545456,,0.625,0.5,0.7333333333333333,0.26666666666666666,0.875,0.42857142857142855,0.8064516129032258,0.3611111111111111,0.2727272727272727,0.3333333333333333,0.3076923076923077,0.5,0.9,,0.8571428571428571,1.0,81.6,0.5,20.72941176470588,14.564705882352941,19.41176470588235,14.080882352941176,0.1076923076923077,0.7142857142857143,0.8333333333333334,0.6,0.3384615384615385,0.5,0.5238095238095238,0.6363636363636364,0.12307692307692308,0.625,0.625,0.6,0.15384615384615385,0.27692307692307694,0.2777777777777778,0.2777777777777778,1.0,,,0.18181818181818182,,0.25,0.5,0.5384615384615384,0.2777777777777778,0.43965692307692306,0.3802214285714286,0.460259375,0.1,0.14285714285714285,0.03571428571428571,0.19736842105263158,0.3815789473684211,9.04054054054054,24.825,0.27941176470588236,2026-06-28,1022600144,NYL,1611661331,GSV,GSV,31.0,3.0,4.0,2.0,1.0,2.0,,2.0,,,1.0,,3.0,1.0,3.0,2.0,2.0,,0.14285714285714285,,0.2,0.2,1.0,0.25,0.75,0.125,0.5,1.0,2.0,,2.0,,6.0,,,,0.625,0.058823529411764705,,0.18181818181818182,0.5,1.0,2.0,,,,1.0,,,
40:00,77,79,16.0,11,156,15.0,21.0,5.0,6.0,3.0,9,,3.0,9.0,10,25,1.0,1.0,,3.0,18,33,13,34,13,88,5.0,7.0,1.0,1.0,2.0,15.0,5.0,6.0,1.0,5.0,6.0,19.0,16,20,33.0,6.0,4.0,25,10,,8,11.0,19,8.0,7.0,1.0,,49,7.0,3.0,11,13,3.0,27,11,38,15,10.0,5.0,6,2.0,2.0,9.0,4.0,15,3.0,14,28,2.0,20,2.0,17,6.0,9,,3.0,1.0,,3.0,,4.0,1.0,73,15.0,14.0,0.4444444444444444,0.5,0.8461538461538461,0.38235294117647056,1.0,0.2,0.38235294117647056,0.5454545454545454,0.7142857142857143,0.8333333333333334,0.5597014925373134,0.8125,0.5909090909090909,0.6041666666666666,0.9375,0.6428571428571429,0.5074626865671642,,,,0.4,0.75,0.5909090909090909,0.2,0.6111111111111112,0.3333333333333333,0.6,0.2777777777777778,0.16666666666666666,0.3333333333333333,0.26666666666666666,0.45454545454545453,0.7,1.0,0.5,1.0,93.6,0.25,16.431168831168833,14.364556962025317,15.82077922077922,13.187341772151898,0.31343283582089554,0.7142857142857143,0.7142857142857143,0.4666666666666667,0.13432835820895522,0.3333333333333333,0.3333333333333333,0.3333333333333333,0.04477611940298507,,,,0.13432835820895522,0.373134328358209,0.4,0.4,0.8,0.75,0.8333333333333334,0.125,1.0,0.2727272727272727,,0.8208955223880597,0.4,0.5210985074626866,0.600375,0.5277318181818181,0.12857142857142856,0.25,,0.17045454545454544,0.2159090909090909,5.345454545454546,23.96764705882353,0.2077922077922078,2026-07-04,1022600150,ATL,1611661331,GSV,GSV,34.0,4.0,5.0,3.0,1.0,2.0,1.0,3.0,,2.0,2.0,,3.0,,1.0,2.0,,0.029411764705882353,,,0.3333333333333333,0.375,1.0,0.45454545454545453,0.8,0.18181818181818182,0.5,,,1.0,1.0,1.0,4.0,0.1111111111111111,0.3333333333333333,0.16666666666666666,0.5,0.02857142857142857,0.4,,,,1.0,,1.0,1.0,,,,
40:00,67,68,18.0,12,135,9.0,14.0,3.0,4.0,3.0,11,8.0,15.0,11.0,4,23,1.0,3.0,2.0,6.0,20,40,6,34,4,62,4.0,8.0,1.0,5.0,,11.0,4.0,10.0,3.0,8.0,,17.0,18,22,15.0,3.0,4.0,23,4,3.0,9,5.0,14,3.0,3.0,2.0,4.0,33,9.0,5.0,14,10,1.0,25,14,39,10,6.0,4.0,1,2.0,,5.0,1.0,6,2.0,8,16,,13,1.0,4,2.0,3,,5.0,,,3.0,1.0,5.0,,51,17.0,18.0,0.45,0.5,0.8333333333333334,0.17647058823529413,0.2,0.375,0.17647058823529413,0.5,0.5,0.4,0.3918918918918919,0.4230769230769231,0.4722222222222222,0.41333333333333333,0.4230769230769231,0.4722222222222222,0.4594594594594595,0.075,,,0.16666666666666666,1.0,0.5,0.25,0.7777777777777778,0.3333333333333333,0.631578947368421,0.2978723404255319,0.125,0.42857142857142855,0.2777777777777778,0.4444444444444444,0.6666666666666666,0.4,0.7692307692307693,0.8,81.0,,18.68358208955224,16.88529411764706,16.894029850746268,15.839705882352943,0.1891891891891892,0.6428571428571429,0.8181818181818182,0.3333333333333333,0.14864864864864866,0.2727272727272727,0.2727272727272727,0.6666666666666666,0.20270270270270271,0.5333333333333333,0.5333333333333333,0.5,0.14864864864864866,0.3108108108108108,0.17391304347826086,0.17391304347826086,0.75,0.3076923076923077,0.75,0.23076923076923078,0.3333333333333333,0.3333333333333333,0.3333333333333333,0.6486486486486487,0.17391304347826086,0.4807506756756757,0.46535,0.47631111111111113,0.04,0.07317073170731707,,0.1774193548387097,0.27419354838709675,10.075,25.43235294117647,0.26865671641791045,2026-07-06,1022600154,WAS,1611661331,GSV,GSV,20.0,2.0,3.0,2.0,1.0,2.0,,2.0,,1.0,1.0,,2.0,1.0,5.0,,,,0.21428571428571427,,0.18181818181818182,0.18181818181818182,1.0,0.16666666666666666,0.6666666666666666,0.1111111111111111,0.5,,2.0,,1.0,1.0,,,,0.2,0.4444444444444444,0.022727272727272728,,0.15384615384615385,,,,,,1.0,,1.0,,
40:00,74,76,10.0,11,150,9.0,14.0,2.0,3.0,5.0,10,1.0,4.0,7.0,9,23,,1.0,,2.0,15,28,11,30,20,83,2.0,3.0,2.0,4.0,5.0,15.0,2.0,4.0,,3.0,4.0,8.0,14,16,33.0,,,23,9,,7,11.0,18,9.0,5.0,2.0,,47,5.0,6.0,11,9,1.0,21,12,33,7,6.0,1.0,6,2.0,3.0,10.0,3.0,16,3.0,9,20,3.0,20,3.0,25,,10,1.0,3.0,,,1.0,2.0,3.0,2.0,68,8.0,10.0,0.4666666666666667,0.4666666666666667,1.0,0.36666666666666664,0.5,,0.36666666666666664,0.5357142857142857,0.6666666666666666,0.5,0.5431034482758621,0.7142857142857143,0.2857142857142857,0.5928571428571429,0.75,0.4444444444444444,0.5172413793103449,,,,0.375,1.0,0.75,0.5,0.6875,0.2631578947368421,0.7142857142857143,0.3548387096774194,0.25,0.6666666666666666,0.14285714285714285,0.75,0.8,0.6666666666666666,0.8571428571428571,0.5555555555555556,90.0,0.6666666666666666,18.60810810810811,13.460526315789474,17.594594594594593,12.965789473684211,0.2413793103448276,0.6428571428571429,0.6428571428571429,0.5555555555555556,0.1724137931034483,0.5,0.5,0.4,0.06896551724137931,0.25,0.25,,0.1206896551724138,0.39655172413793105,0.391304347826087,0.391304347826087,1.0,0.42857142857142855,0.6666666666666666,0.14285714285714285,,0.2857142857142857,,0.7586206896551724,0.391304347826087,0.5107577586206896,0.6260785714285715,0.3710928571428571,0.15942028985507245,0.2631578947368421,0.03225806451612903,0.18072289156626506,0.0963855421686747,6.814285714285715,24.506666666666668,0.13513513513513514,2026-07-08,1022600159,TOR,1611661331,GSV,GSV,16.0,,,2.0,,1.0,,2.0,1.0,,2.0,,2.0,1.0,1.0,1.0,1.0,,,,0.2857142857142857,0.2857142857142857,1.0,,,0.14285714285714285,,2.0,3.0,1.0,,1.0,1.0,,1.0,0.6,0.6,,0.5,0.42857142857142855,0.6666666666666666,1.0,,,,,,,,
40:00,73,73,16.0,9,146,12.0,18.0,2.0,4.0,10.0,17,1.0,7.0,4.0,5,14,1.0,3.0,2.0,3.0,23,42,8,18,9,79,5.0,7.0,1.0,3.0,,13.0,6.0,8.0,3.0,4.0,5.0,26.0,22,24,24.0,,4.0,14,5,3.0,11,8.0,19,5.0,6.0,5.0,,46,4.0,7.0,7,13,2.0,22,11,33,11,8.0,3.0,10,2.0,6.0,7.0,4.0,17,2.0,8,20,2.0,20,3.0,13,1.0,6,,6.0,,,4.0,1.0,6.0,4.0,66,26.0,16.0,0.4782608695652174,0.5238095238095238,1.0,0.4444444444444444,0.3333333333333333,0.75,0.4444444444444444,0.5476190476190477,0.7142857142857143,0.75,0.5833333333333334,0.65,0.875,0.5984848484848485,0.65,0.9285714285714286,0.3,0.07142857142857142,0.058823529411764705,,0.5882352941176471,1.0,0.65,0.3888888888888889,0.5833333333333334,0.4,0.625,0.39285714285714285,0.42857142857142855,0.3333333333333333,0.4444444444444444,0.6666666666666666,0.7142857142857143,0.5714285714285714,0.6363636363636364,,87.6,0.6666666666666666,18.198630136986303,14.678082191780822,16.997260273972604,13.542465753424658,0.3,0.6666666666666666,0.75,0.5,0.2833333333333333,0.5882352941176471,0.625,0.5,0.11666666666666667,0.14285714285714285,0.14285714285714285,,0.06666666666666667,0.23333333333333334,0.35714285714285715,0.35714285714285715,1.0,0.4,0.5,0.3,0.3333333333333333,0.25,0.6666666666666666,0.6,0.35714285714285715,0.4783216666666667,0.6173642857142857,0.4015958333333333,0.09230769230769231,0.1276595744680851,,0.16455696202531644,0.3291139240506329,6.788095238095239,25.916666666666668,0.2191780821917808,2026-07-10,1022600165,CON,1611661331,GSV,GSV,21.0,1.0,1.0,3.0,1.0,1.0,,3.0,,,,1.0,2.0,2.0,1.0,1.0,1.0,,0.1111111111111111,,0.75,0.75,1.0,0.08333333333333333,1.0,0.08333333333333333,1.0,,,,,,1.0,,,0.4,,,,,,,,,,1.0,,1.0,,
40:00,77,78,14.0,7,155,16.0,18.0,1.0,1.0,2.0,8,4.0,8.0,5.0,7,19,,2.0,,1.0,22,34,8,24,20,88,2.0,2.0,,3.0,,4.0,2.0,3.0,,1.0,10.0,14.0,18,26,21.0,3.0,,19,7,2.0,9,7.0,16,6.0,7.0,1.0,1.0,39,7.0,1.0,10,16,2.0,28,8,36,9,6.0,3.0,8,3.0,4.0,9.0,4.0,17,6.0,6,15,,19,2.0,23,2.0,7,,4.0,,,2.0,,4.0,1.0,84,10.0,12.0,0.4090909090909091,0.4090909090909091,0.875,0.3333333333333333,,,0.3333333333333333,0.6470588235294118,1.0,0.6666666666666666,0.5862068965517241,0.4,0.5,0.6397058823529411,0.4,0.7777777777777778,0.41379310344827586,0.058823529411764705,0.25,,0.47058823529411764,1.0,0.6666666666666666,0.08333333333333333,0.625,0.4375,0.65,0.2857142857142857,0.16666666666666666,,0.3333333333333333,0.8,0.8333333333333334,0.375,0.6666666666666666,0.5,92.99999999999993,0.25,17.09480519480522,13.893589743589745,16.081818181818207,13.033333333333333,0.3103448275862069,0.8888888888888888,0.8888888888888888,0.4375,0.13793103448275862,0.25,0.3333333333333333,0.5,0.13793103448275862,0.5,0.5,0.25,0.08620689655172414,0.3275862068965517,0.3684210526315789,0.3684210526315789,0.8571428571428571,0.2,1.0,0.4,,0.25,,0.7241379310344828,0.3684210526315789,0.5153896551724139,0.3784,0.4587875,0.1111111111111111,0.1794871794871795,,0.045454545454545456,0.1590909090909091,6.911764705882353,25.474999999999998,0.18181818181818182,2026-07-15,1022600181,IND,1611661331,GSV,GSV,14.0,2.0,2.0,1.0,,,,1.0,1.0,1.0,3.0,,3.0,,,5.0,2.0,,,,0.2,0.2,1.0,0.5,1.0,,,,1.0,,,1.0,1.0,,,,0.75,,1.0,0.2,,,1.0,,,,,2.0,,
40:00,66,69,12.0,10,135,,1.0,,1.0,9.0,21,3.0,4.0,6.0,9,27,2.0,4.0,,2.0,12,26,12,33,14,74,1.0,4.0,2.0,4.0,1.0,9.0,2.0,2.0,1.0,4.0,6.0,13.0,18,6,36.0,,,27,9,5.0,9,12.0,21,9.0,,9.0,,54,6.0,4.0,10,10,,20,10,30,8,5.0,3.0,5,1.0,4.0,3.0,1.0,8,2.0,6,16,1.0,17,1.0,20,2.0,8,,2.0,,,1.0,1.0,2.0,1.0,65,13.0,12.0,0.75,0.75,1.0,0.36363636363636365,0.5,0.25,0.36363636363636365,0.46153846153846156,0.25,1.0,0.5084745762711864,0.5,0.5833333333333334,0.5441176470588235,0.5,0.65,0.559322033898305,0.19230769230769232,0.19047619047619047,,0.625,,0.625,0.2857142857142857,0.5882352941176471,0.2857142857142857,0.6060606060606061,0.2857142857142857,0.3333333333333333,,0.2777777777777778,0.5,0.6153846153846154,1.0,0.6363636363636364,0.5,81.0,0.5,18.64090909090909,16.952173913043477,17.775757575757577,16.18985507246377,0.01694915254237288,,,,0.3559322033898305,0.42857142857142855,0.5294117647058824,1.0,0.06779661016949153,0.75,0.75,,0.1016949152542373,0.4576271186440678,0.3333333333333333,0.3333333333333333,1.0,0.125,,0.5,0.5,0.3333333333333333,,0.576271186440678,0.3333333333333333,0.4493347457627119,0.5044875,0.49780833333333335,0.12307692307692308,0.25,,0.12162162162162163,0.17567567567567569,9.207692307692309,24.92727272727273,0.18181818181818182,2026-07-18,1022600190,WAS,1611661331,GSV,GSV,10.0,,,3.0,1.0,2.0,,3.0,,,1.0,,2.0,,1.0,3.0,3.0,,1.0,,0.5,0.5,1.0,,,0.3333333333333333,0.5,,,,2.0,1.0,,,,,0.3333333333333333,0.06666666666666667,,,,,,,,1.0,,,,
40:00,76,76,7.0,8,152,9.0,17.0,4.0,5.0,8.0,15,2.0,7.0,11.0,9,22,,1.0,1.0,6.0,19,39,12,33,8,82,4.0,5.0,,1.0,,8.0,1.0,1.0,1.0,7.0,2.0,7.0,18,20,36.0,,6.0,22,9,5.0,9,12.0,21,9.0,4.0,5.0,,54,5.0,3.0,6,10,,16,8,24,10,6.0,4.0,4,3.0,4.0,5.0,,9,,9,15,,14,3.0,11,1.0,4,1.0,4.0,,,3.0,1.0,4.0,3.0,74,7.0,7.0,0.47368421052631576,0.5625,1.0,0.36363636363636365,,0.14285714285714285,0.36363636363636365,0.48717948717948717,0.8,1.0,0.5138888888888888,0.6666666666666666,0.3125,0.5328947368421053,0.6666666666666666,0.3888888888888889,0.4583333333333333,0.1282051282051282,,0.14285714285714285,0.4444444444444444,,0.5882352941176471,0.15,0.5,0.2631578947368421,0.5517241379310345,0.20512820512820512,0.14285714285714285,0.2,0.2727272727272727,0.6666666666666666,0.5,1.0,0.5,0.5,91.2,0.75,17.05526315789474,14.523684210526316,16.725,14.046052631578947,0.2361111111111111,0.5294117647058824,0.6923076923076923,0.4444444444444444,0.20833333333333334,0.5333333333333333,0.5333333333333333,0.625,0.09722222222222222,0.2857142857142857,0.3333333333333333,,0.1527777777777778,0.3055555555555556,0.4090909090909091,0.4090909090909091,1.0,0.8333333333333334,0.8,0.16666666666666666,,0.75,0.16666666666666666,0.6944444444444444,0.4090909090909091,0.481275,0.5468666666666667,0.36851875,0.06578947368421052,0.09523809523809523,0.029411764705882353,0.0975609756097561,0.08536585365853659,7.128205128205129,24.36969696969697,0.09210526315789473,2026-07-20,1022600195,WAS,1611661331,GSV,GSV,11.0,1.0,1.0,3.0,,1.0,,3.0,,1.0,2.0,,1.0,,,,,,0.23529411764705882,,0.2727272727272727,0.2727272727272727,1.0,0.125,1.0,0.125,,,,,2.0,,3.0,,,0.125,0.25,0.058823529411764705,0.25,,,,1.0,,,,,,,
40:00,76,77,28.0,14,153,10.0,17.0,2.0,4.0,9.0,22,,4.0,5.0,9,28,2.0,7.0,5.0,7.0,19,43,12,33,15,89,4.0,8.0,2.0,7.0,,14.0,9.0,14.0,7.0,10.0,12.0,51.0,24,14,36.0,,,28,9,7.0,12,12.0,24,9.0,5.0,7.0,,60,7.0,7.0,5,14,4.0,23,15,38,7,5.0,2.0,3,2.0,2.0,6.0,1.0,9,2.0,13,34,,23,1.0,19,3.0,6,2.0,1.0,,,,1.0,1.0,1.0,75,51.0,28.0,0.631578947368421,0.631578947368421,1.0,0.36363636363636365,0.2857142857142857,0.7,0.36363636363636365,0.4418604651162791,0.5,0.6428571428571429,0.4868421052631579,0.4666666666666667,0.8125,0.536144578313253,0.4666666666666667,0.8793103448275862,0.4342105263157895,0.16279069767441862,0.18181818181818182,,0.3333333333333333,0.8,0.8235294117647058,0.30434782608695654,0.5555555555555556,0.35,0.7307692307692307,0.32558139534883723,0.5,0.25,0.3333333333333333,1.0,0.7777777777777778,0.8571428571428571,0.42857142857142855,1.0,91.79999999999994,1.0,17.789473684210552,13.61038961038961,16.671052631578974,13.142857142857142,0.2236842105263158,0.5882352941176471,0.7142857142857143,0.5,0.2894736842105263,0.4090909090909091,0.5,0.7777777777777778,0.05263157894736842,,,,0.06578947368421052,0.3684210526315789,0.32142857142857145,0.32142857142857145,1.0,0.26666666666666666,0.5,0.4666666666666667,0.2857142857142857,0.2916666666666667,0.7142857142857143,0.6578947368421053,0.32142857142857145,0.4819953947368421,0.55249375,0.4857875,0.09876543209876543,0.13043478260869565,0.05714285714285714,0.15730337078651685,0.5730337078651685,6.3860465116279075,25.133333333333333,0.3684210526315789,2026-07-29,1022600209,PHX,1611661331,GSV,GSV,46.0,2.0,4.0,3.0,2.0,3.0,,3.0,,1.0,1.0,,4.0,,1.0,2.0,2.0,,0.17647058823529413,,0.6,0.6,1.0,0.16666666666666666,0.5,0.125,0.6666666666666666,,,1.0,1.0,,7.0,,0.3333333333333333,,0.5,0.02702702702702703,0.5,,,,,,,1.0,,,,
40:00,76,75,23.0,7,151,7.0,10.0,1.0,1.0,10.0,23,2.0,5.0,14.0,8,15,3.0,3.0,2.0,5.0,19,38,14,29,16,96,2.0,2.0,3.0,3.0,,13.0,7.0,9.0,3.0,9.0,9.0,32.0,28,10,36.0,6.0,,15,8,1.0,14,12.0,26,6.0,6.0,6.0,2.0,64,4.0,3.0,16,9,1.0,26,7,33,8,3.0,5.0,3,2.0,1.0,5.0,2.0,8,2.0,9,20,1.0,21,3.0,18,4.0,10,,5.0,,,2.0,3.0,5.0,2.0,83,32.0,23.0,0.7368421052631579,0.7368421052631579,0.8571428571428571,0.4827586206896552,1.0,0.3333333333333333,0.4827586206896552,0.5,1.0,0.7777777777777778,0.5970149253731343,1.3,0.6388888888888888,0.6486486486486487,1.3,0.6956521739130435,0.43283582089552236,0.02631578947368421,0.043478260869565216,,0.375,0.5,0.6,0.16666666666666666,0.6956521739130435,0.26666666666666666,0.6578947368421053,0.21212121212121213,0.16666666666666666,0.3333333333333333,0.2857142857142857,0.6,0.625,0.5,0.75,0.5714285714285714,90.6,0.4,16.38421052631579,15.397333333333332,15.932894736842107,14.249333333333334,0.14925373134328357,0.7,0.7,0.8571428571428571,0.34328358208955223,0.43478260869565216,0.45454545454545453,0.6,0.07462686567164178,0.4,0.4,1.0,0.208955223880597,0.22388059701492538,0.5333333333333333,0.5333333333333333,0.75,0.2,1.0,0.6,1.0,0.2777777777777778,0.4,0.582089552238806,0.5333333333333333,0.4805932835820896,0.50755,0.44528333333333336,0.136986301369863,0.22727272727272727,,0.13541666666666666,0.3333333333333333,7.826315789473684,24.155172413793103,0.3026315789473684,2026-08-02,1022600221,TOR,1611661331,GSV,GSV,31.0,2.0,2.0,6.0,1.0,4.0,,6.0,,,1.0,,1.0,,2.0,1.0,1.0,,,,0.42857142857142855,0.42857142857142855,1.0,0.1111111111111111,1.0,0.2222222222222222,0.25,,,,,1.0,2.0,,,,0.25,,1.0,,,,,,,0.6666666666666666,,,,
40:00,74,75,14.0,14,149,13.0,17.0,5.0,6.0,6.0,14,,4.0,5.0,10,28,2.0,5.0,2.0,9.0,19,35,12,33,18,92,5.0,7.0,3.0,6.0,3.0,22.0,3.0,8.0,2.0,9.0,6.0,18.0,18,20,36.0,,8.0,28,10,2.0,9,12.0,21,10.0,5.0,4.0,,54,8.0,7.0,13,10,1.0,24,16,40,9,7.0,2.0,8,2.0,6.0,6.0,2.0,14,2.0,8,14,1.0,19,2.0,23,1.0,7,1.0,2.0,,,1.0,1.0,2.0,,70,15.0,12.0,0.47368421052631576,0.6,1.0,0.36363636363636365,0.5,0.2222222222222222,0.36363636363636365,0.5428571428571428,0.7142857142857143,0.375,0.5441176470588235,0.7307692307692307,0.35294117647058826,0.5897435897435898,0.7857142857142857,0.45,0.4852941176470588,0.05714285714285714,0.07142857142857142,,0.5714285714285714,1.0,0.7142857142857143,0.4375,0.7647058823529411,0.4,0.7419354838709677,0.4166666666666667,0.375,0.5,0.29411764705882354,0.3333333333333333,0.6666666666666666,1.0,0.8333333333333334,0.6,89.4,,17.53648648648649,14.697333333333333,16.271621621621623,14.174666666666665,0.25,0.7647058823529411,0.8125,0.38461538461538464,0.20588235294117646,0.42857142857142855,0.46153846153846156,0.6666666666666666,0.058823529411764705,,,,0.07352941176470588,0.4117647058823529,0.35714285714285715,0.35714285714285715,1.0,0.46153846153846156,0.8333333333333334,0.38461538461538464,0.4,0.5294117647058824,0.2222222222222222,0.7352941176470589,0.35714285714285715,0.4865529411764706,0.5015416666666667,0.4607323529411764,0.10666666666666667,0.17073170731707318,0.029411764705882353,0.2391304347826087,0.1956521739130435,5.725714285714286,24.733333333333334,0.1891891891891892,2026-08-04,1022600225,TOR,1611661331,GSV,GSV,8.0,3.0,5.0,2.0,,,1.0,2.0,,1.0,2.0,,,,,3.0,,0.030303030303030304,0.058823529411764705,,0.4,0.5,1.0,0.29411764705882354,0.6,,,1.0,1.0,1.0,2.0,,,0.2,0.5,0.5,1.0,0.06060606060606061,0.2,0.07692307692307693,1.0,1.0,1.0,1.0,,1.0,,,,
40:00,75,77,9.0,11,152,16.0,19.0,2.0,2.0,3.0,12,2.0,6.0,7.0,9,27,2.0,7.0,1.0,2.0,21,37,12,34,16,94,2.0,3.0,2.0,8.0,,10.0,1.0,1.0,2.0,3.0,7.0,15.0,30,12,36.0,,2.0,27,9,2.0,15,12.0,27,9.0,11.0,3.0,1.0,66,6.0,5.0,11,11,7.0,29,12,41,8,3.0,5.0,7,,3.0,1.0,4.0,8,1.0,15,24,,15,1.0,18,2.0,7,,5.0,,,2.0,3.0,5.0,,84,15.0,9.0,0.7142857142857143,0.75,1.0,0.35294117647058826,0.25,0.6666666666666666,0.35294117647058826,0.5675675675675675,0.6666666666666666,1.0,0.5492957746478874,0.45454545454545453,1.0,0.5949367088607594,0.45454545454545453,0.9375,0.4788732394366197,0.05405405405405406,0.08333333333333333,,0.875,0.875,0.4782608695652174,0.3125,0.6111111111111112,0.2727272727272727,0.5365853658536586,0.2894736842105263,0.3333333333333333,0.25,0.2222222222222222,0.2,0.5333333333333333,0.6666666666666666,0.6,0.6666666666666666,91.2,,16.823999999999998,14.781818181818183,15.584,13.963636363636365,0.2676056338028169,0.8421052631578947,0.8888888888888888,0.6875,0.16901408450704225,0.25,0.2727272727272727,1.0,0.08450704225352113,0.3333333333333333,0.3333333333333333,0.5,0.09859154929577464,0.38028169014084506,0.3333333333333333,0.34615384615384615,1.0,0.18181818181818182,1.0,0.6363636363636364,0.2857142857142857,0.5,0.5,0.7464788732394366,0.3333333333333333,0.5203901408450704,0.55025,0.5190375,0.09210526315789473,0.16666666666666666,,0.10638297872340426,0.1595744680851064,6.454054054054055,24.76764705882353,0.12,2026-08-07,1022600235,DAL,1611661331,GSV,GSV,33.0,1.0,1.0,3.0,1.0,1.0,1.0,3.0,,,1.0,,1.0,1.0,,3.0,3.0,0.029411764705882353,0.05263157894736842,0.037037037037037035,0.42857142857142855,0.42857142857142855,1.0,0.25,1.0,0.25,1.0,,1.0,1.0,1.0,,5.0,,1.0,0.3333333333333333,0.5,0.02857142857142857,,0.09090909090909091,,,,,,1.0,,,,
40:00,71,72,13.0,11,143,7.0,8.0,2.0,3.0,10.0,21,3.0,6.0,10.0,10,24,2.0,5.0,2.0,3.0,20,35,12,34,8,84,3.0,6.0,3.0,8.0,,15.0,4.0,6.0,2.0,3.0,6.0,20.0,22,18,33.0,3.0,,24,10,1.0,11,11.0,22,9.0,5.0,3.0,3.0,55,9.0,7.0,13,10,3.0,26,16,42,7,6.0,1.0,6,,4.0,9.0,2.0,15,2.0,4,16,2.0,17,3.0,9,3.0,3,,2.0,,,,2.0,2.0,,69,20.0,13.0,0.55,0.55,0.9166666666666666,0.35294117647058826,0.375,0.6666666666666666,0.35294117647058826,0.5714285714285714,0.5,0.6666666666666666,0.5507246376811594,0.5357142857142857,0.7777777777777778,0.5833333333333334,0.5357142857142857,0.8333333333333334,0.4927536231884058,0.02857142857142857,0.047619047619047616,,0.4,1.0,0.5882352941176471,0.4666666666666667,0.6190476190476191,0.42857142857142855,0.6052631578947368,0.4444444444444444,0.36363636363636365,0.6666666666666666,0.38461538461538464,,0.5,1.0,0.5555555555555556,1.0,85.8,,18.652112676056337,14.940277777777778,17.142253521126758,14.166666666666666,0.11594202898550725,0.875,0.875,0.7142857142857143,0.30434782608695654,0.47619047619047616,0.5,0.3,0.08695652173913043,0.5,0.5,1.0,0.14492753623188406,0.34782608695652173,0.4166666666666667,0.4166666666666667,0.9,0.21428571428571427,0.6666666666666666,0.35714285714285715,0.4,0.3333333333333333,0.6666666666666666,0.6086956521739131,0.4166666666666667,0.47843840579710145,0.518255,0.42343333333333333,0.043478260869565216,0.08571428571428572,,0.17857142857142858,0.23809523809523808,7.331428571428572,25.179411764705883,0.18309859154929578,2026-08-09,1022600242,LAS,1611661331,GSV,GSV,13.0,1.0,1.0,2.0,,,,2.0,,2.0,3.0,,2.0,,1.0,3.0,3.0,,,,0.2,0.2,1.0,0.1111111111111111,1.0,,,1.0,3.0,,1.0,,1.0,,,1.0,0.5,0.02857142857142857,1.0,0.21428571428571427,0.3333333333333333,1.0,,,,1.0,,,,
40:00,78,79,14.0,7,157,12.0,16.0,2.0,3.0,9.0,20,3.0,6.0,4.0,7,17,,2.0,,2.0,24,42,8,21,19,91,2.0,3.0,,3.0,3.0,7.0,2.0,5.0,,3.0,8.0,12.0,18,30,24.0,,2.0,17,7,1.0,9,8.0,17,7.0,4.0,3.0,2.0,42,4.0,4.0,8,16,1.0,25,8,33,16,12.0,4.0,10,1.0,6.0,5.0,4.0,15,5.0,8,15,1.0,17,,24,5.0,10,1.0,3.0,,,,3.0,3.0,1.0,84,12.0,14.0,0.375,0.391304347826087,1.0,0.38095238095238093,,,0.38095238095238093,0.5714285714285714,0.6666666666666666,0.4,0.5714285714285714,0.3333333333333333,0.25,0.6408450704225352,0.5,0.5,0.3333333333333333,0.023809523809523808,,,0.6666666666666666,1.0,0.6956521739130435,0.2222222222222222,0.6153846153846154,0.3076923076923077,0.6666666666666666,0.25806451612903225,0.2727272727272727,0.3333333333333333,0.3,0.3333333333333333,0.75,0.75,0.7272727272727273,,94.2,0.3333333333333333,16.960256410256434,13.63417721518985,16.303846153846177,12.877215189873395,0.25396825396825395,0.75,0.8,0.3333333333333333,0.31746031746031744,0.45,0.45,0.3333333333333333,0.09523809523809523,0.5,0.5,0.6666666666666666,0.06349206349206349,0.2698412698412698,0.4117647058823529,0.4117647058823529,1.0,0.5,0.6666666666666666,0.3333333333333333,,0.25,,0.5873015873015873,0.4117647058823529,0.4866238095238095,0.55625,0.45515625,0.15942028985507245,0.2127659574468085,0.045454545454545456,0.07692307692307693,0.13186813186813187,7.326190476190476,24.704761904761902,0.1794871794871795,2026-08-12,1022600249,CHI,1611661331,GSV,GSV,17.0,1.0,1.0,1.0,,1.0,1.0,1.0,,,1.0,,1.0,,,2.0,2.0,0.047619047619047616,0.0625,,0.25,0.3333333333333333,1.0,0.125,1.0,0.125,,,1.0,,2.0,1.0,,0.25,,,0.3333333333333333,0.06896551724137931,,0.16666666666666666,,,1.0,,,,,,,
40:00,75,77,8.0,12,152,4.0,6.0,1.0,1.0,7.0,20,4.0,10.0,4.0,11,32,1.0,6.0,,2.0,15,36,12,36,12,78,2.0,7.0,1.0,6.0,,7.0,,1.0,,2.0,10.0,10.0,16,14,27.0,9.0,2.0,32,11,4.0,8,9.0,17,8.0,3.0,3.0,2.0,43,9.0,6.0,12,11,1.0,24,15,39,7,5.0,2.0,7,,4.0,4.0,3.0,11,,7,14,,16,2.0,14,,1,,1.0,,,,1.0,1.0,1.0,71,2.0,4.0,0.5333333333333333,0.5714285714285714,0.75,0.3333333333333333,0.16666666666666666,,0.3333333333333333,0.4166666666666667,0.2857142857142857,,0.4583333333333333,0.2692307692307692,,0.4936708860759494,0.2692307692307692,0.5555555555555556,0.5,0.1111111111111111,0.2,,0.6363636363636364,1.0,0.7333333333333333,0.2857142857142857,0.75,0.375,0.7419354838709677,0.3333333333333333,0.38461538461538464,0.16666666666666666,0.38095238095238093,,0.5555555555555556,1.0,0.75,,91.2,1.0,16.737333333333332,14.866233766233767,15.461333333333332,14.361038961038961,0.08333333333333333,0.6666666666666666,0.6666666666666666,0.75,0.2777777777777778,0.35,0.4375,0.42857142857142855,0.1388888888888889,0.4,0.4,0.5,0.05555555555555555,0.4444444444444444,0.34375,0.34375,0.7272727272727273,0.07692307692307693,1.0,0.46153846153846156,0.16666666666666666,0.6666666666666666,,0.5833333333333334,0.34375,0.4653090277777777,0.4134142857142857,0.28195,0.0136986301369863,0.02702702702702703,,0.08974358974358974,0.1282051282051282,9.238888888888889,25.641666666666666,0.10666666666666667,2026-08-17,1022600262,DAL,1611661331,GSV,GSV,16.0,,,1.0,,,,1.0,1.0,1.0,2.0,1.0,1.0,,2.0,6.0,2.0,,,,0.25,0.25,1.0,,,,,,,,3.0,,1.0,,,,0.3333333333333333,0.07317073170731707,,,,,,,,,,,,
40:00,72,73,17.0,15,145,7.0,10.0,2.0,4.0,10.0,23,1.0,7.0,3.0,7,34,1.0,8.0,3.0,11.0,18,40,7,37,9,66,4.0,8.0,1.0,8.0,,11.0,5.0,8.0,3.0,12.0,1.0,20.0,22,14,21.0,,4.0,34,7,4.0,11,7.0,18,7.0,2.0,8.0,1.0,43,14.0,5.0,11,10,,21,20,41,8,7.0,1.0,3,2.0,2.0,7.0,1.0,10,3.0,5,19,2.0,17,4.0,11,1.0,5,,2.0,,,1.0,1.0,2.0,,55,20.0,17.0,0.6111111111111112,0.6875,1.0,0.1891891891891892,0.125,0.25,0.1891891891891892,0.45,0.5,0.625,0.37012987012987014,0.34375,0.475,0.4024390243902439,0.34375,0.47619047619047616,0.4805194805194805,0.1,0.13043478260869565,,0.3,,0.625,0.22727272727272727,0.9166666666666666,0.4827586206896552,0.75,0.37254901960784315,0.15384615384615385,0.3333333333333333,0.5,,0.6,1.0,0.8888888888888888,1.0,87.0,,17.504166666666666,15.612328767123289,15.963888888888887,15.098630136986301,0.12987012987012986,0.7,0.7777777777777778,0.2857142857142857,0.2987012987012987,0.43478260869565216,0.5,0.8,0.09090909090909091,0.14285714285714285,0.14285714285714285,1.0,0.03896103896103896,0.44155844155844154,0.20588235294117646,0.20588235294117646,1.0,0.25,0.5,0.5,0.125,0.55,0.2727272727272727,0.6103896103896104,0.20588235294117646,0.4796065789473684,0.549445,0.47764749999999995,0.06172839506172839,0.11363636363636363,,0.16666666666666666,0.30303030303030304,7.1825,26.4,0.2361111111111111,2026-08-19,1022600268,MIN,1611661331,GSV,GSV,14.0,1.0,2.0,,,1.0,,,,,2.0,,,,2.0,1.0,1.0,,0.1,,,,,0.1,0.5,0.05,,,,1.0,1.0,1.0,1.0,,1.0,0.3333333333333333,0.3333333333333333,0.02127659574468085,,,,,,,,1.0,,,,
40:00,80,82,35.0,9,162,8.0,22.0,1.0,4.0,1.0,10,3.0,6.0,9.0,3,16,1.0,3.0,1.0,7.0,12,38,5,25,26,65,2.0,6.0,1.0,5.0,4.0,11.0,6.0,17.0,3.0,12.0,14.0,35.0,12,12,12.0,3.0,2.0,16,3,5.0,6,4.0,10,2.0,4.0,,2.0,24,5.0,9.0,14,14,4.0,32,14,46,10,6.0,4.0,10,,8.0,6.0,2.0,16,3.0,6,26,5.0,28,2.0,35,1.0,6,2.0,2.0,,,2.0,,2.0,2.0,54,35.0,35.0,0.5,0.5454545454545454,0.8,0.2,0.2,0.25,0.2,0.3157894736842105,0.3333333333333333,0.35294117647058826,0.30952380952380953,0.3181818181818182,0.3620689655172414,0.41139240506329117,0.39285714285714285,0.44871794871794873,0.3968253968253968,0.13157894736842105,,,0.625,0.8,0.7,0.34615384615384615,0.7368421052631579,0.25,0.717948717948718,0.30434782608695654,0.3333333333333333,,0.15384615384615385,0.6428571428571429,0.8333333333333334,,0.7142857142857143,0.8,97.2,1.0,14.3875,15.231707317073171,13.178749999999999,14.702439024390243,0.3492063492063492,0.36363636363636365,0.47058823529411764,0.5,0.15873015873015872,0.1,0.1,,0.09523809523809523,0.5,0.5,0.6666666666666666,0.14285714285714285,0.25396825396825395,0.1875,0.1875,0.6666666666666666,0.36363636363636365,0.25,0.2727272727272727,0.3333333333333333,0.2413793103448276,0.14285714285714285,0.746031746031746,0.1875,0.5243301587301588,0.5547428571428571,0.5060896551724138,0.11428571428571428,0.13953488372093023,0.07407407407407407,0.16923076923076924,0.5384615384615384,6.326315789473685,23.496,0.4375,2026-05-08,1022600002,WAS,1611661332,TOR,TOR,24.0,4.0,10.0,2.0,2.0,5.0,,2.0,,,,,1.0,,2.0,9.0,8.0,,0.22727272727272727,,0.2222222222222222,0.2222222222222222,1.0,0.3448275862068966,0.4,0.1724137931034483,0.4,,2.0,,1.0,,6.0,,,0.42857142857142855,0.42857142857142855,0.024390243902439025,,0.18181818181818182,,,,1.0,,1.0,,,,
40:00,79,81,15.0,10,160,12.0,19.0,1.0,2.0,5.0,14,2.0,7.0,7.0,8,22,,2.0,,5.0,19,40,11,29,15,86,4.0,5.0,,3.0,1.0,9.0,3.0,8.0,,5.0,1.0,7.0,24,14,27.0,6.0,2.0,22,8,4.0,12,9.0,21,7.0,8.0,2.0,2.0,51,4.0,6.0,12,14,2.0,28,10,38,11,7.0,4.0,6,2.0,5.0,6.0,1.0,12,4.0,8,17,3.0,21,4.0,18,2.0,10,,4.0,,,2.0,2.0,4.0,1.0,77,7.0,15.0,0.631578947368421,0.6666666666666666,0.8181818181818182,0.3793103448275862,,,0.3793103448275862,0.475,0.8,0.375,0.5144927536231884,0.5,0.23076923076923078,0.5584415584415584,0.5,0.2692307692307692,0.42028985507246375,0.1,0.07142857142857142,,0.5,0.6666666666666666,0.7777777777777778,0.2857142857142857,0.9230769230769231,0.2222222222222222,0.8387096774193549,0.2564102564102564,0.3333333333333333,0.4,0.14285714285714285,0.3333333333333333,0.8333333333333334,1.0,0.9166666666666666,1.0,96.0,0.25,15.654430379746836,14.361728395061728,15.122784810126582,14.174074074074072,0.2753623188405797,0.631578947368421,0.75,0.6666666666666666,0.2028985507246377,0.35714285714285715,0.38461538461538464,0.4,0.10144927536231885,0.2857142857142857,0.2857142857142857,1.0,0.10144927536231885,0.3188405797101449,0.36363636363636365,0.38095238095238093,0.875,0.25,0.5,0.25,,0.38461538461538464,,0.6956521739130435,0.36363636363636365,0.5022710144927537,0.4833,0.47607307692307693,0.12987012987012986,0.20833333333333334,,0.10465116279069768,0.08139534883720931,7.3825,24.724137931034484,0.189873417721519,2026-05-13,1022600015,SEA,1611661332,TOR,TOR,15.0,2.0,2.0,3.0,,,1.0,2.0,,1.0,1.0,,,,,,,0.034482758620689655,0.15789473684210525,0.045454545454545456,0.42857142857142855,0.42857142857142855,0.6666666666666666,0.15384615384615385,1.0,,,,1.0,,2.0,,1.0,,,0.14285714285714285,0.5,0.058823529411764705,1.0,0.125,,,,,,,,,,
39:59,79,79,18.0,9,158,12.0,22.0,2.0,3.0,3.0,8,4.0,7.0,10.0,7,23,1.0,2.0,1.0,4.0,19,37,12,33,21,95,2.0,5.0,2.0,3.0,5.0,15.0,5.0,7.0,2.0,6.0,9.0,25.0,22,16,33.0,3.0,,23,7,1.0,11,11.0,22,7.0,6.0,3.0,2.0,55,3.0,8.0,9,6,2.0,17,11,28,13,8.0,5.0,6,3.0,4.0,8.0,2.0,14,3.0,8,24,3.0,18,1.0,22,1.0,7,2.0,4.0,,,3.0,1.0,4.0,3.0,80,25.0,18.0,0.5789473684210527,0.5789473684210527,0.9166666666666666,0.36363636363636365,0.6666666666666666,0.3333333333333333,0.36363636363636365,0.5135135135135135,0.4,0.7142857142857143,0.5285714285714286,0.625,0.6153846153846154,0.5897435897435898,0.7,0.71875,0.4714285714285714,0.02702702702702703,,,0.42857142857142855,1.0,0.6666666666666666,0.47058823529411764,0.75,0.14285714285714285,0.7142857142857143,0.2894736842105263,0.75,0.3333333333333333,0.1875,0.75,0.6,,0.75,0.75,94.80000000000007,0.75,14.916455696202506,15.463291139240505,14.013924050632887,14.991139240506328,0.3142857142857143,0.5454545454545454,0.5714285714285714,0.5,0.11428571428571428,0.375,0.375,1.0,0.1,0.5714285714285714,0.5714285714285714,0.5,0.14285714285714285,0.32857142857142857,0.30434782608695654,0.30434782608695654,1.0,0.375,0.6666666666666666,0.25,0.5,0.3076923076923077,0.25,0.7857142857142857,0.30434782608695654,0.5119392857142857,0.465675,0.4654923076923077,0.1038961038961039,0.16279069767441862,0.029411764705882353,0.15789473684210525,0.2631578947368421,6.583783783783784,24.8969696969697,0.22784810126582278,2026-05-15,1022600023,LAS,1611661332,TOR,TOR,23.0,3.0,4.0,5.0,1.0,2.0,,4.0,,,1.0,1.0,3.0,,,,,,0.045454545454545456,,0.5,0.5,0.8,0.3076923076923077,0.75,0.15384615384615385,0.5,1.0,1.0,,1.0,,3.0,,,0.4,,0.02702702702702703,,0.125,1.0,,3.0,,,1.0,,,,
40:00,78,81,41.0,8,159,16.0,20.0,4.0,5.0,3.0,14,1.0,3.0,6.0,7,18,,3.0,4.0,10.0,20,37,9,24,39,106,4.0,5.0,,3.0,4.0,12.0,7.0,17.0,5.0,12.0,28.0,57.0,18,22,24.0,3.0,8.0,18,7,3.0,9,8.0,17,6.0,6.0,2.0,1.0,42,5.0,5.0,10,7,1.0,18,11,29,8,8.0,,6,1.0,4.0,6.0,2.0,12,3.0,12,27,2.0,32,1.0,42,4.0,9,1.0,3.0,,,,3.0,3.0,3.0,94,57.0,41.0,0.45,0.5625,0.8888888888888888,0.375,,0.4166666666666667,0.375,0.5405405405405406,0.8,0.4117647058823529,0.5491803278688525,0.5,0.5,0.6666666666666666,0.6,0.6627906976744186,0.39344262295081966,0.08108108108108109,0.21428571428571427,,0.5,1.0,0.4666666666666667,0.29411764705882354,0.6666666666666666,0.3333333333333333,0.5666666666666667,0.3125,0.18181818181818182,,0.36363636363636365,0.5,0.5714285714285714,,0.5555555555555556,0.8333333333333334,95.4,1.0,15.797435897435898,14.417283950617284,15.182051282051283,13.875308641975307,0.32786885245901637,0.8,0.8,0.375,0.22950819672131148,0.21428571428571427,0.2727272727272727,0.6666666666666666,0.04918032786885246,0.3333333333333333,0.3333333333333333,1.0,0.09836065573770492,0.29508196721311475,0.3888888888888889,0.3888888888888889,0.8571428571428571,0.625,0.8,0.375,,0.3448275862068966,0.4,0.7213114754098361,0.3888888888888889,0.5059729508196722,0.57048,0.49822758620689656,0.14925373134328357,0.21428571428571427,0.04,0.11320754716981132,0.5377358490566038,5.562162162162163,25.59583333333333,0.5256410256410257,2026-05-17,1022600028,LAS,1611661332,TOR,TOR,41.0,6.0,9.0,2.0,1.0,2.0,,2.0,1.0,2.0,1.0,,4.0,,4.0,11.0,11.0,,,,0.3333333333333333,0.3333333333333333,1.0,0.3103448275862069,0.6666666666666666,0.06896551724137931,0.5,,,1.0,2.0,,3.0,,0.5,0.75,0.25,0.06896551724137931,,,,,2.0,1.0,,,,,,
40:00,82,82,15.0,10,164,12.0,21.0,3.0,5.0,2.0,8,5.0,9.0,7.0,10,29,2.0,3.0,1.0,6.0,19,38,15,36,15,98,4.0,7.0,3.0,4.0,2.0,19.0,3.0,5.0,2.0,7.0,4.0,16.0,12,26,27.0,18.0,4.0,29,10,1.0,6,9.0,15,5.0,6.0,,,39,4.0,8.0,13,14,4.0,31,12,43,4,3.0,1.0,6,1.0,3.0,6.0,3.0,12,2.0,9,26,3.0,17,,18,4.0,9,,2.0,,,1.0,1.0,2.0,,79,16.0,15.0,0.3157894736842105,0.35294117647058826,0.6,0.4166666666666667,0.75,0.2857142857142857,0.4166666666666667,0.5,0.5714285714285714,0.6,0.5608108108108109,0.7727272727272727,0.5,0.6049382716049383,0.7916666666666666,0.5714285714285714,0.4864864864864865,0.02631578947368421,,,0.5,1.0,0.7,0.4444444444444444,0.7222222222222222,0.19047619047619047,0.7105263157894737,0.3076923076923077,0.3333333333333333,0.75,0.21052631578947367,0.7,0.6666666666666666,0.75,0.6666666666666666,1.0,98.4,,14.784146341463414,14.484146341463415,14.060975609756097,14.184146341463416,0.28378378378378377,0.5714285714285714,0.6,0.5,0.10810810810810811,0.25,0.25,,0.12162162162162163,0.5555555555555556,0.5555555555555556,,0.0945945945945946,0.3918918918918919,0.3448275862068966,0.3448275862068966,0.5,0.45454545454545453,0.6,0.2727272727272727,0.6666666666666666,0.5,0.16666666666666666,0.7702702702702703,0.3448275862068966,0.5310567567567568,0.57158125,0.5706625,0.11392405063291139,0.20930232558139536,,0.19387755102040816,0.16326530612244897,7.06842105263158,26.075000000000003,0.18292682926829268,2026-05-19,1022600031,PHX,1611661332,TOR,TOR,27.0,2.0,3.0,5.0,1.0,1.0,,4.0,,,,,4.0,1.0,3.0,2.0,2.0,,0.047619047619047616,,0.7142857142857143,0.7142857142857143,0.8,0.25,0.6666666666666666,0.08333333333333333,1.0,1.0,1.0,,,1.0,5.0,,,0.375,,,0.3333333333333333,0.09090909090909091,1.0,1.0,,,,0.5,,,,
40:00,77,78,19.0,11,155,10.0,19.0,3.0,3.0,2.0,7,,4.0,6.0,11,35,2.0,3.0,2.0,7.0,12,30,12,41,12,72,3.0,3.0,2.0,3.0,2.0,14.0,4.0,10.0,2.0,8.0,,14.0,16,8,33.0,3.0,,35,11,3.0,8,11.0,19,10.0,6.0,2.0,,49,6.0,5.0,7,9,2.0,18,11,29,5,4.0,1.0,7,1.0,2.0,6.0,5.0,13,4.0,10,22,3.0,14,2.0,14,2.0,5,1.0,3.0,,,2.0,1.0,3.0,1.0,58,14.0,19.0,0.6666666666666666,0.6666666666666666,0.9166666666666666,0.2926829268292683,0.6666666666666666,0.25,0.2926829268292683,0.4,1.0,0.4,0.4225352112676056,1.0,0.3888888888888889,0.4666666666666667,1.0,0.3888888888888889,0.5774647887323944,0.1,0.2857142857142857,,0.5384615384615384,0.5,0.5294117647058824,0.2777777777777778,0.5,0.20689655172413793,0.5161290322580645,0.23404255319148937,0.4,0.25,0.20833333333333334,0.6666666666666666,,0.42857142857142855,0.5,0.5,93.0,0.3333333333333333,17.21948051948052,13.770512820512819,16.53116883116883,12.874358974358973,0.2676056338028169,0.5263157894736842,0.5555555555555556,0.6,0.09859154929577464,0.2857142857142857,0.4,1.0,0.056338028169014086,,,,0.08450704225352113,0.49295774647887325,0.3142857142857143,0.3142857142857143,0.9090909090909091,0.5,1.0,0.5,0.6666666666666666,0.3888888888888889,0.2857142857142857,0.8450704225352113,0.3142857142857143,0.5133107142857143,0.6433333333333333,0.527235294117647,0.06756756756756757,0.15151515151515152,,0.19444444444444445,0.19444444444444445,6.1466666666666665,24.592682926829266,0.24675324675324675,2026-05-21,1022600036,MIN,1611661332,TOR,TOR,20.0,3.0,7.0,1.0,,1.0,,1.0,,,3.0,,3.0,,,,,,0.05263157894736842,,0.16666666666666666,0.16666666666666666,1.0,0.3888888888888889,0.42857142857142855,0.05555555555555555,,,,,1.0,2.0,1.0,,,0.2222222222222222,0.2,0.022727272727272728,0.6666666666666666,,,,2.0,,,1.0,,,,
40:00,78,80,15.0,10,158,17.0,21.0,2.0,2.0,5.0,13,2.0,7.0,5.0,5,20,,3.0,,3.0,24,41,6,25,14,80,4.0,7.0,,3.0,3.0,11.0,5.0,8.0,1.0,6.0,3.0,16.0,28,20,15.0,3.0,4.0,20,5,6.0,14,5.0,19,4.0,12.0,2.0,,43,7.0,4.0,8,12,2.0,22,13,35,3,2.0,1.0,7,4.0,4.0,10.0,3.0,17,2.0,10,21,4.0,22,4.0,18,2.0,9,,4.0,,,3.0,1.0,4.0,3.0,69,16.0,15.0,0.5833333333333334,0.6363636363636364,0.8333333333333334,0.24,,0.16666666666666666,0.24,0.5853658536585366,0.5714285714285714,0.625,0.5,0.4,0.4642857142857143,0.5405405405405406,0.4583333333333333,0.5333333333333333,0.3787878787878788,0.14634146341463414,0.23076923076923078,,0.4117647058823529,1.0,0.5217391304347826,0.23529411764705882,0.6666666666666666,0.3684210526315789,0.5714285714285714,0.3055555555555556,,0.4,0.4,0.6,0.45454545454545453,0.5,0.5714285714285714,0.8,94.8,0.75,14.582051282051284,15.782499999999999,13.656410256410258,14.671249999999997,0.3181818181818182,0.8095238095238095,0.9444444444444444,0.7058823529411765,0.19696969696969696,0.38461538461538464,0.5,0.4,0.10606060606060606,0.2857142857142857,0.2857142857142857,,0.07575757575757576,0.30303030303030304,0.25,0.2631578947368421,0.8,0.2,1.0,0.3,,0.21428571428571427,,0.696969696969697,0.25,0.527725,0.4811714285714285,0.5078214285714285,0.1232876712328767,0.1875,,0.1375,0.2,6.385365853658537,24.4,0.19230769230769232,2026-05-23,1022600042,PDX,1611661332,TOR,TOR,15.0,4.0,4.0,1.0,1.0,3.0,1.0,1.0,,,1.0,1.0,3.0,,2.0,1.0,1.0,0.04,0.14285714285714285,0.05,0.2,0.2,1.0,0.2857142857142857,1.0,0.21428571428571427,0.3333333333333333,,,2.0,2.0,,2.0,,0.6666666666666666,0.5,0.25,0.06896551724137931,,,,,,,,,,,,
40:00,83,83,32.0,11,166,17.0,24.0,4.0,4.0,5.0,9,3.0,7.0,5.0,7,21,,,1.0,8.0,25,40,12,26,25,111,5.0,6.0,,,3.0,13.0,10.0,17.0,1.0,8.0,13.0,36.0,24,26,30.0,6.0,4.0,21,7,3.0,12,10.0,22,5.0,9.0,2.0,1.0,54,4.0,7.0,19,8,2.0,29,11,40,6,3.0,3.0,7,1.0,4.0,7.0,3.0,14,7.0,14,25,,24,,30,2.0,14,,3.0,1.0,,1.0,2.0,4.0,2.0,98,33.0,30.0,0.48,0.5217391304347826,0.8333333333333334,0.46153846153846156,,0.125,0.46153846153846156,0.625,0.8333333333333334,0.5882352941176471,0.6515151515151515,0.8333333333333334,0.46,0.69375,0.8125,0.5625,0.3939393939393939,0.075,0.2222222222222222,,0.5,0.6666666666666666,0.5333333333333333,0.4666666666666667,0.7916666666666666,0.3076923076923077,0.6923076923076923,0.39285714285714285,0.5,0.5,0.3076923076923077,0.5,0.5714285714285714,,0.75,0.875,99.6,0.5,14.204819277108435,14.710843373493976,13.749397590361447,13.960240963855423,0.36363636363636365,0.7083333333333334,0.7391304347826086,0.5294117647058824,0.13636363636363635,0.5555555555555556,0.7142857142857143,0.4,0.10606060606060606,0.42857142857142855,0.42857142857142855,0.3333333333333333,0.07575757575757576,0.3181818181818182,0.3333333333333333,0.3333333333333333,0.7142857142857143,0.6666666666666666,1.0,,,0.32,0.125,0.7575757575757576,0.3333333333333333,0.5330212121212121,0.537,0.5372939999999999,0.1794871794871795,0.2692307692307692,,0.11711711711711711,0.32432432432432434,5.9375,24.303846153846152,0.3855421686746988,2026-05-27,1022600050,CHI,1611661332,TOR,TOR,35.0,7.0,9.0,5.0,,,,5.0,1.0,,3.0,2.0,1.0,,1.0,2.0,,,0.041666666666666664,,1.0,1.0,1.0,0.36,0.7777777777777778,,,,,,4.0,2.0,1.0,,,0.42857142857142855,,0.16,0.5,,,,,,1.0,,,,,
40:00,82,80,19.0,7,162,9.0,18.0,1.0,4.0,4.0,5,3.0,7.0,11.0,4,18,,,,3.0,16,30,10,29,31,93,1.0,4.0,,,4.0,6.0,2.0,4.0,3.0,7.0,7.0,20.0,12,20,24.0,6.0,,18,4,3.0,6,8.0,14,2.0,4.0,1.0,1.0,36,3.0,4.0,14,17,1.0,32,7,39,12,6.0,6.0,7,,7.0,7.0,,14,5.0,4,13,1.0,19,1.0,33,2.0,17,,1.0,,,1.0,,1.0,1.0,87,20.0,19.0,0.375,0.375,0.8,0.3448275862068966,,0.42857142857142855,0.3448275862068966,0.5333333333333333,0.25,0.5,0.5254237288135594,0.25,0.5909090909090909,0.6283783783783784,0.42857142857142855,0.6666666666666666,0.4915254237288136,0.1,0.2,,0.5,1.0,0.7727272727272727,0.2857142857142857,0.7368421052631579,0.16666666666666666,0.7560975609756098,0.21875,1.0,,0.23076923076923078,0.8888888888888888,0.6363636363636364,1.0,0.8,0.5,97.2,1.0,13.348780487804877,16.317500000000003,13.063414634146339,15.767500000000002,0.3050847457627119,0.5,0.5625,0.4444444444444444,0.0847457627118644,0.8,1.0,0.25,0.11864406779661017,0.42857142857142855,0.42857142857142855,0.3333333333333333,0.1864406779661017,0.3050847457627119,0.2222222222222222,0.23529411764705882,0.5,1.0,0.25,,,0.2727272727272727,,0.7966101694915254,0.2222222222222222,0.55775,0.6880999999999999,0.5029,0.22972972972972974,0.37777777777777777,,0.06451612903225806,0.21505376344086022,6.23,24.879310344827587,0.23170731707317074,2026-05-30,1022600060,SEA,1611661332,TOR,TOR,14.0,1.0,2.0,6.0,3.0,4.0,1.0,6.0,,,,,,,,,,0.034482758620689655,0.1111111111111111,0.05555555555555555,0.5454545454545454,0.5454545454545454,1.0,0.18181818181818182,0.5,0.36363636363636365,0.75,,,,,2.0,1.0,,,0.3333333333333333,,,,,,,,,,,,,,
40:00,77,79,15.0,9,156,9.0,12.0,3.0,3.0,15.0,35,4.0,9.0,1.0,6,18,2.0,3.0,2.0,5.0,28,56,6,19,8,82,5.0,6.0,2.0,3.0,1.0,17.0,5.0,8.0,2.0,5.0,2.0,18.0,24,32,15.0,3.0,6.0,18,6,4.0,12,5.0,17,5.0,4.0,5.0,3.0,39,2.0,8.0,10,14,2.0,26,10,36,7,4.0,3.0,3,1.0,2.0,4.0,1.0,7,1.0,10,17,,13,1.0,10,2.0,6,,3.0,,,,3.0,3.0,2.0,65,18.0,15.0,0.42857142857142855,0.48,0.8333333333333334,0.3157894736842105,0.6666666666666666,0.4,0.3157894736842105,0.5,0.8333333333333334,0.625,0.49333333333333335,0.8888888888888888,0.6153846153846154,0.5189873417721519,0.85,0.6428571428571429,0.25333333333333335,0.07142857142857142,0.08571428571428572,,0.42857142857142855,1.0,0.7,0.2857142857142857,0.5882352941176471,0.15384615384615385,0.6486486486486487,0.24390243902439024,0.2,0.6,0.16666666666666666,0.5,0.6875,1.0,0.5454545454545454,0.6666666666666666,93.6,0.6666666666666666,14.094805194805193,16.641772151898735,13.65844155844156,15.869620253164557,0.16,0.75,0.8181818181818182,0.4444444444444444,0.4666666666666667,0.42857142857142855,0.46875,0.3333333333333333,0.12,0.4444444444444444,0.4444444444444444,0.75,0.013333333333333334,0.24,0.3333333333333333,0.3333333333333333,0.8333333333333334,0.3333333333333333,1.0,0.3333333333333333,0.6666666666666666,0.38461538461538464,0.4,0.41333333333333333,0.3333333333333333,0.46734400000000004,0.5318428571428572,0.4271076923076923,0.0759493670886076,0.1,,0.2073170731707317,0.21951219512195122,8.210714285714285,25.521052631578947,0.19480519480519481,2026-06-03,1022600070,NYL,1611661332,TOR,TOR,14.0,1.0,1.0,,,,,,,1.0,,,1.0,1.0,,,,,0.08333333333333333,,,,,0.07692307692307693,1.0,,,,,,3.0,1.0,1.0,,,0.3333333333333333,,0.08108108108108109,,,,,,,,1.0,,,,
40:00,83,85,29.0,13,168,17.0,31.0,3.0,6.0,8.0,20,1.0,4.0,6.0,4,16,,2.0,,5.0,26,55,4,22,21,85,3.0,11.0,,3.0,4.0,10.0,6.0,20.0,,7.0,11.0,23.0,30,22,12.0,,4.0,16,4,4.0,15,4.0,19,4.0,9.0,5.0,1.0,42,6.0,11.0,15,18,2.0,35,17,52,7,5.0,2.0,4,3.0,3.0,6.0,1.0,10,5.0,13,22,2.0,24,3.0,27,3.0,11,,4.0,,,2.0,1.0,4.0,2.0,75,23.0,29.0,0.5769230769230769,0.625,1.0,0.18181818181818182,,,0.18181818181818182,0.4727272727272727,0.2727272727272727,0.3,0.4155844155844156,0.21428571428571427,0.2222222222222222,0.47752808988764045,0.3125,0.3484848484848485,0.2857142857142857,0.07272727272727272,0.05,,0.4,0.6666666666666666,0.782608695652174,0.3793103448275862,0.7894736842105263,0.3333333333333333,0.7857142857142857,0.3617021276595745,0.25,0.3333333333333333,0.16666666666666666,0.8571428571428571,0.7272727272727273,0.8,0.7692307692307693,0.8333333333333334,100.8,0.5,14.428915662650601,14.145882352941177,13.210843373493976,13.588235294117647,0.4025974025974026,0.5483870967741935,0.6071428571428571,0.5294117647058824,0.2597402597402597,0.4,0.42105263157894735,0.625,0.05194805194805195,0.25,0.25,1.0,0.07792207792207792,0.2077922077922078,0.25,0.26666666666666666,1.0,0.42857142857142855,0.5,0.14285714285714285,,0.18518518518518517,,0.6883116883116883,0.25,0.5308577922077922,0.5143449999999999,0.5173166666666666,0.12941176470588237,0.1746031746031746,,0.11764705882352941,0.27058823529411763,5.296363636363637,25.30909090909091,0.3493975903614458,2026-06-07,1022600081,CHI,1611661332,TOR,TOR,21.0,5.0,11.0,,,2.0,1.0,,,,,,1.0,,,4.0,4.0,0.045454545454545456,0.0967741935483871,0.0625,,,,0.4074074074074074,0.45454545454545453,0.07407407407407407,,,1.0,,3.0,,1.0,,,0.5,0.6666666666666666,0.07142857142857142,0.3333333333333333,0.07142857142857142,,,,,,,,1.0,,
45:00,87,88,45.0,13,175,18.0,25.0,4.0,5.0,4.0,15,1.0,5.0,4.0,6,20,3.0,3.0,4.0,12.0,23,45,8,24,36,106,4.0,5.0,4.0,4.0,4.0,24.0,11.0,23.0,4.0,14.0,16.0,50.0,20,26,24.0,,4.0,20,6,6.0,10,8.0,18,6.0,8.0,1.0,1.0,44,5.0,7.0,7,13,3.0,23,13,36,12,11.0,1.0,3,3.0,2.0,8.0,1.0,11,7.0,13,32,3.0,29,3.0,43,1.0,17,,2.0,1.0,,,2.0,3.0,3.0,82,50.0,45.0,0.43478260869565216,0.47619047619047616,1.0,0.3333333333333333,1.0,0.2857142857142857,0.3333333333333333,0.5111111111111111,0.8,0.4782608695652174,0.5072463768115942,1.1111111111111112,0.4594594594594595,0.5898876404494382,1.15,0.5434782608695652,0.34782608695652173,0.13333333333333333,0.2,,0.2727272727272727,0.5,0.5416666666666666,0.3181818181818182,0.4666666666666667,0.3333333333333333,0.5128205128205128,0.32432432432432434,0.36363636363636365,0.5,0.38461538461538464,0.6666666666666666,0.5454545454545454,0.42857142857142855,0.45454545454545453,0.5,93.33333333333333,1.0,14.283908045977013,16.56022727272727,13.716091954022987,15.420454545454545,0.36231884057971014,0.72,0.8181818181818182,0.4444444444444444,0.21739130434782608,0.26666666666666666,0.3333333333333333,0.25,0.07246376811594203,0.2,0.2,1.0,0.057971014492753624,0.2898550724637681,0.3,0.3,1.0,0.5555555555555556,0.8,0.3333333333333333,1.0,0.32432432432432434,0.3333333333333333,0.7101449275362319,0.3,0.5137350746268657,0.614625,0.5110785714285715,0.2,0.2786885245901639,,0.22641509433962265,0.4716981132075472,6.2155555555555555,25.508333333333336,0.5172413793103449,2026-06-10,1022600089,CON,1611661332,TOR,TOR,39.0,9.0,14.0,2.0,,2.0,,2.0,,,3.0,,1.0,,2.0,4.0,4.0,,0.12,,0.5,0.5,1.0,0.3783783783783784,0.6428571428571429,0.05405405405405406,,1.0,1.0,1.0,,1.0,6.0,,0.3333333333333333,0.14285714285714285,,,0.5,0.1111111111111111,1.0,1.0,1.0,,1.0,1.0,,,,
40:00,84,84,9.0,6,168,13.0,18.0,1.0,2.0,6.0,14,5.0,10.0,9.0,6,13,,,,2.0,24,42,7,22,16,85,3.0,5.0,,,,6.0,2.0,4.0,1.0,4.0,,7.0,38,10,12.0,9.0,,13,6,2.0,19,4.0,23,3.0,9.0,5.0,5.0,50,4.0,2.0,10,8,2.0,20,6,26,18,9.0,9.0,8,4.0,8.0,10.0,,18,2.0,7,24,2.0,14,1.0,18,,7,2.0,5.0,,,4.0,1.0,5.0,,79,7.0,9.0,0.7916666666666666,0.7916666666666666,0.5714285714285714,0.3181818181818182,,0.25,0.3181818181818182,0.5714285714285714,0.6,0.5,0.5390625,0.6,0.4375,0.5902777777777778,0.6,0.4375,0.34375,0.047619047619047616,0.07142857142857142,,0.4444444444444444,1.0,0.4444444444444444,0.11764705882352941,0.6666666666666666,0.2857142857142857,0.5454545454545454,0.1935483870967742,,0.4,,0.4,0.5,,0.75,0.3333333333333333,100.8,,13.116666666666665,15.454761904761906,12.53095238095238,14.883333333333335,0.28125,0.7222222222222222,0.7647058823529411,0.6923076923076923,0.21875,0.42857142857142855,0.46153846153846156,0.8333333333333334,0.15625,0.5,0.5,1.0,0.140625,0.203125,0.46153846153846156,0.46153846153846156,0.5,0.4,0.5,,,0.25,,0.625,0.46153846153846156,0.506790625,0.5285,0.4331125,0.125,0.14285714285714285,0.08695652173913043,0.07058823529411765,0.08235294117647059,6.830952380952381,24.486363636363638,0.10714285714285714,2026-06-12,1022600095,WAS,1611661332,TOR,TOR,29.0,1.0,2.0,1.0,1.0,2.0,,1.0,,1.0,2.0,,2.0,,2.0,,,,0.05555555555555555,,0.1111111111111111,0.1111111111111111,1.0,0.25,0.5,0.25,0.5,,,,,1.0,5.0,,,,0.5,,1.0,,,,,1.0,,,1.0,,,
40:00,80,81,31.0,7,161,14.0,23.0,2.0,3.0,2.0,12,3.0,6.0,6.0,7,18,2.0,2.0,4.0,8.0,19,41,9,24,12,77,2.0,3.0,2.0,2.0,2.0,12.0,7.0,18.0,4.0,10.0,3.0,29.0,28,10,27.0,,2.0,18,7,4.0,14,9.0,23,7.0,11.0,1.0,2.0,55,1.0,6.0,14,12,1.0,27,7,34,5,1.0,4.0,8,1.0,7.0,7.0,1.0,15,5.0,11,19,3.0,18,2.0,16,2.0,6,,7.0,,,6.0,1.0,7.0,2.0,65,29.0,31.0,0.7368421052631579,0.7777777777777778,1.0,0.375,1.0,0.4,0.375,0.4634146341463415,0.6666666666666666,0.3888888888888889,0.5,1.0,0.4642857142857143,0.5422535211267606,1.0,0.48333333333333334,0.36923076923076925,0.0975609756097561,0.08333333333333333,,0.5333333333333333,1.0,0.5,0.2727272727272727,0.6363636363636364,0.06666666666666667,0.5652173913043478,0.1891891891891892,0.3,,,0.5555555555555556,0.3333333333333333,,0.5882352941176471,0.8,96.6,0.2857142857142857,15.4225,14.397530864197531,15.22875,13.50740740740741,0.35384615384615387,0.6086956521739131,0.7,0.7857142857142857,0.18461538461538463,0.16666666666666666,0.18181818181818182,0.5,0.09230769230769231,0.5,0.5,0.6666666666666666,0.09230769230769231,0.27692307692307694,0.3888888888888889,0.3888888888888889,1.0,0.6,0.6666666666666666,0.4,1.0,0.2857142857142857,0.5,0.7230769230769231,0.3888888888888889,0.5264169230769231,0.57905,0.521425,0.08695652173913043,0.13333333333333333,,0.15584415584415584,0.37662337662337664,6.417073170731708,23.462500000000002,0.3875,2026-06-14,1022600102,ATL,1611661332,TOR,TOR,18.0,6.0,11.0,2.0,,2.0,,2.0,,2.0,1.0,,1.0,,1.0,2.0,2.0,,0.13043478260869565,,0.3333333333333333,0.3333333333333333,1.0,0.39285714285714285,0.5454545454545454,0.07142857142857142,,,,,2.0,,1.0,,,0.3333333333333333,0.25,0.06060606060606061,0.5,,,,,,,1.0,,,,
40:00,88,88,14.0,6,176,16.0,28.0,2.0,4.0,6.0,12,1.0,10.0,5.0,8,20,,1.0,,3.0,23,50,11,25,12,91,2.0,4.0,,1.0,,4.0,3.0,8.0,,3.0,5.0,11.0,30,16,30.0,3.0,2.0,20,8,5.0,15,10.0,25,7.0,10.0,4.0,1.0,60,2.0,4.0,10,9,3.0,22,6,28,9,4.0,5.0,4,1.0,3.0,8.0,1.0,12,1.0,12,27,2.0,18,1.0,19,5.0,11,,1.0,,,1.0,,1.0,,87,11.0,14.0,0.6521739130434783,0.6818181818181818,0.9090909090909091,0.44,,,0.44,0.46,0.5,0.375,0.5266666666666666,0.4,0.2727272727272727,0.5548780487804879,0.4,0.39285714285714285,0.3333333333333333,0.1,0.08333333333333333,,0.3333333333333333,1.0,0.5625,0.14814814814814814,0.625,0.15384615384615385,0.59375,0.15,0.16666666666666666,0.1111111111111111,0.09090909090909091,0.5833333333333334,0.3333333333333333,1.0,0.6153846153846154,0.6666666666666666,105.6,,14.305681818181819,12.967045454545454,14.156818181818183,12.455681818181818,0.37333333333333335,0.5714285714285714,0.6666666666666666,0.625,0.16,0.5,0.5454545454545454,0.6666666666666666,0.13333333333333333,0.1,0.1,1.0,0.06666666666666667,0.26666666666666666,0.4,0.4,0.875,0.8,0.5,0.2,,0.2727272727272727,,0.7066666666666667,0.4,0.507622,0.5875625,0.49070909090909093,0.13580246913580246,0.19642857142857142,,0.04395604395604396,0.12087912087912088,6.678,26.688000000000002,0.1590909090909091,2026-06-16,1022600106,IND,1611661332,TOR,TOR,50.0,1.0,5.0,3.0,,,,3.0,,1.0,1.0,,3.0,,,1.0,1.0,,0.14285714285714285,,0.6,0.6,1.0,0.45454545454545453,0.2,,,,,,1.0,2.0,5.0,,,0.16666666666666666,0.5,0.02857142857142857,,,,,,,,,,,,
40:00,83,82,18.0,11,165,14.0,27.0,3.0,3.0,3.0,10,1.0,5.0,2.0,17,32,2.0,2.0,4.0,8.0,18,42,19,34,8,101,4.0,7.0,2.0,2.0,1.0,15.0,2.0,6.0,4.0,8.0,4.0,20.0,24,12,45.0,12.0,4.0,32,17,3.0,12,15.0,27,13.0,8.0,3.0,1.0,69,5.0,8.0,10,18,3.0,31,13,44,5,3.0,2.0,9,3.0,7.0,6.0,2.0,15,2.0,11,23,1.0,13,1.0,9,1.0,3,,4.0,,,1.0,3.0,4.0,2.0,86,16.0,16.0,0.6666666666666666,0.75,0.7894736842105263,0.5588235294117647,1.0,0.5,0.5588235294117647,0.42857142857142855,0.5714285714285714,0.3333333333333333,0.6118421052631579,0.7777777777777778,0.5714285714285714,0.63125,0.75,0.625,0.4473684210526316,0.07142857142857142,,,0.6,1.0,0.72,0.3333333333333333,0.625,0.35714285714285715,0.6829268292682927,0.34210526315789475,0.5714285714285714,0.25,0.35714285714285715,0.8,0.5,0.75,0.6923076923076923,0.3333333333333333,99.0,0.5,14.946987951807229,14.139024390243904,14.296385542168673,13.417073170731708,0.35526315789473684,0.5185185185185185,0.5833333333333334,0.5714285714285714,0.13157894736842105,0.3,0.3,1.0,0.06578947368421052,0.2,0.2,1.0,0.02631578947368421,0.42105263157894735,0.53125,0.5483870967741935,0.7647058823529411,0.3333333333333333,1.0,0.2222222222222222,1.0,0.5714285714285714,0.5,0.8026315789473685,0.53125,0.5249440789473684,0.4710666666666667,0.4803678571428572,0.038461538461538464,0.06818181818181818,,0.1485148514851485,0.19801980198019803,5.566666666666667,24.905882352941177,0.21686746987951808,2026-06-19,1022600114,CON,1611661332,TOR,TOR,36.0,1.0,3.0,2.0,,,1.0,2.0,,1.0,3.0,,2.0,,1.0,2.0,,0.029411764705882353,0.1111111111111111,0.03125,1.0,1.0,1.0,0.21428571428571427,0.3333333333333333,,,,,,3.0,,4.0,,,0.23076923076923078,,0.08823529411764706,0.3333333333333333,,,,,,,0.5,,,,
40:00,84,84,31.0,8,168,14.0,22.0,1.0,1.0,5.0,9,,3.0,6.0,6,22,,2.0,2.0,7.0,19,34,9,28,22,87,1.0,2.0,1.0,3.0,2.0,7.0,7.0,11.0,4.0,9.0,14.0,40.0,26,12,27.0,,2.0,22,6,1.0,13,9.0,22,6.0,9.0,4.0,,53,6.0,3.0,13,15,2.0,30,9,39,8,5.0,3.0,8,3.0,6.0,9.0,2.0,17,5.0,10,23,3.0,26,2.0,28,3.0,11,,6.0,,,6.0,,6.0,3.0,80,40.0,31.0,0.6842105263157895,0.7222222222222222,1.0,0.32142857142857145,0.3333333333333333,0.4444444444444444,0.32142857142857145,0.5588235294117647,0.5,0.6363636363636364,0.5241935483870968,0.5,0.65,0.581081081081081,0.5,0.6964285714285714,0.45161290322580644,0.029411764705882353,,,0.47058823529411764,1.0,0.6521739130434783,0.2,0.65,0.3157894736842105,0.6511627906976745,0.2647058823529412,,,0.3125,0.5789473684210527,1.0,1.0,0.5625,1.0,100.8,0.5,13.551190476190476,15.020238095238096,13.130952380952381,13.996428571428572,0.3548387096774194,0.6363636363636364,0.6666666666666666,0.6428571428571429,0.14516129032258066,0.5555555555555556,0.5555555555555556,0.8,0.04838709677419355,,,,0.0967741935483871,0.3548387096774194,0.2727272727272727,0.2727272727272727,1.0,0.2,1.0,0.4,,0.35,0.2857142857142857,0.8064516129032258,0.2727272727272727,0.5376608333333334,0.6070333333333333,0.49115277777777777,0.15714285714285714,0.2619047619047619,,0.08045977011494253,0.45977011494252873,5.197058823529411,26.3,0.36904761904761907,2026-06-22,1022600124,ATL,1611661332,TOR,TOR,26.0,5.0,6.0,3.0,2.0,2.0,,3.0,,1.0,,,3.0,,2.0,4.0,4.0,,0.045454545454545456,,0.5,0.5,1.0,0.3,0.8333333333333334,0.1,1.0,1.0,1.0,,1.0,1.0,2.0,,,0.375,0.3333333333333333,0.030303030303030304,,0.2,1.0,1.0,1.0,,,,,,,
40:00,85,85,29.0,13,170,18.0,31.0,4.0,7.0,1.0,4,2.0,3.0,14.0,14,28,2.0,6.0,3.0,7.0,21,38,20,42,23,125,4.0,8.0,3.0,7.0,2.0,19.0,6.0,15.0,5.0,14.0,12.0,39.0,24,18,42.0,18.0,8.0,28,14,1.0,12,14.0,26,8.0,10.0,1.0,1.0,66,9.0,5.0,20,14,4.0,38,16,54,5,3.0,2.0,7,1.0,6.0,3.0,1.0,10,3.0,14,23,1.0,23,2.0,27,1.0,11,,4.0,,,4.0,,4.0,2.0,106,39.0,29.0,0.5714285714285714,0.7058823529411765,0.7,0.47619047619047616,0.42857142857142855,0.35714285714285715,0.47619047619047616,0.5526315789473685,0.5,0.4,0.6375,0.5666666666666667,0.46551724137931033,0.6793478260869565,0.59375,0.5735294117647058,0.525,0.02631578947368421,,,0.7,1.0,0.8235294117647058,0.29411764705882354,0.7407407407407407,0.45,0.7727272727272727,0.3783783783783784,,,0.6666666666666666,0.8333333333333334,0.75,1.0,0.7894736842105263,0.625,102.0,0.5,14.282352941176471,13.952941176470588,13.31058823529412,13.450588235294116,0.3875,0.5806451612903226,0.6,0.5555555555555556,0.05,0.25,0.25,1.0,0.0375,0.6666666666666666,0.6666666666666666,0.5,0.175,0.35,0.5,0.5,0.5714285714285714,0.4666666666666667,0.5714285714285714,0.4,0.3333333333333333,0.2413793103448276,0.42857142857142855,0.9125,0.5,0.5722493670886076,0.5225333333333334,0.5765603448275862,0.12222222222222222,0.22916666666666666,,0.152,0.312,3.944736842105263,25.09047619047619,0.3411764705882353,2026-06-25,1022600132,LAS,1611661332,TOR,TOR,20.0,6.0,15.0,6.0,2.0,7.0,1.0,6.0,,,,1.0,3.0,,1.0,2.0,2.0,0.023809523809523808,0.03225806451612903,,0.42857142857142855,0.46153846153846156,1.0,0.5172413793103449,0.4,0.2413793103448276,0.2857142857142857,1.0,1.0,2.0,2.0,,2.0,0.07142857142857142,0.6666666666666666,0.38461538461538464,0.125,0.05714285714285714,,0.06666666666666667,1.0,1.0,1.0,,,0.5,,,,
40:00,78,78,24.0,7,156,9.0,14.0,,,8.0,14,2.0,9.0,1.0,12,29,,1.0,3.0,8.0,19,37,12,30,6,80,2.0,3.0,,1.0,,4.0,6.0,11.0,3.0,9.0,2.0,23.0,32,6,30.0,6.0,,29,12,2.0,16,10.0,26,10.0,8.0,6.0,2.0,62,3.0,5.0,14,14,4.0,32,8,40,4,2.0,2.0,10,,5.0,2.0,5.0,12,3.0,12,24,1.0,16,1.0,12,1.0,6,,2.0,,,2.0,,2.0,,76,23.0,24.0,0.8421052631578947,0.8421052631578947,0.8333333333333334,0.4,,0.3333333333333333,0.4,0.5135135135135135,0.6666666666666666,0.5454545454545454,0.5522388059701493,0.5,0.525,0.5486111111111112,0.5,0.5238095238095238,0.44776119402985076,0.05405405405405406,0.07142857142857142,,0.8333333333333334,0.6666666666666666,0.7,0.2777777777777778,0.8235294117647058,0.16666666666666666,0.7567567567567568,0.2222222222222222,0.5,0.14285714285714285,0.17647058823529413,0.5454545454545454,0.8,1.0,0.7692307692307693,1.0,93.6,,15.156410256410258,15.612820512820512,14.591025641025643,14.530769230769229,0.208955223880597,0.6428571428571429,0.6923076923076923,0.8888888888888888,0.208955223880597,0.5714285714285714,0.6153846153846154,0.75,0.13432835820895522,0.2222222222222222,0.2222222222222222,1.0,0.014925373134328358,0.43283582089552236,0.41379310344827586,0.41379310344827586,0.8333333333333334,,,0.25,,0.4,0.375,0.6567164179104478,0.41379310344827586,0.4819037313432836,0.3943666666666667,0.4547975,0.08333333333333333,0.14285714285714285,,0.05,0.2875,7.637837837837838,25.033333333333335,0.3076923076923077,2026-06-27,1022600138,PHX,1611661332,TOR,TOR,28.0,3.0,3.0,,,1.0,,,,1.0,2.0,,3.0,,2.0,,,,0.07142857142857142,,,,,0.15,1.0,0.05,,,,,,,4.0,,,0.2,,,,,,,1.0,,,,,,,
40:00,76,75,25.0,13,151,13.0,20.0,3.0,7.0,5.0,16,,7.0,2.0,9,27,,5.0,3.0,7.0,18,43,10,29,10,76,3.0,10.0,,5.0,,6.0,5.0,10.0,3.0,7.0,8.0,27.0,20,16,18.0,12.0,2.0,27,9,6.0,10,6.0,16,5.0,8.0,2.0,,38,8.0,6.0,11,14,,25,16,41,5,3.0,2.0,7,2.0,5.0,7.0,2.0,14,6.0,8,14,1.0,22,,14,2.0,7,,3.0,,,1.0,2.0,3.0,2.0,70,27.0,25.0,0.5555555555555556,0.5882352941176471,0.6,0.3448275862068966,,0.42857142857142855,0.3448275862068966,0.4186046511627907,0.3,0.5,0.4583333333333333,0.2,0.5588235294117647,0.48717948717948717,0.2,0.6428571428571429,0.4027777777777778,0.13953488372093023,0.25,0.14285714285714285,0.5,,0.5833333333333334,0.24,0.6111111111111112,0.4444444444444444,0.5952380952380952,0.32558139534883723,0.2727272727272727,0.14285714285714285,0.47058823529411764,0.4444444444444444,0.6666666666666666,0.6666666666666666,0.5,1.0,90.6,0.6666666666666666,15.739473684210527,16.050666666666665,14.389473684210529,15.250666666666666,0.2777777777777778,0.65,0.6842105263157895,0.6153846153846154,0.2222222222222222,0.3125,0.4166666666666667,0.4,0.09722222222222222,,,,0.027777777777777776,0.375,0.3333333333333333,0.3333333333333333,0.5555555555555556,0.4666666666666667,0.42857142857142855,0.3333333333333333,,0.4117647058823529,0.42857142857142855,0.6805555555555556,0.3333333333333333,0.5017633802816901,0.57937,0.50019375,0.09090909090909091,0.14583333333333334,,0.07894736842105263,0.35526315789473684,6.413953488372093,26.810344827586206,0.32894736842105265,2026-07-05,1022600152,DAL,1611661332,TOR,TOR,5.0,4.0,6.0,1.0,,,,1.0,1.0,2.0,2.0,,2.0,,3.0,1.0,1.0,,0.05,,0.5,0.5,1.0,0.35294117647058826,0.6666666666666666,,,,,2.0,2.0,,,,1.0,0.2857142857142857,,0.05405405405405406,0.6666666666666666,,,,,,,,,,,
40:00,75,75,15.0,8,150,12.0,16.0,2.0,2.0,6.0,11,2.0,5.0,9.0,6,13,,,2.0,4.0,20,32,6,22,17,75,3.0,5.0,,,,6.0,2.0,5.0,2.0,5.0,6.0,16.0,26,14,18.0,,2.0,13,6,3.0,13,6.0,19,6.0,9.0,4.0,,44,5.0,3.0,14,6,,20,8,28,6,3.0,3.0,7,5.0,6.0,13.0,1.0,20,3.0,11,20,3.0,20,3.0,18,2.0,9,,,,,,,,,69,16.0,15.0,0.65,0.6842105263157895,1.0,0.2727272727272727,,0.4,0.2727272727272727,0.625,0.6,0.4,0.5370370370370371,0.6,0.5,0.6048387096774194,0.6,0.6153846153846154,0.4074074074074074,0.09375,0.18181818181818182,,0.35,,0.5,0.25,0.7368421052631579,0.3125,0.6451612903225806,0.2857142857142857,0.2,0.3333333333333333,0.14285714285714285,0.4,0.75,0.3333333333333333,0.8571428571428571,0.4,90.0,,13.64,18.36,13.138666666666666,17.36,0.2962962962962963,0.75,0.8,0.75,0.2037037037037037,0.5454545454545454,0.6666666666666666,0.6666666666666666,0.09259259259259259,0.4,0.4,,0.16666666666666666,0.24074074074074073,0.46153846153846156,0.46153846153846156,1.0,0.4,1.0,,,0.4,0.5,0.7037037037037037,0.46153846153846156,0.5234944444444444,0.5227,0.455095,0.14754098360655737,0.23076923076923078,,0.08,0.21333333333333335,6.503125,24.363636363636363,0.2,2026-07-08,1022600159,GSV,1611661332,TOR,TOR,11.0,,1.0,,,1.0,,,1.0,1.0,2.0,1.0,1.0,,2.0,1.0,1.0,,0.0625,,,,,0.1,,0.1,,,,,,2.0,1.0,,,0.25,0.4444444444444444,,0.5,,,,,,,,,,,
40:00,77,79,11.0,6,156,12.0,18.0,2.0,2.0,8.0,14,1.0,2.0,9.0,8,21,,,1.0,4.0,21,34,14,30,11,95,2.0,2.0,1.0,1.0,1.0,8.0,2.0,3.0,1.0,5.0,3.0,10.0,28,14,30.0,12.0,4.0,21,8,1.0,14,10.0,24,5.0,8.0,5.0,1.0,58,4.0,2.0,9,13,,22,6,28,3,2.0,1.0,5,,3.0,9.0,2.0,14,3.0,12,19,2.0,17,,14,3.0,6,1.0,2.0,,,1.0,1.0,2.0,,87,10.0,11.0,0.6666666666666666,0.7368421052631579,0.7142857142857143,0.4666666666666667,1.0,0.2,0.4666666666666667,0.6176470588235294,1.0,0.6666666666666666,0.65625,1.1666666666666667,0.4375,0.6884057971014492,1.0,0.5,0.46875,0.029411764705882353,,,0.35714285714285715,,0.6190476190476191,0.15384615384615385,0.6923076923076923,0.25,0.6470588235294118,0.20689655172413793,0.16666666666666666,,0.3076923076923077,0.7142857142857143,0.625,0.5,0.6,1.0,93.6,,14.337662337662337,16.40506329113924,14.081818181818182,15.379746835443038,0.28125,0.6666666666666666,0.7058823529411765,0.6666666666666666,0.21875,0.5714285714285714,0.5714285714285714,0.625,0.03125,0.5,0.5,1.0,0.140625,0.328125,0.38095238095238093,0.38095238095238093,0.625,0.6666666666666666,1.0,,,0.5,0.25,0.75,0.38095238095238093,0.5163015625,0.57865,0.4989875,0.10294117647058823,0.16216216216216217,0.03225806451612903,0.08421052631578947,0.10526315789473684,5.8500000000000005,25.0,0.14285714285714285,2026-07-10,1022600166,DAL,1611661332,TOR,TOR,16.0,1.0,1.0,6.0,,1.0,,5.0,,,2.0,,2.0,,1.0,1.0,1.0,,0.05555555555555555,,0.6666666666666666,0.6666666666666666,0.8333333333333334,0.125,1.0,0.125,,1.0,1.0,,,2.0,,,,0.16666666666666666,,,,0.3333333333333333,1.0,,,,,,,,,
40:00,88,89,18.0,6,177,15.0,22.0,3.0,3.0,6.0,13,4.0,7.0,,9,24,,2.0,2.0,6.0,25,42,9,24,16,93,3.0,3.0,,2.0,1.0,7.0,6.0,10.0,2.0,6.0,3.0,21.0,28,22,24.0,3.0,2.0,24,9,4.0,14,8.0,22,8.0,9.0,3.0,2.0,52,2.0,5.0,14,13,,27,7,34,10,9.0,1.0,11,5.0,8.0,12.0,3.0,23,2.0,7,28,3.0,19,3.0,18,2.0,8,,3.0,,,2.0,1.0,3.0,1.0,86,21.0,18.0,0.56,0.5833333333333334,0.8888888888888888,0.375,,0.3333333333333333,0.375,0.5952380952380952,1.0,0.6,0.5833333333333334,0.6,0.5625,0.6232876712328768,0.7,0.5882352941176471,0.36363636363636365,0.09523809523809523,0.07692307692307693,,0.4782608695652174,,0.5909090909090909,0.29411764705882354,0.7,0.14285714285714285,0.6428571428571429,0.22580645161290322,0.2857142857142857,,0.14285714285714285,0.3333333333333333,0.7272727272727273,1.0,0.6875,0.75,106.2,0.3333333333333333,13.16022727272727,13.953932584269664,12.648863636363636,12.768539325842697,0.3333333333333333,0.6818181818181818,0.7894736842105263,0.6,0.19696969696969696,0.46153846153846156,0.5,0.5,0.10606060606060606,0.5714285714285714,0.5714285714285714,0.5,,0.36363636363636365,0.375,0.375,0.8888888888888888,0.6,1.0,0.4,,0.375,0.3333333333333333,0.696969696969697,0.375,0.5302378787878788,0.6217375,0.477384375,0.1111111111111111,0.16666666666666666,,0.07526881720430108,0.22580645161290322,6.3619047619047615,25.724999999999998,0.20454545454545456,2026-07-12,1022600171,NYL,1611661332,TOR,TOR,38.0,3.0,5.0,,,,,,,2.0,2.0,2.0,1.0,,,1.0,,,0.13636363636363635,,,,,0.3125,0.6,,,,,,,,5.0,,,0.42857142857142855,,,0.6666666666666666,,,,2.0,,,,,,,
40:00,70,72,12.0,7,142,10.0,18.0,,,2.0,14,4.0,7.0,4.0,5,22,,4.0,1.0,5.0,16,39,7,26,9,62,,3.0,1.0,5.0,,3.0,1.0,4.0,1.0,5.0,4.0,9.0,18,14,18.0,3.0,,22,5,5.0,9,6.0,15,4.0,5.0,,4.0,36,5.0,4.0,12,12,1.0,25,9,34,3,1.0,2.0,3,1.0,3.0,7.0,,10,3.0,9,22,2.0,17,3.0,10,,3,,4.0,,,4.0,,4.0,2.0,59,9.0,12.0,0.5625,0.5625,0.8571428571428571,0.2692307692307692,0.2,0.2,0.2692307692307692,0.41025641025641024,,0.25,0.4076923076923077,0.1875,0.2777777777777778,0.44285714285714284,0.1875,0.4090909090909091,0.4,0.1282051282051282,0.21428571428571427,,0.3,0.3333333333333333,0.46153846153846156,0.18181818181818182,0.631578947368421,0.2777777777777778,0.5333333333333333,0.225,0.18181818181818182,,0.3125,0.5263157894736842,0.4,,0.6,0.75,85.2,0.5,16.167142857142856,17.615277777777777,15.152857142857144,15.804166666666665,0.27692307692307694,0.5555555555555556,0.625,0.5,0.2153846153846154,0.14285714285714285,0.18181818181818182,,0.1076923076923077,0.5714285714285714,0.5714285714285714,1.0,0.06153846153846154,0.3384615384615385,0.22727272727272727,0.23809523809523808,0.8,,,0.5,,0.5555555555555556,0.2,0.676923076923077,0.22727272727272727,0.4950130769230769,0.4745166666666667,0.38537777777777776,0.04411764705882353,0.07142857142857142,,0.04838709677419355,0.14516129032258066,7.282051282051282,26.426923076923078,0.17142857142857143,2026-07-14,1022600178,WAS,1611661332,TOR,TOR,24.0,,,2.0,,,1.0,2.0,,,1.0,,5.0,,3.0,2.0,2.0,0.038461538461538464,0.1111111111111111,0.045454545454545456,0.5,0.5,1.0,,,,,1.0,1.0,,,,2.0,,,0.25,,,,0.125,1.0,1.0,,,,,,,,
40:00,81,81,33.0,8,162,16.0,25.0,1.0,3.0,3.0,8,1.0,2.0,5.0,8,16,1.0,1.0,3.0,7.0,20,35,10,21,22,92,2.0,4.0,1.0,1.0,3.0,10.0,8.0,14.0,3.0,8.0,12.0,37.0,26,14,18.0,12.0,2.0,16,8,1.0,13,6.0,19,4.0,11.0,2.0,,44,3.0,5.0,13,5,2.0,20,8,28,3,1.0,2.0,11,2.0,9.0,9.0,2.0,20,7.0,13,23,4.0,26,3.0,25,2.0,9,,3.0,,,2.0,1.0,3.0,1.0,82,37.0,33.0,0.65,0.6842105263157895,0.6,0.47619047619047616,1.0,0.375,0.47619047619047616,0.5714285714285714,0.5,0.5714285714285714,0.625,0.7,0.5681818181818182,0.6791044776119403,0.7142857142857143,0.6607142857142857,0.375,0.02857142857142857,0.125,,0.55,0.6666666666666666,0.38461538461538464,0.3333333333333333,0.7222222222222222,0.2727272727272727,0.5806451612903226,0.3076923076923077,,1.0,0.375,0.125,0.75,1.0,0.75,0.5,97.2,0.3333333333333333,13.769135802469135,15.860493827160495,13.482716049382715,14.860493827160495,0.44642857142857145,0.64,0.64,0.6875,0.14285714285714285,0.375,0.42857142857142855,0.6666666666666666,0.03571428571428571,0.5,0.5,,0.08928571428571429,0.2857142857142857,0.5,0.5,0.5,0.6,0.3333333333333333,0.2,1.0,0.3181818181818182,0.42857142857142855,0.8214285714285714,0.5,0.5461772727272728,0.489775,0.5563238095238096,0.14285714285714285,0.21428571428571427,,0.10869565217391304,0.40217391304347827,4.165714285714286,24.69047619047619,0.4074074074074074,2026-07-17,1022600185,ATL,1611661332,TOR,TOR,18.0,7.0,12.0,2.0,,1.0,,2.0,,,,1.0,,1.0,3.0,4.0,4.0,,,,0.4,0.4,1.0,0.5454545454545454,0.5833333333333334,0.045454545454545456,,,,,1.0,1.0,2.0,,,0.4444444444444444,,0.04,,,,,1.0,,,,,,,
40:00,81,80,8.0,14,161,11.0,22.0,5.0,7.0,9.0,19,1.0,2.0,14.0,4,17,1.0,3.0,,1.0,21,43,8,31,17,83,6.0,9.0,2.0,5.0,3.0,21.0,1.0,5.0,,3.0,5.0,7.0,22,20,24.0,,8.0,17,4,6.0,11,8.0,19,4.0,5.0,5.0,1.0,46,5.0,11.0,19,7,1.0,27,16,43,6,5.0,1.0,6,2.0,4.0,8.0,2.0,14,1.0,3,13,3.0,12,,19,,7,,1.0,,,,1.0,1.0,1.0,62,7.0,8.0,0.5238095238095238,0.6470588235294118,1.0,0.25806451612903225,0.4,,0.25806451612903225,0.4883720930232558,0.6666666666666666,0.2,0.44594594594594594,0.6428571428571429,0.125,0.4939759036144578,0.65625,0.3,0.4189189189189189,0.13953488372093023,0.05263157894736842,,0.42857142857142855,1.0,0.7777777777777778,0.5,0.7916666666666666,0.23809523809523808,0.7878787878787878,0.37209302325581395,0.4,,0.3333333333333333,0.6666666666666666,0.75,1.0,0.8235294117647058,0.7142857142857143,96.6,1.0,15.28641975308642,14.522499999999999,14.577777777777778,13.997499999999999,0.2972972972972973,0.5,0.6470588235294118,0.45454545454545453,0.25675675675675674,0.47368421052631576,0.5,0.5555555555555556,0.02702702702702703,0.5,0.5,1.0,0.1891891891891892,0.22972972972972974,0.23529411764705882,0.25,1.0,0.5,0.7142857142857143,0.21428571428571427,0.3333333333333333,0.125,,0.7162162162162162,0.23529411764705882,0.5240033783783783,0.5652818181818181,0.502975,0.08641975308641975,0.14,,0.25301204819277107,0.08433734939759036,5.420930232558139,24.258064516129032,0.09876543209876543,2026-07-20,1022600194,LVA,1611661332,TOR,TOR,5.0,1.0,2.0,4.0,,2.0,1.0,4.0,,,,,1.0,,1.0,2.0,2.0,0.03225806451612903,0.22727272727272727,0.058823529411764705,0.2857142857142857,0.2857142857142857,1.0,0.25,0.5,0.25,,1.0,2.0,,2.0,,,,,0.6363636363636364,0.1111111111111111,0.05555555555555555,,0.14285714285714285,0.5,1.0,1.0,,,1.0,,,,
40:00,82,84,16.0,13,166,16.0,23.0,2.0,4.0,3.0,13,1.0,2.0,7.0,11,28,3.0,5.0,1.0,7.0,20,38,13,35,14,93,3.0,7.0,3.0,7.0,1.0,16.0,4.0,7.0,1.0,10.0,6.0,17.0,22,18,33.0,6.0,2.0,28,11,3.0,11,11.0,22,9.0,8.0,3.0,,55,9.0,5.0,9,17,1.0,27,14,41,7,6.0,1.0,8,1.0,3.0,9.0,5.0,17,2.0,7,18,3.0,20,,17,1.0,7,,4.0,,,2.0,2.0,4.0,2.0,77,17.0,16.0,0.55,0.5789473684210527,0.8461538461538461,0.37142857142857144,0.42857142857142855,0.1,0.37142857142857144,0.5263157894736842,0.42857142857142855,0.5714285714285714,0.541095890410959,0.5357142857142857,0.3235294117647059,0.58125,0.5714285714285714,0.425,0.4794520547945205,0.07894736842105263,0.15384615384615385,,0.47058823529411764,1.0,0.7083333333333334,0.2777777777777778,0.9,0.42857142857142855,0.7647058823529411,0.358974358974359,0.3,,0.375,0.8,0.625,0.7272727272727273,0.9,,99.6,0.5,14.990243902439024,13.938095238095238,14.11829268292683,13.426190476190476,0.3150684931506849,0.6956521739130435,0.7272727272727273,0.5,0.1780821917808219,0.23076923076923078,0.2727272727272727,1.0,0.0273972602739726,0.5,0.5,,0.0958904109589041,0.3835616438356164,0.39285714285714285,0.4074074074074074,0.8181818181818182,0.2857142857142857,0.5,0.35714285714285715,0.6,0.4117647058823529,0.14285714285714285,0.7945205479452054,0.39285714285714285,0.533422602739726,0.5131,0.46897941176470587,0.08860759493670886,0.1590909090909091,,0.17204301075268819,0.1827956989247312,4.855263157894737,24.262857142857143,0.1951219512195122,2026-07-28,1022600204,MIN,1611661332,TOR,TOR,14.0,2.0,2.0,2.0,,3.0,1.0,2.0,,1.0,,,,,,1.0,1.0,0.02857142857142857,0.043478260869565216,0.03571428571428571,0.2857142857142857,0.2857142857142857,1.0,0.11764705882352941,1.0,0.17647058823529413,,,2.0,,2.0,2.0,1.0,,,0.2857142857142857,0.6,0.05714285714285714,0.5,0.14285714285714285,,,,,,1.0,,,,
40:00,80,82,15.0,9,162,13.0,19.0,2.0,4.0,4.0,11,1.0,4.0,8.0,8,20,,,3.0,6.0,18,34,10,28,6,72,2.0,4.0,,,,4.0,2.0,4.0,4.0,8.0,2.0,18.0,26,10,18.0,12.0,2.0,20,8,5.0,13,6.0,19,4.0,11.0,2.0,,44,3.0,5.0,7,17,,24,9,33,6,3.0,3.0,14,3.0,10.0,10.0,4.0,24,3.0,7,11,1.0,13,1.0,11,2.0,3,1.0,4.0,,,3.0,1.0,4.0,1.0,68,18.0,15.0,0.7222222222222222,0.7647058823529411,0.6,0.35714285714285715,,0.5,0.35714285714285715,0.5294117647058824,0.5,0.5,0.532258064516129,0.5,0.6666666666666666,0.5454545454545454,0.5,0.6428571428571429,0.45161290322580644,0.14705882352941177,0.36363636363636365,,0.5833333333333334,,0.6296296296296297,0.3125,0.5,0.17647058823529413,0.5853658536585366,0.24242424242424243,0.5714285714285714,,0.09090909090909091,0.5833333333333334,0.6666666666666666,0.6666666666666666,0.5555555555555556,0.4,97.2,0.25,15.892500000000002,13.76341463414634,15.378750000000002,12.954878048780488,0.3064516129032258,0.6842105263157895,0.7222222222222222,0.8461538461538461,0.1774193548387097,0.36363636363636365,0.5714285714285714,0.5,0.06451612903225806,0.25,0.25,,0.12903225806451613,0.3225806451612903,0.4,0.4,0.5,1.0,0.5,,,0.5,0.5,0.7580645161290323,0.4,0.5240622950819672,0.6255333333333334,0.517109090909091,0.0625,0.08571428571428572,0.034482758620689655,0.05555555555555555,0.25,5.155882352941177,26.082142857142856,0.1875,2026-07-30,1022600210,MIN,1611661332,TOR,TOR,11.0,1.0,3.0,2.0,1.0,2.0,,2.0,1.0,2.0,5.0,,,,1.0,2.0,2.0,,0.05263157894736842,,0.25,0.25,1.0,0.25,0.3333333333333333,0.16666666666666666,0.5,,,1.0,1.0,1.0,,,0.3333333333333333,0.16666666666666666,0.3333333333333333,0.03571428571428571,0.5,,,,,,,,,,,
40:00,74,77,30.0,11,151,10.0,15.0,1.0,3.0,8.0,16,4.0,6.0,10.0,4,20,,3.0,,7.0,22,37,7,30,14,79,1.0,4.0,1.0,6.0,4.0,9.0,8.0,13.0,2.0,11.0,7.0,29.0,26,18,21.0,,2.0,20,4,5.0,13,7.0,20,4.0,6.0,4.0,3.0,47,7.0,6.0,11,15,1.0,27,14,41,3,1.0,2.0,8,1.0,3.0,5.0,5.0,13,7.0,10,21,3.0,20,1.0,19,3.0,9,,1.0,,,,1.0,1.0,,70,29.0,30.0,0.5909090909090909,0.6190476190476191,1.0,0.23333333333333334,0.16666666666666666,0.18181818181818182,0.23333333333333334,0.5945945945945946,0.25,0.6153846153846154,0.48507462686567165,0.25,0.4583333333333333,0.5266666666666666,0.375,0.5,0.44776119402985076,0.13513513513513514,0.1875,,0.6153846153846154,1.0,0.8333333333333334,0.4,0.7333333333333333,0.30434782608695654,0.7878787878787878,0.34210526315789475,0.375,0.5,0.25,1.0,0.8333333333333334,0.6666666666666666,0.7142857142857143,0.75,90.6,,15.605405405405405,16.17142857142857,14.441891891891892,15.725974025974027,0.22388059701492538,0.6666666666666666,0.7692307692307693,0.6,0.23880597014925373,0.5,0.6153846153846154,0.5,0.08955223880597014,0.6666666666666666,0.6666666666666666,0.75,0.14925373134328357,0.29850746268656714,0.2,0.2,1.0,0.3,0.3333333333333333,0.3,,0.2916666666666667,,0.6716417910447762,0.2,0.487670895522388,0.5308214285714286,0.46771041666666663,0.1232876712328767,0.20930232558139536,,0.11392405063291139,0.3670886075949367,6.148648648648648,24.546666666666667,0.40540540540540543,2026-08-02,1022600221,GSV,1611661332,TOR,TOR,24.0,2.0,5.0,3.0,2.0,4.0,,3.0,,,2.0,,2.0,,1.0,2.0,2.0,,0.13333333333333333,,0.3,0.3,1.0,0.20833333333333334,0.4,0.16666666666666666,0.5,1.0,3.0,1.0,2.0,,1.0,,0.5,0.4,0.42857142857142855,0.06060606060606061,,0.3,0.3333333333333333,1.0,,,,,,,,
40:00,74,75,7.0,7,149,13.0,16.0,2.0,2.0,2.0,8,1.0,6.0,8.0,9,21,,,1.0,3.0,16,30,12,29,13,81,3.0,4.0,,1.0,,6.0,1.0,2.0,1.0,4.0,2.0,7.0,20,12,36.0,,2.0,21,9,2.0,10,12.0,22,9.0,7.0,2.0,1.0,56,4.0,4.0,12,9,1.0,22,8,30,8,6.0,2.0,9,2.0,7.0,7.0,2.0,16,1.0,8,19,2.0,14,1.0,15,2.0,8,,2.0,1.0,,1.0,1.0,3.0,1.0,75,7.0,7.0,0.625,0.6666666666666666,1.0,0.41379310344827586,,0.25,0.41379310344827586,0.5333333333333333,0.75,0.5,0.576271186440678,0.6,0.4166666666666667,0.6153846153846154,0.5,0.5,0.4915254237288136,0.06666666666666667,0.125,,0.5625,0.5,0.5625,0.2857142857142857,0.6,0.23529411764705882,0.5833333333333334,0.25806451612903225,0.3333333333333333,,0.16666666666666666,0.5,0.625,0.5,0.7058823529411765,,89.4,0.3333333333333333,14.895945945945945,17.302666666666667,14.366216216216214,16.05466666666667,0.2711864406779661,0.8125,0.8666666666666667,0.5384615384615384,0.13559322033898305,0.25,0.2857142857142857,1.0,0.1016949152542373,0.16666666666666666,0.16666666666666666,1.0,0.13559322033898305,0.3559322033898305,0.42857142857142855,0.42857142857142855,1.0,0.4,1.0,,,0.5,0.3333333333333333,0.7627118644067796,0.42857142857142855,0.5158741379310345,0.4721,0.49212,0.12307692307692308,0.2222222222222222,,0.07407407407407407,0.08641975308641975,6.6033333333333335,25.04137931034483,0.0945945945945946,2026-08-04,1022600225,GSV,1611661332,TOR,TOR,15.0,1.0,1.0,3.0,,1.0,,3.0,,1.0,1.0,,,,,,,,0.0625,,0.375,0.375,1.0,0.16666666666666666,1.0,0.16666666666666666,,,1.0,,1.0,,,,,0.6666666666666666,0.4,0.034482758620689655,0.5,0.2,,,1.0,1.0,1.0,,,,,
40:00,85,87,22.0,12,172,9.0,18.0,3.0,4.0,9.0,21,2.0,2.0,11.0,5,20,1.0,3.0,1.0,2.0,20,41,9,31,16,83,4.0,7.0,2.0,6.0,3.0,17.0,3.0,9.0,2.0,4.0,4.0,16.0,32,8,21.0,6.0,4.0,20,5,3.0,16,7.0,23,4.0,7.0,7.0,2.0,53,9.0,5.0,11,14,3.0,28,15,43,7,3.0,4.0,7,2.0,4.0,10.0,3.0,17,6.0,9,17,4.0,22,1.0,24,3.0,13,,3.0,,,,3.0,3.0,3.0,66,16.0,22.0,0.8,0.8888888888888888,0.7777777777777778,0.2903225806451613,0.3333333333333333,0.5,0.2903225806451613,0.4878048780487805,0.5714285714285714,0.3333333333333333,0.4652777777777778,0.5384615384615384,0.46153846153846156,0.5060975609756098,0.5666666666666667,0.47058823529411764,0.4305555555555556,0.07317073170731707,0.047619047619047616,,0.4117647058823529,1.0,0.8235294117647058,0.23809523809523808,0.6875,0.4090909090909091,0.7575757575757576,0.32558139534883723,0.3333333333333333,,0.3333333333333333,1.0,0.8181818181818182,,0.7,0.6666666666666666,103.2,1.0,14.616470588235295,13.305747126436781,13.762352941176474,12.933333333333332,0.25,0.5,0.5625,0.7777777777777778,0.2916666666666667,0.42857142857142855,0.45,0.7777777777777778,0.027777777777777776,1.0,1.0,1.0,0.1527777777777778,0.2777777777777778,0.25,0.25,0.8,0.3076923076923077,0.75,0.23076923076923078,0.3333333333333333,0.15384615384615385,0.5,0.6805555555555556,0.25,0.4940236111111111,0.5269833333333334,0.4476076923076923,0.15853658536585366,0.2549019607843137,,0.20481927710843373,0.1927710843373494,5.290243902439024,25.003225806451614,0.25882352941176473,2026-08-06,1022600232,PDX,1611661332,TOR,TOR,9.0,1.0,3.0,4.0,1.0,2.0,1.0,3.0,2.0,,,,2.0,1.0,2.0,,,0.03225806451612903,0.1111111111111111,,0.36363636363636365,0.4,0.75,0.23076923076923078,0.3333333333333333,0.15384615384615385,0.5,1.0,3.0,1.0,3.0,1.0,1.0,0.09090909090909091,0.5,0.1111111111111111,0.5714285714285714,0.07692307692307693,0.3333333333333333,0.23076923076923078,0.3333333333333333,1.0,1.0,,,,,,,
40:00,84,85,21.0,6,169,15.0,19.0,3.0,5.0,9.0,18,1.0,4.0,3.0,10,23,,,1.0,4.0,25,41,10,26,15,95,4.0,6.0,,,,8.0,9.0,11.0,1.0,6.0,7.0,28.0,28,22,18.0,12.0,6.0,23,10,2.0,14,6.0,20,6.0,8.0,6.0,,46,2.0,5.0,11,11,,22,7,29,7,5.0,2.0,7,3.0,3.0,6.0,4.0,13,2.0,15,22,1.0,20,4.0,21,3.0,10,,4.0,,,2.0,2.0,4.0,3.0,87,28.0,21.0,0.56,0.6363636363636364,0.6,0.38461538461538464,,0.16666666666666666,0.38461538461538464,0.6097560975609756,0.6666666666666666,0.8181818181818182,0.5970149253731343,0.6666666666666666,0.6176470588235294,0.625,0.6666666666666666,0.6666666666666666,0.3880597014925373,0.04878048780487805,0.05555555555555555,,0.5384615384615384,,0.6875,0.3125,0.6470588235294118,0.125,0.6666666666666666,0.21875,0.4444444444444444,,0.07692307692307693,0.7272727272727273,0.5,1.0,0.6428571428571429,0.6666666666666666,101.4,0.75,13.008333333333335,15.379999999999999,12.742857142857144,14.581176470588234,0.2835820895522388,0.7894736842105263,0.8333333333333334,0.5333333333333333,0.26865671641791045,0.5,0.5294117647058824,0.6666666666666666,0.05970149253731343,0.25,0.25,,0.04477611940298507,0.34328358208955223,0.43478260869565216,0.45454545454545453,0.6,0.8333333333333334,0.6,,,0.23529411764705882,0.25,0.6716417910447762,0.43478260869565216,0.5251380597014925,0.69116,0.5437735294117647,0.13513513513513514,0.20833333333333334,,0.08421052631578947,0.29473684210526313,5.758536585365854,24.20384615384615,0.25,2026-08-10,1022600243,ATL,1611661332,TOR,TOR,36.0,8.0,8.0,,,2.0,1.0,,,1.0,,,1.0,,2.0,2.0,2.0,0.038461538461538464,0.05263157894736842,0.043478260869565216,,,,0.47058823529411764,1.0,0.11764705882352941,,,,,2.0,1.0,1.0,,,0.25,0.3333333333333333,0.06896551724137931,,,,,,,,,,,,
40:00,79,80,29.0,13,159,15.0,24.0,3.0,5.0,7.0,16,2.0,6.0,5.0,7,25,1.0,6.0,,5.0,24,46,8,30,16,88,6.0,9.0,1.0,8.0,1.0,16.0,8.0,13.0,1.0,7.0,8.0,27.0,22,26,24.0,,6.0,25,7,5.0,11,8.0,19,7.0,8.0,2.0,1.0,46,6.0,11.0,10,16,1.0,27,18,45,6,5.0,1.0,9,1.0,5.0,7.0,4.0,16,9.0,10,23,1.0,21,1.0,18,5.0,6,2.0,4.0,,,2.0,2.0,4.0,4.0,72,27.0,29.0,0.4583333333333333,0.5238095238095238,1.0,0.26666666666666666,0.125,0.14285714285714285,0.26666666666666666,0.5217391304347826,0.6666666666666666,0.6153846153846154,0.47368421052631576,0.4411764705882353,0.475,0.5432098765432098,0.47058823529411764,0.5869565217391305,0.39473684210526316,0.10869565217391304,0.0625,,0.5625,1.0,0.7272727272727273,0.5,0.5882352941176471,0.2727272727272727,0.6666666666666666,0.38636363636363635,0.5555555555555556,0.5,0.2777777777777778,0.6666666666666666,0.8,0.6666666666666666,0.5714285714285714,0.6666666666666666,95.4,1.0,15.19620253164557,14.99375,13.764556962025317,13.9575,0.3157894736842105,0.625,0.75,0.5333333333333333,0.21052631578947367,0.4375,0.4666666666666667,0.2857142857142857,0.07894736842105263,0.3333333333333333,0.3333333333333333,0.5,0.06578947368421052,0.32894736842105265,0.28,0.28,1.0,0.29411764705882354,0.6,0.35294117647058826,0.16666666666666666,0.25,,0.7105263157894737,0.28,0.5130881578947368,0.5042,0.48907249999999997,0.10126582278481013,0.1276595744680851,0.0625,0.18181818181818182,0.3068181818181818,5.9739130434782615,24.59,0.3670886075949367,2026-08-12,1022600248,DAL,1611661332,TOR,TOR,24.0,6.0,6.0,1.0,1.0,2.0,,1.0,,3.0,1.0,1.0,3.0,,2.0,2.0,2.0,,0.16666666666666666,,0.2,0.2,1.0,0.3,1.0,0.1,0.5,,2.0,1.0,2.0,,3.0,,1.0,0.4444444444444444,0.25,0.05128205128205128,0.3333333333333333,0.11764705882352941,,,,,,1.0,,,,
40:00,86,84,22.0,18,170,14.0,29.0,2.0,7.0,2.0,12,6.0,9.0,8.0,9,29,2.0,5.0,3.0,9.0,22,50,12,37,15,95,4.0,11.0,3.0,7.0,5.0,22.0,4.0,8.0,4.0,10.0,6.0,26.0,18,26,30.0,6.0,4.0,29,9,3.0,9,10.0,19,7.0,7.0,,2.0,48,10.0,12.0,10,13,2.0,25,22,47,6,5.0,1.0,7,2.0,4.0,5.0,3.0,12,3.0,6,20,1.0,22,3.0,20,2.0,9,,6.0,,,5.0,1.0,6.0,2.0,73,26.0,22.0,0.4090909090909091,0.45,0.8333333333333334,0.32432432432432434,0.42857142857142855,0.4,0.32432432432432434,0.44,0.36363636363636365,0.5,0.45977011494252873,0.4722222222222222,0.5555555555555556,0.4947916666666667,0.5238095238095238,0.5909090909090909,0.42528735632183906,0.06,0.08333333333333333,,0.5833333333333334,0.6666666666666666,0.7222222222222222,0.4444444444444444,0.7142857142857143,0.4166666666666667,0.71875,0.43137254901960786,0.3333333333333333,0.6666666666666666,0.42105263157894735,0.5,1.0,1.0,0.75,0.5,102.0,0.3333333333333333,14.77093023255814,13.448809523809524,13.669767441860465,12.933333333333334,0.3333333333333333,0.4827586206896552,0.5185185185185185,0.5,0.13793103448275862,0.16666666666666666,0.18181818181818182,,0.10344827586206896,0.6666666666666666,0.6666666666666666,0.3333333333333333,0.09195402298850575,0.3333333333333333,0.3103448275862069,0.3103448275862069,0.7777777777777778,0.3888888888888889,0.2857142857142857,0.2777777777777778,0.4,0.5,0.3333333333333333,0.7586206896551724,0.3103448275862069,0.5284206896551724,0.55855,0.46359999999999996,0.09574468085106383,0.15789473684210525,,0.23157894736842105,0.2736842105263158,5.87,25.43243243243243,0.2558139534883721,2026-08-18,1022600264,IND,1611661332,TOR,TOR,35.0,1.0,3.0,3.0,1.0,1.0,,3.0,,,,,1.0,,1.0,2.0,2.0,,0.06896551724137931,,0.375,0.375,1.0,0.16666666666666666,0.3333333333333333,0.05555555555555555,1.0,1.0,2.0,,2.0,,4.0,,,0.4666666666666667,0.4,0.041666666666666664,,0.1111111111111111,0.5,1.0,,,,1.0,,,,
40:00,77,78,13.0,7,155,12.0,18.0,1.0,2.0,3.0,14,2.0,6.0,5.0,8,22,1.0,2.0,2.0,4.0,17,38,11,27,15,82,1.0,5.0,1.0,2.0,2.0,7.0,2.0,5.0,3.0,6.0,8.0,21.0,18,16,27.0,6.0,2.0,22,8,3.0,9,9.0,18,6.0,5.0,3.0,1.0,45,4.0,4.0,10,11,1.0,22,9,31,5,3.0,2.0,5,,1.0,3.0,4.0,8,,10,25,3.0,16,,23,1.0,8,,3.0,,,3.0,,3.0,,75,21.0,13.0,0.5294117647058824,0.5625,0.8181818181818182,0.4074074074074074,0.5,0.5,0.4074074074074074,0.4473684210526316,0.2,0.4,0.5153846153846153,0.35714285714285715,0.5909090909090909,0.5394736842105263,0.3888888888888889,0.65625,0.4153846153846154,0.07894736842105263,0.21428571428571427,,0.625,0.3333333333333333,0.6111111111111112,0.19047619047619047,0.5555555555555556,0.25,0.5833333333333334,0.21621621621621623,0.09090909090909091,0.5,0.21428571428571427,0.5,1.0,0.3333333333333333,0.5833333333333334,0.5,93.0,,15.032467532467532,15.929487179487179,14.590909090909092,14.89102564102564,0.27692307692307694,0.6666666666666666,0.6666666666666666,0.4166666666666667,0.2153846153846154,0.21428571428571427,0.2727272727272727,1.0,0.09230769230769231,0.3333333333333333,0.3333333333333333,0.5,0.07692307692307693,0.3384615384615385,0.36363636363636365,0.38095238095238093,0.75,0.2857142857142857,0.5,0.2857142857142857,0.5,0.36363636363636365,0.5,0.6923076923076923,0.36363636363636365,0.5075892307692307,0.49806,0.5041909090909091,0.1111111111111111,0.17777777777777778,,0.08536585365853659,0.25609756097560976,6.613157894736842,24.83703703703704,0.16883116883116883,2026-08-19,1022600267,WAS,1611661332,TOR,TOR,24.0,1.0,1.0,3.0,1.0,2.0,1.0,3.0,,,,,1.0,1.0,2.0,4.0,4.0,0.037037037037037035,,0.045454545454545456,0.6,0.6,1.0,0.09090909090909091,1.0,0.18181818181818182,0.5,,,1.0,1.0,,6.0,,0.3333333333333333,0.16666666666666666,0.5,0.030303030303030304,,,,,,,,1.0,,,,
