entity_id,team_abbreviation,name,window_index,is_baseline_block,window_start_utc,window_end_utc,snapshot_span_days,covered_game_date_start,covered_game_date_end,games_in_window,cumulative_games_played,seconds_played,games_played,plus_minus,off_poss,def_poss,penalty_off_poss,penalty_def_poss,second_chance_off_poss,total_poss,at_rim_fgm,at_rim_fga,second_chance_at_rim_fgm,second_chance_at_rim_fga,penalty_at_rim_fgm,penalty_at_rim_fga,short_mid_range_fgm,short_mid_range_fga,long_mid_range_fgm,long_mid_range_fga,corner3_fgm,corner3_fga,second_chance_corner3_fgm,second_chance_corner3_fga,penalty_corner3_fgm,penalty_corner3_fga,arc3_fgm,arc3_fga,second_chance_arc3_fgm,second_chance_arc3_fga,penalty_arc3_fgm,penalty_arc3_fga,fg2_m,fg2_a,fg3_m,fg3_a,ft_points,points,opponent_points,second_chance_fg2_m,second_chance_fg2_a,second_chance_fg3_m,second_chance_fg3_a,second_chance_ft_points,second_chance_points,penalty_fg2_m,penalty_fg2_a,penalty_fg3_m,penalty_fg3_a,penalty_ft_points,penalty_points,pts_assisted2s,pts_unassisted2s,pts_assisted3s,pts_unassisted3s,pts_putbacks,non_heave_arc3_fga,non_heave_arc3_fgm,fg2a_blocked,fg3a_blocked,two_pt_assists,three_pt_assists,assists,arc3_assists,corner3_assists,at_rim_assists,short_mid_range_assists,long_mid_range_assists,assist_points,off_three_pt_rebounds,off_two_pt_rebounds,ftoff_rebounds,def_three_pt_rebounds,def_two_pt_rebounds,ftdef_rebounds,def_rebounds,off_rebounds,rebounds,self_oreb,steals,bad_pass_steals,lost_ball_steals,live_ball_turnovers,bad_pass_out_of_bounds_turnovers,bad_pass_turnovers,dead_ball_turnovers,lost_ball_out_of_bounds_turnovers,lost_ball_turnovers,step_out_of_bounds_turnovers,travels,turnovers,second_chance_turnovers,penalty_turnovers,shooting_fouls,fouls,charge_fouls,loose_ball_fouls,offensive_fouls,fouls_drawn,charge_fouls_drawn,loose_ball_fouls_drawn,offensive_fouls_drawn,fta,2pt_and_1_free_throw_trips,technical_free_throw_trips,two_pt_shooting_fouls_drawn,three_pt_shooting_fouls_drawn,non_shooting_fouls_drawn,blocked2s,blocked3s,blocked_arc3,blocked_at_rim,blocked_corner3,blocked_long_mid_range,blocked_short_mid_range,blocks,recovered_blocks,first_chance_points,penalty_points_excluding_take_fouls,penalty_off_poss_excluding_take_fouls,non_shooting_penalty_non_take_fouls,non_shooting_penalty_non_take_fouls_drawn,defensive_3_seconds_violations,offensive_goaltends,3pt_and_1_free_throw_trips,detected_zone_fga_total,clear_path_fouls,team_id,team_changed_in_window,shotquality_pbp_avg,shotquality_pbp_avg_weight,off_fgrebound_pct,off_fgrebound_pct_weight,off_rating,def_rating,net_rating,pace,points_per_game,opponent_points_per_game,fga,fgm,efg_pct,ts_pct,points_per_fga,fg2_pct,fg3_pct,ft_attempt_rate,three_point_attempt_rate,rim_fga_share,short_mid_fga_share,long_mid_fga_share,midrange_fga_share,corner3_fga_share,above_break3_fga_share,rim_and_three_fga_share,corner3_share_of_3pa,rim_accuracy,shot_making_over_shotquality,turnover_rate,live_ball_turnover_rate,assist_rate,assisted_points_share,off_reb_per_100_off_poss,def_reb_per_100_def_poss,second_chance_points_share,second_chance_off_poss_share,penalty_off_poss_share,penalty_points_share,steals_per_100_def_poss,blocks_per_100_def_poss,fouls_per_100_def_poss
1611661313,NYL,NYL,0,True,,2026-06-02 22:58:54,,,2026-06-01,9.0,9,5700.0,9.0,30.0,718.0,720.0,211.0,189.0,72.0,1438.0,104.0,157.0,17.0,29.0,28.0,38.0,56.0,137.0,13.0,31.0,25.0,68.0,,3.0,5.0,14.0,66.0,185.0,6.0,15.0,19.0,58.0,173.0,325.0,91.0,253.0,160.0,779.0,749.0,23.0,45.0,6.0,18.0,25.0,89.0,46.0,76.0,24.0,72.0,85.0,249.0,228.0,118.0,243.0,30.0,26.0,185.0,66.0,28.0,3.0,114.0,81.0,195.0,57.0,24.0,67.0,37.0,10.0,471.0,47.0,35.0,2.0,127.0,131.0,19.0,277.0,84.0,361.0,7.0,58.0,45.0,13.0,68.0,20.0,42.0,73.0,5.0,26.0,2.0,9.0,141.0,8.0,38.0,67.0,187.0,4.0,16.0,19.0,191.0,,16.0,10.0,184.0,17.0,1.0,61.0,1.0,36.0,26.0,6.0,4.0,8.0,2.0,,18.0,32.0,18.0,690.0,245.0,209.0,22.0,33.0,4.0,,,578.0,,1611661313,False,0.5036462673611112,578.0,0.2688524590163934,314.0,108.4958217270195,104.02777777777779,4.468043949241718,79.77777777777777,86.55555555555556,83.22222222222223,578.0,264.0,0.5354671280276817,0.5910829185383027,1.3477508650519032,0.5323076923076923,0.35968379446640314,0.31833910034602075,0.43771626297577854,0.27162629757785467,0.2370242214532872,0.05363321799307959,0.2906574394463668,0.11764705882352941,0.32006920415224915,0.7093425605536332,0.26877470355731226,0.6624203821656051,0.03182086066657053,0.19637883008356546,0.0947075208913649,0.7386363636363636,0.6046213093709885,11.699164345403899,38.47222222222222,0.11424903722721438,0.10027855153203342,0.2938718662952646,0.3196405648267009,8.055555555555555,4.444444444444445,25.972222222222225
1611661313,NYL,NYL,2,False,2026-06-03 21:18:01,2026-06-04 16:41:49,0.8081944444444444,2026-06-03,2026-06-03,1.0,10,600.0,1.0,15.0,78.0,78.0,13.0,16.0,11.0,156.0,11.0,13.0,2.0,3.0,3.0,3.0,7.0,23.0,1.0,3.0,7.0,14.0,,2.0,1.0,1.0,7.0,18.0,0.0,2.0,0.0,1.0,19.0,39.0,14.0,32.0,17.0,97.0,82.0,4.0,8.0,2.0,4.0,1.0,15.0,4.0,7.0,1.0,2.0,4.0,15.0,20.0,18.0,42.0,0.0,4.0,18.0,7.0,3.0,0.0,10.0,14.0,24.0,7.0,7.0,6.0,4.0,0.0,62.0,7.0,6.0,0.0,11.0,20.0,0.0,31.0,13.0,44.0,1.0,3.0,2.0,1.0,7.0,1.0,4.0,5.0,0.0,3.0,0.0,0.0,12.0,1.0,2.0,6.0,13.0,1.0,0.0,1.0,17.0,,1.0,0.0,20.0,3.0,0.0,9.0,1.0,1.0,4.0,0.0,0.0,1.0,0.0,,3.0,4.0,2.0,82.0,15.0,13.0,0.0,1.0,0.0,,,71.0,,1611661313,False,0.484175914405266,71.0,0.3515290959639543,38.0,124.35897435897436,105.12820512820514,19.230769230769226,78.0,97.0,82.0,71.0,33.0,0.5633802816901409,0.6077694235588973,1.3661971830985915,0.48717948717948717,0.4375,0.28169014084507044,0.4507042253521127,0.18309859154929578,0.323943661971831,0.04225352112676056,0.36619718309859156,0.19718309859154928,0.2535211267605634,0.6338028169014085,0.4375,0.8461538461538461,0.0792043672848749,0.15384615384615385,0.08974358974358974,0.7272727272727273,0.6391752577319587,16.666666666666664,39.743589743589745,0.15463917525773196,0.14102564102564102,0.16666666666666666,0.15463917525773196,3.8461538461538463,5.128205128205128,16.666666666666664
1611661313,NYL,NYL,5,False,2026-06-06 15:03:59,2026-06-07 15:16:47,1.008888888888889,2026-06-06,2026-06-06,1.0,11,600.0,1.0,8.0,84.0,85.0,29.0,24.0,11.0,169.0,10.0,13.0,3.0,4.0,4.0,4.0,10.0,32.0,2.0,3.0,1.0,5.0,0.0,0.0,0.0,2.0,1.0,13.0,0.0,0.0,0.0,3.0,22.0,48.0,2.0,18.0,33.0,83.0,75.0,3.0,7.0,0.0,0.0,8.0,14.0,8.0,16.0,0.0,5.0,22.0,38.0,26.0,18.0,3.0,3.0,4.0,13.0,1.0,5.0,0.0,13.0,1.0,14.0,1.0,0.0,5.0,6.0,2.0,29.0,5.0,7.0,1.0,13.0,21.0,2.0,36.0,13.0,49.0,3.0,9.0,3.0,6.0,4.0,2.0,4.0,7.0,1.0,0.0,0.0,0.0,11.0,2.0,2.0,7.0,19.0,0.0,0.0,3.0,27.0,,1.0,0.0,40.0,2.0,1.0,12.0,1.0,7.0,2.0,0.0,0.0,0.0,0.0,,1.0,2.0,2.0,69.0,33.0,26.0,2.0,3.0,0.0,,,66.0,,1611661313,False,0.47305599702080814,66.0,0.2859209656084653,42.0,98.80952380952381,88.23529411764706,10.574229691876752,84.0,83.0,75.0,66.0,24.0,0.3787878787878788,0.4964114832535885,1.2575757575757576,0.4583333333333333,0.1111111111111111,0.6060606060606061,0.2727272727272727,0.19696969696969696,0.48484848484848486,0.045454545454545456,0.5303030303030303,0.07575757575757576,0.19696969696969696,0.4696969696969697,0.2777777777777778,0.7692307692307693,-0.09426811823292935,0.13095238095238096,0.047619047619047616,0.5833333333333334,0.3493975903614458,15.476190476190476,42.35294117647059,0.1686746987951807,0.13095238095238096,0.34523809523809523,0.4578313253012048,10.588235294117647,2.3529411764705883,22.35294117647059
1611661313,NYL,NYL,7,False,2026-06-08 17:00:39,2026-06-09 16:24:19,0.9747685185185185,2026-06-08,2026-06-08,1.0,12,600.0,1.0,9.0,81.0,81.0,33.0,29.0,10.0,162.0,15.0,20.0,2.0,4.0,7.0,9.0,6.0,16.0,2.0,3.0,4.0,6.0,2.0,2.0,1.0,2.0,2.0,16.0,0.0,0.0,0.0,5.0,23.0,39.0,6.0,22.0,25.0,89.0,80.0,2.0,5.0,2.0,2.0,2.0,12.0,9.0,15.0,1.0,7.0,16.0,37.0,22.0,24.0,18.0,0.0,4.0,16.0,2.0,3.0,0.0,11.0,6.0,17.0,2.0,4.0,5.0,4.0,2.0,40.0,5.0,6.0,0.0,8.0,23.0,4.0,35.0,11.0,46.0,2.0,4.0,2.0,2.0,8.0,2.0,4.0,11.0,0.0,4.0,1.0,2.0,19.0,2.0,8.0,8.0,23.0,0.0,0.0,5.0,28.0,,3.0,2.0,29.0,2.0,0.0,8.0,0.0,7.0,4.0,0.0,0.0,3.0,0.0,0.0,1.0,4.0,3.0,77.0,37.0,33.0,3.0,6.0,1.0,,,61.0,,1611661313,False,0.4956005406465659,61.0,0.3453150040064097,32.0,109.87654320987654,98.76543209876543,11.111111111111114,81.0,89.0,80.0,61.0,29.0,0.5245901639344263,0.6033080260303687,1.459016393442623,0.5897435897435898,0.2727272727272727,0.47540983606557374,0.36065573770491804,0.32786885245901637,0.26229508196721313,0.04918032786885246,0.3114754098360656,0.09836065573770492,0.26229508196721313,0.6885245901639344,0.2727272727272727,0.75,0.028989623287860367,0.2345679012345679,0.09876543209876543,0.5862068965517241,0.449438202247191,13.580246913580247,43.20987654320987,0.1348314606741573,0.12345679012345678,0.4074074074074074,0.4157303370786517,4.938271604938271,4.938271604938271,28.39506172839506
1611661313,NYL,NYL,10,False,2026-06-11 17:31:15,2026-06-12 16:37:05,0.9623842592592593,2026-06-11,2026-06-11,1.0,13,600.0,1.0,14.0,81.0,80.0,30.0,15.0,9.0,161.0,12.0,17.0,0.0,0.0,6.0,7.0,4.0,8.0,0.0,3.0,4.0,7.0,2.0,2.0,1.0,1.0,12.0,24.0,1.0,3.0,6.0,10.0,16.0,28.0,16.0,31.0,24.0,104.0,90.0,1.0,2.0,3.0,5.0,0.0,11.0,7.0,10.0,7.0,11.0,10.0,45.0,22.0,10.0,39.0,9.0,0.0,24.0,12.0,2.0,0.0,11.0,13.0,24.0,9.0,4.0,9.0,2.0,0.0,61.0,6.0,4.0,0.0,16.0,15.0,4.0,35.0,10.0,45.0,1.0,2.0,2.0,0.0,11.0,3.0,6.0,9.0,0.0,5.0,0.0,1.0,20.0,3.0,6.0,13.0,21.0,1.0,1.0,3.0,21.0,,2.0,1.0,28.0,1.0,2.0,10.0,1.0,2.0,4.0,0.0,0.0,3.0,0.0,0.0,1.0,4.0,2.0,93.0,45.0,30.0,0.0,1.0,0.0,,,59.0,,1611661313,False,0.5332146033259059,59.0,0.38329562594268624,27.0,128.39506172839506,112.5,15.895061728395063,81.0,104.0,90.0,59.0,32.0,0.6779661016949152,0.7291082445316882,1.7627118644067796,0.5714285714285714,0.5161290322580645,0.4745762711864407,0.5254237288135594,0.288135593220339,0.13559322033898305,0.05084745762711865,0.1864406779661017,0.11864406779661017,0.4067796610169492,0.8135593220338984,0.22580645161290322,0.7058823529411765,0.14475149836900936,0.24691358024691357,0.13580246913580246,0.75,0.5865384615384616,12.345679012345679,43.75,0.10576923076923077,0.1111111111111111,0.37037037037037035,0.4326923076923077,2.5,5.0,26.25
1611661313,NYL,NYL,13,False,2026-06-14 15:31:17,2026-06-15 18:20:23,1.1174305555555555,2026-06-14,2026-06-14,1.0,14,600.0,1.0,22.0,77.0,78.0,20.0,23.0,7.0,155.0,9.0,14.0,0.0,1.0,2.0,3.0,7.0,14.0,1.0,3.0,1.0,5.0,0.0,0.0,0.0,0.0,10.0,21.0,2.0,4.0,3.0,5.0,17.0,31.0,11.0,26.0,19.0,86.0,64.0,0.0,1.0,2.0,4.0,4.0,10.0,6.0,9.0,3.0,5.0,9.0,30.0,22.0,12.0,33.0,0.0,0.0,21.0,10.0,2.0,1.0,11.0,11.0,22.0,10.0,1.0,6.0,4.0,1.0,55.0,2.0,5.0,1.0,15.0,12.0,3.0,30.0,8.0,38.0,2.0,9.0,9.0,0.0,6.0,6.0,2.0,13.0,0.0,4.0,0.0,2.0,19.0,2.0,4.0,7.0,16.0,0.0,1.0,1.0,19.0,,1.0,1.0,22.0,2.0,0.0,9.0,0.0,3.0,10.0,0.0,0.0,3.0,0.0,1.0,6.0,10.0,3.0,76.0,30.0,20.0,2.0,3.0,0.0,,,57.0,,1611661313,False,0.5029572099208119,57.0,0.25038924650508065,29.0,111.68831168831169,82.05128205128204,29.63702963702964,77.0,86.0,64.0,57.0,28.0,0.5877192982456141,0.644871025794841,1.5087719298245614,0.5483870967741935,0.4230769230769231,0.38596491228070173,0.45614035087719296,0.24561403508771928,0.24561403508771928,0.05263157894736842,0.2982456140350877,0.08771929824561403,0.3684210526315789,0.7017543859649122,0.19230769230769232,0.6428571428571429,0.08476208832480214,0.24675324675324675,0.07792207792207792,0.7857142857142857,0.6395348837209303,10.38961038961039,38.46153846153847,0.11627906976744186,0.09090909090909091,0.2597402597402597,0.3488372093023256,11.538461538461538,12.82051282051282,20.51282051282051
1611661313,NYL,NYL,16,False,2026-06-17 16:50:06,2026-06-18 16:49:24,0.9995138888888889,2026-06-17,2026-06-17,1.0,15,600.0,1.0,1.0,79.0,80.0,35.0,7.0,11.0,159.0,16.0,24.0,4.0,4.0,8.0,11.0,8.0,15.0,0.0,0.0,0.0,2.0,0.0,0.0,0.0,0.0,9.0,25.0,1.0,2.0,6.0,14.0,24.0,39.0,9.0,27.0,21.0,96.0,95.0,5.0,5.0,1.0,2.0,0.0,13.0,11.0,18.0,6.0,14.0,13.0,53.0,26.0,22.0,21.0,6.0,6.0,25.0,9.0,4.0,0.0,13.0,7.0,20.0,7.0,0.0,8.0,5.0,0.0,47.0,8.0,3.0,0.0,7.0,18.0,1.0,26.0,11.0,37.0,0.0,7.0,5.0,2.0,10.0,2.0,5.0,4.0,0.0,5.0,1.0,0.0,14.0,4.0,3.0,8.0,12.0,0.0,1.0,0.0,22.0,,1.0,0.0,23.0,1.0,1.0,6.0,0.0,6.0,5.0,0.0,0.0,4.0,0.0,0.0,1.0,5.0,2.0,83.0,53.0,35.0,0.0,6.0,0.0,,,66.0,,1611661313,False,0.5251887746956425,66.0,0.3344331176064166,33.0,121.51898734177216,118.75,2.76898734177216,79.0,96.0,95.0,66.0,33.0,0.5681818181818182,0.630583289542827,1.4545454545454546,0.6153846153846154,0.3333333333333333,0.3484848484848485,0.4090909090909091,0.36363636363636365,0.22727272727272727,0.0,0.22727272727272727,0.030303030303030304,0.3787878787878788,0.7727272727272727,0.07407407407407407,0.6666666666666666,0.04299304348617572,0.17721518987341772,0.12658227848101267,0.6060606060606061,0.4895833333333333,13.924050632911392,32.5,0.13541666666666666,0.13924050632911392,0.4430379746835443,0.5520833333333334,8.75,6.25,15.0
1611661313,NYL,NYL,18,False,2026-06-19 16:26:43,2026-06-20 15:27:14,0.9586921296296296,2026-06-19,2026-06-19,1.0,16,600.0,1.0,-3.0,78.0,80.0,34.0,26.0,8.0,158.0,12.0,15.0,2.0,2.0,8.0,9.0,7.0,17.0,0.0,0.0,6.0,13.0,0.0,2.0,4.0,4.0,4.0,21.0,1.0,3.0,1.0,9.0,19.0,32.0,10.0,34.0,15.0,83.0,86.0,2.0,3.0,1.0,5.0,4.0,11.0,8.0,14.0,5.0,13.0,9.0,40.0,20.0,18.0,30.0,0.0,4.0,21.0,4.0,2.0,0.0,10.0,10.0,20.0,4.0,6.0,7.0,3.0,0.0,50.0,10.0,3.0,0.0,9.0,15.0,4.0,28.0,13.0,41.0,1.0,5.0,3.0,2.0,9.0,1.0,6.0,5.0,0.0,3.0,0.0,1.0,14.0,1.0,6.0,11.0,26.0,0.0,1.0,3.0,23.0,,5.0,1.0,20.0,0.0,0.0,5.0,0.0,5.0,6.0,0.0,0.0,2.0,0.0,1.0,3.0,6.0,5.0,72.0,40.0,34.0,4.0,5.0,0.0,,,66.0,,1611661313,False,0.5064656121423682,66.0,0.3527089713968446,37.0,106.41025641025641,107.5,-1.0897435897435912,78.0,83.0,86.0,66.0,29.0,0.5151515151515151,0.5548128342245989,1.2575757575757576,0.59375,0.29411764705882354,0.30303030303030304,0.5151515151515151,0.22727272727272727,0.25757575757575757,0.0,0.25757575757575757,0.19696969696969696,0.3181818181818182,0.7424242424242424,0.38235294117647056,0.8,0.008685903009146956,0.1794871794871795,0.11538461538461539,0.6896551724137931,0.6024096385542169,16.666666666666664,35.0,0.13253012048192772,0.10256410256410256,0.4358974358974359,0.4819277108433735,6.25,7.5,32.5
1611661313,NYL,NYL,20,False,2026-06-21 15:43:44,2026-06-23 16:17:53,2.023715277777778,2026-06-21,2026-06-22,1.0,17,600.0,1.0,-1.0,82.0,83.0,19.0,10.0,13.0,165.0,18.0,23.0,2.0,3.0,4.0,4.0,3.0,10.0,0.0,0.0,2.0,8.0,0.0,0.0,0.0,1.0,11.0,28.0,2.0,5.0,1.0,6.0,21.0,33.0,13.0,36.0,16.0,97.0,98.0,2.0,3.0,2.0,5.0,3.0,13.0,4.0,4.0,1.0,7.0,8.0,19.0,26.0,16.0,30.0,9.0,2.0,28.0,11.0,2.0,0.0,13.0,10.0,23.0,8.0,2.0,10.0,3.0,0.0,56.0,12.0,2.0,0.0,12.0,17.0,2.0,31.0,14.0,45.0,1.0,7.0,5.0,2.0,5.0,4.0,3.0,12.0,2.0,2.0,0.0,0.0,17.0,4.0,5.0,5.0,21.0,0.0,4.0,4.0,20.0,,3.0,0.0,19.0,1.0,0.0,5.0,0.0,5.0,2.0,1.0,1.0,2.0,0.0,0.0,0.0,3.0,1.0,84.0,18.0,18.0,3.0,4.0,0.0,,,69.0,,1611661313,False,0.5517680332973989,69.0,0.402202898550725,35.0,118.29268292682926,118.07228915662651,0.22039377020274742,82.0,97.0,98.0,69.0,34.0,0.5869565217391305,0.6269389865563599,1.4057971014492754,0.6363636363636364,0.3611111111111111,0.2753623188405797,0.5217391304347826,0.3333333333333333,0.14492753623188406,0.0,0.14492753623188406,0.11594202898550725,0.4057971014492754,0.855072463768116,0.2222222222222222,0.782608695652174,0.035188488441731613,0.2073170731707317,0.06097560975609756,0.6764705882352942,0.5773195876288659,17.073170731707318,37.34939759036144,0.13402061855670103,0.15853658536585366,0.23170731707317074,0.1958762886597938,8.433734939759036,3.614457831325301,25.301204819277107
1611661313,NYL,NYL,21,False,2026-06-23 16:17:53,2026-06-24 16:05:29,0.9913888888888889,2026-06-23,2026-06-23,1.0,18,600.0,1.0,11.0,77.0,77.0,9.0,9.0,5.0,154.0,11.0,17.0,1.0,1.0,0.0,2.0,6.0,16.0,0.0,1.0,4.0,6.0,0.0,1.0,0.0,0.0,9.0,25.0,0.0,1.0,2.0,5.0,17.0,34.0,13.0,31.0,14.0,87.0,76.0,2.0,2.0,0.0,2.0,0.0,4.0,0.0,4.0,2.0,5.0,0.0,6.0,16.0,18.0,33.0,6.0,2.0,25.0,9.0,3.0,1.0,8.0,11.0,19.0,7.0,4.0,5.0,3.0,0.0,49.0,1.0,4.0,0.0,15.0,19.0,0.0,34.0,5.0,39.0,0.0,3.0,2.0,1.0,9.0,0.0,6.0,3.0,0.0,3.0,0.0,1.0,12.0,1.0,1.0,3.0,12.0,0.0,1.0,1.0,14.0,,1.0,1.0,16.0,4.0,1.0,8.0,1.0,0.0,5.0,0.0,0.0,3.0,0.0,0.0,2.0,5.0,4.0,83.0,6.0,9.0,1.0,0.0,1.0,,,65.0,,1611661313,False,0.49743063530188814,65.0,0.15680712651193127,35.0,112.98701298701299,98.7012987012987,14.285714285714292,77.0,87.0,76.0,65.0,30.0,0.5615384615384615,0.6038312048861743,1.3384615384615384,0.5,0.41935483870967744,0.24615384615384617,0.47692307692307695,0.26153846153846155,0.24615384615384617,0.015384615384615385,0.26153846153846155,0.09230769230769231,0.38461538461538464,0.7384615384615385,0.1935483870967742,0.6470588235294118,0.0641078262365734,0.15584415584415584,0.11688311688311688,0.6333333333333333,0.5632183908045977,6.493506493506493,44.15584415584416,0.04597701149425287,0.06493506493506493,0.11688311688311688,0.06896551724137931,3.896103896103896,6.493506493506493,15.584415584415584
1611661313,NYL,NYL,23,False,2026-06-25 16:13:09,2026-06-26 16:05:12,0.9944791666666667,2026-06-25,2026-06-25,1.0,19,600.0,1.0,-11.0,82.0,84.0,19.0,21.0,11.0,166.0,18.0,21.0,5.0,5.0,1.0,3.0,4.0,13.0,0.0,1.0,1.0,9.0,0.0,0.0,0.0,0.0,9.0,27.0,0.0,2.0,2.0,7.0,22.0,35.0,10.0,36.0,14.0,88.0,99.0,5.0,5.0,0.0,2.0,4.0,14.0,2.0,6.0,2.0,7.0,8.0,18.0,26.0,18.0,24.0,6.0,8.0,27.0,9.0,2.0,1.0,13.0,8.0,21.0,7.0,1.0,11.0,2.0,0.0,50.0,7.0,4.0,1.0,9.0,12.0,1.0,22.0,12.0,34.0,0.0,9.0,7.0,2.0,8.0,3.0,8.0,8.0,0.0,0.0,0.0,2.0,16.0,2.0,3.0,6.0,14.0,0.0,0.0,0.0,21.0,,2.0,2.0,20.0,4.0,0.0,6.0,0.0,6.0,2.0,1.0,1.0,1.0,0.0,0.0,1.0,3.0,1.0,74.0,18.0,19.0,3.0,6.0,0.0,,,71.0,,1611661313,False,0.5279167894945793,71.0,0.28948360720806565,39.0,107.31707317073172,117.85714285714286,-10.540069686411144,82.0,88.0,99.0,71.0,32.0,0.5211267605633803,0.5513784461152882,1.2394366197183098,0.6285714285714286,0.2777777777777778,0.28169014084507044,0.5070422535211268,0.29577464788732394,0.18309859154929578,0.014084507042253521,0.19718309859154928,0.1267605633802817,0.38028169014084506,0.8028169014084507,0.25,0.8571428571428571,-0.006790028931199066,0.1951219512195122,0.0975609756097561,0.65625,0.5681818181818182,14.634146341463413,26.190476190476193,0.1590909090909091,0.13414634146341464,0.23170731707317074,0.20454545454545456,10.714285714285714,3.571428571428571,16.666666666666664
1611661313,NYL,NYL,26,False,2026-06-28 15:09:09,2026-06-29 16:48:32,1.0690162037037036,2026-06-28,2026-06-28,1.0,20,600.0,1.0,-9.0,67.0,69.0,30.0,20.0,6.0,136.0,4.0,8.0,0.0,1.0,1.0,4.0,7.0,17.0,1.0,2.0,0.0,2.0,0.0,1.0,0.0,1.0,9.0,23.0,2.0,2.0,5.0,10.0,12.0,27.0,9.0,25.0,16.0,67.0,76.0,2.0,3.0,2.0,3.0,1.0,11.0,2.0,10.0,5.0,11.0,11.0,30.0,14.0,10.0,21.0,6.0,0.0,23.0,9.0,2.0,0.0,7.0,7.0,14.0,7.0,0.0,3.0,4.0,0.0,35.0,2.0,4.0,1.0,12.0,11.0,2.0,25.0,7.0,32.0,1.0,5.0,2.0,3.0,5.0,2.0,4.0,7.0,0.0,1.0,0.0,1.0,12.0,0.0,8.0,7.0,21.0,1.0,3.0,2.0,24.0,,3.0,2.0,21.0,0.0,0.0,4.0,0.0,6.0,2.0,0.0,0.0,1.0,0.0,0.0,1.0,2.0,2.0,56.0,30.0,30.0,2.0,6.0,2.0,,,52.0,,1611661313,False,0.49413112536987785,52.0,0.19135441503593417,31.0,100.0,110.14492753623189,-10.14492753623189,67.0,67.0,76.0,52.0,21.0,0.49038461538461536,0.547028086218158,1.2884615384615385,0.4444444444444444,0.36,0.40384615384615385,0.4807692307692308,0.15384615384615385,0.3269230769230769,0.038461538461538464,0.36538461538461536,0.038461538461538464,0.4423076923076923,0.6346153846153846,0.08,0.5,-0.0037465099852624917,0.1791044776119403,0.07462686567164178,0.6666666666666666,0.5223880597014925,10.44776119402985,36.231884057971016,0.16417910447761194,0.08955223880597014,0.44776119402985076,0.44776119402985076,7.246376811594203,2.898550724637681,30.434782608695656
1611661313,NYL,NYL,27,False,2026-06-29 16:48:32,2026-07-04 14:56:19,4.922071759259259,2026-06-29,2026-07-03,1.0,21,600.0,1.0,13.0,77.0,75.0,13.0,16.0,7.0,152.0,17.0,19.0,3.0,5.0,1.0,1.0,9.0,17.0,0.0,1.0,4.0,8.0,0.0,0.0,1.0,1.0,6.0,17.0,0.0,0.0,1.0,3.0,26.0,37.0,10.0,25.0,17.0,99.0,86.0,4.0,7.0,0.0,0.0,3.0,11.0,3.0,5.0,2.0,4.0,5.0,17.0,32.0,20.0,30.0,0.0,4.0,17.0,6.0,1.0,0.0,16.0,10.0,26.0,6.0,4.0,9.0,7.0,0.0,62.0,3.0,5.0,0.0,13.0,17.0,1.0,31.0,8.0,39.0,2.0,8.0,6.0,2.0,8.0,4.0,6.0,9.0,0.0,2.0,0.0,1.0,17.0,0.0,3.0,6.0,13.0,0.0,0.0,2.0,15.0,,1.0,0.0,18.0,4.0,0.0,9.0,0.0,2.0,4.0,2.0,1.0,1.0,1.0,0.0,3.0,6.0,3.0,88.0,17.0,13.0,0.0,2.0,0.0,,,62.0,,1611661313,False,0.5259711049540193,62.0,0.31947111034714537,26.0,128.57142857142858,114.66666666666667,13.904761904761912,77.0,99.0,86.0,62.0,36.0,0.6612903225806451,0.7079519450800915,1.596774193548387,0.7027027027027027,0.4,0.2903225806451613,0.4032258064516129,0.3064516129032258,0.27419354838709675,0.016129032258064516,0.2903225806451613,0.12903225806451613,0.27419354838709675,0.7096774193548387,0.32,0.8947368421052632,0.1353192176266258,0.22077922077922077,0.1038961038961039,0.7222222222222222,0.6262626262626263,10.38961038961039,41.333333333333336,0.1111111111111111,0.09090909090909091,0.16883116883116883,0.1717171717171717,10.666666666666668,8.0,17.333333333333336
1611661313,NYL,NYL,30,False,2026-07-07 16:15:04,2026-07-08 15:56:18,0.9869675925925926,2026-07-07,2026-07-07,1.0,22,600.0,1.0,-11.0,79.0,81.0,17.0,17.0,9.0,160.0,12.0,17.0,1.0,1.0,1.0,3.0,9.0,21.0,0.0,1.0,3.0,8.0,1.0,3.0,0.0,1.0,2.0,18.0,0.0,1.0,0.0,4.0,21.0,39.0,5.0,26.0,20.0,77.0,88.0,2.0,3.0,1.0,4.0,4.0,11.0,3.0,9.0,0.0,5.0,6.0,12.0,22.0,20.0,15.0,0.0,4.0,18.0,2.0,5.0,0.0,11.0,5.0,16.0,2.0,3.0,7.0,4.0,0.0,37.0,6.0,3.0,1.0,12.0,17.0,0.0,29.0,10.0,39.0,2.0,3.0,3.0,0.0,3.0,2.0,1.0,11.0,2.0,2.0,0.0,0.0,14.0,1.0,2.0,2.0,18.0,1.0,3.0,5.0,17.0,,1.0,1.0,22.0,1.0,0.0,7.0,1.0,3.0,4.0,0.0,0.0,2.0,0.0,1.0,1.0,4.0,3.0,66.0,12.0,17.0,3.0,3.0,0.0,,,65.0,,1611661313,False,0.49633799780420373,65.0,0.22950813369166959,39.0,97.46835443037975,108.64197530864197,-11.173620878262227,79.0,77.0,88.0,65.0,26.0,0.43846153846153846,0.5155329405463309,1.1846153846153846,0.5384615384615384,0.19230769230769232,0.3384615384615385,0.4,0.26153846153846155,0.3230769230769231,0.015384615384615385,0.3384615384615385,0.12307692307692308,0.27692307692307694,0.6615384615384615,0.3076923076923077,0.7058823529411765,-0.057876459342665276,0.17721518987341772,0.0379746835443038,0.6153846153846154,0.4805194805194805,12.658227848101266,35.80246913580247,0.14285714285714285,0.11392405063291139,0.21518987341772153,0.15584415584415584,3.7037037037037033,4.938271604938271,22.22222222222222
1611661313,NYL,NYL,34,False,2026-07-11 14:43:06,2026-07-12 14:45:23,1.0015856481481482,2026-07-11,2026-07-11,1.0,23,1200.0,1.0,-5.0,76.0,78.0,16.0,12.0,11.0,154.0,14.0,24.0,1.0,4.0,3.0,6.0,2.0,6.0,3.0,7.0,2.0,7.0,1.0,2.0,1.0,1.0,11.0,31.0,2.0,4.0,3.0,6.0,19.0,37.0,13.0,38.0,8.0,85.0,90.0,2.0,8.0,3.0,6.0,0.0,13.0,5.0,9.0,4.0,7.0,2.0,24.0,20.0,18.0,30.0,9.0,2.0,31.0,11.0,3.0,0.0,10.0,10.0,20.0,8.0,2.0,9.0,1.0,0.0,50.0,7.0,9.0,0.0,10.0,15.0,2.0,27.0,16.0,43.0,4.0,8.0,6.0,2.0,9.0,0.0,7.0,5.0,0.0,2.0,1.0,1.0,14.0,2.0,3.0,9.0,16.0,0.0,1.0,1.0,18.0,,1.0,1.0,9.0,2.0,1.0,5.0,0.0,0.0,2.0,0.0,0.0,2.0,0.0,0.0,0.0,2.0,1.0,72.0,24.0,16.0,1.0,0.0,1.0,,,75.0,,1611661313,False,0.5244314902885404,75.0,0.37384798566823363,43.0,111.8421052631579,115.38461538461537,-3.542510121457468,76.0,85.0,90.0,75.0,32.0,0.5133333333333333,0.5382472137791288,1.1333333333333333,0.5135135135135135,0.34210526315789475,0.12,0.5066666666666667,0.32,0.08,0.09333333333333334,0.17333333333333334,0.09333333333333334,0.41333333333333333,0.8266666666666667,0.18421052631578946,0.5833333333333334,-0.011098156955207106,0.18421052631578946,0.11842105263157894,0.625,0.5882352941176471,21.052631578947366,34.61538461538461,0.15294117647058825,0.14473684210526316,0.21052631578947367,0.2823529411764706,10.256410256410255,2.564102564102564,20.51282051282051
1611661313,NYL,NYL,35,False,2026-07-12 14:45:23,2026-07-13 16:18:46,1.064849537037037,2026-07-12,2026-07-12,1.0,24,600.0,1.0,-2.0,88.0,89.0,37.0,19.0,14.0,177.0,20.0,29.0,6.0,7.0,10.0,13.0,5.0,16.0,3.0,5.0,3.0,7.0,1.0,1.0,1.0,1.0,2.0,19.0,0.0,0.0,1.0,8.0,28.0,50.0,5.0,26.0,20.0,91.0,93.0,6.0,12.0,1.0,1.0,3.0,18.0,11.0,23.0,2.0,9.0,14.0,42.0,24.0,32.0,12.0,3.0,2.0,19.0,2.0,3.0,0.0,12.0,4.0,16.0,1.0,3.0,10.0,1.0,1.0,36.0,6.0,9.0,1.0,12.0,12.0,0.0,24.0,16.0,40.0,1.0,11.0,8.0,3.0,10.0,1.0,9.0,8.0,1.0,1.0,1.0,0.0,18.0,2.0,4.0,8.0,19.0,0.0,0.0,3.0,28.0,,1.0,3.0,22.0,2.0,0.0,7.0,0.0,5.0,4.0,0.0,0.0,3.0,0.0,0.0,1.0,4.0,1.0,73.0,42.0,37.0,0.0,5.0,0.0,,,76.0,,1611661313,False,0.5441454452339521,76.0,0.3569337076572851,43.0,103.40909090909092,104.49438202247192,-1.085291113381004,88.0,91.0,93.0,76.0,33.0,0.46710526315789475,0.5310457516339869,1.1973684210526316,0.56,0.19230769230769232,0.2894736842105263,0.34210526315789475,0.3815789473684211,0.21052631578947367,0.06578947368421052,0.27631578947368424,0.09210526315789473,0.25,0.7236842105263158,0.2692307692307692,0.6896551724137931,-0.0770401820760574,0.20454545454545456,0.11363636363636363,0.48484848484848486,0.3956043956043956,18.181818181818183,26.96629213483146,0.1978021978021978,0.1590909090909091,0.42045454545454547,0.46153846153846156,12.359550561797752,4.49438202247191,21.34831460674157
1611661313,NYL,NYL,39,False,2026-07-18 14:42:59,2026-07-19 14:45:02,1.001423611111111,2026-07-18,2026-07-18,1.0,25,600.0,1.0,-20.0,82.0,84.0,29.0,31.0,9.0,166.0,11.0,20.0,2.0,2.0,5.0,9.0,5.0,10.0,1.0,5.0,3.0,8.0,0.0,1.0,0.0,3.0,10.0,24.0,0.0,1.0,2.0,6.0,17.0,35.0,13.0,32.0,15.0,88.0,108.0,5.0,6.0,0.0,2.0,3.0,13.0,8.0,14.0,2.0,9.0,5.0,27.0,18.0,16.0,30.0,9.0,4.0,24.0,10.0,5.0,0.0,9.0,10.0,19.0,7.0,3.0,4.0,4.0,1.0,48.0,3.0,5.0,2.0,9.0,10.0,3.0,22.0,10.0,32.0,2.0,8.0,4.0,4.0,7.0,2.0,7.0,10.0,0.0,0.0,0.0,0.0,17.0,0.0,7.0,14.0,24.0,0.0,3.0,3.0,24.0,0.0,0.0,3.0,25.0,3.0,1.0,11.0,1.0,1.0,5.0,1.0,1.0,5.0,0.0,0.0,0.0,6.0,3.0,75.0,27.0,29.0,1.0,1.0,0.0,,,67.0,,1611661313,False,0.5096817940906571,67.0,0.230748583580332,37.0,107.31707317073172,128.57142857142858,-21.254355400696866,82.0,88.0,108.0,67.0,30.0,0.5447761194029851,0.5641025641025641,1.3134328358208955,0.4857142857142857,0.40625,0.373134328358209,0.47761194029850745,0.29850746268656714,0.14925373134328357,0.07462686567164178,0.22388059701492538,0.11940298507462686,0.3582089552238806,0.7761194029850746,0.25,0.55,0.035094325312328034,0.2073170731707317,0.08536585365853659,0.6333333333333333,0.5454545454545454,12.195121951219512,26.190476190476193,0.14772727272727273,0.10975609756097561,0.35365853658536583,0.3068181818181818,9.523809523809524,7.142857142857142,28.57142857142857
1611661313,NYL,NYL,41,False,2026-07-20 15:42:54,2026-07-23 15:46:30,3.0025,2026-07-20,2026-07-22,2.0,27,1500.0,2.0,2.0,165.0,165.0,41.0,32.0,26.0,330.0,20.0,42.0,7.0,12.0,4.0,7.0,20.0,46.0,4.0,7.0,2.0,12.0,0.0,1.0,0.0,3.0,18.0,48.0,4.0,7.0,3.0,12.0,44.0,95.0,20.0,60.0,46.0,194.0,192.0,11.0,18.0,4.0,8.0,9.0,43.0,10.0,17.0,3.0,15.0,19.0,48.0,40.0,48.0,42.0,18.0,18.0,48.0,18.0,12.0,1.0,20.0,14.0,34.0,12.0,2.0,9.0,8.0,3.0,82.0,14.0,17.0,1.0,20.0,40.0,3.0,63.0,32.0,95.0,6.0,4.0,2.0,2.0,9.0,5.0,7.0,12.0,1.0,2.0,0.0,1.0,21.0,2.0,5.0,16.0,33.0,0.0,2.0,3.0,46.0,0.0,3.0,4.0,51.0,5.0,3.0,21.0,1.0,5.0,11.0,1.0,1.0,4.0,0.0,0.0,7.0,12.0,9.0,151.0,48.0,41.0,2.0,5.0,1.0,,,155.0,,1611661313,False,0.47498374738486143,155.0,0.34829424136594583,91.0,117.57575757575758,116.36363636363636,1.2121212121212182,82.5,97.0,96.0,155.0,64.0,0.4774193548387097,0.5466636609558161,1.2516129032258065,0.4631578947368421,0.3333333333333333,0.32903225806451614,0.3870967741935484,0.2709677419354839,0.2967741935483871,0.04516129032258064,0.3419354838709677,0.07741935483870968,0.3096774193548387,0.6580645161290323,0.2,0.47619047619047616,0.002435607453848243,0.12727272727272726,0.05454545454545454,0.53125,0.422680412371134,19.393939393939394,38.18181818181819,0.22164948453608246,0.15757575757575756,0.24848484848484848,0.24742268041237114,2.4242424242424243,7.2727272727272725,20.0
1611661313,NYL,NYL,42,False,2026-07-23 15:46:30,2026-07-29 15:43:06,5.997638888888889,2026-07-23,2026-07-28,1.0,28,600.0,1.0,4.0,84.0,86.0,7.0,21.0,8.0,170.0,18.0,21.0,2.0,2.0,0.0,0.0,6.0,13.0,0.0,4.0,4.0,7.0,2.0,3.0,1.0,1.0,13.0,25.0,2.0,2.0,1.0,2.0,24.0,38.0,17.0,32.0,14.0,113.0,109.0,2.0,2.0,4.0,5.0,2.0,18.0,0.0,2.0,2.0,3.0,7.0,13.0,28.0,20.0,39.0,12.0,2.0,25.0,13.0,0.0,1.0,14.0,13.0,27.0,9.0,4.0,10.0,4.0,0.0,67.0,7.0,2.0,0.0,11.0,11.0,1.0,23.0,9.0,32.0,1.0,10.0,8.0,2.0,10.0,4.0,8.0,8.0,1.0,2.0,0.0,1.0,18.0,1.0,0.0,4.0,13.0,0.0,0.0,1.0,16.0,0.0,0.0,2.0,16.0,1.0,0.0,4.0,0.0,4.0,7.0,0.0,0.0,6.0,0.0,0.0,1.0,7.0,4.0,95.0,10.0,5.0,0.0,1.0,0.0,,0.0,70.0,,1611661313,False,0.5181665278865678,70.0,0.3211147606693885,29.0,134.52380952380955,126.74418604651163,7.779623477297918,84.0,113.0,109.0,70.0,41.0,0.7071428571428572,0.7333852544132917,1.6142857142857143,0.631578947368421,0.53125,0.22857142857142856,0.45714285714285713,0.3,0.18571428571428572,0.05714285714285714,0.24285714285714285,0.1,0.35714285714285715,0.7571428571428571,0.21875,0.8571428571428571,0.18897632925628938,0.21428571428571427,0.11904761904761904,0.6585365853658537,0.5929203539823009,10.714285714285714,26.744186046511626,0.1592920353982301,0.09523809523809523,0.08333333333333333,0.11504424778761062,11.627906976744185,8.13953488372093,15.11627906976744
1611661313,NYL,NYL,43,False,2026-07-29 15:43:06,2026-07-31 15:52:06,2.00625,2026-07-29,2026-07-30,1.0,29,600.0,1.0,-5.0,83.0,82.0,30.0,18.0,10.0,165.0,16.0,20.0,2.0,3.0,4.0,6.0,11.0,26.0,0.0,0.0,4.0,5.0,0.0,0.0,1.0,1.0,4.0,17.0,1.0,1.0,0.0,9.0,27.0,46.0,8.0,22.0,21.0,99.0,104.0,4.0,6.0,1.0,1.0,4.0,15.0,10.0,16.0,1.0,10.0,8.0,31.0,28.0,26.0,18.0,6.0,2.0,17.0,4.0,4.0,0.0,14.0,6.0,20.0,2.0,4.0,8.0,6.0,0.0,46.0,5.0,4.0,1.0,12.0,14.0,1.0,27.0,10.0,37.0,1.0,9.0,7.0,2.0,5.0,2.0,4.0,8.0,1.0,1.0,0.0,0.0,13.0,0.0,4.0,8.0,20.0,0.0,2.0,3.0,21.0,0.0,0.0,1.0,25.0,2.0,0.0,10.0,1.0,2.0,1.0,0.0,0.0,0.0,0.0,0.0,1.0,1.0,0.0,84.0,31.0,30.0,5.0,2.0,0.0,,0.0,68.0,,1611661313,False,0.4793031056185137,68.0,0.27218720124365303,33.0,119.27710843373494,126.82926829268293,-7.552159858947988,83.0,99.0,104.0,68.0,35.0,0.5735294117647058,0.6265822784810127,1.4558823529411764,0.5869565217391305,0.36363636363636365,0.36764705882352944,0.3235294117647059,0.29411764705882354,0.38235294117647056,0.0,0.38235294117647056,0.07352941176470588,0.25,0.6176470588235294,0.22727272727272727,0.8,0.09422630614619215,0.1566265060240964,0.060240963855421686,0.5714285714285714,0.46464646464646464,12.048192771084338,32.926829268292686,0.15151515151515152,0.12048192771084337,0.3614457831325301,0.31313131313131315,10.975609756097562,1.2195121951219512,24.390243902439025
1611661313,NYL,NYL,45,False,2026-08-01 14:50:36,2026-08-02 14:53:00,1.0016666666666667,2026-08-01,2026-08-01,1.0,30,600.0,1.0,2.0,81.0,82.0,22.0,20.0,12.0,163.0,18.0,21.0,5.0,5.0,4.0,4.0,5.0,14.0,1.0,5.0,3.0,4.0,0.0,0.0,2.0,2.0,6.0,24.0,0.0,1.0,2.0,9.0,24.0,40.0,9.0,28.0,19.0,94.0,92.0,6.0,7.0,0.0,1.0,4.0,16.0,4.0,7.0,4.0,11.0,10.0,30.0,36.0,12.0,24.0,3.0,6.0,24.0,6.0,2.0,0.0,18.0,8.0,26.0,5.0,3.0,13.0,4.0,1.0,60.0,4.0,8.0,0.0,11.0,15.0,4.0,30.0,12.0,42.0,1.0,2.0,2.0,0.0,7.0,2.0,3.0,10.0,0.0,4.0,0.0,2.0,17.0,2.0,2.0,9.0,23.0,0.0,2.0,2.0,20.0,0.0,2.0,1.0,19.0,1.0,0.0,8.0,0.0,2.0,2.0,1.0,1.0,0.0,0.0,0.0,2.0,3.0,3.0,78.0,28.0,21.0,4.0,1.0,0.0,,0.0,68.0,,1611661313,False,0.5091220569633944,68.0,0.3525370209986818,35.0,116.0493827160494,112.19512195121952,3.854260764829874,81.0,94.0,92.0,68.0,33.0,0.5514705882352942,0.6155055002619172,1.3823529411764706,0.6,0.32142857142857145,0.27941176470588236,0.4117647058823529,0.3088235294117647,0.20588235294117646,0.07352941176470588,0.27941176470588236,0.058823529411764705,0.35294117647058826,0.7205882352941176,0.14285714285714285,0.8571428571428571,0.04234853127189975,0.20987654320987653,0.08641975308641975,0.7878787878787878,0.6382978723404256,14.814814814814813,36.58536585365854,0.1702127659574468,0.14814814814814814,0.2716049382716049,0.3191489361702128,2.4390243902439024,3.6585365853658534,28.04878048780488
1611661313,NYL,NYL,47,False,2026-08-03 16:13:19,2026-08-04 16:04:29,0.9938657407407407,2026-08-03,2026-08-03,1.0,31,600.0,1.0,12.0,79.0,78.0,14.0,15.0,10.0,157.0,9.0,14.0,1.0,1.0,1.0,1.0,10.0,19.0,1.0,1.0,1.0,5.0,0.0,0.0,0.0,0.0,13.0,29.0,3.0,5.0,1.0,3.0,20.0,34.0,14.0,34.0,13.0,95.0,83.0,1.0,3.0,3.0,5.0,0.0,11.0,3.0,4.0,1.0,3.0,3.0,12.0,28.0,12.0,27.0,15.0,0.0,29.0,13.0,3.0,0.0,14.0,9.0,23.0,8.0,1.0,9.0,4.0,1.0,55.0,7.0,3.0,1.0,15.0,16.0,1.0,32.0,11.0,43.0,0.0,2.0,1.0,1.0,7.0,3.0,3.0,8.0,0.0,4.0,0.0,1.0,15.0,2.0,4.0,10.0,14.0,0.0,0.0,1.0,18.0,0.0,1.0,3.0,16.0,2.0,0.0,7.0,2.0,0.0,5.0,1.0,1.0,2.0,0.0,0.0,3.0,6.0,4.0,84.0,12.0,14.0,0.0,0.0,0.0,,1.0,68.0,,1611661313,False,0.497371347229397,68.0,0.3029954565558275,34.0,120.25316455696202,106.41025641025641,13.84290814670561,79.0,95.0,83.0,68.0,34.0,0.6029411764705882,0.6329957356076759,1.3970588235294117,0.5882352941176471,0.4117647058823529,0.23529411764705882,0.5,0.20588235294117646,0.27941176470588236,0.014705882352941176,0.29411764705882354,0.07352941176470588,0.4264705882352941,0.7058823529411765,0.14705882352941177,0.6428571428571429,0.10556982924119118,0.189873417721519,0.08860759493670886,0.6764705882352942,0.5789473684210527,13.924050632911392,41.02564102564102,0.11578947368421053,0.12658227848101267,0.17721518987341772,0.12631578947368421,2.564102564102564,7.6923076923076925,17.94871794871795
1611661313,NYL,NYL,48,False,2026-08-04 16:04:29,2026-08-07 14:43:29,2.94375,2026-08-04,2026-08-06,1.0,32,,1.0,6.0,80.0,80.0,22.0,20.0,10.0,160.0,21.0,26.0,3.0,5.0,5.0,6.0,4.0,16.0,1.0,4.0,3.0,9.0,0.0,0.0,0.0,0.0,4.0,20.0,0.0,4.0,1.0,7.0,26.0,46.0,7.0,29.0,19.0,92.0,86.0,4.0,8.0,0.0,4.0,3.0,11.0,5.0,10.0,1.0,7.0,9.0,22.0,38.0,14.0,18.0,3.0,2.0,20.0,4.0,3.0,0.0,19.0,6.0,25.0,3.0,3.0,16.0,2.0,1.0,56.0,10.0,3.0,0.0,10.0,20.0,1.0,31.0,13.0,44.0,1.0,7.0,6.0,1.0,7.0,1.0,6.0,5.0,1.0,1.0,0.0,0.0,12.0,1.0,2.0,7.0,13.0,0.0,0.0,0.0,19.0,0.0,1.0,0.0,21.0,5.0,0.0,10.0,0.0,3.0,3.0,0.0,0.0,2.0,0.0,0.0,1.0,3.0,3.0,81.0,20.0,21.0,0.0,2.0,0.0,,0.0,75.0,,1611661313,False,0.4992719348639275,75.0,0.34628984084461323,42.0,114.99999999999999,107.5,7.499999999999986,80.0,92.0,86.0,75.0,33.0,0.4866666666666667,0.5460588793922128,1.2266666666666666,0.5652173913043478,0.2413793103448276,0.28,0.38666666666666666,0.3466666666666667,0.21333333333333335,0.05333333333333334,0.26666666666666666,0.12,0.26666666666666666,0.7333333333333333,0.3103448275862069,0.8076923076923077,-0.012605268197260822,0.15,0.0875,0.7575757575757576,0.6086956521739131,16.25,38.75,0.11956521739130435,0.125,0.275,0.2391304347826087,8.75,3.75,16.25
1611661313,NYL,NYL,51,False,2026-08-09 14:22:34,2026-08-10 14:48:26,1.017962962962963,2026-08-09,2026-08-09,1.0,33,2400.0,1.0,40.0,81.0,81.0,22.0,18.0,15.0,162.0,20.0,28.0,3.0,6.0,4.0,6.0,6.0,15.0,0.0,0.0,0.0,5.0,0.0,2.0,0.0,1.0,14.0,27.0,1.0,3.0,2.0,7.0,26.0,43.0,14.0,32.0,17.0,111.0,71.0,4.0,9.0,1.0,5.0,2.0,13.0,6.0,12.0,2.0,8.0,6.0,24.0,26.0,26.0,36.0,6.0,6.0,27.0,14.0,2.0,0.0,13.0,12.0,25.0,12.0,0.0,12.0,1.0,0.0,62.0,11.0,7.0,0.0,16.0,17.0,2.0,35.0,18.0,53.0,1.0,8.0,7.0,1.0,6.0,3.0,5.0,7.0,1.0,1.0,1.0,0.0,13.0,1.0,2.0,6.0,13.0,0.0,0.0,2.0,18.0,0.0,2.0,1.0,21.0,3.0,0.0,9.0,0.0,3.0,3.0,1.0,1.0,2.0,0.0,0.0,1.0,4.0,4.0,98.0,24.0,22.0,1.0,3.0,0.0,,0.0,75.0,,1611661313,False,0.5303272329288029,75.0,0.5196781327465666,35.0,137.03703703703704,87.65432098765432,49.38271604938272,81.0,111.0,71.0,75.0,40.0,0.6266666666666667,0.6588319088319089,1.48,0.6046511627906976,0.4375,0.28,0.4266666666666667,0.37333333333333335,0.2,0.0,0.2,0.06666666666666667,0.36,0.8,0.15625,0.7142857142857143,0.0963394337378638,0.16049382716049382,0.07407407407407407,0.625,0.5585585585585585,22.22222222222222,43.20987654320987,0.11711711711711711,0.18518518518518517,0.2716049382716049,0.21621621621621623,9.876543209876543,4.938271604938271,16.049382716049383
1611661317,PHX,PHX,0,True,,2026-06-02 22:58:54,,,2026-06-01,10.0,10,6000.0,10.0,-49.0,787.0,793.0,215.0,160.0,96.0,1580.0,104.0,162.0,26.0,35.0,20.0,38.0,69.0,183.0,20.0,64.0,23.0,65.0,1.0,4.0,5.0,17.0,56.0,180.0,2.0,13.0,16.0,56.0,193.0,409.0,79.0,245.0,207.0,830.0,879.0,34.0,65.0,3.0,17.0,27.0,104.0,39.0,95.0,21.0,73.0,85.0,226.0,222.0,164.0,198.0,39.0,42.0,180.0,56.0,40.0,4.0,111.0,66.0,177.0,43.0,23.0,52.0,46.0,13.0,420.0,41.0,62.0,5.0,112.0,136.0,14.0,262.0,108.0,370.0,8.0,76.0,45.0,31.0,70.0,17.0,55.0,58.0,7.0,15.0,2.0,6.0,128.0,7.0,27.0,78.0,188.0,3.0,11.0,16.0,221.0,2.0,17.0,25.0,255.0,15.0,7.0,84.0,6.0,37.0,30.0,5.0,4.0,13.0,1.0,,17.0,35.0,20.0,726.0,223.0,213.0,13.0,31.0,1.0,,,654.0,,1611661317,False,0.5083193251533742,654.0,0.2717678100263852,382.0,105.46378653113089,110.84489281210593,-5.3811062809750325,78.7,83.0,87.9,654.0,272.0,0.47629969418960244,0.541634038110154,1.269113149847095,0.4718826405867971,0.3224489795918367,0.38990825688073394,0.3746177370030581,0.24770642201834864,0.2798165137614679,0.09785932721712538,0.37767584097859325,0.09938837920489296,0.27522935779816515,0.6223241590214067,0.2653061224489796,0.6419753086419753,-0.03201963096377175,0.16264294790343076,0.08894536213468869,0.6507352941176471,0.5060240963855421,13.722998729351971,33.0390920554855,0.12530120481927712,0.12198221092757307,0.2731893265565438,0.27228915662650605,9.583858764186633,4.4136191677175285,23.707440100882724
1611661317,PHX,PHX,2,False,2026-06-03 21:18:01,2026-06-04 16:41:49,0.8081944444444444,2026-06-03,2026-06-03,1.0,11,1200.0,1.0,4.0,79.0,80.0,21.0,15.0,10.0,159.0,15.0,20.0,4.0,6.0,2.0,2.0,2.0,12.0,4.0,10.0,2.0,7.0,0.0,0.0,1.0,2.0,1.0,15.0,0.0,1.0,0.0,5.0,21.0,42.0,3.0,22.0,21.0,72.0,68.0,4.0,8.0,0.0,1.0,4.0,12.0,2.0,3.0,1.0,7.0,8.0,15.0,28.0,14.0,9.0,0.0,6.0,15.0,1.0,5.0,0.0,14.0,3.0,17.0,1.0,2.0,9.0,2.0,3.0,37.0,4.0,7.0,1.0,17.0,16.0,2.0,35.0,12.0,47.0,1.0,11.0,4.0,7.0,10.0,0.0,8.0,4.0,0.0,2.0,0.0,1.0,14.0,1.0,8.0,3.0,15.0,0.0,2.0,2.0,18.0,0.0,1.0,0.0,27.0,2.0,0.0,10.0,1.0,3.0,6.0,0.0,0.0,3.0,0.0,,3.0,6.0,4.0,60.0,15.0,21.0,0.0,3.0,0.0,,,64.0,,1611661317,False,0.5167163588159127,64.0,0.2750231421716485,40.0,91.13924050632912,85.0,6.139240506329116,79.0,72.0,68.0,64.0,24.0,0.3984375,0.4744333157617291,1.125,0.5,0.13636363636363635,0.421875,0.34375,0.3125,0.1875,0.15625,0.34375,0.109375,0.234375,0.65625,0.3181818181818182,0.75,-0.11827885881591271,0.17721518987341772,0.12658227848101267,0.7083333333333334,0.5138888888888888,15.18987341772152,43.75,0.16666666666666666,0.12658227848101267,0.26582278481012656,0.20833333333333334,13.750000000000002,7.5,18.75
1611661317,PHX,PHX,4,False,2026-06-05 16:24:13,2026-06-06 15:03:59,0.9442824074074074,2026-06-05,2026-06-05,1.0,12,1200.0,1.0,6.0,73.0,76.0,11.0,12.0,8.0,149.0,6.0,13.0,0.0,3.0,2.0,3.0,9.0,21.0,4.0,7.0,3.0,6.0,0.0,1.0,0.0,2.0,4.0,15.0,0.0,2.0,0.0,1.0,19.0,41.0,7.0,21.0,19.0,78.0,72.0,2.0,7.0,0.0,3.0,2.0,6.0,3.0,6.0,0.0,3.0,9.0,15.0,28.0,10.0,21.0,0.0,0.0,15.0,4.0,2.0,0.0,14.0,7.0,21.0,4.0,3.0,4.0,7.0,3.0,49.0,3.0,7.0,1.0,9.0,11.0,0.0,20.0,11.0,31.0,1.0,10.0,7.0,3.0,3.0,5.0,2.0,9.0,1.0,1.0,0.0,0.0,12.0,0.0,0.0,5.0,19.0,1.0,0.0,2.0,18.0,0.0,1.0,2.0,22.0,1.0,0.0,6.0,0.0,5.0,3.0,2.0,1.0,0.0,1.0,,3.0,5.0,2.0,72.0,15.0,11.0,2.0,5.0,1.0,,,62.0,,1611661317,False,0.4778910272804436,62.0,0.27781536946214735,36.0,106.84931506849315,94.73684210526315,12.112472963230005,73.0,78.0,72.0,62.0,26.0,0.47580645161290325,0.5440848214285714,1.2580645161290323,0.4634146341463415,0.3333333333333333,0.3548387096774194,0.3387096774193548,0.20967741935483872,0.3387096774193548,0.11290322580645161,0.45161290322580644,0.0967741935483871,0.24193548387096775,0.5483870967741935,0.2857142857142857,0.46153846153846156,-0.0020845756675403337,0.1643835616438356,0.0410958904109589,0.8076923076923077,0.6282051282051282,15.068493150684931,26.31578947368421,0.07692307692307693,0.1095890410958904,0.1506849315068493,0.19230769230769232,13.157894736842104,6.578947368421052,25.0
1611661317,PHX,PHX,8,False,2026-06-09 16:24:19,2026-06-10 16:54:00,1.0206134259259259,2026-06-09,2026-06-09,1.0,13,600.0,1.0,-6.0,73.0,74.0,29.0,26.0,11.0,147.0,10.0,14.0,2.0,3.0,1.0,2.0,7.0,19.0,4.0,7.0,1.0,5.0,0.0,2.0,0.0,3.0,8.0,20.0,0.0,2.0,3.0,8.0,21.0,40.0,9.0,25.0,12.0,81.0,87.0,2.0,4.0,0.0,4.0,2.0,6.0,6.0,13.0,3.0,11.0,5.0,26.0,28.0,14.0,27.0,0.0,2.0,20.0,8.0,2.0,0.0,14.0,9.0,23.0,8.0,1.0,6.0,5.0,3.0,55.0,7.0,6.0,0.0,15.0,11.0,1.0,27.0,13.0,40.0,2.0,7.0,4.0,3.0,8.0,2.0,7.0,8.0,0.0,1.0,0.0,1.0,16.0,3.0,7.0,8.0,20.0,0.0,2.0,1.0,20.0,0.0,3.0,1.0,18.0,5.0,0.0,8.0,0.0,3.0,2.0,0.0,0.0,2.0,0.0,,0.0,2.0,2.0,75.0,26.0,29.0,6.0,2.0,0.0,,,65.0,,1611661317,False,0.473689051831657,65.0,0.3962943597909868,35.0,110.95890410958904,117.56756756756756,-6.608663457978523,73.0,81.0,87.0,65.0,30.0,0.5307692307692308,0.5554031815688426,1.2461538461538462,0.525,0.36,0.27692307692307694,0.38461538461538464,0.2153846153846154,0.2923076923076923,0.1076923076923077,0.4,0.07692307692307693,0.3076923076923077,0.6,0.2,0.7142857142857143,0.05708017893757378,0.2191780821917808,0.1095890410958904,0.7666666666666667,0.6790123456790124,17.80821917808219,36.486486486486484,0.07407407407407407,0.1506849315068493,0.3972602739726027,0.32098765432098764,9.45945945945946,2.7027027027027026,27.027027027027028
1611661317,PHX,PHX,10,False,2026-06-11 17:31:15,2026-06-12 16:37:05,0.9623842592592593,2026-06-11,2026-06-11,1.0,14,600.0,1.0,-15.0,80.0,83.0,19.0,9.0,9.0,163.0,6.0,15.0,1.0,2.0,0.0,3.0,8.0,20.0,5.0,11.0,0.0,5.0,0.0,0.0,0.0,2.0,6.0,13.0,0.0,0.0,3.0,5.0,19.0,46.0,6.0,18.0,14.0,70.0,85.0,3.0,7.0,0.0,0.0,2.0,8.0,1.0,8.0,3.0,7.0,6.0,17.0,30.0,8.0,18.0,0.0,2.0,13.0,6.0,4.0,0.0,15.0,6.0,21.0,6.0,0.0,4.0,7.0,4.0,48.0,2.0,7.0,0.0,9.0,14.0,1.0,24.0,9.0,33.0,1.0,10.0,7.0,3.0,9.0,2.0,8.0,7.0,0.0,1.0,0.0,1.0,16.0,1.0,2.0,5.0,15.0,0.0,2.0,4.0,17.0,0.0,1.0,3.0,18.0,0.0,0.0,7.0,0.0,2.0,1.0,0.0,0.0,0.0,0.0,,1.0,1.0,0.0,62.0,17.0,19.0,0.0,2.0,0.0,,,64.0,,1611661317,False,0.48173134335036494,64.0,0.2301926725455577,39.0,87.5,102.40963855421687,-14.909638554216869,80.0,70.0,85.0,64.0,25.0,0.4375,0.48665183537263623,1.09375,0.41304347826086957,0.3333333333333333,0.28125,0.28125,0.234375,0.3125,0.171875,0.484375,0.078125,0.203125,0.515625,0.2777777777777778,0.4,-0.04423134335036494,0.2,0.1125,0.84,0.6857142857142857,11.25,28.915662650602407,0.11428571428571428,0.1125,0.2375,0.24285714285714285,12.048192771084338,1.2048192771084338,18.072289156626507
1611661317,PHX,PHX,12,False,2026-06-13 15:24:02,2026-06-14 15:31:17,1.0050347222222222,2026-06-13,2026-06-13,1.0,15,900.0,1.0,-9.0,86.0,89.0,10.0,35.0,10.0,175.0,10.0,14.0,1.0,2.0,0.0,1.0,13.0,23.0,4.0,8.0,3.0,11.0,0.0,0.0,0.0,2.0,10.0,24.0,0.0,3.0,0.0,4.0,27.0,45.0,13.0,35.0,9.0,102.0,111.0,4.0,6.0,0.0,3.0,3.0,11.0,1.0,3.0,0.0,6.0,5.0,7.0,30.0,24.0,33.0,6.0,0.0,24.0,10.0,6.0,2.0,15.0,11.0,26.0,8.0,3.0,4.0,9.0,2.0,63.0,9.0,6.0,0.0,14.0,15.0,2.0,31.0,15.0,46.0,2.0,6.0,5.0,1.0,8.0,3.0,6.0,7.0,2.0,2.0,2.0,0.0,15.0,2.0,3.0,9.0,23.0,0.0,2.0,0.0,19.0,0.0,1.0,2.0,15.0,4.0,0.0,6.0,1.0,3.0,5.0,0.0,0.0,1.0,0.0,,4.0,5.0,3.0,91.0,7.0,10.0,5.0,3.0,0.0,,,80.0,,1611661317,False,0.48008124596472895,80.0,0.3760328635343761,40.0,118.6046511627907,124.7191011235955,-6.114449960804791,86.0,102.0,111.0,80.0,40.0,0.58125,0.5889145496535797,1.275,0.6,0.37142857142857144,0.1875,0.4375,0.175,0.2875,0.1,0.3875,0.1375,0.3,0.6125,0.3142857142857143,0.7142857142857143,0.10116875403527109,0.1744186046511628,0.09302325581395349,0.65,0.6176470588235294,17.441860465116278,34.831460674157306,0.10784313725490197,0.11627906976744186,0.11627906976744186,0.06862745098039216,6.741573033707865,5.617977528089887,25.842696629213485
1611661317,PHX,PHX,16,False,2026-06-17 16:50:06,2026-06-18 16:49:24,0.9995138888888889,2026-06-17,2026-06-17,1.0,16,600.0,1.0,-10.0,77.0,77.0,11.0,32.0,8.0,154.0,9.0,14.0,0.0,1.0,0.0,1.0,6.0,14.0,3.0,8.0,3.0,4.0,0.0,0.0,0.0,0.0,6.0,17.0,0.0,1.0,0.0,3.0,18.0,36.0,9.0,21.0,13.0,76.0,86.0,1.0,4.0,0.0,1.0,0.0,2.0,0.0,4.0,0.0,3.0,4.0,4.0,20.0,16.0,24.0,3.0,0.0,17.0,6.0,5.0,1.0,10.0,8.0,18.0,5.0,3.0,3.0,5.0,2.0,44.0,3.0,4.0,1.0,12.0,14.0,4.0,30.0,8.0,38.0,0.0,5.0,3.0,2.0,18.0,2.0,15.0,4.0,0.0,3.0,0.0,0.0,22.0,3.0,5.0,9.0,19.0,0.0,1.0,0.0,13.0,0.0,0.0,0.0,14.0,1.0,0.0,5.0,1.0,1.0,2.0,0.0,0.0,0.0,0.0,,2.0,2.0,1.0,74.0,4.0,11.0,3.0,1.0,1.0,,0.0,57.0,,1611661317,False,0.47609705421919507,57.0,0.25186374939025125,30.0,98.7012987012987,111.68831168831169,-12.987012987012989,77.0,76.0,86.0,57.0,27.0,0.5526315789473685,0.6016466117796074,1.3333333333333333,0.5,0.42857142857142855,0.24561403508771928,0.3684210526315789,0.24561403508771928,0.24561403508771928,0.14035087719298245,0.38596491228070173,0.07017543859649122,0.2982456140350877,0.6140350877192983,0.19047619047619047,0.6428571428571429,0.0765345247281734,0.2857142857142857,0.23376623376623376,0.6666666666666666,0.5789473684210527,10.38961038961039,38.961038961038966,0.02631578947368421,0.1038961038961039,0.14285714285714285,0.05263157894736842,6.493506493506493,2.5974025974025974,24.675324675324674
1611661317,PHX,PHX,19,False,2026-06-20 15:27:14,2026-06-21 15:43:44,1.0114583333333333,2026-06-20,2026-06-20,1.0,17,1200.0,1.0,20.0,78.0,79.0,26.0,17.0,10.0,157.0,3.0,3.0,2.0,2.0,0.0,0.0,16.0,23.0,2.0,8.0,5.0,13.0,0.0,0.0,3.0,5.0,5.0,16.0,0.0,1.0,1.0,4.0,21.0,34.0,10.0,29.0,21.0,93.0,73.0,4.0,4.0,0.0,1.0,6.0,14.0,4.0,9.0,4.0,9.0,11.0,31.0,32.0,10.0,30.0,0.0,4.0,16.0,5.0,0.0,2.0,16.0,10.0,26.0,5.0,5.0,0.0,14.0,2.0,62.0,6.0,3.0,2.0,16.0,17.0,1.0,34.0,11.0,45.0,0.0,4.0,3.0,1.0,7.0,3.0,5.0,9.0,0.0,2.0,0.0,1.0,16.0,2.0,6.0,7.0,13.0,0.0,0.0,1.0,23.0,0.0,3.0,0.0,26.0,3.0,0.0,10.0,0.0,4.0,8.0,0.0,0.0,2.0,0.0,,6.0,8.0,3.0,79.0,31.0,26.0,1.0,3.0,0.0,,0.0,63.0,,1611661317,False,0.46270169506479647,63.0,0.3082054493571347,32.0,119.23076923076923,92.40506329113924,26.825705939629984,78.0,93.0,73.0,63.0,31.0,0.5714285714285714,0.6246641590542719,1.4761904761904763,0.6176470588235294,0.3448275862068966,0.4126984126984127,0.4603174603174603,0.047619047619047616,0.36507936507936506,0.12698412698412698,0.49206349206349204,0.20634920634920634,0.25396825396825395,0.5079365079365079,0.4482758620689655,1.0,0.10872687636377493,0.20512820512820512,0.08974358974358974,0.8387096774193549,0.6666666666666666,14.102564102564102,43.037974683544306,0.15053763440860216,0.1282051282051282,0.3333333333333333,0.3333333333333333,5.063291139240507,10.126582278481013,16.455696202531644
1611661317,PHX,PHX,20,False,2026-06-21 15:43:44,2026-06-23 16:17:53,2.023715277777778,2026-06-21,2026-06-22,1.0,18,600.0,1.0,-9.0,79.0,81.0,20.0,32.0,7.0,160.0,13.0,22.0,2.0,4.0,3.0,7.0,8.0,12.0,2.0,9.0,0.0,5.0,0.0,1.0,0.0,1.0,5.0,20.0,0.0,1.0,1.0,3.0,23.0,43.0,5.0,25.0,16.0,77.0,86.0,3.0,7.0,0.0,2.0,1.0,7.0,5.0,9.0,1.0,4.0,12.0,25.0,30.0,16.0,12.0,3.0,0.0,20.0,5.0,2.0,0.0,15.0,4.0,19.0,4.0,0.0,11.0,3.0,1.0,42.0,4.0,5.0,0.0,15.0,7.0,3.0,25.0,9.0,34.0,2.0,5.0,3.0,2.0,6.0,2.0,5.0,7.0,0.0,1.0,0.0,0.0,13.0,1.0,3.0,8.0,25.0,0.0,2.0,2.0,23.0,0.0,3.0,4.0,21.0,2.0,3.0,4.0,0.0,6.0,2.0,0.0,0.0,2.0,0.0,,0.0,2.0,0.0,70.0,25.0,20.0,7.0,6.0,0.0,,0.0,68.0,,1611661317,False,0.5040076550754307,68.0,0.23116001416011542,40.0,97.46835443037975,106.17283950617285,-8.704485075793102,79.0,77.0,86.0,68.0,28.0,0.4485294117647059,0.49844640082858627,1.1323529411764706,0.5348837209302325,0.2,0.3088235294117647,0.36764705882352944,0.3235294117647059,0.17647058823529413,0.1323529411764706,0.3088235294117647,0.07352941176470588,0.29411764705882354,0.6911764705882353,0.2,0.5909090909090909,-0.05547824331072476,0.16455696202531644,0.0759493670886076,0.6785714285714286,0.5454545454545454,11.39240506329114,30.864197530864196,0.09090909090909091,0.08860759493670886,0.25316455696202533,0.3246753246753247,6.172839506172839,2.4691358024691357,30.864197530864196
1611661317,PHX,PHX,21,False,2026-06-23 16:17:53,2026-06-25 16:13:09,1.996712962962963,2026-06-23,2026-06-24,1.0,19,600.0,1.0,2.0,83.0,84.0,31.0,22.0,6.0,167.0,23.0,29.0,3.0,4.0,7.0,11.0,3.0,9.0,6.0,8.0,1.0,3.0,0.0,0.0,1.0,2.0,6.0,17.0,0.0,0.0,1.0,5.0,32.0,46.0,7.0,20.0,26.0,111.0,109.0,3.0,4.0,0.0,0.0,5.0,11.0,8.0,15.0,2.0,7.0,15.0,37.0,30.0,34.0,18.0,3.0,4.0,17.0,6.0,1.0,0.0,15.0,6.0,21.0,5.0,1.0,10.0,1.0,4.0,48.0,4.0,2.0,1.0,11.0,10.0,0.0,21.0,7.0,28.0,1.0,8.0,7.0,1.0,6.0,0.0,5.0,7.0,0.0,1.0,0.0,1.0,13.0,1.0,6.0,8.0,19.0,1.0,1.0,2.0,29.0,1.0,2.0,3.0,33.0,5.0,0.0,12.0,1.0,5.0,1.0,2.0,1.0,1.0,1.0,,0.0,3.0,3.0,100.0,36.0,30.0,1.0,3.0,1.0,,0.0,66.0,,1611661317,False,0.5260245746957097,66.0,0.24226157581478938,27.0,133.73493975903614,129.76190476190476,3.9730349971313785,83.0,111.0,109.0,66.0,39.0,0.6439393939393939,0.6892697466467959,1.6818181818181819,0.6956521739130435,0.35,0.5,0.30303030303030304,0.4393939393939394,0.13636363636363635,0.12121212121212122,0.25757575757575757,0.045454545454545456,0.25757575757575757,0.7424242424242424,0.15,0.7931034482758621,0.11791481924368419,0.1566265060240964,0.07228915662650602,0.5384615384615384,0.43243243243243246,8.433734939759036,25.0,0.0990990990990991,0.07228915662650602,0.37349397590361444,0.3333333333333333,9.523809523809524,3.571428571428571,22.61904761904762
1611661317,PHX,PHX,24,False,2026-06-27 15:06:40,2026-06-28 15:09:09,1.0017245370370371,2026-06-27,2026-06-27,1.0,20,600.0,1.0,9.0,77.0,79.0,27.0,25.0,9.0,156.0,17.0,28.0,2.0,4.0,8.0,11.0,2.0,7.0,0.0,5.0,3.0,7.0,0.0,1.0,1.0,3.0,7.0,20.0,2.0,2.0,2.0,5.0,19.0,40.0,10.0,27.0,21.0,89.0,80.0,2.0,6.0,2.0,3.0,3.0,13.0,8.0,15.0,3.0,8.0,8.0,33.0,14.0,24.0,27.0,3.0,2.0,20.0,7.0,2.0,0.0,7.0,9.0,16.0,6.0,3.0,6.0,1.0,0.0,41.0,3.0,6.0,2.0,15.0,13.0,3.0,31.0,11.0,42.0,0.0,10.0,5.0,5.0,4.0,1.0,2.0,5.0,0.0,2.0,1.0,1.0,9.0,1.0,4.0,6.0,16.0,0.0,2.0,1.0,24.0,0.0,3.0,1.0,29.0,2.0,0.0,11.0,1.0,4.0,2.0,0.0,0.0,1.0,0.0,,1.0,2.0,1.0,76.0,33.0,27.0,0.0,4.0,0.0,,1.0,67.0,,1611661317,False,0.5324793774583457,67.0,0.2434658127743543,38.0,115.5844155844156,101.26582278481013,14.318592799605469,77.0,89.0,80.0,67.0,29.0,0.5074626865671642,0.5579237713139418,1.328358208955224,0.475,0.37037037037037035,0.43283582089552236,0.40298507462686567,0.417910447761194,0.1044776119402985,0.07462686567164178,0.1791044776119403,0.1044776119402985,0.29850746268656714,0.8208955223880597,0.25925925925925924,0.6071428571428571,-0.025016690891181526,0.11688311688311688,0.05194805194805195,0.5517241379310345,0.4606741573033708,14.285714285714285,39.24050632911392,0.14606741573033707,0.11688311688311688,0.35064935064935066,0.3707865168539326,12.658227848101266,2.5316455696202533,20.253164556962027
1611661317,PHX,PHX,26,False,2026-06-29 16:48:32,2026-07-04 14:56:19,4.922071759259259,2026-06-29,2026-07-03,1.0,21,600.0,1.0,23.0,75.0,76.0,14.0,2.0,15.0,151.0,17.0,22.0,4.0,5.0,2.0,4.0,3.0,19.0,2.0,6.0,2.0,8.0,1.0,3.0,0.0,0.0,9.0,18.0,2.0,3.0,0.0,4.0,22.0,47.0,11.0,26.0,13.0,90.0,67.0,4.0,7.0,3.0,6.0,3.0,20.0,3.0,7.0,0.0,4.0,7.0,13.0,24.0,20.0,33.0,0.0,2.0,18.0,9.0,6.0,0.0,12.0,11.0,23.0,9.0,2.0,9.0,2.0,1.0,57.0,2.0,13.0,1.0,15.0,15.0,2.0,32.0,16.0,48.0,2.0,9.0,4.0,5.0,5.0,1.0,1.0,6.0,1.0,4.0,0.0,0.0,11.0,1.0,1.0,6.0,13.0,0.0,0.0,3.0,17.0,0.0,0.0,1.0,19.0,3.0,2.0,7.0,0.0,3.0,4.0,0.0,0.0,0.0,0.0,,4.0,4.0,2.0,70.0,13.0,14.0,0.0,3.0,0.0,,0.0,73.0,,1611661317,False,0.5101680294746439,73.0,0.3841281054720014,40.0,120.0,88.1578947368421,31.842105263157904,75.0,90.0,67.0,73.0,33.0,0.5273972602739726,0.5530973451327433,1.2328767123287672,0.46808510638297873,0.4230769230769231,0.2602739726027397,0.3561643835616438,0.3013698630136986,0.2602739726027397,0.0821917808219178,0.3424657534246575,0.1095890410958904,0.2465753424657534,0.6575342465753424,0.3076923076923077,0.7727272727272727,0.0172292307993287,0.14666666666666667,0.06666666666666667,0.696969696969697,0.6333333333333333,21.333333333333336,42.10526315789473,0.2222222222222222,0.2,0.18666666666666668,0.14444444444444443,11.842105263157894,5.263157894736842,17.105263157894736
1611661317,PHX,PHX,29,False,2026-07-07 16:15:04,2026-07-08 15:56:18,0.9869675925925926,2026-07-07,2026-07-07,1.0,22,600.0,1.0,-11.0,78.0,80.0,37.0,24.0,7.0,158.0,10.0,23.0,1.0,1.0,4.0,14.0,2.0,3.0,1.0,4.0,3.0,7.0,0.0,0.0,0.0,2.0,4.0,17.0,0.0,1.0,2.0,6.0,13.0,30.0,7.0,24.0,19.0,66.0,77.0,2.0,2.0,0.0,1.0,0.0,4.0,6.0,17.0,2.0,8.0,8.0,26.0,4.0,22.0,21.0,0.0,2.0,17.0,4.0,5.0,0.0,2.0,7.0,9.0,4.0,3.0,2.0,0.0,0.0,25.0,3.0,4.0,0.0,10.0,14.0,3.0,27.0,7.0,34.0,1.0,11.0,8.0,3.0,11.0,5.0,7.0,9.0,0.0,4.0,0.0,0.0,20.0,4.0,8.0,8.0,19.0,0.0,2.0,3.0,22.0,0.0,1.0,1.0,24.0,1.0,0.0,8.0,0.0,4.0,3.0,0.0,0.0,3.0,0.0,,0.0,3.0,2.0,62.0,26.0,37.0,2.0,4.0,0.0,,0.0,54.0,,1611661317,False,0.5667422170192296,54.0,0.2043323263254873,34.0,84.61538461538461,96.25,-11.634615384615387,78.0,66.0,77.0,54.0,20.0,0.4351851851851852,0.5111524163568774,1.2222222222222223,0.43333333333333335,0.2916666666666667,0.4444444444444444,0.4444444444444444,0.42592592592592593,0.05555555555555555,0.07407407407407407,0.12962962962962962,0.12962962962962962,0.3148148148148148,0.8703703703703703,0.2916666666666667,0.43478260869565216,-0.13155703183404438,0.2564102564102564,0.14102564102564102,0.45,0.3787878787878788,8.974358974358974,33.75,0.06060606060606061,0.08974358974358974,0.47435897435897434,0.3939393939393939,13.750000000000002,3.75,23.75
1611661317,PHX,PHX,31,False,2026-07-09 16:20:00,2026-07-10 16:11:44,0.9942592592592593,2026-07-09,2026-07-09,1.0,23,1200.0,1.0,-3.0,77.0,78.0,20.0,8.0,6.0,155.0,7.0,12.0,0.0,0.0,3.0,3.0,14.0,27.0,3.0,5.0,2.0,5.0,0.0,1.0,1.0,1.0,9.0,22.0,1.0,2.0,0.0,5.0,24.0,44.0,11.0,27.0,8.0,89.0,92.0,3.0,4.0,1.0,3.0,0.0,9.0,6.0,11.0,1.0,6.0,0.0,15.0,28.0,20.0,27.0,6.0,2.0,22.0,9.0,4.0,0.0,14.0,9.0,23.0,7.0,2.0,4.0,9.0,1.0,55.0,2.0,5.0,0.0,12.0,13.0,0.0,25.0,7.0,32.0,2.0,4.0,1.0,3.0,8.0,2.0,5.0,4.0,1.0,3.0,0.0,0.0,12.0,1.0,4.0,4.0,14.0,0.0,2.0,0.0,16.0,0.0,1.0,3.0,10.0,2.0,1.0,4.0,1.0,0.0,1.0,0.0,0.0,1.0,0.0,,0.0,1.0,0.0,80.0,15.0,20.0,1.0,0.0,0.0,,0.0,71.0,,1611661317,False,0.4497601668999778,71.0,0.21634089683703353,36.0,115.5844155844156,117.94871794871796,-2.364302364302361,77.0,89.0,92.0,71.0,35.0,0.5704225352112676,0.5901856763925729,1.2535211267605635,0.5454545454545454,0.4074074074074074,0.14084507042253522,0.38028169014084506,0.16901408450704225,0.38028169014084506,0.07042253521126761,0.4507042253521127,0.07042253521126761,0.30985915492957744,0.5492957746478874,0.18518518518518517,0.5833333333333334,0.12066236831128985,0.15584415584415584,0.1038961038961039,0.6571428571428571,0.6179775280898876,9.090909090909092,32.05128205128205,0.10112359550561797,0.07792207792207792,0.2597402597402597,0.16853932584269662,5.128205128205128,1.282051282051282,17.94871794871795
1611661317,PHX,PHX,33,False,2026-07-11 14:43:06,2026-07-12 14:45:23,1.0015856481481482,2026-07-11,2026-07-11,1.0,24,600.0,1.0,-48.0,81.0,81.0,5.0,12.0,6.0,162.0,9.0,12.0,1.0,1.0,0.0,0.0,5.0,17.0,2.0,6.0,3.0,10.0,0.0,0.0,0.0,1.0,4.0,21.0,0.0,1.0,0.0,1.0,16.0,35.0,7.0,31.0,5.0,58.0,106.0,2.0,3.0,0.0,1.0,0.0,4.0,1.0,2.0,0.0,2.0,0.0,2.0,16.0,16.0,18.0,3.0,2.0,21.0,4.0,2.0,0.0,8.0,6.0,14.0,4.0,2.0,4.0,2.0,2.0,34.0,3.0,4.0,0.0,14.0,10.0,2.0,26.0,7.0,33.0,1.0,3.0,3.0,0.0,8.0,3.0,7.0,10.0,1.0,1.0,1.0,1.0,18.0,2.0,2.0,5.0,16.0,0.0,0.0,3.0,14.0,0.0,0.0,4.0,8.0,1.0,0.0,3.0,1.0,0.0,0.0,0.0,0.0,0.0,0.0,,0.0,0.0,0.0,54.0,2.0,5.0,3.0,0.0,0.0,,0.0,66.0,,1611661317,False,0.5037254094970063,66.0,0.16676092036162682,43.0,71.60493827160494,130.8641975308642,-59.25925925925927,81.0,58.0,106.0,66.0,23.0,0.4015151515151515,0.4171461449942463,0.8787878787878788,0.45714285714285713,0.22580645161290322,0.12121212121212122,0.4696969696969697,0.18181818181818182,0.25757575757575757,0.09090909090909091,0.3484848484848485,0.15151515151515152,0.3181818181818182,0.6515151515151515,0.3225806451612903,0.75,-0.10221025798185479,0.2222222222222222,0.09876543209876543,0.6086956521739131,0.5862068965517241,8.641975308641975,32.098765432098766,0.06896551724137931,0.07407407407407407,0.06172839506172839,0.034482758620689655,3.7037037037037033,0.0,19.753086419753085
1611661317,PHX,PHX,35,False,2026-07-13 16:18:46,2026-07-14 15:13:54,0.9549537037037037,2026-07-13,2026-07-13,1.0,25,600.0,1.0,-4.0,81.0,82.0,33.0,12.0,5.0,163.0,18.0,23.0,2.0,2.0,7.0,8.0,2.0,9.0,4.0,6.0,4.0,9.0,1.0,2.0,1.0,5.0,7.0,16.0,0.0,1.0,2.0,8.0,24.0,38.0,11.0,25.0,19.0,100.0,104.0,2.0,3.0,1.0,3.0,0.0,7.0,11.0,16.0,3.0,13.0,9.0,40.0,36.0,12.0,30.0,3.0,0.0,16.0,7.0,2.0,2.0,18.0,10.0,28.0,6.0,4.0,13.0,2.0,3.0,66.0,5.0,2.0,0.0,13.0,9.0,1.0,23.0,7.0,30.0,0.0,5.0,4.0,1.0,9.0,3.0,7.0,5.0,0.0,2.0,0.0,0.0,14.0,0.0,5.0,11.0,18.0,1.0,0.0,1.0,21.0,0.0,0.0,2.0,21.0,1.0,0.0,7.0,0.0,4.0,0.0,0.0,0.0,0.0,0.0,,0.0,0.0,0.0,93.0,40.0,33.0,2.0,4.0,0.0,,0.0,63.0,,1611661317,False,0.5212981893260561,63.0,0.2495158002038725,28.0,123.45679012345678,126.82926829268293,-3.3724781692261416,81.0,100.0,104.0,63.0,35.0,0.6428571428571429,0.6921373200442968,1.5873015873015872,0.631578947368421,0.44,0.3333333333333333,0.3968253968253968,0.36507936507936506,0.14285714285714285,0.09523809523809523,0.23809523809523808,0.14285714285714285,0.25396825396825395,0.7619047619047619,0.36,0.782608695652174,0.12155895353108681,0.1728395061728395,0.1111111111111111,0.8,0.66,8.641975308641975,28.04878048780488,0.07,0.06172839506172839,0.4074074074074074,0.4,6.097560975609756,0.0,21.951219512195124
1611661317,PHX,PHX,39,False,2026-07-17 15:04:07,2026-07-18 14:42:59,0.9853240740740741,2026-07-17,2026-07-17,1.0,26,600.0,1.0,-13.0,83.0,84.0,17.0,22.0,5.0,167.0,14.0,16.0,1.0,2.0,2.0,2.0,10.0,27.0,2.0,7.0,1.0,2.0,1.0,1.0,1.0,2.0,3.0,13.0,0.0,1.0,0.0,3.0,26.0,50.0,4.0,15.0,19.0,83.0,96.0,1.0,4.0,1.0,2.0,0.0,5.0,3.0,9.0,1.0,5.0,7.0,16.0,28.0,24.0,12.0,0.0,0.0,13.0,3.0,4.0,1.0,14.0,4.0,18.0,3.0,1.0,8.0,4.0,2.0,40.0,1.0,5.0,0.0,11.0,13.0,3.0,27.0,6.0,33.0,1.0,5.0,4.0,1.0,7.0,2.0,4.0,8.0,1.0,3.0,2.0,0.0,15.0,1.0,1.0,13.0,18.0,0.0,0.0,1.0,21.0,0.0,0.0,2.0,23.0,2.0,0.0,7.0,1.0,4.0,2.0,0.0,0.0,1.0,0.0,,1.0,2.0,1.0,78.0,16.0,17.0,0.0,4.0,0.0,,0.0,65.0,,1611661317,False,0.457330697729213,65.0,0.18493543612514796,35.0,100.0,114.28571428571428,-14.285714285714278,83.0,83.0,96.0,65.0,30.0,0.49230769230769234,0.5524494142705005,1.2769230769230768,0.52,0.26666666666666666,0.35384615384615387,0.23076923076923078,0.24615384615384617,0.4153846153846154,0.1076923076923077,0.5230769230769231,0.03076923076923077,0.2,0.47692307692307695,0.13333333333333333,0.875,0.03497699457847936,0.18072289156626506,0.08433734939759036,0.6,0.4819277108433735,7.228915662650602,32.142857142857146,0.060240963855421686,0.060240963855421686,0.20481927710843373,0.1927710843373494,5.952380952380952,2.380952380952381,21.428571428571427
1611661317,PHX,PHX,41,False,2026-07-19 14:45:02,2026-07-20 15:42:54,1.040185185185185,2026-07-19,2026-07-19,1.0,27,600.0,1.0,9.0,76.0,79.0,23.0,25.0,10.0,155.0,9.0,14.0,0.0,0.0,2.0,6.0,13.0,27.0,2.0,7.0,1.0,5.0,0.0,3.0,0.0,2.0,1.0,10.0,0.0,0.0,0.0,1.0,24.0,48.0,2.0,15.0,18.0,72.0,63.0,1.0,3.0,0.0,3.0,6.0,8.0,6.0,12.0,0.0,3.0,11.0,23.0,34.0,14.0,6.0,0.0,0.0,10.0,1.0,1.0,3.0,17.0,2.0,19.0,1.0,1.0,9.0,6.0,2.0,40.0,2.0,9.0,0.0,5.0,19.0,2.0,26.0,11.0,37.0,4.0,11.0,8.0,3.0,6.0,3.0,4.0,8.0,1.0,2.0,0.0,3.0,14.0,1.0,5.0,8.0,17.0,0.0,0.0,1.0,25.0,0.0,1.0,2.0,23.0,3.0,0.0,8.0,0.0,5.0,3.0,0.0,0.0,0.0,0.0,,3.0,3.0,1.0,64.0,23.0,23.0,2.0,5.0,0.0,,0.0,63.0,,1611661317,False,0.46024571620771365,63.0,0.2979628416827993,37.0,94.73684210526315,79.74683544303798,14.99000666222517,76.0,72.0,63.0,63.0,26.0,0.42857142857142855,0.49234135667396056,1.1428571428571428,0.5,0.13333333333333333,0.36507936507936506,0.23809523809523808,0.2222222222222222,0.42857142857142855,0.1111111111111111,0.5396825396825397,0.07936507936507936,0.15873015873015872,0.4603174603174603,0.3333333333333333,0.6428571428571429,-0.0316742876362851,0.18421052631578946,0.07894736842105263,0.7307692307692307,0.5555555555555556,14.473684210526317,32.91139240506329,0.1111111111111111,0.13157894736842105,0.3026315789473684,0.3194444444444444,13.924050632911392,3.79746835443038,21.518987341772153
1611661317,PHX,PHX,43,False,2026-07-21 15:27:31,2026-07-23 15:46:30,2.0131828703703705,2026-07-21,2026-07-22,1.0,28,600.0,1.0,4.0,82.0,83.0,19.0,31.0,9.0,165.0,20.0,23.0,1.0,1.0,4.0,5.0,7.0,16.0,1.0,8.0,0.0,5.0,0.0,2.0,0.0,0.0,7.0,22.0,0.0,3.0,1.0,1.0,28.0,47.0,7.0,27.0,9.0,86.0,82.0,2.0,5.0,0.0,5.0,0.0,4.0,7.0,13.0,1.0,1.0,6.0,23.0,44.0,12.0,18.0,3.0,0.0,22.0,7.0,5.0,0.0,22.0,6.0,28.0,6.0,0.0,15.0,6.0,1.0,62.0,7.0,3.0,0.0,10.0,18.0,2.0,30.0,10.0,40.0,1.0,10.0,6.0,4.0,5.0,2.0,5.0,7.0,1.0,0.0,0.0,2.0,12.0,0.0,2.0,10.0,23.0,0.0,1.0,2.0,21.0,1.0,4.0,3.0,13.0,1.0,0.0,4.0,0.0,3.0,4.0,1.0,1.0,3.0,0.0,,1.0,5.0,3.0,82.0,23.0,19.0,2.0,3.0,0.0,,0.0,74.0,,1611661317,False,0.5348319202980516,74.0,0.26317805428630126,39.0,104.8780487804878,98.79518072289156,6.082868057596244,82.0,86.0,82.0,74.0,35.0,0.5202702702702703,0.5393878575012544,1.162162162162162,0.5957446808510638,0.25925925925925924,0.17567567567567569,0.36486486486486486,0.3108108108108108,0.21621621621621623,0.10810810810810811,0.32432432432432434,0.06756756756756757,0.2972972972972973,0.6756756756756757,0.18518518518518517,0.8695652173913043,-0.014561650027781314,0.14634146341463414,0.06097560975609756,0.8,0.7209302325581395,12.195121951219512,36.144578313253014,0.046511627906976744,0.10975609756097561,0.23170731707317074,0.26744186046511625,12.048192771084338,6.024096385542169,27.710843373493976
1611661317,PHX,PHX,45,False,2026-07-29 15:43:06,2026-07-30 15:44:56,1.001273148148148,2026-07-29,2026-07-29,1.0,29,600.0,1.0,2.0,77.0,76.0,46.0,28.0,8.0,153.0,12.0,13.0,1.0,1.0,7.0,8.0,8.0,17.0,2.0,9.0,0.0,2.0,0.0,0.0,0.0,1.0,5.0,14.0,1.0,1.0,5.0,11.0,22.0,39.0,5.0,16.0,32.0,91.0,89.0,4.0,5.0,1.0,1.0,2.0,13.0,11.0,17.0,5.0,12.0,26.0,63.0,30.0,14.0,12.0,3.0,4.0,14.0,5.0,1.0,0.0,15.0,4.0,19.0,4.0,0.0,7.0,6.0,2.0,42.0,4.0,3.0,1.0,13.0,16.0,2.0,31.0,8.0,39.0,1.0,3.0,2.0,1.0,7.0,2.0,5.0,3.0,0.0,2.0,0.0,0.0,10.0,0.0,4.0,8.0,23.0,0.0,1.0,1.0,34.0,0.0,4.0,0.0,43.0,3.0,0.0,12.0,1.0,10.0,7.0,0.0,0.0,3.0,0.0,,4.0,7.0,4.0,78.0,59.0,43.0,2.0,7.0,0.0,,0.0,55.0,,1611661317,False,0.4591570432785602,55.0,0.2692120811896664,28.0,118.18181818181819,117.10526315789474,1.0765550239234472,77.0,91.0,89.0,55.0,27.0,0.5363636363636364,0.615530303030303,1.6545454545454545,0.5641025641025641,0.3125,0.7818181818181819,0.2909090909090909,0.23636363636363636,0.3090909090909091,0.16363636363636364,0.4727272727272727,0.03636363636363636,0.2545454545454545,0.5272727272727272,0.125,0.9230769230769231,0.07720659308507616,0.12987012987012986,0.09090909090909091,0.7037037037037037,0.46153846153846156,10.38961038961039,40.78947368421053,0.14285714285714285,0.1038961038961039,0.5974025974025974,0.6923076923076923,3.9473684210526314,9.210526315789473,30.263157894736842
1611661317,PHX,PHX,48,False,2026-08-01 14:50:36,2026-08-02 14:53:00,1.0016666666666667,2026-08-01,2026-08-01,1.0,30,600.0,1.0,-2.0,81.0,82.0,19.0,23.0,5.0,163.0,17.0,20.0,2.0,3.0,3.0,4.0,6.0,14.0,3.0,10.0,3.0,4.0,0.0,0.0,0.0,0.0,3.0,15.0,0.0,0.0,2.0,4.0,26.0,44.0,6.0,19.0,22.0,92.0,94.0,2.0,3.0,0.0,0.0,1.0,5.0,4.0,8.0,2.0,4.0,9.0,23.0,34.0,18.0,12.0,6.0,2.0,15.0,3.0,2.0,1.0,17.0,4.0,21.0,1.0,3.0,11.0,5.0,1.0,46.0,2.0,3.0,0.0,14.0,8.0,0.0,22.0,5.0,27.0,1.0,7.0,3.0,4.0,2.0,7.0,2.0,8.0,0.0,0.0,0.0,0.0,10.0,0.0,2.0,8.0,20.0,0.0,2.0,1.0,23.0,0.0,2.0,2.0,28.0,2.0,1.0,9.0,0.0,5.0,2.0,0.0,0.0,1.0,0.0,,1.0,2.0,0.0,87.0,23.0,19.0,1.0,4.0,0.0,,0.0,63.0,,1611661317,False,0.5008092969205953,63.0,0.15876524093291958,31.0,113.58024691358024,114.6341463414634,-1.0538994278831666,81.0,92.0,94.0,63.0,32.0,0.5555555555555556,0.6107275624004249,1.4603174603174602,0.5909090909090909,0.3157894736842105,0.4444444444444444,0.30158730158730157,0.31746031746031744,0.2222222222222222,0.15873015873015872,0.38095238095238093,0.06349206349206349,0.23809523809523808,0.6190476190476191,0.21052631578947367,0.85,0.0547462586349603,0.12345679012345678,0.024691358024691357,0.65625,0.5,6.172839506172839,26.82926829268293,0.05434782608695652,0.06172839506172839,0.2345679012345679,0.25,8.536585365853659,2.4390243902439024,24.390243902439025
1611661317,PHX,PHX,49,False,2026-08-02 14:53:00,2026-08-04 16:04:29,2.0496412037037035,2026-08-02,2026-08-03,1.0,31,600.0,1.0,5.0,84.0,85.0,31.0,20.0,5.0,169.0,14.0,21.0,2.0,2.0,2.0,4.0,6.0,11.0,1.0,5.0,7.0,10.0,1.0,1.0,3.0,5.0,4.0,16.0,0.0,1.0,3.0,11.0,21.0,37.0,11.0,26.0,31.0,106.0,101.0,2.0,3.0,1.0,2.0,1.0,8.0,5.0,9.0,6.0,16.0,14.0,42.0,34.0,8.0,27.0,6.0,2.0,16.0,4.0,1.0,0.0,17.0,9.0,26.0,3.0,6.0,12.0,4.0,1.0,61.0,4.0,2.0,1.0,10.0,18.0,4.0,32.0,7.0,39.0,0.0,5.0,4.0,1.0,5.0,1.0,4.0,7.0,3.0,1.0,1.0,1.0,12.0,1.0,5.0,11.0,21.0,0.0,1.0,1.0,26.0,0.0,2.0,0.0,40.0,2.0,1.0,16.0,2.0,3.0,5.0,0.0,0.0,4.0,0.0,,1.0,5.0,4.0,98.0,42.0,31.0,3.0,3.0,0.0,,2.0,63.0,,1611661317,False,0.5226428630458789,63.0,0.20060993446316666,31.0,126.19047619047619,118.82352941176471,7.36694677871148,84.0,106.0,101.0,63.0,32.0,0.5952380952380952,0.6575682382133996,1.6825396825396826,0.5675675675675675,0.4230769230769231,0.6349206349206349,0.4126984126984127,0.3333333333333333,0.1746031746031746,0.07936507936507936,0.25396825396825395,0.15873015873015872,0.25396825396825395,0.746031746031746,0.38461538461538464,0.6666666666666666,0.07259523219221631,0.14285714285714285,0.05952380952380952,0.8125,0.5754716981132075,8.333333333333332,37.64705882352941,0.07547169811320754,0.05952380952380952,0.36904761904761907,0.39622641509433965,5.88235294117647,5.88235294117647,24.705882352941178
1611661317,PHX,PHX,50,False,2026-08-04 16:04:29,2026-08-07 14:43:29,2.94375,2026-08-04,2026-08-06,1.0,32,,1.0,-14.0,82.0,82.0,20.0,3.0,6.0,164.0,13.0,24.0,0.0,1.0,5.0,10.0,5.0,13.0,1.0,3.0,2.0,7.0,0.0,0.0,0.0,2.0,5.0,17.0,0.0,1.0,1.0,2.0,19.0,40.0,7.0,24.0,23.0,82.0,96.0,0.0,2.0,0.0,1.0,4.0,4.0,6.0,12.0,1.0,4.0,10.0,25.0,30.0,8.0,21.0,0.0,0.0,17.0,5.0,5.0,1.0,15.0,7.0,22.0,5.0,2.0,12.0,3.0,0.0,51.0,2.0,4.0,0.0,14.0,14.0,0.0,28.0,6.0,34.0,2.0,4.0,2.0,2.0,3.0,3.0,2.0,7.0,0.0,1.0,0.0,0.0,10.0,1.0,0.0,8.0,13.0,1.0,0.0,2.0,22.0,0.0,1.0,3.0,26.0,2.0,0.0,13.0,0.0,1.0,2.0,0.0,0.0,1.0,0.0,,1.0,2.0,2.0,78.0,25.0,20.0,0.0,1.0,0.0,,0.0,64.0,,1611661317,False,0.550138693582289,64.0,0.15546151769053632,38.0,100.0,117.07317073170731,-17.073170731707307,82.0,82.0,96.0,64.0,26.0,0.4609375,0.5434782608695652,1.28125,0.475,0.2916666666666667,0.40625,0.375,0.375,0.203125,0.046875,0.25,0.109375,0.265625,0.75,0.2916666666666667,0.5416666666666666,-0.08920119358228895,0.12195121951219512,0.036585365853658534,0.8461538461538461,0.6219512195121951,7.317073170731707,34.146341463414636,0.04878048780487805,0.07317073170731707,0.24390243902439024,0.3048780487804878,4.878048780487805,2.4390243902439024,15.853658536585366
1611661317,PHX,PHX,51,False,2026-08-07 14:43:29,2026-08-08 14:20:53,0.9843055555555555,2026-08-07,2026-08-07,1.0,33,2400.0,1.0,-3.0,77.0,78.0,23.0,26.0,11.0,155.0,16.0,23.0,2.0,3.0,5.0,9.0,4.0,13.0,2.0,4.0,3.0,10.0,0.0,1.0,0.0,2.0,2.0,18.0,0.0,4.0,1.0,7.0,22.0,40.0,5.0,28.0,13.0,72.0,75.0,2.0,3.0,0.0,5.0,3.0,7.0,6.0,15.0,1.0,9.0,4.0,19.0,32.0,12.0,9.0,6.0,4.0,18.0,2.0,4.0,1.0,16.0,3.0,19.0,2.0,1.0,12.0,3.0,1.0,41.0,4.0,7.0,1.0,9.0,13.0,3.0,25.0,12.0,37.0,0.0,10.0,6.0,4.0,5.0,2.0,3.0,6.0,0.0,2.0,0.0,2.0,11.0,1.0,3.0,6.0,20.0,0.0,2.0,0.0,24.0,2.0,2.0,0.0,23.0,2.0,0.0,10.0,0.0,2.0,1.0,0.0,0.0,0.0,0.0,,1.0,1.0,0.0,65.0,19.0,23.0,3.0,2.0,0.0,,0.0,68.0,,1611661317,False,0.5021829453401765,68.0,0.2684681272430444,41.0,93.5064935064935,96.15384615384616,-2.647352647352662,77.0,72.0,75.0,68.0,27.0,0.4338235294117647,0.46082949308755755,1.0588235294117647,0.55,0.17857142857142858,0.3382352941176471,0.4117647058823529,0.3382352941176471,0.19117647058823528,0.058823529411764705,0.25,0.14705882352941177,0.2647058823529412,0.75,0.35714285714285715,0.6956521739130435,-0.06835941592841177,0.14285714285714285,0.06493506493506493,0.7037037037037037,0.5694444444444444,15.584415584415584,32.05128205128205,0.09722222222222222,0.14285714285714285,0.2987012987012987,0.2638888888888889,12.82051282051282,1.282051282051282,25.64102564102564
1611661317,PHX,PHX,53,False,2026-08-09 14:22:34,2026-08-10 14:48:26,1.017962962962963,2026-08-09,2026-08-09,1.0,34,2400.0,1.0,-20.0,79.0,80.0,20.0,12.0,6.0,159.0,9.0,12.0,1.0,1.0,3.0,3.0,6.0,16.0,3.0,12.0,3.0,8.0,0.0,0.0,1.0,2.0,8.0,21.0,0.0,1.0,2.0,6.0,18.0,40.0,11.0,29.0,6.0,75.0,95.0,2.0,5.0,0.0,1.0,0.0,4.0,5.0,10.0,3.0,8.0,1.0,20.0,26.0,10.0,27.0,6.0,2.0,21.0,8.0,3.0,1.0,13.0,9.0,22.0,6.0,3.0,6.0,5.0,2.0,53.0,3.0,5.0,0.0,12.0,14.0,3.0,29.0,8.0,37.0,1.0,5.0,3.0,2.0,11.0,2.0,7.0,5.0,1.0,4.0,0.0,0.0,16.0,2.0,4.0,9.0,15.0,0.0,0.0,2.0,17.0,0.0,1.0,1.0,8.0,1.0,0.0,2.0,1.0,1.0,3.0,0.0,0.0,1.0,0.0,,2.0,3.0,2.0,71.0,20.0,20.0,1.0,1.0,0.0,,0.0,69.0,,1611661317,False,0.48499273933388054,69.0,0.21193235166787616,40.0,94.9367088607595,118.75,-23.813291139240505,79.0,75.0,95.0,69.0,29.0,0.5,0.5170987313844457,1.0869565217391304,0.45,0.3793103448275862,0.11594202898550725,0.42028985507246375,0.17391304347826086,0.2318840579710145,0.17391304347826086,0.4057971014492754,0.11594202898550725,0.30434782608695654,0.5942028985507246,0.27586206896551724,0.75,0.01500726066611946,0.20253164556962025,0.13924050632911392,0.7586206896551724,0.7066666666666667,10.126582278481013,36.25,0.05333333333333334,0.0759493670886076,0.25316455696202533,0.26666666666666666,6.25,3.75,18.75
1611661319,LVA,LVA,0,True,,2026-06-02 22:58:54,,,2026-06-01,8.0,8,6000.0,8.0,27.0,656.0,662.0,161.0,145.0,79.0,1318.0,114.0,155.0,22.0,27.0,30.0,41.0,81.0,173.0,27.0,76.0,8.0,28.0,,4.0,,7.0,50.0,138.0,9.0,12.0,8.0,30.0,222.0,404.0,58.0,166.0,110.0,728.0,701.0,35.0,51.0,9.0,16.0,22.0,119.0,54.0,85.0,8.0,37.0,47.0,179.0,254.0,190.0,162.0,12.0,30.0,138.0,50.0,17.0,3.0,127.0,54.0,181.0,46.0,8.0,62.0,50.0,15.0,416.0,29.0,57.0,2.0,88.0,143.0,15.0,246.0,88.0,334.0,10.0,52.0,39.0,13.0,63.0,15.0,38.0,50.0,6.0,25.0,1.0,2.0,113.0,6.0,28.0,79.0,144.0,3.0,7.0,16.0,155.0,4.0,8.0,15.0,149.0,19.0,2.0,59.0,1.0,22.0,55.0,3.0,3.0,21.0,,3.0,31.0,58.0,27.0,609.0,179.0,161.0,7.0,17.0,,,,570.0,,1611661319,False,0.49239788732394363,570.0,0.3049645390070922,290.0,110.97560975609757,105.89123867069486,5.084371085402708,82.0,91.0,87.625,570.0,280.0,0.5421052631578948,0.5727232676694569,1.2771929824561403,0.5495049504950495,0.3493975903614458,0.2614035087719298,0.2912280701754386,0.2719298245614035,0.30350877192982456,0.13333333333333333,0.4368421052631579,0.04912280701754386,0.24210526315789474,0.5631578947368421,0.1686746987951807,0.7354838709677419,0.04970737583395113,0.1722560975609756,0.09603658536585366,0.6464285714285715,0.5714285714285714,13.414634146341465,37.160120845921455,0.16346153846153846,0.12042682926829268,0.24542682926829268,0.24587912087912087,7.854984894259818,8.761329305135952,21.75226586102719
1611661319,LVA,LVA,1,False,2026-06-02 22:58:54,2026-06-03 21:18:01,0.9299421296296296,2026-06-02,2026-06-02,1.0,9,1800.0,1.0,10.0,77.0,79.0,7.0,23.0,8.0,156.0,11.0,14.0,1.0,2.0,1.0,1.0,9.0,22.0,3.0,9.0,1.0,5.0,,0.0,,0.0,7.0,19.0,0.0,3.0,1.0,2.0,23.0,45.0,8.0,24.0,9.0,79.0,69.0,1.0,3.0,0.0,3.0,0.0,2.0,2.0,3.0,1.0,2.0,3.0,10.0,32.0,14.0,24.0,0.0,2.0,19.0,7.0,3.0,1.0,16.0,8.0,24.0,7.0,1.0,9.0,6.0,1.0,56.0,6.0,4.0,0.0,13.0,22.0,3.0,38.0,10.0,48.0,1.0,7.0,4.0,3.0,4.0,1.0,2.0,6.0,0.0,2.0,0.0,1.0,10.0,2.0,1.0,14.0,23.0,0.0,0.0,4.0,16.0,0.0,1.0,0.0,16.0,2.0,0.0,8.0,0.0,1.0,8.0,0.0,0.0,4.0,,0.0,4.0,8.0,6.0,77.0,10.0,7.0,1.0,1.0,,,,69.0,,1611661319,False,0.49838904151137076,69.0,0.2621127286300858,38.0,102.59740259740259,87.34177215189874,15.255630445503854,77.0,79.0,69.0,69.0,31.0,0.5072463768115942,0.5194634402945818,1.144927536231884,0.5111111111111111,0.3333333333333333,0.2318840579710145,0.34782608695652173,0.2028985507246377,0.3188405797101449,0.13043478260869565,0.4492753623188406,0.07246376811594203,0.2753623188405797,0.5507246376811594,0.20833333333333334,0.7857142857142857,0.008857335300223479,0.12987012987012986,0.05194805194805195,0.7741935483870968,0.7088607594936709,12.987012987012985,48.10126582278481,0.02531645569620253,0.1038961038961039,0.09090909090909091,0.12658227848101267,8.860759493670885,10.126582278481013,29.11392405063291
1611661319,LVA,LVA,5,False,2026-06-06 15:03:59,2026-06-07 15:16:47,1.008888888888889,2026-06-06,2026-06-06,1.0,10,1200.0,1.0,5.0,75.0,77.0,22.0,16.0,8.0,152.0,0.0,0.0,0.0,0.0,0.0,0.0,12.0,28.0,2.0,5.0,3.0,9.0,,2.0,,1.0,10.0,21.0,1.0,2.0,3.0,4.0,14.0,33.0,13.0,30.0,17.0,84.0,79.0,2.0,4.0,1.0,4.0,3.0,10.0,5.0,10.0,3.0,5.0,9.0,28.0,24.0,4.0,30.0,9.0,0.0,21.0,10.0,1.0,0.0,12.0,10.0,22.0,7.0,3.0,0.0,10.0,2.0,54.0,3.0,5.0,1.0,18.0,12.0,4.0,34.0,9.0,43.0,1.0,3.0,3.0,0.0,4.0,0.0,4.0,7.0,2.0,0.0,0.0,0.0,11.0,0.0,4.0,10.0,19.0,1.0,1.0,4.0,19.0,0.0,2.0,2.0,22.0,0.0,1.0,7.0,1.0,2.0,2.0,0.0,0.0,0.0,,0.0,2.0,2.0,1.0,74.0,28.0,22.0,0.0,2.0,,,,63.0,,1611661319,False,0.4533098107198924,63.0,0.22047440699126064,36.0,112.00000000000001,102.59740259740259,9.402597402597422,75.0,84.0,79.0,63.0,27.0,0.5317460317460317,0.577875619152449,1.3333333333333333,0.42424242424242425,0.43333333333333335,0.3492063492063492,0.47619047619047616,0.0,0.4444444444444444,0.07936507936507936,0.5238095238095238,0.14285714285714285,0.3333333333333333,0.47619047619047616,0.3,,0.07843622102613934,0.14666666666666667,0.05333333333333334,0.8148148148148148,0.6428571428571429,12.0,44.15584415584416,0.11904761904761904,0.10666666666666667,0.29333333333333333,0.3333333333333333,3.896103896103896,2.5974025974025974,24.675324675324674
1611661319,LVA,LVA,7,False,2026-06-08 17:00:39,2026-06-09 16:24:19,0.9747685185185185,2026-06-08,2026-06-08,1.0,11,600.0,1.0,10.0,80.0,81.0,34.0,14.0,10.0,161.0,1.0,1.0,0.0,0.0,0.0,0.0,19.0,31.0,5.0,10.0,4.0,9.0,,1.0,,2.0,6.0,19.0,2.0,4.0,4.0,10.0,25.0,42.0,10.0,28.0,21.0,101.0,91.0,2.0,4.0,3.0,5.0,4.0,17.0,8.0,14.0,4.0,12.0,12.0,40.0,34.0,16.0,30.0,0.0,2.0,19.0,6.0,1.0,0.0,17.0,10.0,27.0,6.0,4.0,1.0,12.0,4.0,64.0,6.0,6.0,0.0,13.0,18.0,0.0,31.0,12.0,43.0,1.0,4.0,2.0,2.0,10.0,2.0,7.0,3.0,0.0,3.0,0.0,0.0,13.0,0.0,5.0,8.0,13.0,0.0,0.0,0.0,23.0,0.0,0.0,3.0,24.0,4.0,1.0,9.0,1.0,3.0,4.0,1.0,0.0,1.0,,0.0,3.0,5.0,2.0,84.0,40.0,34.0,0.0,3.0,,,,70.0,,1611661319,False,0.4474771933441259,70.0,0.3525669835782196,35.0,126.25,112.34567901234568,13.904320987654316,80.0,101.0,91.0,70.0,35.0,0.5714285714285714,0.6268619662363456,1.4428571428571428,0.5952380952380952,0.35714285714285715,0.34285714285714286,0.4,0.014285714285714285,0.44285714285714284,0.14285714285714285,0.5857142857142857,0.12857142857142856,0.2714285714285714,0.4142857142857143,0.32142857142857145,1.0,0.12395137808444551,0.1625,0.125,0.7714285714285715,0.6336633663366337,15.0,38.2716049382716,0.16831683168316833,0.125,0.425,0.39603960396039606,4.938271604938271,6.172839506172839,16.049382716049383
1611661319,LVA,LVA,10,False,2026-06-11 17:31:15,2026-06-12 16:37:05,0.9623842592592593,2026-06-11,2026-06-11,1.0,12,600.0,1.0,16.0,78.0,79.0,30.0,13.0,17.0,157.0,10.0,14.0,3.0,5.0,5.0,7.0,7.0,19.0,5.0,11.0,2.0,5.0,0.0,0.0,,2.0,12.0,23.0,5.0,8.0,4.0,10.0,22.0,44.0,14.0,28.0,19.0,105.0,89.0,5.0,10.0,5.0,8.0,3.0,28.0,7.0,13.0,5.0,12.0,9.0,38.0,28.0,16.0,33.0,9.0,6.0,23.0,12.0,3.0,0.0,14.0,11.0,25.0,9.0,2.0,6.0,4.0,4.0,61.0,8.0,12.0,1.0,17.0,11.0,2.0,30.0,21.0,51.0,4.0,6.0,5.0,1.0,7.0,3.0,5.0,7.0,1.0,2.0,0.0,0.0,14.0,0.0,3.0,4.0,14.0,2.0,1.0,0.0,25.0,1.0,4.0,0.0,29.0,2.0,1.0,12.0,0.0,3.0,4.0,0.0,0.0,2.0,0.0,0.0,2.0,4.0,2.0,77.0,38.0,30.0,1.0,2.0,,,,72.0,,1611661319,False,0.4755710462101498,72.0,0.5610087877693515,36.0,134.6153846153846,112.65822784810126,21.95715676728335,78.0,105.0,89.0,72.0,36.0,0.5972222222222222,0.619395941481831,1.4583333333333333,0.5,0.5,0.4027777777777778,0.3888888888888889,0.19444444444444445,0.2638888888888889,0.1527777777777778,0.4166666666666667,0.06944444444444445,0.3194444444444444,0.5833333333333334,0.17857142857142858,0.7142857142857143,0.12165117601207243,0.1794871794871795,0.08974358974358974,0.6944444444444444,0.580952380952381,26.923076923076923,37.9746835443038,0.26666666666666666,0.21794871794871795,0.38461538461538464,0.3619047619047619,7.59493670886076,5.063291139240507,17.72151898734177
1611661319,LVA,LVA,12,False,2026-06-13 15:24:02,2026-06-14 15:31:17,1.0050347222222222,2026-06-13,2026-06-13,1.0,13,600.0,1.0,3.0,77.0,77.0,23.0,16.0,11.0,154.0,12.0,16.0,3.0,3.0,3.0,5.0,11.0,22.0,2.0,4.0,1.0,3.0,0.0,0.0,0.0,1.0,10.0,22.0,3.0,3.0,1.0,2.0,25.0,42.0,11.0,25.0,17.0,100.0,97.0,5.0,6.0,3.0,3.0,0.0,19.0,6.0,12.0,1.0,3.0,11.0,26.0,28.0,22.0,30.0,3.0,6.0,22.0,10.0,2.0,1.0,14.0,10.0,24.0,9.0,1.0,7.0,6.0,1.0,58.0,4.0,7.0,0.0,7.0,16.0,1.0,24.0,11.0,35.0,1.0,8.0,6.0,2.0,8.0,1.0,6.0,3.0,0.0,2.0,0.0,1.0,11.0,1.0,3.0,10.0,15.0,0.0,0.0,1.0,19.0,0.0,0.0,0.0,19.0,1.0,1.0,5.0,1.0,3.0,2.0,1.0,1.0,1.0,0.0,0.0,1.0,3.0,2.0,81.0,26.0,23.0,1.0,3.0,,,,67.0,,1611661319,False,0.48162833222830637,67.0,0.3555396045362301,31.0,129.87012987012986,125.97402597402598,3.896103896103881,77.0,100.0,97.0,67.0,36.0,0.6194029850746269,0.6634819532908705,1.492537313432836,0.5952380952380952,0.44,0.2835820895522388,0.373134328358209,0.23880597014925373,0.3283582089552239,0.05970149253731343,0.3880597014925373,0.04477611940298507,0.3283582089552239,0.6119402985074627,0.12,0.75,0.1377746528463205,0.14285714285714285,0.1038961038961039,0.6666666666666666,0.58,14.285714285714285,31.16883116883117,0.19,0.14285714285714285,0.2987012987012987,0.26,10.38961038961039,3.896103896103896,19.480519480519483
1611661319,LVA,LVA,14,False,2026-06-15 18:20:23,2026-06-16 18:24:01,1.0025231481481482,2026-06-15,2026-06-15,1.0,14,1200.0,1.0,-30.0,78.0,80.0,11.0,14.0,8.0,158.0,14.0,20.0,3.0,5.0,1.0,3.0,6.0,19.0,2.0,8.0,3.0,6.0,0.0,0.0,0.0,1.0,2.0,15.0,0.0,2.0,0.0,2.0,22.0,47.0,5.0,21.0,7.0,66.0,96.0,3.0,6.0,0.0,2.0,0.0,6.0,3.0,6.0,0.0,3.0,3.0,9.0,38.0,6.0,15.0,0.0,2.0,15.0,2.0,3.0,0.0,19.0,5.0,24.0,2.0,3.0,11.0,6.0,2.0,53.0,5.0,3.0,0.0,9.0,16.0,2.0,27.0,8.0,35.0,2.0,5.0,4.0,1.0,10.0,3.0,5.0,4.0,0.0,5.0,0.0,0.0,14.0,0.0,1.0,10.0,18.0,0.0,1.0,1.0,14.0,0.0,1.0,0.0,9.0,0.0,1.0,3.0,0.0,1.0,3.0,0.0,0.0,3.0,0.0,0.0,0.0,3.0,3.0,60.0,9.0,11.0,1.0,1.0,,,,68.0,,1611661319,False,0.47956110642528715,68.0,0.1928350644398599,41.0,84.61538461538461,120.0,-35.38461538461539,78.0,66.0,96.0,68.0,27.0,0.4338235294117647,0.4585881045025014,0.9705882352941176,0.46808510638297873,0.23809523809523808,0.1323529411764706,0.3088235294117647,0.29411764705882354,0.27941176470588236,0.11764705882352941,0.39705882352941174,0.08823529411764706,0.22058823529411764,0.6029411764705882,0.2857142857142857,0.7,-0.045737577013522435,0.1794871794871795,0.1282051282051282,0.8888888888888888,0.803030303030303,10.256410256410255,33.75,0.09090909090909091,0.10256410256410256,0.14102564102564102,0.13636363636363635,6.25,3.75,22.5
1611661319,LVA,LVA,15,False,2026-06-16 18:24:01,2026-06-18 16:49:24,1.9342939814814815,2026-06-16,2026-06-17,1.0,15,600.0,1.0,10.0,76.0,78.0,31.0,12.0,11.0,154.0,10.0,14.0,3.0,5.0,1.0,3.0,11.0,24.0,5.0,9.0,1.0,4.0,0.0,0.0,1.0,2.0,4.0,17.0,0.0,2.0,2.0,10.0,26.0,47.0,5.0,21.0,19.0,86.0,76.0,5.0,9.0,0.0,2.0,3.0,13.0,6.0,17.0,3.0,12.0,4.0,25.0,44.0,8.0,9.0,6.0,2.0,17.0,4.0,2.0,0.0,22.0,3.0,25.0,2.0,1.0,9.0,8.0,5.0,53.0,4.0,7.0,1.0,9.0,12.0,0.0,21.0,12.0,33.0,2.0,18.0,15.0,3.0,5.0,3.0,3.0,4.0,1.0,2.0,0.0,0.0,9.0,0.0,2.0,6.0,13.0,0.0,0.0,0.0,19.0,0.0,1.0,0.0,25.0,2.0,1.0,8.0,1.0,3.0,5.0,1.0,1.0,2.0,0.0,0.0,3.0,6.0,4.0,73.0,25.0,31.0,1.0,3.0,,,,68.0,,1611661319,False,0.48444547984452996,68.0,0.2970626633840239,37.0,113.1578947368421,97.43589743589743,15.721997300944665,76.0,86.0,76.0,68.0,31.0,0.49264705882352944,0.5443037974683544,1.2647058823529411,0.5531914893617021,0.23809523809523808,0.36764705882352944,0.3088235294117647,0.20588235294117646,0.35294117647058826,0.1323529411764706,0.4852941176470588,0.058823529411764705,0.25,0.5147058823529411,0.19047619047619047,0.7142857142857143,0.00820157897899948,0.11842105263157894,0.06578947368421052,0.8064516129032258,0.6162790697674418,15.789473684210526,26.923076923076923,0.1511627906976744,0.14473684210526316,0.40789473684210525,0.29069767441860467,23.076923076923077,7.6923076923076925,16.666666666666664
1611661319,LVA,LVA,19,False,2026-06-21 15:43:44,2026-06-23 16:17:53,2.023715277777778,2026-06-21,2026-06-22,1.0,16,600.0,1.0,19.0,71.0,72.0,12.0,20.0,2.0,143.0,2.0,2.0,1.0,1.0,0.0,0.0,23.0,29.0,0.0,3.0,3.0,6.0,0.0,0.0,2.0,2.0,8.0,18.0,0.0,0.0,2.0,4.0,25.0,34.0,11.0,24.0,9.0,92.0,73.0,2.0,2.0,0.0,0.0,0.0,4.0,4.0,4.0,4.0,6.0,3.0,23.0,24.0,26.0,27.0,6.0,4.0,18.0,8.0,1.0,0.0,12.0,9.0,21.0,6.0,3.0,1.0,11.0,0.0,51.0,1.0,1.0,0.0,18.0,7.0,2.0,27.0,2.0,29.0,0.0,5.0,4.0,1.0,7.0,0.0,6.0,4.0,1.0,1.0,0.0,0.0,11.0,0.0,0.0,7.0,18.0,0.0,0.0,2.0,15.0,0.0,2.0,2.0,10.0,1.0,1.0,4.0,0.0,1.0,3.0,0.0,0.0,2.0,0.0,0.0,1.0,3.0,2.0,88.0,23.0,12.0,3.0,1.0,,,,58.0,,1611661319,False,0.43911714724534223,58.0,0.08736449208269127,22.0,129.5774647887324,101.38888888888889,28.188575899843528,71.0,92.0,73.0,58.0,36.0,0.7155172413793104,0.7371794871794872,1.5862068965517242,0.7352941176470589,0.4583333333333333,0.1724137931034483,0.41379310344827586,0.034482758620689655,0.5,0.05172413793103448,0.5517241379310345,0.10344827586206896,0.3103448275862069,0.4482758620689655,0.25,1.0,0.27640009413396815,0.15492957746478872,0.09859154929577464,0.5833333333333334,0.5543478260869565,2.8169014084507045,37.5,0.043478260869565216,0.028169014084507043,0.16901408450704225,0.25,6.944444444444445,4.166666666666666,25.0
1611661319,LVA,LVA,20,False,2026-06-23 16:17:53,2026-06-24 16:05:29,0.9913888888888889,2026-06-23,2026-06-23,1.0,17,600.0,1.0,-11.0,76.0,78.0,8.0,10.0,6.0,154.0,10.0,15.0,2.0,3.0,2.0,3.0,7.0,20.0,6.0,10.0,4.0,10.0,1.0,2.0,1.0,1.0,4.0,17.0,0.0,1.0,0.0,4.0,23.0,45.0,8.0,27.0,6.0,76.0,87.0,2.0,3.0,1.0,3.0,0.0,7.0,2.0,5.0,1.0,5.0,2.0,9.0,32.0,14.0,21.0,3.0,0.0,17.0,4.0,5.0,0.0,16.0,7.0,23.0,3.0,4.0,8.0,4.0,4.0,53.0,4.0,2.0,0.0,16.0,12.0,0.0,28.0,6.0,34.0,0.0,9.0,6.0,3.0,3.0,3.0,2.0,5.0,0.0,1.0,0.0,0.0,8.0,0.0,0.0,9.0,14.0,0.0,1.0,1.0,12.0,0.0,1.0,1.0,8.0,1.0,1.0,3.0,0.0,1.0,3.0,1.0,0.0,1.0,1.0,0.0,2.0,4.0,3.0,69.0,9.0,8.0,0.0,1.0,,,,72.0,,1611661319,False,0.4872825396155207,72.0,0.1512202603418635,41.0,100.0,111.53846153846155,-11.538461538461547,76.0,76.0,87.0,72.0,31.0,0.4861111111111111,0.503177966101695,1.0555555555555556,0.5111111111111111,0.2962962962962963,0.1111111111111111,0.375,0.20833333333333334,0.2777777777777778,0.1388888888888889,0.4166666666666667,0.1388888888888889,0.2361111111111111,0.5833333333333334,0.37037037037037035,0.6666666666666666,-0.0011714285044095996,0.10526315789473684,0.039473684210526314,0.7419354838709677,0.6973684210526315,7.894736842105263,35.8974358974359,0.09210526315789473,0.07894736842105263,0.10526315789473684,0.11842105263157894,11.538461538461538,5.128205128205128,17.94871794871795
1611661319,LVA,LVA,22,False,2026-06-25 16:13:09,2026-06-26 16:05:12,0.9944791666666667,2026-06-25,2026-06-25,1.0,18,1200.0,1.0,15.0,83.0,84.0,41.0,17.0,7.0,167.0,9.0,11.0,2.0,3.0,7.0,8.0,12.0,27.0,3.0,4.0,2.0,3.0,0.0,0.0,0.0,1.0,6.0,15.0,1.0,1.0,3.0,8.0,24.0,42.0,8.0,18.0,27.0,99.0,84.0,3.0,4.0,1.0,1.0,1.0,10.0,11.0,19.0,3.0,9.0,15.0,46.0,28.0,20.0,18.0,6.0,4.0,15.0,6.0,2.0,0.0,14.0,6.0,20.0,4.0,2.0,5.0,7.0,2.0,46.0,1.0,6.0,0.0,16.0,14.0,1.0,31.0,7.0,38.0,3.0,5.0,5.0,0.0,7.0,4.0,6.0,9.0,0.0,1.0,0.0,0.0,16.0,0.0,10.0,11.0,20.0,0.0,1.0,4.0,25.0,0.0,1.0,1.0,33.0,1.0,0.0,11.0,2.0,4.0,2.0,0.0,0.0,1.0,0.0,0.0,1.0,2.0,2.0,89.0,46.0,41.0,0.0,3.0,,,,60.0,,1611661319,False,0.47909588493730554,60.0,0.27042083842740333,28.0,119.27710843373494,100.0,19.277108433734938,83.0,99.0,84.0,60.0,32.0,0.6,0.6642512077294687,1.65,0.5714285714285714,0.4444444444444444,0.55,0.3,0.18333333333333332,0.45,0.06666666666666667,0.5166666666666667,0.05,0.25,0.48333333333333334,0.16666666666666666,0.8181818181818182,0.12090411506269444,0.1927710843373494,0.08433734939759036,0.625,0.46464646464646464,8.433734939759036,36.904761904761905,0.10101010101010101,0.08433734939759036,0.4939759036144578,0.46464646464646464,5.952380952380952,2.380952380952381,23.809523809523807
1611661319,LVA,LVA,25,False,2026-06-28 15:09:09,2026-06-29 16:48:32,1.0690162037037036,2026-06-28,2026-06-28,1.0,19,600.0,1.0,8.0,85.0,86.0,40.0,25.0,5.0,171.0,15.0,18.0,1.0,1.0,3.0,5.0,7.0,15.0,1.0,5.0,1.0,4.0,0.0,0.0,0.0,1.0,9.0,21.0,1.0,3.0,8.0,16.0,23.0,38.0,10.0,25.0,31.0,107.0,99.0,1.0,1.0,1.0,3.0,1.0,6.0,5.0,13.0,8.0,17.0,16.0,50.0,24.0,22.0,24.0,6.0,2.0,21.0,9.0,1.0,0.0,12.0,8.0,20.0,7.0,1.0,11.0,1.0,0.0,48.0,5.0,1.0,0.0,13.0,14.0,4.0,31.0,6.0,37.0,0.0,9.0,7.0,2.0,8.0,1.0,5.0,3.0,0.0,3.0,1.0,0.0,11.0,2.0,4.0,12.0,21.0,0.0,3.0,1.0,26.0,0.0,0.0,0.0,37.0,3.0,1.0,14.0,1.0,5.0,4.0,0.0,0.0,3.0,0.0,0.0,1.0,4.0,3.0,101.0,50.0,40.0,2.0,5.0,,,1.0,63.0,,1611661319,False,0.5228449888954351,63.0,0.1983363608877653,30.0,125.88235294117646,115.11627906976744,10.76607387140902,85.0,107.0,99.0,63.0,33.0,0.6031746031746031,0.6748234106962664,1.6984126984126984,0.6052631578947368,0.4,0.5873015873015873,0.3968253968253968,0.2857142857142857,0.23809523809523808,0.07936507936507936,0.31746031746031744,0.06349206349206349,0.3333333333333333,0.6825396825396826,0.16,0.8333333333333334,0.08032961427916807,0.12941176470588237,0.09411764705882353,0.6060606060606061,0.4485981308411215,7.0588235294117645,36.04651162790697,0.056074766355140186,0.058823529411764705,0.47058823529411764,0.4672897196261682,10.465116279069768,4.651162790697675,24.418604651162788
1611661319,LVA,LVA,27,False,2026-07-04 14:56:19,2026-07-05 15:04:24,1.005613425925926,2026-07-04,2026-07-04,1.0,20,900.0,1.0,8.0,90.0,91.0,40.0,23.0,8.0,181.0,14.0,19.0,0.0,0.0,3.0,5.0,12.0,21.0,5.0,7.0,1.0,3.0,0.0,0.0,0.0,0.0,3.0,19.0,0.0,1.0,1.0,10.0,31.0,47.0,4.0,22.0,24.0,98.0,90.0,0.0,2.0,0.0,1.0,4.0,4.0,10.0,20.0,1.0,10.0,14.0,37.0,26.0,36.0,12.0,0.0,0.0,19.0,3.0,4.0,0.0,13.0,4.0,17.0,3.0,1.0,9.0,3.0,1.0,38.0,6.0,3.0,0.0,10.0,17.0,3.0,30.0,9.0,39.0,0.0,10.0,9.0,1.0,8.0,4.0,6.0,5.0,0.0,2.0,0.0,0.0,13.0,1.0,8.0,13.0,19.0,0.0,0.0,1.0,29.0,0.0,3.0,3.0,30.0,1.0,0.0,8.0,1.0,6.0,6.0,0.0,0.0,3.0,0.0,0.0,3.0,6.0,4.0,94.0,35.0,39.0,3.0,5.0,,,0.0,69.0,,1611661319,False,0.48533004051863915,69.0,0.2643274593854214,34.0,108.88888888888889,98.9010989010989,9.98778998778998,90.0,98.0,90.0,69.0,35.0,0.5362318840579711,0.5961070559610705,1.4202898550724639,0.6595744680851063,0.18181818181818182,0.43478260869565216,0.3188405797101449,0.2753623188405797,0.30434782608695654,0.10144927536231885,0.4057971014492754,0.043478260869565216,0.2753623188405797,0.5942028985507246,0.13636363636363635,0.7368421052631579,0.050901843539331915,0.14444444444444443,0.08888888888888889,0.4857142857142857,0.3877551020408163,10.0,32.967032967032964,0.04081632653061224,0.08888888888888889,0.4444444444444444,0.37755102040816324,10.989010989010989,6.593406593406594,20.87912087912088
1611661319,LVA,LVA,28,False,2026-07-05 15:04:24,2026-07-06 16:46:42,1.0710416666666667,2026-07-05,2026-07-05,1.0,21,600.0,1.0,-16.0,72.0,73.0,21.0,18.0,7.0,145.0,4.0,6.0,1.0,2.0,1.0,3.0,12.0,22.0,2.0,8.0,3.0,8.0,0.0,0.0,1.0,2.0,1.0,11.0,0.0,0.0,0.0,3.0,18.0,36.0,4.0,19.0,20.0,68.0,84.0,1.0,6.0,0.0,0.0,0.0,2.0,5.0,13.0,1.0,5.0,6.0,19.0,20.0,16.0,12.0,0.0,0.0,11.0,1.0,3.0,0.0,10.0,4.0,14.0,1.0,3.0,3.0,6.0,1.0,32.0,4.0,4.0,0.0,8.0,18.0,1.0,27.0,8.0,35.0,0.0,5.0,3.0,2.0,5.0,2.0,5.0,8.0,3.0,0.0,0.0,1.0,13.0,1.0,3.0,9.0,17.0,0.0,0.0,1.0,20.0,0.0,2.0,1.0,25.0,1.0,0.0,10.0,0.0,3.0,1.0,0.0,0.0,1.0,0.0,0.0,0.0,1.0,1.0,66.0,19.0,21.0,1.0,3.0,0.0,,0.0,55.0,,1611661319,False,0.438211214697559,55.0,0.2504507697916784,33.0,94.44444444444444,115.06849315068493,-20.624048706240487,72.0,68.0,84.0,55.0,22.0,0.43636363636363634,0.5151515151515151,1.2363636363636363,0.5,0.21052631578947367,0.45454545454545453,0.34545454545454546,0.10909090909090909,0.4,0.14545454545454545,0.5454545454545454,0.14545454545454545,0.2,0.45454545454545453,0.42105263157894735,0.6666666666666666,-0.0018475783339226837,0.18055555555555555,0.06944444444444445,0.6363636363636364,0.47058823529411764,11.11111111111111,36.986301369863014,0.029411764705882353,0.09722222222222222,0.2916666666666667,0.27941176470588236,6.8493150684931505,1.36986301369863,23.28767123287671
1611661319,LVA,LVA,31,False,2026-07-09 16:20:00,2026-07-10 16:11:44,0.9942592592592593,2026-07-09,2026-07-09,1.0,22,600.0,1.0,8.0,76.0,77.0,19.0,26.0,5.0,153.0,8.0,13.0,0.0,0.0,3.0,5.0,13.0,23.0,2.0,5.0,3.0,5.0,0.0,0.0,1.0,1.0,5.0,15.0,0.0,2.0,1.0,4.0,23.0,41.0,8.0,20.0,18.0,88.0,80.0,2.0,3.0,0.0,2.0,4.0,8.0,5.0,8.0,2.0,5.0,3.0,19.0,32.0,14.0,21.0,3.0,0.0,15.0,5.0,3.0,0.0,16.0,7.0,23.0,4.0,3.0,7.0,8.0,1.0,53.0,3.0,4.0,0.0,16.0,8.0,1.0,25.0,7.0,32.0,1.0,13.0,10.0,3.0,8.0,2.0,8.0,4.0,2.0,0.0,0.0,0.0,12.0,0.0,4.0,10.0,16.0,0.0,0.0,0.0,19.0,1.0,1.0,0.0,22.0,3.0,0.0,10.0,1.0,1.0,3.0,2.0,1.0,1.0,1.0,0.0,2.0,5.0,3.0,80.0,19.0,19.0,0.0,1.0,0.0,,0.0,61.0,,1611661319,False,0.48405782969480315,61.0,0.2324586699744316,30.0,115.78947368421053,103.89610389610388,11.893369788106654,76.0,88.0,80.0,61.0,31.0,0.5737704918032787,0.622524052065648,1.4426229508196722,0.5609756097560976,0.4,0.36065573770491804,0.32786885245901637,0.21311475409836064,0.3770491803278688,0.08196721311475409,0.45901639344262296,0.08196721311475409,0.2459016393442623,0.5409836065573771,0.25,0.6153846153846154,0.0897126621084755,0.15789473684210525,0.10526315789473684,0.7419354838709677,0.6022727272727273,9.210526315789473,32.467532467532465,0.09090909090909091,0.06578947368421052,0.25,0.2159090909090909,16.883116883116884,6.493506493506493,20.77922077922078
1611661319,LVA,LVA,32,False,2026-07-10 16:11:44,2026-07-12 14:45:23,1.9400347222222223,2026-07-10,2026-07-11,1.0,23,600.0,1.0,48.0,80.0,82.0,12.0,5.0,12.0,162.0,12.0,15.0,4.0,5.0,3.0,4.0,10.0,22.0,3.0,5.0,5.0,10.0,1.0,1.0,1.0,1.0,9.0,25.0,0.0,3.0,1.0,1.0,25.0,42.0,14.0,35.0,14.0,106.0,58.0,5.0,9.0,1.0,4.0,0.0,13.0,3.0,4.0,2.0,2.0,8.0,20.0,38.0,12.0,36.0,6.0,6.0,25.0,9.0,0.0,0.0,19.0,12.0,31.0,7.0,5.0,8.0,9.0,2.0,74.0,7.0,7.0,0.0,20.0,15.0,1.0,36.0,14.0,50.0,4.0,8.0,7.0,1.0,3.0,1.0,3.0,6.0,0.0,0.0,0.0,0.0,9.0,1.0,1.0,4.0,14.0,0.0,0.0,4.0,16.0,0.0,0.0,3.0,16.0,0.0,0.0,5.0,0.0,3.0,2.0,0.0,0.0,0.0,0.0,0.0,2.0,2.0,0.0,93.0,20.0,12.0,0.0,3.0,0.0,,0.0,77.0,,1611661319,False,0.41900064699401596,77.0,0.36985340002144534,38.0,132.5,70.73170731707317,61.76829268292683,80.0,106.0,58.0,77.0,39.0,0.5974025974025974,0.6306520704426463,1.3766233766233766,0.5952380952380952,0.4,0.2077922077922078,0.45454545454545453,0.19480519480519481,0.2857142857142857,0.06493506493506493,0.35064935064935066,0.12987012987012986,0.3246753246753247,0.6493506493506493,0.2857142857142857,0.8,0.17840195040858142,0.1125,0.0375,0.7948717948717948,0.6981132075471698,17.5,43.90243902439025,0.12264150943396226,0.15,0.15,0.18867924528301888,9.75609756097561,2.4390243902439024,17.073170731707318
1611661319,LVA,LVA,33,False,2026-07-12 14:45:23,2026-07-13 16:18:46,1.064849537037037,2026-07-12,2026-07-12,1.0,24,600.0,1.0,-34.0,79.0,79.0,12.0,12.0,10.0,158.0,10.0,13.0,3.0,4.0,0.0,1.0,12.0,31.0,1.0,8.0,0.0,1.0,0.0,0.0,0.0,0.0,4.0,16.0,0.0,2.0,0.0,1.0,23.0,52.0,4.0,17.0,17.0,75.0,109.0,6.0,9.0,0.0,2.0,2.0,14.0,2.0,5.0,0.0,1.0,6.0,10.0,26.0,20.0,12.0,0.0,8.0,16.0,4.0,1.0,0.0,13.0,4.0,17.0,4.0,0.0,3.0,9.0,1.0,38.0,2.0,9.0,1.0,10.0,11.0,0.0,21.0,12.0,33.0,2.0,4.0,2.0,2.0,6.0,3.0,4.0,5.0,1.0,2.0,0.0,0.0,11.0,0.0,1.0,9.0,19.0,0.0,0.0,1.0,17.0,0.0,1.0,1.0,20.0,0.0,0.0,7.0,0.0,3.0,4.0,0.0,0.0,3.0,0.0,0.0,1.0,4.0,2.0,61.0,10.0,12.0,1.0,3.0,0.0,,0.0,69.0,,1611661319,False,0.44787581714885216,69.0,0.26842125416789775,42.0,94.9367088607595,137.9746835443038,-43.03797468354429,79.0,75.0,109.0,69.0,27.0,0.42028985507246375,0.48200514138817485,1.0869565217391304,0.4423076923076923,0.23529411764705882,0.2898550724637681,0.2463768115942029,0.18840579710144928,0.4492753623188406,0.11594202898550725,0.5652173913043478,0.014492753623188406,0.2318840579710145,0.43478260869565216,0.058823529411764705,0.7692307692307693,-0.027585962076388415,0.13924050632911392,0.0759493670886076,0.6296296296296297,0.5066666666666667,15.18987341772152,26.582278481012654,0.18666666666666668,0.12658227848101267,0.1518987341772152,0.13333333333333333,5.063291139240507,5.063291139240507,24.050632911392405
1611661319,LVA,LVA,40,False,2026-07-20 15:42:54,2026-07-21 15:27:31,0.9893171296296296,2026-07-20,2026-07-20,1.0,25,600.0,1.0,26.0,79.0,82.0,4.0,9.0,7.0,161.0,17.0,20.0,2.0,2.0,2.0,2.0,12.0,16.0,2.0,4.0,3.0,10.0,1.0,1.0,1.0,1.0,11.0,28.0,1.0,2.0,0.0,1.0,31.0,40.0,14.0,38.0,5.0,109.0,83.0,3.0,4.0,2.0,3.0,0.0,12.0,2.0,2.0,1.0,2.0,0.0,7.0,42.0,20.0,24.0,18.0,2.0,28.0,11.0,1.0,0.0,21.0,8.0,29.0,5.0,3.0,13.0,7.0,1.0,66.0,5.0,2.0,0.0,16.0,11.0,1.0,28.0,7.0,35.0,1.0,6.0,4.0,2.0,6.0,1.0,5.0,1.0,0.0,1.0,0.0,0.0,7.0,0.0,0.0,7.0,12.0,0.0,1.0,0.0,13.0,0.0,1.0,3.0,6.0,2.0,1.0,2.0,1.0,0.0,6.0,1.0,1.0,5.0,0.0,0.0,1.0,7.0,3.0,97.0,7.0,4.0,2.0,0.0,0.0,,0.0,78.0,,1611661319,False,0.516139235581251,78.0,0.21093579842254362,33.0,137.9746835443038,101.21951219512195,36.755171349181836,79.0,109.0,83.0,78.0,45.0,0.6666666666666666,0.675843253968254,1.3974358974358974,0.775,0.3684210526315789,0.07692307692307693,0.48717948717948717,0.2564102564102564,0.20512820512820512,0.05128205128205128,0.2564102564102564,0.1282051282051282,0.358974358974359,0.7435897435897436,0.2631578947368421,0.85,0.15052743108541566,0.08860759493670886,0.0759493670886076,0.6444444444444445,0.6055045871559633,8.860759493670885,34.146341463414636,0.11009174311926606,0.08860759493670886,0.05063291139240506,0.06422018348623854,7.317073170731707,8.536585365853659,14.634146341463413
1611661319,LVA,LVA,41,False,2026-07-21 15:27:31,2026-07-23 15:46:30,2.0131828703703705,2026-07-21,2026-07-22,1.0,26,600.0,1.0,-1.0,78.0,79.0,22.0,35.0,4.0,157.0,12.0,18.0,1.0,1.0,3.0,3.0,9.0,17.0,8.0,13.0,2.0,3.0,0.0,0.0,1.0,1.0,3.0,11.0,1.0,1.0,1.0,3.0,29.0,48.0,5.0,14.0,26.0,99.0,100.0,2.0,2.0,1.0,1.0,2.0,9.0,7.0,11.0,2.0,4.0,13.0,33.0,26.0,32.0,15.0,0.0,0.0,11.0,3.0,1.0,0.0,13.0,5.0,18.0,3.0,2.0,8.0,2.0,3.0,41.0,1.0,2.0,1.0,3.0,15.0,3.0,21.0,4.0,25.0,1.0,10.0,6.0,4.0,3.0,0.0,3.0,6.0,1.0,0.0,1.0,0.0,9.0,0.0,2.0,12.0,25.0,0.0,1.0,2.0,21.0,0.0,0.0,0.0,29.0,5.0,0.0,11.0,1.0,4.0,6.0,0.0,0.0,1.0,0.0,0.0,5.0,6.0,2.0,90.0,33.0,22.0,4.0,4.0,0.0,,0.0,62.0,,1611661319,False,0.46850324829070783,62.0,0.11443521047179571,28.0,126.92307692307692,126.58227848101266,0.3407984420642549,78.0,99.0,100.0,62.0,34.0,0.5887096774193549,0.6621187800963081,1.596774193548387,0.6041666666666666,0.35714285714285715,0.46774193548387094,0.22580645161290322,0.2903225806451613,0.27419354838709675,0.20967741935483872,0.4838709677419355,0.04838709677419355,0.1774193548387097,0.5161290322580645,0.21428571428571427,0.6666666666666666,0.12020642912864704,0.11538461538461539,0.038461538461538464,0.5294117647058824,0.41414141414141414,5.128205128205128,26.582278481012654,0.09090909090909091,0.05128205128205128,0.28205128205128205,0.3333333333333333,12.658227848101266,7.59493670886076,31.645569620253166
1611661319,LVA,LVA,42,False,2026-07-23 15:46:30,2026-07-29 15:43:06,5.997638888888889,2026-07-23,2026-07-28,1.0,27,1200.0,1.0,15.0,78.0,80.0,24.0,36.0,2.0,158.0,6.0,7.0,0.0,0.0,3.0,4.0,16.0,23.0,2.0,5.0,3.0,8.0,0.0,0.0,1.0,2.0,6.0,14.0,0.0,1.0,0.0,3.0,24.0,35.0,9.0,22.0,23.0,98.0,83.0,0.0,0.0,0.0,1.0,2.0,2.0,9.0,14.0,1.0,5.0,9.0,30.0,26.0,22.0,24.0,3.0,0.0,14.0,6.0,1.0,0.0,13.0,8.0,21.0,5.0,3.0,6.0,6.0,1.0,50.0,2.0,0.0,0.0,16.0,10.0,2.0,28.0,2.0,30.0,0.0,7.0,5.0,2.0,5.0,4.0,4.0,7.0,0.0,1.0,0.0,0.0,12.0,0.0,2.0,12.0,21.0,0.0,1.0,2.0,23.0,0.0,0.0,3.0,26.0,3.0,1.0,11.0,0.0,3.0,3.0,0.0,0.0,2.0,0.0,0.0,1.0,3.0,3.0,96.0,30.0,24.0,2.0,3.0,0.0,,0.0,57.0,,1611661319,False,0.4821770101527918,57.0,0.08014758179232118,24.0,125.64102564102564,103.75000000000001,21.89102564102562,78.0,98.0,83.0,57.0,33.0,0.6578947368421053,0.7159555815312683,1.719298245614035,0.6857142857142857,0.4090909090909091,0.45614035087719296,0.38596491228070173,0.12280701754385964,0.40350877192982454,0.08771929824561403,0.49122807017543857,0.14035087719298245,0.24561403508771928,0.5087719298245614,0.36363636363636365,0.8571428571428571,0.1757177266893135,0.15384615384615385,0.0641025641025641,0.6363636363636364,0.5102040816326531,2.564102564102564,35.0,0.02040816326530612,0.02564102564102564,0.3076923076923077,0.30612244897959184,8.75,3.75,26.25
1611661319,LVA,LVA,43,False,2026-07-29 15:43:06,2026-07-31 15:52:06,2.00625,2026-07-29,2026-07-30,1.0,28,600.0,1.0,5.0,82.0,83.0,18.0,30.0,4.0,165.0,5.0,6.0,1.0,1.0,0.0,1.0,11.0,20.0,4.0,10.0,3.0,6.0,0.0,0.0,1.0,3.0,10.0,22.0,0.0,1.0,2.0,3.0,20.0,36.0,13.0,28.0,25.0,104.0,99.0,1.0,2.0,0.0,1.0,0.0,2.0,1.0,5.0,3.0,6.0,13.0,24.0,26.0,14.0,36.0,3.0,0.0,22.0,10.0,1.0,0.0,13.0,12.0,25.0,9.0,3.0,4.0,7.0,2.0,62.0,3.0,2.0,0.0,9.0,15.0,2.0,26.0,5.0,31.0,1.0,5.0,4.0,1.0,9.0,0.0,7.0,1.0,0.0,2.0,0.0,0.0,10.0,0.0,1.0,11.0,21.0,0.0,0.0,1.0,20.0,0.0,2.0,3.0,27.0,1.0,1.0,7.0,1.0,5.0,4.0,0.0,0.0,1.0,0.0,0.0,3.0,4.0,3.0,102.0,24.0,18.0,2.0,5.0,0.0,,0.0,64.0,,1611661319,False,0.4848350183298713,64.0,0.15953041533810983,31.0,126.82926829268293,119.27710843373494,7.552159858947988,82.0,104.0,99.0,64.0,33.0,0.6171875,0.6852925672113864,1.625,0.5555555555555556,0.4642857142857143,0.421875,0.4375,0.09375,0.3125,0.15625,0.46875,0.09375,0.34375,0.53125,0.21428571428571427,0.8333333333333334,0.1323524816701287,0.12195121951219512,0.10975609756097561,0.7575757575757576,0.5961538461538461,6.097560975609756,31.32530120481928,0.019230769230769232,0.04878048780487805,0.21951219512195122,0.23076923076923078,6.024096385542169,4.819277108433735,25.301204819277107
1611661319,LVA,LVA,45,False,2026-08-01 14:50:36,2026-08-02 14:53:00,1.0016666666666667,2026-08-01,2026-08-01,1.0,29,1200.0,1.0,-1.0,84.0,85.0,19.0,21.0,13.0,169.0,12.0,17.0,5.0,7.0,4.0,4.0,9.0,21.0,6.0,14.0,0.0,3.0,0.0,0.0,0.0,2.0,5.0,19.0,0.0,1.0,0.0,3.0,27.0,52.0,5.0,22.0,14.0,83.0,84.0,8.0,11.0,0.0,1.0,2.0,18.0,9.0,12.0,0.0,5.0,5.0,23.0,34.0,20.0,12.0,3.0,10.0,19.0,5.0,3.0,1.0,17.0,4.0,21.0,4.0,0.0,7.0,6.0,4.0,46.0,8.0,6.0,0.0,8.0,23.0,2.0,33.0,14.0,47.0,1.0,5.0,3.0,2.0,9.0,2.0,9.0,8.0,1.0,0.0,0.0,0.0,17.0,1.0,3.0,12.0,19.0,0.0,2.0,4.0,20.0,1.0,0.0,3.0,18.0,2.0,0.0,9.0,0.0,1.0,8.0,0.0,0.0,8.0,0.0,0.0,0.0,8.0,4.0,65.0,23.0,19.0,0.0,1.0,0.0,,0.0,74.0,,1611661319,False,0.4859843396172584,74.0,0.3474549336395845,42.0,98.80952380952381,98.82352941176471,-0.014005602240899861,84.0,83.0,84.0,74.0,32.0,0.46621621621621623,0.506591796875,1.1216216216216217,0.5192307692307693,0.22727272727272727,0.24324324324324326,0.2972972972972973,0.22972972972972974,0.28378378378378377,0.1891891891891892,0.47297297297297297,0.04054054054054054,0.25675675675675674,0.527027027027027,0.13636363636363635,0.7058823529411765,-0.01976812340104217,0.20238095238095238,0.10714285714285714,0.65625,0.5542168674698795,16.666666666666664,38.82352941176471,0.21686746987951808,0.15476190476190477,0.2261904761904762,0.27710843373493976,5.88235294117647,9.411764705882353,22.35294117647059
1611661319,LVA,LVA,47,False,2026-08-03 16:13:19,2026-08-04 16:04:29,0.9938657407407407,2026-08-03,2026-08-03,1.0,30,600.0,1.0,22.0,80.0,81.0,11.0,10.0,6.0,161.0,20.0,27.0,2.0,3.0,2.0,4.0,13.0,18.0,1.0,7.0,0.0,0.0,0.0,0.0,0.0,0.0,10.0,19.0,0.0,2.0,4.0,4.0,34.0,52.0,10.0,19.0,11.0,109.0,87.0,2.0,3.0,0.0,2.0,2.0,6.0,3.0,5.0,4.0,4.0,1.0,19.0,34.0,34.0,21.0,9.0,2.0,19.0,10.0,2.0,0.0,17.0,7.0,24.0,7.0,0.0,13.0,4.0,0.0,55.0,1.0,6.0,0.0,15.0,12.0,0.0,27.0,7.0,34.0,1.0,5.0,3.0,2.0,5.0,2.0,5.0,4.0,0.0,0.0,0.0,0.0,9.0,0.0,2.0,10.0,16.0,0.0,0.0,2.0,14.0,0.0,0.0,1.0,14.0,2.0,0.0,8.0,0.0,0.0,6.0,0.0,0.0,5.0,0.0,0.0,1.0,6.0,3.0,103.0,19.0,11.0,0.0,0.0,0.0,,0.0,71.0,,1611661319,False,0.5146539548518008,71.0,0.25905124930940077,27.0,136.25,107.40740740740742,28.84259259259258,80.0,109.0,87.0,71.0,44.0,0.6901408450704225,0.7063245204769311,1.5352112676056338,0.6538461538461539,0.5263157894736842,0.19718309859154928,0.2676056338028169,0.38028169014084506,0.2535211267605634,0.09859154929577464,0.352112676056338,0.0,0.2676056338028169,0.647887323943662,0.0,0.7407407407407407,0.17548689021862174,0.1125,0.0625,0.5454545454545454,0.5045871559633027,8.75,33.33333333333333,0.05504587155963303,0.075,0.1375,0.1743119266055046,6.172839506172839,7.4074074074074066,19.753086419753085
1611661319,LVA,LVA,49,False,2026-08-07 14:43:29,2026-08-08 14:20:53,0.9843055555555555,2026-08-07,2026-08-07,1.0,31,2700.0,1.0,2.0,92.0,91.0,18.0,18.0,11.0,183.0,11.0,20.0,2.0,6.0,2.0,2.0,11.0,24.0,8.0,20.0,0.0,1.0,0.0,0.0,0.0,0.0,5.0,21.0,0.0,3.0,2.0,6.0,30.0,64.0,5.0,22.0,11.0,86.0,84.0,3.0,9.0,0.0,3.0,2.0,8.0,5.0,9.0,2.0,6.0,2.0,18.0,40.0,20.0,12.0,3.0,2.0,21.0,5.0,4.0,0.0,20.0,4.0,24.0,4.0,0.0,8.0,8.0,4.0,52.0,3.0,13.0,0.0,12.0,16.0,2.0,30.0,16.0,46.0,1.0,9.0,8.0,1.0,10.0,1.0,10.0,6.0,0.0,0.0,0.0,0.0,16.0,2.0,2.0,7.0,24.0,0.0,3.0,3.0,16.0,0.0,1.0,2.0,14.0,4.0,0.0,8.0,0.0,1.0,4.0,0.0,0.0,3.0,0.0,0.0,1.0,4.0,4.0,78.0,18.0,18.0,2.0,1.0,0.0,,0.0,86.0,,1611661319,False,0.46086103776301335,86.0,0.31440546394274443,51.0,93.47826086956522,92.3076923076923,1.170568561872912,92.0,86.0,84.0,86.0,35.0,0.436046511627907,0.4665798611111111,1.0,0.46875,0.22727272727272727,0.16279069767441862,0.2558139534883721,0.23255813953488372,0.27906976744186046,0.23255813953488372,0.5116279069767442,0.011627906976744186,0.2441860465116279,0.4883720930232558,0.045454545454545456,0.55,-0.024814526135106374,0.17391304347826086,0.10869565217391304,0.6857142857142857,0.6046511627906976,17.391304347826086,32.967032967032964,0.09302325581395349,0.11956521739130435,0.1956521739130435,0.20930232558139536,9.89010989010989,4.395604395604396,26.373626373626376
1611661319,LVA,LVA,50,False,2026-08-08 14:20:53,2026-08-09 14:22:34,1.0011689814814815,2026-08-08,2026-08-08,1.0,32,2400.0,1.0,-11.0,80.0,81.0,20.0,1.0,13.0,161.0,10.0,16.0,3.0,5.0,0.0,2.0,6.0,15.0,4.0,11.0,4.0,11.0,0.0,1.0,1.0,2.0,6.0,16.0,1.0,1.0,1.0,5.0,20.0,42.0,10.0,27.0,17.0,87.0,98.0,4.0,6.0,1.0,2.0,7.0,18.0,5.0,8.0,2.0,7.0,7.0,23.0,22.0,18.0,18.0,12.0,6.0,16.0,6.0,4.0,0.0,11.0,6.0,17.0,2.0,4.0,7.0,3.0,1.0,40.0,5.0,8.0,0.0,10.0,16.0,0.0,26.0,13.0,39.0,0.0,3.0,2.0,1.0,10.0,2.0,7.0,6.0,1.0,3.0,0.0,1.0,16.0,2.0,4.0,4.0,11.0,0.0,0.0,2.0,20.0,0.0,0.0,1.0,18.0,1.0,0.0,7.0,1.0,1.0,4.0,0.0,0.0,4.0,0.0,0.0,0.0,4.0,0.0,69.0,23.0,20.0,0.0,1.0,0.0,,0.0,69.0,,1611661319,False,0.4966210180606252,69.0,0.33426070316739515,39.0,108.74999999999999,120.98765432098766,-12.237654320987673,80.0,87.0,98.0,69.0,30.0,0.5072463768115942,0.5655226209048362,1.2608695652173914,0.47619047619047616,0.37037037037037035,0.2608695652173913,0.391304347826087,0.2318840579710145,0.21739130434782608,0.15942028985507245,0.37681159420289856,0.15942028985507245,0.2318840579710145,0.6231884057971014,0.4074074074074074,0.625,0.010625358750969038,0.2,0.125,0.5666666666666667,0.45977011494252873,16.25,32.098765432098766,0.20689655172413793,0.1625,0.25,0.26436781609195403,3.7037037037037033,4.938271604938271,13.580246913580247
1611661319,LVA,LVA,51,False,2026-08-09 14:22:34,2026-08-10 14:48:26,1.017962962962963,2026-08-09,2026-08-09,1.0,33,2400.0,1.0,-40.0,80.0,82.0,18.0,22.0,4.0,162.0,13.0,21.0,0.0,2.0,4.0,6.0,1.0,8.0,1.0,5.0,3.0,5.0,0.0,0.0,1.0,1.0,7.0,24.0,1.0,2.0,2.0,5.0,15.0,34.0,10.0,29.0,11.0,71.0,111.0,0.0,2.0,1.0,2.0,1.0,4.0,5.0,8.0,3.0,6.0,2.0,21.0,18.0,12.0,24.0,6.0,0.0,24.0,7.0,3.0,1.0,9.0,8.0,17.0,5.0,3.0,9.0,0.0,0.0,42.0,3.0,2.0,0.0,7.0,10.0,2.0,19.0,5.0,24.0,1.0,6.0,5.0,1.0,8.0,4.0,7.0,6.0,1.0,1.0,0.0,0.0,14.0,0.0,2.0,9.0,18.0,0.0,2.0,1.0,13.0,0.0,0.0,2.0,14.0,0.0,0.0,6.0,0.0,1.0,2.0,0.0,0.0,1.0,0.0,0.0,1.0,2.0,1.0,67.0,21.0,18.0,3.0,1.0,0.0,,0.0,63.0,,1611661319,False,0.545710961494316,63.0,0.129429663389981,38.0,88.75,135.3658536585366,-46.615853658536594,80.0,71.0,111.0,63.0,25.0,0.47619047619047616,0.5133024869866976,1.126984126984127,0.4411764705882353,0.3448275862068966,0.2222222222222222,0.4603174603174603,0.3333333333333333,0.12698412698412698,0.07936507936507936,0.20634920634920634,0.07936507936507936,0.38095238095238093,0.7936507936507936,0.1724137931034483,0.6190476190476191,-0.06952048530383981,0.175,0.1,0.68,0.5915492957746479,6.25,23.170731707317074,0.056338028169014086,0.05,0.225,0.29577464788732394,7.317073170731707,2.4390243902439024,21.951219512195124
1611661320,LAS,LAS,0,True,,2026-06-02 22:58:54,,,2026-06-01,8.0,8,4800.0,8.0,-25.0,647.0,653.0,232.0,214.0,80.0,1300.0,121.0,174.0,25.0,32.0,53.0,76.0,52.0,122.0,12.0,28.0,15.0,47.0,,3.0,3.0,14.0,55.0,149.0,3.0,12.0,17.0,55.0,185.0,324.0,70.0,196.0,142.0,722.0,747.0,34.0,52.0,3.0,15.0,17.0,94.0,69.0,118.0,20.0,69.0,72.0,270.0,220.0,150.0,162.0,48.0,30.0,149.0,55.0,39.0,5.0,110.0,54.0,164.0,39.0,15.0,71.0,32.0,7.0,382.0,36.0,53.0,2.0,99.0,85.0,14.0,198.0,91.0,289.0,9.0,65.0,47.0,18.0,69.0,17.0,50.0,64.0,7.0,19.0,4.0,7.0,133.0,11.0,29.0,71.0,188.0,2.0,9.0,19.0,191.0,1.0,24.0,22.0,182.0,13.0,5.0,61.0,1.0,33.0,22.0,,,11.0,,1.0,10.0,22.0,12.0,628.0,266.0,230.0,31.0,30.0,3.0,,,520.0,,1611661320,False,0.511902408477842,520.0,0.3396946564885496,265.0,111.59196290571872,114.39509954058194,-2.803136634863222,80.875,90.25,93.375,520.0,255.0,0.5576923076923077,0.6015864551393147,1.3884615384615384,0.5709876543209876,0.35714285714285715,0.35,0.3769230769230769,0.3346153846153846,0.23461538461538461,0.05384615384615385,0.28846153846153844,0.09038461538461538,0.2865384615384615,0.7115384615384616,0.23979591836734693,0.6954022988505747,0.045789899214465746,0.20556414219474498,0.10664605873261206,0.6431372549019608,0.5290858725761773,14.064914992272023,30.321592649310876,0.13019390581717452,0.12364760432766615,0.35857805255023184,0.3739612188365651,9.95405819295559,3.3690658499234303,28.79019908116386
1611661320,LAS,LAS,1,False,2026-06-02 22:58:54,2026-06-03 21:18:01,0.9299421296296296,2026-06-02,2026-06-02,1.0,9,1800.0,1.0,-10.0,78.0,78.0,22.0,8.0,10.0,156.0,10.0,21.0,2.0,5.0,3.0,4.0,4.0,16.0,0.0,5.0,1.0,3.0,,0.0,0.0,1.0,5.0,20.0,0.0,2.0,3.0,8.0,14.0,42.0,6.0,23.0,23.0,69.0,79.0,2.0,6.0,0.0,2.0,2.0,6.0,4.0,10.0,3.0,9.0,7.0,24.0,14.0,14.0,18.0,0.0,4.0,20.0,5.0,8.0,0.0,7.0,6.0,13.0,5.0,1.0,6.0,1.0,0.0,32.0,4.0,6.0,0.0,10.0,18.0,2.0,30.0,10.0,40.0,3.0,4.0,2.0,2.0,7.0,3.0,4.0,4.0,1.0,3.0,0.0,0.0,11.0,0.0,2.0,8.0,16.0,0.0,1.0,0.0,23.0,0.0,0.0,4.0,27.0,4.0,1.0,14.0,0.0,1.0,3.0,,,0.0,,0.0,3.0,4.0,3.0,63.0,24.0,22.0,1.0,1.0,0.0,,,65.0,,1611661320,False,0.5029392938210995,65.0,0.22107428312515684,45.0,88.46153846153845,101.28205128205127,-12.820512820512818,78.0,69.0,79.0,65.0,20.0,0.35384615384615387,0.4487513007284079,1.0615384615384615,0.3333333333333333,0.2608695652173913,0.4153846153846154,0.35384615384615387,0.3230769230769231,0.24615384615384617,0.07692307692307693,0.3230769230769231,0.046153846153846156,0.3076923076923077,0.676923076923077,0.13043478260869565,0.47619047619047616,-0.1490931399749456,0.14102564102564102,0.08974358974358974,0.65,0.463768115942029,12.82051282051282,38.46153846153847,0.08695652173913043,0.1282051282051282,0.28205128205128205,0.34782608695652173,5.128205128205128,5.128205128205128,20.51282051282051
1611661320,LAS,LAS,4,False,2026-06-05 16:24:13,2026-06-06 15:03:59,0.9442824074074074,2026-06-05,2026-06-05,1.0,10,600.0,1.0,-8.0,83.0,84.0,18.0,16.0,9.0,167.0,19.0,25.0,2.0,2.0,5.0,7.0,8.0,12.0,0.0,2.0,4.0,7.0,,1.0,0.0,0.0,5.0,21.0,0.0,2.0,0.0,5.0,27.0,39.0,9.0,28.0,15.0,96.0,104.0,3.0,4.0,0.0,3.0,3.0,9.0,5.0,8.0,0.0,5.0,5.0,15.0,34.0,20.0,24.0,3.0,4.0,21.0,5.0,2.0,0.0,17.0,8.0,25.0,4.0,4.0,12.0,5.0,0.0,58.0,6.0,4.0,0.0,9.0,14.0,3.0,26.0,10.0,36.0,2.0,5.0,4.0,1.0,10.0,3.0,7.0,7.0,1.0,3.0,1.0,0.0,17.0,1.0,4.0,8.0,16.0,0.0,2.0,2.0,17.0,0.0,0.0,2.0,21.0,2.0,0.0,8.0,0.0,3.0,1.0,1.0,0.0,0.0,,0.0,1.0,2.0,1.0,87.0,15.0,18.0,1.0,3.0,1.0,,,67.0,,1611661320,False,0.538813676081567,67.0,0.34369668062664877,31.0,115.66265060240963,123.80952380952381,-8.146873207114183,83.0,96.0,104.0,67.0,36.0,0.6044776119402985,0.6295907660020986,1.4328358208955223,0.6923076923076923,0.32142857142857145,0.31343283582089554,0.417910447761194,0.373134328358209,0.1791044776119403,0.029850746268656716,0.208955223880597,0.1044776119402985,0.31343283582089554,0.7910447761194029,0.25,0.76,0.06566393585873143,0.20481927710843373,0.12048192771084337,0.6944444444444444,0.6041666666666666,12.048192771084338,30.952380952380953,0.09375,0.10843373493975904,0.21686746987951808,0.15625,5.952380952380952,2.380952380952381,19.047619047619047
1611661320,LAS,LAS,6,False,2026-06-07 15:16:47,2026-06-08 17:00:39,1.0721296296296297,2026-06-07,2026-06-07,1.0,11,1200.0,1.0,17.0,79.0,80.0,22.0,31.0,13.0,159.0,17.0,27.0,4.0,6.0,2.0,6.0,5.0,16.0,2.0,2.0,3.0,9.0,,0.0,2.0,2.0,5.0,21.0,0.0,2.0,0.0,6.0,24.0,45.0,8.0,30.0,17.0,89.0,72.0,7.0,12.0,0.0,2.0,3.0,17.0,4.0,11.0,2.0,8.0,8.0,22.0,22.0,26.0,18.0,6.0,10.0,21.0,5.0,5.0,0.0,11.0,6.0,17.0,3.0,3.0,9.0,1.0,1.0,40.0,9.0,7.0,1.0,15.0,11.0,3.0,29.0,17.0,46.0,2.0,11.0,7.0,4.0,5.0,2.0,5.0,7.0,0.0,0.0,1.0,0.0,12.0,1.0,4.0,9.0,22.0,0.0,3.0,3.0,21.0,0.0,2.0,1.0,22.0,3.0,1.0,9.0,0.0,3.0,4.0,0.0,0.0,3.0,0.0,0.0,1.0,4.0,1.0,72.0,22.0,22.0,3.0,3.0,0.0,,,75.0,,1611661320,False,0.5428372631616291,75.0,0.3727221559913155,43.0,112.65822784810126,90.0,22.658227848101262,79.0,89.0,72.0,75.0,32.0,0.48,0.5255077940481814,1.1866666666666668,0.5333333333333333,0.26666666666666666,0.29333333333333333,0.4,0.36,0.21333333333333335,0.02666666666666667,0.24,0.12,0.28,0.76,0.3,0.6296296296296297,-0.06283726316162908,0.1518987341772152,0.06329113924050633,0.53125,0.449438202247191,21.518987341772153,36.25,0.19101123595505617,0.16455696202531644,0.27848101265822783,0.24719101123595505,13.750000000000002,5.0,27.500000000000004
1611661320,LAS,LAS,9,False,2026-06-10 16:54:00,2026-06-11 17:31:15,1.0258680555555555,2026-06-10,2026-06-10,1.0,12,600.0,1.0,5.0,80.0,80.0,15.0,23.0,13.0,160.0,12.0,20.0,3.0,5.0,1.0,1.0,8.0,19.0,0.0,1.0,3.0,6.0,,1.0,0.0,1.0,6.0,29.0,0.0,4.0,2.0,4.0,20.0,40.0,9.0,35.0,21.0,88.0,83.0,4.0,7.0,1.0,5.0,2.0,13.0,4.0,5.0,2.0,5.0,8.0,22.0,26.0,14.0,21.0,6.0,4.0,29.0,6.0,4.0,0.0,13.0,7.0,20.0,4.0,3.0,9.0,4.0,0.0,47.0,6.0,9.0,0.0,16.0,11.0,2.0,29.0,15.0,44.0,2.0,10.0,8.0,2.0,5.0,1.0,3.0,5.0,1.0,2.0,0.0,0.0,10.0,2.0,3.0,6.0,17.0,1.0,3.0,0.0,20.0,0.0,2.0,2.0,25.0,3.0,0.0,9.0,1.0,3.0,2.0,2.0,1.0,0.0,1.0,0.0,2.0,4.0,3.0,75.0,22.0,15.0,3.0,2.0,0.0,,,75.0,,1611661320,False,0.49187888167529764,75.0,0.3260430936169351,46.0,110.00000000000001,103.75000000000001,6.25,80.0,88.0,83.0,75.0,29.0,0.44666666666666666,0.5116279069767442,1.1733333333333333,0.5,0.2571428571428571,0.3333333333333333,0.4666666666666667,0.26666666666666666,0.25333333333333335,0.013333333333333334,0.26666666666666666,0.08,0.38666666666666666,0.7333333333333333,0.17142857142857143,0.6,-0.045212215008630985,0.125,0.0625,0.6896551724137931,0.5340909090909091,18.75,36.25,0.14772727272727273,0.1625,0.1875,0.25,12.5,5.0,21.25
1611661320,LAS,LAS,11,False,2026-06-12 16:37:05,2026-06-14 15:31:17,1.9543055555555555,2026-06-12,2026-06-13,1.0,13,900.0,1.0,9.0,88.0,87.0,34.0,11.0,8.0,175.0,11.0,16.0,3.0,4.0,3.0,6.0,9.0,24.0,3.0,5.0,2.0,5.0,0.0,0.0,1.0,1.0,13.0,29.0,0.0,3.0,5.0,12.0,23.0,45.0,15.0,34.0,20.0,111.0,102.0,4.0,5.0,0.0,3.0,8.0,16.0,8.0,19.0,6.0,13.0,10.0,44.0,18.0,28.0,36.0,9.0,4.0,29.0,13.0,5.0,0.0,9.0,12.0,21.0,10.0,2.0,6.0,3.0,0.0,54.0,4.0,7.0,1.0,13.0,12.0,3.0,28.0,12.0,40.0,0.0,8.0,6.0,2.0,6.0,2.0,5.0,6.0,0.0,1.0,0.0,1.0,12.0,0.0,4.0,7.0,19.0,0.0,1.0,2.0,23.0,0.0,2.0,0.0,23.0,4.0,0.0,8.0,1.0,5.0,6.0,2.0,0.0,1.0,2.0,1.0,4.0,8.0,1.0,95.0,44.0,34.0,3.0,5.0,0.0,,,79.0,,1611661320,False,0.4834802299837982,79.0,0.27564215300597056,41.0,126.13636363636364,117.24137931034481,8.894984326018829,88.0,111.0,102.0,79.0,38.0,0.5759493670886076,0.6227558348294434,1.4050632911392404,0.5111111111111111,0.4411764705882353,0.2911392405063291,0.43037974683544306,0.20253164556962025,0.3037974683544304,0.06329113924050633,0.3670886075949367,0.06329113924050633,0.3670886075949367,0.6329113924050633,0.14705882352941177,0.6875,0.09246913710480936,0.13636363636363635,0.06818181818181818,0.5526315789473685,0.4864864864864865,13.636363636363635,32.18390804597701,0.14414414414414414,0.09090909090909091,0.38636363636363635,0.3963963963963964,9.195402298850574,9.195402298850574,21.839080459770116
1611661320,LAS,LAS,13,False,2026-06-15 18:20:23,2026-06-16 18:24:01,1.0025231481481482,2026-06-15,2026-06-15,1.0,14,600.0,1.0,-20.0,72.0,73.0,23.0,19.0,11.0,145.0,1.0,4.0,1.0,1.0,1.0,2.0,16.0,34.0,0.0,1.0,0.0,4.0,0.0,0.0,0.0,1.0,3.0,17.0,0.0,5.0,1.0,5.0,17.0,39.0,3.0,21.0,15.0,58.0,78.0,2.0,5.0,0.0,5.0,3.0,7.0,4.0,12.0,1.0,6.0,8.0,19.0,26.0,8.0,9.0,0.0,4.0,17.0,3.0,4.0,0.0,13.0,3.0,16.0,3.0,0.0,0.0,13.0,0.0,35.0,6.0,8.0,0.0,9.0,16.0,2.0,27.0,14.0,41.0,2.0,4.0,2.0,2.0,13.0,1.0,7.0,3.0,0.0,6.0,0.0,0.0,16.0,1.0,6.0,5.0,17.0,1.0,2.0,0.0,20.0,0.0,1.0,2.0,20.0,1.0,1.0,7.0,0.0,3.0,3.0,1.0,0.0,0.0,1.0,0.0,3.0,4.0,1.0,51.0,19.0,23.0,3.0,3.0,0.0,,0.0,60.0,,1611661320,False,0.44350525417737097,60.0,0.35030022357074414,40.0,80.55555555555556,106.84931506849315,-26.293759512937598,72.0,58.0,78.0,60.0,20.0,0.35833333333333334,0.42151162790697677,0.9666666666666667,0.4358974358974359,0.14285714285714285,0.3333333333333333,0.35,0.06666666666666667,0.5666666666666667,0.016666666666666666,0.5833333333333334,0.06666666666666667,0.2833333333333333,0.4166666666666667,0.19047619047619047,0.25,-0.08517192084403763,0.2222222222222222,0.18055555555555555,0.8,0.603448275862069,19.444444444444446,36.986301369863014,0.1206896551724138,0.1527777777777778,0.3194444444444444,0.3275862068965517,5.47945205479452,5.47945205479452,23.28767123287671
1611661320,LAS,LAS,15,False,2026-06-17 16:50:06,2026-06-18 16:49:24,0.9995138888888889,2026-06-17,2026-06-17,1.0,15,600.0,1.0,-16.0,86.0,87.0,33.0,33.0,9.0,173.0,14.0,19.0,1.0,3.0,3.0,5.0,3.0,11.0,1.0,4.0,0.0,2.0,0.0,0.0,0.0,0.0,7.0,24.0,1.0,3.0,2.0,9.0,18.0,34.0,7.0,26.0,26.0,83.0,99.0,1.0,3.0,1.0,3.0,1.0,6.0,4.0,10.0,2.0,9.0,18.0,32.0,26.0,10.0,21.0,0.0,0.0,24.0,7.0,2.0,1.0,13.0,7.0,20.0,7.0,0.0,11.0,1.0,1.0,47.0,6.0,3.0,0.0,9.0,13.0,2.0,24.0,9.0,33.0,0.0,8.0,5.0,3.0,11.0,4.0,8.0,8.0,2.0,3.0,0.0,1.0,19.0,0.0,6.0,9.0,18.0,0.0,2.0,0.0,27.0,1.0,3.0,3.0,32.0,1.0,0.0,6.0,1.0,9.0,1.0,0.0,0.0,0.0,0.0,0.0,1.0,1.0,1.0,77.0,32.0,33.0,0.0,9.0,0.0,,0.0,60.0,,1611661320,False,0.5151285242955093,60.0,0.25636963696369597,35.0,96.51162790697676,113.79310344827587,-17.281475541299116,86.0,83.0,99.0,60.0,25.0,0.475,0.5602051835853132,1.3833333333333333,0.5294117647058824,0.2692307692307692,0.5333333333333333,0.43333333333333335,0.31666666666666665,0.18333333333333332,0.06666666666666667,0.25,0.03333333333333333,0.4,0.75,0.07692307692307693,0.7368421052631579,-0.04012852429550928,0.22093023255813954,0.12790697674418605,0.8,0.5662650602409639,10.465116279069768,27.586206896551722,0.07228915662650602,0.10465116279069768,0.38372093023255816,0.3855421686746988,9.195402298850574,1.1494252873563218,20.689655172413794
1611661320,LAS,LAS,19,False,2026-06-21 15:43:44,2026-06-23 16:17:53,2.023715277777778,2026-06-21,2026-06-22,1.0,16,600.0,1.0,1.0,83.0,82.0,10.0,19.0,8.0,165.0,21.0,30.0,2.0,2.0,2.0,2.0,10.0,18.0,0.0,2.0,1.0,5.0,0.0,0.0,0.0,0.0,8.0,22.0,1.0,1.0,1.0,4.0,31.0,50.0,9.0,27.0,9.0,98.0,97.0,4.0,6.0,1.0,1.0,2.0,13.0,2.0,4.0,1.0,4.0,6.0,13.0,38.0,24.0,27.0,0.0,2.0,22.0,8.0,2.0,1.0,19.0,9.0,28.0,8.0,1.0,15.0,4.0,0.0,65.0,6.0,2.0,0.0,11.0,10.0,0.0,21.0,8.0,29.0,1.0,5.0,3.0,2.0,7.0,1.0,5.0,2.0,0.0,2.0,0.0,1.0,9.0,0.0,0.0,5.0,20.0,0.0,3.0,0.0,21.0,0.0,4.0,4.0,12.0,4.0,0.0,5.0,0.0,3.0,2.0,0.0,0.0,0.0,0.0,0.0,2.0,2.0,1.0,85.0,13.0,10.0,4.0,3.0,0.0,,0.0,77.0,,1611661320,False,0.529851026519873,77.0,0.21511390072915165,37.0,118.07228915662651,118.29268292682926,-0.22039377020274742,83.0,98.0,97.0,77.0,40.0,0.577922077922078,0.5955274671852212,1.2727272727272727,0.62,0.3333333333333333,0.15584415584415584,0.35064935064935066,0.38961038961038963,0.23376623376623376,0.025974025974025976,0.2597402597402597,0.06493506493506493,0.2857142857142857,0.7402597402597403,0.18518518518518517,0.7,0.04807105140220491,0.10843373493975904,0.08433734939759036,0.7,0.6632653061224489,9.63855421686747,25.609756097560975,0.1326530612244898,0.0963855421686747,0.12048192771084337,0.1326530612244898,6.097560975609756,2.4390243902439024,24.390243902439025
1611661320,LAS,LAS,21,False,2026-06-25 16:13:09,2026-06-26 16:05:12,0.9944791666666667,2026-06-25,2026-06-25,1.0,17,600.0,1.0,-28.0,85.0,85.0,20.0,29.0,10.0,170.0,17.0,29.0,3.0,4.0,3.0,6.0,3.0,7.0,2.0,3.0,1.0,9.0,0.0,0.0,0.0,2.0,10.0,29.0,2.0,3.0,5.0,9.0,22.0,39.0,11.0,38.0,20.0,97.0,125.0,3.0,5.0,2.0,3.0,2.0,14.0,4.0,7.0,5.0,11.0,6.0,29.0,22.0,22.0,27.0,6.0,6.0,29.0,10.0,4.0,0.0,11.0,9.0,20.0,8.0,1.0,10.0,1.0,0.0,49.0,7.0,3.0,0.0,11.0,12.0,1.0,24.0,10.0,34.0,0.0,7.0,6.0,1.0,5.0,0.0,3.0,3.0,1.0,2.0,0.0,0.0,8.0,0.0,1.0,11.0,23.0,0.0,1.0,2.0,23.0,1.0,3.0,1.0,26.0,4.0,0.0,14.0,0.0,2.0,1.0,1.0,0.0,1.0,1.0,0.0,0.0,2.0,1.0,83.0,29.0,20.0,2.0,2.0,0.0,,0.0,77.0,,1611661320,False,0.5558173238380794,77.0,0.226421018260367,44.0,114.11764705882352,147.05882352941177,-32.941176470588246,85.0,97.0,125.0,77.0,33.0,0.5,0.5483943916779738,1.2597402597402598,0.5641025641025641,0.2894736842105263,0.33766233766233766,0.4935064935064935,0.37662337662337664,0.09090909090909091,0.03896103896103896,0.12987012987012986,0.11688311688311688,0.37662337662337664,0.8701298701298701,0.23684210526315788,0.5862068965517241,-0.05581732383807936,0.09411764705882353,0.058823529411764705,0.6060606060606061,0.5051546391752577,11.76470588235294,28.235294117647058,0.14432989690721648,0.11764705882352941,0.23529411764705882,0.29896907216494845,8.235294117647058,2.3529411764705883,27.058823529411764
1611661320,LAS,LAS,23,False,2026-06-27 15:06:40,2026-06-28 15:09:09,1.0017245370370371,2026-06-27,2026-06-27,1.0,18,600.0,1.0,-24.0,85.0,85.0,24.0,27.0,9.0,170.0,21.0,32.0,1.0,1.0,7.0,7.0,3.0,15.0,5.0,10.0,2.0,5.0,0.0,0.0,1.0,2.0,2.0,15.0,0.0,1.0,0.0,4.0,29.0,57.0,4.0,20.0,17.0,87.0,111.0,2.0,5.0,0.0,1.0,4.0,8.0,9.0,13.0,1.0,6.0,12.0,33.0,34.0,24.0,12.0,0.0,2.0,15.0,2.0,6.0,0.0,17.0,4.0,21.0,2.0,2.0,14.0,1.0,2.0,46.0,4.0,6.0,0.0,7.0,13.0,4.0,24.0,10.0,34.0,0.0,4.0,3.0,1.0,6.0,1.0,6.0,4.0,0.0,0.0,0.0,0.0,10.0,2.0,1.0,14.0,23.0,0.0,0.0,0.0,24.0,1.0,2.0,3.0,21.0,4.0,1.0,8.0,0.0,4.0,4.0,0.0,0.0,2.0,0.0,0.0,2.0,4.0,3.0,79.0,33.0,24.0,5.0,4.0,0.0,,0.0,77.0,,1611661320,False,0.5269901291591389,77.0,0.23351012746638844,44.0,102.35294117647058,130.58823529411765,-28.235294117647072,85.0,87.0,111.0,77.0,33.0,0.45454545454545453,0.5044063079777366,1.12987012987013,0.5087719298245614,0.2,0.2727272727272727,0.2597402597402597,0.4155844155844156,0.19480519480519481,0.12987012987012986,0.3246753246753247,0.06493506493506493,0.19480519480519481,0.6753246753246753,0.25,0.65625,-0.07244467461368437,0.11764705882352941,0.07058823529411765,0.6363636363636364,0.5287356321839081,11.76470588235294,28.235294117647058,0.09195402298850575,0.10588235294117647,0.2823529411764706,0.3793103448275862,4.705882352941177,4.705882352941177,27.058823529411764
1611661320,LAS,LAS,28,False,2026-07-06 16:46:42,2026-07-07 16:15:04,0.9780324074074074,2026-07-06,2026-07-06,1.0,19,1200.0,1.0,-18.0,84.0,85.0,22.0,18.0,6.0,169.0,5.0,8.0,1.0,2.0,2.0,3.0,10.0,26.0,2.0,2.0,0.0,2.0,0.0,0.0,0.0,1.0,5.0,27.0,0.0,1.0,0.0,8.0,17.0,36.0,5.0,29.0,15.0,64.0,82.0,3.0,4.0,0.0,1.0,2.0,8.0,9.0,10.0,0.0,9.0,6.0,24.0,28.0,6.0,12.0,3.0,2.0,27.0,5.0,3.0,0.0,14.0,4.0,18.0,4.0,0.0,3.0,9.0,2.0,40.0,5.0,3.0,0.0,18.0,16.0,1.0,35.0,8.0,43.0,0.0,7.0,4.0,3.0,14.0,1.0,9.0,5.0,0.0,5.0,0.0,1.0,19.0,1.0,4.0,5.0,13.0,0.0,2.0,1.0,20.0,0.0,3.0,2.0,20.0,2.0,1.0,7.0,1.0,2.0,1.0,0.0,0.0,0.0,0.0,0.0,1.0,1.0,1.0,56.0,24.0,22.0,0.0,2.0,0.0,,0.0,65.0,,1611661320,False,0.471271877848293,65.0,0.1918624494684699,43.0,76.19047619047619,96.47058823529412,-20.280112044817926,84.0,64.0,82.0,65.0,22.0,0.3769230769230769,0.43360433604336046,0.9846153846153847,0.4722222222222222,0.1724137931034483,0.3076923076923077,0.4461538461538462,0.12307692307692308,0.4,0.03076923076923077,0.4307692307692308,0.03076923076923077,0.4153846153846154,0.5692307692307692,0.06896551724137931,0.625,-0.09434880092521608,0.2261904761904762,0.16666666666666666,0.8181818181818182,0.625,9.523809523809524,41.17647058823529,0.125,0.07142857142857142,0.2619047619047619,0.375,8.235294117647058,1.1764705882352942,15.294117647058824
1611661320,LAS,LAS,29,False,2026-07-07 16:15:04,2026-07-09 16:20:00,2.0034259259259257,2026-07-07,2026-07-08,1.0,20,600.0,1.0,14.0,90.0,92.0,27.0,15.0,8.0,182.0,16.0,19.0,3.0,3.0,4.0,5.0,15.0,35.0,0.0,5.0,2.0,6.0,0.0,0.0,0.0,0.0,7.0,14.0,1.0,2.0,5.0,10.0,31.0,59.0,9.0,20.0,17.0,106.0,92.0,5.0,6.0,1.0,2.0,0.0,13.0,9.0,18.0,5.0,10.0,8.0,41.0,34.0,28.0,24.0,3.0,4.0,14.0,7.0,5.0,0.0,17.0,8.0,25.0,6.0,2.0,7.0,10.0,0.0,58.0,3.0,4.0,1.0,16.0,14.0,4.0,34.0,8.0,42.0,1.0,11.0,9.0,2.0,8.0,1.0,6.0,4.0,0.0,2.0,0.0,0.0,12.0,0.0,2.0,9.0,18.0,1.0,1.0,1.0,22.0,1.0,1.0,3.0,20.0,2.0,0.0,8.0,0.0,2.0,0.0,0.0,0.0,0.0,0.0,0.0,0.0,0.0,0.0,93.0,41.0,27.0,2.0,2.0,0.0,,0.0,79.0,,1611661320,False,0.48246553930482894,79.0,0.1933586870352698,39.0,117.77777777777779,100.0,17.777777777777786,90.0,106.0,92.0,79.0,40.0,0.5632911392405063,0.6036446469248292,1.3417721518987342,0.5254237288135594,0.45,0.25316455696202533,0.25316455696202533,0.24050632911392406,0.4430379746835443,0.06329113924050633,0.5063291139240507,0.0759493670886076,0.17721518987341772,0.4936708860759494,0.3,0.8421052631578947,0.0808255999356774,0.13333333333333333,0.08888888888888889,0.625,0.5471698113207547,8.88888888888889,36.95652173913043,0.12264150943396226,0.08888888888888889,0.3,0.3867924528301887,11.956521739130435,0.0,19.565217391304348
1611661320,LAS,LAS,31,False,2026-07-10 16:11:44,2026-07-11 14:43:06,0.9384490740740741,2026-07-10,2026-07-10,1.0,21,600.0,1.0,15.0,86.0,87.0,23.0,26.0,7.0,173.0,16.0,23.0,0.0,1.0,6.0,7.0,7.0,19.0,2.0,3.0,5.0,8.0,0.0,0.0,1.0,3.0,9.0,23.0,1.0,1.0,0.0,4.0,25.0,45.0,14.0,31.0,10.0,102.0,87.0,1.0,2.0,1.0,1.0,3.0,8.0,7.0,14.0,1.0,7.0,2.0,19.0,40.0,10.0,36.0,6.0,2.0,23.0,9.0,3.0,0.0,20.0,12.0,32.0,7.0,5.0,13.0,6.0,1.0,76.0,4.0,3.0,0.0,17.0,13.0,0.0,30.0,7.0,37.0,1.0,11.0,6.0,5.0,5.0,2.0,3.0,7.0,1.0,2.0,0.0,0.0,12.0,1.0,2.0,10.0,20.0,0.0,5.0,1.0,20.0,0.0,0.0,1.0,15.0,4.0,0.0,9.0,1.0,0.0,3.0,1.0,0.0,2.0,1.0,1.0,0.0,4.0,2.0,94.0,19.0,23.0,3.0,0.0,0.0,,1.0,76.0,,1611661320,False,0.5151417732639958,76.0,0.1957415494925178,37.0,118.6046511627907,100.0,18.604651162790702,86.0,102.0,87.0,76.0,39.0,0.6052631578947368,0.6174334140435835,1.3421052631578947,0.5555555555555556,0.45161290322580644,0.19736842105263158,0.40789473684210525,0.3026315789473684,0.25,0.039473684210526314,0.2894736842105263,0.10526315789473684,0.3026315789473684,0.7105263157894737,0.25806451612903225,0.6956521739130435,0.09012138463074104,0.13953488372093023,0.05813953488372093,0.8205128205128205,0.7450980392156863,8.13953488372093,34.48275862068966,0.0784313725490196,0.08139534883720931,0.26744186046511625,0.18627450980392157,12.643678160919542,4.597701149425287,22.988505747126435
1611661320,LAS,LAS,34,False,2026-07-13 16:18:46,2026-07-14 15:13:54,0.9549537037037037,2026-07-13,2026-07-13,1.0,22,600.0,1.0,-9.0,83.0,84.0,17.0,17.0,7.0,167.0,18.0,29.0,0.0,2.0,4.0,6.0,6.0,8.0,2.0,6.0,1.0,3.0,0.0,1.0,1.0,1.0,8.0,21.0,0.0,1.0,2.0,4.0,26.0,43.0,9.0,24.0,13.0,92.0,101.0,1.0,3.0,0.0,2.0,4.0,6.0,6.0,9.0,3.0,5.0,2.0,23.0,24.0,28.0,18.0,9.0,0.0,21.0,8.0,1.0,0.0,12.0,6.0,18.0,5.0,1.0,9.0,2.0,1.0,42.0,5.0,4.0,0.0,13.0,8.0,1.0,22.0,9.0,31.0,1.0,11.0,6.0,5.0,11.0,3.0,6.0,7.0,0.0,5.0,0.0,0.0,18.0,2.0,6.0,10.0,23.0,2.0,1.0,2.0,17.0,1.0,2.0,2.0,16.0,1.0,0.0,7.0,1.0,0.0,3.0,0.0,0.0,3.0,0.0,0.0,0.0,3.0,0.0,86.0,23.0,17.0,2.0,0.0,0.0,,0.0,67.0,,1611661320,False,0.5243477484978963,67.0,0.2811645751849188,32.0,110.8433734939759,120.23809523809523,-9.394721744119323,83.0,92.0,101.0,67.0,35.0,0.5895522388059702,0.6212857914640734,1.373134328358209,0.6046511627906976,0.375,0.23880597014925373,0.3582089552238806,0.43283582089552236,0.11940298507462686,0.08955223880597014,0.208955223880597,0.04477611940298507,0.31343283582089554,0.7910447761194029,0.125,0.6206896551724138,0.06520449030807385,0.21686746987951808,0.13253012048192772,0.5142857142857142,0.45652173913043476,10.843373493975903,26.190476190476193,0.06521739130434782,0.08433734939759036,0.20481927710843373,0.25,13.095238095238097,3.571428571428571,27.380952380952383
1611661320,LAS,LAS,36,False,2026-07-15 15:15:46,2026-07-16 15:23:36,1.005439814814815,2026-07-15,2026-07-15,1.0,23,600.0,1.0,-9.0,83.0,83.0,13.0,20.0,10.0,166.0,12.0,19.0,2.0,2.0,2.0,3.0,5.0,10.0,5.0,8.0,4.0,6.0,0.0,0.0,1.0,1.0,5.0,22.0,0.0,3.0,1.0,3.0,22.0,37.0,9.0,28.0,16.0,87.0,96.0,3.0,3.0,0.0,3.0,5.0,11.0,4.0,6.0,2.0,4.0,8.0,22.0,28.0,16.0,24.0,3.0,2.0,22.0,5.0,4.0,0.0,14.0,8.0,22.0,4.0,4.0,7.0,3.0,4.0,52.0,8.0,3.0,0.0,14.0,11.0,3.0,28.0,11.0,39.0,1.0,6.0,5.0,1.0,13.0,0.0,12.0,7.0,2.0,1.0,1.0,1.0,20.0,1.0,1.0,8.0,16.0,0.0,0.0,0.0,17.0,0.0,2.0,0.0,19.0,1.0,0.0,7.0,0.0,3.0,0.0,1.0,1.0,0.0,0.0,0.0,0.0,1.0,1.0,76.0,22.0,13.0,3.0,3.0,1.0,,0.0,65.0,,1611661320,False,0.5269529219228196,65.0,0.3412487101461725,34.0,104.81927710843372,115.66265060240963,-10.843373493975903,83.0,87.0,96.0,65.0,31.0,0.5461538461538461,0.5929661941112323,1.3384615384615384,0.5945945945945946,0.32142857142857145,0.2923076923076923,0.4307692307692308,0.2923076923076923,0.15384615384615385,0.12307692307692308,0.27692307692307694,0.09230769230769231,0.3384615384615385,0.7230769230769231,0.21428571428571427,0.631578947368421,0.019200924231026484,0.24096385542168675,0.1566265060240964,0.7096774193548387,0.5977011494252874,13.253012048192772,33.734939759036145,0.12643678160919541,0.12048192771084337,0.1566265060240964,0.25287356321839083,7.228915662650602,1.2048192771084338,19.27710843373494
1611661320,LAS,LAS,38,False,2026-07-17 15:04:07,2026-07-18 14:42:59,0.9853240740740741,2026-07-17,2026-07-17,1.0,24,600.0,1.0,-14.0,85.0,85.0,33.0,25.0,7.0,170.0,16.0,19.0,3.0,3.0,6.0,6.0,6.0,12.0,1.0,8.0,0.0,5.0,0.0,0.0,0.0,3.0,6.0,21.0,0.0,1.0,4.0,7.0,23.0,39.0,6.0,26.0,18.0,82.0,96.0,3.0,4.0,0.0,1.0,2.0,8.0,8.0,13.0,4.0,10.0,10.0,38.0,30.0,16.0,15.0,3.0,4.0,21.0,6.0,2.0,1.0,15.0,5.0,20.0,5.0,0.0,10.0,4.0,1.0,45.0,4.0,3.0,0.0,15.0,16.0,1.0,32.0,7.0,39.0,0.0,4.0,4.0,0.0,5.0,4.0,4.0,13.0,2.0,1.0,0.0,1.0,18.0,1.0,9.0,8.0,17.0,0.0,3.0,3.0,22.0,0.0,2.0,1.0,23.0,2.0,1.0,9.0,0.0,3.0,5.0,0.0,0.0,3.0,0.0,0.0,2.0,5.0,3.0,74.0,38.0,33.0,1.0,3.0,0.0,,0.0,65.0,,1611661320,False,0.5219657616475073,65.0,0.21727007805348425,36.0,96.47058823529412,112.94117647058823,-16.470588235294116,85.0,82.0,96.0,65.0,29.0,0.49230769230769234,0.5457933972310969,1.2615384615384615,0.5897435897435898,0.23076923076923078,0.35384615384615387,0.4,0.2923076923076923,0.18461538461538463,0.12307692307692308,0.3076923076923077,0.07692307692307693,0.3230769230769231,0.6923076923076923,0.19230769230769232,0.8421052631578947,-0.029658069339814963,0.21176470588235294,0.058823529411764705,0.6896551724137931,0.5487804878048781,8.235294117647058,37.64705882352941,0.0975609756097561,0.08235294117647059,0.38823529411764707,0.4634146341463415,4.705882352941177,5.88235294117647,20.0
1611661320,LAS,LAS,40,False,2026-07-19 14:45:02,2026-07-20 15:42:54,1.040185185185185,2026-07-19,2026-07-19,1.0,25,600.0,1.0,-8.0,79.0,80.0,11.0,20.0,7.0,159.0,21.0,27.0,2.0,3.0,4.0,5.0,5.0,18.0,1.0,2.0,0.0,2.0,0.0,0.0,0.0,0.0,6.0,19.0,0.0,0.0,0.0,3.0,27.0,47.0,6.0,21.0,10.0,82.0,90.0,4.0,6.0,0.0,0.0,2.0,10.0,4.0,7.0,0.0,3.0,2.0,10.0,36.0,18.0,15.0,3.0,4.0,19.0,6.0,2.0,0.0,18.0,5.0,23.0,5.0,0.0,14.0,4.0,0.0,51.0,3.0,4.0,0.0,7.0,17.0,3.0,27.0,7.0,34.0,1.0,9.0,7.0,2.0,8.0,2.0,8.0,5.0,1.0,0.0,0.0,0.0,13.0,0.0,0.0,11.0,23.0,0.0,2.0,2.0,20.0,0.0,1.0,4.0,11.0,0.0,0.0,4.0,0.0,1.0,5.0,1.0,1.0,3.0,0.0,0.0,2.0,6.0,5.0,72.0,10.0,11.0,1.0,0.0,0.0,,0.0,68.0,,1611661320,False,0.5073540459708985,68.0,0.19848026906054445,35.0,103.79746835443038,112.5,-8.702531645569621,79.0,82.0,90.0,68.0,33.0,0.5294117647058824,0.5628775398132894,1.2058823529411764,0.574468085106383,0.2857142857142857,0.16176470588235295,0.3088235294117647,0.39705882352941174,0.2647058823529412,0.029411764705882353,0.29411764705882354,0.029411764705882353,0.27941176470588236,0.7058823529411765,0.09523809523809523,0.7777777777777778,0.022057718734983855,0.16455696202531644,0.10126582278481013,0.696969696969697,0.6219512195121951,8.860759493670885,33.75,0.12195121951219512,0.08860759493670886,0.13924050632911392,0.12195121951219512,11.25,7.5,28.749999999999996
1611661320,LAS,LAS,42,False,2026-07-21 15:27:31,2026-07-23 15:46:30,2.0131828703703705,2026-07-21,2026-07-22,1.0,26,600.0,1.0,-4.0,82.0,83.0,30.0,20.0,12.0,165.0,12.0,22.0,3.0,5.0,1.0,3.0,5.0,15.0,2.0,5.0,2.0,3.0,0.0,0.0,1.0,1.0,7.0,25.0,0.0,3.0,4.0,11.0,19.0,42.0,9.0,28.0,17.0,82.0,86.0,5.0,10.0,0.0,3.0,5.0,15.0,4.0,8.0,5.0,12.0,8.0,31.0,22.0,16.0,27.0,0.0,4.0,25.0,7.0,4.0,1.0,11.0,9.0,20.0,7.0,2.0,7.0,2.0,2.0,49.0,9.0,5.0,1.0,13.0,15.0,1.0,29.0,15.0,44.0,0.0,5.0,5.0,0.0,10.0,1.0,6.0,8.0,2.0,4.0,0.0,0.0,18.0,0.0,9.0,4.0,21.0,1.0,4.0,3.0,23.0,0.0,1.0,2.0,21.0,3.0,0.0,10.0,0.0,2.0,5.0,0.0,0.0,3.0,0.0,0.0,2.0,5.0,3.0,67.0,31.0,30.0,3.0,2.0,0.0,,0.0,70.0,,1611661320,False,0.52096715352289,70.0,0.3341749377723345,42.0,100.0,103.6144578313253,-3.6144578313252964,82.0,82.0,86.0,70.0,28.0,0.4642857142857143,0.5174154467440687,1.1714285714285715,0.4523809523809524,0.32142857142857145,0.3,0.4,0.3142857142857143,0.21428571428571427,0.07142857142857142,0.2857142857142857,0.04285714285714286,0.35714285714285715,0.7142857142857143,0.10714285714285714,0.5454545454545454,-0.056681439237175724,0.21951219512195122,0.12195121951219512,0.7142857142857143,0.5975609756097561,18.29268292682927,34.93975903614458,0.18292682926829268,0.14634146341463414,0.36585365853658536,0.3780487804878049,6.024096385542169,6.024096385542169,25.301204819277107
1611661320,LAS,LAS,43,False,2026-07-23 15:46:30,2026-07-29 15:43:06,5.997638888888889,2026-07-23,2026-07-28,1.0,27,600.0,1.0,-4.0,86.0,84.0,21.0,7.0,6.0,170.0,17.0,27.0,1.0,1.0,3.0,6.0,8.0,11.0,3.0,4.0,5.0,10.0,0.0,1.0,0.0,2.0,11.0,21.0,1.0,2.0,2.0,8.0,28.0,42.0,16.0,31.0,5.0,109.0,113.0,1.0,2.0,1.0,3.0,0.0,5.0,7.0,11.0,2.0,10.0,0.0,20.0,44.0,12.0,39.0,9.0,0.0,21.0,11.0,7.0,0.0,22.0,13.0,35.0,8.0,5.0,14.0,6.0,2.0,83.0,3.0,3.0,0.0,7.0,12.0,0.0,19.0,6.0,25.0,0.0,10.0,8.0,2.0,10.0,1.0,8.0,5.0,1.0,2.0,1.0,0.0,15.0,1.0,3.0,4.0,16.0,0.0,0.0,2.0,13.0,0.0,0.0,1.0,7.0,1.0,0.0,4.0,0.0,0.0,0.0,1.0,1.0,0.0,0.0,0.0,0.0,1.0,1.0,104.0,20.0,21.0,1.0,0.0,0.0,,0.0,73.0,,1611661320,False,0.5301131328729233,73.0,0.21554832551923506,29.0,126.74418604651163,134.52380952380955,-7.779623477297918,86.0,109.0,113.0,73.0,44.0,0.7123287671232876,0.7163512092534174,1.4931506849315068,0.6666666666666666,0.5161290322580645,0.0958904109589041,0.4246575342465753,0.3698630136986301,0.1506849315068493,0.0547945205479452,0.2054794520547945,0.136986301369863,0.2876712328767123,0.7945205479452054,0.3225806451612903,0.6296296296296297,0.18221563425036436,0.1744186046511628,0.11627906976744186,0.7954545454545454,0.7614678899082569,6.976744186046512,22.61904761904762,0.045871559633027525,0.06976744186046512,0.2441860465116279,0.1834862385321101,11.904761904761903,1.1904761904761905,19.047619047619047
1611661320,LAS,LAS,47,False,2026-08-01 14:50:36,2026-08-03 16:13:19,2.0574421296296297,2026-08-01,2026-08-02,1.0,28,1200.0,1.0,5.0,85.0,87.0,14.0,17.0,8.0,172.0,19.0,29.0,3.0,5.0,1.0,4.0,4.0,13.0,0.0,4.0,7.0,10.0,0.0,1.0,0.0,1.0,9.0,19.0,0.0,1.0,1.0,3.0,23.0,46.0,16.0,29.0,12.0,106.0,101.0,4.0,7.0,0.0,2.0,0.0,8.0,2.0,7.0,1.0,4.0,9.0,16.0,36.0,10.0,45.0,3.0,4.0,19.0,9.0,2.0,0.0,18.0,15.0,33.0,9.0,6.0,16.0,2.0,0.0,81.0,3.0,7.0,0.0,14.0,13.0,0.0,27.0,10.0,37.0,1.0,8.0,7.0,1.0,8.0,4.0,6.0,6.0,0.0,2.0,0.0,0.0,14.0,1.0,3.0,8.0,16.0,0.0,1.0,1.0,21.0,0.0,1.0,2.0,14.0,0.0,0.0,3.0,0.0,4.0,4.0,1.0,1.0,2.0,0.0,0.0,2.0,5.0,3.0,98.0,16.0,14.0,2.0,4.0,0.0,,0.0,75.0,0.0,1611661320,False,0.5110602888030902,75.0,0.28568969653512966,36.0,124.70588235294117,116.0919540229885,8.613928329952671,85.0,106.0,101.0,75.0,39.0,0.6266666666666667,0.6530310497782159,1.4133333333333333,0.5,0.5517241379310345,0.18666666666666668,0.38666666666666666,0.38666666666666666,0.17333333333333334,0.05333333333333334,0.22666666666666666,0.13333333333333333,0.25333333333333335,0.7733333333333333,0.3448275862068966,0.6551724137931034,0.11560637786357653,0.16470588235294117,0.09411764705882353,0.8461538461538461,0.7641509433962265,11.76470588235294,31.03448275862069,0.07547169811320754,0.09411764705882353,0.16470588235294117,0.1509433962264151,9.195402298850574,5.747126436781609,18.39080459770115
1611661320,LAS,LAS,49,False,2026-08-05 15:53:24,2026-08-07 14:43:29,1.9514467592592593,2026-08-05,2026-08-06,2.0,30,,2.0,0.0,159.0,159.0,32.0,29.0,19.0,318.0,30.0,39.0,5.0,6.0,8.0,9.0,13.0,36.0,5.0,13.0,4.0,13.0,1.0,1.0,0.0,2.0,14.0,35.0,0.0,3.0,3.0,6.0,48.0,88.0,18.0,48.0,27.0,177.0,177.0,6.0,10.0,1.0,4.0,5.0,20.0,12.0,15.0,3.0,8.0,7.0,40.0,74.0,22.0,51.0,3.0,4.0,35.0,14.0,7.0,1.0,37.0,17.0,54.0,13.0,4.0,21.0,11.0,5.0,125.0,8.0,13.0,0.0,19.0,33.0,2.0,54.0,21.0,75.0,1.0,12.0,11.0,1.0,14.0,7.0,10.0,15.0,2.0,4.0,0.0,0.0,29.0,4.0,4.0,18.0,32.0,0.0,2.0,4.0,40.0,0.0,2.0,9.0,36.0,6.0,0.0,16.0,0.0,5.0,9.0,0.0,0.0,6.0,0.0,0.0,3.0,9.0,5.0,157.0,40.0,32.0,0.0,5.0,0.0,,0.0,136.0,0.0,1611661320,False,0.5111169377420711,136.0,0.3085534972335105,70.0,111.32075471698113,111.32075471698113,0.0,79.5,88.5,88.5,136.0,66.0,0.5514705882352942,0.5828503688092729,1.3014705882352942,0.5454545454545454,0.375,0.2647058823529412,0.35294117647058826,0.2867647058823529,0.2647058823529412,0.09558823529411764,0.3602941176470588,0.09558823529411764,0.25735294117647056,0.6397058823529411,0.2708333333333333,0.7692307692307693,0.04035365049322304,0.18238993710691823,0.0880503144654088,0.8181818181818182,0.7062146892655368,13.20754716981132,33.9622641509434,0.11299435028248588,0.11949685534591195,0.20125786163522014,0.22598870056497175,7.547169811320755,5.660377358490567,20.125786163522015
1611661320,LAS,LAS,51,False,2026-08-08 14:20:53,2026-08-10 14:48:26,2.0191319444444447,2026-08-08,2026-08-09,1.0,31,2400.0,1.0,-6.0,71.0,72.0,12.0,14.0,15.0,143.0,9.0,10.0,4.0,4.0,1.0,1.0,11.0,23.0,2.0,6.0,0.0,3.0,0.0,1.0,0.0,2.0,10.0,28.0,1.0,3.0,1.0,6.0,22.0,39.0,10.0,31.0,4.0,78.0,84.0,8.0,8.0,1.0,4.0,2.0,21.0,2.0,5.0,1.0,8.0,2.0,9.0,22.0,22.0,21.0,9.0,10.0,28.0,10.0,2.0,0.0,11.0,7.0,18.0,7.0,0.0,5.0,5.0,1.0,43.0,8.0,7.0,0.0,12.0,8.0,1.0,21.0,15.0,36.0,2.0,6.0,4.0,2.0,7.0,1.0,6.0,4.0,0.0,1.0,0.0,0.0,11.0,1.0,1.0,3.0,17.0,0.0,1.0,3.0,16.0,0.0,2.0,2.0,9.0,2.0,1.0,4.0,0.0,1.0,1.0,0.0,0.0,0.0,0.0,0.0,1.0,1.0,1.0,57.0,9.0,12.0,3.0,1.0,0.0,,0.0,70.0,0.0,1611661320,False,0.45945106289133425,70.0,0.39669194890654286,38.0,109.85915492957747,116.66666666666667,-6.8075117370892,71.0,78.0,84.0,70.0,32.0,0.5285714285714286,0.527312060573283,1.1142857142857143,0.5641025641025641,0.3225806451612903,0.12857142857142856,0.44285714285714284,0.14285714285714285,0.32857142857142857,0.08571428571428572,0.4142857142857143,0.04285714285714286,0.4,0.5857142857142857,0.0967741935483871,0.9,0.06912036568009433,0.15492957746478872,0.09859154929577464,0.5625,0.5512820512820513,21.12676056338028,29.166666666666668,0.2692307692307692,0.2112676056338028,0.16901408450704225,0.11538461538461539,8.333333333333332,1.3888888888888888,23.61111111111111
1611661321,DAL,DAL,0,True,,2026-06-02 22:58:54,,,2026-06-01,9.0,9,7200.0,9.0,56.0,700.0,708.0,134.0,164.0,93.0,1408.0,105.0,165.0,15.0,29.0,18.0,27.0,69.0,160.0,35.0,89.0,11.0,36.0,2.0,4.0,3.0,6.0,67.0,185.0,7.0,23.0,9.0,25.0,209.0,414.0,78.0,221.0,138.0,790.0,734.0,28.0,58.0,9.0,27.0,24.0,107.0,36.0,61.0,12.0,31.0,56.0,164.0,272.0,146.0,210.0,24.0,10.0,185.0,67.0,27.0,5.0,136.0,70.0,206.0,59.0,11.0,76.0,33.0,27.0,482.0,38.0,68.0,4.0,93.0,136.0,14.0,243.0,110.0,353.0,12.0,59.0,39.0,20.0,43.0,14.0,29.0,62.0,3.0,14.0,1.0,6.0,105.0,9.0,24.0,67.0,168.0,3.0,9.0,15.0,169.0,5.0,13.0,15.0,177.0,26.0,4.0,75.0,1.0,24.0,26.0,4.0,2.0,15.0,2.0,,11.0,30.0,19.0,683.0,163.0,132.0,13.0,22.0,1.0,,1.0,635.0,,1611661321,False,0.4944995245641838,635.0,0.3136094674556213,348.0,112.85714285714286,103.67231638418079,9.184826472962072,77.77777777777777,87.77777777777777,81.55555555555556,635.0,287.0,0.5133858267716536,0.5540904500056111,1.2440944881889764,0.5048309178743962,0.35294117647058826,0.27874015748031494,0.3480314960629921,0.25984251968503935,0.25196850393700787,0.14015748031496064,0.3921259842519685,0.05669291338582677,0.29133858267716534,0.6078740157480315,0.16289592760180996,0.6363636363636364,0.018886302207469785,0.15,0.06142857142857143,0.7177700348432056,0.610126582278481,15.714285714285714,34.32203389830508,0.13544303797468354,0.13285714285714287,0.19142857142857142,0.20759493670886076,8.333333333333332,4.23728813559322,23.728813559322035
1611661321,DAL,DAL,4,False,2026-06-05 16:24:13,2026-06-06 15:03:59,0.9442824074074074,2026-06-05,2026-06-05,1.0,10,600.0,1.0,8.0,83.0,84.0,15.0,19.0,12.0,167.0,20.0,25.0,4.0,5.0,3.0,4.0,6.0,15.0,5.0,12.0,4.0,9.0,0.0,1.0,1.0,3.0,6.0,16.0,0.0,1.0,0.0,0.0,31.0,52.0,10.0,25.0,12.0,104.0,96.0,5.0,8.0,0.0,2.0,0.0,10.0,4.0,9.0,1.0,3.0,3.0,14.0,42.0,20.0,27.0,3.0,8.0,16.0,6.0,1.0,1.0,21.0,9.0,30.0,5.0,4.0,16.0,3.0,2.0,69.0,6.0,7.0,1.0,11.0,8.0,2.0,21.0,14.0,35.0,3.0,10.0,7.0,3.0,5.0,3.0,4.0,7.0,2.0,1.0,0.0,0.0,12.0,4.0,3.0,8.0,17.0,0.0,0.0,2.0,16.0,0.0,2.0,2.0,18.0,3.0,1.0,8.0,0.0,2.0,2.0,0.0,0.0,2.0,0.0,,0.0,2.0,1.0,94.0,13.0,14.0,3.0,1.0,0.0,,0.0,77.0,,1611661321,False,0.5178728693674199,77.0,0.36238120853505507,36.0,125.30120481927712,114.28571428571428,11.01549053356284,83.0,104.0,96.0,77.0,41.0,0.5974025974025974,0.6123410268487989,1.3506493506493507,0.5961538461538461,0.4,0.23376623376623376,0.3246753246753247,0.3246753246753247,0.19480519480519481,0.15584415584415584,0.35064935064935066,0.11688311688311688,0.2077922077922078,0.6493506493506493,0.36,0.8,0.07952972803517744,0.14457831325301204,0.060240963855421686,0.7317073170731707,0.6634615384615384,16.867469879518072,25.0,0.09615384615384616,0.14457831325301204,0.18072289156626506,0.1346153846153846,11.904761904761903,2.380952380952381,20.238095238095237
1611661321,DAL,DAL,8,False,2026-06-09 16:24:19,2026-06-10 16:54:00,1.0206134259259259,2026-06-09,2026-06-09,1.0,11,600.0,1.0,-24.0,82.0,82.0,5.0,14.0,11.0,164.0,8.0,16.0,2.0,3.0,0.0,0.0,5.0,15.0,8.0,18.0,0.0,4.0,0.0,0.0,0.0,0.0,8.0,24.0,1.0,4.0,0.0,2.0,21.0,49.0,8.0,28.0,10.0,76.0,100.0,4.0,6.0,1.0,4.0,0.0,11.0,1.0,2.0,0.0,2.0,0.0,2.0,24.0,18.0,21.0,3.0,4.0,24.0,8.0,3.0,0.0,12.0,7.0,19.0,7.0,0.0,6.0,1.0,5.0,45.0,5.0,8.0,0.0,7.0,18.0,0.0,25.0,13.0,38.0,1.0,9.0,4.0,5.0,9.0,2.0,6.0,4.0,0.0,3.0,0.0,0.0,13.0,3.0,1.0,8.0,18.0,0.0,1.0,1.0,11.0,0.0,1.0,0.0,10.0,0.0,0.0,5.0,0.0,0.0,3.0,0.0,0.0,2.0,0.0,,0.0,3.0,3.0,65.0,2.0,5.0,1.0,0.0,0.0,,0.0,77.0,,1611661321,False,0.489203191396389,77.0,0.2697113313227059,48.0,92.6829268292683,121.95121951219512,-29.268292682926827,82.0,76.0,100.0,77.0,29.0,0.42857142857142855,0.4668304668304668,0.987012987012987,0.42857142857142855,0.2857142857142857,0.12987012987012986,0.36363636363636365,0.2077922077922078,0.19480519480519481,0.23376623376623376,0.42857142857142855,0.05194805194805195,0.3116883116883117,0.5714285714285714,0.14285714285714285,0.5,-0.06063176282496047,0.15853658536585366,0.10975609756097561,0.6551724137931034,0.5921052631578947,15.853658536585366,30.48780487804878,0.14473684210526316,0.13414634146341464,0.06097560975609756,0.02631578947368421,10.975609756097562,3.6585365853658534,21.951219512195124
1611661321,DAL,DAL,10,False,2026-06-11 17:31:15,2026-06-12 16:37:05,0.9623842592592593,2026-06-11,2026-06-11,1.0,12,600.0,1.0,15.0,82.0,81.0,9.0,19.0,9.0,163.0,17.0,23.0,1.0,1.0,2.0,3.0,10.0,22.0,6.0,8.0,0.0,1.0,0.0,0.0,0.0,0.0,4.0,17.0,2.0,2.0,0.0,2.0,33.0,53.0,4.0,18.0,7.0,85.0,70.0,3.0,5.0,2.0,2.0,1.0,13.0,6.0,7.0,0.0,2.0,0.0,12.0,42.0,24.0,9.0,3.0,0.0,17.0,4.0,1.0,0.0,21.0,3.0,24.0,3.0,0.0,12.0,5.0,4.0,51.0,4.0,6.0,0.0,10.0,20.0,1.0,31.0,10.0,41.0,0.0,9.0,8.0,1.0,10.0,2.0,7.0,8.0,1.0,3.0,0.0,0.0,18.0,2.0,0.0,7.0,17.0,0.0,1.0,3.0,15.0,0.0,2.0,4.0,8.0,2.0,0.0,5.0,0.0,0.0,4.0,0.0,0.0,0.0,0.0,0.0,4.0,4.0,3.0,72.0,12.0,9.0,2.0,0.0,0.0,,0.0,71.0,,1611661321,False,0.5033576338951511,71.0,0.3030883808134992,34.0,103.65853658536585,86.41975308641975,17.238783498946106,82.0,85.0,70.0,71.0,37.0,0.5492957746478874,0.5703166935050993,1.1971830985915493,0.6226415094339622,0.2222222222222222,0.11267605633802817,0.2535211267605634,0.323943661971831,0.30985915492957744,0.11267605633802817,0.4225352112676056,0.014084507042253521,0.23943661971830985,0.5774647887323944,0.05555555555555555,0.7391304347826086,0.04593814075273628,0.21951219512195122,0.12195121951219512,0.6486486486486487,0.6,12.195121951219512,38.2716049382716,0.15294117647058825,0.10975609756097561,0.10975609756097561,0.1411764705882353,11.11111111111111,4.938271604938271,20.98765432098765
1611661321,DAL,DAL,11,False,2026-06-12 16:37:05,2026-06-14 15:31:17,1.9543055555555555,2026-06-12,2026-06-13,1.0,13,1200.0,1.0,-1.0,77.0,78.0,24.0,22.0,16.0,155.0,9.0,14.0,2.0,3.0,2.0,4.0,11.0,25.0,2.0,7.0,1.0,6.0,0.0,1.0,0.0,2.0,6.0,22.0,1.0,4.0,1.0,7.0,22.0,46.0,7.0,28.0,18.0,83.0,84.0,5.0,9.0,1.0,5.0,1.0,14.0,8.0,17.0,1.0,9.0,4.0,23.0,24.0,20.0,18.0,3.0,6.0,22.0,6.0,5.0,0.0,12.0,6.0,18.0,5.0,1.0,5.0,6.0,1.0,42.0,9.0,8.0,0.0,13.0,16.0,0.0,29.0,17.0,46.0,1.0,7.0,3.0,4.0,5.0,2.0,4.0,5.0,1.0,1.0,0.0,1.0,10.0,2.0,2.0,5.0,15.0,0.0,3.0,1.0,24.0,1.0,1.0,3.0,26.0,4.0,0.0,15.0,0.0,0.0,4.0,0.0,0.0,0.0,0.0,0.0,4.0,4.0,1.0,69.0,23.0,24.0,1.0,1.0,0.0,,0.0,74.0,,1611661321,False,0.4749007453235348,74.0,0.39372523059269987,45.0,107.79220779220779,107.6923076923077,0.09990009990009696,77.0,83.0,84.0,74.0,29.0,0.4391891891891892,0.48572097378277157,1.1216216216216217,0.4782608695652174,0.25,0.35135135135135137,0.3783783783783784,0.1891891891891892,0.33783783783783783,0.0945945945945946,0.43243243243243246,0.08108108108108109,0.2972972972972973,0.5675675675675675,0.21428571428571427,0.6428571428571429,-0.03571155613434562,0.12987012987012986,0.06493506493506493,0.6206896551724138,0.5060240963855421,22.07792207792208,37.17948717948718,0.1686746987951807,0.2077922077922078,0.3116883116883117,0.27710843373493976,8.974358974358974,5.128205128205128,19.230769230769234
1611661321,DAL,DAL,13,False,2026-06-15 18:20:23,2026-06-16 18:24:01,1.0025231481481482,2026-06-15,2026-06-15,1.0,14,1200.0,1.0,30.0,79.0,79.0,13.0,12.0,10.0,158.0,13.0,20.0,2.0,4.0,1.0,1.0,9.0,18.0,3.0,5.0,3.0,6.0,0.0,1.0,1.0,2.0,7.0,22.0,1.0,3.0,1.0,6.0,25.0,43.0,10.0,28.0,16.0,96.0,66.0,2.0,4.0,1.0,4.0,3.0,10.0,2.0,4.0,2.0,8.0,2.0,12.0,42.0,8.0,27.0,3.0,2.0,22.0,7.0,3.0,0.0,21.0,9.0,30.0,6.0,3.0,10.0,8.0,3.0,69.0,9.0,2.0,0.0,11.0,22.0,1.0,34.0,11.0,45.0,0.0,10.0,5.0,5.0,5.0,1.0,4.0,3.0,0.0,1.0,0.0,1.0,8.0,1.0,1.0,3.0,14.0,0.0,1.0,0.0,18.0,0.0,1.0,1.0,21.0,2.0,1.0,10.0,0.0,1.0,3.0,0.0,0.0,1.0,0.0,0.0,2.0,3.0,2.0,86.0,12.0,13.0,1.0,1.0,1.0,,0.0,71.0,,1611661321,False,0.502600497178449,71.0,0.3052215102607679,36.0,121.51898734177216,83.54430379746836,37.9746835443038,79.0,96.0,66.0,71.0,35.0,0.5633802816901409,0.5982053838484547,1.352112676056338,0.5813953488372093,0.35714285714285715,0.29577464788732394,0.39436619718309857,0.28169014084507044,0.2535211267605634,0.07042253521126761,0.323943661971831,0.08450704225352113,0.30985915492957744,0.676056338028169,0.21428571428571427,0.65,0.06077978451169186,0.10126582278481013,0.06329113924050633,0.8571428571428571,0.71875,13.924050632911392,43.037974683544306,0.10416666666666667,0.12658227848101267,0.16455696202531644,0.125,12.658227848101266,3.79746835443038,17.72151898734177
1611661321,DAL,DAL,14,False,2026-06-16 18:24:01,2026-06-18 16:49:24,1.9342939814814815,2026-06-16,2026-06-17,1.0,15,600.0,1.0,-11.0,77.0,76.0,8.0,19.0,2.0,153.0,7.0,10.0,0.0,1.0,0.0,1.0,10.0,23.0,4.0,9.0,2.0,5.0,0.0,0.0,0.0,0.0,7.0,17.0,0.0,1.0,1.0,5.0,21.0,42.0,9.0,22.0,11.0,80.0,91.0,0.0,1.0,0.0,1.0,0.0,0.0,1.0,3.0,1.0,5.0,0.0,5.0,22.0,20.0,24.0,3.0,0.0,17.0,7.0,2.0,1.0,11.0,8.0,19.0,6.0,2.0,3.0,4.0,4.0,46.0,0.0,2.0,0.0,7.0,17.0,2.0,26.0,2.0,28.0,0.0,10.0,7.0,3.0,4.0,3.0,3.0,4.0,0.0,1.0,1.0,0.0,8.0,0.0,0.0,11.0,20.0,0.0,1.0,0.0,14.0,0.0,1.0,1.0,16.0,2.0,0.0,9.0,0.0,0.0,3.0,0.0,0.0,2.0,0.0,0.0,1.0,3.0,2.0,80.0,5.0,8.0,1.0,0.0,0.0,,0.0,64.0,,1611661321,False,0.4682108943852423,64.0,0.062009905918255934,34.0,103.89610389610388,119.73684210526316,-15.840738209159284,77.0,80.0,91.0,64.0,30.0,0.5390625,0.563063063063063,1.25,0.5,0.4090909090909091,0.25,0.34375,0.15625,0.359375,0.140625,0.5,0.078125,0.265625,0.5,0.22727272727272727,0.7,0.07085160561475767,0.1038961038961039,0.05194805194805195,0.6333333333333333,0.575,2.5974025974025974,34.21052631578947,0.0,0.025974025974025976,0.1038961038961039,0.0625,13.157894736842104,3.9473684210526314,26.31578947368421
1611661321,DAL,DAL,17,False,2026-06-20 15:27:14,2026-06-21 15:43:44,1.0114583333333333,2026-06-20,2026-06-20,1.0,16,600.0,1.0,1.0,83.0,83.0,27.0,22.0,13.0,166.0,11.0,18.0,6.0,7.0,3.0,7.0,8.0,21.0,4.0,9.0,2.0,2.0,0.0,0.0,0.0,0.0,8.0,23.0,0.0,1.0,2.0,8.0,23.0,48.0,10.0,25.0,17.0,93.0,92.0,7.0,8.0,0.0,1.0,4.0,18.0,8.0,13.0,2.0,8.0,11.0,33.0,16.0,30.0,27.0,3.0,4.0,23.0,8.0,3.0,0.0,8.0,9.0,17.0,7.0,2.0,5.0,2.0,1.0,43.0,7.0,6.0,0.0,12.0,10.0,6.0,28.0,13.0,41.0,2.0,7.0,5.0,2.0,9.0,1.0,5.0,5.0,1.0,4.0,0.0,1.0,14.0,1.0,3.0,13.0,23.0,0.0,0.0,1.0,24.0,0.0,3.0,3.0,21.0,3.0,0.0,9.0,1.0,2.0,6.0,1.0,1.0,4.0,0.0,0.0,2.0,7.0,2.0,75.0,33.0,27.0,2.0,2.0,0.0,,1.0,73.0,,1611661321,False,0.47368022289049194,73.0,0.3333073585136283,40.0,112.04819277108433,110.8433734939759,1.2048192771084274,83.0,93.0,92.0,73.0,33.0,0.5205479452054794,0.5654182879377432,1.273972602739726,0.4791666666666667,0.4,0.2876712328767123,0.3424657534246575,0.2465753424657534,0.2876712328767123,0.1232876712328767,0.410958904109589,0.0273972602739726,0.3150684931506849,0.589041095890411,0.08,0.6111111111111112,0.04686772231498748,0.1686746987951807,0.10843373493975904,0.5151515151515151,0.46236559139784944,15.66265060240964,33.734939759036145,0.1935483870967742,0.1566265060240964,0.3253012048192771,0.3548387096774194,8.433734939759036,8.433734939759036,27.710843373493976
1611661321,DAL,DAL,18,False,2026-06-21 15:43:44,2026-06-23 16:17:53,2.023715277777778,2026-06-21,2026-06-22,1.0,17,900.0,1.0,2.0,91.0,91.0,8.0,14.0,9.0,182.0,21.0,28.0,4.0,6.0,1.0,1.0,9.0,19.0,9.0,18.0,2.0,4.0,0.0,1.0,1.0,1.0,7.0,20.0,0.0,1.0,2.0,3.0,39.0,65.0,9.0,24.0,7.0,112.0,110.0,6.0,9.0,0.0,2.0,0.0,12.0,2.0,3.0,3.0,4.0,1.0,14.0,44.0,34.0,24.0,3.0,2.0,20.0,7.0,6.0,0.0,22.0,8.0,30.0,6.0,2.0,14.0,3.0,5.0,68.0,5.0,7.0,0.0,13.0,15.0,2.0,30.0,12.0,42.0,0.0,9.0,5.0,4.0,5.0,2.0,4.0,4.0,0.0,1.0,0.0,1.0,9.0,1.0,1.0,11.0,14.0,0.0,0.0,0.0,12.0,1.0,0.0,0.0,9.0,1.0,0.0,4.0,0.0,1.0,2.0,0.0,0.0,1.0,0.0,0.0,1.0,2.0,1.0,100.0,13.0,7.0,1.0,0.0,0.0,,0.0,89.0,,1611661321,False,0.481330863289896,89.0,0.29239086497710093,41.0,123.07692307692308,120.87912087912088,2.197802197802204,91.0,112.0,110.0,89.0,48.0,0.5898876404494382,0.6024096385542169,1.2584269662921348,0.6,0.375,0.10112359550561797,0.2696629213483146,0.3146067415730337,0.21348314606741572,0.20224719101123595,0.4157303370786517,0.0449438202247191,0.2247191011235955,0.5842696629213483,0.16666666666666666,0.75,0.1085567771595422,0.0989010989010989,0.054945054945054944,0.625,0.6071428571428571,13.186813186813188,32.967032967032964,0.10714285714285714,0.0989010989010989,0.08791208791208792,0.125,9.89010989010989,2.197802197802198,15.384615384615385
1611661321,DAL,DAL,20,False,2026-06-25 16:13:09,2026-06-26 16:05:12,0.9944791666666667,2026-06-25,2026-06-25,1.0,18,1200.0,1.0,-15.0,83.0,84.0,16.0,42.0,4.0,167.0,9.0,11.0,1.0,1.0,3.0,4.0,20.0,33.0,3.0,5.0,0.0,4.0,0.0,0.0,0.0,0.0,2.0,17.0,0.0,1.0,0.0,3.0,32.0,49.0,2.0,21.0,14.0,84.0,99.0,3.0,4.0,0.0,1.0,1.0,7.0,8.0,12.0,0.0,3.0,3.0,19.0,32.0,32.0,6.0,0.0,4.0,17.0,2.0,2.0,0.0,16.0,2.0,18.0,2.0,0.0,6.0,10.0,0.0,38.0,3.0,2.0,0.0,7.0,12.0,4.0,23.0,5.0,28.0,1.0,7.0,6.0,1.0,5.0,6.0,5.0,8.0,0.0,0.0,0.0,0.0,13.0,0.0,0.0,13.0,25.0,0.0,1.0,1.0,20.0,0.0,1.0,4.0,16.0,6.0,0.0,11.0,0.0,0.0,2.0,0.0,0.0,1.0,0.0,0.0,1.0,2.0,0.0,77.0,19.0,16.0,3.0,0.0,0.0,,0.0,70.0,,1611661321,False,0.44000303730714285,70.0,0.14366026521383823,36.0,101.20481927710843,117.85714285714286,-16.652323580034434,83.0,84.0,99.0,70.0,34.0,0.5,0.5451713395638629,1.2,0.6530612244897959,0.09523809523809523,0.22857142857142856,0.3,0.15714285714285714,0.4714285714285714,0.07142857142857142,0.5428571428571428,0.05714285714285714,0.24285714285714285,0.45714285714285713,0.19047619047619047,0.8181818181818182,0.05999696269285715,0.1566265060240964,0.060240963855421686,0.5294117647058824,0.4523809523809524,6.024096385542169,27.380952380952383,0.08333333333333333,0.04819277108433735,0.1927710843373494,0.2261904761904762,8.333333333333332,2.380952380952381,29.761904761904763
1611661321,DAL,DAL,23,False,2026-06-28 15:09:09,2026-06-29 16:48:32,1.0690162037037036,2026-06-28,2026-06-28,1.0,19,600.0,1.0,-8.0,81.0,81.0,6.0,20.0,10.0,162.0,9.0,13.0,1.0,3.0,0.0,0.0,7.0,27.0,5.0,11.0,0.0,2.0,0.0,0.0,0.0,0.0,7.0,21.0,0.0,1.0,0.0,1.0,21.0,51.0,7.0,23.0,14.0,77.0,85.0,1.0,9.0,0.0,1.0,4.0,6.0,2.0,2.0,0.0,1.0,1.0,5.0,16.0,26.0,15.0,6.0,0.0,21.0,7.0,5.0,0.0,8.0,5.0,13.0,5.0,0.0,4.0,3.0,1.0,31.0,3.0,12.0,0.0,9.0,22.0,1.0,32.0,15.0,47.0,0.0,7.0,6.0,1.0,9.0,3.0,7.0,7.0,0.0,2.0,1.0,1.0,16.0,2.0,2.0,8.0,15.0,0.0,0.0,1.0,15.0,0.0,1.0,1.0,15.0,2.0,1.0,8.0,0.0,0.0,3.0,0.0,0.0,0.0,0.0,0.0,3.0,3.0,2.0,71.0,5.0,6.0,0.0,0.0,0.0,,0.0,74.0,,1611661321,False,0.46854135634683997,74.0,0.3333755417748699,46.0,95.06172839506173,104.93827160493827,-9.87654320987653,81.0,77.0,85.0,74.0,28.0,0.42567567567567566,0.47766749379652607,1.0405405405405406,0.4117647058823529,0.30434782608695654,0.20270270270270271,0.3108108108108108,0.17567567567567569,0.36486486486486486,0.14864864864864866,0.5135135135135135,0.02702702702702703,0.28378378378378377,0.4864864864864865,0.08695652173913043,0.6923076923076923,-0.04286568067116431,0.19753086419753085,0.1111111111111111,0.4642857142857143,0.4025974025974026,18.51851851851852,39.50617283950617,0.07792207792207792,0.12345679012345678,0.07407407407407407,0.06493506493506493,8.641975308641975,3.7037037037037033,18.51851851851852
1611661321,DAL,DAL,24,False,2026-06-29 16:48:32,2026-07-04 14:56:19,4.922071759259259,2026-06-29,2026-07-03,1.0,20,600.0,1.0,3.0,80.0,79.0,11.0,37.0,9.0,159.0,12.0,15.0,1.0,1.0,0.0,1.0,7.0,20.0,5.0,7.0,1.0,5.0,0.0,0.0,1.0,2.0,8.0,21.0,1.0,3.0,0.0,3.0,24.0,42.0,9.0,26.0,11.0,86.0,83.0,3.0,3.0,1.0,3.0,1.0,10.0,3.0,5.0,1.0,5.0,4.0,13.0,22.0,26.0,21.0,6.0,0.0,21.0,8.0,3.0,1.0,11.0,7.0,18.0,6.0,1.0,6.0,3.0,2.0,43.0,5.0,5.0,0.0,5.0,19.0,6.0,30.0,10.0,40.0,0.0,4.0,3.0,1.0,7.0,2.0,5.0,8.0,1.0,2.0,0.0,2.0,15.0,2.0,1.0,15.0,25.0,0.0,2.0,1.0,23.0,3.0,3.0,3.0,16.0,3.0,0.0,7.0,1.0,1.0,3.0,0.0,0.0,2.0,0.0,0.0,1.0,3.0,2.0,76.0,11.0,10.0,3.0,0.0,0.0,,0.0,68.0,,1611661321,False,0.4701436223140798,68.0,0.29414208946714343,35.0,107.5,105.0632911392405,2.436708860759495,80.0,86.0,83.0,68.0,33.0,0.5514705882352942,0.5730277185501066,1.2647058823529411,0.5714285714285714,0.34615384615384615,0.23529411764705882,0.38235294117647056,0.22058823529411764,0.29411764705882354,0.10294117647058823,0.39705882352941174,0.07352941176470588,0.3088235294117647,0.6029411764705882,0.19230769230769232,0.8,0.08132696592121436,0.1875,0.0875,0.5454545454545454,0.5,12.5,37.9746835443038,0.11627906976744186,0.1125,0.1375,0.1511627906976744,5.063291139240507,3.79746835443038,31.645569620253166
1611661321,DAL,DAL,26,False,2026-07-05 15:04:24,2026-07-06 16:46:42,1.0710416666666667,2026-07-05,2026-07-05,1.0,21,600.0,1.0,13.0,74.0,77.0,5.0,25.0,13.0,151.0,16.0,25.0,5.0,6.0,0.0,0.0,4.0,13.0,3.0,9.0,2.0,6.0,1.0,1.0,0.0,1.0,8.0,22.0,1.0,6.0,1.0,1.0,23.0,47.0,10.0,28.0,13.0,89.0,76.0,5.0,6.0,2.0,7.0,4.0,20.0,0.0,2.0,1.0,2.0,0.0,3.0,14.0,32.0,27.0,3.0,8.0,22.0,8.0,3.0,0.0,7.0,9.0,16.0,7.0,2.0,6.0,0.0,1.0,41.0,7.0,10.0,0.0,10.0,19.0,0.0,29.0,17.0,46.0,3.0,7.0,5.0,2.0,5.0,1.0,3.0,6.0,3.0,2.0,0.0,2.0,11.0,2.0,1.0,7.0,22.0,0.0,3.0,0.0,14.0,0.0,2.0,1.0,14.0,3.0,1.0,8.0,0.0,0.0,6.0,0.0,0.0,1.0,0.0,1.0,4.0,6.0,3.0,69.0,3.0,5.0,1.0,0.0,0.0,,0.0,75.0,,1611661321,False,0.5378498419058724,75.0,0.4071485340273697,42.0,120.27027027027026,98.7012987012987,21.568971568971563,74.0,89.0,76.0,75.0,33.0,0.5066666666666667,0.5482996550024642,1.1866666666666668,0.48936170212765956,0.35714285714285715,0.18666666666666668,0.37333333333333335,0.3333333333333333,0.17333333333333334,0.12,0.29333333333333333,0.08,0.29333333333333333,0.7066666666666667,0.21428571428571427,0.64,-0.031183175239205663,0.14864864864864866,0.06756756756756757,0.48484848484848486,0.4606741573033708,22.972972972972975,37.66233766233766,0.2247191011235955,0.17567567567567569,0.06756756756756757,0.033707865168539325,9.090909090909092,7.792207792207792,28.57142857142857
1611661321,DAL,DAL,28,False,2026-07-07 16:15:04,2026-07-08 15:56:18,0.9869675925925926,2026-07-07,2026-07-07,1.0,22,600.0,1.0,11.0,80.0,80.0,16.0,18.0,9.0,160.0,13.0,19.0,1.0,3.0,0.0,1.0,11.0,24.0,5.0,10.0,2.0,6.0,1.0,2.0,0.0,1.0,4.0,17.0,1.0,2.0,1.0,5.0,29.0,53.0,6.0,23.0,12.0,88.0,77.0,3.0,6.0,2.0,4.0,3.0,15.0,2.0,5.0,1.0,6.0,8.0,15.0,48.0,10.0,15.0,3.0,0.0,17.0,4.0,4.0,0.0,24.0,5.0,29.0,4.0,1.0,12.0,8.0,4.0,63.0,4.0,7.0,0.0,15.0,15.0,1.0,31.0,11.0,42.0,1.0,3.0,1.0,2.0,3.0,3.0,3.0,8.0,0.0,0.0,0.0,1.0,11.0,0.0,3.0,8.0,17.0,0.0,1.0,1.0,18.0,1.0,3.0,5.0,12.0,2.0,1.0,2.0,0.0,5.0,5.0,0.0,0.0,1.0,0.0,0.0,4.0,5.0,3.0,73.0,13.0,15.0,3.0,3.0,0.0,,0.0,76.0,,1611661321,False,0.49214603913571864,76.0,0.27506930600388385,41.0,110.00000000000001,96.25,13.750000000000014,80.0,88.0,77.0,76.0,35.0,0.5,0.5413385826771654,1.1578947368421053,0.5471698113207547,0.2608695652173913,0.15789473684210525,0.3026315789473684,0.25,0.3157894736842105,0.13157894736842105,0.4473684210526316,0.07894736842105263,0.2236842105263158,0.5526315789473685,0.2608695652173913,0.6842105263157895,0.007853960864281362,0.1375,0.0375,0.8285714285714286,0.7159090909090909,13.750000000000002,38.75,0.17045454545454544,0.1125,0.2,0.17045454545454544,3.75,6.25,21.25
1611661321,DAL,DAL,31,False,2026-07-10 16:11:44,2026-07-11 14:43:06,0.9384490740740741,2026-07-10,2026-07-10,1.0,23,600.0,1.0,13.0,78.0,78.0,15.0,12.0,11.0,156.0,12.0,19.0,3.0,3.0,1.0,2.0,6.0,14.0,10.0,16.0,1.0,4.0,0.0,1.0,0.0,0.0,10.0,21.0,1.0,2.0,2.0,4.0,28.0,49.0,11.0,25.0,19.0,108.0,95.0,4.0,6.0,1.0,3.0,4.0,15.0,5.0,9.0,2.0,4.0,4.0,20.0,26.0,30.0,27.0,6.0,4.0,21.0,10.0,2.0,0.0,13.0,9.0,22.0,8.0,1.0,8.0,3.0,2.0,53.0,4.0,8.0,0.0,12.0,11.0,3.0,26.0,12.0,38.0,1.0,5.0,3.0,2.0,3.0,2.0,2.0,4.0,0.0,1.0,0.0,0.0,7.0,1.0,1.0,7.0,17.0,0.0,1.0,0.0,19.0,0.0,2.0,2.0,21.0,3.0,0.0,12.0,0.0,0.0,1.0,0.0,0.0,1.0,0.0,0.0,0.0,1.0,0.0,93.0,20.0,15.0,1.0,0.0,0.0,,0.0,74.0,,1611661321,False,0.4911454830994244,74.0,0.3526173887385864,35.0,138.46153846153845,121.79487179487178,16.66666666666667,78.0,108.0,95.0,74.0,39.0,0.6013513513513513,0.6487265737626142,1.4594594594594594,0.5714285714285714,0.44,0.28378378378378377,0.33783783783783783,0.25675675675675674,0.1891891891891892,0.21621621621621623,0.40540540540540543,0.05405405405405406,0.28378378378378377,0.5945945945945946,0.16,0.631578947368421,0.11020586825192691,0.08974358974358974,0.038461538461538464,0.5641025641025641,0.49074074074074076,15.384615384615385,33.33333333333333,0.1388888888888889,0.14102564102564102,0.19230769230769232,0.18518518518518517,6.41025641025641,1.282051282051282,21.794871794871796
1611661321,DAL,DAL,33,False,2026-07-12 14:45:23,2026-07-13 16:18:46,1.064849537037037,2026-07-12,2026-07-12,1.0,24,600.0,1.0,5.0,77.0,77.0,10.0,11.0,11.0,154.0,15.0,18.0,5.0,5.0,0.0,0.0,8.0,22.0,4.0,10.0,0.0,9.0,0.0,2.0,0.0,2.0,9.0,16.0,0.0,0.0,1.0,4.0,27.0,50.0,9.0,25.0,15.0,96.0,91.0,7.0,8.0,0.0,2.0,3.0,17.0,3.0,3.0,1.0,6.0,7.0,16.0,28.0,26.0,27.0,0.0,6.0,16.0,9.0,1.0,0.0,14.0,9.0,23.0,9.0,0.0,6.0,5.0,3.0,55.0,5.0,6.0,0.0,13.0,17.0,1.0,31.0,11.0,42.0,0.0,4.0,3.0,1.0,3.0,1.0,3.0,2.0,1.0,0.0,0.0,0.0,5.0,0.0,1.0,8.0,13.0,0.0,1.0,0.0,16.0,0.0,2.0,1.0,19.0,5.0,0.0,10.0,0.0,2.0,3.0,0.0,0.0,1.0,0.0,0.0,2.0,3.0,1.0,79.0,14.0,9.0,1.0,1.0,0.0,,0.0,75.0,,1611661321,False,0.4685568455900602,75.0,0.28156229304944885,39.0,124.67532467532467,118.18181818181819,6.493506493506487,77.0,96.0,91.0,75.0,36.0,0.54,0.5758157389635317,1.28,0.54,0.36,0.25333333333333335,0.3333333333333333,0.24,0.29333333333333333,0.13333333333333333,0.4266666666666667,0.12,0.21333333333333335,0.5733333333333334,0.36,0.8333333333333334,0.07144315440993981,0.06493506493506493,0.03896103896103896,0.6388888888888888,0.5729166666666666,14.285714285714285,40.25974025974026,0.17708333333333334,0.14285714285714285,0.12987012987012986,0.16666666666666666,5.194805194805195,3.896103896103896,16.883116883116884
1611661321,DAL,DAL,39,False,2026-07-19 14:45:02,2026-07-20 15:42:54,1.040185185185185,2026-07-19,2026-07-19,1.0,25,600.0,1.0,8.0,79.0,80.0,19.0,12.0,10.0,159.0,16.0,23.0,5.0,5.0,2.0,6.0,7.0,19.0,4.0,8.0,1.0,4.0,0.0,0.0,0.0,0.0,6.0,15.0,1.0,1.0,1.0,3.0,27.0,50.0,7.0,19.0,15.0,90.0,82.0,7.0,8.0,1.0,1.0,1.0,18.0,5.0,12.0,1.0,3.0,6.0,19.0,30.0,24.0,18.0,3.0,6.0,15.0,6.0,5.0,1.0,15.0,6.0,21.0,5.0,1.0,7.0,5.0,3.0,48.0,5.0,6.0,1.0,12.0,16.0,0.0,28.0,12.0,40.0,4.0,8.0,8.0,0.0,9.0,1.0,7.0,8.0,2.0,2.0,0.0,0.0,17.0,3.0,5.0,4.0,20.0,0.0,1.0,4.0,23.0,0.0,2.0,2.0,19.0,6.0,0.0,11.0,0.0,1.0,2.0,0.0,0.0,2.0,0.0,0.0,0.0,2.0,1.0,72.0,19.0,19.0,0.0,1.0,0.0,,0.0,69.0,,1611661321,False,0.5077191688358017,69.0,0.3145126809419513,35.0,113.9240506329114,102.49999999999999,11.424050632911417,79.0,90.0,82.0,69.0,34.0,0.5434782608695652,0.5816959669079628,1.3043478260869565,0.54,0.3684210526315789,0.2753623188405797,0.2753623188405797,0.3333333333333333,0.2753623188405797,0.11594202898550725,0.391304347826087,0.057971014492753624,0.21739130434782608,0.6086956521739131,0.21052631578947367,0.6956521739130435,0.035759092033763484,0.21518987341772153,0.11392405063291139,0.6176470588235294,0.5333333333333333,15.18987341772152,35.0,0.2,0.12658227848101267,0.24050632911392406,0.2111111111111111,10.0,2.5,25.0
1611661321,DAL,DAL,41,False,2026-07-21 15:27:31,2026-07-23 15:46:30,2.0131828703703705,2026-07-21,2026-07-22,2.0,27,1500.0,2.0,3.0,164.0,163.0,48.0,42.0,19.0,327.0,21.0,30.0,4.0,8.0,6.0,8.0,15.0,40.0,12.0,27.0,2.0,5.0,1.0,1.0,0.0,1.0,21.0,46.0,1.0,3.0,3.0,6.0,48.0,97.0,23.0,51.0,34.0,199.0,196.0,5.0,11.0,2.0,4.0,6.0,22.0,12.0,30.0,3.0,7.0,12.0,45.0,66.0,30.0,66.0,3.0,2.0,46.0,21.0,7.0,1.0,33.0,22.0,55.0,20.0,2.0,15.0,9.0,9.0,132.0,8.0,13.0,1.0,25.0,28.0,3.0,56.0,22.0,78.0,2.0,8.0,5.0,3.0,9.0,3.0,3.0,12.0,0.0,6.0,2.0,0.0,21.0,2.0,10.0,16.0,44.0,1.0,7.0,4.0,38.0,0.0,1.0,3.0,43.0,4.0,3.0,17.0,0.0,5.0,9.0,0.0,0.0,4.0,0.0,0.0,5.0,9.0,3.0,177.0,45.0,48.0,5.0,4.0,0.0,,0.0,148.0,,1611661321,False,0.46104165855602075,148.0,0.2841335679529109,77.0,121.34146341463415,120.24539877300613,1.0960646416280184,82.0,99.5,98.0,148.0,71.0,0.5574324324324325,0.5960939372154325,1.3445945945945945,0.4948453608247423,0.45098039215686275,0.2905405405405405,0.34459459459459457,0.20270270270270271,0.2702702702702703,0.18243243243243243,0.4527027027027027,0.033783783783783786,0.3108108108108108,0.5472972972972973,0.09803921568627451,0.7,0.0963907738764117,0.12804878048780488,0.054878048780487805,0.7746478873239436,0.6633165829145728,13.414634146341465,34.355828220858896,0.11055276381909548,0.11585365853658537,0.2926829268292683,0.22613065326633167,4.9079754601226995,5.521472392638037,26.993865030674847
1611661321,DAL,DAL,43,False,2026-07-29 15:43:06,2026-07-30 15:44:56,1.001273148148148,2026-07-29,2026-07-29,1.0,28,1200.0,1.0,-1.0,82.0,83.0,24.0,18.0,8.0,165.0,13.0,23.0,4.0,6.0,3.0,5.0,9.0,19.0,8.0,12.0,0.0,2.0,0.0,0.0,0.0,1.0,4.0,13.0,1.0,2.0,1.0,3.0,30.0,54.0,4.0,15.0,9.0,81.0,82.0,4.0,6.0,1.0,2.0,0.0,11.0,7.0,15.0,1.0,4.0,6.0,23.0,34.0,26.0,6.0,6.0,2.0,13.0,4.0,4.0,0.0,17.0,2.0,19.0,2.0,0.0,5.0,9.0,3.0,40.0,4.0,6.0,0.0,9.0,16.0,4.0,29.0,10.0,39.0,2.0,9.0,5.0,4.0,11.0,2.0,7.0,7.0,0.0,4.0,0.0,0.0,18.0,2.0,5.0,11.0,19.0,0.0,0.0,3.0,20.0,0.0,5.0,1.0,14.0,2.0,2.0,5.0,0.0,2.0,5.0,0.0,0.0,1.0,0.0,0.0,4.0,5.0,2.0,70.0,21.0,22.0,1.0,0.0,0.0,,0.0,69.0,,1611661321,False,0.48692631516203694,69.0,0.2941722024261919,35.0,98.78048780487805,98.79518072289156,-0.014692918013508915,82.0,81.0,82.0,69.0,34.0,0.5217391304347826,0.538850452368281,1.173913043478261,0.5555555555555556,0.26666666666666666,0.2028985507246377,0.21739130434782608,0.3333333333333333,0.2753623188405797,0.17391304347826086,0.4492753623188406,0.028985507246376812,0.18840579710144928,0.5507246376811594,0.13333333333333333,0.5652173913043478,0.034812815272745656,0.21951219512195122,0.13414634146341464,0.5588235294117647,0.49382716049382713,12.195121951219512,34.93975903614458,0.13580246913580246,0.0975609756097561,0.2926829268292683,0.2839506172839506,10.843373493975903,6.024096385542169,22.89156626506024
1611661321,DAL,DAL,45,False,2026-07-31 15:52:06,2026-08-01 14:50:36,0.9572916666666667,2026-07-31,2026-07-31,1.0,29,600.0,1.0,-6.0,72.0,75.0,13.0,26.0,6.0,147.0,9.0,10.0,1.0,1.0,2.0,3.0,4.0,11.0,7.0,16.0,3.0,12.0,0.0,0.0,0.0,2.0,5.0,21.0,1.0,2.0,0.0,4.0,20.0,37.0,8.0,33.0,11.0,75.0,81.0,3.0,5.0,1.0,2.0,0.0,9.0,3.0,4.0,0.0,6.0,5.0,11.0,22.0,18.0,24.0,0.0,0.0,21.0,5.0,4.0,0.0,11.0,8.0,19.0,5.0,3.0,7.0,1.0,3.0,46.0,4.0,4.0,0.0,9.0,15.0,2.0,26.0,8.0,34.0,2.0,3.0,2.0,1.0,1.0,3.0,1.0,6.0,0.0,0.0,0.0,1.0,7.0,1.0,2.0,15.0,23.0,0.0,2.0,1.0,15.0,0.0,2.0,1.0,13.0,0.0,1.0,5.0,0.0,1.0,7.0,0.0,0.0,0.0,0.0,0.0,7.0,7.0,1.0,66.0,11.0,13.0,2.0,0.0,0.0,,0.0,70.0,,1611661321,False,0.4727996493914345,70.0,0.20256326128004584,42.0,104.16666666666667,108.0,-3.8333333333333286,72.0,75.0,81.0,70.0,28.0,0.45714285714285713,0.49524564183835185,1.0714285714285714,0.5405405405405406,0.24242424242424243,0.18571428571428572,0.4714285714285714,0.14285714285714285,0.15714285714285714,0.22857142857142856,0.38571428571428573,0.17142857142857143,0.3,0.6142857142857143,0.36363636363636365,0.9,-0.015656792248577356,0.09722222222222222,0.013888888888888888,0.6785714285714286,0.6133333333333333,11.11111111111111,34.66666666666667,0.12,0.08333333333333333,0.18055555555555555,0.14666666666666667,4.0,9.333333333333334,30.666666666666664
1611661321,DAL,DAL,47,False,2026-08-02 14:53:00,2026-08-03 16:13:19,1.055775462962963,2026-08-02,2026-08-02,1.0,30,1200.0,1.0,20.0,77.0,79.0,14.0,7.0,9.0,156.0,16.0,26.0,3.0,4.0,3.0,5.0,8.0,16.0,2.0,9.0,2.0,3.0,0.0,0.0,0.0,0.0,5.0,15.0,0.0,2.0,1.0,2.0,26.0,51.0,7.0,18.0,10.0,83.0,63.0,3.0,6.0,0.0,2.0,0.0,6.0,6.0,8.0,1.0,2.0,6.0,21.0,30.0,22.0,21.0,0.0,2.0,15.0,5.0,3.0,0.0,15.0,7.0,22.0,5.0,2.0,12.0,2.0,1.0,51.0,3.0,7.0,0.0,11.0,20.0,2.0,33.0,10.0,43.0,2.0,10.0,6.0,4.0,6.0,0.0,2.0,8.0,1.0,4.0,0.0,0.0,14.0,2.0,3.0,7.0,15.0,0.0,0.0,3.0,18.0,0.0,2.0,2.0,12.0,2.0,0.0,5.0,0.0,2.0,4.0,0.0,0.0,3.0,0.0,1.0,0.0,4.0,3.0,77.0,21.0,14.0,0.0,2.0,0.0,,0.0,69.0,,1611661321,False,0.5109317671382776,69.0,0.2773041571632986,36.0,107.79220779220779,79.74683544303798,28.04537234916981,77.0,83.0,63.0,69.0,33.0,0.5289855072463768,0.5586968228325255,1.2028985507246377,0.5098039215686274,0.3888888888888889,0.17391304347826086,0.2608695652173913,0.37681159420289856,0.2318840579710145,0.13043478260869565,0.36231884057971014,0.043478260869565216,0.21739130434782608,0.6376811594202898,0.16666666666666666,0.6153846153846154,0.018053740108099237,0.18181818181818182,0.07792207792207792,0.6666666666666666,0.6144578313253012,12.987012987012985,41.77215189873418,0.07228915662650602,0.11688311688311688,0.18181818181818182,0.25301204819277107,12.658227848101266,5.063291139240507,18.9873417721519
1611661321,DAL,DAL,50,False,2026-08-05 15:53:24,2026-08-07 14:43:29,1.9514467592592593,2026-08-05,2026-08-06,1.0,31,,1.0,-4.0,78.0,80.0,23.0,27.0,7.0,158.0,14.0,20.0,2.0,2.0,2.0,2.0,6.0,12.0,5.0,13.0,4.0,7.0,1.0,2.0,1.0,3.0,5.0,16.0,0.0,1.0,0.0,2.0,25.0,45.0,9.0,23.0,15.0,92.0,96.0,4.0,5.0,1.0,3.0,0.0,11.0,5.0,14.0,1.0,5.0,8.0,21.0,32.0,18.0,21.0,6.0,6.0,16.0,5.0,3.0,0.0,16.0,7.0,23.0,4.0,3.0,9.0,4.0,3.0,53.0,3.0,5.0,0.0,10.0,15.0,2.0,27.0,8.0,35.0,0.0,6.0,5.0,1.0,6.0,1.0,2.0,4.0,0.0,4.0,1.0,0.0,10.0,0.0,1.0,13.0,26.0,0.0,0.0,1.0,21.0,0.0,3.0,1.0,21.0,2.0,0.0,6.0,1.0,4.0,5.0,1.0,1.0,4.0,0.0,0.0,1.0,6.0,4.0,81.0,21.0,23.0,3.0,4.0,0.0,,0.0,68.0,,1611661321,False,0.4956943570361131,68.0,0.24281048216764467,34.0,117.94871794871796,120.0,-2.051282051282044,78.0,92.0,96.0,68.0,34.0,0.5661764705882353,0.5955463490419473,1.3529411764705883,0.5555555555555556,0.391304347826087,0.3088235294117647,0.3382352941176471,0.29411764705882354,0.17647058823529413,0.19117647058823528,0.36764705882352944,0.10294117647058823,0.23529411764705882,0.6323529411764706,0.30434782608695654,0.7,0.0704821135521222,0.1282051282051282,0.07692307692307693,0.6764705882352942,0.5760869565217391,10.256410256410255,33.75,0.11956521739130435,0.08974358974358974,0.2948717948717949,0.22826086956521738,7.5,7.5,32.5
1611661321,DAL,DAL,51,False,2026-08-07 14:43:29,2026-08-08 14:20:53,0.9843055555555555,2026-08-07,2026-08-07,1.0,32,2400.0,1.0,-18.0,76.0,76.0,32.0,10.0,16.0,152.0,10.0,15.0,4.0,5.0,4.0,7.0,4.0,19.0,0.0,3.0,0.0,3.0,0.0,1.0,0.0,1.0,7.0,22.0,0.0,2.0,2.0,8.0,14.0,37.0,7.0,25.0,27.0,76.0,94.0,4.0,7.0,0.0,3.0,9.0,17.0,8.0,19.0,2.0,9.0,13.0,35.0,6.0,22.0,15.0,6.0,8.0,22.0,7.0,5.0,0.0,3.0,5.0,8.0,5.0,0.0,2.0,1.0,0.0,21.0,7.0,12.0,1.0,16.0,11.0,0.0,27.0,20.0,47.0,4.0,7.0,3.0,4.0,8.0,1.0,3.0,5.0,1.0,5.0,0.0,0.0,13.0,1.0,5.0,7.0,15.0,1.0,0.0,1.0,24.0,0.0,1.0,0.0,38.0,2.0,0.0,15.0,0.0,5.0,2.0,1.0,1.0,1.0,0.0,0.0,1.0,3.0,2.0,59.0,35.0,32.0,3.0,5.0,0.0,,0.0,62.0,,1611661321,False,0.4851372638955772,62.0,0.46714822178134274,41.0,100.0,123.6842105263158,-23.684210526315795,76.0,76.0,94.0,62.0,21.0,0.3951612903225806,0.48272357723577236,1.2258064516129032,0.3783783783783784,0.28,0.6129032258064516,0.4032258064516129,0.24193548387096775,0.3064516129032258,0.04838709677419355,0.3548387096774194,0.04838709677419355,0.3548387096774194,0.6451612903225806,0.12,0.6666666666666666,-0.08997597357299658,0.17105263157894737,0.10526315789473684,0.38095238095238093,0.27631578947368424,26.31578947368421,35.526315789473685,0.2236842105263158,0.21052631578947367,0.42105263157894735,0.4605263157894737,9.210526315789473,3.9473684210526314,19.736842105263158
1611661321,DAL,DAL,53,False,2026-08-09 14:22:34,2026-08-10 14:48:26,1.017962962962963,2026-08-09,2026-08-09,1.0,33,2400.0,1.0,-13.0,81.0,82.0,8.0,4.0,11.0,163.0,14.0,21.0,3.0,5.0,0.0,1.0,12.0,19.0,5.0,8.0,1.0,3.0,0.0,1.0,0.0,0.0,5.0,17.0,0.0,1.0,1.0,2.0,31.0,48.0,6.0,20.0,10.0,90.0,103.0,5.0,7.0,0.0,2.0,2.0,12.0,3.0,4.0,1.0,2.0,4.0,13.0,36.0,26.0,18.0,0.0,4.0,17.0,5.0,3.0,0.0,18.0,6.0,24.0,5.0,1.0,8.0,6.0,4.0,54.0,4.0,6.0,1.0,17.0,8.0,3.0,28.0,11.0,39.0,1.0,5.0,5.0,0.0,12.0,1.0,6.0,7.0,2.0,6.0,1.0,0.0,19.0,1.0,1.0,5.0,8.0,1.0,0.0,1.0,12.0,0.0,0.0,2.0,11.0,1.0,0.0,5.0,0.0,1.0,0.0,0.0,0.0,0.0,0.0,0.0,0.0,0.0,0.0,78.0,13.0,8.0,0.0,0.0,0.0,,0.0,68.0,,1611661321,False,0.4855058268268054,68.0,0.32303089730249124,31.0,111.11111111111111,125.60975609756098,-14.498644986449861,81.0,90.0,103.0,68.0,37.0,0.5882352941176471,0.6177924217462932,1.3235294117647058,0.6458333333333334,0.3,0.16176470588235295,0.29411764705882354,0.3088235294117647,0.27941176470588236,0.11764705882352941,0.39705882352941174,0.04411764705882353,0.25,0.6029411764705882,0.15,0.6666666666666666,0.1027294672908417,0.2345679012345679,0.14814814814814814,0.6486486486486487,0.6,13.580246913580247,34.146341463414636,0.13333333333333333,0.13580246913580246,0.09876543209876543,0.14444444444444443,6.097560975609756,0.0,9.75609756097561
1611661322,WAS,WAS,0,True,,2026-06-02 22:58:54,,,2026-06-01,7.0,7,5400.0,7.0,-26.0,561.0,568.0,167.0,212.0,64.0,1129.0,100.0,151.0,23.0,32.0,31.0,44.0,62.0,135.0,4.0,18.0,13.0,31.0,,6.0,,3.0,24.0,110.0,1.0,8.0,2.0,33.0,166.0,304.0,37.0,141.0,141.0,584.0,610.0,28.0,46.0,1.0,14.0,18.0,77.0,43.0,84.0,2.0,36.0,75.0,167.0,196.0,136.0,99.0,12.0,34.0,110.0,24.0,17.0,3.0,98.0,33.0,131.0,21.0,12.0,60.0,37.0,1.0,295.0,27.0,48.0,5.0,83.0,102.0,16.0,201.0,80.0,281.0,14.0,40.0,28.0,12.0,65.0,12.0,45.0,48.0,7.0,20.0,,6.0,113.0,7.0,29.0,50.0,175.0,1.0,18.0,12.0,175.0,1.0,9.0,22.0,185.0,16.0,3.0,68.0,1.0,29.0,24.0,2.0,2.0,16.0,,,8.0,26.0,7.0,507.0,166.0,166.0,37.0,27.0,,,,445.0,,1611661322,False,0.5021845720720721,445.0,0.3138075313807531,242.0,104.09982174688056,107.3943661971831,-3.2945444503025385,80.14285714285714,83.42857142857143,87.14285714285714,445.0,203.0,0.49775280898876406,0.554711246200608,1.3123595505617978,0.5460526315789473,0.2624113475177305,0.4157303370786517,0.31685393258426964,0.3393258426966292,0.30337078651685395,0.04044943820224719,0.3438202247191011,0.0696629213483146,0.24719101123595505,0.6561797752808989,0.2198581560283688,0.6622516556291391,-0.00443176308330806,0.2014260249554367,0.11586452762923351,0.645320197044335,0.5051369863013698,14.260249554367203,35.38732394366197,0.13184931506849315,0.1140819964349376,0.2976827094474153,0.285958904109589,7.042253521126761,4.577464788732395,30.809859154929576
1611661322,WAS,WAS,1,False,2026-06-02 22:58:54,2026-06-03 21:18:01,0.9299421296296296,2026-06-02,2026-06-02,1.0,8,600.0,1.0,18.0,81.0,82.0,27.0,17.0,12.0,163.0,20.0,30.0,9.0,11.0,6.0,8.0,5.0,22.0,1.0,4.0,3.0,9.0,,1.0,,4.0,3.0,8.0,0.0,0.0,2.0,6.0,26.0,56.0,6.0,17.0,20.0,90.0,72.0,9.0,16.0,0.0,1.0,4.0,22.0,6.0,15.0,3.0,10.0,8.0,29.0,26.0,26.0,15.0,3.0,12.0,8.0,3.0,10.0,0.0,13.0,5.0,18.0,2.0,3.0,10.0,2.0,1.0,41.0,5.0,13.0,2.0,6.0,22.0,4.0,32.0,20.0,52.0,4.0,11.0,8.0,3.0,9.0,4.0,7.0,7.0,1.0,2.0,,0.0,16.0,0.0,3.0,7.0,16.0,0.0,0.0,1.0,22.0,0.0,0.0,1.0,32.0,5.0,1.0,16.0,0.0,2.0,2.0,0.0,0.0,1.0,,,1.0,2.0,1.0,68.0,29.0,27.0,0.0,2.0,,,,73.0,,1611661322,False,0.5210452124033875,73.0,0.4485831887607579,41.0,111.11111111111111,87.8048780487805,23.30623306233062,81.0,90.0,72.0,73.0,32.0,0.4794520547945205,0.5167661920073495,1.2328767123287672,0.4642857142857143,0.35294117647058826,0.4383561643835616,0.2328767123287671,0.410958904109589,0.3013698630136986,0.0547945205479452,0.3561643835616438,0.1232876712328767,0.1095890410958904,0.6438356164383562,0.5294117647058824,0.6666666666666666,-0.041593157608867004,0.19753086419753085,0.1111111111111111,0.5625,0.45555555555555555,24.691358024691358,39.02439024390244,0.24444444444444444,0.14814814814814814,0.3333333333333333,0.32222222222222224,13.414634146341465,2.4390243902439024,19.51219512195122
1611661322,WAS,WAS,5,False,2026-06-06 15:03:59,2026-06-07 15:16:47,1.008888888888889,2026-06-06,2026-06-06,1.0,9,600.0,1.0,-32.0,77.0,77.0,27.0,38.0,10.0,154.0,19.0,31.0,2.0,2.0,8.0,9.0,1.0,9.0,1.0,2.0,1.0,3.0,,1.0,1.0,3.0,4.0,13.0,0.0,0.0,0.0,3.0,21.0,42.0,5.0,16.0,20.0,77.0,109.0,2.0,3.0,0.0,1.0,4.0,8.0,8.0,11.0,1.0,6.0,12.0,31.0,26.0,16.0,12.0,3.0,0.0,13.0,4.0,4.0,0.0,13.0,4.0,17.0,3.0,1.0,12.0,0.0,1.0,38.0,3.0,7.0,1.0,9.0,9.0,3.0,21.0,11.0,32.0,0.0,4.0,2.0,2.0,16.0,0.0,13.0,1.0,0.0,3.0,,0.0,17.0,5.0,7.0,19.0,26.0,0.0,0.0,1.0,26.0,1.0,1.0,3.0,27.0,3.0,0.0,11.0,0.0,4.0,4.0,0.0,0.0,4.0,,,0.0,4.0,1.0,69.0,31.0,27.0,1.0,4.0,,,,58.0,,1611661322,False,0.5561436460862635,58.0,0.31223204715970043,32.0,100.0,141.55844155844156,-41.55844155844156,77.0,77.0,109.0,58.0,26.0,0.49137931034482757,0.5509444762449914,1.3275862068965518,0.5,0.3125,0.46551724137931033,0.27586206896551724,0.5344827586206896,0.15517241379310345,0.034482758620689655,0.1896551724137931,0.05172413793103448,0.22413793103448276,0.8103448275862069,0.1875,0.6129032258064516,-0.06476433574143597,0.22077922077922077,0.2077922077922078,0.6538461538461539,0.4935064935064935,14.285714285714285,27.27272727272727,0.1038961038961039,0.12987012987012986,0.35064935064935066,0.4025974025974026,5.194805194805195,5.194805194805195,33.76623376623377
1611661322,WAS,WAS,7,False,2026-06-08 17:00:39,2026-06-09 16:24:19,0.9747685185185185,2026-06-08,2026-06-08,1.0,10,600.0,1.0,-2.0,79.0,81.0,34.0,26.0,4.0,160.0,14.0,27.0,0.0,1.0,7.0,15.0,2.0,12.0,0.0,1.0,2.0,6.0,,0.0,0.0,2.0,7.0,12.0,2.0,2.0,2.0,4.0,16.0,40.0,9.0,18.0,17.0,76.0,78.0,0.0,2.0,2.0,2.0,0.0,6.0,7.0,20.0,2.0,6.0,8.0,28.0,24.0,8.0,27.0,0.0,0.0,12.0,7.0,4.0,0.0,12.0,9.0,21.0,7.0,2.0,11.0,1.0,0.0,51.0,1.0,3.0,1.0,12.0,13.0,2.0,27.0,5.0,32.0,0.0,5.0,3.0,2.0,8.0,0.0,3.0,7.0,1.0,5.0,,0.0,15.0,0.0,7.0,6.0,23.0,0.0,4.0,3.0,26.0,1.0,1.0,6.0,24.0,0.0,0.0,10.0,0.0,2.0,5.0,1.0,0.0,2.0,,,3.0,6.0,1.0,70.0,28.0,34.0,2.0,2.0,0.0,,,58.0,,1611661322,False,0.5214404450139404,58.0,0.13795254969734527,33.0,96.20253164556962,96.29629629629629,-0.09376465072666917,79.0,76.0,78.0,58.0,25.0,0.5086206896551724,0.5542590431738623,1.3103448275862069,0.4,0.5,0.41379310344827586,0.3103448275862069,0.46551724137931033,0.20689655172413793,0.017241379310344827,0.22413793103448276,0.10344827586206896,0.20689655172413793,0.7758620689655172,0.3333333333333333,0.5185185185185185,-0.012819755358768004,0.189873417721519,0.10126582278481013,0.84,0.6710526315789473,6.329113924050633,33.33333333333333,0.07894736842105263,0.05063291139240506,0.43037974683544306,0.3684210526315789,6.172839506172839,7.4074074074074066,28.39506172839506
1611661322,WAS,WAS,11,False,2026-06-12 16:37:05,2026-06-13 15:24:02,0.9492708333333333,2026-06-12,2026-06-12,1.0,11,600.0,1.0,1.0,84.0,84.0,29.0,9.0,11.0,168.0,24.0,34.0,6.0,8.0,9.0,12.0,3.0,11.0,2.0,2.0,0.0,3.0,,0.0,0.0,2.0,2.0,15.0,0.0,3.0,1.0,3.0,29.0,47.0,2.0,18.0,22.0,86.0,85.0,7.0,10.0,0.0,3.0,2.0,16.0,10.0,16.0,1.0,5.0,11.0,34.0,40.0,18.0,6.0,0.0,8.0,15.0,2.0,5.0,0.0,20.0,2.0,22.0,2.0,0.0,17.0,2.0,1.0,46.0,5.0,10.0,0.0,10.0,15.0,1.0,26.0,15.0,41.0,1.0,8.0,8.0,0.0,18.0,3.0,9.0,4.0,0.0,9.0,0.0,0.0,22.0,1.0,5.0,9.0,14.0,0.0,2.0,1.0,24.0,0.0,2.0,2.0,26.0,1.0,1.0,7.0,0.0,6.0,2.0,0.0,0.0,1.0,0.0,,1.0,2.0,2.0,70.0,34.0,29.0,0.0,5.0,0.0,,,65.0,,1611661322,False,0.5456469285259389,65.0,0.45294530443756414,34.0,102.38095238095238,101.19047619047619,1.1904761904761898,84.0,86.0,85.0,65.0,31.0,0.49230769230769234,0.5625327053898482,1.323076923076923,0.6170212765957447,0.1111111111111111,0.4,0.27692307692307694,0.5230769230769231,0.16923076923076924,0.03076923076923077,0.2,0.046153846153846156,0.23076923076923078,0.8,0.16666666666666666,0.7058823529411765,-0.053339236218246544,0.2619047619047619,0.21428571428571427,0.7096774193548387,0.5348837209302325,17.857142857142858,30.952380952380953,0.18604651162790697,0.13095238095238096,0.34523809523809523,0.3953488372093023,9.523809523809524,2.380952380952381,16.666666666666664
1611661322,WAS,WAS,13,False,2026-06-14 15:31:17,2026-06-15 18:20:23,1.1174305555555555,2026-06-14,2026-06-14,1.0,12,600.0,1.0,-22.0,78.0,77.0,23.0,20.0,16.0,155.0,9.0,17.0,3.0,4.0,2.0,3.0,6.0,20.0,2.0,9.0,1.0,4.0,,2.0,0.0,0.0,6.0,21.0,0.0,1.0,3.0,10.0,17.0,46.0,7.0,25.0,9.0,64.0,86.0,6.0,11.0,1.0,3.0,5.0,20.0,3.0,7.0,3.0,10.0,3.0,18.0,22.0,12.0,18.0,3.0,6.0,21.0,6.0,10.0,0.0,11.0,6.0,17.0,5.0,1.0,5.0,4.0,2.0,40.0,3.0,16.0,0.0,12.0,9.0,1.0,22.0,19.0,41.0,2.0,6.0,2.0,4.0,9.0,5.0,9.0,9.0,0.0,0.0,0.0,0.0,18.0,3.0,5.0,9.0,19.0,0.0,1.0,1.0,16.0,0.0,1.0,1.0,16.0,2.0,0.0,7.0,0.0,2.0,2.0,1.0,1.0,1.0,0.0,,1.0,3.0,1.0,44.0,18.0,23.0,3.0,2.0,0.0,,,71.0,,1611661322,False,0.48576004548906954,71.0,0.41280854433045294,47.0,82.05128205128204,111.68831168831169,-29.63702963702964,78.0,64.0,86.0,71.0,24.0,0.3873239436619718,0.4100461301896463,0.9014084507042254,0.3695652173913043,0.28,0.22535211267605634,0.352112676056338,0.23943661971830985,0.28169014084507044,0.1267605633802817,0.4084507042253521,0.056338028169014086,0.29577464788732394,0.5915492957746479,0.16,0.5294117647058824,-0.09843610182709772,0.23076923076923078,0.11538461538461539,0.7083333333333334,0.625,24.358974358974358,28.57142857142857,0.3125,0.20512820512820512,0.2948717948717949,0.28125,7.792207792207792,3.896103896103896,24.675324675324674
1611661322,WAS,WAS,15,False,2026-06-16 18:24:01,2026-06-18 16:49:24,1.9342939814814815,2026-06-16,2026-06-17,1.0,13,600.0,1.0,7.0,75.0,76.0,37.0,22.0,7.0,151.0,9.0,15.0,1.0,1.0,5.0,6.0,9.0,15.0,1.0,7.0,0.0,1.0,0.0,0.0,0.0,0.0,7.0,17.0,0.0,2.0,5.0,12.0,19.0,37.0,7.0,18.0,29.0,88.0,81.0,1.0,2.0,0.0,2.0,0.0,2.0,9.0,14.0,5.0,12.0,19.0,52.0,24.0,14.0,18.0,3.0,0.0,17.0,7.0,3.0,0.0,12.0,6.0,18.0,6.0,0.0,5.0,6.0,1.0,42.0,3.0,5.0,0.0,15.0,15.0,3.0,33.0,8.0,41.0,1.0,2.0,1.0,1.0,8.0,3.0,5.0,5.0,0.0,3.0,0.0,0.0,13.0,4.0,3.0,10.0,20.0,1.0,1.0,0.0,25.0,0.0,1.0,1.0,30.0,1.0,1.0,8.0,0.0,7.0,1.0,0.0,0.0,0.0,0.0,,0.0,1.0,1.0,86.0,52.0,37.0,2.0,7.0,0.0,,,55.0,,1611661322,False,0.4764867080958135,55.0,0.2864586915235222,29.0,117.33333333333333,106.57894736842107,10.75438596491226,75.0,88.0,81.0,55.0,26.0,0.5363636363636364,0.6451612903225806,1.6,0.5135135135135135,0.3888888888888889,0.5454545454545454,0.32727272727272727,0.2727272727272727,0.2727272727272727,0.12727272727272726,0.4,0.01818181818181818,0.3090909090909091,0.6,0.05555555555555555,0.6,0.05987692826782287,0.17333333333333334,0.10666666666666667,0.6923076923076923,0.4772727272727273,10.666666666666668,43.42105263157895,0.022727272727272728,0.09333333333333334,0.49333333333333335,0.5909090909090909,2.631578947368421,1.3157894736842104,26.31578947368421
1611661322,WAS,WAS,17,False,2026-06-19 16:26:43,2026-06-20 15:27:14,0.9586921296296296,2026-06-19,2026-06-19,1.0,14,600.0,1.0,3.0,79.0,79.0,25.0,35.0,8.0,158.0,21.0,25.0,1.0,3.0,10.0,10.0,4.0,13.0,1.0,6.0,1.0,4.0,0.0,1.0,0.0,1.0,3.0,14.0,0.0,0.0,0.0,3.0,26.0,44.0,4.0,18.0,22.0,86.0,83.0,2.0,6.0,0.0,1.0,0.0,4.0,11.0,14.0,0.0,4.0,12.0,34.0,34.0,18.0,9.0,3.0,2.0,14.0,3.0,6.0,0.0,17.0,3.0,20.0,2.0,1.0,12.0,4.0,1.0,43.0,5.0,3.0,2.0,14.0,10.0,1.0,25.0,10.0,35.0,0.0,9.0,6.0,3.0,5.0,1.0,3.0,6.0,0.0,2.0,0.0,0.0,11.0,2.0,1.0,5.0,23.0,0.0,5.0,1.0,26.0,0.0,1.0,3.0,32.0,2.0,0.0,9.0,2.0,5.0,2.0,0.0,0.0,0.0,0.0,0.0,2.0,2.0,1.0,82.0,33.0,24.0,5.0,4.0,0.0,,,62.0,,1611661322,False,0.4958140712448607,62.0,0.24846853020572457,32.0,108.86075949367088,105.0632911392405,3.7974683544303787,79.0,86.0,83.0,62.0,30.0,0.5161290322580645,0.5651945320715037,1.3870967741935485,0.5909090909090909,0.2222222222222222,0.5161290322580645,0.2903225806451613,0.4032258064516129,0.20967741935483872,0.0967741935483871,0.3064516129032258,0.06451612903225806,0.22580645161290322,0.6935483870967742,0.2222222222222222,0.84,0.02031496101320379,0.13924050632911392,0.06329113924050633,0.6666666666666666,0.5,12.658227848101266,31.645569620253166,0.046511627906976744,0.10126582278481013,0.31645569620253167,0.3953488372093023,11.39240506329114,2.5316455696202533,29.11392405063291
1611661322,WAS,WAS,19,False,2026-06-21 15:43:44,2026-06-23 16:17:53,2.023715277777778,2026-06-21,2026-06-22,1.0,15,600.0,1.0,5.0,81.0,81.0,30.0,13.0,10.0,162.0,18.0,31.0,3.0,4.0,4.0,10.0,3.0,11.0,0.0,0.0,2.0,5.0,0.0,0.0,2.0,2.0,5.0,14.0,1.0,3.0,0.0,2.0,21.0,42.0,7.0,19.0,21.0,84.0,79.0,3.0,5.0,1.0,3.0,2.0,11.0,4.0,14.0,2.0,4.0,10.0,24.0,26.0,16.0,21.0,0.0,2.0,14.0,5.0,6.0,1.0,13.0,7.0,20.0,5.0,2.0,10.0,3.0,0.0,47.0,4.0,5.0,3.0,10.0,19.0,1.0,30.0,12.0,42.0,0.0,7.0,4.0,3.0,11.0,1.0,9.0,7.0,1.0,2.0,0.0,0.0,18.0,1.0,9.0,7.0,16.0,0.0,0.0,2.0,24.0,0.0,1.0,2.0,29.0,2.0,1.0,9.0,0.0,6.0,3.0,0.0,0.0,3.0,0.0,0.0,0.0,3.0,2.0,73.0,22.0,28.0,0.0,4.0,0.0,,,61.0,,1611661322,False,0.5421171377733142,61.0,0.2817647729928426,33.0,103.7037037037037,97.53086419753086,6.172839506172835,81.0,84.0,79.0,61.0,28.0,0.5163934426229508,0.56941431670282,1.3770491803278688,0.5,0.3684210526315789,0.47540983606557374,0.3114754098360656,0.5081967213114754,0.18032786885245902,0.0,0.18032786885245902,0.08196721311475409,0.22950819672131148,0.819672131147541,0.2631578947368421,0.5806451612903226,-0.025723695150363324,0.2222222222222222,0.13580246913580246,0.7142857142857143,0.5595238095238095,14.814814814814813,37.03703703703704,0.13095238095238096,0.12345679012345678,0.37037037037037035,0.2857142857142857,8.641975308641975,3.7037037037037033,19.753086419753085
1611661322,WAS,WAS,21,False,2026-06-24 16:05:29,2026-06-25 16:13:09,1.005324074074074,2026-06-24,2026-06-24,1.0,16,600.0,1.0,-2.0,84.0,85.0,19.0,21.0,6.0,169.0,8.0,14.0,2.0,4.0,3.0,3.0,11.0,27.0,2.0,4.0,1.0,3.0,0.0,0.0,0.0,0.0,4.0,13.0,0.0,1.0,2.0,6.0,21.0,45.0,5.0,16.0,19.0,76.0,78.0,3.0,5.0,0.0,1.0,0.0,6.0,3.0,6.0,2.0,6.0,9.0,21.0,26.0,16.0,12.0,3.0,6.0,13.0,4.0,6.0,0.0,13.0,4.0,17.0,3.0,1.0,5.0,6.0,2.0,38.0,3.0,4.0,0.0,15.0,19.0,3.0,37.0,7.0,44.0,0.0,4.0,2.0,2.0,7.0,2.0,4.0,11.0,2.0,3.0,0.0,1.0,18.0,1.0,2.0,9.0,22.0,0.0,1.0,4.0,25.0,0.0,0.0,3.0,27.0,2.0,1.0,11.0,0.0,3.0,2.0,0.0,0.0,0.0,0.0,1.0,1.0,2.0,1.0,70.0,21.0,19.0,3.0,3.0,0.0,,,61.0,,1611661322,False,0.4374479915924669,61.0,0.19774476743358815,35.0,90.47619047619048,91.76470588235294,-1.2885154061624604,84.0,76.0,78.0,61.0,26.0,0.4672131147540984,0.5214050493962679,1.2459016393442623,0.4666666666666667,0.3125,0.4426229508196721,0.26229508196721313,0.22950819672131148,0.4426229508196721,0.06557377049180328,0.5081967213114754,0.04918032786885246,0.21311475409836064,0.4918032786885246,0.1875,0.5714285714285714,0.02976512316163149,0.21428571428571427,0.08333333333333333,0.6538461538461539,0.5,8.333333333333332,43.529411764705884,0.07894736842105263,0.07142857142857142,0.2261904761904762,0.27631578947368424,4.705882352941177,2.3529411764705883,25.882352941176475
1611661322,WAS,WAS,23,False,2026-06-26 16:05:12,2026-06-27 15:06:40,0.9593518518518519,2026-06-26,2026-06-26,1.0,17,600.0,1.0,-11.0,76.0,77.0,19.0,18.0,11.0,153.0,12.0,24.0,1.0,7.0,2.0,5.0,0.0,9.0,2.0,4.0,1.0,7.0,0.0,0.0,0.0,1.0,4.0,11.0,0.0,1.0,1.0,3.0,14.0,37.0,5.0,18.0,14.0,57.0,68.0,1.0,8.0,0.0,1.0,0.0,2.0,3.0,9.0,1.0,4.0,7.0,16.0,24.0,4.0,12.0,3.0,0.0,11.0,4.0,5.0,1.0,12.0,4.0,16.0,4.0,0.0,11.0,0.0,1.0,36.0,5.0,9.0,0.0,5.0,28.0,3.0,36.0,14.0,50.0,5.0,3.0,2.0,1.0,12.0,1.0,9.0,10.0,1.0,3.0,0.0,3.0,22.0,2.0,5.0,5.0,15.0,0.0,3.0,3.0,20.0,0.0,1.0,1.0,25.0,0.0,0.0,10.0,0.0,2.0,4.0,0.0,0.0,0.0,0.0,0.0,4.0,4.0,4.0,55.0,16.0,19.0,0.0,2.0,0.0,,,55.0,,1611661322,False,0.5255923325738381,55.0,0.39014223577642326,36.0,75.0,88.31168831168831,-13.311688311688314,76.0,57.0,68.0,55.0,19.0,0.39090909090909093,0.4318181818181818,1.0363636363636364,0.3783783783783784,0.2777777777777778,0.45454545454545453,0.32727272727272727,0.43636363636363634,0.16363636363636364,0.07272727272727272,0.23636363636363636,0.12727272727272726,0.2,0.7636363636363637,0.3888888888888889,0.5,-0.13468324166474716,0.2894736842105263,0.15789473684210525,0.8421052631578947,0.631578947368421,18.421052631578945,46.75324675324675,0.03508771929824561,0.14473684210526316,0.25,0.2807017543859649,3.896103896103896,5.194805194805195,19.480519480519483
1611661322,WAS,WAS,25,False,2026-06-28 15:09:09,2026-06-29 16:48:32,1.0690162037037036,2026-06-28,2026-06-28,1.0,18,2400.0,1.0,1.0,117.0,116.0,36.0,37.0,21.0,233.0,22.0,31.0,5.0,5.0,8.0,11.0,10.0,34.0,0.0,4.0,3.0,9.0,0.0,1.0,0.0,0.0,7.0,20.0,2.0,3.0,0.0,4.0,32.0,69.0,10.0,29.0,30.0,124.0,123.0,6.0,9.0,2.0,4.0,7.0,25.0,10.0,21.0,0.0,4.0,16.0,36.0,44.0,20.0,30.0,0.0,4.0,20.0,7.0,8.0,0.0,22.0,10.0,32.0,7.0,3.0,14.0,8.0,0.0,74.0,4.0,16.0,1.0,18.0,18.0,0.0,36.0,21.0,57.0,1.0,10.0,8.0,2.0,12.0,1.0,8.0,7.0,0.0,4.0,0.0,1.0,19.0,2.0,4.0,9.0,23.0,1.0,2.0,2.0,39.0,1.0,5.0,4.0,41.0,2.0,0.0,12.0,0.0,9.0,7.0,2.0,2.0,0.0,0.0,0.0,7.0,9.0,2.0,99.0,33.0,34.0,1.0,7.0,0.0,,,98.0,,1611661322,False,0.4709960671806113,98.0,0.3635950979851711,56.0,105.98290598290599,106.03448275862068,-0.05157677571469321,117.0,124.0,123.0,98.0,42.0,0.47959183673469385,0.5342985177524991,1.2653061224489797,0.463768115942029,0.3448275862068966,0.41836734693877553,0.29591836734693877,0.3163265306122449,0.3469387755102041,0.04081632653061224,0.3877551020408163,0.09183673469387756,0.20408163265306123,0.6122448979591837,0.3103448275862069,0.7096774193548387,0.008595769554082533,0.1623931623931624,0.10256410256410256,0.7619047619047619,0.5967741935483871,17.94871794871795,31.03448275862069,0.20161290322580644,0.1794871794871795,0.3076923076923077,0.2903225806451613,8.620689655172415,7.758620689655173,19.82758620689655
1611661322,WAS,WAS,26,False,2026-06-29 16:48:32,2026-07-04 14:56:19,4.922071759259259,2026-06-29,2026-07-03,1.0,19,600.0,1.0,5.0,83.0,81.0,14.0,16.0,11.0,164.0,17.0,27.0,3.0,4.0,3.0,4.0,3.0,8.0,2.0,5.0,2.0,4.0,0.0,0.0,0.0,0.0,7.0,12.0,1.0,1.0,1.0,3.0,22.0,40.0,9.0,16.0,10.0,81.0,76.0,3.0,5.0,1.0,1.0,1.0,10.0,3.0,4.0,1.0,3.0,4.0,13.0,24.0,20.0,24.0,3.0,2.0,12.0,7.0,3.0,0.0,12.0,8.0,20.0,6.0,2.0,10.0,1.0,1.0,48.0,3.0,7.0,1.0,16.0,15.0,2.0,33.0,11.0,44.0,1.0,2.0,1.0,1.0,13.0,4.0,10.0,15.0,1.0,3.0,0.0,1.0,28.0,3.0,3.0,8.0,22.0,0.0,1.0,6.0,23.0,1.0,4.0,4.0,19.0,2.0,2.0,6.0,0.0,3.0,3.0,0.0,0.0,0.0,0.0,0.0,3.0,3.0,2.0,71.0,13.0,14.0,2.0,3.0,0.0,,,56.0,,1611661322,False,0.5312754413631414,56.0,0.40125996945528414,25.0,97.59036144578313,93.82716049382715,3.76320095195598,83.0,81.0,76.0,56.0,31.0,0.6339285714285714,0.6292728402734618,1.4464285714285714,0.55,0.5625,0.3392857142857143,0.2857142857142857,0.48214285714285715,0.14285714285714285,0.08928571428571429,0.23214285714285715,0.07142857142857142,0.21428571428571427,0.7678571428571429,0.25,0.6296296296296297,0.10265313006542998,0.3373493975903614,0.1566265060240964,0.6451612903225806,0.5925925925925926,13.253012048192772,40.74074074074074,0.12345679012345678,0.13253012048192772,0.1686746987951807,0.16049382716049382,2.4691358024691357,3.7037037037037033,27.160493827160494
1611661322,WAS,WAS,28,False,2026-07-05 15:04:24,2026-07-07 16:15:04,2.049074074074074,2026-07-05,2026-07-06,1.0,20,600.0,1.0,-13.0,67.0,68.0,20.0,18.0,11.0,135.0,11.0,20.0,2.0,4.0,3.0,7.0,4.0,11.0,0.0,5.0,1.0,7.0,0.0,2.0,0.0,2.0,2.0,17.0,0.0,1.0,0.0,2.0,15.0,36.0,3.0,24.0,10.0,49.0,62.0,3.0,6.0,0.0,3.0,1.0,7.0,4.0,13.0,0.0,4.0,7.0,15.0,22.0,8.0,9.0,0.0,2.0,17.0,2.0,5.0,0.0,11.0,3.0,14.0,2.0,1.0,7.0,4.0,0.0,31.0,4.0,10.0,0.0,18.0,15.0,0.0,33.0,14.0,47.0,1.0,1.0,0.0,1.0,10.0,2.0,6.0,7.0,0.0,4.0,0.0,0.0,17.0,3.0,6.0,3.0,13.0,1.0,5.0,1.0,16.0,0.0,2.0,0.0,15.0,2.0,0.0,8.0,0.0,0.0,3.0,0.0,0.0,3.0,0.0,0.0,0.0,3.0,2.0,42.0,15.0,20.0,0.0,0.0,0.0,,,60.0,,1611661322,False,0.49942442828703787,60.0,0.36526233137678943,42.0,73.13432835820896,91.17647058823529,-18.04214223002633,67.0,49.0,62.0,60.0,18.0,0.325,0.3678678678678679,0.8166666666666667,0.4166666666666667,0.125,0.25,0.4,0.3333333333333333,0.18333333333333332,0.08333333333333333,0.26666666666666666,0.11666666666666667,0.2833333333333333,0.7333333333333333,0.2916666666666667,0.55,-0.17442442828703786,0.2537313432835821,0.14925373134328357,0.7777777777777778,0.6326530612244898,20.8955223880597,48.529411764705884,0.14285714285714285,0.16417910447761194,0.29850746268656714,0.30612244897959184,1.4705882352941175,4.411764705882353,19.11764705882353
1611661322,WAS,WAS,33,False,2026-07-12 14:45:23,2026-07-13 16:18:46,1.064849537037037,2026-07-12,2026-07-12,1.0,21,600.0,1.0,5.0,80.0,81.0,22.0,26.0,10.0,161.0,12.0,17.0,3.0,5.0,4.0,6.0,9.0,30.0,5.0,6.0,0.0,3.0,0.0,1.0,0.0,2.0,5.0,16.0,0.0,2.0,1.0,5.0,26.0,53.0,5.0,19.0,17.0,84.0,79.0,6.0,10.0,0.0,3.0,4.0,16.0,7.0,19.0,1.0,7.0,7.0,24.0,36.0,16.0,15.0,0.0,2.0,16.0,5.0,4.0,0.0,18.0,5.0,23.0,5.0,0.0,9.0,5.0,4.0,51.0,7.0,7.0,1.0,6.0,17.0,1.0,24.0,15.0,39.0,1.0,10.0,5.0,5.0,12.0,0.0,8.0,3.0,2.0,4.0,1.0,0.0,15.0,0.0,1.0,8.0,17.0,0.0,3.0,0.0,24.0,0.0,0.0,3.0,23.0,6.0,0.0,12.0,0.0,2.0,3.0,0.0,0.0,0.0,0.0,0.0,3.0,3.0,1.0,68.0,24.0,22.0,2.0,2.0,0.0,,,72.0,,1611661322,False,0.4551064508139512,72.0,0.34171382349500123,41.0,105.0,97.53086419753086,7.46913580246914,80.0,84.0,79.0,72.0,31.0,0.4652777777777778,0.5114466634193863,1.1666666666666667,0.49056603773584906,0.2631578947368421,0.3194444444444444,0.2638888888888889,0.2361111111111111,0.4166666666666667,0.08333333333333333,0.5,0.041666666666666664,0.2222222222222222,0.5,0.15789473684210525,0.7058823529411765,0.01017132696382661,0.1875,0.15,0.7419354838709677,0.6071428571428571,18.75,29.629629629629626,0.19047619047619047,0.125,0.275,0.2857142857142857,12.345679012345679,3.7037037037037033,20.98765432098765
1611661322,WAS,WAS,35,False,2026-07-14 15:13:54,2026-07-15 15:15:46,1.0012962962962964,2026-07-14,2026-07-14,1.0,22,600.0,1.0,17.0,71.0,71.0,23.0,13.0,17.0,142.0,23.0,42.0,8.0,16.0,6.0,16.0,3.0,8.0,0.0,2.0,2.0,6.0,0.0,0.0,1.0,1.0,2.0,17.0,0.0,3.0,1.0,3.0,26.0,52.0,4.0,23.0,15.0,79.0,62.0,9.0,18.0,0.0,3.0,2.0,20.0,6.0,19.0,2.0,4.0,9.0,27.0,30.0,22.0,9.0,3.0,10.0,17.0,2.0,4.0,0.0,15.0,3.0,18.0,1.0,2.0,15.0,0.0,0.0,39.0,7.0,14.0,2.0,13.0,18.0,0.0,31.0,23.0,54.0,4.0,3.0,3.0,0.0,3.0,1.0,1.0,8.0,1.0,2.0,1.0,1.0,11.0,1.0,2.0,3.0,17.0,0.0,3.0,3.0,22.0,0.0,5.0,2.0,19.0,3.0,0.0,9.0,0.0,2.0,5.0,1.0,1.0,2.0,0.0,0.0,3.0,6.0,3.0,59.0,27.0,23.0,2.0,2.0,0.0,,,75.0,,1611661322,False,0.5637510655768635,75.0,0.4692730572768274,45.0,111.26760563380283,87.32394366197182,23.943661971831006,71.0,79.0,62.0,75.0,30.0,0.4266666666666667,0.47384836852207296,1.0533333333333332,0.5,0.17391304347826086,0.25333333333333335,0.30666666666666664,0.56,0.10666666666666667,0.02666666666666667,0.13333333333333333,0.08,0.22666666666666666,0.8666666666666667,0.2608695652173913,0.5476190476190477,-0.1370843989101968,0.15492957746478872,0.04225352112676056,0.6,0.4936708860759494,32.3943661971831,43.66197183098591,0.25316455696202533,0.23943661971830985,0.323943661971831,0.34177215189873417,4.225352112676056,8.450704225352112,23.943661971830984
1611661322,WAS,WAS,37,False,2026-07-16 15:23:36,2026-07-17 15:04:07,0.9864699074074074,2026-07-16,2026-07-16,1.0,23,600.0,1.0,-19.0,75.0,74.0,22.0,11.0,15.0,149.0,13.0,17.0,4.0,5.0,2.0,4.0,4.0,21.0,0.0,5.0,1.0,5.0,0.0,1.0,0.0,0.0,1.0,16.0,0.0,3.0,0.0,6.0,17.0,43.0,2.0,21.0,16.0,56.0,75.0,5.0,11.0,0.0,4.0,5.0,15.0,2.0,11.0,0.0,6.0,7.0,11.0,18.0,16.0,6.0,0.0,6.0,16.0,1.0,2.0,0.0,9.0,2.0,11.0,1.0,1.0,7.0,2.0,0.0,24.0,8.0,11.0,1.0,22.0,8.0,0.0,30.0,20.0,50.0,2.0,4.0,4.0,0.0,10.0,5.0,8.0,10.0,2.0,2.0,0.0,0.0,20.0,1.0,7.0,6.0,15.0,0.0,2.0,2.0,26.0,0.0,2.0,4.0,23.0,2.0,0.0,11.0,0.0,2.0,4.0,0.0,0.0,2.0,0.0,0.0,2.0,4.0,2.0,41.0,11.0,22.0,0.0,2.0,0.0,,,64.0,,1611661322,False,0.491948852691543,64.0,0.4392638474021674,45.0,74.66666666666667,101.35135135135135,-26.684684684684683,75.0,56.0,75.0,64.0,19.0,0.3125,0.37776578521316784,0.875,0.3953488372093023,0.09523809523809523,0.359375,0.328125,0.265625,0.328125,0.078125,0.40625,0.078125,0.25,0.59375,0.23809523809523808,0.7647058823529411,-0.17944885269154298,0.26666666666666666,0.13333333333333333,0.5789473684210527,0.42857142857142855,26.666666666666668,40.54054054054054,0.26785714285714285,0.2,0.29333333333333333,0.19642857142857142,5.405405405405405,5.405405405405405,20.27027027027027
1611661322,WAS,WAS,39,False,2026-07-18 14:42:59,2026-07-19 14:45:02,1.001423611111111,2026-07-18,2026-07-18,1.0,24,600.0,1.0,-5.0,68.0,67.0,9.0,13.0,11.0,135.0,0.0,2.0,0.0,0.0,0.0,0.0,20.0,33.0,1.0,2.0,0.0,6.0,0.0,1.0,0.0,1.0,6.0,17.0,1.0,3.0,2.0,4.0,21.0,37.0,6.0,23.0,9.0,69.0,74.0,3.0,4.0,1.0,4.0,2.0,11.0,4.0,5.0,2.0,5.0,3.0,17.0,26.0,16.0,15.0,3.0,2.0,17.0,6.0,2.0,0.0,13.0,5.0,18.0,5.0,0.0,0.0,13.0,0.0,41.0,7.0,6.0,0.0,15.0,10.0,5.0,30.0,13.0,43.0,2.0,5.0,4.0,1.0,8.0,3.0,5.0,6.0,0.0,3.0,0.0,0.0,14.0,2.0,0.0,8.0,17.0,0.0,1.0,1.0,16.0,0.0,2.0,1.0,11.0,1.0,0.0,6.0,0.0,0.0,5.0,0.0,0.0,1.0,0.0,0.0,4.0,5.0,3.0,58.0,17.0,9.0,3.0,0.0,0.0,,,60.0,,1611661322,False,0.4274369689326306,60.0,0.39494245503571834,33.0,101.47058823529412,110.44776119402985,-8.977172958735736,68.0,69.0,74.0,60.0,27.0,0.5,0.5320789636027143,1.15,0.5675675675675675,0.2608695652173913,0.18333333333333332,0.38333333333333336,0.03333333333333333,0.55,0.03333333333333333,0.5833333333333334,0.1,0.2833333333333333,0.4166666666666667,0.2608695652173913,0.0,0.07256303106736939,0.20588235294117646,0.11764705882352941,0.6666666666666666,0.5942028985507246,19.11764705882353,44.776119402985074,0.15942028985507245,0.16176470588235295,0.1323529411764706,0.2463768115942029,7.462686567164178,7.462686567164178,25.37313432835821
1611661322,WAS,WAS,41,False,2026-07-20 15:42:54,2026-07-21 15:27:31,0.9893171296296296,2026-07-20,2026-07-20,1.0,25,600.0,1.0,8.0,76.0,76.0,11.0,7.0,9.0,152.0,14.0,20.0,4.0,6.0,2.0,2.0,6.0,16.0,3.0,4.0,3.0,5.0,0.0,1.0,0.0,0.0,6.0,16.0,0.0,1.0,0.0,1.0,23.0,40.0,9.0,21.0,17.0,90.0,82.0,4.0,7.0,0.0,2.0,3.0,11.0,5.0,5.0,0.0,1.0,8.0,18.0,32.0,14.0,27.0,0.0,4.0,16.0,6.0,4.0,0.0,16.0,9.0,25.0,6.0,3.0,9.0,4.0,3.0,59.0,6.0,7.0,0.0,14.0,17.0,1.0,32.0,13.0,45.0,0.0,4.0,4.0,0.0,10.0,1.0,6.0,7.0,0.0,4.0,0.0,2.0,17.0,1.0,2.0,5.0,14.0,0.0,0.0,3.0,15.0,0.0,1.0,0.0,21.0,3.0,0.0,9.0,0.0,3.0,5.0,0.0,0.0,4.0,0.0,1.0,0.0,5.0,5.0,79.0,18.0,11.0,0.0,3.0,0.0,,,61.0,,1611661322,False,0.4995465243965148,61.0,0.4502436825944383,29.0,118.42105263157893,107.89473684210526,10.52631578947367,76.0,90.0,82.0,61.0,32.0,0.5983606557377049,0.6406605922551253,1.4754098360655739,0.575,0.42857142857142855,0.3442622950819672,0.3442622950819672,0.32786885245901637,0.26229508196721313,0.06557377049180328,0.32786885245901637,0.08196721311475409,0.26229508196721313,0.6721311475409836,0.23809523809523808,0.7,0.0988141313411901,0.2236842105263158,0.13157894736842105,0.78125,0.6555555555555556,17.105263157894736,42.10526315789473,0.12222222222222222,0.11842105263157894,0.14473684210526316,0.2,5.263157894736842,6.578947368421052,18.421052631578945
1611661322,WAS,WAS,42,False,2026-07-21 15:27:31,2026-07-23 15:46:30,2.0131828703703705,2026-07-21,2026-07-22,1.0,26,600.0,1.0,1.0,78.0,79.0,34.0,23.0,16.0,157.0,20.0,30.0,4.0,7.0,9.0,14.0,6.0,24.0,2.0,4.0,2.0,3.0,1.0,1.0,1.0,1.0,5.0,10.0,0.0,1.0,3.0,5.0,28.0,58.0,7.0,13.0,23.0,100.0,99.0,6.0,12.0,1.0,2.0,4.0,19.0,13.0,24.0,4.0,6.0,11.0,49.0,38.0,18.0,15.0,6.0,6.0,10.0,5.0,6.0,0.0,19.0,5.0,24.0,3.0,2.0,12.0,5.0,2.0,53.0,3.0,15.0,2.0,7.0,17.0,0.0,24.0,20.0,44.0,2.0,3.0,3.0,0.0,10.0,1.0,6.0,3.0,0.0,4.0,0.0,0.0,13.0,2.0,6.0,12.0,21.0,0.0,0.0,0.0,25.0,0.0,1.0,2.0,31.0,3.0,0.0,12.0,0.0,5.0,1.0,0.0,0.0,0.0,0.0,1.0,0.0,1.0,1.0,81.0,49.0,34.0,4.0,4.0,0.0,,,71.0,,1611661322,False,0.48659567377389784,71.0,0.5027766493851813,36.0,128.2051282051282,125.31645569620254,2.8886725089256657,78.0,100.0,99.0,71.0,35.0,0.5422535211267606,0.5907372400756143,1.408450704225352,0.4827586206896552,0.5384615384615384,0.43661971830985913,0.18309859154929578,0.4225352112676056,0.3380281690140845,0.056338028169014086,0.39436619718309857,0.04225352112676056,0.14084507042253522,0.6056338028169014,0.23076923076923078,0.6666666666666666,0.05565784735286278,0.16666666666666666,0.1282051282051282,0.6857142857142857,0.53,25.64102564102564,30.37974683544304,0.19,0.20512820512820512,0.4358974358974359,0.49,3.79746835443038,1.2658227848101267,26.582278481012654
1611661322,WAS,WAS,43,False,2026-07-23 15:46:30,2026-07-29 15:43:06,5.997638888888889,2026-07-23,2026-07-28,1.0,27,600.0,1.0,8.0,78.0,78.0,22.0,19.0,14.0,156.0,13.0,28.0,3.0,8.0,4.0,6.0,9.0,24.0,1.0,3.0,1.0,5.0,0.0,1.0,0.0,0.0,5.0,7.0,1.0,1.0,1.0,1.0,23.0,55.0,6.0,12.0,28.0,92.0,84.0,5.0,15.0,1.0,2.0,1.0,14.0,5.0,8.0,1.0,1.0,11.0,24.0,28.0,18.0,18.0,0.0,8.0,7.0,5.0,8.0,0.0,14.0,6.0,20.0,5.0,1.0,9.0,5.0,0.0,46.0,2.0,15.0,2.0,11.0,18.0,2.0,31.0,19.0,50.0,4.0,5.0,4.0,1.0,6.0,2.0,0.0,8.0,1.0,6.0,0.0,2.0,14.0,1.0,6.0,9.0,17.0,0.0,1.0,1.0,26.0,0.0,1.0,2.0,33.0,2.0,1.0,15.0,0.0,2.0,6.0,1.0,0.0,2.0,1.0,0.0,4.0,7.0,2.0,78.0,24.0,22.0,1.0,2.0,0.0,,,67.0,,1611661322,False,0.4917251793210653,67.0,0.4490073156326365,38.0,117.94871794871796,107.6923076923077,10.256410256410263,78.0,92.0,84.0,67.0,29.0,0.47761194029850745,0.5642787046123651,1.373134328358209,0.41818181818181815,0.5,0.4925373134328358,0.1791044776119403,0.417910447761194,0.3582089552238806,0.04477611940298507,0.40298507462686567,0.07462686567164178,0.1044776119402985,0.5970149253731343,0.4166666666666667,0.4642857142857143,-0.014113239022557844,0.1794871794871795,0.07692307692307693,0.6896551724137931,0.5,24.358974358974358,39.743589743589745,0.15217391304347827,0.1794871794871795,0.28205128205128205,0.2608695652173913,6.41025641025641,8.974358974358974,21.794871794871796
1611661322,WAS,WAS,45,False,2026-07-31 15:52:06,2026-08-01 14:50:36,0.9572916666666667,2026-07-31,2026-07-31,1.0,28,600.0,1.0,6.0,74.0,73.0,25.0,14.0,10.0,147.0,18.0,25.0,4.0,8.0,5.0,7.0,4.0,23.0,2.0,6.0,1.0,3.0,0.0,0.0,0.0,1.0,1.0,14.0,0.0,2.0,1.0,4.0,24.0,54.0,2.0,17.0,27.0,81.0,75.0,6.0,14.0,0.0,2.0,5.0,17.0,7.0,19.0,1.0,5.0,13.0,30.0,30.0,18.0,6.0,0.0,4.0,14.0,1.0,7.0,0.0,15.0,2.0,17.0,1.0,1.0,12.0,2.0,1.0,36.0,5.0,14.0,0.0,19.0,13.0,0.0,32.0,19.0,51.0,1.0,1.0,1.0,0.0,3.0,3.0,2.0,5.0,0.0,1.0,0.0,0.0,8.0,0.0,4.0,5.0,15.0,0.0,2.0,1.0,23.0,0.0,2.0,1.0,31.0,3.0,0.0,15.0,0.0,2.0,4.0,0.0,0.0,0.0,0.0,2.0,2.0,4.0,3.0,64.0,30.0,25.0,0.0,2.0,0.0,,,71.0,,1611661322,False,0.49284996300591855,71.0,0.43963570090204485,45.0,109.45945945945945,102.73972602739727,6.719733432062185,74.0,81.0,75.0,71.0,26.0,0.38028169014084506,0.4784971644612476,1.1408450704225352,0.4444444444444444,0.11764705882352941,0.43661971830985913,0.23943661971830985,0.352112676056338,0.323943661971831,0.08450704225352113,0.4084507042253521,0.04225352112676056,0.19718309859154928,0.5915492957746479,0.17647058823529413,0.72,-0.11256827286507348,0.10810810810810811,0.04054054054054054,0.6538461538461539,0.4444444444444444,25.675675675675674,43.83561643835616,0.20987654320987653,0.13513513513513514,0.33783783783783783,0.37037037037037035,1.36986301369863,5.47945205479452,20.54794520547945
1611661322,WAS,WAS,50,False,2026-08-05 15:53:24,2026-08-07 14:43:29,1.9514467592592593,2026-08-05,2026-08-06,1.0,29,,1.0,4.0,79.0,79.0,26.0,24.0,9.0,158.0,17.0,25.0,3.0,4.0,8.0,10.0,7.0,16.0,1.0,3.0,3.0,8.0,0.0,0.0,0.0,1.0,5.0,14.0,0.0,1.0,1.0,2.0,25.0,44.0,8.0,22.0,22.0,96.0,92.0,4.0,7.0,0.0,1.0,1.0,9.0,13.0,17.0,1.0,3.0,12.0,41.0,24.0,26.0,21.0,3.0,2.0,14.0,5.0,5.0,1.0,12.0,7.0,19.0,4.0,3.0,7.0,4.0,1.0,45.0,4.0,4.0,1.0,11.0,14.0,3.0,28.0,9.0,37.0,1.0,6.0,2.0,4.0,6.0,2.0,5.0,6.0,0.0,1.0,0.0,0.0,12.0,1.0,2.0,7.0,21.0,0.0,3.0,1.0,26.0,0.0,0.0,1.0,26.0,6.0,0.0,13.0,0.0,3.0,3.0,0.0,0.0,1.0,0.0,0.0,2.0,3.0,2.0,87.0,41.0,26.0,4.0,3.0,0.0,,,66.0,,1611661322,False,0.5074884711012656,66.0,0.24025715131436567,33.0,121.51898734177216,116.45569620253164,5.063291139240519,79.0,96.0,92.0,66.0,33.0,0.5606060606060606,0.6198347107438017,1.4545454545454546,0.5681818181818182,0.36363636363636365,0.3939393939393939,0.3333333333333333,0.3787878787878788,0.24242424242424243,0.045454545454545456,0.2878787878787879,0.12121212121212122,0.21212121212121213,0.7121212121212122,0.36363636363636365,0.68,0.05311758950479495,0.1518987341772152,0.0759493670886076,0.5757575757575758,0.46875,11.39240506329114,35.44303797468354,0.09375,0.11392405063291139,0.3291139240506329,0.4270833333333333,7.59493670886076,3.79746835443038,26.582278481012654
1611661322,WAS,WAS,51,False,2026-08-07 14:43:29,2026-08-08 14:20:53,0.9843055555555555,2026-08-07,2026-08-07,1.0,30,2400.0,1.0,5.0,84.0,85.0,28.0,24.0,12.0,169.0,18.0,31.0,6.0,8.0,6.0,12.0,4.0,15.0,1.0,2.0,1.0,3.0,1.0,1.0,1.0,1.0,5.0,11.0,0.0,0.0,1.0,2.0,23.0,48.0,6.0,14.0,15.0,79.0,74.0,7.0,10.0,1.0,1.0,0.0,17.0,8.0,16.0,2.0,3.0,5.0,27.0,16.0,30.0,18.0,0.0,12.0,11.0,5.0,7.0,0.0,8.0,6.0,14.0,5.0,1.0,6.0,2.0,0.0,34.0,1.0,12.0,1.0,10.0,22.0,6.0,38.0,14.0,52.0,2.0,6.0,4.0,2.0,5.0,1.0,2.0,13.0,1.0,3.0,0.0,5.0,18.0,2.0,5.0,10.0,27.0,1.0,3.0,3.0,29.0,1.0,2.0,3.0,34.0,0.0,0.0,9.0,0.0,8.0,12.0,0.0,0.0,3.0,0.0,0.0,9.0,12.0,4.0,62.0,27.0,28.0,6.0,8.0,0.0,,,62.0,,1611661322,False,0.5147605387717102,62.0,0.3945806819113362,33.0,94.04761904761905,87.05882352941177,6.988795518207283,84.0,79.0,74.0,62.0,29.0,0.5161290322580645,0.5132536382536382,1.2741935483870968,0.4791666666666667,0.42857142857142855,0.5483870967741935,0.22580645161290322,0.5,0.24193548387096775,0.03225806451612903,0.27419354838709675,0.04838709677419355,0.1774193548387097,0.7258064516129032,0.21428571428571427,0.5806451612903226,0.0013684934863542608,0.21428571428571427,0.05952380952380952,0.4827586206896552,0.43037974683544306,16.666666666666664,44.70588235294118,0.21518987341772153,0.14285714285714285,0.3333333333333333,0.34177215189873417,7.0588235294117645,14.117647058823529,31.76470588235294
1611661322,WAS,WAS,53,False,2026-08-09 14:22:34,2026-08-10 14:48:26,1.017962962962963,2026-08-09,2026-08-09,1.0,31,2400.0,1.0,20.0,79.0,80.0,11.0,21.0,10.0,159.0,19.0,26.0,2.0,3.0,1.0,3.0,3.0,12.0,3.0,5.0,6.0,12.0,0.0,0.0,0.0,0.0,5.0,17.0,1.0,2.0,1.0,3.0,25.0,43.0,11.0,29.0,12.0,95.0,75.0,3.0,7.0,1.0,2.0,2.0,11.0,1.0,4.0,1.0,3.0,0.0,5.0,30.0,20.0,27.0,6.0,0.0,17.0,5.0,3.0,0.0,15.0,9.0,24.0,3.0,6.0,11.0,1.0,3.0,57.0,6.0,4.0,0.0,14.0,16.0,1.0,31.0,10.0,41.0,2.0,11.0,7.0,4.0,5.0,1.0,3.0,3.0,1.0,2.0,0.0,0.0,8.0,0.0,4.0,3.0,17.0,0.0,1.0,1.0,15.0,0.0,0.0,2.0,19.0,1.0,0.0,9.0,0.0,1.0,3.0,1.0,1.0,2.0,0.0,1.0,0.0,4.0,3.0,84.0,5.0,11.0,1.0,1.0,0.0,,,72.0,,1611661322,False,0.5404322660535917,72.0,0.27639449778466957,36.0,120.25316455696202,93.75,26.50316455696202,79.0,95.0,75.0,72.0,36.0,0.5763888888888888,0.5910900945744151,1.3194444444444444,0.5813953488372093,0.3793103448275862,0.2638888888888889,0.4027777777777778,0.3611111111111111,0.16666666666666666,0.06944444444444445,0.2361111111111111,0.16666666666666666,0.2361111111111111,0.7638888888888888,0.41379310344827586,0.7307692307692307,0.0359566228352971,0.10126582278481013,0.06329113924050633,0.6666666666666666,0.6,12.658227848101266,38.75,0.11578947368421053,0.12658227848101267,0.13924050632911392,0.05263157894736842,13.750000000000002,5.0,21.25
1611661323,CON,CON,0,True,,2026-06-02 22:58:54,,,2026-06-01,10.0,10,8400.0,10.0,-125.0,799.0,807.0,231.0,299.0,116.0,1606.0,129.0,217.0,27.0,47.0,41.0,67.0,62.0,177.0,37.0,95.0,10.0,33.0,1.0,2.0,2.0,10.0,43.0,168.0,7.0,27.0,15.0,47.0,228.0,489.0,53.0,201.0,141.0,756.0,881.0,42.0,90.0,8.0,29.0,21.0,129.0,60.0,131.0,17.0,57.0,56.0,227.0,260.0,196.0,147.0,12.0,42.0,168.0,43.0,50.0,3.0,130.0,49.0,179.0,39.0,10.0,76.0,27.0,27.0,407.0,44.0,87.0,11.0,103.0,114.0,32.0,249.0,142.0,391.0,16.0,87.0,56.0,31.0,86.0,13.0,61.0,78.0,8.0,25.0,3.0,10.0,164.0,11.0,41.0,93.0,237.0,4.0,25.0,17.0,208.0,4.0,13.0,17.0,208.0,22.0,4.0,86.0,2.0,24.0,33.0,5.0,3.0,18.0,2.0,1.0,14.0,38.0,18.0,627.0,224.0,229.0,42.0,18.0,,,,690.0,,1611661323,False,0.499478216374269,690.0,0.329145728643216,409.0,94.61827284105131,109.16976456009913,-14.551491719047817,79.9,75.6,88.1,690.0,281.0,0.44565217391304346,0.4836728426655748,1.0956521739130434,0.4662576687116564,0.263681592039801,0.30144927536231886,0.29130434782608694,0.3144927536231884,0.2565217391304348,0.13768115942028986,0.39420289855072466,0.04782608695652174,0.24347826086956523,0.6057971014492753,0.16417910447761194,0.5944700460829493,-0.05382604246122552,0.20525657071339173,0.10763454317897372,0.6370106761565836,0.5383597883597884,17.77221526908636,30.855018587360593,0.17063492063492064,0.14518147684605756,0.28911138923654567,0.3002645502645503,10.780669144981413,4.708798017348203,29.36802973977695
1611661323,CON,CON,1,False,2026-06-02 22:58:54,2026-06-03 21:18:01,0.9299421296296296,2026-06-02,2026-06-02,1.0,11,1200.0,1.0,-16.0,76.0,77.0,19.0,20.0,6.0,153.0,15.0,17.0,1.0,1.0,3.0,3.0,5.0,15.0,2.0,6.0,1.0,3.0,0.0,0.0,0.0,0.0,3.0,14.0,0.0,1.0,0.0,3.0,22.0,38.0,4.0,17.0,19.0,75.0,91.0,1.0,2.0,0.0,1.0,1.0,3.0,4.0,6.0,0.0,3.0,8.0,16.0,28.0,16.0,9.0,3.0,0.0,14.0,3.0,1.0,0.0,14.0,3.0,17.0,2.0,1.0,9.0,3.0,2.0,37.0,3.0,4.0,0.0,17.0,7.0,3.0,27.0,7.0,34.0,1.0,8.0,4.0,4.0,10.0,0.0,7.0,4.0,1.0,3.0,0.0,1.0,14.0,2.0,5.0,7.0,18.0,1.0,1.0,1.0,20.0,0.0,2.0,0.0,29.0,2.0,1.0,11.0,0.0,4.0,5.0,0.0,0.0,3.0,0.0,0.0,2.0,5.0,2.0,72.0,16.0,19.0,1.0,4.0,,,,55.0,,1611661323,False,0.500882801377056,55.0,0.23911834874932006,29.0,98.68421052631578,118.18181818181819,-19.497607655502406,76.0,75.0,91.0,55.0,26.0,0.509090909090909,0.5534238488783942,1.3636363636363635,0.5789473684210527,0.23529411764705882,0.5272727272727272,0.3090909090909091,0.3090909090909091,0.2727272727272727,0.10909090909090909,0.38181818181818183,0.05454545454545454,0.2545454545454545,0.6181818181818182,0.17647058823529413,0.8823529411764706,0.008208107713853052,0.18421052631578946,0.13157894736842105,0.6538461538461539,0.49333333333333335,9.210526315789473,35.064935064935064,0.04,0.07894736842105263,0.25,0.21333333333333335,10.38961038961039,6.493506493506493,23.376623376623375
1611661323,CON,CON,4,False,2026-06-05 16:24:13,2026-06-06 15:03:59,0.9442824074074074,2026-06-05,2026-06-05,1.0,12,600.0,1.0,-5.0,77.0,76.0,27.0,25.0,15.0,153.0,17.0,29.0,7.0,9.0,4.0,8.0,7.0,17.0,2.0,7.0,1.0,2.0,0.0,0.0,1.0,1.0,3.0,16.0,0.0,0.0,0.0,6.0,26.0,53.0,4.0,18.0,16.0,80.0,85.0,9.0,14.0,0.0,0.0,1.0,19.0,7.0,14.0,1.0,7.0,9.0,26.0,30.0,22.0,12.0,0.0,8.0,16.0,3.0,7.0,0.0,15.0,4.0,19.0,3.0,1.0,10.0,4.0,1.0,42.0,5.0,12.0,0.0,7.0,19.0,2.0,28.0,17.0,45.0,1.0,6.0,5.0,1.0,9.0,1.0,9.0,6.0,1.0,0.0,1.0,1.0,15.0,2.0,5.0,10.0,21.0,0.0,1.0,1.0,22.0,0.0,2.0,2.0,21.0,4.0,2.0,7.0,1.0,3.0,7.0,0.0,0.0,6.0,0.0,0.0,1.0,7.0,4.0,61.0,26.0,27.0,2.0,3.0,0.0,,,71.0,,1611661323,False,0.5294463307238496,71.0,0.4250691280538864,41.0,103.89610389610388,111.8421052631579,-7.9460013670540235,77.0,80.0,85.0,71.0,30.0,0.4507042253521127,0.4985044865403789,1.1267605633802817,0.49056603773584906,0.2222222222222222,0.29577464788732394,0.2535211267605634,0.4084507042253521,0.23943661971830985,0.09859154929577464,0.3380281690140845,0.028169014084507043,0.22535211267605634,0.6619718309859155,0.1111111111111111,0.5862068965517241,-0.07874210537173693,0.19480519480519481,0.11688311688311688,0.6333333333333333,0.525,22.07792207792208,36.84210526315789,0.2375,0.19480519480519481,0.35064935064935066,0.325,7.894736842105263,9.210526315789473,27.631578947368425
1611661323,CON,CON,7,False,2026-06-08 17:00:39,2026-06-09 16:24:19,0.9747685185185185,2026-06-08,2026-06-08,1.0,13,600.0,1.0,-9.0,80.0,82.0,28.0,34.0,7.0,162.0,15.0,25.0,2.0,4.0,8.0,11.0,10.0,24.0,4.0,8.0,0.0,1.0,0.0,0.0,0.0,1.0,3.0,12.0,1.0,1.0,1.0,6.0,29.0,57.0,3.0,13.0,13.0,80.0,89.0,2.0,4.0,1.0,1.0,0.0,7.0,10.0,17.0,1.0,7.0,7.0,30.0,36.0,22.0,9.0,0.0,2.0,12.0,3.0,4.0,0.0,18.0,3.0,21.0,3.0,0.0,10.0,6.0,2.0,45.0,2.0,5.0,1.0,11.0,10.0,2.0,23.0,8.0,31.0,3.0,8.0,4.0,4.0,4.0,0.0,2.0,6.0,1.0,2.0,1.0,0.0,10.0,2.0,4.0,8.0,28.0,0.0,3.0,2.0,23.0,0.0,0.0,5.0,23.0,4.0,1.0,7.0,1.0,4.0,3.0,0.0,0.0,0.0,0.0,0.0,3.0,3.0,0.0,73.0,30.0,28.0,6.0,3.0,0.0,,,70.0,,1611661323,False,0.47934170161097994,70.0,0.18070093609158128,38.0,100.0,108.53658536585367,-8.536585365853668,80.0,80.0,89.0,70.0,32.0,0.4785714285714286,0.4992511233150274,1.1428571428571428,0.5087719298245614,0.23076923076923078,0.32857142857142857,0.18571428571428572,0.35714285714285715,0.34285714285714286,0.11428571428571428,0.45714285714285713,0.014285714285714285,0.17142857142857143,0.5428571428571428,0.07692307692307693,0.6,-0.0007702730395513502,0.125,0.05,0.65625,0.5625,10.0,28.04878048780488,0.0875,0.0875,0.35,0.375,9.75609756097561,3.6585365853658534,34.146341463414636
1611661323,CON,CON,9,False,2026-06-10 16:54:00,2026-06-11 17:31:15,1.0258680555555555,2026-06-10,2026-06-10,1.0,14,900.0,1.0,-4.0,88.0,87.0,39.0,45.0,15.0,175.0,12.0,18.0,4.0,7.0,1.0,3.0,8.0,19.0,5.0,12.0,3.0,7.0,0.0,1.0,1.0,1.0,6.0,18.0,1.0,4.0,4.0,10.0,25.0,49.0,9.0,25.0,25.0,102.0,106.0,6.0,12.0,1.0,5.0,4.0,19.0,5.0,14.0,5.0,11.0,18.0,43.0,28.0,22.0,21.0,6.0,6.0,18.0,6.0,2.0,1.0,14.0,7.0,21.0,4.0,3.0,6.0,7.0,1.0,49.0,8.0,11.0,3.0,10.0,15.0,2.0,27.0,22.0,49.0,4.0,3.0,2.0,1.0,12.0,2.0,11.0,7.0,1.0,1.0,0.0,0.0,19.0,3.0,10.0,17.0,29.0,0.0,2.0,3.0,32.0,0.0,1.0,3.0,37.0,1.0,0.0,13.0,0.0,6.0,6.0,0.0,0.0,3.0,0.0,0.0,3.0,6.0,4.0,83.0,43.0,39.0,4.0,6.0,0.0,,,74.0,,1611661323,False,0.4616853617750025,74.0,0.4868965674140938,40.0,115.90909090909092,121.83908045977012,-5.9299895506791955,88.0,102.0,106.0,74.0,34.0,0.5202702702702703,0.5649091714665485,1.3783783783783783,0.5102040816326531,0.36,0.5,0.33783783783783783,0.24324324324324326,0.25675675675675674,0.16216216216216217,0.4189189189189189,0.0945945945945946,0.24324324324324326,0.581081081081081,0.28,0.6666666666666666,0.05858490849526776,0.2159090909090909,0.13636363636363635,0.6176470588235294,0.4803921568627451,25.0,31.03448275862069,0.18627450980392157,0.17045454545454544,0.4431818181818182,0.4215686274509804,3.4482758620689653,6.896551724137931,33.33333333333333
1611661323,CON,CON,12,False,2026-06-13 15:24:02,2026-06-14 15:31:17,1.0050347222222222,2026-06-13,2026-06-13,1.0,15,600.0,1.0,-10.0,76.0,76.0,10.0,16.0,10.0,152.0,13.0,26.0,0.0,2.0,3.0,3.0,9.0,20.0,5.0,12.0,1.0,3.0,0.0,1.0,0.0,2.0,4.0,14.0,0.0,1.0,0.0,1.0,27.0,58.0,5.0,17.0,6.0,75.0,85.0,0.0,8.0,0.0,2.0,1.0,1.0,5.0,7.0,0.0,3.0,4.0,14.0,40.0,14.0,12.0,3.0,0.0,14.0,4.0,5.0,0.0,20.0,4.0,24.0,3.0,1.0,10.0,8.0,2.0,52.0,4.0,8.0,0.0,8.0,9.0,2.0,19.0,12.0,31.0,1.0,7.0,4.0,3.0,4.0,1.0,3.0,5.0,1.0,1.0,0.0,1.0,9.0,0.0,1.0,8.0,22.0,0.0,2.0,2.0,16.0,0.0,3.0,3.0,9.0,1.0,2.0,4.0,0.0,0.0,4.0,0.0,0.0,2.0,0.0,0.0,2.0,4.0,2.0,74.0,14.0,10.0,1.0,0.0,1.0,,,75.0,,1611661323,False,0.46934251339873756,75.0,0.2778815891278659,43.0,98.68421052631578,111.8421052631579,-13.157894736842124,76.0,75.0,85.0,75.0,32.0,0.46,0.47492401215805474,1.0,0.46551724137931033,0.29411764705882354,0.12,0.22666666666666666,0.3466666666666667,0.26666666666666666,0.16,0.4266666666666667,0.04,0.18666666666666668,0.5733333333333334,0.17647058823529413,0.5,-0.00934251339873754,0.11842105263157894,0.05263157894736842,0.75,0.6933333333333334,15.789473684210526,25.0,0.013333333333333334,0.13157894736842105,0.13157894736842105,0.18666666666666668,9.210526315789473,5.263157894736842,28.947368421052634
1611661323,CON,CON,16,False,2026-06-17 16:50:06,2026-06-18 16:49:24,0.9995138888888889,2026-06-17,2026-06-17,1.0,16,600.0,1.0,-7.0,75.0,76.0,21.0,38.0,8.0,151.0,20.0,25.0,3.0,3.0,4.0,6.0,4.0,10.0,3.0,13.0,0.0,2.0,0.0,0.0,0.0,0.0,4.0,18.0,3.0,4.0,3.0,8.0,27.0,48.0,4.0,20.0,15.0,81.0,88.0,3.0,3.0,3.0,4.0,1.0,16.0,5.0,13.0,3.0,8.0,5.0,24.0,26.0,28.0,9.0,3.0,6.0,18.0,4.0,1.0,0.0,13.0,3.0,16.0,3.0,0.0,8.0,3.0,2.0,35.0,1.0,6.0,1.0,8.0,12.0,1.0,21.0,8.0,29.0,2.0,8.0,5.0,3.0,2.0,1.0,1.0,3.0,1.0,1.0,0.0,0.0,5.0,0.0,1.0,8.0,25.0,0.0,1.0,1.0,20.0,1.0,1.0,0.0,23.0,2.0,0.0,10.0,0.0,2.0,3.0,0.0,0.0,2.0,0.0,0.0,1.0,3.0,2.0,65.0,24.0,21.0,7.0,2.0,0.0,,,68.0,,1611661323,False,0.4971823283290462,68.0,0.18628082938134083,37.0,108.0,115.78947368421053,-7.7894736842105345,75.0,81.0,88.0,68.0,31.0,0.4852941176470588,0.5184331797235022,1.1911764705882353,0.5625,0.2,0.3382352941176471,0.29411764705882354,0.36764705882352944,0.14705882352941177,0.19117647058823528,0.3382352941176471,0.029411764705882353,0.2647058823529412,0.6617647058823529,0.1,0.8,-0.011888210681987366,0.06666666666666667,0.02666666666666667,0.5161290322580645,0.43209876543209874,10.666666666666668,27.631578947368425,0.19753086419753085,0.10666666666666667,0.28,0.2962962962962963,10.526315789473683,3.9473684210526314,32.89473684210527
1611661323,CON,CON,18,False,2026-06-19 16:26:43,2026-06-20 15:27:14,0.9586921296296296,2026-06-19,2026-06-19,1.0,17,1200.0,1.0,-4.0,82.0,83.0,36.0,18.0,11.0,165.0,21.0,36.0,4.0,5.0,11.0,16.0,5.0,11.0,3.0,7.0,1.0,4.0,0.0,1.0,1.0,4.0,5.0,18.0,1.0,1.0,2.0,9.0,29.0,54.0,6.0,22.0,21.0,97.0,101.0,6.0,8.0,1.0,2.0,0.0,15.0,12.0,22.0,3.0,13.0,10.0,43.0,30.0,28.0,18.0,0.0,8.0,18.0,5.0,4.0,0.0,15.0,6.0,21.0,5.0,1.0,13.0,1.0,1.0,48.0,6.0,7.0,0.0,9.0,16.0,0.0,25.0,13.0,38.0,3.0,9.0,7.0,2.0,5.0,2.0,3.0,3.0,0.0,2.0,0.0,0.0,8.0,2.0,2.0,3.0,13.0,0.0,1.0,1.0,23.0,0.0,2.0,1.0,26.0,4.0,0.0,11.0,0.0,4.0,3.0,1.0,1.0,3.0,0.0,0.0,0.0,4.0,2.0,82.0,43.0,36.0,0.0,4.0,0.0,,,76.0,,1611661323,False,0.5473747900606366,76.0,0.31700592945779044,41.0,118.29268292682926,121.6867469879518,-3.394064061122549,82.0,97.0,101.0,76.0,35.0,0.5,0.5546660567246112,1.2763157894736843,0.5370370370370371,0.2727272727272727,0.34210526315789475,0.2894736842105263,0.47368421052631576,0.14473684210526316,0.09210526315789473,0.23684210526315788,0.05263157894736842,0.23684210526315788,0.7631578947368421,0.18181818181818182,0.5833333333333334,-0.04737479006063661,0.0975609756097561,0.06097560975609756,0.6,0.4948453608247423,15.853658536585366,30.120481927710845,0.15463917525773196,0.13414634146341464,0.43902439024390244,0.44329896907216493,10.843373493975903,4.819277108433735,15.66265060240964
1611661323,CON,CON,20,False,2026-06-21 15:43:44,2026-06-23 16:17:53,2.023715277777778,2026-06-21,2026-06-22,1.0,18,600.0,1.0,29.0,83.0,85.0,24.0,37.0,9.0,168.0,20.0,32.0,3.0,6.0,8.0,11.0,8.0,17.0,2.0,5.0,1.0,3.0,0.0,0.0,0.0,1.0,3.0,10.0,0.0,0.0,1.0,3.0,30.0,54.0,4.0,13.0,20.0,92.0,63.0,5.0,8.0,0.0,0.0,0.0,10.0,12.0,18.0,1.0,4.0,7.0,34.0,36.0,24.0,9.0,3.0,8.0,10.0,3.0,2.0,0.0,18.0,3.0,21.0,2.0,1.0,12.0,5.0,1.0,45.0,3.0,9.0,0.0,18.0,20.0,4.0,42.0,12.0,54.0,2.0,10.0,8.0,2.0,6.0,2.0,5.0,11.0,3.0,1.0,0.0,0.0,17.0,3.0,4.0,11.0,29.0,0.0,3.0,5.0,21.0,0.0,2.0,0.0,26.0,3.0,0.0,11.0,0.0,4.0,8.0,1.0,1.0,4.0,0.0,1.0,3.0,9.0,4.0,82.0,34.0,24.0,6.0,4.0,0.0,,,67.0,,1611661323,False,0.5260068296645624,67.0,0.37440784692917833,33.0,110.8433734939759,74.11764705882354,36.72572643515237,83.0,92.0,63.0,67.0,34.0,0.5373134328358209,0.5864354920958694,1.373134328358209,0.5555555555555556,0.3076923076923077,0.3880597014925373,0.19402985074626866,0.47761194029850745,0.2537313432835821,0.07462686567164178,0.3283582089552239,0.04477611940298507,0.14925373134328357,0.6716417910447762,0.23076923076923078,0.625,0.011306603171258534,0.20481927710843373,0.07228915662650602,0.6176470588235294,0.4891304347826087,14.457831325301203,49.411764705882355,0.10869565217391304,0.10843373493975904,0.2891566265060241,0.3695652173913043,11.76470588235294,10.588235294117647,34.11764705882353
1611661323,CON,CON,24,False,2026-06-26 16:05:12,2026-06-27 15:06:40,0.9593518518518519,2026-06-26,2026-06-26,1.0,19,600.0,1.0,11.0,76.0,77.0,17.0,20.0,7.0,153.0,11.0,23.0,2.0,4.0,1.0,2.0,10.0,22.0,2.0,11.0,0.0,0.0,0.0,0.0,0.0,0.0,5.0,12.0,1.0,1.0,0.0,2.0,23.0,56.0,5.0,12.0,7.0,68.0,57.0,2.0,5.0,1.0,1.0,0.0,7.0,2.0,10.0,0.0,2.0,0.0,4.0,26.0,20.0,15.0,0.0,4.0,12.0,5.0,4.0,0.0,13.0,5.0,18.0,5.0,0.0,5.0,7.0,1.0,41.0,2.0,5.0,0.0,8.0,14.0,4.0,26.0,7.0,33.0,2.0,12.0,9.0,3.0,3.0,2.0,2.0,7.0,0.0,1.0,0.0,3.0,10.0,0.0,5.0,10.0,20.0,0.0,1.0,1.0,15.0,0.0,3.0,3.0,10.0,1.0,0.0,4.0,1.0,0.0,5.0,1.0,1.0,3.0,0.0,0.0,2.0,6.0,3.0,61.0,4.0,17.0,2.0,0.0,0.0,,,68.0,,1611661323,False,0.49104556851703846,68.0,0.1721921726959323,40.0,89.47368421052632,74.02597402597402,15.447710184552292,76.0,68.0,57.0,68.0,28.0,0.4485294117647059,0.46961325966850825,1.0,0.4107142857142857,0.4166666666666667,0.14705882352941177,0.17647058823529413,0.3382352941176471,0.3235294117647059,0.16176470588235295,0.4852941176470588,0.0,0.17647058823529413,0.5147058823529411,0.0,0.4782608695652174,-0.04251615675233256,0.13157894736842105,0.039473684210526314,0.6428571428571429,0.6029411764705882,9.210526315789473,33.76623376623377,0.10294117647058823,0.09210526315789473,0.2236842105263158,0.058823529411764705,15.584415584415584,7.792207792207792,25.97402597402597
1611661323,CON,CON,27,False,2026-06-29 16:48:32,2026-07-04 14:56:19,4.922071759259259,2026-06-29,2026-07-03,1.0,20,600.0,1.0,-3.0,78.0,81.0,36.0,12.0,8.0,159.0,12.0,23.0,1.0,4.0,6.0,13.0,9.0,22.0,5.0,10.0,1.0,1.0,0.0,0.0,0.0,0.0,2.0,8.0,0.0,0.0,2.0,4.0,26.0,55.0,3.0,9.0,22.0,83.0,86.0,2.0,8.0,0.0,0.0,2.0,6.0,10.0,27.0,2.0,4.0,10.0,36.0,28.0,24.0,6.0,3.0,4.0,8.0,2.0,3.0,0.0,14.0,2.0,16.0,1.0,1.0,8.0,6.0,0.0,34.0,1.0,10.0,1.0,11.0,13.0,2.0,26.0,12.0,38.0,2.0,7.0,5.0,2.0,4.0,2.0,3.0,10.0,1.0,1.0,0.0,0.0,14.0,3.0,7.0,8.0,23.0,3.0,3.0,3.0,25.0,0.0,2.0,1.0,35.0,5.0,1.0,15.0,1.0,3.0,3.0,1.0,0.0,0.0,1.0,1.0,2.0,4.0,1.0,77.0,36.0,36.0,0.0,3.0,0.0,,,64.0,,1611661323,False,0.4829029040908921,64.0,0.3142765748674013,35.0,106.41025641025641,106.17283950617285,0.23741690408355964,78.0,83.0,86.0,64.0,29.0,0.4765625,0.5226700251889168,1.296875,0.4727272727272727,0.3333333333333333,0.546875,0.140625,0.359375,0.34375,0.15625,0.5,0.015625,0.125,0.5,0.1111111111111111,0.5217391304347826,-0.006340404090892093,0.1794871794871795,0.05128205128205128,0.5517241379310345,0.40963855421686746,15.384615384615385,32.098765432098766,0.07228915662650602,0.10256410256410256,0.46153846153846156,0.43373493975903615,8.641975308641975,4.938271604938271,28.39506172839506
1611661323,CON,CON,30,False,2026-07-06 16:46:42,2026-07-07 16:15:04,0.9780324074074074,2026-07-06,2026-07-06,1.0,21,600.0,1.0,1.0,79.0,78.0,25.0,24.0,10.0,157.0,16.0,26.0,4.0,4.0,4.0,6.0,8.0,19.0,2.0,6.0,2.0,7.0,1.0,4.0,0.0,1.0,5.0,8.0,1.0,1.0,2.0,3.0,26.0,51.0,7.0,15.0,17.0,90.0,89.0,5.0,7.0,2.0,5.0,1.0,17.0,8.0,12.0,2.0,4.0,9.0,31.0,32.0,20.0,15.0,6.0,4.0,8.0,5.0,5.0,2.0,16.0,5.0,21.0,3.0,2.0,10.0,5.0,1.0,47.0,4.0,8.0,0.0,12.0,14.0,0.0,26.0,12.0,38.0,1.0,11.0,8.0,3.0,5.0,5.0,1.0,7.0,1.0,4.0,0.0,0.0,12.0,0.0,2.0,8.0,20.0,0.0,0.0,1.0,23.0,0.0,0.0,1.0,29.0,3.0,0.0,10.0,0.0,6.0,5.0,1.0,0.0,4.0,1.0,0.0,1.0,6.0,3.0,73.0,30.0,24.0,3.0,5.0,0.0,,,66.0,,1611661323,False,0.4824695863818344,66.0,0.36448626840607096,33.0,113.9240506329114,114.1025641025641,-0.17851346965269954,79.0,90.0,89.0,66.0,33.0,0.553030303030303,0.5713560182833926,1.3636363636363635,0.5098039215686274,0.4666666666666667,0.4393939393939394,0.22727272727272727,0.3939393939393939,0.2878787878787879,0.09090909090909091,0.3787878787878788,0.10606060606060606,0.12121212121212122,0.6212121212121212,0.4666666666666667,0.6153846153846154,0.07056071664846858,0.1518987341772152,0.06329113924050633,0.6363636363636364,0.5222222222222223,15.18987341772152,33.33333333333333,0.18888888888888888,0.12658227848101267,0.31645569620253167,0.34444444444444444,14.102564102564102,7.6923076923076925,25.64102564102564
1611661323,CON,CON,31,False,2026-07-07 16:15:04,2026-07-09 16:20:00,2.0034259259259257,2026-07-07,2026-07-08,1.0,22,1200.0,1.0,-6.0,77.0,80.0,18.0,20.0,14.0,157.0,13.0,24.0,2.0,4.0,3.0,6.0,5.0,14.0,2.0,4.0,1.0,4.0,0.0,0.0,0.0,1.0,5.0,19.0,1.0,4.0,1.0,4.0,20.0,42.0,6.0,23.0,22.0,80.0,86.0,3.0,6.0,1.0,4.0,6.0,15.0,4.0,10.0,1.0,5.0,9.0,20.0,28.0,12.0,18.0,0.0,0.0,19.0,5.0,7.0,0.0,14.0,6.0,20.0,5.0,1.0,8.0,4.0,2.0,46.0,8.0,9.0,0.0,9.0,12.0,5.0,26.0,17.0,43.0,1.0,9.0,5.0,4.0,8.0,5.0,5.0,10.0,0.0,3.0,1.0,1.0,18.0,3.0,4.0,12.0,20.0,2.0,0.0,0.0,20.0,1.0,0.0,0.0,27.0,5.0,0.0,12.0,0.0,4.0,7.0,0.0,0.0,1.0,0.0,1.0,5.0,7.0,4.0,65.0,20.0,18.0,1.0,4.0,0.0,,,65.0,,1611661323,False,0.49938980576789094,65.0,0.4378734803214512,39.0,103.89610389610388,107.5,-3.603896103896119,77.0,80.0,86.0,65.0,26.0,0.4461538461538462,0.5202913631633715,1.2307692307692308,0.47619047619047616,0.2608695652173913,0.4153846153846154,0.35384615384615387,0.36923076923076925,0.2153846153846154,0.06153846153846154,0.27692307692307694,0.06153846153846154,0.2923076923076923,0.7230769230769231,0.17391304347826086,0.5416666666666666,-0.05323595961404476,0.23376623376623376,0.1038961038961039,0.7692307692307693,0.575,22.07792207792208,32.5,0.1875,0.18181818181818182,0.23376623376623376,0.25,11.25,8.75,25.0
1611661323,CON,CON,33,False,2026-07-10 16:11:44,2026-07-11 14:43:06,0.9384490740740741,2026-07-10,2026-07-10,1.0,23,1200.0,1.0,-15.0,72.0,74.0,20.0,17.0,10.0,146.0,15.0,21.0,1.0,3.0,6.0,8.0,4.0,13.0,1.0,8.0,1.0,2.0,0.0,1.0,0.0,1.0,3.0,14.0,0.0,3.0,0.0,3.0,20.0,42.0,4.0,16.0,12.0,64.0,79.0,2.0,4.0,0.0,4.0,1.0,5.0,7.0,11.0,0.0,4.0,6.0,20.0,30.0,10.0,12.0,0.0,0.0,14.0,3.0,6.0,0.0,15.0,4.0,19.0,3.0,1.0,11.0,3.0,1.0,42.0,5.0,7.0,0.0,6.0,11.0,2.0,19.0,12.0,31.0,1.0,10.0,6.0,4.0,11.0,0.0,8.0,11.0,2.0,3.0,0.0,1.0,22.0,2.0,6.0,6.0,20.0,2.0,1.0,3.0,20.0,1.0,2.0,2.0,17.0,4.0,0.0,8.0,0.0,2.0,3.0,0.0,0.0,2.0,0.0,0.0,1.0,3.0,2.0,59.0,20.0,20.0,1.0,1.0,0.0,,,58.0,,1611661323,False,0.5005837476827028,58.0,0.372804890312939,34.0,88.88888888888889,106.75675675675676,-17.867867867867872,72.0,64.0,79.0,58.0,24.0,0.4482758620689655,0.48869883934025654,1.103448275862069,0.47619047619047616,0.25,0.29310344827586204,0.27586206896551724,0.3620689655172414,0.22413793103448276,0.13793103448275862,0.3620689655172414,0.034482758620689655,0.2413793103448276,0.6379310344827587,0.125,0.7142857142857143,-0.052307885613737226,0.3055555555555556,0.1527777777777778,0.7916666666666666,0.65625,16.666666666666664,25.675675675675674,0.078125,0.1388888888888889,0.2777777777777778,0.3125,13.513513513513514,4.054054054054054,27.027027027027028
1611661323,CON,CON,37,False,2026-07-14 15:13:54,2026-07-15 15:15:46,1.0012962962962964,2026-07-14,2026-07-14,1.0,24,600.0,1.0,3.0,79.0,79.0,10.0,16.0,9.0,158.0,20.0,33.0,2.0,4.0,2.0,4.0,6.0,9.0,6.0,11.0,1.0,2.0,0.0,0.0,0.0,0.0,2.0,12.0,0.0,1.0,0.0,1.0,32.0,53.0,3.0,14.0,17.0,90.0,87.0,4.0,7.0,0.0,1.0,2.0,10.0,3.0,5.0,0.0,1.0,3.0,9.0,50.0,14.0,9.0,0.0,4.0,12.0,2.0,3.0,0.0,25.0,3.0,28.0,2.0,1.0,15.0,5.0,5.0,59.0,5.0,7.0,0.0,15.0,10.0,0.0,25.0,12.0,37.0,2.0,11.0,6.0,5.0,10.0,0.0,6.0,6.0,0.0,4.0,0.0,1.0,16.0,2.0,2.0,9.0,21.0,0.0,1.0,3.0,14.0,0.0,0.0,0.0,20.0,2.0,1.0,8.0,0.0,2.0,4.0,0.0,0.0,3.0,0.0,0.0,1.0,4.0,2.0,80.0,9.0,10.0,3.0,2.0,0.0,,,67.0,,1611661323,False,0.5436807978739695,67.0,0.3862733030261829,32.0,113.9240506329114,110.12658227848102,3.7974683544303787,79.0,90.0,87.0,67.0,35.0,0.5447761194029851,0.5936675461741425,1.3432835820895523,0.6037735849056604,0.21428571428571427,0.29850746268656714,0.208955223880597,0.4925373134328358,0.13432835820895522,0.16417910447761194,0.29850746268656714,0.029850746268656716,0.1791044776119403,0.7014925373134329,0.14285714285714285,0.6060606060606061,0.0010953215290155915,0.20253164556962025,0.12658227848101267,0.8,0.6555555555555556,15.18987341772152,31.645569620253166,0.1111111111111111,0.11392405063291139,0.12658227848101267,0.1,13.924050632911392,5.063291139240507,26.582278481012654
1611661323,CON,CON,40,False,2026-07-17 15:04:07,2026-07-18 14:42:59,0.9853240740740741,2026-07-17,2026-07-17,1.0,25,600.0,1.0,13.0,83.0,84.0,21.0,18.0,7.0,167.0,14.0,20.0,2.0,4.0,3.0,5.0,10.0,17.0,6.0,12.0,2.0,5.0,0.0,0.0,1.0,1.0,4.0,15.0,0.0,0.0,1.0,3.0,30.0,49.0,6.0,20.0,18.0,96.0,83.0,3.0,5.0,0.0,0.0,2.0,8.0,6.0,10.0,2.0,4.0,7.0,25.0,36.0,24.0,18.0,0.0,4.0,15.0,4.0,2.0,0.0,18.0,6.0,24.0,4.0,2.0,6.0,7.0,5.0,54.0,3.0,5.0,0.0,8.0,19.0,1.0,28.0,8.0,36.0,1.0,7.0,4.0,3.0,5.0,0.0,4.0,6.0,1.0,1.0,0.0,2.0,11.0,2.0,4.0,8.0,21.0,0.0,0.0,2.0,18.0,0.0,0.0,1.0,23.0,3.0,0.0,13.0,0.0,0.0,4.0,1.0,1.0,1.0,0.0,0.0,3.0,5.0,2.0,88.0,25.0,21.0,4.0,0.0,0.0,,,69.0,,1611661323,False,0.5131263268959362,69.0,0.2508944160493515,33.0,115.66265060240963,98.80952380952381,16.853126792885817,83.0,96.0,83.0,69.0,36.0,0.5652173913043478,0.6066734074823054,1.391304347826087,0.6122448979591837,0.3,0.3333333333333333,0.2898550724637681,0.2898550724637681,0.2463768115942029,0.17391304347826086,0.42028985507246375,0.07246376811594203,0.21739130434782608,0.5797101449275363,0.25,0.7,0.0520910644084116,0.13253012048192772,0.060240963855421686,0.6666666666666666,0.5625,9.63855421686747,33.33333333333333,0.08333333333333333,0.08433734939759036,0.25301204819277107,0.2604166666666667,8.333333333333332,5.952380952380952,25.0
1611661323,CON,CON,42,False,2026-07-19 14:45:02,2026-07-20 15:42:54,1.040185185185185,2026-07-19,2026-07-19,1.0,26,600.0,1.0,-9.0,78.0,77.0,24.0,24.0,11.0,155.0,5.0,9.0,3.0,3.0,0.0,0.0,13.0,27.0,0.0,8.0,1.0,1.0,0.0,0.0,0.0,0.0,3.0,13.0,0.0,0.0,1.0,5.0,18.0,44.0,4.0,14.0,15.0,63.0,72.0,4.0,7.0,0.0,0.0,3.0,11.0,3.0,13.0,1.0,5.0,5.0,14.0,18.0,18.0,12.0,0.0,6.0,13.0,3.0,3.0,0.0,9.0,4.0,13.0,3.0,1.0,2.0,7.0,0.0,30.0,5.0,7.0,0.0,11.0,15.0,3.0,29.0,12.0,41.0,3.0,6.0,4.0,2.0,11.0,4.0,8.0,10.0,1.0,3.0,2.0,1.0,21.0,1.0,6.0,8.0,25.0,0.0,1.0,2.0,17.0,0.0,0.0,1.0,19.0,3.0,0.0,8.0,0.0,3.0,1.0,3.0,3.0,1.0,0.0,0.0,0.0,4.0,3.0,52.0,14.0,24.0,5.0,2.0,0.0,,,58.0,,1611661323,False,0.4512324731446005,58.0,0.33351028098632046,36.0,80.76923076923077,93.5064935064935,-12.737262737262725,78.0,63.0,72.0,58.0,22.0,0.41379310344827586,0.4746835443037975,1.0862068965517242,0.4090909090909091,0.2857142857142857,0.3275862068965517,0.2413793103448276,0.15517241379310345,0.46551724137931033,0.13793103448275862,0.603448275862069,0.017241379310344827,0.22413793103448276,0.39655172413793105,0.07142857142857142,0.5555555555555556,-0.037439369696324665,0.2692307692307692,0.14102564102564102,0.5909090909090909,0.47619047619047616,15.384615384615385,37.66233766233766,0.1746031746031746,0.14102564102564102,0.3076923076923077,0.2222222222222222,7.792207792207792,5.194805194805195,32.467532467532465
1611661323,CON,CON,44,False,2026-07-21 15:27:31,2026-07-23 15:46:30,2.0131828703703705,2026-07-21,2026-07-22,1.0,27,600.0,1.0,-35.0,85.0,87.0,18.0,32.0,14.0,172.0,18.0,27.0,5.0,5.0,4.0,7.0,8.0,23.0,1.0,9.0,2.0,3.0,1.0,1.0,1.0,1.0,6.0,17.0,0.0,1.0,1.0,5.0,27.0,59.0,8.0,20.0,10.0,88.0,123.0,7.0,9.0,1.0,2.0,1.0,18.0,6.0,14.0,2.0,6.0,3.0,21.0,26.0,28.0,24.0,0.0,12.0,17.0,6.0,7.0,0.0,13.0,8.0,21.0,6.0,2.0,7.0,6.0,0.0,50.0,4.0,12.0,0.0,6.0,10.0,1.0,17.0,16.0,33.0,2.0,8.0,5.0,3.0,7.0,2.0,7.0,8.0,2.0,0.0,2.0,0.0,15.0,2.0,2.0,9.0,25.0,0.0,2.0,1.0,18.0,0.0,0.0,3.0,15.0,2.0,0.0,7.0,0.0,1.0,4.0,0.0,0.0,2.0,0.0,0.0,2.0,4.0,2.0,70.0,21.0,18.0,6.0,1.0,0.0,,,79.0,,1611661323,False,0.5054759017820925,79.0,0.36433470356924663,44.0,103.5294117647059,141.3793103448276,-37.84989858012169,85.0,88.0,123.0,79.0,35.0,0.4936708860759494,0.5140186915887851,1.1139240506329113,0.4576271186440678,0.4,0.189873417721519,0.25316455696202533,0.34177215189873417,0.2911392405063291,0.11392405063291139,0.4050632911392405,0.0379746835443038,0.21518987341772153,0.5949367088607594,0.15,0.6666666666666666,-0.011805015706143063,0.17647058823529413,0.08235294117647059,0.6,0.5681818181818182,18.823529411764707,19.54022988505747,0.20454545454545456,0.16470588235294117,0.21176470588235294,0.23863636363636365,9.195402298850574,4.597701149425287,28.735632183908045
1611661323,CON,CON,45,False,2026-07-23 15:46:30,2026-07-29 15:43:06,5.997638888888889,2026-07-23,2026-07-28,1.0,28,600.0,1.0,-8.0,78.0,78.0,19.0,22.0,12.0,156.0,7.0,12.0,2.0,3.0,0.0,2.0,11.0,30.0,2.0,8.0,3.0,7.0,1.0,1.0,0.0,2.0,8.0,18.0,1.0,3.0,4.0,6.0,20.0,50.0,11.0,25.0,11.0,84.0,92.0,3.0,10.0,2.0,4.0,0.0,12.0,3.0,14.0,4.0,8.0,3.0,21.0,26.0,14.0,33.0,0.0,2.0,18.0,8.0,6.0,1.0,13.0,11.0,24.0,8.0,3.0,5.0,7.0,1.0,59.0,3.0,11.0,2.0,4.0,17.0,1.0,22.0,16.0,38.0,3.0,6.0,0.0,6.0,5.0,3.0,4.0,7.0,0.0,1.0,0.0,0.0,12.0,3.0,3.0,15.0,26.0,0.0,1.0,2.0,17.0,0.0,1.0,1.0,18.0,1.0,0.0,8.0,1.0,1.0,8.0,0.0,0.0,4.0,0.0,0.0,4.0,8.0,2.0,72.0,21.0,19.0,2.0,1.0,0.0,,,75.0,,1611661323,False,0.47812057337774755,75.0,0.32558259194127004,44.0,107.6923076923077,117.94871794871796,-10.256410256410263,78.0,84.0,92.0,75.0,31.0,0.4866666666666667,0.5065123010130246,1.12,0.4,0.44,0.24,0.3333333333333333,0.16,0.4,0.10666666666666667,0.5066666666666667,0.09333333333333334,0.24,0.49333333333333335,0.28,0.5833333333333334,0.008546093288919143,0.15384615384615385,0.0641025641025641,0.7741935483870968,0.7023809523809523,20.51282051282051,28.205128205128204,0.14285714285714285,0.15384615384615385,0.24358974358974358,0.25,7.6923076923076925,10.256410256410255,33.33333333333333
1611661323,CON,CON,47,False,2026-07-30 15:44:56,2026-07-31 15:52:06,1.0049768518518518,2026-07-30,2026-07-30,1.0,29,600.0,1.0,-6.0,85.0,84.0,30.0,29.0,10.0,169.0,19.0,30.0,4.0,6.0,8.0,13.0,2.0,9.0,3.0,9.0,3.0,8.0,0.0,0.0,1.0,2.0,4.0,14.0,1.0,1.0,1.0,4.0,24.0,48.0,7.0,22.0,19.0,88.0,94.0,4.0,6.0,1.0,1.0,5.0,16.0,9.0,21.0,2.0,6.0,7.0,31.0,26.0,22.0,21.0,0.0,2.0,14.0,4.0,4.0,0.0,13.0,7.0,20.0,4.0,3.0,11.0,0.0,2.0,47.0,4.0,7.0,0.0,11.0,15.0,1.0,27.0,11.0,38.0,3.0,10.0,7.0,3.0,10.0,1.0,7.0,6.0,1.0,3.0,0.0,1.0,16.0,0.0,3.0,8.0,26.0,0.0,3.0,2.0,17.0,0.0,0.0,0.0,24.0,1.0,1.0,8.0,0.0,4.0,6.0,0.0,0.0,6.0,0.0,0.0,0.0,6.0,5.0,72.0,31.0,30.0,6.0,3.0,0.0,,0.0,70.0,,1611661323,False,0.5479549208559612,70.0,0.29824227934991016,39.0,103.5294117647059,111.90476190476191,-8.375350140056014,85.0,88.0,94.0,70.0,31.0,0.4928571428571429,0.5461767626613704,1.2571428571428571,0.5,0.3181818181818182,0.34285714285714286,0.3142857142857143,0.42857142857142855,0.12857142857142856,0.12857142857142856,0.2571428571428571,0.11428571428571428,0.2,0.7428571428571429,0.36363636363636365,0.6333333333333333,-0.05509777799881832,0.18823529411764706,0.11764705882352941,0.6451612903225806,0.5340909090909091,12.941176470588237,32.142857142857146,0.18181818181818182,0.11764705882352941,0.35294117647058826,0.3522727272727273,11.904761904761903,7.142857142857142,30.952380952380953
1611661323,CON,CON,49,False,2026-08-01 14:50:36,2026-08-03 16:13:19,2.0574421296296297,2026-08-01,2026-08-02,1.0,30,1200.0,1.0,-20.0,79.0,77.0,7.0,14.0,8.0,156.0,9.0,17.0,1.0,3.0,0.0,1.0,4.0,15.0,1.0,12.0,1.0,3.0,0.0,0.0,0.0,0.0,8.0,20.0,1.0,3.0,1.0,3.0,14.0,44.0,9.0,23.0,8.0,63.0,83.0,1.0,4.0,1.0,3.0,1.0,6.0,0.0,4.0,1.0,3.0,0.0,3.0,10.0,18.0,27.0,0.0,2.0,20.0,8.0,4.0,0.0,5.0,9.0,14.0,8.0,1.0,2.0,3.0,0.0,37.0,3.0,7.0,0.0,8.0,18.0,1.0,27.0,10.0,37.0,1.0,6.0,2.0,4.0,10.0,0.0,6.0,7.0,1.0,4.0,1.0,0.0,17.0,1.0,2.0,5.0,18.0,0.0,2.0,2.0,15.0,0.0,0.0,3.0,13.0,0.0,0.0,6.0,1.0,0.0,3.0,0.0,0.0,2.0,0.0,0.0,1.0,3.0,2.0,57.0,3.0,7.0,2.0,0.0,0.0,,1.0,67.0,,1611661323,False,0.4819094973382959,67.0,0.24783317587541634,44.0,79.74683544303798,107.79220779220779,-28.04537234916981,79.0,63.0,83.0,67.0,23.0,0.41044776119402987,0.43316831683168316,0.9402985074626866,0.3181818181818182,0.391304347826087,0.19402985074626866,0.34328358208955223,0.2537313432835821,0.22388059701492538,0.1791044776119403,0.40298507462686567,0.04477611940298507,0.29850746268656714,0.5970149253731343,0.13043478260869565,0.5294117647058824,-0.07146173614426604,0.21518987341772153,0.12658227848101267,0.6086956521739131,0.5873015873015873,12.658227848101266,35.064935064935064,0.09523809523809523,0.10126582278481013,0.08860759493670886,0.047619047619047616,7.792207792207792,3.896103896103896,23.376623376623375
1611661323,CON,CON,52,False,2026-08-07 14:43:29,2026-08-08 14:20:53,0.9843055555555555,2026-08-07,2026-08-07,1.0,31,2400.0,1.0,3.0,78.0,77.0,26.0,23.0,7.0,155.0,11.0,13.0,1.0,1.0,4.0,4.0,6.0,16.0,3.0,8.0,0.0,3.0,0.0,0.0,0.0,0.0,7.0,17.0,0.0,1.0,3.0,8.0,20.0,37.0,7.0,20.0,14.0,75.0,72.0,2.0,2.0,0.0,1.0,0.0,4.0,6.0,9.0,3.0,8.0,9.0,30.0,26.0,14.0,18.0,3.0,2.0,17.0,7.0,1.0,0.0,13.0,6.0,19.0,6.0,0.0,7.0,5.0,1.0,44.0,3.0,4.0,0.0,19.0,11.0,3.0,33.0,7.0,40.0,0.0,5.0,3.0,2.0,10.0,1.0,6.0,8.0,3.0,4.0,0.0,2.0,18.0,3.0,5.0,10.0,24.0,2.0,2.0,0.0,20.0,0.0,2.0,0.0,20.0,1.0,0.0,6.0,0.0,4.0,4.0,1.0,1.0,1.0,0.0,0.0,3.0,5.0,3.0,71.0,28.0,25.0,2.0,3.0,0.0,,0.0,57.0,,1611661323,False,0.46333331776487574,57.0,0.24239911155133123,30.0,96.15384615384616,93.5064935064935,2.647352647352662,78.0,75.0,72.0,57.0,27.0,0.5350877192982456,0.5699088145896657,1.3157894736842106,0.5405405405405406,0.35,0.3508771929824561,0.3508771929824561,0.22807017543859648,0.2807017543859649,0.14035087719298245,0.42105263157894735,0.05263157894736842,0.2982456140350877,0.5789473684210527,0.15,0.8461538461538461,0.07175440153336987,0.23076923076923078,0.1282051282051282,0.7037037037037037,0.5866666666666667,8.974358974358974,42.857142857142854,0.05333333333333334,0.08974358974358974,0.3333333333333333,0.4,6.493506493506493,6.493506493506493,31.16883116883117
1611661324,MIN,MIN,0,True,,2026-06-02 22:58:54,,,2026-06-01,9.0,9,6000.0,9.0,108.0,724.0,738.0,135.0,188.0,89.0,1462.0,160.0,234.0,32.0,42.0,28.0,43.0,35.0,81.0,57.0,124.0,15.0,43.0,,1.0,2.0,6.0,49.0,133.0,8.0,15.0,13.0,26.0,252.0,439.0,64.0,176.0,122.0,818.0,710.0,42.0,59.0,8.0,16.0,22.0,130.0,36.0,67.0,15.0,32.0,41.0,158.0,278.0,226.0,171.0,21.0,46.0,133.0,49.0,27.0,3.0,139.0,57.0,196.0,42.0,15.0,93.0,21.0,25.0,449.0,31.0,68.0,2.0,137.0,127.0,18.0,282.0,101.0,383.0,16.0,78.0,50.0,28.0,69.0,22.0,51.0,72.0,4.0,18.0,1.0,8.0,141.0,10.0,34.0,86.0,185.0,4.0,9.0,20.0,158.0,1.0,12.0,11.0,159.0,17.0,4.0,71.0,1.0,11.0,39.0,6.0,,24.0,6.0,2.0,13.0,45.0,26.0,688.0,155.0,133.0,20.0,9.0,3.0,,,615.0,,1611661324,False,0.5243319218241043,615.0,0.3378839590443686,299.0,112.98342541436463,96.2059620596206,16.77746335474403,80.44444444444444,90.88888888888889,78.88888888888889,615.0,316.0,0.5658536585365853,0.5971151600093436,1.3300813008130081,0.5740318906605922,0.36363636363636365,0.25853658536585367,0.2861788617886179,0.3804878048780488,0.13170731707317074,0.2016260162601626,0.3333333333333333,0.06991869918699187,0.216260162601626,0.6666666666666666,0.24431818181818182,0.6837606837606838,0.04152173671248105,0.19475138121546962,0.09530386740331492,0.620253164556962,0.5488997555012225,13.950276243093922,38.21138211382114,0.15892420537897312,0.12292817679558012,0.18646408839779005,0.19315403422982885,10.569105691056912,6.097560975609756,25.067750677506773
1611661324,MIN,MIN,3,False,2026-06-04 16:41:49,2026-06-05 16:24:13,0.9877777777777778,2026-06-04,2026-06-04,1.0,10,600.0,1.0,3.0,75.0,74.0,18.0,10.0,16.0,149.0,7.0,21.0,1.0,3.0,1.0,3.0,1.0,8.0,8.0,18.0,3.0,4.0,,2.0,0.0,0.0,10.0,22.0,2.0,5.0,3.0,6.0,16.0,47.0,13.0,26.0,16.0,87.0,84.0,2.0,7.0,4.0,7.0,4.0,20.0,2.0,8.0,3.0,6.0,7.0,20.0,18.0,14.0,27.0,12.0,2.0,22.0,10.0,7.0,0.0,9.0,9.0,18.0,6.0,3.0,4.0,1.0,4.0,45.0,5.0,15.0,0.0,16.0,15.0,0.0,31.0,20.0,51.0,4.0,4.0,3.0,1.0,6.0,3.0,4.0,6.0,1.0,2.0,0.0,0.0,12.0,2.0,5.0,4.0,15.0,0.0,3.0,2.0,18.0,0.0,2.0,1.0,19.0,0.0,1.0,6.0,0.0,3.0,5.0,2.0,,4.0,0.0,0.0,1.0,7.0,4.0,67.0,19.0,17.0,1.0,2.0,0.0,,,73.0,,1611661324,False,0.49703909732022955,73.0,0.4566225138125359,44.0,115.99999999999999,113.51351351351352,2.48648648648647,75.0,87.0,84.0,73.0,29.0,0.4863013698630137,0.5346607669616519,1.1917808219178083,0.3404255319148936,0.5,0.2602739726027397,0.3561643835616438,0.2876712328767123,0.1095890410958904,0.2465753424657534,0.3561643835616438,0.0547945205479452,0.3013698630136986,0.6438356164383562,0.15384615384615385,0.3333333333333333,-0.010737727457215851,0.16,0.08,0.6206896551724138,0.5172413793103449,26.666666666666668,41.891891891891895,0.22988505747126436,0.21333333333333335,0.24,0.22988505747126436,5.405405405405405,9.45945945945946,20.27027027027027
1611661324,MIN,MIN,5,False,2026-06-06 15:03:59,2026-06-07 15:16:47,1.008888888888889,2026-06-06,2026-06-06,1.0,11,600.0,1.0,20.0,79.0,80.0,8.0,11.0,12.0,159.0,19.0,28.0,1.0,3.0,2.0,3.0,6.0,12.0,4.0,10.0,2.0,7.0,0.0,0.0,0.0,1.0,6.0,20.0,3.0,6.0,0.0,1.0,29.0,50.0,8.0,27.0,6.0,88.0,68.0,2.0,5.0,3.0,6.0,0.0,13.0,5.0,7.0,0.0,2.0,0.0,10.0,40.0,18.0,21.0,3.0,2.0,20.0,6.0,1.0,0.0,20.0,7.0,27.0,5.0,2.0,15.0,3.0,2.0,61.0,7.0,7.0,0.0,16.0,11.0,1.0,28.0,14.0,42.0,2.0,13.0,10.0,3.0,7.0,1.0,6.0,7.0,0.0,1.0,0.0,1.0,14.0,2.0,0.0,6.0,16.0,0.0,0.0,3.0,11.0,0.0,2.0,1.0,8.0,2.0,0.0,3.0,1.0,0.0,4.0,0.0,0.0,4.0,0.0,0.0,0.0,4.0,3.0,75.0,10.0,8.0,2.0,0.0,0.0,,,77.0,,1611661324,False,0.535944289725684,77.0,0.3679659742828889,40.0,111.39240506329114,85.0,26.392405063291136,79.0,88.0,68.0,77.0,37.0,0.5324675324675324,0.546448087431694,1.1428571428571428,0.58,0.2962962962962963,0.1038961038961039,0.35064935064935066,0.36363636363636365,0.15584415584415584,0.12987012987012986,0.2857142857142857,0.09090909090909091,0.2597402597402597,0.7142857142857143,0.25925925925925924,0.6785714285714286,-0.0034767572581515527,0.17721518987341772,0.08860759493670886,0.7297297297297297,0.6931818181818182,17.72151898734177,35.0,0.14772727272727273,0.1518987341772152,0.10126582278481013,0.11363636363636363,16.25,5.0,20.0
1611661324,MIN,MIN,8,False,2026-06-09 16:24:19,2026-06-10 16:54:00,1.0206134259259259,2026-06-09,2026-06-09,1.0,12,600.0,1.0,24.0,82.0,82.0,14.0,5.0,7.0,164.0,18.0,30.0,1.0,5.0,1.0,6.0,5.0,9.0,8.0,18.0,0.0,1.0,0.0,0.0,0.0,0.0,7.0,13.0,0.0,0.0,0.0,1.0,31.0,57.0,7.0,14.0,17.0,100.0,76.0,2.0,7.0,0.0,0.0,0.0,4.0,3.0,10.0,0.0,1.0,5.0,11.0,32.0,30.0,15.0,6.0,2.0,13.0,7.0,3.0,0.0,16.0,5.0,21.0,5.0,0.0,11.0,4.0,1.0,47.0,0.0,8.0,0.0,15.0,20.0,0.0,35.0,8.0,43.0,4.0,9.0,6.0,3.0,9.0,2.0,4.0,3.0,0.0,5.0,0.0,0.0,12.0,1.0,2.0,5.0,11.0,0.0,1.0,0.0,18.0,0.0,1.0,1.0,18.0,2.0,1.0,7.0,1.0,1.0,3.0,0.0,0.0,1.0,0.0,1.0,1.0,3.0,2.0,96.0,11.0,14.0,0.0,1.0,0.0,,,71.0,,1611661324,False,0.5301375349617852,71.0,0.24022341057635135,33.0,121.95121951219512,92.6829268292683,29.268292682926827,82.0,100.0,76.0,71.0,38.0,0.5845070422535211,0.6335529650278763,1.408450704225352,0.543859649122807,0.5,0.2535211267605634,0.19718309859154928,0.4225352112676056,0.1267605633802817,0.2535211267605634,0.38028169014084506,0.014084507042253521,0.18309859154929578,0.6197183098591549,0.07142857142857142,0.6,0.05436950729173595,0.14634146341463414,0.10975609756097561,0.5526315789473685,0.47,9.75609756097561,42.68292682926829,0.04,0.08536585365853659,0.17073170731707318,0.11,10.975609756097562,3.6585365853658534,13.414634146341465
1611661324,MIN,MIN,12,False,2026-06-13 15:24:02,2026-06-14 15:31:17,1.0050347222222222,2026-06-13,2026-06-13,1.0,13,600.0,1.0,-3.0,76.0,78.0,15.0,24.0,11.0,154.0,5.0,10.0,0.0,1.0,2.0,2.0,17.0,28.0,5.0,15.0,1.0,2.0,0.0,0.0,0.0,0.0,8.0,19.0,1.0,1.0,3.0,5.0,27.0,53.0,9.0,21.0,16.0,97.0,100.0,3.0,8.0,1.0,1.0,5.0,14.0,7.0,8.0,3.0,5.0,3.0,26.0,20.0,34.0,18.0,9.0,0.0,19.0,8.0,2.0,1.0,10.0,6.0,16.0,5.0,1.0,1.0,9.0,0.0,38.0,4.0,10.0,0.0,10.0,10.0,0.0,20.0,14.0,34.0,1.0,8.0,6.0,2.0,8.0,1.0,6.0,3.0,0.0,2.0,0.0,0.0,11.0,3.0,2.0,6.0,19.0,0.0,0.0,0.0,15.0,0.0,0.0,1.0,18.0,5.0,0.0,9.0,1.0,1.0,2.0,1.0,0.0,1.0,1.0,0.0,1.0,3.0,1.0,83.0,26.0,15.0,3.0,1.0,1.0,,,74.0,,1611661324,False,0.44811756048089574,74.0,0.3781611994295058,38.0,127.63157894736842,128.2051282051282,-0.5735492577597796,76.0,97.0,100.0,74.0,36.0,0.5472972972972973,0.592041015625,1.3108108108108107,0.5094339622641509,0.42857142857142855,0.24324324324324326,0.28378378378378377,0.13513513513513514,0.3783783783783784,0.20270270270270271,0.581081081081081,0.02702702702702703,0.25675675675675674,0.4189189189189189,0.09523809523809523,0.5,0.09917973681640152,0.14473684210526316,0.10526315789473684,0.4444444444444444,0.3917525773195876,18.421052631578945,25.64102564102564,0.14432989690721648,0.14473684210526316,0.19736842105263158,0.26804123711340205,10.256410256410255,3.8461538461538463,24.358974358974358
1611661324,MIN,MIN,14,False,2026-06-15 18:20:23,2026-06-16 18:24:01,1.0025231481481482,2026-06-15,2026-06-15,1.0,14,1200.0,1.0,33.0,80.0,81.0,21.0,7.0,16.0,161.0,23.0,37.0,6.0,9.0,5.0,10.0,7.0,13.0,2.0,4.0,3.0,9.0,0.0,2.0,0.0,1.0,7.0,14.0,1.0,3.0,3.0,6.0,32.0,54.0,10.0,23.0,13.0,107.0,74.0,7.0,11.0,1.0,5.0,2.0,19.0,7.0,14.0,3.0,7.0,9.0,32.0,44.0,20.0,27.0,3.0,6.0,14.0,7.0,2.0,0.0,22.0,9.0,31.0,6.0,3.0,15.0,6.0,1.0,71.0,9.0,9.0,2.0,12.0,13.0,0.0,25.0,20.0,45.0,2.0,14.0,9.0,5.0,7.0,2.0,5.0,6.0,1.0,2.0,0.0,0.0,13.0,2.0,2.0,4.0,14.0,0.0,1.0,3.0,24.0,0.0,4.0,4.0,22.0,2.0,0.0,11.0,0.0,1.0,5.0,0.0,0.0,3.0,0.0,0.0,2.0,5.0,2.0,88.0,32.0,21.0,1.0,1.0,0.0,,,77.0,,1611661324,False,0.5787594398964037,77.0,0.5173976725521665,35.0,133.75,91.35802469135803,42.391975308641975,80.0,107.0,74.0,77.0,42.0,0.6103896103896104,0.6172127365020765,1.3896103896103895,0.5925925925925926,0.43478260869565216,0.2857142857142857,0.2987012987012987,0.4805194805194805,0.16883116883116883,0.05194805194805195,0.22077922077922077,0.11688311688311688,0.18181818181818182,0.7792207792207793,0.391304347826087,0.6216216216216216,0.03163017049320671,0.1625,0.0875,0.7380952380952381,0.6635514018691588,25.0,30.864197530864196,0.17757009345794392,0.2,0.2625,0.29906542056074764,17.28395061728395,6.172839506172839,17.28395061728395
1611661324,MIN,MIN,16,False,2026-06-17 16:50:06,2026-06-18 16:49:24,0.9995138888888889,2026-06-17,2026-06-17,1.0,15,600.0,1.0,16.0,86.0,87.0,32.0,34.0,10.0,173.0,16.0,21.0,2.0,2.0,6.0,11.0,9.0,19.0,6.0,11.0,5.0,9.0,1.0,1.0,1.0,2.0,4.0,12.0,0.0,0.0,1.0,5.0,31.0,51.0,9.0,21.0,10.0,99.0,83.0,6.0,6.0,1.0,1.0,2.0,17.0,11.0,20.0,2.0,7.0,6.0,34.0,26.0,36.0,24.0,3.0,10.0,12.0,4.0,1.0,0.0,13.0,8.0,21.0,3.0,5.0,9.0,3.0,1.0,50.0,3.0,7.0,0.0,13.0,13.0,2.0,28.0,10.0,38.0,2.0,11.0,8.0,3.0,8.0,3.0,5.0,12.0,1.0,3.0,0.0,2.0,20.0,1.0,8.0,6.0,27.0,1.0,3.0,3.0,18.0,0.0,2.0,0.0,14.0,6.0,1.0,9.0,0.0,0.0,2.0,1.0,1.0,1.0,0.0,1.0,0.0,3.0,1.0,82.0,34.0,32.0,9.0,0.0,0.0,,,72.0,,1611661324,False,0.5072552356348233,72.0,0.3116577148437507,32.0,115.11627906976744,95.40229885057471,19.713980219192734,86.0,99.0,83.0,72.0,40.0,0.6180555555555556,0.6333162743091095,1.375,0.6078431372549019,0.42857142857142855,0.19444444444444445,0.2916666666666667,0.2916666666666667,0.2638888888888889,0.1527777777777778,0.4166666666666667,0.125,0.16666666666666666,0.5833333333333334,0.42857142857142855,0.7619047619047619,0.11080031992073225,0.23255813953488372,0.09302325581395349,0.525,0.5050505050505051,11.627906976744185,32.18390804597701,0.1717171717171717,0.11627906976744186,0.37209302325581395,0.3434343434343434,12.643678160919542,3.4482758620689653,31.03448275862069
1611661324,MIN,MIN,18,False,2026-06-19 16:26:43,2026-06-20 15:27:14,0.9586921296296296,2026-06-19,2026-06-19,1.0,16,600.0,1.0,6.0,77.0,78.0,11.0,20.0,12.0,155.0,4.0,6.0,2.0,2.0,0.0,0.0,15.0,40.0,2.0,9.0,2.0,4.0,1.0,2.0,0.0,0.0,4.0,9.0,2.0,3.0,0.0,2.0,21.0,55.0,6.0,13.0,21.0,81.0,75.0,4.0,7.0,3.0,5.0,1.0,18.0,1.0,5.0,0.0,2.0,9.0,11.0,24.0,18.0,18.0,0.0,2.0,9.0,4.0,3.0,0.0,12.0,6.0,18.0,4.0,2.0,3.0,8.0,1.0,42.0,2.0,12.0,0.0,18.0,11.0,2.0,31.0,14.0,45.0,3.0,8.0,3.0,5.0,8.0,2.0,5.0,6.0,2.0,3.0,0.0,0.0,14.0,1.0,1.0,7.0,17.0,1.0,0.0,0.0,16.0,0.0,1.0,2.0,23.0,2.0,0.0,4.0,3.0,4.0,8.0,1.0,1.0,0.0,0.0,0.0,8.0,9.0,7.0,63.0,11.0,11.0,2.0,3.0,1.0,,,68.0,,1611661324,False,0.43279567596181656,68.0,0.3412036928560401,41.0,105.1948051948052,96.15384615384616,9.040959040959038,77.0,81.0,75.0,68.0,27.0,0.4411764705882353,0.5184331797235022,1.1911764705882353,0.38181818181818183,0.46153846153846156,0.3382352941176471,0.19117647058823528,0.08823529411764706,0.5882352941176471,0.1323529411764706,0.7205882352941176,0.058823529411764705,0.1323529411764706,0.27941176470588236,0.3076923076923077,0.6666666666666666,0.00838079462641872,0.18181818181818182,0.1038961038961039,0.6666666666666666,0.5185185185185185,18.181818181818183,39.743589743589745,0.2222222222222222,0.15584415584415584,0.14285714285714285,0.13580246913580246,10.256410256410255,11.538461538461538,21.794871794871796
1611661324,MIN,MIN,20,False,2026-06-21 15:43:44,2026-06-23 16:17:53,2.023715277777778,2026-06-21,2026-06-22,1.0,17,600.0,1.0,-5.0,80.0,82.0,12.0,31.0,5.0,162.0,20.0,31.0,2.0,2.0,1.0,3.0,2.0,4.0,5.0,15.0,1.0,3.0,1.0,1.0,0.0,0.0,3.0,18.0,0.0,3.0,0.0,6.0,27.0,50.0,4.0,21.0,13.0,79.0,84.0,2.0,2.0,1.0,4.0,2.0,9.0,1.0,6.0,0.0,6.0,6.0,8.0,30.0,24.0,9.0,3.0,0.0,18.0,3.0,3.0,0.0,15.0,3.0,18.0,2.0,1.0,13.0,0.0,2.0,39.0,6.0,3.0,0.0,7.0,16.0,0.0,23.0,9.0,32.0,1.0,11.0,9.0,2.0,7.0,2.0,4.0,7.0,0.0,3.0,0.0,1.0,14.0,1.0,4.0,9.0,26.0,0.0,1.0,2.0,14.0,0.0,0.0,2.0,14.0,2.0,0.0,6.0,1.0,0.0,6.0,1.0,0.0,4.0,1.0,0.0,2.0,7.0,3.0,70.0,8.0,12.0,4.0,0.0,0.0,,,71.0,,1611661324,False,0.5424815450253743,71.0,0.24070077687310842,40.0,98.75,102.4390243902439,-3.689024390243901,80.0,79.0,84.0,71.0,31.0,0.4647887323943662,0.5119232763089684,1.1126760563380282,0.54,0.19047619047619047,0.19718309859154928,0.29577464788732394,0.43661971830985913,0.056338028169014086,0.2112676056338028,0.2676056338028169,0.04225352112676056,0.2535211267605634,0.7323943661971831,0.14285714285714285,0.6451612903225806,-0.07769281263100808,0.175,0.0875,0.5806451612903226,0.4936708860759494,11.25,28.04878048780488,0.11392405063291139,0.0625,0.15,0.10126582278481013,13.414634146341465,8.536585365853659,31.70731707317073
1611661324,MIN,MIN,22,False,2026-06-24 16:05:29,2026-06-25 16:13:09,1.005324074074074,2026-06-24,2026-06-24,1.0,18,600.0,1.0,2.0,85.0,84.0,21.0,19.0,10.0,169.0,6.0,7.0,1.0,1.0,2.0,2.0,12.0,26.0,1.0,8.0,2.0,6.0,0.0,1.0,1.0,2.0,6.0,24.0,2.0,3.0,2.0,5.0,19.0,41.0,8.0,30.0,16.0,78.0,76.0,3.0,4.0,2.0,4.0,3.0,15.0,5.0,10.0,3.0,7.0,5.0,24.0,24.0,14.0,21.0,3.0,2.0,24.0,6.0,2.0,0.0,12.0,7.0,19.0,5.0,2.0,4.0,8.0,0.0,45.0,7.0,3.0,0.0,8.0,20.0,4.0,32.0,10.0,42.0,1.0,7.0,4.0,3.0,4.0,2.0,2.0,9.0,0.0,2.0,2.0,2.0,13.0,0.0,3.0,11.0,25.0,0.0,0.0,3.0,22.0,0.0,1.0,4.0,22.0,2.0,0.0,9.0,0.0,3.0,6.0,0.0,0.0,2.0,0.0,1.0,3.0,6.0,4.0,63.0,24.0,21.0,3.0,3.0,1.0,,,71.0,,1611661324,False,0.4597757361458402,71.0,0.22517165741914946,44.0,91.76470588235294,90.47619047619048,1.2885154061624604,85.0,78.0,76.0,71.0,27.0,0.43661971830985913,0.4833911750123946,1.0985915492957747,0.4634146341463415,0.26666666666666666,0.30985915492957744,0.4225352112676056,0.09859154929577464,0.36619718309859156,0.11267605633802817,0.4788732394366197,0.08450704225352113,0.3380281690140845,0.5211267605633803,0.2,0.8571428571428571,-0.02315601783598109,0.15294117647058825,0.047058823529411764,0.7037037037037037,0.5769230769230769,11.76470588235294,38.095238095238095,0.19230769230769232,0.11764705882352941,0.24705882352941178,0.3076923076923077,8.333333333333332,7.142857142857142,29.761904761904763
1611661324,MIN,MIN,26,False,2026-06-28 15:09:09,2026-06-29 16:48:32,1.0690162037037036,2026-06-28,2026-06-28,1.0,19,600.0,1.0,8.0,80.0,82.0,20.0,6.0,10.0,162.0,9.0,14.0,3.0,7.0,3.0,5.0,10.0,26.0,3.0,9.0,2.0,4.0,0.0,1.0,0.0,0.0,7.0,19.0,0.0,0.0,0.0,1.0,22.0,49.0,9.0,23.0,14.0,85.0,77.0,4.0,9.0,0.0,1.0,0.0,8.0,8.0,16.0,0.0,1.0,2.0,18.0,22.0,22.0,24.0,3.0,4.0,19.0,7.0,3.0,0.0,11.0,8.0,19.0,6.0,2.0,3.0,7.0,1.0,46.0,5.0,5.0,0.0,13.0,17.0,0.0,30.0,10.0,40.0,0.0,9.0,7.0,2.0,7.0,0.0,6.0,3.0,1.0,1.0,0.0,0.0,10.0,0.0,3.0,8.0,15.0,0.0,1.0,1.0,15.0,0.0,0.0,1.0,17.0,1.0,0.0,8.0,0.0,1.0,5.0,0.0,0.0,1.0,0.0,0.0,4.0,5.0,2.0,77.0,18.0,20.0,0.0,0.0,0.0,,,72.0,,1611661324,False,0.4816738088122274,72.0,0.24233615876670317,41.0,106.25,93.90243902439023,12.347560975609767,80.0,85.0,77.0,72.0,31.0,0.4930555555555556,0.53472571716155,1.1805555555555556,0.4489795918367347,0.391304347826087,0.2361111111111111,0.3194444444444444,0.19444444444444445,0.3611111111111111,0.125,0.4861111111111111,0.05555555555555555,0.2638888888888889,0.5138888888888888,0.17391304347826086,0.6428571428571429,0.011381746743328203,0.125,0.0875,0.6129032258064516,0.5411764705882353,12.5,36.58536585365854,0.09411764705882353,0.125,0.25,0.21176470588235294,10.975609756097562,6.097560975609756,18.29268292682927
1611661324,MIN,MIN,27,False,2026-06-29 16:48:32,2026-07-04 14:56:19,4.922071759259259,2026-06-29,2026-07-03,1.0,20,600.0,1.0,-13.0,75.0,77.0,16.0,13.0,17.0,152.0,16.0,25.0,6.0,6.0,2.0,6.0,7.0,24.0,1.0,5.0,3.0,8.0,0.0,1.0,2.0,3.0,7.0,23.0,2.0,5.0,0.0,4.0,24.0,54.0,10.0,31.0,8.0,86.0,99.0,9.0,11.0,2.0,6.0,3.0,27.0,5.0,13.0,2.0,7.0,2.0,18.0,26.0,22.0,27.0,3.0,6.0,23.0,7.0,4.0,2.0,13.0,9.0,22.0,6.0,3.0,10.0,2.0,1.0,53.0,8.0,13.0,0.0,11.0,6.0,0.0,17.0,21.0,38.0,3.0,8.0,6.0,2.0,8.0,0.0,6.0,0.0,0.0,2.0,0.0,0.0,8.0,1.0,0.0,9.0,15.0,0.0,1.0,0.0,13.0,0.0,0.0,2.0,9.0,3.0,0.0,6.0,0.0,0.0,1.0,0.0,0.0,0.0,0.0,0.0,1.0,1.0,0.0,59.0,18.0,16.0,2.0,0.0,0.0,,,85.0,,1611661324,False,0.5005709678446919,85.0,0.41293650364274653,51.0,114.66666666666667,128.57142857142858,-13.904761904761912,75.0,86.0,99.0,85.0,34.0,0.4588235294117647,0.48336330935251803,1.011764705882353,0.4444444444444444,0.3225806451612903,0.10588235294117647,0.36470588235294116,0.29411764705882354,0.2823529411764706,0.058823529411764705,0.3411764705882353,0.09411764705882353,0.27058823529411763,0.6588235294117647,0.25806451612903225,0.64,-0.04174743843292722,0.10666666666666667,0.10666666666666667,0.6470588235294118,0.6162790697674418,28.000000000000004,22.07792207792208,0.313953488372093,0.22666666666666666,0.21333333333333335,0.20930232558139536,10.38961038961039,1.2987012987012987,19.480519480519483
1611661324,MIN,MIN,30,False,2026-07-06 16:46:42,2026-07-07 16:15:04,0.9780324074074074,2026-07-06,2026-07-06,1.0,21,600.0,1.0,-1.0,78.0,79.0,24.0,25.0,11.0,157.0,9.0,17.0,4.0,6.0,1.0,3.0,8.0,15.0,4.0,9.0,2.0,11.0,0.0,1.0,1.0,2.0,8.0,19.0,0.0,1.0,4.0,8.0,21.0,41.0,10.0,30.0,17.0,89.0,90.0,4.0,8.0,0.0,2.0,2.0,10.0,4.0,11.0,5.0,10.0,7.0,30.0,30.0,12.0,27.0,3.0,2.0,19.0,8.0,5.0,1.0,15.0,9.0,24.0,7.0,2.0,8.0,5.0,2.0,57.0,8.0,5.0,0.0,4.0,17.0,3.0,24.0,13.0,37.0,3.0,5.0,1.0,4.0,11.0,0.0,8.0,2.0,0.0,3.0,0.0,0.0,13.0,1.0,3.0,10.0,23.0,0.0,0.0,1.0,20.0,0.0,0.0,1.0,19.0,3.0,0.0,8.0,0.0,3.0,5.0,2.0,1.0,3.0,1.0,0.0,2.0,7.0,2.0,79.0,30.0,24.0,5.0,3.0,0.0,,,71.0,,1611661324,False,0.4929653221277278,71.0,0.3333957642732216,40.0,114.1025641025641,113.9240506329114,0.17851346965269954,78.0,89.0,90.0,71.0,31.0,0.5070422535211268,0.5607358870967742,1.2535211267605635,0.5121951219512195,0.3333333333333333,0.2676056338028169,0.4225352112676056,0.23943661971830985,0.2112676056338028,0.1267605633802817,0.3380281690140845,0.15492957746478872,0.2676056338028169,0.6619718309859155,0.36666666666666664,0.5294117647058824,0.01407693139339894,0.16666666666666666,0.14102564102564102,0.7741935483870968,0.6404494382022472,16.666666666666664,30.37974683544304,0.11235955056179775,0.14102564102564102,0.3076923076923077,0.33707865168539325,6.329113924050633,8.860759493670885,29.11392405063291
1611661324,MIN,MIN,32,False,2026-07-08 15:56:18,2026-07-09 16:20:00,1.0164583333333332,2026-07-08,2026-07-08,1.0,22,1200.0,1.0,6.0,79.0,78.0,19.0,19.0,10.0,157.0,8.0,11.0,1.0,2.0,1.0,3.0,7.0,19.0,3.0,8.0,4.0,6.0,0.0,0.0,0.0,1.0,6.0,16.0,1.0,2.0,2.0,3.0,18.0,38.0,10.0,22.0,20.0,86.0,80.0,3.0,5.0,1.0,2.0,3.0,12.0,3.0,6.0,2.0,4.0,7.0,19.0,22.0,14.0,30.0,0.0,2.0,16.0,6.0,7.0,0.0,11.0,10.0,21.0,6.0,4.0,5.0,4.0,2.0,52.0,3.0,8.0,0.0,9.0,13.0,3.0,25.0,11.0,36.0,1.0,8.0,5.0,3.0,9.0,1.0,5.0,5.0,1.0,4.0,0.0,2.0,14.0,3.0,4.0,12.0,20.0,1.0,0.0,0.0,20.0,2.0,0.0,0.0,27.0,0.0,0.0,11.0,1.0,1.0,7.0,0.0,0.0,4.0,0.0,0.0,3.0,7.0,1.0,74.0,19.0,19.0,4.0,1.0,0.0,,,60.0,,1611661324,False,0.4619516170653829,60.0,0.3438150287598898,32.0,108.86075949367088,102.56410256410255,6.296656929568329,79.0,86.0,80.0,60.0,28.0,0.55,0.5982192543127435,1.4333333333333333,0.47368421052631576,0.45454545454545453,0.45,0.36666666666666664,0.18333333333333332,0.31666666666666665,0.13333333333333333,0.45,0.1,0.26666666666666666,0.55,0.2727272727272727,0.7272727272727273,0.08804838293461714,0.17721518987341772,0.11392405063291139,0.75,0.6046511627906976,13.924050632911392,32.05128205128205,0.13953488372093023,0.12658227848101267,0.24050632911392406,0.22093023255813954,10.256410256410255,8.974358974358974,25.64102564102564
1611661324,MIN,MIN,35,False,2026-07-11 14:43:06,2026-07-12 14:45:23,1.0015856481481482,2026-07-11,2026-07-11,1.0,23,1200.0,1.0,5.0,77.0,77.0,11.0,17.0,12.0,154.0,10.0,25.0,2.0,4.0,2.0,5.0,1.0,3.0,4.0,13.0,0.0,2.0,0.0,0.0,0.0,0.0,14.0,26.0,1.0,4.0,2.0,4.0,15.0,41.0,14.0,28.0,18.0,90.0,85.0,2.0,4.0,1.0,4.0,10.0,17.0,3.0,8.0,2.0,4.0,2.0,14.0,16.0,14.0,30.0,12.0,2.0,26.0,14.0,2.0,0.0,8.0,10.0,18.0,10.0,0.0,5.0,0.0,3.0,46.0,4.0,10.0,1.0,18.0,9.0,1.0,28.0,15.0,43.0,2.0,9.0,7.0,2.0,8.0,0.0,6.0,6.0,1.0,2.0,0.0,1.0,14.0,2.0,1.0,5.0,18.0,0.0,1.0,1.0,16.0,0.0,1.0,1.0,23.0,2.0,3.0,9.0,0.0,2.0,3.0,0.0,0.0,3.0,0.0,0.0,0.0,3.0,1.0,73.0,12.0,10.0,0.0,1.0,1.0,,,69.0,,1611661324,False,0.5278072534627829,69.0,0.35878338318915437,40.0,116.88311688311688,110.3896103896104,6.493506493506487,77.0,90.0,85.0,69.0,29.0,0.5217391304347826,0.5687563195146612,1.3043478260869565,0.36585365853658536,0.5,0.3333333333333333,0.4057971014492754,0.36231884057971014,0.043478260869565216,0.18840579710144928,0.2318840579710145,0.028985507246376812,0.37681159420289856,0.7681159420289855,0.07142857142857142,0.4,-0.006068123028000305,0.18181818181818182,0.1038961038961039,0.6206896551724138,0.5111111111111111,19.480519480519483,36.36363636363637,0.18888888888888888,0.15584415584415584,0.14285714285714285,0.15555555555555556,11.688311688311687,3.896103896103896,23.376623376623375
1611661324,MIN,MIN,37,False,2026-07-13 16:18:46,2026-07-14 15:13:54,0.9549537037037037,2026-07-13,2026-07-13,1.0,24,600.0,1.0,4.0,81.0,82.0,11.0,34.0,4.0,163.0,18.0,23.0,0.0,0.0,3.0,3.0,2.0,7.0,2.0,2.0,1.0,6.0,1.0,1.0,1.0,1.0,11.0,23.0,2.0,3.0,1.0,3.0,22.0,32.0,12.0,29.0,24.0,104.0,100.0,0.0,0.0,3.0,4.0,1.0,10.0,3.0,4.0,2.0,4.0,5.0,17.0,24.0,20.0,24.0,12.0,0.0,23.0,11.0,0.0,0.0,12.0,8.0,20.0,7.0,1.0,9.0,1.0,2.0,48.0,4.0,1.0,0.0,9.0,12.0,1.0,22.0,5.0,27.0,0.0,9.0,7.0,2.0,5.0,4.0,4.0,7.0,0.0,1.0,0.0,1.0,12.0,0.0,0.0,7.0,21.0,0.0,0.0,2.0,18.0,1.0,0.0,1.0,26.0,2.0,0.0,9.0,2.0,3.0,2.0,2.0,0.0,2.0,2.0,0.0,0.0,4.0,3.0,94.0,16.0,10.0,4.0,2.0,0.0,,,61.0,,1611661324,False,0.5385531614298708,61.0,0.18284824549758863,27.0,128.39506172839506,121.95121951219512,6.44384221619994,81.0,104.0,100.0,61.0,34.0,0.6557377049180327,0.7178354500276091,1.7049180327868851,0.6875,0.41379310344827586,0.4262295081967213,0.47540983606557374,0.3770491803278688,0.11475409836065574,0.03278688524590164,0.14754098360655737,0.09836065573770492,0.3770491803278688,0.8524590163934426,0.20689655172413793,0.782608695652174,0.11718454348816199,0.14814814814814814,0.06172839506172839,0.5882352941176471,0.46153846153846156,6.172839506172839,26.82926829268293,0.09615384615384616,0.04938271604938271,0.13580246913580246,0.16346153846153846,10.975609756097562,4.878048780487805,25.609756097560975
1611661324,MIN,MIN,38,False,2026-07-14 15:13:54,2026-07-16 15:23:36,2.006736111111111,2026-07-14,2026-07-15,1.0,25,600.0,1.0,9.0,82.0,84.0,20.0,13.0,7.0,166.0,14.0,24.0,1.0,1.0,3.0,6.0,5.0,8.0,7.0,11.0,1.0,4.0,1.0,1.0,0.0,0.0,7.0,21.0,0.0,1.0,0.0,2.0,26.0,43.0,8.0,25.0,20.0,96.0,87.0,2.0,3.0,1.0,2.0,5.0,12.0,7.0,12.0,0.0,2.0,6.0,20.0,28.0,24.0,21.0,3.0,4.0,21.0,7.0,0.0,1.0,14.0,7.0,21.0,6.0,1.0,6.0,5.0,3.0,49.0,2.0,5.0,0.0,9.0,12.0,1.0,22.0,7.0,29.0,1.0,13.0,12.0,1.0,6.0,3.0,5.0,6.0,1.0,1.0,0.0,0.0,12.0,0.0,4.0,7.0,17.0,0.0,2.0,0.0,16.0,0.0,0.0,0.0,24.0,1.0,1.0,7.0,1.0,3.0,4.0,0.0,0.0,3.0,0.0,0.0,1.0,4.0,3.0,84.0,20.0,20.0,3.0,3.0,0.0,,0.0,68.0,,1611661324,False,0.5402682941358755,68.0,0.22378447906940752,34.0,117.07317073170731,103.57142857142858,13.501742160278724,82.0,96.0,87.0,68.0,34.0,0.5588235294117647,0.6109979633401221,1.411764705882353,0.6046511627906976,0.32,0.35294117647058826,0.36764705882352944,0.35294117647058826,0.11764705882352941,0.16176470588235295,0.27941176470588236,0.058823529411764705,0.3088235294117647,0.7205882352941176,0.16,0.5833333333333334,0.018555235275889204,0.14634146341463414,0.07317073170731707,0.6176470588235294,0.5104166666666666,8.536585365853659,26.190476190476193,0.125,0.08536585365853659,0.24390243902439024,0.20833333333333334,15.476190476190476,4.761904761904762,20.238095238095237
1611661324,MIN,MIN,40,False,2026-07-18 14:42:59,2026-07-19 14:45:02,1.001423611111111,2026-07-18,2026-07-18,1.0,26,1200.0,1.0,8.0,81.0,82.0,13.0,3.0,8.0,163.0,24.0,34.0,2.0,3.0,4.0,7.0,4.0,8.0,4.0,10.0,3.0,10.0,0.0,0.0,0.0,0.0,6.0,13.0,2.0,3.0,0.0,1.0,32.0,52.0,9.0,23.0,10.0,101.0,93.0,3.0,5.0,2.0,3.0,1.0,13.0,7.0,11.0,0.0,1.0,4.0,18.0,40.0,24.0,27.0,0.0,2.0,13.0,6.0,2.0,0.0,20.0,9.0,29.0,6.0,3.0,17.0,1.0,2.0,67.0,3.0,6.0,0.0,13.0,17.0,0.0,30.0,9.0,39.0,1.0,6.0,4.0,2.0,7.0,1.0,5.0,3.0,0.0,2.0,0.0,0.0,10.0,1.0,1.0,4.0,9.0,0.0,0.0,1.0,16.0,0.0,4.0,0.0,13.0,2.0,0.0,4.0,1.0,2.0,9.0,0.0,0.0,6.0,0.0,0.0,3.0,9.0,7.0,88.0,16.0,12.0,0.0,1.0,0.0,,0.0,75.0,,1611661324,False,0.5515194096034505,75.0,0.26362898990241074,34.0,124.69135802469135,113.41463414634146,11.276723878349898,81.0,101.0,93.0,75.0,41.0,0.6066666666666667,0.625619425173439,1.3466666666666667,0.6153846153846154,0.391304347826087,0.17333333333333334,0.30666666666666664,0.4533333333333333,0.10666666666666667,0.13333333333333333,0.24,0.13333333333333333,0.17333333333333334,0.76,0.43478260869565216,0.7058823529411765,0.055147257063216215,0.12345679012345678,0.08641975308641975,0.7073170731707317,0.6633663366336634,11.11111111111111,36.58536585365854,0.12871287128712872,0.09876543209876543,0.16049382716049382,0.1782178217821782,7.317073170731707,10.975609756097562,10.975609756097562
1611661324,MIN,MIN,41,False,2026-07-19 14:45:02,2026-07-21 15:27:31,2.029502314814815,2026-07-19,2026-07-20,1.0,27,1200.0,1.0,3.0,81.0,82.0,9.0,14.0,10.0,163.0,16.0,25.0,5.0,7.0,1.0,2.0,5.0,14.0,6.0,13.0,3.0,4.0,0.0,0.0,0.0,0.0,7.0,20.0,2.0,3.0,0.0,3.0,27.0,52.0,10.0,24.0,21.0,105.0,102.0,6.0,8.0,2.0,3.0,2.0,20.0,3.0,5.0,0.0,3.0,4.0,10.0,20.0,34.0,30.0,0.0,4.0,20.0,7.0,3.0,1.0,10.0,10.0,20.0,7.0,3.0,6.0,2.0,2.0,50.0,2.0,11.0,0.0,9.0,15.0,1.0,25.0,13.0,38.0,3.0,10.0,9.0,1.0,4.0,1.0,1.0,5.0,0.0,3.0,0.0,3.0,9.0,1.0,0.0,9.0,18.0,0.0,1.0,1.0,15.0,0.0,0.0,1.0,22.0,1.0,0.0,8.0,1.0,2.0,2.0,0.0,0.0,1.0,0.0,0.0,1.0,2.0,1.0,85.0,6.0,7.0,1.0,0.0,0.0,,0.0,76.0,,1611661324,False,0.5090093103475466,76.0,0.3505790336694044,39.0,129.62962962962962,124.39024390243902,5.239385727190594,81.0,105.0,102.0,76.0,37.0,0.5526315789473685,0.6127450980392156,1.381578947368421,0.5192307692307693,0.4166666666666667,0.2894736842105263,0.3157894736842105,0.32894736842105265,0.18421052631578946,0.17105263157894737,0.35526315789473684,0.05263157894736842,0.2631578947368421,0.6447368421052632,0.16666666666666666,0.64,0.04362226859982188,0.1111111111111111,0.04938271604938271,0.5405405405405406,0.47619047619047616,16.049382716049383,30.48780487804878,0.19047619047619047,0.12345679012345678,0.1111111111111111,0.09523809523809523,12.195121951219512,2.4390243902439024,21.951219512195124
1611661324,MIN,MIN,42,False,2026-07-21 15:27:31,2026-07-23 15:46:30,2.0131828703703705,2026-07-21,2026-07-22,1.0,28,600.0,1.0,10.0,81.0,82.0,6.0,16.0,14.0,163.0,14.0,29.0,3.0,5.0,1.0,2.0,7.0,18.0,1.0,9.0,2.0,5.0,1.0,2.0,1.0,1.0,7.0,18.0,1.0,3.0,0.0,1.0,22.0,56.0,9.0,23.0,15.0,86.0,76.0,4.0,9.0,2.0,5.0,1.0,15.0,1.0,2.0,1.0,2.0,4.0,9.0,28.0,16.0,27.0,0.0,6.0,18.0,7.0,6.0,1.0,14.0,9.0,23.0,7.0,2.0,9.0,4.0,1.0,55.0,6.0,11.0,0.0,16.0,8.0,2.0,26.0,17.0,43.0,4.0,13.0,9.0,4.0,7.0,4.0,5.0,4.0,0.0,2.0,0.0,0.0,11.0,1.0,1.0,7.0,13.0,0.0,2.0,0.0,12.0,0.0,0.0,1.0,17.0,1.0,0.0,4.0,2.0,2.0,3.0,0.0,0.0,2.0,0.0,0.0,1.0,3.0,0.0,71.0,9.0,6.0,0.0,2.0,0.0,,0.0,79.0,,1611661324,False,0.5147701699393226,79.0,0.354573333808793,48.0,106.17283950617285,92.6829268292683,13.489912676904552,81.0,86.0,76.0,79.0,31.0,0.44936708860759494,0.49722479185938945,1.0886075949367089,0.39285714285714285,0.391304347826087,0.21518987341772153,0.2911392405063291,0.3670886075949367,0.22784810126582278,0.11392405063291139,0.34177215189873417,0.06329113924050633,0.22784810126582278,0.6582278481012658,0.21739130434782608,0.4827586206896552,-0.06540308133172762,0.13580246913580246,0.08641975308641975,0.7419354838709677,0.6395348837209303,20.98765432098765,31.70731707317073,0.1744186046511628,0.1728395061728395,0.07407407407407407,0.10465116279069768,15.853658536585366,3.6585365853658534,15.853658536585366
1611661324,MIN,MIN,43,False,2026-07-23 15:46:30,2026-07-29 15:43:06,5.997638888888889,2026-07-23,2026-07-28,1.0,29,600.0,1.0,7.0,83.0,83.0,13.0,17.0,8.0,166.0,15.0,20.0,1.0,2.0,2.0,4.0,8.0,16.0,0.0,11.0,3.0,3.0,0.0,0.0,0.0,0.0,11.0,22.0,3.0,3.0,1.0,2.0,23.0,47.0,14.0,25.0,12.0,100.0,93.0,1.0,2.0,3.0,3.0,2.0,13.0,4.0,8.0,1.0,2.0,2.0,13.0,32.0,14.0,30.0,12.0,2.0,22.0,11.0,4.0,0.0,16.0,10.0,26.0,7.0,3.0,8.0,8.0,0.0,62.0,1.0,7.0,0.0,12.0,13.0,0.0,25.0,8.0,33.0,1.0,8.0,3.0,5.0,7.0,0.0,6.0,4.0,0.0,1.0,0.0,4.0,11.0,2.0,1.0,7.0,20.0,0.0,0.0,0.0,18.0,0.0,0.0,3.0,16.0,0.0,0.0,7.0,0.0,1.0,3.0,1.0,1.0,1.0,0.0,0.0,2.0,4.0,1.0,87.0,13.0,13.0,1.0,1.0,0.0,,0.0,72.0,,1611661324,False,0.5100411724530716,72.0,0.23643366659309614,35.0,120.48192771084338,112.04819277108433,8.433734939759049,83.0,100.0,93.0,72.0,37.0,0.6111111111111112,0.6325910931174089,1.3888888888888888,0.48936170212765956,0.56,0.2222222222222222,0.3472222222222222,0.2777777777777778,0.2222222222222222,0.1527777777777778,0.375,0.041666666666666664,0.3055555555555556,0.625,0.12,0.75,0.1010699386580396,0.13253012048192772,0.08433734939759036,0.7027027027027027,0.62,9.63855421686747,30.120481927710845,0.13,0.0963855421686747,0.1566265060240964,0.13,9.63855421686747,4.819277108433735,24.096385542168676
1611661324,MIN,MIN,44,False,2026-07-29 15:43:06,2026-07-31 15:52:06,2.00625,2026-07-29,2026-07-30,1.0,30,600.0,1.0,32.0,81.0,81.0,10.0,16.0,13.0,162.0,16.0,28.0,4.0,7.0,1.0,3.0,3.0,12.0,8.0,14.0,3.0,8.0,0.0,1.0,0.0,0.0,10.0,21.0,2.0,4.0,1.0,4.0,27.0,54.0,13.0,29.0,11.0,104.0,72.0,5.0,11.0,2.0,5.0,2.0,18.0,2.0,7.0,1.0,4.0,0.0,7.0,28.0,26.0,36.0,3.0,4.0,21.0,10.0,4.0,0.0,14.0,12.0,26.0,9.0,3.0,11.0,2.0,1.0,64.0,7.0,10.0,0.0,14.0,11.0,2.0,27.0,17.0,44.0,3.0,14.0,10.0,4.0,6.0,2.0,3.0,4.0,0.0,3.0,0.0,0.0,10.0,1.0,3.0,4.0,13.0,0.0,1.0,1.0,11.0,0.0,0.0,1.0,13.0,2.0,0.0,7.0,0.0,0.0,5.0,0.0,0.0,1.0,0.0,0.0,4.0,5.0,3.0,86.0,7.0,10.0,2.0,0.0,0.0,,0.0,83.0,,1611661324,False,0.5189849116177987,83.0,0.4121183412407977,43.0,128.39506172839506,88.88888888888889,39.50617283950618,81.0,104.0,72.0,83.0,40.0,0.5602409638554217,0.5861136158701533,1.2530120481927711,0.5,0.4482758620689655,0.1566265060240964,0.3493975903614458,0.3373493975903614,0.14457831325301204,0.1686746987951807,0.3132530120481928,0.0963855421686747,0.25301204819277107,0.6867469879518072,0.27586206896551724,0.5714285714285714,0.041256052237622964,0.12345679012345678,0.07407407407407407,0.65,0.6153846153846154,20.98765432098765,33.33333333333333,0.17307692307692307,0.16049382716049382,0.12345679012345678,0.0673076923076923,17.28395061728395,6.172839506172839,16.049382716049383
1611661324,MIN,MIN,47,False,2026-08-03 16:13:19,2026-08-04 16:04:29,0.9938657407407407,2026-08-03,2026-08-03,1.0,31,600.0,1.0,8.0,79.0,80.0,15.0,21.0,11.0,159.0,21.0,28.0,4.0,5.0,4.0,6.0,4.0,10.0,7.0,13.0,4.0,7.0,1.0,1.0,1.0,2.0,7.0,18.0,1.0,2.0,1.0,2.0,32.0,51.0,11.0,25.0,11.0,108.0,100.0,5.0,7.0,2.0,3.0,0.0,16.0,6.0,10.0,2.0,4.0,3.0,21.0,40.0,24.0,24.0,9.0,6.0,18.0,7.0,2.0,0.0,20.0,8.0,28.0,4.0,4.0,13.0,3.0,4.0,64.0,5.0,6.0,0.0,10.0,13.0,2.0,25.0,11.0,36.0,1.0,6.0,5.0,1.0,4.0,1.0,2.0,4.0,0.0,2.0,1.0,0.0,8.0,1.0,0.0,8.0,16.0,0.0,1.0,0.0,15.0,0.0,1.0,1.0,15.0,1.0,0.0,7.0,0.0,1.0,3.0,0.0,0.0,2.0,0.0,1.0,0.0,3.0,3.0,92.0,20.0,14.0,0.0,0.0,0.0,,0.0,76.0,,1611661324,False,0.5378833672990087,76.0,0.3538415524682681,33.0,136.70886075949366,125.0,11.70886075949366,79.0,108.0,100.0,76.0,43.0,0.6381578947368421,0.6537530266343826,1.4210526315789473,0.6274509803921569,0.44,0.19736842105263158,0.32894736842105265,0.3684210526315789,0.13157894736842105,0.17105263157894737,0.3026315789473684,0.09210526315789473,0.23684210526315788,0.6973684210526315,0.28,0.75,0.1002745274378335,0.10126582278481013,0.05063291139240506,0.6511627906976745,0.5925925925925926,13.924050632911392,31.25,0.14814814814814814,0.13924050632911392,0.189873417721519,0.19444444444444445,7.5,3.75,20.0
1611661324,MIN,MIN,48,False,2026-08-04 16:04:29,2026-08-07 14:43:29,2.94375,2026-08-04,2026-08-06,1.0,32,,1.0,-7.0,77.0,77.0,18.0,15.0,13.0,154.0,10.0,20.0,4.0,4.0,2.0,4.0,6.0,11.0,6.0,13.0,2.0,8.0,0.0,2.0,0.0,3.0,7.0,21.0,2.0,5.0,0.0,6.0,22.0,44.0,9.0,29.0,11.0,82.0,89.0,4.0,8.0,2.0,7.0,0.0,14.0,6.0,11.0,0.0,9.0,0.0,12.0,22.0,22.0,18.0,9.0,8.0,21.0,7.0,4.0,0.0,11.0,6.0,17.0,4.0,2.0,3.0,4.0,4.0,40.0,10.0,5.0,0.0,10.0,12.0,1.0,23.0,15.0,38.0,2.0,7.0,5.0,2.0,6.0,1.0,6.0,8.0,0.0,0.0,0.0,0.0,14.0,0.0,5.0,7.0,22.0,0.0,2.0,6.0,13.0,0.0,1.0,1.0,13.0,1.0,0.0,7.0,0.0,0.0,2.0,0.0,0.0,1.0,0.0,0.0,1.0,2.0,1.0,68.0,12.0,18.0,2.0,0.0,0.0,,0.0,73.0,,1611661324,False,0.5019767483824443,73.0,0.36570105724651725,42.0,106.49350649350649,115.5844155844156,-9.090909090909108,77.0,82.0,89.0,73.0,31.0,0.4863013698630137,0.5208333333333334,1.1232876712328768,0.5,0.3103448275862069,0.1780821917808219,0.3972602739726027,0.273972602739726,0.1506849315068493,0.1780821917808219,0.3287671232876712,0.1095890410958904,0.2876712328767123,0.6712328767123288,0.27586206896551724,0.5,-0.015675378519430627,0.18181818181818182,0.07792207792207792,0.5483870967741935,0.4878048780487805,19.480519480519483,29.87012987012987,0.17073170731707318,0.16883116883116883,0.23376623376623376,0.14634146341463414,9.090909090909092,2.5974025974025974,28.57142857142857
1611661324,MIN,MIN,50,False,2026-08-08 14:20:53,2026-08-09 14:22:34,1.0011689814814815,2026-08-08,2026-08-08,1.0,33,2400.0,1.0,11.0,80.0,81.0,0.0,21.0,11.0,161.0,15.0,30.0,5.0,7.0,0.0,0.0,5.0,10.0,2.0,7.0,4.0,5.0,0.0,0.0,0.0,0.0,11.0,24.0,0.0,2.0,0.0,0.0,22.0,47.0,15.0,29.0,9.0,98.0,87.0,7.0,11.0,0.0,2.0,0.0,14.0,0.0,0.0,0.0,0.0,0.0,0.0,24.0,20.0,36.0,9.0,8.0,24.0,11.0,4.0,0.0,12.0,12.0,24.0,8.0,4.0,8.0,3.0,1.0,60.0,4.0,9.0,0.0,12.0,14.0,0.0,26.0,13.0,39.0,2.0,10.0,7.0,3.0,3.0,8.0,2.0,11.0,1.0,1.0,0.0,0.0,14.0,0.0,0.0,8.0,20.0,0.0,0.0,1.0,11.0,0.0,0.0,2.0,10.0,1.0,0.0,4.0,1.0,0.0,4.0,0.0,0.0,2.0,0.0,1.0,1.0,4.0,2.0,84.0,0.0,0.0,1.0,0.0,0.0,,0.0,76.0,,1611661324,False,0.5287185503728498,76.0,0.33333882693853834,39.0,122.50000000000001,107.40740740740742,15.092592592592595,80.0,98.0,87.0,76.0,37.0,0.5855263157894737,0.6094527363184079,1.2894736842105263,0.46808510638297873,0.5172413793103449,0.13157894736842105,0.3815789473684211,0.39473684210526316,0.13157894736842105,0.09210526315789473,0.2236842105263158,0.06578947368421052,0.3157894736842105,0.7763157894736842,0.1724137931034483,0.5,0.05680776541662391,0.175,0.0375,0.6486486486486487,0.6122448979591837,16.25,32.098765432098766,0.14285714285714285,0.1375,0.0,0.0,12.345679012345679,4.938271604938271,24.691358024691358
1611661324,MIN,MIN,51,False,2026-08-09 14:22:34,2026-08-10 14:48:26,1.017962962962963,2026-08-09,2026-08-09,1.0,34,2400.0,1.0,13.0,81.0,82.0,4.0,8.0,7.0,163.0,14.0,18.0,2.0,3.0,0.0,0.0,3.0,5.0,5.0,10.0,2.0,5.0,0.0,0.0,0.0,0.0,16.0,34.0,2.0,2.0,1.0,2.0,22.0,33.0,18.0,39.0,5.0,103.0,90.0,3.0,4.0,2.0,2.0,0.0,12.0,0.0,0.0,1.0,2.0,0.0,3.0,30.0,14.0,42.0,12.0,4.0,34.0,16.0,0.0,0.0,15.0,14.0,29.0,12.0,2.0,8.0,2.0,5.0,72.0,4.0,3.0,0.0,10.0,11.0,0.0,21.0,7.0,28.0,2.0,12.0,6.0,6.0,5.0,2.0,5.0,6.0,0.0,0.0,0.0,2.0,11.0,1.0,1.0,5.0,12.0,0.0,0.0,2.0,8.0,1.0,0.0,1.0,9.0,1.0,0.0,5.0,0.0,0.0,3.0,0.0,0.0,2.0,0.0,0.0,1.0,3.0,2.0,91.0,3.0,4.0,0.0,0.0,0.0,,0.0,72.0,,1611661324,False,0.5249691692977794,72.0,0.2166177752656786,32.0,127.16049382716051,109.75609756097562,17.40439626618489,81.0,103.0,90.0,72.0,40.0,0.6805555555555556,0.6779884149552396,1.4305555555555556,0.6666666666666666,0.46153846153846156,0.125,0.5416666666666666,0.25,0.06944444444444445,0.1388888888888889,0.20833333333333334,0.06944444444444445,0.4722222222222222,0.7916666666666666,0.1282051282051282,0.7777777777777778,0.1555863862577762,0.13580246913580246,0.06172839506172839,0.725,0.6990291262135923,8.641975308641975,25.609756097560975,0.11650485436893204,0.08641975308641975,0.04938271604938271,0.02912621359223301,14.634146341463413,3.6585365853658534,14.634146341463413
1611661325,IND,IND,0,True,,2026-06-02 22:58:54,,,2026-06-01,8.0,8,6300.0,8.0,22.0,668.0,675.0,230.0,236.0,85.0,1343.0,123.0,198.0,20.0,30.0,36.0,56.0,39.0,89.0,16.0,47.0,13.0,50.0,2.0,7.0,6.0,16.0,58.0,171.0,7.0,21.0,14.0,56.0,178.0,334.0,71.0,221.0,165.0,734.0,712.0,27.0,48.0,9.0,28.0,22.0,103.0,54.0,101.0,20.0,72.0,95.0,263.0,224.0,132.0,189.0,24.0,18.0,171.0,58.0,41.0,3.0,112.0,63.0,175.0,51.0,12.0,82.0,23.0,7.0,413.0,43.0,53.0,3.0,81.0,132.0,15.0,228.0,99.0,327.0,8.0,55.0,37.0,18.0,63.0,17.0,43.0,63.0,2.0,20.0,4.0,2.0,126.0,13.0,38.0,69.0,192.0,5.0,18.0,17.0,198.0,4.0,20.0,13.0,195.0,12.0,2.0,56.0,3.0,41.0,30.0,,,19.0,,1.0,10.0,30.0,20.0,631.0,261.0,229.0,28.0,40.0,2.0,,,555.0,,1611661325,False,0.5240715189873418,555.0,0.3221476510067114,306.0,109.88023952095809,105.48148148148148,4.398758039476604,83.5,91.75,89.0,555.0,249.0,0.5126126126126126,0.5727215980024969,1.3225225225225226,0.5329341317365269,0.3212669683257919,0.35135135135135137,0.3981981981981982,0.3567567567567568,0.16036036036036036,0.08468468468468468,0.24504504504504504,0.09009009009009009,0.3081081081081081,0.7549549549549549,0.22624434389140272,0.6212121212121212,-0.011458906374729239,0.18862275449101795,0.09431137724550898,0.7028112449799196,0.5626702997275205,14.820359281437126,33.77777777777778,0.14032697547683923,0.12724550898203593,0.344311377245509,0.3583106267029973,8.148148148148149,4.444444444444445,28.444444444444443
1611661325,IND,IND,3,False,2026-06-04 16:41:49,2026-06-05 16:24:13,0.9877777777777778,2026-06-04,2026-06-04,1.0,9,1200.0,1.0,12.0,77.0,78.0,10.0,16.0,7.0,155.0,9.0,16.0,0.0,0.0,0.0,0.0,7.0,16.0,3.0,6.0,1.0,4.0,0.0,0.0,1.0,2.0,10.0,21.0,0.0,1.0,1.0,3.0,19.0,38.0,11.0,25.0,12.0,83.0,71.0,2.0,6.0,0.0,1.0,1.0,5.0,0.0,0.0,2.0,5.0,9.0,15.0,18.0,20.0,21.0,12.0,0.0,21.0,10.0,3.0,0.0,9.0,7.0,16.0,6.0,1.0,7.0,2.0,0.0,39.0,3.0,6.0,0.0,12.0,17.0,2.0,31.0,9.0,40.0,1.0,6.0,3.0,3.0,9.0,1.0,7.0,6.0,1.0,2.0,0.0,0.0,15.0,1.0,2.0,7.0,22.0,0.0,2.0,2.0,18.0,0.0,2.0,1.0,15.0,0.0,0.0,3.0,0.0,4.0,7.0,,,4.0,,0.0,3.0,7.0,3.0,78.0,15.0,10.0,5.0,4.0,0.0,,,63.0,,1611661325,False,0.4842520869049573,63.0,0.2814077319873537,33.0,107.79220779220779,91.02564102564102,16.76656676656677,77.0,83.0,71.0,63.0,30.0,0.5634920634920635,0.596264367816092,1.3174603174603174,0.5,0.44,0.23809523809523808,0.3968253968253968,0.25396825396825395,0.25396825396825395,0.09523809523809523,0.3492063492063492,0.06349206349206349,0.3333333333333333,0.6507936507936508,0.16,0.5625,0.07923997658710619,0.19480519480519481,0.11688311688311688,0.5333333333333333,0.46987951807228917,11.688311688311687,39.743589743589745,0.060240963855421686,0.09090909090909091,0.12987012987012986,0.18072289156626506,7.6923076923076925,8.974358974358974,28.205128205128204
1611661325,IND,IND,5,False,2026-06-06 15:03:59,2026-06-07 15:16:47,1.008888888888889,2026-06-06,2026-06-06,1.0,10,600.0,1.0,-8.0,84.0,85.0,23.0,30.0,9.0,169.0,4.0,7.0,0.0,0.0,1.0,2.0,15.0,32.0,2.0,8.0,3.0,6.0,0.0,0.0,0.0,1.0,5.0,19.0,1.0,3.0,2.0,6.0,21.0,47.0,8.0,25.0,9.0,75.0,83.0,2.0,4.0,1.0,3.0,0.0,7.0,4.0,11.0,2.0,7.0,5.0,19.0,24.0,18.0,24.0,0.0,2.0,19.0,5.0,2.0,0.0,12.0,8.0,20.0,5.0,3.0,3.0,8.0,1.0,48.0,4.0,4.0,1.0,11.0,19.0,3.0,33.0,9.0,42.0,3.0,4.0,4.0,0.0,9.0,2.0,3.0,6.0,0.0,6.0,0.0,1.0,15.0,2.0,4.0,13.0,27.0,0.0,1.0,0.0,19.0,0.0,0.0,3.0,15.0,2.0,0.0,6.0,0.0,3.0,5.0,,,1.0,,0.0,4.0,5.0,3.0,68.0,19.0,23.0,3.0,2.0,0.0,,,72.0,,1611661325,False,0.4554587216380999,72.0,0.19009297778990164,43.0,89.28571428571429,97.6470588235294,-8.361344537815114,84.0,75.0,83.0,72.0,29.0,0.4583333333333333,0.4770992366412214,1.0416666666666667,0.44680851063829785,0.32,0.20833333333333334,0.3472222222222222,0.09722222222222222,0.4444444444444444,0.1111111111111111,0.5555555555555556,0.08333333333333333,0.2638888888888889,0.4444444444444444,0.24,0.5714285714285714,0.0028746116952333978,0.17857142857142858,0.10714285714285714,0.6896551724137931,0.64,10.714285714285714,38.82352941176471,0.09333333333333334,0.10714285714285714,0.27380952380952384,0.25333333333333335,4.705882352941177,5.88235294117647,31.76470588235294
1611661325,IND,IND,7,False,2026-06-08 17:00:39,2026-06-09 16:24:19,0.9747685185185185,2026-06-08,2026-06-08,1.0,11,600.0,1.0,2.0,80.0,80.0,25.0,35.0,11.0,160.0,12.0,18.0,1.0,2.0,3.0,6.0,6.0,17.0,1.0,2.0,3.0,9.0,0.0,0.0,0.0,1.0,7.0,20.0,0.0,0.0,2.0,4.0,19.0,37.0,10.0,29.0,10.0,78.0,76.0,2.0,5.0,0.0,0.0,4.0,8.0,3.0,11.0,2.0,5.0,5.0,17.0,26.0,12.0,18.0,12.0,0.0,20.0,7.0,5.0,1.0,13.0,6.0,19.0,3.0,3.0,8.0,4.0,1.0,44.0,7.0,4.0,0.0,7.0,20.0,2.0,29.0,11.0,40.0,0.0,8.0,3.0,5.0,5.0,3.0,3.0,15.0,0.0,2.0,0.0,1.0,20.0,4.0,9.0,10.0,26.0,1.0,1.0,6.0,23.0,0.0,4.0,3.0,14.0,1.0,0.0,5.0,1.0,2.0,4.0,,,3.0,,0.0,1.0,4.0,4.0,70.0,17.0,25.0,2.0,2.0,0.0,,,66.0,,1611661325,False,0.508307309237976,66.0,0.30555413098107576,37.0,97.5,95.0,2.5,80.0,78.0,76.0,66.0,29.0,0.5151515151515151,0.5404656319290466,1.1818181818181819,0.5135135135135135,0.3448275862068966,0.21212121212121213,0.4393939393939394,0.2727272727272727,0.25757575757575757,0.030303030303030304,0.2878787878787879,0.13636363636363635,0.30303030303030304,0.7121212121212122,0.3103448275862069,0.6666666666666666,0.006844205913539181,0.25,0.0625,0.6551724137931034,0.5641025641025641,13.750000000000002,36.25,0.10256410256410256,0.1375,0.3125,0.21794871794871795,10.0,5.0,32.5
1611661325,IND,IND,10,False,2026-06-11 17:31:15,2026-06-12 16:37:05,0.9623842592592593,2026-06-11,2026-06-11,1.0,12,900.0,1.0,8.0,95.0,96.0,29.0,41.0,16.0,191.0,27.0,45.0,6.0,11.0,5.0,9.0,3.0,8.0,2.0,6.0,2.0,10.0,1.0,5.0,0.0,1.0,5.0,18.0,0.0,4.0,1.0,4.0,32.0,59.0,7.0,28.0,29.0,114.0,106.0,6.0,12.0,1.0,9.0,4.0,19.0,5.0,11.0,1.0,5.0,15.0,28.0,34.0,30.0,15.0,6.0,6.0,18.0,5.0,6.0,1.0,17.0,5.0,22.0,3.0,2.0,14.0,1.0,2.0,49.0,11.0,13.0,1.0,10.0,17.0,3.0,30.0,25.0,55.0,3.0,8.0,7.0,1.0,6.0,1.0,6.0,12.0,2.0,0.0,0.0,2.0,18.0,1.0,8.0,17.0,27.0,0.0,0.0,3.0,25.0,0.0,2.0,2.0,31.0,2.0,1.0,9.0,0.0,7.0,6.0,,,3.0,,0.0,3.0,6.0,1.0,95.0,21.0,25.0,2.0,3.0,0.0,,0.0,87.0,,1611661325,False,0.565927091658598,87.0,0.5047299621603027,48.0,120.0,110.41666666666667,9.583333333333329,95.0,114.0,106.0,87.0,39.0,0.4885057471264368,0.5663751987281399,1.3103448275862069,0.5423728813559322,0.25,0.3563218390804598,0.3218390804597701,0.5172413793103449,0.09195402298850575,0.06896551724137931,0.16091954022988506,0.11494252873563218,0.20689655172413793,0.8390804597701149,0.35714285714285715,0.6,-0.07742134453216121,0.18947368421052632,0.06315789473684211,0.5641025641025641,0.4298245614035088,26.31578947368421,31.25,0.16666666666666666,0.16842105263157894,0.30526315789473685,0.24561403508771928,8.333333333333332,6.25,28.125
1611661325,IND,IND,12,False,2026-06-13 15:24:02,2026-06-14 15:31:17,1.0050347222222222,2026-06-13,2026-06-13,1.0,13,600.0,1.0,10.0,75.0,77.0,15.0,11.0,10.0,152.0,12.0,17.0,3.0,3.0,2.0,4.0,5.0,13.0,1.0,2.0,0.0,5.0,0.0,2.0,0.0,2.0,12.0,24.0,1.0,4.0,3.0,5.0,18.0,32.0,12.0,29.0,13.0,85.0,75.0,3.0,4.0,1.0,6.0,4.0,13.0,3.0,5.0,3.0,7.0,7.0,22.0,20.0,16.0,27.0,9.0,2.0,24.0,12.0,4.0,0.0,10.0,9.0,19.0,9.0,0.0,7.0,3.0,0.0,47.0,9.0,4.0,0.0,8.0,23.0,1.0,32.0,13.0,45.0,2.0,4.0,3.0,1.0,7.0,5.0,4.0,12.0,2.0,3.0,0.0,0.0,19.0,0.0,3.0,4.0,16.0,0.0,3.0,3.0,22.0,0.0,2.0,2.0,19.0,1.0,1.0,7.0,1.0,1.0,5.0,,,5.0,,0.0,0.0,5.0,4.0,72.0,22.0,15.0,0.0,1.0,0.0,,0.0,61.0,,1611661325,False,0.4912236568436071,61.0,0.43242365172189756,31.0,113.33333333333333,97.40259740259741,15.93073593073592,75.0,85.0,75.0,61.0,30.0,0.5901639344262295,0.6127450980392157,1.3934426229508197,0.5625,0.41379310344827586,0.3114754098360656,0.47540983606557374,0.2786885245901639,0.21311475409836064,0.03278688524590164,0.2459016393442623,0.08196721311475409,0.39344262295081966,0.7540983606557377,0.1724137931034483,0.7058823529411765,0.09894027758262242,0.25333333333333335,0.09333333333333334,0.6333333333333333,0.5529411764705883,17.333333333333336,41.55844155844156,0.15294117647058825,0.13333333333333333,0.2,0.25882352941176473,5.194805194805195,6.493506493506493,20.77922077922078
1611661325,IND,IND,15,False,2026-06-16 18:24:01,2026-06-17 16:50:06,0.9347800925925925,2026-06-16,2026-06-16,1.0,14,600.0,1.0,22.0,87.0,89.0,49.0,15.0,11.0,176.0,21.0,33.0,5.0,9.0,10.0,14.0,1.0,4.0,1.0,2.0,1.0,4.0,0.0,1.0,0.0,2.0,12.0,26.0,1.0,1.0,11.0,18.0,23.0,39.0,13.0,30.0,28.0,113.0,91.0,5.0,9.0,1.0,2.0,4.0,17.0,12.0,18.0,11.0,20.0,15.0,72.0,28.0,18.0,33.0,6.0,6.0,26.0,12.0,1.0,0.0,14.0,11.0,25.0,10.0,1.0,13.0,0.0,1.0,61.0,6.0,7.0,0.0,11.0,23.0,4.0,38.0,13.0,51.0,1.0,4.0,3.0,1.0,9.0,2.0,4.0,8.0,1.0,5.0,0.0,1.0,17.0,0.0,7.0,11.0,18.0,0.0,0.0,1.0,27.0,0.0,3.0,2.0,33.0,2.0,0.0,11.0,1.0,5.0,5.0,,,4.0,,0.0,1.0,5.0,4.0,96.0,72.0,49.0,1.0,5.0,0.0,,0.0,69.0,,1611661325,False,0.6010628160059338,69.0,0.405802628024851,33.0,129.8850574712644,102.24719101123596,27.637866460028434,87.0,113.0,91.0,69.0,36.0,0.6159420289855072,0.676484674329502,1.6376811594202898,0.5897435897435898,0.43333333333333335,0.4782608695652174,0.43478260869565216,0.4782608695652174,0.057971014492753624,0.028985507246376812,0.08695652173913043,0.057971014492753624,0.37681159420289856,0.9130434782608695,0.13333333333333333,0.6363636363636364,0.014879212979573397,0.19540229885057472,0.10344827586206896,0.6944444444444444,0.5398230088495575,14.942528735632186,42.69662921348314,0.1504424778761062,0.12643678160919541,0.5632183908045977,0.6371681415929203,4.49438202247191,5.617977528089887,20.224719101123593
1611661325,IND,IND,17,False,2026-06-18 16:49:24,2026-06-19 16:26:43,0.9842476851851852,2026-06-18,2026-06-18,1.0,15,600.0,1.0,-7.0,85.0,86.0,40.0,28.0,8.0,171.0,14.0,18.0,0.0,0.0,6.0,6.0,9.0,21.0,4.0,7.0,1.0,2.0,0.0,0.0,1.0,1.0,7.0,15.0,0.0,1.0,4.0,9.0,27.0,46.0,8.0,17.0,23.0,101.0,108.0,1.0,1.0,0.0,1.0,9.0,11.0,10.0,18.0,5.0,10.0,16.0,51.0,24.0,30.0,12.0,12.0,0.0,15.0,7.0,3.0,0.0,12.0,4.0,16.0,4.0,0.0,8.0,2.0,2.0,36.0,2.0,6.0,0.0,7.0,14.0,3.0,24.0,8.0,32.0,1.0,7.0,4.0,3.0,10.0,2.0,6.0,7.0,0.0,4.0,0.0,1.0,17.0,1.0,5.0,15.0,26.0,0.0,2.0,2.0,27.0,0.0,2.0,1.0,29.0,0.0,2.0,8.0,1.0,4.0,3.0,,,3.0,,0.0,0.0,3.0,1.0,90.0,51.0,40.0,3.0,4.0,0.0,,0.0,63.0,,1611661325,False,0.4686313409657696,63.0,0.28451921309064077,28.0,118.82352941176471,125.5813953488372,-6.757865937072495,85.0,101.0,108.0,63.0,35.0,0.6190476190476191,0.6665786694825765,1.6031746031746033,0.5869565217391305,0.47058823529411764,0.4603174603174603,0.2698412698412698,0.2857142857142857,0.3333333333333333,0.1111111111111111,0.4444444444444444,0.031746031746031744,0.23809523809523808,0.5555555555555556,0.11764705882352941,0.7777777777777778,0.15041627808184949,0.2,0.11764705882352941,0.45714285714285713,0.3564356435643564,9.411764705882353,27.906976744186046,0.10891089108910891,0.09411764705882353,0.47058823529411764,0.504950495049505,8.13953488372093,3.488372093023256,30.23255813953488
1611661325,IND,IND,19,False,2026-06-20 15:27:14,2026-06-21 15:43:44,1.0114583333333333,2026-06-20,2026-06-20,1.0,16,600.0,1.0,-17.0,83.0,83.0,41.0,43.0,10.0,166.0,14.0,23.0,3.0,4.0,6.0,12.0,3.0,9.0,3.0,5.0,3.0,5.0,0.0,0.0,1.0,3.0,10.0,25.0,1.0,2.0,4.0,11.0,20.0,37.0,13.0,30.0,17.0,96.0,113.0,3.0,4.0,1.0,2.0,4.0,13.0,9.0,16.0,5.0,14.0,11.0,44.0,18.0,22.0,33.0,6.0,2.0,25.0,10.0,5.0,0.0,9.0,11.0,20.0,8.0,3.0,4.0,3.0,2.0,51.0,5.0,5.0,0.0,9.0,16.0,3.0,28.0,10.0,38.0,1.0,1.0,0.0,1.0,10.0,4.0,8.0,9.0,1.0,2.0,0.0,1.0,19.0,2.0,10.0,12.0,29.0,0.0,3.0,3.0,24.0,0.0,2.0,1.0,21.0,3.0,1.0,8.0,1.0,3.0,3.0,,,1.0,,0.0,2.0,3.0,1.0,83.0,44.0,41.0,5.0,2.0,0.0,,1.0,67.0,,1611661325,False,0.5267570817040396,67.0,0.293238674780257,34.0,115.66265060240963,136.14457831325302,-20.481927710843394,83.0,96.0,113.0,67.0,33.0,0.5895522388059702,0.6295907660020986,1.4328358208955223,0.5405405405405406,0.43333333333333335,0.31343283582089554,0.44776119402985076,0.34328358208955223,0.13432835820895522,0.07462686567164178,0.208955223880597,0.07462686567164178,0.373134328358209,0.7910447761194029,0.16666666666666666,0.6086956521739131,0.06279515710193062,0.2289156626506024,0.12048192771084337,0.6060606060606061,0.53125,12.048192771084338,33.734939759036145,0.13541666666666666,0.12048192771084337,0.4939759036144578,0.4583333333333333,1.2048192771084338,3.614457831325301,34.93975903614458
1611661325,IND,IND,20,False,2026-06-21 15:43:44,2026-06-23 16:17:53,2.023715277777778,2026-06-21,2026-06-22,1.0,17,600.0,1.0,9.0,80.0,80.0,31.0,21.0,11.0,160.0,10.0,17.0,1.0,2.0,4.0,7.0,3.0,6.0,4.0,7.0,5.0,9.0,1.0,1.0,1.0,2.0,5.0,25.0,0.0,3.0,3.0,9.0,17.0,30.0,10.0,34.0,22.0,86.0,77.0,1.0,2.0,1.0,4.0,3.0,8.0,8.0,11.0,4.0,11.0,13.0,41.0,12.0,22.0,27.0,3.0,2.0,25.0,5.0,2.0,0.0,6.0,9.0,15.0,4.0,5.0,6.0,0.0,0.0,39.0,7.0,6.0,0.0,16.0,14.0,2.0,32.0,13.0,45.0,2.0,6.0,5.0,1.0,5.0,2.0,3.0,10.0,2.0,2.0,0.0,1.0,15.0,5.0,3.0,4.0,23.0,0.0,3.0,4.0,25.0,0.0,2.0,2.0,29.0,1.0,0.0,8.0,0.0,7.0,2.0,,,0.0,,0.0,2.0,2.0,1.0,78.0,41.0,31.0,6.0,7.0,0.0,,0.0,64.0,,1611661325,False,0.5029265497977402,64.0,0.3701770736253499,37.0,107.5,96.25,11.25,80.0,86.0,77.0,64.0,27.0,0.5,0.5601875977071391,1.34375,0.5666666666666667,0.29411764705882354,0.453125,0.53125,0.265625,0.09375,0.109375,0.203125,0.140625,0.390625,0.796875,0.2647058823529412,0.5882352941176471,-0.0029265497977402077,0.1875,0.0625,0.5555555555555556,0.45348837209302323,16.25,40.0,0.09302325581395349,0.1375,0.3875,0.47674418604651164,7.5,2.5,28.749999999999996
1611661325,IND,IND,22,False,2026-06-24 16:05:29,2026-06-25 16:13:09,1.005324074074074,2026-06-24,2026-06-24,1.0,18,600.0,1.0,-2.0,83.0,84.0,21.0,32.0,6.0,167.0,23.0,30.0,4.0,5.0,6.0,8.0,2.0,5.0,1.0,4.0,0.0,4.0,0.0,0.0,0.0,1.0,13.0,23.0,0.0,0.0,2.0,3.0,26.0,39.0,13.0,27.0,18.0,109.0,111.0,4.0,5.0,0.0,0.0,1.0,9.0,8.0,10.0,2.0,4.0,5.0,27.0,42.0,10.0,27.0,12.0,4.0,23.0,13.0,1.0,2.0,21.0,9.0,30.0,9.0,0.0,18.0,2.0,1.0,69.0,3.0,3.0,0.0,7.0,12.0,3.0,22.0,6.0,28.0,1.0,6.0,5.0,1.0,8.0,3.0,7.0,8.0,0.0,1.0,0.0,0.0,16.0,1.0,6.0,13.0,29.0,1.0,2.0,3.0,19.0,1.0,1.0,2.0,19.0,2.0,1.0,6.0,2.0,1.0,1.0,,,1.0,,0.0,0.0,1.0,1.0,100.0,27.0,21.0,3.0,1.0,0.0,,0.0,66.0,,1611661325,False,0.5569694288736131,66.0,0.21962616822429692,27.0,131.32530120481925,132.14285714285714,-0.8175559380378843,83.0,109.0,111.0,66.0,39.0,0.6893939393939394,0.7329209252286175,1.6515151515151516,0.6666666666666666,0.48148148148148145,0.2878787878787879,0.4090909090909091,0.45454545454545453,0.07575757575757576,0.06060606060606061,0.13636363636363635,0.06060606060606061,0.3484848484848485,0.8636363636363636,0.14814814814814814,0.7666666666666667,0.13242451052032633,0.1927710843373494,0.0963855421686747,0.7692307692307693,0.6330275229357798,7.228915662650602,26.190476190476193,0.08256880733944955,0.07228915662650602,0.25301204819277107,0.24770642201834864,7.142857142857142,1.1904761904761905,34.523809523809526
1611661325,IND,IND,25,False,2026-06-27 15:06:40,2026-06-28 15:09:09,1.0017245370370371,2026-06-27,2026-06-27,1.0,19,600.0,1.0,24.0,84.0,86.0,26.0,25.0,8.0,170.0,25.0,37.0,3.0,6.0,5.0,7.0,1.0,8.0,1.0,3.0,3.0,5.0,0.0,0.0,1.0,1.0,7.0,14.0,0.0,1.0,1.0,3.0,27.0,48.0,10.0,19.0,27.0,111.0,87.0,3.0,7.0,0.0,1.0,2.0,8.0,6.0,12.0,2.0,4.0,16.0,34.0,28.0,26.0,27.0,3.0,6.0,14.0,7.0,4.0,0.0,14.0,9.0,23.0,6.0,3.0,14.0,0.0,0.0,55.0,2.0,7.0,0.0,12.0,21.0,3.0,36.0,9.0,45.0,0.0,6.0,6.0,0.0,4.0,4.0,3.0,8.0,0.0,1.0,0.0,0.0,12.0,0.0,3.0,7.0,24.0,1.0,2.0,3.0,23.0,0.0,0.0,0.0,33.0,5.0,0.0,14.0,0.0,5.0,6.0,,,3.0,,0.0,3.0,6.0,3.0,103.0,34.0,26.0,4.0,5.0,1.0,,0.0,67.0,,1611661325,False,0.5743565807744435,67.0,0.310533169909606,30.0,132.14285714285714,101.16279069767442,30.980066445182715,84.0,111.0,87.0,67.0,37.0,0.6268656716417911,0.6808145240431797,1.6567164179104477,0.5625,0.5263157894736842,0.4925373134328358,0.2835820895522388,0.5522388059701493,0.11940298507462686,0.04477611940298507,0.16417910447761194,0.07462686567164178,0.208955223880597,0.835820895522388,0.2631578947368421,0.6756756756756757,0.05250909086734756,0.14285714285714285,0.047619047619047616,0.6216216216216216,0.4954954954954955,10.714285714285714,41.86046511627907,0.07207207207207207,0.09523809523809523,0.30952380952380953,0.3063063063063063,6.976744186046512,6.976744186046512,27.906976744186046
1611661325,IND,IND,29,False,2026-07-05 15:04:24,2026-07-06 16:46:42,1.0710416666666667,2026-07-05,2026-07-05,1.0,20,600.0,1.0,16.0,72.0,73.0,17.0,22.0,13.0,145.0,6.0,11.0,2.0,2.0,2.0,6.0,12.0,28.0,3.0,8.0,1.0,4.0,0.0,0.0,0.0,2.0,8.0,19.0,1.0,4.0,2.0,4.0,21.0,47.0,9.0,23.0,15.0,84.0,68.0,5.0,8.0,1.0,4.0,0.0,13.0,4.0,9.0,2.0,6.0,4.0,18.0,20.0,22.0,24.0,3.0,6.0,19.0,8.0,1.0,0.0,10.0,8.0,18.0,7.0,1.0,3.0,5.0,2.0,44.0,6.0,8.0,1.0,10.0,14.0,4.0,28.0,15.0,43.0,6.0,5.0,5.0,0.0,5.0,1.0,3.0,2.0,0.0,2.0,0.0,0.0,7.0,3.0,1.0,10.0,20.0,0.0,2.0,1.0,17.0,0.0,0.0,1.0,20.0,1.0,0.0,8.0,1.0,1.0,3.0,,,1.0,,0.0,2.0,3.0,2.0,71.0,18.0,17.0,3.0,1.0,0.0,,0.0,70.0,,1611661325,False,0.47452325516576527,70.0,0.35049802863664753,40.0,116.66666666666667,93.15068493150685,23.515981735159826,72.0,84.0,68.0,70.0,30.0,0.4928571428571429,0.5329949238578681,1.2,0.44680851063829785,0.391304347826087,0.2857142857142857,0.32857142857142857,0.15714285714285714,0.4,0.11428571428571428,0.5142857142857142,0.05714285714285714,0.2714285714285714,0.4857142857142857,0.17391304347826086,0.5454545454545454,0.018333887691377615,0.09722222222222222,0.06944444444444445,0.6,0.5238095238095238,20.833333333333336,38.35616438356164,0.15476190476190477,0.18055555555555555,0.2361111111111111,0.21428571428571427,6.8493150684931505,4.10958904109589,27.397260273972602
1611661325,IND,IND,32,False,2026-07-08 15:56:18,2026-07-09 16:20:00,1.0164583333333332,2026-07-08,2026-07-08,1.0,21,600.0,1.0,-14.0,91.0,91.0,14.0,28.0,12.0,182.0,8.0,10.0,2.0,3.0,1.0,1.0,10.0,25.0,4.0,8.0,1.0,6.0,0.0,0.0,0.0,2.0,10.0,28.0,0.0,0.0,3.0,5.0,22.0,43.0,11.0,34.0,15.0,92.0,106.0,5.0,9.0,0.0,0.0,5.0,15.0,2.0,4.0,3.0,7.0,4.0,17.0,24.0,20.0,18.0,15.0,2.0,28.0,10.0,0.0,0.0,12.0,6.0,18.0,6.0,0.0,5.0,4.0,3.0,42.0,7.0,7.0,0.0,7.0,23.0,1.0,31.0,14.0,45.0,2.0,8.0,6.0,2.0,11.0,1.0,9.0,6.0,0.0,2.0,0.0,0.0,17.0,1.0,1.0,8.0,22.0,1.0,1.0,3.0,18.0,1.0,1.0,1.0,21.0,1.0,0.0,9.0,0.0,2.0,5.0,,,0.0,,0.0,5.0,5.0,4.0,77.0,17.0,14.0,2.0,2.0,0.0,,0.0,77.0,,1611661325,False,0.4867434640089845,77.0,0.3179501444150613,44.0,101.0989010989011,116.4835164835165,-15.384615384615401,91.0,92.0,106.0,77.0,33.0,0.5,0.5333951762523191,1.1948051948051948,0.5116279069767442,0.3235294117647059,0.2727272727272727,0.44155844155844154,0.12987012987012986,0.3246753246753247,0.1038961038961039,0.42857142857142855,0.07792207792207792,0.36363636363636365,0.5714285714285714,0.17647058823529413,0.8,0.013256535991015506,0.18681318681318682,0.12087912087912088,0.5454545454545454,0.45652173913043476,15.384615384615385,34.065934065934066,0.16304347826086957,0.13186813186813187,0.15384615384615385,0.18478260869565216,8.791208791208792,5.4945054945054945,24.175824175824175
1611661325,IND,IND,33,False,2026-07-09 16:20:00,2026-07-10 16:11:44,0.9942592592592593,2026-07-09,2026-07-09,1.0,22,1200.0,1.0,3.0,77.0,78.0,7.0,21.0,6.0,155.0,3.0,5.0,0.0,0.0,0.0,0.0,15.0,27.0,5.0,11.0,2.0,5.0,0.0,0.0,0.0,0.0,10.0,22.0,1.0,2.0,0.0,0.0,23.0,43.0,12.0,27.0,10.0,92.0,89.0,1.0,6.0,1.0,2.0,0.0,5.0,3.0,5.0,0.0,0.0,4.0,10.0,14.0,32.0,33.0,3.0,2.0,22.0,10.0,1.0,0.0,7.0,11.0,18.0,9.0,2.0,2.0,3.0,2.0,47.0,2.0,7.0,0.0,11.0,15.0,1.0,27.0,9.0,36.0,3.0,8.0,5.0,3.0,4.0,1.0,1.0,8.0,1.0,3.0,0.0,0.0,12.0,1.0,0.0,5.0,16.0,0.0,1.0,3.0,14.0,0.0,2.0,0.0,10.0,0.0,0.0,4.0,0.0,1.0,4.0,,,2.0,,0.0,2.0,4.0,3.0,87.0,10.0,7.0,0.0,1.0,1.0,,0.0,70.0,,1611661325,False,0.4527217782799523,70.0,0.26519314174439856,35.0,119.48051948051948,114.1025641025641,5.377955377955374,77.0,92.0,89.0,70.0,35.0,0.5857142857142857,0.6182795698924731,1.3142857142857143,0.5348837209302325,0.4444444444444444,0.14285714285714285,0.38571428571428573,0.07142857142857142,0.38571428571428573,0.15714285714285714,0.5428571428571428,0.07142857142857142,0.3142857142857143,0.45714285714285713,0.18518518518518517,0.6,0.13299250743433344,0.15584415584415584,0.05194805194805195,0.5142857142857142,0.5108695652173914,11.688311688311687,34.61538461538461,0.05434782608695652,0.07792207792207792,0.09090909090909091,0.10869565217391304,10.256410256410255,5.128205128205128,20.51282051282051
1611661325,IND,IND,36,False,2026-07-12 14:45:23,2026-07-13 16:18:46,1.064849537037037,2026-07-12,2026-07-12,1.0,23,600.0,1.0,34.0,78.0,80.0,11.0,13.0,8.0,158.0,8.0,12.0,0.0,1.0,0.0,0.0,11.0,18.0,4.0,7.0,2.0,3.0,1.0,1.0,0.0,0.0,13.0,28.0,2.0,2.0,4.0,7.0,23.0,37.0,15.0,31.0,18.0,109.0,75.0,2.0,3.0,3.0,3.0,0.0,13.0,2.0,2.0,4.0,7.0,6.0,22.0,16.0,30.0,30.0,15.0,4.0,28.0,13.0,4.0,0.0,8.0,10.0,18.0,8.0,2.0,5.0,3.0,0.0,46.0,5.0,3.0,0.0,10.0,20.0,1.0,31.0,8.0,39.0,0.0,6.0,4.0,2.0,4.0,2.0,2.0,6.0,0.0,2.0,0.0,1.0,10.0,2.0,0.0,7.0,17.0,0.0,1.0,1.0,19.0,0.0,0.0,1.0,19.0,2.0,0.0,8.0,1.0,1.0,1.0,,,0.0,,0.0,1.0,1.0,0.0,96.0,22.0,11.0,3.0,1.0,0.0,,0.0,68.0,,1611661325,False,0.48096338042653786,68.0,0.27646355811313394,30.0,139.74358974358972,93.75,45.99358974358972,78.0,109.0,75.0,68.0,38.0,0.6691176470588235,0.71372446306967,1.6029411764705883,0.6216216216216216,0.4838709677419355,0.27941176470588236,0.45588235294117646,0.17647058823529413,0.2647058823529412,0.10294117647058823,0.36764705882352944,0.04411764705882353,0.4117647058823529,0.6323529411764706,0.0967741935483871,0.6666666666666666,0.18815426663228563,0.1282051282051282,0.05128205128205128,0.47368421052631576,0.42201834862385323,10.256410256410255,38.75,0.11926605504587157,0.10256410256410256,0.14102564102564102,0.2018348623853211,7.5,1.25,21.25
1611661325,IND,IND,39,False,2026-07-15 15:15:46,2026-07-16 15:23:36,1.005439814814815,2026-07-15,2026-07-15,1.0,24,600.0,1.0,-13.0,77.0,78.0,13.0,15.0,11.0,155.0,13.0,23.0,1.0,3.0,2.0,4.0,3.0,9.0,2.0,10.0,2.0,6.0,1.0,1.0,0.0,2.0,7.0,19.0,1.0,3.0,0.0,0.0,18.0,42.0,9.0,25.0,12.0,75.0,88.0,2.0,8.0,2.0,4.0,2.0,12.0,3.0,7.0,0.0,2.0,3.0,9.0,16.0,20.0,18.0,9.0,0.0,19.0,7.0,4.0,0.0,8.0,6.0,14.0,4.0,2.0,6.0,2.0,0.0,34.0,6.0,8.0,0.0,9.0,11.0,1.0,21.0,14.0,35.0,3.0,8.0,4.0,4.0,9.0,1.0,6.0,7.0,2.0,3.0,1.0,0.0,16.0,1.0,1.0,7.0,19.0,0.0,0.0,2.0,15.0,0.0,3.0,0.0,16.0,0.0,0.0,6.0,0.0,1.0,2.0,,,0.0,,0.0,2.0,2.0,2.0,63.0,9.0,13.0,2.0,1.0,1.0,,0.0,67.0,,1611661325,False,0.5064984628932171,67.0,0.35054627524065013,40.0,97.40259740259741,112.82051282051282,-15.41791541791541,77.0,75.0,88.0,67.0,27.0,0.4701492537313433,0.506482982171799,1.1194029850746268,0.42857142857142855,0.36,0.23880597014925373,0.373134328358209,0.34328358208955223,0.13432835820895522,0.14925373134328357,0.2835820895522388,0.08955223880597014,0.2835820895522388,0.7164179104477612,0.24,0.5652173913043478,-0.036349209161873786,0.2077922077922078,0.11688311688311688,0.5185185185185185,0.4533333333333333,18.181818181818183,26.923076923076923,0.16,0.14285714285714285,0.16883116883116883,0.12,10.256410256410255,2.564102564102564,24.358974358974358
1611661325,IND,IND,41,False,2026-07-17 15:04:07,2026-07-18 14:42:59,0.9853240740740741,2026-07-17,2026-07-17,1.0,25,600.0,1.0,3.0,85.0,84.0,31.0,8.0,13.0,169.0,20.0,30.0,4.0,7.0,7.0,10.0,2.0,7.0,4.0,12.0,0.0,2.0,0.0,1.0,0.0,1.0,10.0,21.0,0.0,0.0,6.0,11.0,26.0,49.0,10.0,23.0,28.0,110.0,107.0,5.0,10.0,0.0,1.0,2.0,12.0,8.0,17.0,6.0,12.0,9.0,43.0,34.0,18.0,12.0,18.0,4.0,21.0,10.0,2.0,1.0,17.0,4.0,21.0,4.0,0.0,15.0,1.0,1.0,46.0,4.0,10.0,0.0,6.0,10.0,2.0,18.0,14.0,32.0,3.0,12.0,9.0,3.0,8.0,1.0,7.0,5.0,1.0,1.0,0.0,0.0,13.0,2.0,3.0,9.0,17.0,0.0,0.0,2.0,24.0,0.0,1.0,3.0,31.0,3.0,0.0,10.0,2.0,4.0,3.0,,,3.0,,0.0,0.0,3.0,1.0,98.0,39.0,29.0,1.0,2.0,1.0,,0.0,72.0,,1611661325,False,0.531238653360971,72.0,0.39946932500124255,36.0,129.41176470588235,127.38095238095238,2.0308123249299683,85.0,110.0,107.0,72.0,36.0,0.5694444444444444,0.6422232601588043,1.5277777777777777,0.5306122448979592,0.43478260869565216,0.4305555555555556,0.3194444444444444,0.4166666666666667,0.09722222222222222,0.16666666666666666,0.2638888888888889,0.027777777777777776,0.2916666666666667,0.7361111111111112,0.08695652173913043,0.6666666666666666,0.03820579108347344,0.15294117647058825,0.09411764705882353,0.5833333333333334,0.41818181818181815,16.470588235294116,21.428571428571427,0.10909090909090909,0.15294117647058825,0.36470588235294116,0.39090909090909093,14.285714285714285,3.571428571428571,20.238095238095237
1611661325,IND,IND,42,False,2026-07-18 14:42:59,2026-07-19 14:45:02,1.001423611111111,2026-07-18,2026-07-18,1.0,26,600.0,1.0,20.0,83.0,83.0,30.0,30.0,10.0,166.0,18.0,28.0,4.0,6.0,3.0,8.0,2.0,6.0,3.0,7.0,5.0,6.0,0.0,1.0,1.0,1.0,9.0,22.0,3.0,4.0,5.0,8.0,23.0,41.0,14.0,28.0,20.0,108.0,88.0,4.0,6.0,3.0,5.0,1.0,18.0,5.0,16.0,6.0,9.0,10.0,38.0,18.0,28.0,39.0,3.0,2.0,22.0,9.0,5.0,1.0,9.0,13.0,22.0,8.0,5.0,8.0,0.0,1.0,57.0,3.0,8.0,0.0,14.0,13.0,3.0,30.0,11.0,41.0,3.0,7.0,7.0,0.0,8.0,2.0,4.0,9.0,0.0,4.0,0.0,2.0,17.0,0.0,4.0,12.0,24.0,0.0,0.0,3.0,24.0,0.0,3.0,3.0,27.0,6.0,0.0,12.0,3.0,1.0,5.0,,,5.0,,0.0,0.0,5.0,2.0,90.0,38.0,30.0,1.0,1.0,0.0,,1.0,69.0,,1611661325,False,0.5517340834244252,69.0,0.365079182130426,32.0,130.12048192771084,106.02409638554218,24.09638554216866,83.0,108.0,88.0,69.0,37.0,0.6376811594202898,0.6676557863501484,1.565217391304348,0.5609756097560976,0.5,0.391304347826087,0.4057971014492754,0.4057971014492754,0.08695652173913043,0.10144927536231885,0.18840579710144928,0.08695652173913043,0.3188405797101449,0.8115942028985508,0.21428571428571427,0.6428571428571429,0.0859470759958646,0.20481927710843373,0.0963855421686747,0.5945945945945946,0.5277777777777778,13.253012048192772,36.144578313253014,0.16666666666666666,0.12048192771084337,0.3614457831325301,0.35185185185185186,8.433734939759036,6.024096385542169,28.915662650602407
1611661325,IND,IND,45,False,2026-07-21 15:27:31,2026-07-23 15:46:30,2.0131828703703705,2026-07-21,2026-07-22,1.0,27,600.0,1.0,35.0,86.0,86.0,31.0,19.0,10.0,172.0,16.0,21.0,4.0,5.0,3.0,5.0,17.0,28.0,1.0,2.0,1.0,4.0,0.0,0.0,1.0,2.0,10.0,18.0,1.0,2.0,1.0,4.0,34.0,51.0,11.0,22.0,22.0,123.0,88.0,5.0,7.0,1.0,2.0,0.0,13.0,10.0,15.0,2.0,6.0,15.0,41.0,40.0,28.0,27.0,6.0,2.0,18.0,10.0,4.0,0.0,20.0,9.0,29.0,8.0,1.0,10.0,9.0,1.0,67.0,5.0,5.0,0.0,8.0,20.0,3.0,31.0,10.0,41.0,4.0,7.0,7.0,0.0,8.0,2.0,5.0,7.0,0.0,3.0,0.0,0.0,15.0,1.0,5.0,7.0,18.0,0.0,0.0,3.0,25.0,0.0,2.0,1.0,27.0,5.0,1.0,9.0,0.0,6.0,7.0,,,3.0,,0.0,4.0,7.0,3.0,110.0,41.0,31.0,1.0,6.0,0.0,,0.0,73.0,,1611661325,False,0.5089334019175648,73.0,0.3819121260757368,28.0,143.0232558139535,102.32558139534885,40.69767441860466,86.0,123.0,88.0,73.0,45.0,0.6917808219178082,0.7245523091423186,1.6849315068493151,0.6666666666666666,0.5,0.3698630136986301,0.3013698630136986,0.2876712328767123,0.3835616438356164,0.0273972602739726,0.410958904109589,0.0547945205479452,0.2465753424657534,0.589041095890411,0.18181818181818182,0.7619047619047619,0.18284742000024345,0.1744186046511628,0.09302325581395349,0.6444444444444445,0.5447154471544715,11.627906976744185,36.04651162790697,0.10569105691056911,0.11627906976744186,0.36046511627906974,0.3333333333333333,8.13953488372093,8.13953488372093,20.930232558139537
1611661325,IND,IND,46,False,2026-07-23 15:46:30,2026-07-29 15:43:06,5.997638888888889,2026-07-23,2026-07-28,1.0,28,600.0,1.0,10.0,80.0,79.0,21.0,21.0,10.0,159.0,13.0,15.0,2.0,4.0,1.0,1.0,4.0,17.0,3.0,8.0,1.0,2.0,0.0,0.0,1.0,1.0,12.0,22.0,0.0,1.0,4.0,8.0,20.0,40.0,13.0,24.0,26.0,105.0,95.0,2.0,4.0,0.0,1.0,2.0,6.0,1.0,4.0,5.0,9.0,10.0,27.0,16.0,24.0,24.0,15.0,2.0,22.0,12.0,2.0,0.0,8.0,8.0,16.0,7.0,1.0,7.0,1.0,0.0,40.0,4.0,6.0,0.0,14.0,15.0,5.0,34.0,10.0,44.0,0.0,3.0,3.0,0.0,6.0,0.0,5.0,7.0,2.0,1.0,0.0,1.0,13.0,3.0,4.0,11.0,21.0,0.0,0.0,2.0,22.0,0.0,1.0,1.0,26.0,2.0,0.0,11.0,0.0,3.0,3.0,,,2.0,,0.0,1.0,3.0,2.0,99.0,27.0,21.0,3.0,3.0,0.0,,0.0,64.0,,1611661325,False,0.4772705532146979,64.0,0.3223859910053981,31.0,131.25,120.25316455696202,10.99683544303798,80.0,105.0,95.0,64.0,33.0,0.6171875,0.6959172852598091,1.640625,0.5,0.5416666666666666,0.40625,0.375,0.234375,0.265625,0.125,0.390625,0.03125,0.34375,0.609375,0.08333333333333333,0.8666666666666667,0.1399169467853021,0.1625,0.075,0.48484848484848486,0.38095238095238093,12.5,43.037974683544306,0.05714285714285714,0.125,0.2625,0.2571428571428571,3.79746835443038,3.79746835443038,26.582278481012654
1611661325,IND,IND,49,False,2026-07-31 15:52:06,2026-08-01 14:50:36,0.9572916666666667,2026-07-31,2026-07-31,1.0,29,600.0,1.0,14.0,86.0,87.0,26.0,19.0,11.0,173.0,14.0,20.0,1.0,1.0,3.0,5.0,11.0,15.0,1.0,4.0,1.0,4.0,0.0,0.0,0.0,0.0,9.0,25.0,2.0,5.0,5.0,9.0,26.0,39.0,10.0,29.0,30.0,112.0,98.0,1.0,2.0,2.0,5.0,8.0,16.0,7.0,9.0,5.0,9.0,11.0,40.0,36.0,16.0,18.0,12.0,0.0,25.0,9.0,3.0,0.0,18.0,6.0,24.0,5.0,1.0,12.0,6.0,0.0,54.0,7.0,6.0,0.0,11.0,12.0,2.0,25.0,13.0,38.0,0.0,14.0,10.0,4.0,8.0,0.0,2.0,7.0,0.0,6.0,0.0,0.0,15.0,2.0,5.0,7.0,21.0,0.0,1.0,4.0,24.0,0.0,3.0,2.0,34.0,1.0,0.0,10.0,1.0,6.0,3.0,,,1.0,,0.0,2.0,4.0,3.0,96.0,40.0,26.0,3.0,6.0,0.0,,0.0,68.0,,1611661325,False,0.5038470877210725,68.0,0.40796903988868216,32.0,130.2325581395349,112.64367816091954,17.588879978615353,86.0,112.0,98.0,68.0,36.0,0.6029411764705882,0.6750241080038573,1.6470588235294117,0.6666666666666666,0.3448275862068966,0.5,0.4264705882352941,0.29411764705882354,0.22058823529411764,0.058823529411764705,0.27941176470588236,0.058823529411764705,0.36764705882352944,0.7205882352941176,0.13793103448275862,0.7,0.09909408874951575,0.1744186046511628,0.09302325581395349,0.6666666666666666,0.48214285714285715,15.11627906976744,28.735632183908045,0.14285714285714285,0.12790697674418605,0.3023255813953488,0.35714285714285715,16.091954022988507,4.597701149425287,24.137931034482758
1611661325,IND,IND,52,False,2026-08-03 16:13:19,2026-08-04 16:04:29,0.9938657407407407,2026-08-03,2026-08-03,1.0,30,600.0,1.0,-8.0,79.0,80.0,20.0,16.0,5.0,159.0,19.0,26.0,1.0,2.0,3.0,6.0,5.0,10.0,4.0,8.0,0.0,2.0,0.0,0.0,0.0,1.0,11.0,22.0,2.0,3.0,4.0,7.0,28.0,44.0,11.0,24.0,11.0,100.0,108.0,2.0,3.0,2.0,3.0,0.0,10.0,4.0,8.0,4.0,8.0,2.0,22.0,34.0,22.0,30.0,3.0,2.0,22.0,11.0,3.0,0.0,17.0,10.0,27.0,10.0,0.0,11.0,4.0,2.0,64.0,3.0,3.0,0.0,8.0,12.0,3.0,23.0,6.0,29.0,1.0,4.0,2.0,2.0,6.0,2.0,5.0,6.0,0.0,1.0,1.0,1.0,12.0,0.0,6.0,7.0,15.0,0.0,1.0,1.0,16.0,0.0,1.0,0.0,15.0,3.0,1.0,7.0,1.0,0.0,2.0,0.0,0.0,1.0,,0.0,1.0,2.0,1.0,90.0,22.0,20.0,0.0,0.0,0.0,,0.0,68.0,,1611661325,False,0.5341718909246337,68.0,0.20411031712333247,29.0,126.58227848101266,135.0,-8.417721518987335,79.0,100.0,108.0,68.0,39.0,0.6544117647058824,0.6702412868632708,1.4705882352941178,0.6363636363636364,0.4583333333333333,0.22058823529411764,0.35294117647058826,0.38235294117647056,0.14705882352941177,0.11764705882352941,0.2647058823529412,0.029411764705882353,0.3235294117647059,0.7352941176470589,0.08333333333333333,0.7307692307692307,0.12023987378124867,0.1518987341772152,0.0759493670886076,0.6923076923076923,0.64,7.59493670886076,28.749999999999996,0.1,0.06329113924050633,0.25316455696202533,0.22,5.0,2.5,18.75
1611661325,IND,IND,54,False,2026-08-07 14:43:29,2026-08-08 14:20:53,0.9843055555555555,2026-08-07,2026-08-07,1.0,31,2700.0,1.0,-2.0,91.0,92.0,18.0,18.0,9.0,183.0,14.0,26.0,2.0,3.0,2.0,4.0,7.0,14.0,3.0,7.0,1.0,1.0,0.0,0.0,0.0,0.0,6.0,19.0,0.0,2.0,0.0,3.0,24.0,47.0,7.0,20.0,15.0,84.0,86.0,2.0,5.0,0.0,2.0,2.0,6.0,3.0,9.0,0.0,3.0,5.0,11.0,26.0,22.0,9.0,12.0,4.0,19.0,6.0,4.0,0.0,13.0,3.0,16.0,2.0,1.0,6.0,6.0,1.0,35.0,1.0,7.0,1.0,14.0,21.0,2.0,37.0,9.0,46.0,4.0,10.0,10.0,0.0,9.0,5.0,8.0,13.0,1.0,1.0,1.0,3.0,22.0,0.0,4.0,8.0,16.0,0.0,1.0,2.0,24.0,0.0,3.0,3.0,20.0,0.0,0.0,7.0,0.0,3.0,4.0,0.0,0.0,2.0,,0.0,2.0,4.0,2.0,78.0,11.0,17.0,1.0,2.0,0.0,,0.0,67.0,,1611661325,False,0.5197720149795314,67.0,0.2199314339264412,36.0,92.3076923076923,93.47826086956522,-1.170568561872912,91.0,84.0,86.0,67.0,31.0,0.5149253731343284,0.554089709762533,1.2537313432835822,0.5106382978723404,0.35,0.29850746268656714,0.29850746268656714,0.3880597014925373,0.208955223880597,0.1044776119402985,0.31343283582089554,0.014925373134328358,0.2835820895522388,0.6865671641791045,0.05,0.5384615384615384,-0.0048466418452030036,0.24175824175824176,0.0989010989010989,0.5161290322580645,0.4166666666666667,9.89010989010989,40.21739130434783,0.07142857142857142,0.0989010989010989,0.1978021978021978,0.13095238095238096,10.869565217391305,4.3478260869565215,17.391304347826086
1611661325,IND,IND,55,False,2026-08-08 14:20:53,2026-08-09 14:22:34,1.0011689814814815,2026-08-08,2026-08-08,1.0,32,2400.0,1.0,4.0,80.0,79.0,29.0,18.0,7.0,159.0,19.0,26.0,1.0,2.0,6.0,8.0,5.0,13.0,2.0,7.0,2.0,5.0,0.0,0.0,0.0,1.0,7.0,17.0,0.0,3.0,3.0,5.0,26.0,46.0,9.0,22.0,11.0,90.0,86.0,1.0,3.0,0.0,3.0,0.0,2.0,11.0,18.0,3.0,6.0,8.0,39.0,32.0,20.0,21.0,6.0,0.0,17.0,7.0,2.0,0.0,16.0,7.0,23.0,5.0,2.0,12.0,3.0,1.0,53.0,1.0,7.0,0.0,11.0,17.0,1.0,29.0,8.0,37.0,1.0,8.0,6.0,2.0,10.0,1.0,9.0,4.0,0.0,1.0,2.0,0.0,14.0,1.0,5.0,8.0,18.0,0.0,1.0,0.0,22.0,0.0,1.0,2.0,16.0,2.0,1.0,4.0,0.0,4.0,7.0,0.0,0.0,6.0,,0.0,1.0,7.0,6.0,88.0,39.0,29.0,2.0,4.0,0.0,,0.0,68.0,,1611661325,False,0.5272001551443182,68.0,0.26073814479986945,33.0,112.5,108.86075949367088,3.6392405063291164,80.0,90.0,86.0,68.0,35.0,0.5808823529411765,0.5996801705756929,1.3235294117647058,0.5652173913043478,0.4090909090909091,0.23529411764705882,0.3235294117647059,0.38235294117647056,0.19117647058823528,0.10294117647058823,0.29411764705882354,0.07352941176470588,0.25,0.7058823529411765,0.22727272727272727,0.7307692307692307,0.053682197796858344,0.175,0.125,0.6571428571428571,0.5888888888888889,10.0,36.708860759493675,0.022222222222222223,0.0875,0.3625,0.43333333333333335,10.126582278481013,8.860759493670885,22.78481012658228
1611661327,PDX,PDX,0,True,,2026-06-02 22:58:54,,,2026-06-01,10.0,10,6000.0,10.0,-15.0,787.0,788.0,199.0,269.0,87.0,1575.0,121.0,196.0,16.0,26.0,33.0,44.0,77.0,176.0,13.0,30.0,29.0,74.0,6.0,15.0,6.0,18.0,59.0,178.0,3.0,11.0,13.0,42.0,211.0,402.0,88.0,252.0,150.0,836.0,851.0,27.0,52.0,9.0,26.0,11.0,92.0,55.0,91.0,19.0,60.0,64.0,231.0,224.0,198.0,237.0,27.0,22.0,178.0,59.0,37.0,4.0,112.0,79.0,191.0,52.0,27.0,71.0,34.0,7.0,461.0,41.0,55.0,5.0,118.0,106.0,14.0,238.0,101.0,339.0,9.0,81.0,54.0,27.0,75.0,28.0,56.0,81.0,4.0,19.0,2.0,8.0,156.0,16.0,38.0,86.0,228.0,2.0,18.0,16.0,198.0,9.0,20.0,21.0,185.0,18.0,8.0,74.0,1.0,22.0,35.0,9.0,7.0,19.0,2.0,,16.0,44.0,25.0,744.0,225.0,196.0,39.0,19.0,1.0,,,654.0,,1611661327,False,0.5032629800307219,654.0,0.2790697674418604,355.0,106.2261753494282,107.99492385786802,-1.7687485084398133,78.7,83.6,85.1,654.0,299.0,0.5244648318042814,0.5683981506663041,1.2782874617737003,0.5248756218905473,0.3492063492063492,0.28287461773700306,0.3853211009174312,0.2996941896024465,0.2691131498470948,0.045871559633027525,0.3149847094801223,0.11314984709480122,0.27217125382262997,0.6850152905198776,0.29365079365079366,0.6173469387755102,0.021201851773559488,0.19822109275730623,0.09529860228716645,0.6387959866220736,0.5514354066985646,12.833545108005081,30.20304568527919,0.11004784688995216,0.11054637865311309,0.25285895806861497,0.27631578947368424,10.279187817258883,5.583756345177665,28.934010152284262
1611661327,PDX,PDX,1,False,2026-06-02 22:58:54,2026-06-03 21:18:01,0.9299421296296296,2026-06-02,2026-06-02,1.0,11,1200.000000000001,1.0,-18.0,71.0,73.0,18.0,13.0,10.0,144.0,6.0,12.0,0.0,1.0,0.0,0.0,12.0,23.0,1.0,2.0,5.0,8.0,0.0,0.0,2.0,3.0,4.0,16.0,0.0,2.0,1.0,3.0,19.0,37.0,9.0,24.0,12.0,77.0,95.0,1.0,5.0,0.0,2.0,4.0,6.0,4.0,6.0,3.0,6.0,2.0,19.0,20.0,18.0,27.0,0.0,0.0,16.0,4.0,3.0,1.0,10.0,9.0,19.0,4.0,5.0,4.0,6.0,0.0,47.0,7.0,4.0,0.0,15.0,10.0,1.0,26.0,11.0,37.0,1.0,3.0,1.0,2.0,9.0,1.0,6.0,6.0,0.0,3.0,0.0,1.0,15.0,1.0,6.0,8.0,18.0,0.0,3.0,2.0,16.0,0.0,2.0,0.0,16.0,2.0,0.0,7.0,0.0,2.0,1.0,1.0,0.0,1.0,1.0,,0.0,2.0,0.0,71.0,19.0,18.0,1.0,2.0,0.0,,,61.0,,1611661327,False,0.4827829221462148,61.0,0.3349166204017848,33.0,108.45070422535213,130.13698630136986,-21.686282076017733,71.0,77.0,95.0,61.0,28.0,0.5327868852459017,0.5658436213991769,1.2622950819672132,0.5135135135135135,0.375,0.26229508196721313,0.39344262295081966,0.19672131147540983,0.3770491803278688,0.03278688524590164,0.4098360655737705,0.13114754098360656,0.26229508196721313,0.5901639344262295,0.3333333333333333,0.5,0.050003963099686854,0.2112676056338028,0.1267605633802817,0.6785714285714286,0.6103896103896104,15.492957746478872,35.61643835616438,0.07792207792207792,0.14084507042253522,0.2535211267605634,0.24675324675324675,4.10958904109589,2.73972602739726,24.65753424657534
1611661327,PDX,PDX,3,False,2026-06-04 16:41:49,2026-06-06 15:03:59,1.932060185185185,2026-06-04,2026-06-05,1.0,12,1200.000000000001,1.0,-6.0,75.0,74.0,11.0,12.0,9.0,149.0,6.0,11.0,1.0,1.0,0.0,0.0,8.0,19.0,0.0,1.0,2.0,3.0,0.0,0.0,0.0,0.0,8.0,23.0,1.0,4.0,1.0,6.0,14.0,31.0,10.0,26.0,14.0,72.0,78.0,2.0,4.0,1.0,4.0,1.0,8.0,1.0,2.0,1.0,6.0,3.0,8.0,18.0,10.0,27.0,3.0,2.0,23.0,8.0,3.0,2.0,9.0,9.0,18.0,7.0,2.0,3.0,6.0,0.0,45.0,5.0,5.0,0.0,11.0,15.0,0.0,26.0,10.0,36.0,1.0,3.0,2.0,1.0,10.0,3.0,7.0,12.0,3.0,3.0,0.0,1.0,22.0,1.0,3.0,6.0,18.0,0.0,1.0,2.0,19.0,1.0,0.0,2.0,17.0,1.0,1.0,4.0,1.0,3.0,2.0,0.0,0.0,0.0,0.0,,2.0,2.0,1.0,64.0,8.0,11.0,5.0,2.0,0.0,,,57.0,,1611661327,False,0.470268196210329,57.0,0.33038042755911057,33.0,96.0,105.40540540540539,-9.40540540540539,75.0,72.0,78.0,57.0,24.0,0.5087719298245614,0.5583126550868486,1.263157894736842,0.45161290322580644,0.38461538461538464,0.2982456140350877,0.45614035087719296,0.19298245614035087,0.3333333333333333,0.017543859649122806,0.3508771929824561,0.05263157894736842,0.40350877192982454,0.6491228070175439,0.11538461538461539,0.5454545454545454,0.03850373361423243,0.29333333333333333,0.13333333333333333,0.75,0.625,13.333333333333334,35.13513513513514,0.1111111111111111,0.12,0.14666666666666667,0.1111111111111111,4.054054054054054,2.7027027027027026,24.324324324324326
1611661327,PDX,PDX,5,False,2026-06-07 15:16:47,2026-06-08 17:00:39,1.0721296296296297,2026-06-07,2026-06-07,1.0,13,1199.9999999999982,1.0,-17.0,80.0,79.0,31.0,22.0,15.0,159.0,15.0,27.0,2.0,6.0,7.0,11.0,7.0,15.0,1.0,2.0,1.0,7.0,0.0,1.0,0.0,4.0,2.0,21.0,1.0,3.0,2.0,11.0,23.0,44.0,3.0,28.0,17.0,72.0,89.0,3.0,8.0,1.0,4.0,9.0,18.0,12.0,19.0,2.0,15.0,6.0,36.0,32.0,14.0,9.0,0.0,2.0,21.0,2.0,4.0,0.0,16.0,3.0,19.0,2.0,1.0,10.0,5.0,1.0,41.0,9.0,10.0,0.0,13.0,14.0,3.0,30.0,19.0,49.0,0.0,5.0,5.0,0.0,11.0,1.0,7.0,6.0,0.0,4.0,1.0,1.0,17.0,3.0,3.0,9.0,21.0,0.0,2.0,1.0,22.0,0.0,3.0,3.0,22.0,2.0,0.0,9.0,0.0,3.0,5.0,0.0,0.0,3.0,0.0,,2.0,5.0,3.0,54.0,36.0,31.0,3.0,3.0,1.0,,,72.0,,1611661327,False,0.5180476178075395,72.0,0.42366748503724333,46.0,90.0,112.65822784810126,-22.658227848101262,80.0,72.0,89.0,72.0,26.0,0.3819444444444444,0.44074436826640545,1.0,0.5227272727272727,0.10714285714285714,0.3055555555555556,0.3888888888888889,0.375,0.20833333333333334,0.027777777777777776,0.2361111111111111,0.09722222222222222,0.2916666666666667,0.7638888888888888,0.25,0.5555555555555556,-0.13610317336309508,0.2125,0.1375,0.7307692307692307,0.5694444444444444,23.75,37.9746835443038,0.25,0.1875,0.3875,0.5,6.329113924050633,6.329113924050633,26.582278481012654
1611661327,PDX,PDX,9,False,2026-06-11 17:31:15,2026-06-12 16:37:05,0.9623842592592593,2026-06-11,2026-06-11,1.0,14,600.0,1.0,-16.0,79.0,78.0,13.0,30.0,3.0,157.0,19.0,23.0,1.0,1.0,1.0,2.0,8.0,15.0,1.0,4.0,3.0,9.0,0.0,0.0,1.0,1.0,5.0,17.0,0.0,1.0,1.0,3.0,28.0,42.0,8.0,26.0,9.0,89.0,105.0,1.0,1.0,0.0,1.0,0.0,2.0,2.0,4.0,2.0,4.0,2.0,12.0,30.0,26.0,21.0,3.0,0.0,17.0,5.0,4.0,0.0,15.0,7.0,22.0,4.0,3.0,10.0,5.0,0.0,51.0,1.0,2.0,0.0,6.0,10.0,3.0,19.0,3.0,22.0,0.0,7.0,5.0,2.0,6.0,0.0,5.0,4.0,0.0,1.0,0.0,2.0,10.0,0.0,3.0,13.0,25.0,1.0,4.0,0.0,14.0,2.0,1.0,0.0,12.0,1.0,0.0,4.0,0.0,2.0,3.0,0.0,0.0,0.0,0.0,,3.0,3.0,1.0,87.0,12.0,13.0,2.0,1.0,1.0,,,68.0,,1611661327,False,0.49289023914411617,68.0,0.09660251653566299,32.0,112.65822784810126,134.6153846153846,-21.95715676728335,79.0,89.0,105.0,68.0,36.0,0.5882352941176471,0.6072598253275109,1.3088235294117647,0.6666666666666666,0.3076923076923077,0.17647058823529413,0.38235294117647056,0.3382352941176471,0.22058823529411764,0.058823529411764705,0.27941176470588236,0.1323529411764706,0.25,0.7205882352941176,0.34615384615384615,0.8260869565217391,0.09534505497353091,0.12658227848101267,0.0759493670886076,0.6111111111111112,0.5730337078651685,3.79746835443038,24.358974358974358,0.02247191011235955,0.0379746835443038,0.16455696202531644,0.1348314606741573,8.974358974358974,3.8461538461538463,32.05128205128205
1611661327,PDX,PDX,11,False,2026-06-13 15:24:02,2026-06-14 15:31:17,1.0050347222222222,2026-06-13,2026-06-13,1.0,15,1200.0000000000018,1.0,1.0,78.0,77.0,22.0,24.0,9.0,155.0,6.0,8.0,1.0,2.0,4.0,4.0,8.0,25.0,2.0,4.0,3.0,6.0,0.0,0.0,1.0,1.0,11.0,25.0,1.0,2.0,5.0,9.0,16.0,37.0,14.0,31.0,10.0,84.0,83.0,3.0,4.0,1.0,2.0,0.0,9.0,5.0,10.0,6.0,10.0,1.0,29.0,26.0,6.0,39.0,3.0,0.0,25.0,11.0,4.0,0.0,13.0,13.0,26.0,10.0,3.0,4.0,7.0,2.0,65.0,4.0,5.0,0.0,10.0,16.0,4.0,30.0,9.0,39.0,0.0,5.0,4.0,1.0,7.0,0.0,3.0,6.0,0.0,4.0,0.0,1.0,13.0,2.0,2.0,14.0,24.0,1.0,1.0,3.0,15.0,0.0,3.0,1.0,13.0,1.0,0.0,5.0,0.0,2.0,5.0,0.0,0.0,2.0,0.0,,3.0,5.0,2.0,75.0,29.0,22.0,1.0,1.0,0.0,,,68.0,,1611661327,False,0.4577243228651151,68.0,0.23527765002090537,38.0,107.6923076923077,107.79220779220779,-0.09990009990009696,78.0,84.0,83.0,68.0,30.0,0.5441176470588235,0.5697232772653282,1.2352941176470589,0.43243243243243246,0.45161290322580644,0.19117647058823528,0.45588235294117646,0.11764705882352941,0.36764705882352944,0.058823529411764705,0.4264705882352941,0.08823529411764706,0.36764705882352944,0.5735294117647058,0.1935483870967742,0.75,0.08639332419370838,0.16666666666666666,0.08974358974358974,0.8666666666666667,0.7738095238095238,11.538461538461538,38.961038961038966,0.10714285714285714,0.11538461538461539,0.28205128205128205,0.34523809523809523,6.493506493506493,6.493506493506493,31.16883116883117
1611661327,PDX,PDX,13,False,2026-06-15 18:20:23,2026-06-16 18:24:01,1.0025231481481482,2026-06-15,2026-06-15,1.0,16,1199.9999999999982,1.0,-33.0,80.0,81.0,6.0,22.0,11.0,161.0,10.0,18.0,1.0,3.0,1.0,1.0,8.0,20.0,0.0,1.0,2.0,9.0,0.0,0.0,0.0,1.0,8.0,21.0,1.0,4.0,0.0,1.0,18.0,39.0,10.0,30.0,8.0,74.0,107.0,1.0,9.0,1.0,4.0,1.0,6.0,2.0,4.0,0.0,2.0,1.0,5.0,22.0,14.0,30.0,0.0,2.0,21.0,8.0,5.0,0.0,11.0,10.0,21.0,8.0,2.0,7.0,4.0,0.0,52.0,8.0,6.0,0.0,4.0,13.0,3.0,20.0,14.0,34.0,0.0,7.0,5.0,2.0,14.0,2.0,9.0,8.0,0.0,5.0,0.0,0.0,22.0,1.0,1.0,11.0,24.0,0.0,4.0,4.0,14.0,0.0,1.0,3.0,11.0,1.0,2.0,4.0,0.0,1.0,2.0,0.0,0.0,2.0,0.0,,0.0,2.0,0.0,68.0,5.0,6.0,1.0,1.0,0.0,,,69.0,,1611661327,False,0.518766730988277,69.0,0.35761066563229454,41.0,92.5,132.0987654320988,-39.59876543209879,80.0,74.0,107.0,69.0,28.0,0.4782608695652174,0.5010834236186349,1.0724637681159421,0.46153846153846156,0.3333333333333333,0.15942028985507245,0.43478260869565216,0.2608695652173913,0.2898550724637681,0.014492753623188406,0.30434782608695654,0.13043478260869565,0.30434782608695654,0.6956521739130435,0.3,0.5555555555555556,-0.040505861423059564,0.275,0.175,0.75,0.7027027027027027,17.5,24.691358024691358,0.08108108108108109,0.1375,0.075,0.06756756756756757,8.641975308641975,2.4691358024691357,29.629629629629626
1611661327,PDX,PDX,15,False,2026-06-17 16:50:06,2026-06-18 16:49:24,0.9995138888888889,2026-06-17,2026-06-17,1.0,17,600.0,1.0,5.0,74.0,74.0,14.0,13.0,18.0,148.0,5.0,10.0,1.0,3.0,0.0,3.0,4.0,16.0,1.0,2.0,6.0,11.0,1.0,3.0,0.0,0.0,11.0,31.0,1.0,3.0,2.0,8.0,10.0,28.0,17.0,42.0,23.0,94.0,89.0,2.0,8.0,2.0,6.0,5.0,15.0,2.0,6.0,2.0,8.0,5.0,15.0,8.0,12.0,48.0,3.0,4.0,31.0,11.0,3.0,0.0,4.0,16.0,20.0,11.0,5.0,3.0,1.0,0.0,56.0,14.0,7.0,1.0,9.0,9.0,1.0,19.0,22.0,41.0,0.0,7.0,6.0,1.0,5.0,1.0,4.0,9.0,1.0,1.0,1.0,1.0,14.0,4.0,2.0,8.0,18.0,0.0,3.0,2.0,18.0,0.0,1.0,1.0,27.0,3.0,0.0,13.0,0.0,2.0,6.0,1.0,0.0,1.0,1.0,,5.0,7.0,1.0,79.0,15.0,14.0,2.0,1.0,0.0,,,70.0,,1611661327,False,0.49247421171252526,70.0,0.5015954570037844,43.0,127.02702702702702,120.27027027027026,6.756756756756758,74.0,94.0,89.0,70.0,27.0,0.5071428571428571,0.5740107474352711,1.3428571428571427,0.35714285714285715,0.40476190476190477,0.38571428571428573,0.6,0.14285714285714285,0.22857142857142856,0.02857142857142857,0.2571428571428571,0.15714285714285714,0.44285714285714284,0.7428571428571429,0.2619047619047619,0.5,0.014668645430331861,0.1891891891891892,0.06756756756756757,0.7407407407407407,0.5957446808510638,29.72972972972973,25.675675675675674,0.1595744680851064,0.24324324324324326,0.1891891891891892,0.1595744680851064,9.45945945945946,9.45945945945946,24.324324324324326
1611661327,PDX,PDX,20,False,2026-06-24 16:05:29,2026-06-25 16:13:09,1.005324074074074,2026-06-24,2026-06-24,1.0,18,1200.0,1.0,-23.0,78.0,79.0,27.0,22.0,10.0,157.0,12.0,29.0,1.0,4.0,4.0,9.0,3.0,12.0,1.0,3.0,2.0,6.0,0.0,0.0,1.0,1.0,8.0,19.0,1.0,1.0,1.0,8.0,16.0,44.0,10.0,25.0,16.0,78.0,101.0,2.0,8.0,1.0,1.0,0.0,7.0,6.0,16.0,2.0,9.0,5.0,23.0,20.0,12.0,30.0,0.0,2.0,19.0,8.0,6.0,0.0,10.0,10.0,20.0,8.0,2.0,8.0,2.0,0.0,50.0,4.0,9.0,0.0,7.0,12.0,2.0,21.0,13.0,34.0,2.0,7.0,6.0,1.0,6.0,1.0,5.0,6.0,2.0,1.0,0.0,1.0,12.0,2.0,3.0,14.0,23.0,0.0,2.0,1.0,18.0,0.0,1.0,0.0,20.0,2.0,0.0,9.0,0.0,2.0,5.0,0.0,0.0,3.0,0.0,,2.0,5.0,2.0,71.0,23.0,27.0,1.0,2.0,0.0,,,69.0,,1611661327,False,0.5481904430951716,69.0,0.3022766488964435,43.0,100.0,127.84810126582278,-27.848101265822777,78.0,78.0,101.0,69.0,26.0,0.4492753623188406,0.5012853470437019,1.1304347826086956,0.36363636363636365,0.4,0.2898550724637681,0.36231884057971014,0.42028985507246375,0.17391304347826086,0.043478260869565216,0.21739130434782608,0.08695652173913043,0.2753623188405797,0.782608695652174,0.24,0.41379310344827586,-0.09891508077633104,0.15384615384615385,0.07692307692307693,0.7692307692307693,0.6410256410256411,16.666666666666664,26.582278481012654,0.08974358974358974,0.1282051282051282,0.34615384615384615,0.2948717948717949,8.860759493670885,6.329113924050633,29.11392405063291
1611661327,PDX,PDX,22,False,2026-06-26 16:05:12,2026-06-27 15:06:40,0.9593518518518519,2026-06-26,2026-06-26,1.0,19,600.0,1.0,-30.0,83.0,83.0,22.0,33.0,14.0,166.0,19.0,35.0,4.0,10.0,6.0,7.0,4.0,12.0,0.0,2.0,2.0,5.0,0.0,0.0,1.0,1.0,7.0,25.0,0.0,3.0,0.0,4.0,23.0,49.0,9.0,30.0,21.0,94.0,124.0,4.0,11.0,0.0,3.0,6.0,14.0,8.0,12.0,1.0,5.0,6.0,25.0,26.0,20.0,18.0,9.0,4.0,25.0,7.0,8.0,1.0,13.0,6.0,19.0,4.0,2.0,9.0,4.0,0.0,44.0,8.0,9.0,1.0,9.0,5.0,2.0,16.0,18.0,34.0,3.0,10.0,8.0,2.0,2.0,5.0,1.0,7.0,1.0,1.0,0.0,0.0,9.0,0.0,3.0,12.0,23.0,0.0,3.0,1.0,19.0,0.0,1.0,0.0,27.0,3.0,2.0,14.0,0.0,0.0,4.0,0.0,0.0,3.0,0.0,,1.0,4.0,1.0,80.0,25.0,22.0,3.0,0.0,0.0,,,79.0,,1611661327,False,0.5828443319161711,79.0,0.36328984010853377,47.0,113.25301204819279,149.39759036144576,-36.14457831325298,83.0,94.0,124.0,79.0,32.0,0.4620253164556962,0.5171654929577465,1.1898734177215189,0.46938775510204084,0.3,0.34177215189873417,0.379746835443038,0.4430379746835443,0.1518987341772152,0.02531645569620253,0.17721518987341772,0.06329113924050633,0.31645569620253167,0.8227848101265823,0.16666666666666666,0.5428571428571428,-0.12081901546047491,0.10843373493975904,0.024096385542168676,0.59375,0.46808510638297873,21.686746987951807,19.27710843373494,0.14893617021276595,0.1686746987951807,0.26506024096385544,0.26595744680851063,12.048192771084338,4.819277108433735,27.710843373493976
1611661327,PDX,PDX,24,False,2026-06-28 15:09:09,2026-06-29 16:48:32,1.0690162037037036,2026-06-28,2026-06-28,1.0,20,2400.0,1.0,-1.0,115.0,118.0,37.0,36.0,13.0,233.0,11.0,14.0,1.0,1.0,4.0,4.0,19.0,44.0,1.0,4.0,4.0,4.0,0.0,0.0,1.0,1.0,10.0,35.0,1.0,3.0,4.0,9.0,31.0,62.0,14.0,39.0,19.0,123.0,124.0,6.0,13.0,1.0,3.0,0.0,15.0,12.0,24.0,5.0,10.0,10.0,49.0,34.0,28.0,36.0,6.0,2.0,35.0,10.0,7.0,2.0,17.0,12.0,29.0,8.0,4.0,7.0,10.0,0.0,70.0,6.0,12.0,1.0,15.0,20.0,5.0,40.0,19.0,59.0,2.0,12.0,8.0,4.0,10.0,1.0,8.0,14.0,3.0,2.0,0.0,0.0,24.0,1.0,3.0,12.0,39.0,1.0,5.0,4.0,23.0,1.0,2.0,2.0,21.0,1.0,0.0,7.0,2.0,1.0,8.0,0.0,0.0,2.0,0.0,,6.0,8.0,3.0,108.0,49.0,37.0,7.0,1.0,0.0,,,101.0,,1611661327,False,0.4505825330131925,101.0,0.3331145548070299,56.0,106.95652173913044,105.08474576271188,1.8717759764185615,115.0,123.0,124.0,101.0,45.0,0.5148514851485149,0.5578737300435413,1.2178217821782178,0.5,0.358974358974359,0.2079207920792079,0.38613861386138615,0.13861386138613863,0.43564356435643564,0.039603960396039604,0.4752475247524752,0.039603960396039604,0.3465346534653465,0.5247524752475248,0.10256410256410256,0.7857142857142857,0.06426895213532235,0.20869565217391303,0.08695652173913043,0.6444444444444445,0.5691056910569106,16.52173913043478,33.89830508474576,0.12195121951219512,0.11304347826086956,0.3217391304347826,0.3983739837398374,10.16949152542373,6.779661016949152,33.05084745762712
1611661327,PDX,PDX,26,False,2026-07-04 14:56:19,2026-07-05 15:04:24,1.005613425925926,2026-07-04,2026-07-04,1.0,21,600.0,1.0,5.0,83.0,84.0,30.0,29.0,14.0,167.0,13.0,22.0,3.0,3.0,4.0,6.0,6.0,18.0,2.0,3.0,0.0,5.0,0.0,0.0,0.0,1.0,4.0,20.0,1.0,3.0,0.0,5.0,21.0,43.0,4.0,25.0,23.0,77.0,72.0,3.0,3.0,1.0,3.0,5.0,14.0,7.0,13.0,0.0,6.0,11.0,25.0,26.0,16.0,12.0,0.0,4.0,20.0,4.0,3.0,0.0,13.0,4.0,17.0,4.0,0.0,7.0,4.0,2.0,38.0,9.0,6.0,0.0,16.0,21.0,2.0,39.0,15.0,54.0,1.0,9.0,6.0,3.0,14.0,2.0,10.0,6.0,1.0,4.0,0.0,0.0,20.0,5.0,10.0,8.0,19.0,0.0,6.0,1.0,22.0,0.0,2.0,0.0,25.0,7.0,0.0,11.0,0.0,5.0,3.0,0.0,0.0,1.0,0.0,,2.0,3.0,2.0,63.0,25.0,30.0,2.0,5.0,0.0,,,68.0,,1611661327,False,0.5065342920894894,68.0,0.3573334730097917,43.0,92.7710843373494,85.71428571428571,7.056798623063685,83.0,77.0,72.0,68.0,25.0,0.39705882352941174,0.4873417721518987,1.1323529411764706,0.4883720930232558,0.16,0.36764705882352944,0.36764705882352944,0.3235294117647059,0.2647058823529412,0.04411764705882353,0.3088235294117647,0.07352941176470588,0.29411764705882354,0.6911764705882353,0.2,0.5909090909090909,-0.10947546856007767,0.24096385542168675,0.1686746987951807,0.68,0.4935064935064935,18.072289156626507,46.42857142857143,0.18181818181818182,0.1686746987951807,0.3614457831325301,0.3246753246753247,10.714285714285714,3.571428571428571,22.61904761904762
1611661327,PDX,PDX,30,False,2026-07-09 16:20:00,2026-07-10 16:11:44,0.9942592592592593,2026-07-09,2026-07-09,1.0,22,600.0,1.0,-8.0,76.0,77.0,25.0,20.0,8.0,153.0,6.0,11.0,4.0,5.0,2.0,4.0,8.0,15.0,2.0,3.0,1.0,4.0,0.0,0.0,0.0,0.0,10.0,28.0,1.0,1.0,4.0,11.0,16.0,29.0,11.0,32.0,15.0,80.0,88.0,5.0,7.0,1.0,1.0,2.0,15.0,5.0,9.0,4.0,11.0,2.0,24.0,18.0,14.0,24.0,9.0,4.0,28.0,10.0,3.0,2.0,9.0,8.0,17.0,7.0,1.0,3.0,5.0,1.0,42.0,4.0,5.0,1.0,9.0,14.0,3.0,26.0,10.0,36.0,1.0,8.0,8.0,0.0,13.0,3.0,10.0,4.0,0.0,3.0,0.0,0.0,17.0,0.0,8.0,11.0,19.0,1.0,1.0,0.0,16.0,0.0,0.0,0.0,20.0,2.0,0.0,9.0,1.0,0.0,3.0,0.0,0.0,2.0,0.0,,1.0,3.0,1.0,65.0,24.0,25.0,1.0,0.0,0.0,,,61.0,,1611661327,False,0.47786538334496637,61.0,0.2728149075714433,34.0,105.26315789473684,114.28571428571428,-9.022556390977442,76.0,80.0,88.0,61.0,27.0,0.5327868852459017,0.5730659025787966,1.3114754098360655,0.5517241379310345,0.34375,0.32786885245901637,0.5245901639344263,0.18032786885245902,0.2459016393442623,0.04918032786885246,0.29508196721311475,0.06557377049180328,0.45901639344262296,0.7049180327868853,0.125,0.5454545454545454,0.05492150190093531,0.2236842105263158,0.17105263157894737,0.6296296296296297,0.525,13.157894736842104,33.76623376623377,0.1875,0.10526315789473684,0.32894736842105265,0.3,10.38961038961039,3.896103896103896,24.675324675324674
1611661327,PDX,PDX,32,False,2026-07-11 14:43:06,2026-07-12 14:45:23,1.0015856481481482,2026-07-11,2026-07-11,1.0,23,1200.0,1.0,10.0,81.0,82.0,18.0,24.0,4.0,163.0,17.0,23.0,1.0,1.0,5.0,5.0,3.0,6.0,2.0,2.0,4.0,6.0,1.0,1.0,0.0,0.0,10.0,23.0,1.0,2.0,3.0,4.0,22.0,31.0,14.0,29.0,16.0,102.0,92.0,1.0,1.0,2.0,3.0,0.0,8.0,6.0,6.0,3.0,4.0,11.0,32.0,32.0,12.0,36.0,6.0,0.0,23.0,10.0,1.0,2.0,16.0,12.0,28.0,8.0,4.0,15.0,0.0,1.0,68.0,1.0,3.0,0.0,17.0,8.0,3.0,28.0,4.0,32.0,1.0,7.0,3.0,4.0,8.0,1.0,7.0,9.0,0.0,1.0,0.0,1.0,17.0,0.0,3.0,11.0,26.0,0.0,2.0,6.0,23.0,1.0,3.0,1.0,19.0,2.0,0.0,6.0,1.0,3.0,4.0,0.0,0.0,4.0,0.0,,0.0,4.0,2.0,94.0,32.0,18.0,3.0,3.0,0.0,,,60.0,,1611661327,False,0.5457651942570957,60.0,0.16274904083392508,24.0,125.92592592592592,112.19512195121952,13.730803974706404,81.0,102.0,92.0,60.0,36.0,0.7166666666666667,0.746050321825629,1.7,0.7096774193548387,0.4827586206896552,0.31666666666666665,0.48333333333333334,0.38333333333333336,0.1,0.03333333333333333,0.13333333333333333,0.1,0.38333333333333336,0.8666666666666667,0.20689655172413793,0.7391304347826086,0.170901472409571,0.20987654320987653,0.09876543209876543,0.7777777777777778,0.6666666666666666,4.938271604938271,34.146341463414636,0.0784313725490196,0.04938271604938271,0.2222222222222222,0.3137254901960784,8.536585365853659,4.878048780487805,31.70731707317073
1611661327,PDX,PDX,35,False,2026-07-14 15:13:54,2026-07-15 15:15:46,1.0012962962962964,2026-07-14,2026-07-14,1.0,24,600.0,1.0,-3.0,78.0,80.0,15.0,11.0,5.0,158.0,16.0,24.0,0.0,0.0,1.0,2.0,3.0,9.0,1.0,1.0,1.0,3.0,0.0,0.0,0.0,0.0,8.0,23.0,0.0,1.0,2.0,5.0,20.0,34.0,9.0,26.0,20.0,87.0,90.0,2.0,2.0,0.0,1.0,3.0,7.0,1.0,4.0,2.0,5.0,9.0,17.0,20.0,20.0,27.0,0.0,0.0,23.0,8.0,4.0,0.0,10.0,9.0,19.0,8.0,1.0,8.0,2.0,0.0,47.0,1.0,4.0,0.0,5.0,14.0,2.0,21.0,5.0,26.0,0.0,10.0,6.0,4.0,11.0,3.0,6.0,5.0,0.0,5.0,0.0,0.0,16.0,1.0,2.0,8.0,14.0,0.0,0.0,0.0,21.0,0.0,1.0,3.0,21.0,3.0,0.0,8.0,1.0,3.0,3.0,0.0,0.0,3.0,0.0,,0.0,3.0,1.0,80.0,17.0,15.0,2.0,3.0,0.0,,,60.0,,1611661327,False,0.52913328810511,60.0,0.16746576500422855,31.0,111.53846153846155,112.5,-0.9615384615384528,78.0,87.0,90.0,60.0,29.0,0.5583333333333333,0.6282495667244368,1.45,0.5882352941176471,0.34615384615384615,0.35,0.43333333333333335,0.4,0.15,0.016666666666666666,0.16666666666666666,0.05,0.38333333333333336,0.8333333333333334,0.11538461538461539,0.6666666666666666,0.029200045228223392,0.20512820512820512,0.14102564102564102,0.6551724137931034,0.5402298850574713,6.41025641025641,26.25,0.08045977011494253,0.0641025641025641,0.19230769230769232,0.19540229885057472,12.5,3.75,17.5
1611661327,PDX,PDX,37,False,2026-07-16 15:23:36,2026-07-17 15:04:07,0.9864699074074074,2026-07-16,2026-07-16,1.0,25,600.0,1.0,19.0,73.0,76.0,10.0,23.0,6.0,149.0,12.0,15.0,1.0,1.0,2.0,2.0,6.0,13.0,1.0,3.0,2.0,9.0,0.0,1.0,0.0,0.0,8.0,27.0,0.0,2.0,1.0,5.0,19.0,31.0,10.0,36.0,7.0,75.0,56.0,2.0,4.0,0.0,3.0,2.0,6.0,3.0,4.0,1.0,5.0,2.0,11.0,24.0,14.0,24.0,6.0,0.0,27.0,8.0,4.0,0.0,12.0,8.0,20.0,6.0,2.0,8.0,4.0,0.0,48.0,4.0,4.0,1.0,10.0,14.0,1.0,25.0,9.0,34.0,2.0,10.0,8.0,2.0,4.0,2.0,4.0,7.0,0.0,0.0,1.0,0.0,11.0,1.0,1.0,11.0,26.0,0.0,2.0,4.0,15.0,0.0,2.0,2.0,9.0,3.0,0.0,6.0,0.0,0.0,2.0,0.0,0.0,0.0,0.0,,2.0,2.0,1.0,69.0,11.0,10.0,2.0,0.0,0.0,,0.0,67.0,,1611661327,False,0.5200974389377792,67.0,0.20812926072025412,38.0,102.73972602739727,73.68421052631578,29.055515501081487,73.0,75.0,56.0,67.0,29.0,0.5074626865671642,0.5284667418263811,1.1194029850746268,0.6129032258064516,0.2777777777777778,0.13432835820895522,0.5373134328358209,0.22388059701492538,0.19402985074626866,0.04477611940298507,0.23880597014925373,0.13432835820895522,0.40298507462686567,0.7611940298507462,0.25,0.8,-0.012634752370614954,0.1506849315068493,0.0547945205479452,0.6896551724137931,0.64,12.32876712328767,32.89473684210527,0.08,0.0821917808219178,0.136986301369863,0.14666666666666667,13.157894736842104,2.631578947368421,34.21052631578947
1611661327,PDX,PDX,39,False,2026-07-18 14:42:59,2026-07-19 14:45:02,1.001423611111111,2026-07-18,2026-07-18,1.0,26,1200.0,1.0,-8.0,81.0,82.0,3.0,13.0,11.0,163.0,17.0,31.0,2.0,3.0,0.0,0.0,7.0,14.0,0.0,2.0,6.0,13.0,1.0,1.0,0.0,1.0,7.0,17.0,3.0,4.0,0.0,1.0,24.0,47.0,13.0,30.0,6.0,93.0,101.0,3.0,4.0,4.0,5.0,0.0,18.0,0.0,1.0,0.0,2.0,0.0,0.0,24.0,24.0,39.0,0.0,4.0,17.0,7.0,9.0,0.0,12.0,13.0,25.0,7.0,6.0,10.0,2.0,0.0,63.0,4.0,6.0,1.0,11.0,14.0,2.0,27.0,11.0,38.0,0.0,7.0,5.0,2.0,6.0,3.0,4.0,5.0,0.0,2.0,0.0,0.0,11.0,1.0,0.0,5.0,16.0,0.0,4.0,0.0,9.0,0.0,0.0,1.0,7.0,1.0,0.0,4.0,0.0,0.0,2.0,0.0,0.0,0.0,0.0,,2.0,2.0,0.0,75.0,0.0,3.0,1.0,0.0,0.0,,0.0,77.0,,1611661327,False,0.5289384347581966,77.0,0.24879322689977812,40.0,114.81481481481481,123.17073170731707,-8.355916892502265,81.0,93.0,101.0,77.0,37.0,0.564935064935065,0.5806693306693307,1.2077922077922079,0.5106382978723404,0.43333333333333335,0.09090909090909091,0.38961038961038963,0.4025974025974026,0.18181818181818182,0.025974025974025976,0.2077922077922078,0.16883116883116883,0.22077922077922077,0.7922077922077922,0.43333333333333335,0.5483870967741935,0.03599663017686838,0.13580246913580246,0.07407407407407407,0.6756756756756757,0.6774193548387096,13.580246913580247,32.926829268292686,0.1935483870967742,0.13580246913580246,0.037037037037037035,0.0,8.536585365853659,2.4390243902439024,19.51219512195122
1611661327,PDX,PDX,42,False,2026-07-21 15:27:31,2026-07-23 15:46:30,2.0131828703703705,2026-07-21,2026-07-22,1.0,27,600.0,1.0,-4.0,80.0,82.0,18.0,32.0,3.0,162.0,12.0,13.0,1.0,1.0,3.0,3.0,12.0,20.0,3.0,6.0,0.0,1.0,0.0,0.0,0.0,1.0,10.0,25.0,0.0,1.0,4.0,4.0,27.0,39.0,10.0,26.0,13.0,97.0,101.0,2.0,3.0,0.0,1.0,0.0,4.0,6.0,10.0,4.0,5.0,2.0,26.0,32.0,22.0,24.0,6.0,0.0,25.0,10.0,2.0,0.0,16.0,8.0,24.0,8.0,0.0,7.0,8.0,1.0,56.0,3.0,1.0,0.0,11.0,11.0,1.0,23.0,4.0,27.0,0.0,6.0,2.0,4.0,7.0,2.0,5.0,4.0,0.0,2.0,0.0,0.0,11.0,0.0,2.0,8.0,21.0,0.0,0.0,2.0,18.0,1.0,5.0,1.0,17.0,1.0,0.0,8.0,0.0,1.0,2.0,0.0,0.0,0.0,0.0,,2.0,2.0,1.0,93.0,26.0,18.0,3.0,1.0,2.0,,0.0,65.0,,1611661327,False,0.4846174579693787,65.0,0.13911278769717228,28.0,121.24999999999999,123.17073170731707,-1.9207317073170884,80.0,97.0,101.0,65.0,37.0,0.6461538461538462,0.6691501103752759,1.4923076923076923,0.6923076923076923,0.38461538461538464,0.26153846153846155,0.4,0.2,0.3076923076923077,0.09230769230769231,0.4,0.015384615384615385,0.38461538461538464,0.6,0.038461538461538464,0.9230769230769231,0.16153638818446747,0.1375,0.0875,0.6486486486486487,0.5773195876288659,5.0,28.04878048780488,0.041237113402061855,0.0375,0.225,0.26804123711340205,7.317073170731707,2.4390243902439024,25.609756097560975
1611661327,PDX,PDX,43,False,2026-07-23 15:46:30,2026-07-29 15:43:06,5.997638888888889,2026-07-23,2026-07-28,1.0,28,1200.0,1.0,-15.0,79.0,79.0,35.0,25.0,11.0,158.0,9.0,13.0,1.0,2.0,3.0,5.0,8.0,20.0,1.0,4.0,2.0,8.0,0.0,0.0,1.0,3.0,7.0,23.0,1.0,3.0,1.0,10.0,18.0,37.0,9.0,31.0,20.0,83.0,98.0,3.0,8.0,1.0,3.0,3.0,12.0,5.0,15.0,2.0,13.0,7.0,23.0,22.0,14.0,21.0,6.0,4.0,23.0,7.0,3.0,0.0,11.0,7.0,18.0,5.0,2.0,6.0,4.0,1.0,43.0,5.0,9.0,0.0,11.0,11.0,2.0,24.0,14.0,38.0,2.0,5.0,4.0,1.0,7.0,3.0,5.0,6.0,0.0,2.0,0.0,0.0,13.0,2.0,7.0,11.0,23.0,0.0,0.0,3.0,21.0,0.0,1.0,2.0,25.0,3.0,0.0,12.0,0.0,2.0,1.0,0.0,0.0,0.0,0.0,,0.0,1.0,1.0,71.0,23.0,35.0,3.0,2.0,1.0,,0.0,68.0,,1611661327,False,0.49300684251503457,68.0,0.349970672562983,41.0,105.0632911392405,124.0506329113924,-18.987341772151893,79.0,83.0,98.0,68.0,27.0,0.4632352941176471,0.5253164556962026,1.2205882352941178,0.4864864864864865,0.2903225806451613,0.36764705882352944,0.45588235294117646,0.19117647058823528,0.29411764705882354,0.058823529411764705,0.35294117647058826,0.11764705882352941,0.3382352941176471,0.6470588235294118,0.25806451612903225,0.6923076923076923,-0.029771548397387493,0.16455696202531644,0.08860759493670886,0.6666666666666666,0.5180722891566265,17.72151898734177,30.37974683544304,0.14457831325301204,0.13924050632911392,0.4430379746835443,0.27710843373493976,6.329113924050633,1.2658227848101267,29.11392405063291
1611661327,PDX,PDX,46,False,2026-07-31 15:52:06,2026-08-01 14:50:36,0.9572916666666667,2026-07-31,2026-07-31,1.0,29,600.0,1.0,-14.0,86.0,87.0,18.0,27.0,8.0,173.0,17.0,24.0,2.0,3.0,2.0,3.0,4.0,11.0,0.0,1.0,5.0,11.0,0.0,1.0,0.0,0.0,9.0,20.0,1.0,2.0,1.0,3.0,21.0,36.0,14.0,31.0,14.0,98.0,112.0,2.0,4.0,1.0,3.0,0.0,7.0,3.0,7.0,1.0,3.0,7.0,16.0,26.0,16.0,39.0,3.0,4.0,20.0,9.0,3.0,1.0,13.0,13.0,26.0,8.0,5.0,12.0,1.0,0.0,65.0,6.0,3.0,0.0,12.0,7.0,1.0,20.0,9.0,29.0,2.0,8.0,2.0,6.0,14.0,2.0,10.0,6.0,0.0,4.0,1.0,1.0,20.0,2.0,4.0,11.0,24.0,0.0,3.0,2.0,21.0,0.0,1.0,4.0,18.0,2.0,0.0,7.0,0.0,3.0,3.0,0.0,0.0,1.0,0.0,0.0,2.0,3.0,1.0,91.0,16.0,18.0,6.0,3.0,0.0,,0.0,67.0,,1611661327,False,0.522673286084321,67.0,0.28095133953361184,32.0,113.95348837209302,128.73563218390805,-14.782143811815033,86.0,98.0,112.0,67.0,35.0,0.6268656716417911,0.6540309663641217,1.462686567164179,0.5833333333333334,0.45161290322580644,0.26865671641791045,0.4626865671641791,0.3582089552238806,0.16417910447761194,0.014925373134328358,0.1791044776119403,0.16417910447761194,0.29850746268656714,0.8208955223880597,0.3548387096774194,0.7083333333333334,0.10419238555747012,0.23255813953488372,0.16279069767441862,0.7428571428571429,0.6632653061224489,10.465116279069768,22.988505747126435,0.07142857142857142,0.09302325581395349,0.20930232558139536,0.16326530612244897,9.195402298850574,3.4482758620689653,27.586206896551722
1611661327,PDX,PDX,47,False,2026-08-01 14:50:36,2026-08-03 16:13:19,2.0574421296296297,2026-08-01,2026-08-02,1.0,30,1200.0,1.0,-5.0,86.0,86.0,16.0,15.0,12.0,172.0,16.0,23.0,2.0,2.0,2.0,3.0,2.0,11.0,2.0,6.0,2.0,8.0,0.0,4.0,1.0,3.0,13.0,29.0,3.0,5.0,2.0,5.0,20.0,40.0,15.0,37.0,16.0,101.0,106.0,3.0,4.0,3.0,9.0,1.0,16.0,3.0,6.0,3.0,8.0,3.0,18.0,18.0,22.0,36.0,9.0,4.0,29.0,13.0,4.0,1.0,9.0,12.0,21.0,10.0,2.0,6.0,2.0,1.0,54.0,6.0,7.0,0.0,9.0,16.0,1.0,26.0,13.0,39.0,2.0,8.0,6.0,2.0,8.0,2.0,7.0,6.0,1.0,1.0,0.0,1.0,14.0,0.0,2.0,3.0,21.0,0.0,1.0,2.0,16.0,0.0,1.0,1.0,18.0,2.0,0.0,8.0,0.0,2.0,2.0,0.0,0.0,1.0,0.0,0.0,1.0,2.0,0.0,85.0,18.0,16.0,4.0,2.0,0.0,,0.0,77.0,,1611661327,False,0.5009915265742466,77.0,0.3242398097536866,42.0,117.44186046511629,123.25581395348837,-5.8139534883720785,86.0,101.0,106.0,77.0,35.0,0.551948051948052,0.5946773433820066,1.3116883116883118,0.5,0.40540540540540543,0.23376623376623376,0.4805194805194805,0.2987012987012987,0.14285714285714285,0.07792207792207792,0.22077922077922077,0.1038961038961039,0.37662337662337664,0.7792207792207793,0.21621621621621623,0.6956521739130435,0.05095652537380535,0.16279069767441862,0.09302325581395349,0.6,0.5346534653465347,15.11627906976744,30.23255813953488,0.15841584158415842,0.13953488372093023,0.18604651162790697,0.1782178217821782,9.30232558139535,2.3255813953488373,24.418604651162788
1611661327,PDX,PDX,50,False,2026-08-05 15:53:24,2026-08-07 14:43:29,1.9514467592592593,2026-08-05,2026-08-06,1.0,31,,1.0,14.0,86.0,86.0,8.0,23.0,7.0,172.0,12.0,17.0,3.0,4.0,0.0,1.0,8.0,19.0,2.0,3.0,1.0,7.0,0.0,0.0,0.0,0.0,10.0,20.0,0.0,0.0,0.0,2.0,22.0,39.0,11.0,27.0,20.0,97.0,83.0,4.0,6.0,0.0,0.0,0.0,8.0,1.0,3.0,0.0,2.0,2.0,4.0,32.0,12.0,21.0,12.0,6.0,20.0,10.0,3.0,0.0,16.0,7.0,23.0,6.0,1.0,8.0,7.0,1.0,53.0,5.0,3.0,0.0,13.0,16.0,1.0,30.0,8.0,38.0,1.0,7.0,4.0,3.0,7.0,4.0,3.0,9.0,0.0,4.0,0.0,1.0,16.0,1.0,3.0,13.0,22.0,1.0,2.0,1.0,17.0,0.0,2.0,4.0,24.0,0.0,0.0,8.0,1.0,2.0,3.0,1.0,0.0,2.0,1.0,0.0,1.0,4.0,2.0,89.0,4.0,8.0,0.0,1.0,0.0,,0.0,66.0,,1611661327,False,0.5283226970892001,66.0,0.24117308807221302,33.0,112.79069767441861,96.51162790697676,16.279069767441854,86.0,97.0,83.0,66.0,33.0,0.5833333333333334,0.6334900731452455,1.4696969696969697,0.5641025641025641,0.4074074074074074,0.36363636363636365,0.4090909090909091,0.25757575757575757,0.2878787878787879,0.045454545454545456,0.3333333333333333,0.10606060606060606,0.30303030303030304,0.6666666666666666,0.25925925925925924,0.7058823529411765,0.05501063624413327,0.18604651162790697,0.08139534883720931,0.696969696969697,0.5463917525773195,9.30232558139535,34.883720930232556,0.08247422680412371,0.08139534883720931,0.09302325581395349,0.041237113402061855,8.13953488372093,4.651162790697675,25.581395348837212
1611661327,PDX,PDX,52,False,2026-08-08 14:20:53,2026-08-09 14:22:34,1.0011689814814815,2026-08-08,2026-08-08,1.0,32,2400.0,1.0,7.0,81.0,81.0,10.0,7.0,7.0,162.0,10.0,14.0,0.0,1.0,1.0,1.0,8.0,14.0,1.0,2.0,7.0,12.0,0.0,1.0,0.0,1.0,8.0,24.0,0.0,3.0,0.0,4.0,19.0,30.0,15.0,36.0,17.0,100.0,93.0,0.0,2.0,0.0,4.0,2.0,2.0,2.0,3.0,0.0,5.0,4.0,8.0,22.0,16.0,42.0,3.0,0.0,24.0,8.0,5.0,1.0,11.0,14.0,25.0,7.0,7.0,6.0,5.0,0.0,64.0,5.0,4.0,0.0,17.0,9.0,2.0,28.0,9.0,37.0,0.0,6.0,6.0,0.0,6.0,1.0,4.0,6.0,1.0,2.0,0.0,0.0,12.0,0.0,1.0,8.0,17.0,1.0,3.0,1.0,20.0,3.0,1.0,1.0,20.0,1.0,0.0,7.0,1.0,2.0,0.0,1.0,1.0,0.0,0.0,0.0,0.0,1.0,0.0,98.0,8.0,10.0,1.0,2.0,0.0,,0.0,66.0,,1611661327,False,0.5079775924866681,66.0,0.28097433829687546,32.0,123.45679012345678,114.81481481481481,8.641975308641975,81.0,100.0,93.0,66.0,34.0,0.6287878787878788,0.6684491978609626,1.5151515151515151,0.6333333333333333,0.4166666666666667,0.30303030303030304,0.5454545454545454,0.21212121212121213,0.21212121212121213,0.030303030303030304,0.24242424242424243,0.18181818181818182,0.36363636363636365,0.7575757575757576,0.3333333333333333,0.7142857142857143,0.12081028630121071,0.14814814814814814,0.07407407407407407,0.7352941176470589,0.64,11.11111111111111,34.5679012345679,0.02,0.08641975308641975,0.12345679012345678,0.08,7.4074074074074066,1.2345679012345678,20.98765432098765
1611661328,SEA,SEA,0,True,,2026-06-02 22:58:54,,,2026-06-01,10.0,10,8400.0,10.0,-58.0,782.0,791.0,229.0,204.0,85.0,1573.0,96.0,160.0,15.0,25.0,24.0,39.0,66.0,169.0,18.0,69.0,16.0,54.0,1.0,6.0,5.0,15.0,59.0,178.0,6.0,19.0,12.0,52.0,180.0,398.0,75.0,232.0,179.0,764.0,822.0,21.0,50.0,7.0,25.0,20.0,83.0,42.0,102.0,17.0,67.0,69.0,204.0,204.0,156.0,198.0,27.0,20.0,178.0,59.0,31.0,2.0,102.0,66.0,168.0,50.0,16.0,50.0,41.0,11.0,402.0,28.0,68.0,1.0,120.0,144.0,18.0,282.0,97.0,379.0,7.0,74.0,58.0,16.0,79.0,19.0,49.0,71.0,5.0,30.0,,9.0,150.0,11.0,46.0,105.0,210.0,1.0,12.0,22.0,204.0,1.0,13.0,17.0,224.0,15.0,4.0,88.0,4.0,23.0,50.0,6.0,5.0,23.0,1.0,4.0,23.0,56.0,26.0,681.0,202.0,227.0,18.0,20.0,,1.0,,630.0,,1611661328,False,0.4939158187599364,630.0,0.2615803814713896,375.0,97.69820971867009,103.91908975979773,-6.220880041127643,78.2,76.4,82.2,630.0,255.0,0.4642857142857143,0.5243219501482377,1.2126984126984126,0.45226130653266333,0.3232758620689655,0.35555555555555557,0.3682539682539683,0.25396825396825395,0.26825396825396824,0.10952380952380952,0.37777777777777777,0.08571428571428572,0.28253968253968254,0.6222222222222222,0.23275862068965517,0.6,-0.029630104474222096,0.1918158567774936,0.1010230179028133,0.6588235294117647,0.5261780104712042,12.404092071611252,35.65107458912769,0.10863874345549739,0.10869565217391304,0.2928388746803069,0.2670157068062827,9.355246523388116,7.079646017699115,26.548672566371685
1611661328,SEA,SEA,2,False,2026-06-03 21:18:01,2026-06-04 16:41:49,0.8081944444444444,2026-06-03,2026-06-03,1.0,11,1200.0,1.0,-4.0,79.0,80.0,14.0,22.0,9.0,159.0,10.0,17.0,1.0,2.0,1.0,4.0,4.0,14.0,5.0,9.0,1.0,6.0,0.0,0.0,1.0,1.0,8.0,27.0,2.0,5.0,2.0,6.0,19.0,40.0,9.0,33.0,3.0,68.0,72.0,2.0,4.0,2.0,5.0,0.0,10.0,4.0,8.0,3.0,7.0,0.0,17.0,22.0,16.0,18.0,9.0,0.0,27.0,8.0,6.0,0.0,11.0,6.0,17.0,6.0,0.0,8.0,0.0,3.0,40.0,6.0,4.0,0.0,15.0,14.0,3.0,32.0,10.0,42.0,0.0,10.0,8.0,2.0,11.0,0.0,4.0,3.0,1.0,7.0,,2.0,14.0,0.0,2.0,11.0,18.0,0.0,1.0,0.0,15.0,0.0,2.0,2.0,5.0,1.0,0.0,3.0,0.0,0.0,5.0,0.0,0.0,1.0,0.0,0.0,4.0,5.0,4.0,58.0,17.0,14.0,3.0,0.0,,0.0,,73.0,,1611661328,False,0.49118309907564567,73.0,0.23317161781972023,45.0,86.07594936708861,90.0,-3.9240506329113884,79.0,68.0,72.0,73.0,28.0,0.4452054794520548,0.45212765957446804,0.9315068493150684,0.475,0.2727272727272727,0.0684931506849315,0.4520547945205479,0.2328767123287671,0.1917808219178082,0.1232876712328767,0.3150684931506849,0.0821917808219178,0.3698630136986301,0.684931506849315,0.18181818181818182,0.5882352941176471,-0.04597761962359087,0.17721518987341772,0.13924050632911392,0.6071428571428571,0.5882352941176471,12.658227848101266,40.0,0.14705882352941177,0.11392405063291139,0.17721518987341772,0.25,12.5,6.25,22.5
1611661328,SEA,SEA,5,False,2026-06-06 15:03:59,2026-06-07 15:16:47,1.008888888888889,2026-06-06,2026-06-06,1.0,12,600.0,1.0,-20.0,79.0,80.0,10.0,9.0,9.0,159.0,10.0,18.0,2.0,2.0,2.0,2.0,0.0,5.0,1.0,4.0,2.0,8.0,1.0,2.0,0.0,1.0,9.0,28.0,1.0,4.0,0.0,4.0,11.0,27.0,11.0,36.0,13.0,68.0,88.0,2.0,2.0,2.0,6.0,3.0,13.0,2.0,3.0,0.0,5.0,5.0,9.0,12.0,10.0,30.0,3.0,0.0,28.0,9.0,4.0,0.0,6.0,10.0,16.0,8.0,2.0,6.0,0.0,0.0,42.0,8.0,4.0,0.0,10.0,14.0,1.0,25.0,12.0,37.0,1.0,7.0,6.0,1.0,13.0,3.0,10.0,10.0,1.0,3.0,,2.0,23.0,2.0,1.0,4.0,11.0,0.0,2.0,1.0,16.0,0.0,0.0,3.0,16.0,1.0,0.0,5.0,1.0,2.0,1.0,0.0,0.0,0.0,0.0,0.0,1.0,1.0,1.0,55.0,9.0,10.0,0.0,2.0,,0.0,,63.0,,1611661328,False,0.5315860562458599,63.0,0.3065441214464291,41.0,86.07594936708861,110.00000000000001,-23.924050632911403,79.0,68.0,88.0,63.0,22.0,0.4365079365079365,0.48543689320388345,1.0793650793650793,0.4074074074074074,0.3055555555555556,0.25396825396825395,0.5714285714285714,0.2857142857142857,0.07936507936507936,0.06349206349206349,0.14285714285714285,0.12698412698412698,0.4444444444444444,0.8571428571428571,0.2222222222222222,0.5555555555555556,-0.09507811973792335,0.2911392405063291,0.16455696202531644,0.7272727272727273,0.6176470588235294,15.18987341772152,31.25,0.19117647058823528,0.11392405063291139,0.12658227848101267,0.1323529411764706,8.75,1.25,13.750000000000002
1611661328,SEA,SEA,7,False,2026-06-08 17:00:39,2026-06-09 16:24:19,0.9747685185185185,2026-06-08,2026-06-08,1.0,13,600.0,1.0,-10.0,81.0,80.0,14.0,34.0,8.0,161.0,2.0,5.0,0.0,1.0,0.0,0.0,17.0,35.0,2.0,7.0,2.0,4.0,0.0,0.0,1.0,1.0,10.0,23.0,0.0,1.0,2.0,6.0,21.0,47.0,12.0,27.0,13.0,91.0,101.0,3.0,7.0,0.0,1.0,2.0,8.0,3.0,6.0,3.0,7.0,1.0,16.0,24.0,18.0,30.0,6.0,4.0,23.0,10.0,4.0,1.0,12.0,10.0,22.0,8.0,2.0,1.0,9.0,2.0,54.0,1.0,8.0,0.0,11.0,11.0,1.0,23.0,9.0,32.0,1.0,10.0,7.0,3.0,4.0,2.0,2.0,5.0,0.0,2.0,,0.0,9.0,0.0,0.0,10.0,23.0,0.0,0.0,3.0,13.0,0.0,0.0,0.0,15.0,1.0,0.0,8.0,0.0,0.0,1.0,0.0,0.0,0.0,0.0,0.0,1.0,1.0,0.0,83.0,16.0,14.0,3.0,0.0,,0.0,,74.0,,1611661328,False,0.44062168981713973,74.0,0.22494154355237236,41.0,112.34567901234568,126.25,-13.904320987654316,81.0,91.0,101.0,74.0,33.0,0.527027027027027,0.5645161290322581,1.2297297297297298,0.44680851063829785,0.4444444444444444,0.20270270270270271,0.36486486486486486,0.06756756756756757,0.47297297297297297,0.0945945945945946,0.5675675675675675,0.05405405405405406,0.3108108108108108,0.43243243243243246,0.14814814814814814,0.4,0.08640533720988725,0.1111111111111111,0.04938271604938271,0.6666666666666666,0.5934065934065934,11.11111111111111,28.749999999999996,0.08791208791208792,0.09876543209876543,0.1728395061728395,0.17582417582417584,12.5,1.25,28.749999999999996
1611661328,SEA,SEA,9,False,2026-06-10 16:54:00,2026-06-11 17:31:15,1.0258680555555555,2026-06-10,2026-06-10,1.0,14,600.0,1.0,-5.0,80.0,80.0,23.0,15.0,6.0,160.0,12.0,15.0,1.0,2.0,3.0,5.0,6.0,14.0,3.0,6.0,1.0,5.0,0.0,0.0,0.0,0.0,8.0,24.0,0.0,0.0,1.0,4.0,21.0,35.0,9.0,29.0,14.0,83.0,88.0,2.0,4.0,0.0,0.0,2.0,6.0,8.0,12.0,1.0,4.0,8.0,27.0,36.0,6.0,24.0,3.0,2.0,24.0,8.0,2.0,2.0,18.0,8.0,26.0,7.0,1.0,10.0,5.0,3.0,60.0,4.0,3.0,0.0,20.0,11.0,2.0,33.0,7.0,40.0,1.0,5.0,3.0,2.0,10.0,2.0,8.0,5.0,0.0,2.0,,1.0,15.0,1.0,3.0,10.0,20.0,0.0,2.0,2.0,17.0,1.0,3.0,0.0,16.0,2.0,0.0,6.0,0.0,3.0,4.0,0.0,0.0,1.0,0.0,0.0,3.0,4.0,2.0,77.0,27.0,23.0,2.0,3.0,0.0,0.0,,64.0,,1611661328,False,0.47791197132753105,64.0,0.20454428882956258,34.0,103.75000000000001,110.00000000000001,-6.25,80.0,83.0,88.0,64.0,30.0,0.5390625,0.5841779279279279,1.296875,0.6,0.3103448275862069,0.25,0.453125,0.234375,0.21875,0.09375,0.3125,0.078125,0.375,0.6875,0.1724137931034483,0.8,0.06115052867246895,0.1875,0.125,0.8666666666666667,0.7228915662650602,8.75,41.25,0.07228915662650602,0.075,0.2875,0.3253012048192771,6.25,5.0,25.0
1611661328,SEA,SEA,11,False,2026-06-12 16:37:05,2026-06-13 15:24:02,0.9492708333333333,2026-06-12,2026-06-12,1.0,15,1200.0,1.0,-4.0,74.0,75.0,16.0,28.0,10.0,149.0,10.0,21.0,1.0,2.0,3.0,5.0,4.0,18.0,1.0,4.0,0.0,1.0,0.0,1.0,0.0,0.0,10.0,22.0,1.0,1.0,2.0,8.0,15.0,43.0,10.0,23.0,12.0,72.0,76.0,2.0,6.0,1.0,2.0,3.0,10.0,4.0,8.0,2.0,8.0,4.0,18.0,16.0,14.0,27.0,3.0,4.0,22.0,10.0,4.0,2.0,8.0,9.0,17.0,9.0,0.0,7.0,0.0,1.0,43.0,3.0,7.0,0.0,17.0,9.0,3.0,29.0,10.0,39.0,1.0,6.0,4.0,2.0,6.0,2.0,1.0,6.0,0.0,5.0,,2.0,12.0,2.0,0.0,8.0,23.0,0.0,2.0,1.0,18.0,0.0,3.0,2.0,18.0,1.0,1.0,8.0,0.0,1.0,4.0,1.0,1.0,3.0,0.0,0.0,1.0,5.0,3.0,62.0,18.0,16.0,4.0,1.0,0.0,0.0,,66.0,,1611661328,False,0.49411699433429046,66.0,0.2628333642156887,41.0,97.2972972972973,101.33333333333334,-4.0360360360360374,74.0,72.0,76.0,66.0,25.0,0.45454545454545453,0.487012987012987,1.0909090909090908,0.3488372093023256,0.43478260869565216,0.2727272727272727,0.3484848484848485,0.3181818181818182,0.2727272727272727,0.06060606060606061,0.3333333333333333,0.015151515151515152,0.3333333333333333,0.6666666666666666,0.043478260869565216,0.47619047619047616,-0.03957153978883593,0.16216216216216217,0.08108108108108109,0.68,0.5972222222222222,13.513513513513514,38.666666666666664,0.1388888888888889,0.13513513513513514,0.21621621621621623,0.25,8.0,6.666666666666667,30.666666666666664
1611661328,SEA,SEA,16,False,2026-06-17 16:50:06,2026-06-18 16:49:24,0.9995138888888889,2026-06-17,2026-06-17,1.0,16,600.0,1.0,-5.0,74.0,74.0,13.0,14.0,13.0,148.0,11.0,13.0,3.0,3.0,1.0,2.0,10.0,25.0,2.0,5.0,1.0,5.0,1.0,1.0,0.0,2.0,8.0,19.0,0.0,1.0,0.0,5.0,23.0,43.0,9.0,24.0,16.0,89.0,94.0,6.0,9.0,1.0,2.0,3.0,18.0,5.0,7.0,0.0,7.0,3.0,13.0,28.0,18.0,24.0,3.0,6.0,19.0,8.0,6.0,1.0,14.0,8.0,22.0,7.0,1.0,6.0,6.0,2.0,52.0,5.0,10.0,0.0,11.0,10.0,2.0,23.0,15.0,38.0,1.0,5.0,4.0,1.0,7.0,1.0,6.0,7.0,1.0,1.0,,0.0,14.0,2.0,2.0,13.0,18.0,0.0,1.0,1.0,18.0,0.0,3.0,2.0,19.0,0.0,0.0,8.0,0.0,1.0,3.0,0.0,0.0,2.0,0.0,0.0,1.0,3.0,1.0,71.0,13.0,13.0,1.0,2.0,0.0,0.0,,67.0,,1611661328,False,0.4478535151272269,67.0,0.44889228418640204,35.0,120.27027027027026,127.02702702702702,-6.756756756756758,74.0,89.0,94.0,67.0,32.0,0.5447761194029851,0.5904989384288747,1.328358208955224,0.5348837209302325,0.375,0.2835820895522388,0.3582089552238806,0.19402985074626866,0.373134328358209,0.07462686567164178,0.44776119402985076,0.07462686567164178,0.2835820895522388,0.5522388059701493,0.20833333333333334,0.8461538461538461,0.09692260427575822,0.1891891891891892,0.0945945945945946,0.6875,0.5842696629213483,20.27027027027027,31.08108108108108,0.20224719101123595,0.17567567567567569,0.17567567567567569,0.14606741573033707,6.756756756756757,4.054054054054054,24.324324324324326
1611661328,SEA,SEA,19,False,2026-06-20 15:27:14,2026-06-21 15:43:44,1.0114583333333333,2026-06-20,2026-06-20,1.0,17,1200.0,1.0,-20.0,78.0,79.0,16.0,27.0,11.0,157.0,4.0,8.0,2.0,2.0,1.0,1.0,11.0,28.0,2.0,6.0,1.0,4.0,0.0,0.0,0.0,1.0,7.0,24.0,0.0,1.0,3.0,5.0,17.0,42.0,8.0,28.0,15.0,73.0,93.0,5.0,7.0,0.0,1.0,2.0,12.0,5.0,10.0,3.0,6.0,4.0,23.0,20.0,14.0,21.0,3.0,4.0,24.0,7.0,8.0,0.0,10.0,7.0,17.0,6.0,1.0,2.0,7.0,1.0,41.0,3.0,8.0,0.0,11.0,9.0,1.0,21.0,11.0,32.0,1.0,7.0,5.0,2.0,4.0,3.0,3.0,7.0,1.0,1.0,,1.0,11.0,2.0,0.0,10.0,23.0,0.0,3.0,0.0,13.0,0.0,0.0,1.0,17.0,0.0,1.0,7.0,0.0,1.0,0.0,2.0,1.0,0.0,1.0,0.0,0.0,2.0,2.0,61.0,23.0,16.0,3.0,1.0,0.0,0.0,,70.0,,1611661328,False,0.4773556056701823,70.0,0.2498780912574015,45.0,93.58974358974359,117.72151898734178,-24.13177539759819,78.0,73.0,93.0,70.0,25.0,0.4142857142857143,0.47108931337119253,1.042857142857143,0.40476190476190477,0.2857142857142857,0.24285714285714285,0.4,0.11428571428571428,0.4,0.08571428571428572,0.4857142857142857,0.05714285714285714,0.34285714285714286,0.5142857142857142,0.14285714285714285,0.5,-0.063069891384468,0.14102564102564102,0.05128205128205128,0.68,0.5616438356164384,14.102564102564102,26.582278481012654,0.1643835616438356,0.14102564102564102,0.20512820512820512,0.3150684931506849,8.860759493670885,2.5316455696202533,29.11392405063291
1611661328,SEA,SEA,20,False,2026-06-21 15:43:44,2026-06-23 16:17:53,2.023715277777778,2026-06-21,2026-06-22,1.0,18,900.0,1.0,-2.0,91.0,91.0,14.0,8.0,6.0,182.0,10.0,19.0,1.0,3.0,2.0,2.0,12.0,21.0,4.0,8.0,4.0,6.0,0.0,0.0,0.0,0.0,9.0,23.0,0.0,0.0,2.0,6.0,26.0,48.0,13.0,29.0,19.0,110.0,112.0,4.0,6.0,0.0,0.0,2.0,10.0,6.0,7.0,2.0,6.0,2.0,20.0,34.0,18.0,36.0,3.0,0.0,23.0,9.0,2.0,0.0,17.0,12.0,29.0,8.0,4.0,8.0,7.0,2.0,70.0,2.0,6.0,0.0,10.0,19.0,1.0,30.0,8.0,38.0,1.0,5.0,4.0,1.0,9.0,1.0,5.0,4.0,0.0,4.0,,0.0,13.0,0.0,2.0,4.0,12.0,1.0,0.0,0.0,14.0,0.0,0.0,0.0,21.0,3.0,0.0,11.0,0.0,1.0,6.0,0.0,0.0,3.0,0.0,0.0,3.0,6.0,3.0,100.0,20.0,14.0,0.0,1.0,0.0,0.0,,77.0,,1611661328,False,0.4860494131148137,77.0,0.22324468790834154,38.0,120.87912087912088,123.07692307692308,-2.197802197802204,91.0,110.0,112.0,77.0,39.0,0.5909090909090909,0.6377551020408163,1.4285714285714286,0.5416666666666666,0.4482758620689655,0.2727272727272727,0.37662337662337664,0.24675324675324675,0.2727272727272727,0.1038961038961039,0.37662337662337664,0.07792207792207792,0.2987012987012987,0.6233766233766234,0.20689655172413793,0.5263157894736842,0.10485967779427724,0.14285714285714285,0.0989010989010989,0.7435897435897436,0.6363636363636364,8.791208791208792,32.967032967032964,0.09090909090909091,0.06593406593406594,0.15384615384615385,0.18181818181818182,5.4945054945054945,6.593406593406594,13.186813186813188
1611661328,SEA,SEA,23,False,2026-06-25 16:13:09,2026-06-26 16:05:12,0.9944791666666667,2026-06-25,2026-06-25,1.0,19,600.0,1.0,11.0,83.0,83.0,20.0,20.0,12.0,166.0,25.0,33.0,7.0,8.0,7.0,8.0,2.0,9.0,3.0,5.0,2.0,3.0,0.0,0.0,1.0,1.0,7.0,25.0,0.0,1.0,1.0,4.0,30.0,47.0,9.0,28.0,12.0,99.0,88.0,8.0,10.0,0.0,1.0,4.0,20.0,9.0,11.0,2.0,5.0,5.0,29.0,22.0,38.0,21.0,6.0,8.0,25.0,7.0,2.0,1.0,11.0,7.0,18.0,5.0,2.0,10.0,0.0,1.0,43.0,8.0,5.0,0.0,18.0,9.0,2.0,29.0,13.0,42.0,2.0,8.0,8.0,0.0,9.0,3.0,7.0,7.0,0.0,2.0,0.0,1.0,16.0,1.0,2.0,6.0,21.0,0.0,2.0,2.0,14.0,0.0,0.0,0.0,15.0,4.0,0.0,6.0,0.0,3.0,2.0,1.0,0.0,0.0,1.0,0.0,2.0,3.0,2.0,79.0,29.0,20.0,6.0,3.0,0.0,0.0,,75.0,,1611661328,False,0.5465334964669001,75.0,0.37941133873903177,36.0,119.27710843373494,106.02409638554218,13.253012048192758,83.0,99.0,88.0,75.0,39.0,0.58,0.6066176470588236,1.32,0.6382978723404256,0.32142857142857145,0.2,0.37333333333333335,0.44,0.12,0.06666666666666667,0.18666666666666668,0.04,0.3333333333333333,0.8133333333333334,0.10714285714285714,0.7575757575757576,0.03346650353309988,0.1927710843373494,0.10843373493975904,0.46153846153846156,0.43434343434343436,15.66265060240964,34.93975903614458,0.20202020202020202,0.14457831325301204,0.24096385542168675,0.29292929292929293,9.63855421686747,3.614457831325301,25.301204819277107
1611661328,SEA,SEA,25,False,2026-06-27 15:06:40,2026-06-28 15:09:09,1.0017245370370371,2026-06-27,2026-06-27,1.0,20,600.0,1.0,15.0,81.0,84.0,16.0,17.0,8.0,165.0,18.0,25.0,3.0,4.0,4.0,5.0,4.0,12.0,2.0,3.0,4.0,5.0,2.0,2.0,1.0,1.0,10.0,18.0,0.0,0.0,1.0,3.0,24.0,40.0,14.0,23.0,15.0,105.0,90.0,3.0,5.0,2.0,2.0,2.0,14.0,6.0,7.0,2.0,4.0,4.0,22.0,30.0,18.0,36.0,6.0,2.0,18.0,10.0,0.0,0.0,15.0,12.0,27.0,8.0,4.0,13.0,0.0,2.0,66.0,4.0,4.0,0.0,16.0,10.0,1.0,27.0,8.0,35.0,0.0,5.0,2.0,3.0,7.0,1.0,5.0,11.0,2.0,2.0,0.0,2.0,18.0,0.0,3.0,10.0,21.0,0.0,3.0,3.0,18.0,1.0,0.0,1.0,20.0,2.0,0.0,9.0,1.0,1.0,4.0,0.0,0.0,2.0,0.0,0.0,2.0,4.0,3.0,91.0,22.0,16.0,3.0,1.0,1.0,0.0,,63.0,,1611661328,False,0.5127792420554604,63.0,0.32157598600288223,25.0,129.62962962962962,107.14285714285714,22.48677248677248,81.0,105.0,90.0,63.0,38.0,0.7142857142857143,0.7311977715877438,1.6666666666666667,0.6,0.6086956521739131,0.31746031746031744,0.36507936507936506,0.3968253968253968,0.19047619047619047,0.047619047619047616,0.23809523809523808,0.07936507936507936,0.2857142857142857,0.7619047619047619,0.21739130434782608,0.72,0.20150647223025386,0.2222222222222222,0.08641975308641975,0.7105263157894737,0.6285714285714286,9.876543209876543,32.142857142857146,0.13333333333333333,0.09876543209876543,0.19753086419753085,0.20952380952380953,5.952380952380952,4.761904761904762,25.0
1611661328,SEA,SEA,27,False,2026-06-29 16:48:32,2026-07-04 14:56:19,4.922071759259259,2026-06-29,2026-07-03,1.0,21,600.0,1.0,-23.0,75.0,76.0,2.0,14.0,7.0,151.0,7.0,9.0,1.0,2.0,0.0,0.0,7.0,20.0,4.0,8.0,1.0,3.0,0.0,0.0,0.0,0.0,7.0,22.0,0.0,1.0,0.0,1.0,18.0,37.0,8.0,25.0,7.0,67.0,90.0,3.0,5.0,0.0,1.0,0.0,6.0,0.0,0.0,0.0,1.0,0.0,0.0,26.0,10.0,18.0,6.0,4.0,22.0,7.0,4.0,0.0,13.0,6.0,19.0,5.0,1.0,5.0,5.0,3.0,44.0,2.0,4.0,1.0,13.0,11.0,2.0,26.0,7.0,33.0,1.0,5.0,1.0,4.0,9.0,2.0,4.0,4.0,0.0,5.0,1.0,0.0,13.0,0.0,1.0,7.0,17.0,0.0,0.0,1.0,13.0,0.0,0.0,3.0,12.0,0.0,0.0,6.0,0.0,0.0,6.0,0.0,0.0,1.0,0.0,0.0,5.0,6.0,2.0,61.0,0.0,2.0,3.0,0.0,0.0,0.0,0.0,62.0,,1611661328,False,0.4656531066750393,62.0,0.16353159699615263,36.0,89.33333333333333,118.42105263157893,-29.087719298245602,75.0,67.0,90.0,62.0,26.0,0.4838709677419355,0.4979191438763377,1.0806451612903225,0.4864864864864865,0.32,0.1935483870967742,0.4032258064516129,0.14516129032258066,0.3225806451612903,0.12903225806451613,0.45161290322580644,0.04838709677419355,0.3548387096774194,0.5483870967741935,0.12,0.7777777777777778,0.018217861066896213,0.17333333333333334,0.12,0.7307692307692307,0.6567164179104478,9.333333333333334,34.21052631578947,0.08955223880597014,0.09333333333333334,0.02666666666666667,0.0,6.578947368421052,7.894736842105263,22.36842105263158
1611661328,SEA,SEA,28,False,2026-07-04 14:56:19,2026-07-05 15:04:24,1.005613425925926,2026-07-04,2026-07-04,1.0,22,600.0,1.0,-5.0,83.0,84.0,28.0,31.0,10.0,167.0,11.0,19.0,2.0,5.0,3.0,3.0,5.0,18.0,0.0,5.0,1.0,3.0,0.0,0.0,0.0,1.0,7.0,26.0,1.0,1.0,4.0,13.0,16.0,42.0,8.0,29.0,16.0,72.0,77.0,2.0,6.0,1.0,1.0,4.0,11.0,3.0,9.0,4.0,14.0,7.0,25.0,18.0,14.0,21.0,3.0,4.0,26.0,7.0,3.0,0.0,9.0,7.0,16.0,6.0,1.0,8.0,1.0,0.0,39.0,5.0,5.0,0.0,12.0,15.0,1.0,28.0,10.0,38.0,3.0,14.0,10.0,4.0,9.0,3.0,6.0,5.0,0.0,3.0,0.0,1.0,14.0,1.0,4.0,11.0,22.0,0.0,2.0,0.0,19.0,0.0,6.0,1.0,18.0,2.0,0.0,8.0,0.0,2.0,3.0,0.0,0.0,2.0,0.0,0.0,1.0,3.0,3.0,61.0,25.0,28.0,5.0,2.0,0.0,0.0,0.0,71.0,,1611661328,False,0.4956333553782011,71.0,0.21124914080398433,47.0,86.74698795180723,91.66666666666666,-4.91967871485943,83.0,72.0,77.0,71.0,24.0,0.39436619718309857,0.45615813482007095,1.0140845070422535,0.38095238095238093,0.27586206896551724,0.2535211267605634,0.4084507042253521,0.2676056338028169,0.2535211267605634,0.07042253521126761,0.323943661971831,0.04225352112676056,0.36619718309859156,0.676056338028169,0.10344827586206896,0.5789473684210527,-0.10126715819510251,0.1686746987951807,0.10843373493975904,0.6666666666666666,0.5416666666666666,12.048192771084338,33.33333333333333,0.1527777777777778,0.12048192771084337,0.3373493975903614,0.3472222222222222,16.666666666666664,3.571428571428571,26.190476190476193
1611661328,SEA,SEA,30,False,2026-07-06 16:46:42,2026-07-07 16:15:04,0.9780324074074074,2026-07-06,2026-07-06,1.0,23,1200.0,1.0,18.0,84.0,85.0,17.0,23.0,9.0,169.0,11.0,14.0,2.0,2.0,5.0,5.0,9.0,22.0,2.0,6.0,4.0,6.0,1.0,1.0,1.0,1.0,6.0,27.0,2.0,4.0,1.0,5.0,22.0,42.0,10.0,33.0,8.0,82.0,64.0,2.0,4.0,3.0,5.0,0.0,13.0,6.0,10.0,2.0,6.0,0.0,18.0,18.0,26.0,27.0,3.0,4.0,27.0,6.0,1.0,0.0,9.0,9.0,18.0,5.0,4.0,4.0,3.0,2.0,45.0,5.0,4.0,0.0,19.0,15.0,5.0,39.0,9.0,48.0,3.0,14.0,9.0,5.0,7.0,3.0,4.0,6.0,0.0,3.0,0.0,1.0,13.0,0.0,2.0,8.0,20.0,0.0,3.0,2.0,13.0,0.0,2.0,1.0,9.0,1.0,0.0,5.0,0.0,0.0,3.0,0.0,0.0,0.0,0.0,0.0,3.0,3.0,2.0,69.0,18.0,17.0,2.0,0.0,0.0,0.0,0.0,75.0,,1611661328,False,0.5021809478801575,75.0,0.20785169050428762,43.0,97.61904761904762,75.29411764705883,22.324929971988794,84.0,82.0,64.0,75.0,32.0,0.49333333333333335,0.5192502532928065,1.0933333333333333,0.5238095238095238,0.30303030303030304,0.12,0.44,0.18666666666666668,0.29333333333333333,0.08,0.37333333333333335,0.08,0.36,0.6266666666666667,0.18181818181818182,0.7857142857142857,-0.0088476145468242,0.15476190476190477,0.08333333333333333,0.5625,0.5487804878048781,10.714285714285714,45.88235294117647,0.15853658536585366,0.10714285714285714,0.20238095238095238,0.21951219512195122,16.470588235294116,3.5294117647058822,23.52941176470588
1611661328,SEA,SEA,33,False,2026-07-09 16:20:00,2026-07-10 16:11:44,0.9942592592592593,2026-07-09,2026-07-09,1.0,24,1200.0,1.0,-11.0,89.0,89.0,10.0,26.0,7.0,178.0,20.0,28.0,3.0,4.0,2.0,3.0,6.0,14.0,1.0,4.0,0.0,1.0,0.0,0.0,0.0,0.0,3.0,19.0,0.0,1.0,0.0,4.0,27.0,46.0,3.0,20.0,15.0,78.0,89.0,3.0,5.0,0.0,1.0,2.0,8.0,2.0,3.0,0.0,4.0,3.0,7.0,38.0,16.0,6.0,3.0,6.0,19.0,3.0,4.0,0.0,19.0,2.0,21.0,2.0,0.0,13.0,5.0,1.0,44.0,2.0,6.0,0.0,15.0,15.0,0.0,30.0,8.0,38.0,1.0,6.0,5.0,1.0,14.0,3.0,11.0,9.0,0.0,3.0,0.0,1.0,23.0,1.0,1.0,10.0,20.0,0.0,2.0,3.0,18.0,0.0,0.0,3.0,19.0,2.0,1.0,10.0,0.0,0.0,3.0,0.0,0.0,3.0,0.0,0.0,0.0,3.0,2.0,70.0,7.0,10.0,3.0,0.0,0.0,0.0,0.0,66.0,,1611661328,False,0.5095379423283551,66.0,0.22862545022696898,36.0,87.64044943820225,100.0,-12.359550561797747,89.0,78.0,89.0,66.0,30.0,0.4772727272727273,0.5244755244755245,1.1818181818181819,0.5869565217391305,0.15,0.2878787878787879,0.30303030303030304,0.42424242424242425,0.21212121212121213,0.06060606060606061,0.2727272727272727,0.015151515151515152,0.2878787878787879,0.7272727272727273,0.05,0.7142857142857143,-0.03226521505562785,0.25842696629213485,0.15730337078651685,0.7,0.5641025641025641,8.98876404494382,33.70786516853933,0.10256410256410256,0.07865168539325842,0.11235955056179775,0.08974358974358974,6.741573033707865,3.3707865168539324,22.47191011235955
1611661328,SEA,SEA,36,False,2026-07-12 14:45:23,2026-07-13 16:18:46,1.064849537037037,2026-07-12,2026-07-12,1.0,25,600.0,1.0,-5.0,81.0,80.0,26.0,22.0,15.0,161.0,10.0,14.0,4.0,5.0,2.0,2.0,14.0,32.0,1.0,5.0,1.0,3.0,0.0,0.0,1.0,1.0,4.0,16.0,0.0,1.0,0.0,4.0,25.0,51.0,5.0,19.0,14.0,79.0,84.0,5.0,11.0,0.0,1.0,2.0,12.0,9.0,16.0,1.0,5.0,8.0,29.0,14.0,36.0,15.0,0.0,4.0,16.0,4.0,3.0,0.0,7.0,5.0,12.0,4.0,1.0,4.0,3.0,0.0,29.0,7.0,9.0,1.0,7.0,20.0,4.0,31.0,17.0,48.0,0.0,12.0,8.0,4.0,10.0,2.0,5.0,10.0,0.0,5.0,0.0,3.0,20.0,3.0,6.0,12.0,24.0,0.0,0.0,3.0,17.0,0.0,3.0,0.0,18.0,2.0,0.0,8.0,0.0,2.0,4.0,0.0,0.0,1.0,0.0,0.0,3.0,4.0,3.0,67.0,29.0,26.0,2.0,2.0,0.0,0.0,0.0,70.0,0.0,1611661328,False,0.4661787520313802,70.0,0.4104260629994897,40.0,97.53086419753086,105.0,-7.46913580246914,81.0,79.0,84.0,70.0,30.0,0.4642857142857143,0.5069301848049281,1.1285714285714286,0.49019607843137253,0.2631578947368421,0.2571428571428571,0.2714285714285714,0.2,0.45714285714285713,0.07142857142857142,0.5285714285714286,0.04285714285714286,0.22857142857142856,0.4714285714285714,0.15789473684210525,0.7142857142857143,-0.0018930377456659042,0.24691358024691357,0.12345679012345678,0.4,0.3670886075949367,20.98765432098765,38.75,0.1518987341772152,0.18518518518518517,0.32098765432098764,0.3670886075949367,15.0,5.0,30.0
1611661328,SEA,SEA,39,False,2026-07-15 15:15:46,2026-07-16 15:23:36,1.005439814814815,2026-07-15,2026-07-15,1.0,26,600.0,1.0,-5.0,84.0,85.0,7.0,15.0,14.0,169.0,23.0,30.0,3.0,3.0,3.0,4.0,5.0,13.0,4.0,10.0,1.0,4.0,0.0,0.0,0.0,0.0,3.0,21.0,1.0,6.0,0.0,4.0,32.0,53.0,4.0,25.0,14.0,90.0,95.0,4.0,6.0,1.0,6.0,5.0,16.0,4.0,6.0,0.0,4.0,0.0,8.0,40.0,24.0,12.0,0.0,2.0,21.0,3.0,3.0,1.0,20.0,4.0,24.0,3.0,1.0,14.0,3.0,3.0,52.0,7.0,10.0,1.0,16.0,13.0,4.0,33.0,18.0,51.0,1.0,10.0,4.0,6.0,11.0,2.0,9.0,5.0,2.0,2.0,0.0,1.0,16.0,1.0,1.0,11.0,17.0,0.0,2.0,0.0,16.0,0.0,1.0,1.0,23.0,4.0,0.0,12.0,1.0,0.0,3.0,1.0,1.0,2.0,0.0,0.0,1.0,4.0,3.0,74.0,8.0,7.0,0.0,0.0,0.0,0.0,0.0,78.0,0.0,1611661328,False,0.5468553588891697,78.0,0.42162655465233523,42.0,107.14285714285714,111.76470588235294,-4.621848739495803,84.0,90.0,95.0,78.0,36.0,0.48717948717948717,0.5106672719019518,1.1538461538461537,0.6037735849056604,0.16,0.2948717948717949,0.32051282051282054,0.38461538461538464,0.16666666666666666,0.1282051282051282,0.2948717948717949,0.05128205128205128,0.2692307692307692,0.7051282051282052,0.16,0.7666666666666667,-0.059675871709682526,0.19047619047619047,0.13095238095238096,0.6666666666666666,0.5777777777777777,21.428571428571427,38.82352941176471,0.17777777777777778,0.16666666666666666,0.08333333333333333,0.08888888888888889,11.76470588235294,4.705882352941177,20.0
1611661328,SEA,SEA,41,False,2026-07-17 15:04:07,2026-07-18 14:42:59,0.9853240740740741,2026-07-17,2026-07-17,1.0,27,600.0,1.0,-3.0,83.0,86.0,7.0,32.0,12.0,169.0,28.0,45.0,5.0,7.0,3.0,4.0,5.0,8.0,2.0,2.0,2.0,3.0,0.0,1.0,1.0,1.0,6.0,18.0,0.0,1.0,0.0,2.0,35.0,55.0,8.0,21.0,13.0,107.0,110.0,7.0,10.0,0.0,2.0,2.0,16.0,3.0,4.0,1.0,3.0,2.0,11.0,38.0,32.0,24.0,0.0,8.0,18.0,6.0,3.0,0.0,19.0,8.0,27.0,6.0,2.0,14.0,3.0,2.0,62.0,5.0,10.0,0.0,9.0,12.0,2.0,23.0,15.0,38.0,2.0,8.0,7.0,1.0,12.0,1.0,9.0,6.0,0.0,3.0,0.0,1.0,18.0,2.0,0.0,12.0,24.0,0.0,1.0,3.0,17.0,0.0,0.0,2.0,18.0,5.0,1.0,9.0,0.0,2.0,2.0,1.0,1.0,1.0,0.0,0.0,1.0,3.0,3.0,91.0,10.0,6.0,2.0,1.0,0.0,0.0,0.0,76.0,0.0,1611661328,False,0.5797773850604379,76.0,0.47679102022877806,33.0,128.91566265060243,127.90697674418605,1.0086859064163747,83.0,107.0,110.0,76.0,43.0,0.618421052631579,0.6375119161105814,1.4078947368421053,0.6363636363636364,0.38095238095238093,0.23684210526315788,0.27631578947368424,0.5921052631578947,0.10526315789473684,0.02631578947368421,0.13157894736842105,0.039473684210526314,0.23684210526315788,0.868421052631579,0.14285714285714285,0.6222222222222222,0.03864366757114113,0.21686746987951808,0.14457831325301204,0.627906976744186,0.5794392523364486,18.072289156626507,26.744186046511626,0.14953271028037382,0.14457831325301204,0.08433734939759036,0.102803738317757,9.30232558139535,3.488372093023256,27.906976744186046
1611661328,SEA,SEA,44,False,2026-07-20 15:42:54,2026-07-21 15:27:31,0.9893171296296296,2026-07-20,2026-07-20,1.0,28,1200.0,1.0,-3.0,81.0,82.0,13.0,10.0,10.0,163.0,13.0,22.0,2.0,2.0,2.0,3.0,6.0,15.0,3.0,5.0,1.0,3.0,0.0,0.0,1.0,1.0,12.0,25.0,1.0,3.0,2.0,4.0,22.0,42.0,13.0,28.0,19.0,102.0,105.0,4.0,4.0,1.0,3.0,4.0,15.0,3.0,7.0,3.0,5.0,5.0,20.0,24.0,20.0,33.0,6.0,8.0,25.0,12.0,2.0,0.0,12.0,11.0,23.0,10.0,1.0,8.0,2.0,2.0,57.0,5.0,5.0,0.0,10.0,14.0,0.0,24.0,10.0,34.0,1.0,4.0,1.0,3.0,10.0,2.0,9.0,5.0,0.0,1.0,2.0,0.0,15.0,1.0,2.0,9.0,15.0,0.0,0.0,1.0,18.0,0.0,1.0,1.0,22.0,2.0,0.0,9.0,1.0,1.0,3.0,1.0,1.0,1.0,0.0,0.0,2.0,4.0,2.0,87.0,20.0,13.0,0.0,1.0,0.0,0.0,0.0,70.0,0.0,1611661328,False,0.5152804191028248,70.0,0.29411009965094276,35.0,125.92592592592592,128.0487804878049,-2.1228545618789667,81.0,102.0,105.0,70.0,35.0,0.5928571428571429,0.6400602409638554,1.457142857142857,0.5238095238095238,0.4642857142857143,0.3142857142857143,0.4,0.3142857142857143,0.21428571428571427,0.07142857142857142,0.2857142857142857,0.04285714285714286,0.35714285714285715,0.7142857142857143,0.10714285714285714,0.5909090909090909,0.07757672375431801,0.18518518518518517,0.12345679012345678,0.6571428571428571,0.5588235294117647,12.345679012345679,29.268292682926827,0.14705882352941177,0.12345679012345678,0.16049382716049382,0.19607843137254902,4.878048780487805,4.878048780487805,18.29268292682927
1611661328,SEA,SEA,45,False,2026-07-21 15:27:31,2026-07-23 15:46:30,2.0131828703703705,2026-07-21,2026-07-22,1.0,29,600.0,1.0,-10.0,81.0,82.0,15.0,7.0,16.0,163.0,20.0,29.0,4.0,4.0,4.0,7.0,4.0,8.0,1.0,5.0,1.0,5.0,0.0,0.0,0.0,1.0,4.0,27.0,1.0,6.0,0.0,7.0,25.0,42.0,5.0,32.0,11.0,76.0,86.0,5.0,9.0,1.0,6.0,3.0,16.0,4.0,7.0,0.0,8.0,1.0,9.0,26.0,24.0,15.0,0.0,4.0,27.0,4.0,3.0,0.0,13.0,5.0,18.0,4.0,1.0,10.0,2.0,1.0,41.0,10.0,9.0,0.0,8.0,23.0,1.0,32.0,19.0,51.0,2.0,7.0,5.0,2.0,13.0,3.0,9.0,6.0,0.0,4.0,0.0,1.0,19.0,1.0,3.0,6.0,12.0,0.0,0.0,1.0,13.0,0.0,2.0,0.0,15.0,1.0,0.0,6.0,1.0,0.0,6.0,1.0,1.0,3.0,0.0,1.0,2.0,7.0,7.0,60.0,9.0,15.0,2.0,0.0,0.0,0.0,0.0,74.0,0.0,1611661328,False,0.5133194946128828,74.0,0.44272128869991045,44.0,93.82716049382715,104.8780487804878,-11.050888286660651,81.0,76.0,86.0,74.0,30.0,0.4391891891891892,0.47146401985111663,1.027027027027027,0.5952380952380952,0.15625,0.20270270270270271,0.43243243243243246,0.3918918918918919,0.10810810810810811,0.06756756756756757,0.17567567567567569,0.06756756756756757,0.36486486486486486,0.8243243243243243,0.15625,0.6896551724137931,-0.07413030542369364,0.2345679012345679,0.16049382716049382,0.6,0.5394736842105263,23.456790123456788,39.02439024390244,0.21052631578947367,0.19753086419753085,0.18518518518518517,0.11842105263157894,8.536585365853659,8.536585365853659,14.634146341463413
1611661328,SEA,SEA,46,False,2026-07-23 15:46:30,2026-07-29 15:43:06,5.997638888888889,2026-07-23,2026-07-28,1.0,30,600.0,1.0,-10.0,78.0,81.0,20.0,22.0,14.0,159.0,12.0,23.0,4.0,7.0,1.0,3.0,8.0,19.0,1.0,3.0,3.0,7.0,0.0,1.0,1.0,2.0,8.0,27.0,1.0,7.0,1.0,7.0,21.0,45.0,11.0,34.0,20.0,95.0,105.0,4.0,7.0,1.0,8.0,3.0,14.0,2.0,9.0,2.0,9.0,11.0,21.0,20.0,22.0,21.0,12.0,4.0,27.0,8.0,3.0,0.0,10.0,7.0,17.0,4.0,3.0,8.0,1.0,1.0,41.0,8.0,9.0,0.0,7.0,14.0,0.0,21.0,17.0,38.0,3.0,6.0,5.0,1.0,3.0,0.0,3.0,2.0,0.0,0.0,0.0,0.0,5.0,1.0,1.0,11.0,22.0,0.0,1.0,1.0,21.0,0.0,0.0,2.0,27.0,1.0,0.0,9.0,2.0,3.0,2.0,0.0,0.0,0.0,0.0,0.0,2.0,2.0,1.0,81.0,21.0,20.0,3.0,3.0,0.0,0.0,1.0,79.0,0.0,1611661328,False,0.5128622681199051,79.0,0.37011049819183633,47.0,121.79487179487178,129.62962962962962,-7.834757834757838,78.0,95.0,105.0,79.0,32.0,0.47468354430379744,0.5226672535211268,1.2025316455696202,0.4666666666666667,0.3235294117647059,0.34177215189873417,0.43037974683544306,0.2911392405063291,0.24050632911392406,0.0379746835443038,0.27848101265822783,0.08860759493670886,0.34177215189873417,0.7215189873417721,0.20588235294117646,0.5217391304347826,-0.03817872381610765,0.0641025641025641,0.038461538461538464,0.53125,0.43157894736842106,21.794871794871796,25.925925925925924,0.14736842105263157,0.1794871794871795,0.2564102564102564,0.22105263157894736,7.4074074074074066,2.4691358024691357,27.160493827160494
1611661328,SEA,SEA,49,False,2026-07-31 15:52:06,2026-08-01 14:50:36,0.9572916666666667,2026-07-31,2026-07-31,1.0,31,600.0,1.0,-9.0,86.0,88.0,23.0,35.0,12.0,174.0,12.0,19.0,1.0,1.0,1.0,2.0,10.0,19.0,3.0,7.0,0.0,5.0,0.0,0.0,0.0,3.0,5.0,18.0,0.0,2.0,3.0,10.0,25.0,45.0,5.0,23.0,24.0,89.0,98.0,3.0,6.0,0.0,2.0,2.0,8.0,2.0,9.0,3.0,13.0,5.0,18.0,24.0,26.0,15.0,0.0,2.0,18.0,5.0,6.0,1.0,12.0,5.0,17.0,5.0,0.0,5.0,6.0,1.0,39.0,6.0,6.0,1.0,11.0,11.0,3.0,25.0,13.0,38.0,1.0,10.0,5.0,5.0,14.0,3.0,11.0,6.0,0.0,3.0,1.0,0.0,20.0,5.0,4.0,16.0,26.0,0.0,0.0,1.0,19.0,0.0,0.0,1.0,30.0,1.0,0.0,13.0,1.0,1.0,5.0,0.0,0.0,3.0,0.0,0.0,2.0,5.0,1.0,81.0,18.0,23.0,3.0,1.0,0.0,0.0,0.0,68.0,0.0,1611661328,False,0.4993176869399078,68.0,0.3322344302781481,38.0,103.48837209302326,111.36363636363636,-7.875264270613101,86.0,89.0,98.0,68.0,30.0,0.47794117647058826,0.5480295566502463,1.3088235294117647,0.5555555555555556,0.21739130434782608,0.4411764705882353,0.3382352941176471,0.27941176470588236,0.27941176470588236,0.10294117647058823,0.38235294117647056,0.07352941176470588,0.2647058823529412,0.6176470588235294,0.21739130434782608,0.631578947368421,-0.021376510469319543,0.23255813953488372,0.16279069767441862,0.5666666666666667,0.43820224719101125,15.11627906976744,28.40909090909091,0.0898876404494382,0.13953488372093023,0.26744186046511625,0.20224719101123595,11.363636363636363,5.681818181818182,29.545454545454547
1611661328,SEA,SEA,51,False,2026-08-03 16:13:19,2026-08-04 16:04:29,0.9938657407407407,2026-08-03,2026-08-03,1.0,32,600.0,1.0,-12.0,77.0,80.0,15.0,14.0,6.0,157.0,9.0,14.0,2.0,3.0,2.0,3.0,9.0,21.0,2.0,7.0,3.0,9.0,1.0,2.0,1.0,1.0,6.0,20.0,0.0,3.0,0.0,0.0,20.0,42.0,9.0,29.0,16.0,83.0,95.0,2.0,4.0,1.0,5.0,1.0,8.0,7.0,13.0,1.0,1.0,0.0,17.0,28.0,12.0,21.0,6.0,2.0,20.0,6.0,5.0,1.0,14.0,7.0,21.0,4.0,3.0,7.0,5.0,2.0,49.0,4.0,6.0,0.0,12.0,11.0,0.0,23.0,10.0,33.0,2.0,7.0,3.0,4.0,2.0,1.0,1.0,6.0,0.0,1.0,0.0,0.0,8.0,1.0,1.0,9.0,18.0,0.0,1.0,3.0,14.0,0.0,0.0,1.0,19.0,1.0,0.0,10.0,0.0,0.0,3.0,0.0,0.0,1.0,0.0,0.0,2.0,3.0,3.0,75.0,17.0,15.0,0.0,0.0,0.0,0.0,0.0,71.0,0.0,1611661328,False,0.4903744011947752,71.0,0.24368899312409417,42.0,107.79220779220779,118.75,-10.95779220779221,77.0,83.0,95.0,71.0,29.0,0.47183098591549294,0.5229334677419355,1.1690140845070423,0.47619047619047616,0.3103448275862069,0.2676056338028169,0.4084507042253521,0.19718309859154928,0.29577464788732394,0.09859154929577464,0.39436619718309857,0.1267605633802817,0.28169014084507044,0.6056338028169014,0.3103448275862069,0.6428571428571429,-0.01854341527928227,0.1038961038961039,0.025974025974025976,0.7241379310344828,0.5903614457831325,12.987012987012985,28.749999999999996,0.0963855421686747,0.07792207792207792,0.19480519480519481,0.20481927710843373,8.75,3.75,22.5
1611661328,SEA,SEA,52,False,2026-08-04 16:04:29,2026-08-07 14:43:29,2.94375,2026-08-04,2026-08-06,1.0,33,,1.0,-6.0,79.0,81.0,19.0,23.0,13.0,160.0,17.0,29.0,2.0,4.0,4.0,7.0,9.0,22.0,3.0,6.0,1.0,3.0,0.0,1.0,0.0,0.0,6.0,19.0,0.0,1.0,3.0,4.0,29.0,57.0,7.0,22.0,7.0,86.0,92.0,5.0,9.0,0.0,2.0,1.0,11.0,7.0,13.0,3.0,4.0,3.0,26.0,32.0,26.0,21.0,0.0,4.0,19.0,6.0,3.0,0.0,16.0,7.0,23.0,6.0,1.0,7.0,6.0,3.0,53.0,5.0,8.0,1.0,10.0,14.0,0.0,24.0,14.0,38.0,3.0,7.0,6.0,1.0,7.0,3.0,6.0,3.0,0.0,1.0,0.0,0.0,10.0,2.0,2.0,10.0,19.0,0.0,1.0,0.0,13.0,0.0,0.0,0.0,11.0,3.0,0.0,7.0,0.0,0.0,3.0,0.0,0.0,1.0,0.0,0.0,2.0,3.0,2.0,75.0,26.0,19.0,2.0,0.0,0.0,0.0,0.0,79.0,0.0,1611661328,False,0.5067243565170549,79.0,0.30269856959027364,43.0,108.86075949367088,113.58024691358024,-4.719487419909356,79.0,86.0,92.0,79.0,36.0,0.5,0.512881679389313,1.0886075949367089,0.5087719298245614,0.3181818181818182,0.13924050632911392,0.27848101265822783,0.3670886075949367,0.27848101265822783,0.0759493670886076,0.35443037974683544,0.0379746835443038,0.24050632911392406,0.6455696202531646,0.13636363636363635,0.5862068965517241,-0.006724356517054941,0.12658227848101267,0.08860759493670886,0.6388888888888888,0.6162790697674418,17.72151898734177,29.629629629629626,0.12790697674418605,0.16455696202531644,0.24050632911392406,0.3023255813953488,8.641975308641975,3.7037037037037033,23.456790123456788
1611661328,SEA,SEA,54,False,2026-08-08 14:20:53,2026-08-09 14:22:34,1.0011689814814815,2026-08-08,2026-08-08,1.0,34,2400.0,1.0,-7.0,80.0,82.0,6.0,11.0,9.0,162.0,9.0,12.0,2.0,3.0,0.0,0.0,8.0,15.0,2.0,5.0,1.0,3.0,0.0,0.0,0.0,0.0,12.0,33.0,2.0,4.0,2.0,4.0,19.0,32.0,13.0,36.0,16.0,93.0,100.0,4.0,5.0,2.0,4.0,0.0,14.0,0.0,0.0,2.0,4.0,3.0,9.0,20.0,18.0,27.0,12.0,6.0,33.0,12.0,0.0,1.0,10.0,9.0,19.0,8.0,1.0,4.0,5.0,1.0,47.0,6.0,4.0,0.0,16.0,7.0,2.0,25.0,10.0,35.0,1.0,6.0,4.0,2.0,6.0,2.0,6.0,8.0,0.0,0.0,0.0,0.0,14.0,1.0,1.0,8.0,20.0,3.0,1.0,1.0,17.0,1.0,3.0,1.0,19.0,2.0,0.0,8.0,0.0,2.0,5.0,1.0,1.0,2.0,0.0,0.0,3.0,6.0,4.0,79.0,9.0,6.0,2.0,1.0,0.0,0.0,0.0,68.0,0.0,1611661328,False,0.49322127924603243,68.0,0.27745813994463236,36.0,116.25000000000001,121.95121951219512,-5.7012195121951095,80.0,93.0,100.0,68.0,32.0,0.5661764705882353,0.608957569408067,1.3676470588235294,0.59375,0.3611111111111111,0.27941176470588236,0.5294117647058824,0.17647058823529413,0.22058823529411764,0.07352941176470588,0.29411764705882354,0.04411764705882353,0.4852941176470588,0.7058823529411765,0.08333333333333333,0.75,0.07295519134220285,0.175,0.075,0.59375,0.5053763440860215,12.5,30.48780487804878,0.15053763440860216,0.1125,0.075,0.0967741935483871,7.317073170731707,7.317073170731707,24.390243902439025
1611661328,SEA,SEA,56,False,2026-08-10 14:48:26,2026-08-11 14:48:21,0.9999421296296296,2026-08-10,2026-08-10,1.0,35,2400.0,1.0,9.0,85.0,86.0,28.0,16.0,8.0,171.0,10.0,17.0,1.0,2.0,1.0,2.0,10.0,24.0,4.0,9.0,1.0,4.0,0.0,0.0,0.0,1.0,7.0,17.0,2.0,3.0,2.0,6.0,24.0,50.0,8.0,21.0,25.0,97.0,88.0,3.0,8.0,2.0,3.0,1.0,13.0,6.0,14.0,2.0,7.0,14.0,32.0,30.0,18.0,21.0,3.0,2.0,17.0,7.0,3.0,0.0,15.0,7.0,22.0,6.0,1.0,8.0,4.0,3.0,51.0,2.0,9.0,1.0,5.0,22.0,2.0,29.0,12.0,41.0,1.0,9.0,8.0,1.0,9.0,2.0,8.0,5.0,0.0,1.0,0.0,1.0,14.0,1.0,4.0,14.0,20.0,0.0,3.0,1.0,22.0,0.0,2.0,1.0,28.0,4.0,0.0,9.0,0.0,7.0,4.0,0.0,0.0,3.0,0.0,0.0,1.0,4.0,3.0,84.0,28.0,26.0,2.0,5.0,0.0,0.0,0.0,71.0,0.0,1611661328,False,0.4891385261114561,71.0,0.28186291917052275,39.0,114.11764705882352,102.32558139534885,11.792065663474673,85.0,97.0,88.0,71.0,32.0,0.5070422535211268,0.5820931349015843,1.3661971830985915,0.48,0.38095238095238093,0.39436619718309857,0.29577464788732394,0.23943661971830985,0.3380281690140845,0.1267605633802817,0.4647887323943662,0.056338028169014086,0.23943661971830985,0.5352112676056338,0.19047619047619047,0.5882352941176471,0.017903727409670667,0.16470588235294117,0.10588235294117647,0.6875,0.5257731958762887,14.117647058823529,33.72093023255814,0.13402061855670103,0.09411764705882353,0.32941176470588235,0.32989690721649484,10.465116279069768,4.651162790697675,23.25581395348837
1611661329,CHI,CHI,0,True,,2026-06-02 22:58:54,,,2026-06-01,8.0,8,4800.0,8.0,-28.0,652.0,661.0,173.0,192.0,80.0,1313.0,108.0,195.0,17.0,35.0,27.0,52.0,53.0,132.0,20.0,41.0,16.0,47.0,,3.0,2.0,11.0,31.0,143.0,2.0,7.0,8.0,46.0,181.0,368.0,47.0,190.0,159.0,662.0,690.0,27.0,54.0,2.0,10.0,15.0,75.0,45.0,88.0,10.0,57.0,60.0,180.0,226.0,136.0,123.0,18.0,30.0,143.0,31.0,37.0,8.0,113.0,41.0,154.0,25.0,16.0,68.0,33.0,12.0,349.0,25.0,60.0,5.0,92.0,125.0,11.0,228.0,90.0,318.0,17.0,51.0,38.0,13.0,55.0,7.0,39.0,41.0,8.0,16.0,,3.0,96.0,9.0,21.0,68.0,169.0,4.0,14.0,10.0,172.0,5.0,5.0,11.0,207.0,20.0,3.0,94.0,4.0,12.0,39.0,4.0,3.0,20.0,1.0,1.0,18.0,43.0,24.0,587.0,180.0,173.0,19.0,12.0,2.0,,1.0,558.0,,1611661329,False,0.520544973070018,558.0,0.2615384615384615,330.0,101.53374233128834,104.38729198184569,-2.8535496505573548,81.5,82.75,86.25,558.0,228.0,0.4507168458781362,0.5099525482220989,1.1863799283154122,0.49184782608695654,0.24736842105263157,0.3709677419354839,0.34050179211469533,0.34946236559139787,0.23655913978494625,0.07347670250896057,0.3100358422939068,0.08422939068100359,0.25627240143369173,0.6899641577060932,0.24736842105263157,0.5538461538461539,-0.0698281271918818,0.147239263803681,0.0843558282208589,0.6754385964912281,0.527190332326284,13.803680981595093,34.493192133131615,0.11329305135951662,0.12269938650306748,0.26533742331288346,0.2719033232628399,7.715582450832073,6.505295007564296,25.56732223903177
1611661329,CHI,CHI,1,False,2026-06-02 22:58:54,2026-06-03 21:18:01,0.9299421296296296,2026-06-02,2026-06-02,1.0,9,600.0,1.0,-18.0,81.0,82.0,17.0,27.0,5.0,163.0,8.0,13.0,0.0,3.0,1.0,1.0,12.0,28.0,2.0,7.0,2.0,6.0,,2.0,0.0,0.0,4.0,10.0,0.0,0.0,2.0,3.0,22.0,48.0,6.0,16.0,10.0,72.0,90.0,1.0,4.0,0.0,2.0,2.0,4.0,5.0,9.0,2.0,3.0,2.0,18.0,28.0,16.0,15.0,3.0,0.0,10.0,4.0,2.0,0.0,14.0,5.0,19.0,3.0,2.0,6.0,7.0,1.0,43.0,3.0,3.0,1.0,5.0,17.0,5.0,27.0,7.0,34.0,1.0,9.0,7.0,2.0,11.0,4.0,8.0,8.0,1.0,3.0,,0.0,19.0,0.0,4.0,16.0,22.0,0.0,0.0,1.0,16.0,0.0,0.0,1.0,16.0,1.0,1.0,7.0,0.0,1.0,10.0,0.0,0.0,4.0,0.0,0.0,6.0,10.0,4.0,68.0,18.0,17.0,2.0,0.0,0.0,,0.0,64.0,,1611661329,False,0.46118091523932847,64.0,0.17963002642668377,36.0,88.88888888888889,109.75609756097562,-20.867208672086733,81.0,72.0,90.0,64.0,28.0,0.484375,0.5067567567567567,1.125,0.4583333333333333,0.375,0.25,0.25,0.203125,0.4375,0.109375,0.546875,0.09375,0.15625,0.453125,0.375,0.6153846153846154,0.02319408476067153,0.2345679012345679,0.13580246913580246,0.6785714285714286,0.5972222222222222,8.641975308641975,32.926829268292686,0.05555555555555555,0.06172839506172839,0.20987654320987653,0.25,10.975609756097562,12.195121951219512,26.82926829268293
1611661329,CHI,CHI,4,False,2026-06-05 16:24:13,2026-06-06 15:03:59,0.9442824074074074,2026-06-05,2026-06-05,1.0,10,600.0,1.0,5.0,75.0,78.0,24.0,28.0,7.0,153.0,16.0,31.0,1.0,2.0,7.0,12.0,6.0,14.0,3.0,6.0,0.0,2.0,,1.0,0.0,0.0,6.0,14.0,1.0,1.0,2.0,4.0,25.0,51.0,6.0,16.0,17.0,85.0,80.0,2.0,5.0,1.0,2.0,3.0,10.0,11.0,17.0,2.0,4.0,8.0,36.0,32.0,18.0,15.0,3.0,0.0,14.0,6.0,7.0,0.0,16.0,5.0,21.0,5.0,0.0,11.0,4.0,1.0,47.0,2.0,7.0,1.0,8.0,15.0,1.0,24.0,10.0,34.0,3.0,9.0,9.0,0.0,6.0,2.0,5.0,6.0,2.0,1.0,0.0,0.0,12.0,1.0,2.0,8.0,22.0,0.0,2.0,2.0,21.0,0.0,1.0,1.0,22.0,5.0,1.0,10.0,0.0,3.0,7.0,0.0,0.0,5.0,0.0,0.0,2.0,7.0,4.0,75.0,36.0,24.0,3.0,2.0,1.0,,0.0,67.0,,1611661329,False,0.5280177805787231,67.0,0.2571134331594149,36.0,113.33333333333333,102.56410256410255,10.769230769230774,75.0,85.0,80.0,67.0,31.0,0.5074626865671642,0.5542514345331246,1.2686567164179106,0.49019607843137253,0.375,0.3283582089552239,0.23880597014925373,0.4626865671641791,0.208955223880597,0.08955223880597014,0.29850746268656714,0.029850746268656716,0.208955223880597,0.7014925373134329,0.125,0.5161290322580645,-0.02055509401155886,0.16,0.08,0.6774193548387096,0.5529411764705883,13.333333333333334,30.76923076923077,0.11764705882352941,0.09333333333333334,0.32,0.4235294117647059,11.538461538461538,8.974358974358974,28.205128205128204
1611661329,CHI,CHI,6,False,2026-06-07 15:16:47,2026-06-08 17:00:39,1.0721296296296297,2026-06-07,2026-06-07,1.0,11,600.0,1.0,-17.0,84.0,84.0,21.0,29.0,9.0,168.0,13.0,20.0,1.0,1.0,2.0,6.0,2.0,13.0,2.0,7.0,2.0,8.0,,0.0,0.0,1.0,4.0,17.0,0.0,1.0,1.0,5.0,17.0,40.0,6.0,25.0,16.0,68.0,85.0,1.0,4.0,0.0,1.0,5.0,7.0,3.0,10.0,1.0,6.0,6.0,15.0,20.0,14.0,15.0,3.0,2.0,17.0,4.0,4.0,0.0,10.0,5.0,15.0,3.0,2.0,9.0,1.0,0.0,35.0,4.0,5.0,1.0,12.0,18.0,5.0,35.0,10.0,45.0,1.0,4.0,3.0,1.0,7.0,5.0,5.0,9.0,0.0,2.0,1.0,0.0,16.0,0.0,4.0,11.0,24.0,0.0,0.0,3.0,22.0,0.0,1.0,2.0,26.0,2.0,0.0,13.0,0.0,1.0,4.0,1.0,1.0,3.0,0.0,0.0,1.0,5.0,1.0,61.0,15.0,21.0,4.0,1.0,0.0,,0.0,65.0,,1611661329,False,0.5101227462138809,65.0,0.21356055112400374,42.0,80.95238095238095,101.19047619047619,-20.23809523809524,84.0,68.0,85.0,65.0,23.0,0.4,0.44479330193615907,1.0461538461538462,0.425,0.24,0.4,0.38461538461538464,0.3076923076923077,0.2,0.1076923076923077,0.3076923076923077,0.12307692307692308,0.26153846153846155,0.6923076923076923,0.32,0.65,-0.11012274621388085,0.19047619047619047,0.08333333333333333,0.6521739130434783,0.5147058823529411,11.904761904761903,41.66666666666667,0.10294117647058823,0.10714285714285714,0.25,0.22058823529411764,4.761904761904762,5.952380952380952,28.57142857142857
1611661329,CHI,CHI,8,False,2026-06-09 16:24:19,2026-06-10 16:54:00,1.0206134259259259,2026-06-09,2026-06-09,1.0,12,1200.0,1.0,-7.0,76.0,77.0,4.0,18.0,4.0,153.0,8.0,17.0,0.0,2.0,0.0,0.0,6.0,17.0,2.0,4.0,2.0,3.0,,0.0,0.0,0.0,6.0,12.0,0.0,0.0,0.0,1.0,16.0,38.0,8.0,15.0,19.0,75.0,82.0,0.0,2.0,0.0,0.0,1.0,1.0,2.0,2.0,0.0,1.0,2.0,6.0,22.0,10.0,18.0,6.0,0.0,12.0,6.0,0.0,0.0,11.0,6.0,17.0,5.0,1.0,6.0,4.0,1.0,40.0,1.0,2.0,1.0,12.0,9.0,1.0,22.0,4.0,26.0,2.0,6.0,3.0,3.0,9.0,1.0,7.0,7.0,0.0,2.0,0.0,2.0,16.0,1.0,0.0,7.0,20.0,0.0,0.0,3.0,15.0,0.0,0.0,1.0,25.0,1.0,0.0,13.0,0.0,0.0,5.0,2.0,2.0,4.0,0.0,0.0,1.0,7.0,1.0,74.0,6.0,4.0,1.0,0.0,0.0,,0.0,53.0,,1611661329,False,0.497252512654251,53.0,0.11789677515453875,29.0,98.68421052631578,106.49350649350649,-7.809295967190707,76.0,75.0,82.0,53.0,24.0,0.5283018867924528,0.5859375,1.4150943396226414,0.42105263157894735,0.5333333333333333,0.4716981132075472,0.2830188679245283,0.32075471698113206,0.32075471698113206,0.07547169811320754,0.39622641509433965,0.05660377358490566,0.22641509433962265,0.6037735849056604,0.2,0.47058823529411764,0.031049374138201802,0.21052631578947367,0.11842105263157894,0.7083333333333334,0.5333333333333333,5.263157894736842,28.57142857142857,0.013333333333333334,0.05263157894736842,0.05263157894736842,0.08,7.792207792207792,9.090909090909092,25.97402597402597
1611661329,CHI,CHI,10,False,2026-06-11 17:31:15,2026-06-12 16:37:05,0.9623842592592593,2026-06-11,2026-06-11,1.0,13,900.0,1.0,-8.0,95.0,96.0,40.0,30.0,14.0,191.0,20.0,35.0,4.0,7.0,10.0,14.0,5.0,15.0,2.0,3.0,0.0,3.0,,1.0,0.0,2.0,7.0,21.0,1.0,4.0,4.0,9.0,27.0,53.0,7.0,24.0,31.0,106.0,114.0,4.0,9.0,1.0,5.0,4.0,15.0,13.0,19.0,4.0,11.0,19.0,57.0,30.0,24.0,21.0,0.0,4.0,21.0,7.0,6.0,0.0,15.0,7.0,22.0,7.0,0.0,12.0,2.0,1.0,51.0,7.0,9.0,0.0,10.0,14.0,0.0,24.0,16.0,40.0,1.0,6.0,6.0,0.0,8.0,3.0,7.0,9.0,0.0,1.0,0.0,2.0,17.0,1.0,5.0,9.0,25.0,0.0,2.0,2.0,27.0,0.0,0.0,3.0,38.0,3.0,2.0,16.0,1.0,2.0,6.0,1.0,0.0,6.0,1.0,0.0,0.0,7.0,5.0,91.0,57.0,40.0,3.0,2.0,1.0,,0.0,77.0,,1611661329,False,0.5613829756431097,77.0,0.37466599509983806,43.0,111.57894736842104,118.75,-7.171052631578959,95.0,106.0,114.0,77.0,34.0,0.487012987012987,0.5655142979086641,1.3766233766233766,0.5094339622641509,0.2916666666666667,0.4935064935064935,0.3116883116883117,0.45454545454545453,0.19480519480519481,0.03896103896103896,0.23376623376623376,0.03896103896103896,0.2727272727272727,0.7662337662337663,0.125,0.5714285714285714,-0.07436998863012267,0.17894736842105263,0.08421052631578947,0.6470588235294118,0.4811320754716981,16.842105263157894,25.0,0.14150943396226415,0.14736842105263157,0.42105263157894735,0.5377358490566038,6.25,7.291666666666667,26.041666666666668
1611661329,CHI,CHI,16,False,2026-06-17 16:50:06,2026-06-18 16:49:24,0.9995138888888889,2026-06-17,2026-06-17,1.0,14,600.0,1.0,-1.0,79.0,80.0,6.0,36.0,7.0,159.0,15.0,27.0,0.0,0.0,0.0,2.0,6.0,13.0,2.0,8.0,1.0,3.0,,0.0,0.0,0.0,11.0,20.0,2.0,5.0,1.0,1.0,23.0,48.0,12.0,23.0,13.0,95.0,96.0,1.0,3.0,2.0,5.0,0.0,8.0,0.0,5.0,1.0,1.0,2.0,5.0,26.0,20.0,30.0,6.0,2.0,20.0,11.0,5.0,0.0,13.0,10.0,23.0,9.0,1.0,9.0,2.0,2.0,56.0,4.0,5.0,0.0,10.0,12.0,1.0,23.0,9.0,32.0,1.0,10.0,5.0,5.0,7.0,2.0,5.0,4.0,0.0,2.0,0.0,1.0,11.0,1.0,0.0,6.0,22.0,0.0,1.0,0.0,12.0,0.0,1.0,0.0,15.0,1.0,0.0,8.0,0.0,0.0,4.0,0.0,0.0,4.0,0.0,0.0,0.0,4.0,2.0,87.0,5.0,6.0,6.0,0.0,0.0,,0.0,71.0,,1611661329,False,0.5311439928633906,71.0,0.2643000048797164,36.0,120.25316455696202,120.0,0.25316455696201956,79.0,95.0,96.0,71.0,35.0,0.5774647887323944,0.6121134020618557,1.3380281690140845,0.4791666666666667,0.5217391304347826,0.2112676056338028,0.323943661971831,0.38028169014084506,0.18309859154929578,0.11267605633802817,0.29577464788732394,0.04225352112676056,0.28169014084507044,0.704225352112676,0.13043478260869565,0.5555555555555556,0.04632079586900373,0.13924050632911392,0.08860759493670886,0.6571428571428571,0.5894736842105263,11.39240506329114,28.749999999999996,0.08421052631578947,0.08860759493670886,0.0759493670886076,0.05263157894736842,12.5,5.0,27.500000000000004
1611661329,CHI,CHI,19,False,2026-06-20 15:27:14,2026-06-21 15:43:44,1.0114583333333333,2026-06-20,2026-06-20,1.0,15,600.0,1.0,-1.0,82.0,84.0,21.0,28.0,10.0,166.0,20.0,29.0,4.0,7.0,4.0,6.0,5.0,14.0,1.0,4.0,2.0,6.0,,1.0,0.0,1.0,5.0,17.0,0.0,1.0,2.0,5.0,26.0,47.0,7.0,23.0,19.0,92.0,93.0,4.0,9.0,0.0,2.0,2.0,10.0,7.0,13.0,2.0,6.0,8.0,28.0,32.0,20.0,18.0,3.0,8.0,17.0,5.0,6.0,1.0,16.0,6.0,22.0,4.0,2.0,13.0,3.0,0.0,50.0,4.0,11.0,0.0,7.0,19.0,4.0,30.0,15.0,45.0,3.0,9.0,5.0,4.0,7.0,2.0,5.0,8.0,0.0,2.0,0.0,1.0,15.0,2.0,2.0,10.0,24.0,0.0,3.0,3.0,23.0,0.0,0.0,1.0,29.0,4.0,1.0,13.0,0.0,3.0,3.0,0.0,0.0,2.0,0.0,0.0,1.0,3.0,3.0,82.0,26.0,20.0,2.0,2.0,0.0,,0.0,70.0,,1611661329,False,0.5161619886919538,70.0,0.4085603801375027,37.0,112.19512195121952,110.71428571428572,1.480836236933797,82.0,92.0,93.0,70.0,33.0,0.5214285714285715,0.55582406959884,1.3142857142857143,0.5531914893617021,0.30434782608695654,0.4142857142857143,0.32857142857142857,0.4142857142857143,0.2,0.05714285714285714,0.2571428571428571,0.08571428571428572,0.24285714285714285,0.7428571428571429,0.2608695652173913,0.6896551724137931,0.00526658273661762,0.18292682926829268,0.08536585365853659,0.6666666666666666,0.5434782608695652,18.29268292682927,35.714285714285715,0.10869565217391304,0.12195121951219512,0.25609756097560976,0.30434782608695654,10.714285714285714,3.571428571428571,28.57142857142857
1611661329,CHI,CHI,20,False,2026-06-21 15:43:44,2026-06-23 16:17:53,2.023715277777778,2026-06-21,2026-06-22,1.0,16,600.0,1.0,-29.0,84.0,84.0,36.0,25.0,16.0,168.0,8.0,22.0,3.0,5.0,4.0,7.0,5.0,18.0,0.0,3.0,0.0,7.0,,3.0,0.0,1.0,4.0,23.0,1.0,5.0,2.0,12.0,13.0,43.0,4.0,30.0,25.0,63.0,92.0,4.0,6.0,1.0,8.0,1.0,12.0,5.0,15.0,2.0,13.0,11.0,27.0,12.0,14.0,12.0,0.0,6.0,23.0,4.0,8.0,1.0,6.0,4.0,10.0,4.0,0.0,4.0,2.0,0.0,24.0,7.0,10.0,0.0,5.0,15.0,2.0,22.0,17.0,39.0,3.0,6.0,5.0,1.0,10.0,2.0,8.0,4.0,0.0,2.0,0.0,1.0,14.0,2.0,7.0,11.0,21.0,0.0,2.0,0.0,29.0,0.0,3.0,5.0,32.0,3.0,1.0,11.0,0.0,6.0,2.0,0.0,0.0,1.0,0.0,0.0,1.0,2.0,1.0,51.0,27.0,36.0,4.0,6.0,0.0,,0.0,73.0,,1611661329,False,0.5222289774059475,73.0,0.3091979877366562,56.0,75.0,109.52380952380953,-34.52380952380953,84.0,63.0,92.0,73.0,17.0,0.2602739726027397,0.3617363344051447,0.863013698630137,0.3023255813953488,0.13333333333333333,0.4383561643835616,0.410958904109589,0.3013698630136986,0.2465753424657534,0.0410958904109589,0.2876712328767123,0.0958904109589041,0.3150684931506849,0.7123287671232876,0.23333333333333334,0.36363636363636365,-0.2619550048032078,0.16666666666666666,0.11904761904761904,0.5882352941176471,0.38095238095238093,20.238095238095237,26.190476190476193,0.19047619047619047,0.19047619047619047,0.42857142857142855,0.42857142857142855,7.142857142857142,2.380952380952381,25.0
1611661329,CHI,CHI,22,False,2026-06-24 16:05:29,2026-06-25 16:13:09,1.005324074074074,2026-06-24,2026-06-24,1.0,17,1200.0,1.0,23.0,79.0,78.0,22.0,27.0,12.0,157.0,23.0,33.0,3.0,5.0,4.0,5.0,4.0,12.0,3.0,5.0,2.0,4.0,,1.0,1.0,1.0,4.0,15.0,1.0,1.0,3.0,4.0,30.0,50.0,6.0,19.0,23.0,101.0,78.0,3.0,8.0,2.0,2.0,10.0,22.0,5.0,9.0,4.0,5.0,10.0,32.0,42.0,18.0,18.0,0.0,4.0,15.0,4.0,5.0,0.0,21.0,6.0,27.0,4.0,2.0,20.0,0.0,1.0,60.0,5.0,8.0,2.0,11.0,19.0,1.0,31.0,15.0,46.0,5.0,6.0,5.0,1.0,7.0,2.0,6.0,7.0,0.0,1.0,0.0,2.0,14.0,1.0,4.0,9.0,18.0,0.0,1.0,0.0,23.0,0.0,2.0,1.0,29.0,4.0,0.0,13.0,1.0,2.0,6.0,0.0,0.0,6.0,0.0,0.0,0.0,6.0,2.0,79.0,32.0,22.0,2.0,1.0,0.0,,0.0,69.0,,1611661329,False,0.5751816410776728,69.0,0.4048813204486538,33.0,127.84810126582278,100.0,27.848101265822777,79.0,101.0,78.0,69.0,36.0,0.5652173913043478,0.6176614481409002,1.463768115942029,0.6,0.3157894736842105,0.42028985507246375,0.2753623188405797,0.4782608695652174,0.17391304347826086,0.07246376811594203,0.2463768115942029,0.057971014492753624,0.21739130434782608,0.7536231884057971,0.21052631578947367,0.696969696969697,-0.009964249773324996,0.17721518987341772,0.08860759493670886,0.75,0.594059405940594,18.9873417721519,39.743589743589745,0.21782178217821782,0.1518987341772152,0.27848101265822783,0.31683168316831684,7.6923076923076925,7.6923076923076925,23.076923076923077
1611661329,CHI,CHI,24,False,2026-06-26 16:05:12,2026-06-27 15:06:40,0.9593518518518519,2026-06-26,2026-06-26,1.0,18,600.0,1.0,30.0,82.0,84.0,32.0,23.0,8.0,166.0,25.0,31.0,2.0,3.0,13.0,15.0,4.0,8.0,1.0,1.0,3.0,6.0,2.0,2.0,1.0,1.0,12.0,22.0,3.0,3.0,1.0,5.0,30.0,40.0,15.0,28.0,19.0,124.0,94.0,2.0,3.0,5.0,5.0,2.0,21.0,15.0,18.0,2.0,6.0,10.0,46.0,50.0,10.0,39.0,6.0,2.0,22.0,12.0,4.0,0.0,25.0,13.0,38.0,10.0,3.0,22.0,2.0,1.0,89.0,3.0,5.0,1.0,13.0,17.0,2.0,32.0,9.0,41.0,1.0,2.0,1.0,1.0,10.0,1.0,8.0,4.0,1.0,2.0,0.0,1.0,14.0,0.0,6.0,14.0,19.0,0.0,1.0,0.0,23.0,0.0,3.0,1.0,24.0,4.0,0.0,11.0,1.0,3.0,8.0,1.0,1.0,8.0,0.0,0.0,0.0,9.0,5.0,103.0,46.0,32.0,0.0,3.0,1.0,,1.0,68.0,,1611661329,False,0.5531900104869762,68.0,0.36161606751508407,23.0,151.21951219512195,111.90476190476191,39.31475029036004,82.0,124.0,94.0,68.0,45.0,0.7720588235294118,0.7892057026476578,1.8235294117647058,0.75,0.5357142857142857,0.35294117647058826,0.4117647058823529,0.45588235294117646,0.11764705882352941,0.014705882352941176,0.1323529411764706,0.08823529411764706,0.3235294117647059,0.8676470588235294,0.21428571428571427,0.8064516129032258,0.21886881304243555,0.17073170731707318,0.12195121951219512,0.8444444444444444,0.717741935483871,10.975609756097562,38.095238095238095,0.1693548387096774,0.0975609756097561,0.3902439024390244,0.3709677419354839,2.380952380952381,10.714285714285714,22.61904761904762
1611661329,CHI,CHI,26,False,2026-06-28 15:09:09,2026-06-29 16:48:32,1.0690162037037036,2026-06-28,2026-06-28,1.0,19,600.0,1.0,-8.0,85.0,86.0,24.0,41.0,13.0,171.0,24.0,42.0,7.0,10.0,6.0,10.0,4.0,9.0,0.0,5.0,0.0,3.0,0.0,0.0,0.0,1.0,9.0,21.0,0.0,2.0,3.0,6.0,28.0,56.0,9.0,24.0,16.0,99.0,107.0,7.0,12.0,0.0,2.0,4.0,18.0,6.0,12.0,3.0,7.0,5.0,26.0,42.0,14.0,18.0,9.0,6.0,21.0,9.0,4.0,0.0,21.0,6.0,27.0,6.0,0.0,18.0,3.0,0.0,60.0,2.0,14.0,1.0,10.0,14.0,1.0,25.0,17.0,42.0,3.0,8.0,5.0,3.0,9.0,2.0,7.0,2.0,0.0,2.0,0.0,0.0,11.0,1.0,3.0,15.0,26.0,0.0,0.0,0.0,21.0,0.0,3.0,1.0,25.0,4.0,0.0,11.0,1.0,2.0,1.0,0.0,0.0,1.0,0.0,0.0,0.0,1.0,1.0,81.0,26.0,24.0,5.0,2.0,0.0,,0.0,80.0,,1611661329,False,0.5676823641226335,80.0,0.37405032970080787,43.0,116.47058823529413,124.4186046511628,-7.948016415868665,85.0,99.0,107.0,80.0,37.0,0.51875,0.5439560439560439,1.2375,0.5,0.375,0.3125,0.3,0.525,0.1125,0.0625,0.175,0.0375,0.2625,0.825,0.125,0.5714285714285714,-0.048932364122633465,0.12941176470588237,0.10588235294117647,0.7297297297297297,0.6060606060606061,20.0,29.069767441860467,0.18181818181818182,0.15294117647058825,0.2823529411764706,0.26262626262626265,9.30232558139535,1.1627906976744187,30.23255813953488
1611661329,CHI,CHI,28,False,2026-07-04 14:56:19,2026-07-05 15:04:24,1.005613425925926,2026-07-04,2026-07-04,1.0,20,900.0,1.0,-8.0,90.0,91.0,23.0,40.0,10.0,181.0,18.0,27.0,1.0,3.0,6.0,10.0,3.0,14.0,0.0,4.0,3.0,9.0,0.0,1.0,1.0,3.0,4.0,11.0,0.0,0.0,1.0,3.0,21.0,45.0,7.0,20.0,27.0,90.0,98.0,1.0,3.0,0.0,1.0,7.0,9.0,6.0,10.0,2.0,6.0,8.0,26.0,26.0,16.0,21.0,0.0,0.0,11.0,4.0,6.0,0.0,13.0,7.0,20.0,4.0,3.0,12.0,1.0,0.0,47.0,3.0,7.0,0.0,12.0,13.0,3.0,28.0,10.0,38.0,3.0,8.0,6.0,2.0,10.0,3.0,9.0,8.0,0.0,1.0,0.0,0.0,18.0,1.0,4.0,9.0,29.0,0.0,3.0,3.0,19.0,0.0,0.0,1.0,31.0,2.0,1.0,13.0,0.0,3.0,4.0,0.0,0.0,1.0,0.0,0.0,3.0,4.0,3.0,81.0,26.0,23.0,5.0,3.0,0.0,,0.0,65.0,,1611661329,False,0.5044174332111687,65.0,0.27002924014818375,37.0,100.0,107.6923076923077,-7.692307692307693,90.0,90.0,98.0,65.0,28.0,0.4846153846153846,0.5722278738555443,1.3846153846153846,0.4666666666666667,0.35,0.47692307692307695,0.3076923076923077,0.4153846153846154,0.2153846153846154,0.06153846153846154,0.27692307692307694,0.13846153846153847,0.16923076923076924,0.7230769230769231,0.45,0.6666666666666666,-0.019802048595784105,0.2,0.1111111111111111,0.7142857142857143,0.5222222222222223,11.11111111111111,30.76923076923077,0.1,0.1111111111111111,0.25555555555555554,0.28888888888888886,8.791208791208792,4.395604395604396,31.868131868131865
1611661329,CHI,CHI,31,False,2026-07-07 16:15:04,2026-07-08 15:56:18,0.9869675925925926,2026-07-07,2026-07-07,1.0,21,600.0,1.0,11.0,79.0,79.0,23.0,38.0,11.0,158.0,12.0,21.0,0.0,2.0,2.0,4.0,3.0,11.0,0.0,3.0,2.0,6.0,0.0,1.0,1.0,2.0,9.0,21.0,1.0,2.0,1.0,5.0,15.0,35.0,11.0,27.0,14.0,77.0,66.0,2.0,5.0,1.0,3.0,1.0,8.0,2.0,6.0,2.0,7.0,3.0,13.0,26.0,4.0,24.0,9.0,0.0,21.0,9.0,3.0,0.0,13.0,8.0,21.0,6.0,2.0,10.0,3.0,0.0,50.0,5.0,6.0,0.0,14.0,13.0,3.0,30.0,11.0,41.0,1.0,11.0,7.0,4.0,11.0,3.0,8.0,8.0,1.0,3.0,0.0,1.0,19.0,2.0,9.0,8.0,22.0,0.0,1.0,1.0,19.0,0.0,2.0,3.0,20.0,1.0,1.0,8.0,0.0,2.0,5.0,0.0,0.0,5.0,0.0,0.0,0.0,5.0,3.0,69.0,13.0,23.0,4.0,2.0,0.0,,0.0,62.0,,1611661329,False,0.5329665780902063,62.0,0.31401575199552906,36.0,97.46835443037975,83.54430379746836,13.924050632911388,79.0,77.0,66.0,62.0,26.0,0.5080645161290323,0.5437853107344633,1.2419354838709677,0.42857142857142855,0.4074074074074074,0.3225806451612903,0.43548387096774194,0.3387096774193548,0.1774193548387097,0.04838709677419355,0.22580645161290322,0.0967741935483871,0.3387096774193548,0.7741935483870968,0.2222222222222222,0.5714285714285714,-0.02490206196117406,0.24050632911392406,0.13924050632911392,0.8076923076923077,0.6493506493506493,13.924050632911392,37.9746835443038,0.1038961038961039,0.13924050632911392,0.2911392405063291,0.16883116883116883,13.924050632911392,6.329113924050633,27.848101265822784
1611661329,CHI,CHI,34,False,2026-07-10 16:11:44,2026-07-11 14:43:06,0.9384490740740741,2026-07-10,2026-07-10,1.0,22,600.0,1.0,-15.0,86.0,87.0,25.0,24.0,7.0,173.0,18.0,28.0,1.0,3.0,3.0,4.0,7.0,12.0,0.0,6.0,2.0,4.0,0.0,0.0,1.0,1.0,4.0,21.0,1.0,3.0,2.0,8.0,25.0,46.0,6.0,25.0,19.0,87.0,102.0,2.0,6.0,1.0,3.0,0.0,7.0,6.0,9.0,3.0,9.0,7.0,28.0,32.0,18.0,15.0,3.0,2.0,21.0,4.0,3.0,1.0,16.0,5.0,21.0,3.0,2.0,10.0,6.0,0.0,47.0,2.0,8.0,0.0,12.0,17.0,3.0,32.0,10.0,42.0,1.0,5.0,3.0,2.0,11.0,2.0,6.0,4.0,1.0,5.0,0.0,0.0,15.0,0.0,5.0,10.0,20.0,0.0,0.0,1.0,20.0,0.0,5.0,1.0,22.0,4.0,0.0,10.0,0.0,3.0,3.0,0.0,0.0,1.0,0.0,0.0,2.0,3.0,2.0,80.0,28.0,25.0,0.0,3.0,0.0,,0.0,71.0,,1611661329,False,0.5366512373648684,71.0,0.24936464674804312,40.0,101.16279069767442,117.24137931034481,-16.078588612670387,86.0,87.0,102.0,71.0,31.0,0.4788732394366197,0.539167079821517,1.2253521126760563,0.5434782608695652,0.24,0.30985915492957744,0.352112676056338,0.39436619718309857,0.16901408450704225,0.08450704225352113,0.2535211267605634,0.056338028169014086,0.29577464788732394,0.7464788732394366,0.16,0.6428571428571429,-0.057777997928248725,0.1744186046511628,0.12790697674418605,0.6774193548387096,0.5402298850574713,11.627906976744185,36.7816091954023,0.08045977011494253,0.08139534883720931,0.29069767441860467,0.3218390804597701,5.747126436781609,3.4482758620689653,22.988505747126435
1611661329,CHI,CHI,36,False,2026-07-12 14:45:23,2026-07-13 16:18:46,1.064849537037037,2026-07-12,2026-07-12,1.0,23,600.0,1.0,-5.0,77.0,77.0,11.0,10.0,9.0,154.0,19.0,29.0,2.0,2.0,2.0,3.0,9.0,21.0,1.0,3.0,1.0,2.0,1.0,1.0,0.0,0.0,6.0,20.0,0.0,4.0,1.0,1.0,29.0,53.0,7.0,22.0,12.0,91.0,96.0,2.0,3.0,1.0,5.0,2.0,9.0,2.0,5.0,1.0,1.0,6.0,13.0,24.0,34.0,12.0,9.0,4.0,20.0,6.0,3.0,0.0,12.0,4.0,16.0,4.0,0.0,9.0,3.0,0.0,36.0,2.0,7.0,0.0,11.0,17.0,3.0,31.0,9.0,40.0,3.0,3.0,3.0,0.0,4.0,1.0,3.0,3.0,0.0,1.0,0.0,0.0,7.0,0.0,3.0,10.0,16.0,0.0,2.0,1.0,13.0,0.0,1.0,0.0,13.0,5.0,0.0,8.0,0.0,1.0,1.0,0.0,0.0,1.0,0.0,0.0,0.0,1.0,1.0,82.0,13.0,11.0,1.0,1.0,0.0,,0.0,75.0,,1611661329,False,0.5094008818322981,75.0,0.22984126456183582,39.0,118.18181818181819,124.67532467532467,-6.493506493506487,77.0,91.0,96.0,75.0,36.0,0.5266666666666666,0.5636769078295342,1.2133333333333334,0.5471698113207547,0.3181818181818182,0.17333333333333334,0.29333333333333333,0.38666666666666666,0.28,0.04,0.32,0.02666666666666667,0.26666666666666666,0.68,0.09090909090909091,0.6551724137931034,0.01726578483436847,0.09090909090909091,0.05194805194805195,0.4444444444444444,0.3956043956043956,11.688311688311687,40.25974025974026,0.0989010989010989,0.11688311688311688,0.14285714285714285,0.14285714285714285,3.896103896103896,1.2987012987012987,20.77922077922078
1611661329,CHI,CHI,39,False,2026-07-15 15:15:46,2026-07-16 15:23:36,1.005439814814815,2026-07-15,2026-07-15,1.0,24,600.0,1.0,5.0,84.0,85.0,14.0,8.0,9.0,169.0,22.0,31.0,2.0,2.0,6.0,7.0,0.0,5.0,2.0,6.0,4.0,11.0,1.0,2.0,0.0,0.0,7.0,21.0,1.0,4.0,0.0,3.0,24.0,42.0,11.0,32.0,14.0,95.0,90.0,2.0,2.0,2.0,6.0,1.0,11.0,6.0,7.0,0.0,3.0,6.0,18.0,34.0,14.0,30.0,3.0,0.0,21.0,7.0,3.0,1.0,17.0,10.0,27.0,6.0,4.0,16.0,0.0,1.0,64.0,4.0,4.0,1.0,12.0,11.0,2.0,25.0,9.0,34.0,1.0,11.0,9.0,2.0,10.0,0.0,4.0,4.0,1.0,6.0,0.0,0.0,14.0,0.0,1.0,13.0,16.0,0.0,1.0,1.0,17.0,0.0,2.0,0.0,19.0,6.0,0.0,11.0,0.0,1.0,3.0,1.0,0.0,0.0,1.0,1.0,2.0,4.0,1.0,84.0,16.0,13.0,0.0,0.0,0.0,,0.0,74.0,,1611661329,False,0.5560849179794761,74.0,0.21828451446772115,39.0,113.09523809523809,105.88235294117648,7.21288515406161,84.0,95.0,90.0,74.0,35.0,0.5472972972972973,0.5767362797474502,1.2837837837837838,0.5714285714285714,0.34375,0.25675675675675674,0.43243243243243246,0.4189189189189189,0.06756756756756757,0.08108108108108109,0.14864864864864866,0.14864864864864866,0.28378378378378377,0.8513513513513513,0.34375,0.7096774193548387,-0.008787620682178865,0.16666666666666666,0.11904761904761904,0.7714285714285715,0.6736842105263158,10.714285714285714,29.411764705882355,0.11578947368421053,0.10714285714285714,0.16666666666666666,0.18947368421052632,12.941176470588237,4.705882352941177,18.823529411764707
1611661329,CHI,CHI,40,False,2026-07-16 15:23:36,2026-07-18 14:42:59,1.9717939814814816,2026-07-16,2026-07-17,1.0,25,600.0,1.0,14.0,84.0,86.0,24.0,34.0,9.0,170.0,18.0,32.0,2.0,6.0,6.0,14.0,4.0,7.0,4.0,9.0,2.0,6.0,1.0,1.0,0.0,0.0,9.0,26.0,0.0,3.0,3.0,8.0,26.0,48.0,11.0,32.0,11.0,96.0,82.0,2.0,8.0,1.0,4.0,0.0,7.0,9.0,19.0,3.0,8.0,3.0,30.0,38.0,14.0,24.0,9.0,4.0,26.0,9.0,5.0,0.0,19.0,8.0,27.0,6.0,2.0,15.0,1.0,3.0,62.0,5.0,6.0,1.0,13.0,13.0,3.0,29.0,12.0,41.0,1.0,5.0,4.0,1.0,4.0,1.0,4.0,5.0,1.0,0.0,0.0,1.0,9.0,0.0,2.0,9.0,22.0,0.0,2.0,1.0,17.0,0.0,3.0,3.0,16.0,2.0,0.0,8.0,0.0,1.0,2.0,1.0,1.0,2.0,0.0,0.0,0.0,3.0,2.0,89.0,30.0,24.0,3.0,1.0,0.0,,0.0,80.0,,1611661329,False,0.5537726492650776,80.0,0.26196365933136023,43.0,114.28571428571428,95.34883720930233,18.936877076411946,84.0,96.0,82.0,80.0,37.0,0.53125,0.551470588235294,1.2,0.5416666666666666,0.34375,0.2,0.4,0.4,0.0875,0.1125,0.2,0.075,0.325,0.8,0.1875,0.5625,-0.022522649265077632,0.10714285714285714,0.047619047619047616,0.7297297297297297,0.6458333333333334,14.285714285714285,33.72093023255814,0.07291666666666667,0.10714285714285714,0.2857142857142857,0.3125,5.813953488372093,3.488372093023256,25.581395348837212
1611661329,CHI,CHI,42,False,2026-07-19 14:45:02,2026-07-20 15:42:54,1.040185185185185,2026-07-19,2026-07-19,1.0,26,600.0,1.0,-2.0,79.0,80.0,19.0,26.0,6.0,159.0,28.0,42.0,2.0,2.0,6.0,11.0,1.0,3.0,0.0,1.0,2.0,5.0,1.0,1.0,0.0,0.0,4.0,16.0,1.0,3.0,2.0,5.0,29.0,46.0,6.0,21.0,15.0,91.0,93.0,2.0,2.0,2.0,4.0,1.0,11.0,6.0,11.0,2.0,5.0,6.0,24.0,28.0,30.0,12.0,6.0,0.0,16.0,4.0,5.0,0.0,14.0,4.0,18.0,2.0,2.0,14.0,0.0,0.0,40.0,1.0,4.0,2.0,11.0,13.0,1.0,25.0,7.0,32.0,1.0,9.0,7.0,2.0,5.0,4.0,4.0,6.0,1.0,1.0,0.0,0.0,11.0,0.0,2.0,10.0,20.0,0.0,2.0,1.0,19.0,0.0,3.0,0.0,21.0,4.0,1.0,9.0,0.0,3.0,4.0,0.0,0.0,4.0,0.0,0.0,0.0,4.0,2.0,80.0,24.0,19.0,1.0,2.0,1.0,,0.0,67.0,,1611661329,False,0.5667610107386295,67.0,0.1539477692348985,32.0,115.18987341772151,116.25000000000001,-1.0601265822784995,79.0,91.0,93.0,67.0,35.0,0.5671641791044776,0.5967995802728228,1.3582089552238805,0.6304347826086957,0.2857142857142857,0.31343283582089554,0.31343283582089554,0.6268656716417911,0.04477611940298507,0.014925373134328358,0.05970149253731343,0.07462686567164178,0.23880597014925373,0.9402985074626866,0.23809523809523808,0.6666666666666666,0.00040316836584808335,0.13924050632911392,0.06329113924050633,0.5142857142857142,0.43956043956043955,8.860759493670885,31.25,0.12087912087912088,0.0759493670886076,0.24050632911392406,0.26373626373626374,11.25,5.0,25.0
1611661329,CHI,CHI,44,False,2026-07-21 15:27:31,2026-07-23 15:46:30,2.0131828703703705,2026-07-21,2026-07-22,1.0,27,600.0,1.0,-1.0,82.0,83.0,16.0,17.0,7.0,165.0,11.0,16.0,1.0,2.0,2.0,2.0,11.0,24.0,5.0,10.0,1.0,4.0,1.0,1.0,0.0,2.0,6.0,17.0,1.0,3.0,0.0,2.0,27.0,50.0,7.0,21.0,19.0,94.0,95.0,2.0,3.0,2.0,4.0,0.0,10.0,3.0,7.0,0.0,4.0,3.0,9.0,44.0,10.0,15.0,6.0,0.0,17.0,6.0,6.0,0.0,22.0,5.0,27.0,4.0,1.0,10.0,10.0,2.0,59.0,2.0,5.0,0.0,12.0,17.0,1.0,30.0,7.0,37.0,1.0,8.0,7.0,1.0,1.0,4.0,1.0,9.0,2.0,0.0,0.0,0.0,10.0,0.0,4.0,14.0,20.0,0.0,1.0,1.0,16.0,0.0,1.0,2.0,21.0,0.0,1.0,6.0,1.0,2.0,5.0,1.0,1.0,3.0,0.0,0.0,2.0,6.0,3.0,84.0,8.0,15.0,1.0,1.0,0.0,,0.0,71.0,,1611661329,False,0.4939647919279795,71.0,0.195074680519635,37.0,114.6341463414634,114.45783132530121,0.17631501616219225,82.0,94.0,95.0,71.0,34.0,0.528169014084507,0.5857427716849452,1.323943661971831,0.54,0.3333333333333333,0.29577464788732394,0.29577464788732394,0.22535211267605634,0.3380281690140845,0.14084507042253522,0.4788732394366197,0.056338028169014086,0.23943661971830985,0.5211267605633803,0.19047619047619047,0.6875,0.03420422215652752,0.12195121951219512,0.012195121951219513,0.7941176470588235,0.6276595744680851,8.536585365853659,36.144578313253014,0.10638297872340426,0.08536585365853659,0.1951219512195122,0.09574468085106383,9.63855421686747,7.228915662650602,24.096385542168676
1611661329,CHI,CHI,47,False,2026-07-30 15:44:56,2026-07-31 15:52:06,1.0049768518518518,2026-07-30,2026-07-30,1.0,28,600.0,1.0,6.0,83.0,86.0,28.0,31.0,8.0,169.0,24.0,37.0,1.0,2.0,5.0,8.0,0.0,2.0,1.0,6.0,1.0,5.0,0.0,1.0,0.0,4.0,6.0,17.0,2.0,2.0,1.0,4.0,25.0,45.0,7.0,22.0,23.0,94.0,88.0,1.0,4.0,2.0,3.0,0.0,8.0,6.0,13.0,1.0,8.0,16.0,31.0,30.0,20.0,18.0,3.0,2.0,17.0,6.0,6.0,0.0,15.0,6.0,21.0,5.0,1.0,15.0,0.0,0.0,48.0,3.0,5.0,0.0,11.0,15.0,1.0,27.0,8.0,35.0,3.0,10.0,7.0,3.0,10.0,2.0,7.0,4.0,1.0,3.0,0.0,0.0,14.0,2.0,5.0,8.0,17.0,0.0,0.0,0.0,26.0,0.0,3.0,2.0,26.0,4.0,0.0,8.0,0.0,7.0,4.0,0.0,0.0,3.0,0.0,0.0,1.0,4.0,3.0,86.0,29.0,27.0,3.0,6.0,0.0,,0.0,67.0,,1611661329,False,0.5859449054918456,67.0,0.23561578068073946,35.0,113.25301204819279,102.32558139534885,10.927430652843938,83.0,94.0,88.0,67.0,32.0,0.5298507462686567,0.5991840897501275,1.4029850746268657,0.5555555555555556,0.3181818181818182,0.3880597014925373,0.3283582089552239,0.5522388059701493,0.029850746268656716,0.08955223880597014,0.11940298507462686,0.07462686567164178,0.2537313432835821,0.8805970149253731,0.22727272727272727,0.6486486486486487,-0.056094159223188944,0.1686746987951807,0.12048192771084337,0.65625,0.5106382978723404,9.63855421686747,31.3953488372093,0.0851063829787234,0.0963855421686747,0.3373493975903614,0.32978723404255317,11.627906976744185,4.651162790697675,19.767441860465116
1611661329,CHI,CHI,49,False,2026-08-01 14:50:36,2026-08-02 14:53:00,1.0016666666666667,2026-08-01,2026-08-01,1.0,29,1200.0,1.0,1.0,85.0,84.0,21.0,19.0,13.0,169.0,11.0,30.0,3.0,6.0,3.0,5.0,7.0,16.0,5.0,11.0,2.0,5.0,0.0,1.0,0.0,1.0,6.0,15.0,2.0,3.0,3.0,6.0,23.0,57.0,8.0,20.0,14.0,84.0,83.0,4.0,10.0,2.0,4.0,2.0,16.0,7.0,13.0,3.0,7.0,2.0,25.0,26.0,20.0,18.0,6.0,4.0,15.0,6.0,8.0,0.0,13.0,6.0,19.0,5.0,1.0,4.0,5.0,4.0,44.0,4.0,11.0,1.0,7.0,19.0,0.0,26.0,16.0,42.0,1.0,9.0,9.0,0.0,5.0,1.0,3.0,9.0,1.0,2.0,0.0,1.0,14.0,1.0,3.0,9.0,20.0,1.0,0.0,3.0,19.0,0.0,2.0,4.0,22.0,2.0,0.0,12.0,0.0,0.0,3.0,1.0,1.0,0.0,0.0,0.0,3.0,4.0,1.0,68.0,25.0,21.0,1.0,0.0,0.0,,0.0,77.0,0.0,1611661329,False,0.5291039868426911,77.0,0.3271772196474573,46.0,98.82352941176471,98.80952380952381,0.014005602240899861,85.0,84.0,83.0,77.0,31.0,0.45454545454545453,0.48454083987078905,1.0909090909090908,0.40350877192982454,0.4,0.2857142857142857,0.2597402597402597,0.38961038961038963,0.2077922077922078,0.14285714285714285,0.35064935064935066,0.06493506493506493,0.19480519480519481,0.6493506493506493,0.25,0.36666666666666664,-0.07455853229723658,0.16470588235294117,0.058823529411764705,0.6129032258064516,0.5238095238095238,18.823529411764707,30.952380952380953,0.19047619047619047,0.15294117647058825,0.24705882352941178,0.2976190476190476,10.714285714285714,4.761904761904762,23.809523809523807
1611661329,CHI,CHI,51,False,2026-08-03 16:13:19,2026-08-04 16:04:29,0.9938657407407407,2026-08-03,2026-08-03,1.0,30,600.0,1.0,-5.0,84.0,85.0,19.0,32.0,11.0,169.0,23.0,34.0,4.0,7.0,2.0,4.0,1.0,10.0,3.0,6.0,0.0,3.0,0.0,1.0,0.0,0.0,10.0,23.0,1.0,1.0,1.0,4.0,27.0,50.0,10.0,26.0,17.0,101.0,106.0,4.0,7.0,1.0,2.0,1.0,12.0,4.0,9.0,1.0,4.0,6.0,17.0,40.0,14.0,27.0,3.0,4.0,23.0,10.0,5.0,0.0,20.0,9.0,29.0,9.0,0.0,18.0,1.0,1.0,67.0,5.0,5.0,1.0,11.0,13.0,4.0,28.0,11.0,39.0,2.0,5.0,4.0,1.0,5.0,1.0,4.0,3.0,0.0,1.0,0.0,1.0,8.0,1.0,3.0,18.0,26.0,0.0,2.0,0.0,21.0,0.0,1.0,1.0,25.0,3.0,0.0,11.0,0.0,3.0,1.0,0.0,0.0,0.0,0.0,0.0,1.0,1.0,1.0,89.0,17.0,19.0,3.0,3.0,0.0,,0.0,76.0,0.0,1611661329,False,0.5531101007481155,76.0,0.26321217864513397,39.0,120.23809523809523,124.70588235294117,-4.467787114845947,84.0,101.0,106.0,76.0,37.0,0.5526315789473685,0.5804597701149425,1.3289473684210527,0.54,0.38461538461538464,0.32894736842105265,0.34210526315789475,0.4473684210526316,0.13157894736842105,0.07894736842105263,0.21052631578947367,0.039473684210526314,0.3026315789473684,0.7894736842105263,0.11538461538461539,0.6764705882352942,-0.00047852180074703377,0.09523809523809523,0.05952380952380952,0.7837837837837838,0.6633663366336634,13.095238095238097,32.94117647058823,0.1188118811881188,0.13095238095238096,0.2261904761904762,0.16831683168316833,5.88235294117647,1.1764705882352942,30.58823529411765
1611661329,CHI,CHI,53,False,2026-08-05 15:53:24,2026-08-07 14:43:29,1.9514467592592593,2026-08-05,2026-08-06,1.0,31,,1.0,7.0,81.0,83.0,10.0,18.0,4.0,164.0,18.0,25.0,1.0,2.0,1.0,2.0,3.0,11.0,5.0,10.0,2.0,3.0,0.0,0.0,0.0,0.0,7.0,17.0,0.0,0.0,1.0,2.0,26.0,46.0,9.0,20.0,16.0,95.0,88.0,2.0,4.0,0.0,0.0,2.0,6.0,2.0,3.0,1.0,2.0,4.0,11.0,40.0,12.0,24.0,3.0,2.0,17.0,7.0,5.0,0.0,20.0,8.0,28.0,6.0,2.0,12.0,3.0,5.0,64.0,1.0,4.0,1.0,10.0,15.0,2.0,27.0,6.0,33.0,0.0,7.0,5.0,2.0,6.0,3.0,5.0,6.0,0.0,1.0,0.0,0.0,12.0,0.0,3.0,9.0,18.0,0.0,0.0,3.0,19.0,0.0,1.0,3.0,19.0,3.0,0.0,11.0,0.0,0.0,5.0,1.0,1.0,3.0,0.0,1.0,1.0,6.0,4.0,89.0,11.0,10.0,3.0,0.0,0.0,,0.0,66.0,0.0,1611661329,False,0.5346027703120316,66.0,0.15924275048799488,31.0,117.28395061728396,106.02409638554218,11.259854231741784,81.0,95.0,88.0,66.0,35.0,0.5984848484848485,0.6387842926304464,1.4393939393939394,0.5652173913043478,0.45,0.2878787878787879,0.30303030303030304,0.3787878787878788,0.16666666666666666,0.15151515151515152,0.3181818181818182,0.045454545454545456,0.25757575757575757,0.6818181818181818,0.15,0.72,0.06388207817281688,0.14814814814814814,0.07407407407407407,0.8,0.6736842105263158,7.4074074074074066,32.53012048192771,0.06315789473684211,0.04938271604938271,0.12345679012345678,0.11578947368421053,8.433734939759036,7.228915662650602,21.686746987951807
1611661329,CHI,CHI,55,False,2026-08-08 14:20:53,2026-08-09 14:22:34,1.0011689814814815,2026-08-08,2026-08-08,1.0,32,2400.0,1.0,-4.0,78.0,81.0,17.0,30.0,8.0,159.0,14.0,30.0,2.0,3.0,4.0,5.0,6.0,12.0,2.0,4.0,5.0,9.0,1.0,2.0,1.0,2.0,4.0,13.0,0.0,2.0,1.0,3.0,22.0,46.0,9.0,22.0,15.0,86.0,90.0,2.0,3.0,1.0,4.0,2.0,9.0,5.0,7.0,2.0,5.0,5.0,21.0,32.0,12.0,27.0,0.0,4.0,13.0,4.0,7.0,0.0,16.0,9.0,25.0,4.0,5.0,10.0,4.0,2.0,59.0,1.0,7.0,2.0,11.0,12.0,1.0,24.0,10.0,34.0,1.0,10.0,9.0,1.0,8.0,1.0,6.0,5.0,0.0,2.0,0.0,1.0,13.0,1.0,4.0,4.0,22.0,0.0,1.0,2.0,18.0,0.0,1.0,0.0,20.0,2.0,2.0,8.0,0.0,2.0,2.0,0.0,0.0,1.0,0.0,0.0,1.0,2.0,1.0,77.0,21.0,17.0,4.0,2.0,0.0,,0.0,68.0,0.0,1611661329,False,0.536226554992799,68.0,0.2226129948902246,37.0,110.25641025641026,111.11111111111111,-0.8547008547008517,78.0,86.0,90.0,68.0,31.0,0.5220588235294118,0.5598958333333334,1.2647058823529411,0.4782608695652174,0.4090909090909091,0.29411764705882354,0.3235294117647059,0.4411764705882353,0.17647058823529413,0.058823529411764705,0.23529411764705882,0.1323529411764706,0.19117647058823528,0.7647058823529411,0.4090909090909091,0.4666666666666667,-0.014167731463387234,0.16666666666666666,0.10256410256410256,0.8064516129032258,0.686046511627907,12.82051282051282,29.629629629629626,0.10465116279069768,0.10256410256410256,0.21794871794871795,0.2441860465116279,12.345679012345679,2.4691358024691357,27.160493827160494
1611661329,CHI,CHI,57,False,2026-08-10 14:48:26,2026-08-11 14:48:21,0.9999421296296296,2026-08-10,2026-08-10,1.0,33,2400.0,1.0,-9.0,86.0,85.0,16.0,28.0,13.0,171.0,17.0,27.0,4.0,8.0,1.0,2.0,7.0,21.0,0.0,4.0,1.0,4.0,0.0,1.0,0.0,0.0,5.0,16.0,1.0,1.0,2.0,6.0,24.0,52.0,6.0,20.0,22.0,88.0,97.0,5.0,9.0,1.0,2.0,3.0,16.0,2.0,8.0,2.0,6.0,9.0,19.0,24.0,24.0,18.0,0.0,8.0,16.0,5.0,4.0,0.0,12.0,6.0,18.0,5.0,1.0,8.0,4.0,0.0,42.0,9.0,6.0,0.0,11.0,17.0,0.0,28.0,15.0,43.0,3.0,9.0,8.0,1.0,9.0,4.0,8.0,6.0,0.0,1.0,1.0,0.0,15.0,1.0,0.0,8.0,22.0,0.0,2.0,1.0,20.0,0.0,3.0,1.0,28.0,4.0,0.0,14.0,0.0,2.0,3.0,0.0,0.0,1.0,0.0,0.0,2.0,3.0,3.0,72.0,19.0,16.0,5.0,2.0,0.0,,0.0,72.0,0.0,1611661329,False,0.5039285412386,72.0,0.3588053354207586,42.0,102.32558139534885,114.11764705882352,-11.792065663474673,86.0,88.0,97.0,72.0,30.0,0.4583333333333333,0.5218216318785579,1.2222222222222223,0.46153846153846156,0.3,0.3888888888888889,0.2777777777777778,0.375,0.2916666666666667,0.05555555555555555,0.3472222222222222,0.05555555555555555,0.2222222222222222,0.6527777777777778,0.2,0.6296296296296297,-0.045595207905266666,0.1744186046511628,0.10465116279069768,0.6,0.4772727272727273,17.441860465116278,32.94117647058823,0.18181818181818182,0.1511627906976744,0.18604651162790697,0.2159090909090909,10.588235294117647,3.5294117647058822,25.882352941176475
1611661330,ATL,ATL,0,True,,2026-06-02 22:58:54,,,2026-06-01,7.0,7,4800.0,7.0,29.0,550.0,554.0,143.0,70.0,85.0,1104.0,117.0,196.0,22.0,36.0,32.0,55.0,29.0,79.0,3.0,16.0,7.0,30.0,1.0,3.0,4.0,10.0,51.0,157.0,5.0,20.0,14.0,36.0,149.0,291.0,58.0,187.0,115.0,587.0,558.0,25.0,48.0,6.0,23.0,27.0,95.0,42.0,83.0,18.0,46.0,34.0,172.0,168.0,130.0,165.0,9.0,32.0,157.0,51.0,36.0,3.0,84.0,55.0,139.0,48.0,7.0,63.0,19.0,2.0,333.0,39.0,60.0,8.0,83.0,100.0,11.0,194.0,107.0,301.0,10.0,59.0,39.0,20.0,49.0,12.0,32.0,63.0,4.0,17.0,3.0,16.0,112.0,16.0,19.0,47.0,111.0,6.0,9.0,12.0,139.0,3.0,6.0,13.0,154.0,16.0,5.0,69.0,3.0,10.0,22.0,2.0,2.0,12.0,,,10.0,24.0,10.0,492.0,169.0,141.0,4.0,8.0,,,1.0,478.0,,1611661330,False,0.5379345263157895,478.0,0.3707865168539326,271.0,106.72727272727273,100.72202166064983,6.005251066622904,78.57142857142857,83.85714285714286,79.71428571428571,478.0,207.0,0.49372384937238495,0.5377821753151568,1.2280334728033473,0.5120274914089347,0.31016042780748665,0.32217573221757323,0.3912133891213389,0.4100418410041841,0.16527196652719664,0.03347280334728033,0.19874476987447698,0.06276150627615062,0.3284518828451883,0.801255230125523,0.16042780748663102,0.5969387755102041,-0.04421067694340458,0.20363636363636364,0.0890909090909091,0.6714975845410628,0.5672913117546848,19.454545454545453,35.018050541516246,0.16183986371379896,0.15454545454545454,0.26,0.293015332197615,10.649819494584838,4.332129963898916,20.03610108303249
1611661330,ATL,ATL,1,False,2026-06-02 22:58:54,2026-06-03 21:18:01,0.9299421296296296,2026-06-02,2026-06-02,1.0,8,1200.0,1.0,16.0,76.0,77.0,19.0,20.0,10.0,153.0,13.0,20.0,3.0,4.0,2.0,2.0,5.0,9.0,0.0,2.0,3.0,7.0,1.0,1.0,1.0,1.0,11.0,30.0,0.0,3.0,3.0,8.0,18.0,31.0,14.0,37.0,13.0,91.0,75.0,3.0,5.0,1.0,4.0,6.0,15.0,2.0,2.0,4.0,9.0,4.0,20.0,16.0,20.0,42.0,0.0,0.0,30.0,11.0,5.0,0.0,8.0,14.0,22.0,11.0,3.0,8.0,0.0,0.0,58.0,5.0,6.0,1.0,10.0,12.0,5.0,27.0,12.0,39.0,0.0,10.0,7.0,3.0,8.0,2.0,4.0,6.0,0.0,4.0,0.0,3.0,14.0,0.0,6.0,11.0,20.0,0.0,2.0,0.0,18.0,1.0,1.0,1.0,18.0,1.0,1.0,7.0,0.0,2.0,1.0,0.0,0.0,1.0,,,0.0,1.0,0.0,76.0,20.0,19.0,4.0,1.0,,,0.0,68.0,,1611661330,False,0.5464429015926245,68.0,0.3149457218212327,36.0,119.73684210526316,97.40259740259741,22.334244702665757,76.0,91.0,75.0,68.0,32.0,0.5735294117647058,0.5993150684931506,1.338235294117647,0.5806451612903226,0.3783783783783784,0.2647058823529412,0.5441176470588235,0.29411764705882354,0.1323529411764706,0.029411764705882353,0.16176470588235295,0.10294117647058823,0.4411764705882353,0.8382352941176471,0.1891891891891892,0.65,0.027086510172081302,0.18421052631578946,0.10526315789473684,0.6875,0.6373626373626373,15.789473684210526,35.064935064935064,0.16483516483516483,0.13157894736842105,0.25,0.21978021978021978,12.987012987012985,1.2987012987012987,25.97402597402597
1611661330,ATL,ATL,3,False,2026-06-04 16:41:49,2026-06-05 16:24:13,0.9877777777777778,2026-06-04,2026-06-04,1.0,9,1200.0,1.0,-12.0,77.0,78.0,15.0,11.0,12.0,155.0,12.0,24.0,3.0,6.0,5.0,9.0,5.0,19.0,0.0,3.0,1.0,5.0,0.0,0.0,0.0,0.0,5.0,16.0,0.0,2.0,0.0,2.0,17.0,46.0,6.0,21.0,19.0,71.0,83.0,4.0,9.0,0.0,2.0,2.0,10.0,5.0,11.0,0.0,2.0,9.0,19.0,16.0,18.0,18.0,0.0,0.0,16.0,5.0,7.0,0.0,8.0,6.0,14.0,5.0,1.0,6.0,2.0,0.0,34.0,3.0,10.0,1.0,10.0,13.0,1.0,24.0,14.0,38.0,0.0,9.0,7.0,2.0,6.0,2.0,3.0,8.0,0.0,3.0,0.0,1.0,14.0,2.0,1.0,3.0,18.0,0.0,2.0,1.0,22.0,0.0,2.0,2.0,24.0,1.0,0.0,7.0,0.0,5.0,3.0,0.0,0.0,2.0,,,1.0,3.0,1.0,61.0,19.0,15.0,4.0,5.0,,,0.0,67.0,,1611661330,False,0.49755377799868766,67.0,0.3109480664491832,44.0,92.20779220779221,106.41025641025641,-14.2024642024642,77.0,71.0,83.0,67.0,23.0,0.3880597014925373,0.4577101598762248,1.0597014925373134,0.3695652173913043,0.2857142857142857,0.3582089552238806,0.31343283582089554,0.3582089552238806,0.2835820895522388,0.04477611940298507,0.3283582089552239,0.07462686567164178,0.23880597014925373,0.6716417910447762,0.23809523809523808,0.5,-0.10949407650615034,0.18181818181818182,0.07792207792207792,0.6086956521739131,0.4788732394366197,18.181818181818183,30.76923076923077,0.14084507042253522,0.15584415584415584,0.19480519480519481,0.2676056338028169,11.538461538461538,3.8461538461538463,23.076923076923077
1611661330,ATL,ATL,5,False,2026-06-06 15:03:59,2026-06-07 15:16:47,1.008888888888889,2026-06-06,2026-06-06,1.0,10,600.0,1.0,32.0,77.0,77.0,38.0,27.0,15.0,154.0,13.0,26.0,3.0,7.0,7.0,15.0,5.0,14.0,1.0,1.0,6.0,10.0,0.0,1.0,3.0,6.0,7.0,15.0,2.0,4.0,3.0,6.0,19.0,41.0,13.0,25.0,32.0,109.0,77.0,4.0,8.0,2.0,5.0,4.0,18.0,11.0,25.0,6.0,12.0,15.0,55.0,16.0,22.0,39.0,0.0,6.0,15.0,7.0,4.0,0.0,8.0,13.0,21.0,7.0,6.0,6.0,2.0,0.0,55.0,2.0,13.0,4.0,8.0,14.0,4.0,26.0,19.0,45.0,1.0,16.0,13.0,3.0,4.0,0.0,2.0,8.0,0.0,2.0,0.0,2.0,12.0,3.0,4.0,11.0,26.0,1.0,1.0,3.0,26.0,0.0,0.0,1.0,41.0,3.0,3.0,18.0,1.0,1.0,4.0,0.0,0.0,4.0,,,0.0,4.0,2.0,91.0,55.0,38.0,4.0,1.0,,,0.0,66.0,,1611661330,False,0.5462389750276857,66.0,0.4536904407682518,34.0,141.55844155844156,100.0,41.55844155844156,77.0,109.0,77.0,66.0,32.0,0.5833333333333334,0.6485007139457402,1.6515151515151516,0.4634146341463415,0.52,0.6212121212121212,0.3787878787878788,0.3939393939393939,0.21212121212121213,0.015151515151515152,0.22727272727272727,0.15151515151515152,0.22727272727272727,0.7727272727272727,0.4,0.5,0.03709435830564767,0.15584415584415584,0.05194805194805195,0.65625,0.5045871559633027,24.675324675324674,33.76623376623377,0.1651376146788991,0.19480519480519481,0.4935064935064935,0.5045871559633027,20.77922077922078,5.194805194805195,33.76623376623377
1611661330,ATL,ATL,8,False,2026-06-09 16:24:19,2026-06-10 16:54:00,1.0206134259259259,2026-06-09,2026-06-09,1.0,11,1200.0,1.0,7.0,76.0,77.0,18.0,4.0,15.0,153.0,17.0,30.0,6.0,7.0,2.0,3.0,8.0,13.0,1.0,1.0,2.0,6.0,0.0,0.0,0.0,1.0,3.0,20.0,0.0,1.0,1.0,5.0,26.0,44.0,5.0,26.0,15.0,82.0,75.0,8.0,9.0,0.0,1.0,1.0,17.0,4.0,6.0,1.0,6.0,6.0,17.0,26.0,26.0,15.0,0.0,6.0,20.0,3.0,5.0,2.0,13.0,5.0,18.0,3.0,2.0,10.0,2.0,1.0,41.0,7.0,8.0,0.0,5.0,19.0,3.0,27.0,15.0,42.0,0.0,9.0,7.0,2.0,6.0,2.0,3.0,11.0,5.0,3.0,1.0,0.0,17.0,5.0,7.0,13.0,15.0,0.0,0.0,1.0,20.0,0.0,0.0,3.0,16.0,3.0,1.0,7.0,0.0,1.0,0.0,0.0,0.0,0.0,,,0.0,0.0,0.0,65.0,17.0,18.0,0.0,1.0,,,0.0,70.0,,1611661330,False,0.5379455962836224,70.0,0.4140173992262285,39.0,107.89473684210526,97.40259740259741,10.492139439507852,76.0,82.0,75.0,70.0,31.0,0.4785714285714286,0.5321910695742471,1.1714285714285715,0.5909090909090909,0.19230769230769232,0.22857142857142856,0.37142857142857144,0.42857142857142855,0.18571428571428572,0.014285714285714285,0.2,0.08571428571428572,0.2857142857142857,0.8,0.23076923076923078,0.5666666666666667,-0.05937416771219378,0.2236842105263158,0.07894736842105263,0.5806451612903226,0.5,19.736842105263158,35.064935064935064,0.2073170731707317,0.19736842105263158,0.23684210526315788,0.2073170731707317,11.688311688311687,0.0,19.480519480519483
1611661330,ATL,ATL,10,False,2026-06-11 17:31:15,2026-06-12 16:37:05,0.9623842592592593,2026-06-11,2026-06-11,1.0,12,600.0,1.0,-14.0,79.0,82.0,14.0,31.0,10.0,161.0,20.0,28.0,4.0,7.0,4.0,4.0,4.0,15.0,0.0,3.0,1.0,6.0,0.0,0.0,0.0,1.0,8.0,23.0,0.0,2.0,0.0,2.0,24.0,46.0,9.0,29.0,15.0,90.0,104.0,4.0,8.0,0.0,2.0,0.0,8.0,5.0,8.0,0.0,3.0,3.0,13.0,28.0,20.0,24.0,3.0,4.0,23.0,8.0,4.0,0.0,14.0,8.0,22.0,7.0,1.0,13.0,1.0,0.0,52.0,4.0,7.0,1.0,9.0,7.0,1.0,17.0,12.0,29.0,1.0,11.0,6.0,5.0,2.0,1.0,2.0,3.0,0.0,0.0,0.0,1.0,5.0,2.0,2.0,12.0,21.0,0.0,2.0,1.0,21.0,1.0,1.0,3.0,27.0,2.0,1.0,12.0,1.0,0.0,2.0,0.0,0.0,1.0,,,1.0,2.0,2.0,82.0,13.0,14.0,1.0,0.0,,,0.0,75.0,,1611661330,False,0.5544744817604738,75.0,0.2592803483844641,42.0,113.9240506329114,126.82926829268293,-12.905217659771523,79.0,90.0,104.0,75.0,33.0,0.5,0.5179558011049724,1.2,0.5217391304347826,0.3103448275862069,0.36,0.38666666666666666,0.37333333333333335,0.2,0.04,0.24,0.08,0.30666666666666664,0.76,0.20689655172413793,0.7142857142857143,-0.05447448176047376,0.06329113924050633,0.02531645569620253,0.6666666666666666,0.5777777777777777,15.18987341772152,20.73170731707317,0.08888888888888889,0.12658227848101267,0.17721518987341772,0.14444444444444443,13.414634146341465,2.4390243902439024,25.609756097560975
1611661330,ATL,ATL,13,False,2026-06-14 15:31:17,2026-06-15 18:20:23,1.1174305555555555,2026-06-14,2026-06-14,1.0,13,1200.0,1.0,25.0,80.0,81.0,17.0,32.0,15.0,161.0,19.0,37.0,5.0,8.0,4.0,8.0,3.0,9.0,0.0,0.0,2.0,7.0,0.0,1.0,1.0,2.0,12.0,29.0,2.0,6.0,4.0,5.0,22.0,46.0,14.0,36.0,16.0,102.0,77.0,5.0,10.0,2.0,7.0,2.0,18.0,4.0,10.0,5.0,7.0,6.0,29.0,20.0,24.0,36.0,6.0,8.0,29.0,12.0,7.0,0.0,10.0,12.0,22.0,10.0,2.0,10.0,0.0,0.0,56.0,8.0,12.0,0.0,14.0,16.0,1.0,31.0,20.0,51.0,3.0,8.0,7.0,1.0,5.0,0.0,1.0,6.0,0.0,4.0,0.0,0.0,11.0,2.0,2.0,6.0,18.0,0.0,1.0,2.0,19.0,0.0,1.0,3.0,20.0,6.0,0.0,11.0,0.0,2.0,4.0,0.0,0.0,3.0,,,1.0,4.0,2.0,84.0,29.0,17.0,2.0,1.0,0.0,,0.0,82.0,,1611661330,False,0.5499355649897991,82.0,0.4364148911922928,46.0,127.49999999999999,95.06172839506173,32.43827160493825,80.0,102.0,77.0,82.0,36.0,0.524390243902439,0.5616740088105727,1.2439024390243902,0.4782608695652174,0.3888888888888889,0.24390243902439024,0.43902439024390244,0.45121951219512196,0.10975609756097561,0.0,0.10975609756097561,0.08536585365853659,0.35365853658536583,0.8902439024390244,0.19444444444444445,0.5135135135135135,-0.025545321087360073,0.1375,0.0625,0.6111111111111112,0.5490196078431373,25.0,38.2716049382716,0.17647058823529413,0.1875,0.2125,0.28431372549019607,9.876543209876543,4.938271604938271,22.22222222222222
1611661330,ATL,ATL,17,False,2026-06-18 16:49:24,2026-06-19 16:26:43,0.9842476851851852,2026-06-18,2026-06-18,1.0,14,600.0,1.0,7.0,85.0,86.0,27.0,41.0,9.0,171.0,21.0,35.0,2.0,3.0,9.0,11.0,9.0,15.0,0.0,1.0,2.0,2.0,0.0,0.0,0.0,0.0,5.0,16.0,1.0,4.0,1.0,5.0,30.0,51.0,7.0,18.0,27.0,108.0,101.0,2.0,4.0,1.0,4.0,1.0,8.0,12.0,14.0,1.0,5.0,12.0,39.0,28.0,32.0,21.0,0.0,0.0,16.0,5.0,3.0,0.0,14.0,7.0,21.0,5.0,2.0,11.0,3.0,0.0,49.0,3.0,7.0,1.0,7.0,13.0,2.0,22.0,11.0,33.0,3.0,10.0,6.0,4.0,7.0,1.0,4.0,5.0,0.0,3.0,1.0,1.0,12.0,2.0,4.0,9.0,27.0,0.0,2.0,1.0,26.0,0.0,2.0,2.0,35.0,5.0,0.0,15.0,0.0,5.0,3.0,0.0,0.0,0.0,,,3.0,3.0,2.0,100.0,37.0,25.0,4.0,3.0,2.0,,0.0,69.0,,1611661330,False,0.522550054548683,69.0,0.32300061531073254,32.0,127.05882352941175,117.44186046511629,9.616963064295462,85.0,108.0,101.0,69.0,37.0,0.5869565217391305,0.6398104265402843,1.565217391304348,0.5882352941176471,0.3888888888888889,0.5072463768115942,0.2608695652173913,0.5072463768115942,0.21739130434782608,0.014492753623188406,0.2318840579710145,0.028985507246376812,0.2318840579710145,0.7681159420289855,0.1111111111111111,0.6,0.06440646719044751,0.1411764705882353,0.08235294117647059,0.5675675675675675,0.4537037037037037,12.941176470588237,25.581395348837212,0.07407407407407407,0.10588235294117647,0.3176470588235294,0.3611111111111111,11.627906976744185,3.488372093023256,31.3953488372093
1611661330,ATL,ATL,19,False,2026-06-20 15:27:14,2026-06-21 15:43:44,1.0114583333333333,2026-06-20,2026-06-20,1.0,15,600.0,1.0,17.0,82.0,84.0,42.0,42.0,16.0,166.0,23.0,36.0,6.0,9.0,13.0,18.0,4.0,16.0,1.0,2.0,0.0,3.0,0.0,0.0,0.0,1.0,12.0,23.0,2.0,3.0,5.0,9.0,28.0,54.0,12.0,26.0,21.0,113.0,96.0,6.0,9.0,2.0,3.0,4.0,22.0,15.0,28.0,5.0,10.0,11.0,56.0,30.0,26.0,30.0,6.0,8.0,23.0,12.0,3.0,0.0,15.0,10.0,25.0,10.0,0.0,13.0,1.0,1.0,60.0,5.0,10.0,3.0,12.0,12.0,1.0,25.0,18.0,43.0,3.0,10.0,8.0,2.0,1.0,0.0,0.0,8.0,0.0,1.0,1.0,3.0,9.0,3.0,6.0,9.0,24.0,0.0,2.0,1.0,29.0,0.0,3.0,3.0,31.0,6.0,2.0,12.0,0.0,5.0,5.0,0.0,0.0,4.0,,,1.0,5.0,2.0,91.0,56.0,42.0,2.0,5.0,1.0,,0.0,80.0,,1611661330,False,0.5485146601620017,80.0,0.37521688837478206,40.0,137.80487804878047,114.28571428571428,23.51916376306619,82.0,113.0,96.0,80.0,40.0,0.575,0.6033746262281077,1.4125,0.5185185185185185,0.46153846153846156,0.3875,0.325,0.45,0.2,0.025,0.225,0.0375,0.2875,0.775,0.11538461538461539,0.6388888888888888,0.02648533983799828,0.10975609756097561,0.012195121951219513,0.625,0.5309734513274337,21.951219512195124,29.761904761904763,0.19469026548672566,0.1951219512195122,0.5121951219512195,0.49557522123893805,11.904761904761903,5.952380952380952,28.57142857142857
1611661330,ATL,ATL,20,False,2026-06-21 15:43:44,2026-06-23 16:17:53,2.023715277777778,2026-06-21,2026-06-22,1.0,16,600.0,1.0,7.0,83.0,85.0,25.0,32.0,14.0,168.0,20.0,39.0,4.0,6.0,4.0,9.0,5.0,8.0,0.0,2.0,3.0,7.0,1.0,1.0,2.0,3.0,6.0,22.0,0.0,2.0,1.0,7.0,25.0,49.0,9.0,29.0,17.0,94.0,87.0,5.0,9.0,1.0,3.0,5.0,18.0,5.0,12.0,3.0,10.0,8.0,27.0,30.0,20.0,24.0,3.0,2.0,22.0,6.0,6.0,0.0,15.0,8.0,23.0,6.0,2.0,13.0,2.0,0.0,54.0,7.0,8.0,0.0,13.0,12.0,4.0,29.0,15.0,44.0,1.0,8.0,6.0,2.0,8.0,1.0,5.0,4.0,0.0,3.0,0.0,0.0,12.0,1.0,3.0,11.0,26.0,0.0,2.0,2.0,23.0,0.0,3.0,3.0,21.0,3.0,0.0,10.0,0.0,2.0,1.0,0.0,0.0,1.0,,,0.0,1.0,1.0,76.0,27.0,25.0,4.0,2.0,0.0,,0.0,78.0,,1611661330,False,0.5719309159944671,78.0,0.34887145374950407,44.0,113.25301204819279,102.35294117647058,10.900070871722207,83.0,94.0,87.0,78.0,34.0,0.4935897435897436,0.5387436955524989,1.205128205128205,0.5102040816326531,0.3103448275862069,0.2692307692307692,0.3717948717948718,0.5,0.10256410256410256,0.02564102564102564,0.1282051282051282,0.08974358974358974,0.28205128205128205,0.8717948717948718,0.2413793103448276,0.5128205128205128,-0.07834117240472349,0.14457831325301204,0.0963855421686747,0.6764705882352942,0.574468085106383,18.072289156626507,34.11764705882353,0.19148936170212766,0.1686746987951807,0.30120481927710846,0.2872340425531915,9.411764705882353,1.1764705882352942,30.58823529411765
1611661330,ATL,ATL,21,False,2026-06-23 16:17:53,2026-06-25 16:13:09,1.996712962962963,2026-06-23,2026-06-24,1.0,17,600.0,1.0,-11.0,71.0,72.0,9.0,20.0,8.0,143.0,14.0,24.0,2.0,5.0,2.0,3.0,7.0,21.0,0.0,1.0,0.0,3.0,0.0,0.0,0.0,0.0,4.0,15.0,1.0,5.0,1.0,3.0,21.0,46.0,4.0,18.0,12.0,66.0,77.0,3.0,6.0,1.0,5.0,3.0,12.0,3.0,6.0,1.0,3.0,3.0,12.0,26.0,16.0,9.0,3.0,2.0,15.0,4.0,7.0,0.0,13.0,3.0,16.0,3.0,0.0,10.0,3.0,0.0,35.0,5.0,8.0,1.0,8.0,13.0,2.0,23.0,14.0,37.0,3.0,6.0,3.0,3.0,5.0,3.0,3.0,8.0,0.0,2.0,0.0,0.0,13.0,0.0,1.0,6.0,16.0,2.0,2.0,1.0,20.0,2.0,1.0,1.0,22.0,4.0,0.0,13.0,0.0,0.0,2.0,1.0,1.0,0.0,,,2.0,3.0,2.0,54.0,12.0,9.0,0.0,0.0,0.0,,0.0,64.0,,1611661330,False,0.5112142317223363,64.0,0.342210372038929,39.0,92.95774647887323,106.94444444444444,-13.98669796557121,71.0,66.0,77.0,64.0,25.0,0.421875,0.44788273615635177,1.03125,0.45652173913043476,0.2222222222222222,0.34375,0.28125,0.375,0.328125,0.015625,0.34375,0.046875,0.234375,0.65625,0.16666666666666666,0.5833333333333334,-0.08933923172233627,0.18309859154929578,0.07042253521126761,0.64,0.5303030303030303,19.718309859154928,31.944444444444443,0.18181818181818182,0.11267605633802817,0.1267605633802817,0.18181818181818182,8.333333333333332,4.166666666666666,22.22222222222222
1611661330,ATL,ATL,23,False,2026-06-26 16:05:12,2026-06-27 15:06:40,0.9593518518518519,2026-06-26,2026-06-26,1.0,18,600.0,1.0,-3.0,80.0,80.0,35.0,8.0,12.0,160.0,14.0,25.0,2.0,5.0,3.0,4.0,3.0,18.0,0.0,4.0,1.0,3.0,0.0,0.0,1.0,2.0,5.0,17.0,1.0,1.0,3.0,10.0,17.0,47.0,6.0,20.0,23.0,75.0,78.0,3.0,8.0,1.0,1.0,2.0,11.0,5.0,12.0,4.0,12.0,12.0,34.0,10.0,24.0,15.0,3.0,2.0,17.0,5.0,9.0,0.0,5.0,5.0,10.0,4.0,1.0,5.0,0.0,0.0,25.0,2.0,11.0,1.0,10.0,12.0,1.0,23.0,14.0,37.0,1.0,14.0,6.0,8.0,6.0,1.0,5.0,8.0,1.0,1.0,0.0,3.0,14.0,3.0,7.0,8.0,21.0,1.0,4.0,2.0,22.0,0.0,3.0,0.0,27.0,2.0,0.0,13.0,1.0,1.0,4.0,0.0,0.0,1.0,,,3.0,4.0,1.0,64.0,34.0,35.0,5.0,1.0,0.0,,1.0,67.0,,1611661330,False,0.5025736644728238,67.0,0.2940990214620818,44.0,93.75,97.5,-3.75,80.0,75.0,78.0,67.0,23.0,0.3880597014925373,0.47540567951318463,1.1194029850746268,0.3617021276595745,0.3,0.40298507462686567,0.29850746268656714,0.373134328358209,0.26865671641791045,0.05970149253731343,0.3283582089552239,0.04477611940298507,0.2537313432835821,0.6716417910447762,0.15,0.56,-0.11451396298028649,0.175,0.075,0.43478260869565216,0.3333333333333333,17.5,28.749999999999996,0.14666666666666667,0.15,0.4375,0.4533333333333333,17.5,5.0,26.25
1611661330,ATL,ATL,24,False,2026-06-27 15:06:40,2026-06-28 15:09:09,1.0017245370370371,2026-06-27,2026-06-27,1.0,19,600.0,1.0,-15.0,83.0,82.0,16.0,17.0,12.0,165.0,16.0,23.0,2.0,4.0,2.0,3.0,7.0,16.0,0.0,2.0,1.0,5.0,0.0,1.0,1.0,2.0,6.0,24.0,0.0,2.0,0.0,3.0,23.0,41.0,7.0,29.0,23.0,90.0,105.0,3.0,6.0,0.0,3.0,3.0,9.0,3.0,5.0,1.0,5.0,6.0,15.0,30.0,16.0,21.0,0.0,0.0,24.0,6.0,4.0,0.0,15.0,7.0,22.0,6.0,1.0,13.0,2.0,0.0,51.0,6.0,8.0,0.0,5.0,12.0,4.0,21.0,14.0,35.0,0.0,7.0,5.0,2.0,5.0,1.0,2.0,8.0,1.0,3.0,0.0,2.0,13.0,1.0,4.0,10.0,18.0,1.0,0.0,1.0,21.0,0.0,3.0,3.0,26.0,1.0,1.0,10.0,0.0,3.0,0.0,0.0,0.0,0.0,,,0.0,0.0,0.0,81.0,15.0,16.0,1.0,3.0,0.0,,0.0,70.0,,1611661330,False,0.5155114732928902,70.0,0.34983511424227415,40.0,108.43373493975903,128.0487804878049,-19.615045548045856,83.0,90.0,105.0,70.0,30.0,0.4785714285714286,0.5525540275049116,1.2857142857142858,0.5609756097560976,0.2413793103448276,0.37142857142857144,0.4142857142857143,0.32857142857142857,0.22857142857142856,0.02857142857142857,0.2571428571428571,0.07142857142857142,0.34285714285714286,0.7428571428571429,0.1724137931034483,0.6956521739130435,-0.03694004472146156,0.1566265060240964,0.060240963855421686,0.7333333333333333,0.5666666666666667,16.867469879518072,25.609756097560975,0.1,0.14457831325301204,0.1927710843373494,0.16666666666666666,8.536585365853659,0.0,21.951219512195124
1611661330,ATL,ATL,26,False,2026-06-29 16:48:32,2026-07-04 14:56:19,4.922071759259259,2026-06-29,2026-07-03,1.0,20,600.0,1.0,-5.0,81.0,83.0,16.0,14.0,15.0,164.0,13.0,25.0,3.0,5.0,2.0,4.0,9.0,22.0,0.0,2.0,1.0,4.0,0.0,0.0,0.0,1.0,6.0,27.0,1.0,3.0,0.0,6.0,22.0,49.0,7.0,31.0,11.0,76.0,81.0,6.0,11.0,1.0,3.0,1.0,16.0,3.0,9.0,0.0,7.0,4.0,10.0,28.0,16.0,15.0,6.0,0.0,27.0,6.0,3.0,0.0,14.0,5.0,19.0,5.0,0.0,9.0,5.0,0.0,43.0,8.0,12.0,1.0,4.0,11.0,3.0,18.0,21.0,39.0,5.0,13.0,10.0,3.0,2.0,3.0,1.0,13.0,2.0,1.0,0.0,2.0,15.0,4.0,2.0,6.0,23.0,1.0,4.0,4.0,22.0,0.0,1.0,6.0,18.0,3.0,1.0,8.0,0.0,2.0,3.0,0.0,0.0,3.0,,,0.0,3.0,1.0,60.0,10.0,16.0,3.0,2.0,0.0,,0.0,80.0,,1611661330,False,0.4966570527215083,80.0,0.39275999815791296,51.0,93.82716049382715,97.59036144578313,-3.76320095195598,81.0,76.0,81.0,80.0,29.0,0.40625,0.4322111010009099,0.95,0.4489795918367347,0.22580645161290322,0.225,0.3875,0.3125,0.275,0.025,0.3,0.05,0.3375,0.7,0.12903225806451613,0.52,-0.09040705272150829,0.18518518518518517,0.024691358024691357,0.6551724137931034,0.5657894736842105,25.925925925925924,21.686746987951807,0.21052631578947367,0.18518518518518517,0.19753086419753085,0.13157894736842105,15.66265060240964,3.614457831325301,27.710843373493976
1611661330,ATL,ATL,27,False,2026-07-04 14:56:19,2026-07-05 15:04:24,1.005613425925926,2026-07-04,2026-07-04,1.0,21,600.0,1.0,-5.0,78.0,78.0,33.0,17.0,14.0,156.0,14.0,25.0,3.0,5.0,4.0,9.0,4.0,14.0,0.0,1.0,2.0,6.0,1.0,1.0,0.0,2.0,6.0,20.0,2.0,5.0,2.0,5.0,18.0,40.0,8.0,26.0,23.0,83.0,88.0,4.0,6.0,3.0,6.0,7.0,24.0,5.0,13.0,2.0,7.0,13.0,29.0,20.0,16.0,24.0,0.0,0.0,20.0,6.0,3.0,1.0,10.0,8.0,18.0,6.0,2.0,9.0,1.0,0.0,44.0,7.0,9.0,1.0,14.0,12.0,2.0,28.0,17.0,45.0,3.0,6.0,2.0,4.0,15.0,0.0,10.0,2.0,0.0,5.0,0.0,0.0,17.0,2.0,7.0,9.0,20.0,0.0,1.0,2.0,28.0,0.0,3.0,2.0,33.0,6.0,1.0,14.0,0.0,5.0,0.0,1.0,0.0,0.0,,,0.0,1.0,0.0,59.0,29.0,33.0,0.0,4.0,0.0,,0.0,66.0,,1611661330,False,0.5399016592498855,66.0,0.40066946222320043,40.0,106.41025641025641,112.82051282051282,-6.410256410256409,78.0,83.0,88.0,66.0,26.0,0.45454545454545453,0.5153999006458023,1.2575757575757576,0.45,0.3076923076923077,0.5,0.3939393939393939,0.3787878787878788,0.21212121212121213,0.015151515151515152,0.22727272727272727,0.09090909090909091,0.30303030303030304,0.7727272727272727,0.23076923076923078,0.56,-0.085356204704431,0.21794871794871795,0.19230769230769232,0.6923076923076923,0.5301204819277109,21.794871794871796,35.8974358974359,0.2891566265060241,0.1794871794871795,0.4230769230769231,0.3493975903614458,7.6923076923076925,1.282051282051282,25.64102564102564
1611661330,ATL,ATL,31,False,2026-07-08 15:56:18,2026-07-10 16:11:44,2.0107175925925924,2026-07-08,2026-07-09,1.0,22,1200.0,1.0,11.0,88.0,90.0,25.0,11.0,12.0,178.0,21.0,33.0,2.0,4.0,6.0,11.0,3.0,13.0,0.0,0.0,1.0,4.0,0.0,2.0,0.0,1.0,5.0,22.0,1.0,3.0,0.0,4.0,24.0,46.0,6.0,26.0,23.0,89.0,78.0,3.0,5.0,1.0,5.0,4.0,13.0,7.0,13.0,0.0,5.0,10.0,24.0,24.0,24.0,18.0,0.0,2.0,22.0,5.0,3.0,0.0,12.0,6.0,18.0,5.0,1.0,12.0,0.0,0.0,42.0,5.0,7.0,1.0,14.0,13.0,1.0,28.0,13.0,41.0,4.0,14.0,11.0,3.0,6.0,4.0,5.0,10.0,1.0,1.0,0.0,1.0,16.0,1.0,6.0,10.0,18.0,0.0,0.0,3.0,20.0,0.0,2.0,3.0,26.0,2.0,0.0,10.0,0.0,4.0,4.0,0.0,0.0,3.0,0.0,,1.0,4.0,2.0,76.0,24.0,25.0,0.0,3.0,0.0,,0.0,72.0,,1611661330,False,0.5617743174260015,72.0,0.28448156873944136,42.0,101.13636363636364,86.66666666666667,14.469696969696969,88.0,89.0,78.0,72.0,30.0,0.4583333333333333,0.5333173537871525,1.2361111111111112,0.5217391304347826,0.23076923076923078,0.3611111111111111,0.3611111111111111,0.4583333333333333,0.18055555555555555,0.0,0.18055555555555555,0.05555555555555555,0.3055555555555556,0.8194444444444444,0.15384615384615385,0.6363636363636364,-0.10344098409266816,0.18181818181818182,0.06818181818181818,0.6,0.47191011235955055,14.772727272727273,31.11111111111111,0.14606741573033707,0.13636363636363635,0.2840909090909091,0.2696629213483146,15.555555555555555,4.444444444444445,20.0
1611661330,ATL,ATL,33,False,2026-07-11 14:43:06,2026-07-12 14:45:23,1.0015856481481482,2026-07-11,2026-07-11,1.0,23,1200.0,1.0,-10.0,81.0,82.0,23.0,19.0,15.0,163.0,22.0,39.0,3.0,8.0,4.0,9.0,4.0,5.0,1.0,1.0,3.0,6.0,0.0,0.0,2.0,3.0,3.0,24.0,0.0,3.0,0.0,8.0,27.0,45.0,6.0,30.0,20.0,92.0,102.0,4.0,9.0,0.0,3.0,7.0,15.0,4.0,9.0,2.0,11.0,8.0,22.0,38.0,16.0,18.0,0.0,2.0,24.0,3.0,4.0,0.0,19.0,6.0,25.0,3.0,3.0,16.0,2.0,1.0,56.0,7.0,10.0,0.0,14.0,6.0,1.0,21.0,17.0,38.0,3.0,8.0,7.0,1.0,7.0,2.0,3.0,5.0,0.0,4.0,0.0,1.0,12.0,1.0,5.0,7.0,23.0,1.0,3.0,1.0,26.0,0.0,2.0,6.0,24.0,4.0,0.0,11.0,0.0,3.0,1.0,2.0,2.0,1.0,0.0,,0.0,3.0,2.0,77.0,22.0,23.0,3.0,3.0,0.0,,0.0,75.0,,1611661330,False,0.5582431913660139,75.0,0.4054702128885432,42.0,113.58024691358024,124.39024390243902,-10.809996988858785,81.0,92.0,102.0,75.0,33.0,0.48,0.5376344086021505,1.2266666666666666,0.6,0.2,0.32,0.4,0.52,0.06666666666666667,0.013333333333333334,0.08,0.08,0.32,0.92,0.2,0.5641025641025641,-0.07824319136601388,0.14814814814814814,0.08641975308641975,0.7575757575757576,0.6086956521739131,20.98765432098765,25.609756097560975,0.16304347826086957,0.18518518518518517,0.2839506172839506,0.2391304347826087,9.75609756097561,3.6585365853658534,28.04878048780488
1611661330,ATL,ATL,35,False,2026-07-13 16:18:46,2026-07-14 15:13:54,0.9549537037037037,2026-07-13,2026-07-13,1.0,24,600.0,1.0,9.0,83.0,84.0,16.0,18.0,16.0,167.0,25.0,36.0,5.0,7.0,6.0,8.0,2.0,9.0,0.0,0.0,2.0,3.0,0.0,0.0,1.0,1.0,7.0,25.0,1.0,4.0,1.0,5.0,27.0,45.0,9.0,28.0,20.0,101.0,92.0,5.0,8.0,1.0,4.0,3.0,16.0,6.0,8.0,2.0,6.0,9.0,27.0,26.0,28.0,27.0,0.0,6.0,25.0,7.0,3.0,0.0,13.0,9.0,22.0,7.0,2.0,12.0,1.0,0.0,53.0,6.0,10.0,1.0,10.0,13.0,2.0,25.0,17.0,42.0,3.0,11.0,6.0,5.0,11.0,0.0,6.0,6.0,0.0,5.0,2.0,0.0,17.0,3.0,1.0,8.0,17.0,1.0,2.0,2.0,23.0,2.0,1.0,2.0,23.0,3.0,0.0,10.0,0.0,3.0,1.0,0.0,0.0,1.0,0.0,,0.0,1.0,0.0,85.0,25.0,15.0,0.0,2.0,0.0,,0.0,73.0,,1611661330,False,0.5512013624477059,73.0,0.43348998296727204,37.0,121.6867469879518,109.52380952380953,12.162937464142274,83.0,101.0,92.0,73.0,36.0,0.5547945205479452,0.6075553416746872,1.3835616438356164,0.6,0.32142857142857145,0.3150684931506849,0.3835616438356164,0.4931506849315068,0.1232876712328767,0.0,0.1232876712328767,0.0410958904109589,0.3424657534246575,0.8767123287671232,0.10714285714285714,0.6944444444444444,0.003593158100239302,0.20481927710843373,0.13253012048192772,0.6111111111111112,0.5247524752475248,20.481927710843372,29.761904761904763,0.15841584158415842,0.1927710843373494,0.1927710843373494,0.26732673267326734,13.095238095238097,1.1904761904761905,20.238095238095237
1611661330,ATL,ATL,38,False,2026-07-17 15:04:07,2026-07-18 14:42:59,0.9853240740740741,2026-07-17,2026-07-17,1.0,25,600.0,1.0,19.0,80.0,82.0,17.0,34.0,9.0,162.0,25.0,33.0,2.0,4.0,4.0,6.0,5.0,9.0,0.0,1.0,3.0,5.0,0.0,0.0,0.0,0.0,6.0,23.0,0.0,3.0,1.0,4.0,30.0,43.0,9.0,28.0,24.0,111.0,92.0,3.0,5.0,0.0,3.0,9.0,15.0,6.0,9.0,1.0,4.0,7.0,22.0,38.0,22.0,27.0,0.0,2.0,23.0,6.0,3.0,0.0,19.0,9.0,28.0,6.0,3.0,18.0,1.0,0.0,65.0,5.0,8.0,1.0,8.0,10.0,2.0,20.0,14.0,34.0,2.0,11.0,9.0,2.0,3.0,1.0,1.0,7.0,0.0,2.0,0.0,2.0,10.0,1.0,1.0,9.0,26.0,1.0,3.0,3.0,23.0,1.0,0.0,4.0,28.0,2.0,0.0,13.0,0.0,2.0,1.0,0.0,0.0,0.0,0.0,,1.0,1.0,1.0,96.0,22.0,17.0,4.0,2.0,0.0,,0.0,71.0,,1611661330,False,0.5509359323080975,71.0,0.4184382459517,32.0,138.75,112.19512195121952,26.55487804878048,80.0,111.0,92.0,71.0,39.0,0.6126760563380281,0.6661065770523285,1.5633802816901408,0.6976744186046512,0.32142857142857145,0.39436619718309857,0.39436619718309857,0.4647887323943662,0.1267605633802817,0.014084507042253521,0.14084507042253522,0.07042253521126761,0.323943661971831,0.8591549295774648,0.17857142857142858,0.7575757575757576,0.061740124029930676,0.125,0.0375,0.717948717948718,0.5855855855855856,17.5,24.390243902439025,0.13513513513513514,0.1125,0.2125,0.1981981981981982,13.414634146341465,1.2195121951219512,31.70731707317073
1611661330,ATL,ATL,39,False,2026-07-18 14:42:59,2026-07-20 15:42:54,2.041608796296296,2026-07-18,2026-07-19,1.0,26,600.0,1.0,2.0,80.0,79.0,26.0,19.0,16.0,159.0,22.0,43.0,4.0,8.0,8.0,13.0,1.0,1.0,0.0,2.0,1.0,3.0,0.0,0.0,0.0,0.0,7.0,25.0,1.0,5.0,2.0,6.0,23.0,46.0,8.0,28.0,23.0,93.0,91.0,5.0,10.0,1.0,5.0,4.0,17.0,9.0,14.0,2.0,6.0,9.0,33.0,32.0,14.0,24.0,0.0,2.0,25.0,7.0,4.0,0.0,16.0,8.0,24.0,7.0,1.0,16.0,0.0,0.0,56.0,8.0,10.0,1.0,14.0,13.0,2.0,29.0,19.0,48.0,4.0,5.0,4.0,1.0,9.0,1.0,7.0,3.0,0.0,2.0,0.0,0.0,12.0,2.0,4.0,9.0,19.0,0.0,3.0,0.0,20.0,0.0,2.0,1.0,27.0,0.0,1.0,10.0,0.0,3.0,5.0,0.0,0.0,5.0,0.0,,0.0,5.0,4.0,76.0,31.0,25.0,2.0,1.0,0.0,,0.0,74.0,,1611661330,False,0.5576307582658436,74.0,0.4280675634382456,43.0,116.25000000000001,115.18987341772151,1.0601265822784995,80.0,93.0,91.0,74.0,31.0,0.47297297297297297,0.5414531904983698,1.2567567567567568,0.5,0.2857142857142857,0.36486486486486486,0.3783783783783784,0.581081081081081,0.013513513513513514,0.02702702702702703,0.04054054054054054,0.04054054054054054,0.33783783783783783,0.9594594594594594,0.10714285714285714,0.5116279069767442,-0.08465778529287066,0.15,0.1125,0.7741935483870968,0.6021505376344086,23.75,36.708860759493675,0.1827956989247312,0.2,0.325,0.3548387096774194,6.329113924050633,6.329113924050633,24.050632911392405
1611661330,ATL,ATL,43,False,2026-07-29 15:43:06,2026-07-30 15:44:56,1.001273148148148,2026-07-29,2026-07-29,1.0,27,1200.0,1.0,1.0,82.0,83.0,17.0,25.0,10.0,165.0,18.0,26.0,4.0,7.0,4.0,5.0,12.0,26.0,0.0,2.0,0.0,1.0,0.0,0.0,0.0,0.0,1.0,15.0,0.0,1.0,1.0,4.0,30.0,54.0,1.0,16.0,19.0,82.0,81.0,5.0,10.0,0.0,1.0,2.0,12.0,7.0,12.0,1.0,4.0,8.0,25.0,42.0,18.0,3.0,0.0,10.0,15.0,1.0,5.0,0.0,21.0,1.0,22.0,1.0,0.0,12.0,9.0,0.0,45.0,5.0,7.0,1.0,7.0,17.0,3.0,27.0,13.0,40.0,4.0,11.0,7.0,4.0,9.0,0.0,5.0,7.0,2.0,4.0,0.0,0.0,16.0,1.0,2.0,5.0,20.0,0.0,5.0,1.0,19.0,0.0,0.0,3.0,25.0,2.0,0.0,11.0,1.0,1.0,4.0,0.0,0.0,2.0,0.0,,2.0,4.0,2.0,70.0,25.0,17.0,0.0,1.0,0.0,,0.0,70.0,,1611661330,False,0.49334317487325247,70.0,0.32585650731484805,39.0,100.0,97.59036144578313,2.409638554216869,82.0,82.0,81.0,70.0,31.0,0.45,0.5061728395061729,1.1714285714285715,0.5555555555555556,0.0625,0.35714285714285715,0.22857142857142856,0.37142857142857144,0.37142857142857144,0.02857142857142857,0.4,0.014285714285714285,0.21428571428571427,0.6,0.0625,0.6923076923076923,-0.043343174873252455,0.1951219512195122,0.10975609756097561,0.7096774193548387,0.5487804878048781,15.853658536585366,32.53012048192771,0.14634146341463414,0.12195121951219512,0.2073170731707317,0.3048780487804878,13.253012048192772,4.819277108433735,24.096385542168676
1611661330,ATL,ATL,44,False,2026-07-30 15:44:56,2026-08-01 14:50:36,1.9622685185185185,2026-07-30,2026-07-31,1.0,28,600.0,1.0,9.0,87.0,87.0,34.0,24.0,13.0,174.0,14.0,25.0,3.0,4.0,5.0,9.0,2.0,9.0,1.0,4.0,1.0,9.0,0.0,1.0,1.0,3.0,9.0,17.0,3.0,4.0,2.0,4.0,17.0,38.0,10.0,26.0,34.0,98.0,89.0,3.0,5.0,3.0,5.0,4.0,19.0,7.0,14.0,3.0,7.0,16.0,39.0,30.0,4.0,27.0,3.0,2.0,17.0,9.0,5.0,0.0,15.0,9.0,24.0,8.0,1.0,12.0,2.0,1.0,57.0,4.0,9.0,0.0,11.0,13.0,0.0,24.0,13.0,37.0,2.0,14.0,11.0,3.0,10.0,2.0,5.0,7.0,1.0,5.0,0.0,2.0,17.0,1.0,6.0,13.0,19.0,0.0,0.0,1.0,26.0,0.0,0.0,1.0,39.0,1.0,0.0,16.0,0.0,4.0,6.0,1.0,1.0,3.0,0.0,,3.0,7.0,3.0,79.0,37.0,33.0,1.0,3.0,0.0,,0.0,64.0,,1611661330,False,0.5490231037276736,64.0,0.3712431066321196,37.0,112.64367816091954,102.29885057471265,10.34482758620689,87.0,98.0,89.0,64.0,27.0,0.5,0.6037456875308034,1.53125,0.4473684210526316,0.38461538461538464,0.609375,0.40625,0.390625,0.140625,0.0625,0.203125,0.140625,0.265625,0.796875,0.34615384615384615,0.56,-0.0490231037276736,0.19540229885057472,0.11494252873563218,0.8888888888888888,0.5816326530612245,14.942528735632186,27.586206896551722,0.19387755102040816,0.14942528735632185,0.39080459770114945,0.3979591836734694,16.091954022988507,8.045977011494253,21.839080459770116
1611661330,ATL,ATL,47,False,2026-08-03 16:13:19,2026-08-04 16:04:29,0.9938657407407407,2026-08-03,2026-08-03,1.0,29,600.0,1.0,-22.0,80.0,81.0,9.0,12.0,13.0,161.0,24.0,37.0,7.0,10.0,4.0,5.0,3.0,9.0,2.0,5.0,0.0,4.0,0.0,0.0,0.0,0.0,4.0,20.0,0.0,1.0,1.0,2.0,29.0,51.0,4.0,24.0,17.0,87.0,109.0,9.0,12.0,0.0,1.0,1.0,19.0,4.0,7.0,1.0,2.0,3.0,14.0,30.0,28.0,12.0,0.0,10.0,20.0,4.0,6.0,0.0,15.0,4.0,19.0,4.0,0.0,11.0,2.0,2.0,42.0,4.0,10.0,0.0,8.0,12.0,2.0,22.0,14.0,36.0,4.0,5.0,5.0,0.0,5.0,2.0,3.0,6.0,2.0,2.0,0.0,1.0,11.0,1.0,0.0,8.0,14.0,0.0,0.0,1.0,16.0,0.0,0.0,2.0,20.0,3.0,0.0,10.0,1.0,0.0,2.0,0.0,0.0,2.0,0.0,,0.0,2.0,0.0,68.0,14.0,9.0,0.0,0.0,0.0,,0.0,75.0,,1611661330,False,0.5677074875508363,75.0,0.34160757861117946,42.0,108.74999999999999,134.5679012345679,-25.817901234567913,80.0,87.0,109.0,75.0,33.0,0.4666666666666667,0.5190930787589499,1.16,0.5686274509803921,0.16666666666666666,0.26666666666666666,0.32,0.49333333333333335,0.12,0.06666666666666667,0.18666666666666668,0.05333333333333334,0.26666666666666666,0.8133333333333334,0.16666666666666666,0.6486486486486487,-0.10104082088416966,0.1375,0.0625,0.5757575757575758,0.4827586206896552,17.5,27.160493827160494,0.21839080459770116,0.1625,0.1125,0.16091954022988506,6.172839506172839,2.4691358024691357,17.28395061728395
1611661330,ATL,ATL,48,False,2026-08-04 16:04:29,2026-08-07 14:43:29,2.94375,2026-08-04,2026-08-06,1.0,30,,1.0,14.0,81.0,83.0,2.0,21.0,8.0,164.0,15.0,20.0,1.0,3.0,0.0,0.0,4.0,15.0,0.0,2.0,2.0,7.0,0.0,1.0,0.0,0.0,12.0,26.0,2.0,4.0,0.0,1.0,19.0,37.0,14.0,33.0,16.0,96.0,82.0,1.0,3.0,2.0,5.0,0.0,8.0,0.0,0.0,0.0,1.0,2.0,2.0,34.0,4.0,36.0,6.0,2.0,26.0,12.0,2.0,0.0,17.0,12.0,29.0,10.0,2.0,13.0,4.0,0.0,70.0,5.0,4.0,0.0,15.0,17.0,1.0,33.0,9.0,42.0,3.0,3.0,2.0,1.0,4.0,3.0,2.0,9.0,1.0,2.0,0.0,0.0,13.0,1.0,0.0,13.0,22.0,0.0,1.0,3.0,13.0,1.0,0.0,2.0,17.0,2.0,1.0,8.0,0.0,1.0,5.0,1.0,0.0,3.0,1.0,,2.0,6.0,5.0,88.0,0.0,1.0,1.0,0.0,0.0,,0.0,70.0,,1611661330,False,0.5361129186507242,70.0,0.24105014939613517,37.0,118.5185185185185,98.79518072289156,19.723337795626946,81.0,96.0,82.0,70.0,33.0,0.5714285714285714,0.619514713474445,1.3714285714285714,0.5135135135135135,0.42424242424242425,0.24285714285714285,0.4714285714285714,0.2857142857142857,0.21428571428571427,0.02857142857142857,0.24285714285714285,0.1,0.37142857142857144,0.7571428571428571,0.21212121212121213,0.75,0.035315652777847206,0.16049382716049382,0.04938271604938271,0.8787878787878788,0.7291666666666666,11.11111111111111,39.75903614457831,0.08333333333333333,0.09876543209876543,0.024691358024691357,0.020833333333333332,3.614457831325301,7.228915662650602,26.506024096385545
1611661330,ATL,ATL,49,False,2026-08-07 14:43:29,2026-08-08 14:20:53,0.9843055555555555,2026-08-07,2026-08-07,1.0,31,2400.0,1.0,-5.0,84.0,85.0,23.0,29.0,16.0,169.0,14.0,26.0,2.0,3.0,2.0,4.0,3.0,23.0,2.0,7.0,1.0,7.0,0.0,3.0,0.0,1.0,5.0,14.0,1.0,2.0,2.0,6.0,19.0,56.0,6.0,21.0,18.0,74.0,79.0,3.0,9.0,1.0,5.0,5.0,14.0,3.0,10.0,2.0,7.0,11.0,23.0,20.0,18.0,18.0,0.0,4.0,14.0,5.0,12.0,0.0,10.0,6.0,16.0,5.0,1.0,7.0,1.0,2.0,38.0,5.0,15.0,2.0,7.0,13.0,9.0,29.0,22.0,51.0,3.0,5.0,2.0,3.0,6.0,2.0,4.0,12.0,2.0,2.0,0.0,1.0,18.0,4.0,5.0,9.0,29.0,1.0,2.0,3.0,27.0,1.0,3.0,3.0,27.0,5.0,0.0,10.0,0.0,6.0,7.0,0.0,0.0,3.0,0.0,,3.0,7.0,3.0,60.0,23.0,23.0,8.0,6.0,0.0,,0.0,77.0,,1611661330,False,0.495225692649429,77.0,0.38500725835096605,52.0,88.09523809523809,92.94117647058823,-4.845938375350144,84.0,74.0,79.0,77.0,25.0,0.36363636363636365,0.4162916291629163,0.961038961038961,0.3392857142857143,0.2857142857142857,0.35064935064935066,0.2727272727272727,0.33766233766233766,0.2987012987012987,0.09090909090909091,0.38961038961038963,0.09090909090909091,0.18181818181818182,0.6103896103896104,0.3333333333333333,0.5384615384615384,-0.13158932901306536,0.21428571428571427,0.07142857142857142,0.64,0.5135135135135135,26.190476190476193,34.11764705882353,0.1891891891891892,0.19047619047619047,0.27380952380952384,0.3108108108108108,5.88235294117647,8.235294117647058,34.11764705882353
1611661330,ATL,ATL,52,False,2026-08-10 14:48:26,2026-08-11 14:48:21,0.9999421296296296,2026-08-10,2026-08-10,1.0,32,2400.0,1.0,12.0,84.0,85.0,35.0,22.0,11.0,169.0,19.0,30.0,1.0,4.0,6.0,11.0,3.0,7.0,0.0,1.0,3.0,6.0,0.0,0.0,0.0,1.0,11.0,26.0,2.0,5.0,4.0,9.0,22.0,38.0,14.0,32.0,21.0,107.0,95.0,1.0,5.0,2.0,5.0,3.0,11.0,6.0,13.0,4.0,10.0,10.0,34.0,34.0,10.0,36.0,6.0,0.0,26.0,11.0,4.0,0.0,17.0,12.0,29.0,9.0,3.0,16.0,1.0,0.0,70.0,6.0,5.0,2.0,14.0,11.0,5.0,30.0,13.0,43.0,2.0,7.0,3.0,4.0,7.0,0.0,5.0,7.0,1.0,2.0,0.0,0.0,14.0,0.0,11.0,10.0,20.0,0.0,2.0,4.0,22.0,0.0,1.0,1.0,30.0,3.0,1.0,15.0,0.0,1.0,2.0,1.0,1.0,1.0,0.0,0.0,1.0,3.0,2.0,96.0,34.0,35.0,2.0,1.0,0.0,,0.0,70.0,,1611661330,False,0.5648998165704338,70.0,0.3336987609869164,34.0,127.38095238095238,111.76470588235294,15.616246498599438,84.0,107.0,95.0,70.0,36.0,0.6142857142857143,0.6430288461538461,1.5285714285714285,0.5789473684210527,0.4375,0.42857142857142855,0.45714285714285713,0.42857142857142855,0.1,0.014285714285714285,0.11428571428571428,0.08571428571428572,0.37142857142857144,0.8857142857142857,0.1875,0.6333333333333333,0.04938589771528057,0.16666666666666666,0.08333333333333333,0.8055555555555556,0.6542056074766355,15.476190476190476,35.294117647058826,0.102803738317757,0.13095238095238096,0.4166666666666667,0.3177570093457944,8.235294117647058,3.5294117647058822,23.52941176470588
1611661331,GSV,GSV,0,True,,2026-06-02 22:58:54,,,2026-06-01,8.0,8,6000.0,8.0,49.0,620.0,629.0,183.0,190.0,95.0,1249.0,78.0,140.0,11.0,26.0,16.0,40.0,44.0,138.0,16.0,52.0,23.0,58.0,3.0,9.0,4.0,13.0,69.0,184.0,7.0,22.0,18.0,48.0,138.0,330.0,92.0,242.0,134.0,686.0,637.0,18.0,51.0,10.0,31.0,24.0,90.0,32.0,89.0,22.0,61.0,63.0,193.0,146.0,130.0,231.0,45.0,18.0,184.0,69.0,36.0,3.0,73.0,77.0,150.0,54.0,23.0,45.0,19.0,9.0,377.0,48.0,58.0,5.0,85.0,116.0,17.0,218.0,111.0,329.0,12.0,53.0,39.0,14.0,44.0,10.0,30.0,42.0,5.0,14.0,3.0,4.0,86.0,7.0,28.0,74.0,170.0,5.0,12.0,8.0,179.0,10.0,18.0,16.0,176.0,18.0,4.0,58.0,5.0,28.0,35.0,2.0,2.0,19.0,,3.0,13.0,37.0,23.0,596.0,193.0,183.0,17.0,25.0,1.0,,,572.0,,1611661331,False,0.4946570298769772,572.0,0.314540059347181,342.0,110.64516129032258,101.27186009538951,9.373301194933063,77.5,85.75,79.625,572.0,230.0,0.4825174825174825,0.5281473269278147,1.1993006993006994,0.41818181818181815,0.38016528925619836,0.3076923076923077,0.4230769230769231,0.24475524475524477,0.24125874125874125,0.09090909090909091,0.3321678321678322,0.10139860139860139,0.32167832167832167,0.6678321678321678,0.2396694214876033,0.5571428571428572,-0.012139547359494685,0.13870967741935483,0.07096774193548387,0.6521739130434783,0.5495626822157434,17.903225806451616,34.65818759936407,0.13119533527696792,0.1532258064516129,0.29516129032258065,0.2813411078717201,8.426073131955485,5.88235294117647,27.027027027027028
1611661331,GSV,GSV,1,False,2026-06-02 22:58:54,2026-06-03 21:18:01,0.9299421296296296,2026-06-02,2026-06-02,1.0,9,1200.0,1.0,18.0,72.0,72.0,13.0,18.0,10.0,144.0,10.0,14.0,2.0,4.0,1.0,2.0,3.0,10.0,1.0,5.0,7.0,14.0,1.0,1.0,3.0,4.0,11.0,26.0,1.0,2.0,1.0,4.0,14.0,29.0,18.0,40.0,13.0,95.0,77.0,2.0,5.0,2.0,3.0,2.0,12.0,2.0,4.0,4.0,8.0,4.0,20.0,18.0,10.0,48.0,6.0,2.0,26.0,11.0,1.0,1.0,9.0,16.0,25.0,9.0,7.0,7.0,2.0,0.0,66.0,7.0,5.0,0.0,8.0,14.0,0.0,22.0,12.0,34.0,1.0,9.0,6.0,3.0,3.0,2.0,1.0,4.0,0.0,2.0,0.0,2.0,7.0,2.0,2.0,7.0,16.0,0.0,2.0,0.0,18.0,0.0,3.0,2.0,18.0,1.0,0.0,8.0,0.0,1.0,3.0,1.0,0.0,2.0,,0.0,1.0,4.0,2.0,83.0,20.0,13.0,2.0,1.0,0.0,,,69.0,,1611661331,False,0.5105388225163657,69.0,0.32445513000583703,37.0,131.94444444444443,106.94444444444444,24.999999999999986,72.0,95.0,77.0,69.0,32.0,0.5942028985507246,0.6175247009880395,1.3768115942028984,0.4827586206896552,0.45,0.2608695652173913,0.5797101449275363,0.2028985507246377,0.14492753623188406,0.07246376811594203,0.21739130434782608,0.2028985507246377,0.37681159420289856,0.782608695652174,0.35,0.7142857142857143,0.08366407603435888,0.09722222222222222,0.041666666666666664,0.78125,0.6947368421052632,16.666666666666664,30.555555555555557,0.12631578947368421,0.1388888888888889,0.18055555555555555,0.21052631578947367,12.5,5.555555555555555,22.22222222222222
1611661331,GSV,GSV,3,False,2026-06-04 16:41:49,2026-06-05 16:24:13,0.9877777777777778,2026-06-04,2026-06-04,1.0,10,600.0,1.0,-3.0,73.0,76.0,9.0,19.0,11.0,149.0,11.0,23.0,1.0,3.0,1.0,2.0,5.0,13.0,0.0,3.0,5.0,10.0,2.0,3.0,0.0,1.0,9.0,27.0,3.0,5.0,2.0,3.0,16.0,39.0,14.0,37.0,10.0,84.0,87.0,1.0,4.0,5.0,8.0,2.0,19.0,1.0,5.0,2.0,4.0,4.0,12.0,18.0,14.0,36.0,6.0,2.0,27.0,9.0,5.0,2.0,9.0,12.0,21.0,8.0,4.0,7.0,2.0,0.0,54.0,7.0,8.0,0.0,8.0,16.0,2.0,26.0,15.0,41.0,2.0,6.0,4.0,2.0,4.0,0.0,3.0,3.0,0.0,1.0,0.0,1.0,7.0,0.0,0.0,6.0,18.0,0.0,2.0,1.0,15.0,0.0,3.0,2.0,10.0,0.0,0.0,4.0,0.0,1.0,7.0,0.0,0.0,5.0,0.0,0.0,2.0,7.0,2.0,65.0,12.0,9.0,2.0,1.0,0.0,,,76.0,,1611661331,False,0.5254995877639975,76.0,0.3262128962256835,46.0,115.06849315068493,114.4736842105263,0.5948089401586287,73.0,84.0,87.0,76.0,30.0,0.4868421052631579,0.5223880597014925,1.105263157894737,0.41025641025641024,0.3783783783783784,0.13157894736842105,0.4868421052631579,0.3026315789473684,0.17105263157894737,0.039473684210526314,0.21052631578947367,0.13157894736842105,0.35526315789473684,0.7894736842105263,0.2702702702702703,0.4782608695652174,-0.03865748250083961,0.0958904109589041,0.0547945205479452,0.7,0.6428571428571429,20.54794520547945,34.21052631578947,0.2261904761904762,0.1506849315068493,0.1232876712328767,0.14285714285714285,7.894736842105263,9.210526315789473,23.684210526315788
1611661331,GSV,GSV,5,False,2026-06-06 15:03:59,2026-06-07 15:16:47,1.008888888888889,2026-06-06,2026-06-06,1.0,11,1200.0,1.0,-5.0,76.0,76.0,15.0,23.0,9.0,152.0,1.0,3.0,0.0,1.0,0.0,1.0,14.0,29.0,2.0,5.0,3.0,11.0,1.0,3.0,1.0,4.0,8.0,24.0,0.0,3.0,1.0,3.0,17.0,37.0,11.0,35.0,12.0,79.0,84.0,0.0,5.0,1.0,6.0,2.0,5.0,2.0,8.0,2.0,7.0,2.0,12.0,10.0,24.0,27.0,6.0,0.0,24.0,8.0,2.0,0.0,5.0,9.0,14.0,6.0,3.0,1.0,3.0,1.0,37.0,4.0,8.0,0.0,14.0,14.0,1.0,29.0,12.0,41.0,0.0,4.0,4.0,0.0,3.0,3.0,3.0,6.0,0.0,0.0,1.0,0.0,9.0,0.0,2.0,8.0,19.0,0.0,2.0,2.0,19.0,1.0,1.0,4.0,17.0,3.0,0.0,10.0,0.0,0.0,1.0,0.0,0.0,0.0,0.0,0.0,1.0,1.0,0.0,74.0,12.0,15.0,2.0,0.0,1.0,,,72.0,,1611661331,False,0.46056270583346365,72.0,0.2866735537190079,44.0,103.94736842105263,110.5263157894737,-6.578947368421069,76.0,79.0,84.0,72.0,28.0,0.4652777777777778,0.49698037242073473,1.0972222222222223,0.4594594594594595,0.3142857142857143,0.2361111111111111,0.4861111111111111,0.041666666666666664,0.4027777777777778,0.06944444444444445,0.4722222222222222,0.1527777777777778,0.3333333333333333,0.5277777777777778,0.3142857142857143,0.3333333333333333,0.004715071944314142,0.11842105263157894,0.039473684210526314,0.5,0.46835443037974683,15.789473684210526,38.15789473684211,0.06329113924050633,0.11842105263157894,0.19736842105263158,0.1518987341772152,5.263157894736842,1.3157894736842104,25.0
1611661331,GSV,GSV,8,False,2026-06-09 16:24:19,2026-06-10 16:54:00,1.0206134259259259,2026-06-09,2026-06-09,1.0,12,600.0,1.0,6.0,73.0,74.0,25.0,30.0,7.0,147.0,8.0,10.0,2.0,3.0,3.0,4.0,9.0,17.0,0.0,5.0,3.0,6.0,0.0,1.0,1.0,2.0,7.0,23.0,0.0,1.0,2.0,7.0,17.0,32.0,10.0,29.0,23.0,87.0,81.0,2.0,5.0,0.0,2.0,0.0,4.0,6.0,10.0,3.0,9.0,11.0,32.0,16.0,18.0,30.0,0.0,2.0,23.0,7.0,2.0,0.0,8.0,10.0,18.0,7.0,3.0,3.0,5.0,0.0,46.0,4.0,4.0,0.0,8.0,11.0,3.0,22.0,8.0,30.0,1.0,8.0,7.0,1.0,7.0,1.0,4.0,2.0,0.0,3.0,0.0,0.0,9.0,1.0,3.0,8.0,20.0,0.0,3.0,1.0,20.0,0.0,2.0,1.0,28.0,3.0,2.0,7.0,1.0,6.0,2.0,0.0,0.0,1.0,0.0,0.0,1.0,2.0,0.0,83.0,32.0,25.0,2.0,6.0,0.0,,,61.0,,1611661331,False,0.472490044338135,61.0,0.23418542636996248,34.0,119.17808219178083,109.45945945945945,9.718622732321379,73.0,87.0,81.0,61.0,27.0,0.5245901639344263,0.59328968903437,1.4262295081967213,0.53125,0.3448275862068966,0.45901639344262296,0.47540983606557374,0.16393442622950818,0.2786885245901639,0.08196721311475409,0.36065573770491804,0.09836065573770492,0.3770491803278688,0.639344262295082,0.20689655172413793,0.8,0.05210011959629124,0.1232876712328767,0.0958904109589041,0.6666666666666666,0.5287356321839081,10.95890410958904,29.72972972972973,0.04597701149425287,0.0958904109589041,0.3424657534246575,0.367816091954023,10.81081081081081,2.7027027027027026,27.027027027027028
1611661331,GSV,GSV,11,False,2026-06-12 16:37:05,2026-06-13 15:24:02,0.9492708333333333,2026-06-12,2026-06-12,1.0,13,1200.0,1.0,4.0,74.0,75.0,27.0,17.0,11.0,149.0,8.0,16.0,0.0,2.0,2.0,5.0,4.0,7.0,4.0,6.0,1.0,5.0,1.0,1.0,1.0,1.0,7.0,32.0,0.0,3.0,1.0,9.0,16.0,29.0,8.0,37.0,20.0,76.0,72.0,1.0,6.0,1.0,4.0,4.0,9.0,6.0,11.0,2.0,10.0,11.0,29.0,22.0,10.0,21.0,3.0,0.0,32.0,7.0,4.0,1.0,11.0,7.0,18.0,6.0,1.0,4.0,3.0,4.0,43.0,11.0,3.0,0.0,7.0,21.0,1.0,29.0,14.0,43.0,1.0,6.0,1.0,5.0,6.0,1.0,4.0,8.0,1.0,2.0,0.0,0.0,14.0,2.0,6.0,8.0,18.0,0.0,3.0,2.0,23.0,0.0,2.0,1.0,23.0,3.0,0.0,6.0,2.0,5.0,4.0,2.0,2.0,3.0,0.0,0.0,1.0,6.0,4.0,67.0,27.0,26.0,1.0,4.0,0.0,,,66.0,,1611661331,False,0.4960404778656499,66.0,0.3486864353348456,42.0,102.7027027027027,96.0,6.702702702702695,74.0,76.0,72.0,66.0,24.0,0.42424242424242425,0.49921177088807145,1.1515151515151516,0.5517241379310345,0.21621621621621623,0.3484848484848485,0.5606060606060606,0.24242424242424243,0.10606060606060606,0.09090909090909091,0.19696969696969696,0.07575757575757576,0.48484848484848486,0.803030303030303,0.13513513513513514,0.5,-0.07179805362322567,0.1891891891891892,0.08108108108108109,0.75,0.5657894736842105,18.91891891891892,38.666666666666664,0.11842105263157894,0.14864864864864866,0.36486486486486486,0.3815789473684211,8.0,8.0,24.0
1611661331,GSV,GSV,14,False,2026-06-15 18:20:23,2026-06-16 18:24:01,1.0025231481481482,2026-06-15,2026-06-15,1.0,14,600.0,1.0,20.0,72.0,73.0,18.0,24.0,11.0,145.0,2.0,3.0,0.0,0.0,0.0,1.0,18.0,29.0,1.0,13.0,2.0,7.0,0.0,1.0,1.0,3.0,5.0,14.0,0.0,0.0,0.0,3.0,21.0,45.0,7.0,21.0,15.0,78.0,58.0,3.0,8.0,0.0,1.0,5.0,11.0,4.0,12.0,1.0,6.0,4.0,15.0,28.0,14.0,15.0,6.0,2.0,14.0,5.0,3.0,1.0,14.0,5.0,19.0,3.0,2.0,2.0,12.0,0.0,43.0,5.0,7.0,0.0,12.0,14.0,3.0,29.0,12.0,41.0,0.0,13.0,7.0,6.0,4.0,1.0,2.0,6.0,2.0,2.0,0.0,0.0,10.0,1.0,3.0,7.0,20.0,0.0,1.0,2.0,17.0,1.0,2.0,0.0,19.0,0.0,0.0,5.0,0.0,4.0,4.0,0.0,0.0,0.0,0.0,0.0,4.0,4.0,2.0,67.0,15.0,18.0,3.0,3.0,0.0,,0.0,66.0,,1611661331,False,0.43387241397411286,66.0,0.32420538873557353,38.0,108.33333333333333,79.45205479452055,28.88127853881278,72.0,78.0,58.0,66.0,28.0,0.4772727272727273,0.5244755244755245,1.1818181818181819,0.4666666666666667,0.3333333333333333,0.2878787878787879,0.3181818181818182,0.045454545454545456,0.4393939393939394,0.19696969696969696,0.6363636363636364,0.10606060606060606,0.21212121212121213,0.36363636363636365,0.3333333333333333,0.6666666666666666,0.043400313298614435,0.1388888888888889,0.05555555555555555,0.6785714285714286,0.5512820512820513,16.666666666666664,39.726027397260275,0.14102564102564102,0.1527777777777778,0.25,0.19230769230769232,17.80821917808219,5.47945205479452,27.397260273972602
1611661331,GSV,GSV,15,False,2026-06-16 18:24:01,2026-06-18 16:49:24,1.9342939814814815,2026-06-16,2026-06-17,1.0,15,600.0,1.0,11.0,75.0,78.0,18.0,9.0,11.0,153.0,10.0,17.0,2.0,4.0,3.0,4.0,6.0,16.0,1.0,5.0,2.0,4.0,0.0,0.0,0.0,0.0,10.0,21.0,2.0,2.0,2.0,3.0,17.0,38.0,12.0,25.0,21.0,91.0,80.0,2.0,8.0,2.0,2.0,3.0,13.0,3.0,9.0,2.0,3.0,11.0,23.0,20.0,14.0,30.0,6.0,4.0,21.0,10.0,3.0,0.0,10.0,10.0,20.0,8.0,2.0,5.0,4.0,1.0,50.0,6.0,4.0,2.0,12.0,19.0,2.0,33.0,12.0,45.0,0.0,4.0,3.0,1.0,10.0,0.0,7.0,3.0,1.0,3.0,0.0,1.0,13.0,1.0,4.0,9.0,14.0,0.0,1.0,1.0,20.0,0.0,1.0,0.0,27.0,4.0,0.0,10.0,1.0,4.0,2.0,1.0,1.0,0.0,0.0,0.0,2.0,3.0,2.0,78.0,19.0,15.0,0.0,1.0,0.0,,0.0,63.0,,1611661331,False,0.4744925480298606,63.0,0.29381660458934156,34.0,121.33333333333334,102.56410256410255,18.769230769230788,75.0,91.0,80.0,63.0,29.0,0.5555555555555556,0.607638888888889,1.4444444444444444,0.4473684210526316,0.48,0.42857142857142855,0.3968253968253968,0.2698412698412698,0.25396825396825395,0.07936507936507936,0.3333333333333333,0.06349206349206349,0.3333333333333333,0.6666666666666666,0.16,0.5882352941176471,0.08106300752569501,0.17333333333333334,0.13333333333333333,0.6896551724137931,0.5494505494505495,16.0,42.30769230769231,0.14285714285714285,0.14666666666666667,0.24,0.25274725274725274,5.128205128205128,3.8461538461538463,17.94871794871795
1611661331,GSV,GSV,17,False,2026-06-19 16:26:43,2026-06-20 15:27:14,0.9586921296296296,2026-06-19,2026-06-19,1.0,16,600.0,1.0,-6.0,78.0,77.0,20.0,11.0,17.0,155.0,4.0,4.0,2.0,2.0,2.0,2.0,9.0,28.0,1.0,2.0,3.0,10.0,1.0,1.0,0.0,2.0,9.0,30.0,3.0,6.0,2.0,9.0,14.0,34.0,12.0,40.0,11.0,75.0,81.0,6.0,6.0,4.0,7.0,4.0,28.0,3.0,5.0,2.0,11.0,4.0,16.0,10.0,18.0,36.0,0.0,4.0,30.0,9.0,8.0,1.0,5.0,12.0,17.0,9.0,3.0,2.0,2.0,1.0,46.0,9.0,9.0,0.0,5.0,22.0,0.0,27.0,18.0,45.0,2.0,8.0,5.0,3.0,8.0,1.0,3.0,6.0,0.0,5.0,1.0,1.0,14.0,1.0,4.0,7.0,16.0,0.0,1.0,2.0,17.0,1.0,0.0,0.0,17.0,2.0,1.0,7.0,0.0,2.0,3.0,0.0,0.0,0.0,0.0,0.0,3.0,3.0,1.0,47.0,16.0,20.0,3.0,2.0,0.0,,0.0,74.0,,1611661331,False,0.4557980496087084,74.0,0.3826661993863638,48.0,96.15384615384616,105.1948051948052,-9.040959040959038,78.0,75.0,81.0,74.0,26.0,0.43243243243243246,0.46023564064801176,1.0135135135135136,0.4117647058823529,0.3,0.22972972972972974,0.5405405405405406,0.05405405405405406,0.3783783783783784,0.02702702702702703,0.40540540540540543,0.13513513513513514,0.40540540540540543,0.5945945945945946,0.25,1.0,-0.023365617176275943,0.1794871794871795,0.10256410256410256,0.6538461538461539,0.6133333333333333,23.076923076923077,35.064935064935064,0.37333333333333335,0.21794871794871795,0.2564102564102564,0.21333333333333335,10.38961038961039,3.896103896103896,20.77922077922078
1611661331,GSV,GSV,19,False,2026-06-21 15:43:44,2026-06-23 16:17:53,2.023715277777778,2026-06-21,2026-06-22,1.0,17,600.0,1.0,-19.0,71.0,72.0,19.0,13.0,12.0,143.0,5.0,8.0,0.0,3.0,0.0,0.0,13.0,22.0,5.0,7.0,1.0,6.0,0.0,1.0,0.0,1.0,4.0,24.0,0.0,2.0,1.0,7.0,23.0,37.0,5.0,30.0,12.0,73.0,92.0,2.0,5.0,0.0,3.0,4.0,8.0,3.0,8.0,1.0,8.0,5.0,14.0,10.0,36.0,15.0,0.0,2.0,24.0,4.0,3.0,0.0,5.0,5.0,10.0,4.0,1.0,1.0,2.0,2.0,25.0,6.0,7.0,0.0,12.0,8.0,0.0,20.0,13.0,33.0,0.0,7.0,6.0,1.0,5.0,3.0,4.0,5.0,0.0,1.0,0.0,0.0,10.0,3.0,5.0,4.0,15.0,0.0,2.0,2.0,18.0,0.0,0.0,2.0,18.0,3.0,1.0,7.0,0.0,3.0,1.0,0.0,0.0,0.0,0.0,0.0,1.0,1.0,1.0,65.0,14.0,19.0,1.0,3.0,0.0,,0.0,67.0,,1611661331,False,0.45387638932326957,67.0,0.34188147501505994,39.0,102.8169014084507,127.77777777777777,-24.960876369327067,71.0,73.0,92.0,67.0,28.0,0.4552238805970149,0.48718633208756007,1.0895522388059702,0.6216216216216216,0.16666666666666666,0.26865671641791045,0.44776119402985076,0.11940298507462686,0.3283582089552239,0.1044776119402985,0.43283582089552236,0.08955223880597014,0.3582089552238806,0.5671641791044776,0.2,0.625,0.0013474912737453382,0.14084507042253522,0.07042253521126761,0.35714285714285715,0.3424657534246575,18.30985915492958,27.77777777777778,0.1095890410958904,0.16901408450704225,0.2676056338028169,0.1917808219178082,9.722222222222223,1.3888888888888888,20.833333333333336
1611661331,GSV,GSV,21,False,2026-06-24 16:05:29,2026-06-25 16:13:09,1.005324074074074,2026-06-24,2026-06-24,1.0,18,600.0,1.0,11.0,71.0,72.0,19.0,10.0,8.0,143.0,7.0,14.0,2.0,2.0,2.0,2.0,4.0,12.0,1.0,2.0,5.0,8.0,0.0,2.0,1.0,3.0,10.0,24.0,1.0,3.0,4.0,11.0,12.0,28.0,15.0,32.0,8.0,77.0,66.0,2.0,2.0,1.0,5.0,0.0,7.0,2.0,2.0,5.0,14.0,1.0,20.0,12.0,12.0,42.0,3.0,2.0,24.0,10.0,2.0,1.0,6.0,14.0,20.0,9.0,5.0,3.0,2.0,1.0,54.0,6.0,3.0,0.0,8.0,17.0,4.0,29.0,9.0,38.0,1.0,5.0,3.0,2.0,6.0,2.0,3.0,11.0,0.0,3.0,1.0,0.0,17.0,3.0,7.0,13.0,20.0,2.0,1.0,1.0,16.0,2.0,2.0,1.0,12.0,0.0,0.0,6.0,0.0,0.0,7.0,0.0,0.0,3.0,0.0,0.0,4.0,7.0,6.0,70.0,20.0,19.0,0.0,0.0,0.0,,0.0,60.0,,1611661331,False,0.48980378104475525,60.0,0.301290570509023,33.0,108.45070422535213,91.66666666666666,16.78403755868547,71.0,77.0,66.0,60.0,27.0,0.575,0.5897671568627451,1.2833333333333334,0.42857142857142855,0.46875,0.2,0.5333333333333333,0.23333333333333334,0.2,0.03333333333333333,0.23333333333333334,0.13333333333333333,0.4,0.7666666666666667,0.25,0.5,0.0851962189552447,0.23943661971830985,0.08450704225352113,0.7407407407407407,0.7012987012987013,12.676056338028168,40.27777777777778,0.09090909090909091,0.11267605633802817,0.2676056338028169,0.2597402597402597,6.944444444444445,9.722222222222223,27.77777777777778
1611661331,GSV,GSV,23,False,2026-06-26 16:05:12,2026-06-27 15:06:40,0.9593518518518519,2026-06-26,2026-06-26,1.0,19,600.0,1.0,3.0,79.0,81.0,7.0,36.0,10.0,160.0,14.0,18.0,2.0,3.0,1.0,1.0,8.0,19.0,0.0,3.0,1.0,10.0,1.0,2.0,0.0,0.0,4.0,12.0,0.0,1.0,0.0,1.0,22.0,40.0,5.0,22.0,19.0,78.0,75.0,3.0,6.0,1.0,3.0,2.0,11.0,1.0,1.0,0.0,1.0,7.0,9.0,18.0,26.0,15.0,0.0,0.0,12.0,4.0,4.0,0.0,9.0,5.0,14.0,4.0,1.0,6.0,3.0,0.0,33.0,7.0,6.0,0.0,12.0,19.0,2.0,33.0,13.0,46.0,0.0,6.0,5.0,1.0,14.0,1.0,6.0,4.0,0.0,8.0,1.0,2.0,18.0,3.0,0.0,14.0,22.0,0.0,3.0,0.0,21.0,1.0,4.0,2.0,25.0,1.0,0.0,8.0,0.0,5.0,9.0,0.0,0.0,6.0,0.0,0.0,3.0,9.0,7.0,67.0,9.0,7.0,1.0,5.0,0.0,,0.0,62.0,,1611661331,False,0.49595770197041594,62.0,0.3725036187771788,35.0,98.73417721518987,92.5925925925926,6.1415846225972786,79.0,78.0,75.0,62.0,27.0,0.47580645161290325,0.5342465753424658,1.2580645161290323,0.55,0.22727272727272727,0.4032258064516129,0.3548387096774194,0.2903225806451613,0.3064516129032258,0.04838709677419355,0.3548387096774194,0.16129032258064516,0.1935483870967742,0.6451612903225806,0.45454545454545453,0.7777777777777778,-0.020151250357512696,0.22784810126582278,0.17721518987341772,0.5185185185185185,0.4230769230769231,16.455696202531644,40.74074074074074,0.14102564102564102,0.12658227848101267,0.08860759493670886,0.11538461538461539,7.4074074074074066,11.11111111111111,27.160493827160494
1611661331,GSV,GSV,25,False,2026-06-28 15:09:09,2026-06-29 16:48:32,1.0690162037037036,2026-06-28,2026-06-28,1.0,20,600.0,1.0,9.0,68.0,68.0,19.0,31.0,11.0,136.0,5.0,7.0,0.0,0.0,3.0,4.0,11.0,22.0,5.0,8.0,2.0,10.0,1.0,2.0,1.0,2.0,5.0,18.0,0.0,2.0,2.0,4.0,21.0,37.0,7.0,28.0,13.0,76.0,67.0,5.0,7.0,1.0,4.0,2.0,15.0,7.0,10.0,3.0,6.0,6.0,29.0,26.0,16.0,21.0,0.0,0.0,18.0,5.0,2.0,0.0,13.0,7.0,20.0,5.0,2.0,3.0,7.0,3.0,47.0,9.0,4.0,0.0,14.0,11.0,1.0,26.0,13.0,39.0,2.0,5.0,4.0,1.0,5.0,1.0,2.0,3.0,0.0,3.0,0.0,0.0,8.0,1.0,0.0,4.0,24.0,0.0,3.0,2.0,21.0,1.0,3.0,2.0,18.0,1.0,2.0,6.0,1.0,2.0,2.0,0.0,0.0,1.0,0.0,0.0,1.0,2.0,1.0,61.0,29.0,19.0,6.0,2.0,0.0,,1.0,65.0,,1611661331,False,0.43935140749178675,65.0,0.36080471702101596,37.0,111.76470588235294,98.52941176470588,13.235294117647058,68.0,76.0,67.0,65.0,28.0,0.4846153846153846,0.5211190345584201,1.1692307692307693,0.5675675675675675,0.25,0.27692307692307694,0.4307692307692308,0.1076923076923077,0.3384615384615385,0.12307692307692308,0.46153846153846156,0.15384615384615385,0.27692307692307694,0.5384615384615384,0.35714285714285715,0.7142857142857143,0.045263977123597865,0.11764705882352941,0.07352941176470588,0.7142857142857143,0.618421052631579,19.11764705882353,38.23529411764706,0.19736842105263158,0.16176470588235295,0.27941176470588236,0.3815789473684211,7.352941176470589,2.941176470588235,35.294117647058826
1611661331,GSV,GSV,27,False,2026-07-04 14:56:19,2026-07-05 15:04:24,1.005613425925926,2026-07-04,2026-07-04,1.0,21,600.0,1.0,5.0,77.0,79.0,16.0,34.0,11.0,156.0,15.0,21.0,5.0,6.0,4.0,5.0,3.0,9.0,0.0,3.0,3.0,9.0,0.0,0.0,1.0,2.0,10.0,25.0,1.0,1.0,0.0,3.0,18.0,33.0,13.0,34.0,13.0,88.0,83.0,5.0,7.0,1.0,1.0,2.0,15.0,5.0,6.0,1.0,5.0,6.0,19.0,16.0,20.0,33.0,6.0,4.0,25.0,10.0,0.0,1.0,8.0,11.0,19.0,8.0,3.0,7.0,1.0,0.0,49.0,7.0,3.0,1.0,11.0,13.0,3.0,27.0,11.0,38.0,1.0,15.0,10.0,5.0,6.0,2.0,2.0,9.0,1.0,4.0,0.0,2.0,15.0,2.0,3.0,14.0,28.0,0.0,3.0,2.0,20.0,0.0,1.0,2.0,17.0,6.0,1.0,9.0,0.0,2.0,3.0,1.0,0.0,3.0,1.0,0.0,0.0,4.0,1.0,73.0,15.0,14.0,4.0,0.0,0.0,,0.0,67.0,,1611661331,False,0.5213333848312248,67.0,0.2769326939767309,36.0,114.28571428571428,105.0632911392405,9.222423146473773,77.0,88.0,83.0,67.0,31.0,0.5597014925373134,0.5907626208378087,1.3134328358208955,0.5454545454545454,0.38235294117647056,0.2537313432835821,0.5074626865671642,0.31343283582089554,0.13432835820895522,0.04477611940298507,0.1791044776119403,0.13432835820895522,0.373134328358209,0.8208955223880597,0.2647058823529412,0.7142857142857143,0.03836810770608856,0.19480519480519481,0.07792207792207792,0.6129032258064516,0.5568181818181818,14.285714285714285,34.177215189873415,0.17045454545454544,0.14285714285714285,0.2077922077922078,0.2159090909090909,18.9873417721519,5.063291139240507,35.44303797468354
1611661331,GSV,GSV,28,False,2026-07-05 15:04:24,2026-07-07 16:15:04,2.049074074074074,2026-07-05,2026-07-06,1.0,22,600.0,1.0,13.0,67.0,68.0,18.0,20.0,12.0,135.0,9.0,14.0,3.0,4.0,2.0,3.0,3.0,11.0,8.0,15.0,2.0,11.0,0.0,2.0,1.0,2.0,4.0,23.0,1.0,3.0,2.0,6.0,20.0,40.0,6.0,34.0,4.0,62.0,49.0,4.0,8.0,1.0,5.0,0.0,11.0,4.0,10.0,3.0,8.0,0.0,17.0,18.0,22.0,15.0,3.0,4.0,23.0,4.0,3.0,0.0,9.0,5.0,14.0,3.0,2.0,3.0,2.0,4.0,33.0,9.0,5.0,0.0,14.0,10.0,1.0,25.0,14.0,39.0,1.0,10.0,6.0,4.0,1.0,2.0,0.0,5.0,1.0,1.0,0.0,1.0,6.0,1.0,2.0,8.0,16.0,0.0,2.0,0.0,13.0,1.0,5.0,1.0,4.0,2.0,0.0,3.0,0.0,0.0,5.0,0.0,0.0,3.0,0.0,1.0,1.0,5.0,0.0,51.0,17.0,18.0,0.0,0.0,0.0,,0.0,74.0,,1611661331,False,0.48072226520697325,74.0,0.29791224297855834,48.0,92.53731343283582,72.05882352941177,20.478489903424048,67.0,62.0,49.0,74.0,26.0,0.3918918918918919,0.40918690601900737,0.8378378378378378,0.5,0.17647058823529413,0.05405405405405406,0.4594594594594595,0.1891891891891892,0.14864864864864866,0.20270270270270271,0.35135135135135137,0.14864864864864866,0.3108108108108108,0.6486486486486487,0.3235294117647059,0.6428571428571429,-0.08883037331508137,0.08955223880597014,0.014925373134328358,0.5384615384615384,0.532258064516129,20.8955223880597,36.76470588235294,0.1774193548387097,0.1791044776119403,0.26865671641791045,0.27419354838709675,14.705882352941178,7.352941176470589,23.52941176470588
1611661331,GSV,GSV,30,False,2026-07-08 15:56:18,2026-07-09 16:20:00,1.0164583333333332,2026-07-08,2026-07-08,1.0,23,1200.0,1.0,8.0,74.0,76.0,10.0,16.0,11.0,150.0,9.0,14.0,2.0,3.0,0.0,0.0,5.0,10.0,1.0,4.0,2.0,7.0,2.0,3.0,0.0,1.0,9.0,23.0,0.0,1.0,0.0,2.0,15.0,28.0,11.0,30.0,20.0,83.0,75.0,2.0,3.0,2.0,4.0,5.0,15.0,2.0,4.0,0.0,3.0,4.0,8.0,14.0,16.0,33.0,0.0,0.0,23.0,9.0,0.0,0.0,7.0,11.0,18.0,9.0,2.0,5.0,2.0,0.0,47.0,5.0,6.0,1.0,11.0,9.0,1.0,21.0,12.0,33.0,0.0,7.0,6.0,1.0,6.0,2.0,3.0,10.0,1.0,3.0,1.0,0.0,16.0,2.0,3.0,9.0,20.0,0.0,2.0,3.0,20.0,1.0,1.0,3.0,25.0,0.0,0.0,10.0,1.0,1.0,3.0,0.0,0.0,1.0,0.0,0.0,2.0,3.0,2.0,68.0,8.0,10.0,1.0,1.0,0.0,,0.0,58.0,,1611661331,False,0.5109045330069922,58.0,0.3544016713612539,32.0,112.16216216216218,98.68421052631578,13.477951635846395,74.0,83.0,75.0,58.0,26.0,0.5431034482758621,0.6014492753623188,1.4310344827586208,0.5357142857142857,0.36666666666666664,0.43103448275862066,0.5172413793103449,0.2413793103448276,0.1724137931034483,0.06896551724137931,0.2413793103448276,0.1206896551724138,0.39655172413793105,0.7586206896551724,0.23333333333333334,0.6428571428571429,0.032198915268869865,0.21621621621621623,0.08108108108108109,0.6923076923076923,0.5662650602409639,16.216216216216218,27.631578947368425,0.18072289156626506,0.14864864864864866,0.13513513513513514,0.0963855421686747,9.210526315789473,3.9473684210526314,26.31578947368421
1611661331,GSV,GSV,32,False,2026-07-10 16:11:44,2026-07-11 14:43:06,0.9384490740740741,2026-07-10,2026-07-10,1.0,24,1200.0,1.0,15.0,73.0,73.0,16.0,21.0,9.0,146.0,12.0,18.0,2.0,4.0,1.0,1.0,10.0,17.0,1.0,7.0,3.0,4.0,0.0,0.0,1.0,1.0,5.0,14.0,1.0,3.0,2.0,3.0,23.0,42.0,8.0,18.0,9.0,79.0,64.0,5.0,7.0,1.0,3.0,0.0,13.0,6.0,8.0,3.0,4.0,5.0,26.0,22.0,24.0,24.0,0.0,4.0,14.0,5.0,3.0,0.0,11.0,8.0,19.0,5.0,3.0,6.0,5.0,0.0,46.0,4.0,7.0,0.0,7.0,13.0,2.0,22.0,11.0,33.0,0.0,11.0,8.0,3.0,10.0,2.0,6.0,7.0,0.0,4.0,0.0,0.0,17.0,0.0,2.0,8.0,20.0,1.0,2.0,2.0,20.0,2.0,1.0,3.0,13.0,1.0,0.0,6.0,0.0,1.0,6.0,0.0,0.0,4.0,0.0,1.0,1.0,6.0,4.0,66.0,26.0,16.0,1.0,1.0,0.0,,0.0,60.0,,1611661331,False,0.4782779024176231,60.0,0.3917703618932051,29.0,108.21917808219179,87.67123287671232,20.547945205479465,73.0,79.0,64.0,60.0,31.0,0.5833333333333334,0.601034692635423,1.3166666666666667,0.5476190476190477,0.4444444444444444,0.21666666666666667,0.3,0.3,0.2833333333333333,0.11666666666666667,0.4,0.06666666666666667,0.23333333333333334,0.6,0.2222222222222222,0.6666666666666666,0.10505543091571029,0.2328767123287671,0.136986301369863,0.6129032258064516,0.5822784810126582,15.068493150684931,30.136986301369863,0.16455696202531644,0.1232876712328767,0.2191780821917808,0.3291139240506329,15.068493150684931,8.21917808219178,27.397260273972602
1611661331,GSV,GSV,36,False,2026-07-14 15:13:54,2026-07-16 15:23:36,2.006736111111111,2026-07-14,2026-07-15,1.0,25,600.0,1.0,13.0,77.0,78.0,14.0,14.0,7.0,155.0,16.0,18.0,1.0,1.0,2.0,2.0,2.0,8.0,4.0,8.0,1.0,5.0,0.0,1.0,0.0,0.0,7.0,19.0,0.0,2.0,0.0,1.0,22.0,34.0,8.0,24.0,20.0,88.0,75.0,2.0,2.0,0.0,3.0,0.0,4.0,2.0,3.0,0.0,1.0,10.0,14.0,18.0,26.0,21.0,3.0,0.0,19.0,7.0,2.0,0.0,9.0,7.0,16.0,6.0,1.0,7.0,1.0,1.0,39.0,7.0,1.0,0.0,10.0,16.0,2.0,28.0,8.0,36.0,0.0,9.0,6.0,3.0,8.0,3.0,4.0,9.0,1.0,4.0,1.0,1.0,17.0,3.0,6.0,6.0,15.0,0.0,3.0,0.0,19.0,0.0,0.0,2.0,23.0,2.0,1.0,7.0,0.0,5.0,4.0,0.0,0.0,2.0,0.0,2.0,0.0,4.0,1.0,84.0,10.0,12.0,1.0,2.0,0.0,,0.0,58.0,,1611661331,False,0.5155474233909108,58.0,0.2849998453077051,28.0,114.28571428571428,96.15384615384616,18.131868131868117,77.0,88.0,75.0,58.0,30.0,0.5862068965517241,0.6459189665296535,1.5172413793103448,0.6470588235294118,0.3333333333333333,0.39655172413793105,0.41379310344827586,0.3103448275862069,0.13793103448275862,0.13793103448275862,0.27586206896551724,0.08620689655172414,0.3275862068965517,0.7241379310344828,0.20833333333333334,0.8888888888888888,0.07065947316081334,0.22077922077922077,0.1038961038961039,0.5333333333333333,0.4431818181818182,10.38961038961039,35.8974358974359,0.045454545454545456,0.09090909090909091,0.18181818181818182,0.1590909090909091,11.538461538461538,5.128205128205128,19.230769230769234
1611661331,GSV,GSV,38,False,2026-07-18 14:42:59,2026-07-19 14:45:02,1.001423611111111,2026-07-18,2026-07-18,1.0,26,600.0,1.0,5.0,66.0,69.0,12.0,10.0,10.0,135.0,0.0,1.0,0.0,1.0,0.0,0.0,9.0,21.0,3.0,4.0,3.0,6.0,0.0,0.0,1.0,2.0,9.0,27.0,2.0,4.0,0.0,2.0,12.0,26.0,12.0,33.0,14.0,74.0,69.0,1.0,4.0,2.0,4.0,1.0,9.0,2.0,2.0,1.0,4.0,6.0,13.0,18.0,6.0,36.0,0.0,0.0,27.0,9.0,5.0,0.0,9.0,12.0,21.0,9.0,3.0,0.0,9.0,0.0,54.0,6.0,4.0,0.0,10.0,10.0,0.0,20.0,10.0,30.0,2.0,8.0,5.0,3.0,5.0,1.0,4.0,3.0,1.0,1.0,0.0,0.0,8.0,1.0,2.0,6.0,16.0,0.0,2.0,1.0,17.0,0.0,1.0,1.0,20.0,2.0,0.0,8.0,0.0,3.0,2.0,0.0,0.0,1.0,0.0,0.0,1.0,2.0,1.0,65.0,13.0,12.0,0.0,3.0,0.0,,0.0,59.0,,1611661331,False,0.4491402421040548,59.0,0.285044945253214,35.0,112.12121212121211,100.0,12.12121212121211,66.0,74.0,69.0,59.0,24.0,0.5084745762711864,0.5457227138643068,1.2542372881355932,0.46153846153846156,0.36363636363636365,0.3389830508474576,0.559322033898305,0.01694915254237288,0.3559322033898305,0.06779661016949153,0.423728813559322,0.1016949152542373,0.4576271186440678,0.576271186440678,0.18181818181818182,0.0,0.05933433416713163,0.12121212121212122,0.07575757575757576,0.875,0.7297297297297297,15.151515151515152,28.985507246376812,0.12162162162162163,0.15151515151515152,0.18181818181818182,0.17567567567567569,11.594202898550725,2.898550724637681,23.18840579710145
1611661331,GSV,GSV,40,False,2026-07-20 15:42:54,2026-07-21 15:27:31,0.9893171296296296,2026-07-20,2026-07-20,1.0,27,600.0,1.0,-8.0,76.0,76.0,7.0,11.0,8.0,152.0,9.0,17.0,4.0,5.0,1.0,1.0,8.0,15.0,2.0,7.0,3.0,11.0,0.0,0.0,0.0,1.0,9.0,22.0,0.0,1.0,1.0,6.0,19.0,39.0,12.0,33.0,8.0,82.0,90.0,4.0,5.0,0.0,1.0,0.0,8.0,1.0,1.0,1.0,7.0,2.0,7.0,18.0,20.0,36.0,0.0,6.0,22.0,9.0,5.0,0.0,9.0,12.0,21.0,9.0,3.0,4.0,5.0,0.0,54.0,5.0,3.0,0.0,6.0,10.0,0.0,16.0,8.0,24.0,2.0,10.0,6.0,4.0,4.0,3.0,4.0,5.0,0.0,0.0,0.0,1.0,9.0,2.0,0.0,9.0,15.0,0.0,1.0,0.0,14.0,0.0,0.0,3.0,11.0,1.0,1.0,4.0,1.0,0.0,4.0,0.0,0.0,3.0,0.0,0.0,1.0,4.0,3.0,74.0,7.0,7.0,3.0,0.0,0.0,,0.0,72.0,,1611661331,False,0.4812532017869352,72.0,0.20850829773006607,41.0,107.89473684210526,118.42105263157893,-10.52631578947367,76.0,82.0,90.0,72.0,31.0,0.5138888888888888,0.5335762623633524,1.1388888888888888,0.48717948717948717,0.36363636363636365,0.1527777777777778,0.4583333333333333,0.2361111111111111,0.20833333333333334,0.09722222222222222,0.3055555555555556,0.1527777777777778,0.3055555555555556,0.6944444444444444,0.3333333333333333,0.5294117647058824,0.03263568710195364,0.11842105263157894,0.05263157894736842,0.6774193548387096,0.6585365853658537,10.526315789473683,21.052631578947366,0.0975609756097561,0.10526315789473684,0.09210526315789473,0.08536585365853659,13.157894736842104,5.263157894736842,19.736842105263158
1611661331,GSV,GSV,43,False,2026-07-29 15:43:06,2026-07-30 15:44:56,1.001273148148148,2026-07-29,2026-07-29,1.0,28,600.0,1.0,-2.0,76.0,77.0,28.0,46.0,14.0,153.0,10.0,17.0,2.0,4.0,2.0,4.0,9.0,22.0,0.0,4.0,3.0,5.0,0.0,0.0,2.0,3.0,9.0,28.0,2.0,7.0,5.0,7.0,19.0,43.0,12.0,33.0,15.0,89.0,91.0,4.0,8.0,2.0,7.0,0.0,14.0,9.0,14.0,7.0,10.0,12.0,51.0,24.0,14.0,36.0,0.0,0.0,28.0,9.0,7.0,0.0,12.0,12.0,24.0,9.0,3.0,5.0,7.0,0.0,60.0,7.0,7.0,1.0,5.0,14.0,4.0,23.0,15.0,38.0,1.0,7.0,5.0,2.0,3.0,2.0,2.0,6.0,0.0,1.0,0.0,1.0,9.0,1.0,2.0,13.0,34.0,0.0,4.0,0.0,23.0,0.0,1.0,1.0,19.0,3.0,0.0,6.0,2.0,2.0,1.0,0.0,0.0,0.0,0.0,0.0,1.0,1.0,1.0,75.0,51.0,28.0,7.0,2.0,0.0,,0.0,76.0,,1611661331,False,0.48197873936708907,76.0,0.325334456389314,45.0,117.10526315789474,118.18181818181819,-1.0765550239234472,76.0,89.0,91.0,76.0,31.0,0.4868421052631579,0.5275011853959223,1.1710526315789473,0.4418604651162791,0.36363636363636365,0.25,0.4342105263157895,0.2236842105263158,0.2894736842105263,0.05263157894736842,0.34210526315789475,0.06578947368421052,0.3684210526315789,0.6578947368421053,0.15151515151515152,0.5882352941176471,0.004863365896068839,0.11842105263157894,0.039473684210526314,0.7741935483870968,0.6741573033707865,19.736842105263158,29.87012987012987,0.15730337078651685,0.18421052631578946,0.3684210526315789,0.5730337078651685,9.090909090909092,1.2987012987012987,44.15584415584416
1611661331,GSV,GSV,47,False,2026-08-02 14:53:00,2026-08-03 16:13:19,1.055775462962963,2026-08-02,2026-08-02,1.0,29,1200.0,1.0,17.0,76.0,75.0,23.0,31.0,7.0,151.0,7.0,10.0,1.0,1.0,2.0,2.0,10.0,23.0,2.0,5.0,6.0,14.0,0.0,0.0,1.0,4.0,8.0,15.0,3.0,3.0,2.0,5.0,19.0,38.0,14.0,29.0,16.0,96.0,79.0,2.0,2.0,3.0,3.0,0.0,13.0,7.0,9.0,3.0,9.0,9.0,32.0,28.0,10.0,36.0,6.0,0.0,15.0,8.0,1.0,0.0,14.0,12.0,26.0,6.0,6.0,6.0,6.0,2.0,64.0,4.0,3.0,0.0,16.0,9.0,1.0,26.0,7.0,33.0,0.0,8.0,3.0,5.0,3.0,2.0,1.0,5.0,1.0,2.0,0.0,0.0,8.0,1.0,2.0,9.0,20.0,0.0,1.0,1.0,21.0,0.0,2.0,3.0,18.0,4.0,0.0,10.0,0.0,1.0,5.0,0.0,0.0,2.0,0.0,0.0,3.0,5.0,2.0,83.0,32.0,23.0,2.0,1.0,0.0,,0.0,67.0,,1611661331,False,0.4805713917506898,67.0,0.21300017910728203,34.0,126.3157894736842,105.33333333333333,20.982456140350877,76.0,96.0,79.0,67.0,33.0,0.5970149253731343,0.6406833956219968,1.4328358208955223,0.5,0.4827586206896552,0.26865671641791045,0.43283582089552236,0.14925373134328357,0.34328358208955223,0.07462686567164178,0.417910447761194,0.208955223880597,0.22388059701492538,0.582089552238806,0.4827586206896552,0.7,0.11644353362244447,0.10526315789473684,0.039473684210526314,0.7878787878787878,0.6666666666666666,9.210526315789473,34.66666666666667,0.13541666666666666,0.09210526315789473,0.3026315789473684,0.3333333333333333,10.666666666666668,6.666666666666667,26.666666666666668
1611661331,GSV,GSV,48,False,2026-08-03 16:13:19,2026-08-05 15:53:24,1.9861689814814816,2026-08-03,2026-08-04,1.0,30,600.0,1.0,11.0,74.0,75.0,14.0,8.0,14.0,149.0,13.0,17.0,5.0,6.0,3.0,5.0,6.0,14.0,0.0,4.0,2.0,5.0,1.0,1.0,0.0,0.0,10.0,28.0,2.0,5.0,2.0,9.0,19.0,35.0,12.0,33.0,18.0,92.0,81.0,5.0,7.0,3.0,6.0,3.0,22.0,3.0,8.0,2.0,9.0,6.0,18.0,18.0,20.0,36.0,0.0,8.0,28.0,10.0,2.0,1.0,9.0,12.0,21.0,10.0,2.0,5.0,4.0,0.0,54.0,8.0,7.0,1.0,13.0,10.0,1.0,24.0,16.0,40.0,2.0,9.0,7.0,2.0,8.0,2.0,6.0,6.0,0.0,2.0,0.0,1.0,14.0,2.0,2.0,8.0,14.0,0.0,0.0,1.0,19.0,0.0,0.0,2.0,23.0,1.0,1.0,7.0,1.0,3.0,2.0,0.0,0.0,1.0,0.0,0.0,1.0,2.0,0.0,70.0,15.0,12.0,0.0,0.0,1.0,,0.0,68.0,,1611661331,False,0.4865590237966678,68.0,0.41605754586689697,37.0,124.32432432432432,108.0,16.324324324324323,74.0,92.0,81.0,68.0,31.0,0.5441176470588235,0.5888376856118791,1.3529411764705883,0.5428571428571428,0.36363636363636365,0.3382352941176471,0.4852941176470588,0.25,0.20588235294117646,0.058823529411764705,0.2647058823529412,0.07352941176470588,0.4117647058823529,0.7352941176470589,0.15151515151515152,0.7647058823529411,0.05755862326215566,0.1891891891891892,0.10810810810810811,0.6774193548387096,0.5869565217391305,21.62162162162162,32.0,0.2391304347826087,0.1891891891891892,0.1891891891891892,0.1956521739130435,12.0,2.666666666666667,18.666666666666668
1611661331,GSV,GSV,50,False,2026-08-07 14:43:29,2026-08-08 14:20:53,0.9843055555555555,2026-08-07,2026-08-07,1.0,31,2400.0,1.0,18.0,75.0,77.0,9.0,33.0,11.0,152.0,16.0,19.0,2.0,2.0,1.0,1.0,3.0,12.0,2.0,6.0,3.0,7.0,0.0,1.0,1.0,1.0,9.0,27.0,2.0,7.0,1.0,2.0,21.0,37.0,12.0,34.0,16.0,94.0,76.0,2.0,3.0,2.0,8.0,0.0,10.0,1.0,1.0,2.0,3.0,7.0,15.0,30.0,12.0,36.0,0.0,2.0,27.0,9.0,2.0,1.0,15.0,12.0,27.0,9.0,3.0,11.0,3.0,1.0,66.0,6.0,5.0,1.0,11.0,11.0,7.0,29.0,12.0,41.0,1.0,8.0,3.0,5.0,7.0,0.0,3.0,1.0,0.0,4.0,0.0,0.0,8.0,1.0,1.0,15.0,24.0,0.0,1.0,0.0,15.0,1.0,0.0,1.0,18.0,2.0,0.0,7.0,0.0,3.0,5.0,0.0,0.0,2.0,0.0,0.0,3.0,5.0,0.0,84.0,15.0,9.0,5.0,3.0,0.0,,0.0,71.0,,1611661331,False,0.5205412517903971,71.0,0.2889165399657947,38.0,125.33333333333334,98.7012987012987,26.632034632034646,75.0,94.0,76.0,71.0,33.0,0.5492957746478874,0.5955397871262037,1.323943661971831,0.5675675675675675,0.35294117647058826,0.2535211267605634,0.4788732394366197,0.2676056338028169,0.16901408450704225,0.08450704225352113,0.2535211267605634,0.09859154929577464,0.38028169014084506,0.7464788732394366,0.20588235294117646,0.8421052631578947,0.02875452285749025,0.10666666666666667,0.09333333333333334,0.8181818181818182,0.7021276595744681,16.0,37.66233766233766,0.10638297872340426,0.14666666666666667,0.12,0.1595744680851064,10.38961038961039,6.493506493506493,31.16883116883117
1611661331,GSV,GSV,52,False,2026-08-09 14:22:34,2026-08-10 14:48:26,1.017962962962963,2026-08-09,2026-08-09,1.0,32,2400.0,1.0,6.0,71.0,72.0,13.0,13.0,11.0,143.0,7.0,8.0,2.0,3.0,1.0,1.0,10.0,21.0,3.0,6.0,2.0,10.0,1.0,3.0,0.0,0.0,10.0,24.0,2.0,5.0,2.0,3.0,20.0,35.0,12.0,34.0,8.0,84.0,78.0,3.0,6.0,3.0,8.0,0.0,15.0,4.0,6.0,2.0,3.0,6.0,20.0,22.0,18.0,33.0,3.0,0.0,24.0,10.0,1.0,0.0,11.0,11.0,22.0,9.0,2.0,5.0,3.0,3.0,55.0,9.0,7.0,0.0,13.0,10.0,3.0,26.0,16.0,42.0,1.0,7.0,6.0,1.0,6.0,0.0,4.0,9.0,0.0,2.0,0.0,2.0,15.0,3.0,2.0,4.0,16.0,0.0,2.0,2.0,17.0,0.0,1.0,3.0,9.0,3.0,0.0,3.0,0.0,3.0,2.0,0.0,0.0,0.0,0.0,0.0,2.0,2.0,0.0,69.0,20.0,13.0,1.0,3.0,0.0,,0.0,69.0,,1611661331,False,0.47840517964220247,69.0,0.44362396344105814,37.0,118.30985915492957,108.33333333333333,9.97652582159624,71.0,84.0,78.0,69.0,32.0,0.5507246376811594,0.5756578947368421,1.2173913043478262,0.5714285714285714,0.35294117647058826,0.13043478260869565,0.4927536231884058,0.11594202898550725,0.30434782608695654,0.08695652173913043,0.391304347826087,0.14492753623188406,0.34782608695652173,0.6086956521739131,0.29411764705882354,0.875,0.07231945803895695,0.2112676056338028,0.08450704225352113,0.6875,0.6547619047619048,22.535211267605636,36.11111111111111,0.17857142857142858,0.15492957746478872,0.18309859154929578,0.23809523809523808,9.722222222222223,2.7777777777777777,22.22222222222222
1611661332,TOR,TOR,0,True,,2026-06-02 22:58:54,,,2026-06-01,9.0,9,5400.0,9.0,5.0,718.0,726.0,209.0,214.0,85.0,1444.0,113.0,186.0,21.0,32.0,32.0,50.0,30.0,88.0,23.0,57.0,30.0,66.0,2.0,5.0,9.0,18.0,62.0,202.0,6.0,19.0,10.0,53.0,166.0,331.0,92.0,268.0,198.0,806.0,801.0,29.0,48.0,8.0,24.0,28.0,110.0,45.0,93.0,19.0,71.0,79.0,226.0,168.0,164.0,225.0,51.0,24.0,202.0,62.0,29.0,3.0,84.0,75.0,159.0,48.0,27.0,61.0,14.0,9.0,393.0,41.0,56.0,3.0,106.0,101.0,20.0,227.0,100.0,327.0,13.0,72.0,47.0,25.0,62.0,13.0,41.0,62.0,7.0,21.0,2.0,3.0,124.0,10.0,33.0,81.0,201.0,4.0,19.0,24.0,195.0,1.0,12.0,15.0,230.0,20.0,7.0,86.0,6.0,25.0,26.0,1.0,,15.0,1.0,,11.0,27.0,16.0,696.0,223.0,207.0,23.0,22.0,2.0,,,599.0,,1611661332,False,0.522576716917923,599.0,0.2878338278931751,341.0,112.25626740947075,110.3305785123967,1.9256888970740533,79.77777777777777,89.55555555555556,89.0,599.0,258.0,0.5075125208681135,0.5755498429020279,1.345575959933222,0.5015105740181269,0.34328358208955223,0.38397328881469117,0.44741235392320533,0.3105175292153589,0.14691151919866444,0.09515859766277128,0.24207011686143573,0.11018363939899833,0.337228714524207,0.7579298831385642,0.2462686567164179,0.6075268817204301,-0.015064196049809464,0.17270194986072424,0.08635097493036212,0.6162790697674418,0.48759305210918114,13.92757660167131,31.267217630853995,0.13647642679900746,0.11838440111420613,0.29108635097493035,0.2803970223325062,9.917355371900827,3.71900826446281,27.685950413223143
1611661332,TOR,TOR,2,False,2026-06-03 21:18:01,2026-06-04 16:41:49,0.8081944444444444,2026-06-03,2026-06-03,1.0,10,600.0,1.0,-15.0,77.0,79.0,15.0,14.0,9.0,156.0,9.0,12.0,3.0,3.0,1.0,1.0,15.0,35.0,4.0,9.0,0.0,1.0,0.0,0.0,0.0,0.0,6.0,18.0,2.0,3.0,2.0,5.0,28.0,56.0,6.0,19.0,8.0,82.0,97.0,5.0,6.0,2.0,3.0,1.0,17.0,5.0,8.0,2.0,5.0,2.0,18.0,24.0,32.0,15.0,3.0,6.0,18.0,6.0,4.0,0.0,12.0,5.0,17.0,5.0,0.0,4.0,5.0,3.0,39.0,2.0,8.0,0.0,10.0,14.0,2.0,26.0,10.0,36.0,3.0,7.0,4.0,3.0,3.0,1.0,2.0,4.0,1.0,1.0,0.0,1.0,7.0,0.0,1.0,10.0,17.0,0.0,1.0,0.0,13.0,1.0,0.0,1.0,10.0,2.0,0.0,6.0,0.0,0.0,3.0,0.0,,0.0,0.0,,3.0,3.0,2.0,65.0,18.0,15.0,1.0,0.0,0.0,,,75.0,,1611661332,False,0.4671796169139346,75.0,0.2434375566024987,41.0,106.49350649350649,122.78481012658229,-16.2913036330758,77.0,82.0,97.0,75.0,34.0,0.49333333333333335,0.5163727959697733,1.0933333333333333,0.5,0.3157894736842105,0.13333333333333333,0.25333333333333335,0.16,0.4666666666666667,0.12,0.5866666666666667,0.013333333333333334,0.24,0.41333333333333333,0.05263157894736842,0.75,0.02615371641939873,0.09090909090909091,0.03896103896103896,0.5,0.47560975609756095,12.987012987012985,32.91139240506329,0.2073170731707317,0.11688311688311688,0.19480519480519481,0.21951219512195122,8.860759493670885,3.79746835443038,21.518987341772153
1611661332,TOR,TOR,6,False,2026-06-07 15:16:47,2026-06-08 17:00:39,1.0721296296296297,2026-06-07,2026-06-07,1.0,11,600.0,1.0,17.0,83.0,85.0,29.0,21.0,13.0,168.0,17.0,31.0,3.0,6.0,5.0,11.0,8.0,20.0,1.0,4.0,0.0,6.0,0.0,1.0,0.0,2.0,4.0,16.0,0.0,2.0,0.0,5.0,26.0,55.0,4.0,22.0,21.0,85.0,68.0,3.0,11.0,0.0,3.0,4.0,10.0,6.0,20.0,0.0,7.0,11.0,23.0,30.0,22.0,12.0,0.0,4.0,16.0,4.0,4.0,1.0,15.0,4.0,19.0,4.0,0.0,9.0,5.0,1.0,42.0,6.0,11.0,0.0,15.0,18.0,2.0,35.0,17.0,52.0,3.0,7.0,5.0,2.0,4.0,3.0,3.0,6.0,0.0,1.0,0.0,0.0,10.0,0.0,5.0,13.0,22.0,0.0,1.0,2.0,24.0,0.0,0.0,3.0,27.0,3.0,0.0,11.0,0.0,4.0,4.0,0.0,,2.0,0.0,,1.0,4.0,2.0,75.0,23.0,29.0,1.0,4.0,0.0,,,77.0,,1611661332,False,0.5308963648139795,77.0,0.3624422061968992,47.0,102.40963855421687,80.0,22.40963855421687,83.0,85.0,68.0,77.0,30.0,0.4155844155844156,0.4781728172817282,1.103896103896104,0.4727272727272727,0.18181818181818182,0.35064935064935066,0.2857142857142857,0.4025974025974026,0.2597402597402597,0.05194805194805195,0.3116883116883117,0.07792207792207792,0.2077922077922078,0.6883116883116883,0.2727272727272727,0.5483870967741935,-0.11531194922956389,0.12048192771084337,0.04819277108433735,0.6333333333333333,0.49411764705882355,20.481927710843372,41.17647058823529,0.11764705882352941,0.1566265060240964,0.3493975903614458,0.27058823529411763,8.235294117647058,4.705882352941177,25.882352941176475
1611661332,TOR,TOR,9,False,2026-06-10 16:54:00,2026-06-11 17:31:15,1.0258680555555555,2026-06-10,2026-06-10,1.0,12,900.0,1.0,4.0,87.0,88.0,45.0,39.0,13.0,175.0,18.0,25.0,4.0,5.0,9.0,14.0,4.0,15.0,1.0,5.0,2.0,4.0,1.0,1.0,0.0,2.0,6.0,20.0,3.0,3.0,4.0,12.0,23.0,45.0,8.0,24.0,36.0,106.0,102.0,4.0,5.0,4.0,4.0,4.0,24.0,11.0,23.0,4.0,14.0,16.0,50.0,20.0,26.0,24.0,0.0,4.0,20.0,6.0,6.0,0.0,10.0,8.0,18.0,6.0,2.0,8.0,1.0,1.0,44.0,5.0,7.0,1.0,7.0,13.0,3.0,23.0,13.0,36.0,0.0,12.0,11.0,1.0,3.0,3.0,2.0,8.0,1.0,1.0,0.0,0.0,11.0,3.0,7.0,13.0,32.0,0.0,1.0,3.0,29.0,0.0,2.0,3.0,43.0,1.0,1.0,17.0,0.0,4.0,2.0,1.0,,0.0,1.0,0.0,2.0,3.0,3.0,82.0,50.0,45.0,6.0,4.0,0.0,,,69.0,,1611661332,False,0.5138359095066989,69.0,0.32381059600873874,38.0,121.83908045977012,115.90909090909092,5.9299895506791955,87.0,106.0,102.0,69.0,31.0,0.5072463768115942,0.6028207461328481,1.536231884057971,0.5111111111111111,0.3333333333333333,0.6231884057971014,0.34782608695652173,0.36231884057971014,0.21739130434782608,0.07246376811594203,0.2898550724637681,0.057971014492753624,0.2898550724637681,0.7101449275362319,0.16666666666666666,0.72,-0.0065895326951046496,0.12643678160919541,0.034482758620689655,0.5806451612903226,0.41509433962264153,14.942528735632186,26.136363636363637,0.22641509433962265,0.14942528735632185,0.5172413793103449,0.4716981132075472,13.636363636363635,3.4090909090909087,36.36363636363637
1611661332,TOR,TOR,11,False,2026-06-12 16:37:05,2026-06-13 15:24:02,0.9492708333333333,2026-06-12,2026-06-12,1.0,13,600.0,1.0,-1.0,84.0,84.0,9.0,29.0,6.0,168.0,13.0,18.0,1.0,2.0,1.0,2.0,6.0,14.0,5.0,10.0,1.0,9.0,0.0,0.0,1.0,2.0,6.0,13.0,0.0,0.0,0.0,2.0,24.0,42.0,7.0,22.0,16.0,85.0,86.0,3.0,5.0,0.0,0.0,0.0,6.0,2.0,4.0,1.0,4.0,0.0,7.0,38.0,10.0,12.0,9.0,0.0,13.0,6.0,2.0,0.0,19.0,4.0,23.0,3.0,1.0,9.0,5.0,5.0,50.0,4.0,2.0,0.0,10.0,8.0,2.0,20.0,6.0,26.0,0.0,18.0,9.0,9.0,8.0,4.0,8.0,10.0,1.0,0.0,0.0,1.0,18.0,2.0,2.0,7.0,24.0,0.0,2.0,2.0,14.0,0.0,2.0,1.0,18.0,0.0,0.0,7.0,2.0,0.0,5.0,0.0,,4.0,0.0,0.0,1.0,5.0,0.0,79.0,7.0,9.0,5.0,0.0,1.0,,,64.0,,1611661332,False,0.5067416931261137,64.0,0.19831411238381624,33.0,101.19047619047619,102.38095238095238,-1.1904761904761898,84.0,85.0,86.0,64.0,31.0,0.5390625,0.5909343715239155,1.328125,0.5714285714285714,0.3181818181818182,0.28125,0.34375,0.28125,0.21875,0.15625,0.375,0.140625,0.203125,0.625,0.4090909090909091,0.7222222222222222,0.032320806873886276,0.21428571428571427,0.09523809523809523,0.7419354838709677,0.5882352941176471,7.142857142857142,23.809523809523807,0.07058823529411765,0.07142857142857142,0.10714285714285714,0.08235294117647059,21.428571428571427,5.952380952380952,28.57142857142857
1611661332,TOR,TOR,13,False,2026-06-14 15:31:17,2026-06-15 18:20:23,1.1174305555555555,2026-06-14,2026-06-14,1.0,14,1200.0,1.0,-25.0,80.0,81.0,31.0,18.0,7.0,161.0,14.0,23.0,2.0,3.0,6.0,11.0,2.0,12.0,3.0,6.0,2.0,6.0,0.0,0.0,0.0,2.0,7.0,18.0,2.0,2.0,4.0,8.0,19.0,41.0,9.0,24.0,12.0,77.0,102.0,2.0,3.0,2.0,2.0,2.0,12.0,7.0,18.0,4.0,10.0,3.0,29.0,28.0,10.0,27.0,0.0,2.0,18.0,7.0,4.0,0.0,14.0,9.0,23.0,7.0,2.0,11.0,1.0,2.0,55.0,1.0,6.0,0.0,14.0,12.0,1.0,27.0,7.0,34.0,2.0,5.0,1.0,4.0,8.0,1.0,7.0,7.0,0.0,1.0,0.0,2.0,15.0,1.0,5.0,11.0,19.0,0.0,1.0,3.0,18.0,0.0,1.0,2.0,16.0,2.0,0.0,6.0,0.0,2.0,7.0,0.0,,6.0,0.0,0.0,1.0,7.0,2.0,65.0,29.0,31.0,1.0,2.0,0.0,,0.0,65.0,,1611661332,False,0.5264577450697463,65.0,0.18788371210201307,37.0,96.25,125.92592592592592,-29.675925925925924,80.0,77.0,102.0,65.0,28.0,0.5,0.5344253192670738,1.1846153846153846,0.4634146341463415,0.375,0.24615384615384617,0.36923076923076925,0.35384615384615387,0.18461538461538463,0.09230769230769231,0.27692307692307694,0.09230769230769231,0.27692307692307694,0.7230769230769231,0.25,0.6086956521739131,-0.026457745069746297,0.1875,0.1,0.8214285714285714,0.7142857142857143,8.75,33.33333333333333,0.15584415584415584,0.0875,0.3875,0.37662337662337664,6.172839506172839,8.641975308641975,23.456790123456788
1611661332,TOR,TOR,15,False,2026-06-16 18:24:01,2026-06-17 16:50:06,0.9347800925925925,2026-06-16,2026-06-16,1.0,15,600.0,1.0,-22.0,88.0,88.0,14.0,50.0,6.0,176.0,16.0,28.0,2.0,4.0,1.0,5.0,6.0,12.0,1.0,10.0,3.0,5.0,0.0,0.0,0.0,0.0,8.0,20.0,0.0,1.0,0.0,3.0,23.0,50.0,11.0,25.0,12.0,91.0,113.0,2.0,4.0,0.0,1.0,0.0,4.0,3.0,8.0,0.0,3.0,5.0,11.0,30.0,16.0,30.0,3.0,2.0,20.0,8.0,5.0,0.0,15.0,10.0,25.0,7.0,3.0,10.0,4.0,1.0,60.0,2.0,4.0,0.0,10.0,9.0,3.0,22.0,6.0,28.0,1.0,9.0,4.0,5.0,4.0,1.0,3.0,8.0,2.0,1.0,0.0,1.0,12.0,1.0,1.0,12.0,27.0,0.0,3.0,2.0,18.0,0.0,0.0,1.0,19.0,5.0,0.0,11.0,0.0,1.0,1.0,0.0,,1.0,0.0,0.0,0.0,1.0,0.0,87.0,11.0,14.0,5.0,1.0,0.0,,0.0,75.0,,1611661332,False,0.5075835133935046,75.0,0.1514027821509595,41.0,103.40909090909092,128.4090909090909,-24.999999999999986,88.0,91.0,113.0,75.0,34.0,0.5266666666666666,0.5458253358925144,1.2133333333333334,0.46,0.44,0.25333333333333335,0.3333333333333333,0.37333333333333335,0.16,0.13333333333333333,0.29333333333333333,0.06666666666666667,0.26666666666666666,0.7066666666666667,0.2,0.5714285714285714,0.019083153273162012,0.13636363636363635,0.045454545454545456,0.7352941176470589,0.6593406593406593,6.8181818181818175,25.0,0.04395604395604396,0.06818181818181818,0.1590909090909091,0.12087912087912088,10.227272727272728,1.1363636363636365,30.681818181818183
1611661332,TOR,TOR,18,False,2026-06-19 16:26:43,2026-06-20 15:27:14,0.9586921296296296,2026-06-19,2026-06-19,1.0,16,1200.0,1.0,4.0,83.0,82.0,18.0,36.0,11.0,165.0,14.0,27.0,3.0,3.0,1.0,3.0,3.0,10.0,1.0,5.0,2.0,2.0,0.0,0.0,0.0,0.0,17.0,32.0,2.0,2.0,4.0,8.0,18.0,42.0,19.0,34.0,8.0,101.0,97.0,4.0,7.0,2.0,2.0,1.0,15.0,2.0,6.0,4.0,8.0,4.0,20.0,24.0,12.0,45.0,12.0,4.0,32.0,17.0,3.0,1.0,12.0,15.0,27.0,13.0,2.0,8.0,3.0,1.0,69.0,5.0,8.0,0.0,10.0,18.0,3.0,31.0,13.0,44.0,3.0,5.0,3.0,2.0,9.0,3.0,7.0,6.0,0.0,2.0,0.0,1.0,15.0,3.0,2.0,11.0,23.0,0.0,2.0,1.0,13.0,0.0,1.0,1.0,9.0,1.0,0.0,3.0,0.0,2.0,4.0,0.0,,1.0,0.0,0.0,3.0,4.0,2.0,86.0,16.0,16.0,4.0,0.0,0.0,,0.0,76.0,,1611661332,False,0.5249741140501535,76.0,0.34131803868645944,39.0,121.6867469879518,118.29268292682926,3.394064061122549,83.0,101.0,97.0,76.0,37.0,0.6118421052631579,0.6315657828914458,1.3289473684210527,0.42857142857142855,0.5588235294117647,0.11842105263157894,0.4473684210526316,0.35526315789473684,0.13157894736842105,0.06578947368421052,0.19736842105263158,0.02631578947368421,0.42105263157894735,0.8026315789473685,0.058823529411764705,0.5185185185185185,0.08686799121300437,0.18072289156626506,0.10843373493975904,0.7297297297297297,0.6831683168316832,15.66265060240964,37.80487804878049,0.1485148514851485,0.13253012048192772,0.21686746987951808,0.19801980198019803,6.097560975609756,4.878048780487805,28.04878048780488
1611661332,TOR,TOR,20,False,2026-06-21 15:43:44,2026-06-23 16:17:53,2.023715277777778,2026-06-21,2026-06-22,1.0,17,600.0,1.0,-7.0,84.0,84.0,31.0,26.0,8.0,168.0,14.0,22.0,1.0,1.0,5.0,6.0,5.0,9.0,0.0,3.0,3.0,6.0,1.0,1.0,2.0,2.0,6.0,22.0,0.0,2.0,2.0,7.0,19.0,34.0,9.0,28.0,22.0,87.0,94.0,1.0,2.0,1.0,3.0,2.0,7.0,7.0,11.0,4.0,9.0,14.0,40.0,26.0,12.0,27.0,0.0,2.0,22.0,6.0,1.0,0.0,13.0,9.0,22.0,6.0,3.0,9.0,4.0,0.0,53.0,6.0,3.0,0.0,13.0,15.0,2.0,30.0,9.0,39.0,1.0,8.0,5.0,3.0,8.0,3.0,6.0,9.0,1.0,2.0,0.0,1.0,17.0,0.0,5.0,10.0,23.0,0.0,3.0,3.0,26.0,0.0,2.0,2.0,28.0,3.0,1.0,11.0,0.0,4.0,6.0,0.0,,6.0,0.0,0.0,0.0,6.0,3.0,80.0,40.0,31.0,2.0,4.0,0.0,,0.0,62.0,,1611661332,False,0.5371058972728959,62.0,0.26454312664564084,34.0,103.57142857142858,111.90476190476191,-8.333333333333329,84.0,87.0,94.0,62.0,28.0,0.5241935483870968,0.5853067814854683,1.403225806451613,0.5588235294117647,0.32142857142857145,0.45161290322580644,0.45161290322580644,0.3548387096774194,0.14516129032258066,0.04838709677419355,0.1935483870967742,0.0967741935483871,0.3548387096774194,0.8064516129032258,0.21428571428571427,0.6363636363636364,-0.012912348885799174,0.20238095238095238,0.09523809523809523,0.7857142857142857,0.6091954022988506,10.714285714285714,35.714285714285715,0.08045977011494253,0.09523809523809523,0.36904761904761907,0.45977011494252873,9.523809523809524,7.142857142857142,27.380952380952383
1611661332,TOR,TOR,22,False,2026-06-25 16:13:09,2026-06-26 16:05:12,0.9944791666666667,2026-06-25,2026-06-25,1.0,18,600.0,1.0,28.0,85.0,85.0,29.0,20.0,13.0,170.0,18.0,31.0,4.0,7.0,6.0,15.0,1.0,4.0,2.0,3.0,6.0,14.0,1.0,1.0,2.0,7.0,14.0,28.0,2.0,6.0,3.0,7.0,21.0,38.0,20.0,42.0,23.0,125.0,97.0,4.0,8.0,3.0,7.0,2.0,19.0,6.0,15.0,5.0,14.0,12.0,39.0,24.0,18.0,42.0,18.0,8.0,28.0,14.0,1.0,1.0,12.0,14.0,26.0,8.0,6.0,10.0,1.0,1.0,66.0,9.0,5.0,2.0,20.0,14.0,4.0,38.0,16.0,54.0,2.0,5.0,3.0,2.0,7.0,1.0,6.0,3.0,0.0,1.0,0.0,0.0,10.0,0.0,3.0,14.0,23.0,1.0,3.0,1.0,23.0,0.0,1.0,2.0,27.0,1.0,1.0,11.0,0.0,2.0,4.0,0.0,,4.0,0.0,0.0,0.0,4.0,2.0,106.0,39.0,29.0,2.0,2.0,0.0,,0.0,80.0,,1611661332,False,0.5718772582468858,80.0,0.37469097046127625,39.0,147.05882352941177,114.11764705882352,32.941176470588246,85.0,125.0,97.0,80.0,41.0,0.6375,0.6802350892468437,1.5625,0.5526315789473685,0.47619047619047616,0.3375,0.525,0.3875,0.05,0.0375,0.0875,0.175,0.35,0.9125,0.3333333333333333,0.5806451612903226,0.06562274175311411,0.11764705882352941,0.08235294117647059,0.6341463414634146,0.528,18.823529411764707,44.70588235294118,0.152,0.15294117647058825,0.3411764705882353,0.312,5.88235294117647,4.705882352941177,27.058823529411764
1611661332,TOR,TOR,24,False,2026-06-27 15:06:40,2026-06-28 15:09:09,1.0017245370370371,2026-06-27,2026-06-27,1.0,19,600.0,1.0,-9.0,78.0,78.0,24.0,28.0,7.0,156.0,9.0,14.0,0.0,0.0,3.0,3.0,8.0,14.0,2.0,9.0,0.0,1.0,0.0,0.0,0.0,1.0,12.0,29.0,0.0,1.0,3.0,8.0,19.0,37.0,12.0,30.0,6.0,80.0,89.0,2.0,3.0,0.0,1.0,0.0,4.0,6.0,11.0,3.0,9.0,2.0,23.0,32.0,6.0,30.0,6.0,0.0,29.0,12.0,2.0,0.0,16.0,10.0,26.0,10.0,0.0,8.0,6.0,2.0,62.0,3.0,5.0,0.0,14.0,14.0,4.0,32.0,8.0,40.0,0.0,4.0,2.0,2.0,10.0,0.0,5.0,2.0,0.0,5.0,0.0,1.0,12.0,2.0,3.0,12.0,24.0,0.0,3.0,1.0,16.0,0.0,2.0,1.0,12.0,1.0,1.0,6.0,0.0,0.0,2.0,0.0,,2.0,0.0,0.0,0.0,2.0,0.0,76.0,23.0,24.0,4.0,0.0,0.0,,0.0,67.0,,1611661332,False,0.4816892838146999,67.0,0.2213133945092704,36.0,102.56410256410255,114.1025641025641,-11.538461538461547,78.0,80.0,89.0,67.0,31.0,0.5522388059701493,0.5534034311012728,1.1940298507462686,0.5135135135135135,0.4,0.1791044776119403,0.44776119402985076,0.208955223880597,0.208955223880597,0.13432835820895522,0.34328358208955223,0.014925373134328358,0.43283582089552236,0.6567164179104478,0.03333333333333333,0.6428571428571429,0.0705495221554494,0.15384615384615385,0.1282051282051282,0.8387096774193549,0.775,10.256410256410255,41.02564102564102,0.05,0.08974358974358974,0.3076923076923077,0.2875,5.128205128205128,2.564102564102564,30.76923076923077
1611661332,TOR,TOR,27,False,2026-07-05 15:04:24,2026-07-06 16:46:42,1.0710416666666667,2026-07-05,2026-07-05,1.0,20,600.0,1.0,-13.0,76.0,75.0,25.0,5.0,13.0,151.0,13.0,20.0,3.0,7.0,4.0,6.0,5.0,16.0,0.0,7.0,1.0,2.0,0.0,0.0,0.0,0.0,9.0,27.0,0.0,5.0,3.0,7.0,18.0,43.0,10.0,29.0,10.0,76.0,89.0,3.0,10.0,0.0,5.0,0.0,6.0,5.0,10.0,3.0,7.0,8.0,27.0,20.0,16.0,18.0,12.0,2.0,27.0,9.0,6.0,0.0,10.0,6.0,16.0,5.0,1.0,8.0,2.0,0.0,38.0,8.0,6.0,2.0,11.0,14.0,0.0,25.0,16.0,41.0,2.0,5.0,3.0,2.0,7.0,2.0,5.0,7.0,0.0,2.0,1.0,2.0,14.0,2.0,6.0,8.0,14.0,0.0,2.0,1.0,22.0,0.0,3.0,0.0,14.0,2.0,0.0,7.0,0.0,1.0,3.0,0.0,,1.0,0.0,0.0,2.0,3.0,2.0,70.0,27.0,25.0,0.0,1.0,0.0,,0.0,72.0,,1611661332,False,0.5019097537223698,72.0,0.32523848183478776,44.0,100.0,118.66666666666667,-18.66666666666667,76.0,76.0,89.0,72.0,28.0,0.4583333333333333,0.48618219037871035,1.0555555555555556,0.4186046511627907,0.3448275862068966,0.19444444444444445,0.4027777777777778,0.2777777777777778,0.2222222222222222,0.09722222222222222,0.3194444444444444,0.027777777777777776,0.375,0.6805555555555556,0.06896551724137931,0.65,-0.043576420389036474,0.18421052631578946,0.09210526315789473,0.5714285714285714,0.5,21.052631578947366,33.33333333333333,0.07894736842105263,0.17105263157894737,0.32894736842105265,0.35526315789473684,6.666666666666667,4.0,18.666666666666668
1611661332,TOR,TOR,30,False,2026-07-08 15:56:18,2026-07-09 16:20:00,1.0164583333333332,2026-07-08,2026-07-08,1.0,21,1200.0,1.0,-8.0,75.0,75.0,15.0,11.0,8.0,150.0,12.0,16.0,2.0,2.0,0.0,1.0,6.0,11.0,2.0,5.0,0.0,9.0,0.0,0.0,0.0,1.0,6.0,13.0,0.0,0.0,2.0,4.0,20.0,32.0,6.0,22.0,17.0,75.0,83.0,3.0,5.0,0.0,0.0,0.0,6.0,2.0,5.0,2.0,5.0,6.0,16.0,26.0,14.0,18.0,0.0,2.0,13.0,6.0,3.0,0.0,13.0,6.0,19.0,6.0,0.0,9.0,4.0,0.0,44.0,5.0,3.0,0.0,14.0,6.0,0.0,20.0,8.0,28.0,0.0,6.0,3.0,3.0,7.0,5.0,6.0,13.0,2.0,1.0,1.0,1.0,20.0,2.0,3.0,11.0,20.0,1.0,1.0,3.0,20.0,0.0,2.0,3.0,18.0,2.0,0.0,9.0,0.0,1.0,0.0,0.0,,0.0,0.0,0.0,0.0,0.0,0.0,69.0,16.0,15.0,1.0,1.0,0.0,,0.0,54.0,,1611661332,False,0.523520712468511,54.0,0.2857862192591999,28.0,100.0,110.66666666666667,-10.666666666666671,75.0,75.0,83.0,54.0,26.0,0.5370370370370371,0.6056201550387597,1.3888888888888888,0.625,0.2727272727272727,0.3333333333333333,0.4074074074074074,0.2962962962962963,0.2037037037037037,0.09259259259259259,0.2962962962962963,0.16666666666666666,0.24074074074074073,0.7037037037037037,0.4090909090909091,0.75,0.013516324568526139,0.26666666666666666,0.09333333333333334,0.7307692307692307,0.5866666666666667,10.666666666666668,26.666666666666668,0.08,0.10666666666666667,0.2,0.21333333333333335,8.0,0.0,26.666666666666668
1611661332,TOR,TOR,32,False,2026-07-10 16:11:44,2026-07-11 14:43:06,0.9384490740740741,2026-07-10,2026-07-10,1.0,22,600.0,1.0,-13.0,77.0,79.0,11.0,16.0,6.0,156.0,12.0,18.0,2.0,2.0,1.0,1.0,8.0,14.0,1.0,2.0,6.0,9.0,1.0,1.0,0.0,1.0,8.0,21.0,0.0,0.0,1.0,4.0,21.0,34.0,14.0,30.0,11.0,95.0,108.0,2.0,2.0,1.0,1.0,1.0,8.0,2.0,3.0,1.0,5.0,3.0,10.0,28.0,14.0,30.0,12.0,4.0,21.0,8.0,1.0,0.0,14.0,10.0,24.0,5.0,5.0,8.0,5.0,1.0,58.0,4.0,2.0,0.0,9.0,13.0,0.0,22.0,6.0,28.0,0.0,3.0,2.0,1.0,5.0,0.0,3.0,9.0,2.0,2.0,0.0,0.0,14.0,2.0,3.0,12.0,19.0,0.0,2.0,2.0,17.0,0.0,1.0,0.0,14.0,3.0,0.0,6.0,1.0,1.0,2.0,0.0,,1.0,0.0,0.0,1.0,2.0,0.0,87.0,10.0,11.0,0.0,1.0,0.0,,0.0,64.0,,1611661332,False,0.5162871580341957,64.0,0.20580294782127082,29.0,123.37662337662339,136.70886075949366,-13.332237382870275,77.0,95.0,108.0,64.0,35.0,0.65625,0.677023945267959,1.484375,0.6176470588235294,0.4666666666666667,0.21875,0.46875,0.28125,0.21875,0.03125,0.25,0.140625,0.328125,0.75,0.3,0.6666666666666666,0.13996284196580433,0.18181818181818182,0.06493506493506493,0.6857142857142857,0.6105263157894737,7.792207792207792,27.848101265822784,0.08421052631578947,0.07792207792207792,0.14285714285714285,0.10526315789473684,3.79746835443038,2.5316455696202533,24.050632911392405
1611661332,TOR,TOR,34,False,2026-07-12 14:45:23,2026-07-13 16:18:46,1.064849537037037,2026-07-12,2026-07-12,1.0,23,600.0,1.0,2.0,88.0,89.0,18.0,38.0,6.0,177.0,15.0,22.0,3.0,3.0,3.0,5.0,6.0,13.0,4.0,7.0,0.0,0.0,0.0,0.0,0.0,0.0,9.0,24.0,0.0,2.0,2.0,6.0,25.0,42.0,9.0,24.0,16.0,93.0,91.0,3.0,3.0,0.0,2.0,1.0,7.0,6.0,10.0,2.0,6.0,3.0,21.0,28.0,22.0,24.0,3.0,2.0,24.0,9.0,4.0,0.0,14.0,8.0,22.0,8.0,0.0,9.0,3.0,2.0,52.0,2.0,5.0,0.0,14.0,13.0,0.0,27.0,7.0,34.0,0.0,10.0,9.0,1.0,11.0,5.0,8.0,12.0,0.0,3.0,0.0,2.0,23.0,2.0,2.0,7.0,28.0,2.0,1.0,3.0,19.0,0.0,0.0,3.0,18.0,2.0,2.0,8.0,0.0,1.0,3.0,0.0,,2.0,0.0,0.0,1.0,3.0,1.0,86.0,21.0,18.0,5.0,0.0,0.0,,0.0,66.0,,1611661332,False,0.5302962829995657,66.0,0.22666916851586016,32.0,105.68181818181819,102.24719101123596,3.4346271705822318,88.0,93.0,91.0,66.0,34.0,0.5833333333333334,0.6290584415584416,1.4090909090909092,0.5952380952380952,0.375,0.2727272727272727,0.36363636363636365,0.3333333333333333,0.19696969696969696,0.10606060606060606,0.30303030303030304,0.0,0.36363636363636365,0.696969696969697,0.0,0.6818181818181818,0.05303705033376771,0.26136363636363635,0.125,0.6470588235294118,0.5591397849462365,7.954545454545454,30.337078651685395,0.07526881720430108,0.06818181818181818,0.20454545454545456,0.22580645161290322,11.235955056179774,3.3707865168539324,31.46067415730337
1611661332,TOR,TOR,36,False,2026-07-14 15:13:54,2026-07-15 15:15:46,1.0012962962962964,2026-07-14,2026-07-14,1.0,24,600.0,1.0,-17.0,70.0,72.0,12.0,24.0,7.0,142.0,10.0,18.0,0.0,0.0,0.0,0.0,2.0,14.0,4.0,7.0,2.0,4.0,1.0,1.0,0.0,0.0,5.0,22.0,0.0,4.0,1.0,5.0,16.0,39.0,7.0,26.0,9.0,62.0,79.0,0.0,3.0,1.0,5.0,0.0,3.0,1.0,4.0,1.0,5.0,4.0,9.0,18.0,14.0,18.0,3.0,0.0,22.0,5.0,5.0,1.0,9.0,6.0,15.0,4.0,2.0,5.0,0.0,4.0,36.0,5.0,4.0,0.0,12.0,12.0,1.0,25.0,9.0,34.0,0.0,3.0,1.0,2.0,3.0,1.0,3.0,7.0,0.0,0.0,0.0,0.0,10.0,1.0,3.0,9.0,22.0,0.0,5.0,2.0,17.0,0.0,3.0,3.0,10.0,0.0,0.0,3.0,0.0,2.0,4.0,0.0,,4.0,0.0,0.0,0.0,4.0,2.0,59.0,9.0,12.0,2.0,2.0,0.0,,0.0,65.0,,1611661332,False,0.4948930289974984,65.0,0.2266250191541965,42.0,88.57142857142857,109.72222222222223,-21.15079365079366,70.0,62.0,79.0,65.0,23.0,0.4076923076923077,0.446685878962536,0.9538461538461539,0.41025641025641024,0.2692307692307692,0.15384615384615385,0.4,0.27692307692307694,0.2153846153846154,0.1076923076923077,0.3230769230769231,0.06153846153846154,0.3384615384615385,0.676923076923077,0.15384615384615385,0.5555555555555556,-0.08720072130519069,0.14285714285714285,0.04285714285714286,0.6521739130434783,0.5806451612903226,12.857142857142856,34.72222222222222,0.04838709677419355,0.1,0.17142857142857143,0.14516129032258066,4.166666666666666,5.555555555555555,30.555555555555557
1611661332,TOR,TOR,39,False,2026-07-17 15:04:07,2026-07-18 14:42:59,0.9853240740740741,2026-07-17,2026-07-17,1.0,25,600.0,1.0,-19.0,81.0,81.0,33.0,18.0,8.0,162.0,16.0,25.0,1.0,3.0,7.0,12.0,3.0,8.0,1.0,2.0,2.0,5.0,0.0,0.0,0.0,1.0,8.0,16.0,1.0,1.0,3.0,7.0,20.0,35.0,10.0,21.0,22.0,92.0,111.0,2.0,4.0,1.0,1.0,3.0,10.0,8.0,14.0,3.0,8.0,12.0,37.0,26.0,14.0,18.0,12.0,2.0,16.0,8.0,1.0,0.0,13.0,6.0,19.0,4.0,2.0,11.0,2.0,0.0,44.0,3.0,5.0,0.0,13.0,5.0,2.0,20.0,8.0,28.0,1.0,3.0,1.0,2.0,11.0,2.0,9.0,9.0,1.0,2.0,0.0,0.0,20.0,0.0,7.0,13.0,23.0,1.0,0.0,4.0,26.0,1.0,3.0,3.0,25.0,2.0,1.0,9.0,0.0,4.0,3.0,0.0,,2.0,0.0,0.0,1.0,3.0,1.0,82.0,37.0,33.0,2.0,4.0,0.0,,0.0,56.0,,1611661332,False,0.5458273766083883,56.0,0.3082420764752625,26.0,113.58024691358024,137.03703703703704,-23.4567901234568,81.0,92.0,111.0,56.0,30.0,0.625,0.6865671641791045,1.6428571428571428,0.5714285714285714,0.47619047619047616,0.44642857142857145,0.375,0.44642857142857145,0.14285714285714285,0.03571428571428571,0.17857142857142858,0.08928571428571429,0.2857142857142857,0.8214285714285714,0.23809523809523808,0.64,0.07917262339161169,0.24691358024691357,0.13580246913580246,0.6333333333333333,0.4782608695652174,9.876543209876543,24.691358024691358,0.10869565217391304,0.09876543209876543,0.4074074074074074,0.40217391304347827,3.7037037037037033,3.7037037037037033,28.39506172839506
1611661332,TOR,TOR,42,False,2026-07-20 15:42:54,2026-07-21 15:27:31,0.9893171296296296,2026-07-20,2026-07-20,1.0,26,600.0,1.0,-26.0,81.0,80.0,8.0,5.0,14.0,161.0,11.0,22.0,5.0,7.0,1.0,2.0,9.0,19.0,1.0,2.0,4.0,14.0,1.0,2.0,0.0,2.0,4.0,17.0,1.0,3.0,0.0,1.0,21.0,43.0,8.0,31.0,17.0,83.0,109.0,6.0,9.0,2.0,5.0,3.0,21.0,1.0,5.0,0.0,3.0,5.0,7.0,22.0,20.0,24.0,0.0,8.0,17.0,4.0,6.0,1.0,11.0,8.0,19.0,4.0,4.0,5.0,5.0,1.0,46.0,5.0,11.0,0.0,19.0,7.0,1.0,27.0,16.0,43.0,2.0,6.0,5.0,1.0,6.0,2.0,4.0,8.0,0.0,2.0,0.0,0.0,14.0,0.0,1.0,3.0,13.0,0.0,1.0,3.0,12.0,0.0,1.0,0.0,19.0,0.0,1.0,7.0,0.0,2.0,1.0,0.0,,0.0,0.0,0.0,1.0,1.0,1.0,62.0,7.0,8.0,0.0,2.0,0.0,,0.0,74.0,,1611661332,False,0.5240276091492664,74.0,0.36943533572150244,45.0,102.46913580246914,136.25,-33.78086419753086,81.0,83.0,109.0,74.0,29.0,0.44594594594594594,0.5038853812530355,1.1216216216216217,0.4883720930232558,0.25806451612903225,0.25675675675675674,0.4189189189189189,0.2972972972972973,0.25675675675675674,0.02702702702702703,0.28378378378378377,0.1891891891891892,0.22972972972972974,0.7162162162162162,0.45161290322580644,0.5,-0.07808166320332044,0.1728395061728395,0.07407407407407407,0.6551724137931034,0.5542168674698795,19.753086419753085,33.75,0.25301204819277107,0.1728395061728395,0.09876543209876543,0.08433734939759036,7.5,1.25,16.25
1611661332,TOR,TOR,44,False,2026-07-23 15:46:30,2026-07-29 15:43:06,5.997638888888889,2026-07-23,2026-07-28,1.0,27,600.0,1.0,-7.0,82.0,84.0,16.0,14.0,13.0,166.0,16.0,23.0,2.0,4.0,2.0,2.0,3.0,13.0,1.0,2.0,2.0,7.0,0.0,2.0,0.0,3.0,11.0,28.0,3.0,5.0,1.0,7.0,20.0,38.0,13.0,35.0,14.0,93.0,100.0,3.0,7.0,3.0,7.0,1.0,16.0,4.0,7.0,1.0,10.0,6.0,17.0,22.0,18.0,33.0,6.0,2.0,28.0,11.0,3.0,1.0,11.0,11.0,22.0,9.0,2.0,8.0,3.0,0.0,55.0,9.0,5.0,0.0,9.0,17.0,1.0,27.0,14.0,41.0,2.0,7.0,6.0,1.0,8.0,1.0,3.0,9.0,2.0,5.0,0.0,1.0,17.0,0.0,2.0,7.0,18.0,0.0,0.0,3.0,20.0,0.0,0.0,0.0,17.0,1.0,0.0,7.0,0.0,1.0,4.0,0.0,,2.0,0.0,0.0,2.0,4.0,2.0,77.0,17.0,16.0,1.0,1.0,0.0,,0.0,73.0,,1611661332,False,0.5334913571377662,73.0,0.3583912901492738,40.0,113.41463414634146,119.04761904761905,-5.632984901277595,82.0,93.0,100.0,73.0,33.0,0.541095890410959,0.5777833001988071,1.273972602739726,0.5263157894736842,0.37142857142857144,0.2328767123287671,0.4794520547945205,0.3150684931506849,0.1780821917808219,0.0273972602739726,0.2054794520547945,0.0958904109589041,0.3835616438356164,0.7945205479452054,0.2,0.6956521739130435,0.007604533273192771,0.2073170731707317,0.0975609756097561,0.6666666666666666,0.5913978494623656,17.073170731707318,32.142857142857146,0.17204301075268819,0.15853658536585366,0.1951219512195122,0.1827956989247312,8.333333333333332,4.761904761904762,21.428571428571427
1611661332,TOR,TOR,46,False,2026-07-30 15:44:56,2026-07-31 15:52:06,1.0049768518518518,2026-07-30,2026-07-30,1.0,28,600.0,1.0,-32.0,80.0,82.0,15.0,11.0,9.0,162.0,13.0,19.0,2.0,4.0,1.0,3.0,4.0,11.0,1.0,4.0,2.0,8.0,0.0,0.0,1.0,2.0,8.0,20.0,0.0,0.0,3.0,6.0,18.0,34.0,10.0,28.0,6.0,72.0,104.0,2.0,4.0,0.0,0.0,0.0,4.0,2.0,4.0,4.0,8.0,2.0,18.0,26.0,10.0,18.0,12.0,2.0,20.0,8.0,5.0,0.0,13.0,6.0,19.0,4.0,2.0,11.0,2.0,0.0,44.0,3.0,5.0,1.0,7.0,17.0,0.0,24.0,9.0,33.0,1.0,6.0,3.0,3.0,14.0,3.0,10.0,10.0,1.0,4.0,1.0,2.0,24.0,5.0,3.0,7.0,11.0,0.0,0.0,1.0,13.0,0.0,1.0,1.0,11.0,2.0,0.0,3.0,1.0,2.0,4.0,0.0,,3.0,0.0,0.0,1.0,4.0,1.0,68.0,18.0,15.0,0.0,2.0,0.0,,0.0,62.0,,1611661332,False,0.5240184796535089,62.0,0.2428855739396554,34.0,90.0,126.82926829268293,-36.829268292682926,80.0,72.0,104.0,62.0,28.0,0.532258064516129,0.5385996409335727,1.1612903225806452,0.5294117647058824,0.35714285714285715,0.1774193548387097,0.45161290322580644,0.3064516129032258,0.1774193548387097,0.06451612903225806,0.24193548387096775,0.12903225806451613,0.3225806451612903,0.7580645161290323,0.2857142857142857,0.6842105263157895,0.008239584862620108,0.3,0.175,0.6785714285714286,0.6111111111111112,11.25,29.268292682926827,0.05555555555555555,0.1125,0.1875,0.25,7.317073170731707,4.878048780487805,13.414634146341465
1611661332,TOR,TOR,49,False,2026-08-02 14:53:00,2026-08-03 16:13:19,1.055775462962963,2026-08-02,2026-08-02,1.0,29,1200.0,1.0,-17.0,74.0,77.0,30.0,24.0,11.0,151.0,10.0,15.0,1.0,3.0,2.0,5.0,8.0,16.0,4.0,6.0,3.0,10.0,1.0,3.0,2.0,4.0,4.0,20.0,0.0,3.0,0.0,7.0,22.0,37.0,7.0,30.0,14.0,79.0,96.0,1.0,4.0,1.0,6.0,4.0,9.0,8.0,13.0,2.0,11.0,7.0,29.0,26.0,18.0,21.0,0.0,2.0,20.0,4.0,5.0,0.0,13.0,7.0,20.0,4.0,3.0,6.0,4.0,3.0,47.0,7.0,6.0,1.0,11.0,15.0,1.0,27.0,14.0,41.0,2.0,3.0,1.0,2.0,8.0,1.0,3.0,5.0,0.0,5.0,0.0,0.0,13.0,2.0,7.0,10.0,21.0,0.0,2.0,3.0,20.0,0.0,1.0,1.0,19.0,3.0,0.0,9.0,0.0,2.0,1.0,0.0,,0.0,0.0,0.0,1.0,1.0,0.0,70.0,29.0,30.0,1.0,2.0,0.0,,0.0,67.0,,1611661332,False,0.48750437336205105,67.0,0.3431882296357616,38.0,106.75675675675676,124.67532467532467,-17.918567918567916,74.0,79.0,96.0,67.0,29.0,0.48507462686567165,0.5241507430997877,1.1791044776119404,0.5945945945945946,0.23333333333333334,0.2835820895522388,0.44776119402985076,0.22388059701492538,0.23880597014925373,0.08955223880597014,0.3283582089552239,0.14925373134328357,0.29850746268656714,0.6716417910447762,0.3333333333333333,0.6666666666666666,-0.0024297464963793924,0.17567567567567569,0.10810810810810811,0.6896551724137931,0.5949367088607594,18.91891891891892,35.064935064935064,0.11392405063291139,0.14864864864864866,0.40540540540540543,0.3670886075949367,3.896103896103896,1.2987012987012987,27.27272727272727
1611661332,TOR,TOR,51,False,2026-08-04 16:04:29,2026-08-05 15:53:24,0.9923032407407407,2026-08-04,2026-08-04,1.0,30,600.0,1.0,-11.0,74.0,75.0,7.0,15.0,7.0,149.0,13.0,16.0,2.0,2.0,1.0,1.0,2.0,8.0,1.0,6.0,3.0,8.0,0.0,1.0,0.0,1.0,9.0,21.0,0.0,0.0,1.0,3.0,16.0,30.0,12.0,29.0,13.0,81.0,92.0,3.0,4.0,0.0,1.0,0.0,6.0,1.0,2.0,1.0,4.0,2.0,7.0,20.0,12.0,36.0,0.0,2.0,21.0,9.0,2.0,0.0,10.0,12.0,22.0,9.0,3.0,7.0,2.0,1.0,56.0,4.0,4.0,0.0,12.0,9.0,1.0,22.0,8.0,30.0,1.0,8.0,6.0,2.0,9.0,2.0,7.0,7.0,0.0,2.0,0.0,1.0,16.0,1.0,1.0,8.0,19.0,0.0,0.0,2.0,14.0,0.0,0.0,1.0,15.0,2.0,1.0,8.0,0.0,0.0,2.0,1.0,,1.0,1.0,0.0,1.0,3.0,1.0,75.0,7.0,7.0,0.0,0.0,1.0,,0.0,59.0,,1611661332,False,0.5159109997707019,59.0,0.2576223923874475,31.0,109.45945945945945,122.66666666666666,-13.207207207207205,74.0,81.0,92.0,59.0,28.0,0.576271186440678,0.6173780487804879,1.3728813559322033,0.5333333333333333,0.41379310344827586,0.2542372881355932,0.4915254237288136,0.2711864406779661,0.13559322033898305,0.1016949152542373,0.23728813559322035,0.13559322033898305,0.3559322033898305,0.7627118644067796,0.27586206896551724,0.8125,0.06036018666997611,0.21621621621621623,0.12162162162162163,0.7857142857142857,0.691358024691358,10.81081081081081,29.333333333333332,0.07407407407407407,0.0945945945945946,0.0945945945945946,0.08641975308641975,10.666666666666668,4.0,25.333333333333336
1611661332,TOR,TOR,52,False,2026-08-05 15:53:24,2026-08-07 14:43:29,1.9514467592592593,2026-08-05,2026-08-06,1.0,31,,1.0,-14.0,85.0,87.0,22.0,9.0,12.0,172.0,9.0,18.0,3.0,4.0,1.0,3.0,9.0,21.0,2.0,2.0,4.0,11.0,1.0,3.0,1.0,2.0,5.0,20.0,1.0,3.0,1.0,2.0,20.0,41.0,9.0,31.0,16.0,83.0,97.0,4.0,7.0,2.0,6.0,3.0,17.0,3.0,9.0,2.0,4.0,4.0,16.0,32.0,8.0,21.0,6.0,4.0,20.0,5.0,3.0,1.0,16.0,7.0,23.0,4.0,3.0,7.0,7.0,2.0,53.0,9.0,5.0,1.0,11.0,14.0,3.0,28.0,15.0,43.0,3.0,7.0,3.0,4.0,7.0,2.0,4.0,10.0,1.0,3.0,2.0,0.0,17.0,0.0,6.0,9.0,17.0,0.0,2.0,4.0,22.0,1.0,2.0,1.0,24.0,3.0,1.0,13.0,0.0,0.0,3.0,0.0,,0.0,0.0,0.0,3.0,3.0,3.0,66.0,16.0,22.0,1.0,0.0,0.0,,0.0,72.0,,1611661332,False,0.4938918183677351,72.0,0.32629426534039824,43.0,97.6470588235294,111.49425287356323,-13.84719405003382,85.0,83.0,97.0,72.0,29.0,0.4652777777777778,0.5026647286821705,1.1527777777777777,0.4878048780487805,0.2903225806451613,0.3333333333333333,0.4305555555555556,0.25,0.2916666666666667,0.027777777777777776,0.3194444444444444,0.1527777777777778,0.2777777777777778,0.6805555555555556,0.3548387096774194,0.5,-0.028614040589957312,0.2,0.08235294117647059,0.7931034482758621,0.6385542168674698,17.647058823529413,32.18390804597701,0.20481927710843373,0.1411764705882353,0.25882352941176473,0.1927710843373494,8.045977011494253,3.4482758620689653,19.54022988505747
1611661332,TOR,TOR,56,False,2026-08-10 14:48:26,2026-08-11 14:48:21,0.9999421296296296,2026-08-10,2026-08-10,1.0,32,2400.0,1.0,-12.0,84.0,85.0,21.0,36.0,6.0,169.0,15.0,19.0,3.0,5.0,8.0,8.0,9.0,18.0,1.0,4.0,0.0,3.0,0.0,0.0,0.0,2.0,10.0,23.0,0.0,0.0,1.0,4.0,25.0,41.0,10.0,26.0,15.0,95.0,107.0,4.0,6.0,0.0,0.0,0.0,8.0,9.0,11.0,1.0,6.0,7.0,28.0,28.0,22.0,18.0,12.0,6.0,23.0,10.0,2.0,1.0,14.0,6.0,20.0,6.0,0.0,8.0,6.0,0.0,46.0,2.0,5.0,0.0,11.0,11.0,0.0,22.0,7.0,29.0,2.0,7.0,5.0,2.0,7.0,3.0,3.0,6.0,1.0,4.0,0.0,1.0,13.0,0.0,2.0,15.0,22.0,0.0,1.0,1.0,20.0,0.0,2.0,4.0,21.0,3.0,0.0,10.0,0.0,2.0,4.0,0.0,,2.0,0.0,0.0,2.0,4.0,3.0,87.0,28.0,21.0,1.0,2.0,0.0,,0.0,67.0,,1611661332,False,0.5251740557556135,67.0,0.217683824935202,32.0,113.09523809523809,125.88235294117646,-12.787114845938376,84.0,95.0,107.0,67.0,35.0,0.5970149253731343,0.6230325288562435,1.4179104477611941,0.6097560975609756,0.38461538461538464,0.31343283582089554,0.3880597014925373,0.2835820895522388,0.26865671641791045,0.05970149253731343,0.3283582089552239,0.04477611940298507,0.34328358208955223,0.6716417910447762,0.11538461538461539,0.7894736842105263,0.07184086961752079,0.15476190476190477,0.08333333333333333,0.5714285714285714,0.4842105263157895,8.333333333333332,25.882352941176475,0.08421052631578947,0.07142857142857142,0.25,0.29473684210526313,8.235294117647058,4.705882352941177,25.882352941176475
