player_id,player_name,team_id,team_abbreviation,position,games_played,team_games_played,availability_rate,minutes,box_minutes,box_games_played,box_starts,start_rate,starter_role_flag,pbpstats_minutes,pbpstats_games_played,eligibility_minutes_source,candidate_tier,eligible_flag,points_per_75,rebounds_per_75,assists_per_75,stocks_per_75,turnovers_per_75,assist_turnover_ratio,usage,ts_pct_feature,efg_pct_feature,shotquality_pbp_feature,shot_making_over_shotquality_pbp,fta_rate_feature,on_court_net_rating,team_relative_net_rating,team_win_pct,team_net_rating,sample_size_flag,shooting_efficiency_category,shotquality_pbp_profile_label,shot_diet_profile_label,specialized_shooter_label,shot_diet_risk_label,rim_fga_share,three_point_fga_share,midrange_fga_share
203826,Alyssa Thomas,1611661317,PHX,F,28.0,35,0.8,947.0,947.0,28.0,28.0,1.0,True,1122.0,33,sportsdataverse_player_box,Core Candidate,True,8.208370635631155,4.079006266786034,4.5490152193375115,1.0407341092211282,1.997538048343778,2.277310924369748,22.415185783521807,0.5607798165137615,0.5138888888888888,0.4762427374301676,0.0376461514587212,0.4777777777777778,-2.3282007199484838,0.6883655528455535,,-3.016566272794037,Strong,Average Efficiency,Tough Shot Profile,Unavailable Shot Diet,Midrange Specialist,Midrange-Heavy Risk,0.3972222222222222,,0.5972222222222222
1627674,Kahleah Copper,1611661317,PHX,G,29.0,35,0.8285714285714286,949.0,949.0,29.0,29.0,1.0,True,1116.0,34,sportsdataverse_player_box,Core Candidate,True,11.858176883058132,2.0187740330242026,1.1196561863831713,0.4750056548292242,1.4759104275050894,0.7586206896551724,29.164969450101832,0.5508744038155803,0.4869888475836431,0.5179529739776952,-0.0309641263940521,0.4126394052044609,-3.764786541688821,-0.7482202688947837,,-3.016566272794037,Strong,Average Efficiency,Average Shot Quality Profile,Diversified Shot Profile,No Clear Shooting Specialty,Clean Shot Profile,0.2936802973977695,0.3717472118959108,0.3345724907063197
203833,Chelsea Gray,1611661319,LVA,G,30.0,34,0.8823529411764706,994.0,994.0,30.0,30.0,1.0,True,1101.0,33,sportsdataverse_player_box,Core Candidate,True,7.090659968029231,1.8154829869833295,3.990637131765243,0.8906142955012559,1.6613382050696506,2.402061855670103,18.226399673069064,0.5787965616045845,0.5486322188449848,0.4592460244648318,0.089386194380153,0.1732522796352583,8.789686678626566,2.7145361289498453,,6.075150549676721,Strong,Average Efficiency,Tough-Shot Maker,Perimeter-Leaning,Above-Break Spacer,Midrange-Heavy Risk,0.0455927051671732,0.486322188449848,0.4680851063829787
203825,Kayla McBride,1611661324,MIN,G,30.0,34,0.8823529411764706,967.0,967.0,30.0,30.0,1.0,True,1097.0,34,sportsdataverse_player_box,Core Candidate,True,10.56194989844279,1.878808395396073,1.2186865267433988,1.066350710900474,0.7955314827352743,1.5319148936170213,21.048451151707702,0.6376811594202898,0.581447963800905,0.5231360544217687,0.0583119093791363,0.2714932126696832,12.847115257668449,0.3043677736403225,,12.542747484028126,Strong,Strong Efficiency,Average Shot Quality Profile,Modern Shot Diet,Perimeter Volume Threat,Clean Shot Profile,0.2081447963800905,0.5339366515837104,0.257918552036199
1627668,Breanna Stewart,1611661313,NYL,F,30.0,34,0.8823529411764706,1012.0,1012.0,30.0,30.0,1.0,True,1094.0,33,sportsdataverse_player_box,Core Candidate,True,12.150934687283636,4.777290560812371,1.817447495961228,1.5231940918532194,1.2116316639741518,1.5,27.739307535641547,0.5703764320785597,0.4970472440944882,0.4823750493096647,0.0146721947848235,0.4566929133858268,4.275734385519357,-0.37292929648857864,,4.6486636820079354,Strong,Average Efficiency,Tough Shot Profile,Midrange-Heavy,No Clear Shooting Specialty,Midrange-Heavy Risk,0.3031496062992126,0.1988188976377952,0.4980314960629921
1628909,Kelsey Mitchell,1611661325,IND,G,29.0,33,0.8787878787878788,942.0,942.0,29.0,29.0,1.0,True,1084.0,33,sportsdataverse_player_box,Core Candidate,True,13.56418918918919,0.9459459459459459,1.5202702702702704,0.6587837837837837,1.0135135135135136,1.5,27.03131193024177,0.6414790996784566,0.5962230215827338,0.517960881294964,0.0782621402877697,0.2967625899280575,9.85117982356823,1.853102884091328,,7.998076939476903,Strong,Strong Efficiency,Average Shot Quality Profile,Modern Shot Diet,Balanced Three-Level Scorer,Clean Shot Profile,0.3183453237410072,0.3920863309352518,0.289568345323741
1629498,Jackie Young,1611661319,LVA,G,30.0,34,0.8823529411764706,971.0,971.0,30.0,30.0,1.0,True,1071.0,33,sportsdataverse_player_box,Core Candidate,True,10.623975649730742,2.6516038398501522,3.880824162959494,0.7024116132053384,1.387262936080543,2.7974683544303796,23.781757600999583,0.6128048780487805,0.5608407079646017,0.4839522271714921,0.0768884807931096,0.2323008849557522,12.460873237842904,6.385722688166183,,6.075150549676721,Strong,Strong Efficiency,Tough-Shot Maker,Balanced Shot Diet,Midrange Specialist,Balanced / Low Risk,0.163716814159292,0.4115044247787611,0.4247787610619469
1631009,Rhyne Howard,1611661330,ATL,G,27.0,32,0.84375,937.0,937.0,27.0,27.0,1.0,True,1070.0,31,sportsdataverse_player_box,Core Candidate,True,9.361997226074896,2.0804438280166435,1.941747572815534,1.768377253814147,0.6934812760055479,2.8,19.84375,0.5639658848614072,0.5206896551724138,0.5053597674418605,0.0153298877305533,0.2344827586206896,5.0262382843618525,-0.648638790432102,,5.6748770747939545,Strong,Average Efficiency,Average Shot Quality Profile,Modern Shot Diet,Above-Break Spacer,Clean Shot Profile,0.1586206896551724,0.6252873563218391,0.2160919540229885
1629491,Jessica Shepard,1611661321,DAL,F,29.0,33,0.8787878787878788,972.0,972.0,29.0,29.0,1.0,True,1062.0,33,sportsdataverse_player_box,Core Candidate,True,8.449435503242853,6.755945231803988,3.0807110257026182,0.45039634878693247,1.0989670910401153,2.80327868852459,18.39563208735825,0.6220159151193634,0.5861027190332326,0.5157453030303031,0.0703574160029295,0.3413897280966767,3.7240146645137173,-0.42710625356713194,,4.151120918080849,Strong,Strong Efficiency,Average Shot Quality Profile,Paint-Oriented,Rim Pressure Finisher,Spacing-Limited Profile,0.5498489425981873,0.0302114803625377,0.4199395770392749
1628277,Allisha Gray,1611661330,ATL,G,28.0,32,0.875,924.0,924.0,28.0,28.0,1.0,True,1053.0,32,sportsdataverse_player_box,Core Candidate,True,10.69915254237288,1.7655367231638417,1.3241525423728815,1.00635593220339,0.847457627118644,1.5625,22.75971451229184,0.5731939163498099,0.5155555555555555,0.535552,-0.0199964444444444,0.4088888888888889,8.576897287412407,2.902020212618453,,5.6748770747939545,Strong,Average Efficiency,Average Shot Quality Profile,Modern Shot Diet,No Clear Shooting Specialty,Clean Shot Profile,0.3688888888888889,0.3844444444444444,0.2466666666666666
1627675,Courtney Williams,1611661324,MIN,G,30.0,34,0.8823529411764706,913.0,913.0,30.0,30.0,1.0,True,1044.0,34,sportsdataverse_player_box,Core Candidate,True,8.967197527929642,3.208937485143808,2.5849774185880676,0.9091989541240789,1.0518183979082483,2.457627118644068,22.75198661647846,0.5175257731958763,0.5010729613733905,0.4442884698275862,0.0567844915458043,0.0944206008583691,11.979667415657204,-0.5630800683709225,,12.542747484028126,Strong,Average Efficiency,Tough-Shot Maker,Midrange-Heavy,No Clear Shooting Specialty,Midrange-Heavy Risk,0.0815450643776824,0.2381974248927038,0.6802575107296137
1629567,Natisha Hiedeman,1611661328,SEA,G,31.0,35,0.8857142857142857,914.0,914.0,31.0,31.0,1.0,True,1041.0,35,sportsdataverse_player_box,Core Candidate,True,9.754645069080514,1.6793711291090996,2.9835636017151024,0.7682229633158647,1.3935207241543592,2.141025641025641,23.354297693920334,0.5636743215031316,0.522883295194508,0.4771241972477064,0.0457590979468016,0.2356979405034324,-2.4098578739493632,2.744493166477625,,-5.154351040426988,Strong,Average Efficiency,Tough-Shot Maker,Perimeter-Leaning,No Clear Shooting Specialty,High Variance Profile,0.1624713958810068,0.4553775743707093,0.3821510297482837
1642784,Paige Bueckers,1611661321,DAL,G,27.0,33,0.8181818181818182,910.0,910.0,27.0,27.0,1.0,True,1032.0,31,sportsdataverse_player_box,Core Candidate,True,11.51858232832882,2.344326852079744,3.304208712773813,0.6645335958651243,1.2183115924193946,2.712121212121212,24.806534823731727,0.6056751467710372,0.5694444444444444,0.4428296774193548,0.1266147670250896,0.2286324786324786,4.844237416846084,0.6931164987652352,,4.151120918080849,Strong,Strong Efficiency,Tough-Shot Maker,Midrange-Heavy,Midrange Specialist,Balanced / Low Risk,0.1282051282051282,0.2991452991452991,0.5726495726495726
1628886,Jordin Canada,1611661330,ATL,G,28.0,32,0.875,883.0,883.0,28.0,28.0,1.0,True,1015.0,32,sportsdataverse_player_box,Core Candidate,True,6.718863801893664,2.1849963583394025,4.42461762563729,1.29278951201748,1.584122359796067,2.793103448275862,17.589175891758916,0.5394736842105263,0.475177304964539,0.5107325,-0.035555195035461,0.4645390070921986,8.357471817739864,2.682594742945909,,5.6748770747939545,Strong,Low Efficiency,Average Shot Quality Profile,Balanced Shot Diet,No Clear Shooting Specialty,Clean Shot Profile,0.3475177304964539,0.3333333333333333,0.3191489361702128
1628932,A'ja Wilson,1611661319,LVA,C,27.0,34,0.7941176470588235,862.0,862.0,27.0,27.0,1.0,True,994.0,31,sportsdataverse_player_box,Core Candidate,True,15.354627766599599,5.734406438631791,1.8108651911468812,2.074949698189135,1.4713279678068412,1.2307692307692308,32.87119856887299,0.6187214611872146,0.5518181818181818,0.4582549090909091,0.0935632727272726,0.44,13.796877067719905,7.721726518043184,,6.075150549676721,Strong,Average Efficiency,Tough-Shot Maker,Midrange-Heavy,Midrange Specialist,Midrange-Heavy Risk,0.24,0.1327272727272727,0.6272727272727272
1643426,Olivia Miles,1611661324,MIN,G,28.0,34,0.8235294117647058,856.0,856.0,28.0,28.0,1.0,True,989.0,32,sportsdataverse_player_box,Core Candidate,True,12.045169385194479,2.8042659974905897,3.63237139272271,1.1668757841907151,1.8820577164366374,1.93,26.966783216783217,0.6189555125725339,0.5607064017660044,0.540695,0.0200114017660043,0.3333333333333333,14.798548306491924,2.2558008224637973,,12.542747484028126,Strong,Strong Efficiency,High-Quality Shots + Strong Making,Modern Shot Diet,No Clear Shooting Specialty,Clean Shot Profile,0.4503311258278146,0.2847682119205297,0.2649006622516556
203827,Natasha Howard,1611661324,MIN,F,30.0,34,0.8823529411764706,884.0,884.0,30.0,30.0,1.0,True,985.0,34,sportsdataverse_player_box,Core Candidate,True,9.752263581488934,4.88556338028169,2.112676056338028,1.7165492957746478,1.603370221327968,1.3176470588235294,21.885964912280706,0.6243961352657005,0.5902777777777778,0.5505149025069638,0.039762875270814,0.3527777777777778,15.652204277077871,3.1094567930497448,,12.542747484028126,Strong,Strong Efficiency,High-Quality Shots + Strong Making,Paint-Oriented,No Clear Shooting Specialty,Clean Shot Profile,0.6611111111111111,0.0361111111111111,0.3027777777777777
1629481,Arike Ogunbowale,1611661321,DAL,G,29.0,33,0.8787878787878788,868.0,868.0,29.0,29.0,1.0,True,977.0,33,sportsdataverse_player_box,Core Candidate,True,9.352941176470589,2.0,2.0,0.6666666666666667,1.0196078431372548,1.9615384615384615,22.76867030965392,0.5256696428571429,0.4648241206030151,0.4833250632911392,-0.0185009426881241,0.3040201005025125,1.4166723169155375,-2.7344486011653117,,4.151120918080849,Strong,Low Efficiency,Tough Shot Profile,Diversified Shot Profile,No Clear Shooting Specialty,Balanced / Low Risk,0.1834170854271356,0.4321608040201005,0.3844221105527638
1642785,Sonia Citron,1611661322,WAS,G,25.0,32,0.78125,846.0,846.0,25.0,25.0,1.0,True,974.0,29,sportsdataverse_player_box,Core Candidate,True,9.809210526315791,2.2105263157894735,2.151315789473684,1.125,1.4605263157894737,1.472972972972973,21.6998191681736,0.6044226044226044,0.5181818181818182,0.4865202743902439,0.0316615437915742,0.5303030303030303,1.905597679332601,2.558672457885237,,-0.6530747785526358,Strong,Average Efficiency,Tough Shot Profile,Diversified Shot Profile,Balanced Three-Level Scorer,Balanced / Low Risk,0.2878787878787879,0.3606060606060606,0.3515151515151515
203014,Nneka Ogwumike,1611661320,LAS,F,26.0,32,0.8125,818.0,818.0,26.0,26.0,1.0,True,972.0,31,sportsdataverse_player_box,Core Candidate,True,10.082278481012658,5.1645569620253164,1.8037974683544304,0.8924050632911392,1.10126582278481,1.6379310344827587,22.377307519135524,0.6036446469248291,0.5696517412935324,0.4973758706467661,0.0722758706467662,0.2114427860696517,-5.889694240030167,-1.0985623622010365,,-4.79113187782913,Strong,Strong Efficiency,Average Shot Quality Profile,Diversified Shot Profile,Midrange Specialist,Balanced / Low Risk,0.2935323383084577,0.2860696517412935,0.4203980099502488
1627673,Jonquel Jones,1611661313,NYL,C,30.0,34,0.8823529411764706,884.0,884.0,30.0,30.0,1.0,True,961.0,33,sportsdataverse_player_box,Core Candidate,True,9.541126686061888,5.97064268711981,1.864586088336419,1.190161332980693,1.4083575773604866,1.323943661971831,20.81989866421004,0.631233595800525,0.5838414634146342,0.5166112804878049,0.0672301829268292,0.3658536585365853,2.146484147662676,-2.5021795343452595,,4.6486636820079354,Strong,Strong Efficiency,Average Shot Quality Profile,Modern Shot Diet,No Clear Shooting Specialty,Clean Shot Profile,0.3140243902439024,0.4786585365853659,0.2073170731707317
1643428,Flau'jae Johnson,1611661328,SEA,G,31.0,35,0.8857142857142857,880.0,880.0,31.0,31.0,1.0,True,960.0,34,sportsdataverse_player_box,Core Candidate,True,9.066787470877555,3.2422987315557856,1.9026663215117785,1.3784623349728191,1.61144188454569,1.180722891566265,25.297346752058555,0.4968085106382979,0.4394673123486682,0.5158821601941748,-0.0764148478455065,0.3099273607748184,-1.4638552925029984,3.6904957479239897,,-5.154351040426988,Strong,Low Efficiency,Average Shot Quality Profile,Diversified Shot Profile,No Clear Shooting Specialty,Clean Shot Profile,0.324455205811138,0.3680387409200968,0.3075060532687651
201886,DeWanna Bonner,1611661317,PHX,F,30.0,35,0.8571428571428571,816.0,816.0,30.0,19.0,0.6333333333333333,True,958.0,35,sportsdataverse_player_box,Core Candidate,True,7.04539490947258,4.132773550249278,1.0627131986355287,1.397271057465232,0.5116767252689582,2.076923076923077,17.663817663817664,0.515850144092219,0.4557377049180328,0.5103540983606557,-0.0546163934426229,0.3147540983606557,-1.7839741446316424,1.2325921281623948,,-3.016566272794037,Strong,Low Efficiency,Average Shot Quality Profile,Modern Shot Diet,No Clear Shooting Specialty,Clean Shot Profile,0.2590163934426229,0.5114754098360655,0.2295081967213114
1642291,Angel Reese,1611661330,ATL,F,27.0,32,0.84375,832.0,832.0,27.0,27.0,1.0,True,951.0,31,sportsdataverse_player_box,Core Candidate,True,9.520423991726991,7.154860392967942,1.4736297828335057,1.3960703205791107,1.9389865563598758,0.76,25.456125108601217,0.5051440329218106,0.4357682619647355,0.5788571788413098,-0.1430889168765743,0.4962216624685138,7.324191361673627,1.6493142868796724,,5.6748770747939545,Strong,Low Efficiency,High-Quality Shot Profile,Modern Shot Diet,No Clear Shooting Specialty,Clean Shot Profile,0.72544080604534,0.0982367758186398,0.1763224181360201
1643425,Azzi Fudd,1611661321,DAL,G,28.0,33,0.8484848484848485,893.0,893.0,28.0,22.0,0.7857142857142857,True,950.0,30,sportsdataverse_player_box,Core Candidate,True,7.847444089456869,1.038338658146965,1.0982428115015974,1.5375399361022364,0.6589456869009584,1.6666666666666667,17.918805412972468,0.5584045584045584,0.5467836257309941,0.4805199413489736,0.0662636843820205,0.067251461988304,6.982966189831856,2.831845271751007,,4.151120918080849,Strong,Average Efficiency,Tough-Shot Maker,Perimeter-Leaning,Midrange Specialist,Midrange-Heavy Risk,0.1169590643274853,0.4561403508771929,0.4269005847953216
204324,Dearica Hamby,1611661320,LAS,F,27.0,32,0.84375,799.0,799.0,27.0,27.0,1.0,True,944.0,32,sportsdataverse_player_box,Core Candidate,True,9.476954945624028,4.621957534955982,1.534179181771103,1.2428793371310203,1.24287933713102,1.234375,21.06715731370745,0.61489898989899,0.5793413173652695,0.558377245508982,0.0209640718562874,0.4341317365269461,-4.887801602251926,-0.09666972442279587,,-4.79113187782913,Strong,Strong Efficiency,High-Quality Shots + Strong Making,Modern Shot Diet,No Clear Shooting Specialty,Clean Shot Profile,0.6646706586826348,0.1077844311377245,0.2275449101796407
1629524,Bridget Carleton,1611661327,PDX,F,28.0,32,0.875,850.0,850.0,28.0,28.0,1.0,True,940.0,31,sportsdataverse_player_box,Core Candidate,True,9.043119510247537,2.6949693904711207,1.3175405908969924,1.2376896459941442,0.7585839765770561,1.736842105263158,20.169651272384545,0.573076923076923,0.5401662049861495,0.4881498614958449,0.0520163434903046,0.1966759002770083,-2.6872868166087045,2.63653104731587,,-5.323817863924575,Strong,Average Efficiency,Average Shot Quality Profile,Modern Shot Diet,Above-Break Spacer,Clean Shot Profile,0.0914127423822714,0.6260387811634349,0.2825484764542936
1630996,Rae Burrell,1611661320,LAS,G,27.0,32,0.84375,765.0,765.0,27.0,19.0,0.7037037037037037,True,920.0,32,sportsdataverse_player_box,Core Candidate,True,8.57823669579031,1.4892772041302622,1.5488482922954725,0.8339952343129468,1.4297061159650517,1.0833333333333333,21.17924528301887,0.5729442970822282,0.524390243902439,0.5233635670731708,0.0010266768292682,0.3292682926829268,-7.988953603790037,-3.1978217259609067,,-4.79113187782913,Strong,Average Efficiency,Average Shot Quality Profile,Modern Shot Diet,No Clear Shooting Specialty,Clean Shot Profile,0.3414634146341463,0.3841463414634146,0.274390243902439
1631022,Shakira Austin,1611661322,WAS,C,27.0,32,0.84375,799.0,799.0,27.0,27.0,1.0,True,920.0,31,sportsdataverse_player_box,Core Candidate,True,10.568086883876356,6.182121971595656,1.6917293233082706,1.3157894736842104,1.858813700918964,0.9101123595505618,25.864519185220274,0.5513100436681223,0.4934725848563969,0.4813789817232376,0.0120936031331592,0.4595300261096606,1.5618738018872023,2.214948580439838,,-0.6530747785526358,Strong,Average Efficiency,Tough Shot Profile,Paint-Oriented,No Clear Shooting Specialty,Midrange-Heavy Risk,0.4099216710182767,0.1148825065274151,0.4751958224543081
1631007,Veronica Burton,1611661331,GSV,G,28.0,32,0.875,797.0,797.0,28.0,28.0,1.0,True,918.0,32,sportsdataverse_player_box,Core Candidate,True,8.675866118614211,2.4001761597181446,3.985613623018203,1.2991779213153258,1.0789782736347622,3.693877551020408,19.939577039274926,0.5677233429394812,0.495,0.4707869047619047,0.0242130952380952,0.3966666666666666,13.155790486337736,3.3533995814354682,,9.802390904902268,Strong,Average Efficiency,Tough Shot Profile,Balanced Shot Diet,No Clear Shooting Specialty,Balanced / Low Risk,0.21,0.4033333333333333,0.3866666666666666
204333,Natasha Cloud,1611661329,CHI,G,28.0,33,0.8484848484848485,791.0,791.0,28.0,15.0,0.5357142857142857,True,910.0,32,sportsdataverse_player_box,Core Candidate,True,6.629500268672756,2.055346587855991,3.1636217087587317,0.9067705534658785,1.3903815153143473,2.2753623188405796,16.387959866220736,0.6003649635036497,0.5407725321888412,0.5059568965517242,0.034815635637117,0.3905579399141631,-2.0462136356299396,-1.0445689800622944,,-1.0016446555676453,Usable,Average Efficiency,Average Shot Quality Profile,Modern Shot Diet,No Clear Shooting Specialty,Clean Shot Profile,0.2660944206008583,0.4463519313304721,0.2875536480686695
1631044,Naz Hillmon,1611661330,ATL,F,27.0,32,0.84375,796.0,796.0,27.0,25.0,0.9259259259259259,True,897.0,31,sportsdataverse_player_box,Core Candidate,True,5.943080357142857,2.8041294642857144,0.9626116071428571,0.5859375,0.8370535714285714,1.15,13.238770685579198,0.5916666666666667,0.5540540540540541,0.5534801801801802,0.0005738738738738,0.2117117117117117,7.421875,1.7469979252060455,,5.6748770747939545,Usable,Average Efficiency,High-Quality Shot Profile,Modern Shot Diet,Rim Pressure Finisher,Clean Shot Profile,0.4189189189189189,0.5135135135135135,0.0675675675675675
204365,Erica Wheeler,1611661320,LAS,G,27.0,32,0.84375,755.0,755.0,27.0,25.0,0.9259259259259259,True,894.0,32,sportsdataverse_player_box,Core Candidate,True,6.219110378912686,1.2973640856672157,3.562602965403624,0.7413509060955519,1.2561779242174629,2.8360655737704916,17.678484701311316,0.495049504950495,0.4614035087719298,0.4866292114695341,-0.0252257026976042,0.1578947368421052,-1.1716554201578475,3.619476457671283,,-4.79113187782913,Strong,Low Efficiency,Average Shot Quality Profile,Modern Shot Diet,No Clear Shooting Specialty,Clean Shot Profile,0.2105263157894736,0.5052631578947369,0.2842105263157894
1629497,Marina Mabrey,1611661332,TOR,G,27.0,32,0.84375,793.0,793.0,27.0,27.0,1.0,True,885.0,30,sportsdataverse_player_box,Core Candidate,True,13.045302013422818,2.139261744966443,2.328020134228188,0.7969798657718121,1.971476510067114,1.1808510638297873,30.24536805207812,0.6049019607843137,0.5513100436681223,0.494563436123348,0.0567466075447742,0.2882096069868995,-7.898315104936458,-1.0322092768929139,,-6.866105828043544,Strong,Average Efficiency,Average Shot Quality Profile,Modern Shot Diet,Above-Break Spacer,Clean Shot Profile,0.1703056768558952,0.5458515283842795,0.2838427947598253
1642286,Caitlin Clark,1611661325,IND,G,25.0,33,0.7575757575757576,739.0,739.0,25.0,25.0,1.0,True,882.0,29,sportsdataverse_player_box,Core Candidate,True,12.960924600990644,2.3527793065492566,4.870665932856356,0.9287286736378646,2.848101265822785,1.710144927536232,31.4930388862218,0.6013513513513513,0.5331050228310502,0.5037118119266055,0.0293932109044446,0.4292237442922374,4.834362964185814,-3.1637139752910883,,7.998076939476903,Strong,Average Efficiency,Average Shot Quality Profile,Modern Shot Diet,Above-Break Spacer,Clean Shot Profile,0.2237442922374429,0.5,0.276255707762557
1629576,Maria Conde,1611661332,TOR,F,28.0,32,0.875,748.0,748.0,28.0,14.0,0.5,True,868.0,32,sportsdataverse_player_box,Core Candidate,True,6.176973496722713,3.1846679965802225,1.7526360786548874,0.42747221430607013,1.0473069250498717,1.6734693877551021,17.225609756097562,0.496551724137931,0.4650735294117647,0.5115642066420665,-0.0464906772303017,0.150735294117647,-7.024481118037784,-0.15837528999423967,,-6.866105828043544,Strong,Low Efficiency,Average Shot Quality Profile,Modern Shot Diet,High-Volume Low-Efficiency Shooter,Clean Shot Profile,0.1985294117647058,0.5404411764705883,0.2610294117647059
204319,Jewell Loyd,1611661319,LVA,G,28.0,34,0.8235294117647058,777.0,777.0,28.0,3.0,0.10714285714285714,False,865.0,32,sportsdataverse_player_box,Core Candidate,True,5.42038583357328,1.5980420385833571,0.9933774834437086,0.8638065073423553,0.6046645551396488,1.6428571428571428,14.40501043841336,0.5060483870967742,0.4762931034482758,0.5026628820960699,-0.0263697786477941,0.1637931034482758,6.75462789765956,0.6794773479828393,,6.075150549676721,Usable,Low Efficiency,Average Shot Quality Profile,Modern Shot Diet,No Clear Shooting Specialty,Clean Shot Profile,0.0775862068965517,0.7025862068965517,0.2198275862068965
1642289,Kamilla Cardoso,1611661329,CHI,C,28.0,33,0.8484848484848485,741.0,741.0,28.0,28.0,1.0,True,848.0,32,sportsdataverse_player_box,Core Candidate,True,10.061242344706912,6.080489938757656,1.7497812773403325,1.4654418197725283,1.268591426071741,1.3793103448275863,22.48182762201453,0.6133333333333333,0.5700934579439252,0.5840707165109035,-0.0139772585669782,0.3987538940809969,-2.823706643151084,-1.8220619875834387,,-1.0016446555676453,Strong,Strong Efficiency,High-Quality Shot Profile,Unavailable Shot Diet,No Clear Shooting Specialty,Specialist-Dependent,0.794392523364486,,0.205607476635514
1628878,Ariel Atkins,1611661320,LAS,G,25.0,32,0.78125,691.0,691.0,25.0,25.0,1.0,True,832.0,30,sportsdataverse_player_box,Core Candidate,True,6.112091791703443,1.941747572815534,1.9638128861429833,1.301853486319506,1.1032656663724625,1.78,17.17436974789916,0.4981949458483754,0.4594594594594595,0.4813418604651163,-0.0218824010056568,0.1621621621621621,-2.6580871660642487,2.1330447117648816,,-4.79113187782913,Strong,Low Efficiency,Tough Shot Profile,Perimeter-Leaning,No Clear Shooting Specialty,Low Pressure Profile,0.1235521235521235,0.5057915057915058,0.3706563706563707
1631141,Jade Melbourne,1611661328,SEA,G,30.0,35,0.8571428571428571,722.0,722.0,30.0,22.0,0.7333333333333333,True,827.0,34,sportsdataverse_player_box,Core Candidate,True,7.04954954954955,1.5090090090090091,3.0180180180180183,0.8558558558558558,1.3513513513513513,2.2333333333333334,17.54107048224695,0.577490774907749,0.5044444444444445,0.5250178733031674,-0.0205734288587229,0.48,-6.207975251210598,-1.0536242107836102,,-5.154351040426988,Usable,Average Efficiency,Average Shot Quality Profile,Modern Shot Diet,Rim Pressure Finisher,Clean Shot Profile,0.4133333333333333,0.3511111111111111,0.2355555555555555
1643443,Awa Fam,1611661328,SEA,C,25.0,35,0.7142857142857143,743.0,743.0,25.0,21.0,0.84,True,818.0,29,sportsdataverse_player_box,Core Candidate,True,6.722880583409299,3.783044667274385,1.2989972652689152,1.162260711030082,1.1850501367365542,1.0961538461538463,16.914103923647932,0.552434456928839,0.5334645669291339,0.4988895256916996,0.0345750412374343,0.1181102362204724,-4.129618535675164,1.0247325047518245,,-5.154351040426988,Strong,Average Efficiency,Average Shot Quality Profile,Perimeter-Leaning,Balanced Three-Level Scorer,Clean Shot Profile,0.2204724409448819,0.4566929133858268,0.3228346456692913
1642792,Kiki Iriafen,1611661322,WAS,F,25.0,32,0.78125,702.0,702.0,25.0,25.0,1.0,True,817.0,29,sportsdataverse_player_box,Core Candidate,True,10.298295454545453,6.321022727272727,1.1837121212121213,0.6865530303030303,1.2073863636363635,0.9803921568627451,24.208266237251745,0.54375,0.5105421686746988,0.5221388217522658,-0.0115966530775669,0.4427710843373494,2.456343125200533,3.109417903753169,,-0.6530747785526358,Strong,Average Efficiency,Average Shot Quality Profile,Paint-Oriented,No Clear Shooting Specialty,Clean Shot Profile,0.5542168674698795,0.1024096385542168,0.3433734939759036
1641648,Aliyah Boston,1611661325,IND,C,26.0,33,0.7878787878787878,691.0,691.0,26.0,26.0,1.0,True,816.0,30,sportsdataverse_player_box,Core Candidate,True,11.603343465045594,5.767477203647416,2.074468085106383,1.7325227963525835,1.7553191489361701,1.1818181818181819,25.971261309207023,0.6192214111922141,0.5840220385674931,0.5024938016528926,0.0815282369146005,0.2892561983471074,8.420285522224958,0.4222085827480555,,7.998076939476903,Strong,Strong Efficiency,Average Shot Quality Profile,Paint-Oriented,Midrange Specialist,Balanced / Low Risk,0.3608815426997245,0.2286501377410468,0.4104683195592287
1631019,NaLyssa Smith,1611661319,LVA,F,29.0,34,0.8529411764705882,683.0,683.0,29.0,29.0,1.0,True,807.0,33,sportsdataverse_player_box,Core Candidate,True,9.322033898305085,4.849340866290018,0.7532956685499059,0.9416195856873824,0.6826741996233522,1.103448275862069,18.594355285002766,0.6428571428571429,0.642578125,0.4933185546875,0.1492595703124999,0.45703125,5.36036364424497,-0.714786905431751,,6.075150549676721,Strong,Elite Efficiency,Average Shot Quality Profile,Unavailable Shot Diet,Rim Pressure Finisher,Balanced / Low Risk,0.46484375,,0.50390625
203866,Kayla Thornton,1611661331,GSV,F,28.0,32,0.875,707.0,707.0,28.0,28.0,1.0,True,802.0,32,sportsdataverse_player_box,Core Candidate,True,6.968582887700535,4.110962566844919,0.6266711229946524,0.777072192513369,0.6266711229946524,1.0,16.217765042979945,0.5348837209302325,0.4936974789915966,0.5236894957983192,-0.0299920168067226,0.1974789915966386,12.626549006307968,2.8241581014057004,,9.802390904902268,Usable,Average Efficiency,Average Shot Quality Profile,Modern Shot Diet,No Clear Shooting Specialty,Clean Shot Profile,0.1470588235294117,0.6470588235294117,0.2058823529411764
1628269,Nia Coffey,1611661324,MIN,F,30.0,34,0.8823529411764706,753.0,753.0,30.0,27.0,0.9,True,800.0,34,sportsdataverse_player_box,Core Candidate,True,5.360486891385768,3.721910112359551,1.544943820224719,1.6385767790262173,0.5617977528089888,2.75,12.431544359255202,0.5640394088669951,0.5592783505154639,0.5415657216494846,0.0177126288659793,0.1134020618556701,10.257643180560635,-2.2851043034674916,,12.542747484028126,Usable,Average Efficiency,High-Quality Shot Profile,Modern Shot Diet,Perimeter Volume Threat,Clean Shot Profile,0.268041237113402,0.5824742268041236,0.1494845360824742
1631136,Pauline Astier,1611661313,NYL,G,31.0,34,0.9117647058823529,742.0,742.0,31.0,26.0,0.8387096774193549,True,797.0,34,sportsdataverse_player_box,Core Candidate,True,7.707604199809099,2.0044543429844097,2.7919185491568563,0.8351893095768373,1.3124403436207446,2.1272727272727274,16.929133858267715,0.6544715447154471,0.590047393364929,0.5112416666666666,0.0788057266982623,0.3981042654028436,6.132263798737483,1.4836001167295478,,4.6486636820079354,Usable,Strong Efficiency,Average Shot Quality Profile,Paint-Oriented,Rim Pressure Finisher,Clean Shot Profile,0.4691943127962085,0.1895734597156398,0.3412322274881516
1643420,Laura Juskaite,1611661332,TOR,F,28.0,32,0.875,674.0,674.0,28.0,20.0,0.7142857142857143,True,773.0,32,sportsdataverse_player_box,Core Candidate,True,7.611506140917905,2.9573367808661923,1.2605042016806722,1.1150614091790563,1.4059469941822882,0.896551724137931,18.84306987399771,0.5793357933579336,0.5338983050847458,0.5364017094017094,-0.0025034043169636,0.326271186440678,-2.9935153037411197,3.8725905243024243,,-6.866105828043544,Usable,Average Efficiency,High-Quality Shot Profile,Modern Shot Diet,No Clear Shooting Specialty,Clean Shot Profile,0.4025423728813559,0.3983050847457627,0.1991525423728813
1631083,Emily Engstler,1611661327,PDX,F,29.0,32,0.90625,696.0,696.0,29.0,29.0,1.0,True,764.0,32,sportsdataverse_player_box,Core Candidate,True,7.068573285667859,4.070523236919077,1.5843353916152096,2.3155671108222293,1.5112122196945077,1.0483870967741935,18.656716417910445,0.5513307984790875,0.5294117647058824,0.5135928270042195,0.0158189377016628,0.2226890756302521,-5.4119824078885586,-0.08816454396398399,,-5.323817863924575,Usable,Average Efficiency,Average Shot Quality Profile,Modern Shot Diet,No Clear Shooting Specialty,Clean Shot Profile,0.2899159663865546,0.4159663865546218,0.2941176470588235
1643493,Noemie Brochant,1611661317,PHX,F,29.0,35,0.8285714285714286,643.0,643.0,29.0,20.0,0.6896551724137931,True,763.0,34,sportsdataverse_player_box,Core Candidate,True,5.085582620144832,1.728110599078341,1.4812376563528638,1.0368663594470047,0.7159315339038842,2.0689655172413794,12.364294330518698,0.5852272727272727,0.5784883720930233,0.5064181286549707,0.0720702434380525,0.0697674418604651,-2.3613730307985605,0.6551932419954767,,-3.016566272794037,Usable,Strong Efficiency,Average Shot Quality Profile,Perimeter-Leaning,Balanced Three-Level Scorer,Clean Shot Profile,0.1744186046511628,0.5116279069767442,0.313953488372093
1642304,Carla Leite,1611661327,PDX,G,27.0,32,0.84375,702.0,702.0,27.0,26.0,0.9629629629629629,True,760.0,30,sportsdataverse_player_box,Core Candidate,True,11.429038587311968,1.643230869849575,4.586330935251799,0.4414650098103336,2.477109221713538,1.8514851485148516,28.52153667054715,0.596401028277635,0.4836601307189542,0.4772460526315789,0.0064140780873753,0.6241830065359477,-2.158330927250759,3.1654869366738154,,-5.323817863924575,Strong,Low Efficiency,Tough Shot Profile,Midrange-Heavy,No Clear Shooting Specialty,Midrange-Heavy Risk,0.3366013071895425,0.2124183006535947,0.4509803921568627
1627700,Julie Allemand,1611661332,TOR,G,22.0,32,0.6875,638.0,638.0,22.0,20.0,0.9090909090909091,True,759.0,26,sportsdataverse_player_box,Core Candidate,True,4.229508196721311,1.9918032786885245,3.6639344262295084,1.2540983606557377,1.1065573770491803,3.311111111111111,9.617612977983775,0.7107438016528925,0.7051282051282052,0.5367457264957265,0.1683824786324786,0.0683760683760683,-5.790293840427651,1.075811987615893,,-6.866105828043544,Usable,Elite Efficiency,High-Quality Shots + Strong Making,Modern Shot Diet,Above-Break Spacer,Clean Shot Profile,0.2393162393162393,0.641025641025641,0.1196581196581196
1628931,Gabby Williams,1611661331,GSV,F,26.0,32,0.8125,668.0,668.0,26.0,26.0,1.0,True,747.0,30,sportsdataverse_player_box,Core Candidate,True,11.766275346851653,2.588046958377802,1.7075773745997864,1.3874066168623265,1.2273212379935965,1.391304347826087,28.89993784959602,0.5250596658711217,0.4868073878627968,0.4742613456464379,0.0125460422163589,0.2612137203166227,8.357726573629776,-1.4446643312724916,,9.802390904902268,Strong,Low Efficiency,Tough Shot Profile,Diversified Shot Profile,No Clear Shooting Specialty,Midrange-Heavy Risk,0.1820580474934037,0.3905013192612137,0.4274406332453825
1629482,Sophie Cunningham,1611661325,IND,G,28.0,33,0.8484848484848485,647.0,647.0,28.0,3.0,0.10714285714285714,False,736.0,32,sportsdataverse_player_box,Core Candidate,True,7.080592105263158,1.800986842105263,0.9868421052631579,0.5674342105263158,0.5921052631578948,1.6666666666666667,13.689776733254996,0.6866028708133971,0.6388888888888888,0.5257755555555556,0.1131133333333332,0.3555555555555555,7.2842178526120165,-0.7138590868648862,,7.998076939476903,Usable,Elite Efficiency,Average Shot Quality Profile,Modern Shot Diet,Above-Break Spacer,Clean Shot Profile,0.2166666666666666,0.6833333333333333,0.1
1630446,Michaela Onyenwere,1611661322,WAS,F,24.0,32,0.75,644.0,644.0,24.0,24.0,1.0,True,734.0,28,sportsdataverse_player_box,Core Candidate,True,6.85895181146676,2.268730214562082,1.239887442842068,0.44846992613436515,1.3717903622933523,0.9038461538461539,16.417910447761194,0.5829596412556054,0.5382653061224489,0.5168183673469388,0.0214469387755101,0.3061224489795918,6.061385883820151,6.714460662372787,,-0.6530747785526358,Usable,Average Efficiency,Average Shot Quality Profile,Modern Shot Diet,Balanced Three-Level Scorer,Clean Shot Profile,0.2959183673469387,0.4897959183673469,0.2142857142857143
1642781,Georgia Amoore,1611661322,WAS,G,28.0,32,0.875,643.0,643.0,28.0,28.0,1.0,True,725.0,32,sportsdataverse_player_box,Core Candidate,True,5.0686664257318395,1.0299963859775931,3.1170943259848207,0.3794723527285869,1.8702565955908927,1.6666666666666667,16.075794621026894,0.4742268041237113,0.435754189944134,0.508836312849162,-0.0730821229050279,0.2011173184357542,-2.195612849829331,-1.5425380712766952,,-0.6530747785526358,Usable,Low Efficiency,Average Shot Quality Profile,Modern Shot Diet,High-Volume Low-Efficiency Shooter,Clean Shot Profile,0.1452513966480447,0.7039106145251396,0.1508379888268156
204329,Kiah Stokes,1611661331,GSV,C,28.0,32,0.875,616.0,616.0,28.0,28.0,1.0,True,720.0,32,sportsdataverse_player_box,Core Candidate,True,3.5875706214689265,4.830508474576271,1.1299435028248588,2.2598870056497176,0.4519774011299435,2.5,9.174917491749175,0.516260162601626,0.5172413793103449,0.5211370689655173,-0.0038956896551723,0.1293103448275862,5.43860186717329,-4.363789037728978,,9.802390904902268,Usable,Average Efficiency,Average Shot Quality Profile,Modern Shot Diet,Balanced Three-Level Scorer,Clean Shot Profile,0.293103448275862,0.4827586206896552,0.2241379310344827
1642767,Janelle Salaun,1611661331,GSV,F,28.0,32,0.875,625.0,625.0,28.0,0.0,0.0,False,715.0,32,sportsdataverse_player_box,Core Candidate,True,11.508951406649617,3.288271830471319,0.959079283887468,0.7124588966021193,0.712458896602119,1.3461538461538463,23.38961851156973,0.6020114942528736,0.5544871794871795,0.4948987179487179,0.0595884615384615,0.2852564102564102,9.619081386805192,-0.18330951809707585,,9.802390904902268,Strong,Average Efficiency,Average Shot Quality Profile,Modern Shot Diet,Above-Break Spacer,Clean Shot Profile,0.1282051282051282,0.6442307692307692,0.2275641025641025
1643449,Charlisse Leger-Walker,1611661323,CON,G,29.0,31,0.9354838709677419,667.0,667.0,29.0,17.0,0.5862068965517241,True,714.0,31,sportsdataverse_player_box,Core Candidate,True,5.281316348195329,1.6985138004246285,2.813163481953291,0.8227176220806794,1.48619957537155,1.8928571428571428,16.676923076923078,0.4627906976744186,0.4183673469387755,0.4720204663212435,-0.053653119382468,0.2346938775510204,-7.672858699833327,0.5038536616500551,,-8.176712361483382,Usable,Efficiency Concern,Tough Shot Profile,Diversified Shot Profile,No Clear Shooting Specialty,Midrange-Heavy Risk,0.1989795918367347,0.4030612244897959,0.3979591836734694
1629568,Kennedy Burke,1611661323,CON,G,28.0,31,0.9032258064516129,659.0,659.0,28.0,7.0,0.25,False,707.0,30,sportsdataverse_player_box,Core Candidate,True,6.635530489954177,2.5907648924920688,1.1896369404300318,1.50687345787804,1.2160733168840323,0.9782608695652174,17.260108630054315,0.5145833333333333,0.4859154929577465,0.5102544600938967,-0.0243389671361502,0.3004694835680751,-5.208285705766002,2.96842665571738,,-8.176712361483382,Usable,Low Efficiency,Average Shot Quality Profile,Modern Shot Diet,Above-Break Spacer,Clean Shot Profile,0.2910798122065727,0.4976525821596244,0.2112676056338028
1629484,Megan DiLeo,1611661327,PDX,C,27.0,32,0.84375,627.0,627.0,27.0,18.0,0.6666666666666666,True,707.0,30,sportsdataverse_player_box,Core Candidate,True,10.186488388458832,3.1140042223786066,0.7916959887403238,0.8708655876143561,0.5541871921182265,1.4285714285714286,19.7016780609074,0.652027027027027,0.6169064748201439,0.5099929856115109,0.106913489208633,0.1834532374100719,-5.402428636516689,-0.07861077259211413,,-5.323817863924575,Strong,Elite Efficiency,Average Shot Quality Profile,Modern Shot Diet,No Clear Shooting Specialty,Clean Shot Profile,0.3741007194244604,0.3597122302158273,0.2661870503597122
1641649,Diamond Miller,1611661323,CON,F,29.0,31,0.9354838709677419,653.0,653.0,29.0,29.0,1.0,True,706.0,31,sportsdataverse_player_box,Core Candidate,True,7.943083573487032,2.107348703170029,1.1347262247838616,0.837536023054755,1.2427953890489913,0.9130434782608695,21.35253600500939,0.4898305084745762,0.4370229007633587,0.52398606870229,-0.0869631679389313,0.3053435114503817,-10.0368127202171,-1.8601003587337175,,-8.176712361483382,Strong,Low Efficiency,Average Shot Quality Profile,Modern Shot Diet,No Clear Shooting Specialty,Clean Shot Profile,0.2862595419847328,0.4236641221374045,0.2900763358778626
1642292,Jacy Sheldon,1611661329,CHI,G,29.0,33,0.8787878787878788,608.0,608.0,29.0,13.0,0.4482758620689655,False,703.0,33,sportsdataverse_player_box,Core Candidate,True,5.906545327266363,1.1025551277563879,1.4700735036751835,0.9712985649282465,0.6825341267063354,2.1538461538461537,13.803872579637725,0.5717948717948718,0.5308988764044944,0.5285255617977528,0.0023733146067416,0.2303370786516854,2.630070097305122,3.6317147528727673,,-1.0016446555676453,Usable,Average Efficiency,Average Shot Quality Profile,Modern Shot Diet,Balanced Three-Level Scorer,Clean Shot Profile,0.2865168539325842,0.4831460674157303,0.2303370786516854
1642798,Dominique Malonga,1611661328,SEA,C,22.0,35,0.6285714285714286,569.0,569.0,22.0,21.0,0.9545454545454546,True,683.0,26,sportsdataverse_player_box,Core Candidate,True,12.133928571428571,6.080357142857143,1.0982142857142858,1.6071428571428572,1.9285714285714286,0.5694444444444444,29.62962962962963,0.56625,0.5350140056022409,0.4942331932773109,0.0407808123249299,0.2717086834733893,-3.336889675332017,1.817461365094971,,-5.154351040426988,Strong,Average Efficiency,Average Shot Quality Profile,Paint-Oriented,Midrange Specialist,Midrange-Heavy Risk,0.3809523809523809,0.1568627450980392,0.4621848739495798
1629477,Sabrina Ionescu,1611661313,NYL,G,19.0,34,0.5588235294117647,594.0,594.0,19.0,18.0,0.9473684210526315,True,670.0,22,sportsdataverse_player_box,Core Candidate,True,9.771621115687008,2.4709846499438415,2.8079371022089106,0.5615874204417821,1.628603519281168,1.7241379310344827,23.34200260078024,0.5714285714285714,0.5109090909090909,0.4990833941605839,0.0118256967485069,0.2654545454545454,-1.155723559312321,-5.804387241320256,,4.6486636820079354,Strong,Average Efficiency,Average Shot Quality Profile,Modern Shot Diet,No Clear Shooting Specialty,Clean Shot Profile,0.2509090909090909,0.509090909090909,0.24
1628881,Monique Billings,1611661325,IND,F,28.0,33,0.8484848484848485,595.0,595.0,28.0,28.0,1.0,True,667.0,32,sportsdataverse_player_box,Core Candidate,True,6.757754800590842,4.569793205317578,1.0247415066469718,1.2186115214180206,0.6923929098966027,1.48,14.451612903225806,0.61,0.5451612903225806,0.548255806451613,-0.0030945161290323,0.6129032258064516,7.855075863159968,-0.14300107631693493,,7.998076939476903,Usable,Average Efficiency,High-Quality Shot Profile,Paint-Oriented,No Clear Shooting Specialty,Spacing-Limited Profile,0.5161290322580645,0.1032258064516129,0.3806451612903226
1629546,Marine Johannes,1611661313,NYL,G,28.0,34,0.8235294117647058,620.0,620.0,28.0,17.0,0.6071428571428571,True,666.0,31,sportsdataverse_player_box,Core Candidate,True,7.963594994311718,1.9340159271899888,2.161547212741752,0.881683731513083,1.5358361774744027,1.4074074074074074,19.63806970509384,0.5857740585774058,0.5673913043478261,0.5106199561403509,0.0567713482074752,0.0956521739130434,5.98426637184329,1.3356026898353548,,4.6486636820079354,Usable,Strong Efficiency,Average Shot Quality Profile,Modern Shot Diet,Above-Break Spacer,Clean Shot Profile,0.0826086956521739,0.7956521739130434,0.1217391304347826
1631086,Lexie Hull,1611661325,IND,G,29.0,33,0.8787878787878788,575.0,575.0,29.0,26.0,0.896551724137931,True,642.0,33,sportsdataverse_player_box,Core Candidate,True,5.124575311438279,2.9445073612684034,0.7078142695356738,0.7644394110985278,0.7927519818799547,0.8928571428571429,12.458581842279656,0.565625,0.5342465753424658,0.5087802083333333,0.0254663670091325,0.2123287671232876,9.902892806975913,1.9048158674990106,,7.998076939476903,Usable,Average Efficiency,Average Shot Quality Profile,Modern Shot Diet,Corner Spacer,Clean Shot Profile,0.1917808219178082,0.5410958904109588,0.2671232876712328
1642782,Sarah Ashlee Barker,1611661327,PDX,G,26.0,32,0.8125,643.0,643.0,26.0,15.0,0.5769230769230769,True,642.0,26,sportsdataverse_player_box,Core Candidate,True,8.20543093270366,3.4533648170011806,1.8299881936245572,0.9445100354191263,1.5348288075560803,1.1923076923076923,19.43095072866065,0.6096491228070176,0.586046511627907,0.5212922535211267,0.0647542581067802,0.1627906976744186,-4.099320393762767,1.2244974701618077,,-5.323817863924575,Usable,Strong Efficiency,Average Shot Quality Profile,Modern Shot Diet,Corner Spacer,Clean Shot Profile,0.3255813953488372,0.4186046511627906,0.2558139534883721
1630097,Kaila Charles,1611661331,GSV,G,28.0,32,0.875,558.0,558.0,28.0,8.0,0.2857142857142857,False,637.0,32,sportsdataverse_player_box,Core Candidate,True,5.949367088607595,4.493670886075949,1.360759493670886,0.9810126582278481,0.981012658227848,1.3870967741935485,16.008614501076813,0.4895833333333333,0.4571428571428571,0.4935160919540229,-0.0363732348111658,0.2057142857142857,13.0810829289763,3.278692024074033,,9.802390904902268,Usable,Low Efficiency,Average Shot Quality Profile,Diversified Shot Profile,No Clear Shooting Specialty,Clean Shot Profile,0.2514285714285714,0.4228571428571428,0.3257142857142857
1642303,Leila Lacan,1611661323,CON,G,20.0,31,0.6451612903225806,579.0,579.0,20.0,20.0,1.0,True,634.0,22,sportsdataverse_player_box,Core Candidate,True,8.100728155339805,1.3652912621359223,2.9429611650485437,1.4259708737864079,1.4259708737864076,2.0638297872340425,21.822033898305083,0.5057034220532319,0.4707112970711297,0.4743782426778243,-0.0036669456066946,0.2384937238493724,-6.841043775165318,1.3356685863180644,,-8.176712361483382,Usable,Low Efficiency,Tough Shot Profile,Midrange-Heavy,No Clear Shooting Specialty,Midrange-Heavy Risk,0.2175732217573222,0.3138075313807531,0.4686192468619247
1643430,Cotie McMahon,1611661322,WAS,G,26.0,32,0.8125,525.0,525.0,26.0,5.0,0.19230769230769232,False,619.0,30,sportsdataverse_player_box,Core Candidate,True,6.309278350515464,2.752577319587629,1.8556701030927834,0.7731958762886598,0.9896907216494846,1.875,17.236467236467238,0.4857142857142857,0.4431818181818182,0.5195054913294798,-0.0763236731476615,0.4488636363636363,-2.6147805608727595,-1.9617057823201236,,-0.6530747785526358,Usable,Low Efficiency,Average Shot Quality Profile,Diversified Shot Profile,No Clear Shooting Specialty,Clean Shot Profile,0.3409090909090909,0.3522727272727273,0.3068181818181818
1630442,Natasha Mack,1611661317,PHX,F,22.0,35,0.6285714285714286,519.0,519.0,22.0,18.0,0.8181818181818182,True,602.0,27,sportsdataverse_player_box,Core Candidate,True,7.214621633176571,5.899957246686618,1.122274476271911,1.539119281744335,0.8016246259085079,1.4,14.776119402985074,0.6502890173410405,0.6233766233766234,0.4735912337662337,0.1497853896103896,0.2792207792207792,-0.34803615481466466,2.6685301179793726,,-3.016566272794037,Usable,Elite Efficiency,Tough-Shot Maker,Paint-Oriented,Midrange Specialist,Spacing-Limited Profile,0.3571428571428571,0.0519480519480519,0.5909090909090908
1628922,Azura Stevens,1611661329,CHI,F,22.0,33,0.6666666666666666,555.0,555.0,22.0,21.0,0.9545454545454546,True,599.0,24,sportsdataverse_player_box,Core Candidate,True,8.419314898885679,5.076351630210483,1.7643417251341311,1.1143210895583986,1.2690879075526207,1.3902439024390243,22.34273318872017,0.5074626865671642,0.4554655870445344,0.5485461382113821,-0.0930805511668477,0.242914979757085,-6.630987988253963,-5.629343332686318,,-1.0016446555676453,Usable,Low Efficiency,High-Quality Shot Profile,Modern Shot Diet,No Clear Shooting Specialty,Clean Shot Profile,0.4331983805668016,0.3522267206477733,0.2145748987854251
1642809,Saniya Rivers,1611661323,CON,G,25.0,31,0.8064516129032258,559.0,559.0,25.0,12.0,0.48,False,592.0,27,sportsdataverse_player_box,Core Candidate,True,5.779000846740051,1.8734123624047418,2.6989839119390346,1.397121083827265,1.2066045723962742,2.236842105263158,19.21965317919075,0.3991228070175439,0.3682926829268292,0.4840339195979899,-0.1157412366711607,0.2341463414634146,-12.042278968923156,-3.8655666074397743,,-8.176712361483382,Usable,Efficiency Concern,Tough Shot Profile,Midrange-Heavy,No Clear Shooting Specialty,Midrange-Heavy Risk,0.2731707317073171,0.2536585365853658,0.473170731707317
1642321,Sydney Taylor,1611661329,CHI,G,27.0,33,0.8181818181818182,562.0,562.0,27.0,16.0,0.5925925925925926,True,578.0,28,sportsdataverse_player_box,Core Candidate,True,12.789735099337749,1.3658940397350994,1.4590231788079469,0.8381622516556292,1.3038079470198674,1.119047619047619,28.498168498168496,0.5893371757925072,0.5487421383647799,0.530356329113924,0.0183858092508558,0.2389937106918239,5.045955806769058,6.047600462336703,,-1.0016446555676453,Strong,Average Efficiency,Average Shot Quality Profile,Modern Shot Diet,Above-Break Spacer,Clean Shot Profile,0.270440251572327,0.5220125786163522,0.2075471698113207
1631135,Olivia Nelson-Ododa,1611661323,CON,C,25.0,31,0.8064516129032258,534.0,534.0,25.0,15.0,0.6,True,576.0,27,sportsdataverse_player_box,Core Candidate,True,8.651315789473683,5.3618421052631575,1.644736842105263,1.5460526315789473,1.4473684210526316,1.1363636363636365,19.832826747720365,0.6059907834101382,0.5722543352601156,0.5033583815028901,0.0688959537572254,0.5838150289017341,-2.6551982049364256,5.5215141565469565,,-8.176712361483382,Usable,Strong Efficiency,Average Shot Quality Profile,Unavailable Shot Diet,Rim Pressure Finisher,Balanced / Low Risk,0.5549132947976878,,0.4393063583815029
1643447,Gabriela Jaquez,1611661329,CHI,G,25.0,33,0.7575757575757576,516.0,516.0,25.0,15.0,0.6,True,575.0,29,sportsdataverse_player_box,Core Candidate,True,6.670902160101652,2.9224904701397714,0.8894536213468869,0.7623888182973316,0.9847522236340533,0.9032258064516129,17.384731670445955,0.5251256281407035,0.4628571428571428,0.5286649425287356,-0.0658077996715928,0.3314285714285714,-2.867062196121566,-1.8654175405539206,,-1.0016446555676453,Usable,Low Efficiency,Average Shot Quality Profile,Paint-Oriented,No Clear Shooting Specialty,Clean Shot Profile,0.3828571428571428,0.2971428571428571,0.32
203855,Stephanie Talbot,1611661319,LVA,F,30.0,34,0.8823529411764706,526.0,526.0,30.0,29.0,0.9666666666666667,True,571.0,34,sportsdataverse_player_box,Core Candidate,True,3.720106288751107,2.8897254207263066,1.228963684676705,0.9632418069087688,0.7639503985828167,1.608695652173913,10.819411296738265,0.495575221238938,0.4809523809523809,0.5368961904761904,-0.0559438095238095,0.1619047619047619,0.17370264366947197,-5.901447906007249,,6.075150549676721,Usable,Low Efficiency,High-Quality Shot Profile,Modern Shot Diet,No Clear Shooting Specialty,Clean Shot Profile,0.1904761904761904,0.5904761904761905,0.219047619047619
204322,Elizabeth Williams,1611661329,CHI,C,29.0,33,0.8787878787878788,496.0,496.0,29.0,1.0,0.034482758620689655,False,570.0,33,sportsdataverse_player_box,Core Candidate,True,5.604534005037784,3.8727959697733,1.5113350125944585,1.4483627204030225,0.9130982367758187,1.6551724137931034,16.666666666666668,0.4611398963730569,0.464968152866242,0.5311624203821655,-0.0661942675159235,0.4904458598726114,0.35428815577679984,1.355932811344445,,-1.0016446555676453,Usable,Low Efficiency,Average Shot Quality Profile,Unavailable Shot Diet,No Clear Shooting Specialty,Midrange-Heavy Risk,0.5859872611464968,,0.4140127388535031
1631055,Nyara Sabally,1611661332,TOR,F,19.0,32,0.59375,447.0,447.0,19.0,15.0,0.7894736842105263,True,556.0,23,sportsdataverse_player_box,Core Candidate,True,9.776725304465494,4.025710419485791,1.3531799729364005,1.5223274695534506,1.1840324763193506,1.1428571428571428,21.61729383506805,0.6148936170212767,0.5808080808080808,0.5474681818181818,0.0333398989898989,0.4141414141414141,-5.151949214617062,1.714156613426482,,-6.866105828043544,Usable,Strong Efficiency,High-Quality Shots + Strong Making,Modern Shot Diet,No Clear Shooting Specialty,Clean Shot Profile,0.5050505050505051,0.2525252525252525,0.2424242424242424
203828,Stefanie Dolson,1611661328,SEA,C,31.0,35,0.8857142857142857,514.0,514.0,31.0,12.0,0.3870967741935484,False,554.0,35,sportsdataverse_player_box,Core Candidate,True,4.285714285714286,2.857142857142857,1.3605442176870748,0.9523809523809523,0.9863945578231293,1.3793103448275863,10.68825910931174,0.6116504854368932,0.5738636363636364,0.5154607954545455,0.0584028409090908,0.3409090909090909,-8.61589776669058,-3.4615467262635917,,-5.154351040426988,Low,Strong Efficiency,Average Shot Quality Profile,Modern Shot Diet,Low-Volume Efficient Shooter,Clean Shot Profile,0.2159090909090909,0.5340909090909091,0.25
203400,Skylar Diggins,1611661329,CHI,G,19.0,33,0.5757575757575758,553.0,553.0,19.0,19.0,1.0,True,553.0,19,sportsdataverse_player_box,Core Candidate,True,8.998661909009813,2.007136485280999,3.1110615521855487,0.9701159678858162,1.1039250669045495,2.8181818181818183,22.980392156862745,0.5134615384615384,0.4504504504504504,0.500772972972973,-0.0503225225225225,0.4009009009009009,-5.965916099331139,-4.964271443763494,,-1.0016446555676453,Usable,Low Efficiency,Average Shot Quality Profile,Diversified Shot Profile,No Clear Shooting Specialty,Midrange-Heavy Risk,0.2612612612612612,0.3063063063063063,0.4324324324324324
1642815,Makayla Timpson,1611661325,IND,F,28.0,33,0.8484848484848485,441.0,441.0,28.0,1.0,0.03571428571428571,False,551.0,32,sportsdataverse_player_box,Core Candidate,True,4.564360770577934,4.498686514886165,0.5253940455341506,1.3791593695271454,0.7552539404553416,0.6956521739130435,10.43956043956044,0.6318181818181818,0.6063829787234043,0.574958510638298,0.0314244680851063,0.4042553191489361,11.993889870435794,3.9958129309588912,,7.998076939476903,Low,Strong Efficiency,High-Quality Shots + Strong Making,Unavailable Shot Diet,Low-Volume Efficient Shooter,Specialist-Dependent,0.7872340425531915,,0.2127659574468084
1641651,Jordan Horston,1611661328,SEA,F,26.0,35,0.7428571428571429,471.0,471.0,26.0,16.0,0.6153846153846154,True,532.0,30,sportsdataverse_player_box,Core Candidate,True,5.115239887111947,3.668861712135466,1.3758231420507996,1.5522107243650047,1.2699905926622765,1.0833333333333333,16.68077900084674,0.4503105590062112,0.4206896551724138,0.4972206896551723,-0.0765310344827585,0.2275862068965517,-1.4055274046865662,3.748823635740422,,-5.154351040426988,Usable,Efficiency Concern,Average Shot Quality Profile,Diversified Shot Profile,No Clear Shooting Specialty,Midrange-Heavy Risk,0.2758620689655172,0.3103448275862069,0.4137931034482758
1642296,Nyadiew Puoch,1611661327,PDX,F,28.0,32,0.875,468.0,468.0,28.0,14.0,0.5,True,532.0,31,sportsdataverse_player_box,Core Candidate,True,4.445506692160612,1.935946462715105,0.752868068833652,0.9321223709369024,0.6094646271510517,1.2352941176470589,12.615643397813288,0.4661654135338345,0.436,0.5481159999999999,-0.1121159999999999,0.192,-6.791208409538157,-1.4673905456135827,,-5.323817863924575,Usable,Low Efficiency,High-Quality Shot Profile,Perimeter-Leaning,No Clear Shooting Specialty,Clean Shot Profile,0.416,0.4639999999999999,
1643427,Lauren Betts,1611661322,WAS,C,28.0,32,0.875,456.0,456.0,28.0,1.0,0.03571428571428571,False,531.0,32,sportsdataverse_player_box,Core Candidate,True,7.547864506627393,5.007363770250368,1.1045655375552283,1.4359351988217968,1.0309278350515463,1.0714285714285714,17.001675041876048,0.5857142857142857,0.5472972972972973,0.4751939189189189,0.0721033783783783,0.3986486486486486,-3.8278674301579088,-3.174792651605273,,-0.6530747785526358,Usable,Average Efficiency,Tough-Shot Maker,Unavailable Shot Diet,Rim Pressure Finisher,Midrange-Heavy Risk,0.4932432432432432,,0.5067567567567568
1642800,Aneesah Morrow,1611661332,TOR,F,,32,,,,,,,False,519.0,23,missing_sportsdataverse_player_box,Ineligible,False,9.259697256385998,6.811731315042573,1.2417218543046358,1.2417218543046358,1.3481551561021758,0.9210526315789473,24.37449556093624,0.4924528301886792,0.4708333333333333,0.5272638075313807,-0.0564304741980473,0.2416666666666666,-13.894497909148171,-7.028392081104627,,-6.866105828043544,Usable,Low Efficiency,Average Shot Quality Profile,Modern Shot Diet,No Clear Shooting Specialty,Clean Shot Profile,0.4041666666666667,0.3,0.2958333333333333
1641660,Zia Cooke,1611661328,SEA,G,31.0,35,0.8857142857142857,464.0,464.0,31.0,0.0,0.0,False,517.0,35,sportsdataverse_player_box,Core Candidate,True,9.543467702768334,2.1855269548324427,1.129188926663429,0.3642544924720738,1.3113161728994658,0.8611111111111112,26.63793103448276,0.478021978021978,0.4138655462184873,0.4673758474576271,-0.0535103012391398,0.3361344537815126,-4.807980840547387,0.34637019987960116,,-5.154351040426988,Usable,Efficiency Concern,Tough Shot Profile,Midrange-Heavy,No Clear Shooting Specialty,Midrange-Heavy Risk,0.1638655462184874,0.3823529411764705,0.453781512605042
1628508,Cecilia Zandalasini,1611661331,GSV,F,24.0,32,0.75,436.0,436.0,24.0,21.0,0.875,True,511.0,28,sportsdataverse_player_box,Core Candidate,True,9.310069259456581,2.1576984549813534,1.9179541822056472,1.0788492274906765,1.6782099094299414,1.1428571428571428,24.02957486136784,0.5298165137614679,0.5024154589371981,0.4521328502415458,0.0502826086956522,0.144927536231884,7.241519467927361,-2.5608714369749066,,9.802390904902268,Usable,Average Efficiency,Tough-Shot Maker,Perimeter-Leaning,Above-Break Spacer,Midrange-Heavy Risk,0.0531400966183574,0.5072463768115942,0.4396135265700482
1628276,Kelsey Plum,1611661317,PHX,G,,35,,,,,,,False,503.0,16,missing_sportsdataverse_player_box,Ineligible,False,13.316708229426434,1.309226932668329,3.3665835411471323,0.598503740648379,1.7581047381546135,1.9148936170212767,27.81222320637733,0.6573033707865169,0.6125541125541125,0.4906639130434782,0.1218901995106343,0.3896103896103896,-1.1840725329003305,1.8324937398937067,,-3.016566272794037,Usable,Strong Efficiency,Average Shot Quality Profile,Balanced Shot Diet,No Clear Shooting Specialty,Clean Shot Profile,0.2251082251082251,0.4372294372294372,0.3376623376623376
1631118,Lexi Held,1611661317,PHX,G,21.0,35,0.6,403.0,403.0,21.0,7.0,0.3333333333333333,False,495.0,33,sportsdataverse_player_box,Core Candidate,True,5.8988764044943816,1.4938712972420838,1.6853932584269662,0.5745658835546475,1.0725229826353422,1.5714285714285714,16.696750902527075,0.4904458598726114,0.4560810810810811,0.4960358620689655,-0.0399547809878844,0.1486486486486486,-2.8487772097822983,0.1677890630117389,,-3.016566272794037,Usable,Low Efficiency,Average Shot Quality Profile,Perimeter-Leaning,No Clear Shooting Specialty,Clean Shot Profile,0.1959459459459459,0.4797297297297297,0.3243243243243243
203822,Rebekah Gardner,1611661313,NYL,G,29.0,34,0.8529411764705882,430.0,430.0,29.0,2.0,0.06896551724137931,False,487.0,32,sportsdataverse_player_box,Core Candidate,True,6.2847046945986875,3.06663301362948,1.5143866733972742,0.8329126703685007,0.795053003533569,1.9047619047619047,14.924039320822164,0.5608108108108109,0.5038759689922481,0.5524476744186047,-0.0485717054263565,0.3023255813953488,3.6720422434707984,-0.976621438537137,,4.6486636820079354,Usable,Average Efficiency,High-Quality Shot Profile,Modern Shot Diet,Rim Pressure Finisher,Clean Shot Profile,0.4651162790697674,0.2868217054263566,0.2480620155038759
204468,Valeriane Ayayi,1611661317,PHX,F,24.0,35,0.6857142857142857,409.0,409.0,24.0,5.0,0.20833333333333334,False,486.0,29,sportsdataverse_player_box,Core Candidate,True,7.3328267477203655,3.115501519756839,1.3677811550151975,0.797872340425532,1.5957446808510638,0.8571428571428571,18.53526220614828,0.5884146341463414,0.4590163934426229,0.5009772727272728,-0.0419608792846498,0.7868852459016393,-1.9213534475236145,1.0952128252704227,,-3.016566272794037,Usable,Low Efficiency,Average Shot Quality Profile,Modern Shot Diet,No Clear Shooting Specialty,Clean Shot Profile,0.2295081967213114,0.4918032786885246,0.2786885245901639
203026,Tiffany Hayes,1611661331,GSV,G,26.0,32,0.8125,410.0,410.0,26.0,1.0,0.038461538461538464,False,483.0,30,sportsdataverse_player_box,Core Candidate,True,9.804191947049091,1.8201875344732488,2.9784886927744068,0.95146166574738,1.2824048538334252,2.3225806451612905,22.170252572497663,0.5728155339805825,0.4880239520958084,0.4767877245508982,0.0112362275449102,0.5329341317365269,8.174950288533381,-1.6274406163688866,,9.802390904902268,Usable,Average Efficiency,Tough Shot Profile,Balanced Shot Diet,No Clear Shooting Specialty,Clean Shot Profile,0.3353293413173652,0.3293413173652694,0.3353293413173652
1642777,Monique Akoa Makani,1611661320,LAS,G,,32,,,,,,,False,479.0,21,missing_sportsdataverse_player_box,Ineligible,False,7.5039914848323575,1.6365087812666312,2.0356572645023947,1.077700904736562,1.6365087812666312,1.2439024390243902,19.846596356663472,0.5662650602409639,0.5138888888888888,0.4919272727272727,0.0219616161616161,0.3263888888888889,-4.630955672079438,0.1601762057496927,,-4.79113187782913,Usable,Average Efficiency,Average Shot Quality Profile,Diversified Shot Profile,Midrange Specialist,Midrange-Heavy Risk,0.1736111111111111,0.4097222222222222,0.4166666666666666
1628279,Brittney Sykes,1611661332,TOR,G,15.0,32,0.46875,477.0,477.0,15.0,15.0,1.0,True,477.0,15,sportsdataverse_player_box,Core Candidate,True,11.819371727748692,2.2382198952879584,2.0418848167539267,1.0602094240837696,1.3743455497382198,1.4857142857142858,28.39851024208566,0.5462962962962963,0.4561403508771929,0.5008133771929825,-0.0446730263157895,0.4561403508771929,-1.55153508771933,5.314570740324214,,-6.866105828043544,Usable,Low Efficiency,Average Shot Quality Profile,Diversified Shot Profile,No Clear Shooting Specialty,Midrange-Heavy Risk,0.3245614035087719,0.2587719298245614,0.4166666666666666
1630471,Maya Caldwell,1611661324,MIN,G,30.0,34,0.8823529411764706,424.0,424.0,30.0,2.0,0.06666666666666667,False,472.0,34,sportsdataverse_player_box,Core Candidate,True,5.6558682952735,3.066914498141264,1.4737121614445035,1.2347318109399894,0.9559214020180563,1.5416666666666667,15.293040293040294,0.493006993006993,0.4621212121212121,0.5075751908396947,-0.0454539787184826,0.1893939393939394,10.701561206093217,-1.8411862779349093,,12.542747484028126,Usable,Low Efficiency,Average Shot Quality Profile,Modern Shot Diet,No Clear Shooting Specialty,Clean Shot Profile,0.2045454545454545,0.5,0.2954545454545454
1630386,Awak Kuier,1611661321,DAL,F,26.0,33,0.7878787878787878,424.0,424.0,26.0,16.0,0.6153846153846154,True,467.0,30,sportsdataverse_player_box,Core Candidate,True,6.478950246036086,3.6495352651722253,1.0251503553854566,1.9272826681246582,1.1481683980317112,0.8928571428571429,16.288252714708783,0.572463768115942,0.5476190476190477,0.5224988095238096,0.0251202380952381,0.2222222222222222,7.551055062217955,3.399934144137106,,4.151120918080849,Usable,Average Efficiency,Average Shot Quality Profile,Modern Shot Diet,No Clear Shooting Specialty,Clean Shot Profile,0.3968253968253968,0.3968253968253968,0.2063492063492063
1629566,Han Xu,1611661313,NYL,C,30.0,34,0.8823529411764706,397.0,397.0,30.0,2.0,0.06666666666666667,False,466.0,34,sportsdataverse_player_box,Core Candidate,True,8.248798718633209,3.363587827015483,1.00106780565937,1.3614522156967432,0.6807261078483715,1.4705882352941178,16.839134524929445,0.6358024691358025,0.6151315789473685,0.5035151315789473,0.1116164473684211,0.1578947368421052,7.810123262522936,3.1614595805150003,,4.6486636820079354,Usable,Strong Efficiency,Average Shot Quality Profile,Modern Shot Diet,No Clear Shooting Specialty,Clean Shot Profile,0.2631578947368421,0.4671052631578947,0.2697368421052631
1642822,Kaitlyn Chen,1611661331,GSV,G,28.0,32,0.875,410.0,410.0,28.0,0.0,0.0,False,459.0,32,sportsdataverse_player_box,Core Candidate,True,9.588068181818182,1.5767045454545454,2.8551136363636367,0.3409090909090909,1.6193181818181819,1.763157894736842,22.166998011928428,0.6081081081081081,0.5887573964497042,0.4759347305389221,0.112822665910782,0.2189349112426035,6.271990328130585,-3.530400576771683,,9.802390904902268,Usable,Strong Efficiency,Tough-Shot Maker,Balanced Shot Diet,Midrange Specialist,Balanced / Low Risk,0.3076923076923077,0.2544378698224852,0.4378698224852071
204330,Isabelle Harrison,1611661332,TOR,F,16.0,32,0.5,384.0,384.0,16.0,14.0,0.875,True,443.0,20,sportsdataverse_player_box,Core Candidate,True,10.333333333333334,4.583333333333333,1.2083333333333333,1.0,1.3333333333333333,0.90625,24.42899702085402,0.5794392523364486,0.544973544973545,0.5262986702127659,0.0186748747607791,0.3068783068783068,-11.024566939632678,-4.1584611115891335,,-6.866105828043544,Usable,Average Efficiency,Average Shot Quality Profile,Paint-Oriented,No Clear Shooting Specialty,Balanced / Low Risk,0.4232804232804232,0.2169312169312169,0.3597883597883597
1643494,Frieda Buhner,1611661327,PDX,F,26.0,32,0.8125,389.0,389.0,26.0,0.0,0.0,False,438.0,29,sportsdataverse_player_box,Core Candidate,True,7.971227246036406,2.7745155607751024,0.9688784497944803,0.5725190839694656,0.9688784497944803,1.0,18.60226104830421,0.5691823899371069,0.5071428571428571,0.5226214285714286,-0.0154785714285714,0.3142857142857143,-7.469415902351557,-2.145598038426982,,-5.323817863924575,Usable,Average Efficiency,Average Shot Quality Profile,Modern Shot Diet,No Clear Shooting Specialty,Clean Shot Profile,0.2571428571428571,0.5,0.2428571428571428
203398,Brittney Griner,1611661323,CON,C,16.0,31,0.5161290322580645,412.0,412.0,16.0,16.0,1.0,True,436.0,17,sportsdataverse_player_box,Core Candidate,True,10.137507314218842,4.256875365710942,1.9748390871854886,1.6676418958455237,1.360444704505559,1.4516129032258065,23.6734693877551,0.572139303482587,0.5371428571428571,0.4776177142857143,0.0595251428571428,0.3657142857142857,-4.800525904926275,3.3761864565571074,,-8.176712361483382,Usable,Average Efficiency,Tough-Shot Maker,Unavailable Shot Diet,Midrange Specialist,Midrange-Heavy Risk,0.4057142857142857,,0.5771428571428572
1642287,Cameron Brink,1611661320,LAS,F,19.0,32,0.59375,337.0,337.0,19.0,1.0,0.05263157894736842,False,434.0,24,sportsdataverse_player_box,Core Candidate,True,9.22686230248307,4.909706546275395,1.2697516930022574,2.1585778781038374,2.3702031602708806,0.5357142857142857,23.7,0.6022099447513812,0.5555555555555556,0.5232264705882353,0.0323290849673202,0.4183006535947712,-1.4955795052103298,3.2955523726188005,,-4.79113187782913,Usable,Average Efficiency,Average Shot Quality Profile,Modern Shot Diet,Balanced Three-Level Scorer,Clean Shot Profile,0.3529411764705882,0.4052287581699346,0.2418300653594771
1629478,Katie Lou Samuelson,1611661328,SEA,F,25.0,35,0.7142857142857143,387.0,387.0,25.0,1.0,0.04,False,412.0,27,sportsdataverse_player_box,Core Candidate,True,5.545454545454546,2.590909090909091,0.9090909090909091,0.9545454545454545,0.5454545454545454,1.6666666666666667,12.273212379935966,0.5922330097087378,0.5478723404255319,0.5229239361702128,0.024948404255319,0.2659574468085106,-15.668747134948319,-10.51439609452133,,-5.154351040426988,Low,Average Efficiency,Average Shot Quality Profile,Modern Shot Diet,Corner Spacer,Clean Shot Profile,0.1595744680851064,0.7127659574468086,0.1276595744680851
1641652,Maddy Siegrist,1611661321,DAL,F,27.0,33,0.8181818181818182,373.0,373.0,27.0,6.0,0.2222222222222222,False,411.0,30,sportsdataverse_player_box,Core Candidate,True,8.318181818181818,3.6818181818181817,1.0,0.9545454545454546,0.4090909090909091,2.4444444444444446,17.309697601668404,0.5828025477707006,0.5582191780821918,0.5048530821917808,0.0533660958904109,0.1643835616438356,9.329879563743631,5.178758645662782,,4.151120918080849,Usable,Average Efficiency,Average Shot Quality Profile,Diversified Shot Profile,Balanced Three-Level Scorer,Clean Shot Profile,0.273972602739726,0.3835616438356164,0.3424657534246575
1630142,Leonie Fiebich,1611661313,NYL,F,15.0,34,0.4411764705882353,440.0,440.0,15.0,15.0,1.0,True,408.0,14,sportsdataverse_player_box,Watchlist,False,6.60377358490566,1.6981132075471697,1.2264150943396226,0.8490566037735848,1.179245283018868,1.04,15.515288788221971,0.6194690265486725,0.5784313725490197,0.5209176470588236,0.057513725490196,0.2352941176470588,9.1729444658056,4.524280783797664,,4.6486636820079354,Usable,Strong Efficiency,Average Shot Quality Profile,Modern Shot Diet,Corner Spacer,Clean Shot Profile,0.2156862745098039,0.5882352941176471,0.196078431372549
1643489,Antonia Delaere,1611661324,MIN,F,30.0,34,0.8823529411764706,380.0,380.0,30.0,0.0,0.0,False,406.0,34,sportsdataverse_player_box,Core Candidate,True,4.810629199755651,1.1453879047037263,1.786805131337813,0.7330482590103848,0.6414172266340867,2.7857142857142856,10.189075630252102,0.6265060240963856,0.6111111111111112,0.5135632911392405,0.0975478199718706,0.074074074074074,12.819525302283921,0.2767778182557947,,12.542747484028126,Low,Strong Efficiency,Average Shot Quality Profile,Modern Shot Diet,Low-Volume Efficient Shooter,Clean Shot Profile,0.1481481481481481,0.691358024691358,0.1604938271604938
1628899,Myisha Hines-Allen,1611661325,IND,F,26.0,33,0.7878787878787878,385.0,385.0,26.0,3.0,0.11538461538461539,False,406.0,29,sportsdataverse_player_box,Core Candidate,True,5.0030048076923075,3.9663461538461537,1.9831730769230769,1.2169471153846154,1.5775240384615385,1.2571428571428571,14.97844827586207,0.5336538461538461,0.5053191489361702,0.5376351063829787,-0.0323159574468084,0.2446808510638297,9.856570758233346,1.8584938187564433,,7.998076939476903,Low,Average Efficiency,High-Quality Shot Profile,Modern Shot Diet,No Clear Shooting Specialty,Clean Shot Profile,0.5638297872340425,0.2021276595744681,0.2340425531914893
1642290,Aaliyah Edwards,1611661323,CON,F,20.0,31,0.6451612903225806,381.0,381.0,20.0,13.0,0.65,True,404.0,21,sportsdataverse_player_box,Core Candidate,True,9.480600750938674,3.942428035043805,0.8448060075093867,0.9856070087609512,1.4549436795994994,0.5806451612903226,22.48062015503876,0.5872093023255814,0.5510204081632653,0.5021884353741497,0.0488319727891155,0.3877551020408163,-9.743213775471816,-1.5665014139884335,,-8.176712361483382,Usable,Average Efficiency,Average Shot Quality Profile,Paint-Oriented,Midrange Specialist,Midrange-Heavy Risk,0.4829931972789115,0.0680272108843537,0.4489795918367347
1643445,Kiki Rice,1611661332,TOR,G,12.0,32,0.375,307.0,307.0,12.0,7.0,0.5833333333333334,True,404.0,16,sportsdataverse_player_box,Watchlist,False,8.333333333333332,3.0430711610486894,1.9662921348314608,0.7490636704119851,1.1704119850187267,1.68,18.161925601750543,0.6312056737588653,0.5427350427350427,0.5359065217391304,0.0068285209959122,0.5213675213675214,-1.4877218139451571,5.378384014098387,,-6.866105828043544,Usable,Average Efficiency,Average Shot Quality Profile,Modern Shot Diet,No Clear Shooting Specialty,Clean Shot Profile,0.4102564102564102,0.3076923076923076,0.282051282051282
1642302,Isobel Borlase,1611661330,ATL,G,28.0,32,0.875,357.0,357.0,28.0,1.0,0.03571428571428571,False,402.0,32,sportsdataverse_player_box,Core Candidate,True,6.627255756067206,2.24019912881145,1.4001244555071561,0.5133789670192906,1.073428749222153,1.3043478260869565,16.877637130801688,0.5182481751824818,0.4765625,0.53291875,-0.05635625,0.171875,0.21545648584431376,-5.459420588949641,,5.6748770747939545,Usable,Low Efficiency,Average Shot Quality Profile,Modern Shot Diet,No Clear Shooting Specialty,Clean Shot Profile,0.390625,0.375,0.234375
1629501,Alanna Smith,1611661321,DAL,F,21.0,33,0.6363636363636364,302.0,302.0,21.0,7.0,0.3333333333333333,False,401.0,25,sportsdataverse_player_box,Core Candidate,True,6.3494589433481865,4.2966263526416295,1.098026734563972,1.3844684914067473,1.3844684914067473,0.7931034482758621,18.161925601750543,0.4854014598540146,0.4603174603174603,0.5377653225806452,-0.0774478622631849,0.2142857142857142,-8.560018670746572,-12.711139588827422,,4.151120918080849,Usable,Low Efficiency,High-Quality Shot Profile,Modern Shot Diet,No Clear Shooting Specialty,Clean Shot Profile,0.365079365079365,0.4444444444444444,0.1904761904761904
1629488,Brianna Turner,1611661319,LVA,F,27.0,34,0.7941176470588235,321.0,321.0,27.0,1.0,0.037037037037037035,False,399.0,31,sportsdataverse_player_box,Core Candidate,True,2.6217228464419478,3.2771535580524347,0.32771535580524347,1.2640449438202246,0.7490636704119851,0.4375,7.168037602820212,0.6222222222222222,0.6136363636363636,0.5324318181818182,0.0812045454545454,0.0454545454545454,1.4027699794123265,-4.672380570264394,,6.075150549676721,Low,Strong Efficiency,Average Shot Quality Profile,Unavailable Shot Diet,Low-Volume Efficient Shooter,Specialist-Dependent,0.6590909090909091,,0.3409090909090909
1630112,Tyasha Harris,1611661325,IND,G,24.0,33,0.7272727272727273,358.0,358.0,24.0,4.0,0.16666666666666666,False,395.0,28,sportsdataverse_player_box,Core Candidate,True,5.431360201511335,1.4168765743073048,2.8809823677581865,0.5667506297229219,0.8501259445843828,3.388888888888889,14.237668161434978,0.5275229357798165,0.4742268041237113,0.4807817708333333,-0.0065549667096219,0.268041237113402,12.736135632151118,4.738058692674215,,7.998076939476903,Low,Low Efficiency,Tough Shot Profile,Perimeter-Leaning,No Clear Shooting Specialty,Clean Shot Profile,0.1443298969072164,0.5154639175257731,0.3402061855670103
1642793,Aziaha James,1611661321,DAL,G,29.0,33,0.8787878787878788,321.0,321.0,29.0,1.0,0.034482758620689655,False,380.0,33,sportsdataverse_player_box,Core Candidate,True,9.864603481624759,3.8201160541586074,1.9342359767891681,1.5957446808510638,1.1121856866537718,1.7391304347826086,26.26832018038332,0.4833333333333333,0.4224598930481283,0.4712770053475936,-0.0488171122994652,0.3368983957219251,7.001214016064921,2.8500930979840717,,4.151120918080849,Usable,Efficiency Concern,Tough Shot Profile,Midrange-Heavy,No Clear Shooting Specialty,Midrange-Heavy Risk,0.2245989304812834,0.2780748663101604,0.4973262032085562
1627671,Rachel Banham,1611661329,CHI,G,25.0,33,0.7575757575757576,321.0,321.0,25.0,2.0,0.08,False,366.0,29,sportsdataverse_player_box,Core Candidate,True,6.469807564698076,1.4432647644326477,1.692103516921035,0.696748506967485,1.1944260119442602,1.4166666666666667,17.806603773584904,0.5,0.4756097560975609,0.4882195121951219,-0.0126097560975609,0.1300813008130081,0.6913351487119144,1.6929798042795596,,-1.0016446555676453,Usable,Low Efficiency,Average Shot Quality Profile,Modern Shot Diet,No Clear Shooting Specialty,Clean Shot Profile,0.056910569105691,0.7398373983739838,0.2032520325203252
1628915,Kia Nurse,1611661332,TOR,G,28.0,32,0.875,341.0,341.0,28.0,1.0,0.03571428571428571,False,365.0,31,sportsdataverse_player_box,Core Candidate,True,6.966101694915254,1.6271186440677967,1.3220338983050848,0.4067796610169492,0.4576271186440678,2.888888888888889,17.12907117008444,0.5037593984962406,0.4401709401709401,0.5189311965811966,-0.0787602564102564,0.3162393162393162,-13.170746955872573,-6.304641127829029,,-6.866105828043544,Usable,Low Efficiency,Average Shot Quality Profile,Modern Shot Diet,High-Volume Low-Efficiency Shooter,Clean Shot Profile,0.1367521367521367,0.7094017094017094,0.1538461538461538
203824,Odyssey Sims,1611661321,DAL,G,20.0,33,0.6060606060606061,272.0,272.0,20.0,8.0,0.4,False,358.0,24,sportsdataverse_player_box,Watchlist,False,6.7116477272727275,1.2251420454545454,2.823153409090909,0.7457386363636364,1.3316761363636365,2.12,18.430884184308844,0.5121951219512195,0.4545454545454545,0.5052688073394496,-0.050723352793995,0.2727272727272727,1.9699920288173445,-2.181128889263505,,4.151120918080849,Usable,Low Efficiency,Average Shot Quality Profile,Diversified Shot Profile,No Clear Shooting Specialty,Balanced / Low Risk,0.3181818181818182,0.3,0.3818181818181818
1643433,Raven Johnson,1611661325,IND,G,27.0,33,0.8181818181818182,335.0,335.0,27.0,0.0,0.0,False,348.0,30,sportsdataverse_player_box,Core Candidate,True,5.434782608695652,3.053830227743271,2.122153209109731,0.6728778467908902,1.3975155279503106,1.5185185185185186,17.082294264339154,0.4772727272727273,0.4619047619047619,0.4851067307692307,-0.0232019688644688,0.0952380952380952,2.924774628828459,-5.073302310648444,,7.998076939476903,Usable,Low Efficiency,Tough Shot Profile,Diversified Shot Profile,No Clear Shooting Specialty,Balanced / Low Risk,0.2285714285714285,0.4095238095238095,0.3619047619047619
1630143,Luisa Geiselsoder,1611661327,PDX,C,21.0,32,0.65625,348.0,348.0,21.0,9.0,0.42857142857142855,False,348.0,21,sportsdataverse_player_box,Core Candidate,True,5.2533532041728765,3.0737704918032787,1.5089418777943366,0.8383010432190761,1.0618479880774963,1.4210526315789473,16.38491547464239,0.4392523364485981,0.41,0.4985394999999999,-0.0885394999999999,0.15,-3.8748137108792804,1.4490041530452942,,-5.323817863924575,Usable,Efficiency Concern,Average Shot Quality Profile,Modern Shot Diet,High-Volume Low-Efficiency Shooter,Clean Shot Profile,0.16,0.55,0.29
1643436,Serah Williams,1611661327,PDX,C,25.0,32,0.78125,306.0,306.0,25.0,2.0,0.08,False,344.0,28,sportsdataverse_player_box,Core Candidate,True,6.787584143605087,3.7584143605086013,0.8414360508601346,1.1219147344801794,1.1780104712041883,0.7142857142857143,16.75603217158177,0.5817307692307693,0.563953488372093,0.5426563953488373,0.0212970930232557,0.4534883720930232,-1.3098110487888732,4.014006815135701,,-5.323817863924575,Low,Strong Efficiency,High-Quality Shots + Strong Making,Paint-Oriented,Low-Volume Efficient Shooter,Clean Shot Profile,0.627906976744186,0.0232558139534883,0.3488372093023256
202664,Courtney Vandersloot,1611661329,CHI,G,12.0,33,0.36363636363636365,227.0,227.0,12.0,9.0,0.75,True,331.0,16,sportsdataverse_player_box,Watchlist,False,7.80689160086145,2.3689877961234744,4.1995692749461595,1.2921751615218953,1.669059583632448,2.5161290322580645,20.790816326530614,0.5492424242424242,0.4908256880733945,0.514486320754717,-0.0236606326813225,0.4587155963302752,-3.542701655294678,-2.541056999727033,,-1.0016446555676453,Usable,Average Efficiency,Average Shot Quality Profile,Modern Shot Diet,No Clear Shooting Specialty,Clean Shot Profile,0.3853211009174312,0.3394495412844037,0.2752293577981651
1643467,Cassandre Prosper,1611661322,WAS,G,24.0,32,0.75,290.0,290.0,24.0,2.0,0.08333333333333333,False,327.0,28,sportsdataverse_player_box,Watchlist,False,4.027237354085603,2.1011673151750974,0.7587548638132297,0.5252918287937742,1.1673151750972763,0.65,15.678524374176549,0.3484848484848485,0.3423913043478261,0.5219228260869565,-0.1795315217391304,0.1630434782608695,-6.655360387643839,-6.002285609091203,,-0.6530747785526358,Low,Efficiency Concern,Average Shot Quality Profile,Modern Shot Diet,No Clear Shooting Specialty,Clean Shot Profile,0.3695652173913043,0.4130434782608695,0.217391304347826
204296,Rebecca Allen,1611661313,NYL,G,15.0,34,0.4411764705882353,237.0,237.0,15.0,5.0,0.3333333333333333,False,326.0,19,sportsdataverse_player_box,Watchlist,False,5.156608097784568,2.291825821237586,0.7448433919022155,1.0886172650878534,0.5156608097784569,1.4444444444444444,12.651413189771198,0.5294117647058824,0.5,0.50822375,-0.0082237499999999,0.1375,-1.1068310220852595,-5.755494704093195,,4.6486636820079354,Low,Average Efficiency,Average Shot Quality Profile,Modern Shot Diet,Corner Spacer,Clean Shot Profile,0.1625,0.6499999999999999,0.1875
1643505,Jovana Nogic,1611661317,PHX,G,16.0,35,0.45714285714285713,321.0,321.0,16.0,7.0,0.4375,False,323.0,16,sportsdataverse_player_box,Core Candidate,True,9.849683544303797,1.0087025316455696,1.5427215189873418,0.5933544303797469,1.3647151898734178,1.1304347826086956,21.974965229485395,0.6037037037037037,0.5546218487394958,0.5143050847457628,0.040316763993733,0.3193277310924369,2.291851833306197,5.308418106100234,,-3.016566272794037,Usable,Average Efficiency,Average Shot Quality Profile,Modern Shot Diet,Above-Break Spacer,Clean Shot Profile,0.1596638655462184,0.6386554621848739,0.2016806722689075
1643644,Alicia Florez,1611661322,WAS,G,19.0,32,0.59375,291.0,291.0,19.0,0.0,0.0,False,322.0,23,sportsdataverse_player_box,Watchlist,False,4.987980769230769,2.2836538461538463,3.3653846153846154,1.0817307692307692,1.6225961538461537,2.074074074074074,18.56368563685637,0.3772727272727272,0.3631578947368421,0.5051154255319149,-0.1419575307950727,0.3157894736842105,-6.538830001720825,-5.885755223168189,,-0.6530747785526358,Low,Efficiency Concern,Average Shot Quality Profile,Diversified Shot Profile,No Clear Shooting Specialty,Clean Shot Profile,0.3052631578947368,0.3894736842105263,0.3052631578947368
1641656,Laeticia Amihere,1611661331,GSV,F,24.0,32,0.75,281.0,281.0,24.0,0.0,0.0,False,315.0,28,sportsdataverse_player_box,Watchlist,False,5.628161888701518,5.944350758853288,1.897133220910624,2.1500843170320403,1.391231028667791,1.3636363636363635,16.500711237553343,0.4734042553191489,0.44,0.5201613333333333,-0.0801613333333332,0.5733333333333334,13.034178309743808,3.2317874048415405,,9.802390904902268,Low,Low Efficiency,Average Shot Quality Profile,Modern Shot Diet,No Clear Shooting Specialty,Clean Shot Profile,0.5733333333333334,0.1333333333333333,0.2933333333333333
1643506,Teja Oblak,1611661327,PDX,G,23.0,32,0.71875,301.0,301.0,23.0,0.0,0.0,False,313.0,24,sportsdataverse_player_box,Core Candidate,True,9.012605042016807,2.2058823529411766,4.159663865546218,1.0084033613445378,3.9075630252100844,1.064516129032258,27.93053545586107,0.5458015267175572,0.5282258064516129,0.4866012195121951,0.0416245869394177,0.1290322580645161,-6.7768361581921255,-1.453018294267551,,-5.323817863924575,Usable,Average Efficiency,Tough-Shot Maker,Diversified Shot Profile,Balanced Three-Level Scorer,Clean Shot Profile,0.2580645161290322,0.3951612903225806,0.3467741935483871
1643455,Angela Dugalic,1611661322,WAS,F,26.0,32,0.8125,295.0,295.0,26.0,3.0,0.11538461538461539,False,306.0,28,sportsdataverse_player_box,Watchlist,False,5.866274179983179,4.983179142136249,1.3246425567703952,1.1984861227922625,1.4507989907485284,0.9130434782608695,17.346938775510203,0.484375,0.4588235294117647,0.5054261904761905,-0.0466026610644258,0.2705882352941176,-13.090265987549529,-12.437191208996893,,-0.6530747785526358,Low,Low Efficiency,Average Shot Quality Profile,Modern Shot Diet,No Clear Shooting Specialty,Clean Shot Profile,0.4117647058823529,0.3411764705882353,0.2470588235294117
1643462,Chance Gray,1611661320,LAS,G,24.0,32,0.75,250.0,250.0,24.0,0.0,0.0,False,304.0,29,sportsdataverse_player_box,Watchlist,False,4.724409448818897,2.0669291338582676,1.6535433070866141,0.23622047244094488,1.1811023622047243,1.4,13.194444444444445,0.5333333333333333,0.4779411764705882,0.5312401515151515,-0.0532989750445632,0.2647058823529412,-18.70016690598952,-13.909035028160389,,-4.79113187782913,Low,Low Efficiency,Average Shot Quality Profile,Perimeter-Leaning,Above-Break Spacer,Clean Shot Profile,0.1617647058823529,0.75,
1628317,Karlie Samuelson,1611661327,PDX,G,17.0,32,0.53125,250.0,250.0,17.0,0.0,0.0,False,304.0,20,sportsdataverse_player_box,Watchlist,False,5.899581589958159,1.694560669456067,1.1297071129707112,0.6903765690376569,0.502092050209205,2.25,11.869436201780417,0.6458333333333334,0.609375,0.52400546875,0.08536953125,0.265625,-7.675501252079798,-2.351683388155223,,-5.323817863924575,Low,Strong Efficiency,Average Shot Quality Profile,Modern Shot Diet,Low-Volume Efficient Shooter,Clean Shot Profile,0.046875,0.890625,0.0625
1642804,Te-Hina Paopao,1611661330,ATL,G,24.0,32,0.75,301.0,301.0,24.0,1.0,0.041666666666666664,False,301.0,24,sportsdataverse_player_box,Core Candidate,True,5.745469522240527,1.359143327841845,2.3476112026359144,0.4942339373970346,0.9884678747940692,2.375,15.826330532212886,0.4793814432989691,0.4623655913978494,0.5045881720430108,-0.0422225806451613,0.086021505376344,-8.979923079637274,-14.654800154431229,,5.6748770747939545,Low,Low Efficiency,Average Shot Quality Profile,Modern Shot Diet,High-Volume Low-Efficiency Shooter,Clean Shot Profile,0.0967741935483871,0.6451612903225807,0.2580645161290322
204335,Betnijah Laney-Hamilton,1611661322,WAS,G,,32,,,,,,,False,300.0,18,missing_sportsdataverse_player_box,Ineligible,False,5.348258706467662,2.1144278606965172,1.7412935323383083,0.5597014925373134,1.7412935323383083,1.0,16.79049034175334,0.5058823529411764,0.4452054794520548,0.4791479452054795,-0.0339424657534246,0.3561643835616438,6.258371310778799,6.9114460893314345,,-0.6530747785526358,Low,Low Efficiency,Tough Shot Profile,Perimeter-Leaning,High-Volume Low-Efficiency Shooter,High Variance Profile,0.0821917808219178,0.5616438356164384,0.3561643835616438
1642797,Anastasiia Olairi Kosu,1611661324,MIN,F,27.0,34,0.7941176470588235,298.0,298.0,27.0,0.0,0.0,False,296.0,27,sportsdataverse_player_box,Watchlist,False,6.841216216216216,3.7373310810810807,1.2035472972972971,1.8369932432432434,1.2035472972972971,1.0,17.105263157894736,0.5510204081632653,0.4878048780487805,0.5330134146341463,-0.0452085365853658,0.4024390243902439,20.116482469131583,7.5737349851034566,,12.542747484028126,Low,Average Efficiency,Average Shot Quality Profile,Paint-Oriented,No Clear Shooting Specialty,Spacing-Limited Profile,0.6097560975609756,0.0365853658536585,0.3536585365853658
1642786,Aicha Coulibaly,1611661329,CHI,G,18.0,33,0.5454545454545454,228.0,228.0,18.0,2.0,0.1111111111111111,False,295.0,22,sportsdataverse_player_box,Watchlist,False,6.711822660098522,3.571428571428571,0.8620689655172413,1.293103448275862,0.8004926108374385,1.0769230769230769,16.9811320754717,0.5240384615384616,0.4024390243902439,0.5655932926829268,-0.1631542682926828,0.5853658536585366,10.577091596405268,11.578736251972913,,-1.0016446555676453,Low,Efficiency Concern,High-Quality Shot Profile,Modern Shot Diet,No Clear Shooting Specialty,Clean Shot Profile,0.5487804878048781,0.2073170731707317,0.2439024390243902
1643431,Madina Okot,1611661330,ATL,C,27.0,32,0.84375,261.0,261.0,27.0,2.0,0.07407407407407407,False,273.0,31,sportsdataverse_player_box,Watchlist,False,11.911357340720222,7.202216066481994,0.4155124653739612,1.1772853185595569,2.631578947368421,0.15789473684210525,27.10280373831776,0.6323529411764706,0.5905172413793104,0.5757314655172414,0.0147857758620689,0.396551724137931,-6.375227686703099,-12.050104761497053,,5.6748770747939545,Usable,Strong Efficiency,High-Quality Shot Profile,Modern Shot Diet,No Clear Shooting Specialty,Clean Shot Profile,0.7931034482758621,0.0689655172413793,0.1379310344827586
1643448,Nell Angloma,1611661323,CON,F,25.0,31,0.8064516129032258,251.0,251.0,25.0,0.0,0.0,False,272.0,27,sportsdataverse_player_box,Watchlist,False,6.830726770929163,2.690892364305428,1.0349586016559338,1.3799448022079117,1.3799448022079117,0.75,19.175911251980985,0.4900990099009901,0.4506172839506173,0.5104413580246914,-0.059824074074074,0.5308641975308642,-2.936795423000092,5.23991693848329,,-8.176712361483382,Low,Low Efficiency,Average Shot Quality Profile,Paint-Oriented,No Clear Shooting Specialty,Midrange-Heavy Risk,0.4074074074074074,0.1851851851851851,0.4074074074074074
1643441,Raegan Beers,1611661323,CON,F,24.0,31,0.7741935483870968,254.0,254.0,24.0,0.0,0.0,False,269.0,25,sportsdataverse_player_box,Watchlist,False,6.088560885608856,4.9815498154981555,1.3837638376383763,0.8994464944649446,1.4529520295202953,0.9523809523809523,15.82278481012658,0.5569620253164557,0.5076923076923077,0.527026923076923,-0.0193346153846153,0.5384615384615384,-4.600647460708117,3.5760649007752647,,-8.176712361483382,Low,Average Efficiency,Average Shot Quality Profile,Paint-Oriented,Rim Pressure Finisher,Midrange-Heavy Risk,0.5230769230769231,0.0769230769230769,0.4
1629574,Li Yueru,1611661321,DAL,C,21.0,33,0.6363636363636364,213.0,213.0,21.0,0.0,0.0,False,267.0,25,sportsdataverse_player_box,Watchlist,False,5.977757182576459,4.865616311399443,0.8341056533827619,0.6255792400370713,0.9731232622798888,0.8571428571428571,15.25974025974026,0.5375,0.4523809523809524,0.5289039682539683,-0.0765230158730159,0.6349206349206349,7.3428856131670415,3.191764695086192,,4.151120918080849,Low,Low Efficiency,Average Shot Quality Profile,Perimeter-Leaning,No Clear Shooting Specialty,Clean Shot Profile,0.3968253968253968,0.492063492063492,
1631006,Kierstan Bell,1611661319,LVA,F,21.0,34,0.6176470588235294,231.0,231.0,21.0,0.0,0.0,False,255.0,23,sportsdataverse_player_box,Watchlist,False,3.4626719056974458,2.725933202357564,1.1787819253438112,1.1787819253438114,0.7367387033398821,1.6,13.799283154121865,0.3507462686567164,0.3384615384615385,0.47201171875,-0.1335501802884615,0.0615384615384615,-2.8038610038610017,-8.879011553537723,,6.075150549676721,Low,Efficiency Concern,Tough Shot Profile,Modern Shot Diet,High-Volume Low-Efficiency Shooter,Clean Shot Profile,0.0615384615384615,0.7076923076923077,0.2307692307692307
1630148,Jihyun Park,1611661320,LAS,F,22.0,32,0.6875,195.0,195.0,22.0,0.0,0.0,False,245.0,27,sportsdataverse_player_box,Watchlist,False,4.847908745247148,2.0674904942965777,0.9980988593155893,0.8555133079847909,0.5703422053231939,1.75,12.925170068027212,0.5,0.4833333333333333,0.5043325,-0.0209991666666666,0.2833333333333333,-5.219270820155671,-0.4281389423265409,,-4.79113187782913,Low,Low Efficiency,Average Shot Quality Profile,Perimeter-Leaning,No Clear Shooting Specialty,Clean Shot Profile,0.1833333333333333,0.4833333333333333,0.3333333333333333
204323,Cheyenne Parker-Tyus,1611661319,LVA,F,24.0,34,0.7058823529411765,262.0,262.0,24.0,1.0,0.041666666666666664,False,244.0,23,sportsdataverse_player_box,Watchlist,False,8.66564417177914,4.3711656441717786,1.0736196319018405,1.8404907975460123,0.9202453987730062,1.1666666666666667,19.814814814814813,0.5947368421052631,0.5394736842105263,0.5143361842105264,0.0251374999999999,0.5394736842105263,0.5354035604336929,-5.539746989243028,,6.075150549676721,Low,Average Efficiency,Average Shot Quality Profile,Paint-Oriented,No Clear Shooting Specialty,Clean Shot Profile,0.5263157894736842,0.1578947368421052,0.3157894736842105
1630461,Kiana Williams,1611661320,LAS,G,10.0,32,0.3125,120.0,120.0,10.0,0.0,0.0,False,242.0,20,sportsdataverse_player_box,Ineligible,False,5.970149253731343,0.5223880597014926,1.8656716417910448,0.6716417910447761,1.1194029850746268,1.6666666666666667,16.695957820738137,0.5,0.4805194805194805,0.5019940789473685,-0.0214745984278879,0.1038961038961039,-8.004229635966169,-3.213097758137039,,-4.79113187782913,Low,Low Efficiency,Average Shot Quality Profile,Modern Shot Diet,No Clear Shooting Specialty,Clean Shot Profile,0.1038961038961039,0.7012987012987013,0.1948051948051948
1643457,Teonni Key,1611661332,TOR,F,26.0,32,0.8125,233.0,233.0,26.0,1.0,0.038461538461538464,False,236.0,29,sportsdataverse_player_box,Watchlist,False,3.522964509394572,3.3663883089770357,0.7828810020876826,1.8789144050104383,1.0960334029227556,0.7142857142857143,11.580882352941176,0.4591836734693877,0.4431818181818182,0.5330056818181818,-0.0898238636363635,0.25,-11.195978672665518,-4.329872844621974,,-6.866105828043544,Low,Low Efficiency,Average Shot Quality Profile,Modern Shot Diet,No Clear Shooting Specialty,Clean Shot Profile,0.5,0.3181818181818182,0.1818181818181818
1627701,Temi Fagbenle,1611661332,TOR,C,12.0,32,0.375,218.0,218.0,12.0,4.0,0.3333333333333333,False,236.0,15,sportsdataverse_player_box,Watchlist,False,5.715756951596292,3.9392378990731207,1.1585993820803295,0.772399588053553,1.3130792996910403,0.8823529411764706,15.760869565217392,0.5285714285714286,0.5317460317460317,0.5423145161290323,-0.0105684843830005,0.2222222222222222,-10.940562555682845,-4.074456727639301,,-6.866105828043544,Low,Average Efficiency,High-Quality Shot Profile,Modern Shot Diet,Rim Pressure Finisher,Clean Shot Profile,0.5396825396825397,0.2063492063492063,0.2539682539682539
1642307,Mackenzie Holmes,1611661328,SEA,F,22.0,35,0.6285714285714286,234.0,234.0,22.0,0.0,0.0,False,234.0,22,sportsdataverse_player_box,Watchlist,False,5.169584245076586,5.661925601750547,0.9846827133479212,1.5590809628008753,0.8205689277899343,1.2,11.047619047619047,0.65625,0.6341463414634146,0.5129914634146342,0.1211548780487804,0.3658536585365853,-13.163829634417866,-8.009478593990877,,-5.154351040426988,Low,Elite Efficiency,Average Shot Quality Profile,Modern Shot Diet,Low-Volume Efficient Shooter,Clean Shot Profile,0.4878048780487805,0.2439024390243902,0.2682926829268293
1630150,Chennedy Carter,1611661319,LVA,G,14.0,34,0.4117647058823529,244.0,244.0,14.0,0.0,0.0,False,220.0,13,sportsdataverse_player_box,Watchlist,False,13.191371681415928,1.9081858407079646,1.4103982300884956,1.2444690265486726,1.4103982300884956,1.0,27.12550607287449,0.6794871794871795,0.655,0.5171825,0.1378175,0.37,6.1946902654867415,0.11953971581002065,,6.075150549676721,Usable,Elite Efficiency,Average Shot Quality Profile,Paint-Oriented,Balanced Three-Level Scorer,Balanced / Low Risk,0.4,0.21,0.39
1630149,Satou Sabally,1611661313,NYL,F,13.0,34,0.38235294117647056,217.0,217.0,13.0,5.0,0.38461538461538464,False,218.0,13,sportsdataverse_player_box,Watchlist,False,11.453619909502263,3.054298642533937,2.1210407239819005,0.25452488687782804,1.8665158371040722,1.1363636363636365,25.93320235756385,0.6136363636363636,0.5612244897959183,0.5328664948453607,0.0283579949505575,0.2959183673469387,6.3348416289592535,1.686177946951318,,4.6486636820079354,Low,Strong Efficiency,Average Shot Quality Profile,Modern Shot Diet,Low-Volume Efficient Shooter,Clean Shot Profile,0.3265306122448979,0.5306122448979592,0.1428571428571428
1630134,Sug Sutton,1611661321,DAL,G,13.0,33,0.3939393939393939,120.0,120.0,13.0,0.0,0.0,False,211.0,19,sportsdataverse_player_box,Ineligible,False,6.324228028503563,1.5142517814726841,3.9192399049881237,0.8016627078384798,1.4251781472684086,2.75,17.932489451476794,0.5144927536231884,0.5079365079365079,0.4808483870967742,0.0270881208397337,0.1904761904761904,-6.655155290718696,-10.806276208799545,,4.151120918080849,Low,Average Efficiency,Tough Shot Profile,Diversified Shot Profile,Midrange Specialist,Midrange-Heavy Risk,0.2222222222222222,0.3492063492063492,0.4285714285714285
1629483,Napheesa Collier,1611661324,MIN,F,3.0,34,0.08823529411764706,69.0,69.0,3.0,3.0,1.0,True,204.0,7,sportsdataverse_player_box,Ineligible,False,12.06166868198307,4.6251511487303505,2.267230955259976,1.8137847642079805,1.4510278113663844,1.5625,26.65245202558636,0.6100917431192661,0.5882352941176471,0.4925856435643564,0.0956496505532906,0.1568627450980392,18.6471310756273,6.1043835915991735,,12.542747484028126,Usable,Strong Efficiency,Average Shot Quality Profile,Diversified Shot Profile,Balanced Three-Level Scorer,Balanced / Low Risk,0.3137254901960784,0.3137254901960784,0.3725490196078431
1630469,Marine Fauthoux,1611661313,NYL,G,9.0,34,0.2647058823529412,129.0,129.0,9.0,0.0,0.0,False,198.0,13,sportsdataverse_player_box,Ineligible,False,5.256570713391739,2.909887359198999,2.909887359198999,0.2816020025031289,1.783479349186483,1.631578947368421,15.367965367965368,0.5384615384615384,0.5,0.4998639534883721,0.0001360465116279,0.3555555555555555,5.083397035050567,0.43473335304263117,,4.6486636820079354,Low,Average Efficiency,Average Shot Quality Profile,Modern Shot Diet,No Clear Shooting Specialty,Clean Shot Profile,0.2222222222222222,0.6222222222222222,0.1555555555555555
1642817,Hailey Van Lith,1611661323,CON,G,12.0,31,0.3870967741935484,176.0,176.0,12.0,3.0,0.25,False,191.0,13,sportsdataverse_player_box,Ineligible,False,8.084415584415584,1.2662337662337662,2.3376623376623376,1.0714285714285714,1.2662337662337662,1.8461538461538463,18.72146118721461,0.5942028985507246,0.5597014925373134,0.4654734848484849,0.0942280076888285,0.1343283582089552,-11.149341537132983,-2.972629175649601,,-8.176712361483382,Low,Strong Efficiency,Tough-Shot Maker,Midrange-Heavy,Low-Volume Efficient Shooter,Low Pressure Profile,0.1940298507462686,0.2835820895522388,0.5223880597014925
1641657,Dorka Juhasz,1611661324,MIN,F,8.0,34,0.23529411764705882,153.0,153.0,8.0,0.0,0.0,False,190.0,12,sportsdataverse_player_box,Ineligible,False,4.921259842519685,3.149606299212598,1.968503937007874,1.3779527559055118,0.6889763779527559,2.857142857142857,13.59447004608295,0.4807692307692308,0.49,0.512293,-0.022293,0.08,-8.089005235602102,-20.631752719630228,,12.542747484028126,Low,Average Efficiency,Average Shot Quality Profile,Modern Shot Diet,No Clear Shooting Specialty,Clean Shot Profile,0.18,0.7000000000000001,0.12
1642768,Kyara Linskens,1611661317,PHX,C,16.0,35,0.45714285714285713,165.0,165.0,16.0,1.0,0.0625,False,187.0,18,sportsdataverse_player_box,Ineligible,False,5.522088353413655,4.417670682730924,1.2048192771084336,2.4096385542168672,1.0040160642570282,1.2,17.422434367541765,0.4365079365079365,0.3909090909090909,0.4944281818181817,-0.1035190909090908,0.3090909090909091,-11.234730744967607,-8.21816447217357,,-3.016566272794037,Low,Efficiency Concern,Average Shot Quality Profile,Diversified Shot Profile,No Clear Shooting Specialty,Balanced / Low Risk,0.2,0.4363636363636363,0.3636363636363636
1643429,Gianna Kneepkens,1611661323,CON,G,22.0,31,0.7096774193548387,177.0,177.0,22.0,4.0,0.18181818181818182,False,183.0,23,sportsdataverse_player_box,Ineligible,False,6.981382978723404,2.3936170212765955,0.9973404255319149,0.29920212765957444,0.39893617021276595,2.5,15.654205607476635,0.5476190476190477,0.4732142857142857,0.4913645454545454,-0.0181502597402596,0.3214285714285714,-11.890476864298876,-3.7137645028154935,,-8.176712361483382,Low,Low Efficiency,Average Shot Quality Profile,Perimeter-Leaning,No Clear Shooting Specialty,Clean Shot Profile,0.1785714285714285,0.4821428571428571,0.3392857142857143
202252,Alysha Clark,1611661321,DAL,F,19.0,33,0.5757575757575758,165.0,165.0,19.0,0.0,0.0,False,181.0,20,sportsdataverse_player_box,Ineligible,False,3.88655462184874,2.6260504201680672,1.050420168067227,0.7352941176470589,1.050420168067227,1.0,11.940298507462687,0.4868421052631579,0.453125,0.53641875,-0.08329375,0.375,9.876795263409988,5.725674345329139,,4.151120918080849,Low,Low Efficiency,High-Quality Shot Profile,Perimeter-Leaning,High-Volume Low-Efficiency Shooter,Clean Shot Profile,0.1875,0.71875,
1643647,Tima Pouye,1611661332,TOR,G,19.0,32,0.59375,180.0,180.0,19.0,1.0,0.05263157894736842,False,178.0,19,sportsdataverse_player_box,Watchlist,False,6.241331484049931,1.664355062413315,2.2884882108183078,0.41608876560332875,1.4563106796116503,1.5714285714285714,18.78048780487805,0.4761904761904761,0.4181818181818181,0.496800909090909,-0.0786190909090909,0.3272727272727272,-11.532956801428142,-4.666850973384598,,-6.866105828043544,Low,Efficiency Concern,Average Shot Quality Profile,Modern Shot Diet,No Clear Shooting Specialty,Clean Shot Profile,0.2545454545454545,0.4727272727272727,0.2727272727272727
1628244,Sami Whitcomb,1611661317,PHX,G,7.0,35,0.2,100.0,100.0,7.0,0.0,0.0,False,178.0,12,sportsdataverse_player_box,Ineligible,False,5.246913580246914,2.160493827160494,2.05761316872428,0.8230452674897119,1.02880658436214,2.0,15.594059405940596,0.4716981132075472,0.4411764705882353,0.517878431372549,-0.0767019607843136,0.1176470588235294,-7.371669426463953,-4.355103153669916,,-3.016566272794037,Low,Low Efficiency,Average Shot Quality Profile,Modern Shot Diet,Above-Break Spacer,Clean Shot Profile,0.0588235294117647,0.823529411764706,0.1176470588235294
1641683,Holly Winterburn,1611661327,PDX,G,16.0,32,0.5,134.0,134.0,16.0,1.0,0.0625,False,172.0,19,sportsdataverse_player_box,Ineligible,False,4.8842257597684515,1.6280752532561504,4.015918958031838,0.6512301013024603,1.845151953690304,2.176470588235294,18.34625322997416,0.4166666666666667,0.3775510204081632,0.511645918367347,-0.1340948979591837,0.2040816326530612,-19.9522373051785,-14.628419441253925,,-5.323817863924575,Low,Efficiency Concern,Average Shot Quality Profile,Perimeter-Leaning,No Clear Shooting Specialty,Clean Shot Profile,0.2653061224489796,0.4897959183673469,
1630389,Dana Evans,1611661319,LVA,G,6.0,34,0.17647058823529413,102.0,102.0,6.0,0.0,0.0,False,166.0,10,sportsdataverse_player_box,Ineligible,False,3.851963746223565,2.039274924471299,2.2658610271903323,0.33987915407854985,1.246223564954683,1.8181818181818181,18.23361823361824,0.320754716981132,0.3137254901960784,0.446856862745098,-0.1331313725490195,0.0784313725490196,-23.488499452354873,-29.563650002031594,,6.075150549676721,Low,Efficiency Concern,Tough Shot Profile,Perimeter-Leaning,No Clear Shooting Specialty,Midrange-Heavy Risk,0.0784313725490196,0.4705882352941176,0.4509803921568627
1629496,Ezi Magbegor,1611661328,SEA,F,5.0,35,0.14285714285714285,68.0,68.0,5.0,0.0,0.0,False,158.0,9,sportsdataverse_player_box,Ineligible,False,5.6192660550458715,3.8990825688073394,1.834862385321101,1.6055045871559634,1.0321100917431194,1.7777777777777777,17.415730337078653,0.4622641509433962,0.4313725490196078,0.4921098039215686,-0.0607372549019608,0.1372549019607843,-4.253329343109385,0.9010216973176028,,-5.154351040426988,Low,Efficiency Concern,Average Shot Quality Profile,Paint-Oriented,No Clear Shooting Specialty,Clean Shot Profile,0.392156862745098,0.2745098039215686,0.3333333333333333
1628882,Lexie Brown,1611661328,SEA,G,10.0,35,0.2857142857142857,149.0,149.0,10.0,0.0,0.0,False,148.0,10,sportsdataverse_player_box,Ineligible,False,4.82233502538071,1.6497461928934012,1.395939086294416,0.7614213197969544,1.2690355329949239,1.1,11.62079510703364,0.6785714285714286,0.6346153846153846,0.523148076923077,0.1114673076923076,0.2307692307692307,-13.173385249656448,-8.01903420922946,,-5.154351040426988,Low,Elite Efficiency,Average Shot Quality Profile,Modern Shot Diet,Low-Volume Efficient Shooter,Clean Shot Profile,0.1153846153846153,0.7692307692307693,0.1153846153846153
1628280,Brionna Jones,1611661330,ATL,F,4.0,32,0.125,68.0,68.0,4.0,0.0,0.0,False,148.0,8,sportsdataverse_player_box,Ineligible,False,9.098360655737705,6.024590163934426,2.0901639344262297,0.9836065573770492,1.1065573770491803,1.8888888888888888,19.02173913043478,0.6065573770491803,0.5392156862745098,0.5794098039215686,-0.0401941176470588,0.4117647058823529,0.5632954936360335,-5.111581581157921,,5.6748770747939545,Low,Average Efficiency,High-Quality Shot Profile,Unavailable Shot Diet,No Clear Shooting Specialty,Specialist-Dependent,0.7058823529411765,,0.1764705882352941
1631021,Sika Kone,1611661330,ATL,F,24.0,32,0.75,139.0,139.0,24.0,1.0,0.041666666666666664,False,144.0,27,sportsdataverse_player_box,Ineligible,False,6.360424028268552,3.975265017667845,0.795053003533569,0.26501766784452296,1.0600706713780919,0.75,20.1219512195122,0.4137931034482758,0.3469387755102041,0.540319387755102,-0.1933806122448979,0.3877551020408163,5.466258052411035,-0.20861902238291918,,5.6748770747939545,Low,Efficiency Concern,High-Quality Shot Profile,Modern Shot Diet,No Clear Shooting Specialty,Clean Shot Profile,0.3061224489795918,0.5102040816326531,0.183673469387755
1642802,Lucy Olsen,1611661322,WAS,G,16.0,32,0.5,132.0,132.0,16.0,0.0,0.0,False,136.0,17,sportsdataverse_player_box,Ineligible,False,7.289719626168225,1.5420560747663552,2.5233644859813085,0.5607476635514019,1.2616822429906542,2.0,18.79194630872483,0.5531914893617021,0.5238095238095238,0.5086142857142857,0.0151952380952381,0.238095238095238,7.909304406173163,8.562379184725799,,-0.6530747785526358,Low,Average Efficiency,Average Shot Quality Profile,Perimeter-Leaning,Balanced Three-Level Scorer,High Variance Profile,0.1666666666666666,0.4761904761904761,0.3571428571428571
1642288,Rickea Jackson,1611661329,CHI,F,4.0,33,0.12121212121212122,118.0,118.0,4.0,4.0,1.0,True,118.0,4,sportsdataverse_player_box,Ineligible,False,11.48936170212766,3.0319148936170217,1.2765957446808511,1.2765957446808511,1.2765957446808511,1.0,29.104477611940297,0.5071428571428571,0.45,0.4732366666666667,-0.0232366666666666,0.3666666666666666,-4.641350210970458,-3.639705555402813,,-1.0016446555676453,Low,Low Efficiency,Tough Shot Profile,Midrange-Heavy,No Clear Shooting Specialty,Midrange-Heavy Risk,0.15,0.35,0.5
1643438,Marta Suarez,1611661317,PHX,F,11.0,35,0.3142857142857143,104.0,104.0,11.0,0.0,0.0,False,116.0,13,sportsdataverse_player_box,Ineligible,False,7.0663811563169165,2.4089935760171306,0.9635974304068522,0.4817987152034261,1.2847965738758031,0.75,18.11320754716981,0.55,0.5277777777777778,0.5423083333333333,-0.0145305555555554,0.25,-13.545487894350686,-10.528921621556648,,-3.016566272794037,Low,Average Efficiency,High-Quality Shot Profile,Paint-Oriented,No Clear Shooting Specialty,Clean Shot Profile,0.4722222222222222,0.3333333333333333,
1630384,Raquel Carrera,1611661313,NYL,F,18.0,34,0.5294117647058824,94.0,94.0,18.0,0.0,0.0,False,107.0,19,sportsdataverse_player_box,Ineligible,False,5.248306997742664,3.5553047404063207,1.1851015801354403,0.5079006772009029,1.0158013544018059,1.1666666666666667,11.627906976744184,0.6458333333333334,0.6666666666666666,0.5451055555555555,0.1215611111111111,0.6666666666666666,19.834019819746345,15.18535613773841,,4.6486636820079354,Low,Elite Efficiency,High-Quality Shots + Strong Making,Paint-Oriented,Low-Volume Efficient Shooter,Clean Shot Profile,0.5555555555555556,0.3888888888888888,
1642324,Kate Martin,1611661320,LAS,G,15.0,32,0.46875,104.0,104.0,15.0,0.0,0.0,False,104.0,15,sportsdataverse_player_box,Ineligible,False,6.164383561643835,2.3972602739726026,0.8561643835616438,0.8561643835616437,0.3424657534246575,2.5,14.624505928853756,0.5,0.4696969696969697,0.5158984375,-0.0462014678030302,0.2424242424242424,-2.892174239422829,1.8989576384063014,,-4.79113187782913,Low,Low Efficiency,Average Shot Quality Profile,Perimeter-Leaning,Corner Spacer,Clean Shot Profile,0.1212121212121212,0.7272727272727273,
1643490,Eliska Joklova,1611661324,MIN,UNK,,34,,,,,,,False,103.0,17,missing_sportsdataverse_player_box,Ineligible,False,6.733167082294265,3.7406483790523692,3.5536159600997506,0.9351620947630923,1.8703241895261846,1.9,17.748917748917748,0.5806451612903226,0.4545454545454545,0.5473880952380953,-0.0928426406926408,0.8636363636363636,12.032338308457696,-0.5104091755704303,,12.542747484028126,Low,Low Efficiency,High-Quality Shot Profile,Paint-Oriented,Rim Pressure Finisher,Clean Shot Profile,0.5909090909090909,0.2272727272727273,
1630096,DiJonai Carrington,1611661329,CHI,G,2.0,33,0.06060606060606061,36.0,36.0,2.0,0.0,0.0,False,99.0,6,sportsdataverse_player_box,Ineligible,False,13.424821002386635,3.0429594272076375,0.5369928400954654,1.252983293556086,0.5369928400954654,1.0,31.11111111111111,0.5597014925373134,0.4901960784313725,0.5011774509803921,-0.0109813725490196,0.6470588235294118,0.22557418884430547,1.2272188444119507,,-1.0016446555676453,Low,Average Efficiency,Average Shot Quality Profile,Diversified Shot Profile,No Clear Shooting Specialty,Midrange-Heavy Risk,0.3333333333333333,0.2549019607843137,0.4117647058823529
203024,Damiris Dantas,1611661325,IND,C,12.0,33,0.36363636363636365,99.0,99.0,12.0,0.0,0.0,False,98.0,12,sportsdataverse_player_box,Ineligible,False,7.0588235294117645,3.176470588235294,0.7058823529411764,0.7058823529411764,1.588235294117647,0.4444444444444444,18.59504132231405,0.5555555555555556,0.515625,0.5126453125,0.0029796874999999,0.28125,-3.300549353180898,-11.2986262926578,,7.998076939476903,Low,Average Efficiency,Average Shot Quality Profile,Modern Shot Diet,No Clear Shooting Specialty,Clean Shot Profile,0.21875,0.625,0.15625
1643444,Ta'Niya Latson,1611661319,LVA,G,1.0,34,0.029411764705882353,4.0,4.0,1.0,0.0,0.0,False,90.0,14,sportsdataverse_player_box,Ineligible,False,9.450402144772118,3.0160857908847185,1.4075067024128685,0.40214477211796246,2.0107238605898123,0.7,23.88059701492537,0.618421052631579,0.5192307692307693,0.5349826923076922,-0.0157519230769229,0.9615384615384616,-9.432930339666086,-15.508080889342807,,6.075150549676721,Low,Average Efficiency,Average Shot Quality Profile,Paint-Oriented,Rim Pressure Finisher,Clean Shot Profile,0.4230769230769231,0.2692307692307693,0.3076923076923077
1642210,Julie Vanloo,1611661313,NYL,G,5.0,34,0.14705882352941177,81.0,81.0,5.0,0.0,0.0,False,81.0,5,sportsdataverse_player_box,Ineligible,False,6.25,2.155172413793103,5.81896551724138,0.43103448275862066,2.586206896551724,2.25,16.145833333333336,0.7631578947368421,0.7352941176470589,0.5047941176470588,0.2305,0.2352941176470588,18.390804597701162,13.742140915693227,,4.6486636820079354,Low,Elite Efficiency,Average Shot Quality Profile,Unavailable Shot Diet,Low-Volume Efficient Shooter,Specialist-Dependent,0.1176470588235294,,
1643527,Jordan Harrison,1611661327,PDX,G,4.0,32,0.125,40.0,40.0,4.0,0.0,0.0,False,81.0,6,sportsdataverse_player_box,Ineligible,False,7.4324324324324325,2.7027027027027026,5.18018018018018,0.9009009009009009,1.8018018018018018,2.875,19.895287958115183,0.55,0.5,0.565975,-0.065975,0.3461538461538461,-8.915427911675579,-3.5916100477510042,,-5.323817863924575,Low,Average Efficiency,High-Quality Shot Profile,Paint-Oriented,No Clear Shooting Specialty,Clean Shot Profile,0.5384615384615384,0.2307692307692307,
1643487,Quionche Carter,1611661317,PHX,G,13.0,35,0.37142857142857144,81.0,81.0,13.0,0.0,0.0,False,81.0,13,sportsdataverse_player_box,Ineligible,False,3.4615384615384617,2.076923076923077,1.6153846153846154,1.153846153846154,0.46153846153846156,3.5,14.835164835164834,0.28,0.1666666666666666,0.4609388888888889,-0.2942722222222222,0.8888888888888888,-7.5712769184106605,-4.554710645616623,,-3.016566272794037,Low,Efficiency Concern,Tough Shot Profile,Perimeter-Leaning,No Clear Shooting Specialty,Clean Shot Profile,0.1666666666666666,0.5,0.3333333333333333
1643453,Grace VanSlooten,1611661325,IND,F,11.0,33,0.3333333333333333,33.0,33.0,11.0,0.0,0.0,False,80.0,15,sportsdataverse_player_box,Ineligible,False,5.563798219584569,2.225519287833828,0.8902077151335311,1.7804154302670623,0.8902077151335311,1.0,11.363636363636363,0.78125,0.8333333333333334,0.5895083333333333,0.243825,0.6666666666666666,-16.846560846560863,-24.844637786037765,,7.998076939476903,Low,Elite Efficiency,High-Quality Shots + Strong Making,Paint-Oriented,Low-Volume Efficient Shooter,Clean Shot Profile,0.5833333333333334,0.25,
1628242,Emma Cannon,1611661320,LAS,F,11.0,32,0.34375,73.0,73.0,11.0,0.0,0.0,False,76.0,12,sportsdataverse_player_box,Ineligible,False,11.145510835913312,2.5541795665634672,1.1609907120743035,0.2321981424148607,1.393188854489164,0.8333333333333334,19.78021978021978,0.75,0.7608695652173914,0.5436478260869565,0.2172217391304348,0.6956521739130435,0.9394171779141232,5.7305490557432535,,-4.79113187782913,Low,Elite Efficiency,High-Quality Shots + Strong Making,Modern Shot Diet,Low-Volume Efficient Shooter,Clean Shot Profile,0.1739130434782608,0.6521739130434783,0.1739130434782608
1643495,Justine Pissott,1611661319,LVA,G,4.0,34,0.11764705882352941,46.0,46.0,4.0,0.0,0.0,False,74.0,6,sportsdataverse_player_box,Ineligible,False,9.46843853820598,1.9933554817275747,0.7475083056478404,0.7475083056478405,0.7475083056478404,1.0,22.839506172839503,0.5588235294117647,0.5588235294117647,0.4340294117647059,0.1247941176470588,,-20.627980922098544,-26.703131471775265,,6.075150549676721,Low,Average Efficiency,Tough-Shot Maker,Modern Shot Diet,Above-Break Spacer,Clean Shot Profile,0.088235294117647,0.7058823529411765,0.2058823529411764
1643437,Ashlon Jackson,1611661323,CON,G,6.0,31,0.1935483870967742,61.0,61.0,6.0,0.0,0.0,False,74.0,7,sportsdataverse_player_box,Ineligible,False,2.604166666666667,1.5625,1.5625,1.8229166666666667,0.78125,2.0,10.19108280254777,0.3846153846153846,0.4166666666666667,0.56375,-0.1470833333333333,0.1666666666666666,-27.904509283819635,-19.727796922336253,,-8.176712361483382,Low,Efficiency Concern,High-Quality Shot Profile,Unavailable Shot Diet,No Clear Shooting Specialty,Low Pressure Profile,0.1666666666666666,,
1642820,Liatu King,1611661324,MIN,F,8.0,34,0.23529411764705882,73.0,73.0,8.0,0.0,0.0,False,73.0,8,sportsdataverse_player_box,Ineligible,False,5.9800664451827235,5.730897009966777,,1.744186046511628,1.2458471760797343,,15.2046783625731,0.5714285714285714,0.625,0.538696875,0.086303125,0.625,-3.7105751391465844,-16.25332262317471,,12.542747484028126,Low,Elite Efficiency,High-Quality Shots + Strong Making,Modern Shot Diet,Low-Volume Efficient Shooter,Clean Shot Profile,0.375,0.375,0.25
1629479,Teaira McCowan,1611661324,MIN,C,10.0,34,0.29411764705882354,68.0,68.0,10.0,0.0,0.0,False,68.0,10,sportsdataverse_player_box,Ineligible,False,3.9772727272727275,6.818181818181818,0.8522727272727273,1.7045454545454546,1.7045454545454546,0.5,13.924050632911392,0.4375,0.4666666666666667,0.4542933333333333,0.0123733333333333,0.2,30.316248636859314,17.773501152831187,,12.542747484028126,Low,Low Efficiency,Tough Shot Profile,Unavailable Shot Diet,Rim Pressure Finisher,Midrange-Heavy Risk,0.4666666666666667,,0.5333333333333333
1643450,Rori Harmon,1611661322,WAS,G,10.0,32,0.3125,68.0,68.0,10.0,0.0,0.0,False,67.0,10,sportsdataverse_player_box,Ineligible,False,2.788104089219331,2.2304832713754648,3.066914498141264,1.3940520446096656,3.3457249070631967,0.9166666666666666,15.584415584415584,0.4166666666666667,0.35,0.4536749999999999,-0.1036749999999999,0.4,-11.488655229662456,-10.83558045110982,,-0.6530747785526358,Low,Efficiency Concern,Tough Shot Profile,Perimeter-Leaning,No Clear Shooting Specialty,High Variance Profile,0.1,0.5,
1631263,Nikolina Milic,1611661332,TOR,F,7.0,32,0.21875,63.0,63.0,7.0,1.0,0.14285714285714285,False,63.0,7,sportsdataverse_player_box,Ineligible,False,6.376518218623482,2.7327935222672064,0.9109311740890689,0.0,1.5182186234817814,0.6,18.705035971223023,0.5,0.4736842105263157,0.5180236842105262,-0.0443394736842105,0.2105263157894736,-14.052459016393442,-7.186353188349898,,-6.866105828043544,Low,Low Efficiency,Average Shot Quality Profile,Paint-Oriented,Rim Pressure Finisher,Spacing-Limited Profile,0.4210526315789473,0.1052631578947368,
1643469,Indya Nivar,1611661330,ATL,G,20.0,32,0.625,60.0,60.0,20.0,0.0,0.0,False,61.0,20,sportsdataverse_player_box,Ineligible,False,5.1000000000000005,5.1000000000000005,2.1,2.1,1.2,1.75,18.18181818181818,0.3541666666666667,0.4444444444444444,0.5651555555555556,-0.1207111111111112,0.7222222222222222,19.38178780284045,13.706910728046495,,5.6748770747939545,Low,Low Efficiency,High-Quality Shot Profile,Unavailable Shot Diet,No Clear Shooting Specialty,Specialist-Dependent,0.6111111111111112,,
1642814,Taylor Thierry,1611661328,SEA,F,9.0,35,0.2571428571428571,39.0,39.0,9.0,0.0,0.0,False,60.0,10,sportsdataverse_player_box,Ineligible,False,3.963414634146342,4.2682926829268295,0.9146341463414634,0.6097560975609757,0.30487804878048785,3.0,9.15492957746479,0.5416666666666666,0.5,0.5258818181818182,-0.0258818181818182,0.1818181818181818,3.149606299212607,8.303957339639595,,-5.154351040426988,Low,Average Efficiency,Average Shot Quality Profile,Perimeter-Leaning,No Clear Shooting Specialty,Clean Shot Profile,0.1818181818181818,0.5454545454545454,
1641650,Haley Jones,1611661321,DAL,G,,33,,,,,,,False,59.0,6,missing_sportsdataverse_player_box,Ineligible,False,8.057851239669422,3.409090909090909,1.5495867768595042,0.6198347107438017,1.859504132231405,0.8333333333333334,20.930232558139533,0.6190476190476191,0.5882352941176471,0.4775411764705882,0.1106941176470588,0.4705882352941176,-10.163934426229503,-14.315055344310352,,4.151120918080849,Low,Strong Efficiency,Tough-Shot Maker,Paint-Oriented,Low-Volume Efficient Shooter,Spacing-Limited Profile,0.3529411764705882,0.1764705882352941,
1642794,Juste Jocyte,1611661331,GSV,G,9.0,32,0.28125,58.0,58.0,9.0,0.0,0.0,False,58.0,9,sportsdataverse_player_box,Ineligible,False,7.346938775510203,1.530612244897959,2.142857142857143,0.30612244897959184,2.142857142857143,1.0,25.17985611510792,0.4285714285714285,0.4038461538461538,0.4674384615384615,-0.0635923076923077,0.1538461538461538,13.366666666666688,3.5642757617644207,,9.802390904902268,Low,Efficiency Concern,Tough Shot Profile,Unavailable Shot Diet,Above-Break Spacer,Low Pressure Profile,0.1153846153846153,,0.3461538461538461
1642775,Alex Wilson,1611661322,WAS,G,4.0,32,0.125,58.0,58.0,4.0,0.0,0.0,False,58.0,4,sportsdataverse_player_box,Ineligible,False,3.8961038961038965,2.272727272727273,0.9740259740259741,0.3246753246753247,0.6493506493506493,1.5,13.13868613138686,0.375,0.3333333333333333,0.5229733333333333,-0.1896399999999999,0.2,-17.33883058470765,-16.685755806155015,,-0.6530747785526358,Low,Efficiency Concern,Average Shot Quality Profile,Perimeter-Leaning,Corner Spacer,Clean Shot Profile,0.2,0.7333333333333334,
1630993,Anneli Maley,1611661313,NYL,F,4.0,34,0.11764705882352941,47.0,47.0,4.0,0.0,0.0,False,53.0,6,sportsdataverse_player_box,Ineligible,False,2.1226415094339623,2.830188679245283,,1.4150943396226414,,,9.6,0.25,0.15,0.51432,-0.36432,0.4,12.049910873440282,7.401247191432347,,4.6486636820079354,Low,Efficiency Concern,Average Shot Quality Profile,Perimeter-Leaning,No Clear Shooting Specialty,Clean Shot Profile,0.2,0.5,0.3
1643488,Emma Cechova,1611661324,MIN,F,3.0,34,0.08823529411764706,52.0,52.0,3.0,0.0,0.0,False,52.0,3,sportsdataverse_player_box,Ineligible,False,8.680555555555555,3.819444444444444,,1.0416666666666665,1.3888888888888888,,20.0,0.625,0.625,0.580834375,0.0441656249999999,0.5,-7.305153048100834,-19.84790053212896,,12.542747484028126,Low,Elite Efficiency,High-Quality Shots + Strong Making,Unavailable Shot Diet,Low-Volume Efficient Shooter,Specialist-Dependent,0.8125,,
1631064,Chloe Bibby,1611661329,CHI,F,4.0,33,0.12121212121212122,51.0,51.0,4.0,0.0,0.0,False,51.0,4,sportsdataverse_player_box,Ineligible,False,7.5,0.6818181818181818,2.0454545454545454,1.0227272727272727,0.6818181818181818,3.0,18.64406779661017,0.55,0.5,0.5441175,-0.0441175,0.1,4.702868005620303,5.704512661187948,,-1.0016446555676453,Low,Average Efficiency,High-Quality Shot Profile,Modern Shot Diet,No Clear Shooting Specialty,Clean Shot Profile,0.25,0.6000000000000001,0.15
1642320,Jaylyn Sherrod,1611661330,ATL,G,4.0,32,0.125,25.0,25.0,4.0,0.0,0.0,False,51.0,8,sportsdataverse_player_box,Ineligible,False,6.951219512195122,1.829268292682927,2.926829268292683,2.1951219512195124,1.0975609756097562,2.6666666666666665,22.42990654205608,0.4523809523809524,0.3684210526315789,0.5154105263157894,-0.1469894736842105,0.2631578947368421,18.70221712538229,13.027340050588336,,5.6748770747939545,Low,Efficiency Concern,Average Shot Quality Profile,Modern Shot Diet,No Clear Shooting Specialty,Clean Shot Profile,0.5789473684210527,0.2105263157894736,0.2105263157894736
1642769,Mai Yamamoto,1611661319,LVA,G,1.0,34,0.029411764705882353,3.0,3.0,1.0,0.0,0.0,False,44.0,4,sportsdataverse_player_box,Ineligible,False,9.01639344262295,0.4098360655737705,3.278688524590164,1.639344262295082,0.819672131147541,4.0,18.55670103092784,0.6875,0.6875,0.542378125,0.1451218749999999,,-16.200716845878148,-22.27586739555487,,6.075150549676721,Low,Elite Efficiency,High-Quality Shots + Strong Making,Perimeter-Leaning,Low-Volume Efficient Shooter,Clean Shot Profile,0.1875,0.75,
203405,Kayla Alexander,1611661332,TOR,C,4.0,32,0.125,40.0,40.0,4.0,0.0,0.0,False,40.0,4,sportsdataverse_player_box,Ineligible,False,4.2993630573248405,5.254777070063694,0.9554140127388535,0.9554140127388535,1.910828025477707,0.5,14.285714285714285,0.5,0.4285714285714285,0.4936857142857143,-0.0651142857142857,0.5714285714285714,-37.646103896103895,-30.77999806806035,,-6.866105828043544,Low,Efficiency Concern,Average Shot Quality Profile,Unavailable Shot Diet,No Clear Shooting Specialty,Midrange-Heavy Risk,0.4285714285714285,,0.5714285714285714
1643525,Alex Fowler,1611661313,NYL,F,2.0,34,0.058823529411764705,32.0,32.0,2.0,0.0,0.0,False,31.0,2,sportsdataverse_player_box,Ineligible,False,7.086614173228346,,0.5905511811023622,0.5905511811023622,1.7716535433070866,0.3333333333333333,20.0,0.5454545454545454,0.5,0.54591,-0.04591,0.2,-20.634920634920647,-25.283584316928582,,4.6486636820079354,Low,Average Efficiency,High-Quality Shot Profile,Perimeter-Leaning,No Clear Shooting Specialty,Clean Shot Profile,0.2,0.7,
1630154,Kamiah Smalls,1611661327,PDX,F,2.0,32,0.0625,30.0,30.0,2.0,1.0,0.5,True,30.0,2,sportsdataverse_player_box,Ineligible,False,9.453781512605042,,3.7815126050420167,0.0,2.5210084033613445,1.5,20.588235294117645,0.7,0.7,0.494385,0.2056149999999999,0.1,-30.028248587570616,-24.70443072364604,,-5.323817863924575,Low,Elite Efficiency,Average Shot Quality Profile,Unavailable Shot Diet,Low-Volume Efficient Shooter,Specialist-Dependent,0.2,,
1643461,Laura Ziegler,1611661320,LAS,F,3.0,32,0.09375,29.0,29.0,3.0,0.0,0.0,False,29.0,3,sportsdataverse_player_box,Ineligible,False,4.545454545454546,2.272727272727273,1.7045454545454546,1.1363636363636365,,,11.842105263157894,0.4444444444444444,0.375,0.56571875,-0.19071875,0.375,-14.430147058823536,-9.639015180994406,,-4.79113187782913,Low,Efficiency Concern,High-Quality Shot Profile,Paint-Oriented,No Clear Shooting Specialty,Clean Shot Profile,0.375,0.375,
1642818,Maddy Westbeld,1611661329,CHI,F,3.0,33,0.09090909090909091,29.0,29.0,3.0,0.0,0.0,False,28.0,3,sportsdataverse_player_box,Ineligible,False,1.829268292682927,2.439024390243903,1.2195121951219514,0.0,0.6097560975609757,2.0,9.722222222222223,0.25,0.25,0.5638583333333334,-0.3138583333333333,,-21.126388154415665,-20.12474349884802,,-1.0016446555676453,Low,Efficiency Concern,High-Quality Shot Profile,Perimeter-Leaning,High-Volume Low-Efficiency Shooter,Clean Shot Profile,0.1666666666666666,0.8333333333333333,
1643458,Saylor Poffenbarger,1611661329,CHI,G,5.0,33,0.15151515151515152,26.0,26.0,5.0,0.0,0.0,False,26.0,5,sportsdataverse_player_box,Ineligible,False,,4.166666666666666,0.6944444444444444,1.3888888888888888,,,6.896551724137932,,,0.5045625,,,-0.4120879120878982,0.5895567434797471,,-1.0016446555676453,Low,Unknown,Average Shot Quality Profile,Unavailable Shot Diet,No Clear Shooting Specialty,High Variance Profile,,1.0,
1642801,Aaliyah Nye,1611661330,ATL,G,13.0,32,0.40625,18.0,18.0,13.0,0.0,0.0,False,21.0,15,sportsdataverse_player_box,Ineligible,False,4.310344827586206,,1.7241379310344827,0.8620689655172413,0.8620689655172413,2.0,14.285714285714286,0.4166666666666667,0.4166666666666667,0.4417833333333333,-0.0251166666666666,,38.75675675675677,33.08187968196282,,5.6748770747939545,Low,Efficiency Concern,Tough Shot Profile,Perimeter-Leaning,No Clear Shooting Specialty,Clean Shot Profile,0.1666666666666666,0.5,0.3333333333333333
1629581,Emese Hof,1611661324,MIN,C,3.0,34,0.08823529411764706,21.0,21.0,3.0,0.0,0.0,False,21.0,3,sportsdataverse_player_box,Ineligible,False,6.0344827586206895,4.310344827586206,1.7241379310344827,0.0,3.4482758620689653,0.5,23.913043478260867,0.5,0.5,0.5111166666666667,-0.0111166666666666,0.3333333333333333,-29.85153764581125,-42.394285129839375,,12.542747484028126,Low,Average Efficiency,Average Shot Quality Profile,Unavailable Shot Diet,Rim Pressure Finisher,Specialist-Dependent,0.5,,
1643473,Taina Mair,1611661328,SEA,G,4.0,35,0.11428571428571428,15.0,15.0,4.0,0.0,0.0,False,20.0,5,sportsdataverse_player_box,Ineligible,False,6.730769230769231,1.923076923076923,2.8846153846153846,0.0,1.923076923076923,1.5,24.444444444444443,0.3888888888888889,0.3125,0.4800625,-0.1675625,0.25,-39.55174686882005,-34.39739582839306,,-5.154351040426988,Low,Efficiency Concern,Tough Shot Profile,Unavailable Shot Diet,No Clear Shooting Specialty,Balanced / Low Risk,0.375,,0.25
1628278,Shatori Walker-Kimbrough,1611661330,ATL,G,2.0,32,0.0625,2.0,2.0,2.0,0.0,0.0,False,19.0,8,sportsdataverse_player_box,Ineligible,False,5.555555555555555,1.8518518518518516,1.8518518518518516,0.9259259259259258,0.9259259259259258,2.0,16.666666666666668,0.5,0.4,0.4819,-0.0818999999999999,0.4,-20.45454545454544,-26.129422529339394,,5.6748770747939545,Low,Efficiency Concern,Tough Shot Profile,Unavailable Shot Diet,No Clear Shooting Specialty,Specialist-Dependent,0.4,,
1642293,Alissa Pili,1611661320,LAS,F,3.0,32,0.09375,18.0,18.0,3.0,0.0,0.0,False,18.0,3,sportsdataverse_player_box,Ineligible,False,3.7037037037037033,5.555555555555555,1.8518518518518516,0.0,0.9259259259259258,2.0,10.20408163265306,0.5,0.5,0.4505375,0.0494625,,-12.317073170731717,-7.525941292902587,,-4.79113187782913,Low,Average Efficiency,Tough-Shot Maker,Unavailable Shot Diet,No Clear Shooting Specialty,Balanced / Low Risk,0.25,,
1630108,Mariella Fasoula,1611661332,TOR,C,3.0,32,0.09375,15.0,15.0,3.0,0.0,0.0,False,15.0,3,sportsdataverse_player_box,Ineligible,False,5.0,3.75,1.25,3.75,2.5,0.5,18.91891891891892,0.4,0.4,0.5048600000000001,-0.10486,,-6.666666666666686,0.19943916137685846,,-6.866105828043544,Low,Efficiency Concern,Average Shot Quality Profile,Unavailable Shot Diet,No Clear Shooting Specialty,Midrange-Heavy Risk,0.6,,0.4
1630115,Joyner Holmes,1611661328,SEA,F,1.0,35,0.02857142857142857,15.0,15.0,1.0,0.0,0.0,False,15.0,1,sportsdataverse_player_box,Ineligible,False,2.631578947368421,6.578947368421052,1.3157894736842104,3.9473684210526314,2.631578947368421,0.5,17.64705882352941,0.25,0.25,0.474525,-0.2245249999999999,,-4.433497536945836,0.7208535034811518,,-5.154351040426988,Low,Efficiency Concern,Tough Shot Profile,Unavailable Shot Diet,No Clear Shooting Specialty,Balanced / Low Risk,0.5,,
1643479,Ndjakalenga Mwenentanda,1611661331,GSV,G,5.0,32,0.15625,13.0,13.0,5.0,0.0,0.0,False,13.0,5,sportsdataverse_player_box,Ineligible,False,,2.307692307692308,2.307692307692308,0.0,1.153846153846154,2.0,5.88235294117647,,,0.5487,,,34.48275862068965,24.680367715787384,,9.802390904902268,Low,Unknown,High-Quality Shot Profile,Unavailable Shot Diet,No Clear Shooting Specialty,Specialist-Dependent,,,
1642808,JJ Quinerly,1611661321,DAL,G,2.0,33,0.06060606060606061,13.0,13.0,2.0,0.0,0.0,False,12.0,2,sportsdataverse_player_box,Ineligible,False,3.1914893617021276,1.5957446808510638,3.1914893617021276,1.5957446808510638,,,12.0,0.3333333333333333,0.3333333333333333,0.4528833333333333,-0.1195499999999999,,-12.681159420289859,-16.83228033837071,,4.151120918080849,Low,Efficiency Concern,Tough Shot Profile,Unavailable Shot Diet,No Clear Shooting Specialty,Midrange-Heavy Risk,,,0.6666666666666666
1642788,Bree Hall,1611661325,IND,G,2.0,33,0.06060606060606061,11.0,11.0,2.0,0.0,0.0,False,11.0,2,sportsdataverse_player_box,Ineligible,False,7.352941176470588,1.4705882352941175,,0.0,,,19.23076923076923,0.5,0.5,0.4554299999999999,0.0445700000000001,,-22.769230769230774,-30.767307708707676,,7.998076939476903,Low,Average Efficiency,Tough-Shot Maker,Unavailable Shot Diet,Corner Spacer,Midrange-Heavy Risk,0.2,,0.6000000000000001
1643706,Ornella Bankole,1611661332,TOR,G,2.0,32,0.0625,10.0,10.0,2.0,0.0,0.0,False,10.0,2,sportsdataverse_player_box,Ineligible,False,3.3333333333333335,3.3333333333333335,,1.6666666666666667,,,7.692307692307692,0.5,,0.5427,,2.0,-21.936758893280654,-15.07065306523711,,-6.866105828043544,Low,Unknown,High-Quality Shot Profile,Unavailable Shot Diet,No Clear Shooting Specialty,Specialist-Dependent,,,
1642790,Sania Feagin,1611661320,LAS,F,3.0,32,0.09375,10.0,10.0,3.0,0.0,0.0,False,10.0,3,sportsdataverse_player_box,Ineligible,False,,1.5,3.0,0.0,,,3.571428571428571,,,0.5911,,,-8.534621578099845,-3.7434897002707146,,-4.79113187782913,Low,Unknown,High-Quality Shot Profile,Unavailable Shot Diet,No Clear Shooting Specialty,Specialist-Dependent,1.0,,
1643686,Nadia Fingall,1611661331,GSV,C,4.0,32,0.125,10.0,10.0,4.0,0.0,0.0,False,10.0,4,sportsdataverse_player_box,Ineligible,False,8.522727272727272,1.7045454545454546,,0.0,,,8.695652173913043,1.25,1.25,0.443975,0.806025,,-21.263157894736835,-31.065548799639103,,9.802390904902268,Low,Elite Efficiency,Tough-Shot Maker,Unavailable Shot Diet,Low-Volume Efficient Shooter,Specialist-Dependent,,,
1643470,Shay Ciezki,1611661317,PHX,G,2.0,35,0.05714285714285714,10.0,10.0,2.0,0.0,0.0,False,9.0,2,sportsdataverse_player_box,Ineligible,False,5.48780487804878,1.829268292682927,1.829268292682927,0.0,,,8.333333333333334,0.75,0.75,0.5222,0.2278,,93.57142857142857,96.5879948442226,,-3.016566272794037,Low,Elite Efficiency,Average Shot Quality Profile,Unavailable Shot Diet,Low-Volume Efficient Shooter,Specialist-Dependent,0.5,,
1642826,Aubrey Griffin,1611661313,NYL,F,4.0,34,0.11764705882352941,7.0,7.0,4.0,0.0,0.0,False,8.0,4,sportsdataverse_player_box,Ineligible,False,3.846153846153846,1.923076923076923,,0.0,1.923076923076923,,10.0,1.0,1.0,0.2358,0.7642,,10.78947368421052,6.140810002202585,,4.6486636820079354,Low,Elite Efficiency,Tough-Shot Maker,Unavailable Shot Diet,Low-Volume Efficient Shooter,Specialist-Dependent,,,
1643439,Tonie Morgan,1611661320,LAS,UNK,,32,,,,,,,False,6.0,1,missing_sportsdataverse_player_box,Ineligible,False,8.653846153846155,2.8846153846153846,2.8846153846153846,0.0,5.769230769230769,0.5,23.52941176470588,0.75,0.75,0.58035,0.1696499999999999,,-9.523809523809547,-4.7326776459804165,,-4.79113187782913,Low,Elite Efficiency,High-Quality Shots + Strong Making,Unavailable Shot Diet,Low-Volume Efficient Shooter,Specialist-Dependent,0.5,,
1631039,Miela Sowah,1611661331,GSV,G,2.0,32,0.0625,6.0,6.0,2.0,0.0,0.0,False,6.0,2,sportsdataverse_player_box,Ineligible,False,,,,0.0,,,14.285714285714285,,,0.473775,,,-59.52380952380949,-69.32620042871176,,9.802390904902268,Low,Unknown,Tough Shot Profile,Unavailable Shot Diet,No Clear Shooting Specialty,Specialist-Dependent,,,
1643424,Costanza Verona,1611661321,DAL,G,1.0,33,0.030303030303030304,6.0,6.0,1.0,0.0,0.0,False,6.0,1,sportsdataverse_player_box,Ineligible,False,13.043478260869565,,6.521739130434782,0.0,,,16.666666666666668,1.0,1.0,0.34265,0.65735,,-27.272727272727266,-31.423848190808116,,4.151120918080849,Low,Elite Efficiency,Tough-Shot Maker,Unavailable Shot Diet,Low-Volume Efficient Shooter,Specialist-Dependent,,,1.0
1630138,Peyton Williams,1611661317,PHX,F,1.0,35,0.02857142857142857,6.0,6.0,1.0,0.0,0.0,False,6.0,1,sportsdataverse_player_box,Ineligible,False,,,6.25,3.125,,,7.692307692307692,,,0.3879,,,-8.333333333333343,-5.316767060539306,,-3.016566272794037,Low,Unknown,Tough Shot Profile,Unavailable Shot Diet,No Clear Shooting Specialty,Specialist-Dependent,,,
1641695,Ashten Prechtel,1611661331,GSV,F,1.0,32,0.03125,5.0,5.0,1.0,0.0,0.0,False,5.0,1,sportsdataverse_player_box,Ineligible,False,16.304347826086957,3.260869565217391,,0.0,3.260869565217391,,30.769230769230766,0.8333333333333334,0.8333333333333334,0.6037166666666667,0.2296166666666667,,-6.060606060606062,-15.86299696550833,,9.802390904902268,Low,Elite Efficiency,High-Quality Shots + Strong Making,Perimeter-Leaning,Low-Volume Efficient Shooter,Clean Shot Profile,0.3333333333333333,0.6666666666666666,
1642796,Rayah Marshall,1611661323,CON,UNK,,31,,,,,,,False,4.0,1,missing_sportsdataverse_player_box,Ineligible,False,,7.5,,0.0,15.0,,40.0,,,0.3702,,,-183.33333333333334,-175.15662097184997,,-8.176712361483382,Low,Unknown,Tough Shot Profile,Unavailable Shot Diet,No Clear Shooting Specialty,Specialist-Dependent,,,
1629539,Amy Okonkwo,1611661330,ATL,F,1.0,32,0.03125,1.0,1.0,1.0,0.0,0.0,False,1.0,1,sportsdataverse_player_box,Ineligible,False,10.714285714285714,10.714285714285714,,0.0,,,66.66666666666667,0.25,,0.4533,,2.0,8.333333333333336,2.658456258539381,,5.6748770747939545,Low,Unknown,Tough Shot Profile,Unavailable Shot Diet,No Clear Shooting Specialty,Specialist-Dependent,,,
1628920,Mercedes Russell,1611661325,IND,UNK,,33,,,,,,,False,1.0,1,missing_sportsdataverse_player_box,Ineligible,False,,,,0.0,,,,,,,,,,,,7.998076939476903,Unknown,Unknown,Unknown Shot Quality,Unavailable Shot Diet,No Clear Shooting Specialty,Balanced / Low Risk,,,
1643440,Darianna Littlepage-Buggs,1611661322,WAS,G,1.0,32,0.03125,0.0,0.0,1.0,0.0,0.0,False,,1,sportsdataverse_player_box,Ineligible,False,,,,0.0,,,,,,,,,,,,-0.6530747785526358,Unknown,Unknown,Unknown Shot Quality,Unavailable Shot Diet,No Clear Shooting Specialty,Balanced / Low Risk,,,
