as_of_date,season,team_id,team_display_name,team_abbreviation,athlete_id,athlete_display_name,normalized_name,athlete_position,availability_status,availability_rank,is_out,is_out_for_season,is_day_to_day,absence_reason,absence_category,injury_side,injury_date,expected_return_date,short_comment
2026-09-08,2026,3,Dallas Wings,DAL,4433790,Azzi Fudd,azzifudd,G,Out for season,3,True,True,False,Knee,injury,Right,2026-08-19T20:10Z,,Fudd will undergo an arthroscopic procedure to address her right knee soreness and will be sidelined for the remainder of the 2026 season.
2026-09-08,2026,3,Dallas Wings,DAL,5345473,Costanza Verona,costanzaverona,G,Out,2,True,False,False,Personal,non_injury,,2026-08-08T19:59Z,2026-09-17,Verona's contract was temporarily suspended by the Wings Saturday.
2026-09-08,2026,6,Los Angeles Sparks,LAS,4597509,Aaliyah Nye,aaliyahnye,G,Out,2,True,False,False,Not Injury Related,non_injury,,2026-08-29T23:43Z,2026-09-17,Nye (not with team) will miss Sunday's game in Seattle.
2026-09-08,2026,8,Minnesota Lynx,MIN,4398938,Dorka Juhasz,dorkajuhasz,F,Out,2,True,False,False,Not Injury Related,non_injury,,2026-09-07T23:18Z,2026-09-18,"Juhasz (not injury related) recorded 22 points (8-13 FG, 2-2 3Pt, 4-6 FT), 11 rebounds and one steal across 27 minutes in Hungary's 82-73 FIBA World Cup win over Korea on Monday."
2026-09-08,2026,8,Minnesota Lynx,MIN,4873358,Antonia Delaere,antoniadelaere,F,Out,2,True,False,False,Not Injury Related,non_injury,,2026-08-25T16:18Z,2026-09-18,The Lynx temporarily suspended Delaere's contract Tuesday.
2026-09-08,2026,8,Minnesota Lynx,MIN,5208984,Elena Buenavida,elenabuenavida,G,Out,2,True,False,False,Coach's Decision,non_injury,,2026-08-30T17:50Z,2026-09-18,Buenavida (coach's decision) has been ruled out for Sunday's game against the Dream.
2026-09-08,2026,9,New York Liberty,NYL,4281929,Satou Sabally,satousabally,F,Out for season,3,True,True,False,Concussion,injury,,2026-09-08T17:00Z,,out
2026-09-08,2026,11,Phoenix Mercury,PHX,2998938,Kahleah Copper,kahleahcopper,G,Out,2,True,False,False,Ankle,injury,Left,2026-08-30T01:41Z,2026-09-17,"Copper (ankle) is out for Saturday's game against Toronto, Jenna Ortiz of The Arizona Republic reports."
2026-09-08,2026,11,Phoenix Mercury,PHX,3065570,Kelsey Plum,kelseyplum,G,Out for season,3,True,True,False,Lower Leg,injury,Left,2026-08-31T14:46Z,,"Plum (leg) will miss the remainder of the 2026 WNBA season, Alexa Philippou of ESPN.com reports."
2026-09-08,2026,11,Phoenix Mercury,PHX,3906769,Jovana Nogic,jovananogic,G,Out for season,3,True,True,False,Not Injury Related,non_injury,,2026-06-28T00:25Z,,"Nogic (not injury related) intends to play professionally in Russia and won't return to Phoenix this season, Aya Abdeen of TheIXSports.com reports."
2026-09-08,2026,11,Phoenix Mercury,PHX,3919496,Valeriane Ayayi,valerianeayayi,F,Out,2,True,False,False,Not Injury Related,non_injury,,2026-08-28T16:30Z,2026-09-17,out
2026-09-08,2026,11,Phoenix Mercury,PHX,4873359,Kyara Linskens,kyaralinskens,C,Out,2,True,False,False,Not Injury Related,non_injury,,2026-08-26T21:12Z,2026-09-17,The Mercury temporarily suspended Linskens' contract Wednesday.
2026-09-08,2026,14,Seattle Storm,SEA,3906753,Natisha Hiedeman,natishahiedeman,G,Out,2,True,False,False,Shoulder,injury,Left,2026-08-30T00:09Z,2026-09-17,Hiedeman (shoulder) won't play Sunday against the Sparks.
2026-09-08,2026,14,Seattle Storm,SEA,5345325,Awa Fam,awafam,C,Out,2,True,False,False,Not Injury Related,non_injury,,2026-09-07T22:45Z,2026-09-17,"Fam (not injury related) generated 16 points (7-18 FG, 1-4 3Pt, 1-2 FT), 10 rebounds, two assists and one steal across 27 minutes in Spain's 79-59 FIBA World Cup win over Japan on Monday."
2026-09-08,2026,17,Las Vegas Aces,LVA,4398776,NaLyssa Smith,nalyssasmith,F,Out for season,3,True,True,False,Leg,injury,Left,2026-08-27T19:29Z,,"The Aces announced Thursday that Smith will be sidelined for the rest of the season after suffering a non-contact left leg injury during Sunday's game versus the Tempo, per Chelsea Leite of TSN."
2026-09-08,2026,17,Las Vegas Aces,LVA,4609797,Ta'Niya Latson,taniyalatson,G,Out,2,True,False,False,Coach's Decision,non_injury,,2026-08-29T01:18Z,2026-09-17,Latson (coach's decision) has been ruled out for Friday's game against the Tempo.
2026-09-08,2026,18,Connecticut Sun,CON,2490553,Brittney Griner,brittneygriner,C,Out,2,True,False,False,Knee,injury,Left,2026-08-29T22:01Z,2026-09-17,Griner (knee) has been ruled out for Sunday's game against the Wings.
2026-09-08,2026,18,Connecticut Sun,CON,3922628,Kennedy Burke,kennedyburke,G,Out,2,True,False,False,Not Injury Related,non_injury,,2026-08-27T20:42Z,2026-09-17,Connecticut announced Thursday that Burke will miss the Sun's next two games.
2026-09-08,2026,18,Connecticut Sun,CON,4398966,Olivia Nelson-Ododa,olivianelsonododa,C,Out,2,True,False,False,Knee,injury,Right,2026-08-30T19:11Z,2026-09-17,Nelson-Ododa (knee) has been ruled out for Sunday's game against Dallas.
2026-09-08,2026,18,Connecticut Sun,CON,4433792,Rayah Marshall,rayahmarshall,C,Out,2,True,False,False,Coach's Decision,non_injury,,2026-08-30T23:50Z,2026-09-17,Marshall (coach's decision) has been ruled out for Sunday's game against Dallas.
2026-09-08,2026,18,Connecticut Sun,CON,5208981,Leila Lacan,leilalacan,G,Out,2,True,False,False,Not Injury Related,non_injury,,2026-08-23T20:10Z,2026-09-17,The Sun announced Sunday that Lacan will join Team France for the FIBA World Cup and miss the Sun's next four games.
2026-09-08,2026,19,Chicago Sky,CHI,2491205,Skylar Diggins,skylardiggins,G,Out for season,3,True,True,False,Knee,injury,Right,2026-09-01T14:17Z,,"Diggins (knee) will miss the remainder of the 2026 WNBA season, Sara Jane Gamelli of BallisLife.com reports."
2026-09-08,2026,19,Chicago Sky,CHI,4066548,DiJonai Carrington,dijonaicarrington,G,Out,2,True,False,False,Foot,injury,Left,2026-08-28T21:35Z,2026-09-17,Carirngton (foot) is out for Saturday's game against the Liberty.
2026-09-08,2026,19,Chicago Sky,CHI,4433630,Rickea Jackson,rickeajackson,F,Out for season,3,True,True,False,Knee,injury,Left,2026-05-19T13:54Z,,The Sky announced Tuesday that Jackson will miss the remainder of the season after suffering a torn ACL in her left knee during Sunday's 86-79 win over the Lynx.
2026-09-08,2026,20,Atlanta Dream,ATL,3058895,Brionna Jones,brionnajones,F,Out,2,True,False,False,Leg,injury,Left,2026-08-28T22:15Z,2026-09-17,"General manager Dan Padover said Friday that Jones (leg) won't return to game action before the FIBA World Cup break, Meghan L. Hall of USA Today reports."
2026-09-08,2026,129689,Golden State Valkyries,GSV,3142328,Gabby Williams,gabbywilliams,F,Out,2,True,False,False,Not Injury Related,non_injury,Not Specified,2026-09-07T22:59Z,2026-09-18,"Williams (not injury related) finished with 25 points (8-12 FG, 6-8 3Pt, 3-3 FT), six rebounds, four assists and two steals across 18 minutes in France's 111-56 FIBA World Cup win over Nigeria on Monday."
2026-09-08,2026,129689,Golden State Valkyries,GSV,4257500,Cecilia Zandalasini,ceciliazandalasini,F,Out,2,True,False,False,Not Injury Related,non_injury,Not Specified,2026-09-06T21:28Z,2026-09-18,"Zandalasini finished with 14 points (5-14 FG, 1-7 3Pt, 3-5 FT) and seven rebounds over 26 minutes in Italy's 55-52 FIBA World Cup loss to USA on Sunday."
2026-09-08,2026,129689,Golden State Valkyries,GSV,4790263,Iliana Rupert,ilianarupert,C,Out for season,3,True,True,False,Not Injury Related,non_injury,,2026-05-07T15:18Z,,"Rupert is pregnant, and the Valkyries have filed for a replacement contract ahead of the 2026 season, Alexa Philippou of ESPN.com reports Thursday."
2026-09-08,2026,129689,Golden State Valkyries,GSV,4790264,Janelle Salaun,janellesalaun,F,Out,2,True,False,False,Not Injury Related,non_injury,,2026-08-28T02:33Z,2026-09-18,"Salaun registered seven points (3-10 FG, 1-3 3Pt) and seven rebounds in 24 minutes during Thursday's 79-60 win over New York."
2026-09-08,2026,131935,Toronto Tempo,TOR,2988756,Brittney Sykes,brittneysykes,G,Out for season,3,True,True,False,Foot,injury,Left,2026-08-23T21:07Z,,"Sykes (foot) will miss the remainder of the 2026 season, Chelsea Leite of TSN reports."
2026-09-08,2026,131935,Toronto Tempo,TOR,3904576,Marina Mabrey,marinamabrey,G,Out,2,True,False,False,Hip,injury,Right,2026-08-24T20:05Z,2026-09-18,Head coach Sandy Brondello announced Sunday that Mabrey (adductor) will be re-evaluated in a few weeks.
2026-09-08,2026,131935,Toronto Tempo,TOR,3910470,Maria Conde,mariaconde,F,Out,2,True,False,False,Not Injury Related,non_injury,,2026-08-27T16:13Z,2026-09-18,The Tempo temporarily suspended Conde's contract on Thursday.
2026-09-08,2026,131935,Toronto Tempo,TOR,4001679,Julie Allemand,julieallemand,G,Out,2,True,False,False,Head,injury,,2026-08-25T21:13Z,2026-09-18,The Tempo temporarily suspended the contract of Allemand (head) on Tuesday.
2026-09-08,2026,131935,Toronto Tempo,TOR,4684384,Aneesah Morrow,aneesahmorrow,F,Out for season,3,True,True,False,Knee,injury,,2026-08-23T21:12Z,,"Morrow (knee) will miss the rest of the 2026 season, Chelsea Leite of TSN reports."
2026-09-08,2026,132052,Portland Fire,PDX,4433795,Sania Feagin,saniafeagin,F,Out for season,3,True,True,False,Knee,injury,Left,2026-07-09T23:15Z,,"Feagin (knee) was diagnosed with a torn left ACL on Thursday and will miss the rest of the 2026 campaign, WNBA reporter Kareem Copeland reports."
2026-09-08,2026,132052,Portland Fire,PDX,4682797,Luisa Geiselsoder,luisageiselsoder,C,Out for season,3,True,True,False,Personal,non_injury,,2026-08-08T22:37Z,,"Geiselsoder (personal) won't return this season, according to Sean Highkin of RoseGardenReport.com."
2026-09-08,2026,132052,Portland Fire,PDX,4703794,Sarah Ashlee Barker,sarahashleebarker,G,Out for season,3,True,True,False,Knee,injury,Left,2026-07-24T15:18Z,,The Fire announced Friday that Barker will undergo surgery to repair a torn ACL and will miss the remainder of the 2026 campaign.
2026-09-08,2026,132052,Portland Fire,PDX,5105406,Frieda Buhner,friedabuhner,F,Out,2,True,False,False,Not Injury Related,non_injury,,2026-09-07T22:33Z,2026-09-17,"Buhner (not injury related) notched 21 points (7-13 FG, 4-6 3Pt, 3-3 FT), three rebounds and one assist across 20 minutes in Germany's 83-58 FIBA World Cup win over Mali on Monday."
2026-09-08,2026,132052,Portland Fire,PDX,5208982,Carla Leite,carlaleite,G,Out,2,True,False,False,Not Injury Related,non_injury,,2026-08-29T16:22Z,2026-09-17,The Fire temporarily suspended Leite's contract Saturday.
2026-09-09,2026,3,Dallas Wings,DAL,3913881,Alanna Smith,alannasmith,F,Day-to-day,1,False,False,True,Leg,injury,,2026-09-09T13:49Z,2026-09-17,"Smith will miss the remainder of the World Cup with a leg injury, according to ESPN."
2026-09-09,2026,3,Dallas Wings,DAL,4433790,Azzi Fudd,azzifudd,G,Out for season,3,True,True,False,Knee,injury,Right,2026-08-19T20:10Z,,Fudd will undergo an arthroscopic procedure to address her right knee soreness and will be sidelined for the remainder of the 2026 season.
2026-09-09,2026,3,Dallas Wings,DAL,5345473,Costanza Verona,costanzaverona,G,Out,2,True,False,False,Personal,non_injury,,2026-08-08T19:59Z,2026-09-17,Verona's contract was temporarily suspended by the Wings Saturday.
2026-09-09,2026,6,Los Angeles Sparks,LAS,4597509,Aaliyah Nye,aaliyahnye,G,Out,2,True,False,False,Not Injury Related,non_injury,,2026-08-29T23:43Z,2026-09-17,Nye (not with team) will miss Sunday's game in Seattle.
2026-09-09,2026,8,Minnesota Lynx,MIN,4398938,Dorka Juhasz,dorkajuhasz,F,Out,2,True,False,False,Not Injury Related,non_injury,,2026-09-08T22:33Z,2026-09-18,"Juhasz (not injury related) notched 10 points (4-11 FG, 1-4 3Pt, 1-4 FT), seven rebounds, three assists and one steal across 32 minutes in Hungary's 84-63 FIBA World Cup win over Japan on Tuesday."
2026-09-09,2026,8,Minnesota Lynx,MIN,4873358,Antonia Delaere,antoniadelaere,F,Out,2,True,False,False,Not Injury Related,non_injury,,2026-08-25T16:18Z,2026-09-18,The Lynx temporarily suspended Delaere's contract Tuesday.
2026-09-09,2026,8,Minnesota Lynx,MIN,5208984,Elena Buenavida,elenabuenavida,G,Out,2,True,False,False,Coach's Decision,non_injury,,2026-08-30T17:50Z,2026-09-18,Buenavida (coach's decision) has been ruled out for Sunday's game against the Dream.
2026-09-09,2026,9,New York Liberty,NYL,4281929,Satou Sabally,satousabally,F,Out for season,3,True,True,False,Concussion,injury,,2026-09-09T16:00Z,,out
2026-09-09,2026,11,Phoenix Mercury,PHX,2998938,Kahleah Copper,kahleahcopper,G,Out,2,True,False,False,Ankle,injury,Left,2026-08-30T01:41Z,2026-09-17,"Copper (ankle) is out for Saturday's game against Toronto, Jenna Ortiz of The Arizona Republic reports."
2026-09-09,2026,11,Phoenix Mercury,PHX,3065570,Kelsey Plum,kelseyplum,G,Out for season,3,True,True,False,Lower Leg,injury,Left,2026-08-31T14:46Z,,"Plum (leg) will miss the remainder of the 2026 WNBA season, Alexa Philippou of ESPN.com reports."
2026-09-09,2026,11,Phoenix Mercury,PHX,3906769,Jovana Nogic,jovananogic,G,Out for season,3,True,True,False,Not Injury Related,non_injury,,2026-06-28T00:25Z,,"Nogic (not injury related) intends to play professionally in Russia and won't return to Phoenix this season, Aya Abdeen of TheIXSports.com reports."
2026-09-09,2026,11,Phoenix Mercury,PHX,3919496,Valeriane Ayayi,valerianeayayi,F,Out,2,True,False,False,Not Injury Related,non_injury,,2026-08-28T16:30Z,2026-09-17,out
2026-09-09,2026,11,Phoenix Mercury,PHX,4873359,Kyara Linskens,kyaralinskens,C,Out,2,True,False,False,Not Injury Related,non_injury,,2026-08-26T21:12Z,2026-09-17,The Mercury temporarily suspended Linskens' contract Wednesday.
2026-09-09,2026,14,Seattle Storm,SEA,3906753,Natisha Hiedeman,natishahiedeman,G,Out,2,True,False,False,Shoulder,injury,Left,2026-08-30T00:09Z,2026-09-17,Hiedeman (shoulder) won't play Sunday against the Sparks.
2026-09-09,2026,14,Seattle Storm,SEA,5345325,Awa Fam,awafam,C,Out,2,True,False,False,Not Injury Related,non_injury,,2026-09-07T22:45Z,2026-09-17,"Fam (not injury related) generated 16 points (7-18 FG, 1-4 3Pt, 1-2 FT), 10 rebounds, two assists and one steal across 27 minutes in Spain's 79-59 FIBA World Cup win over Japan on Monday."
2026-09-09,2026,17,Las Vegas Aces,LVA,4398776,NaLyssa Smith,nalyssasmith,F,Out for season,3,True,True,False,Leg,injury,Left,2026-08-27T19:29Z,,"The Aces announced Thursday that Smith will be sidelined for the rest of the season after suffering a non-contact left leg injury during Sunday's game versus the Tempo, per Chelsea Leite of TSN."
2026-09-09,2026,17,Las Vegas Aces,LVA,4609797,Ta'Niya Latson,taniyalatson,G,Out,2,True,False,False,Coach's Decision,non_injury,,2026-08-29T01:18Z,2026-09-17,Latson (coach's decision) has been ruled out for Friday's game against the Tempo.
2026-09-09,2026,18,Connecticut Sun,CON,2490553,Brittney Griner,brittneygriner,C,Out,2,True,False,False,Knee,injury,Left,2026-08-29T22:01Z,2026-09-17,Griner (knee) has been ruled out for Sunday's game against the Wings.
2026-09-09,2026,18,Connecticut Sun,CON,4398966,Olivia Nelson-Ododa,olivianelsonododa,C,Out,2,True,False,False,Knee,injury,Right,2026-08-30T19:11Z,2026-09-17,Nelson-Ododa (knee) has been ruled out for Sunday's game against Dallas.
2026-09-09,2026,18,Connecticut Sun,CON,4433792,Rayah Marshall,rayahmarshall,C,Out,2,True,False,False,Coach's Decision,non_injury,,2026-08-30T23:50Z,2026-09-17,Marshall (coach's decision) has been ruled out for Sunday's game against Dallas.
2026-09-09,2026,18,Connecticut Sun,CON,5208981,Leila Lacan,leilalacan,G,Out,2,True,False,False,Not Injury Related,non_injury,,2026-08-23T20:10Z,2026-09-17,The Sun announced Sunday that Lacan will join Team France for the FIBA World Cup and miss the Sun's next four games.
2026-09-09,2026,19,Chicago Sky,CHI,2491205,Skylar Diggins,skylardiggins,G,Out for season,3,True,True,False,Knee,injury,Right,2026-09-01T14:17Z,,"Diggins (knee) will miss the remainder of the 2026 WNBA season, Sara Jane Gamelli of BallisLife.com reports."
2026-09-09,2026,19,Chicago Sky,CHI,4066548,DiJonai Carrington,dijonaicarrington,G,Out,2,True,False,False,Foot,injury,Left,2026-08-28T21:35Z,2026-09-17,Carirngton (foot) is out for Saturday's game against the Liberty.
2026-09-09,2026,19,Chicago Sky,CHI,4433630,Rickea Jackson,rickeajackson,F,Out for season,3,True,True,False,Knee,injury,Left,2026-05-19T13:54Z,,The Sky announced Tuesday that Jackson will miss the remainder of the season after suffering a torn ACL in her left knee during Sunday's 86-79 win over the Lynx.
2026-09-09,2026,20,Atlanta Dream,ATL,3058895,Brionna Jones,brionnajones,F,Out,2,True,False,False,Leg,injury,Left,2026-08-28T22:15Z,2026-09-17,"General manager Dan Padover said Friday that Jones (leg) won't return to game action before the FIBA World Cup break, Meghan L. Hall of USA Today reports."
2026-09-09,2026,129689,Golden State Valkyries,GSV,3142328,Gabby Williams,gabbywilliams,F,Out,2,True,False,False,Not Injury Related,non_injury,Not Specified,2026-09-07T22:59Z,2026-09-18,"Williams (not injury related) finished with 25 points (8-12 FG, 6-8 3Pt, 3-3 FT), six rebounds, four assists and two steals across 18 minutes in France's 111-56 FIBA World Cup win over Nigeria on Monday."
2026-09-09,2026,129689,Golden State Valkyries,GSV,4257500,Cecilia Zandalasini,ceciliazandalasini,F,Out,2,True,False,False,Not Injury Related,non_injury,Not Specified,2026-09-06T21:28Z,2026-09-18,"Zandalasini finished with 14 points (5-14 FG, 1-7 3Pt, 3-5 FT) and seven rebounds over 26 minutes in Italy's 55-52 FIBA World Cup loss to USA on Sunday."
2026-09-09,2026,129689,Golden State Valkyries,GSV,4790263,Iliana Rupert,ilianarupert,C,Out for season,3,True,True,False,Not Injury Related,non_injury,,2026-05-07T15:18Z,,"Rupert is pregnant, and the Valkyries have filed for a replacement contract ahead of the 2026 season, Alexa Philippou of ESPN.com reports Thursday."
2026-09-09,2026,129689,Golden State Valkyries,GSV,4790264,Janelle Salaun,janellesalaun,F,Out,2,True,False,False,Not Injury Related,non_injury,,2026-08-28T02:33Z,2026-09-18,"Salaun registered seven points (3-10 FG, 1-3 3Pt) and seven rebounds in 24 minutes during Thursday's 79-60 win over New York."
2026-09-09,2026,131935,Toronto Tempo,TOR,2988756,Brittney Sykes,brittneysykes,G,Out for season,3,True,True,False,Foot,injury,Left,2026-08-23T21:07Z,,"Sykes (foot) will miss the remainder of the 2026 season, Chelsea Leite of TSN reports."
2026-09-09,2026,131935,Toronto Tempo,TOR,3904576,Marina Mabrey,marinamabrey,G,Out,2,True,False,False,Hip,injury,Right,2026-08-24T20:05Z,2026-09-18,Head coach Sandy Brondello announced Sunday that Mabrey (adductor) will be re-evaluated in a few weeks.
2026-09-09,2026,131935,Toronto Tempo,TOR,3910470,Maria Conde,mariaconde,F,Out,2,True,False,False,Not Injury Related,non_injury,,2026-08-27T16:13Z,2026-09-18,The Tempo temporarily suspended Conde's contract on Thursday.
2026-09-09,2026,131935,Toronto Tempo,TOR,4001679,Julie Allemand,julieallemand,G,Out,2,True,False,False,Head,injury,,2026-08-25T21:13Z,2026-09-18,The Tempo temporarily suspended the contract of Allemand (head) on Tuesday.
2026-09-09,2026,131935,Toronto Tempo,TOR,4684384,Aneesah Morrow,aneesahmorrow,F,Out for season,3,True,True,False,Knee,injury,,2026-08-23T21:12Z,,"Morrow (knee) will miss the rest of the 2026 season, Chelsea Leite of TSN reports."
2026-09-09,2026,132052,Portland Fire,PDX,4433795,Sania Feagin,saniafeagin,F,Out for season,3,True,True,False,Knee,injury,Left,2026-07-09T23:15Z,,"Feagin (knee) was diagnosed with a torn left ACL on Thursday and will miss the rest of the 2026 campaign, WNBA reporter Kareem Copeland reports."
2026-09-09,2026,132052,Portland Fire,PDX,4682797,Luisa Geiselsoder,luisageiselsoder,C,Out for season,3,True,True,False,Personal,non_injury,,2026-08-08T22:37Z,,"Geiselsoder (personal) won't return this season, according to Sean Highkin of RoseGardenReport.com."
2026-09-09,2026,132052,Portland Fire,PDX,4703794,Sarah Ashlee Barker,sarahashleebarker,G,Out for season,3,True,True,False,Knee,injury,Left,2026-07-24T15:18Z,,The Fire announced Friday that Barker will undergo surgery to repair a torn ACL and will miss the remainder of the 2026 campaign.
2026-09-09,2026,132052,Portland Fire,PDX,5105406,Frieda Buhner,friedabuhner,F,Out,2,True,False,False,Not Injury Related,non_injury,,2026-09-07T22:33Z,2026-09-17,"Buhner (not injury related) notched 21 points (7-13 FG, 4-6 3Pt, 3-3 FT), three rebounds and one assist across 20 minutes in Germany's 83-58 FIBA World Cup win over Mali on Monday."
2026-09-09,2026,132052,Portland Fire,PDX,5208982,Carla Leite,carlaleite,G,Out,2,True,False,False,Not Injury Related,non_injury,,2026-08-29T16:22Z,2026-09-17,The Fire temporarily suspended Leite's contract Saturday.
2026-09-10,2026,3,Dallas Wings,DAL,3913881,Alanna Smith,alannasmith,F,Out,2,True,False,False,Leg,injury,,2026-09-09T22:36Z,2026-09-17,out
2026-09-10,2026,3,Dallas Wings,DAL,4433790,Azzi Fudd,azzifudd,G,Out for season,3,True,True,False,Knee,injury,Right,2026-08-19T20:10Z,,Fudd will undergo an arthroscopic procedure to address her right knee soreness and will be sidelined for the remainder of the 2026 season.
2026-09-10,2026,3,Dallas Wings,DAL,5345473,Costanza Verona,costanzaverona,G,Out,2,True,False,False,Personal,non_injury,,2026-08-08T19:59Z,2026-09-17,Verona's contract was temporarily suspended by the Wings Saturday.
2026-09-10,2026,6,Los Angeles Sparks,LAS,4597509,Aaliyah Nye,aaliyahnye,G,Out,2,True,False,False,Not Injury Related,non_injury,,2026-08-29T23:43Z,2026-09-17,Nye (not with team) will miss Sunday's game in Seattle.
2026-09-10,2026,8,Minnesota Lynx,MIN,4398938,Dorka Juhasz,dorkajuhasz,F,Out,2,True,False,False,Not Injury Related,non_injury,,2026-09-08T22:33Z,2026-09-18,"Juhasz (not injury related) notched 10 points (4-11 FG, 1-4 3Pt, 1-4 FT), seven rebounds, three assists and one steal across 32 minutes in Hungary's 84-63 FIBA World Cup win over Japan on Tuesday."
2026-09-10,2026,8,Minnesota Lynx,MIN,4873358,Antonia Delaere,antoniadelaere,F,Out,2,True,False,False,Not Injury Related,non_injury,,2026-08-25T16:18Z,2026-09-18,The Lynx temporarily suspended Delaere's contract Tuesday.
2026-09-10,2026,8,Minnesota Lynx,MIN,5208984,Elena Buenavida,elenabuenavida,G,Out,2,True,False,False,Coach's Decision,non_injury,,2026-08-30T17:50Z,2026-09-18,Buenavida (coach's decision) has been ruled out for Sunday's game against the Dream.
2026-09-10,2026,9,New York Liberty,NYL,4281929,Satou Sabally,satousabally,F,Out for season,3,True,True,False,Concussion,injury,,2026-09-10T16:00Z,,out
2026-09-10,2026,11,Phoenix Mercury,PHX,2998938,Kahleah Copper,kahleahcopper,G,Out,2,True,False,False,Ankle,injury,Left,2026-08-30T01:41Z,2026-09-17,"Copper (ankle) is out for Saturday's game against Toronto, Jenna Ortiz of The Arizona Republic reports."
2026-09-10,2026,11,Phoenix Mercury,PHX,3065570,Kelsey Plum,kelseyplum,G,Out for season,3,True,True,False,Lower Leg,injury,Left,2026-08-31T14:46Z,,"Plum (leg) will miss the remainder of the 2026 WNBA season, Alexa Philippou of ESPN.com reports."
2026-09-10,2026,11,Phoenix Mercury,PHX,3906769,Jovana Nogic,jovananogic,G,Out for season,3,True,True,False,Not Injury Related,non_injury,,2026-06-28T00:25Z,,"Nogic (not injury related) intends to play professionally in Russia and won't return to Phoenix this season, Aya Abdeen of TheIXSports.com reports."
2026-09-10,2026,11,Phoenix Mercury,PHX,3919496,Valeriane Ayayi,valerianeayayi,F,Out,2,True,False,False,Not Injury Related,non_injury,,2026-08-28T16:30Z,2026-09-17,out
2026-09-10,2026,11,Phoenix Mercury,PHX,4873359,Kyara Linskens,kyaralinskens,C,Out,2,True,False,False,Not Injury Related,non_injury,,2026-08-26T21:12Z,2026-09-17,The Mercury temporarily suspended Linskens' contract Wednesday.
2026-09-10,2026,14,Seattle Storm,SEA,3906753,Natisha Hiedeman,natishahiedeman,G,Out,2,True,False,False,Shoulder,injury,Left,2026-08-30T00:09Z,2026-09-17,Hiedeman (shoulder) won't play Sunday against the Sparks.
2026-09-10,2026,14,Seattle Storm,SEA,4420318,Ezi Magbegor,ezimagbegor,F,Day-to-day,1,False,False,True,Lower Leg,injury,,2026-09-09T22:11Z,2026-09-10,"Magbegor suffered an apparent lower-leg injury with Australia in Wednesday's FIBA World Cup game against Italy, Alexa Philippou of ESPN.com reports."
2026-09-10,2026,14,Seattle Storm,SEA,5017726,Jade Melbourne,jademelbourne,G,Day-to-day,1,False,False,True,Illness,injury,,2026-09-09T22:06Z,2026-09-10,"Australian national team head coach Sandy Brondello said Melbourne played only three minutes in Wednesday's 82-80 FIBA World Cup win over Italy because she ""wasn't feeling well,"" Alexa Philippou of ESPN.com reports."
2026-09-10,2026,14,Seattle Storm,SEA,5345325,Awa Fam,awafam,C,Out,2,True,False,False,Not Injury Related,non_injury,,2026-09-07T22:45Z,2026-09-17,"Fam (not injury related) generated 16 points (7-18 FG, 1-4 3Pt, 1-2 FT), 10 rebounds, two assists and one steal across 27 minutes in Spain's 79-59 FIBA World Cup win over Japan on Monday."
2026-09-10,2026,17,Las Vegas Aces,LVA,4398776,NaLyssa Smith,nalyssasmith,F,Out for season,3,True,True,False,Leg,injury,Left,2026-08-27T19:29Z,,"The Aces announced Thursday that Smith will be sidelined for the rest of the season after suffering a non-contact left leg injury during Sunday's game versus the Tempo, per Chelsea Leite of TSN."
2026-09-10,2026,17,Las Vegas Aces,LVA,4609797,Ta'Niya Latson,taniyalatson,G,Out,2,True,False,False,Coach's Decision,non_injury,,2026-08-29T01:18Z,2026-09-17,Latson (coach's decision) has been ruled out for Friday's game against the Tempo.
2026-09-10,2026,18,Connecticut Sun,CON,2490553,Brittney Griner,brittneygriner,C,Out,2,True,False,False,Knee,injury,Left,2026-08-29T22:01Z,2026-09-17,Griner (knee) has been ruled out for Sunday's game against the Wings.
2026-09-10,2026,18,Connecticut Sun,CON,4398966,Olivia Nelson-Ododa,olivianelsonododa,C,Out,2,True,False,False,Knee,injury,Right,2026-08-30T19:11Z,2026-09-17,Nelson-Ododa (knee) has been ruled out for Sunday's game against Dallas.
2026-09-10,2026,18,Connecticut Sun,CON,4433792,Rayah Marshall,rayahmarshall,C,Out,2,True,False,False,Coach's Decision,non_injury,,2026-08-30T23:50Z,2026-09-17,Marshall (coach's decision) has been ruled out for Sunday's game against Dallas.
2026-09-10,2026,18,Connecticut Sun,CON,5208981,Leila Lacan,leilalacan,G,Out,2,True,False,False,Not Injury Related,non_injury,,2026-08-23T20:10Z,2026-09-17,The Sun announced Sunday that Lacan will join Team France for the FIBA World Cup and miss the Sun's next four games.
2026-09-10,2026,19,Chicago Sky,CHI,2491205,Skylar Diggins,skylardiggins,G,Out for season,3,True,True,False,Knee,injury,Right,2026-09-01T14:17Z,,"Diggins (knee) will miss the remainder of the 2026 WNBA season, Sara Jane Gamelli of BallisLife.com reports."
2026-09-10,2026,19,Chicago Sky,CHI,4066548,DiJonai Carrington,dijonaicarrington,G,Out,2,True,False,False,Foot,injury,Left,2026-08-28T21:35Z,2026-09-17,Carirngton (foot) is out for Saturday's game against the Liberty.
2026-09-10,2026,19,Chicago Sky,CHI,4433630,Rickea Jackson,rickeajackson,F,Out for season,3,True,True,False,Knee,injury,Left,2026-05-19T13:54Z,,The Sky announced Tuesday that Jackson will miss the remainder of the season after suffering a torn ACL in her left knee during Sunday's 86-79 win over the Lynx.
2026-09-10,2026,20,Atlanta Dream,ATL,3058895,Brionna Jones,brionnajones,F,Out,2,True,False,False,Leg,injury,Left,2026-08-28T22:15Z,2026-09-17,"General manager Dan Padover said Friday that Jones (leg) won't return to game action before the FIBA World Cup break, Meghan L. Hall of USA Today reports."
2026-09-10,2026,129689,Golden State Valkyries,GSV,3142328,Gabby Williams,gabbywilliams,F,Out,2,True,False,False,Not Injury Related,non_injury,Not Specified,2026-09-07T22:59Z,2026-09-18,"Williams (not injury related) finished with 25 points (8-12 FG, 6-8 3Pt, 3-3 FT), six rebounds, four assists and two steals across 18 minutes in France's 111-56 FIBA World Cup win over Nigeria on Monday."
2026-09-10,2026,129689,Golden State Valkyries,GSV,4257500,Cecilia Zandalasini,ceciliazandalasini,F,Out,2,True,False,False,Not Injury Related,non_injury,Not Specified,2026-09-06T21:28Z,2026-09-18,"Zandalasini finished with 14 points (5-14 FG, 1-7 3Pt, 3-5 FT) and seven rebounds over 26 minutes in Italy's 55-52 FIBA World Cup loss to USA on Sunday."
2026-09-10,2026,129689,Golden State Valkyries,GSV,4790263,Iliana Rupert,ilianarupert,C,Out for season,3,True,True,False,Not Injury Related,non_injury,,2026-05-07T15:18Z,,"Rupert is pregnant, and the Valkyries have filed for a replacement contract ahead of the 2026 season, Alexa Philippou of ESPN.com reports Thursday."
2026-09-10,2026,129689,Golden State Valkyries,GSV,4790264,Janelle Salaun,janellesalaun,F,Out,2,True,False,False,Not Injury Related,non_injury,,2026-08-28T02:33Z,2026-09-18,"Salaun registered seven points (3-10 FG, 1-3 3Pt) and seven rebounds in 24 minutes during Thursday's 79-60 win over New York."
2026-09-10,2026,131935,Toronto Tempo,TOR,2988756,Brittney Sykes,brittneysykes,G,Out for season,3,True,True,False,Foot,injury,Left,2026-08-23T21:07Z,,"Sykes (foot) will miss the remainder of the 2026 season, Chelsea Leite of TSN reports."
2026-09-10,2026,131935,Toronto Tempo,TOR,3904576,Marina Mabrey,marinamabrey,G,Out,2,True,False,False,Hip,injury,Right,2026-08-24T20:05Z,2026-09-18,Head coach Sandy Brondello announced Sunday that Mabrey (adductor) will be re-evaluated in a few weeks.
2026-09-10,2026,131935,Toronto Tempo,TOR,3910470,Maria Conde,mariaconde,F,Out,2,True,False,False,Not Injury Related,non_injury,,2026-08-27T16:13Z,2026-09-18,The Tempo temporarily suspended Conde's contract on Thursday.
2026-09-10,2026,131935,Toronto Tempo,TOR,4001679,Julie Allemand,julieallemand,G,Out,2,True,False,False,Head,injury,,2026-08-25T21:13Z,2026-09-18,The Tempo temporarily suspended the contract of Allemand (head) on Tuesday.
2026-09-10,2026,131935,Toronto Tempo,TOR,4684384,Aneesah Morrow,aneesahmorrow,F,Out for season,3,True,True,False,Knee,injury,,2026-08-23T21:12Z,,"Morrow (knee) will miss the rest of the 2026 season, Chelsea Leite of TSN reports."
2026-09-10,2026,132052,Portland Fire,PDX,4433795,Sania Feagin,saniafeagin,F,Out for season,3,True,True,False,Knee,injury,Left,2026-07-09T23:15Z,,"Feagin (knee) was diagnosed with a torn left ACL on Thursday and will miss the rest of the 2026 campaign, WNBA reporter Kareem Copeland reports."
2026-09-10,2026,132052,Portland Fire,PDX,4682797,Luisa Geiselsoder,luisageiselsoder,C,Out for season,3,True,True,False,Personal,non_injury,,2026-08-08T22:37Z,,"Geiselsoder (personal) won't return this season, according to Sean Highkin of RoseGardenReport.com."
2026-09-10,2026,132052,Portland Fire,PDX,4703794,Sarah Ashlee Barker,sarahashleebarker,G,Out for season,3,True,True,False,Knee,injury,Left,2026-07-24T15:18Z,,The Fire announced Friday that Barker will undergo surgery to repair a torn ACL and will miss the remainder of the 2026 campaign.
2026-09-10,2026,132052,Portland Fire,PDX,5105406,Frieda Buhner,friedabuhner,F,Out,2,True,False,False,Not Injury Related,non_injury,,2026-09-07T22:33Z,2026-09-17,"Buhner (not injury related) notched 21 points (7-13 FG, 4-6 3Pt, 3-3 FT), three rebounds and one assist across 20 minutes in Germany's 83-58 FIBA World Cup win over Mali on Monday."
2026-09-10,2026,132052,Portland Fire,PDX,5208982,Carla Leite,carlaleite,G,Out,2,True,False,False,Not Injury Related,non_injury,,2026-08-29T16:22Z,2026-09-17,The Fire temporarily suspended Leite's contract Saturday.
2026-09-11,2026,3,Dallas Wings,DAL,3913881,Alanna Smith,alannasmith,F,Out,2,True,False,False,Leg,injury,,2026-09-09T22:36Z,2026-09-17,out
2026-09-11,2026,3,Dallas Wings,DAL,4433790,Azzi Fudd,azzifudd,G,Out for season,3,True,True,False,Knee,injury,Right,2026-08-19T20:10Z,,Fudd will undergo an arthroscopic procedure to address her right knee soreness and will be sidelined for the remainder of the 2026 season.
2026-09-11,2026,3,Dallas Wings,DAL,5345473,Costanza Verona,costanzaverona,G,Out,2,True,False,False,Personal,non_injury,,2026-08-08T19:59Z,2026-09-17,Verona's contract was temporarily suspended by the Wings Saturday.
2026-09-11,2026,6,Los Angeles Sparks,LAS,4597509,Aaliyah Nye,aaliyahnye,G,Out,2,True,False,False,Not Injury Related,non_injury,,2026-08-29T23:43Z,2026-09-17,Nye (not with team) will miss Sunday's game in Seattle.
2026-09-11,2026,8,Minnesota Lynx,MIN,4398938,Dorka Juhasz,dorkajuhasz,F,Out,2,True,False,False,Not Injury Related,non_injury,,2026-09-08T22:33Z,2026-09-18,"Juhasz (not injury related) notched 10 points (4-11 FG, 1-4 3Pt, 1-4 FT), seven rebounds, three assists and one steal across 32 minutes in Hungary's 84-63 FIBA World Cup win over Japan on Tuesday."
2026-09-11,2026,8,Minnesota Lynx,MIN,4873358,Antonia Delaere,antoniadelaere,F,Out,2,True,False,False,Not Injury Related,non_injury,,2026-08-25T16:18Z,2026-09-18,The Lynx temporarily suspended Delaere's contract Tuesday.
2026-09-11,2026,8,Minnesota Lynx,MIN,5208984,Elena Buenavida,elenabuenavida,G,Out,2,True,False,False,Coach's Decision,non_injury,,2026-08-30T17:50Z,2026-09-18,Buenavida (coach's decision) has been ruled out for Sunday's game against the Dream.
2026-09-11,2026,9,New York Liberty,NYL,4281929,Satou Sabally,satousabally,F,Out for season,3,True,True,False,Concussion,injury,,2026-09-11T16:01Z,,out
2026-09-11,2026,11,Phoenix Mercury,PHX,2998938,Kahleah Copper,kahleahcopper,G,Out,2,True,False,False,Ankle,injury,Left,2026-08-30T01:41Z,2026-09-17,"Copper (ankle) is out for Saturday's game against Toronto, Jenna Ortiz of The Arizona Republic reports."
2026-09-11,2026,11,Phoenix Mercury,PHX,3065570,Kelsey Plum,kelseyplum,G,Out for season,3,True,True,False,Lower Leg,injury,Left,2026-08-31T14:46Z,,"Plum (leg) will miss the remainder of the 2026 WNBA season, Alexa Philippou of ESPN.com reports."
2026-09-11,2026,11,Phoenix Mercury,PHX,3906769,Jovana Nogic,jovananogic,G,Out for season,3,True,True,False,Not Injury Related,non_injury,,2026-06-28T00:25Z,,"Nogic (not injury related) intends to play professionally in Russia and won't return to Phoenix this season, Aya Abdeen of TheIXSports.com reports."
2026-09-11,2026,11,Phoenix Mercury,PHX,3919496,Valeriane Ayayi,valerianeayayi,F,Out,2,True,False,False,Not Injury Related,non_injury,,2026-08-28T16:30Z,2026-09-17,out
2026-09-11,2026,11,Phoenix Mercury,PHX,4873359,Kyara Linskens,kyaralinskens,C,Out,2,True,False,False,Not Injury Related,non_injury,,2026-08-26T21:12Z,2026-09-17,The Mercury temporarily suspended Linskens' contract Wednesday.
2026-09-11,2026,14,Seattle Storm,SEA,3906753,Natisha Hiedeman,natishahiedeman,G,Out,2,True,False,False,Shoulder,injury,Left,2026-08-30T00:09Z,2026-09-17,Hiedeman (shoulder) won't play Sunday against the Sparks.
2026-09-11,2026,14,Seattle Storm,SEA,4420318,Ezi Magbegor,ezimagbegor,F,Out for season,3,True,True,False,Lower Leg,injury,,2026-09-10T18:26Z,,out
2026-09-11,2026,14,Seattle Storm,SEA,5017726,Jade Melbourne,jademelbourne,G,Day-to-day,1,False,False,True,Illness,injury,,2026-09-10T22:13Z,2026-09-17,Melbourne (illness) didn't play in Thursday's 89-66 FIBA World Cup loss to Spain.
2026-09-11,2026,14,Seattle Storm,SEA,5345325,Awa Fam,awafam,C,Out,2,True,False,False,Not Injury Related,non_injury,,2026-09-07T22:45Z,2026-09-17,"Fam (not injury related) generated 16 points (7-18 FG, 1-4 3Pt, 1-2 FT), 10 rebounds, two assists and one steal across 27 minutes in Spain's 79-59 FIBA World Cup win over Japan on Monday."
2026-09-11,2026,17,Las Vegas Aces,LVA,4398776,NaLyssa Smith,nalyssasmith,F,Out for season,3,True,True,False,Leg,injury,Left,2026-08-27T19:29Z,,"The Aces announced Thursday that Smith will be sidelined for the rest of the season after suffering a non-contact left leg injury during Sunday's game versus the Tempo, per Chelsea Leite of TSN."
2026-09-11,2026,17,Las Vegas Aces,LVA,4609797,Ta'Niya Latson,taniyalatson,G,Out,2,True,False,False,Coach's Decision,non_injury,,2026-08-29T01:18Z,2026-09-17,Latson (coach's decision) has been ruled out for Friday's game against the Tempo.
2026-09-11,2026,18,Connecticut Sun,CON,2490553,Brittney Griner,brittneygriner,C,Out,2,True,False,False,Knee,injury,Left,2026-08-29T22:01Z,2026-09-17,Griner (knee) has been ruled out for Sunday's game against the Wings.
2026-09-11,2026,18,Connecticut Sun,CON,4398966,Olivia Nelson-Ododa,olivianelsonododa,C,Out,2,True,False,False,Knee,injury,Right,2026-08-30T19:11Z,2026-09-17,Nelson-Ododa (knee) has been ruled out for Sunday's game against Dallas.
2026-09-11,2026,18,Connecticut Sun,CON,4433792,Rayah Marshall,rayahmarshall,C,Out,2,True,False,False,Coach's Decision,non_injury,,2026-08-30T23:50Z,2026-09-17,Marshall (coach's decision) has been ruled out for Sunday's game against Dallas.
2026-09-11,2026,18,Connecticut Sun,CON,5208981,Leila Lacan,leilalacan,G,Out,2,True,False,False,Not Injury Related,non_injury,,2026-08-23T20:10Z,2026-09-17,The Sun announced Sunday that Lacan will join Team France for the FIBA World Cup and miss the Sun's next four games.
2026-09-11,2026,19,Chicago Sky,CHI,2491205,Skylar Diggins,skylardiggins,G,Out for season,3,True,True,False,Knee,injury,Right,2026-09-01T14:17Z,,"Diggins (knee) will miss the remainder of the 2026 WNBA season, Sara Jane Gamelli of BallisLife.com reports."
2026-09-11,2026,19,Chicago Sky,CHI,4066548,DiJonai Carrington,dijonaicarrington,G,Out,2,True,False,False,Foot,injury,Left,2026-08-28T21:35Z,2026-09-17,Carirngton (foot) is out for Saturday's game against the Liberty.
2026-09-11,2026,19,Chicago Sky,CHI,4433630,Rickea Jackson,rickeajackson,F,Out for season,3,True,True,False,Knee,injury,Left,2026-05-19T13:54Z,,The Sky announced Tuesday that Jackson will miss the remainder of the season after suffering a torn ACL in her left knee during Sunday's 86-79 win over the Lynx.
2026-09-11,2026,20,Atlanta Dream,ATL,3058895,Brionna Jones,brionnajones,F,Out,2,True,False,False,Leg,injury,Left,2026-08-28T22:15Z,2026-09-17,"General manager Dan Padover said Friday that Jones (leg) won't return to game action before the FIBA World Cup break, Meghan L. Hall of USA Today reports."
2026-09-11,2026,129689,Golden State Valkyries,GSV,3142328,Gabby Williams,gabbywilliams,F,Out,2,True,False,False,Not Injury Related,non_injury,Not Specified,2026-09-07T22:59Z,2026-09-18,"Williams (not injury related) finished with 25 points (8-12 FG, 6-8 3Pt, 3-3 FT), six rebounds, four assists and two steals across 18 minutes in France's 111-56 FIBA World Cup win over Nigeria on Monday."
2026-09-11,2026,129689,Golden State Valkyries,GSV,4257500,Cecilia Zandalasini,ceciliazandalasini,F,Out,2,True,False,False,Not Injury Related,non_injury,Not Specified,2026-09-06T21:28Z,2026-09-18,"Zandalasini finished with 14 points (5-14 FG, 1-7 3Pt, 3-5 FT) and seven rebounds over 26 minutes in Italy's 55-52 FIBA World Cup loss to USA on Sunday."
2026-09-11,2026,129689,Golden State Valkyries,GSV,4790263,Iliana Rupert,ilianarupert,C,Out for season,3,True,True,False,Not Injury Related,non_injury,,2026-05-07T15:18Z,,"Rupert is pregnant, and the Valkyries have filed for a replacement contract ahead of the 2026 season, Alexa Philippou of ESPN.com reports Thursday."
2026-09-11,2026,129689,Golden State Valkyries,GSV,4790264,Janelle Salaun,janellesalaun,F,Out,2,True,False,False,Not Injury Related,non_injury,,2026-08-28T02:33Z,2026-09-18,"Salaun registered seven points (3-10 FG, 1-3 3Pt) and seven rebounds in 24 minutes during Thursday's 79-60 win over New York."
2026-09-11,2026,131935,Toronto Tempo,TOR,2988756,Brittney Sykes,brittneysykes,G,Out for season,3,True,True,False,Foot,injury,Left,2026-08-23T21:07Z,,"Sykes (foot) will miss the remainder of the 2026 season, Chelsea Leite of TSN reports."
2026-09-11,2026,131935,Toronto Tempo,TOR,3904576,Marina Mabrey,marinamabrey,G,Out,2,True,False,False,Hip,injury,Right,2026-08-24T20:05Z,2026-09-18,Head coach Sandy Brondello announced Sunday that Mabrey (adductor) will be re-evaluated in a few weeks.
2026-09-11,2026,131935,Toronto Tempo,TOR,3910470,Maria Conde,mariaconde,F,Out,2,True,False,False,Not Injury Related,non_injury,,2026-08-27T16:13Z,2026-09-18,The Tempo temporarily suspended Conde's contract on Thursday.
2026-09-11,2026,131935,Toronto Tempo,TOR,4001679,Julie Allemand,julieallemand,G,Out,2,True,False,False,Head,injury,,2026-08-25T21:13Z,2026-09-18,The Tempo temporarily suspended the contract of Allemand (head) on Tuesday.
2026-09-11,2026,131935,Toronto Tempo,TOR,4684384,Aneesah Morrow,aneesahmorrow,F,Out for season,3,True,True,False,Knee,injury,,2026-08-23T21:12Z,,"Morrow (knee) will miss the rest of the 2026 season, Chelsea Leite of TSN reports."
2026-09-11,2026,132052,Portland Fire,PDX,4433795,Sania Feagin,saniafeagin,F,Out for season,3,True,True,False,Knee,injury,Left,2026-07-09T23:15Z,,"Feagin (knee) was diagnosed with a torn left ACL on Thursday and will miss the rest of the 2026 campaign, WNBA reporter Kareem Copeland reports."
2026-09-11,2026,132052,Portland Fire,PDX,4682797,Luisa Geiselsoder,luisageiselsoder,C,Out for season,3,True,True,False,Personal,non_injury,,2026-08-08T22:37Z,,"Geiselsoder (personal) won't return this season, according to Sean Highkin of RoseGardenReport.com."
2026-09-11,2026,132052,Portland Fire,PDX,4703794,Sarah Ashlee Barker,sarahashleebarker,G,Out for season,3,True,True,False,Knee,injury,Left,2026-07-24T15:18Z,,The Fire announced Friday that Barker will undergo surgery to repair a torn ACL and will miss the remainder of the 2026 campaign.
2026-09-11,2026,132052,Portland Fire,PDX,5105406,Frieda Buhner,friedabuhner,F,Out,2,True,False,False,Not Injury Related,non_injury,,2026-09-07T22:33Z,2026-09-17,"Buhner (not injury related) notched 21 points (7-13 FG, 4-6 3Pt, 3-3 FT), three rebounds and one assist across 20 minutes in Germany's 83-58 FIBA World Cup win over Mali on Monday."
2026-09-11,2026,132052,Portland Fire,PDX,5208982,Carla Leite,carlaleite,G,Out,2,True,False,False,Not Injury Related,non_injury,,2026-08-29T16:22Z,2026-09-17,The Fire temporarily suspended Leite's contract Saturday.
2026-09-12,2026,3,Dallas Wings,DAL,3913881,Alanna Smith,alannasmith,F,Out,2,True,False,False,Leg,injury,,2026-09-09T22:36Z,2026-09-17,out
2026-09-12,2026,3,Dallas Wings,DAL,4433790,Azzi Fudd,azzifudd,G,Out for season,3,True,True,False,Knee,injury,Right,2026-08-19T20:10Z,,Fudd will undergo an arthroscopic procedure to address her right knee soreness and will be sidelined for the remainder of the 2026 season.
2026-09-12,2026,3,Dallas Wings,DAL,5345473,Costanza Verona,costanzaverona,G,Out,2,True,False,False,Personal,non_injury,,2026-08-08T19:59Z,2026-09-17,Verona's contract was temporarily suspended by the Wings Saturday.
2026-09-12,2026,6,Los Angeles Sparks,LAS,4597509,Aaliyah Nye,aaliyahnye,G,Out,2,True,False,False,Not Injury Related,non_injury,,2026-08-29T23:43Z,2026-09-17,Nye (not with team) will miss Sunday's game in Seattle.
2026-09-12,2026,8,Minnesota Lynx,MIN,4398938,Dorka Juhasz,dorkajuhasz,F,Out,2,True,False,False,Not Injury Related,non_injury,,2026-09-08T22:33Z,2026-09-18,"Juhasz (not injury related) notched 10 points (4-11 FG, 1-4 3Pt, 1-4 FT), seven rebounds, three assists and one steal across 32 minutes in Hungary's 84-63 FIBA World Cup win over Japan on Tuesday."
2026-09-12,2026,8,Minnesota Lynx,MIN,4873358,Antonia Delaere,antoniadelaere,F,Out,2,True,False,False,Not Injury Related,non_injury,,2026-08-25T16:18Z,2026-09-18,The Lynx temporarily suspended Delaere's contract Tuesday.
2026-09-12,2026,8,Minnesota Lynx,MIN,5208984,Elena Buenavida,elenabuenavida,G,Out,2,True,False,False,Coach's Decision,non_injury,,2026-08-30T17:50Z,2026-09-18,Buenavida (coach's decision) has been ruled out for Sunday's game against the Dream.
2026-09-12,2026,9,New York Liberty,NYL,4281929,Satou Sabally,satousabally,F,Out for season,3,True,True,False,Concussion,injury,,2026-09-12T15:00Z,,out
2026-09-12,2026,11,Phoenix Mercury,PHX,2998938,Kahleah Copper,kahleahcopper,G,Out,2,True,False,False,Ankle,injury,Left,2026-08-30T01:41Z,2026-09-17,"Copper (ankle) is out for Saturday's game against Toronto, Jenna Ortiz of The Arizona Republic reports."
2026-09-12,2026,11,Phoenix Mercury,PHX,3065570,Kelsey Plum,kelseyplum,G,Out for season,3,True,True,False,Lower Leg,injury,Left,2026-08-31T14:46Z,,"Plum (leg) will miss the remainder of the 2026 WNBA season, Alexa Philippou of ESPN.com reports."
2026-09-12,2026,11,Phoenix Mercury,PHX,3906769,Jovana Nogic,jovananogic,G,Out for season,3,True,True,False,Not Injury Related,non_injury,,2026-06-28T00:25Z,,"Nogic (not injury related) intends to play professionally in Russia and won't return to Phoenix this season, Aya Abdeen of TheIXSports.com reports."
2026-09-12,2026,11,Phoenix Mercury,PHX,3919496,Valeriane Ayayi,valerianeayayi,F,Out,2,True,False,False,Not Injury Related,non_injury,,2026-08-28T16:30Z,2026-09-17,out
2026-09-12,2026,11,Phoenix Mercury,PHX,4873359,Kyara Linskens,kyaralinskens,C,Out,2,True,False,False,Not Injury Related,non_injury,,2026-08-26T21:12Z,2026-09-17,The Mercury temporarily suspended Linskens' contract Wednesday.
2026-09-12,2026,14,Seattle Storm,SEA,3906753,Natisha Hiedeman,natishahiedeman,G,Out,2,True,False,False,Shoulder,injury,Left,2026-08-30T00:09Z,2026-09-17,Hiedeman (shoulder) won't play Sunday against the Sparks.
2026-09-12,2026,14,Seattle Storm,SEA,3917453,Katie Lou Samuelson,katielousamuelson,F,Out for season,3,True,True,False,Knee,injury,Left,2026-09-11T18:10Z,,The Storm announced Friday that Samuelson underwent successful left knee surgery and will miss the remainder of the season.
2026-09-12,2026,14,Seattle Storm,SEA,4420318,Ezi Magbegor,ezimagbegor,F,Out for season,3,True,True,False,Lower Leg,injury,,2026-09-10T18:26Z,,out
2026-09-12,2026,14,Seattle Storm,SEA,5017726,Jade Melbourne,jademelbourne,G,Out,2,True,False,False,Illness,injury,,2026-09-11T23:46Z,2026-09-17,out
2026-09-12,2026,14,Seattle Storm,SEA,5345325,Awa Fam,awafam,C,Out,2,True,False,False,Not Injury Related,non_injury,,2026-09-07T22:45Z,2026-09-17,"Fam (not injury related) generated 16 points (7-18 FG, 1-4 3Pt, 1-2 FT), 10 rebounds, two assists and one steal across 27 minutes in Spain's 79-59 FIBA World Cup win over Japan on Monday."
2026-09-12,2026,17,Las Vegas Aces,LVA,4398776,NaLyssa Smith,nalyssasmith,F,Out for season,3,True,True,False,Leg,injury,Left,2026-08-27T19:29Z,,"The Aces announced Thursday that Smith will be sidelined for the rest of the season after suffering a non-contact left leg injury during Sunday's game versus the Tempo, per Chelsea Leite of TSN."
2026-09-12,2026,17,Las Vegas Aces,LVA,4609797,Ta'Niya Latson,taniyalatson,G,Out,2,True,False,False,Coach's Decision,non_injury,,2026-08-29T01:18Z,2026-09-17,Latson (coach's decision) has been ruled out for Friday's game against the Tempo.
2026-09-12,2026,18,Connecticut Sun,CON,2490553,Brittney Griner,brittneygriner,C,Out,2,True,False,False,Knee,injury,Left,2026-08-29T22:01Z,2026-09-17,Griner (knee) has been ruled out for Sunday's game against the Wings.
2026-09-12,2026,18,Connecticut Sun,CON,4398966,Olivia Nelson-Ododa,olivianelsonododa,C,Out,2,True,False,False,Knee,injury,Right,2026-08-30T19:11Z,2026-09-17,Nelson-Ododa (knee) has been ruled out for Sunday's game against Dallas.
2026-09-12,2026,18,Connecticut Sun,CON,4433792,Rayah Marshall,rayahmarshall,C,Out,2,True,False,False,Coach's Decision,non_injury,,2026-08-30T23:50Z,2026-09-17,Marshall (coach's decision) has been ruled out for Sunday's game against Dallas.
2026-09-12,2026,18,Connecticut Sun,CON,5208981,Leila Lacan,leilalacan,G,Out,2,True,False,False,Not Injury Related,non_injury,,2026-08-23T20:10Z,2026-09-17,The Sun announced Sunday that Lacan will join Team France for the FIBA World Cup and miss the Sun's next four games.
2026-09-12,2026,19,Chicago Sky,CHI,2491205,Skylar Diggins,skylardiggins,G,Out for season,3,True,True,False,Knee,injury,Right,2026-09-01T14:17Z,,"Diggins (knee) will miss the remainder of the 2026 WNBA season, Sara Jane Gamelli of BallisLife.com reports."
2026-09-12,2026,19,Chicago Sky,CHI,4066548,DiJonai Carrington,dijonaicarrington,G,Out,2,True,False,False,Foot,injury,Left,2026-08-28T21:35Z,2026-09-17,Carirngton (foot) is out for Saturday's game against the Liberty.
2026-09-12,2026,19,Chicago Sky,CHI,4433630,Rickea Jackson,rickeajackson,F,Out for season,3,True,True,False,Knee,injury,Left,2026-05-19T13:54Z,,The Sky announced Tuesday that Jackson will miss the remainder of the season after suffering a torn ACL in her left knee during Sunday's 86-79 win over the Lynx.
2026-09-12,2026,20,Atlanta Dream,ATL,3058895,Brionna Jones,brionnajones,F,Out,2,True,False,False,Leg,injury,Left,2026-08-28T22:15Z,2026-09-17,"General manager Dan Padover said Friday that Jones (leg) won't return to game action before the FIBA World Cup break, Meghan L. Hall of USA Today reports."
2026-09-12,2026,129689,Golden State Valkyries,GSV,3142328,Gabby Williams,gabbywilliams,F,Out,2,True,False,False,Not Injury Related,non_injury,Not Specified,2026-09-07T22:59Z,2026-09-18,"Williams (not injury related) finished with 25 points (8-12 FG, 6-8 3Pt, 3-3 FT), six rebounds, four assists and two steals across 18 minutes in France's 111-56 FIBA World Cup win over Nigeria on Monday."
2026-09-12,2026,129689,Golden State Valkyries,GSV,4257500,Cecilia Zandalasini,ceciliazandalasini,F,Out,2,True,False,False,Not Injury Related,non_injury,Not Specified,2026-09-06T21:28Z,2026-09-18,"Zandalasini finished with 14 points (5-14 FG, 1-7 3Pt, 3-5 FT) and seven rebounds over 26 minutes in Italy's 55-52 FIBA World Cup loss to USA on Sunday."
2026-09-12,2026,129689,Golden State Valkyries,GSV,4790263,Iliana Rupert,ilianarupert,C,Out for season,3,True,True,False,Not Injury Related,non_injury,,2026-05-07T15:18Z,,"Rupert is pregnant, and the Valkyries have filed for a replacement contract ahead of the 2026 season, Alexa Philippou of ESPN.com reports Thursday."
2026-09-12,2026,129689,Golden State Valkyries,GSV,4790264,Janelle Salaun,janellesalaun,F,Out,2,True,False,False,Not Injury Related,non_injury,,2026-08-28T02:33Z,2026-09-18,"Salaun registered seven points (3-10 FG, 1-3 3Pt) and seven rebounds in 24 minutes during Thursday's 79-60 win over New York."
2026-09-12,2026,131935,Toronto Tempo,TOR,2988756,Brittney Sykes,brittneysykes,G,Out for season,3,True,True,False,Foot,injury,Left,2026-08-23T21:07Z,,"Sykes (foot) will miss the remainder of the 2026 season, Chelsea Leite of TSN reports."
2026-09-12,2026,131935,Toronto Tempo,TOR,3904576,Marina Mabrey,marinamabrey,G,Out,2,True,False,False,Hip,injury,Right,2026-08-24T20:05Z,2026-09-18,Head coach Sandy Brondello announced Sunday that Mabrey (adductor) will be re-evaluated in a few weeks.
2026-09-12,2026,131935,Toronto Tempo,TOR,3910470,Maria Conde,mariaconde,F,Out,2,True,False,False,Not Injury Related,non_injury,,2026-08-27T16:13Z,2026-09-18,The Tempo temporarily suspended Conde's contract on Thursday.
2026-09-12,2026,131935,Toronto Tempo,TOR,4001679,Julie Allemand,julieallemand,G,Out,2,True,False,False,Head,injury,,2026-08-25T21:13Z,2026-09-18,The Tempo temporarily suspended the contract of Allemand (head) on Tuesday.
2026-09-12,2026,131935,Toronto Tempo,TOR,4684384,Aneesah Morrow,aneesahmorrow,F,Out for season,3,True,True,False,Knee,injury,,2026-08-23T21:12Z,,"Morrow (knee) will miss the rest of the 2026 season, Chelsea Leite of TSN reports."
2026-09-12,2026,132052,Portland Fire,PDX,4433795,Sania Feagin,saniafeagin,F,Out for season,3,True,True,False,Knee,injury,Left,2026-07-09T23:15Z,,"Feagin (knee) was diagnosed with a torn left ACL on Thursday and will miss the rest of the 2026 campaign, WNBA reporter Kareem Copeland reports."
2026-09-12,2026,132052,Portland Fire,PDX,4682797,Luisa Geiselsoder,luisageiselsoder,C,Out for season,3,True,True,False,Personal,non_injury,,2026-08-08T22:37Z,,"Geiselsoder (personal) won't return this season, according to Sean Highkin of RoseGardenReport.com."
2026-09-12,2026,132052,Portland Fire,PDX,4703794,Sarah Ashlee Barker,sarahashleebarker,G,Out for season,3,True,True,False,Knee,injury,Left,2026-07-24T15:18Z,,The Fire announced Friday that Barker will undergo surgery to repair a torn ACL and will miss the remainder of the 2026 campaign.
2026-09-12,2026,132052,Portland Fire,PDX,5105406,Frieda Buhner,friedabuhner,F,Out,2,True,False,False,Not Injury Related,non_injury,,2026-09-07T22:33Z,2026-09-17,"Buhner (not injury related) notched 21 points (7-13 FG, 4-6 3Pt, 3-3 FT), three rebounds and one assist across 20 minutes in Germany's 83-58 FIBA World Cup win over Mali on Monday."
2026-09-12,2026,132052,Portland Fire,PDX,5208982,Carla Leite,carlaleite,G,Out,2,True,False,False,Not Injury Related,non_injury,,2026-08-29T16:22Z,2026-09-17,The Fire temporarily suspended Leite's contract Saturday.
2026-09-13,2026,3,Dallas Wings,DAL,3913881,Alanna Smith,alannasmith,F,Out,2,True,False,False,Leg,injury,,2026-09-09T22:36Z,2026-09-17,out
2026-09-13,2026,3,Dallas Wings,DAL,4433790,Azzi Fudd,azzifudd,G,Out for season,3,True,True,False,Knee,injury,Right,2026-08-19T20:10Z,,Fudd will undergo an arthroscopic procedure to address her right knee soreness and will be sidelined for the remainder of the 2026 season.
2026-09-13,2026,3,Dallas Wings,DAL,5345473,Costanza Verona,costanzaverona,G,Out,2,True,False,False,Personal,non_injury,,2026-08-08T19:59Z,2026-09-17,Verona's contract was temporarily suspended by the Wings Saturday.
2026-09-13,2026,6,Los Angeles Sparks,LAS,4597509,Aaliyah Nye,aaliyahnye,G,Out,2,True,False,False,Not Injury Related,non_injury,,2026-08-29T23:43Z,2026-09-17,Nye (not with team) will miss Sunday's game in Seattle.
2026-09-13,2026,8,Minnesota Lynx,MIN,4398938,Dorka Juhasz,dorkajuhasz,F,Out,2,True,False,False,Not Injury Related,non_injury,,2026-09-08T22:33Z,2026-09-18,"Juhasz (not injury related) notched 10 points (4-11 FG, 1-4 3Pt, 1-4 FT), seven rebounds, three assists and one steal across 32 minutes in Hungary's 84-63 FIBA World Cup win over Japan on Tuesday."
2026-09-13,2026,8,Minnesota Lynx,MIN,4873358,Antonia Delaere,antoniadelaere,F,Out,2,True,False,False,Not Injury Related,non_injury,,2026-08-25T16:18Z,2026-09-18,The Lynx temporarily suspended Delaere's contract Tuesday.
2026-09-13,2026,8,Minnesota Lynx,MIN,5208984,Elena Buenavida,elenabuenavida,G,Out,2,True,False,False,Coach's Decision,non_injury,,2026-08-30T17:50Z,2026-09-18,Buenavida (coach's decision) has been ruled out for Sunday's game against the Dream.
2026-09-13,2026,9,New York Liberty,NYL,4281929,Satou Sabally,satousabally,F,Out for season,3,True,True,False,Concussion,injury,,2026-09-13T16:00Z,,out
2026-09-13,2026,11,Phoenix Mercury,PHX,2998938,Kahleah Copper,kahleahcopper,G,Out,2,True,False,False,Ankle,injury,Left,2026-08-30T01:41Z,2026-09-17,"Copper (ankle) is out for Saturday's game against Toronto, Jenna Ortiz of The Arizona Republic reports."
2026-09-13,2026,11,Phoenix Mercury,PHX,3065570,Kelsey Plum,kelseyplum,G,Out for season,3,True,True,False,Lower Leg,injury,Left,2026-08-31T14:46Z,,"Plum (leg) will miss the remainder of the 2026 WNBA season, Alexa Philippou of ESPN.com reports."
2026-09-13,2026,11,Phoenix Mercury,PHX,3906769,Jovana Nogic,jovananogic,G,Out for season,3,True,True,False,Not Injury Related,non_injury,,2026-06-28T00:25Z,,"Nogic (not injury related) intends to play professionally in Russia and won't return to Phoenix this season, Aya Abdeen of TheIXSports.com reports."
2026-09-13,2026,11,Phoenix Mercury,PHX,3919496,Valeriane Ayayi,valerianeayayi,F,Out,2,True,False,False,Not Injury Related,non_injury,,2026-08-28T16:30Z,2026-09-17,out
2026-09-13,2026,11,Phoenix Mercury,PHX,4873359,Kyara Linskens,kyaralinskens,C,Out,2,True,False,False,Not Injury Related,non_injury,,2026-08-26T21:12Z,2026-09-17,The Mercury temporarily suspended Linskens' contract Wednesday.
2026-09-13,2026,14,Seattle Storm,SEA,3906753,Natisha Hiedeman,natishahiedeman,G,Out,2,True,False,False,Shoulder,injury,Left,2026-08-30T00:09Z,2026-09-17,Hiedeman (shoulder) won't play Sunday against the Sparks.
2026-09-13,2026,14,Seattle Storm,SEA,3917453,Katie Lou Samuelson,katielousamuelson,F,Out for season,3,True,True,False,Knee,injury,Left,2026-09-11T18:10Z,,The Storm announced Friday that Samuelson underwent successful left knee surgery and will miss the remainder of the season.
2026-09-13,2026,14,Seattle Storm,SEA,4420318,Ezi Magbegor,ezimagbegor,F,Out for season,3,True,True,False,Lower Leg,injury,,2026-09-10T18:26Z,,out
2026-09-13,2026,14,Seattle Storm,SEA,5017726,Jade Melbourne,jademelbourne,G,Out,2,True,False,False,Illness,injury,,2026-09-11T23:46Z,2026-09-17,out
2026-09-13,2026,14,Seattle Storm,SEA,5345325,Awa Fam,awafam,C,Out,2,True,False,False,Not Injury Related,non_injury,,2026-09-07T22:45Z,2026-09-17,"Fam (not injury related) generated 16 points (7-18 FG, 1-4 3Pt, 1-2 FT), 10 rebounds, two assists and one steal across 27 minutes in Spain's 79-59 FIBA World Cup win over Japan on Monday."
2026-09-13,2026,17,Las Vegas Aces,LVA,4398776,NaLyssa Smith,nalyssasmith,F,Out for season,3,True,True,False,Leg,injury,Left,2026-08-27T19:29Z,,"The Aces announced Thursday that Smith will be sidelined for the rest of the season after suffering a non-contact left leg injury during Sunday's game versus the Tempo, per Chelsea Leite of TSN."
2026-09-13,2026,17,Las Vegas Aces,LVA,4609797,Ta'Niya Latson,taniyalatson,G,Out,2,True,False,False,Coach's Decision,non_injury,,2026-08-29T01:18Z,2026-09-17,Latson (coach's decision) has been ruled out for Friday's game against the Tempo.
2026-09-13,2026,18,Connecticut Sun,CON,2490553,Brittney Griner,brittneygriner,C,Out,2,True,False,False,Knee,injury,Left,2026-08-29T22:01Z,2026-09-17,Griner (knee) has been ruled out for Sunday's game against the Wings.
2026-09-13,2026,18,Connecticut Sun,CON,4398966,Olivia Nelson-Ododa,olivianelsonododa,C,Out,2,True,False,False,Knee,injury,Right,2026-08-30T19:11Z,2026-09-17,Nelson-Ododa (knee) has been ruled out for Sunday's game against Dallas.
2026-09-13,2026,18,Connecticut Sun,CON,4433792,Rayah Marshall,rayahmarshall,C,Out,2,True,False,False,Coach's Decision,non_injury,,2026-08-30T23:50Z,2026-09-17,Marshall (coach's decision) has been ruled out for Sunday's game against Dallas.
2026-09-13,2026,18,Connecticut Sun,CON,5208981,Leila Lacan,leilalacan,G,Out,2,True,False,False,Not Injury Related,non_injury,,2026-08-23T20:10Z,2026-09-17,The Sun announced Sunday that Lacan will join Team France for the FIBA World Cup and miss the Sun's next four games.
2026-09-13,2026,19,Chicago Sky,CHI,2491205,Skylar Diggins,skylardiggins,G,Out for season,3,True,True,False,Knee,injury,Right,2026-09-01T14:17Z,,"Diggins (knee) will miss the remainder of the 2026 WNBA season, Sara Jane Gamelli of BallisLife.com reports."
2026-09-13,2026,19,Chicago Sky,CHI,4066548,DiJonai Carrington,dijonaicarrington,G,Out,2,True,False,False,Foot,injury,Left,2026-08-28T21:35Z,2026-09-17,Carirngton (foot) is out for Saturday's game against the Liberty.
2026-09-13,2026,19,Chicago Sky,CHI,4433630,Rickea Jackson,rickeajackson,F,Out for season,3,True,True,False,Knee,injury,Left,2026-05-19T13:54Z,,The Sky announced Tuesday that Jackson will miss the remainder of the season after suffering a torn ACL in her left knee during Sunday's 86-79 win over the Lynx.
2026-09-13,2026,20,Atlanta Dream,ATL,3058895,Brionna Jones,brionnajones,F,Out,2,True,False,False,Leg,injury,Left,2026-08-28T22:15Z,2026-09-17,"General manager Dan Padover said Friday that Jones (leg) won't return to game action before the FIBA World Cup break, Meghan L. Hall of USA Today reports."
2026-09-13,2026,129689,Golden State Valkyries,GSV,3142328,Gabby Williams,gabbywilliams,F,Out,2,True,False,False,Not Injury Related,non_injury,Not Specified,2026-09-12T17:16Z,2026-09-18,"Williams finished with 22 points (8-12 FG, 2-5 3Pt, 4-5 FT), five rebounds, five assists and four steals across 31 minutes in France's 86-64 FIBA World Cup victory over Germany on Saturday."
2026-09-13,2026,129689,Golden State Valkyries,GSV,4790263,Iliana Rupert,ilianarupert,C,Out for season,3,True,True,False,Not Injury Related,non_injury,,2026-05-07T15:18Z,,"Rupert is pregnant, and the Valkyries have filed for a replacement contract ahead of the 2026 season, Alexa Philippou of ESPN.com reports Thursday."
2026-09-13,2026,129689,Golden State Valkyries,GSV,4790264,Janelle Salaun,janellesalaun,F,Out,2,True,False,False,Not Injury Related,non_injury,,2026-09-12T17:56Z,2026-09-18,"Salaun finished with 14 points (5-8 FG, 2-4 3Pt, 2-2 FT), 11 rebounds and one steal across 27 minutes in France's 86-64 FIBA World Cup victory over Germany on Saturday."
2026-09-13,2026,131935,Toronto Tempo,TOR,2988756,Brittney Sykes,brittneysykes,G,Out for season,3,True,True,False,Foot,injury,Left,2026-08-23T21:07Z,,"Sykes (foot) will miss the remainder of the 2026 season, Chelsea Leite of TSN reports."
2026-09-13,2026,131935,Toronto Tempo,TOR,3904576,Marina Mabrey,marinamabrey,G,Out,2,True,False,False,Hip,injury,Right,2026-08-24T20:05Z,2026-09-18,Head coach Sandy Brondello announced Sunday that Mabrey (adductor) will be re-evaluated in a few weeks.
2026-09-13,2026,131935,Toronto Tempo,TOR,3910470,Maria Conde,mariaconde,F,Out,2,True,False,False,Not Injury Related,non_injury,,2026-08-27T16:13Z,2026-09-18,The Tempo temporarily suspended Conde's contract on Thursday.
2026-09-13,2026,131935,Toronto Tempo,TOR,4001679,Julie Allemand,julieallemand,G,Out,2,True,False,False,Head,injury,,2026-08-25T21:13Z,2026-09-18,The Tempo temporarily suspended the contract of Allemand (head) on Tuesday.
2026-09-13,2026,131935,Toronto Tempo,TOR,4684384,Aneesah Morrow,aneesahmorrow,F,Out for season,3,True,True,False,Knee,injury,,2026-08-23T21:12Z,,"Morrow (knee) will miss the rest of the 2026 season, Chelsea Leite of TSN reports."
2026-09-13,2026,132052,Portland Fire,PDX,4433795,Sania Feagin,saniafeagin,F,Out for season,3,True,True,False,Knee,injury,Left,2026-07-09T23:15Z,,"Feagin (knee) was diagnosed with a torn left ACL on Thursday and will miss the rest of the 2026 campaign, WNBA reporter Kareem Copeland reports."
2026-09-13,2026,132052,Portland Fire,PDX,4682797,Luisa Geiselsoder,luisageiselsoder,C,Out for season,3,True,True,False,Personal,non_injury,,2026-08-08T22:37Z,,"Geiselsoder (personal) won't return this season, according to Sean Highkin of RoseGardenReport.com."
2026-09-13,2026,132052,Portland Fire,PDX,4703794,Sarah Ashlee Barker,sarahashleebarker,G,Out for season,3,True,True,False,Knee,injury,Left,2026-07-24T15:18Z,,The Fire announced Friday that Barker will undergo surgery to repair a torn ACL and will miss the remainder of the 2026 campaign.
2026-09-13,2026,132052,Portland Fire,PDX,5105406,Frieda Buhner,friedabuhner,F,Out,2,True,False,False,Not Injury Related,non_injury,,2026-09-07T22:33Z,2026-09-17,"Buhner (not injury related) notched 21 points (7-13 FG, 4-6 3Pt, 3-3 FT), three rebounds and one assist across 20 minutes in Germany's 83-58 FIBA World Cup win over Mali on Monday."
2026-09-13,2026,132052,Portland Fire,PDX,5208982,Carla Leite,carlaleite,G,Out,2,True,False,False,Not Injury Related,non_injury,,2026-08-29T16:22Z,2026-09-17,The Fire temporarily suspended Leite's contract Saturday.
2026-09-14,2026,3,Dallas Wings,DAL,3913881,Alanna Smith,alannasmith,F,Out,2,True,False,False,Leg,injury,,2026-09-09T22:36Z,2026-09-17,out
2026-09-14,2026,3,Dallas Wings,DAL,4433790,Azzi Fudd,azzifudd,G,Out for season,3,True,True,False,Knee,injury,Right,2026-08-19T20:10Z,,Fudd will undergo an arthroscopic procedure to address her right knee soreness and will be sidelined for the remainder of the 2026 season.
2026-09-14,2026,3,Dallas Wings,DAL,5345473,Costanza Verona,costanzaverona,G,Out,2,True,False,False,Personal,non_injury,,2026-08-08T19:59Z,2026-09-17,Verona's contract was temporarily suspended by the Wings Saturday.
2026-09-14,2026,6,Los Angeles Sparks,LAS,4597509,Aaliyah Nye,aaliyahnye,G,Out,2,True,False,False,Not Injury Related,non_injury,,2026-08-29T23:43Z,2026-09-17,Nye (not with team) will miss Sunday's game in Seattle.
2026-09-14,2026,8,Minnesota Lynx,MIN,4398938,Dorka Juhasz,dorkajuhasz,F,Out,2,True,False,False,Not Injury Related,non_injury,,2026-09-08T22:33Z,2026-09-18,"Juhasz (not injury related) notched 10 points (4-11 FG, 1-4 3Pt, 1-4 FT), seven rebounds, three assists and one steal across 32 minutes in Hungary's 84-63 FIBA World Cup win over Japan on Tuesday."
2026-09-14,2026,8,Minnesota Lynx,MIN,4873358,Antonia Delaere,antoniadelaere,F,Out,2,True,False,False,Not Injury Related,non_injury,,2026-08-25T16:18Z,2026-09-18,The Lynx temporarily suspended Delaere's contract Tuesday.
2026-09-14,2026,8,Minnesota Lynx,MIN,5208984,Elena Buenavida,elenabuenavida,G,Out,2,True,False,False,Coach's Decision,non_injury,,2026-08-30T17:50Z,2026-09-18,Buenavida (coach's decision) has been ruled out for Sunday's game against the Dream.
2026-09-14,2026,9,New York Liberty,NYL,4281929,Satou Sabally,satousabally,F,Out for season,3,True,True,False,Concussion,injury,,2026-09-14T18:01Z,,out
2026-09-14,2026,11,Phoenix Mercury,PHX,2998938,Kahleah Copper,kahleahcopper,G,Out,2,True,False,False,Ankle,injury,Left,2026-08-30T01:41Z,2026-09-17,"Copper (ankle) is out for Saturday's game against Toronto, Jenna Ortiz of The Arizona Republic reports."
2026-09-14,2026,11,Phoenix Mercury,PHX,3065570,Kelsey Plum,kelseyplum,G,Out for season,3,True,True,False,Lower Leg,injury,Left,2026-08-31T14:46Z,,"Plum (leg) will miss the remainder of the 2026 WNBA season, Alexa Philippou of ESPN.com reports."
2026-09-14,2026,11,Phoenix Mercury,PHX,3906769,Jovana Nogic,jovananogic,G,Out for season,3,True,True,False,Not Injury Related,non_injury,,2026-06-28T00:25Z,,"Nogic (not injury related) intends to play professionally in Russia and won't return to Phoenix this season, Aya Abdeen of TheIXSports.com reports."
2026-09-14,2026,11,Phoenix Mercury,PHX,3919496,Valeriane Ayayi,valerianeayayi,F,Out,2,True,False,False,Not Injury Related,non_injury,,2026-08-28T16:30Z,2026-09-17,out
2026-09-14,2026,11,Phoenix Mercury,PHX,4873359,Kyara Linskens,kyaralinskens,C,Out,2,True,False,False,Not Injury Related,non_injury,,2026-08-26T21:12Z,2026-09-17,The Mercury temporarily suspended Linskens' contract Wednesday.
2026-09-14,2026,14,Seattle Storm,SEA,3906753,Natisha Hiedeman,natishahiedeman,G,Out,2,True,False,False,Shoulder,injury,Left,2026-08-30T00:09Z,2026-09-17,Hiedeman (shoulder) won't play Sunday against the Sparks.
2026-09-14,2026,14,Seattle Storm,SEA,3917453,Katie Lou Samuelson,katielousamuelson,F,Out for season,3,True,True,False,Knee,injury,Left,2026-09-11T18:10Z,,The Storm announced Friday that Samuelson underwent successful left knee surgery and will miss the remainder of the season.
2026-09-14,2026,14,Seattle Storm,SEA,4420318,Ezi Magbegor,ezimagbegor,F,Out for season,3,True,True,False,Lower Leg,injury,,2026-09-10T18:26Z,,out
2026-09-14,2026,14,Seattle Storm,SEA,5017726,Jade Melbourne,jademelbourne,G,Out,2,True,False,False,Illness,injury,,2026-09-11T23:46Z,2026-09-17,out
2026-09-14,2026,14,Seattle Storm,SEA,5345325,Awa Fam,awafam,C,Out,2,True,False,False,Not Injury Related,non_injury,,2026-09-13T18:48Z,2026-09-17,"Fam ended with 10 points (5-6 FG, 0-1 3Pt), nine rebounds and three assists across 26 minutes in Spain's 81-58 FIBA World Cup win over Germany on Sunday."
2026-09-14,2026,17,Las Vegas Aces,LVA,4398776,NaLyssa Smith,nalyssasmith,F,Out for season,3,True,True,False,Leg,injury,Left,2026-08-27T19:29Z,,"The Aces announced Thursday that Smith will be sidelined for the rest of the season after suffering a non-contact left leg injury during Sunday's game versus the Tempo, per Chelsea Leite of TSN."
2026-09-14,2026,17,Las Vegas Aces,LVA,4609797,Ta'Niya Latson,taniyalatson,G,Out,2,True,False,False,Coach's Decision,non_injury,,2026-08-29T01:18Z,2026-09-17,Latson (coach's decision) has been ruled out for Friday's game against the Tempo.
2026-09-14,2026,18,Connecticut Sun,CON,2490553,Brittney Griner,brittneygriner,C,Out,2,True,False,False,Knee,injury,Left,2026-08-29T22:01Z,2026-09-17,Griner (knee) has been ruled out for Sunday's game against the Wings.
2026-09-14,2026,18,Connecticut Sun,CON,4398966,Olivia Nelson-Ododa,olivianelsonododa,C,Out,2,True,False,False,Knee,injury,Right,2026-08-30T19:11Z,2026-09-17,Nelson-Ododa (knee) has been ruled out for Sunday's game against Dallas.
2026-09-14,2026,18,Connecticut Sun,CON,4433792,Rayah Marshall,rayahmarshall,C,Out,2,True,False,False,Coach's Decision,non_injury,,2026-08-30T23:50Z,2026-09-17,Marshall (coach's decision) has been ruled out for Sunday's game against Dallas.
2026-09-14,2026,18,Connecticut Sun,CON,5208981,Leila Lacan,leilalacan,G,Out,2,True,False,False,Not Injury Related,non_injury,,2026-08-23T20:10Z,2026-09-17,The Sun announced Sunday that Lacan will join Team France for the FIBA World Cup and miss the Sun's next four games.
2026-09-14,2026,19,Chicago Sky,CHI,2491205,Skylar Diggins,skylardiggins,G,Out for season,3,True,True,False,Knee,injury,Right,2026-09-01T14:17Z,,"Diggins (knee) will miss the remainder of the 2026 WNBA season, Sara Jane Gamelli of BallisLife.com reports."
2026-09-14,2026,19,Chicago Sky,CHI,4066548,DiJonai Carrington,dijonaicarrington,G,Out,2,True,False,False,Foot,injury,Left,2026-08-28T21:35Z,2026-09-17,Carirngton (foot) is out for Saturday's game against the Liberty.
2026-09-14,2026,19,Chicago Sky,CHI,4433630,Rickea Jackson,rickeajackson,F,Out for season,3,True,True,False,Knee,injury,Left,2026-05-19T13:54Z,,The Sky announced Tuesday that Jackson will miss the remainder of the season after suffering a torn ACL in her left knee during Sunday's 86-79 win over the Lynx.
2026-09-14,2026,20,Atlanta Dream,ATL,3058895,Brionna Jones,brionnajones,F,Out,2,True,False,False,Leg,injury,Left,2026-08-28T22:15Z,2026-09-17,"General manager Dan Padover said Friday that Jones (leg) won't return to game action before the FIBA World Cup break, Meghan L. Hall of USA Today reports."
2026-09-14,2026,129689,Golden State Valkyries,GSV,3142328,Gabby Williams,gabbywilliams,F,Out,2,True,False,False,Not Injury Related,non_injury,Not Specified,2026-09-12T17:16Z,2026-09-18,"Williams finished with 22 points (8-12 FG, 2-5 3Pt, 4-5 FT), five rebounds, five assists and four steals across 31 minutes in France's 86-64 FIBA World Cup victory over Germany on Saturday."
2026-09-14,2026,129689,Golden State Valkyries,GSV,4790263,Iliana Rupert,ilianarupert,C,Out for season,3,True,True,False,Not Injury Related,non_injury,,2026-05-07T15:18Z,,"Rupert is pregnant, and the Valkyries have filed for a replacement contract ahead of the 2026 season, Alexa Philippou of ESPN.com reports Thursday."
2026-09-14,2026,129689,Golden State Valkyries,GSV,4790264,Janelle Salaun,janellesalaun,F,Out,2,True,False,False,Not Injury Related,non_injury,,2026-09-12T17:56Z,2026-09-18,"Salaun finished with 14 points (5-8 FG, 2-4 3Pt, 2-2 FT), 11 rebounds and one steal across 27 minutes in France's 86-64 FIBA World Cup victory over Germany on Saturday."
2026-09-14,2026,131935,Toronto Tempo,TOR,2988756,Brittney Sykes,brittneysykes,G,Out for season,3,True,True,False,Foot,injury,Left,2026-08-23T21:07Z,,"Sykes (foot) will miss the remainder of the 2026 season, Chelsea Leite of TSN reports."
2026-09-14,2026,131935,Toronto Tempo,TOR,3904576,Marina Mabrey,marinamabrey,G,Out,2,True,False,False,Hip,injury,Right,2026-08-24T20:05Z,2026-09-18,Head coach Sandy Brondello announced Sunday that Mabrey (adductor) will be re-evaluated in a few weeks.
2026-09-14,2026,131935,Toronto Tempo,TOR,3910470,Maria Conde,mariaconde,F,Out,2,True,False,False,Not Injury Related,non_injury,,2026-08-27T16:13Z,2026-09-18,The Tempo temporarily suspended Conde's contract on Thursday.
2026-09-14,2026,131935,Toronto Tempo,TOR,4001679,Julie Allemand,julieallemand,G,Out,2,True,False,False,Head,injury,,2026-08-25T21:13Z,2026-09-18,The Tempo temporarily suspended the contract of Allemand (head) on Tuesday.
2026-09-14,2026,131935,Toronto Tempo,TOR,4684384,Aneesah Morrow,aneesahmorrow,F,Out for season,3,True,True,False,Knee,injury,,2026-08-23T21:12Z,,"Morrow (knee) will miss the rest of the 2026 season, Chelsea Leite of TSN reports."
2026-09-14,2026,132052,Portland Fire,PDX,4433795,Sania Feagin,saniafeagin,F,Out for season,3,True,True,False,Knee,injury,Left,2026-07-09T23:15Z,,"Feagin (knee) was diagnosed with a torn left ACL on Thursday and will miss the rest of the 2026 campaign, WNBA reporter Kareem Copeland reports."
2026-09-14,2026,132052,Portland Fire,PDX,4682797,Luisa Geiselsoder,luisageiselsoder,C,Out for season,3,True,True,False,Personal,non_injury,,2026-08-08T22:37Z,,"Geiselsoder (personal) won't return this season, according to Sean Highkin of RoseGardenReport.com."
2026-09-14,2026,132052,Portland Fire,PDX,4703794,Sarah Ashlee Barker,sarahashleebarker,G,Out for season,3,True,True,False,Knee,injury,Left,2026-07-24T15:18Z,,The Fire announced Friday that Barker will undergo surgery to repair a torn ACL and will miss the remainder of the 2026 campaign.
2026-09-14,2026,132052,Portland Fire,PDX,5105406,Frieda Buhner,friedabuhner,F,Out,2,True,False,False,Not Injury Related,non_injury,,2026-09-07T22:33Z,2026-09-17,"Buhner (not injury related) notched 21 points (7-13 FG, 4-6 3Pt, 3-3 FT), three rebounds and one assist across 20 minutes in Germany's 83-58 FIBA World Cup win over Mali on Monday."
2026-09-14,2026,132052,Portland Fire,PDX,5208982,Carla Leite,carlaleite,G,Out,2,True,False,False,Not Injury Related,non_injury,,2026-08-29T16:22Z,2026-09-17,The Fire temporarily suspended Leite's contract Saturday.
2026-09-15,2026,3,Dallas Wings,DAL,3913881,Alanna Smith,alannasmith,F,Out,2,True,False,False,Leg,injury,,2026-09-09T22:36Z,2026-09-17,out
2026-09-15,2026,3,Dallas Wings,DAL,4433790,Azzi Fudd,azzifudd,G,Out for season,3,True,True,False,Knee,injury,Right,2026-08-19T20:10Z,,Fudd will undergo an arthroscopic procedure to address her right knee soreness and will be sidelined for the remainder of the 2026 season.
2026-09-15,2026,3,Dallas Wings,DAL,5345473,Costanza Verona,costanzaverona,G,Out,2,True,False,False,Personal,non_injury,,2026-08-08T19:59Z,2026-09-17,Verona's contract was temporarily suspended by the Wings Saturday.
2026-09-15,2026,6,Los Angeles Sparks,LAS,4597509,Aaliyah Nye,aaliyahnye,G,Out,2,True,False,False,Not Injury Related,non_injury,,2026-08-29T23:43Z,2026-09-17,Nye (not with team) will miss Sunday's game in Seattle.
2026-09-15,2026,8,Minnesota Lynx,MIN,4398938,Dorka Juhasz,dorkajuhasz,F,Out,2,True,False,False,Not Injury Related,non_injury,,2026-09-08T22:33Z,2026-09-18,"Juhasz (not injury related) notched 10 points (4-11 FG, 1-4 3Pt, 1-4 FT), seven rebounds, three assists and one steal across 32 minutes in Hungary's 84-63 FIBA World Cup win over Japan on Tuesday."
2026-09-15,2026,8,Minnesota Lynx,MIN,4873358,Antonia Delaere,antoniadelaere,F,Out,2,True,False,False,Not Injury Related,non_injury,,2026-08-25T16:18Z,2026-09-18,The Lynx temporarily suspended Delaere's contract Tuesday.
2026-09-15,2026,8,Minnesota Lynx,MIN,5208984,Elena Buenavida,elenabuenavida,G,Out,2,True,False,False,Coach's Decision,non_injury,,2026-08-30T17:50Z,2026-09-18,Buenavida (coach's decision) has been ruled out for Sunday's game against the Dream.
2026-09-15,2026,9,New York Liberty,NYL,4281929,Satou Sabally,satousabally,F,Out for season,3,True,True,False,Concussion,injury,,2026-09-15T17:01Z,,out
2026-09-15,2026,11,Phoenix Mercury,PHX,2998938,Kahleah Copper,kahleahcopper,G,Out,2,True,False,False,Ankle,injury,Left,2026-08-30T01:41Z,2026-09-17,"Copper (ankle) is out for Saturday's game against Toronto, Jenna Ortiz of The Arizona Republic reports."
2026-09-15,2026,11,Phoenix Mercury,PHX,3065570,Kelsey Plum,kelseyplum,G,Out for season,3,True,True,False,Lower Leg,injury,Left,2026-08-31T14:46Z,,"Plum (leg) will miss the remainder of the 2026 WNBA season, Alexa Philippou of ESPN.com reports."
2026-09-15,2026,11,Phoenix Mercury,PHX,3906769,Jovana Nogic,jovananogic,G,Out for season,3,True,True,False,Not Injury Related,non_injury,,2026-06-28T00:25Z,,"Nogic (not injury related) intends to play professionally in Russia and won't return to Phoenix this season, Aya Abdeen of TheIXSports.com reports."
2026-09-15,2026,11,Phoenix Mercury,PHX,3919496,Valeriane Ayayi,valerianeayayi,F,Out,2,True,False,False,Not Injury Related,non_injury,,2026-08-28T16:30Z,2026-09-17,out
2026-09-15,2026,11,Phoenix Mercury,PHX,4873359,Kyara Linskens,kyaralinskens,C,Out,2,True,False,False,Not Injury Related,non_injury,,2026-08-26T21:12Z,2026-09-17,The Mercury temporarily suspended Linskens' contract Wednesday.
2026-09-15,2026,14,Seattle Storm,SEA,3906753,Natisha Hiedeman,natishahiedeman,G,Out,2,True,False,False,Shoulder,injury,Left,2026-08-30T00:09Z,2026-09-17,Hiedeman (shoulder) won't play Sunday against the Sparks.
2026-09-15,2026,14,Seattle Storm,SEA,3917453,Katie Lou Samuelson,katielousamuelson,F,Out for season,3,True,True,False,Knee,injury,Left,2026-09-11T18:10Z,,The Storm announced Friday that Samuelson underwent successful left knee surgery and will miss the remainder of the season.
2026-09-15,2026,14,Seattle Storm,SEA,4420318,Ezi Magbegor,ezimagbegor,F,Out for season,3,True,True,False,Lower Leg,injury,,2026-09-10T18:26Z,,out
2026-09-15,2026,14,Seattle Storm,SEA,5017726,Jade Melbourne,jademelbourne,G,Out,2,True,False,False,Illness,injury,,2026-09-11T23:46Z,2026-09-17,out
2026-09-15,2026,14,Seattle Storm,SEA,5345325,Awa Fam,awafam,C,Out,2,True,False,False,Not Injury Related,non_injury,,2026-09-13T18:48Z,2026-09-17,"Fam ended with 10 points (5-6 FG, 0-1 3Pt), nine rebounds and three assists across 26 minutes in Spain's 81-58 FIBA World Cup win over Germany on Sunday."
2026-09-15,2026,17,Las Vegas Aces,LVA,4398776,NaLyssa Smith,nalyssasmith,F,Out for season,3,True,True,False,Leg,injury,Left,2026-08-27T19:29Z,,"The Aces announced Thursday that Smith will be sidelined for the rest of the season after suffering a non-contact left leg injury during Sunday's game versus the Tempo, per Chelsea Leite of TSN."
2026-09-15,2026,17,Las Vegas Aces,LVA,4609797,Ta'Niya Latson,taniyalatson,G,Out,2,True,False,False,Coach's Decision,non_injury,,2026-08-29T01:18Z,2026-09-17,Latson (coach's decision) has been ruled out for Friday's game against the Tempo.
2026-09-15,2026,18,Connecticut Sun,CON,2490553,Brittney Griner,brittneygriner,C,Out,2,True,False,False,Knee,injury,Left,2026-08-29T22:01Z,2026-09-17,Griner (knee) has been ruled out for Sunday's game against the Wings.
2026-09-15,2026,18,Connecticut Sun,CON,3922628,Kennedy Burke,kennedyburke,G,Out for season,3,True,True,False,Shoulder,injury,,2026-09-14T19:53Z,,The Sun announced Monday that Burke suffered a sprained AC joint in the FIBA World Cup and will miss the rest of the season.
2026-09-15,2026,18,Connecticut Sun,CON,4398966,Olivia Nelson-Ododa,olivianelsonododa,C,Out,2,True,False,False,Knee,injury,Right,2026-08-30T19:11Z,2026-09-17,Nelson-Ododa (knee) has been ruled out for Sunday's game against Dallas.
2026-09-15,2026,18,Connecticut Sun,CON,4433792,Rayah Marshall,rayahmarshall,C,Out,2,True,False,False,Coach's Decision,non_injury,,2026-08-30T23:50Z,2026-09-17,Marshall (coach's decision) has been ruled out for Sunday's game against Dallas.
2026-09-15,2026,18,Connecticut Sun,CON,5208981,Leila Lacan,leilalacan,G,Out,2,True,False,False,Not Injury Related,non_injury,,2026-08-23T20:10Z,2026-09-17,The Sun announced Sunday that Lacan will join Team France for the FIBA World Cup and miss the Sun's next four games.
2026-09-15,2026,19,Chicago Sky,CHI,2491205,Skylar Diggins,skylardiggins,G,Out for season,3,True,True,False,Knee,injury,Right,2026-09-01T14:17Z,,"Diggins (knee) will miss the remainder of the 2026 WNBA season, Sara Jane Gamelli of BallisLife.com reports."
2026-09-15,2026,19,Chicago Sky,CHI,4066548,DiJonai Carrington,dijonaicarrington,G,Out,2,True,False,False,Foot,injury,Left,2026-08-28T21:35Z,2026-09-17,Carirngton (foot) is out for Saturday's game against the Liberty.
2026-09-15,2026,19,Chicago Sky,CHI,4433630,Rickea Jackson,rickeajackson,F,Out for season,3,True,True,False,Knee,injury,Left,2026-05-19T13:54Z,,The Sky announced Tuesday that Jackson will miss the remainder of the season after suffering a torn ACL in her left knee during Sunday's 86-79 win over the Lynx.
2026-09-15,2026,20,Atlanta Dream,ATL,3058895,Brionna Jones,brionnajones,F,Out,2,True,False,False,Leg,injury,Left,2026-08-28T22:15Z,2026-09-17,"General manager Dan Padover said Friday that Jones (leg) won't return to game action before the FIBA World Cup break, Meghan L. Hall of USA Today reports."
2026-09-15,2026,129689,Golden State Valkyries,GSV,3142328,Gabby Williams,gabbywilliams,F,Out,2,True,False,False,Not Injury Related,non_injury,Not Specified,2026-09-12T17:16Z,2026-09-18,"Williams finished with 22 points (8-12 FG, 2-5 3Pt, 4-5 FT), five rebounds, five assists and four steals across 31 minutes in France's 86-64 FIBA World Cup victory over Germany on Saturday."
2026-09-15,2026,129689,Golden State Valkyries,GSV,4790263,Iliana Rupert,ilianarupert,C,Out for season,3,True,True,False,Not Injury Related,non_injury,,2026-05-07T15:18Z,,"Rupert is pregnant, and the Valkyries have filed for a replacement contract ahead of the 2026 season, Alexa Philippou of ESPN.com reports Thursday."
2026-09-15,2026,129689,Golden State Valkyries,GSV,4790264,Janelle Salaun,janellesalaun,F,Out,2,True,False,False,Not Injury Related,non_injury,,2026-09-12T17:56Z,2026-09-18,"Salaun finished with 14 points (5-8 FG, 2-4 3Pt, 2-2 FT), 11 rebounds and one steal across 27 minutes in France's 86-64 FIBA World Cup victory over Germany on Saturday."
2026-09-15,2026,131935,Toronto Tempo,TOR,2988756,Brittney Sykes,brittneysykes,G,Out for season,3,True,True,False,Foot,injury,Left,2026-08-23T21:07Z,,"Sykes (foot) will miss the remainder of the 2026 season, Chelsea Leite of TSN reports."
2026-09-15,2026,131935,Toronto Tempo,TOR,3904576,Marina Mabrey,marinamabrey,G,Out,2,True,False,False,Hip,injury,Right,2026-08-24T20:05Z,2026-09-18,Head coach Sandy Brondello announced Sunday that Mabrey (adductor) will be re-evaluated in a few weeks.
2026-09-15,2026,131935,Toronto Tempo,TOR,3910470,Maria Conde,mariaconde,F,Out,2,True,False,False,Not Injury Related,non_injury,,2026-08-27T16:13Z,2026-09-18,The Tempo temporarily suspended Conde's contract on Thursday.
2026-09-15,2026,131935,Toronto Tempo,TOR,4001679,Julie Allemand,julieallemand,G,Out,2,True,False,False,Head,injury,,2026-08-25T21:13Z,2026-09-18,The Tempo temporarily suspended the contract of Allemand (head) on Tuesday.
2026-09-15,2026,131935,Toronto Tempo,TOR,4684384,Aneesah Morrow,aneesahmorrow,F,Out for season,3,True,True,False,Knee,injury,,2026-08-23T21:12Z,,"Morrow (knee) will miss the rest of the 2026 season, Chelsea Leite of TSN reports."
2026-09-15,2026,132052,Portland Fire,PDX,4433795,Sania Feagin,saniafeagin,F,Out for season,3,True,True,False,Knee,injury,Left,2026-07-09T23:15Z,,"Feagin (knee) was diagnosed with a torn left ACL on Thursday and will miss the rest of the 2026 campaign, WNBA reporter Kareem Copeland reports."
2026-09-15,2026,132052,Portland Fire,PDX,4682797,Luisa Geiselsoder,luisageiselsoder,C,Out for season,3,True,True,False,Personal,non_injury,,2026-08-08T22:37Z,,"Geiselsoder (personal) won't return this season, according to Sean Highkin of RoseGardenReport.com."
2026-09-15,2026,132052,Portland Fire,PDX,4703794,Sarah Ashlee Barker,sarahashleebarker,G,Out for season,3,True,True,False,Knee,injury,Left,2026-07-24T15:18Z,,The Fire announced Friday that Barker will undergo surgery to repair a torn ACL and will miss the remainder of the 2026 campaign.
2026-09-15,2026,132052,Portland Fire,PDX,5105406,Frieda Buhner,friedabuhner,F,Out,2,True,False,False,Not Injury Related,non_injury,,2026-09-07T22:33Z,2026-09-17,"Buhner (not injury related) notched 21 points (7-13 FG, 4-6 3Pt, 3-3 FT), three rebounds and one assist across 20 minutes in Germany's 83-58 FIBA World Cup win over Mali on Monday."
2026-09-15,2026,132052,Portland Fire,PDX,5208982,Carla Leite,carlaleite,G,Out,2,True,False,False,Not Injury Related,non_injury,,2026-08-29T16:22Z,2026-09-17,The Fire temporarily suspended Leite's contract Saturday.
2026-09-16,2026,3,Dallas Wings,DAL,3913881,Alanna Smith,alannasmith,F,Out,2,True,False,False,Leg,injury,,2026-09-09T22:36Z,2026-09-17,out
2026-09-16,2026,3,Dallas Wings,DAL,4433790,Azzi Fudd,azzifudd,G,Out for season,3,True,True,False,Knee,injury,Right,2026-08-19T20:10Z,,Fudd will undergo an arthroscopic procedure to address her right knee soreness and will be sidelined for the remainder of the 2026 season.
2026-09-16,2026,3,Dallas Wings,DAL,5345473,Costanza Verona,costanzaverona,G,Out,2,True,False,False,Personal,non_injury,,2026-08-08T19:59Z,2026-09-17,Verona's contract was temporarily suspended by the Wings Saturday.
2026-09-16,2026,6,Los Angeles Sparks,LAS,4597509,Aaliyah Nye,aaliyahnye,G,Out,2,True,False,False,Not Injury Related,non_injury,,2026-08-29T23:43Z,2026-09-17,Nye (not with team) will miss Sunday's game in Seattle.
2026-09-16,2026,8,Minnesota Lynx,MIN,4398938,Dorka Juhasz,dorkajuhasz,F,Out,2,True,False,False,Not Injury Related,non_injury,,2026-09-08T22:33Z,2026-09-18,"Juhasz (not injury related) notched 10 points (4-11 FG, 1-4 3Pt, 1-4 FT), seven rebounds, three assists and one steal across 32 minutes in Hungary's 84-63 FIBA World Cup win over Japan on Tuesday."
2026-09-16,2026,8,Minnesota Lynx,MIN,4873358,Antonia Delaere,antoniadelaere,F,Out,2,True,False,False,Not Injury Related,non_injury,,2026-08-25T16:18Z,2026-09-18,The Lynx temporarily suspended Delaere's contract Tuesday.
2026-09-16,2026,8,Minnesota Lynx,MIN,5208984,Elena Buenavida,elenabuenavida,G,Out,2,True,False,False,Coach's Decision,non_injury,,2026-08-30T17:50Z,2026-09-18,Buenavida (coach's decision) has been ruled out for Sunday's game against the Dream.
2026-09-16,2026,9,New York Liberty,NYL,4281929,Satou Sabally,satousabally,F,Out for season,3,True,True,False,Concussion,injury,,2026-09-16T17:01Z,,out
2026-09-16,2026,11,Phoenix Mercury,PHX,2998938,Kahleah Copper,kahleahcopper,G,Out,2,True,False,False,Ankle,injury,Left,2026-08-30T01:41Z,2026-09-17,"Copper (ankle) is out for Saturday's game against Toronto, Jenna Ortiz of The Arizona Republic reports."
2026-09-16,2026,11,Phoenix Mercury,PHX,3065570,Kelsey Plum,kelseyplum,G,Out for season,3,True,True,False,Lower Leg,injury,Left,2026-08-31T14:46Z,,"Plum (leg) will miss the remainder of the 2026 WNBA season, Alexa Philippou of ESPN.com reports."
2026-09-16,2026,11,Phoenix Mercury,PHX,3906769,Jovana Nogic,jovananogic,G,Out for season,3,True,True,False,Not Injury Related,non_injury,,2026-06-28T00:25Z,,"Nogic (not injury related) intends to play professionally in Russia and won't return to Phoenix this season, Aya Abdeen of TheIXSports.com reports."
2026-09-16,2026,14,Seattle Storm,SEA,3906753,Natisha Hiedeman,natishahiedeman,G,Out,2,True,False,False,Shoulder,injury,Left,2026-08-30T00:09Z,2026-09-17,Hiedeman (shoulder) won't play Sunday against the Sparks.
2026-09-16,2026,14,Seattle Storm,SEA,3917453,Katie Lou Samuelson,katielousamuelson,F,Out for season,3,True,True,False,Knee,injury,Left,2026-09-11T18:10Z,,The Storm announced Friday that Samuelson underwent successful left knee surgery and will miss the remainder of the season.
2026-09-16,2026,14,Seattle Storm,SEA,4420318,Ezi Magbegor,ezimagbegor,F,Out for season,3,True,True,False,Lower Leg,injury,,2026-09-10T18:26Z,,out
2026-09-16,2026,14,Seattle Storm,SEA,5017726,Jade Melbourne,jademelbourne,G,Out,2,True,False,False,Illness,injury,,2026-09-11T23:46Z,2026-09-17,out
2026-09-16,2026,14,Seattle Storm,SEA,5345325,Awa Fam,awafam,C,Out,2,True,False,False,Not Injury Related,non_injury,,2026-09-13T18:48Z,2026-09-17,"Fam ended with 10 points (5-6 FG, 0-1 3Pt), nine rebounds and three assists across 26 minutes in Spain's 81-58 FIBA World Cup win over Germany on Sunday."
2026-09-16,2026,17,Las Vegas Aces,LVA,4398776,NaLyssa Smith,nalyssasmith,F,Out for season,3,True,True,False,Leg,injury,Left,2026-08-27T19:29Z,,"The Aces announced Thursday that Smith will be sidelined for the rest of the season after suffering a non-contact left leg injury during Sunday's game versus the Tempo, per Chelsea Leite of TSN."
2026-09-16,2026,17,Las Vegas Aces,LVA,4609797,Ta'Niya Latson,taniyalatson,G,Out,2,True,False,False,Coach's Decision,non_injury,,2026-08-29T01:18Z,2026-09-17,Latson (coach's decision) has been ruled out for Friday's game against the Tempo.
2026-09-16,2026,18,Connecticut Sun,CON,2490553,Brittney Griner,brittneygriner,C,Out,2,True,False,False,Knee,injury,Left,2026-08-29T22:01Z,2026-09-17,Griner (knee) has been ruled out for Sunday's game against the Wings.
2026-09-16,2026,18,Connecticut Sun,CON,3922628,Kennedy Burke,kennedyburke,G,Out for season,3,True,True,False,Shoulder,injury,,2026-09-14T19:53Z,,The Sun announced Monday that Burke suffered a sprained AC joint in the FIBA World Cup and will miss the rest of the season.
2026-09-16,2026,18,Connecticut Sun,CON,4398966,Olivia Nelson-Ododa,olivianelsonododa,C,Out,2,True,False,False,Knee,injury,Right,2026-08-30T19:11Z,2026-09-17,Nelson-Ododa (knee) has been ruled out for Sunday's game against Dallas.
2026-09-16,2026,18,Connecticut Sun,CON,4433792,Rayah Marshall,rayahmarshall,C,Out,2,True,False,False,Coach's Decision,non_injury,,2026-08-30T23:50Z,2026-09-17,Marshall (coach's decision) has been ruled out for Sunday's game against Dallas.
2026-09-16,2026,19,Chicago Sky,CHI,2491205,Skylar Diggins,skylardiggins,G,Out for season,3,True,True,False,Knee,injury,Right,2026-09-01T14:17Z,,"Diggins (knee) will miss the remainder of the 2026 WNBA season, Sara Jane Gamelli of BallisLife.com reports."
2026-09-16,2026,19,Chicago Sky,CHI,4066548,DiJonai Carrington,dijonaicarrington,G,Out,2,True,False,False,Foot,injury,Left,2026-08-28T21:35Z,2026-09-17,Carirngton (foot) is out for Saturday's game against the Liberty.
2026-09-16,2026,19,Chicago Sky,CHI,4433630,Rickea Jackson,rickeajackson,F,Out for season,3,True,True,False,Knee,injury,Left,2026-05-19T13:54Z,,The Sky announced Tuesday that Jackson will miss the remainder of the season after suffering a torn ACL in her left knee during Sunday's 86-79 win over the Lynx.
2026-09-16,2026,20,Atlanta Dream,ATL,3058895,Brionna Jones,brionnajones,F,Out,2,True,False,False,Leg,injury,Left,2026-08-28T22:15Z,2026-09-17,"General manager Dan Padover said Friday that Jones (leg) won't return to game action before the FIBA World Cup break, Meghan L. Hall of USA Today reports."
2026-09-16,2026,129689,Golden State Valkyries,GSV,3142328,Gabby Williams,gabbywilliams,F,Out,2,True,False,False,Not Injury Related,non_injury,Not Specified,2026-09-12T17:16Z,2026-09-18,"Williams finished with 22 points (8-12 FG, 2-5 3Pt, 4-5 FT), five rebounds, five assists and four steals across 31 minutes in France's 86-64 FIBA World Cup victory over Germany on Saturday."
2026-09-16,2026,129689,Golden State Valkyries,GSV,4790263,Iliana Rupert,ilianarupert,C,Out for season,3,True,True,False,Not Injury Related,non_injury,,2026-05-07T15:18Z,,"Rupert is pregnant, and the Valkyries have filed for a replacement contract ahead of the 2026 season, Alexa Philippou of ESPN.com reports Thursday."
2026-09-16,2026,129689,Golden State Valkyries,GSV,4790264,Janelle Salaun,janellesalaun,F,Out,2,True,False,False,Not Injury Related,non_injury,,2026-09-12T17:56Z,2026-09-18,"Salaun finished with 14 points (5-8 FG, 2-4 3Pt, 2-2 FT), 11 rebounds and one steal across 27 minutes in France's 86-64 FIBA World Cup victory over Germany on Saturday."
2026-09-16,2026,131935,Toronto Tempo,TOR,2988756,Brittney Sykes,brittneysykes,G,Out for season,3,True,True,False,Foot,injury,Left,2026-08-23T21:07Z,,"Sykes (foot) will miss the remainder of the 2026 season, Chelsea Leite of TSN reports."
2026-09-16,2026,131935,Toronto Tempo,TOR,3904576,Marina Mabrey,marinamabrey,G,Out,2,True,False,False,Hip,injury,Right,2026-09-16T16:07Z,2026-09-18,"Mabrey (hip) will miss the final four games of the 2026 season, Zulfi Sheikh of Sportsnet reports."
2026-09-16,2026,131935,Toronto Tempo,TOR,3910470,Maria Conde,mariaconde,F,Out,2,True,False,False,Not Injury Related,non_injury,,2026-08-27T16:13Z,2026-09-18,The Tempo temporarily suspended Conde's contract on Thursday.
2026-09-16,2026,131935,Toronto Tempo,TOR,4001679,Julie Allemand,julieallemand,G,Out,2,True,False,False,Head,injury,,2026-08-25T21:13Z,2026-09-18,The Tempo temporarily suspended the contract of Allemand (head) on Tuesday.
2026-09-16,2026,131935,Toronto Tempo,TOR,4684384,Aneesah Morrow,aneesahmorrow,F,Out for season,3,True,True,False,Knee,injury,,2026-08-23T21:12Z,,"Morrow (knee) will miss the rest of the 2026 season, Chelsea Leite of TSN reports."
2026-09-16,2026,132052,Portland Fire,PDX,3906972,Bridget Carleton,bridgetcarleton,F,Day-to-day,1,False,False,True,Ankle,injury,,2026-09-15T23:00Z,2026-09-17,"Carleton didn't practice Monday or Tuesday due to an ankle injury, though head coach Alex Sarama said she'll practice Wednesday before a decision is made on her status for Thursday's game against Phoenix, per Sean Highkin of The Rose Garden Report."
2026-09-16,2026,132052,Portland Fire,PDX,4433795,Sania Feagin,saniafeagin,F,Out for season,3,True,True,False,Knee,injury,Left,2026-07-09T23:15Z,,"Feagin (knee) was diagnosed with a torn left ACL on Thursday and will miss the rest of the 2026 campaign, WNBA reporter Kareem Copeland reports."
2026-09-16,2026,132052,Portland Fire,PDX,4682797,Luisa Geiselsoder,luisageiselsoder,C,Out for season,3,True,True,False,Personal,non_injury,,2026-08-08T22:37Z,,"Geiselsoder (personal) won't return this season, according to Sean Highkin of RoseGardenReport.com."
2026-09-16,2026,132052,Portland Fire,PDX,4703794,Sarah Ashlee Barker,sarahashleebarker,G,Out for season,3,True,True,False,Knee,injury,Left,2026-07-24T15:18Z,,The Fire announced Friday that Barker will undergo surgery to repair a torn ACL and will miss the remainder of the 2026 campaign.
2026-09-17,2026,3,Dallas Wings,DAL,3913881,Alanna Smith,alannasmith,F,Out,2,True,False,False,Lower Leg,injury,Left,2026-09-16T22:04Z,2026-09-19,Smith (lower leg) has been ruled out for Thursday's game against the Sparks.
2026-09-17,2026,3,Dallas Wings,DAL,4433790,Azzi Fudd,azzifudd,G,Out for season,3,True,True,False,Knee,injury,Right,2026-08-19T20:10Z,,Fudd will undergo an arthroscopic procedure to address her right knee soreness and will be sidelined for the remainder of the 2026 season.
2026-09-17,2026,3,Dallas Wings,DAL,5345473,Costanza Verona,costanzaverona,G,Out,2,True,False,False,Personal,non_injury,,2026-08-08T19:59Z,2026-09-21,Verona's contract was temporarily suspended by the Wings Saturday.
2026-09-17,2026,8,Minnesota Lynx,MIN,4398938,Dorka Juhasz,dorkajuhasz,F,Out,2,True,False,False,Not Injury Related,non_injury,,2026-09-08T22:33Z,2026-09-18,"Juhasz (not injury related) notched 10 points (4-11 FG, 1-4 3Pt, 1-4 FT), seven rebounds, three assists and one steal across 32 minutes in Hungary's 84-63 FIBA World Cup win over Japan on Tuesday."
2026-09-17,2026,8,Minnesota Lynx,MIN,4873358,Antonia Delaere,antoniadelaere,F,Out,2,True,False,False,Not Injury Related,non_injury,,2026-08-25T16:18Z,2026-09-18,The Lynx temporarily suspended Delaere's contract Tuesday.
2026-09-17,2026,8,Minnesota Lynx,MIN,5208984,Elena Buenavida,elenabuenavida,G,Out,2,True,False,False,Coach's Decision,non_injury,,2026-08-30T17:50Z,2026-09-18,Buenavida (coach's decision) has been ruled out for Sunday's game against the Dream.
2026-09-17,2026,9,New York Liberty,NYL,4281929,Satou Sabally,satousabally,F,Out for season,3,True,True,False,Concussion,injury,,2026-09-17T17:00Z,,out
2026-09-17,2026,11,Phoenix Mercury,PHX,2998938,Kahleah Copper,kahleahcopper,G,Out,2,True,False,False,Ankle,injury,Left,2026-09-17T00:10Z,2026-09-17,Copper (groin) is listed as questionable for Thursday's game against the Fire.
2026-09-17,2026,11,Phoenix Mercury,PHX,3065570,Kelsey Plum,kelseyplum,G,Out for season,3,True,True,False,Lower Leg,injury,Left,2026-08-31T14:46Z,,"Plum (leg) will miss the remainder of the 2026 WNBA season, Alexa Philippou of ESPN.com reports."
2026-09-17,2026,11,Phoenix Mercury,PHX,3906769,Jovana Nogic,jovananogic,G,Out for season,3,True,True,False,Not Injury Related,non_injury,,2026-06-28T00:25Z,,"Nogic (not injury related) intends to play professionally in Russia and won't return to Phoenix this season, Aya Abdeen of TheIXSports.com reports."
2026-09-17,2026,14,Seattle Storm,SEA,3917453,Katie Lou Samuelson,katielousamuelson,F,Out for season,3,True,True,False,Knee,injury,Left,2026-09-11T18:10Z,,The Storm announced Friday that Samuelson underwent successful left knee surgery and will miss the remainder of the season.
2026-09-17,2026,14,Seattle Storm,SEA,4420318,Ezi Magbegor,ezimagbegor,F,Out for season,3,True,True,False,Lower Leg,injury,,2026-09-10T18:26Z,,out
2026-09-17,2026,14,Seattle Storm,SEA,4432830,Jordan Horston,jordanhorston,F,Day-to-day,1,False,False,True,Shoulder,injury,Right,2026-09-17T00:18Z,2026-09-17,day-to-day
2026-09-17,2026,14,Seattle Storm,SEA,5017726,Jade Melbourne,jademelbourne,G,Day-to-day,1,False,False,True,Illness,injury,,2026-09-17T00:19Z,2026-09-17,Melbourne (illness) is listed as questionable for Thursday's game versus the Aces.
2026-09-17,2026,16,Washington Mystics,WAS,4433524,Sonia Citron,soniacitron,G,Out,2,True,False,False,Personal,non_injury,,2026-09-16T21:27Z,2026-09-20,Citron (personal) has been ruled out for Thursday's game against the Sky.
2026-09-17,2026,16,Washington Mystics,WAS,4704180,Georgia Amoore,georgiaamoore,G,Day-to-day,1,False,False,True,Rest,non_injury,Not Specified,2026-09-17T02:06Z,2026-09-17,"Amoore (knee) is questionable for Thursday's game against the Sky, Jarrett Spence of Mystics Lead reports."
2026-09-17,2026,17,Las Vegas Aces,LVA,4398776,NaLyssa Smith,nalyssasmith,F,Out for season,3,True,True,False,Leg,injury,Left,2026-08-27T19:29Z,,"The Aces announced Thursday that Smith will be sidelined for the rest of the season after suffering a non-contact left leg injury during Sunday's game versus the Tempo, per Chelsea Leite of TSN."
2026-09-17,2026,18,Connecticut Sun,CON,2490553,Brittney Griner,brittneygriner,C,Out for season,3,True,True,False,Knee,injury,Left,2026-09-16T20:47Z,2026-09-17,Griner (knee) is questionable for Thursday's game against the Dream.
2026-09-17,2026,18,Connecticut Sun,CON,3922628,Kennedy Burke,kennedyburke,G,Out for season,3,True,True,False,Shoulder,injury,,2026-09-14T19:53Z,,The Sun announced Monday that Burke suffered a sprained AC joint in the FIBA World Cup and will miss the rest of the season.
2026-09-17,2026,18,Connecticut Sun,CON,4433635,Diamond Miller,diamondmiller,F,Day-to-day,1,False,False,True,Thumb,injury,,2026-09-16T20:51Z,2026-09-17,Miller (thumb) is questionable for Thursday's game against the Dream.
2026-09-17,2026,18,Connecticut Sun,CON,5208981,Leila Lacan,leilalacan,G,Day-to-day,1,False,False,True,Rest,non_injury,,2026-09-16T20:49Z,2026-09-17,Lacan (rest) is questionable for Thursday's game against the Dream.
2026-09-17,2026,19,Chicago Sky,CHI,2491205,Skylar Diggins,skylardiggins,G,Out for season,3,True,True,False,Knee,injury,Right,2026-09-01T14:17Z,,"Diggins (knee) will miss the remainder of the 2026 WNBA season, Sara Jane Gamelli of BallisLife.com reports."
2026-09-17,2026,19,Chicago Sky,CHI,2529137,Natasha Cloud,natashacloud,G,Day-to-day,1,False,False,True,Knee,injury,,2026-09-16T21:55Z,2026-09-17,Cloud (knee) is questionable for Thursday's game against the Mystics.
2026-09-17,2026,19,Chicago Sky,CHI,4066548,DiJonai Carrington,dijonaicarrington,G,Out,2,True,False,False,Foot,injury,Left,2026-09-16T21:53Z,2026-09-19,Carrington (foot) is out for Thursday's game against the Dream.
2026-09-17,2026,19,Chicago Sky,CHI,4433630,Rickea Jackson,rickeajackson,F,Out for season,3,True,True,False,Knee,injury,Left,2026-05-19T13:54Z,,The Sky announced Tuesday that Jackson will miss the remainder of the season after suffering a torn ACL in her left knee during Sunday's 86-79 win over the Lynx.
2026-09-17,2026,20,Atlanta Dream,ATL,3058895,Brionna Jones,brionnajones,F,Out for season,3,True,True,False,Leg,injury,Left,2026-09-17T16:08Z,,"Jones will miss the remainder of the season after sustaining a left leg injury against the Sun on Aug. 13, Annie Costabile of The Athletic reports."
2026-09-17,2026,129689,Golden State Valkyries,GSV,4790263,Iliana Rupert,ilianarupert,C,Out for season,3,True,True,False,Not Injury Related,non_injury,,2026-05-07T15:18Z,,"Rupert is pregnant, and the Valkyries have filed for a replacement contract ahead of the 2026 season, Alexa Philippou of ESPN.com reports Thursday."
2026-09-17,2026,131935,Toronto Tempo,TOR,2988756,Brittney Sykes,brittneysykes,G,Out for season,3,True,True,False,Foot,injury,Left,2026-08-23T21:07Z,,"Sykes (foot) will miss the remainder of the 2026 season, Chelsea Leite of TSN reports."
2026-09-17,2026,131935,Toronto Tempo,TOR,3904576,Marina Mabrey,marinamabrey,G,Out,2,True,False,False,Hip,injury,Right,2026-09-16T16:07Z,2026-09-18,"Mabrey (hip) will miss the final four games of the 2026 season, Zulfi Sheikh of Sportsnet reports."
2026-09-17,2026,131935,Toronto Tempo,TOR,4684384,Aneesah Morrow,aneesahmorrow,F,Out for season,3,True,True,False,Knee,injury,,2026-08-23T21:12Z,,"Morrow (knee) will miss the rest of the 2026 season, Chelsea Leite of TSN reports."
2026-09-17,2026,132052,Portland Fire,PDX,3906972,Bridget Carleton,bridgetcarleton,F,Out,2,True,False,False,Ankle,injury,Left,2026-09-16T23:57Z,2026-09-18,Carleton (ankle) is listed as out for Thursday's game versus Phoenix.
2026-09-17,2026,132052,Portland Fire,PDX,3934218,Megan DiLeo,megandileo,C,Out,2,True,False,False,Finger,injury,Right,2026-09-17T00:04Z,2026-09-18,DiLeo (finger) is listed as out for Thursday's game versus Phoenix.
2026-09-17,2026,132052,Portland Fire,PDX,4433795,Sania Feagin,saniafeagin,F,Out for season,3,True,True,False,Knee,injury,Left,2026-07-09T23:15Z,,"Feagin (knee) was diagnosed with a torn left ACL on Thursday and will miss the rest of the 2026 campaign, WNBA reporter Kareem Copeland reports."
2026-09-17,2026,132052,Portland Fire,PDX,4682797,Luisa Geiselsoder,luisageiselsoder,C,Out for season,3,True,True,False,Personal,non_injury,,2026-08-08T22:37Z,,"Geiselsoder (personal) won't return this season, according to Sean Highkin of RoseGardenReport.com."
2026-09-17,2026,132052,Portland Fire,PDX,4703794,Sarah Ashlee Barker,sarahashleebarker,G,Out for season,3,True,True,False,Knee,injury,Left,2026-07-24T15:18Z,,The Fire announced Friday that Barker will undergo surgery to repair a torn ACL and will miss the remainder of the 2026 campaign.
2026-09-17,2026,132052,Portland Fire,PDX,5208982,Carla Leite,carlaleite,G,Out,2,True,False,False,Rest,non_injury,,2026-09-16T23:54Z,2026-09-18,Leite (rest) has been ruled out for Thursday's game against Phoenix.
2026-09-17,2026,132052,Portland Fire,PDX,5346554,Teja Oblak,tejaoblak,G,Out,2,True,False,False,Knee,injury,Left,2026-09-16T23:58Z,2026-09-18,Oblak (knee) has been ruled out for Thursday's game against the Mercury.
2026-09-18,2026,3,Dallas Wings,DAL,2529047,Odyssey Sims,odysseysims,G,Out,2,True,False,False,Knee,injury,Not Specified,2026-09-18T01:49Z,2026-09-19,"Sims (knee) has been ruled out for the rest of Thursday's game against Los Angeles. She'll end with two points (1-2 FG, 0-1 3Pt), one rebound and three assists in nine minutes."
2026-09-18,2026,3,Dallas Wings,DAL,3913881,Alanna Smith,alannasmith,F,Out,2,True,False,False,Lower Leg,injury,Left,2026-09-17T22:24Z,2026-09-27,"Smith (lower leg) has no timetable for a return, Myah Taylor of Dallas Morning News reports."
2026-09-18,2026,3,Dallas Wings,DAL,4433790,Azzi Fudd,azzifudd,G,Out for season,3,True,True,False,Knee,injury,Right,2026-08-19T20:10Z,,Fudd will undergo an arthroscopic procedure to address her right knee soreness and will be sidelined for the remainder of the 2026 season.
2026-09-18,2026,3,Dallas Wings,DAL,5345473,Costanza Verona,costanzaverona,G,Out,2,True,False,False,Personal,non_injury,,2026-08-08T19:59Z,2026-09-21,Verona's contract was temporarily suspended by the Wings Saturday.
2026-09-18,2026,5,Indiana Fever,IND,4433403,Caitlin Clark,caitlinclark,G,Out for season,3,True,True,False,Back,injury,,2026-09-17T20:52Z,2026-09-18,Clark (back) is probable for Friday's game against the Tempo.
2026-09-18,2026,8,Minnesota Lynx,MIN,5278237,Anastasiia Olairi Kosu,anastasiiaolairikosu,F,Out,2,True,False,False,Foot,injury,Right,2026-09-17T22:00Z,2026-09-20,Kosu is out for Friday's game against New York due to a right foot injury.
2026-09-18,2026,9,New York Liberty,NYL,4281929,Satou Sabally,satousabally,F,Out for season,3,True,True,False,Concussion,injury,,2026-09-18T16:00Z,,out
2026-09-18,2026,11,Phoenix Mercury,PHX,2998938,Kahleah Copper,kahleahcopper,G,Out,2,True,False,False,Groin,injury,Right,2026-09-18T00:20Z,2026-09-19,Copper (groin) is listed as out for Thursday's game against Portland.
2026-09-18,2026,11,Phoenix Mercury,PHX,3065570,Kelsey Plum,kelseyplum,G,Out for season,3,True,True,False,Lower Leg,injury,Left,2026-08-31T14:46Z,,"Plum (leg) will miss the remainder of the 2026 WNBA season, Alexa Philippou of ESPN.com reports."
2026-09-18,2026,11,Phoenix Mercury,PHX,3906769,Jovana Nogic,jovananogic,G,Out for season,3,True,True,False,Not Injury Related,non_injury,,2026-06-28T00:25Z,,"Nogic (not injury related) intends to play professionally in Russia and won't return to Phoenix this season, Aya Abdeen of TheIXSports.com reports."
2026-09-18,2026,14,Seattle Storm,SEA,3917453,Katie Lou Samuelson,katielousamuelson,F,Out for season,3,True,True,False,Knee,injury,Left,2026-09-11T18:10Z,,The Storm announced Friday that Samuelson underwent successful left knee surgery and will miss the remainder of the season.
2026-09-18,2026,14,Seattle Storm,SEA,4420318,Ezi Magbegor,ezimagbegor,F,Out for season,3,True,True,False,Lower Leg,injury,,2026-09-10T18:26Z,,out
2026-09-18,2026,14,Seattle Storm,SEA,4432830,Jordan Horston,jordanhorston,F,Out,2,True,False,False,Shoulder,injury,Right,2026-09-17T23:50Z,2026-09-19,Horston (shoulder) is out for Thursday's game against the Aces.
2026-09-18,2026,14,Seattle Storm,SEA,4432832,Zia Cooke,ziacooke,G,Out,2,True,False,False,Knee,injury,Right,2026-09-18T03:18Z,2026-09-19,"Cooke (knee) won't return to Thursday's game against the Aces, Terrika Foster-Brasby of ESPN reports. She'll finish the night with four points (1-5 FG, 0-2 3PT, 2-2 FT) and two assists in 12 minutes."
2026-09-18,2026,14,Seattle Storm,SEA,5017726,Jade Melbourne,jademelbourne,G,Out,2,True,False,False,Illness,injury,,2026-09-17T23:55Z,2026-09-19,Melbourne (illness) is listed as out for Thursday's game against the Aces.
2026-09-18,2026,14,Seattle Storm,SEA,5106222,Taina Mair,tainamair,G,Out,2,True,False,False,Coach's Decision,non_injury,,2026-09-18T01:21Z,2026-09-19,Mair (coach's decision) is listed as out for Thursday's game against Las Vegas.
2026-09-18,2026,16,Washington Mystics,WAS,4433524,Sonia Citron,soniacitron,G,Out,2,True,False,False,Personal,non_injury,,2026-09-16T21:27Z,2026-09-20,Citron (personal) has been ruled out for Thursday's game against the Sky.
2026-09-18,2026,17,Las Vegas Aces,LVA,4398776,NaLyssa Smith,nalyssasmith,F,Out for season,3,True,True,False,Leg,injury,Left,2026-08-27T19:29Z,,"The Aces announced Thursday that Smith will be sidelined for the rest of the season after suffering a non-contact left leg injury during Sunday's game versus the Tempo, per Chelsea Leite of TSN."
2026-09-18,2026,18,Connecticut Sun,CON,2490553,Brittney Griner,brittneygriner,C,Out,2,True,False,False,Knee,injury,Left,2026-09-17T21:30Z,2026-09-20,Griner (knee) won't play Thursday against the Dream.
2026-09-18,2026,18,Connecticut Sun,CON,3922628,Kennedy Burke,kennedyburke,G,Out for season,3,True,True,False,Shoulder,injury,,2026-09-14T19:53Z,,The Sun announced Monday that Burke suffered a sprained AC joint in the FIBA World Cup and will miss the rest of the season.
2026-09-18,2026,18,Connecticut Sun,CON,4433635,Diamond Miller,diamondmiller,F,Out,2,True,False,False,Thumb,injury,,2026-09-17T22:46Z,2026-09-20,Miller (thumb) is out for Thursday's game against Atlanta.
2026-09-18,2026,18,Connecticut Sun,CON,4433792,Rayah Marshall,rayahmarshall,C,Out,2,True,False,False,Coach's Decision,non_injury,,2026-09-17T22:47Z,2026-09-20,Marshall (coach's decision) is out for Thursday's game against Dream.
2026-09-18,2026,18,Connecticut Sun,CON,5208981,Leila Lacan,leilalacan,G,Out,2,True,False,False,Rest,non_injury,,2026-09-17T21:31Z,2026-09-20,Lacan (rest) is out for Thursday's game against the Dream.
2026-09-18,2026,19,Chicago Sky,CHI,2491205,Skylar Diggins,skylardiggins,G,Out for season,3,True,True,False,Knee,injury,Right,2026-09-01T14:17Z,,"Diggins (knee) will miss the remainder of the 2026 WNBA season, Sara Jane Gamelli of BallisLife.com reports."
2026-09-18,2026,19,Chicago Sky,CHI,2529137,Natasha Cloud,natashacloud,G,Out,2,True,False,False,Knee,injury,Left,2026-09-18T01:06Z,2026-09-19,"Cloud has been ruled out for the remainder of Thursday's game against the Mystics due to a left knee injury, WNBA reporter Kareem Copeland reports. She'll end the night with two points (1-2 FG), one rebound and two assists in 14 minutes."
2026-09-18,2026,19,Chicago Sky,CHI,4066548,DiJonai Carrington,dijonaicarrington,G,Out,2,True,False,False,Foot,injury,Left,2026-09-16T21:53Z,2026-09-19,Carrington (foot) is out for Thursday's game against the Dream.
2026-09-18,2026,19,Chicago Sky,CHI,4433630,Rickea Jackson,rickeajackson,F,Out for season,3,True,True,False,Knee,injury,Left,2026-05-19T13:54Z,,The Sky announced Tuesday that Jackson will miss the remainder of the season after suffering a torn ACL in her left knee during Sunday's 86-79 win over the Lynx.
2026-09-18,2026,19,Chicago Sky,CHI,4599199,Morgan Maly,morganmaly,G,Out,2,True,False,False,Coach's Decision,non_injury,,2026-09-17T23:43Z,2026-09-19,Maly (coach's decision) is out for Thursday's game against Washington.
2026-09-18,2026,20,Atlanta Dream,ATL,3058895,Brionna Jones,brionnajones,F,Out for season,3,True,True,False,Leg,injury,Left,2026-09-17T16:08Z,,"Jones will miss the remainder of the season after sustaining a left leg injury against the Sun on Aug. 13, Annie Costabile of The Athletic reports."
2026-09-18,2026,129689,Golden State Valkyries,GSV,3142328,Gabby Williams,gabbywilliams,F,Out,2,True,False,False,Not Injury Related,non_injury,,2026-09-18T00:07Z,2026-09-19,Williams (reconditioning) is listed as out for Friday's game against Portland.
2026-09-18,2026,129689,Golden State Valkyries,GSV,4257500,Cecilia Zandalasini,ceciliazandalasini,F,Day-to-day,1,False,False,True,Not Injury Related,non_injury,,2026-09-18T00:05Z,2026-09-18,Zandalasini is questionable for Friday's game against Portland due to reconditioning.
2026-09-18,2026,129689,Golden State Valkyries,GSV,4790263,Iliana Rupert,ilianarupert,C,Out for season,3,True,True,False,Not Injury Related,non_injury,,2026-05-07T15:18Z,,"Rupert is pregnant, and the Valkyries have filed for a replacement contract ahead of the 2026 season, Alexa Philippou of ESPN.com reports Thursday."
2026-09-18,2026,129689,Golden State Valkyries,GSV,4790264,Janelle Salaun,janellesalaun,F,Out,2,True,False,False,Not Injury Related,non_injury,,2026-09-18T00:08Z,2026-09-19,Salaun is listed out for Friday's game against Portland due to reconditioning.
2026-09-18,2026,131935,Toronto Tempo,TOR,2988756,Brittney Sykes,brittneysykes,G,Out for season,3,True,True,False,Foot,injury,Left,2026-08-23T21:07Z,,"Sykes (foot) will miss the remainder of the 2026 season, Chelsea Leite of TSN reports."
2026-09-18,2026,131935,Toronto Tempo,TOR,3904576,Marina Mabrey,marinamabrey,G,Out,2,True,False,False,Hip,injury,Right,2026-09-16T16:07Z,2026-09-18,"Mabrey (hip) will miss the final four games of the 2026 season, Zulfi Sheikh of Sportsnet reports."
2026-09-18,2026,131935,Toronto Tempo,TOR,3910470,Maria Conde,mariaconde,F,Day-to-day,1,False,False,True,Illness,injury,,2026-09-17T20:55Z,2026-09-18,Conde is questionable for Friday's game against the Tempo with an illness.
2026-09-18,2026,131935,Toronto Tempo,TOR,4684384,Aneesah Morrow,aneesahmorrow,F,Out for season,3,True,True,False,Knee,injury,,2026-08-23T21:12Z,,"Morrow (knee) will miss the rest of the 2026 season, Chelsea Leite of TSN reports."
2026-09-18,2026,132052,Portland Fire,PDX,3906972,Bridget Carleton,bridgetcarleton,F,Out,2,True,False,False,Ankle,injury,Left,2026-09-16T23:57Z,2026-09-18,Carleton (ankle) is listed as out for Thursday's game versus Phoenix.
2026-09-18,2026,132052,Portland Fire,PDX,3934218,Megan DiLeo,megandileo,C,Out,2,True,False,False,Finger,injury,Right,2026-09-17T00:04Z,2026-09-18,DiLeo (finger) is listed as out for Thursday's game versus Phoenix.
2026-09-18,2026,132052,Portland Fire,PDX,4433795,Sania Feagin,saniafeagin,F,Out for season,3,True,True,False,Knee,injury,Left,2026-07-09T23:15Z,,"Feagin (knee) was diagnosed with a torn left ACL on Thursday and will miss the rest of the 2026 campaign, WNBA reporter Kareem Copeland reports."
2026-09-18,2026,132052,Portland Fire,PDX,4682797,Luisa Geiselsoder,luisageiselsoder,C,Out for season,3,True,True,False,Personal,non_injury,,2026-08-08T22:37Z,,"Geiselsoder (personal) won't return this season, according to Sean Highkin of RoseGardenReport.com."
2026-09-18,2026,132052,Portland Fire,PDX,4703794,Sarah Ashlee Barker,sarahashleebarker,G,Out for season,3,True,True,False,Knee,injury,Left,2026-07-24T15:18Z,,The Fire announced Friday that Barker will undergo surgery to repair a torn ACL and will miss the remainder of the 2026 campaign.
2026-09-18,2026,132052,Portland Fire,PDX,5208982,Carla Leite,carlaleite,G,Out,2,True,False,False,Rest,non_injury,,2026-09-16T23:54Z,2026-09-18,Leite (rest) has been ruled out for Thursday's game against Phoenix.
2026-09-18,2026,132052,Portland Fire,PDX,5346554,Teja Oblak,tejaoblak,G,Out,2,True,False,False,Knee,injury,Left,2026-09-16T23:58Z,2026-09-18,Oblak (knee) has been ruled out for Thursday's game against the Mercury.
2026-09-19,2026,3,Dallas Wings,DAL,3913881,Alanna Smith,alannasmith,F,Out,2,True,False,False,Lower Leg,injury,Left,2026-09-17T22:24Z,2026-09-27,"Smith (lower leg) has no timetable for a return, Myah Taylor of Dallas Morning News reports."
2026-09-19,2026,3,Dallas Wings,DAL,4433790,Azzi Fudd,azzifudd,G,Out for season,3,True,True,False,Knee,injury,Right,2026-08-19T20:10Z,,Fudd will undergo an arthroscopic procedure to address her right knee soreness and will be sidelined for the remainder of the 2026 season.
2026-09-19,2026,3,Dallas Wings,DAL,5345473,Costanza Verona,costanzaverona,G,Out,2,True,False,False,Personal,non_injury,,2026-08-08T19:59Z,2026-09-21,Verona's contract was temporarily suspended by the Wings Saturday.
2026-09-19,2026,8,Minnesota Lynx,MIN,4596309,Liatu King,liatuking,F,Out,2,True,False,False,Coach's Decision,non_injury,,2026-09-18T22:19Z,2026-09-20,King (coach's decision) has been ruled out for Friday's game against the Liberty.
2026-09-19,2026,8,Minnesota Lynx,MIN,5208984,Elena Buenavida,elenabuenavida,G,Out,2,True,False,False,Coach's Decision,non_injury,,2026-09-18T22:21Z,2026-09-20,Buenavida (coach's decision) has been ruled out for Friday's game against the Liberty.
2026-09-19,2026,8,Minnesota Lynx,MIN,5278237,Anastasiia Olairi Kosu,anastasiiaolairikosu,F,Out,2,True,False,False,Foot,injury,Right,2026-09-17T22:00Z,2026-09-20,Kosu is out for Friday's game against New York due to a right foot injury.
2026-09-19,2026,9,New York Liberty,NYL,4281929,Satou Sabally,satousabally,F,Out for season,3,True,True,False,Concussion,injury,,2026-09-19T16:06Z,,out
2026-09-19,2026,9,New York Liberty,NYL,4398589,Elizabeth Balogun,elizabethbalogun,G,Out,2,True,False,False,Undisclosed,injury,,2026-09-18T22:20Z,2026-09-20,Balogun (not with team) is out for Friday's matchup with Minnesota.
2026-09-19,2026,11,Phoenix Mercury,PHX,2998938,Kahleah Copper,kahleahcopper,G,Out,2,True,False,False,Groin,injury,Right,2026-09-19T16:04Z,2026-09-21,Copper (groin) has been ruled out for Saturday's game against the Wings.
2026-09-19,2026,11,Phoenix Mercury,PHX,3065570,Kelsey Plum,kelseyplum,G,Out for season,3,True,True,False,Lower Leg,injury,Left,2026-08-31T14:46Z,,"Plum (leg) will miss the remainder of the 2026 WNBA season, Alexa Philippou of ESPN.com reports."
2026-09-19,2026,11,Phoenix Mercury,PHX,3906769,Jovana Nogic,jovananogic,G,Out for season,3,True,True,False,Not Injury Related,non_injury,,2026-06-28T00:25Z,,"Nogic (not injury related) intends to play professionally in Russia and won't return to Phoenix this season, Aya Abdeen of TheIXSports.com reports."
2026-09-19,2026,14,Seattle Storm,SEA,3917453,Katie Lou Samuelson,katielousamuelson,F,Out for season,3,True,True,False,Knee,injury,Left,2026-09-11T18:10Z,,The Storm announced Friday that Samuelson underwent successful left knee surgery and will miss the remainder of the season.
2026-09-19,2026,14,Seattle Storm,SEA,4420318,Ezi Magbegor,ezimagbegor,F,Out for season,3,True,True,False,Lower Leg,injury,,2026-09-10T18:26Z,,out
2026-09-19,2026,14,Seattle Storm,SEA,4432830,Jordan Horston,jordanhorston,F,Out,2,True,False,False,Shoulder,injury,Right,2026-09-19T00:07Z,2026-09-20,Horston (shoulder) has been ruled out for Saturday's game against Golden State.
2026-09-19,2026,14,Seattle Storm,SEA,4432832,Zia Cooke,ziacooke,G,Out,2,True,False,False,Knee,injury,Right,2026-09-19T00:07Z,2026-09-20,Cooke (knee) is out for Saturday's game against the Valkyries.
2026-09-19,2026,16,Washington Mystics,WAS,4433524,Sonia Citron,soniacitron,G,Out,2,True,False,False,Personal,non_injury,,2026-09-16T21:27Z,2026-09-20,Citron (personal) has been ruled out for Thursday's game against the Sky.
2026-09-19,2026,17,Las Vegas Aces,LVA,4398776,NaLyssa Smith,nalyssasmith,F,Out for season,3,True,True,False,Leg,injury,Left,2026-08-27T19:29Z,,"The Aces announced Thursday that Smith will be sidelined for the rest of the season after suffering a non-contact left leg injury during Sunday's game versus the Tempo, per Chelsea Leite of TSN."
2026-09-19,2026,18,Connecticut Sun,CON,2490553,Brittney Griner,brittneygriner,C,Out,2,True,False,False,Knee,injury,Left,2026-09-17T21:30Z,2026-09-20,Griner (knee) won't play Thursday against the Dream.
2026-09-19,2026,18,Connecticut Sun,CON,3922628,Kennedy Burke,kennedyburke,G,Out for season,3,True,True,False,Shoulder,injury,,2026-09-14T19:53Z,,The Sun announced Monday that Burke suffered a sprained AC joint in the FIBA World Cup and will miss the rest of the season.
2026-09-19,2026,18,Connecticut Sun,CON,4433635,Diamond Miller,diamondmiller,F,Out,2,True,False,False,Thumb,injury,,2026-09-17T22:46Z,2026-09-20,Miller (thumb) is out for Thursday's game against Atlanta.
2026-09-19,2026,18,Connecticut Sun,CON,4433792,Rayah Marshall,rayahmarshall,C,Out,2,True,False,False,Coach's Decision,non_injury,,2026-09-17T22:47Z,2026-09-20,Marshall (coach's decision) is out for Thursday's game against Dream.
2026-09-19,2026,18,Connecticut Sun,CON,5208981,Leila Lacan,leilalacan,G,Out,2,True,False,False,Rest,non_injury,,2026-09-17T21:31Z,2026-09-20,Lacan (rest) is out for Thursday's game against the Dream.
2026-09-19,2026,19,Chicago Sky,CHI,2491205,Skylar Diggins,skylardiggins,G,Out for season,3,True,True,False,Knee,injury,Right,2026-09-01T14:17Z,,"Diggins (knee) will miss the remainder of the 2026 WNBA season, Sara Jane Gamelli of BallisLife.com reports."
2026-09-19,2026,19,Chicago Sky,CHI,2529137,Natasha Cloud,natashacloud,G,Day-to-day,1,False,False,True,Knee,injury,Left,2026-09-18T21:22Z,2026-09-19,Cloud (knee) is questionable for Saturday's game against the Dream.
2026-09-19,2026,19,Chicago Sky,CHI,3142010,Azura Stevens,azurastevens,F,Out,2,True,False,False,Knee,injury,Right,2026-09-18T21:25Z,2026-09-22,Stevens (knee) has been ruled out for Saturday's game in Atlanta.
2026-09-19,2026,19,Chicago Sky,CHI,4066548,DiJonai Carrington,dijonaicarrington,G,Out,2,True,False,False,Foot,injury,Left,2026-09-18T21:23Z,2026-09-22,Carrington (foot) is out for Saturday's game against the Dream.
2026-09-19,2026,19,Chicago Sky,CHI,4433630,Rickea Jackson,rickeajackson,F,Out for season,3,True,True,False,Knee,injury,Left,2026-05-19T13:54Z,,The Sky announced Tuesday that Jackson will miss the remainder of the season after suffering a torn ACL in her left knee during Sunday's 86-79 win over the Lynx.
2026-09-19,2026,20,Atlanta Dream,ATL,3058895,Brionna Jones,brionnajones,F,Out for season,3,True,True,False,Leg,injury,Left,2026-09-17T16:08Z,,"Jones will miss the remainder of the season after sustaining a left leg injury against the Sun on Aug. 13, Annie Costabile of The Athletic reports."
2026-09-19,2026,129689,Golden State Valkyries,GSV,3142328,Gabby Williams,gabbywilliams,F,Out,2,True,False,False,Not Injury Related,non_injury,,2026-09-18T00:07Z,2026-09-19,Williams (reconditioning) is listed as out for Friday's game against Portland.
2026-09-19,2026,129689,Golden State Valkyries,GSV,4257500,Cecilia Zandalasini,ceciliazandalasini,F,Out,2,True,False,False,Not Injury Related,non_injury,,2026-09-19T01:35Z,2026-09-19,Zandalasini (reconditioning) won't play Friday against the Fire.
2026-09-19,2026,129689,Golden State Valkyries,GSV,4790263,Iliana Rupert,ilianarupert,C,Out for season,3,True,True,False,Not Injury Related,non_injury,,2026-05-07T15:18Z,,"Rupert is pregnant, and the Valkyries have filed for a replacement contract ahead of the 2026 season, Alexa Philippou of ESPN.com reports Thursday."
2026-09-19,2026,129689,Golden State Valkyries,GSV,4790264,Janelle Salaun,janellesalaun,F,Out,2,True,False,False,Not Injury Related,non_injury,,2026-09-18T00:08Z,2026-09-19,Salaun is listed out for Friday's game against Portland due to reconditioning.
2026-09-19,2026,131935,Toronto Tempo,TOR,2988756,Brittney Sykes,brittneysykes,G,Out for season,3,True,True,False,Foot,injury,Left,2026-08-23T21:07Z,,"Sykes (foot) will miss the remainder of the 2026 season, Chelsea Leite of TSN reports."
2026-09-19,2026,131935,Toronto Tempo,TOR,3904576,Marina Mabrey,marinamabrey,G,Out for season,3,True,True,False,Hip,injury,Right,2026-09-16T16:07Z,,"Mabrey (hip) will miss the final four games of the 2026 season, Zulfi Sheikh of Sportsnet reports."
2026-09-19,2026,131935,Toronto Tempo,TOR,3910470,Maria Conde,mariaconde,F,Out,2,True,False,False,Illness,injury,,2026-09-18T20:57Z,2026-09-20,Conde (illness) is out for Friday's game against the Fever.
2026-09-19,2026,131935,Toronto Tempo,TOR,4684384,Aneesah Morrow,aneesahmorrow,F,Out for season,3,True,True,False,Knee,injury,,2026-08-23T21:12Z,,"Morrow (knee) will miss the rest of the 2026 season, Chelsea Leite of TSN reports."
2026-09-19,2026,132052,Portland Fire,PDX,3906972,Bridget Carleton,bridgetcarleton,F,Out,2,True,False,False,Ankle,injury,Left,2026-09-18T20:13Z,2026-09-20,Carleton (ankle) is out for Friday's game against the Valkyries.
2026-09-19,2026,132052,Portland Fire,PDX,4433795,Sania Feagin,saniafeagin,F,Out for season,3,True,True,False,Knee,injury,Left,2026-07-09T23:15Z,,"Feagin (knee) was diagnosed with a torn left ACL on Thursday and will miss the rest of the 2026 campaign, WNBA reporter Kareem Copeland reports."
2026-09-19,2026,132052,Portland Fire,PDX,4682797,Luisa Geiselsoder,luisageiselsoder,C,Out for season,3,True,True,False,Personal,non_injury,,2026-08-08T22:37Z,,"Geiselsoder (personal) won't return this season, according to Sean Highkin of RoseGardenReport.com."
2026-09-19,2026,132052,Portland Fire,PDX,4703794,Sarah Ashlee Barker,sarahashleebarker,G,Out for season,3,True,True,False,Knee,injury,Left,2026-07-24T15:18Z,,The Fire announced Friday that Barker will undergo surgery to repair a torn ACL and will miss the remainder of the 2026 campaign.
2026-09-19,2026,132052,Portland Fire,PDX,5108051,Jordan Harrison,jordanharrison,G,Out,2,True,False,False,Ankle,injury,Right,2026-09-19T04:08Z,2026-09-20,"Harrison exited Friday's 82-66 loss to the Valkyries in the second quarter and was later ruled out for the remainder of the contest due to a right ankle injury. She finished with two points (1-1 FG, 0-1 FT), one assist and one steal in six minutes."
2026-09-19,2026,132052,Portland Fire,PDX,5346554,Teja Oblak,tejaoblak,G,Out,2,True,False,False,Knee,injury,Left,2026-09-18T20:09Z,2026-09-20,Oblak (knee) is out for Friday's game against the Valkyries.
2026-09-20,2026,3,Dallas Wings,DAL,3913881,Alanna Smith,alannasmith,F,Out,2,True,False,False,Lower Leg,injury,Left,2026-09-17T22:24Z,2026-09-27,"Smith (lower leg) has no timetable for a return, Myah Taylor of Dallas Morning News reports."
2026-09-20,2026,3,Dallas Wings,DAL,4433790,Azzi Fudd,azzifudd,G,Out for season,3,True,True,False,Knee,injury,Right,2026-08-19T20:10Z,,Fudd will undergo an arthroscopic procedure to address her right knee soreness and will be sidelined for the remainder of the 2026 season.
2026-09-20,2026,3,Dallas Wings,DAL,5345473,Costanza Verona,costanzaverona,G,Out,2,True,False,False,Personal,non_injury,,2026-08-08T19:59Z,2026-09-21,Verona's contract was temporarily suspended by the Wings Saturday.
2026-09-20,2026,5,Indiana Fever,IND,4433403,Caitlin Clark,caitlinclark,G,Day-to-day,1,False,False,True,Back,injury,,2026-09-19T21:07Z,2026-09-20,Clark (back) is listed as probable for Sunday's game against the Mystics.
2026-09-20,2026,6,Los Angeles Sparks,LAS,2566106,Dearica Hamby,dearicahamby,F,Day-to-day,1,False,False,True,Knee,injury,Left,2026-09-19T23:56Z,2026-09-20,Hamby (knee) is listed as doubtful for Sunday's game against Portland.
2026-09-20,2026,6,Los Angeles Sparks,LAS,4433404,Cameron Brink,cameronbrink,F,Day-to-day,1,False,False,True,Ankle,injury,Right,2026-09-19T23:56Z,2026-09-20,Brink is doubtful to play Sunday against the Fire due to a right ankle injury.
2026-09-20,2026,6,Los Angeles Sparks,LAS,4597509,Aaliyah Nye,aaliyahnye,G,Day-to-day,1,False,False,True,Ankle,injury,Left,2026-09-19T23:59Z,2026-09-20,Nye is doubtful for Sunday's game versus Portland due to a left ankle injury.
2026-09-20,2026,8,Minnesota Lynx,MIN,5208984,Elena Buenavida,elenabuenavida,G,Out,2,True,False,False,Coach's Decision,non_injury,,2026-09-20T16:05Z,2026-09-22,Buenavida (coach's decision) is listed as out for Sunday's game against the Sun.
2026-09-20,2026,8,Minnesota Lynx,MIN,5278237,Anastasiia Olairi Kosu,anastasiiaolairikosu,F,Out,2,True,False,False,Foot,injury,Right,2026-09-19T21:10Z,2026-09-22,Kosu (foot) is listed as out for Sunday's game versus Connecticut.
2026-09-20,2026,9,New York Liberty,NYL,4281929,Satou Sabally,satousabally,F,Out for season,3,True,True,False,Concussion,injury,,2026-09-20T16:28Z,,out
2026-09-20,2026,11,Phoenix Mercury,PHX,2998938,Kahleah Copper,kahleahcopper,G,Out,2,True,False,False,Groin,injury,Right,2026-09-19T16:04Z,2026-09-21,Copper (groin) has been ruled out for Saturday's game against the Wings.
2026-09-20,2026,11,Phoenix Mercury,PHX,3065570,Kelsey Plum,kelseyplum,G,Out for season,3,True,True,False,Lower Leg,injury,Left,2026-08-31T14:46Z,,"Plum (leg) will miss the remainder of the 2026 WNBA season, Alexa Philippou of ESPN.com reports."
2026-09-20,2026,11,Phoenix Mercury,PHX,3906769,Jovana Nogic,jovananogic,G,Out for season,3,True,True,False,Not Injury Related,non_injury,,2026-06-28T00:25Z,,"Nogic (not injury related) intends to play professionally in Russia and won't return to Phoenix this season, Aya Abdeen of TheIXSports.com reports."
2026-09-20,2026,14,Seattle Storm,SEA,3917453,Katie Lou Samuelson,katielousamuelson,F,Out for season,3,True,True,False,Knee,injury,Left,2026-09-11T18:10Z,,The Storm announced Friday that Samuelson underwent successful left knee surgery and will miss the remainder of the season.
2026-09-20,2026,14,Seattle Storm,SEA,4420318,Ezi Magbegor,ezimagbegor,F,Out for season,3,True,True,False,Lower Leg,injury,,2026-09-10T18:26Z,,out
2026-09-20,2026,14,Seattle Storm,SEA,4432830,Jordan Horston,jordanhorston,F,Out,2,True,False,False,Shoulder,injury,Right,2026-09-19T00:07Z,2026-09-20,Horston (shoulder) has been ruled out for Saturday's game against Golden State.
2026-09-20,2026,14,Seattle Storm,SEA,4432832,Zia Cooke,ziacooke,G,Out,2,True,False,False,Knee,injury,Right,2026-09-19T00:07Z,2026-09-20,Cooke (knee) is out for Saturday's game against the Valkyries.
2026-09-20,2026,17,Las Vegas Aces,LVA,4398776,NaLyssa Smith,nalyssasmith,F,Out for season,3,True,True,False,Leg,injury,Left,2026-08-27T19:29Z,,"The Aces announced Thursday that Smith will be sidelined for the rest of the season after suffering a non-contact left leg injury during Sunday's game versus the Tempo, per Chelsea Leite of TSN."
2026-09-20,2026,18,Connecticut Sun,CON,2490553,Brittney Griner,brittneygriner,C,Day-to-day,1,False,False,True,Knee,injury,Left,2026-09-20T16:26Z,2026-09-20,Griner (knee) is listed as out for Sunday's game versus the Lynx.
2026-09-20,2026,18,Connecticut Sun,CON,3922628,Kennedy Burke,kennedyburke,G,Out for season,3,True,True,False,Shoulder,injury,,2026-09-14T19:53Z,,The Sun announced Monday that Burke suffered a sprained AC joint in the FIBA World Cup and will miss the rest of the season.
2026-09-20,2026,18,Connecticut Sun,CON,4398966,Olivia Nelson-Ododa,olivianelsonododa,C,Out,2,True,False,False,Knee,injury,Right,2026-09-19T20:47Z,2026-09-22,Nelson-Ododa (knee) has been ruled out for Sunday's game against the Lynx.
2026-09-20,2026,18,Connecticut Sun,CON,4433792,Rayah Marshall,rayahmarshall,C,Out,2,True,False,False,Coach's Decision,non_injury,,2026-09-20T16:30Z,2026-09-22,Marshall (coach's decision) is listed as out for Sunday's game against the Lynx.
2026-09-20,2026,19,Chicago Sky,CHI,2491205,Skylar Diggins,skylardiggins,G,Out for season,3,True,True,False,Knee,injury,Right,2026-09-01T14:17Z,,"Diggins (knee) will miss the remainder of the 2026 WNBA season, Sara Jane Gamelli of BallisLife.com reports."
2026-09-20,2026,19,Chicago Sky,CHI,2529137,Natasha Cloud,natashacloud,G,Out,2,True,False,False,Knee,injury,Left,2026-09-19T22:26Z,2026-09-22,Cloud (knee) is listed as out for Saturday's game versus Atlanta.
2026-09-20,2026,19,Chicago Sky,CHI,3142010,Azura Stevens,azurastevens,F,Out,2,True,False,False,Knee,injury,Right,2026-09-18T21:25Z,2026-09-22,Stevens (knee) has been ruled out for Saturday's game in Atlanta.
2026-09-20,2026,19,Chicago Sky,CHI,4066548,DiJonai Carrington,dijonaicarrington,G,Out,2,True,False,False,Foot,injury,Left,2026-09-18T21:23Z,2026-09-22,Carrington (foot) is out for Saturday's game against the Dream.
2026-09-20,2026,19,Chicago Sky,CHI,4433630,Rickea Jackson,rickeajackson,F,Out for season,3,True,True,False,Knee,injury,Left,2026-05-19T13:54Z,,The Sky announced Tuesday that Jackson will miss the remainder of the season after suffering a torn ACL in her left knee during Sunday's 86-79 win over the Lynx.
2026-09-20,2026,20,Atlanta Dream,ATL,3058895,Brionna Jones,brionnajones,F,Out for season,3,True,True,False,Leg,injury,Left,2026-09-17T16:08Z,,"Jones will miss the remainder of the season after sustaining a left leg injury against the Sun on Aug. 13, Annie Costabile of The Athletic reports."
2026-09-20,2026,129689,Golden State Valkyries,GSV,3142328,Gabby Williams,gabbywilliams,F,Out,2,True,False,False,Not Injury Related,non_injury,,2026-09-19T20:05Z,2026-09-22,Williams (reconditioning) has been ruled out for Saturday's game against Seattle.
2026-09-20,2026,129689,Golden State Valkyries,GSV,4257500,Cecilia Zandalasini,ceciliazandalasini,F,Out,2,True,False,False,Illness,injury,,2026-09-20T00:44Z,2026-09-22,Zandalasini (illness) is listed as out for Saturday's game versus Seattle.
2026-09-20,2026,129689,Golden State Valkyries,GSV,4790263,Iliana Rupert,ilianarupert,C,Out for season,3,True,True,False,Not Injury Related,non_injury,,2026-05-07T15:18Z,,"Rupert is pregnant, and the Valkyries have filed for a replacement contract ahead of the 2026 season, Alexa Philippou of ESPN.com reports Thursday."
2026-09-20,2026,129689,Golden State Valkyries,GSV,4790264,Janelle Salaun,janellesalaun,F,Out,2,True,False,False,Not Injury Related,non_injury,,2026-09-19T20:08Z,2026-09-22,Salaun (reconditioning) has been ruled out for Saturday's game against the Storm.
2026-09-20,2026,131935,Toronto Tempo,TOR,2988756,Brittney Sykes,brittneysykes,G,Out for season,3,True,True,False,Foot,injury,Left,2026-08-23T21:07Z,,"Sykes (foot) will miss the remainder of the 2026 season, Chelsea Leite of TSN reports."
2026-09-20,2026,131935,Toronto Tempo,TOR,3904576,Marina Mabrey,marinamabrey,G,Out for season,3,True,True,False,Hip,injury,Right,2026-09-16T16:07Z,,"Mabrey (hip) will miss the final four games of the 2026 season, Zulfi Sheikh of Sportsnet reports."
2026-09-20,2026,131935,Toronto Tempo,TOR,3910470,Maria Conde,mariaconde,F,Out,2,True,False,False,Illness,injury,,2026-09-20T14:18Z,2026-09-20,Conde (illness) is listed as probable for Sunday's game against the Liberty.
2026-09-20,2026,131935,Toronto Tempo,TOR,4684384,Aneesah Morrow,aneesahmorrow,F,Out for season,3,True,True,False,Knee,injury,,2026-08-23T21:12Z,,"Morrow (knee) will miss the rest of the 2026 season, Chelsea Leite of TSN reports."
2026-09-20,2026,132052,Portland Fire,PDX,3906972,Bridget Carleton,bridgetcarleton,F,Day-to-day,1,False,False,True,Ankle,injury,Left,2026-09-19T23:49Z,2026-09-20,Carleton (ankle) is listed as questionable for Sunday's game versus the Sparks.
2026-09-20,2026,132052,Portland Fire,PDX,4433795,Sania Feagin,saniafeagin,F,Out for season,3,True,True,False,Knee,injury,Left,2026-07-09T23:15Z,,"Feagin (knee) was diagnosed with a torn left ACL on Thursday and will miss the rest of the 2026 campaign, WNBA reporter Kareem Copeland reports."
2026-09-20,2026,132052,Portland Fire,PDX,4682797,Luisa Geiselsoder,luisageiselsoder,C,Out for season,3,True,True,False,Personal,non_injury,,2026-08-08T22:37Z,,"Geiselsoder (personal) won't return this season, according to Sean Highkin of RoseGardenReport.com."
2026-09-20,2026,132052,Portland Fire,PDX,4703794,Sarah Ashlee Barker,sarahashleebarker,G,Out for season,3,True,True,False,Knee,injury,Left,2026-07-24T15:18Z,,The Fire announced Friday that Barker will undergo surgery to repair a torn ACL and will miss the remainder of the 2026 campaign.
2026-09-20,2026,132052,Portland Fire,PDX,5108051,Jordan Harrison,jordanharrison,G,Day-to-day,1,False,False,True,Ankle,injury,Right,2026-09-19T23:46Z,2026-09-20,Harrison (ankle) is questionable for Sunday's game in Los Angeles.
2026-09-20,2026,132052,Portland Fire,PDX,5346554,Teja Oblak,tejaoblak,G,Out,2,True,False,False,Knee,injury,Left,2026-09-19T23:48Z,2026-09-22,Oblak (knee) has been ruled out for Sunday's game against the Sparks.
2026-09-21,2026,3,Dallas Wings,DAL,3913881,Alanna Smith,alannasmith,F,Out,2,True,False,False,Lower Leg,injury,Left,2026-09-17T22:24Z,2026-09-27,"Smith (lower leg) has no timetable for a return, Myah Taylor of Dallas Morning News reports."
2026-09-21,2026,3,Dallas Wings,DAL,4433790,Azzi Fudd,azzifudd,G,Out for season,3,True,True,False,Knee,injury,Right,2026-08-19T20:10Z,,Fudd will undergo an arthroscopic procedure to address her right knee soreness and will be sidelined for the remainder of the 2026 season.
2026-09-21,2026,3,Dallas Wings,DAL,5345473,Costanza Verona,costanzaverona,G,Out,2,True,False,False,Personal,non_injury,,2026-08-08T19:59Z,2026-09-23,Verona's contract was temporarily suspended by the Wings Saturday.
2026-09-21,2026,6,Los Angeles Sparks,LAS,2566106,Dearica Hamby,dearicahamby,F,Out,2,True,False,False,Knee,injury,Left,2026-09-20T22:13Z,2026-09-22,Hamby (knee) is out for Sunday's game against the Fire.
2026-09-21,2026,6,Los Angeles Sparks,LAS,4433404,Cameron Brink,cameronbrink,F,Out,2,True,False,False,Ankle,injury,Right,2026-09-20T22:06Z,2026-09-22,Brink (ankle) won't play Sunday against the Fire.
2026-09-21,2026,6,Los Angeles Sparks,LAS,4597509,Aaliyah Nye,aaliyahnye,G,Out,2,True,False,False,Ankle,injury,Left,2026-09-20T22:09Z,2026-09-22,Nye (ankle) has been ruled out for Sunday's meeting with the Fire.
2026-09-21,2026,8,Minnesota Lynx,MIN,5208984,Elena Buenavida,elenabuenavida,G,Out,2,True,False,False,Coach's Decision,non_injury,,2026-09-20T16:05Z,2026-09-22,Buenavida (coach's decision) is listed as out for Sunday's game against the Sun.
2026-09-21,2026,8,Minnesota Lynx,MIN,5278237,Anastasiia Olairi Kosu,anastasiiaolairikosu,F,Out,2,True,False,False,Foot,injury,Right,2026-09-19T21:10Z,2026-09-22,Kosu (foot) is listed as out for Sunday's game versus Connecticut.
2026-09-21,2026,9,New York Liberty,NYL,4281929,Satou Sabally,satousabally,F,Out for season,3,True,True,False,Concussion,injury,,2026-09-21T18:01Z,,out
2026-09-21,2026,9,New York Liberty,NYL,4398589,Elizabeth Balogun,elizabethbalogun,G,Out,2,True,False,False,Not Injury Related,non_injury,,2026-09-20T18:50Z,2026-09-21,Balogun (not with team) is listed as out for Sunday's game versus Toronto.
2026-09-21,2026,11,Phoenix Mercury,PHX,2998938,Kahleah Copper,kahleahcopper,G,Out,2,True,False,False,Groin,injury,Right,2026-09-21T00:13Z,2026-09-21,Copper (groin) is probable for Monday's meeting with the Wings.
2026-09-21,2026,11,Phoenix Mercury,PHX,3065570,Kelsey Plum,kelseyplum,G,Out for season,3,True,True,False,Lower Leg,injury,Left,2026-08-31T14:46Z,,"Plum (leg) will miss the remainder of the 2026 WNBA season, Alexa Philippou of ESPN.com reports."
2026-09-21,2026,11,Phoenix Mercury,PHX,3906769,Jovana Nogic,jovananogic,G,Out for season,3,True,True,False,Not Injury Related,non_injury,,2026-06-28T00:25Z,,"Nogic (not injury related) intends to play professionally in Russia and won't return to Phoenix this season, Aya Abdeen of TheIXSports.com reports."
2026-09-21,2026,11,Phoenix Mercury,PHX,4698730,Kara Dunn,karadunn,G,Day-to-day,1,False,False,True,Knee,injury,Right,2026-09-21T00:17Z,2026-09-21,Dunn is probable for Monday's game against the Wings due to a right knee injury.
2026-09-21,2026,14,Seattle Storm,SEA,3917453,Katie Lou Samuelson,katielousamuelson,F,Out for season,3,True,True,False,Knee,injury,Left,2026-09-11T18:10Z,,The Storm announced Friday that Samuelson underwent successful left knee surgery and will miss the remainder of the season.
2026-09-21,2026,14,Seattle Storm,SEA,4420318,Ezi Magbegor,ezimagbegor,F,Out for season,3,True,True,False,Lower Leg,injury,,2026-09-10T18:26Z,,out
2026-09-21,2026,14,Seattle Storm,SEA,4432832,Zia Cooke,ziacooke,G,Out,2,True,False,False,Knee,injury,Right,2026-09-20T18:24Z,2026-09-23,Cooke (knee) won't play Sunday in Las Vegas.
2026-09-21,2026,14,Seattle Storm,SEA,5106222,Taina Mair,tainamair,G,Out,2,True,False,False,Coach's Decision,non_injury,,2026-09-21T00:24Z,2026-09-23,Mair (coach's decision) is out for Sunday's game against the Aces.
2026-09-21,2026,16,Washington Mystics,WAS,4398911,Shakira Austin,shakiraaustin,C,Out,2,True,False,False,Knee,injury,Right,2026-09-21T14:59Z,2026-09-22,out
2026-09-21,2026,17,Las Vegas Aces,LVA,4398776,NaLyssa Smith,nalyssasmith,F,Out for season,3,True,True,False,Leg,injury,Left,2026-08-27T19:29Z,,"The Aces announced Thursday that Smith will be sidelined for the rest of the season after suffering a non-contact left leg injury during Sunday's game versus the Tempo, per Chelsea Leite of TSN."
2026-09-21,2026,18,Connecticut Sun,CON,2490553,Brittney Griner,brittneygriner,C,Out,2,True,False,False,Knee,injury,Left,2026-09-20T16:26Z,2026-09-22,Griner (knee) is listed as out for Sunday's game versus the Lynx.
2026-09-21,2026,18,Connecticut Sun,CON,3922628,Kennedy Burke,kennedyburke,G,Out for season,3,True,True,False,Shoulder,injury,,2026-09-14T19:53Z,,The Sun announced Monday that Burke suffered a sprained AC joint in the FIBA World Cup and will miss the rest of the season.
2026-09-21,2026,18,Connecticut Sun,CON,4398966,Olivia Nelson-Ododa,olivianelsonododa,C,Out,2,True,False,False,Knee,injury,Right,2026-09-19T20:47Z,2026-09-22,Nelson-Ododa (knee) has been ruled out for Sunday's game against the Lynx.
2026-09-21,2026,18,Connecticut Sun,CON,4433514,Saniya Rivers,saniyarivers,G,Out,2,True,False,False,Ankle,injury,Left,2026-09-20T23:17Z,2026-09-22,out
2026-09-21,2026,18,Connecticut Sun,CON,4433792,Rayah Marshall,rayahmarshall,C,Out,2,True,False,False,Coach's Decision,non_injury,,2026-09-20T16:30Z,2026-09-22,Marshall (coach's decision) is listed as out for Sunday's game against the Lynx.
2026-09-21,2026,19,Chicago Sky,CHI,2491205,Skylar Diggins,skylardiggins,G,Out for season,3,True,True,False,Knee,injury,Right,2026-09-01T14:17Z,,"Diggins (knee) will miss the remainder of the 2026 WNBA season, Sara Jane Gamelli of BallisLife.com reports."
2026-09-21,2026,19,Chicago Sky,CHI,2529137,Natasha Cloud,natashacloud,G,Out,2,True,False,False,Knee,injury,Left,2026-09-19T22:26Z,2026-09-22,Cloud (knee) is listed as out for Saturday's game versus Atlanta.
2026-09-21,2026,19,Chicago Sky,CHI,3142010,Azura Stevens,azurastevens,F,Out,2,True,False,False,Knee,injury,Right,2026-09-18T21:25Z,2026-09-22,Stevens (knee) has been ruled out for Saturday's game in Atlanta.
2026-09-21,2026,19,Chicago Sky,CHI,4066548,DiJonai Carrington,dijonaicarrington,G,Out,2,True,False,False,Foot,injury,Left,2026-09-18T21:23Z,2026-09-22,Carrington (foot) is out for Saturday's game against the Dream.
2026-09-21,2026,19,Chicago Sky,CHI,4433630,Rickea Jackson,rickeajackson,F,Out for season,3,True,True,False,Knee,injury,Left,2026-05-19T13:54Z,,The Sky announced Tuesday that Jackson will miss the remainder of the season after suffering a torn ACL in her left knee during Sunday's 86-79 win over the Lynx.
2026-09-21,2026,20,Atlanta Dream,ATL,3058895,Brionna Jones,brionnajones,F,Out for season,3,True,True,False,Leg,injury,Left,2026-09-17T16:08Z,,"Jones will miss the remainder of the season after sustaining a left leg injury against the Sun on Aug. 13, Annie Costabile of The Athletic reports."
2026-09-21,2026,129689,Golden State Valkyries,GSV,3142328,Gabby Williams,gabbywilliams,F,Out,2,True,False,False,Not Injury Related,non_injury,,2026-09-19T20:05Z,2026-09-22,Williams (reconditioning) has been ruled out for Saturday's game against Seattle.
2026-09-21,2026,129689,Golden State Valkyries,GSV,4257500,Cecilia Zandalasini,ceciliazandalasini,F,Out,2,True,False,False,Illness,injury,,2026-09-20T00:44Z,2026-09-22,Zandalasini (illness) is listed as out for Saturday's game versus Seattle.
2026-09-21,2026,129689,Golden State Valkyries,GSV,4790263,Iliana Rupert,ilianarupert,C,Out for season,3,True,True,False,Not Injury Related,non_injury,,2026-05-07T15:18Z,,"Rupert is pregnant, and the Valkyries have filed for a replacement contract ahead of the 2026 season, Alexa Philippou of ESPN.com reports Thursday."
2026-09-21,2026,129689,Golden State Valkyries,GSV,4790264,Janelle Salaun,janellesalaun,F,Out,2,True,False,False,Not Injury Related,non_injury,,2026-09-19T20:08Z,2026-09-22,Salaun (reconditioning) has been ruled out for Saturday's game against the Storm.
2026-09-21,2026,131935,Toronto Tempo,TOR,2988756,Brittney Sykes,brittneysykes,G,Out for season,3,True,True,False,Foot,injury,Left,2026-08-23T21:07Z,,"Sykes (foot) will miss the remainder of the 2026 season, Chelsea Leite of TSN reports."
2026-09-21,2026,131935,Toronto Tempo,TOR,3904576,Marina Mabrey,marinamabrey,G,Out for season,3,True,True,False,Hip,injury,Right,2026-09-16T16:07Z,,"Mabrey (hip) will miss the final four games of the 2026 season, Zulfi Sheikh of Sportsnet reports."
2026-09-21,2026,131935,Toronto Tempo,TOR,4684384,Aneesah Morrow,aneesahmorrow,F,Out for season,3,True,True,False,Knee,injury,,2026-08-23T21:12Z,,"Morrow (knee) will miss the rest of the 2026 season, Chelsea Leite of TSN reports."
2026-09-21,2026,131935,Toronto Tempo,TOR,4898548,Maria Gakdeng,mariagakdeng,F,Out,2,True,False,False,Coach's Decision,non_injury,,2026-09-20T18:53Z,2026-09-22,Gakdeng (coach's decision) is listed as out for Sunday's game against New York.
2026-09-21,2026,131935,Toronto Tempo,TOR,5017605,Kamila Borkowska,kamilaborkowska,C,Out,2,True,False,False,Coach's Decision,non_injury,,2026-09-20T18:50Z,2026-09-22,Borkowska (coach's decision) is out for Sunday's game versus the Liberty.
2026-09-21,2026,132052,Portland Fire,PDX,3906972,Bridget Carleton,bridgetcarleton,F,Out,2,True,False,False,Ankle,injury,Left,2026-09-20T22:21Z,2026-09-22,Carleton (ankle) is out for Sunday's game against the Sparks.
2026-09-21,2026,132052,Portland Fire,PDX,4433690,Holly Winterburn,hollywinterburn,G,Out,2,True,False,False,Back,injury,,2026-09-20T22:11Z,2026-09-22,Winterburn is out for Sunday's game against the Sparks due to lower back spasms.
2026-09-21,2026,132052,Portland Fire,PDX,4433795,Sania Feagin,saniafeagin,F,Out for season,3,True,True,False,Knee,injury,Left,2026-07-09T23:15Z,,"Feagin (knee) was diagnosed with a torn left ACL on Thursday and will miss the rest of the 2026 campaign, WNBA reporter Kareem Copeland reports."
2026-09-21,2026,132052,Portland Fire,PDX,4682797,Luisa Geiselsoder,luisageiselsoder,C,Out for season,3,True,True,False,Personal,non_injury,,2026-08-08T22:37Z,,"Geiselsoder (personal) won't return this season, according to Sean Highkin of RoseGardenReport.com."
2026-09-21,2026,132052,Portland Fire,PDX,4703794,Sarah Ashlee Barker,sarahashleebarker,G,Out for season,3,True,True,False,Knee,injury,Left,2026-07-24T15:18Z,,The Fire announced Friday that Barker will undergo surgery to repair a torn ACL and will miss the remainder of the 2026 campaign.
2026-09-21,2026,132052,Portland Fire,PDX,5346554,Teja Oblak,tejaoblak,G,Out,2,True,False,False,Knee,injury,Left,2026-09-19T23:48Z,2026-09-22,Oblak (knee) has been ruled out for Sunday's game against the Sparks.
2026-09-22,2026,3,Dallas Wings,DAL,924,Alysha Clark,alyshaclark,F,Out,2,True,False,False,Face,injury,,2026-09-22T03:08Z,2026-09-23,"Clark sustained a facial injury in the first half of Monday's game against the Mercury and will not return. She'll finish with four points (1-1 FG, 1-1 3Pt, 1-2 FT) and one block in three minutes."
2026-09-22,2026,3,Dallas Wings,DAL,3913881,Alanna Smith,alannasmith,F,Out,2,True,False,False,Lower Leg,injury,Left,2026-09-17T22:24Z,2026-09-27,"Smith (lower leg) has no timetable for a return, Myah Taylor of Dallas Morning News reports."
2026-09-22,2026,3,Dallas Wings,DAL,4433790,Azzi Fudd,azzifudd,G,Out for season,3,True,True,False,Knee,injury,Right,2026-08-19T20:10Z,,Fudd will undergo an arthroscopic procedure to address her right knee soreness and will be sidelined for the remainder of the 2026 season.
2026-09-22,2026,3,Dallas Wings,DAL,5345473,Costanza Verona,costanzaverona,G,Out,2,True,False,False,Personal,non_injury,,2026-08-08T19:59Z,2026-09-23,Verona's contract was temporarily suspended by the Wings Saturday.
2026-09-22,2026,5,Indiana Fever,IND,4433403,Caitlin Clark,caitlinclark,G,Day-to-day,1,False,False,True,Back,injury,,2026-09-21T21:07Z,2026-09-22,Clark (back) is listed as probable for Tuesday's game against the Lynx.
2026-09-22,2026,6,Los Angeles Sparks,LAS,2566106,Dearica Hamby,dearicahamby,F,Out,2,True,False,False,Knee,injury,Left,2026-09-22T00:15Z,2026-09-24,Hamby (knee) has been ruled out for Tuesday's game against the Aces.
2026-09-22,2026,6,Los Angeles Sparks,LAS,3146151,Ariel Atkins,arielatkins,G,Day-to-day,1,False,False,True,Illness,injury,,2026-09-22T00:12Z,2026-09-22,Atkins is probable to play Tuesday versus the Aces due to an illness.
2026-09-22,2026,6,Los Angeles Sparks,LAS,4433404,Cameron Brink,cameronbrink,F,Out,2,True,False,False,Ankle,injury,Right,2026-09-22T00:18Z,2026-09-24,Brink (ankle) won't play Tuesday in Las Vegas.
2026-09-22,2026,6,Los Angeles Sparks,LAS,4597509,Aaliyah Nye,aaliyahnye,G,Out,2,True,False,False,Ankle,injury,Left,2026-09-22T00:17Z,2026-09-24,Nye (ankle) has been ruled out for Tuesday's game against Las Vegas.
2026-09-22,2026,6,Los Angeles Sparks,LAS,5274110,Monique Akoa Makani,moniqueakoamakani,G,Day-to-day,1,False,False,True,Thigh,injury,Left,2026-09-22T01:04Z,2026-09-22,Akoa Makani (thigh) is listed as probable for Tuesday's game against the Aces.
2026-09-22,2026,8,Minnesota Lynx,MIN,4433791,Olivia Miles,oliviamiles,G,Day-to-day,1,False,False,True,Calf,injury,Left,2026-09-22T16:20Z,2026-09-22,"Miles (calf) participated in Tuesday's morning shootaround, Cassidy Hettessheimer of the Salt Lake Tribune reports."
2026-09-22,2026,8,Minnesota Lynx,MIN,5278237,Anastasiia Olairi Kosu,anastasiiaolairikosu,F,Out,2,True,False,False,Foot,injury,Right,2026-09-21T21:05Z,2026-09-24,Kosu (foot) is out for Tuesday's game against the Fever.
2026-09-22,2026,9,New York Liberty,NYL,4281929,Satou Sabally,satousabally,F,Out for season,3,True,True,False,Concussion,injury,,2026-09-22T17:17Z,,out
2026-09-22,2026,9,New York Liberty,NYL,4398589,Elizabeth Balogun,elizabethbalogun,G,Out,2,True,False,False,Not Injury Related,non_injury,,2026-09-21T21:08Z,2026-09-23,Balogun (not with team) is out for Monday against the Dream.
2026-09-22,2026,11,Phoenix Mercury,PHX,3065570,Kelsey Plum,kelseyplum,G,Out for season,3,True,True,False,Lower Leg,injury,Left,2026-08-31T14:46Z,,"Plum (leg) will miss the remainder of the 2026 WNBA season, Alexa Philippou of ESPN.com reports."
2026-09-22,2026,11,Phoenix Mercury,PHX,3906769,Jovana Nogic,jovananogic,G,Out for season,3,True,True,False,Not Injury Related,non_injury,,2026-06-28T00:25Z,,"Nogic (not injury related) intends to play professionally in Russia and won't return to Phoenix this season, Aya Abdeen of TheIXSports.com reports."
2026-09-22,2026,14,Seattle Storm,SEA,3917453,Katie Lou Samuelson,katielousamuelson,F,Out for season,3,True,True,False,Knee,injury,Left,2026-09-11T18:10Z,,The Storm announced Friday that Samuelson underwent successful left knee surgery and will miss the remainder of the season.
2026-09-22,2026,14,Seattle Storm,SEA,4420318,Ezi Magbegor,ezimagbegor,F,Out for season,3,True,True,False,Lower Leg,injury,,2026-09-10T18:26Z,,out
2026-09-22,2026,14,Seattle Storm,SEA,4432832,Zia Cooke,ziacooke,G,Out,2,True,False,False,Knee,injury,Right,2026-09-20T18:24Z,2026-09-23,Cooke (knee) won't play Sunday in Las Vegas.
2026-09-22,2026,14,Seattle Storm,SEA,5106222,Taina Mair,tainamair,G,Out,2,True,False,False,Coach's Decision,non_injury,,2026-09-21T00:24Z,2026-09-23,Mair (coach's decision) is out for Sunday's game against the Aces.
2026-09-22,2026,17,Las Vegas Aces,LVA,4398776,NaLyssa Smith,nalyssasmith,F,Out for season,3,True,True,False,Leg,injury,Left,2026-08-27T19:29Z,,"The Aces announced Thursday that Smith will be sidelined for the rest of the season after suffering a non-contact left leg injury during Sunday's game versus the Tempo, per Chelsea Leite of TSN."
2026-09-22,2026,18,Connecticut Sun,CON,2490553,Brittney Griner,brittneygriner,C,Out,2,True,False,False,Knee,injury,Left,2026-09-21T20:52Z,2026-09-24,Griner (knee) is out for Tuesday's game against the Mystics.
2026-09-22,2026,18,Connecticut Sun,CON,3922628,Kennedy Burke,kennedyburke,G,Out for season,3,True,True,False,Shoulder,injury,,2026-09-14T19:53Z,,The Sun announced Monday that Burke suffered a sprained AC joint in the FIBA World Cup and will miss the rest of the season.
2026-09-22,2026,18,Connecticut Sun,CON,4398966,Olivia Nelson-Ododa,olivianelsonododa,C,Out,2,True,False,False,Knee,injury,Right,2026-09-21T20:55Z,2026-09-24,Nelson-Ododa (knee) is out for Tuesday's game against the Mystics.
2026-09-22,2026,18,Connecticut Sun,CON,4433514,Saniya Rivers,saniyarivers,G,Out,2,True,False,False,Ankle,injury,Left,2026-09-21T20:56Z,2026-09-24,Rivers (ankle) is out for Tuesday's game against the Mystics.
2026-09-22,2026,19,Chicago Sky,CHI,2491205,Skylar Diggins,skylardiggins,G,Out for season,3,True,True,False,Knee,injury,Right,2026-09-01T14:17Z,,"Diggins (knee) will miss the remainder of the 2026 WNBA season, Sara Jane Gamelli of BallisLife.com reports."
2026-09-22,2026,19,Chicago Sky,CHI,2529137,Natasha Cloud,natashacloud,G,Out,2,True,False,False,Knee,injury,Left,2026-09-21T22:09Z,2026-09-24,Cloud (knee) has been ruled out for Tuesday's game against the Tempo.
2026-09-22,2026,19,Chicago Sky,CHI,3142010,Azura Stevens,azurastevens,F,Out,2,True,False,False,Knee,injury,Right,2026-09-21T22:07Z,2026-09-24,Stevens (knee) has been ruled out for Tuesday's game against Toronto.
2026-09-22,2026,19,Chicago Sky,CHI,4066548,DiJonai Carrington,dijonaicarrington,G,Out,2,True,False,False,Foot,injury,Left,2026-09-21T22:14Z,2026-09-24,Carrington (foot) will remain on the inactive list for Tuesday's game against the Tempo.
2026-09-22,2026,19,Chicago Sky,CHI,4433433,Aicha Coulibaly,aichacoulibaly,G,Day-to-day,1,False,False,True,Knee,injury,Right,2026-09-21T22:12Z,2026-09-22,Coulibaly (knee) is questionable for Tuesday's game versus Toronto.
2026-09-22,2026,19,Chicago Sky,CHI,4433630,Rickea Jackson,rickeajackson,F,Out for season,3,True,True,False,Knee,injury,Left,2026-05-19T13:54Z,,The Sky announced Tuesday that Jackson will miss the remainder of the season after suffering a torn ACL in her left knee during Sunday's 86-79 win over the Lynx.
2026-09-22,2026,20,Atlanta Dream,ATL,3058895,Brionna Jones,brionnajones,F,Out for season,3,True,True,False,Leg,injury,Left,2026-09-17T16:08Z,,"Jones will miss the remainder of the season after sustaining a left leg injury against the Sun on Aug. 13, Annie Costabile of The Athletic reports."
2026-09-22,2026,129689,Golden State Valkyries,GSV,4790263,Iliana Rupert,ilianarupert,C,Out for season,3,True,True,False,Not Injury Related,non_injury,,2026-05-07T15:18Z,,"Rupert is pregnant, and the Valkyries have filed for a replacement contract ahead of the 2026 season, Alexa Philippou of ESPN.com reports Thursday."
2026-09-22,2026,131935,Toronto Tempo,TOR,2569044,Temi Fagbenle,temifagbenle,C,Out,2,True,False,False,Personal,non_injury,,2026-09-22T17:17Z,2026-09-24,out
2026-09-22,2026,131935,Toronto Tempo,TOR,2988756,Brittney Sykes,brittneysykes,G,Out for season,3,True,True,False,Foot,injury,Left,2026-08-23T21:07Z,,"Sykes (foot) will miss the remainder of the 2026 season, Chelsea Leite of TSN reports."
2026-09-22,2026,131935,Toronto Tempo,TOR,3904576,Marina Mabrey,marinamabrey,G,Out for season,3,True,True,False,Hip,injury,Right,2026-09-16T16:07Z,,"Mabrey (hip) will miss the final four games of the 2026 season, Zulfi Sheikh of Sportsnet reports."
2026-09-22,2026,131935,Toronto Tempo,TOR,4684384,Aneesah Morrow,aneesahmorrow,F,Out for season,3,True,True,False,Knee,injury,,2026-08-23T21:12Z,,"Morrow (knee) will miss the rest of the 2026 season, Chelsea Leite of TSN reports."
2026-09-22,2026,132052,Portland Fire,PDX,3906972,Bridget Carleton,bridgetcarleton,F,Out,2,True,False,False,Ankle,injury,Left,2026-09-21T23:51Z,2026-09-22,Carleton (ankle) is listed as questionable for Tuesday's game against Golden State.
2026-09-22,2026,132052,Portland Fire,PDX,4433690,Holly Winterburn,hollywinterburn,G,Day-to-day,1,False,False,True,Back,injury,,2026-09-21T23:53Z,2026-09-22,Winterburn (back) is questionable for Tuesday's game versus the Valkyries.
2026-09-22,2026,132052,Portland Fire,PDX,4433795,Sania Feagin,saniafeagin,F,Out for season,3,True,True,False,Knee,injury,Left,2026-07-09T23:15Z,,"Feagin (knee) was diagnosed with a torn left ACL on Thursday and will miss the rest of the 2026 campaign, WNBA reporter Kareem Copeland reports."
2026-09-22,2026,132052,Portland Fire,PDX,4682797,Luisa Geiselsoder,luisageiselsoder,C,Out for season,3,True,True,False,Personal,non_injury,,2026-08-08T22:37Z,,"Geiselsoder (personal) won't return this season, according to Sean Highkin of RoseGardenReport.com."
2026-09-22,2026,132052,Portland Fire,PDX,4703794,Sarah Ashlee Barker,sarahashleebarker,G,Out for season,3,True,True,False,Knee,injury,Left,2026-07-24T15:18Z,,The Fire announced Friday that Barker will undergo surgery to repair a torn ACL and will miss the remainder of the 2026 campaign.
2026-09-22,2026,132052,Portland Fire,PDX,5108051,Jordan Harrison,jordanharrison,G,Day-to-day,1,False,False,True,Ankle,injury,Right,2026-09-21T23:50Z,2026-09-22,day-to-day
2026-09-22,2026,132052,Portland Fire,PDX,5346554,Teja Oblak,tejaoblak,G,Out,2,True,False,False,Knee,injury,Left,2026-09-21T23:56Z,,Oblak (knee) has been ruled out for Tuesday's game against the Valkyries.
2026-09-23,2026,3,Dallas Wings,DAL,924,Alysha Clark,alyshaclark,F,Out,2,True,False,False,Face,injury,,2026-09-22T23:50Z,2026-09-27,Clark (face) is listed as out for Wednesday's game versus the Storm.
2026-09-23,2026,3,Dallas Wings,DAL,3913881,Alanna Smith,alannasmith,F,Out,2,True,False,False,Lower Leg,injury,Left,2026-09-17T22:24Z,2026-09-27,"Smith (lower leg) has no timetable for a return, Myah Taylor of Dallas Morning News reports."
2026-09-23,2026,3,Dallas Wings,DAL,4433790,Azzi Fudd,azzifudd,G,Out for season,3,True,True,False,Knee,injury,Right,2026-08-19T20:10Z,,Fudd will undergo an arthroscopic procedure to address her right knee soreness and will be sidelined for the remainder of the 2026 season.
2026-09-23,2026,3,Dallas Wings,DAL,5345473,Costanza Verona,costanzaverona,G,Out,2,True,False,False,Personal,non_injury,,2026-08-08T19:59Z,,Verona's contract was temporarily suspended by the Wings Saturday.
2026-09-23,2026,6,Los Angeles Sparks,LAS,2566106,Dearica Hamby,dearicahamby,F,Out,2,True,False,False,Knee,injury,Left,2026-09-22T00:15Z,2026-09-24,Hamby (knee) has been ruled out for Tuesday's game against the Aces.
2026-09-23,2026,6,Los Angeles Sparks,LAS,4433404,Cameron Brink,cameronbrink,F,Out,2,True,False,False,Ankle,injury,Right,2026-09-22T00:18Z,2026-09-24,Brink (ankle) won't play Tuesday in Las Vegas.
2026-09-23,2026,6,Los Angeles Sparks,LAS,4433808,Shyanne Sellers,shyannesellers,G,Out,2,True,False,False,Coach's Decision,non_injury,,2026-09-23T00:53Z,2026-09-24,Sellers (coach's decision) has been ruled out for Tuesday's game against the Aces.
2026-09-23,2026,6,Los Angeles Sparks,LAS,4597509,Aaliyah Nye,aaliyahnye,G,Out,2,True,False,False,Ankle,injury,Left,2026-09-22T00:17Z,2026-09-24,Nye (ankle) has been ruled out for Tuesday's game against Las Vegas.
2026-09-23,2026,8,Minnesota Lynx,MIN,4433791,Olivia Miles,oliviamiles,G,Out,2,True,False,False,Calf,injury,Left,2026-09-22T22:36Z,2026-09-24,Miles (calf) is out for Tuesday's game against the Fever.
2026-09-23,2026,8,Minnesota Lynx,MIN,5208984,Elena Buenavida,elenabuenavida,G,Out,2,True,False,False,Coach's Decision,non_injury,,2026-09-22T22:52Z,2026-09-24,Buenavida (coach's decision) has been ruled out for Tuesday's game against the Fever.
2026-09-23,2026,8,Minnesota Lynx,MIN,5278237,Anastasiia Olairi Kosu,anastasiiaolairikosu,F,Out,2,True,False,False,Foot,injury,Right,2026-09-21T21:05Z,2026-09-24,Kosu (foot) is out for Tuesday's game against the Fever.
2026-09-23,2026,9,New York Liberty,NYL,2998928,Breanna Stewart,breannastewart,F,Day-to-day,1,False,False,True,Knee,injury,Left,2026-09-23T17:21Z,2026-09-23,Stewart is questionable for Wednesday's game against the Dream with left knee soreness.
2026-09-23,2026,9,New York Liberty,NYL,4281929,Satou Sabally,satousabally,F,Out for season,3,True,True,False,Concussion,injury,,2026-09-23T17:21Z,,out
2026-09-23,2026,9,New York Liberty,NYL,4398589,Elizabeth Balogun,elizabethbalogun,G,Out,2,True,False,False,Not Injury Related,non_injury,,2026-09-22T21:05Z,,Balogun (not with team) is out for Wednesday's game against the Dream.
2026-09-23,2026,11,Phoenix Mercury,PHX,3065570,Kelsey Plum,kelseyplum,G,Out for season,3,True,True,False,Lower Leg,injury,Left,2026-08-31T14:46Z,,"Plum (leg) will miss the remainder of the 2026 WNBA season, Alexa Philippou of ESPN.com reports."
2026-09-23,2026,11,Phoenix Mercury,PHX,3906769,Jovana Nogic,jovananogic,G,Out for season,3,True,True,False,Not Injury Related,non_injury,,2026-06-28T00:25Z,,"Nogic (not injury related) intends to play professionally in Russia and won't return to Phoenix this season, Aya Abdeen of TheIXSports.com reports."
2026-09-23,2026,14,Seattle Storm,SEA,3917453,Katie Lou Samuelson,katielousamuelson,F,Out for season,3,True,True,False,Knee,injury,Left,2026-09-11T18:10Z,,The Storm announced Friday that Samuelson underwent successful left knee surgery and will miss the remainder of the season.
2026-09-23,2026,14,Seattle Storm,SEA,4420318,Ezi Magbegor,ezimagbegor,F,Out for season,3,True,True,False,Lower Leg,injury,,2026-09-10T18:26Z,,out
2026-09-23,2026,14,Seattle Storm,SEA,4432832,Zia Cooke,ziacooke,G,Out,2,True,False,False,Knee,injury,Right,2026-09-23T00:06Z,,Cooke (knee) has been ruled out for Wednesday's game against Dallas.
2026-09-23,2026,17,Las Vegas Aces,LVA,4398776,NaLyssa Smith,nalyssasmith,F,Out for season,3,True,True,False,Leg,injury,Left,2026-08-27T19:29Z,,"The Aces announced Thursday that Smith will be sidelined for the rest of the season after suffering a non-contact left leg injury during Sunday's game versus the Tempo, per Chelsea Leite of TSN."
2026-09-23,2026,18,Connecticut Sun,CON,2490553,Brittney Griner,brittneygriner,C,Out,2,True,False,False,Knee,injury,Left,2026-09-21T20:52Z,2026-09-24,Griner (knee) is out for Tuesday's game against the Mystics.
2026-09-23,2026,18,Connecticut Sun,CON,3922628,Kennedy Burke,kennedyburke,G,Out for season,3,True,True,False,Shoulder,injury,,2026-09-14T19:53Z,,The Sun announced Monday that Burke suffered a sprained AC joint in the FIBA World Cup and will miss the rest of the season.
2026-09-23,2026,18,Connecticut Sun,CON,4398966,Olivia Nelson-Ododa,olivianelsonododa,C,Out,2,True,False,False,Knee,injury,Right,2026-09-21T20:55Z,2026-09-24,Nelson-Ododa (knee) is out for Tuesday's game against the Mystics.
2026-09-23,2026,18,Connecticut Sun,CON,4433412,Hailey Van Lith,haileyvanlith,G,Out,2,True,False,False,Coach's Decision,non_injury,,2026-09-22T22:43Z,2026-09-24,Van Lith (coach's decision) has been ruled out for Tuesday's game against the Mystics.
2026-09-23,2026,18,Connecticut Sun,CON,4433514,Saniya Rivers,saniyarivers,G,Out,2,True,False,False,Ankle,injury,Left,2026-09-21T20:56Z,2026-09-24,Rivers (ankle) is out for Tuesday's game against the Mystics.
2026-09-23,2026,19,Chicago Sky,CHI,2491205,Skylar Diggins,skylardiggins,G,Out for season,3,True,True,False,Knee,injury,Right,2026-09-01T14:17Z,,"Diggins (knee) will miss the remainder of the 2026 WNBA season, Sara Jane Gamelli of BallisLife.com reports."
2026-09-23,2026,19,Chicago Sky,CHI,2529137,Natasha Cloud,natashacloud,G,Out,2,True,False,False,Knee,injury,Left,2026-09-21T22:09Z,2026-09-24,Cloud (knee) has been ruled out for Tuesday's game against the Tempo.
2026-09-23,2026,19,Chicago Sky,CHI,3142010,Azura Stevens,azurastevens,F,Out,2,True,False,False,Knee,injury,Right,2026-09-21T22:07Z,2026-09-24,Stevens (knee) has been ruled out for Tuesday's game against Toronto.
2026-09-23,2026,19,Chicago Sky,CHI,4066548,DiJonai Carrington,dijonaicarrington,G,Out,2,True,False,False,Foot,injury,Left,2026-09-21T22:14Z,2026-09-24,Carrington (foot) will remain on the inactive list for Tuesday's game against the Tempo.
2026-09-23,2026,19,Chicago Sky,CHI,4433433,Aicha Coulibaly,aichacoulibaly,G,Out,2,True,False,False,Knee,injury,Right,2026-09-22T23:06Z,2026-09-24,Coulibaly (knee) is listed as out for Tuesday's game versus the Tempo.
2026-09-23,2026,19,Chicago Sky,CHI,4433630,Rickea Jackson,rickeajackson,F,Out for season,3,True,True,False,Knee,injury,Left,2026-05-19T13:54Z,,The Sky announced Tuesday that Jackson will miss the remainder of the season after suffering a torn ACL in her left knee during Sunday's 86-79 win over the Lynx.
2026-09-23,2026,20,Atlanta Dream,ATL,3058895,Brionna Jones,brionnajones,F,Out for season,3,True,True,False,Leg,injury,Left,2026-09-17T16:08Z,,"Jones will miss the remainder of the season after sustaining a left leg injury against the Sun on Aug. 13, Annie Costabile of The Athletic reports."
2026-09-23,2026,129689,Golden State Valkyries,GSV,4790263,Iliana Rupert,ilianarupert,C,Out for season,3,True,True,False,Not Injury Related,non_injury,,2026-05-07T15:18Z,,"Rupert is pregnant, and the Valkyries have filed for a replacement contract ahead of the 2026 season, Alexa Philippou of ESPN.com reports Thursday."
2026-09-23,2026,131935,Toronto Tempo,TOR,2569044,Temi Fagbenle,temifagbenle,C,Out,2,True,False,False,Personal,non_injury,,2026-09-22T17:17Z,2026-09-24,Fagbenle (personal) is out for Tuesday against the Sky.
2026-09-23,2026,131935,Toronto Tempo,TOR,2988756,Brittney Sykes,brittneysykes,G,Out for season,3,True,True,False,Foot,injury,Left,2026-08-23T21:07Z,,"Sykes (foot) will miss the remainder of the 2026 season, Chelsea Leite of TSN reports."
2026-09-23,2026,131935,Toronto Tempo,TOR,3904576,Marina Mabrey,marinamabrey,G,Out for season,3,True,True,False,Hip,injury,Right,2026-09-16T16:07Z,,"Mabrey (hip) will miss the final four games of the 2026 season, Zulfi Sheikh of Sportsnet reports."
2026-09-23,2026,131935,Toronto Tempo,TOR,4684384,Aneesah Morrow,aneesahmorrow,F,Out for season,3,True,True,False,Knee,injury,,2026-08-23T21:12Z,,"Morrow (knee) will miss the rest of the 2026 season, Chelsea Leite of TSN reports."
2026-09-23,2026,131935,Toronto Tempo,TOR,4898548,Maria Gakdeng,mariagakdeng,F,Out,2,True,False,False,Coach's Decision,non_injury,,2026-09-22T23:19Z,2026-09-24,Gakdeng (coach's decision) has been ruled out for Tuesday's game against the Sky.
2026-09-23,2026,131935,Toronto Tempo,TOR,5017605,Kamila Borkowska,kamilaborkowska,C,Out,2,True,False,False,Coach's Decision,non_injury,,2026-09-22T23:20Z,2026-09-24,Borkowska (coach's decision) is listed as out for Sunday's game against Chicago.
2026-09-23,2026,132052,Portland Fire,PDX,4433690,Holly Winterburn,hollywinterburn,G,Out,2,True,False,False,Back,injury,,2026-09-23T01:22Z,,Winterburn (back) has been ruled out for Tuesday's game against Golden State.
2026-09-23,2026,132052,Portland Fire,PDX,4433795,Sania Feagin,saniafeagin,F,Out for season,3,True,True,False,Knee,injury,Left,2026-07-09T23:15Z,,"Feagin (knee) was diagnosed with a torn left ACL on Thursday and will miss the rest of the 2026 campaign, WNBA reporter Kareem Copeland reports."
2026-09-23,2026,132052,Portland Fire,PDX,4682797,Luisa Geiselsoder,luisageiselsoder,C,Out for season,3,True,True,False,Personal,non_injury,,2026-08-08T22:37Z,,"Geiselsoder (personal) won't return this season, according to Sean Highkin of RoseGardenReport.com."
2026-09-23,2026,132052,Portland Fire,PDX,4703794,Sarah Ashlee Barker,sarahashleebarker,G,Out for season,3,True,True,False,Knee,injury,Left,2026-07-24T15:18Z,,The Fire announced Friday that Barker will undergo surgery to repair a torn ACL and will miss the remainder of the 2026 campaign.
2026-09-23,2026,132052,Portland Fire,PDX,5209202,Nyadiew Puoch,nyadiewpuoch,F,Out,2,True,False,False,Knee,injury,Left,2026-09-23T01:07Z,,Puoch (knee) is listed as out for Tuesday's game against Golden State.
2026-09-23,2026,132052,Portland Fire,PDX,5346554,Teja Oblak,tejaoblak,G,Out,2,True,False,False,Knee,injury,Left,2026-09-21T23:56Z,,Oblak (knee) has been ruled out for Tuesday's game against the Valkyries.
2026-09-24,2026,3,Dallas Wings,DAL,924,Alysha Clark,alyshaclark,F,Out,2,True,False,False,Face,injury,,2026-09-22T23:50Z,2026-09-27,Clark (face) is listed as out for Wednesday's game versus the Storm.
2026-09-24,2026,3,Dallas Wings,DAL,3913881,Alanna Smith,alannasmith,F,Out,2,True,False,False,Lower Leg,injury,Left,2026-09-17T22:24Z,2026-09-27,"Smith (lower leg) has no timetable for a return, Myah Taylor of Dallas Morning News reports."
2026-09-24,2026,3,Dallas Wings,DAL,4433790,Azzi Fudd,azzifudd,G,Out for season,3,True,True,False,Knee,injury,Right,2026-08-19T20:10Z,,Fudd will undergo an arthroscopic procedure to address her right knee soreness and will be sidelined for the remainder of the 2026 season.
2026-09-24,2026,3,Dallas Wings,DAL,5345473,Costanza Verona,costanzaverona,G,Out,2,True,False,False,Personal,non_injury,,2026-08-08T19:59Z,,Verona's contract was temporarily suspended by the Wings Saturday.
2026-09-24,2026,5,Indiana Fever,IND,4433403,Caitlin Clark,caitlinclark,G,Day-to-day,1,False,False,True,Back,injury,,2026-09-23T21:23Z,2026-09-24,Clark (back) is listed as probable for Thursday's game against the Lynx.
2026-09-24,2026,6,Los Angeles Sparks,LAS,2566106,Dearica Hamby,dearicahamby,F,Day-to-day,1,False,False,True,Knee,injury,Left,2026-09-24T00:09Z,2026-09-24,Hamby (knee) is listed as probable for Thursday's game versus Phoenix.
2026-09-24,2026,6,Los Angeles Sparks,LAS,4433404,Cameron Brink,cameronbrink,F,Out,2,True,False,False,Ankle,injury,Right,2026-09-24T00:25Z,,Brink (ankle) is listed as out for Thursday's game against Golden State.
2026-09-24,2026,6,Los Angeles Sparks,LAS,4597509,Aaliyah Nye,aaliyahnye,G,Out,2,True,False,False,Ankle,injury,Left,2026-09-24T00:13Z,,Nye (ankle) has been ruled out for Thursday's game against Golden State.
2026-09-24,2026,8,Minnesota Lynx,MIN,4433791,Olivia Miles,oliviamiles,G,Out,2,True,False,False,Calf,injury,Left,2026-09-23T21:14Z,2026-09-27,Miles (calf) is out for Thursday's game against the Fever.
2026-09-24,2026,8,Minnesota Lynx,MIN,5278237,Anastasiia Olairi Kosu,anastasiiaolairikosu,F,Out,2,True,False,False,Foot,injury,Right,2026-09-23T21:15Z,2026-09-27,Kosu (foot) has been ruled out for Thursday's game against Indiana.
2026-09-24,2026,9,New York Liberty,NYL,2998928,Breanna Stewart,breannastewart,F,Out,2,True,False,False,Knee,injury,Left,2026-09-23T22:07Z,2026-09-27,"Stewart won't play in Wednesday's game against the Dream due to left knee soreness, per Myles Ehrlich of Winsidr.com."
2026-09-24,2026,9,New York Liberty,NYL,2999101,Jonquel Jones,jonqueljones,C,Out,2,True,False,False,Ankle,injury,Left,2026-09-24T01:45Z,2026-09-27,"Jones (ankle) won't return to Wednesday's game against Atlanta, Annie Costabile of The Athletic reports. She finished with 10 points (3-7 FG, 1-4 3Pt, 3-4 FT), 14 rebounds, one assist and one block over 20 minutes."
2026-09-24,2026,9,New York Liberty,NYL,4281929,Satou Sabally,satousabally,F,Out for season,3,True,True,False,Concussion,injury,,2026-09-24T17:00Z,,out
2026-09-24,2026,9,New York Liberty,NYL,4398589,Elizabeth Balogun,elizabethbalogun,G,Out,2,True,False,False,Not Injury Related,non_injury,,2026-09-22T21:05Z,,Balogun (not with team) is out for Wednesday's game against the Dream.
2026-09-24,2026,11,Phoenix Mercury,PHX,3065570,Kelsey Plum,kelseyplum,G,Out for season,3,True,True,False,Lower Leg,injury,Left,2026-08-31T14:46Z,,"Plum (leg) will miss the remainder of the 2026 WNBA season, Alexa Philippou of ESPN.com reports."
2026-09-24,2026,11,Phoenix Mercury,PHX,3906769,Jovana Nogic,jovananogic,G,Out for season,3,True,True,False,Not Injury Related,non_injury,,2026-06-28T00:25Z,,"Nogic (not injury related) intends to play professionally in Russia and won't return to Phoenix this season, Aya Abdeen of TheIXSports.com reports."
2026-09-24,2026,14,Seattle Storm,SEA,3917453,Katie Lou Samuelson,katielousamuelson,F,Out for season,3,True,True,False,Knee,injury,Left,2026-09-11T18:10Z,,The Storm announced Friday that Samuelson underwent successful left knee surgery and will miss the remainder of the season.
2026-09-24,2026,14,Seattle Storm,SEA,4420318,Ezi Magbegor,ezimagbegor,F,Out for season,3,True,True,False,Lower Leg,injury,,2026-09-10T18:26Z,,out
2026-09-24,2026,14,Seattle Storm,SEA,4432832,Zia Cooke,ziacooke,G,Out,2,True,False,False,Knee,injury,Right,2026-09-23T00:06Z,,Cooke (knee) has been ruled out for Wednesday's game against Dallas.
2026-09-24,2026,14,Seattle Storm,SEA,5106222,Taina Mair,tainamair,G,Out,2,True,False,False,Coach's Decision,non_injury,,2026-09-24T01:19Z,,Mair (coach's decision) has been ruled out for Wednesday's game against the Wings.
2026-09-24,2026,17,Las Vegas Aces,LVA,4398776,NaLyssa Smith,nalyssasmith,F,Out for season,3,True,True,False,Leg,injury,Left,2026-08-27T19:29Z,,"The Aces announced Thursday that Smith will be sidelined for the rest of the season after suffering a non-contact left leg injury during Sunday's game versus the Tempo, per Chelsea Leite of TSN."
2026-09-24,2026,18,Connecticut Sun,CON,2490553,Brittney Griner,brittneygriner,C,Out,2,True,False,False,Knee,injury,Left,2026-09-23T20:49Z,,Griner (knee) is out for Thursday's game against the Tempo.
2026-09-24,2026,18,Connecticut Sun,CON,3922628,Kennedy Burke,kennedyburke,G,Out for season,3,True,True,False,Shoulder,injury,,2026-09-14T19:53Z,,The Sun announced Monday that Burke suffered a sprained AC joint in the FIBA World Cup and will miss the rest of the season.
2026-09-24,2026,18,Connecticut Sun,CON,4398966,Olivia Nelson-Ododa,olivianelsonododa,C,Out,2,True,False,False,Knee,injury,Right,2026-09-23T20:54Z,,Nelson-Ododa (knee) is out for Thursday's game against the Tempo.
2026-09-24,2026,18,Connecticut Sun,CON,4433514,Saniya Rivers,saniyarivers,G,Out,2,True,False,False,Ankle,injury,Left,2026-09-23T20:51Z,,Rivers (ankle) is out for Thursday's game against the Tempo.
2026-09-24,2026,19,Chicago Sky,CHI,2491205,Skylar Diggins,skylardiggins,G,Out for season,3,True,True,False,Knee,injury,Right,2026-09-01T14:17Z,,"Diggins (knee) will miss the remainder of the 2026 WNBA season, Sara Jane Gamelli of BallisLife.com reports."
2026-09-24,2026,19,Chicago Sky,CHI,2529137,Natasha Cloud,natashacloud,G,Out,2,True,False,False,Knee,injury,Left,2026-09-23T21:22Z,,Cloud (knee) is out for Thursday's game against the Mystics.
2026-09-24,2026,19,Chicago Sky,CHI,3142010,Azura Stevens,azurastevens,F,Out,2,True,False,False,Knee,injury,Right,2026-09-23T21:25Z,,Stevens (knee) is out for Thursday's game against the Mystics
2026-09-24,2026,19,Chicago Sky,CHI,4066548,DiJonai Carrington,dijonaicarrington,G,Out,2,True,False,False,Foot,injury,Left,2026-09-23T21:28Z,,Carrington (foot) has been ruled out for Thursday's game against the Mystics.
2026-09-24,2026,19,Chicago Sky,CHI,4433433,Aicha Coulibaly,aichacoulibaly,G,Out,2,True,False,False,Knee,injury,Right,2026-09-23T21:27Z,,Coulibaly (knee) is out for Thursday's game against the Mystics
2026-09-24,2026,19,Chicago Sky,CHI,4433630,Rickea Jackson,rickeajackson,F,Out for season,3,True,True,False,Knee,injury,Left,2026-05-19T13:54Z,,The Sky announced Tuesday that Jackson will miss the remainder of the season after suffering a torn ACL in her left knee during Sunday's 86-79 win over the Lynx.
2026-09-24,2026,20,Atlanta Dream,ATL,3058895,Brionna Jones,brionnajones,F,Out for season,3,True,True,False,Leg,injury,Left,2026-09-17T16:08Z,,"Jones will miss the remainder of the season after sustaining a left leg injury against the Sun on Aug. 13, Annie Costabile of The Athletic reports."
2026-09-24,2026,20,Atlanta Dream,ATL,4433402,Angel Reese,angelreese,F,Out,2,True,False,False,Face,injury,,2026-09-24T02:18Z,2026-09-27,"Reese sustained an apparent facial injury in the second quarter of Wednesday's 83-65 win over the Liberty and did not return during the second half, finishing with six points (2-7 FG, 0-1 3Pt, 2-2 FT), six rebounds, three assists and three steals across 17 minutes."
2026-09-24,2026,20,Atlanta Dream,ATL,5209602,Matilde Villa,matildevilla,G,Out,2,True,False,False,Coach's Decision,non_injury,,2026-09-23T22:50Z,,Villa (coach's decision) has been ruled out for Wednesday's game against New York.
2026-09-24,2026,129689,Golden State Valkyries,GSV,4790263,Iliana Rupert,ilianarupert,C,Out for season,3,True,True,False,Not Injury Related,non_injury,,2026-05-07T15:18Z,,"Rupert is pregnant, and the Valkyries have filed for a replacement contract ahead of the 2026 season, Alexa Philippou of ESPN.com reports Thursday."
2026-09-24,2026,131935,Toronto Tempo,TOR,2569044,Temi Fagbenle,temifagbenle,C,Out,2,True,False,False,Personal,non_injury,,2026-09-23T20:56Z,,Fagbenle (personal) is out for Thursday's game against the Sun.
2026-09-24,2026,131935,Toronto Tempo,TOR,2988756,Brittney Sykes,brittneysykes,G,Out for season,3,True,True,False,Foot,injury,Left,2026-08-23T21:07Z,,"Sykes (foot) will miss the remainder of the 2026 season, Chelsea Leite of TSN reports."
2026-09-24,2026,131935,Toronto Tempo,TOR,3904576,Marina Mabrey,marinamabrey,G,Out for season,3,True,True,False,Hip,injury,Right,2026-09-16T16:07Z,,"Mabrey (hip) will miss the final four games of the 2026 season, Zulfi Sheikh of Sportsnet reports."
2026-09-24,2026,131935,Toronto Tempo,TOR,3910470,Maria Conde,mariaconde,F,Day-to-day,1,False,False,True,Back,injury,,2026-09-23T20:58Z,2026-09-24,Conde (back) is questionable for Thursday's game against the Sun.
2026-09-24,2026,131935,Toronto Tempo,TOR,4684384,Aneesah Morrow,aneesahmorrow,F,Out for season,3,True,True,False,Knee,injury,,2026-08-23T21:12Z,,"Morrow (knee) will miss the rest of the 2026 season, Chelsea Leite of TSN reports."
2026-09-24,2026,132052,Portland Fire,PDX,4433690,Holly Winterburn,hollywinterburn,G,Out,2,True,False,False,Back,injury,,2026-09-23T01:22Z,,Winterburn (back) has been ruled out for Tuesday's game against Golden State.
2026-09-24,2026,132052,Portland Fire,PDX,4433795,Sania Feagin,saniafeagin,F,Out for season,3,True,True,False,Knee,injury,Left,2026-07-09T23:15Z,,"Feagin (knee) was diagnosed with a torn left ACL on Thursday and will miss the rest of the 2026 campaign, WNBA reporter Kareem Copeland reports."
2026-09-24,2026,132052,Portland Fire,PDX,4682797,Luisa Geiselsoder,luisageiselsoder,C,Out for season,3,True,True,False,Personal,non_injury,,2026-08-08T22:37Z,,"Geiselsoder (personal) won't return this season, according to Sean Highkin of RoseGardenReport.com."
2026-09-24,2026,132052,Portland Fire,PDX,4703794,Sarah Ashlee Barker,sarahashleebarker,G,Out for season,3,True,True,False,Knee,injury,Left,2026-07-24T15:18Z,,The Fire announced Friday that Barker will undergo surgery to repair a torn ACL and will miss the remainder of the 2026 campaign.
2026-09-24,2026,132052,Portland Fire,PDX,5209202,Nyadiew Puoch,nyadiewpuoch,F,Out,2,True,False,False,Knee,injury,Left,2026-09-23T01:07Z,,Puoch (knee) is listed as out for Tuesday's game against Golden State.
2026-09-24,2026,132052,Portland Fire,PDX,5346554,Teja Oblak,tejaoblak,G,Out,2,True,False,False,Knee,injury,Left,2026-09-21T23:56Z,,Oblak (knee) has been ruled out for Tuesday's game against the Valkyries.
2026-09-25,2026,3,Dallas Wings,DAL,924,Alysha Clark,alyshaclark,F,Out,2,True,False,False,Face,injury,,2026-09-22T23:50Z,2026-09-27,Clark (face) is listed as out for Wednesday's game versus the Storm.
2026-09-25,2026,3,Dallas Wings,DAL,3913881,Alanna Smith,alannasmith,F,Out,2,True,False,False,Lower Leg,injury,Left,2026-09-17T22:24Z,2026-09-27,"Smith (lower leg) has no timetable for a return, Myah Taylor of Dallas Morning News reports."
2026-09-25,2026,3,Dallas Wings,DAL,4433790,Azzi Fudd,azzifudd,G,Out for season,3,True,True,False,Knee,injury,Right,2026-08-19T20:10Z,,Fudd will undergo an arthroscopic procedure to address her right knee soreness and will be sidelined for the remainder of the 2026 season.
2026-09-25,2026,3,Dallas Wings,DAL,5345473,Costanza Verona,costanzaverona,G,Out,2,True,False,False,Personal,non_injury,,2026-08-08T19:59Z,,Verona's contract was temporarily suspended by the Wings Saturday.
2026-09-25,2026,5,Indiana Fever,IND,4065760,Tyasha Harris,tyashaharris,G,Out,2,True,False,False,Leg,injury,Left,2026-09-25T01:45Z,2026-09-27,out
2026-09-25,2026,5,Indiana Fever,IND,4432831,Aliyah Boston,aliyahboston,C,Out,2,True,False,False,Lower Leg,injury,Right,2026-09-25T02:30Z,2026-09-27,"Boston (lower leg) was removed from Thursday's game against the Lynx as a precaution, Tony East of The Next reports."
2026-09-25,2026,6,Los Angeles Sparks,LAS,4433404,Cameron Brink,cameronbrink,F,Out,2,True,False,False,Ankle,injury,Right,2026-09-24T00:25Z,,Brink (ankle) is listed as out for Thursday's game against Golden State.
2026-09-25,2026,6,Los Angeles Sparks,LAS,4433808,Shyanne Sellers,shyannesellers,G,Out,2,True,False,False,Coach's Decision,non_injury,,2026-09-25T01:08Z,,Sellers (coach's decision) is out for Thursday's game against the Valkyries.
2026-09-25,2026,6,Los Angeles Sparks,LAS,4597509,Aaliyah Nye,aaliyahnye,G,Out,2,True,False,False,Ankle,injury,Left,2026-09-24T00:13Z,,Nye (ankle) has been ruled out for Thursday's game against Golden State.
2026-09-25,2026,6,Los Angeles Sparks,LAS,5106170,Ndjakalenga Mwenentanda,ndjakalengamwenentanda,G,Out,2,True,False,False,Coach's Decision,non_injury,,2026-09-25T01:12Z,,Mwenentanda (coach's decision) has been ruled out for Thursday's game against Golden State.
2026-09-25,2026,8,Minnesota Lynx,MIN,4433791,Olivia Miles,oliviamiles,G,Out,2,True,False,False,Calf,injury,Left,2026-09-23T21:14Z,2026-09-27,Miles (calf) is out for Thursday's game against the Fever.
2026-09-25,2026,8,Minnesota Lynx,MIN,5208984,Elena Buenavida,elenabuenavida,G,Out,2,True,False,False,Coach's Decision,non_injury,,2026-09-24T23:30Z,2026-09-27,Buenavida (coach's decision) is out for Thursday's game against the Fever.
2026-09-25,2026,8,Minnesota Lynx,MIN,5278237,Anastasiia Olairi Kosu,anastasiiaolairikosu,F,Out,2,True,False,False,Foot,injury,Right,2026-09-23T21:15Z,2026-09-27,Kosu (foot) has been ruled out for Thursday's game against Indiana.
2026-09-25,2026,9,New York Liberty,NYL,2998928,Breanna Stewart,breannastewart,F,Out,2,True,False,False,Knee,injury,Left,2026-09-23T22:07Z,2026-09-27,"Stewart won't play in Wednesday's game against the Dream due to left knee soreness, per Myles Ehrlich of Winsidr.com."
2026-09-25,2026,9,New York Liberty,NYL,2999101,Jonquel Jones,jonqueljones,C,Out,2,True,False,False,Ankle,injury,Left,2026-09-24T01:45Z,2026-09-27,"Jones (ankle) won't return to Wednesday's game against Atlanta, Annie Costabile of The Athletic reports. She finished with 10 points (3-7 FG, 1-4 3Pt, 3-4 FT), 14 rebounds, one assist and one block over 20 minutes."
2026-09-25,2026,9,New York Liberty,NYL,4281929,Satou Sabally,satousabally,F,Out for season,3,True,True,False,Concussion,injury,,2026-09-25T17:01Z,,out
2026-09-25,2026,9,New York Liberty,NYL,4398589,Elizabeth Balogun,elizabethbalogun,G,Out,2,True,False,False,Not Injury Related,non_injury,,2026-09-22T21:05Z,,Balogun (not with team) is out for Wednesday's game against the Dream.
2026-09-25,2026,11,Phoenix Mercury,PHX,3065570,Kelsey Plum,kelseyplum,G,Out for season,3,True,True,False,Lower Leg,injury,Left,2026-08-31T14:46Z,,"Plum (leg) will miss the remainder of the 2026 WNBA season, Alexa Philippou of ESPN.com reports."
2026-09-25,2026,11,Phoenix Mercury,PHX,3906769,Jovana Nogic,jovananogic,G,Out for season,3,True,True,False,Not Injury Related,non_injury,,2026-06-28T00:25Z,,"Nogic (not injury related) intends to play professionally in Russia and won't return to Phoenix this season, Aya Abdeen of TheIXSports.com reports."
2026-09-25,2026,11,Phoenix Mercury,PHX,4698730,Kara Dunn,karadunn,G,Out,2,True,False,False,Coach's Decision,non_injury,,2026-09-25T01:38Z,,Dunn (coach's decision) is listed as out for Thursday's game against the Aces.
2026-09-25,2026,14,Seattle Storm,SEA,3917453,Katie Lou Samuelson,katielousamuelson,F,Out for season,3,True,True,False,Knee,injury,Left,2026-09-11T18:10Z,,The Storm announced Friday that Samuelson underwent successful left knee surgery and will miss the remainder of the season.
2026-09-25,2026,14,Seattle Storm,SEA,4420318,Ezi Magbegor,ezimagbegor,F,Out for season,3,True,True,False,Lower Leg,injury,,2026-09-10T18:26Z,,out
2026-09-25,2026,14,Seattle Storm,SEA,4432832,Zia Cooke,ziacooke,G,Out,2,True,False,False,Knee,injury,Right,2026-09-23T00:06Z,,Cooke (knee) has been ruled out for Wednesday's game against Dallas.
2026-09-25,2026,14,Seattle Storm,SEA,5106222,Taina Mair,tainamair,G,Out,2,True,False,False,Coach's Decision,non_injury,,2026-09-24T01:19Z,,Mair (coach's decision) has been ruled out for Wednesday's game against the Wings.
2026-09-25,2026,16,Washington Mystics,WAS,4398911,Shakira Austin,shakiraaustin,C,Out,2,True,False,False,Undisclosed,injury,Not Specified,2026-09-25T02:45Z,2026-09-27,out
2026-09-25,2026,17,Las Vegas Aces,LVA,4281190,Dana Evans,danaevans,G,Out,2,True,False,False,Knee,injury,,2026-09-24T19:38Z,2026-09-27,Evans (back) is out for Thursday's game against the Mercury.
2026-09-25,2026,17,Las Vegas Aces,LVA,4398776,NaLyssa Smith,nalyssasmith,F,Out for season,3,True,True,False,Leg,injury,Left,2026-08-27T19:29Z,,"The Aces announced Thursday that Smith will be sidelined for the rest of the season after suffering a non-contact left leg injury during Sunday's game versus the Tempo, per Chelsea Leite of TSN."
2026-09-25,2026,18,Connecticut Sun,CON,2490553,Brittney Griner,brittneygriner,C,Out,2,True,False,False,Knee,injury,Left,2026-09-23T20:49Z,,Griner (knee) is out for Thursday's game against the Tempo.
2026-09-25,2026,18,Connecticut Sun,CON,3922628,Kennedy Burke,kennedyburke,G,Out for season,3,True,True,False,Shoulder,injury,,2026-09-14T19:53Z,,The Sun announced Monday that Burke suffered a sprained AC joint in the FIBA World Cup and will miss the rest of the season.
2026-09-25,2026,18,Connecticut Sun,CON,4398966,Olivia Nelson-Ododa,olivianelsonododa,C,Out,2,True,False,False,Knee,injury,Right,2026-09-23T20:54Z,,Nelson-Ododa (knee) is out for Thursday's game against the Tempo.
2026-09-25,2026,18,Connecticut Sun,CON,4433514,Saniya Rivers,saniyarivers,G,Out,2,True,False,False,Ankle,injury,Left,2026-09-23T20:51Z,,Rivers (ankle) is out for Thursday's game against the Tempo.
2026-09-25,2026,18,Connecticut Sun,CON,4433792,Rayah Marshall,rayahmarshall,C,Out,2,True,False,False,Knee,injury,Right,2026-09-25T00:21Z,,Marshall has been ruled out for the remainder of Thursday's game against the Tempo due to a right knee injury.
2026-09-25,2026,19,Chicago Sky,CHI,2491205,Skylar Diggins,skylardiggins,G,Out for season,3,True,True,False,Knee,injury,Right,2026-09-01T14:17Z,,"Diggins (knee) will miss the remainder of the 2026 WNBA season, Sara Jane Gamelli of BallisLife.com reports."
2026-09-25,2026,19,Chicago Sky,CHI,2529137,Natasha Cloud,natashacloud,G,Out,2,True,False,False,Knee,injury,Left,2026-09-23T21:22Z,,Cloud (knee) is out for Thursday's game against the Mystics.
2026-09-25,2026,19,Chicago Sky,CHI,3142010,Azura Stevens,azurastevens,F,Out,2,True,False,False,Knee,injury,Right,2026-09-23T21:25Z,,Stevens (knee) is out for Thursday's game against the Mystics
2026-09-25,2026,19,Chicago Sky,CHI,4066548,DiJonai Carrington,dijonaicarrington,G,Out,2,True,False,False,Foot,injury,Left,2026-09-23T21:28Z,,Carrington (foot) has been ruled out for Thursday's game against the Mystics.
2026-09-25,2026,19,Chicago Sky,CHI,4433433,Aicha Coulibaly,aichacoulibaly,G,Out,2,True,False,False,Knee,injury,Right,2026-09-23T21:27Z,,Coulibaly (knee) is out for Thursday's game against the Mystics
2026-09-25,2026,19,Chicago Sky,CHI,4433630,Rickea Jackson,rickeajackson,F,Out for season,3,True,True,False,Knee,injury,Left,2026-05-19T13:54Z,,The Sky announced Tuesday that Jackson will miss the remainder of the season after suffering a torn ACL in her left knee during Sunday's 86-79 win over the Lynx.
2026-09-25,2026,20,Atlanta Dream,ATL,3058895,Brionna Jones,brionnajones,F,Out for season,3,True,True,False,Leg,injury,Left,2026-09-17T16:08Z,,"Jones will miss the remainder of the season after sustaining a left leg injury against the Sun on Aug. 13, Annie Costabile of The Athletic reports."
2026-09-25,2026,20,Atlanta Dream,ATL,4433402,Angel Reese,angelreese,F,Out,2,True,False,False,Face,injury,,2026-09-24T02:18Z,2026-09-27,"Reese sustained an apparent facial injury in the second quarter of Wednesday's 83-65 win over the Liberty and did not return during the second half, finishing with six points (2-7 FG, 0-1 3Pt, 2-2 FT), six rebounds, three assists and three steals across 17 minutes."
2026-09-25,2026,20,Atlanta Dream,ATL,5209602,Matilde Villa,matildevilla,G,Out,2,True,False,False,Coach's Decision,non_injury,,2026-09-23T22:50Z,,Villa (coach's decision) has been ruled out for Wednesday's game against New York.
2026-09-25,2026,129689,Golden State Valkyries,GSV,4790263,Iliana Rupert,ilianarupert,C,Out for season,3,True,True,False,Not Injury Related,non_injury,,2026-05-07T15:18Z,,"Rupert is pregnant, and the Valkyries have filed for a replacement contract ahead of the 2026 season, Alexa Philippou of ESPN.com reports Thursday."
2026-09-25,2026,131935,Toronto Tempo,TOR,2569044,Temi Fagbenle,temifagbenle,C,Out,2,True,False,False,Personal,non_injury,,2026-09-23T20:56Z,,Fagbenle (personal) is out for Thursday's game against the Sun.
2026-09-25,2026,131935,Toronto Tempo,TOR,2988756,Brittney Sykes,brittneysykes,G,Out for season,3,True,True,False,Foot,injury,Left,2026-08-23T21:07Z,,"Sykes (foot) will miss the remainder of the 2026 season, Chelsea Leite of TSN reports."
2026-09-25,2026,131935,Toronto Tempo,TOR,3904576,Marina Mabrey,marinamabrey,G,Out for season,3,True,True,False,Hip,injury,Right,2026-09-16T16:07Z,,"Mabrey (hip) will miss the final four games of the 2026 season, Zulfi Sheikh of Sportsnet reports."
2026-09-25,2026,131935,Toronto Tempo,TOR,3910470,Maria Conde,mariaconde,F,Out,2,True,False,False,Back,injury,,2026-09-24T18:24Z,,Conde (back) is out for Thursday's game against the Sun.
2026-09-25,2026,131935,Toronto Tempo,TOR,4684384,Aneesah Morrow,aneesahmorrow,F,Out for season,3,True,True,False,Knee,injury,,2026-08-23T21:12Z,,"Morrow (knee) will miss the rest of the 2026 season, Chelsea Leite of TSN reports."
2026-09-25,2026,131935,Toronto Tempo,TOR,4898548,Maria Gakdeng,mariagakdeng,F,Out,2,True,False,False,Coach's Decision,non_injury,,2026-09-24T22:33Z,,Gakdeng is out for Thursday's game against the Sun as a coach's decision.
2026-09-25,2026,131935,Toronto Tempo,TOR,5017605,Kamila Borkowska,kamilaborkowska,C,Out,2,True,False,False,Coach's Decision,non_injury,,2026-09-24T22:34Z,,Borkowska (coach's decision) is out for Thursday's game against the Sun.
2026-09-25,2026,132052,Portland Fire,PDX,4433690,Holly Winterburn,hollywinterburn,G,Out,2,True,False,False,Back,injury,,2026-09-23T01:22Z,,Winterburn (back) has been ruled out for Tuesday's game against Golden State.
2026-09-25,2026,132052,Portland Fire,PDX,4433795,Sania Feagin,saniafeagin,F,Out for season,3,True,True,False,Knee,injury,Left,2026-07-09T23:15Z,,"Feagin (knee) was diagnosed with a torn left ACL on Thursday and will miss the rest of the 2026 campaign, WNBA reporter Kareem Copeland reports."
2026-09-25,2026,132052,Portland Fire,PDX,4682797,Luisa Geiselsoder,luisageiselsoder,C,Out for season,3,True,True,False,Personal,non_injury,,2026-08-08T22:37Z,,"Geiselsoder (personal) won't return this season, according to Sean Highkin of RoseGardenReport.com."
2026-09-25,2026,132052,Portland Fire,PDX,4703794,Sarah Ashlee Barker,sarahashleebarker,G,Out for season,3,True,True,False,Knee,injury,Left,2026-07-24T15:18Z,,The Fire announced Friday that Barker will undergo surgery to repair a torn ACL and will miss the remainder of the 2026 campaign.
2026-09-25,2026,132052,Portland Fire,PDX,5209202,Nyadiew Puoch,nyadiewpuoch,F,Out,2,True,False,False,Knee,injury,Left,2026-09-23T01:07Z,,Puoch (knee) is listed as out for Tuesday's game against Golden State.
2026-09-25,2026,132052,Portland Fire,PDX,5346554,Teja Oblak,tejaoblak,G,Out,2,True,False,False,Knee,injury,Left,2026-09-21T23:56Z,,Oblak (knee) has been ruled out for Tuesday's game against the Valkyries.
2026-09-26,2026,3,Dallas Wings,DAL,924,Alysha Clark,alyshaclark,F,Out,2,True,False,False,Face,injury,,2026-09-22T23:50Z,2026-09-27,Clark (face) is listed as out for Wednesday's game versus the Storm.
2026-09-26,2026,3,Dallas Wings,DAL,3913881,Alanna Smith,alannasmith,F,Out,2,True,False,False,Lower Leg,injury,Left,2026-09-17T22:24Z,2026-09-27,"Smith (lower leg) has no timetable for a return, Myah Taylor of Dallas Morning News reports."
2026-09-26,2026,3,Dallas Wings,DAL,4433790,Azzi Fudd,azzifudd,G,Out for season,3,True,True,False,Knee,injury,Right,2026-08-19T20:10Z,,Fudd will undergo an arthroscopic procedure to address her right knee soreness and will be sidelined for the remainder of the 2026 season.
2026-09-26,2026,3,Dallas Wings,DAL,5345473,Costanza Verona,costanzaverona,G,Out,2,True,False,False,Personal,non_injury,,2026-08-08T19:59Z,,Verona's contract was temporarily suspended by the Wings Saturday.
2026-09-26,2026,5,Indiana Fever,IND,4065760,Tyasha Harris,tyashaharris,G,Out,2,True,False,False,Leg,injury,Left,2026-09-25T01:45Z,2026-09-27,out
2026-09-26,2026,5,Indiana Fever,IND,4432831,Aliyah Boston,aliyahboston,C,Out,2,True,False,False,Lower Leg,injury,Right,2026-09-25T02:30Z,2026-09-27,"Boston (lower leg) was removed from Thursday's game against the Lynx as a precaution, Tony East of The Next reports."
2026-09-26,2026,6,Los Angeles Sparks,LAS,4433404,Cameron Brink,cameronbrink,F,Out,2,True,False,False,Ankle,injury,Right,2026-09-24T00:25Z,,Brink (ankle) is listed as out for Thursday's game against Golden State.
2026-09-26,2026,6,Los Angeles Sparks,LAS,4433808,Shyanne Sellers,shyannesellers,G,Out,2,True,False,False,Coach's Decision,non_injury,,2026-09-25T01:08Z,,Sellers (coach's decision) is out for Thursday's game against the Valkyries.
2026-09-26,2026,6,Los Angeles Sparks,LAS,4597509,Aaliyah Nye,aaliyahnye,G,Out,2,True,False,False,Ankle,injury,Left,2026-09-24T00:13Z,,Nye (ankle) has been ruled out for Thursday's game against Golden State.
2026-09-26,2026,6,Los Angeles Sparks,LAS,5106170,Ndjakalenga Mwenentanda,ndjakalengamwenentanda,G,Out,2,True,False,False,Coach's Decision,non_injury,,2026-09-25T01:12Z,,Mwenentanda (coach's decision) has been ruled out for Thursday's game against Golden State.
2026-09-26,2026,8,Minnesota Lynx,MIN,4433791,Olivia Miles,oliviamiles,G,Out,2,True,False,False,Calf,injury,Left,2026-09-23T21:14Z,2026-09-27,Miles (calf) is out for Thursday's game against the Fever.
2026-09-26,2026,8,Minnesota Lynx,MIN,5208984,Elena Buenavida,elenabuenavida,G,Out,2,True,False,False,Coach's Decision,non_injury,,2026-09-24T23:30Z,2026-09-27,Buenavida (coach's decision) is out for Thursday's game against the Fever.
2026-09-26,2026,8,Minnesota Lynx,MIN,5278237,Anastasiia Olairi Kosu,anastasiiaolairikosu,F,Out,2,True,False,False,Foot,injury,Right,2026-09-23T21:15Z,2026-09-27,Kosu (foot) has been ruled out for Thursday's game against Indiana.
2026-09-26,2026,9,New York Liberty,NYL,2998928,Breanna Stewart,breannastewart,F,Out,2,True,False,False,Knee,injury,Left,2026-09-23T22:07Z,2026-09-27,"Stewart won't play in Wednesday's game against the Dream due to left knee soreness, per Myles Ehrlich of Winsidr.com."
2026-09-26,2026,9,New York Liberty,NYL,2999101,Jonquel Jones,jonqueljones,C,Out,2,True,False,False,Ankle,injury,Left,2026-09-24T01:45Z,2026-09-27,"Jones (ankle) won't return to Wednesday's game against Atlanta, Annie Costabile of The Athletic reports. She finished with 10 points (3-7 FG, 1-4 3Pt, 3-4 FT), 14 rebounds, one assist and one block over 20 minutes."
2026-09-26,2026,9,New York Liberty,NYL,4281929,Satou Sabally,satousabally,F,Out for season,3,True,True,False,Concussion,injury,,2026-09-26T16:00Z,,out
2026-09-26,2026,9,New York Liberty,NYL,4398589,Elizabeth Balogun,elizabethbalogun,G,Out,2,True,False,False,Not Injury Related,non_injury,,2026-09-22T21:05Z,,Balogun (not with team) is out for Wednesday's game against the Dream.
2026-09-26,2026,11,Phoenix Mercury,PHX,3065570,Kelsey Plum,kelseyplum,G,Out for season,3,True,True,False,Lower Leg,injury,Left,2026-08-31T14:46Z,,"Plum (leg) will miss the remainder of the 2026 WNBA season, Alexa Philippou of ESPN.com reports."
2026-09-26,2026,11,Phoenix Mercury,PHX,3906769,Jovana Nogic,jovananogic,G,Out for season,3,True,True,False,Not Injury Related,non_injury,,2026-06-28T00:25Z,,"Nogic (not injury related) intends to play professionally in Russia and won't return to Phoenix this season, Aya Abdeen of TheIXSports.com reports."
2026-09-26,2026,11,Phoenix Mercury,PHX,4698730,Kara Dunn,karadunn,G,Out,2,True,False,False,Coach's Decision,non_injury,,2026-09-25T01:38Z,,Dunn (coach's decision) is listed as out for Thursday's game against the Aces.
2026-09-26,2026,14,Seattle Storm,SEA,3917453,Katie Lou Samuelson,katielousamuelson,F,Out for season,3,True,True,False,Knee,injury,Left,2026-09-11T18:10Z,,The Storm announced Friday that Samuelson underwent successful left knee surgery and will miss the remainder of the season.
2026-09-26,2026,14,Seattle Storm,SEA,4420318,Ezi Magbegor,ezimagbegor,F,Out for season,3,True,True,False,Lower Leg,injury,,2026-09-10T18:26Z,,out
2026-09-26,2026,14,Seattle Storm,SEA,4432832,Zia Cooke,ziacooke,G,Out,2,True,False,False,Knee,injury,Right,2026-09-23T00:06Z,,Cooke (knee) has been ruled out for Wednesday's game against Dallas.
2026-09-26,2026,14,Seattle Storm,SEA,5106222,Taina Mair,tainamair,G,Out,2,True,False,False,Coach's Decision,non_injury,,2026-09-24T01:19Z,,Mair (coach's decision) has been ruled out for Wednesday's game against the Wings.
2026-09-26,2026,16,Washington Mystics,WAS,4398911,Shakira Austin,shakiraaustin,C,Out,2,True,False,False,Undisclosed,injury,Not Specified,2026-09-25T02:45Z,2026-09-27,out
2026-09-26,2026,17,Las Vegas Aces,LVA,4281190,Dana Evans,danaevans,G,Out,2,True,False,False,Knee,injury,,2026-09-24T19:38Z,2026-09-27,Evans (back) is out for Thursday's game against the Mercury.
2026-09-26,2026,17,Las Vegas Aces,LVA,4398776,NaLyssa Smith,nalyssasmith,F,Out for season,3,True,True,False,Leg,injury,Left,2026-08-27T19:29Z,,"The Aces announced Thursday that Smith will be sidelined for the rest of the season after suffering a non-contact left leg injury during Sunday's game versus the Tempo, per Chelsea Leite of TSN."
2026-09-26,2026,18,Connecticut Sun,CON,2490553,Brittney Griner,brittneygriner,C,Out,2,True,False,False,Knee,injury,Left,2026-09-23T20:49Z,,Griner (knee) is out for Thursday's game against the Tempo.
2026-09-26,2026,18,Connecticut Sun,CON,3922628,Kennedy Burke,kennedyburke,G,Out for season,3,True,True,False,Shoulder,injury,,2026-09-14T19:53Z,,The Sun announced Monday that Burke suffered a sprained AC joint in the FIBA World Cup and will miss the rest of the season.
2026-09-26,2026,18,Connecticut Sun,CON,4398966,Olivia Nelson-Ododa,olivianelsonododa,C,Out,2,True,False,False,Knee,injury,Right,2026-09-23T20:54Z,,Nelson-Ododa (knee) is out for Thursday's game against the Tempo.
2026-09-26,2026,18,Connecticut Sun,CON,4433514,Saniya Rivers,saniyarivers,G,Out,2,True,False,False,Ankle,injury,Left,2026-09-23T20:51Z,,Rivers (ankle) is out for Thursday's game against the Tempo.
2026-09-26,2026,18,Connecticut Sun,CON,4433792,Rayah Marshall,rayahmarshall,C,Out,2,True,False,False,Knee,injury,Right,2026-09-25T00:21Z,,Marshall has been ruled out for the remainder of Thursday's game against the Tempo due to a right knee injury.
2026-09-26,2026,19,Chicago Sky,CHI,2491205,Skylar Diggins,skylardiggins,G,Out for season,3,True,True,False,Knee,injury,Right,2026-09-01T14:17Z,,"Diggins (knee) will miss the remainder of the 2026 WNBA season, Sara Jane Gamelli of BallisLife.com reports."
2026-09-26,2026,19,Chicago Sky,CHI,2529137,Natasha Cloud,natashacloud,G,Out,2,True,False,False,Knee,injury,Left,2026-09-23T21:22Z,,Cloud (knee) is out for Thursday's game against the Mystics.
2026-09-26,2026,19,Chicago Sky,CHI,3142010,Azura Stevens,azurastevens,F,Out,2,True,False,False,Knee,injury,Right,2026-09-23T21:25Z,,Stevens (knee) is out for Thursday's game against the Mystics
2026-09-26,2026,19,Chicago Sky,CHI,4066548,DiJonai Carrington,dijonaicarrington,G,Out,2,True,False,False,Foot,injury,Left,2026-09-23T21:28Z,,Carrington (foot) has been ruled out for Thursday's game against the Mystics.
2026-09-26,2026,19,Chicago Sky,CHI,4433433,Aicha Coulibaly,aichacoulibaly,G,Out,2,True,False,False,Knee,injury,Right,2026-09-23T21:27Z,,Coulibaly (knee) is out for Thursday's game against the Mystics
2026-09-26,2026,19,Chicago Sky,CHI,4433630,Rickea Jackson,rickeajackson,F,Out for season,3,True,True,False,Knee,injury,Left,2026-05-19T13:54Z,,The Sky announced Tuesday that Jackson will miss the remainder of the season after suffering a torn ACL in her left knee during Sunday's 86-79 win over the Lynx.
2026-09-26,2026,20,Atlanta Dream,ATL,3058895,Brionna Jones,brionnajones,F,Out for season,3,True,True,False,Leg,injury,Left,2026-09-17T16:08Z,,"Jones will miss the remainder of the season after sustaining a left leg injury against the Sun on Aug. 13, Annie Costabile of The Athletic reports."
2026-09-26,2026,20,Atlanta Dream,ATL,4433402,Angel Reese,angelreese,F,Out,2,True,False,False,Face,injury,,2026-09-24T02:18Z,2026-09-27,"Reese sustained an apparent facial injury in the second quarter of Wednesday's 83-65 win over the Liberty and did not return during the second half, finishing with six points (2-7 FG, 0-1 3Pt, 2-2 FT), six rebounds, three assists and three steals across 17 minutes."
2026-09-26,2026,20,Atlanta Dream,ATL,5209602,Matilde Villa,matildevilla,G,Out,2,True,False,False,Coach's Decision,non_injury,,2026-09-23T22:50Z,,Villa (coach's decision) has been ruled out for Wednesday's game against New York.
2026-09-26,2026,129689,Golden State Valkyries,GSV,4790263,Iliana Rupert,ilianarupert,C,Out for season,3,True,True,False,Not Injury Related,non_injury,,2026-05-07T15:18Z,,"Rupert is pregnant, and the Valkyries have filed for a replacement contract ahead of the 2026 season, Alexa Philippou of ESPN.com reports Thursday."
2026-09-26,2026,131935,Toronto Tempo,TOR,2569044,Temi Fagbenle,temifagbenle,C,Out,2,True,False,False,Personal,non_injury,,2026-09-23T20:56Z,,Fagbenle (personal) is out for Thursday's game against the Sun.
2026-09-26,2026,131935,Toronto Tempo,TOR,2988756,Brittney Sykes,brittneysykes,G,Out for season,3,True,True,False,Foot,injury,Left,2026-08-23T21:07Z,,"Sykes (foot) will miss the remainder of the 2026 season, Chelsea Leite of TSN reports."
2026-09-26,2026,131935,Toronto Tempo,TOR,3904576,Marina Mabrey,marinamabrey,G,Out for season,3,True,True,False,Hip,injury,Right,2026-09-16T16:07Z,,"Mabrey (hip) will miss the final four games of the 2026 season, Zulfi Sheikh of Sportsnet reports."
2026-09-26,2026,131935,Toronto Tempo,TOR,3910470,Maria Conde,mariaconde,F,Out,2,True,False,False,Back,injury,,2026-09-24T18:24Z,,Conde (back) is out for Thursday's game against the Sun.
2026-09-26,2026,131935,Toronto Tempo,TOR,4684384,Aneesah Morrow,aneesahmorrow,F,Out for season,3,True,True,False,Knee,injury,,2026-08-23T21:12Z,,"Morrow (knee) will miss the rest of the 2026 season, Chelsea Leite of TSN reports."
2026-09-26,2026,131935,Toronto Tempo,TOR,4898548,Maria Gakdeng,mariagakdeng,F,Out,2,True,False,False,Coach's Decision,non_injury,,2026-09-24T22:33Z,,Gakdeng is out for Thursday's game against the Sun as a coach's decision.
2026-09-26,2026,131935,Toronto Tempo,TOR,5017605,Kamila Borkowska,kamilaborkowska,C,Out,2,True,False,False,Coach's Decision,non_injury,,2026-09-24T22:34Z,,Borkowska (coach's decision) is out for Thursday's game against the Sun.
2026-09-26,2026,132052,Portland Fire,PDX,4433690,Holly Winterburn,hollywinterburn,G,Out,2,True,False,False,Back,injury,,2026-09-23T01:22Z,,Winterburn (back) has been ruled out for Tuesday's game against Golden State.
2026-09-26,2026,132052,Portland Fire,PDX,4433795,Sania Feagin,saniafeagin,F,Out for season,3,True,True,False,Knee,injury,Left,2026-07-09T23:15Z,,"Feagin (knee) was diagnosed with a torn left ACL on Thursday and will miss the rest of the 2026 campaign, WNBA reporter Kareem Copeland reports."
2026-09-26,2026,132052,Portland Fire,PDX,4682797,Luisa Geiselsoder,luisageiselsoder,C,Out for season,3,True,True,False,Personal,non_injury,,2026-08-08T22:37Z,,"Geiselsoder (personal) won't return this season, according to Sean Highkin of RoseGardenReport.com."
2026-09-26,2026,132052,Portland Fire,PDX,4703794,Sarah Ashlee Barker,sarahashleebarker,G,Out for season,3,True,True,False,Knee,injury,Left,2026-07-24T15:18Z,,The Fire announced Friday that Barker will undergo surgery to repair a torn ACL and will miss the remainder of the 2026 campaign.
2026-09-26,2026,132052,Portland Fire,PDX,5209202,Nyadiew Puoch,nyadiewpuoch,F,Out,2,True,False,False,Knee,injury,Left,2026-09-23T01:07Z,,Puoch (knee) is listed as out for Tuesday's game against Golden State.
2026-09-26,2026,132052,Portland Fire,PDX,5346554,Teja Oblak,tejaoblak,G,Out,2,True,False,False,Knee,injury,Left,2026-09-21T23:56Z,,Oblak (knee) has been ruled out for Tuesday's game against the Valkyries.
